"country","year","age","age_num","mx","is_projected","projection_method"
"DE",1990,"0",0,0.00712,FALSE,"observed"
"DE",1990,"1",1,0.00065,FALSE,"observed"
"DE",1990,"2",2,0.00041,FALSE,"observed"
"DE",1990,"3",3,0.00037,FALSE,"observed"
"DE",1990,"4",4,0.00026,FALSE,"observed"
"DE",1990,"5",5,0.00025,FALSE,"observed"
"DE",1990,"6",6,0.00022,FALSE,"observed"
"DE",1990,"7",7,0.00024,FALSE,"observed"
"DE",1990,"8",8,0.00022,FALSE,"observed"
"DE",1990,"9",9,0.00016,FALSE,"observed"
"DE",1990,"10",10,0.00018,FALSE,"observed"
"DE",1990,"11",11,0.00019,FALSE,"observed"
"DE",1990,"12",12,0.00016,FALSE,"observed"
"DE",1990,"13",13,0.00022,FALSE,"observed"
"DE",1990,"14",14,0.00029,FALSE,"observed"
"DE",1990,"15",15,0.00032,FALSE,"observed"
"DE",1990,"16",16,0.00042,FALSE,"observed"
"DE",1990,"17",17,5e-04,FALSE,"observed"
"DE",1990,"18",18,0.00076,FALSE,"observed"
"DE",1990,"19",19,0.00078,FALSE,"observed"
"DE",1990,"20",20,0.00077,FALSE,"observed"
"DE",1990,"21",21,8e-04,FALSE,"observed"
"DE",1990,"22",22,0.00076,FALSE,"observed"
"DE",1990,"23",23,0.00077,FALSE,"observed"
"DE",1990,"24",24,7e-04,FALSE,"observed"
"DE",1990,"25",25,0.00078,FALSE,"observed"
"DE",1990,"26",26,0.00074,FALSE,"observed"
"DE",1990,"27",27,0.00076,FALSE,"observed"
"DE",1990,"28",28,0.00078,FALSE,"observed"
"DE",1990,"29",29,0.00091,FALSE,"observed"
"DE",1990,"30",30,0.00096,FALSE,"observed"
"DE",1990,"31",31,0.00094,FALSE,"observed"
"DE",1990,"32",32,0.00105,FALSE,"observed"
"DE",1990,"33",33,0.00115,FALSE,"observed"
"DE",1990,"34",34,0.00123,FALSE,"observed"
"DE",1990,"35",35,0.00133,FALSE,"observed"
"DE",1990,"36",36,0.0014,FALSE,"observed"
"DE",1990,"37",37,0.00158,FALSE,"observed"
"DE",1990,"38",38,0.00162,FALSE,"observed"
"DE",1990,"39",39,0.00178,FALSE,"observed"
"DE",1990,"40",40,0.00191,FALSE,"observed"
"DE",1990,"41",41,0.00196,FALSE,"observed"
"DE",1990,"42",42,0.00224,FALSE,"observed"
"DE",1990,"43",43,0.0024,FALSE,"observed"
"DE",1990,"44",44,0.00256,FALSE,"observed"
"DE",1990,"45",45,0.00302,FALSE,"observed"
"DE",1990,"46",46,0.00336,FALSE,"observed"
"DE",1990,"47",47,0.00349,FALSE,"observed"
"DE",1990,"48",48,0.00391,FALSE,"observed"
"DE",1990,"49",49,0.00409,FALSE,"observed"
"DE",1990,"50",50,0.00472,FALSE,"observed"
"DE",1990,"51",51,0.005,FALSE,"observed"
"DE",1990,"52",52,0.0054,FALSE,"observed"
"DE",1990,"53",53,0.00617,FALSE,"observed"
"DE",1990,"54",54,0.00675,FALSE,"observed"
"DE",1990,"55",55,0.00781,FALSE,"observed"
"DE",1990,"56",56,0.00813,FALSE,"observed"
"DE",1990,"57",57,0.00909,FALSE,"observed"
"DE",1990,"58",58,0.00991,FALSE,"observed"
"DE",1990,"59",59,0.01108,FALSE,"observed"
"DE",1990,"60",60,0.01218,FALSE,"observed"
"DE",1990,"61",61,0.01324,FALSE,"observed"
"DE",1990,"62",62,0.01393,FALSE,"observed"
"DE",1990,"63",63,0.01496,FALSE,"observed"
"DE",1990,"64",64,0.01606,FALSE,"observed"
"DE",1990,"65",65,0.01747,FALSE,"observed"
"DE",1990,"66",66,0.01904,FALSE,"observed"
"DE",1990,"67",67,0.02069,FALSE,"observed"
"DE",1990,"68",68,0.02329,FALSE,"observed"
"DE",1990,"69",69,0.02532,FALSE,"observed"
"DE",1990,"70",70,0.03123,FALSE,"observed"
"DE",1990,"71",71,0.02821,FALSE,"observed"
"DE",1990,"72",72,0.03351,FALSE,"observed"
"DE",1990,"73",73,0.03769,FALSE,"observed"
"DE",1990,"74",74,0.03925,FALSE,"observed"
"DE",1990,"75",75,0.04779,FALSE,"observed"
"DE",1990,"76",76,0.0513,FALSE,"observed"
"DE",1990,"77",77,0.05819,FALSE,"observed"
"DE",1990,"78",78,0.06513,FALSE,"observed"
"DE",1990,"79",79,0.07211,FALSE,"observed"
"DE",1990,"80",80,0.08174,FALSE,"observed"
"DE",1990,"81",81,0.091,FALSE,"observed"
"DE",1990,"82",82,0.10149,FALSE,"observed"
"DE",1990,"83",83,0.11373,FALSE,"observed"
"DE",1990,"84",84,0.12663,FALSE,"observed"
"DE",1990,"85",85,0.14113,FALSE,"observed"
"DE",1990,"86",86,0.15762,FALSE,"observed"
"DE",1990,"87",87,0.17262,FALSE,"observed"
"DE",1990,"88",88,0.19183,FALSE,"observed"
"DE",1990,"89",89,0.20896,FALSE,"observed"
"DE",1990,"90",90,0.23375,FALSE,"observed"
"DE",1990,"91",91,0.25364,FALSE,"observed"
"DE",1990,"92",92,0.27507,FALSE,"observed"
"DE",1990,"93",93,0.30175,FALSE,"observed"
"DE",1990,"94",94,0.32243,FALSE,"observed"
"DE",1990,"95",95,0.35707,FALSE,"observed"
"DE",1990,"96",96,0.38623,FALSE,"observed"
"DE",1990,"97",97,0.41635,FALSE,"observed"
"DE",1990,"98",98,0.44722,FALSE,"observed"
"DE",1990,"99",99,0.47861,FALSE,"observed"
"DE",1990,"100",100,0.51028,FALSE,"observed"
"DE",1990,"101",101,0.54196,FALSE,"observed"
"DE",1990,"102",102,0.57341,FALSE,"observed"
"DE",1990,"103",103,0.60437,FALSE,"observed"
"DE",1990,"104",104,0.63459,FALSE,"observed"
"DE",1990,"105",105,0.66386,FALSE,"observed"
"DE",1990,"106",106,0.69199,FALSE,"observed"
"DE",1990,"107",107,0.71881,FALSE,"observed"
"DE",1990,"108",108,0.74422,FALSE,"observed"
"DE",1990,"109",109,0.76811,FALSE,"observed"
"DE",1990,"110+",110,0.79043,FALSE,"observed"
"DE",1991,"0",0,0.0065,FALSE,"observed"
"DE",1991,"1",1,0.00061,FALSE,"observed"
"DE",1991,"2",2,0.00039,FALSE,"observed"
"DE",1991,"3",3,0.00033,FALSE,"observed"
"DE",1991,"4",4,0.00027,FALSE,"observed"
"DE",1991,"5",5,0.00024,FALSE,"observed"
"DE",1991,"6",6,2e-04,FALSE,"observed"
"DE",1991,"7",7,0.00017,FALSE,"observed"
"DE",1991,"8",8,2e-04,FALSE,"observed"
"DE",1991,"9",9,0.00016,FALSE,"observed"
"DE",1991,"10",10,0.00015,FALSE,"observed"
"DE",1991,"11",11,0.00018,FALSE,"observed"
"DE",1991,"12",12,0.00019,FALSE,"observed"
"DE",1991,"13",13,0.00017,FALSE,"observed"
"DE",1991,"14",14,0.00021,FALSE,"observed"
"DE",1991,"15",15,0.00029,FALSE,"observed"
"DE",1991,"16",16,0.00045,FALSE,"observed"
"DE",1991,"17",17,0.00058,FALSE,"observed"
"DE",1991,"18",18,0.00076,FALSE,"observed"
"DE",1991,"19",19,0.00083,FALSE,"observed"
"DE",1991,"20",20,0.00077,FALSE,"observed"
"DE",1991,"21",21,0.00077,FALSE,"observed"
"DE",1991,"22",22,0.00076,FALSE,"observed"
"DE",1991,"23",23,0.00075,FALSE,"observed"
"DE",1991,"24",24,0.00076,FALSE,"observed"
"DE",1991,"25",25,0.00078,FALSE,"observed"
"DE",1991,"26",26,8e-04,FALSE,"observed"
"DE",1991,"27",27,0.00083,FALSE,"observed"
"DE",1991,"28",28,0.00085,FALSE,"observed"
"DE",1991,"29",29,0.00092,FALSE,"observed"
"DE",1991,"30",30,0.00095,FALSE,"observed"
"DE",1991,"31",31,0.00103,FALSE,"observed"
"DE",1991,"32",32,0.00112,FALSE,"observed"
"DE",1991,"33",33,0.00115,FALSE,"observed"
"DE",1991,"34",34,0.00125,FALSE,"observed"
"DE",1991,"35",35,0.00133,FALSE,"observed"
"DE",1991,"36",36,0.00147,FALSE,"observed"
"DE",1991,"37",37,0.00162,FALSE,"observed"
"DE",1991,"38",38,0.00171,FALSE,"observed"
"DE",1991,"39",39,0.00174,FALSE,"observed"
"DE",1991,"40",40,0.00199,FALSE,"observed"
"DE",1991,"41",41,0.00212,FALSE,"observed"
"DE",1991,"42",42,0.00222,FALSE,"observed"
"DE",1991,"43",43,0.00241,FALSE,"observed"
"DE",1991,"44",44,0.00266,FALSE,"observed"
"DE",1991,"45",45,0.00297,FALSE,"observed"
"DE",1991,"46",46,0.0033,FALSE,"observed"
"DE",1991,"47",47,0.00356,FALSE,"observed"
"DE",1991,"48",48,0.00389,FALSE,"observed"
"DE",1991,"49",49,0.00423,FALSE,"observed"
"DE",1991,"50",50,0.00457,FALSE,"observed"
"DE",1991,"51",51,0.00519,FALSE,"observed"
"DE",1991,"52",52,0.00542,FALSE,"observed"
"DE",1991,"53",53,0.00604,FALSE,"observed"
"DE",1991,"54",54,0.00664,FALSE,"observed"
"DE",1991,"55",55,0.00711,FALSE,"observed"
"DE",1991,"56",56,0.00819,FALSE,"observed"
"DE",1991,"57",57,0.00874,FALSE,"observed"
"DE",1991,"58",58,0.00978,FALSE,"observed"
"DE",1991,"59",59,0.01071,FALSE,"observed"
"DE",1991,"60",60,0.01206,FALSE,"observed"
"DE",1991,"61",61,0.01302,FALSE,"observed"
"DE",1991,"62",62,0.01427,FALSE,"observed"
"DE",1991,"63",63,0.01532,FALSE,"observed"
"DE",1991,"64",64,0.01613,FALSE,"observed"
"DE",1991,"65",65,0.01724,FALSE,"observed"
"DE",1991,"66",66,0.019,FALSE,"observed"
"DE",1991,"67",67,0.02025,FALSE,"observed"
"DE",1991,"68",68,0.02216,FALSE,"observed"
"DE",1991,"69",69,0.02479,FALSE,"observed"
"DE",1991,"70",70,0.02715,FALSE,"observed"
"DE",1991,"71",71,0.0331,FALSE,"observed"
"DE",1991,"72",72,0.03013,FALSE,"observed"
"DE",1991,"73",73,0.03639,FALSE,"observed"
"DE",1991,"74",74,0.04089,FALSE,"observed"
"DE",1991,"75",75,0.04285,FALSE,"observed"
"DE",1991,"76",76,0.05234,FALSE,"observed"
"DE",1991,"77",77,0.05501,FALSE,"observed"
"DE",1991,"78",78,0.06299,FALSE,"observed"
"DE",1991,"79",79,0.07042,FALSE,"observed"
"DE",1991,"80",80,0.07799,FALSE,"observed"
"DE",1991,"81",81,0.08742,FALSE,"observed"
"DE",1991,"82",82,0.09938,FALSE,"observed"
"DE",1991,"83",83,0.11071,FALSE,"observed"
"DE",1991,"84",84,0.12336,FALSE,"observed"
"DE",1991,"85",85,0.13714,FALSE,"observed"
"DE",1991,"86",86,0.15263,FALSE,"observed"
"DE",1991,"87",87,0.16851,FALSE,"observed"
"DE",1991,"88",88,0.18639,FALSE,"observed"
"DE",1991,"89",89,0.20463,FALSE,"observed"
"DE",1991,"90",90,0.22184,FALSE,"observed"
"DE",1991,"91",91,0.2459,FALSE,"observed"
"DE",1991,"92",92,0.26506,FALSE,"observed"
"DE",1991,"93",93,0.29058,FALSE,"observed"
"DE",1991,"94",94,0.31633,FALSE,"observed"
"DE",1991,"95",95,0.34791,FALSE,"observed"
"DE",1991,"96",96,0.37659,FALSE,"observed"
"DE",1991,"97",97,0.40627,FALSE,"observed"
"DE",1991,"98",98,0.43676,FALSE,"observed"
"DE",1991,"99",99,0.46783,FALSE,"observed"
"DE",1991,"100",100,0.49925,FALSE,"observed"
"DE",1991,"101",101,0.53078,FALSE,"observed"
"DE",1991,"102",102,0.56215,FALSE,"observed"
"DE",1991,"103",103,0.59311,FALSE,"observed"
"DE",1991,"104",104,0.62344,FALSE,"observed"
"DE",1991,"105",105,0.65289,FALSE,"observed"
"DE",1991,"106",106,0.68128,FALSE,"observed"
"DE",1991,"107",107,0.70845,FALSE,"observed"
"DE",1991,"108",108,0.73424,FALSE,"observed"
"DE",1991,"109",109,0.75858,FALSE,"observed"
"DE",1991,"110+",110,0.78139,FALSE,"observed"
"DE",1992,"0",0,0.00609,FALSE,"observed"
"DE",1992,"1",1,0.00054,FALSE,"observed"
"DE",1992,"2",2,0.00035,FALSE,"observed"
"DE",1992,"3",3,0.00027,FALSE,"observed"
"DE",1992,"4",4,0.00024,FALSE,"observed"
"DE",1992,"5",5,0.00021,FALSE,"observed"
"DE",1992,"6",6,2e-04,FALSE,"observed"
"DE",1992,"7",7,0.00017,FALSE,"observed"
"DE",1992,"8",8,0.00016,FALSE,"observed"
"DE",1992,"9",9,0.00014,FALSE,"observed"
"DE",1992,"10",10,0.00016,FALSE,"observed"
"DE",1992,"11",11,0.00016,FALSE,"observed"
"DE",1992,"12",12,0.00016,FALSE,"observed"
"DE",1992,"13",13,0.00016,FALSE,"observed"
"DE",1992,"14",14,2e-04,FALSE,"observed"
"DE",1992,"15",15,0.00029,FALSE,"observed"
"DE",1992,"16",16,0.00037,FALSE,"observed"
"DE",1992,"17",17,0.00048,FALSE,"observed"
"DE",1992,"18",18,0.00073,FALSE,"observed"
"DE",1992,"19",19,0.00085,FALSE,"observed"
"DE",1992,"20",20,0.00076,FALSE,"observed"
"DE",1992,"21",21,0.00076,FALSE,"observed"
"DE",1992,"22",22,0.00078,FALSE,"observed"
"DE",1992,"23",23,0.00073,FALSE,"observed"
"DE",1992,"24",24,7e-04,FALSE,"observed"
"DE",1992,"25",25,0.00075,FALSE,"observed"
"DE",1992,"26",26,0.00078,FALSE,"observed"
"DE",1992,"27",27,0.00075,FALSE,"observed"
"DE",1992,"28",28,0.00082,FALSE,"observed"
"DE",1992,"29",29,0.00088,FALSE,"observed"
"DE",1992,"30",30,0.00093,FALSE,"observed"
"DE",1992,"31",31,0.00097,FALSE,"observed"
"DE",1992,"32",32,0.00101,FALSE,"observed"
"DE",1992,"33",33,0.00113,FALSE,"observed"
"DE",1992,"34",34,0.00125,FALSE,"observed"
"DE",1992,"35",35,0.00134,FALSE,"observed"
"DE",1992,"36",36,0.00139,FALSE,"observed"
"DE",1992,"37",37,0.00149,FALSE,"observed"
"DE",1992,"38",38,0.00165,FALSE,"observed"
"DE",1992,"39",39,0.00179,FALSE,"observed"
"DE",1992,"40",40,0.00191,FALSE,"observed"
"DE",1992,"41",41,0.00215,FALSE,"observed"
"DE",1992,"42",42,0.0022,FALSE,"observed"
"DE",1992,"43",43,0.00249,FALSE,"observed"
"DE",1992,"44",44,0.00259,FALSE,"observed"
"DE",1992,"45",45,0.00281,FALSE,"observed"
"DE",1992,"46",46,0.00312,FALSE,"observed"
"DE",1992,"47",47,0.00352,FALSE,"observed"
"DE",1992,"48",48,0.00387,FALSE,"observed"
"DE",1992,"49",49,0.00403,FALSE,"observed"
"DE",1992,"50",50,0.00463,FALSE,"observed"
"DE",1992,"51",51,0.00468,FALSE,"observed"
"DE",1992,"52",52,0.00542,FALSE,"observed"
"DE",1992,"53",53,0.00569,FALSE,"observed"
"DE",1992,"54",54,0.0063,FALSE,"observed"
"DE",1992,"55",55,0.00699,FALSE,"observed"
"DE",1992,"56",56,0.00766,FALSE,"observed"
"DE",1992,"57",57,0.00871,FALSE,"observed"
"DE",1992,"58",58,0.00942,FALSE,"observed"
"DE",1992,"59",59,0.01053,FALSE,"observed"
"DE",1992,"60",60,0.0115,FALSE,"observed"
"DE",1992,"61",61,0.01263,FALSE,"observed"
"DE",1992,"62",62,0.01379,FALSE,"observed"
"DE",1992,"63",63,0.01493,FALSE,"observed"
"DE",1992,"64",64,0.01623,FALSE,"observed"
"DE",1992,"65",65,0.01693,FALSE,"observed"
"DE",1992,"66",66,0.01815,FALSE,"observed"
"DE",1992,"67",67,0.01982,FALSE,"observed"
"DE",1992,"68",68,0.02138,FALSE,"observed"
"DE",1992,"69",69,0.02382,FALSE,"observed"
"DE",1992,"70",70,0.02614,FALSE,"observed"
"DE",1992,"71",71,0.02901,FALSE,"observed"
"DE",1992,"72",72,0.03522,FALSE,"observed"
"DE",1992,"73",73,0.03233,FALSE,"observed"
"DE",1992,"74",74,0.03871,FALSE,"observed"
"DE",1992,"75",75,0.04432,FALSE,"observed"
"DE",1992,"76",76,0.0462,FALSE,"observed"
"DE",1992,"77",77,0.05553,FALSE,"observed"
"DE",1992,"78",78,0.05926,FALSE,"observed"
"DE",1992,"79",79,0.06598,FALSE,"observed"
"DE",1992,"80",80,0.07474,FALSE,"observed"
"DE",1992,"81",81,0.08384,FALSE,"observed"
"DE",1992,"82",82,0.09276,FALSE,"observed"
"DE",1992,"83",83,0.10458,FALSE,"observed"
"DE",1992,"84",84,0.11612,FALSE,"observed"
"DE",1992,"85",85,0.13062,FALSE,"observed"
"DE",1992,"86",86,0.14324,FALSE,"observed"
"DE",1992,"87",87,0.16117,FALSE,"observed"
"DE",1992,"88",88,0.17838,FALSE,"observed"
"DE",1992,"89",89,0.19268,FALSE,"observed"
"DE",1992,"90",90,0.2178,FALSE,"observed"
"DE",1992,"91",91,0.23634,FALSE,"observed"
"DE",1992,"92",92,0.25781,FALSE,"observed"
"DE",1992,"93",93,0.28154,FALSE,"observed"
"DE",1992,"94",94,0.30364,FALSE,"observed"
"DE",1992,"95",95,0.33478,FALSE,"observed"
"DE",1992,"96",96,0.36303,FALSE,"observed"
"DE",1992,"97",97,0.39236,FALSE,"observed"
"DE",1992,"98",98,0.42259,FALSE,"observed"
"DE",1992,"99",99,0.4535,FALSE,"observed"
"DE",1992,"100",100,0.48487,FALSE,"observed"
"DE",1992,"101",101,0.51645,FALSE,"observed"
"DE",1992,"102",102,0.54799,FALSE,"observed"
"DE",1992,"103",103,0.57922,FALSE,"observed"
"DE",1992,"104",104,0.60991,FALSE,"observed"
"DE",1992,"105",105,0.63982,FALSE,"observed"
"DE",1992,"106",106,0.66874,FALSE,"observed"
"DE",1992,"107",107,0.69649,FALSE,"observed"
"DE",1992,"108",108,0.72293,FALSE,"observed"
"DE",1992,"109",109,0.74794,FALSE,"observed"
"DE",1992,"110+",110,0.77144,FALSE,"observed"
"DE",1993,"0",0,0.00579,FALSE,"observed"
"DE",1993,"1",1,0.00053,FALSE,"observed"
"DE",1993,"2",2,0.00033,FALSE,"observed"
"DE",1993,"3",3,0.00026,FALSE,"observed"
"DE",1993,"4",4,0.00023,FALSE,"observed"
"DE",1993,"5",5,2e-04,FALSE,"observed"
"DE",1993,"6",6,0.00018,FALSE,"observed"
"DE",1993,"7",7,0.00015,FALSE,"observed"
"DE",1993,"8",8,0.00015,FALSE,"observed"
"DE",1993,"9",9,0.00016,FALSE,"observed"
"DE",1993,"10",10,0.00015,FALSE,"observed"
"DE",1993,"11",11,0.00016,FALSE,"observed"
"DE",1993,"12",12,0.00018,FALSE,"observed"
"DE",1993,"13",13,2e-04,FALSE,"observed"
"DE",1993,"14",14,0.00021,FALSE,"observed"
"DE",1993,"15",15,0.00027,FALSE,"observed"
"DE",1993,"16",16,0.00042,FALSE,"observed"
"DE",1993,"17",17,0.00051,FALSE,"observed"
"DE",1993,"18",18,0.00076,FALSE,"observed"
"DE",1993,"19",19,0.00078,FALSE,"observed"
"DE",1993,"20",20,0.00073,FALSE,"observed"
"DE",1993,"21",21,0.00073,FALSE,"observed"
"DE",1993,"22",22,7e-04,FALSE,"observed"
"DE",1993,"23",23,7e-04,FALSE,"observed"
"DE",1993,"24",24,7e-04,FALSE,"observed"
"DE",1993,"25",25,0.00072,FALSE,"observed"
"DE",1993,"26",26,7e-04,FALSE,"observed"
"DE",1993,"27",27,0.00069,FALSE,"observed"
"DE",1993,"28",28,0.00076,FALSE,"observed"
"DE",1993,"29",29,8e-04,FALSE,"observed"
"DE",1993,"30",30,0.00088,FALSE,"observed"
"DE",1993,"31",31,9e-04,FALSE,"observed"
"DE",1993,"32",32,0.00094,FALSE,"observed"
"DE",1993,"33",33,0.0012,FALSE,"observed"
"DE",1993,"34",34,0.00117,FALSE,"observed"
"DE",1993,"35",35,0.00121,FALSE,"observed"
"DE",1993,"36",36,0.00135,FALSE,"observed"
"DE",1993,"37",37,0.00151,FALSE,"observed"
"DE",1993,"38",38,0.00165,FALSE,"observed"
"DE",1993,"39",39,0.0018,FALSE,"observed"
"DE",1993,"40",40,0.00193,FALSE,"observed"
"DE",1993,"41",41,0.00204,FALSE,"observed"
"DE",1993,"42",42,0.00225,FALSE,"observed"
"DE",1993,"43",43,0.00242,FALSE,"observed"
"DE",1993,"44",44,0.00264,FALSE,"observed"
"DE",1993,"45",45,0.00285,FALSE,"observed"
"DE",1993,"46",46,0.00311,FALSE,"observed"
"DE",1993,"47",47,0.00327,FALSE,"observed"
"DE",1993,"48",48,0.00392,FALSE,"observed"
"DE",1993,"49",49,0.00421,FALSE,"observed"
"DE",1993,"50",50,0.0045,FALSE,"observed"
"DE",1993,"51",51,0.00496,FALSE,"observed"
"DE",1993,"52",52,0.00515,FALSE,"observed"
"DE",1993,"53",53,0.00581,FALSE,"observed"
"DE",1993,"54",54,0.00628,FALSE,"observed"
"DE",1993,"55",55,0.00673,FALSE,"observed"
"DE",1993,"56",56,0.00747,FALSE,"observed"
"DE",1993,"57",57,0.00835,FALSE,"observed"
"DE",1993,"58",58,0.00946,FALSE,"observed"
"DE",1993,"59",59,0.01007,FALSE,"observed"
"DE",1993,"60",60,0.01128,FALSE,"observed"
"DE",1993,"61",61,0.01232,FALSE,"observed"
"DE",1993,"62",62,0.01375,FALSE,"observed"
"DE",1993,"63",63,0.01506,FALSE,"observed"
"DE",1993,"64",64,0.0164,FALSE,"observed"
"DE",1993,"65",65,0.0173,FALSE,"observed"
"DE",1993,"66",66,0.01865,FALSE,"observed"
"DE",1993,"67",67,0.01987,FALSE,"observed"
"DE",1993,"68",68,0.02182,FALSE,"observed"
"DE",1993,"69",69,0.02333,FALSE,"observed"
"DE",1993,"70",70,0.02569,FALSE,"observed"
"DE",1993,"71",71,0.02932,FALSE,"observed"
"DE",1993,"72",72,0.03231,FALSE,"observed"
"DE",1993,"73",73,0.03934,FALSE,"observed"
"DE",1993,"74",74,0.03604,FALSE,"observed"
"DE",1993,"75",75,0.04299,FALSE,"observed"
"DE",1993,"76",76,0.04893,FALSE,"observed"
"DE",1993,"77",77,0.05067,FALSE,"observed"
"DE",1993,"78",78,0.06188,FALSE,"observed"
"DE",1993,"79",79,0.06542,FALSE,"observed"
"DE",1993,"80",80,0.07412,FALSE,"observed"
"DE",1993,"81",81,0.0835,FALSE,"observed"
"DE",1993,"82",82,0.09223,FALSE,"observed"
"DE",1993,"83",83,0.10349,FALSE,"observed"
"DE",1993,"84",84,0.11595,FALSE,"observed"
"DE",1993,"85",85,0.12965,FALSE,"observed"
"DE",1993,"86",86,0.14559,FALSE,"observed"
"DE",1993,"87",87,0.16096,FALSE,"observed"
"DE",1993,"88",88,0.17835,FALSE,"observed"
"DE",1993,"89",89,0.19476,FALSE,"observed"
"DE",1993,"90",90,0.22105,FALSE,"observed"
"DE",1993,"91",91,0.24179,FALSE,"observed"
"DE",1993,"92",92,0.2618,FALSE,"observed"
"DE",1993,"93",93,0.28344,FALSE,"observed"
"DE",1993,"94",94,0.31296,FALSE,"observed"
"DE",1993,"95",95,0.34193,FALSE,"observed"
"DE",1993,"96",96,0.37113,FALSE,"observed"
"DE",1993,"97",97,0.4014,FALSE,"observed"
"DE",1993,"98",98,0.43253,FALSE,"observed"
"DE",1993,"99",99,0.46429,FALSE,"observed"
"DE",1993,"100",100,0.49643,FALSE,"observed"
"DE",1993,"101",101,0.52868,FALSE,"observed"
"DE",1993,"102",102,0.56077,FALSE,"observed"
"DE",1993,"103",103,0.59243,FALSE,"observed"
"DE",1993,"104",104,0.62341,FALSE,"observed"
"DE",1993,"105",105,0.65347,FALSE,"observed"
"DE",1993,"106",106,0.68241,FALSE,"observed"
"DE",1993,"107",107,0.71005,FALSE,"observed"
"DE",1993,"108",108,0.73626,FALSE,"observed"
"DE",1993,"109",109,0.76093,FALSE,"observed"
"DE",1993,"110+",110,0.78401,FALSE,"observed"
"DE",1994,"0",0,0.00551,FALSE,"observed"
"DE",1994,"1",1,0.00054,FALSE,"observed"
"DE",1994,"2",2,0.00035,FALSE,"observed"
"DE",1994,"3",3,0.00026,FALSE,"observed"
"DE",1994,"4",4,0.00021,FALSE,"observed"
"DE",1994,"5",5,0.00018,FALSE,"observed"
"DE",1994,"6",6,0.00016,FALSE,"observed"
"DE",1994,"7",7,0.00016,FALSE,"observed"
"DE",1994,"8",8,0.00013,FALSE,"observed"
"DE",1994,"9",9,0.00015,FALSE,"observed"
"DE",1994,"10",10,0.00015,FALSE,"observed"
"DE",1994,"11",11,0.00016,FALSE,"observed"
"DE",1994,"12",12,0.00014,FALSE,"observed"
"DE",1994,"13",13,0.00018,FALSE,"observed"
"DE",1994,"14",14,0.00018,FALSE,"observed"
"DE",1994,"15",15,0.00032,FALSE,"observed"
"DE",1994,"16",16,0.00046,FALSE,"observed"
"DE",1994,"17",17,0.00047,FALSE,"observed"
"DE",1994,"18",18,0.00075,FALSE,"observed"
"DE",1994,"19",19,0.00078,FALSE,"observed"
"DE",1994,"20",20,0.00075,FALSE,"observed"
"DE",1994,"21",21,0.00068,FALSE,"observed"
"DE",1994,"22",22,0.00069,FALSE,"observed"
"DE",1994,"23",23,0.00065,FALSE,"observed"
"DE",1994,"24",24,0.00071,FALSE,"observed"
"DE",1994,"25",25,0.00069,FALSE,"observed"
"DE",1994,"26",26,0.00067,FALSE,"observed"
"DE",1994,"27",27,7e-04,FALSE,"observed"
"DE",1994,"28",28,0.00072,FALSE,"observed"
"DE",1994,"29",29,0.00077,FALSE,"observed"
"DE",1994,"30",30,0.00089,FALSE,"observed"
"DE",1994,"31",31,0.00088,FALSE,"observed"
"DE",1994,"32",32,0.001,FALSE,"observed"
"DE",1994,"33",33,0.00105,FALSE,"observed"
"DE",1994,"34",34,0.00118,FALSE,"observed"
"DE",1994,"35",35,0.00125,FALSE,"observed"
"DE",1994,"36",36,0.00143,FALSE,"observed"
"DE",1994,"37",37,0.00147,FALSE,"observed"
"DE",1994,"38",38,0.0015,FALSE,"observed"
"DE",1994,"39",39,0.00171,FALSE,"observed"
"DE",1994,"40",40,0.00195,FALSE,"observed"
"DE",1994,"41",41,0.00209,FALSE,"observed"
"DE",1994,"42",42,0.0022,FALSE,"observed"
"DE",1994,"43",43,0.00238,FALSE,"observed"
"DE",1994,"44",44,0.00262,FALSE,"observed"
"DE",1994,"45",45,0.00286,FALSE,"observed"
"DE",1994,"46",46,0.00298,FALSE,"observed"
"DE",1994,"47",47,0.00344,FALSE,"observed"
"DE",1994,"48",48,0.00356,FALSE,"observed"
"DE",1994,"49",49,0.00415,FALSE,"observed"
"DE",1994,"50",50,0.00451,FALSE,"observed"
"DE",1994,"51",51,0.00467,FALSE,"observed"
"DE",1994,"52",52,0.0054,FALSE,"observed"
"DE",1994,"53",53,0.00536,FALSE,"observed"
"DE",1994,"54",54,0.0063,FALSE,"observed"
"DE",1994,"55",55,0.00668,FALSE,"observed"
"DE",1994,"56",56,0.00717,FALSE,"observed"
"DE",1994,"57",57,0.00806,FALSE,"observed"
"DE",1994,"58",58,0.00886,FALSE,"observed"
"DE",1994,"59",59,0.01002,FALSE,"observed"
"DE",1994,"60",60,0.01076,FALSE,"observed"
"DE",1994,"61",61,0.01175,FALSE,"observed"
"DE",1994,"62",62,0.01335,FALSE,"observed"
"DE",1994,"63",63,0.01459,FALSE,"observed"
"DE",1994,"64",64,0.01611,FALSE,"observed"
"DE",1994,"65",65,0.0175,FALSE,"observed"
"DE",1994,"66",66,0.01851,FALSE,"observed"
"DE",1994,"67",67,0.01989,FALSE,"observed"
"DE",1994,"68",68,0.02106,FALSE,"observed"
"DE",1994,"69",69,0.0232,FALSE,"observed"
"DE",1994,"70",70,0.0256,FALSE,"observed"
"DE",1994,"71",71,0.0275,FALSE,"observed"
"DE",1994,"72",72,0.03122,FALSE,"observed"
"DE",1994,"73",73,0.03385,FALSE,"observed"
"DE",1994,"74",74,0.04187,FALSE,"observed"
"DE",1994,"75",75,0.03778,FALSE,"observed"
"DE",1994,"76",76,0.04585,FALSE,"observed"
"DE",1994,"77",77,0.05192,FALSE,"observed"
"DE",1994,"78",78,0.05458,FALSE,"observed"
"DE",1994,"79",79,0.06711,FALSE,"observed"
"DE",1994,"80",80,0.0711,FALSE,"observed"
"DE",1994,"81",81,0.08042,FALSE,"observed"
"DE",1994,"82",82,0.0905,FALSE,"observed"
"DE",1994,"83",83,0.10067,FALSE,"observed"
"DE",1994,"84",84,0.11172,FALSE,"observed"
"DE",1994,"85",85,0.12695,FALSE,"observed"
"DE",1994,"86",86,0.14303,FALSE,"observed"
"DE",1994,"87",87,0.15561,FALSE,"observed"
"DE",1994,"88",88,0.17411,FALSE,"observed"
"DE",1994,"89",89,0.19126,FALSE,"observed"
"DE",1994,"90",90,0.21486,FALSE,"observed"
"DE",1994,"91",91,0.23373,FALSE,"observed"
"DE",1994,"92",92,0.25596,FALSE,"observed"
"DE",1994,"93",93,0.27899,FALSE,"observed"
"DE",1994,"94",94,0.30511,FALSE,"observed"
"DE",1994,"95",95,0.33575,FALSE,"observed"
"DE",1994,"96",96,0.36485,FALSE,"observed"
"DE",1994,"97",97,0.39508,FALSE,"observed"
"DE",1994,"98",98,0.42621,FALSE,"observed"
"DE",1994,"99",99,0.45803,FALSE,"observed"
"DE",1994,"100",100,0.49029,FALSE,"observed"
"DE",1994,"101",101,0.5227,FALSE,"observed"
"DE",1994,"102",102,0.555,FALSE,"observed"
"DE",1994,"103",103,0.58692,FALSE,"observed"
"DE",1994,"104",104,0.61818,FALSE,"observed"
"DE",1994,"105",105,0.64855,FALSE,"observed"
"DE",1994,"106",106,0.67782,FALSE,"observed"
"DE",1994,"107",107,0.7058,FALSE,"observed"
"DE",1994,"108",108,0.73235,FALSE,"observed"
"DE",1994,"109",109,0.75737,FALSE,"observed"
"DE",1994,"110+",110,0.78078,FALSE,"observed"
"DE",1995,"0",0,0.00531,FALSE,"observed"
"DE",1995,"1",1,0.00051,FALSE,"observed"
"DE",1995,"2",2,0.00031,FALSE,"observed"
"DE",1995,"3",3,0.00023,FALSE,"observed"
"DE",1995,"4",4,2e-04,FALSE,"observed"
"DE",1995,"5",5,0.00018,FALSE,"observed"
"DE",1995,"6",6,0.00016,FALSE,"observed"
"DE",1995,"7",7,0.00016,FALSE,"observed"
"DE",1995,"8",8,0.00014,FALSE,"observed"
"DE",1995,"9",9,0.00013,FALSE,"observed"
"DE",1995,"10",10,0.00012,FALSE,"observed"
"DE",1995,"11",11,0.00014,FALSE,"observed"
"DE",1995,"12",12,0.00014,FALSE,"observed"
"DE",1995,"13",13,0.00017,FALSE,"observed"
"DE",1995,"14",14,0.00021,FALSE,"observed"
"DE",1995,"15",15,3e-04,FALSE,"observed"
"DE",1995,"16",16,0.00039,FALSE,"observed"
"DE",1995,"17",17,0.00048,FALSE,"observed"
"DE",1995,"18",18,8e-04,FALSE,"observed"
"DE",1995,"19",19,0.00081,FALSE,"observed"
"DE",1995,"20",20,0.00069,FALSE,"observed"
"DE",1995,"21",21,0.00078,FALSE,"observed"
"DE",1995,"22",22,0.00069,FALSE,"observed"
"DE",1995,"23",23,0.00066,FALSE,"observed"
"DE",1995,"24",24,0.00068,FALSE,"observed"
"DE",1995,"25",25,0.00065,FALSE,"observed"
"DE",1995,"26",26,0.00064,FALSE,"observed"
"DE",1995,"27",27,7e-04,FALSE,"observed"
"DE",1995,"28",28,0.00074,FALSE,"observed"
"DE",1995,"29",29,0.00076,FALSE,"observed"
"DE",1995,"30",30,8e-04,FALSE,"observed"
"DE",1995,"31",31,0.00085,FALSE,"observed"
"DE",1995,"32",32,0.00091,FALSE,"observed"
"DE",1995,"33",33,0.001,FALSE,"observed"
"DE",1995,"34",34,0.00111,FALSE,"observed"
"DE",1995,"35",35,0.00118,FALSE,"observed"
"DE",1995,"36",36,0.00129,FALSE,"observed"
"DE",1995,"37",37,0.00145,FALSE,"observed"
"DE",1995,"38",38,0.00158,FALSE,"observed"
"DE",1995,"39",39,0.00169,FALSE,"observed"
"DE",1995,"40",40,0.00183,FALSE,"observed"
"DE",1995,"41",41,0.00204,FALSE,"observed"
"DE",1995,"42",42,0.00227,FALSE,"observed"
"DE",1995,"43",43,0.00238,FALSE,"observed"
"DE",1995,"44",44,0.00267,FALSE,"observed"
"DE",1995,"45",45,0.00276,FALSE,"observed"
"DE",1995,"46",46,0.00292,FALSE,"observed"
"DE",1995,"47",47,0.00332,FALSE,"observed"
"DE",1995,"48",48,0.00362,FALSE,"observed"
"DE",1995,"49",49,0.00389,FALSE,"observed"
"DE",1995,"50",50,0.00445,FALSE,"observed"
"DE",1995,"51",51,0.00489,FALSE,"observed"
"DE",1995,"52",52,0.00506,FALSE,"observed"
"DE",1995,"53",53,0.00557,FALSE,"observed"
"DE",1995,"54",54,0.00582,FALSE,"observed"
"DE",1995,"55",55,0.00651,FALSE,"observed"
"DE",1995,"56",56,0.00716,FALSE,"observed"
"DE",1995,"57",57,0.00783,FALSE,"observed"
"DE",1995,"58",58,0.00851,FALSE,"observed"
"DE",1995,"59",59,0.00965,FALSE,"observed"
"DE",1995,"60",60,0.01081,FALSE,"observed"
"DE",1995,"61",61,0.01162,FALSE,"observed"
"DE",1995,"62",62,0.01281,FALSE,"observed"
"DE",1995,"63",63,0.01419,FALSE,"observed"
"DE",1995,"64",64,0.01566,FALSE,"observed"
"DE",1995,"65",65,0.01718,FALSE,"observed"
"DE",1995,"66",66,0.01875,FALSE,"observed"
"DE",1995,"67",67,0.02033,FALSE,"observed"
"DE",1995,"68",68,0.02119,FALSE,"observed"
"DE",1995,"69",69,0.02337,FALSE,"observed"
"DE",1995,"70",70,0.0253,FALSE,"observed"
"DE",1995,"71",71,0.02732,FALSE,"observed"
"DE",1995,"72",72,0.03023,FALSE,"observed"
"DE",1995,"73",73,0.03438,FALSE,"observed"
"DE",1995,"74",74,0.03768,FALSE,"observed"
"DE",1995,"75",75,0.04613,FALSE,"observed"
"DE",1995,"76",76,0.04151,FALSE,"observed"
"DE",1995,"77",77,0.05073,FALSE,"observed"
"DE",1995,"78",78,0.05774,FALSE,"observed"
"DE",1995,"79",79,0.06021,FALSE,"observed"
"DE",1995,"80",80,0.07384,FALSE,"observed"
"DE",1995,"81",81,0.07893,FALSE,"observed"
"DE",1995,"82",82,0.08779,FALSE,"observed"
"DE",1995,"83",83,0.09841,FALSE,"observed"
"DE",1995,"84",84,0.11002,FALSE,"observed"
"DE",1995,"85",85,0.12325,FALSE,"observed"
"DE",1995,"86",86,0.13722,FALSE,"observed"
"DE",1995,"87",87,0.15445,FALSE,"observed"
"DE",1995,"88",88,0.17266,FALSE,"observed"
"DE",1995,"89",89,0.19019,FALSE,"observed"
"DE",1995,"90",90,0.21147,FALSE,"observed"
"DE",1995,"91",91,0.23269,FALSE,"observed"
"DE",1995,"92",92,0.25422,FALSE,"observed"
"DE",1995,"93",93,0.27819,FALSE,"observed"
"DE",1995,"94",94,0.30722,FALSE,"observed"
"DE",1995,"95",95,0.33213,FALSE,"observed"
"DE",1995,"96",96,0.36106,FALSE,"observed"
"DE",1995,"97",97,0.39113,FALSE,"observed"
"DE",1995,"98",98,0.42213,FALSE,"observed"
"DE",1995,"99",99,0.45385,FALSE,"observed"
"DE",1995,"100",100,0.48604,FALSE,"observed"
"DE",1995,"101",101,0.51842,FALSE,"observed"
"DE",1995,"102",102,0.55072,FALSE,"observed"
"DE",1995,"103",103,0.58267,FALSE,"observed"
"DE",1995,"104",104,0.614,FALSE,"observed"
"DE",1995,"105",105,0.64448,FALSE,"observed"
"DE",1995,"106",106,0.67388,FALSE,"observed"
"DE",1995,"107",107,0.70202,FALSE,"observed"
"DE",1995,"108",108,0.72874,FALSE,"observed"
"DE",1995,"109",109,0.75395,FALSE,"observed"
"DE",1995,"110+",110,0.77756,FALSE,"observed"
"DE",1996,"0",0,0.0051,FALSE,"observed"
"DE",1996,"1",1,0.00043,FALSE,"observed"
"DE",1996,"2",2,0.00027,FALSE,"observed"
"DE",1996,"3",3,0.00022,FALSE,"observed"
"DE",1996,"4",4,0.00017,FALSE,"observed"
"DE",1996,"5",5,0.00015,FALSE,"observed"
"DE",1996,"6",6,0.00017,FALSE,"observed"
"DE",1996,"7",7,0.00013,FALSE,"observed"
"DE",1996,"8",8,0.00011,FALSE,"observed"
"DE",1996,"9",9,0.00012,FALSE,"observed"
"DE",1996,"10",10,0.00012,FALSE,"observed"
"DE",1996,"11",11,0.00013,FALSE,"observed"
"DE",1996,"12",12,0.00014,FALSE,"observed"
"DE",1996,"13",13,0.00014,FALSE,"observed"
"DE",1996,"14",14,0.00021,FALSE,"observed"
"DE",1996,"15",15,0.00026,FALSE,"observed"
"DE",1996,"16",16,0.00041,FALSE,"observed"
"DE",1996,"17",17,0.00048,FALSE,"observed"
"DE",1996,"18",18,0.00075,FALSE,"observed"
"DE",1996,"19",19,0.00073,FALSE,"observed"
"DE",1996,"20",20,0.00076,FALSE,"observed"
"DE",1996,"21",21,0.00069,FALSE,"observed"
"DE",1996,"22",22,0.00067,FALSE,"observed"
"DE",1996,"23",23,0.00069,FALSE,"observed"
"DE",1996,"24",24,0.00065,FALSE,"observed"
"DE",1996,"25",25,0.00064,FALSE,"observed"
"DE",1996,"26",26,0.00063,FALSE,"observed"
"DE",1996,"27",27,0.00069,FALSE,"observed"
"DE",1996,"28",28,0.00074,FALSE,"observed"
"DE",1996,"29",29,0.00075,FALSE,"observed"
"DE",1996,"30",30,0.00077,FALSE,"observed"
"DE",1996,"31",31,0.00085,FALSE,"observed"
"DE",1996,"32",32,0.00089,FALSE,"observed"
"DE",1996,"33",33,0.00094,FALSE,"observed"
"DE",1996,"34",34,0.00105,FALSE,"observed"
"DE",1996,"35",35,0.00116,FALSE,"observed"
"DE",1996,"36",36,0.00122,FALSE,"observed"
"DE",1996,"37",37,0.00135,FALSE,"observed"
"DE",1996,"38",38,0.00148,FALSE,"observed"
"DE",1996,"39",39,0.00158,FALSE,"observed"
"DE",1996,"40",40,0.00174,FALSE,"observed"
"DE",1996,"41",41,0.00199,FALSE,"observed"
"DE",1996,"42",42,0.00217,FALSE,"observed"
"DE",1996,"43",43,0.00225,FALSE,"observed"
"DE",1996,"44",44,0.0026,FALSE,"observed"
"DE",1996,"45",45,0.00278,FALSE,"observed"
"DE",1996,"46",46,0.00298,FALSE,"observed"
"DE",1996,"47",47,0.00326,FALSE,"observed"
"DE",1996,"48",48,0.00349,FALSE,"observed"
"DE",1996,"49",49,0.0039,FALSE,"observed"
"DE",1996,"50",50,0.00423,FALSE,"observed"
"DE",1996,"51",51,0.00468,FALSE,"observed"
"DE",1996,"52",52,0.00529,FALSE,"observed"
"DE",1996,"53",53,0.0054,FALSE,"observed"
"DE",1996,"54",54,0.00597,FALSE,"observed"
"DE",1996,"55",55,0.00617,FALSE,"observed"
"DE",1996,"56",56,0.00705,FALSE,"observed"
"DE",1996,"57",57,0.00765,FALSE,"observed"
"DE",1996,"58",58,0.0082,FALSE,"observed"
"DE",1996,"59",59,0.00929,FALSE,"observed"
"DE",1996,"60",60,0.0102,FALSE,"observed"
"DE",1996,"61",61,0.01189,FALSE,"observed"
"DE",1996,"62",62,0.0122,FALSE,"observed"
"DE",1996,"63",63,0.01387,FALSE,"observed"
"DE",1996,"64",64,0.01518,FALSE,"observed"
"DE",1996,"65",65,0.01701,FALSE,"observed"
"DE",1996,"66",66,0.01832,FALSE,"observed"
"DE",1996,"67",67,0.02011,FALSE,"observed"
"DE",1996,"68",68,0.0218,FALSE,"observed"
"DE",1996,"69",69,0.02296,FALSE,"observed"
"DE",1996,"70",70,0.02445,FALSE,"observed"
"DE",1996,"71",71,0.02731,FALSE,"observed"
"DE",1996,"72",72,0.02975,FALSE,"observed"
"DE",1996,"73",73,0.033,FALSE,"observed"
"DE",1996,"74",74,0.03736,FALSE,"observed"
"DE",1996,"75",75,0.04109,FALSE,"observed"
"DE",1996,"76",76,0.04918,FALSE,"observed"
"DE",1996,"77",77,0.04527,FALSE,"observed"
"DE",1996,"78",78,0.05471,FALSE,"observed"
"DE",1996,"79",79,0.063,FALSE,"observed"
"DE",1996,"80",80,0.06717,FALSE,"observed"
"DE",1996,"81",81,0.08272,FALSE,"observed"
"DE",1996,"82",82,0.08668,FALSE,"observed"
"DE",1996,"83",83,0.09645,FALSE,"observed"
"DE",1996,"84",84,0.10912,FALSE,"observed"
"DE",1996,"85",85,0.1228,FALSE,"observed"
"DE",1996,"86",86,0.13618,FALSE,"observed"
"DE",1996,"87",87,0.15369,FALSE,"observed"
"DE",1996,"88",88,0.16877,FALSE,"observed"
"DE",1996,"89",89,0.19077,FALSE,"observed"
"DE",1996,"90",90,0.21067,FALSE,"observed"
"DE",1996,"91",91,0.23154,FALSE,"observed"
"DE",1996,"92",92,0.25721,FALSE,"observed"
"DE",1996,"93",93,0.27935,FALSE,"observed"
"DE",1996,"94",94,0.30662,FALSE,"observed"
"DE",1996,"95",95,0.33383,FALSE,"observed"
"DE",1996,"96",96,0.36332,FALSE,"observed"
"DE",1996,"97",97,0.39397,FALSE,"observed"
"DE",1996,"98",98,0.42557,FALSE,"observed"
"DE",1996,"99",99,0.45787,FALSE,"observed"
"DE",1996,"100",100,0.49062,FALSE,"observed"
"DE",1996,"101",101,0.52353,FALSE,"observed"
"DE",1996,"102",102,0.5563,FALSE,"observed"
"DE",1996,"103",103,0.58867,FALSE,"observed"
"DE",1996,"104",104,0.62034,FALSE,"observed"
"DE",1996,"105",105,0.65108,FALSE,"observed"
"DE",1996,"106",106,0.68066,FALSE,"observed"
"DE",1996,"107",107,0.7089,FALSE,"observed"
"DE",1996,"108",108,0.73565,FALSE,"observed"
"DE",1996,"109",109,0.7608,FALSE,"observed"
"DE",1996,"110+",110,0.78429,FALSE,"observed"
"DE",1997,"0",0,0.00485,FALSE,"observed"
"DE",1997,"1",1,0.00046,FALSE,"observed"
"DE",1997,"2",2,0.00027,FALSE,"observed"
"DE",1997,"3",3,0.00021,FALSE,"observed"
"DE",1997,"4",4,2e-04,FALSE,"observed"
"DE",1997,"5",5,0.00013,FALSE,"observed"
"DE",1997,"6",6,0.00015,FALSE,"observed"
"DE",1997,"7",7,0.00012,FALSE,"observed"
"DE",1997,"8",8,0.00014,FALSE,"observed"
"DE",1997,"9",9,0.00012,FALSE,"observed"
"DE",1997,"10",10,0.00012,FALSE,"observed"
"DE",1997,"11",11,0.00011,FALSE,"observed"
"DE",1997,"12",12,0.00013,FALSE,"observed"
"DE",1997,"13",13,0.00015,FALSE,"observed"
"DE",1997,"14",14,0.00018,FALSE,"observed"
"DE",1997,"15",15,0.00023,FALSE,"observed"
"DE",1997,"16",16,0.00038,FALSE,"observed"
"DE",1997,"17",17,0.00045,FALSE,"observed"
"DE",1997,"18",18,8e-04,FALSE,"observed"
"DE",1997,"19",19,0.00079,FALSE,"observed"
"DE",1997,"20",20,7e-04,FALSE,"observed"
"DE",1997,"21",21,0.00059,FALSE,"observed"
"DE",1997,"22",22,0.00063,FALSE,"observed"
"DE",1997,"23",23,0.00065,FALSE,"observed"
"DE",1997,"24",24,0.00063,FALSE,"observed"
"DE",1997,"25",25,0.00061,FALSE,"observed"
"DE",1997,"26",26,6e-04,FALSE,"observed"
"DE",1997,"27",27,0.00065,FALSE,"observed"
"DE",1997,"28",28,7e-04,FALSE,"observed"
"DE",1997,"29",29,0.00066,FALSE,"observed"
"DE",1997,"30",30,0.00071,FALSE,"observed"
"DE",1997,"31",31,0.00077,FALSE,"observed"
"DE",1997,"32",32,0.00081,FALSE,"observed"
"DE",1997,"33",33,0.00091,FALSE,"observed"
"DE",1997,"34",34,0.00094,FALSE,"observed"
"DE",1997,"35",35,0.00107,FALSE,"observed"
"DE",1997,"36",36,0.00115,FALSE,"observed"
"DE",1997,"37",37,0.00129,FALSE,"observed"
"DE",1997,"38",38,0.00139,FALSE,"observed"
"DE",1997,"39",39,0.0015,FALSE,"observed"
"DE",1997,"40",40,0.00164,FALSE,"observed"
"DE",1997,"41",41,0.00185,FALSE,"observed"
"DE",1997,"42",42,0.00211,FALSE,"observed"
"DE",1997,"43",43,0.00233,FALSE,"observed"
"DE",1997,"44",44,0.00247,FALSE,"observed"
"DE",1997,"45",45,0.00278,FALSE,"observed"
"DE",1997,"46",46,0.00299,FALSE,"observed"
"DE",1997,"47",47,0.00314,FALSE,"observed"
"DE",1997,"48",48,0.00337,FALSE,"observed"
"DE",1997,"49",49,0.00372,FALSE,"observed"
"DE",1997,"50",50,0.00414,FALSE,"observed"
"DE",1997,"51",51,0.00439,FALSE,"observed"
"DE",1997,"52",52,0.00503,FALSE,"observed"
"DE",1997,"53",53,0.00559,FALSE,"observed"
"DE",1997,"54",54,0.00557,FALSE,"observed"
"DE",1997,"55",55,0.00627,FALSE,"observed"
"DE",1997,"56",56,0.0065,FALSE,"observed"
"DE",1997,"57",57,0.00745,FALSE,"observed"
"DE",1997,"58",58,0.00801,FALSE,"observed"
"DE",1997,"59",59,0.0086,FALSE,"observed"
"DE",1997,"60",60,0.00974,FALSE,"observed"
"DE",1997,"61",61,0.01073,FALSE,"observed"
"DE",1997,"62",62,0.01222,FALSE,"observed"
"DE",1997,"63",63,0.01299,FALSE,"observed"
"DE",1997,"64",64,0.01443,FALSE,"observed"
"DE",1997,"65",65,0.01605,FALSE,"observed"
"DE",1997,"66",66,0.01739,FALSE,"observed"
"DE",1997,"67",67,0.0193,FALSE,"observed"
"DE",1997,"68",68,0.02124,FALSE,"observed"
"DE",1997,"69",69,0.02286,FALSE,"observed"
"DE",1997,"70",70,0.02437,FALSE,"observed"
"DE",1997,"71",71,0.0266,FALSE,"observed"
"DE",1997,"72",72,0.02921,FALSE,"observed"
"DE",1997,"73",73,0.03114,FALSE,"observed"
"DE",1997,"74",74,0.03504,FALSE,"observed"
"DE",1997,"75",75,0.03961,FALSE,"observed"
"DE",1997,"76",76,0.04342,FALSE,"observed"
"DE",1997,"77",77,0.05321,FALSE,"observed"
"DE",1997,"78",78,0.04802,FALSE,"observed"
"DE",1997,"79",79,0.05876,FALSE,"observed"
"DE",1997,"80",80,0.06838,FALSE,"observed"
"DE",1997,"81",81,0.07171,FALSE,"observed"
"DE",1997,"82",82,0.08833,FALSE,"observed"
"DE",1997,"83",83,0.09348,FALSE,"observed"
"DE",1997,"84",84,0.10384,FALSE,"observed"
"DE",1997,"85",85,0.11722,FALSE,"observed"
"DE",1997,"86",86,0.12877,FALSE,"observed"
"DE",1997,"87",87,0.14535,FALSE,"observed"
"DE",1997,"88",88,0.16279,FALSE,"observed"
"DE",1997,"89",89,0.18372,FALSE,"observed"
"DE",1997,"90",90,0.20306,FALSE,"observed"
"DE",1997,"91",91,0.22265,FALSE,"observed"
"DE",1997,"92",92,0.2461,FALSE,"observed"
"DE",1997,"93",93,0.27273,FALSE,"observed"
"DE",1997,"94",94,0.29611,FALSE,"observed"
"DE",1997,"95",95,0.32334,FALSE,"observed"
"DE",1997,"96",96,0.35235,FALSE,"observed"
"DE",1997,"97",97,0.38258,FALSE,"observed"
"DE",1997,"98",98,0.41383,FALSE,"observed"
"DE",1997,"99",99,0.44587,FALSE,"observed"
"DE",1997,"100",100,0.47845,FALSE,"observed"
"DE",1997,"101",101,0.51128,FALSE,"observed"
"DE",1997,"102",102,0.54409,FALSE,"observed"
"DE",1997,"103",103,0.57658,FALSE,"observed"
"DE",1997,"104",104,0.60847,FALSE,"observed"
"DE",1997,"105",105,0.63953,FALSE,"observed"
"DE",1997,"106",106,0.6695,FALSE,"observed"
"DE",1997,"107",107,0.6982,FALSE,"observed"
"DE",1997,"108",108,0.72546,FALSE,"observed"
"DE",1997,"109",109,0.75117,FALSE,"observed"
"DE",1997,"110+",110,0.77525,FALSE,"observed"
"DE",1998,"0",0,0.00461,FALSE,"observed"
"DE",1998,"1",1,0.00044,FALSE,"observed"
"DE",1998,"2",2,3e-04,FALSE,"observed"
"DE",1998,"3",3,0.00018,FALSE,"observed"
"DE",1998,"4",4,0.00015,FALSE,"observed"
"DE",1998,"5",5,0.00012,FALSE,"observed"
"DE",1998,"6",6,0.00012,FALSE,"observed"
"DE",1998,"7",7,0.00013,FALSE,"observed"
"DE",1998,"8",8,0.00011,FALSE,"observed"
"DE",1998,"9",9,1e-04,FALSE,"observed"
"DE",1998,"10",10,0.00011,FALSE,"observed"
"DE",1998,"11",11,0.00012,FALSE,"observed"
"DE",1998,"12",12,0.00014,FALSE,"observed"
"DE",1998,"13",13,0.00018,FALSE,"observed"
"DE",1998,"14",14,0.00019,FALSE,"observed"
"DE",1998,"15",15,0.00025,FALSE,"observed"
"DE",1998,"16",16,0.00036,FALSE,"observed"
"DE",1998,"17",17,0.00044,FALSE,"observed"
"DE",1998,"18",18,0.00072,FALSE,"observed"
"DE",1998,"19",19,0.00065,FALSE,"observed"
"DE",1998,"20",20,0.00068,FALSE,"observed"
"DE",1998,"21",21,0.00068,FALSE,"observed"
"DE",1998,"22",22,0.00061,FALSE,"observed"
"DE",1998,"23",23,0.00059,FALSE,"observed"
"DE",1998,"24",24,0.00055,FALSE,"observed"
"DE",1998,"25",25,0.00059,FALSE,"observed"
"DE",1998,"26",26,0.00057,FALSE,"observed"
"DE",1998,"27",27,0.00058,FALSE,"observed"
"DE",1998,"28",28,6e-04,FALSE,"observed"
"DE",1998,"29",29,0.00066,FALSE,"observed"
"DE",1998,"30",30,0.00063,FALSE,"observed"
"DE",1998,"31",31,7e-04,FALSE,"observed"
"DE",1998,"32",32,0.00074,FALSE,"observed"
"DE",1998,"33",33,0.00077,FALSE,"observed"
"DE",1998,"34",34,0.00088,FALSE,"observed"
"DE",1998,"35",35,0.00092,FALSE,"observed"
"DE",1998,"36",36,0.00111,FALSE,"observed"
"DE",1998,"37",37,0.00116,FALSE,"observed"
"DE",1998,"38",38,0.00124,FALSE,"observed"
"DE",1998,"39",39,0.00146,FALSE,"observed"
"DE",1998,"40",40,0.00163,FALSE,"observed"
"DE",1998,"41",41,0.00182,FALSE,"observed"
"DE",1998,"42",42,0.00197,FALSE,"observed"
"DE",1998,"43",43,0.00227,FALSE,"observed"
"DE",1998,"44",44,0.00231,FALSE,"observed"
"DE",1998,"45",45,0.00261,FALSE,"observed"
"DE",1998,"46",46,0.00281,FALSE,"observed"
"DE",1998,"47",47,0.00307,FALSE,"observed"
"DE",1998,"48",48,0.00341,FALSE,"observed"
"DE",1998,"49",49,0.00359,FALSE,"observed"
"DE",1998,"50",50,0.00394,FALSE,"observed"
"DE",1998,"51",51,0.00428,FALSE,"observed"
"DE",1998,"52",52,0.00449,FALSE,"observed"
"DE",1998,"53",53,0.00509,FALSE,"observed"
"DE",1998,"54",54,0.00572,FALSE,"observed"
"DE",1998,"55",55,0.00601,FALSE,"observed"
"DE",1998,"56",56,0.00661,FALSE,"observed"
"DE",1998,"57",57,0.00692,FALSE,"observed"
"DE",1998,"58",58,0.00771,FALSE,"observed"
"DE",1998,"59",59,0.00857,FALSE,"observed"
"DE",1998,"60",60,0.00921,FALSE,"observed"
"DE",1998,"61",61,0.01026,FALSE,"observed"
"DE",1998,"62",62,0.01141,FALSE,"observed"
"DE",1998,"63",63,0.01291,FALSE,"observed"
"DE",1998,"64",64,0.01368,FALSE,"observed"
"DE",1998,"65",65,0.01529,FALSE,"observed"
"DE",1998,"66",66,0.01679,FALSE,"observed"
"DE",1998,"67",67,0.01862,FALSE,"observed"
"DE",1998,"68",68,0.02069,FALSE,"observed"
"DE",1998,"69",69,0.02245,FALSE,"observed"
"DE",1998,"70",70,0.02411,FALSE,"observed"
"DE",1998,"71",71,0.02628,FALSE,"observed"
"DE",1998,"72",72,0.02854,FALSE,"observed"
"DE",1998,"73",73,0.03084,FALSE,"observed"
"DE",1998,"74",74,0.03412,FALSE,"observed"
"DE",1998,"75",75,0.03803,FALSE,"observed"
"DE",1998,"76",76,0.04266,FALSE,"observed"
"DE",1998,"77",77,0.04708,FALSE,"observed"
"DE",1998,"78",78,0.05804,FALSE,"observed"
"DE",1998,"79",79,0.05255,FALSE,"observed"
"DE",1998,"80",80,0.06389,FALSE,"observed"
"DE",1998,"81",81,0.07502,FALSE,"observed"
"DE",1998,"82",82,0.07837,FALSE,"observed"
"DE",1998,"83",83,0.097,FALSE,"observed"
"DE",1998,"84",84,0.10163,FALSE,"observed"
"DE",1998,"85",85,0.11573,FALSE,"observed"
"DE",1998,"86",86,0.12932,FALSE,"observed"
"DE",1998,"87",87,0.14438,FALSE,"observed"
"DE",1998,"88",88,0.16046,FALSE,"observed"
"DE",1998,"89",89,0.17886,FALSE,"observed"
"DE",1998,"90",90,0.19943,FALSE,"observed"
"DE",1998,"91",91,0.22347,FALSE,"observed"
"DE",1998,"92",92,0.24624,FALSE,"observed"
"DE",1998,"93",93,0.26719,FALSE,"observed"
"DE",1998,"94",94,0.29515,FALSE,"observed"
"DE",1998,"95",95,0.32209,FALSE,"observed"
"DE",1998,"96",96,0.35131,FALSE,"observed"
"DE",1998,"97",97,0.38178,FALSE,"observed"
"DE",1998,"98",98,0.41328,FALSE,"observed"
"DE",1998,"99",99,0.44558,FALSE,"observed"
"DE",1998,"100",100,0.47843,FALSE,"observed"
"DE",1998,"101",101,0.51153,FALSE,"observed"
"DE",1998,"102",102,0.5446,FALSE,"observed"
"DE",1998,"103",103,0.57734,FALSE,"observed"
"DE",1998,"104",104,0.60947,FALSE,"observed"
"DE",1998,"105",105,0.64073,FALSE,"observed"
"DE",1998,"106",106,0.67088,FALSE,"observed"
"DE",1998,"107",107,0.69973,FALSE,"observed"
"DE",1998,"108",108,0.72711,FALSE,"observed"
"DE",1998,"109",109,0.75291,FALSE,"observed"
"DE",1998,"110+",110,0.77704,FALSE,"observed"
"DE",1999,"0",0,0.00449,FALSE,"observed"
"DE",1999,"1",1,0.00039,FALSE,"observed"
"DE",1999,"2",2,0.00026,FALSE,"observed"
"DE",1999,"3",3,2e-04,FALSE,"observed"
"DE",1999,"4",4,0.00017,FALSE,"observed"
"DE",1999,"5",5,0.00012,FALSE,"observed"
"DE",1999,"6",6,0.00014,FALSE,"observed"
"DE",1999,"7",7,0.00014,FALSE,"observed"
"DE",1999,"8",8,0.00013,FALSE,"observed"
"DE",1999,"9",9,0.00012,FALSE,"observed"
"DE",1999,"10",10,0.00012,FALSE,"observed"
"DE",1999,"11",11,0.00012,FALSE,"observed"
"DE",1999,"12",12,0.00014,FALSE,"observed"
"DE",1999,"13",13,0.00014,FALSE,"observed"
"DE",1999,"14",14,2e-04,FALSE,"observed"
"DE",1999,"15",15,0.00026,FALSE,"observed"
"DE",1999,"16",16,0.00033,FALSE,"observed"
"DE",1999,"17",17,5e-04,FALSE,"observed"
"DE",1999,"18",18,7e-04,FALSE,"observed"
"DE",1999,"19",19,0.00069,FALSE,"observed"
"DE",1999,"20",20,0.00065,FALSE,"observed"
"DE",1999,"21",21,7e-04,FALSE,"observed"
"DE",1999,"22",22,0.00061,FALSE,"observed"
"DE",1999,"23",23,0.00059,FALSE,"observed"
"DE",1999,"24",24,0.00065,FALSE,"observed"
"DE",1999,"25",25,0.00059,FALSE,"observed"
"DE",1999,"26",26,0.00062,FALSE,"observed"
"DE",1999,"27",27,6e-04,FALSE,"observed"
"DE",1999,"28",28,0.00064,FALSE,"observed"
"DE",1999,"29",29,0.00061,FALSE,"observed"
"DE",1999,"30",30,0.00065,FALSE,"observed"
"DE",1999,"31",31,0.00065,FALSE,"observed"
"DE",1999,"32",32,0.00069,FALSE,"observed"
"DE",1999,"33",33,0.00076,FALSE,"observed"
"DE",1999,"34",34,0.00081,FALSE,"observed"
"DE",1999,"35",35,0.00089,FALSE,"observed"
"DE",1999,"36",36,0.00104,FALSE,"observed"
"DE",1999,"37",37,0.00115,FALSE,"observed"
"DE",1999,"38",38,0.00123,FALSE,"observed"
"DE",1999,"39",39,0.00145,FALSE,"observed"
"DE",1999,"40",40,0.00155,FALSE,"observed"
"DE",1999,"41",41,0.00172,FALSE,"observed"
"DE",1999,"42",42,0.00194,FALSE,"observed"
"DE",1999,"43",43,0.00218,FALSE,"observed"
"DE",1999,"44",44,0.00231,FALSE,"observed"
"DE",1999,"45",45,0.00261,FALSE,"observed"
"DE",1999,"46",46,0.0028,FALSE,"observed"
"DE",1999,"47",47,0.003,FALSE,"observed"
"DE",1999,"48",48,0.00328,FALSE,"observed"
"DE",1999,"49",49,0.00351,FALSE,"observed"
"DE",1999,"50",50,0.0039,FALSE,"observed"
"DE",1999,"51",51,0.00428,FALSE,"observed"
"DE",1999,"52",52,0.00465,FALSE,"observed"
"DE",1999,"53",53,0.00492,FALSE,"observed"
"DE",1999,"54",54,0.00557,FALSE,"observed"
"DE",1999,"55",55,0.00607,FALSE,"observed"
"DE",1999,"56",56,0.00631,FALSE,"observed"
"DE",1999,"57",57,0.00709,FALSE,"observed"
"DE",1999,"58",58,0.00715,FALSE,"observed"
"DE",1999,"59",59,0.00828,FALSE,"observed"
"DE",1999,"60",60,0.00905,FALSE,"observed"
"DE",1999,"61",61,0.00973,FALSE,"observed"
"DE",1999,"62",62,0.01082,FALSE,"observed"
"DE",1999,"63",63,0.01202,FALSE,"observed"
"DE",1999,"64",64,0.01358,FALSE,"observed"
"DE",1999,"65",65,0.01456,FALSE,"observed"
"DE",1999,"66",66,0.01594,FALSE,"observed"
"DE",1999,"67",67,0.01809,FALSE,"observed"
"DE",1999,"68",68,0.02021,FALSE,"observed"
"DE",1999,"69",69,0.02203,FALSE,"observed"
"DE",1999,"70",70,0.0241,FALSE,"observed"
"DE",1999,"71",71,0.02586,FALSE,"observed"
"DE",1999,"72",72,0.02797,FALSE,"observed"
"DE",1999,"73",73,0.03043,FALSE,"observed"
"DE",1999,"74",74,0.03321,FALSE,"observed"
"DE",1999,"75",75,0.03659,FALSE,"observed"
"DE",1999,"76",76,0.04053,FALSE,"observed"
"DE",1999,"77",77,0.04601,FALSE,"observed"
"DE",1999,"78",78,0.05089,FALSE,"observed"
"DE",1999,"79",79,0.06264,FALSE,"observed"
"DE",1999,"80",80,0.05763,FALSE,"observed"
"DE",1999,"81",81,0.07218,FALSE,"observed"
"DE",1999,"82",82,0.08193,FALSE,"observed"
"DE",1999,"83",83,0.08672,FALSE,"observed"
"DE",1999,"84",84,0.10693,FALSE,"observed"
"DE",1999,"85",85,0.11244,FALSE,"observed"
"DE",1999,"86",86,0.12592,FALSE,"observed"
"DE",1999,"87",87,0.14221,FALSE,"observed"
"DE",1999,"88",88,0.15846,FALSE,"observed"
"DE",1999,"89",89,0.17687,FALSE,"observed"
"DE",1999,"90",90,0.19835,FALSE,"observed"
"DE",1999,"91",91,0.21856,FALSE,"observed"
"DE",1999,"92",92,0.24183,FALSE,"observed"
"DE",1999,"93",93,0.26623,FALSE,"observed"
"DE",1999,"94",94,0.29494,FALSE,"observed"
"DE",1999,"95",95,0.3235,FALSE,"observed"
"DE",1999,"96",96,0.35357,FALSE,"observed"
"DE",1999,"97",97,0.38493,FALSE,"observed"
"DE",1999,"98",98,0.41735,FALSE,"observed"
"DE",1999,"99",99,0.45059,FALSE,"observed"
"DE",1999,"100",100,0.48434,FALSE,"observed"
"DE",1999,"101",101,0.51832,FALSE,"observed"
"DE",1999,"102",102,0.55219,FALSE,"observed"
"DE",1999,"103",103,0.58564,FALSE,"observed"
"DE",1999,"104",104,0.61838,FALSE,"observed"
"DE",1999,"105",105,0.65013,FALSE,"observed"
"DE",1999,"106",106,0.68065,FALSE,"observed"
"DE",1999,"107",107,0.70974,FALSE,"observed"
"DE",1999,"108",108,0.73723,FALSE,"observed"
"DE",1999,"109",109,0.76302,FALSE,"observed"
"DE",1999,"110+",110,0.78703,FALSE,"observed"
"DE",2000,"0",0,0.00437,FALSE,"observed"
"DE",2000,"1",1,0.00041,FALSE,"observed"
"DE",2000,"2",2,0.00024,FALSE,"observed"
"DE",2000,"3",3,0.00018,FALSE,"observed"
"DE",2000,"4",4,0.00013,FALSE,"observed"
"DE",2000,"5",5,0.00012,FALSE,"observed"
"DE",2000,"6",6,0.00013,FALSE,"observed"
"DE",2000,"7",7,0.00011,FALSE,"observed"
"DE",2000,"8",8,0.00011,FALSE,"observed"
"DE",2000,"9",9,0.00011,FALSE,"observed"
"DE",2000,"10",10,1e-04,FALSE,"observed"
"DE",2000,"11",11,0.00013,FALSE,"observed"
"DE",2000,"12",12,0.00012,FALSE,"observed"
"DE",2000,"13",13,0.00014,FALSE,"observed"
"DE",2000,"14",14,0.00016,FALSE,"observed"
"DE",2000,"15",15,0.00022,FALSE,"observed"
"DE",2000,"16",16,0.00033,FALSE,"observed"
"DE",2000,"17",17,0.00043,FALSE,"observed"
"DE",2000,"18",18,0.00064,FALSE,"observed"
"DE",2000,"19",19,0.00066,FALSE,"observed"
"DE",2000,"20",20,0.00072,FALSE,"observed"
"DE",2000,"21",21,0.00062,FALSE,"observed"
"DE",2000,"22",22,0.00061,FALSE,"observed"
"DE",2000,"23",23,0.00059,FALSE,"observed"
"DE",2000,"24",24,0.00062,FALSE,"observed"
"DE",2000,"25",25,0.00056,FALSE,"observed"
"DE",2000,"26",26,0.00057,FALSE,"observed"
"DE",2000,"27",27,0.00059,FALSE,"observed"
"DE",2000,"28",28,6e-04,FALSE,"observed"
"DE",2000,"29",29,0.00063,FALSE,"observed"
"DE",2000,"30",30,0.00061,FALSE,"observed"
"DE",2000,"31",31,0.00066,FALSE,"observed"
"DE",2000,"32",32,0.00072,FALSE,"observed"
"DE",2000,"33",33,0.00075,FALSE,"observed"
"DE",2000,"34",34,0.00084,FALSE,"observed"
"DE",2000,"35",35,0.00089,FALSE,"observed"
"DE",2000,"36",36,0.00097,FALSE,"observed"
"DE",2000,"37",37,0.00109,FALSE,"observed"
"DE",2000,"38",38,0.00124,FALSE,"observed"
"DE",2000,"39",39,0.00132,FALSE,"observed"
"DE",2000,"40",40,0.0015,FALSE,"observed"
"DE",2000,"41",41,0.00168,FALSE,"observed"
"DE",2000,"42",42,0.00195,FALSE,"observed"
"DE",2000,"43",43,0.00209,FALSE,"observed"
"DE",2000,"44",44,0.00233,FALSE,"observed"
"DE",2000,"45",45,0.00252,FALSE,"observed"
"DE",2000,"46",46,0.00276,FALSE,"observed"
"DE",2000,"47",47,0.00297,FALSE,"observed"
"DE",2000,"48",48,0.00332,FALSE,"observed"
"DE",2000,"49",49,0.00361,FALSE,"observed"
"DE",2000,"50",50,0.00382,FALSE,"observed"
"DE",2000,"51",51,0.00424,FALSE,"observed"
"DE",2000,"52",52,0.00453,FALSE,"observed"
"DE",2000,"53",53,0.00501,FALSE,"observed"
"DE",2000,"54",54,0.0054,FALSE,"observed"
"DE",2000,"55",55,0.00586,FALSE,"observed"
"DE",2000,"56",56,0.0065,FALSE,"observed"
"DE",2000,"57",57,0.00686,FALSE,"observed"
"DE",2000,"58",58,0.0077,FALSE,"observed"
"DE",2000,"59",59,0.00785,FALSE,"observed"
"DE",2000,"60",60,0.00903,FALSE,"observed"
"DE",2000,"61",61,0.00978,FALSE,"observed"
"DE",2000,"62",62,0.01049,FALSE,"observed"
"DE",2000,"63",63,0.01164,FALSE,"observed"
"DE",2000,"64",64,0.01259,FALSE,"observed"
"DE",2000,"65",65,0.01469,FALSE,"observed"
"DE",2000,"66",66,0.01582,FALSE,"observed"
"DE",2000,"67",67,0.01746,FALSE,"observed"
"DE",2000,"68",68,0.01931,FALSE,"observed"
"DE",2000,"69",69,0.02078,FALSE,"observed"
"DE",2000,"70",70,0.0237,FALSE,"observed"
"DE",2000,"71",71,0.0258,FALSE,"observed"
"DE",2000,"72",72,0.02784,FALSE,"observed"
"DE",2000,"73",73,0.02959,FALSE,"observed"
"DE",2000,"74",74,0.03242,FALSE,"observed"
"DE",2000,"75",75,0.03576,FALSE,"observed"
"DE",2000,"76",76,0.03936,FALSE,"observed"
"DE",2000,"77",77,0.04412,FALSE,"observed"
"DE",2000,"78",78,0.04963,FALSE,"observed"
"DE",2000,"79",79,0.05548,FALSE,"observed"
"DE",2000,"80",80,0.06819,FALSE,"observed"
"DE",2000,"81",81,0.06289,FALSE,"observed"
"DE",2000,"82",82,0.07727,FALSE,"observed"
"DE",2000,"83",83,0.09073,FALSE,"observed"
"DE",2000,"84",84,0.09457,FALSE,"observed"
"DE",2000,"85",85,0.11588,FALSE,"observed"
"DE",2000,"86",86,0.12247,FALSE,"observed"
"DE",2000,"87",87,0.13858,FALSE,"observed"
"DE",2000,"88",88,0.1547,FALSE,"observed"
"DE",2000,"89",89,0.17428,FALSE,"observed"
"DE",2000,"90",90,0.19125,FALSE,"observed"
"DE",2000,"91",91,0.21467,FALSE,"observed"
"DE",2000,"92",92,0.23998,FALSE,"observed"
"DE",2000,"93",93,0.25826,FALSE,"observed"
"DE",2000,"94",94,0.28419,FALSE,"observed"
"DE",2000,"95",95,0.31165,FALSE,"observed"
"DE",2000,"96",96,0.34028,FALSE,"observed"
"DE",2000,"97",97,0.37021,FALSE,"observed"
"DE",2000,"98",98,0.40125,FALSE,"observed"
"DE",2000,"99",99,0.43319,FALSE,"observed"
"DE",2000,"100",100,0.46577,FALSE,"observed"
"DE",2000,"101",101,0.49873,FALSE,"observed"
"DE",2000,"102",102,0.53177,FALSE,"observed"
"DE",2000,"103",103,0.5646,FALSE,"observed"
"DE",2000,"104",104,0.59694,FALSE,"observed"
"DE",2000,"105",105,0.62851,FALSE,"observed"
"DE",2000,"106",106,0.65908,FALSE,"observed"
"DE",2000,"107",107,0.68842,FALSE,"observed"
"DE",2000,"108",108,0.71636,FALSE,"observed"
"DE",2000,"109",109,0.74277,FALSE,"observed"
"DE",2000,"110+",110,0.76755,FALSE,"observed"
"DE",2001,"0",0,0.00421,FALSE,"observed"
"DE",2001,"1",1,0.00041,FALSE,"observed"
"DE",2001,"2",2,0.00025,FALSE,"observed"
"DE",2001,"3",3,0.00021,FALSE,"observed"
"DE",2001,"4",4,0.00015,FALSE,"observed"
"DE",2001,"5",5,0.00011,FALSE,"observed"
"DE",2001,"6",6,0.00013,FALSE,"observed"
"DE",2001,"7",7,9e-05,FALSE,"observed"
"DE",2001,"8",8,1e-04,FALSE,"observed"
"DE",2001,"9",9,0.00012,FALSE,"observed"
"DE",2001,"10",10,1e-04,FALSE,"observed"
"DE",2001,"11",11,0.00011,FALSE,"observed"
"DE",2001,"12",12,0.00013,FALSE,"observed"
"DE",2001,"13",13,0.00017,FALSE,"observed"
"DE",2001,"14",14,0.00019,FALSE,"observed"
"DE",2001,"15",15,2e-04,FALSE,"observed"
"DE",2001,"16",16,0.00032,FALSE,"observed"
"DE",2001,"17",17,0.00035,FALSE,"observed"
"DE",2001,"18",18,0.00065,FALSE,"observed"
"DE",2001,"19",19,0.00064,FALSE,"observed"
"DE",2001,"20",20,0.00064,FALSE,"observed"
"DE",2001,"21",21,0.00061,FALSE,"observed"
"DE",2001,"22",22,0.00055,FALSE,"observed"
"DE",2001,"23",23,0.00058,FALSE,"observed"
"DE",2001,"24",24,0.00052,FALSE,"observed"
"DE",2001,"25",25,0.00052,FALSE,"observed"
"DE",2001,"26",26,0.00051,FALSE,"observed"
"DE",2001,"27",27,0.00056,FALSE,"observed"
"DE",2001,"28",28,0.00054,FALSE,"observed"
"DE",2001,"29",29,0.00056,FALSE,"observed"
"DE",2001,"30",30,0.00058,FALSE,"observed"
"DE",2001,"31",31,0.00061,FALSE,"observed"
"DE",2001,"32",32,0.00066,FALSE,"observed"
"DE",2001,"33",33,0.00068,FALSE,"observed"
"DE",2001,"34",34,0.00074,FALSE,"observed"
"DE",2001,"35",35,9e-04,FALSE,"observed"
"DE",2001,"36",36,0.00096,FALSE,"observed"
"DE",2001,"37",37,0.00103,FALSE,"observed"
"DE",2001,"38",38,0.00117,FALSE,"observed"
"DE",2001,"39",39,0.0013,FALSE,"observed"
"DE",2001,"40",40,0.00146,FALSE,"observed"
"DE",2001,"41",41,0.00161,FALSE,"observed"
"DE",2001,"42",42,0.00176,FALSE,"observed"
"DE",2001,"43",43,0.002,FALSE,"observed"
"DE",2001,"44",44,0.00218,FALSE,"observed"
"DE",2001,"45",45,0.00243,FALSE,"observed"
"DE",2001,"46",46,0.00276,FALSE,"observed"
"DE",2001,"47",47,0.00303,FALSE,"observed"
"DE",2001,"48",48,0.00323,FALSE,"observed"
"DE",2001,"49",49,0.00349,FALSE,"observed"
"DE",2001,"50",50,0.0038,FALSE,"observed"
"DE",2001,"51",51,0.00406,FALSE,"observed"
"DE",2001,"52",52,0.00446,FALSE,"observed"
"DE",2001,"53",53,0.00485,FALSE,"observed"
"DE",2001,"54",54,0.00536,FALSE,"observed"
"DE",2001,"55",55,0.00575,FALSE,"observed"
"DE",2001,"56",56,0.00617,FALSE,"observed"
"DE",2001,"57",57,0.00708,FALSE,"observed"
"DE",2001,"58",58,0.00729,FALSE,"observed"
"DE",2001,"59",59,0.00806,FALSE,"observed"
"DE",2001,"60",60,0.00838,FALSE,"observed"
"DE",2001,"61",61,0.00964,FALSE,"observed"
"DE",2001,"62",62,0.01017,FALSE,"observed"
"DE",2001,"63",63,0.01109,FALSE,"observed"
"DE",2001,"64",64,0.01236,FALSE,"observed"
"DE",2001,"65",65,0.01339,FALSE,"observed"
"DE",2001,"66",66,0.01536,FALSE,"observed"
"DE",2001,"67",67,0.01644,FALSE,"observed"
"DE",2001,"68",68,0.0183,FALSE,"observed"
"DE",2001,"69",69,0.02055,FALSE,"observed"
"DE",2001,"70",70,0.02257,FALSE,"observed"
"DE",2001,"71",71,0.02492,FALSE,"observed"
"DE",2001,"72",72,0.02717,FALSE,"observed"
"DE",2001,"73",73,0.02941,FALSE,"observed"
"DE",2001,"74",74,0.03191,FALSE,"observed"
"DE",2001,"75",75,0.03461,FALSE,"observed"
"DE",2001,"76",76,0.03855,FALSE,"observed"
"DE",2001,"77",77,0.04272,FALSE,"observed"
"DE",2001,"78",78,0.04757,FALSE,"observed"
"DE",2001,"79",79,0.05437,FALSE,"observed"
"DE",2001,"80",80,0.06048,FALSE,"observed"
"DE",2001,"81",81,0.0749,FALSE,"observed"
"DE",2001,"82",82,0.06776,FALSE,"observed"
"DE",2001,"83",83,0.0831,FALSE,"observed"
"DE",2001,"84",84,0.09636,FALSE,"observed"
"DE",2001,"85",85,0.10242,FALSE,"observed"
"DE",2001,"86",86,0.12804,FALSE,"observed"
"DE",2001,"87",87,0.13465,FALSE,"observed"
"DE",2001,"88",88,0.14958,FALSE,"observed"
"DE",2001,"89",89,0.1678,FALSE,"observed"
"DE",2001,"90",90,0.18705,FALSE,"observed"
"DE",2001,"91",91,0.21345,FALSE,"observed"
"DE",2001,"92",92,0.23162,FALSE,"observed"
"DE",2001,"93",93,0.25581,FALSE,"observed"
"DE",2001,"94",94,0.2816,FALSE,"observed"
"DE",2001,"95",95,0.30772,FALSE,"observed"
"DE",2001,"96",96,0.33651,FALSE,"observed"
"DE",2001,"97",97,0.36665,FALSE,"observed"
"DE",2001,"98",98,0.39797,FALSE,"observed"
"DE",2001,"99",99,0.43023,FALSE,"observed"
"DE",2001,"100",100,0.46319,FALSE,"observed"
"DE",2001,"101",101,0.49655,FALSE,"observed"
"DE",2001,"102",102,0.53001,FALSE,"observed"
"DE",2001,"103",103,0.56329,FALSE,"observed"
"DE",2001,"104",104,0.59607,FALSE,"observed"
"DE",2001,"105",105,0.62807,FALSE,"observed"
"DE",2001,"106",106,0.65904,FALSE,"observed"
"DE",2001,"107",107,0.68875,FALSE,"observed"
"DE",2001,"108",108,0.71703,FALSE,"observed"
"DE",2001,"109",109,0.74373,FALSE,"observed"
"DE",2001,"110+",110,0.76876,FALSE,"observed"
"DE",2002,"0",0,0.00418,FALSE,"observed"
"DE",2002,"1",1,4e-04,FALSE,"observed"
"DE",2002,"2",2,2e-04,FALSE,"observed"
"DE",2002,"3",3,0.00019,FALSE,"observed"
"DE",2002,"4",4,0.00013,FALSE,"observed"
"DE",2002,"5",5,0.00014,FALSE,"observed"
"DE",2002,"6",6,0.00011,FALSE,"observed"
"DE",2002,"7",7,1e-04,FALSE,"observed"
"DE",2002,"8",8,1e-04,FALSE,"observed"
"DE",2002,"9",9,7e-05,FALSE,"observed"
"DE",2002,"10",10,9e-05,FALSE,"observed"
"DE",2002,"11",11,0.00012,FALSE,"observed"
"DE",2002,"12",12,0.00013,FALSE,"observed"
"DE",2002,"13",13,0.00013,FALSE,"observed"
"DE",2002,"14",14,0.00015,FALSE,"observed"
"DE",2002,"15",15,0.00022,FALSE,"observed"
"DE",2002,"16",16,0.00034,FALSE,"observed"
"DE",2002,"17",17,0.00039,FALSE,"observed"
"DE",2002,"18",18,0.00061,FALSE,"observed"
"DE",2002,"19",19,6e-04,FALSE,"observed"
"DE",2002,"20",20,0.00059,FALSE,"observed"
"DE",2002,"21",21,0.00056,FALSE,"observed"
"DE",2002,"22",22,0.00058,FALSE,"observed"
"DE",2002,"23",23,0.00054,FALSE,"observed"
"DE",2002,"24",24,0.00053,FALSE,"observed"
"DE",2002,"25",25,5e-04,FALSE,"observed"
"DE",2002,"26",26,0.00048,FALSE,"observed"
"DE",2002,"27",27,0.00054,FALSE,"observed"
"DE",2002,"28",28,0.00055,FALSE,"observed"
"DE",2002,"29",29,0.00054,FALSE,"observed"
"DE",2002,"30",30,0.00057,FALSE,"observed"
"DE",2002,"31",31,0.00059,FALSE,"observed"
"DE",2002,"32",32,0.00062,FALSE,"observed"
"DE",2002,"33",33,0.00067,FALSE,"observed"
"DE",2002,"34",34,0.00075,FALSE,"observed"
"DE",2002,"35",35,0.00081,FALSE,"observed"
"DE",2002,"36",36,0.00091,FALSE,"observed"
"DE",2002,"37",37,0.00099,FALSE,"observed"
"DE",2002,"38",38,0.00111,FALSE,"observed"
"DE",2002,"39",39,0.00123,FALSE,"observed"
"DE",2002,"40",40,0.00144,FALSE,"observed"
"DE",2002,"41",41,0.00151,FALSE,"observed"
"DE",2002,"42",42,0.00174,FALSE,"observed"
"DE",2002,"43",43,0.00198,FALSE,"observed"
"DE",2002,"44",44,0.0022,FALSE,"observed"
"DE",2002,"45",45,0.00257,FALSE,"observed"
"DE",2002,"46",46,0.00267,FALSE,"observed"
"DE",2002,"47",47,0.00298,FALSE,"observed"
"DE",2002,"48",48,0.00321,FALSE,"observed"
"DE",2002,"49",49,0.00356,FALSE,"observed"
"DE",2002,"50",50,0.00386,FALSE,"observed"
"DE",2002,"51",51,0.00413,FALSE,"observed"
"DE",2002,"52",52,0.00459,FALSE,"observed"
"DE",2002,"53",53,0.00478,FALSE,"observed"
"DE",2002,"54",54,0.00535,FALSE,"observed"
"DE",2002,"55",55,0.00583,FALSE,"observed"
"DE",2002,"56",56,0.00607,FALSE,"observed"
"DE",2002,"57",57,0.00679,FALSE,"observed"
"DE",2002,"58",58,0.0075,FALSE,"observed"
"DE",2002,"59",59,0.0078,FALSE,"observed"
"DE",2002,"60",60,0.00868,FALSE,"observed"
"DE",2002,"61",61,0.00879,FALSE,"observed"
"DE",2002,"62",62,0.01031,FALSE,"observed"
"DE",2002,"63",63,0.01111,FALSE,"observed"
"DE",2002,"64",64,0.01171,FALSE,"observed"
"DE",2002,"65",65,0.01338,FALSE,"observed"
"DE",2002,"66",66,0.01445,FALSE,"observed"
"DE",2002,"67",67,0.01684,FALSE,"observed"
"DE",2002,"68",68,0.01784,FALSE,"observed"
"DE",2002,"69",69,0.01965,FALSE,"observed"
"DE",2002,"70",70,0.02193,FALSE,"observed"
"DE",2002,"71",71,0.0247,FALSE,"observed"
"DE",2002,"72",72,0.02674,FALSE,"observed"
"DE",2002,"73",73,0.02992,FALSE,"observed"
"DE",2002,"74",74,0.03247,FALSE,"observed"
"DE",2002,"75",75,0.0354,FALSE,"observed"
"DE",2002,"76",76,0.03839,FALSE,"observed"
"DE",2002,"77",77,0.0426,FALSE,"observed"
"DE",2002,"78",78,0.04711,FALSE,"observed"
"DE",2002,"79",79,0.05269,FALSE,"observed"
"DE",2002,"80",80,0.06103,FALSE,"observed"
"DE",2002,"81",81,0.06847,FALSE,"observed"
"DE",2002,"82",82,0.08289,FALSE,"observed"
"DE",2002,"83",83,0.077,FALSE,"observed"
"DE",2002,"84",84,0.09551,FALSE,"observed"
"DE",2002,"85",85,0.109,FALSE,"observed"
"DE",2002,"86",86,0.11554,FALSE,"observed"
"DE",2002,"87",87,0.14364,FALSE,"observed"
"DE",2002,"88",88,0.15298,FALSE,"observed"
"DE",2002,"89",89,0.17039,FALSE,"observed"
"DE",2002,"90",90,0.19152,FALSE,"observed"
"DE",2002,"91",91,0.21315,FALSE,"observed"
"DE",2002,"92",92,0.23593,FALSE,"observed"
"DE",2002,"93",93,0.26018,FALSE,"observed"
"DE",2002,"94",94,0.28744,FALSE,"observed"
"DE",2002,"95",95,0.31436,FALSE,"observed"
"DE",2002,"96",96,0.34395,FALSE,"observed"
"DE",2002,"97",97,0.37489,FALSE,"observed"
"DE",2002,"98",98,0.40699,FALSE,"observed"
"DE",2002,"99",99,0.43999,FALSE,"observed"
"DE",2002,"100",100,0.47361,FALSE,"observed"
"DE",2002,"101",101,0.50756,FALSE,"observed"
"DE",2002,"102",102,0.54151,FALSE,"observed"
"DE",2002,"103",103,0.57516,FALSE,"observed"
"DE",2002,"104",104,0.60819,FALSE,"observed"
"DE",2002,"105",105,0.64031,FALSE,"observed"
"DE",2002,"106",106,0.67128,FALSE,"observed"
"DE",2002,"107",107,0.70086,FALSE,"observed"
"DE",2002,"108",108,0.7289,FALSE,"observed"
"DE",2002,"109",109,0.75527,FALSE,"observed"
"DE",2002,"110+",110,0.77987,FALSE,"observed"
"DE",2003,"0",0,0.0042,FALSE,"observed"
"DE",2003,"1",1,0.00039,FALSE,"observed"
"DE",2003,"2",2,0.00021,FALSE,"observed"
"DE",2003,"3",3,0.00018,FALSE,"observed"
"DE",2003,"4",4,0.00013,FALSE,"observed"
"DE",2003,"5",5,0.00014,FALSE,"observed"
"DE",2003,"6",6,0.00012,FALSE,"observed"
"DE",2003,"7",7,0.00013,FALSE,"observed"
"DE",2003,"8",8,0.00012,FALSE,"observed"
"DE",2003,"9",9,1e-04,FALSE,"observed"
"DE",2003,"10",10,1e-04,FALSE,"observed"
"DE",2003,"11",11,0.00013,FALSE,"observed"
"DE",2003,"12",12,0.00011,FALSE,"observed"
"DE",2003,"13",13,0.00011,FALSE,"observed"
"DE",2003,"14",14,0.00019,FALSE,"observed"
"DE",2003,"15",15,0.00022,FALSE,"observed"
"DE",2003,"16",16,3e-04,FALSE,"observed"
"DE",2003,"17",17,4e-04,FALSE,"observed"
"DE",2003,"18",18,0.00051,FALSE,"observed"
"DE",2003,"19",19,0.00056,FALSE,"observed"
"DE",2003,"20",20,0.00057,FALSE,"observed"
"DE",2003,"21",21,0.00054,FALSE,"observed"
"DE",2003,"22",22,5e-04,FALSE,"observed"
"DE",2003,"23",23,0.00053,FALSE,"observed"
"DE",2003,"24",24,0.00051,FALSE,"observed"
"DE",2003,"25",25,0.00054,FALSE,"observed"
"DE",2003,"26",26,0.00055,FALSE,"observed"
"DE",2003,"27",27,0.00054,FALSE,"observed"
"DE",2003,"28",28,0.00054,FALSE,"observed"
"DE",2003,"29",29,0.00052,FALSE,"observed"
"DE",2003,"30",30,0.00057,FALSE,"observed"
"DE",2003,"31",31,0.00062,FALSE,"observed"
"DE",2003,"32",32,0.00058,FALSE,"observed"
"DE",2003,"33",33,0.00067,FALSE,"observed"
"DE",2003,"34",34,0.00076,FALSE,"observed"
"DE",2003,"35",35,0.00083,FALSE,"observed"
"DE",2003,"36",36,0.00088,FALSE,"observed"
"DE",2003,"37",37,0.00092,FALSE,"observed"
"DE",2003,"38",38,0.00109,FALSE,"observed"
"DE",2003,"39",39,0.00123,FALSE,"observed"
"DE",2003,"40",40,0.0013,FALSE,"observed"
"DE",2003,"41",41,0.00152,FALSE,"observed"
"DE",2003,"42",42,0.00171,FALSE,"observed"
"DE",2003,"43",43,0.00196,FALSE,"observed"
"DE",2003,"44",44,0.00206,FALSE,"observed"
"DE",2003,"45",45,0.00236,FALSE,"observed"
"DE",2003,"46",46,0.00269,FALSE,"observed"
"DE",2003,"47",47,0.00291,FALSE,"observed"
"DE",2003,"48",48,0.0032,FALSE,"observed"
"DE",2003,"49",49,0.00353,FALSE,"observed"
"DE",2003,"50",50,0.00384,FALSE,"observed"
"DE",2003,"51",51,0.00405,FALSE,"observed"
"DE",2003,"52",52,0.00452,FALSE,"observed"
"DE",2003,"53",53,0.00482,FALSE,"observed"
"DE",2003,"54",54,0.00525,FALSE,"observed"
"DE",2003,"55",55,0.00563,FALSE,"observed"
"DE",2003,"56",56,0.00611,FALSE,"observed"
"DE",2003,"57",57,0.00659,FALSE,"observed"
"DE",2003,"58",58,0.00748,FALSE,"observed"
"DE",2003,"59",59,0.00801,FALSE,"observed"
"DE",2003,"60",60,0.00825,FALSE,"observed"
"DE",2003,"61",61,0.00927,FALSE,"observed"
"DE",2003,"62",62,0.00968,FALSE,"observed"
"DE",2003,"63",63,0.01082,FALSE,"observed"
"DE",2003,"64",64,0.01173,FALSE,"observed"
"DE",2003,"65",65,0.01287,FALSE,"observed"
"DE",2003,"66",66,0.01435,FALSE,"observed"
"DE",2003,"67",67,0.01572,FALSE,"observed"
"DE",2003,"68",68,0.01831,FALSE,"observed"
"DE",2003,"69",69,0.01915,FALSE,"observed"
"DE",2003,"70",70,0.02154,FALSE,"observed"
"DE",2003,"71",71,0.02395,FALSE,"observed"
"DE",2003,"72",72,0.02714,FALSE,"observed"
"DE",2003,"73",73,0.02946,FALSE,"observed"
"DE",2003,"74",74,0.0327,FALSE,"observed"
"DE",2003,"75",75,0.03595,FALSE,"observed"
"DE",2003,"76",76,0.03865,FALSE,"observed"
"DE",2003,"77",77,0.04266,FALSE,"observed"
"DE",2003,"78",78,0.04785,FALSE,"observed"
"DE",2003,"79",79,0.05239,FALSE,"observed"
"DE",2003,"80",80,0.06079,FALSE,"observed"
"DE",2003,"81",81,0.06836,FALSE,"observed"
"DE",2003,"82",82,0.07675,FALSE,"observed"
"DE",2003,"83",83,0.09436,FALSE,"observed"
"DE",2003,"84",84,0.08601,FALSE,"observed"
"DE",2003,"85",85,0.10684,FALSE,"observed"
"DE",2003,"86",86,0.12452,FALSE,"observed"
"DE",2003,"87",87,0.1327,FALSE,"observed"
"DE",2003,"88",88,0.16389,FALSE,"observed"
"DE",2003,"89",89,0.17296,FALSE,"observed"
"DE",2003,"90",90,0.19349,FALSE,"observed"
"DE",2003,"91",91,0.22034,FALSE,"observed"
"DE",2003,"92",92,0.23996,FALSE,"observed"
"DE",2003,"93",93,0.26379,FALSE,"observed"
"DE",2003,"94",94,0.2886,FALSE,"observed"
"DE",2003,"95",95,0.32065,FALSE,"observed"
"DE",2003,"96",96,0.35096,FALSE,"observed"
"DE",2003,"97",97,0.38261,FALSE,"observed"
"DE",2003,"98",98,0.41539,FALSE,"observed"
"DE",2003,"99",99,0.44902,FALSE,"observed"
"DE",2003,"100",100,0.4832,FALSE,"observed"
"DE",2003,"101",101,0.51762,FALSE,"observed"
"DE",2003,"102",102,0.55195,FALSE,"observed"
"DE",2003,"103",103,0.58586,FALSE,"observed"
"DE",2003,"104",104,0.61904,FALSE,"observed"
"DE",2003,"105",105,0.65119,FALSE,"observed"
"DE",2003,"106",106,0.68208,FALSE,"observed"
"DE",2003,"107",107,0.71148,FALSE,"observed"
"DE",2003,"108",108,0.73924,FALSE,"observed"
"DE",2003,"109",109,0.76524,FALSE,"observed"
"DE",2003,"110+",110,0.78942,FALSE,"observed"
"DE",2004,"0",0,0.00414,FALSE,"observed"
"DE",2004,"1",1,0.00036,FALSE,"observed"
"DE",2004,"2",2,0.00019,FALSE,"observed"
"DE",2004,"3",3,0.00016,FALSE,"observed"
"DE",2004,"4",4,0.00013,FALSE,"observed"
"DE",2004,"5",5,0.00012,FALSE,"observed"
"DE",2004,"6",6,9e-05,FALSE,"observed"
"DE",2004,"7",7,9e-05,FALSE,"observed"
"DE",2004,"8",8,1e-04,FALSE,"observed"
"DE",2004,"9",9,7e-05,FALSE,"observed"
"DE",2004,"10",10,8e-05,FALSE,"observed"
"DE",2004,"11",11,0.00011,FALSE,"observed"
"DE",2004,"12",12,9e-05,FALSE,"observed"
"DE",2004,"13",13,1e-04,FALSE,"observed"
"DE",2004,"14",14,0.00013,FALSE,"observed"
"DE",2004,"15",15,2e-04,FALSE,"observed"
"DE",2004,"16",16,0.00028,FALSE,"observed"
"DE",2004,"17",17,0.00034,FALSE,"observed"
"DE",2004,"18",18,0.00051,FALSE,"observed"
"DE",2004,"19",19,0.00052,FALSE,"observed"
"DE",2004,"20",20,0.00051,FALSE,"observed"
"DE",2004,"21",21,0.00048,FALSE,"observed"
"DE",2004,"22",22,5e-04,FALSE,"observed"
"DE",2004,"23",23,0.00048,FALSE,"observed"
"DE",2004,"24",24,5e-04,FALSE,"observed"
"DE",2004,"25",25,0.00048,FALSE,"observed"
"DE",2004,"26",26,0.00051,FALSE,"observed"
"DE",2004,"27",27,0.00048,FALSE,"observed"
"DE",2004,"28",28,0.00051,FALSE,"observed"
"DE",2004,"29",29,0.00049,FALSE,"observed"
"DE",2004,"30",30,5e-04,FALSE,"observed"
"DE",2004,"31",31,0.00056,FALSE,"observed"
"DE",2004,"32",32,0.00062,FALSE,"observed"
"DE",2004,"33",33,0.00064,FALSE,"observed"
"DE",2004,"34",34,0.00069,FALSE,"observed"
"DE",2004,"35",35,0.00077,FALSE,"observed"
"DE",2004,"36",36,0.00082,FALSE,"observed"
"DE",2004,"37",37,9e-04,FALSE,"observed"
"DE",2004,"38",38,0.001,FALSE,"observed"
"DE",2004,"39",39,0.00113,FALSE,"observed"
"DE",2004,"40",40,0.00124,FALSE,"observed"
"DE",2004,"41",41,0.0014,FALSE,"observed"
"DE",2004,"42",42,0.00164,FALSE,"observed"
"DE",2004,"43",43,0.00183,FALSE,"observed"
"DE",2004,"44",44,0.00197,FALSE,"observed"
"DE",2004,"45",45,0.0022,FALSE,"observed"
"DE",2004,"46",46,0.00258,FALSE,"observed"
"DE",2004,"47",47,0.0028,FALSE,"observed"
"DE",2004,"48",48,0.00305,FALSE,"observed"
"DE",2004,"49",49,0.00341,FALSE,"observed"
"DE",2004,"50",50,0.00367,FALSE,"observed"
"DE",2004,"51",51,0.00391,FALSE,"observed"
"DE",2004,"52",52,0.00438,FALSE,"observed"
"DE",2004,"53",53,0.0047,FALSE,"observed"
"DE",2004,"54",54,0.00502,FALSE,"observed"
"DE",2004,"55",55,0.00548,FALSE,"observed"
"DE",2004,"56",56,0.00587,FALSE,"observed"
"DE",2004,"57",57,0.00647,FALSE,"observed"
"DE",2004,"58",58,0.00696,FALSE,"observed"
"DE",2004,"59",59,0.00783,FALSE,"observed"
"DE",2004,"60",60,0.00845,FALSE,"observed"
"DE",2004,"61",61,0.00862,FALSE,"observed"
"DE",2004,"62",62,0.00982,FALSE,"observed"
"DE",2004,"63",63,0.01008,FALSE,"observed"
"DE",2004,"64",64,0.01129,FALSE,"observed"
"DE",2004,"65",65,0.01236,FALSE,"observed"
"DE",2004,"66",66,0.01349,FALSE,"observed"
"DE",2004,"67",67,0.01479,FALSE,"observed"
"DE",2004,"68",68,0.01636,FALSE,"observed"
"DE",2004,"69",69,0.01877,FALSE,"observed"
"DE",2004,"70",70,0.02023,FALSE,"observed"
"DE",2004,"71",71,0.02214,FALSE,"observed"
"DE",2004,"72",72,0.02484,FALSE,"observed"
"DE",2004,"73",73,0.02793,FALSE,"observed"
"DE",2004,"74",74,0.03077,FALSE,"observed"
"DE",2004,"75",75,0.03437,FALSE,"observed"
"DE",2004,"76",76,0.03754,FALSE,"observed"
"DE",2004,"77",77,0.0404,FALSE,"observed"
"DE",2004,"78",78,0.04498,FALSE,"observed"
"DE",2004,"79",79,0.05028,FALSE,"observed"
"DE",2004,"80",80,0.05557,FALSE,"observed"
"DE",2004,"81",81,0.06322,FALSE,"observed"
"DE",2004,"82",82,0.07211,FALSE,"observed"
"DE",2004,"83",83,0.08108,FALSE,"observed"
"DE",2004,"84",84,0.09902,FALSE,"observed"
"DE",2004,"85",85,0.09108,FALSE,"observed"
"DE",2004,"86",86,0.11388,FALSE,"observed"
"DE",2004,"87",87,0.13215,FALSE,"observed"
"DE",2004,"88",88,0.13758,FALSE,"observed"
"DE",2004,"89",89,0.16945,FALSE,"observed"
"DE",2004,"90",90,0.18121,FALSE,"observed"
"DE",2004,"91",91,0.20321,FALSE,"observed"
"DE",2004,"92",92,0.22818,FALSE,"observed"
"DE",2004,"93",93,0.24908,FALSE,"observed"
"DE",2004,"94",94,0.267,FALSE,"observed"
"DE",2004,"95",95,0.30104,FALSE,"observed"
"DE",2004,"96",96,0.33018,FALSE,"observed"
"DE",2004,"97",97,0.36078,FALSE,"observed"
"DE",2004,"98",98,0.39265,FALSE,"observed"
"DE",2004,"99",99,0.42555,FALSE,"observed"
"DE",2004,"100",100,0.45922,FALSE,"observed"
"DE",2004,"101",101,0.49334,FALSE,"observed"
"DE",2004,"102",102,0.52761,FALSE,"observed"
"DE",2004,"103",103,0.56168,FALSE,"observed"
"DE",2004,"104",104,0.59526,FALSE,"observed"
"DE",2004,"105",105,0.62802,FALSE,"observed"
"DE",2004,"106",106,0.6597,FALSE,"observed"
"DE",2004,"107",107,0.69006,FALSE,"observed"
"DE",2004,"108",108,0.7189,FALSE,"observed"
"DE",2004,"109",109,0.74608,FALSE,"observed"
"DE",2004,"110+",110,0.7715,FALSE,"observed"
"DE",2005,"0",0,0.00386,FALSE,"observed"
"DE",2005,"1",1,0.00035,FALSE,"observed"
"DE",2005,"2",2,0.00021,FALSE,"observed"
"DE",2005,"3",3,0.00015,FALSE,"observed"
"DE",2005,"4",4,0.00013,FALSE,"observed"
"DE",2005,"5",5,0.00012,FALSE,"observed"
"DE",2005,"6",6,0.00013,FALSE,"observed"
"DE",2005,"7",7,1e-04,FALSE,"observed"
"DE",2005,"8",8,1e-04,FALSE,"observed"
"DE",2005,"9",9,1e-04,FALSE,"observed"
"DE",2005,"10",10,9e-05,FALSE,"observed"
"DE",2005,"11",11,0.00011,FALSE,"observed"
"DE",2005,"12",12,0.00011,FALSE,"observed"
"DE",2005,"13",13,0.00014,FALSE,"observed"
"DE",2005,"14",14,0.00016,FALSE,"observed"
"DE",2005,"15",15,0.00018,FALSE,"observed"
"DE",2005,"16",16,0.00024,FALSE,"observed"
"DE",2005,"17",17,0.00031,FALSE,"observed"
"DE",2005,"18",18,0.00047,FALSE,"observed"
"DE",2005,"19",19,0.00042,FALSE,"observed"
"DE",2005,"20",20,0.00045,FALSE,"observed"
"DE",2005,"21",21,0.00046,FALSE,"observed"
"DE",2005,"22",22,0.00043,FALSE,"observed"
"DE",2005,"23",23,0.00045,FALSE,"observed"
"DE",2005,"24",24,0.00046,FALSE,"observed"
"DE",2005,"25",25,0.00045,FALSE,"observed"
"DE",2005,"26",26,0.00047,FALSE,"observed"
"DE",2005,"27",27,0.00049,FALSE,"observed"
"DE",2005,"28",28,0.00046,FALSE,"observed"
"DE",2005,"29",29,5e-04,FALSE,"observed"
"DE",2005,"30",30,0.00052,FALSE,"observed"
"DE",2005,"31",31,0.00058,FALSE,"observed"
"DE",2005,"32",32,0.00058,FALSE,"observed"
"DE",2005,"33",33,0.00064,FALSE,"observed"
"DE",2005,"34",34,0.00065,FALSE,"observed"
"DE",2005,"35",35,0.00073,FALSE,"observed"
"DE",2005,"36",36,8e-04,FALSE,"observed"
"DE",2005,"37",37,0.00083,FALSE,"observed"
"DE",2005,"38",38,0.00092,FALSE,"observed"
"DE",2005,"39",39,0.00108,FALSE,"observed"
"DE",2005,"40",40,0.00122,FALSE,"observed"
"DE",2005,"41",41,0.00134,FALSE,"observed"
"DE",2005,"42",42,0.00153,FALSE,"observed"
"DE",2005,"43",43,0.00174,FALSE,"observed"
"DE",2005,"44",44,0.00196,FALSE,"observed"
"DE",2005,"45",45,0.00217,FALSE,"observed"
"DE",2005,"46",46,0.00243,FALSE,"observed"
"DE",2005,"47",47,0.00272,FALSE,"observed"
"DE",2005,"48",48,0.00301,FALSE,"observed"
"DE",2005,"49",49,0.00334,FALSE,"observed"
"DE",2005,"50",50,0.00358,FALSE,"observed"
"DE",2005,"51",51,0.00391,FALSE,"observed"
"DE",2005,"52",52,0.00436,FALSE,"observed"
"DE",2005,"53",53,0.00466,FALSE,"observed"
"DE",2005,"54",54,0.00515,FALSE,"observed"
"DE",2005,"55",55,0.0056,FALSE,"observed"
"DE",2005,"56",56,0.00602,FALSE,"observed"
"DE",2005,"57",57,0.00642,FALSE,"observed"
"DE",2005,"58",58,0.00699,FALSE,"observed"
"DE",2005,"59",59,0.00734,FALSE,"observed"
"DE",2005,"60",60,0.00832,FALSE,"observed"
"DE",2005,"61",61,0.00898,FALSE,"observed"
"DE",2005,"62",62,0.00968,FALSE,"observed"
"DE",2005,"63",63,0.01044,FALSE,"observed"
"DE",2005,"64",64,0.01075,FALSE,"observed"
"DE",2005,"65",65,0.0123,FALSE,"observed"
"DE",2005,"66",66,0.01311,FALSE,"observed"
"DE",2005,"67",67,0.01439,FALSE,"observed"
"DE",2005,"68",68,0.01585,FALSE,"observed"
"DE",2005,"69",69,0.01775,FALSE,"observed"
"DE",2005,"70",70,0.02013,FALSE,"observed"
"DE",2005,"71",71,0.02181,FALSE,"observed"
"DE",2005,"72",72,0.02411,FALSE,"observed"
"DE",2005,"73",73,0.02671,FALSE,"observed"
"DE",2005,"74",74,0.02984,FALSE,"observed"
"DE",2005,"75",75,0.03335,FALSE,"observed"
"DE",2005,"76",76,0.03741,FALSE,"observed"
"DE",2005,"77",77,0.0411,FALSE,"observed"
"DE",2005,"78",78,0.04481,FALSE,"observed"
"DE",2005,"79",79,0.05011,FALSE,"observed"
"DE",2005,"80",80,0.05626,FALSE,"observed"
"DE",2005,"81",81,0.06273,FALSE,"observed"
"DE",2005,"82",82,0.07118,FALSE,"observed"
"DE",2005,"83",83,0.0822,FALSE,"observed"
"DE",2005,"84",84,0.09096,FALSE,"observed"
"DE",2005,"85",85,0.11318,FALSE,"observed"
"DE",2005,"86",86,0.10286,FALSE,"observed"
"DE",2005,"87",87,0.12688,FALSE,"observed"
"DE",2005,"88",88,0.15019,FALSE,"observed"
"DE",2005,"89",89,0.15867,FALSE,"observed"
"DE",2005,"90",90,0.19361,FALSE,"observed"
"DE",2005,"91",91,0.20656,FALSE,"observed"
"DE",2005,"92",92,0.22929,FALSE,"observed"
"DE",2005,"93",93,0.25028,FALSE,"observed"
"DE",2005,"94",94,0.2746,FALSE,"observed"
"DE",2005,"95",95,0.30732,FALSE,"observed"
"DE",2005,"96",96,0.3373,FALSE,"observed"
"DE",2005,"97",97,0.36874,FALSE,"observed"
"DE",2005,"98",98,0.40143,FALSE,"observed"
"DE",2005,"99",99,0.43511,FALSE,"observed"
"DE",2005,"100",100,0.46948,FALSE,"observed"
"DE",2005,"101",101,0.50422,FALSE,"observed"
"DE",2005,"102",102,0.53899,FALSE,"observed"
"DE",2005,"103",103,0.57345,FALSE,"observed"
"DE",2005,"104",104,0.60727,FALSE,"observed"
"DE",2005,"105",105,0.64015,FALSE,"observed"
"DE",2005,"106",106,0.67181,FALSE,"observed"
"DE",2005,"107",107,0.70203,FALSE,"observed"
"DE",2005,"108",108,0.73061,FALSE,"observed"
"DE",2005,"109",109,0.75742,FALSE,"observed"
"DE",2005,"110+",110,0.78239,FALSE,"observed"
"DE",2006,"0",0,0.0038,FALSE,"observed"
"DE",2006,"1",1,0.00029,FALSE,"observed"
"DE",2006,"2",2,0.00018,FALSE,"observed"
"DE",2006,"3",3,0.00015,FALSE,"observed"
"DE",2006,"4",4,0.00012,FALSE,"observed"
"DE",2006,"5",5,1e-04,FALSE,"observed"
"DE",2006,"6",6,9e-05,FALSE,"observed"
"DE",2006,"7",7,9e-05,FALSE,"observed"
"DE",2006,"8",8,9e-05,FALSE,"observed"
"DE",2006,"9",9,8e-05,FALSE,"observed"
"DE",2006,"10",10,7e-05,FALSE,"observed"
"DE",2006,"11",11,9e-05,FALSE,"observed"
"DE",2006,"12",12,0.00011,FALSE,"observed"
"DE",2006,"13",13,0.00013,FALSE,"observed"
"DE",2006,"14",14,0.00013,FALSE,"observed"
"DE",2006,"15",15,0.00018,FALSE,"observed"
"DE",2006,"16",16,0.00022,FALSE,"observed"
"DE",2006,"17",17,0.00029,FALSE,"observed"
"DE",2006,"18",18,0.00043,FALSE,"observed"
"DE",2006,"19",19,0.00046,FALSE,"observed"
"DE",2006,"20",20,0.00044,FALSE,"observed"
"DE",2006,"21",21,4e-04,FALSE,"observed"
"DE",2006,"22",22,0.00047,FALSE,"observed"
"DE",2006,"23",23,0.00044,FALSE,"observed"
"DE",2006,"24",24,0.00039,FALSE,"observed"
"DE",2006,"25",25,0.00043,FALSE,"observed"
"DE",2006,"26",26,0.00047,FALSE,"observed"
"DE",2006,"27",27,0.00041,FALSE,"observed"
"DE",2006,"28",28,0.00043,FALSE,"observed"
"DE",2006,"29",29,0.00046,FALSE,"observed"
"DE",2006,"30",30,5e-04,FALSE,"observed"
"DE",2006,"31",31,5e-04,FALSE,"observed"
"DE",2006,"32",32,0.00053,FALSE,"observed"
"DE",2006,"33",33,0.00059,FALSE,"observed"
"DE",2006,"34",34,0.00064,FALSE,"observed"
"DE",2006,"35",35,0.00069,FALSE,"observed"
"DE",2006,"36",36,0.00075,FALSE,"observed"
"DE",2006,"37",37,0.00085,FALSE,"observed"
"DE",2006,"38",38,0.00092,FALSE,"observed"
"DE",2006,"39",39,0.00104,FALSE,"observed"
"DE",2006,"40",40,0.00119,FALSE,"observed"
"DE",2006,"41",41,0.00128,FALSE,"observed"
"DE",2006,"42",42,0.00146,FALSE,"observed"
"DE",2006,"43",43,0.00165,FALSE,"observed"
"DE",2006,"44",44,0.00186,FALSE,"observed"
"DE",2006,"45",45,0.00215,FALSE,"observed"
"DE",2006,"46",46,0.00229,FALSE,"observed"
"DE",2006,"47",47,0.00262,FALSE,"observed"
"DE",2006,"48",48,0.00283,FALSE,"observed"
"DE",2006,"49",49,0.00321,FALSE,"observed"
"DE",2006,"50",50,0.0035,FALSE,"observed"
"DE",2006,"51",51,0.00396,FALSE,"observed"
"DE",2006,"52",52,0.00424,FALSE,"observed"
"DE",2006,"53",53,0.0045,FALSE,"observed"
"DE",2006,"54",54,0.00496,FALSE,"observed"
"DE",2006,"55",55,0.00528,FALSE,"observed"
"DE",2006,"56",56,0.0058,FALSE,"observed"
"DE",2006,"57",57,0.0062,FALSE,"observed"
"DE",2006,"58",58,0.00692,FALSE,"observed"
"DE",2006,"59",59,0.00742,FALSE,"observed"
"DE",2006,"60",60,0.00791,FALSE,"observed"
"DE",2006,"61",61,0.00903,FALSE,"observed"
"DE",2006,"62",62,0.00944,FALSE,"observed"
"DE",2006,"63",63,0.01004,FALSE,"observed"
"DE",2006,"64",64,0.01078,FALSE,"observed"
"DE",2006,"65",65,0.01146,FALSE,"observed"
"DE",2006,"66",66,0.01293,FALSE,"observed"
"DE",2006,"67",67,0.01388,FALSE,"observed"
"DE",2006,"68",68,0.01526,FALSE,"observed"
"DE",2006,"69",69,0.01669,FALSE,"observed"
"DE",2006,"70",70,0.01865,FALSE,"observed"
"DE",2006,"71",71,0.02158,FALSE,"observed"
"DE",2006,"72",72,0.02316,FALSE,"observed"
"DE",2006,"73",73,0.02585,FALSE,"observed"
"DE",2006,"74",74,0.02925,FALSE,"observed"
"DE",2006,"75",75,0.03225,FALSE,"observed"
"DE",2006,"76",76,0.03634,FALSE,"observed"
"DE",2006,"77",77,0.03995,FALSE,"observed"
"DE",2006,"78",78,0.04448,FALSE,"observed"
"DE",2006,"79",79,0.04862,FALSE,"observed"
"DE",2006,"80",80,0.05524,FALSE,"observed"
"DE",2006,"81",81,0.06151,FALSE,"observed"
"DE",2006,"82",82,0.06925,FALSE,"observed"
"DE",2006,"83",83,0.07856,FALSE,"observed"
"DE",2006,"84",84,0.08972,FALSE,"observed"
"DE",2006,"85",85,0.10032,FALSE,"observed"
"DE",2006,"86",86,0.12357,FALSE,"observed"
"DE",2006,"87",87,0.11076,FALSE,"observed"
"DE",2006,"88",88,0.14115,FALSE,"observed"
"DE",2006,"89",89,0.16361,FALSE,"observed"
"DE",2006,"90",90,0.1717,FALSE,"observed"
"DE",2006,"91",91,0.21206,FALSE,"observed"
"DE",2006,"92",92,0.22148,FALSE,"observed"
"DE",2006,"93",93,0.24464,FALSE,"observed"
"DE",2006,"94",94,0.27133,FALSE,"observed"
"DE",2006,"95",95,0.29863,FALSE,"observed"
"DE",2006,"96",96,0.32796,FALSE,"observed"
"DE",2006,"97",97,0.35878,FALSE,"observed"
"DE",2006,"98",98,0.3909,FALSE,"observed"
"DE",2006,"99",99,0.42406,FALSE,"observed"
"DE",2006,"100",100,0.458,FALSE,"observed"
"DE",2006,"101",101,0.4924,FALSE,"observed"
"DE",2006,"102",102,0.52693,FALSE,"observed"
"DE",2006,"103",103,0.56126,FALSE,"observed"
"DE",2006,"104",104,0.59506,FALSE,"observed"
"DE",2006,"105",105,0.62803,FALSE,"observed"
"DE",2006,"106",106,0.65989,FALSE,"observed"
"DE",2006,"107",107,0.6904,FALSE,"observed"
"DE",2006,"108",108,0.71936,FALSE,"observed"
"DE",2006,"109",109,0.74663,FALSE,"observed"
"DE",2006,"110+",110,0.77211,FALSE,"observed"
"DE",2007,"0",0,0.00393,FALSE,"observed"
"DE",2007,"1",1,0.00035,FALSE,"observed"
"DE",2007,"2",2,0.00015,FALSE,"observed"
"DE",2007,"3",3,0.00016,FALSE,"observed"
"DE",2007,"4",4,0.00013,FALSE,"observed"
"DE",2007,"5",5,0.00012,FALSE,"observed"
"DE",2007,"6",6,9e-05,FALSE,"observed"
"DE",2007,"7",7,9e-05,FALSE,"observed"
"DE",2007,"8",8,9e-05,FALSE,"observed"
"DE",2007,"9",9,7e-05,FALSE,"observed"
"DE",2007,"10",10,8e-05,FALSE,"observed"
"DE",2007,"11",11,8e-05,FALSE,"observed"
"DE",2007,"12",12,1e-04,FALSE,"observed"
"DE",2007,"13",13,9e-05,FALSE,"observed"
"DE",2007,"14",14,0.00013,FALSE,"observed"
"DE",2007,"15",15,0.00016,FALSE,"observed"
"DE",2007,"16",16,0.00025,FALSE,"observed"
"DE",2007,"17",17,0.00025,FALSE,"observed"
"DE",2007,"18",18,0.00042,FALSE,"observed"
"DE",2007,"19",19,0.00044,FALSE,"observed"
"DE",2007,"20",20,0.00043,FALSE,"observed"
"DE",2007,"21",21,0.00044,FALSE,"observed"
"DE",2007,"22",22,0.00044,FALSE,"observed"
"DE",2007,"23",23,0.00042,FALSE,"observed"
"DE",2007,"24",24,0.00042,FALSE,"observed"
"DE",2007,"25",25,0.00042,FALSE,"observed"
"DE",2007,"26",26,0.00045,FALSE,"observed"
"DE",2007,"27",27,0.00045,FALSE,"observed"
"DE",2007,"28",28,0.00047,FALSE,"observed"
"DE",2007,"29",29,0.00048,FALSE,"observed"
"DE",2007,"30",30,0.00046,FALSE,"observed"
"DE",2007,"31",31,0.00056,FALSE,"observed"
"DE",2007,"32",32,0.00057,FALSE,"observed"
"DE",2007,"33",33,6e-04,FALSE,"observed"
"DE",2007,"34",34,0.00061,FALSE,"observed"
"DE",2007,"35",35,0.00066,FALSE,"observed"
"DE",2007,"36",36,0.00074,FALSE,"observed"
"DE",2007,"37",37,0.00079,FALSE,"observed"
"DE",2007,"38",38,0.00085,FALSE,"observed"
"DE",2007,"39",39,0.00102,FALSE,"observed"
"DE",2007,"40",40,0.00106,FALSE,"observed"
"DE",2007,"41",41,0.00121,FALSE,"observed"
"DE",2007,"42",42,0.00139,FALSE,"observed"
"DE",2007,"43",43,0.00159,FALSE,"observed"
"DE",2007,"44",44,0.0017,FALSE,"observed"
"DE",2007,"45",45,0.00199,FALSE,"observed"
"DE",2007,"46",46,0.00227,FALSE,"observed"
"DE",2007,"47",47,0.00254,FALSE,"observed"
"DE",2007,"48",48,0.00287,FALSE,"observed"
"DE",2007,"49",49,0.00308,FALSE,"observed"
"DE",2007,"50",50,0.00346,FALSE,"observed"
"DE",2007,"51",51,0.00379,FALSE,"observed"
"DE",2007,"52",52,0.00414,FALSE,"observed"
"DE",2007,"53",53,0.00454,FALSE,"observed"
"DE",2007,"54",54,0.00485,FALSE,"observed"
"DE",2007,"55",55,0.00546,FALSE,"observed"
"DE",2007,"56",56,0.00579,FALSE,"observed"
"DE",2007,"57",57,0.00602,FALSE,"observed"
"DE",2007,"58",58,0.00678,FALSE,"observed"
"DE",2007,"59",59,0.00726,FALSE,"observed"
"DE",2007,"60",60,0.008,FALSE,"observed"
"DE",2007,"61",61,0.00848,FALSE,"observed"
"DE",2007,"62",62,0.00941,FALSE,"observed"
"DE",2007,"63",63,0.01025,FALSE,"observed"
"DE",2007,"64",64,0.01072,FALSE,"observed"
"DE",2007,"65",65,0.01193,FALSE,"observed"
"DE",2007,"66",66,0.01241,FALSE,"observed"
"DE",2007,"67",67,0.0138,FALSE,"observed"
"DE",2007,"68",68,0.01491,FALSE,"observed"
"DE",2007,"69",69,0.01639,FALSE,"observed"
"DE",2007,"70",70,0.01809,FALSE,"observed"
"DE",2007,"71",71,0.02008,FALSE,"observed"
"DE",2007,"72",72,0.02333,FALSE,"observed"
"DE",2007,"73",73,0.02466,FALSE,"observed"
"DE",2007,"74",74,0.02786,FALSE,"observed"
"DE",2007,"75",75,0.03191,FALSE,"observed"
"DE",2007,"76",76,0.03502,FALSE,"observed"
"DE",2007,"77",77,0.03906,FALSE,"observed"
"DE",2007,"78",78,0.04436,FALSE,"observed"
"DE",2007,"79",79,0.0484,FALSE,"observed"
"DE",2007,"80",80,0.05492,FALSE,"observed"
"DE",2007,"81",81,0.06159,FALSE,"observed"
"DE",2007,"82",82,0.06835,FALSE,"observed"
"DE",2007,"83",83,0.0767,FALSE,"observed"
"DE",2007,"84",84,0.08582,FALSE,"observed"
"DE",2007,"85",85,0.09897,FALSE,"observed"
"DE",2007,"86",86,0.11165,FALSE,"observed"
"DE",2007,"87",87,0.13865,FALSE,"observed"
"DE",2007,"88",88,0.12586,FALSE,"observed"
"DE",2007,"89",89,0.15698,FALSE,"observed"
"DE",2007,"90",90,0.1812,FALSE,"observed"
"DE",2007,"91",91,0.19001,FALSE,"observed"
"DE",2007,"92",92,0.23345,FALSE,"observed"
"DE",2007,"93",93,0.24445,FALSE,"observed"
"DE",2007,"94",94,0.27353,FALSE,"observed"
"DE",2007,"95",95,0.29936,FALSE,"observed"
"DE",2007,"96",96,0.32926,FALSE,"observed"
"DE",2007,"97",97,0.3607,FALSE,"observed"
"DE",2007,"98",98,0.39346,FALSE,"observed"
"DE",2007,"99",99,0.42729,FALSE,"observed"
"DE",2007,"100",100,0.46188,FALSE,"observed"
"DE",2007,"101",101,0.49691,FALSE,"observed"
"DE",2007,"102",102,0.53203,FALSE,"observed"
"DE",2007,"103",103,0.56688,FALSE,"observed"
"DE",2007,"104",104,0.60113,FALSE,"observed"
"DE",2007,"105",105,0.63444,FALSE,"observed"
"DE",2007,"106",106,0.66655,FALSE,"observed"
"DE",2007,"107",107,0.69721,FALSE,"observed"
"DE",2007,"108",108,0.72623,FALSE,"observed"
"DE",2007,"109",109,0.75346,FALSE,"observed"
"DE",2007,"110+",110,0.77882,FALSE,"observed"
"DE",2008,"0",0,0.00351,FALSE,"observed"
"DE",2008,"1",1,0.00029,FALSE,"observed"
"DE",2008,"2",2,0.00022,FALSE,"observed"
"DE",2008,"3",3,0.00015,FALSE,"observed"
"DE",2008,"4",4,0.00012,FALSE,"observed"
"DE",2008,"5",5,1e-04,FALSE,"observed"
"DE",2008,"6",6,9e-05,FALSE,"observed"
"DE",2008,"7",7,8e-05,FALSE,"observed"
"DE",2008,"8",8,9e-05,FALSE,"observed"
"DE",2008,"9",9,8e-05,FALSE,"observed"
"DE",2008,"10",10,9e-05,FALSE,"observed"
"DE",2008,"11",11,9e-05,FALSE,"observed"
"DE",2008,"12",12,9e-05,FALSE,"observed"
"DE",2008,"13",13,1e-04,FALSE,"observed"
"DE",2008,"14",14,0.00015,FALSE,"observed"
"DE",2008,"15",15,0.00017,FALSE,"observed"
"DE",2008,"16",16,0.00023,FALSE,"observed"
"DE",2008,"17",17,0.00028,FALSE,"observed"
"DE",2008,"18",18,4e-04,FALSE,"observed"
"DE",2008,"19",19,0.00038,FALSE,"observed"
"DE",2008,"20",20,4e-04,FALSE,"observed"
"DE",2008,"21",21,0.00041,FALSE,"observed"
"DE",2008,"22",22,0.00039,FALSE,"observed"
"DE",2008,"23",23,0.00042,FALSE,"observed"
"DE",2008,"24",24,0.00042,FALSE,"observed"
"DE",2008,"25",25,0.00042,FALSE,"observed"
"DE",2008,"26",26,0.00046,FALSE,"observed"
"DE",2008,"27",27,0.00046,FALSE,"observed"
"DE",2008,"28",28,0.00043,FALSE,"observed"
"DE",2008,"29",29,0.00048,FALSE,"observed"
"DE",2008,"30",30,0.00049,FALSE,"observed"
"DE",2008,"31",31,0.00054,FALSE,"observed"
"DE",2008,"32",32,0.00055,FALSE,"observed"
"DE",2008,"33",33,0.00057,FALSE,"observed"
"DE",2008,"34",34,0.00061,FALSE,"observed"
"DE",2008,"35",35,0.00068,FALSE,"observed"
"DE",2008,"36",36,7e-04,FALSE,"observed"
"DE",2008,"37",37,0.00078,FALSE,"observed"
"DE",2008,"38",38,0.00088,FALSE,"observed"
"DE",2008,"39",39,0.00096,FALSE,"observed"
"DE",2008,"40",40,0.00109,FALSE,"observed"
"DE",2008,"41",41,0.0012,FALSE,"observed"
"DE",2008,"42",42,0.00133,FALSE,"observed"
"DE",2008,"43",43,0.0015,FALSE,"observed"
"DE",2008,"44",44,0.00165,FALSE,"observed"
"DE",2008,"45",45,0.0019,FALSE,"observed"
"DE",2008,"46",46,0.00224,FALSE,"observed"
"DE",2008,"47",47,0.00247,FALSE,"observed"
"DE",2008,"48",48,0.00268,FALSE,"observed"
"DE",2008,"49",49,0.0031,FALSE,"observed"
"DE",2008,"50",50,0.0034,FALSE,"observed"
"DE",2008,"51",51,0.00363,FALSE,"observed"
"DE",2008,"52",52,0.00416,FALSE,"observed"
"DE",2008,"53",53,0.00446,FALSE,"observed"
"DE",2008,"54",54,0.00488,FALSE,"observed"
"DE",2008,"55",55,0.00519,FALSE,"observed"
"DE",2008,"56",56,0.00567,FALSE,"observed"
"DE",2008,"57",57,0.00613,FALSE,"observed"
"DE",2008,"58",58,0.00677,FALSE,"observed"
"DE",2008,"59",59,0.00725,FALSE,"observed"
"DE",2008,"60",60,0.00813,FALSE,"observed"
"DE",2008,"61",61,0.00873,FALSE,"observed"
"DE",2008,"62",62,0.0094,FALSE,"observed"
"DE",2008,"63",63,0.01033,FALSE,"observed"
"DE",2008,"64",64,0.01094,FALSE,"observed"
"DE",2008,"65",65,0.01147,FALSE,"observed"
"DE",2008,"66",66,0.01284,FALSE,"observed"
"DE",2008,"67",67,0.01312,FALSE,"observed"
"DE",2008,"68",68,0.0149,FALSE,"observed"
"DE",2008,"69",69,0.0162,FALSE,"observed"
"DE",2008,"70",70,0.0176,FALSE,"observed"
"DE",2008,"71",71,0.01948,FALSE,"observed"
"DE",2008,"72",72,0.02184,FALSE,"observed"
"DE",2008,"73",73,0.02542,FALSE,"observed"
"DE",2008,"74",74,0.02739,FALSE,"observed"
"DE",2008,"75",75,0.03078,FALSE,"observed"
"DE",2008,"76",76,0.03476,FALSE,"observed"
"DE",2008,"77",77,0.0391,FALSE,"observed"
"DE",2008,"78",78,0.04398,FALSE,"observed"
"DE",2008,"79",79,0.0489,FALSE,"observed"
"DE",2008,"80",80,0.05544,FALSE,"observed"
"DE",2008,"81",81,0.06159,FALSE,"observed"
"DE",2008,"82",82,0.0689,FALSE,"observed"
"DE",2008,"83",83,0.07739,FALSE,"observed"
"DE",2008,"84",84,0.08586,FALSE,"observed"
"DE",2008,"85",85,0.09989,FALSE,"observed"
"DE",2008,"86",86,0.11389,FALSE,"observed"
"DE",2008,"87",87,0.12729,FALSE,"observed"
"DE",2008,"88",88,0.15671,FALSE,"observed"
"DE",2008,"89",89,0.14374,FALSE,"observed"
"DE",2008,"90",90,0.17762,FALSE,"observed"
"DE",2008,"91",91,0.20911,FALSE,"observed"
"DE",2008,"92",92,0.21793,FALSE,"observed"
"DE",2008,"93",93,0.26606,FALSE,"observed"
"DE",2008,"94",94,0.27808,FALSE,"observed"
"DE",2008,"95",95,0.30753,FALSE,"observed"
"DE",2008,"96",96,0.33859,FALSE,"observed"
"DE",2008,"97",97,0.3712,FALSE,"observed"
"DE",2008,"98",98,0.40512,FALSE,"observed"
"DE",2008,"99",99,0.44004,FALSE,"observed"
"DE",2008,"100",100,0.47563,FALSE,"observed"
"DE",2008,"101",101,0.51153,FALSE,"observed"
"DE",2008,"102",102,0.54736,FALSE,"observed"
"DE",2008,"103",103,0.58274,FALSE,"observed"
"DE",2008,"104",104,0.61733,FALSE,"observed"
"DE",2008,"105",105,0.65078,FALSE,"observed"
"DE",2008,"106",106,0.68283,FALSE,"observed"
"DE",2008,"107",107,0.71325,FALSE,"observed"
"DE",2008,"108",108,0.74185,FALSE,"observed"
"DE",2008,"109",109,0.76853,FALSE,"observed"
"DE",2008,"110+",110,0.79321,FALSE,"observed"
"DE",2009,"0",0,0.00347,FALSE,"observed"
"DE",2009,"1",1,0.00032,FALSE,"observed"
"DE",2009,"2",2,0.00017,FALSE,"observed"
"DE",2009,"3",3,0.00014,FALSE,"observed"
"DE",2009,"4",4,0.00014,FALSE,"observed"
"DE",2009,"5",5,1e-04,FALSE,"observed"
"DE",2009,"6",6,1e-04,FALSE,"observed"
"DE",2009,"7",7,1e-04,FALSE,"observed"
"DE",2009,"8",8,7e-05,FALSE,"observed"
"DE",2009,"9",9,7e-05,FALSE,"observed"
"DE",2009,"10",10,8e-05,FALSE,"observed"
"DE",2009,"11",11,1e-04,FALSE,"observed"
"DE",2009,"12",12,8e-05,FALSE,"observed"
"DE",2009,"13",13,9e-05,FALSE,"observed"
"DE",2009,"14",14,0.00016,FALSE,"observed"
"DE",2009,"15",15,0.00018,FALSE,"observed"
"DE",2009,"16",16,0.00022,FALSE,"observed"
"DE",2009,"17",17,0.00027,FALSE,"observed"
"DE",2009,"18",18,0.00039,FALSE,"observed"
"DE",2009,"19",19,0.00036,FALSE,"observed"
"DE",2009,"20",20,0.00042,FALSE,"observed"
"DE",2009,"21",21,0.00037,FALSE,"observed"
"DE",2009,"22",22,0.00041,FALSE,"observed"
"DE",2009,"23",23,0.00037,FALSE,"observed"
"DE",2009,"24",24,0.00041,FALSE,"observed"
"DE",2009,"25",25,0.00042,FALSE,"observed"
"DE",2009,"26",26,0.00044,FALSE,"observed"
"DE",2009,"27",27,0.00047,FALSE,"observed"
"DE",2009,"28",28,0.00046,FALSE,"observed"
"DE",2009,"29",29,0.00047,FALSE,"observed"
"DE",2009,"30",30,0.00051,FALSE,"observed"
"DE",2009,"31",31,0.00056,FALSE,"observed"
"DE",2009,"32",32,0.00058,FALSE,"observed"
"DE",2009,"33",33,0.00052,FALSE,"observed"
"DE",2009,"34",34,0.00066,FALSE,"observed"
"DE",2009,"35",35,0.00067,FALSE,"observed"
"DE",2009,"36",36,7e-04,FALSE,"observed"
"DE",2009,"37",37,0.00078,FALSE,"observed"
"DE",2009,"38",38,0.00087,FALSE,"observed"
"DE",2009,"39",39,0.00094,FALSE,"observed"
"DE",2009,"40",40,0.00106,FALSE,"observed"
"DE",2009,"41",41,0.00116,FALSE,"observed"
"DE",2009,"42",42,0.00122,FALSE,"observed"
"DE",2009,"43",43,0.00149,FALSE,"observed"
"DE",2009,"44",44,0.00166,FALSE,"observed"
"DE",2009,"45",45,0.00188,FALSE,"observed"
"DE",2009,"46",46,0.00209,FALSE,"observed"
"DE",2009,"47",47,0.0024,FALSE,"observed"
"DE",2009,"48",48,0.00269,FALSE,"observed"
"DE",2009,"49",49,0.00298,FALSE,"observed"
"DE",2009,"50",50,0.00325,FALSE,"observed"
"DE",2009,"51",51,0.00375,FALSE,"observed"
"DE",2009,"52",52,0.00398,FALSE,"observed"
"DE",2009,"53",53,0.0044,FALSE,"observed"
"DE",2009,"54",54,0.00489,FALSE,"observed"
"DE",2009,"55",55,0.0053,FALSE,"observed"
"DE",2009,"56",56,0.00562,FALSE,"observed"
"DE",2009,"57",57,0.00618,FALSE,"observed"
"DE",2009,"58",58,0.00674,FALSE,"observed"
"DE",2009,"59",59,0.00732,FALSE,"observed"
"DE",2009,"60",60,0.008,FALSE,"observed"
"DE",2009,"61",61,0.00853,FALSE,"observed"
"DE",2009,"62",62,0.0093,FALSE,"observed"
"DE",2009,"63",63,0.00967,FALSE,"observed"
"DE",2009,"64",64,0.01102,FALSE,"observed"
"DE",2009,"65",65,0.01188,FALSE,"observed"
"DE",2009,"66",66,0.01233,FALSE,"observed"
"DE",2009,"67",67,0.01382,FALSE,"observed"
"DE",2009,"68",68,0.01439,FALSE,"observed"
"DE",2009,"69",69,0.01625,FALSE,"observed"
"DE",2009,"70",70,0.01751,FALSE,"observed"
"DE",2009,"71",71,0.01903,FALSE,"observed"
"DE",2009,"72",72,0.02147,FALSE,"observed"
"DE",2009,"73",73,0.02367,FALSE,"observed"
"DE",2009,"74",74,0.02731,FALSE,"observed"
"DE",2009,"75",75,0.02971,FALSE,"observed"
"DE",2009,"76",76,0.03354,FALSE,"observed"
"DE",2009,"77",77,0.03855,FALSE,"observed"
"DE",2009,"78",78,0.04349,FALSE,"observed"
"DE",2009,"79",79,0.04817,FALSE,"observed"
"DE",2009,"80",80,0.05516,FALSE,"observed"
"DE",2009,"81",81,0.06154,FALSE,"observed"
"DE",2009,"82",82,0.06938,FALSE,"observed"
"DE",2009,"83",83,0.07689,FALSE,"observed"
"DE",2009,"84",84,0.08837,FALSE,"observed"
"DE",2009,"85",85,0.09917,FALSE,"observed"
"DE",2009,"86",86,0.11128,FALSE,"observed"
"DE",2009,"87",87,0.13081,FALSE,"observed"
"DE",2009,"88",88,0.14309,FALSE,"observed"
"DE",2009,"89",89,0.17409,FALSE,"observed"
"DE",2009,"90",90,0.15832,FALSE,"observed"
"DE",2009,"91",91,0.19992,FALSE,"observed"
"DE",2009,"92",92,0.23352,FALSE,"observed"
"DE",2009,"93",93,0.24378,FALSE,"observed"
"DE",2009,"94",94,0.29283,FALSE,"observed"
"DE",2009,"95",95,0.3074,FALSE,"observed"
"DE",2009,"96",96,0.33849,FALSE,"observed"
"DE",2009,"97",97,0.37113,FALSE,"observed"
"DE",2009,"98",98,0.40508,FALSE,"observed"
"DE",2009,"99",99,0.44005,FALSE,"observed"
"DE",2009,"100",100,0.4757,FALSE,"observed"
"DE",2009,"101",101,0.51165,FALSE,"observed"
"DE",2009,"102",102,0.54754,FALSE,"observed"
"DE",2009,"103",103,0.58299,FALSE,"observed"
"DE",2009,"104",104,0.61763,FALSE,"observed"
"DE",2009,"105",105,0.65114,FALSE,"observed"
"DE",2009,"106",106,0.68324,FALSE,"observed"
"DE",2009,"107",107,0.7137,FALSE,"observed"
"DE",2009,"108",108,0.74234,FALSE,"observed"
"DE",2009,"109",109,0.76905,FALSE,"observed"
"DE",2009,"110+",110,0.79375,FALSE,"observed"
"DE",2010,"0",0,0.00348,FALSE,"observed"
"DE",2010,"1",1,0.00029,FALSE,"observed"
"DE",2010,"2",2,0.00018,FALSE,"observed"
"DE",2010,"3",3,0.00012,FALSE,"observed"
"DE",2010,"4",4,0.00012,FALSE,"observed"
"DE",2010,"5",5,1e-04,FALSE,"observed"
"DE",2010,"6",6,1e-04,FALSE,"observed"
"DE",2010,"7",7,7e-05,FALSE,"observed"
"DE",2010,"8",8,8e-05,FALSE,"observed"
"DE",2010,"9",9,8e-05,FALSE,"observed"
"DE",2010,"10",10,6e-05,FALSE,"observed"
"DE",2010,"11",11,8e-05,FALSE,"observed"
"DE",2010,"12",12,1e-04,FALSE,"observed"
"DE",2010,"13",13,1e-04,FALSE,"observed"
"DE",2010,"14",14,0.00011,FALSE,"observed"
"DE",2010,"15",15,0.00016,FALSE,"observed"
"DE",2010,"16",16,2e-04,FALSE,"observed"
"DE",2010,"17",17,0.00026,FALSE,"observed"
"DE",2010,"18",18,0.00036,FALSE,"observed"
"DE",2010,"19",19,0.00037,FALSE,"observed"
"DE",2010,"20",20,0.00036,FALSE,"observed"
"DE",2010,"21",21,4e-04,FALSE,"observed"
"DE",2010,"22",22,0.00037,FALSE,"observed"
"DE",2010,"23",23,0.00039,FALSE,"observed"
"DE",2010,"24",24,0.00038,FALSE,"observed"
"DE",2010,"25",25,4e-04,FALSE,"observed"
"DE",2010,"26",26,0.00044,FALSE,"observed"
"DE",2010,"27",27,0.00049,FALSE,"observed"
"DE",2010,"28",28,0.00045,FALSE,"observed"
"DE",2010,"29",29,5e-04,FALSE,"observed"
"DE",2010,"30",30,0.00045,FALSE,"observed"
"DE",2010,"31",31,0.00049,FALSE,"observed"
"DE",2010,"32",32,0.00056,FALSE,"observed"
"DE",2010,"33",33,0.00061,FALSE,"observed"
"DE",2010,"34",34,0.00065,FALSE,"observed"
"DE",2010,"35",35,0.00067,FALSE,"observed"
"DE",2010,"36",36,0.00074,FALSE,"observed"
"DE",2010,"37",37,0.00076,FALSE,"observed"
"DE",2010,"38",38,0.00087,FALSE,"observed"
"DE",2010,"39",39,0.00097,FALSE,"observed"
"DE",2010,"40",40,0.00101,FALSE,"observed"
"DE",2010,"41",41,0.00115,FALSE,"observed"
"DE",2010,"42",42,0.0013,FALSE,"observed"
"DE",2010,"43",43,0.00142,FALSE,"observed"
"DE",2010,"44",44,0.00163,FALSE,"observed"
"DE",2010,"45",45,0.00178,FALSE,"observed"
"DE",2010,"46",46,0.00194,FALSE,"observed"
"DE",2010,"47",47,0.00233,FALSE,"observed"
"DE",2010,"48",48,0.00251,FALSE,"observed"
"DE",2010,"49",49,0.00291,FALSE,"observed"
"DE",2010,"50",50,0.00316,FALSE,"observed"
"DE",2010,"51",51,0.0037,FALSE,"observed"
"DE",2010,"52",52,0.00397,FALSE,"observed"
"DE",2010,"53",53,0.00437,FALSE,"observed"
"DE",2010,"54",54,0.00485,FALSE,"observed"
"DE",2010,"55",55,0.00524,FALSE,"observed"
"DE",2010,"56",56,0.00574,FALSE,"observed"
"DE",2010,"57",57,0.00608,FALSE,"observed"
"DE",2010,"58",58,0.00663,FALSE,"observed"
"DE",2010,"59",59,0.00705,FALSE,"observed"
"DE",2010,"60",60,0.00796,FALSE,"observed"
"DE",2010,"61",61,0.00855,FALSE,"observed"
"DE",2010,"62",62,0.00918,FALSE,"observed"
"DE",2010,"63",63,0.0101,FALSE,"observed"
"DE",2010,"64",64,0.01062,FALSE,"observed"
"DE",2010,"65",65,0.01177,FALSE,"observed"
"DE",2010,"66",66,0.01294,FALSE,"observed"
"DE",2010,"67",67,0.01343,FALSE,"observed"
"DE",2010,"68",68,0.01475,FALSE,"observed"
"DE",2010,"69",69,0.01541,FALSE,"observed"
"DE",2010,"70",70,0.0176,FALSE,"observed"
"DE",2010,"71",71,0.01896,FALSE,"observed"
"DE",2010,"72",72,0.0205,FALSE,"observed"
"DE",2010,"73",73,0.02332,FALSE,"observed"
"DE",2010,"74",74,0.02605,FALSE,"observed"
"DE",2010,"75",75,0.03014,FALSE,"observed"
"DE",2010,"76",76,0.03273,FALSE,"observed"
"DE",2010,"77",77,0.03714,FALSE,"observed"
"DE",2010,"78",78,0.0426,FALSE,"observed"
"DE",2010,"79",79,0.04796,FALSE,"observed"
"DE",2010,"80",80,0.05337,FALSE,"observed"
"DE",2010,"81",81,0.06087,FALSE,"observed"
"DE",2010,"82",82,0.06751,FALSE,"observed"
"DE",2010,"83",83,0.07634,FALSE,"observed"
"DE",2010,"84",84,0.08597,FALSE,"observed"
"DE",2010,"85",85,0.09675,FALSE,"observed"
"DE",2010,"86",86,0.1096,FALSE,"observed"
"DE",2010,"87",87,0.12471,FALSE,"observed"
"DE",2010,"88",88,0.14281,FALSE,"observed"
"DE",2010,"89",89,0.15858,FALSE,"observed"
"DE",2010,"90",90,0.19335,FALSE,"observed"
"DE",2010,"91",91,0.17703,FALSE,"observed"
"DE",2010,"92",92,0.22102,FALSE,"observed"
"DE",2010,"93",93,0.25906,FALSE,"observed"
"DE",2010,"94",94,0.26912,FALSE,"observed"
"DE",2010,"95",95,0.30483,FALSE,"observed"
"DE",2010,"96",96,0.33609,FALSE,"observed"
"DE",2010,"97",97,0.36897,FALSE,"observed"
"DE",2010,"98",98,0.40321,FALSE,"observed"
"DE",2010,"99",99,0.43852,FALSE,"observed"
"DE",2010,"100",100,0.47454,FALSE,"observed"
"DE",2010,"101",101,0.5109,FALSE,"observed"
"DE",2010,"102",102,0.5472,FALSE,"observed"
"DE",2010,"103",103,0.58306,FALSE,"observed"
"DE",2010,"104",104,0.6181,FALSE,"observed"
"DE",2010,"105",105,0.65199,FALSE,"observed"
"DE",2010,"106",106,0.68443,FALSE,"observed"
"DE",2010,"107",107,0.71519,FALSE,"observed"
"DE",2010,"108",108,0.74409,FALSE,"observed"
"DE",2010,"109",109,0.771,FALSE,"observed"
"DE",2010,"110+",110,0.79586,FALSE,"observed"
"DE",2011,"0",0,0.0036,FALSE,"observed"
"DE",2011,"1",1,0.00028,FALSE,"observed"
"DE",2011,"2",2,0.00017,FALSE,"observed"
"DE",2011,"3",3,0.00012,FALSE,"observed"
"DE",2011,"4",4,0.00012,FALSE,"observed"
"DE",2011,"5",5,0.00011,FALSE,"observed"
"DE",2011,"6",6,9e-05,FALSE,"observed"
"DE",2011,"7",7,8e-05,FALSE,"observed"
"DE",2011,"8",8,9e-05,FALSE,"observed"
"DE",2011,"9",9,7e-05,FALSE,"observed"
"DE",2011,"10",10,9e-05,FALSE,"observed"
"DE",2011,"11",11,7e-05,FALSE,"observed"
"DE",2011,"12",12,0.00011,FALSE,"observed"
"DE",2011,"13",13,0.00011,FALSE,"observed"
"DE",2011,"14",14,0.00012,FALSE,"observed"
"DE",2011,"15",15,0.00012,FALSE,"observed"
"DE",2011,"16",16,0.00021,FALSE,"observed"
"DE",2011,"17",17,0.00024,FALSE,"observed"
"DE",2011,"18",18,0.00035,FALSE,"observed"
"DE",2011,"19",19,0.00035,FALSE,"observed"
"DE",2011,"20",20,0.00039,FALSE,"observed"
"DE",2011,"21",21,4e-04,FALSE,"observed"
"DE",2011,"22",22,0.00039,FALSE,"observed"
"DE",2011,"23",23,4e-04,FALSE,"observed"
"DE",2011,"24",24,4e-04,FALSE,"observed"
"DE",2011,"25",25,0.00037,FALSE,"observed"
"DE",2011,"26",26,0.00038,FALSE,"observed"
"DE",2011,"27",27,0.00043,FALSE,"observed"
"DE",2011,"28",28,0.00042,FALSE,"observed"
"DE",2011,"29",29,0.00049,FALSE,"observed"
"DE",2011,"30",30,0.00048,FALSE,"observed"
"DE",2011,"31",31,0.00053,FALSE,"observed"
"DE",2011,"32",32,0.00054,FALSE,"observed"
"DE",2011,"33",33,0.00062,FALSE,"observed"
"DE",2011,"34",34,0.00058,FALSE,"observed"
"DE",2011,"35",35,0.00058,FALSE,"observed"
"DE",2011,"36",36,0.00067,FALSE,"observed"
"DE",2011,"37",37,0.00075,FALSE,"observed"
"DE",2011,"38",38,0.00084,FALSE,"observed"
"DE",2011,"39",39,9e-04,FALSE,"observed"
"DE",2011,"40",40,0.00102,FALSE,"observed"
"DE",2011,"41",41,0.00106,FALSE,"observed"
"DE",2011,"42",42,0.00122,FALSE,"observed"
"DE",2011,"43",43,0.00142,FALSE,"observed"
"DE",2011,"44",44,0.00151,FALSE,"observed"
"DE",2011,"45",45,0.0017,FALSE,"observed"
"DE",2011,"46",46,0.00193,FALSE,"observed"
"DE",2011,"47",47,0.0022,FALSE,"observed"
"DE",2011,"48",48,0.00243,FALSE,"observed"
"DE",2011,"49",49,0.00276,FALSE,"observed"
"DE",2011,"50",50,0.00309,FALSE,"observed"
"DE",2011,"51",51,0.00353,FALSE,"observed"
"DE",2011,"52",52,0.00389,FALSE,"observed"
"DE",2011,"53",53,0.00428,FALSE,"observed"
"DE",2011,"54",54,0.00461,FALSE,"observed"
"DE",2011,"55",55,0.00518,FALSE,"observed"
"DE",2011,"56",56,0.00549,FALSE,"observed"
"DE",2011,"57",57,0.00602,FALSE,"observed"
"DE",2011,"58",58,0.00668,FALSE,"observed"
"DE",2011,"59",59,0.00725,FALSE,"observed"
"DE",2011,"60",60,0.00792,FALSE,"observed"
"DE",2011,"61",61,0.00859,FALSE,"observed"
"DE",2011,"62",62,0.00899,FALSE,"observed"
"DE",2011,"63",63,0.00966,FALSE,"observed"
"DE",2011,"64",64,0.01075,FALSE,"observed"
"DE",2011,"65",65,0.01125,FALSE,"observed"
"DE",2011,"66",66,0.0127,FALSE,"observed"
"DE",2011,"67",67,0.01353,FALSE,"observed"
"DE",2011,"68",68,0.01437,FALSE,"observed"
"DE",2011,"69",69,0.01578,FALSE,"observed"
"DE",2011,"70",70,0.01639,FALSE,"observed"
"DE",2011,"71",71,0.01857,FALSE,"observed"
"DE",2011,"72",72,0.02026,FALSE,"observed"
"DE",2011,"73",73,0.02198,FALSE,"observed"
"DE",2011,"74",74,0.02507,FALSE,"observed"
"DE",2011,"75",75,0.02822,FALSE,"observed"
"DE",2011,"76",76,0.03257,FALSE,"observed"
"DE",2011,"77",77,0.03553,FALSE,"observed"
"DE",2011,"78",78,0.04047,FALSE,"observed"
"DE",2011,"79",79,0.0456,FALSE,"observed"
"DE",2011,"80",80,0.05142,FALSE,"observed"
"DE",2011,"81",81,0.05797,FALSE,"observed"
"DE",2011,"82",82,0.06673,FALSE,"observed"
"DE",2011,"83",83,0.07363,FALSE,"observed"
"DE",2011,"84",84,0.08297,FALSE,"observed"
"DE",2011,"85",85,0.09418,FALSE,"observed"
"DE",2011,"86",86,0.10695,FALSE,"observed"
"DE",2011,"87",87,0.11932,FALSE,"observed"
"DE",2011,"88",88,0.13576,FALSE,"observed"
"DE",2011,"89",89,0.15677,FALSE,"observed"
"DE",2011,"90",90,0.17278,FALSE,"observed"
"DE",2011,"91",91,0.21241,FALSE,"observed"
"DE",2011,"92",92,0.19278,FALSE,"observed"
"DE",2011,"93",93,0.23545,FALSE,"observed"
"DE",2011,"94",94,0.27223,FALSE,"observed"
"DE",2011,"95",95,0.29745,FALSE,"observed"
"DE",2011,"96",96,0.32835,FALSE,"observed"
"DE",2011,"97",97,0.36092,FALSE,"observed"
"DE",2011,"98",98,0.39494,FALSE,"observed"
"DE",2011,"99",99,0.43011,FALSE,"observed"
"DE",2011,"100",100,0.4661,FALSE,"observed"
"DE",2011,"101",101,0.50253,FALSE,"observed"
"DE",2011,"102",102,0.53901,FALSE,"observed"
"DE",2011,"103",103,0.57514,FALSE,"observed"
"DE",2011,"104",104,0.61054,FALSE,"observed"
"DE",2011,"105",105,0.64486,FALSE,"observed"
"DE",2011,"106",106,0.67779,FALSE,"observed"
"DE",2011,"107",107,0.70908,FALSE,"observed"
"DE",2011,"108",108,0.73852,FALSE,"observed"
"DE",2011,"109",109,0.76599,FALSE,"observed"
"DE",2011,"110+",110,0.79141,FALSE,"observed"
"DE",2012,"0",0,0.00331,FALSE,"observed"
"DE",2012,"1",1,0.00024,FALSE,"observed"
"DE",2012,"2",2,0.00015,FALSE,"observed"
"DE",2012,"3",3,0.00012,FALSE,"observed"
"DE",2012,"4",4,0.00012,FALSE,"observed"
"DE",2012,"5",5,0.00012,FALSE,"observed"
"DE",2012,"6",6,7e-05,FALSE,"observed"
"DE",2012,"7",7,8e-05,FALSE,"observed"
"DE",2012,"8",8,9e-05,FALSE,"observed"
"DE",2012,"9",9,7e-05,FALSE,"observed"
"DE",2012,"10",10,6e-05,FALSE,"observed"
"DE",2012,"11",11,7e-05,FALSE,"observed"
"DE",2012,"12",12,8e-05,FALSE,"observed"
"DE",2012,"13",13,1e-04,FALSE,"observed"
"DE",2012,"14",14,1e-04,FALSE,"observed"
"DE",2012,"15",15,0.00015,FALSE,"observed"
"DE",2012,"16",16,0.00019,FALSE,"observed"
"DE",2012,"17",17,0.00026,FALSE,"observed"
"DE",2012,"18",18,0.00035,FALSE,"observed"
"DE",2012,"19",19,0.00032,FALSE,"observed"
"DE",2012,"20",20,0.00031,FALSE,"observed"
"DE",2012,"21",21,0.00033,FALSE,"observed"
"DE",2012,"22",22,0.00036,FALSE,"observed"
"DE",2012,"23",23,0.00038,FALSE,"observed"
"DE",2012,"24",24,0.00037,FALSE,"observed"
"DE",2012,"25",25,0.00038,FALSE,"observed"
"DE",2012,"26",26,0.00038,FALSE,"observed"
"DE",2012,"27",27,0.00039,FALSE,"observed"
"DE",2012,"28",28,0.00041,FALSE,"observed"
"DE",2012,"29",29,0.00042,FALSE,"observed"
"DE",2012,"30",30,0.00043,FALSE,"observed"
"DE",2012,"31",31,0.00045,FALSE,"observed"
"DE",2012,"32",32,0.00053,FALSE,"observed"
"DE",2012,"33",33,0.00054,FALSE,"observed"
"DE",2012,"34",34,0.00058,FALSE,"observed"
"DE",2012,"35",35,0.00061,FALSE,"observed"
"DE",2012,"36",36,0.00067,FALSE,"observed"
"DE",2012,"37",37,0.00071,FALSE,"observed"
"DE",2012,"38",38,0.00079,FALSE,"observed"
"DE",2012,"39",39,0.00085,FALSE,"observed"
"DE",2012,"40",40,0.00094,FALSE,"observed"
"DE",2012,"41",41,0.0011,FALSE,"observed"
"DE",2012,"42",42,0.00121,FALSE,"observed"
"DE",2012,"43",43,0.00131,FALSE,"observed"
"DE",2012,"44",44,0.00152,FALSE,"observed"
"DE",2012,"45",45,0.00167,FALSE,"observed"
"DE",2012,"46",46,0.00185,FALSE,"observed"
"DE",2012,"47",47,0.00212,FALSE,"observed"
"DE",2012,"48",48,0.00233,FALSE,"observed"
"DE",2012,"49",49,0.00266,FALSE,"observed"
"DE",2012,"50",50,0.003,FALSE,"observed"
"DE",2012,"51",51,0.00329,FALSE,"observed"
"DE",2012,"52",52,0.00378,FALSE,"observed"
"DE",2012,"53",53,0.00403,FALSE,"observed"
"DE",2012,"54",54,0.00461,FALSE,"observed"
"DE",2012,"55",55,0.00493,FALSE,"observed"
"DE",2012,"56",56,0.0054,FALSE,"observed"
"DE",2012,"57",57,0.00602,FALSE,"observed"
"DE",2012,"58",58,0.00641,FALSE,"observed"
"DE",2012,"59",59,0.0071,FALSE,"observed"
"DE",2012,"60",60,0.00774,FALSE,"observed"
"DE",2012,"61",61,0.00832,FALSE,"observed"
"DE",2012,"62",62,0.00904,FALSE,"observed"
"DE",2012,"63",63,0.00974,FALSE,"observed"
"DE",2012,"64",64,0.0107,FALSE,"observed"
"DE",2012,"65",65,0.01155,FALSE,"observed"
"DE",2012,"66",66,0.01204,FALSE,"observed"
"DE",2012,"67",67,0.01346,FALSE,"observed"
"DE",2012,"68",68,0.0147,FALSE,"observed"
"DE",2012,"69",69,0.0154,FALSE,"observed"
"DE",2012,"70",70,0.01715,FALSE,"observed"
"DE",2012,"71",71,0.01785,FALSE,"observed"
"DE",2012,"72",72,0.02044,FALSE,"observed"
"DE",2012,"73",73,0.02197,FALSE,"observed"
"DE",2012,"74",74,0.02408,FALSE,"observed"
"DE",2012,"75",75,0.02751,FALSE,"observed"
"DE",2012,"76",76,0.03052,FALSE,"observed"
"DE",2012,"77",77,0.03604,FALSE,"observed"
"DE",2012,"78",78,0.03907,FALSE,"observed"
"DE",2012,"79",79,0.04494,FALSE,"observed"
"DE",2012,"80",80,0.0511,FALSE,"observed"
"DE",2012,"81",81,0.05893,FALSE,"observed"
"DE",2012,"82",82,0.06625,FALSE,"observed"
"DE",2012,"83",83,0.07547,FALSE,"observed"
"DE",2012,"84",84,0.08461,FALSE,"observed"
"DE",2012,"85",85,0.09463,FALSE,"observed"
"DE",2012,"86",86,0.10795,FALSE,"observed"
"DE",2012,"87",87,0.12136,FALSE,"observed"
"DE",2012,"88",88,0.13691,FALSE,"observed"
"DE",2012,"89",89,0.15567,FALSE,"observed"
"DE",2012,"90",90,0.1779,FALSE,"observed"
"DE",2012,"91",91,0.19736,FALSE,"observed"
"DE",2012,"92",92,0.24221,FALSE,"observed"
"DE",2012,"93",93,0.21407,FALSE,"observed"
"DE",2012,"94",94,0.26888,FALSE,"observed"
"DE",2012,"95",95,0.30253,FALSE,"observed"
"DE",2012,"96",96,0.33406,FALSE,"observed"
"DE",2012,"97",97,0.36729,FALSE,"observed"
"DE",2012,"98",98,0.40197,FALSE,"observed"
"DE",2012,"99",99,0.43778,FALSE,"observed"
"DE",2012,"100",100,0.47436,FALSE,"observed"
"DE",2012,"101",101,0.51133,FALSE,"observed"
"DE",2012,"102",102,0.54826,FALSE,"observed"
"DE",2012,"103",103,0.58475,FALSE,"observed"
"DE",2012,"104",104,0.6204,FALSE,"observed"
"DE",2012,"105",105,0.65485,FALSE,"observed"
"DE",2012,"106",106,0.6878,FALSE,"observed"
"DE",2012,"107",107,0.71899,FALSE,"observed"
"DE",2012,"108",108,0.74824,FALSE,"observed"
"DE",2012,"109",109,0.77543,FALSE,"observed"
"DE",2012,"110+",110,0.80048,FALSE,"observed"
"DE",2013,"0",0,0.00332,FALSE,"observed"
"DE",2013,"1",1,0.00029,FALSE,"observed"
"DE",2013,"2",2,0.00014,FALSE,"observed"
"DE",2013,"3",3,0.00012,FALSE,"observed"
"DE",2013,"4",4,9e-05,FALSE,"observed"
"DE",2013,"5",5,0.00011,FALSE,"observed"
"DE",2013,"6",6,8e-05,FALSE,"observed"
"DE",2013,"7",7,8e-05,FALSE,"observed"
"DE",2013,"8",8,8e-05,FALSE,"observed"
"DE",2013,"9",9,9e-05,FALSE,"observed"
"DE",2013,"10",10,6e-05,FALSE,"observed"
"DE",2013,"11",11,6e-05,FALSE,"observed"
"DE",2013,"12",12,8e-05,FALSE,"observed"
"DE",2013,"13",13,9e-05,FALSE,"observed"
"DE",2013,"14",14,0.00011,FALSE,"observed"
"DE",2013,"15",15,0.00015,FALSE,"observed"
"DE",2013,"16",16,2e-04,FALSE,"observed"
"DE",2013,"17",17,0.00023,FALSE,"observed"
"DE",2013,"18",18,0.00032,FALSE,"observed"
"DE",2013,"19",19,0.00033,FALSE,"observed"
"DE",2013,"20",20,0.00032,FALSE,"observed"
"DE",2013,"21",21,0.00032,FALSE,"observed"
"DE",2013,"22",22,3e-04,FALSE,"observed"
"DE",2013,"23",23,0.00035,FALSE,"observed"
"DE",2013,"24",24,0.00034,FALSE,"observed"
"DE",2013,"25",25,0.00037,FALSE,"observed"
"DE",2013,"26",26,0.00039,FALSE,"observed"
"DE",2013,"27",27,0.00035,FALSE,"observed"
"DE",2013,"28",28,0.00041,FALSE,"observed"
"DE",2013,"29",29,0.00043,FALSE,"observed"
"DE",2013,"30",30,0.00048,FALSE,"observed"
"DE",2013,"31",31,0.00048,FALSE,"observed"
"DE",2013,"32",32,0.00051,FALSE,"observed"
"DE",2013,"33",33,0.00055,FALSE,"observed"
"DE",2013,"34",34,6e-04,FALSE,"observed"
"DE",2013,"35",35,0.00065,FALSE,"observed"
"DE",2013,"36",36,0.00065,FALSE,"observed"
"DE",2013,"37",37,0.00071,FALSE,"observed"
"DE",2013,"38",38,8e-04,FALSE,"observed"
"DE",2013,"39",39,0.00092,FALSE,"observed"
"DE",2013,"40",40,0.00098,FALSE,"observed"
"DE",2013,"41",41,0.00102,FALSE,"observed"
"DE",2013,"42",42,0.00116,FALSE,"observed"
"DE",2013,"43",43,0.00132,FALSE,"observed"
"DE",2013,"44",44,0.00145,FALSE,"observed"
"DE",2013,"45",45,0.00163,FALSE,"observed"
"DE",2013,"46",46,0.00188,FALSE,"observed"
"DE",2013,"47",47,0.00205,FALSE,"observed"
"DE",2013,"48",48,0.00229,FALSE,"observed"
"DE",2013,"49",49,0.00259,FALSE,"observed"
"DE",2013,"50",50,0.00281,FALSE,"observed"
"DE",2013,"51",51,0.00335,FALSE,"observed"
"DE",2013,"52",52,0.00368,FALSE,"observed"
"DE",2013,"53",53,0.00417,FALSE,"observed"
"DE",2013,"54",54,0.00455,FALSE,"observed"
"DE",2013,"55",55,0.00505,FALSE,"observed"
"DE",2013,"56",56,0.00545,FALSE,"observed"
"DE",2013,"57",57,0.00596,FALSE,"observed"
"DE",2013,"58",58,0.00664,FALSE,"observed"
"DE",2013,"59",59,0.00713,FALSE,"observed"
"DE",2013,"60",60,0.00773,FALSE,"observed"
"DE",2013,"61",61,0.00837,FALSE,"observed"
"DE",2013,"62",62,0.009,FALSE,"observed"
"DE",2013,"63",63,0.00986,FALSE,"observed"
"DE",2013,"64",64,0.0108,FALSE,"observed"
"DE",2013,"65",65,0.01158,FALSE,"observed"
"DE",2013,"66",66,0.01272,FALSE,"observed"
"DE",2013,"67",67,0.01337,FALSE,"observed"
"DE",2013,"68",68,0.01523,FALSE,"observed"
"DE",2013,"69",69,0.01604,FALSE,"observed"
"DE",2013,"70",70,0.01699,FALSE,"observed"
"DE",2013,"71",71,0.01882,FALSE,"observed"
"DE",2013,"72",72,0.01966,FALSE,"observed"
"DE",2013,"73",73,0.02247,FALSE,"observed"
"DE",2013,"74",74,0.02426,FALSE,"observed"
"DE",2013,"75",75,0.02689,FALSE,"observed"
"DE",2013,"76",76,0.03077,FALSE,"observed"
"DE",2013,"77",77,0.03441,FALSE,"observed"
"DE",2013,"78",78,0.04034,FALSE,"observed"
"DE",2013,"79",79,0.04417,FALSE,"observed"
"DE",2013,"80",80,0.05044,FALSE,"observed"
"DE",2013,"81",81,0.05758,FALSE,"observed"
"DE",2013,"82",82,0.06699,FALSE,"observed"
"DE",2013,"83",83,0.07595,FALSE,"observed"
"DE",2013,"84",84,0.08598,FALSE,"observed"
"DE",2013,"85",85,0.09635,FALSE,"observed"
"DE",2013,"86",86,0.1089,FALSE,"observed"
"DE",2013,"87",87,0.12346,FALSE,"observed"
"DE",2013,"88",88,0.13941,FALSE,"observed"
"DE",2013,"89",89,0.15705,FALSE,"observed"
"DE",2013,"90",90,0.17725,FALSE,"observed"
"DE",2013,"91",91,0.20345,FALSE,"observed"
"DE",2013,"92",92,0.2235,FALSE,"observed"
"DE",2013,"93",93,0.27058,FALSE,"observed"
"DE",2013,"94",94,0.2372,FALSE,"observed"
"DE",2013,"95",95,0.30733,FALSE,"observed"
"DE",2013,"96",96,0.33937,FALSE,"observed"
"DE",2013,"97",97,0.3731,FALSE,"observed"
"DE",2013,"98",98,0.40825,FALSE,"observed"
"DE",2013,"99",99,0.44451,FALSE,"observed"
"DE",2013,"100",100,0.48149,FALSE,"observed"
"DE",2013,"101",101,0.5188,FALSE,"observed"
"DE",2013,"102",102,0.556,FALSE,"observed"
"DE",2013,"103",103,0.59267,FALSE,"observed"
"DE",2013,"104",104,0.62841,FALSE,"observed"
"DE",2013,"105",105,0.66287,FALSE,"observed"
"DE",2013,"106",106,0.69574,FALSE,"observed"
"DE",2013,"107",107,0.72676,FALSE,"observed"
"DE",2013,"108",108,0.75577,FALSE,"observed"
"DE",2013,"109",109,0.78266,FALSE,"observed"
"DE",2013,"110+",110,0.80736,FALSE,"observed"
"DE",2014,"0",0,0.00327,FALSE,"observed"
"DE",2014,"1",1,0.00024,FALSE,"observed"
"DE",2014,"2",2,0.00011,FALSE,"observed"
"DE",2014,"3",3,0.00013,FALSE,"observed"
"DE",2014,"4",4,0.00011,FALSE,"observed"
"DE",2014,"5",5,6e-05,FALSE,"observed"
"DE",2014,"6",6,8e-05,FALSE,"observed"
"DE",2014,"7",7,7e-05,FALSE,"observed"
"DE",2014,"8",8,6e-05,FALSE,"observed"
"DE",2014,"9",9,9e-05,FALSE,"observed"
"DE",2014,"10",10,6e-05,FALSE,"observed"
"DE",2014,"11",11,8e-05,FALSE,"observed"
"DE",2014,"12",12,8e-05,FALSE,"observed"
"DE",2014,"13",13,1e-04,FALSE,"observed"
"DE",2014,"14",14,0.00011,FALSE,"observed"
"DE",2014,"15",15,0.00012,FALSE,"observed"
"DE",2014,"16",16,2e-04,FALSE,"observed"
"DE",2014,"17",17,0.00021,FALSE,"observed"
"DE",2014,"18",18,0.00029,FALSE,"observed"
"DE",2014,"19",19,0.00033,FALSE,"observed"
"DE",2014,"20",20,0.00031,FALSE,"observed"
"DE",2014,"21",21,0.00031,FALSE,"observed"
"DE",2014,"22",22,0.00028,FALSE,"observed"
"DE",2014,"23",23,0.00038,FALSE,"observed"
"DE",2014,"24",24,0.00034,FALSE,"observed"
"DE",2014,"25",25,0.00036,FALSE,"observed"
"DE",2014,"26",26,0.00033,FALSE,"observed"
"DE",2014,"27",27,0.00037,FALSE,"observed"
"DE",2014,"28",28,4e-04,FALSE,"observed"
"DE",2014,"29",29,0.00039,FALSE,"observed"
"DE",2014,"30",30,0.00042,FALSE,"observed"
"DE",2014,"31",31,0.00049,FALSE,"observed"
"DE",2014,"32",32,5e-04,FALSE,"observed"
"DE",2014,"33",33,0.00053,FALSE,"observed"
"DE",2014,"34",34,0.00058,FALSE,"observed"
"DE",2014,"35",35,0.00063,FALSE,"observed"
"DE",2014,"36",36,0.00068,FALSE,"observed"
"DE",2014,"37",37,0.00065,FALSE,"observed"
"DE",2014,"38",38,0.00084,FALSE,"observed"
"DE",2014,"39",39,0.00084,FALSE,"observed"
"DE",2014,"40",40,0.00088,FALSE,"observed"
"DE",2014,"41",41,0.00105,FALSE,"observed"
"DE",2014,"42",42,0.00116,FALSE,"observed"
"DE",2014,"43",43,0.00129,FALSE,"observed"
"DE",2014,"44",44,0.00139,FALSE,"observed"
"DE",2014,"45",45,0.00158,FALSE,"observed"
"DE",2014,"46",46,0.00173,FALSE,"observed"
"DE",2014,"47",47,0.00196,FALSE,"observed"
"DE",2014,"48",48,0.00219,FALSE,"observed"
"DE",2014,"49",49,0.00251,FALSE,"observed"
"DE",2014,"50",50,0.0028,FALSE,"observed"
"DE",2014,"51",51,0.00313,FALSE,"observed"
"DE",2014,"52",52,0.00349,FALSE,"observed"
"DE",2014,"53",53,0.00398,FALSE,"observed"
"DE",2014,"54",54,0.00437,FALSE,"observed"
"DE",2014,"55",55,0.00464,FALSE,"observed"
"DE",2014,"56",56,0.00523,FALSE,"observed"
"DE",2014,"57",57,0.00579,FALSE,"observed"
"DE",2014,"58",58,0.00632,FALSE,"observed"
"DE",2014,"59",59,0.00705,FALSE,"observed"
"DE",2014,"60",60,0.00761,FALSE,"observed"
"DE",2014,"61",61,0.00825,FALSE,"observed"
"DE",2014,"62",62,0.00895,FALSE,"observed"
"DE",2014,"63",63,0.00952,FALSE,"observed"
"DE",2014,"64",64,0.01047,FALSE,"observed"
"DE",2014,"65",65,0.01133,FALSE,"observed"
"DE",2014,"66",66,0.01235,FALSE,"observed"
"DE",2014,"67",67,0.01311,FALSE,"observed"
"DE",2014,"68",68,0.01372,FALSE,"observed"
"DE",2014,"69",69,0.01544,FALSE,"observed"
"DE",2014,"70",70,0.01693,FALSE,"observed"
"DE",2014,"71",71,0.0179,FALSE,"observed"
"DE",2014,"72",72,0.01979,FALSE,"observed"
"DE",2014,"73",73,0.0209,FALSE,"observed"
"DE",2014,"74",74,0.02349,FALSE,"observed"
"DE",2014,"75",75,0.02591,FALSE,"observed"
"DE",2014,"76",76,0.02903,FALSE,"observed"
"DE",2014,"77",77,0.03237,FALSE,"observed"
"DE",2014,"78",78,0.03651,FALSE,"observed"
"DE",2014,"79",79,0.04307,FALSE,"observed"
"DE",2014,"80",80,0.047,FALSE,"observed"
"DE",2014,"81",81,0.05431,FALSE,"observed"
"DE",2014,"82",82,0.06199,FALSE,"observed"
"DE",2014,"83",83,0.07073,FALSE,"observed"
"DE",2014,"84",84,0.08039,FALSE,"observed"
"DE",2014,"85",85,0.09114,FALSE,"observed"
"DE",2014,"86",86,0.10336,FALSE,"observed"
"DE",2014,"87",87,0.1162,FALSE,"observed"
"DE",2014,"88",88,0.13061,FALSE,"observed"
"DE",2014,"89",89,0.14695,FALSE,"observed"
"DE",2014,"90",90,0.16349,FALSE,"observed"
"DE",2014,"91",91,0.18845,FALSE,"observed"
"DE",2014,"92",92,0.21471,FALSE,"observed"
"DE",2014,"93",93,0.23731,FALSE,"observed"
"DE",2014,"94",94,0.28124,FALSE,"observed"
"DE",2014,"95",95,0.28972,FALSE,"observed"
"DE",2014,"96",96,0.32039,FALSE,"observed"
"DE",2014,"97",97,0.35284,FALSE,"observed"
"DE",2014,"98",98,0.38687,FALSE,"observed"
"DE",2014,"99",99,0.42218,FALSE,"observed"
"DE",2014,"100",100,0.45844,FALSE,"observed"
"DE",2014,"101",101,0.49528,FALSE,"observed"
"DE",2014,"102",102,0.53229,FALSE,"observed"
"DE",2014,"103",103,0.56905,FALSE,"observed"
"DE",2014,"104",104,0.60515,FALSE,"observed"
"DE",2014,"105",105,0.64022,FALSE,"observed"
"DE",2014,"106",106,0.67392,FALSE,"observed"
"DE",2014,"107",107,0.70596,FALSE,"observed"
"DE",2014,"108",108,0.73614,FALSE,"observed"
"DE",2014,"109",109,0.76428,FALSE,"observed"
"DE",2014,"110+",110,0.7903,FALSE,"observed"
"DE",2015,"0",0,0.0033,FALSE,"observed"
"DE",2015,"1",1,0.00027,FALSE,"observed"
"DE",2015,"2",2,0.00015,FALSE,"observed"
"DE",2015,"3",3,0.00013,FALSE,"observed"
"DE",2015,"4",4,1e-04,FALSE,"observed"
"DE",2015,"5",5,8e-05,FALSE,"observed"
"DE",2015,"6",6,8e-05,FALSE,"observed"
"DE",2015,"7",7,7e-05,FALSE,"observed"
"DE",2015,"8",8,7e-05,FALSE,"observed"
"DE",2015,"9",9,6e-05,FALSE,"observed"
"DE",2015,"10",10,7e-05,FALSE,"observed"
"DE",2015,"11",11,8e-05,FALSE,"observed"
"DE",2015,"12",12,9e-05,FALSE,"observed"
"DE",2015,"13",13,7e-05,FALSE,"observed"
"DE",2015,"14",14,0.00011,FALSE,"observed"
"DE",2015,"15",15,0.00016,FALSE,"observed"
"DE",2015,"16",16,0.00021,FALSE,"observed"
"DE",2015,"17",17,0.00023,FALSE,"observed"
"DE",2015,"18",18,0.00029,FALSE,"observed"
"DE",2015,"19",19,3e-04,FALSE,"observed"
"DE",2015,"20",20,0.00034,FALSE,"observed"
"DE",2015,"21",21,0.00035,FALSE,"observed"
"DE",2015,"22",22,0.00032,FALSE,"observed"
"DE",2015,"23",23,0.00034,FALSE,"observed"
"DE",2015,"24",24,0.00033,FALSE,"observed"
"DE",2015,"25",25,0.00034,FALSE,"observed"
"DE",2015,"26",26,0.00036,FALSE,"observed"
"DE",2015,"27",27,4e-04,FALSE,"observed"
"DE",2015,"28",28,4e-04,FALSE,"observed"
"DE",2015,"29",29,0.00047,FALSE,"observed"
"DE",2015,"30",30,0.00045,FALSE,"observed"
"DE",2015,"31",31,0.00055,FALSE,"observed"
"DE",2015,"32",32,0.00055,FALSE,"observed"
"DE",2015,"33",33,0.00056,FALSE,"observed"
"DE",2015,"34",34,6e-04,FALSE,"observed"
"DE",2015,"35",35,0.00068,FALSE,"observed"
"DE",2015,"36",36,0.00069,FALSE,"observed"
"DE",2015,"37",37,0.00072,FALSE,"observed"
"DE",2015,"38",38,0.00077,FALSE,"observed"
"DE",2015,"39",39,0.00087,FALSE,"observed"
"DE",2015,"40",40,0.00098,FALSE,"observed"
"DE",2015,"41",41,0.00106,FALSE,"observed"
"DE",2015,"42",42,0.00118,FALSE,"observed"
"DE",2015,"43",43,0.00129,FALSE,"observed"
"DE",2015,"44",44,0.00141,FALSE,"observed"
"DE",2015,"45",45,0.00161,FALSE,"observed"
"DE",2015,"46",46,0.00175,FALSE,"observed"
"DE",2015,"47",47,0.00199,FALSE,"observed"
"DE",2015,"48",48,0.00219,FALSE,"observed"
"DE",2015,"49",49,0.0025,FALSE,"observed"
"DE",2015,"50",50,0.00279,FALSE,"observed"
"DE",2015,"51",51,0.00303,FALSE,"observed"
"DE",2015,"52",52,0.00351,FALSE,"observed"
"DE",2015,"53",53,0.00393,FALSE,"observed"
"DE",2015,"54",54,0.00433,FALSE,"observed"
"DE",2015,"55",55,0.00485,FALSE,"observed"
"DE",2015,"56",56,0.00529,FALSE,"observed"
"DE",2015,"57",57,0.00585,FALSE,"observed"
"DE",2015,"58",58,0.00646,FALSE,"observed"
"DE",2015,"59",59,0.00713,FALSE,"observed"
"DE",2015,"60",60,0.00782,FALSE,"observed"
"DE",2015,"61",61,0.00843,FALSE,"observed"
"DE",2015,"62",62,0.00916,FALSE,"observed"
"DE",2015,"63",63,0.00998,FALSE,"observed"
"DE",2015,"64",64,0.01086,FALSE,"observed"
"DE",2015,"65",65,0.01169,FALSE,"observed"
"DE",2015,"66",66,0.01255,FALSE,"observed"
"DE",2015,"67",67,0.01397,FALSE,"observed"
"DE",2015,"68",68,0.01482,FALSE,"observed"
"DE",2015,"69",69,0.01572,FALSE,"observed"
"DE",2015,"70",70,0.01797,FALSE,"observed"
"DE",2015,"71",71,0.0193,FALSE,"observed"
"DE",2015,"72",72,0.02012,FALSE,"observed"
"DE",2015,"73",73,0.02263,FALSE,"observed"
"DE",2015,"74",74,0.02363,FALSE,"observed"
"DE",2015,"75",75,0.0272,FALSE,"observed"
"DE",2015,"76",76,0.02997,FALSE,"observed"
"DE",2015,"77",77,0.03289,FALSE,"observed"
"DE",2015,"78",78,0.03749,FALSE,"observed"
"DE",2015,"79",79,0.0425,FALSE,"observed"
"DE",2015,"80",80,0.05044,FALSE,"observed"
"DE",2015,"81",81,0.05524,FALSE,"observed"
"DE",2015,"82",82,0.0642,FALSE,"observed"
"DE",2015,"83",83,0.07309,FALSE,"observed"
"DE",2015,"84",84,0.08413,FALSE,"observed"
"DE",2015,"85",85,0.09586,FALSE,"observed"
"DE",2015,"86",86,0.10911,FALSE,"observed"
"DE",2015,"87",87,0.12185,FALSE,"observed"
"DE",2015,"88",88,0.13794,FALSE,"observed"
"DE",2015,"89",89,0.15556,FALSE,"observed"
"DE",2015,"90",90,0.17841,FALSE,"observed"
"DE",2015,"91",91,0.1991,FALSE,"observed"
"DE",2015,"92",92,0.22438,FALSE,"observed"
"DE",2015,"93",93,0.25434,FALSE,"observed"
"DE",2015,"94",94,0.27827,FALSE,"observed"
"DE",2015,"95",95,0.3084,FALSE,"observed"
"DE",2015,"96",96,0.34096,FALSE,"observed"
"DE",2015,"97",97,0.37528,FALSE,"observed"
"DE",2015,"98",98,0.41107,FALSE,"observed"
"DE",2015,"99",99,0.448,FALSE,"observed"
"DE",2015,"100",100,0.48567,FALSE,"observed"
"DE",2015,"101",101,0.52364,FALSE,"observed"
"DE",2015,"102",102,0.56147,FALSE,"observed"
"DE",2015,"103",103,0.59872,FALSE,"observed"
"DE",2015,"104",104,0.63495,FALSE,"observed"
"DE",2015,"105",105,0.66979,FALSE,"observed"
"DE",2015,"106",106,0.70293,FALSE,"observed"
"DE",2015,"107",107,0.73411,FALSE,"observed"
"DE",2015,"108",108,0.76316,FALSE,"observed"
"DE",2015,"109",109,0.78997,FALSE,"observed"
"DE",2015,"110+",110,0.81451,FALSE,"observed"
"DE",2016,"0",0,0.00353,FALSE,"observed"
"DE",2016,"1",1,0.00026,FALSE,"observed"
"DE",2016,"2",2,0.00015,FALSE,"observed"
"DE",2016,"3",3,0.00011,FALSE,"observed"
"DE",2016,"4",4,1e-04,FALSE,"observed"
"DE",2016,"5",5,0.00011,FALSE,"observed"
"DE",2016,"6",6,1e-04,FALSE,"observed"
"DE",2016,"7",7,6e-05,FALSE,"observed"
"DE",2016,"8",8,9e-05,FALSE,"observed"
"DE",2016,"9",9,7e-05,FALSE,"observed"
"DE",2016,"10",10,7e-05,FALSE,"observed"
"DE",2016,"11",11,8e-05,FALSE,"observed"
"DE",2016,"12",12,7e-05,FALSE,"observed"
"DE",2016,"13",13,1e-04,FALSE,"observed"
"DE",2016,"14",14,0.00012,FALSE,"observed"
"DE",2016,"15",15,0.00013,FALSE,"observed"
"DE",2016,"16",16,2e-04,FALSE,"observed"
"DE",2016,"17",17,0.00023,FALSE,"observed"
"DE",2016,"18",18,0.00031,FALSE,"observed"
"DE",2016,"19",19,3e-04,FALSE,"observed"
"DE",2016,"20",20,0.00032,FALSE,"observed"
"DE",2016,"21",21,0.00027,FALSE,"observed"
"DE",2016,"22",22,0.00036,FALSE,"observed"
"DE",2016,"23",23,0.00031,FALSE,"observed"
"DE",2016,"24",24,0.00032,FALSE,"observed"
"DE",2016,"25",25,0.00032,FALSE,"observed"
"DE",2016,"26",26,0.00034,FALSE,"observed"
"DE",2016,"27",27,0.00037,FALSE,"observed"
"DE",2016,"28",28,0.00037,FALSE,"observed"
"DE",2016,"29",29,4e-04,FALSE,"observed"
"DE",2016,"30",30,0.00045,FALSE,"observed"
"DE",2016,"31",31,0.00048,FALSE,"observed"
"DE",2016,"32",32,0.00054,FALSE,"observed"
"DE",2016,"33",33,0.00051,FALSE,"observed"
"DE",2016,"34",34,0.00061,FALSE,"observed"
"DE",2016,"35",35,0.00063,FALSE,"observed"
"DE",2016,"36",36,0.00067,FALSE,"observed"
"DE",2016,"37",37,0.00073,FALSE,"observed"
"DE",2016,"38",38,0.00085,FALSE,"observed"
"DE",2016,"39",39,0.00084,FALSE,"observed"
"DE",2016,"40",40,0.00105,FALSE,"observed"
"DE",2016,"41",41,0.00105,FALSE,"observed"
"DE",2016,"42",42,0.00116,FALSE,"observed"
"DE",2016,"43",43,0.00123,FALSE,"observed"
"DE",2016,"44",44,0.00144,FALSE,"observed"
"DE",2016,"45",45,0.00157,FALSE,"observed"
"DE",2016,"46",46,0.00172,FALSE,"observed"
"DE",2016,"47",47,0.00193,FALSE,"observed"
"DE",2016,"48",48,0.00222,FALSE,"observed"
"DE",2016,"49",49,0.00246,FALSE,"observed"
"DE",2016,"50",50,0.00268,FALSE,"observed"
"DE",2016,"51",51,0.00298,FALSE,"observed"
"DE",2016,"52",52,0.00335,FALSE,"observed"
"DE",2016,"53",53,0.00371,FALSE,"observed"
"DE",2016,"54",54,0.00423,FALSE,"observed"
"DE",2016,"55",55,0.00473,FALSE,"observed"
"DE",2016,"56",56,0.00518,FALSE,"observed"
"DE",2016,"57",57,0.0057,FALSE,"observed"
"DE",2016,"58",58,0.00653,FALSE,"observed"
"DE",2016,"59",59,0.00696,FALSE,"observed"
"DE",2016,"60",60,0.00771,FALSE,"observed"
"DE",2016,"61",61,0.00811,FALSE,"observed"
"DE",2016,"62",62,0.00904,FALSE,"observed"
"DE",2016,"63",63,0.00978,FALSE,"observed"
"DE",2016,"64",64,0.0108,FALSE,"observed"
"DE",2016,"65",65,0.01174,FALSE,"observed"
"DE",2016,"66",66,0.01252,FALSE,"observed"
"DE",2016,"67",67,0.01369,FALSE,"observed"
"DE",2016,"68",68,0.01451,FALSE,"observed"
"DE",2016,"69",69,0.01603,FALSE,"observed"
"DE",2016,"70",70,0.01716,FALSE,"observed"
"DE",2016,"71",71,0.01908,FALSE,"observed"
"DE",2016,"72",72,0.02045,FALSE,"observed"
"DE",2016,"73",73,0.02156,FALSE,"observed"
"DE",2016,"74",74,0.02412,FALSE,"observed"
"DE",2016,"75",75,0.02546,FALSE,"observed"
"DE",2016,"76",76,0.02905,FALSE,"observed"
"DE",2016,"77",77,0.03204,FALSE,"observed"
"DE",2016,"78",78,0.03609,FALSE,"observed"
"DE",2016,"79",79,0.04086,FALSE,"observed"
"DE",2016,"80",80,0.04664,FALSE,"observed"
"DE",2016,"81",81,0.0548,FALSE,"observed"
"DE",2016,"82",82,0.06016,FALSE,"observed"
"DE",2016,"83",83,0.06939,FALSE,"observed"
"DE",2016,"84",84,0.0792,FALSE,"observed"
"DE",2016,"85",85,0.09105,FALSE,"observed"
"DE",2016,"86",86,0.10356,FALSE,"observed"
"DE",2016,"87",87,0.11783,FALSE,"observed"
"DE",2016,"88",88,0.13246,FALSE,"observed"
"DE",2016,"89",89,0.14925,FALSE,"observed"
"DE",2016,"90",90,0.16623,FALSE,"observed"
"DE",2016,"91",91,0.19013,FALSE,"observed"
"DE",2016,"92",92,0.2115,FALSE,"observed"
"DE",2016,"93",93,0.23474,FALSE,"observed"
"DE",2016,"94",94,0.267,FALSE,"observed"
"DE",2016,"95",95,0.29174,FALSE,"observed"
"DE",2016,"96",96,0.32262,FALSE,"observed"
"DE",2016,"97",97,0.3553,FALSE,"observed"
"DE",2016,"98",98,0.38955,FALSE,"observed"
"DE",2016,"99",99,0.42509,FALSE,"observed"
"DE",2016,"100",100,0.46159,FALSE,"observed"
"DE",2016,"101",101,0.49866,FALSE,"observed"
"DE",2016,"102",102,0.53587,FALSE,"observed"
"DE",2016,"103",103,0.57282,FALSE,"observed"
"DE",2016,"104",104,0.60908,FALSE,"observed"
"DE",2016,"105",105,0.64427,FALSE,"observed"
"DE",2016,"106",106,0.67803,FALSE,"observed"
"DE",2016,"107",107,0.7101,FALSE,"observed"
"DE",2016,"108",108,0.74025,FALSE,"observed"
"DE",2016,"109",109,0.76832,FALSE,"observed"
"DE",2016,"110+",110,0.79422,FALSE,"observed"
"DE",2017,"0",0,0.00324,FALSE,"observed"
"DE",2017,"1",1,0.00026,FALSE,"observed"
"DE",2017,"2",2,0.00013,FALSE,"observed"
"DE",2017,"3",3,9e-05,FALSE,"observed"
"DE",2017,"4",4,1e-04,FALSE,"observed"
"DE",2017,"5",5,9e-05,FALSE,"observed"
"DE",2017,"6",6,8e-05,FALSE,"observed"
"DE",2017,"7",7,7e-05,FALSE,"observed"
"DE",2017,"8",8,7e-05,FALSE,"observed"
"DE",2017,"9",9,6e-05,FALSE,"observed"
"DE",2017,"10",10,6e-05,FALSE,"observed"
"DE",2017,"11",11,7e-05,FALSE,"observed"
"DE",2017,"12",12,7e-05,FALSE,"observed"
"DE",2017,"13",13,1e-04,FALSE,"observed"
"DE",2017,"14",14,0.00011,FALSE,"observed"
"DE",2017,"15",15,0.00013,FALSE,"observed"
"DE",2017,"16",16,0.00019,FALSE,"observed"
"DE",2017,"17",17,0.00019,FALSE,"observed"
"DE",2017,"18",18,0.00027,FALSE,"observed"
"DE",2017,"19",19,3e-04,FALSE,"observed"
"DE",2017,"20",20,0.00032,FALSE,"observed"
"DE",2017,"21",21,3e-04,FALSE,"observed"
"DE",2017,"22",22,0.00029,FALSE,"observed"
"DE",2017,"23",23,0.00029,FALSE,"observed"
"DE",2017,"24",24,0.00034,FALSE,"observed"
"DE",2017,"25",25,0.00031,FALSE,"observed"
"DE",2017,"26",26,0.00032,FALSE,"observed"
"DE",2017,"27",27,0.00032,FALSE,"observed"
"DE",2017,"28",28,0.00036,FALSE,"observed"
"DE",2017,"29",29,4e-04,FALSE,"observed"
"DE",2017,"30",30,0.00045,FALSE,"observed"
"DE",2017,"31",31,0.00048,FALSE,"observed"
"DE",2017,"32",32,0.00048,FALSE,"observed"
"DE",2017,"33",33,0.00058,FALSE,"observed"
"DE",2017,"34",34,6e-04,FALSE,"observed"
"DE",2017,"35",35,0.00061,FALSE,"observed"
"DE",2017,"36",36,0.00065,FALSE,"observed"
"DE",2017,"37",37,0.00076,FALSE,"observed"
"DE",2017,"38",38,0.00083,FALSE,"observed"
"DE",2017,"39",39,0.00084,FALSE,"observed"
"DE",2017,"40",40,0.00092,FALSE,"observed"
"DE",2017,"41",41,0.00098,FALSE,"observed"
"DE",2017,"42",42,0.00106,FALSE,"observed"
"DE",2017,"43",43,0.00121,FALSE,"observed"
"DE",2017,"44",44,0.00138,FALSE,"observed"
"DE",2017,"45",45,0.00155,FALSE,"observed"
"DE",2017,"46",46,0.00174,FALSE,"observed"
"DE",2017,"47",47,0.00184,FALSE,"observed"
"DE",2017,"48",48,0.0021,FALSE,"observed"
"DE",2017,"49",49,0.00229,FALSE,"observed"
"DE",2017,"50",50,0.00251,FALSE,"observed"
"DE",2017,"51",51,0.00289,FALSE,"observed"
"DE",2017,"52",52,0.00321,FALSE,"observed"
"DE",2017,"53",53,0.00361,FALSE,"observed"
"DE",2017,"54",54,0.00414,FALSE,"observed"
"DE",2017,"55",55,0.00448,FALSE,"observed"
"DE",2017,"56",56,0.0051,FALSE,"observed"
"DE",2017,"57",57,0.00553,FALSE,"observed"
"DE",2017,"58",58,0.00613,FALSE,"observed"
"DE",2017,"59",59,0.00673,FALSE,"observed"
"DE",2017,"60",60,0.00743,FALSE,"observed"
"DE",2017,"61",61,0.00841,FALSE,"observed"
"DE",2017,"62",62,0.0089,FALSE,"observed"
"DE",2017,"63",63,0.00972,FALSE,"observed"
"DE",2017,"64",64,0.01053,FALSE,"observed"
"DE",2017,"65",65,0.01149,FALSE,"observed"
"DE",2017,"66",66,0.01239,FALSE,"observed"
"DE",2017,"67",67,0.01342,FALSE,"observed"
"DE",2017,"68",68,0.01486,FALSE,"observed"
"DE",2017,"69",69,0.01596,FALSE,"observed"
"DE",2017,"70",70,0.0174,FALSE,"observed"
"DE",2017,"71",71,0.01868,FALSE,"observed"
"DE",2017,"72",72,0.02079,FALSE,"observed"
"DE",2017,"73",73,0.02282,FALSE,"observed"
"DE",2017,"74",74,0.02361,FALSE,"observed"
"DE",2017,"75",75,0.02667,FALSE,"observed"
"DE",2017,"76",76,0.02831,FALSE,"observed"
"DE",2017,"77",77,0.03232,FALSE,"observed"
"DE",2017,"78",78,0.03568,FALSE,"observed"
"DE",2017,"79",79,0.04015,FALSE,"observed"
"DE",2017,"80",80,0.04628,FALSE,"observed"
"DE",2017,"81",81,0.05286,FALSE,"observed"
"DE",2017,"82",82,0.06211,FALSE,"observed"
"DE",2017,"83",83,0.06781,FALSE,"observed"
"DE",2017,"84",84,0.0788,FALSE,"observed"
"DE",2017,"85",85,0.0924,FALSE,"observed"
"DE",2017,"86",86,0.10383,FALSE,"observed"
"DE",2017,"87",87,0.11745,FALSE,"observed"
"DE",2017,"88",88,0.13495,FALSE,"observed"
"DE",2017,"89",89,0.15098,FALSE,"observed"
"DE",2017,"90",90,0.17349,FALSE,"observed"
"DE",2017,"91",91,0.19413,FALSE,"observed"
"DE",2017,"92",92,0.22063,FALSE,"observed"
"DE",2017,"93",93,0.24185,FALSE,"observed"
"DE",2017,"94",94,0.27035,FALSE,"observed"
"DE",2017,"95",95,0.30153,FALSE,"observed"
"DE",2017,"96",96,0.33387,FALSE,"observed"
"DE",2017,"97",97,0.36802,FALSE,"observed"
"DE",2017,"98",98,0.40373,FALSE,"observed"
"DE",2017,"99",99,0.44066,FALSE,"observed"
"DE",2017,"100",100,0.47844,FALSE,"observed"
"DE",2017,"101",101,0.51662,FALSE,"observed"
"DE",2017,"102",102,0.55475,FALSE,"observed"
"DE",2017,"103",103,0.59238,FALSE,"observed"
"DE",2017,"104",104,0.62907,FALSE,"observed"
"DE",2017,"105",105,0.66442,FALSE,"observed"
"DE",2017,"106",106,0.69809,FALSE,"observed"
"DE",2017,"107",107,0.72982,FALSE,"observed"
"DE",2017,"108",108,0.75941,FALSE,"observed"
"DE",2017,"109",109,0.78674,FALSE,"observed"
"DE",2017,"110+",110,0.81177,FALSE,"observed"
"DE",2018,"0",0,0.00318,FALSE,"observed"
"DE",2018,"1",1,0.00027,FALSE,"observed"
"DE",2018,"2",2,0.00014,FALSE,"observed"
"DE",2018,"3",3,0.00012,FALSE,"observed"
"DE",2018,"4",4,1e-04,FALSE,"observed"
"DE",2018,"5",5,8e-05,FALSE,"observed"
"DE",2018,"6",6,9e-05,FALSE,"observed"
"DE",2018,"7",7,7e-05,FALSE,"observed"
"DE",2018,"8",8,8e-05,FALSE,"observed"
"DE",2018,"9",9,8e-05,FALSE,"observed"
"DE",2018,"10",10,7e-05,FALSE,"observed"
"DE",2018,"11",11,8e-05,FALSE,"observed"
"DE",2018,"12",12,8e-05,FALSE,"observed"
"DE",2018,"13",13,8e-05,FALSE,"observed"
"DE",2018,"14",14,0.00012,FALSE,"observed"
"DE",2018,"15",15,0.00016,FALSE,"observed"
"DE",2018,"16",16,0.00021,FALSE,"observed"
"DE",2018,"17",17,0.00021,FALSE,"observed"
"DE",2018,"18",18,3e-04,FALSE,"observed"
"DE",2018,"19",19,0.00028,FALSE,"observed"
"DE",2018,"20",20,3e-04,FALSE,"observed"
"DE",2018,"21",21,3e-04,FALSE,"observed"
"DE",2018,"22",22,3e-04,FALSE,"observed"
"DE",2018,"23",23,3e-04,FALSE,"observed"
"DE",2018,"24",24,0.00034,FALSE,"observed"
"DE",2018,"25",25,0.00033,FALSE,"observed"
"DE",2018,"26",26,0.00033,FALSE,"observed"
"DE",2018,"27",27,0.00034,FALSE,"observed"
"DE",2018,"28",28,0.00037,FALSE,"observed"
"DE",2018,"29",29,0.00038,FALSE,"observed"
"DE",2018,"30",30,0.00043,FALSE,"observed"
"DE",2018,"31",31,0.00045,FALSE,"observed"
"DE",2018,"32",32,0.00047,FALSE,"observed"
"DE",2018,"33",33,0.00056,FALSE,"observed"
"DE",2018,"34",34,0.00056,FALSE,"observed"
"DE",2018,"35",35,0.00059,FALSE,"observed"
"DE",2018,"36",36,0.00066,FALSE,"observed"
"DE",2018,"37",37,7e-04,FALSE,"observed"
"DE",2018,"38",38,0.00084,FALSE,"observed"
"DE",2018,"39",39,0.00091,FALSE,"observed"
"DE",2018,"40",40,0.00092,FALSE,"observed"
"DE",2018,"41",41,0.0011,FALSE,"observed"
"DE",2018,"42",42,0.00116,FALSE,"observed"
"DE",2018,"43",43,0.00125,FALSE,"observed"
"DE",2018,"44",44,0.00134,FALSE,"observed"
"DE",2018,"45",45,0.00155,FALSE,"observed"
"DE",2018,"46",46,0.00165,FALSE,"observed"
"DE",2018,"47",47,0.00186,FALSE,"observed"
"DE",2018,"48",48,0.00208,FALSE,"observed"
"DE",2018,"49",49,0.00233,FALSE,"observed"
"DE",2018,"50",50,0.0026,FALSE,"observed"
"DE",2018,"51",51,0.00294,FALSE,"observed"
"DE",2018,"52",52,0.00319,FALSE,"observed"
"DE",2018,"53",53,0.00361,FALSE,"observed"
"DE",2018,"54",54,0.00397,FALSE,"observed"
"DE",2018,"55",55,0.00456,FALSE,"observed"
"DE",2018,"56",56,0.00502,FALSE,"observed"
"DE",2018,"57",57,0.00568,FALSE,"observed"
"DE",2018,"58",58,0.00613,FALSE,"observed"
"DE",2018,"59",59,0.0068,FALSE,"observed"
"DE",2018,"60",60,0.00757,FALSE,"observed"
"DE",2018,"61",61,0.00824,FALSE,"observed"
"DE",2018,"62",62,0.00912,FALSE,"observed"
"DE",2018,"63",63,0.00996,FALSE,"observed"
"DE",2018,"64",64,0.01105,FALSE,"observed"
"DE",2018,"65",65,0.0116,FALSE,"observed"
"DE",2018,"66",66,0.01285,FALSE,"observed"
"DE",2018,"67",67,0.0137,FALSE,"observed"
"DE",2018,"68",68,0.01479,FALSE,"observed"
"DE",2018,"69",69,0.01612,FALSE,"observed"
"DE",2018,"70",70,0.01747,FALSE,"observed"
"DE",2018,"71",71,0.01908,FALSE,"observed"
"DE",2018,"72",72,0.02041,FALSE,"observed"
"DE",2018,"73",73,0.02287,FALSE,"observed"
"DE",2018,"74",74,0.02506,FALSE,"observed"
"DE",2018,"75",75,0.02646,FALSE,"observed"
"DE",2018,"76",76,0.02986,FALSE,"observed"
"DE",2018,"77",77,0.03115,FALSE,"observed"
"DE",2018,"78",78,0.0363,FALSE,"observed"
"DE",2018,"79",79,0.0405,FALSE,"observed"
"DE",2018,"80",80,0.04524,FALSE,"observed"
"DE",2018,"81",81,0.05214,FALSE,"observed"
"DE",2018,"82",82,0.05988,FALSE,"observed"
"DE",2018,"83",83,0.06954,FALSE,"observed"
"DE",2018,"84",84,0.07785,FALSE,"observed"
"DE",2018,"85",85,0.0895,FALSE,"observed"
"DE",2018,"86",86,0.10358,FALSE,"observed"
"DE",2018,"87",87,0.11894,FALSE,"observed"
"DE",2018,"88",88,0.13573,FALSE,"observed"
"DE",2018,"89",89,0.15435,FALSE,"observed"
"DE",2018,"90",90,0.17371,FALSE,"observed"
"DE",2018,"91",91,0.19486,FALSE,"observed"
"DE",2018,"92",92,0.22101,FALSE,"observed"
"DE",2018,"93",93,0.24891,FALSE,"observed"
"DE",2018,"94",94,0.27009,FALSE,"observed"
"DE",2018,"95",95,0.30577,FALSE,"observed"
"DE",2018,"96",96,0.33897,FALSE,"observed"
"DE",2018,"97",97,0.37402,FALSE,"observed"
"DE",2018,"98",98,0.41064,FALSE,"observed"
"DE",2018,"99",99,0.44846,FALSE,"observed"
"DE",2018,"100",100,0.48707,FALSE,"observed"
"DE",2018,"101",101,0.526,FALSE,"observed"
"DE",2018,"102",102,0.56477,FALSE,"observed"
"DE",2018,"103",103,0.6029,FALSE,"observed"
"DE",2018,"104",104,0.63993,FALSE,"observed"
"DE",2018,"105",105,0.67545,FALSE,"observed"
"DE",2018,"106",106,0.70915,FALSE,"observed"
"DE",2018,"107",107,0.74074,FALSE,"observed"
"DE",2018,"108",108,0.77006,FALSE,"observed"
"DE",2018,"109",109,0.79701,FALSE,"observed"
"DE",2018,"110+",110,0.82155,FALSE,"observed"
"DE",2019,"0",0,0.0032,FALSE,"observed"
"DE",2019,"1",1,0.00023,FALSE,"observed"
"DE",2019,"2",2,0.00014,FALSE,"observed"
"DE",2019,"3",3,0.00011,FALSE,"observed"
"DE",2019,"4",4,0.00011,FALSE,"observed"
"DE",2019,"5",5,1e-04,FALSE,"observed"
"DE",2019,"6",6,9e-05,FALSE,"observed"
"DE",2019,"7",7,8e-05,FALSE,"observed"
"DE",2019,"8",8,6e-05,FALSE,"observed"
"DE",2019,"9",9,6e-05,FALSE,"observed"
"DE",2019,"10",10,6e-05,FALSE,"observed"
"DE",2019,"11",11,8e-05,FALSE,"observed"
"DE",2019,"12",12,8e-05,FALSE,"observed"
"DE",2019,"13",13,9e-05,FALSE,"observed"
"DE",2019,"14",14,0.00011,FALSE,"observed"
"DE",2019,"15",15,0.00014,FALSE,"observed"
"DE",2019,"16",16,0.00016,FALSE,"observed"
"DE",2019,"17",17,2e-04,FALSE,"observed"
"DE",2019,"18",18,3e-04,FALSE,"observed"
"DE",2019,"19",19,0.00029,FALSE,"observed"
"DE",2019,"20",20,0.00029,FALSE,"observed"
"DE",2019,"21",21,0.00028,FALSE,"observed"
"DE",2019,"22",22,3e-04,FALSE,"observed"
"DE",2019,"23",23,0.00027,FALSE,"observed"
"DE",2019,"24",24,0.00031,FALSE,"observed"
"DE",2019,"25",25,0.00032,FALSE,"observed"
"DE",2019,"26",26,3e-04,FALSE,"observed"
"DE",2019,"27",27,0.00034,FALSE,"observed"
"DE",2019,"28",28,0.00037,FALSE,"observed"
"DE",2019,"29",29,0.00036,FALSE,"observed"
"DE",2019,"30",30,4e-04,FALSE,"observed"
"DE",2019,"31",31,0.00048,FALSE,"observed"
"DE",2019,"32",32,0.00051,FALSE,"observed"
"DE",2019,"33",33,0.00051,FALSE,"observed"
"DE",2019,"34",34,0.00053,FALSE,"observed"
"DE",2019,"35",35,0.00062,FALSE,"observed"
"DE",2019,"36",36,7e-04,FALSE,"observed"
"DE",2019,"37",37,0.00077,FALSE,"observed"
"DE",2019,"38",38,0.00074,FALSE,"observed"
"DE",2019,"39",39,0.00088,FALSE,"observed"
"DE",2019,"40",40,0.00092,FALSE,"observed"
"DE",2019,"41",41,0.00109,FALSE,"observed"
"DE",2019,"42",42,0.00108,FALSE,"observed"
"DE",2019,"43",43,0.00121,FALSE,"observed"
"DE",2019,"44",44,0.00129,FALSE,"observed"
"DE",2019,"45",45,0.00144,FALSE,"observed"
"DE",2019,"46",46,0.00162,FALSE,"observed"
"DE",2019,"47",47,0.00186,FALSE,"observed"
"DE",2019,"48",48,0.00203,FALSE,"observed"
"DE",2019,"49",49,0.00228,FALSE,"observed"
"DE",2019,"50",50,0.0025,FALSE,"observed"
"DE",2019,"51",51,0.00277,FALSE,"observed"
"DE",2019,"52",52,0.00311,FALSE,"observed"
"DE",2019,"53",53,0.00348,FALSE,"observed"
"DE",2019,"54",54,0.00383,FALSE,"observed"
"DE",2019,"55",55,0.00428,FALSE,"observed"
"DE",2019,"56",56,0.00479,FALSE,"observed"
"DE",2019,"57",57,0.00537,FALSE,"observed"
"DE",2019,"58",58,0.00577,FALSE,"observed"
"DE",2019,"59",59,0.0066,FALSE,"observed"
"DE",2019,"60",60,0.00716,FALSE,"observed"
"DE",2019,"61",61,0.00794,FALSE,"observed"
"DE",2019,"62",62,0.00886,FALSE,"observed"
"DE",2019,"63",63,0.00976,FALSE,"observed"
"DE",2019,"64",64,0.01053,FALSE,"observed"
"DE",2019,"65",65,0.01145,FALSE,"observed"
"DE",2019,"66",66,0.01258,FALSE,"observed"
"DE",2019,"67",67,0.01357,FALSE,"observed"
"DE",2019,"68",68,0.01446,FALSE,"observed"
"DE",2019,"69",69,0.01584,FALSE,"observed"
"DE",2019,"70",70,0.01724,FALSE,"observed"
"DE",2019,"71",71,0.01874,FALSE,"observed"
"DE",2019,"72",72,0.02027,FALSE,"observed"
"DE",2019,"73",73,0.02177,FALSE,"observed"
"DE",2019,"74",74,0.02483,FALSE,"observed"
"DE",2019,"75",75,0.02689,FALSE,"observed"
"DE",2019,"76",76,0.02825,FALSE,"observed"
"DE",2019,"77",77,0.03203,FALSE,"observed"
"DE",2019,"78",78,0.03405,FALSE,"observed"
"DE",2019,"79",79,0.03955,FALSE,"observed"
"DE",2019,"80",80,0.04382,FALSE,"observed"
"DE",2019,"81",81,0.04958,FALSE,"observed"
"DE",2019,"82",82,0.05669,FALSE,"observed"
"DE",2019,"83",83,0.06512,FALSE,"observed"
"DE",2019,"84",84,0.07677,FALSE,"observed"
"DE",2019,"85",85,0.08428,FALSE,"observed"
"DE",2019,"86",86,0.0995,FALSE,"observed"
"DE",2019,"87",87,0.11272,FALSE,"observed"
"DE",2019,"88",88,0.13099,FALSE,"observed"
"DE",2019,"89",89,0.14771,FALSE,"observed"
"DE",2019,"90",90,0.16739,FALSE,"observed"
"DE",2019,"91",91,0.1866,FALSE,"observed"
"DE",2019,"92",92,0.21416,FALSE,"observed"
"DE",2019,"93",93,0.23657,FALSE,"observed"
"DE",2019,"94",94,0.25969,FALSE,"observed"
"DE",2019,"95",95,0.29229,FALSE,"observed"
"DE",2019,"96",96,0.32429,FALSE,"observed"
"DE",2019,"97",97,0.3582,FALSE,"observed"
"DE",2019,"98",98,0.39377,FALSE,"observed"
"DE",2019,"99",99,0.43068,FALSE,"observed"
"DE",2019,"100",100,0.46857,FALSE,"observed"
"DE",2019,"101",101,0.50698,FALSE,"observed"
"DE",2019,"102",102,0.54547,FALSE,"observed"
"DE",2019,"103",103,0.58357,FALSE,"observed"
"DE",2019,"104",104,0.62081,FALSE,"observed"
"DE",2019,"105",105,0.65678,FALSE,"observed"
"DE",2019,"106",106,0.69112,FALSE,"observed"
"DE",2019,"107",107,0.72354,FALSE,"observed"
"DE",2019,"108",108,0.75382,FALSE,"observed"
"DE",2019,"109",109,0.78182,FALSE,"observed"
"DE",2019,"110+",110,0.80748,FALSE,"observed"
"DE",2020,"0",0,0.00307,FALSE,"observed"
"DE",2020,"1",1,2e-04,FALSE,"observed"
"DE",2020,"2",2,0.00011,FALSE,"observed"
"DE",2020,"3",3,1e-04,FALSE,"observed"
"DE",2020,"4",4,1e-04,FALSE,"observed"
"DE",2020,"5",5,6e-05,FALSE,"observed"
"DE",2020,"6",6,7e-05,FALSE,"observed"
"DE",2020,"7",7,7e-05,FALSE,"observed"
"DE",2020,"8",8,8e-05,FALSE,"observed"
"DE",2020,"9",9,6e-05,FALSE,"observed"
"DE",2020,"10",10,6e-05,FALSE,"observed"
"DE",2020,"11",11,6e-05,FALSE,"observed"
"DE",2020,"12",12,7e-05,FALSE,"observed"
"DE",2020,"13",13,9e-05,FALSE,"observed"
"DE",2020,"14",14,1e-04,FALSE,"observed"
"DE",2020,"15",15,0.00011,FALSE,"observed"
"DE",2020,"16",16,0.00017,FALSE,"observed"
"DE",2020,"17",17,0.00019,FALSE,"observed"
"DE",2020,"18",18,0.00023,FALSE,"observed"
"DE",2020,"19",19,3e-04,FALSE,"observed"
"DE",2020,"20",20,0.00029,FALSE,"observed"
"DE",2020,"21",21,0.00029,FALSE,"observed"
"DE",2020,"22",22,0.00029,FALSE,"observed"
"DE",2020,"23",23,0.00032,FALSE,"observed"
"DE",2020,"24",24,3e-04,FALSE,"observed"
"DE",2020,"25",25,0.00032,FALSE,"observed"
"DE",2020,"26",26,0.00032,FALSE,"observed"
"DE",2020,"27",27,0.00032,FALSE,"observed"
"DE",2020,"28",28,0.00033,FALSE,"observed"
"DE",2020,"29",29,0.00038,FALSE,"observed"
"DE",2020,"30",30,4e-04,FALSE,"observed"
"DE",2020,"31",31,0.00043,FALSE,"observed"
"DE",2020,"32",32,0.00046,FALSE,"observed"
"DE",2020,"33",33,0.00052,FALSE,"observed"
"DE",2020,"34",34,0.00055,FALSE,"observed"
"DE",2020,"35",35,0.00064,FALSE,"observed"
"DE",2020,"36",36,0.00069,FALSE,"observed"
"DE",2020,"37",37,0.00079,FALSE,"observed"
"DE",2020,"38",38,0.00079,FALSE,"observed"
"DE",2020,"39",39,0.00093,FALSE,"observed"
"DE",2020,"40",40,0.00097,FALSE,"observed"
"DE",2020,"41",41,0.0011,FALSE,"observed"
"DE",2020,"42",42,0.00111,FALSE,"observed"
"DE",2020,"43",43,0.00129,FALSE,"observed"
"DE",2020,"44",44,0.0014,FALSE,"observed"
"DE",2020,"45",45,0.00147,FALSE,"observed"
"DE",2020,"46",46,0.00161,FALSE,"observed"
"DE",2020,"47",47,0.00173,FALSE,"observed"
"DE",2020,"48",48,0.00212,FALSE,"observed"
"DE",2020,"49",49,0.00235,FALSE,"observed"
"DE",2020,"50",50,0.00252,FALSE,"observed"
"DE",2020,"51",51,0.00279,FALSE,"observed"
"DE",2020,"52",52,0.00302,FALSE,"observed"
"DE",2020,"53",53,0.00345,FALSE,"observed"
"DE",2020,"54",54,0.00388,FALSE,"observed"
"DE",2020,"55",55,0.0044,FALSE,"observed"
"DE",2020,"56",56,0.0048,FALSE,"observed"
"DE",2020,"57",57,0.00523,FALSE,"observed"
"DE",2020,"58",58,0.006,FALSE,"observed"
"DE",2020,"59",59,0.00661,FALSE,"observed"
"DE",2020,"60",60,0.00732,FALSE,"observed"
"DE",2020,"61",61,0.00809,FALSE,"observed"
"DE",2020,"62",62,0.00887,FALSE,"observed"
"DE",2020,"63",63,0.00983,FALSE,"observed"
"DE",2020,"64",64,0.01065,FALSE,"observed"
"DE",2020,"65",65,0.01179,FALSE,"observed"
"DE",2020,"66",66,0.0126,FALSE,"observed"
"DE",2020,"67",67,0.01353,FALSE,"observed"
"DE",2020,"68",68,0.01507,FALSE,"observed"
"DE",2020,"69",69,0.01646,FALSE,"observed"
"DE",2020,"70",70,0.0175,FALSE,"observed"
"DE",2020,"71",71,0.01921,FALSE,"observed"
"DE",2020,"72",72,0.02074,FALSE,"observed"
"DE",2020,"73",73,0.02283,FALSE,"observed"
"DE",2020,"74",74,0.02422,FALSE,"observed"
"DE",2020,"75",75,0.02761,FALSE,"observed"
"DE",2020,"76",76,0.0305,FALSE,"observed"
"DE",2020,"77",77,0.03231,FALSE,"observed"
"DE",2020,"78",78,0.03656,FALSE,"observed"
"DE",2020,"79",79,0.03919,FALSE,"observed"
"DE",2020,"80",80,0.04621,FALSE,"observed"
"DE",2020,"81",81,0.05108,FALSE,"observed"
"DE",2020,"82",82,0.05739,FALSE,"observed"
"DE",2020,"83",83,0.06671,FALSE,"observed"
"DE",2020,"84",84,0.07619,FALSE,"observed"
"DE",2020,"85",85,0.09093,FALSE,"observed"
"DE",2020,"86",86,0.1004,FALSE,"observed"
"DE",2020,"87",87,0.11763,FALSE,"observed"
"DE",2020,"88",88,0.13391,FALSE,"observed"
"DE",2020,"89",89,0.15335,FALSE,"observed"
"DE",2020,"90",90,0.17489,FALSE,"observed"
"DE",2020,"91",91,0.19683,FALSE,"observed"
"DE",2020,"92",92,0.22158,FALSE,"observed"
"DE",2020,"93",93,0.24543,FALSE,"observed"
"DE",2020,"94",94,0.2744,FALSE,"observed"
"DE",2020,"95",95,0.3036,FALSE,"observed"
"DE",2020,"96",96,0.33663,FALSE,"observed"
"DE",2020,"97",97,0.37152,FALSE,"observed"
"DE",2020,"98",98,0.408,FALSE,"observed"
"DE",2020,"99",99,0.4457,FALSE,"observed"
"DE",2020,"100",100,0.48423,FALSE,"observed"
"DE",2020,"101",101,0.52313,FALSE,"observed"
"DE",2020,"102",102,0.56191,FALSE,"observed"
"DE",2020,"103",103,0.60011,FALSE,"observed"
"DE",2020,"104",104,0.63725,FALSE,"observed"
"DE",2020,"105",105,0.67293,FALSE,"observed"
"DE",2020,"106",106,0.7068,FALSE,"observed"
"DE",2020,"107",107,0.7386,FALSE,"observed"
"DE",2020,"108",108,0.76814,FALSE,"observed"
"DE",2020,"109",109,0.79531,FALSE,"observed"
"DE",2020,"110+",110,0.82007,FALSE,"observed"
"DE",2022,"0",0,0.00294272863673726,TRUE,"age_specific_log_linear_mx"
"DE",2022,"1",1,0.000212313169606456,TRUE,"age_specific_log_linear_mx"
"DE",2022,"2",2,0.00011481044673662,TRUE,"age_specific_log_linear_mx"
"DE",2022,"3",3,9.19721095015399e-05,TRUE,"age_specific_log_linear_mx"
"DE",2022,"4",4,9.38568884641932e-05,TRUE,"age_specific_log_linear_mx"
"DE",2022,"5",5,8.01221795195932e-05,TRUE,"age_specific_log_linear_mx"
"DE",2022,"6",6,7.33084375710901e-05,TRUE,"age_specific_log_linear_mx"
"DE",2022,"7",7,6.13703054236373e-05,TRUE,"age_specific_log_linear_mx"
"DE",2022,"8",8,6.23951625757111e-05,TRUE,"age_specific_log_linear_mx"
"DE",2022,"9",9,6.06115311864381e-05,TRUE,"age_specific_log_linear_mx"
"DE",2022,"10",10,5.47420072447027e-05,TRUE,"age_specific_log_linear_mx"
"DE",2022,"11",11,6.10847790200963e-05,TRUE,"age_specific_log_linear_mx"
"DE",2022,"12",12,6.65584780562195e-05,TRUE,"age_specific_log_linear_mx"
"DE",2022,"13",13,7.53534399725995e-05,TRUE,"age_specific_log_linear_mx"
"DE",2022,"14",14,9.4954649980909e-05,TRUE,"age_specific_log_linear_mx"
"DE",2022,"15",15,0.000117350008764577,TRUE,"age_specific_log_linear_mx"
"DE",2022,"16",16,0.000154836504209567,TRUE,"age_specific_log_linear_mx"
"DE",2022,"17",17,0.000167754020170309,TRUE,"age_specific_log_linear_mx"
"DE",2022,"18",18,0.000223205238267725,TRUE,"age_specific_log_linear_mx"
"DE",2022,"19",19,0.000223518335554737,TRUE,"age_specific_log_linear_mx"
"DE",2022,"20",20,0.000233715409940376,TRUE,"age_specific_log_linear_mx"
"DE",2022,"21",21,0.000234121720609805,TRUE,"age_specific_log_linear_mx"
"DE",2022,"22",22,0.000244224031275266,TRUE,"age_specific_log_linear_mx"
"DE",2022,"23",23,0.000251278940633017,TRUE,"age_specific_log_linear_mx"
"DE",2022,"24",24,0.000272170187506851,TRUE,"age_specific_log_linear_mx"
"DE",2022,"25",25,0.000278110463628315,TRUE,"age_specific_log_linear_mx"
"DE",2022,"26",26,0.000281701406412954,TRUE,"age_specific_log_linear_mx"
"DE",2022,"27",27,0.000301998716238991,TRUE,"age_specific_log_linear_mx"
"DE",2022,"28",28,0.000327960607967958,TRUE,"age_specific_log_linear_mx"
"DE",2022,"29",29,0.000353864097346954,TRUE,"age_specific_log_linear_mx"
"DE",2022,"30",30,0.000387916177221003,TRUE,"age_specific_log_linear_mx"
"DE",2022,"31",31,0.000435279730200027,TRUE,"age_specific_log_linear_mx"
"DE",2022,"32",32,0.000459547136035777,TRUE,"age_specific_log_linear_mx"
"DE",2022,"33",33,0.000489826689066588,TRUE,"age_specific_log_linear_mx"
"DE",2022,"34",34,0.000513158899802417,TRUE,"age_specific_log_linear_mx"
"DE",2022,"35",35,0.000540370733116093,TRUE,"age_specific_log_linear_mx"
"DE",2022,"36",36,0.00058230312376494,TRUE,"age_specific_log_linear_mx"
"DE",2022,"37",37,0.000624897076580936,TRUE,"age_specific_log_linear_mx"
"DE",2022,"38",38,0.000691795893324851,TRUE,"age_specific_log_linear_mx"
"DE",2022,"39",39,0.00073783624145387,TRUE,"age_specific_log_linear_mx"
"DE",2022,"40",40,0.000792113111717847,TRUE,"age_specific_log_linear_mx"
"DE",2022,"41",41,0.000883406275969905,TRUE,"age_specific_log_linear_mx"
"DE",2022,"42",42,0.000931212781764297,TRUE,"age_specific_log_linear_mx"
"DE",2022,"43",43,0.00102824908665734,TRUE,"age_specific_log_linear_mx"
"DE",2022,"44",44,0.0011404436219558,TRUE,"age_specific_log_linear_mx"
"DE",2022,"45",45,0.00128387056190603,TRUE,"age_specific_log_linear_mx"
"DE",2022,"46",46,0.00141972931974578,TRUE,"age_specific_log_linear_mx"
"DE",2022,"47",47,0.00161752861731884,TRUE,"age_specific_log_linear_mx"
"DE",2022,"48",48,0.00182214549378551,TRUE,"age_specific_log_linear_mx"
"DE",2022,"49",49,0.00207368171884906,TRUE,"age_specific_log_linear_mx"
"DE",2022,"50",50,0.0023167836808471,TRUE,"age_specific_log_linear_mx"
"DE",2022,"51",51,0.00266389615891182,TRUE,"age_specific_log_linear_mx"
"DE",2022,"52",52,0.00299009110403842,TRUE,"age_specific_log_linear_mx"
"DE",2022,"53",53,0.00340146667414796,TRUE,"age_specific_log_linear_mx"
"DE",2022,"54",54,0.00381252242503815,TRUE,"age_specific_log_linear_mx"
"DE",2022,"55",55,0.00426369076379461,TRUE,"age_specific_log_linear_mx"
"DE",2022,"56",56,0.00475722901543766,TRUE,"age_specific_log_linear_mx"
"DE",2022,"57",57,0.00527929509029215,TRUE,"age_specific_log_linear_mx"
"DE",2022,"58",58,0.00580885860699374,TRUE,"age_specific_log_linear_mx"
"DE",2022,"59",59,0.00650580937357825,TRUE,"age_specific_log_linear_mx"
"DE",2022,"60",60,0.00716698663213289,TRUE,"age_specific_log_linear_mx"
"DE",2022,"61",61,0.00781331483733918,TRUE,"age_specific_log_linear_mx"
"DE",2022,"62",62,0.00851878741764274,TRUE,"age_specific_log_linear_mx"
"DE",2022,"63",63,0.00925351660373942,TRUE,"age_specific_log_linear_mx"
"DE",2022,"64",64,0.0101673601185505,TRUE,"age_specific_log_linear_mx"
"DE",2022,"65",65,0.0107308499636353,TRUE,"age_specific_log_linear_mx"
"DE",2022,"66",66,0.011587621960442,TRUE,"age_specific_log_linear_mx"
"DE",2022,"67",67,0.012367395345887,TRUE,"age_specific_log_linear_mx"
"DE",2022,"68",68,0.0131663645493656,TRUE,"age_specific_log_linear_mx"
"DE",2022,"69",69,0.0141953075155764,TRUE,"age_specific_log_linear_mx"
"DE",2022,"70",70,0.0152961819069421,TRUE,"age_specific_log_linear_mx"
"DE",2022,"71",71,0.0164626205211008,TRUE,"age_specific_log_linear_mx"
"DE",2022,"72",72,0.0177552420721159,TRUE,"age_specific_log_linear_mx"
"DE",2022,"73",73,0.0194697562322419,TRUE,"age_specific_log_linear_mx"
"DE",2022,"74",74,0.0213721660373204,TRUE,"age_specific_log_linear_mx"
"DE",2022,"75",75,0.0235865994641633,TRUE,"age_specific_log_linear_mx"
"DE",2022,"76",76,0.0261513440951904,TRUE,"age_specific_log_linear_mx"
"DE",2022,"77",77,0.0291738861340182,TRUE,"age_specific_log_linear_mx"
"DE",2022,"78",78,0.0328720659505848,TRUE,"age_specific_log_linear_mx"
"DE",2022,"79",79,0.0375414370813073,TRUE,"age_specific_log_linear_mx"
"DE",2022,"80",80,0.0420370930282363,TRUE,"age_specific_log_linear_mx"
"DE",2022,"81",81,0.0490174146345389,TRUE,"age_specific_log_linear_mx"
"DE",2022,"82",82,0.056754809379906,TRUE,"age_specific_log_linear_mx"
"DE",2022,"83",83,0.0644268805600332,TRUE,"age_specific_log_linear_mx"
"DE",2022,"84",84,0.0749202962847366,TRUE,"age_specific_log_linear_mx"
"DE",2022,"85",85,0.0849751179895094,TRUE,"age_specific_log_linear_mx"
"DE",2022,"86",86,0.0979544476866499,TRUE,"age_specific_log_linear_mx"
"DE",2022,"87",87,0.111381448658964,TRUE,"age_specific_log_linear_mx"
"DE",2022,"88",88,0.127708492360586,TRUE,"age_specific_log_linear_mx"
"DE",2022,"89",89,0.144595881890949,TRUE,"age_specific_log_linear_mx"
"DE",2022,"90",90,0.164266230585107,TRUE,"age_specific_log_linear_mx"
"DE",2022,"91",91,0.185107418356374,TRUE,"age_specific_log_linear_mx"
"DE",2022,"92",92,0.211136543212097,TRUE,"age_specific_log_linear_mx"
"DE",2022,"93",93,0.236151585944181,TRUE,"age_specific_log_linear_mx"
"DE",2022,"94",94,0.261200506419455,TRUE,"age_specific_log_linear_mx"
"DE",2022,"95",95,0.294493518913173,TRUE,"age_specific_log_linear_mx"
"DE",2022,"96",96,0.327606812771194,TRUE,"age_specific_log_linear_mx"
"DE",2022,"97",97,0.362732018828902,TRUE,"age_specific_log_linear_mx"
"DE",2022,"98",98,0.399590183757188,TRUE,"age_specific_log_linear_mx"
"DE",2022,"99",99,0.437823867087261,TRUE,"age_specific_log_linear_mx"
"DE",2022,"100",100,0.477016875716907,TRUE,"age_specific_log_linear_mx"
"DE",2022,"101",101,0.516682402729435,TRUE,"age_specific_log_linear_mx"
"DE",2022,"102",102,0.556319001214844,TRUE,"age_specific_log_linear_mx"
"DE",2022,"103",103,0.59542227109621,TRUE,"age_specific_log_linear_mx"
"DE",2022,"104",104,0.633494644382137,TRUE,"age_specific_log_linear_mx"
"DE",2022,"105",105,0.67010553043715,TRUE,"age_specific_log_linear_mx"
"DE",2022,"106",106,0.704880269135567,TRUE,"age_specific_log_linear_mx"
"DE",2022,"107",107,0.737529045375011,TRUE,"age_specific_log_linear_mx"
"DE",2022,"108",108,0.767845541878437,TRUE,"age_specific_log_linear_mx"
"DE",2022,"109",109,0.795703874267281,TRUE,"age_specific_log_linear_mx"
"DE",2022,"110+",110,0.82105886394123,TRUE,"age_specific_log_linear_mx"
"DE",2023,"0",0,0.00289340114854365,TRUE,"age_specific_log_linear_mx"
"DE",2023,"1",1,0.000206260310337526,TRUE,"age_specific_log_linear_mx"
"DE",2023,"2",2,0.000111255790222132,TRUE,"age_specific_log_linear_mx"
"DE",2023,"3",3,8.89874409050362e-05,TRUE,"age_specific_log_linear_mx"
"DE",2023,"4",4,9.21527268035947e-05,TRUE,"age_specific_log_linear_mx"
"DE",2023,"5",5,7.84302768321962e-05,TRUE,"age_specific_log_linear_mx"
"DE",2023,"6",6,7.17741474183767e-05,TRUE,"age_specific_log_linear_mx"
"DE",2023,"7",7,5.98452048059496e-05,TRUE,"age_specific_log_linear_mx"
"DE",2023,"8",8,6.08380677280237e-05,TRUE,"age_specific_log_linear_mx"
"DE",2023,"9",9,5.93736079068638e-05,TRUE,"age_specific_log_linear_mx"
"DE",2023,"10",10,5.33438327596215e-05,TRUE,"age_specific_log_linear_mx"
"DE",2023,"11",11,5.92800310525001e-05,TRUE,"age_specific_log_linear_mx"
"DE",2023,"12",12,6.47564816208667e-05,TRUE,"age_specific_log_linear_mx"
"DE",2023,"13",13,7.33968107472841e-05,TRUE,"age_specific_log_linear_mx"
"DE",2023,"14",14,9.25376396760327e-05,TRUE,"age_specific_log_linear_mx"
"DE",2023,"15",15,0.000114218181109666,TRUE,"age_specific_log_linear_mx"
"DE",2023,"16",16,0.000150008897668977,TRUE,"age_specific_log_linear_mx"
"DE",2023,"17",17,0.000161450379820278,TRUE,"age_specific_log_linear_mx"
"DE",2023,"18",18,0.000213318886563764,TRUE,"age_specific_log_linear_mx"
"DE",2023,"19",19,0.000213571003256706,TRUE,"age_specific_log_linear_mx"
"DE",2023,"20",20,0.00022361615316003,TRUE,"age_specific_log_linear_mx"
"DE",2023,"21",21,0.000224542177268535,TRUE,"age_specific_log_linear_mx"
"DE",2023,"22",22,0.000234952456975017,TRUE,"age_specific_log_linear_mx"
"DE",2023,"23",23,0.000242031794340985,TRUE,"age_specific_log_linear_mx"
"DE",2023,"24",24,0.000263666276724652,TRUE,"age_specific_log_linear_mx"
"DE",2023,"25",25,0.000269846629782128,TRUE,"age_specific_log_linear_mx"
"DE",2023,"26",26,0.00027301249564381,TRUE,"age_specific_log_linear_mx"
"DE",2023,"27",27,0.000293440168298683,TRUE,"age_specific_log_linear_mx"
"DE",2023,"28",28,0.000320182433057996,TRUE,"age_specific_log_linear_mx"
"DE",2023,"29",29,0.00034627145576274,TRUE,"age_specific_log_linear_mx"
"DE",2023,"30",30,0.000381089258513389,TRUE,"age_specific_log_linear_mx"
"DE",2023,"31",31,0.000428483737150185,TRUE,"age_specific_log_linear_mx"
"DE",2023,"32",32,0.000452528968769774,TRUE,"age_specific_log_linear_mx"
"DE",2023,"33",33,0.000482475430801058,TRUE,"age_specific_log_linear_mx"
"DE",2023,"34",34,0.000504312935380538,TRUE,"age_specific_log_linear_mx"
"DE",2023,"35",35,0.000529962552134919,TRUE,"age_specific_log_linear_mx"
"DE",2023,"36",36,0.000570989442727382,TRUE,"age_specific_log_linear_mx"
"DE",2023,"37",37,0.000612461440677283,TRUE,"age_specific_log_linear_mx"
"DE",2023,"38",38,0.000677275911202634,TRUE,"age_specific_log_linear_mx"
"DE",2023,"39",39,0.000720557966489693,TRUE,"age_specific_log_linear_mx"
"DE",2023,"40",40,0.000771904483811482,TRUE,"age_specific_log_linear_mx"
"DE",2023,"41",41,0.000861309269492279,TRUE,"age_specific_log_linear_mx"
"DE",2023,"42",42,0.000904028008581437,TRUE,"age_specific_log_linear_mx"
"DE",2023,"43",43,0.000996958830140897,TRUE,"age_specific_log_linear_mx"
"DE",2023,"44",44,0.00110622642318111,TRUE,"age_specific_log_linear_mx"
"DE",2023,"45",45,0.00124522108209726,TRUE,"age_specific_log_linear_mx"
"DE",2023,"46",46,0.00137625954626109,TRUE,"age_specific_log_linear_mx"
"DE",2023,"47",47,0.00157024096405763,TRUE,"age_specific_log_linear_mx"
"DE",2023,"48",48,0.0017716994932414,TRUE,"age_specific_log_linear_mx"
"DE",2023,"49",49,0.00201905460805805,TRUE,"age_specific_log_linear_mx"
"DE",2023,"50",50,0.002259275596176,TRUE,"age_specific_log_linear_mx"
"DE",2023,"51",51,0.0026050640321141,TRUE,"age_specific_log_linear_mx"
"DE",2023,"52",52,0.00292738047808785,TRUE,"age_specific_log_linear_mx"
"DE",2023,"53",53,0.00334012487425996,TRUE,"age_specific_log_linear_mx"
"DE",2023,"54",54,0.00374877559078737,TRUE,"age_specific_log_linear_mx"
"DE",2023,"55",55,0.00420004752049588,TRUE,"age_specific_log_linear_mx"
"DE",2023,"56",56,0.00469562432677852,TRUE,"age_specific_log_linear_mx"
"DE",2023,"57",57,0.00521715401290423,TRUE,"age_specific_log_linear_mx"
"DE",2023,"58",58,0.00574123812069179,TRUE,"age_specific_log_linear_mx"
"DE",2023,"59",59,0.00644715038181414,TRUE,"age_specific_log_linear_mx"
"DE",2023,"60",60,0.00710574115635461,TRUE,"age_specific_log_linear_mx"
"DE",2023,"61",61,0.00775065264704557,TRUE,"age_specific_log_linear_mx"
"DE",2023,"62",62,0.00845301362576299,TRUE,"age_specific_log_linear_mx"
"DE",2023,"63",63,0.00918439606200037,TRUE,"age_specific_log_linear_mx"
"DE",2023,"64",64,0.0101009394452466,TRUE,"age_specific_log_linear_mx"
"DE",2023,"65",65,0.0106331741834562,TRUE,"age_specific_log_linear_mx"
"DE",2023,"66",66,0.0114744758147301,TRUE,"age_specific_log_linear_mx"
"DE",2023,"67",67,0.0122298001502997,TRUE,"age_specific_log_linear_mx"
"DE",2023,"68",68,0.0129948822354664,TRUE,"age_specific_log_linear_mx"
"DE",2023,"69",69,0.0139977065555793,TRUE,"age_specific_log_linear_mx"
"DE",2023,"70",70,0.0150586416676275,TRUE,"age_specific_log_linear_mx"
"DE",2023,"71",71,0.0161835208914902,TRUE,"age_specific_log_linear_mx"
"DE",2023,"72",72,0.0174308736119663,TRUE,"age_specific_log_linear_mx"
"DE",2023,"73",73,0.0191106426685893,TRUE,"age_specific_log_linear_mx"
"DE",2023,"74",74,0.0209691297265623,TRUE,"age_specific_log_linear_mx"
"DE",2023,"75",75,0.0231331205436735,TRUE,"age_specific_log_linear_mx"
"DE",2023,"76",76,0.0256497790976913,TRUE,"age_specific_log_linear_mx"
"DE",2023,"77",77,0.0286198383282072,TRUE,"age_specific_log_linear_mx"
"DE",2023,"78",78,0.0322593007086384,TRUE,"age_specific_log_linear_mx"
"DE",2023,"79",79,0.0368918639577725,TRUE,"age_specific_log_linear_mx"
"DE",2023,"80",80,0.0412582868071336,TRUE,"age_specific_log_linear_mx"
"DE",2023,"81",81,0.0482463232958531,TRUE,"age_specific_log_linear_mx"
"DE",2023,"82",82,0.055970187907391,TRUE,"age_specific_log_linear_mx"
"DE",2023,"83",83,0.0635512591830848,TRUE,"age_specific_log_linear_mx"
"DE",2023,"84",84,0.0740829212426864,TRUE,"age_specific_log_linear_mx"
"DE",2023,"85",85,0.0840225029690608,TRUE,"age_specific_log_linear_mx"
"DE",2023,"86",86,0.0969846360780985,TRUE,"age_specific_log_linear_mx"
"DE",2023,"87",87,0.110345376611569,TRUE,"age_specific_log_linear_mx"
"DE",2023,"88",88,0.126676740868509,TRUE,"age_specific_log_linear_mx"
"DE",2023,"89",89,0.14350341122732,TRUE,"age_specific_log_linear_mx"
"DE",2023,"90",90,0.163196172782682,TRUE,"age_specific_log_linear_mx"
"DE",2023,"91",91,0.183892738351312,TRUE,"age_specific_log_linear_mx"
"DE",2023,"92",92,0.210098019757673,TRUE,"age_specific_log_linear_mx"
"DE",2023,"93",93,0.23521997620243,TRUE,"age_specific_log_linear_mx"
"DE",2023,"94",94,0.260248117281489,TRUE,"age_specific_log_linear_mx"
"DE",2023,"95",95,0.293763780016133,TRUE,"age_specific_log_linear_mx"
"DE",2023,"96",96,0.327058375902543,TRUE,"age_specific_log_linear_mx"
"DE",2023,"97",97,0.362400187335059,TRUE,"age_specific_log_linear_mx"
"DE",2023,"98",98,0.399506514697574,TRUE,"age_specific_log_linear_mx"
"DE",2023,"99",99,0.438014493576435,TRUE,"age_specific_log_linear_mx"
"DE",2023,"100",100,0.477500583282153,TRUE,"age_specific_log_linear_mx"
"DE",2023,"101",101,0.5174677531208,TRUE,"age_specific_log_linear_mx"
"DE",2023,"102",102,0.557404343332335,TRUE,"age_specific_log_linear_mx"
"DE",2023,"103",103,0.596795242602383,TRUE,"age_specific_log_linear_mx"
"DE",2023,"104",104,0.635131959509261,TRUE,"age_specific_log_linear_mx"
"DE",2023,"105",105,0.671976017606277,TRUE,"age_specific_log_linear_mx"
"DE",2023,"106",106,0.706945397843074,TRUE,"age_specific_log_linear_mx"
"DE",2023,"107",107,0.739746677566751,TRUE,"age_specific_log_linear_mx"
"DE",2023,"108",108,0.770171686927092,TRUE,"age_specific_log_linear_mx"
"DE",2023,"109",109,0.798094831883352,TRUE,"age_specific_log_linear_mx"
"DE",2023,"110+",110,0.823473449179172,TRUE,"age_specific_log_linear_mx"
"DE",2024,"0",0,0.00284490051236117,TRUE,"age_specific_log_linear_mx"
"DE",2024,"1",1,0.000200380012692527,TRUE,"age_specific_log_linear_mx"
"DE",2024,"2",2,0.000107811189746054,TRUE,"age_specific_log_linear_mx"
"DE",2024,"3",3,8.60996304395369e-05,TRUE,"age_specific_log_linear_mx"
"DE",2024,"4",4,9.04795076450655e-05,TRUE,"age_specific_log_linear_mx"
"DE",2024,"5",5,7.67741012645648e-05,TRUE,"age_specific_log_linear_mx"
"DE",2024,"6",6,7.02719687981242e-05,TRUE,"age_specific_log_linear_mx"
"DE",2024,"7",7,5.83580041445684e-05,TRUE,"age_specific_log_linear_mx"
"DE",2024,"8",8,5.93198307703486e-05,TRUE,"age_specific_log_linear_mx"
"DE",2024,"9",9,5.81609678368726e-05,TRUE,"age_specific_log_linear_mx"
"DE",2024,"10",10,5.19813692758197e-05,TRUE,"age_specific_log_linear_mx"
"DE",2024,"11",11,5.7528604309582e-05,TRUE,"age_specific_log_linear_mx"
"DE",2024,"12",12,6.30032722258408e-05,TRUE,"age_specific_log_linear_mx"
"DE",2024,"13",13,7.14909874032497e-05,TRUE,"age_specific_log_linear_mx"
"DE",2024,"14",14,9.01821528333045e-05,TRUE,"age_specific_log_linear_mx"
"DE",2024,"15",15,0.000111169935420902,TRUE,"age_specific_log_linear_mx"
"DE",2024,"16",16,0.000145331809799867,TRUE,"age_specific_log_linear_mx"
"DE",2024,"17",17,0.000155383609392186,TRUE,"age_specific_log_linear_mx"
"DE",2024,"18",18,0.000203870427584781,TRUE,"age_specific_log_linear_mx"
"DE",2024,"19",19,0.000204066361351846,TRUE,"age_specific_log_linear_mx"
"DE",2024,"20",20,0.000213953303151242,TRUE,"age_specific_log_linear_mx"
"DE",2024,"21",21,0.000215354599484274,TRUE,"age_specific_log_linear_mx"
"DE",2024,"22",22,0.000226032863147604,TRUE,"age_specific_log_linear_mx"
"DE",2024,"23",23,0.000233124946023514,TRUE,"age_specific_log_linear_mx"
"DE",2024,"24",24,0.000255428069174879,TRUE,"age_specific_log_linear_mx"
"DE",2024,"25",25,0.00026182834926373,TRUE,"age_specific_log_linear_mx"
"DE",2024,"26",26,0.000264591589111191,TRUE,"age_specific_log_linear_mx"
"DE",2024,"27",27,0.000285124166895525,TRUE,"age_specific_log_linear_mx"
"DE",2024,"28",28,0.0003125887315374,TRUE,"age_specific_log_linear_mx"
"DE",2024,"29",29,0.000338841724761028,TRUE,"age_specific_log_linear_mx"
"DE",2024,"30",30,0.000374382486429649,TRUE,"age_specific_log_linear_mx"
"DE",2024,"31",31,0.000421793849481159,TRUE,"age_specific_log_linear_mx"
"DE",2024,"32",32,0.000445617982395375,TRUE,"age_specific_log_linear_mx"
"DE",2024,"33",33,0.000475234499308842,TRUE,"age_specific_log_linear_mx"
"DE",2024,"34",34,0.000495619459956865,TRUE,"age_specific_log_linear_mx"
"DE",2024,"35",35,0.000519754845059336,TRUE,"age_specific_log_linear_mx"
"DE",2024,"36",36,0.000559895577406752,TRUE,"age_specific_log_linear_mx"
"DE",2024,"37",37,0.000600273277591348,TRUE,"age_specific_log_linear_mx"
"DE",2024,"38",38,0.000663060686427009,TRUE,"age_specific_log_linear_mx"
"DE",2024,"39",39,0.000703684305407249,TRUE,"age_specific_log_linear_mx"
"DE",2024,"40",40,0.000752211424497305,TRUE,"age_specific_log_linear_mx"
"DE",2024,"41",41,0.000839764984574997,TRUE,"age_specific_log_linear_mx"
"DE",2024,"42",42,0.00087763683693356,TRUE,"age_specific_log_linear_mx"
"DE",2024,"43",43,0.000966620755508746,TRUE,"age_specific_log_linear_mx"
"DE",2024,"44",44,0.00107303585708641,TRUE,"age_specific_log_linear_mx"
"DE",2024,"45",45,0.00120773510142448,TRUE,"age_specific_log_linear_mx"
"DE",2024,"46",46,0.00133412074564604,TRUE,"age_specific_log_linear_mx"
"DE",2024,"47",47,0.00152433574207277,TRUE,"age_specific_log_linear_mx"
"DE",2024,"48",48,0.00172265008752441,TRUE,"age_specific_log_linear_mx"
"DE",2024,"49",49,0.00196586654223053,TRUE,"age_specific_log_linear_mx"
"DE",2024,"50",50,0.00220319499902988,TRUE,"age_specific_log_linear_mx"
"DE",2024,"51",51,0.00254753121239783,TRUE,"age_specific_log_linear_mx"
"DE",2024,"52",52,0.00286598507046016,TRUE,"age_specific_log_linear_mx"
"DE",2024,"53",53,0.0032798893078806,TRUE,"age_specific_log_linear_mx"
"DE",2024,"54",54,0.00368609462800541,TRUE,"age_specific_log_linear_mx"
"DE",2024,"55",55,0.00413735426692246,TRUE,"age_specific_log_linear_mx"
"DE",2024,"56",56,0.0046348174003571,TRUE,"age_specific_log_linear_mx"
"DE",2024,"57",57,0.00515574438042191,TRUE,"age_specific_log_linear_mx"
"DE",2024,"58",58,0.0056744047993868,TRUE,"age_specific_log_linear_mx"
"DE",2024,"59",59,0.00638902028309276,TRUE,"age_specific_log_linear_mx"
"DE",2024,"60",60,0.00704501905371707,TRUE,"age_specific_log_linear_mx"
"DE",2024,"61",61,0.00768849300274868,TRUE,"age_specific_log_linear_mx"
"DE",2024,"62",62,0.00838774767513882,TRUE,"age_specific_log_linear_mx"
"DE",2024,"63",63,0.00911579182660139,TRUE,"age_specific_log_linear_mx"
"DE",2024,"64",64,0.010034952680626,TRUE,"age_specific_log_linear_mx"
"DE",2024,"65",65,0.0105363874808494,TRUE,"age_specific_log_linear_mx"
"DE",2024,"66",66,0.0113624344729489,TRUE,"age_specific_log_linear_mx"
"DE",2024,"67",67,0.0120937357894046,TRUE,"age_specific_log_linear_mx"
"DE",2024,"68",68,0.0128256333538765,TRUE,"age_specific_log_linear_mx"
"DE",2024,"69",69,0.0138028562326748,TRUE,"age_specific_log_linear_mx"
"DE",2024,"70",70,0.014824790281233,TRUE,"age_specific_log_linear_mx"
"DE",2024,"71",71,0.0159091529874971,TRUE,"age_specific_log_linear_mx"
"DE",2024,"72",72,0.0171124310016312,TRUE,"age_specific_log_linear_mx"
"DE",2024,"73",73,0.0187581528422893,TRUE,"age_specific_log_linear_mx"
"DE",2024,"74",74,0.0205736938746209,TRUE,"age_specific_log_linear_mx"
"DE",2024,"75",75,0.0226883602658029,TRUE,"age_specific_log_linear_mx"
"DE",2024,"76",76,0.025157833775793,TRUE,"age_specific_log_linear_mx"
"DE",2024,"77",77,0.0280763125683696,TRUE,"age_specific_log_linear_mx"
"DE",2024,"78",78,0.0316579579687735,TRUE,"age_specific_log_linear_mx"
"DE",2024,"79",79,0.0362535302879087,TRUE,"age_specific_log_linear_mx"
"DE",2024,"80",80,0.0404939092509627,TRUE,"age_specific_log_linear_mx"
"DE",2024,"81",81,0.0474873619696746,TRUE,"age_specific_log_linear_mx"
"DE",2024,"82",82,0.0551964136364061,TRUE,"age_specific_log_linear_mx"
"DE",2024,"83",83,0.0626875383170581,TRUE,"age_specific_log_linear_mx"
"DE",2024,"84",84,0.073254905439665,TRUE,"age_specific_log_linear_mx"
"DE",2024,"85",85,0.0830805672556689,TRUE,"age_specific_log_linear_mx"
"DE",2024,"86",86,0.0960244262240187,TRUE,"age_specific_log_linear_mx"
"DE",2024,"87",87,0.109318942123214,TRUE,"age_specific_log_linear_mx"
"DE",2024,"88",88,0.125653324852966,TRUE,"age_specific_log_linear_mx"
"DE",2024,"89",89,0.142419194548075,TRUE,"age_specific_log_linear_mx"
"DE",2024,"90",90,0.162133085516418,TRUE,"age_specific_log_linear_mx"
"DE",2024,"91",91,0.182686029110079,TRUE,"age_specific_log_linear_mx"
"DE",2024,"92",92,0.209064604518763,TRUE,"age_specific_log_linear_mx"
"DE",2024,"93",93,0.234292041628506,TRUE,"age_specific_log_linear_mx"
"DE",2024,"94",94,0.259299200744257,TRUE,"age_specific_log_linear_mx"
"DE",2024,"95",95,0.293035849372328,TRUE,"age_specific_log_linear_mx"
"DE",2024,"96",96,0.326510857155822,TRUE,"age_specific_log_linear_mx"
"DE",2024,"97",97,0.362068659404548,TRUE,"age_specific_log_linear_mx"
"DE",2024,"98",98,0.399422863157187,TRUE,"age_specific_log_linear_mx"
"DE",2024,"99",99,0.438205203063502,TRUE,"age_specific_log_linear_mx"
"DE",2024,"100",100,0.477984781339497,TRUE,"age_specific_log_linear_mx"
"DE",2024,"101",101,0.518254297234331,TRUE,"age_specific_log_linear_mx"
"DE",2024,"102",102,0.558491802881568,TRUE,"age_specific_log_linear_mx"
"DE",2024,"103",103,0.598171380014246,TRUE,"age_specific_log_linear_mx"
"DE",2024,"104",104,0.636773506401956,TRUE,"age_specific_log_linear_mx"
"DE",2024,"105",105,0.673851725926538,TRUE,"age_specific_log_linear_mx"
"DE",2024,"106",106,0.709016576878226,TRUE,"age_specific_log_linear_mx"
"DE",2024,"107",107,0.741970977824744,TRUE,"age_specific_log_linear_mx"
"DE",2024,"108",108,0.772504878901843,TRUE,"age_specific_log_linear_mx"
"DE",2024,"109",109,0.800492973928841,TRUE,"age_specific_log_linear_mx"
"DE",2024,"110+",110,0.825895135274466,TRUE,"age_specific_log_linear_mx"
"DE",2025,"0",0,0.00279721286808314,TRUE,"age_specific_log_linear_mx"
"DE",2025,"1",1,0.000194667357093337,TRUE,"age_specific_log_linear_mx"
"DE",2025,"2",2,0.000104473237853534,TRUE,"age_specific_log_linear_mx"
"DE",2025,"3",3,8.33055348758241e-05,TRUE,"age_specific_log_linear_mx"
"DE",2025,"4",4,8.88366691648897e-05,TRUE,"age_specific_log_linear_mx"
"DE",2025,"5",5,7.51528983837785e-05,TRUE,"age_specific_log_linear_mx"
"DE",2025,"6",6,6.88012296402451e-05,TRUE,"age_specific_log_linear_mx"
"DE",2025,"7",7,5.69077615956108e-05,TRUE,"age_specific_log_linear_mx"
"DE",2025,"8",8,5.78394819893654e-05,TRUE,"age_specific_log_linear_mx"
"DE",2025,"9",9,5.69730945949581e-05,TRUE,"age_specific_log_linear_mx"
"DE",2025,"10",10,5.06537046928216e-05,TRUE,"age_specific_log_linear_mx"
"DE",2025,"11",11,5.58289234173551e-05,TRUE,"age_specific_log_linear_mx"
"DE",2025,"12",12,6.12975290165289e-05,TRUE,"age_specific_log_linear_mx"
"DE",2025,"13",13,6.96346507137671e-05,TRUE,"age_specific_log_linear_mx"
"DE",2025,"14",14,8.78866234120713e-05,TRUE,"age_specific_log_linear_mx"
"DE",2025,"15",15,0.000108203041069455,TRUE,"age_specific_log_linear_mx"
"DE",2025,"16",16,0.000140800547620271,TRUE,"age_specific_log_linear_mx"
"DE",2025,"17",17,0.000149544808099058,TRUE,"age_specific_log_linear_mx"
"DE",2025,"18",18,0.000194840465901165,TRUE,"age_specific_log_linear_mx"
"DE",2025,"19",19,0.000194984708599827,TRUE,"age_specific_log_linear_mx"
"DE",2025,"20",20,0.000204708002004524,TRUE,"age_specific_log_linear_mx"
"DE",2025,"21",21,0.00020654294922761,TRUE,"age_specific_log_linear_mx"
"DE",2025,"22",22,0.000217451887417955,TRUE,"age_specific_log_linear_mx"
"DE",2025,"23",23,0.000224545872605065,TRUE,"age_specific_log_linear_mx"
"DE",2025,"24",24,0.000247447263005655,TRUE,"age_specific_log_linear_mx"
"DE",2025,"25",25,0.000254048325648981,TRUE,"age_specific_log_linear_mx"
"DE",2025,"26",26,0.000256430420385313,TRUE,"age_specific_log_linear_mx"
"DE",2025,"27",27,0.00027704383833749,TRUE,"age_specific_log_linear_mx"
"DE",2025,"28",28,0.000305175128288385,TRUE,"age_specific_log_linear_mx"
"DE",2025,"29",29,0.0003315714088709,TRUE,"age_specific_log_linear_mx"
"DE",2025,"30",30,0.00036779374651496,TRUE,"age_specific_log_linear_mx"
"DE",2025,"31",31,0.000415208410576798,TRUE,"age_specific_log_linear_mx"
"DE",2025,"32",32,0.000438812540054536,TRUE,"age_specific_log_linear_mx"
"DE",2025,"33",33,0.000468102238819391,TRUE,"age_specific_log_linear_mx"
"DE",2025,"34",34,0.000487075844887036,TRUE,"age_specific_log_linear_mx"
"DE",2025,"35",35,0.000509743750524244,TRUE,"age_specific_log_linear_mx"
"DE",2025,"36",36,0.000549017256960585,TRUE,"age_specific_log_linear_mx"
"DE",2025,"37",37,0.000588327662541164,TRUE,"age_specific_log_linear_mx"
"DE",2025,"38",38,0.000649143822499717,TRUE,"age_specific_log_linear_mx"
"DE",2025,"39",39,0.000687205783163825,TRUE,"age_specific_log_linear_mx"
"DE",2025,"40",40,0.000733020780434343,TRUE,"age_specific_log_linear_mx"
"DE",2025,"41",41,0.000818759595765115,TRUE,"age_specific_log_linear_mx"
"DE",2025,"42",42,0.000852016099314653,TRUE,"age_specific_log_linear_mx"
"DE",2025,"43",43,0.000937205887276464,TRUE,"age_specific_log_linear_mx"
"DE",2025,"44",44,0.0010408411211894,TRUE,"age_specific_log_linear_mx"
"DE",2025,"45",45,0.0011713775940543,TRUE,"age_specific_log_linear_mx"
"DE",2025,"46",46,0.00129327216570346,TRUE,"age_specific_log_linear_mx"
"DE",2025,"47",47,0.00147977253666608,TRUE,"age_specific_log_linear_mx"
"DE",2025,"48",48,0.00167495861198145,TRUE,"age_specific_log_linear_mx"
"DE",2025,"49",49,0.0019140796125264,TRUE,"age_specific_log_linear_mx"
"DE",2025,"50",50,0.00214850645577112,TRUE,"age_specific_log_linear_mx"
"DE",2025,"51",51,0.00249126900457582,TRUE,"age_specific_log_linear_mx"
"DE",2025,"52",52,0.00280587729732547,TRUE,"age_specific_log_linear_mx"
"DE",2025,"53",53,0.00322074002527614,TRUE,"age_specific_log_linear_mx"
"DE",2025,"54",54,0.00362446171491332,TRUE,"age_specific_log_linear_mx"
"DE",2025,"55",55,0.00407559682277132,TRUE,"age_specific_log_linear_mx"
"DE",2025,"56",56,0.00457479790539175,TRUE,"age_specific_log_linear_mx"
"DE",2025,"57",57,0.00509505758321573,TRUE,"age_specific_log_linear_mx"
"DE",2025,"58",58,0.00560834947975023,TRUE,"age_specific_log_linear_mx"
"DE",2025,"59",59,0.00633141430870182,TRUE,"age_specific_log_linear_mx"
"DE",2025,"60",60,0.00698481585173569,TRUE,"age_specific_log_linear_mx"
"DE",2025,"61",61,0.00762683187406781,TRUE,"age_specific_log_linear_mx"
"DE",2025,"62",62,0.00832298564471395,TRUE,"age_specific_log_linear_mx"
"DE",2025,"63",63,0.00904770004091416,TRUE,"age_specific_log_linear_mx"
"DE",2025,"64",64,0.00996939699007814,TRUE,"age_specific_log_linear_mx"
"DE",2025,"65",65,0.0104404817631338,TRUE,"age_specific_log_linear_mx"
"DE",2025,"66",66,0.0112514871473539,TRUE,"age_specific_log_linear_mx"
"DE",2025,"67",67,0.0119591852316853,TRUE,"age_specific_log_linear_mx"
"DE",2025,"68",68,0.0126585888157659,TRUE,"age_specific_log_linear_mx"
"DE",2025,"69",69,0.0136107182575527,TRUE,"age_specific_log_linear_mx"
"DE",2025,"70",70,0.0145945704621554,TRUE,"age_specific_log_linear_mx"
"DE",2025,"71",71,0.0156394365896407,TRUE,"age_specific_log_linear_mx"
"DE",2025,"72",72,0.016799805982447,TRUE,"age_specific_log_linear_mx"
"DE",2025,"73",73,0.018412164580578,TRUE,"age_specific_log_linear_mx"
"DE",2025,"74",74,0.0201857151520424,TRUE,"age_specific_log_linear_mx"
"DE",2025,"75",75,0.0222521510048346,TRUE,"age_specific_log_linear_mx"
"DE",2025,"76",76,0.0246753236306583,TRUE,"age_specific_log_linear_mx"
"DE",2025,"77",77,0.0275431090279735,TRUE,"age_specific_log_linear_mx"
"DE",2025,"78",78,0.0310678248051498,TRUE,"age_specific_log_linear_mx"
"DE",2025,"79",79,0.0356262415973538,TRUE,"age_specific_log_linear_mx"
"DE",2025,"80",80,0.0397436930449982,TRUE,"age_specific_log_linear_mx"
"DE",2025,"81",81,0.0467403398391754,TRUE,"age_specific_log_linear_mx"
"DE",2025,"82",82,0.0544333366070208,TRUE,"age_specific_log_linear_mx"
"DE",2025,"83",83,0.0618355562229144,TRUE,"age_specific_log_linear_mx"
"DE",2025,"84",84,0.0724361442685959,TRUE,"age_specific_log_linear_mx"
"DE",2025,"85",85,0.0821491911287782,TRUE,"age_specific_log_linear_mx"
"DE",2025,"86",86,0.0950737230609072,TRUE,"age_specific_log_linear_mx"
"DE",2025,"87",87,0.108302055545168,TRUE,"age_specific_log_linear_mx"
"DE",2025,"88",88,0.124638176971997,TRUE,"age_specific_log_linear_mx"
"DE",2025,"89",89,0.141343169491575,TRUE,"age_specific_log_linear_mx"
"DE",2025,"90",90,0.161076923379075,TRUE,"age_specific_log_linear_mx"
"DE",2025,"91",91,0.181487238328301,TRUE,"age_specific_log_linear_mx"
"DE",2025,"92",92,0.208036272369438,TRUE,"age_specific_log_linear_mx"
"DE",2025,"93",93,0.233367767724001,TRUE,"age_specific_log_linear_mx"
"DE",2025,"94",94,0.258353744145962,TRUE,"age_specific_log_linear_mx"
"DE",2025,"95",95,0.292309722501002,TRUE,"age_specific_log_linear_mx"
"DE",2025,"96",96,0.325964254994028,TRUE,"age_specific_log_linear_mx"
"DE",2025,"97",97,0.361737434759665,TRUE,"age_specific_log_linear_mx"
"DE",2025,"98",98,0.39933922913236,TRUE,"age_specific_log_linear_mx"
"DE",2025,"99",99,0.438395995584599,TRUE,"age_specific_log_linear_mx"
"DE",2025,"100",100,0.478469470386313,TRUE,"age_specific_log_linear_mx"
"DE",2025,"101",101,0.51904203688447,TRUE,"age_specific_log_linear_mx"
"DE",2025,"102",102,0.559581383993515,TRUE,"age_specific_log_linear_mx"
"DE",2025,"103",103,0.599550690631996,TRUE,"age_specific_log_linear_mx"
"DE",2025,"104",104,0.638419295997542,TRUE,"age_specific_log_linear_mx"
"DE",2025,"105",105,0.675732669971899,TRUE,"age_specific_log_linear_mx"
"DE",2025,"106",106,0.71109382396702,TRUE,"age_specific_log_linear_mx"
"DE",2025,"107",107,0.744201966198801,TRUE,"age_specific_log_linear_mx"
"DE",2025,"108",108,0.774845139150959,TRUE,"age_specific_log_linear_mx"
"DE",2025,"109",109,0.802898321991761,TRUE,"age_specific_log_linear_mx"
"DE",2025,"110+",110,0.828323943109447,TRUE,"age_specific_log_linear_mx"
