"country","year","age","age_num","mx","is_projected","projection_method"
"NL",1850,"0",0,0.22385,FALSE,"observed"
"NL",1850,"1",1,0.06581,FALSE,"observed"
"NL",1850,"2",2,0.03275,FALSE,"observed"
"NL",1850,"3",3,0.01967,FALSE,"observed"
"NL",1850,"4",4,0.01469,FALSE,"observed"
"NL",1850,"5",5,0.01182,FALSE,"observed"
"NL",1850,"6",6,0.00935,FALSE,"observed"
"NL",1850,"7",7,0.00801,FALSE,"observed"
"NL",1850,"8",8,0.00719,FALSE,"observed"
"NL",1850,"9",9,0.00622,FALSE,"observed"
"NL",1850,"10",10,0.00554,FALSE,"observed"
"NL",1850,"11",11,0.00499,FALSE,"observed"
"NL",1850,"12",12,0.00438,FALSE,"observed"
"NL",1850,"13",13,0.00408,FALSE,"observed"
"NL",1850,"14",14,0.00484,FALSE,"observed"
"NL",1850,"15",15,0.00496,FALSE,"observed"
"NL",1850,"16",16,0.00457,FALSE,"observed"
"NL",1850,"17",17,0.00563,FALSE,"observed"
"NL",1850,"18",18,0.00691,FALSE,"observed"
"NL",1850,"19",19,0.00708,FALSE,"observed"
"NL",1850,"20",20,0.00764,FALSE,"observed"
"NL",1850,"21",21,0.00781,FALSE,"observed"
"NL",1850,"22",22,0.0089,FALSE,"observed"
"NL",1850,"23",23,0.00842,FALSE,"observed"
"NL",1850,"24",24,0.00776,FALSE,"observed"
"NL",1850,"25",25,0.00904,FALSE,"observed"
"NL",1850,"26",26,0.0089,FALSE,"observed"
"NL",1850,"27",27,0.0096,FALSE,"observed"
"NL",1850,"28",28,0.01011,FALSE,"observed"
"NL",1850,"29",29,0.01023,FALSE,"observed"
"NL",1850,"30",30,0.00951,FALSE,"observed"
"NL",1850,"31",31,0.0095,FALSE,"observed"
"NL",1850,"32",32,0.01142,FALSE,"observed"
"NL",1850,"33",33,0.01158,FALSE,"observed"
"NL",1850,"34",34,0.01116,FALSE,"observed"
"NL",1850,"35",35,0.0107,FALSE,"observed"
"NL",1850,"36",36,0.01106,FALSE,"observed"
"NL",1850,"37",37,0.01151,FALSE,"observed"
"NL",1850,"38",38,0.01313,FALSE,"observed"
"NL",1850,"39",39,0.01305,FALSE,"observed"
"NL",1850,"40",40,0.01294,FALSE,"observed"
"NL",1850,"41",41,0.01338,FALSE,"observed"
"NL",1850,"42",42,0.01453,FALSE,"observed"
"NL",1850,"43",43,0.01353,FALSE,"observed"
"NL",1850,"44",44,0.01294,FALSE,"observed"
"NL",1850,"45",45,0.01469,FALSE,"observed"
"NL",1850,"46",46,0.01438,FALSE,"observed"
"NL",1850,"47",47,0.0143,FALSE,"observed"
"NL",1850,"48",48,0.01564,FALSE,"observed"
"NL",1850,"49",49,0.01463,FALSE,"observed"
"NL",1850,"50",50,0.01582,FALSE,"observed"
"NL",1850,"51",51,0.01727,FALSE,"observed"
"NL",1850,"52",52,0.0205,FALSE,"observed"
"NL",1850,"53",53,0.01902,FALSE,"observed"
"NL",1850,"54",54,0.02045,FALSE,"observed"
"NL",1850,"55",55,0.02054,FALSE,"observed"
"NL",1850,"56",56,0.02297,FALSE,"observed"
"NL",1850,"57",57,0.02366,FALSE,"observed"
"NL",1850,"58",58,0.02562,FALSE,"observed"
"NL",1850,"59",59,0.0262,FALSE,"observed"
"NL",1850,"60",60,0.02942,FALSE,"observed"
"NL",1850,"61",61,0.03051,FALSE,"observed"
"NL",1850,"62",62,0.03336,FALSE,"observed"
"NL",1850,"63",63,0.0362,FALSE,"observed"
"NL",1850,"64",64,0.04099,FALSE,"observed"
"NL",1850,"65",65,0.04486,FALSE,"observed"
"NL",1850,"66",66,0.0481,FALSE,"observed"
"NL",1850,"67",67,0.04662,FALSE,"observed"
"NL",1850,"68",68,0.05612,FALSE,"observed"
"NL",1850,"69",69,0.05888,FALSE,"observed"
"NL",1850,"70",70,0.05997,FALSE,"observed"
"NL",1850,"71",71,0.06738,FALSE,"observed"
"NL",1850,"72",72,0.0805,FALSE,"observed"
"NL",1850,"73",73,0.08318,FALSE,"observed"
"NL",1850,"74",74,0.09405,FALSE,"observed"
"NL",1850,"75",75,0.10098,FALSE,"observed"
"NL",1850,"76",76,0.10629,FALSE,"observed"
"NL",1850,"77",77,0.11359,FALSE,"observed"
"NL",1850,"78",78,0.12581,FALSE,"observed"
"NL",1850,"79",79,0.13274,FALSE,"observed"
"NL",1850,"80",80,0.14909,FALSE,"observed"
"NL",1850,"81",81,0.14623,FALSE,"observed"
"NL",1850,"82",82,0.1698,FALSE,"observed"
"NL",1850,"83",83,0.19446,FALSE,"observed"
"NL",1850,"84",84,0.20769,FALSE,"observed"
"NL",1850,"85",85,0.22624,FALSE,"observed"
"NL",1850,"86",86,0.23541,FALSE,"observed"
"NL",1850,"87",87,0.25366,FALSE,"observed"
"NL",1850,"88",88,0.27284,FALSE,"observed"
"NL",1850,"89",89,0.29293,FALSE,"observed"
"NL",1850,"90",90,0.3139,FALSE,"observed"
"NL",1850,"91",91,0.3357,FALSE,"observed"
"NL",1850,"92",92,0.35828,FALSE,"observed"
"NL",1850,"93",93,0.38157,FALSE,"observed"
"NL",1850,"94",94,0.4055,FALSE,"observed"
"NL",1850,"95",95,0.42996,FALSE,"observed"
"NL",1850,"96",96,0.45485,FALSE,"observed"
"NL",1850,"97",97,0.48008,FALSE,"observed"
"NL",1850,"98",98,0.5055,FALSE,"observed"
"NL",1850,"99",99,0.531,FALSE,"observed"
"NL",1850,"100",100,0.55646,FALSE,"observed"
"NL",1850,"101",101,0.58173,FALSE,"observed"
"NL",1850,"102",102,0.60669,FALSE,"observed"
"NL",1850,"103",103,0.63122,FALSE,"observed"
"NL",1850,"104",104,0.65521,FALSE,"observed"
"NL",1850,"105",105,0.67853,FALSE,"observed"
"NL",1850,"106",106,0.7011,FALSE,"observed"
"NL",1850,"107",107,0.72282,FALSE,"observed"
"NL",1850,"108",108,0.74364,FALSE,"observed"
"NL",1850,"109",109,0.76348,FALSE,"observed"
"NL",1850,"110+",110,0.78231,FALSE,"observed"
"NL",1851,"0",0,0.21852,FALSE,"observed"
"NL",1851,"1",1,0.07182,FALSE,"observed"
"NL",1851,"2",2,0.03969,FALSE,"observed"
"NL",1851,"3",3,0.02153,FALSE,"observed"
"NL",1851,"4",4,0.01514,FALSE,"observed"
"NL",1851,"5",5,0.01128,FALSE,"observed"
"NL",1851,"6",6,0.01,FALSE,"observed"
"NL",1851,"7",7,0.00839,FALSE,"observed"
"NL",1851,"8",8,0.007,FALSE,"observed"
"NL",1851,"9",9,0.00595,FALSE,"observed"
"NL",1851,"10",10,0.00556,FALSE,"observed"
"NL",1851,"11",11,0.00486,FALSE,"observed"
"NL",1851,"12",12,0.004,FALSE,"observed"
"NL",1851,"13",13,0.00375,FALSE,"observed"
"NL",1851,"14",14,0.00418,FALSE,"observed"
"NL",1851,"15",15,0.00417,FALSE,"observed"
"NL",1851,"16",16,0.00445,FALSE,"observed"
"NL",1851,"17",17,0.00535,FALSE,"observed"
"NL",1851,"18",18,0.00646,FALSE,"observed"
"NL",1851,"19",19,0.00726,FALSE,"observed"
"NL",1851,"20",20,0.00822,FALSE,"observed"
"NL",1851,"21",21,0.00708,FALSE,"observed"
"NL",1851,"22",22,0.008,FALSE,"observed"
"NL",1851,"23",23,0.00825,FALSE,"observed"
"NL",1851,"24",24,0.00773,FALSE,"observed"
"NL",1851,"25",25,0.00877,FALSE,"observed"
"NL",1851,"26",26,0.00838,FALSE,"observed"
"NL",1851,"27",27,0.00871,FALSE,"observed"
"NL",1851,"28",28,0.00906,FALSE,"observed"
"NL",1851,"29",29,0.00904,FALSE,"observed"
"NL",1851,"30",30,0.00927,FALSE,"observed"
"NL",1851,"31",31,0.00878,FALSE,"observed"
"NL",1851,"32",32,0.01023,FALSE,"observed"
"NL",1851,"33",33,0.01173,FALSE,"observed"
"NL",1851,"34",34,0.01082,FALSE,"observed"
"NL",1851,"35",35,0.00977,FALSE,"observed"
"NL",1851,"36",36,0.01042,FALSE,"observed"
"NL",1851,"37",37,0.01057,FALSE,"observed"
"NL",1851,"38",38,0.0125,FALSE,"observed"
"NL",1851,"39",39,0.01265,FALSE,"observed"
"NL",1851,"40",40,0.01144,FALSE,"observed"
"NL",1851,"41",41,0.0113,FALSE,"observed"
"NL",1851,"42",42,0.01285,FALSE,"observed"
"NL",1851,"43",43,0.01285,FALSE,"observed"
"NL",1851,"44",44,0.01178,FALSE,"observed"
"NL",1851,"45",45,0.01352,FALSE,"observed"
"NL",1851,"46",46,0.01318,FALSE,"observed"
"NL",1851,"47",47,0.01333,FALSE,"observed"
"NL",1851,"48",48,0.01441,FALSE,"observed"
"NL",1851,"49",49,0.01383,FALSE,"observed"
"NL",1851,"50",50,0.01566,FALSE,"observed"
"NL",1851,"51",51,0.01538,FALSE,"observed"
"NL",1851,"52",52,0.01834,FALSE,"observed"
"NL",1851,"53",53,0.01843,FALSE,"observed"
"NL",1851,"54",54,0.01931,FALSE,"observed"
"NL",1851,"55",55,0.01965,FALSE,"observed"
"NL",1851,"56",56,0.02179,FALSE,"observed"
"NL",1851,"57",57,0.02274,FALSE,"observed"
"NL",1851,"58",58,0.02422,FALSE,"observed"
"NL",1851,"59",59,0.02527,FALSE,"observed"
"NL",1851,"60",60,0.0285,FALSE,"observed"
"NL",1851,"61",61,0.02913,FALSE,"observed"
"NL",1851,"62",62,0.03345,FALSE,"observed"
"NL",1851,"63",63,0.03536,FALSE,"observed"
"NL",1851,"64",64,0.03739,FALSE,"observed"
"NL",1851,"65",65,0.04338,FALSE,"observed"
"NL",1851,"66",66,0.04536,FALSE,"observed"
"NL",1851,"67",67,0.0428,FALSE,"observed"
"NL",1851,"68",68,0.05116,FALSE,"observed"
"NL",1851,"69",69,0.0555,FALSE,"observed"
"NL",1851,"70",70,0.05742,FALSE,"observed"
"NL",1851,"71",71,0.05673,FALSE,"observed"
"NL",1851,"72",72,0.07418,FALSE,"observed"
"NL",1851,"73",73,0.0859,FALSE,"observed"
"NL",1851,"74",74,0.09052,FALSE,"observed"
"NL",1851,"75",75,0.09807,FALSE,"observed"
"NL",1851,"76",76,0.09741,FALSE,"observed"
"NL",1851,"77",77,0.10909,FALSE,"observed"
"NL",1851,"78",78,0.11684,FALSE,"observed"
"NL",1851,"79",79,0.12841,FALSE,"observed"
"NL",1851,"80",80,0.13701,FALSE,"observed"
"NL",1851,"81",81,0.14548,FALSE,"observed"
"NL",1851,"82",82,0.17292,FALSE,"observed"
"NL",1851,"83",83,0.18108,FALSE,"observed"
"NL",1851,"84",84,0.18722,FALSE,"observed"
"NL",1851,"85",85,0.20658,FALSE,"observed"
"NL",1851,"86",86,0.23724,FALSE,"observed"
"NL",1851,"87",87,0.2353,FALSE,"observed"
"NL",1851,"88",88,0.252,FALSE,"observed"
"NL",1851,"89",89,0.26945,FALSE,"observed"
"NL",1851,"90",90,0.28763,FALSE,"observed"
"NL",1851,"91",91,0.30649,FALSE,"observed"
"NL",1851,"92",92,0.326,FALSE,"observed"
"NL",1851,"93",93,0.3461,FALSE,"observed"
"NL",1851,"94",94,0.36674,FALSE,"observed"
"NL",1851,"95",95,0.38786,FALSE,"observed"
"NL",1851,"96",96,0.40937,FALSE,"observed"
"NL",1851,"97",97,0.4312,FALSE,"observed"
"NL",1851,"98",98,0.45326,FALSE,"observed"
"NL",1851,"99",99,0.47548,FALSE,"observed"
"NL",1851,"100",100,0.49777,FALSE,"observed"
"NL",1851,"101",101,0.52003,FALSE,"observed"
"NL",1851,"102",102,0.54218,FALSE,"observed"
"NL",1851,"103",103,0.56413,FALSE,"observed"
"NL",1851,"104",104,0.5858,FALSE,"observed"
"NL",1851,"105",105,0.60712,FALSE,"observed"
"NL",1851,"106",106,0.62802,FALSE,"observed"
"NL",1851,"107",107,0.64842,FALSE,"observed"
"NL",1851,"108",108,0.66828,FALSE,"observed"
"NL",1851,"109",109,0.68754,FALSE,"observed"
"NL",1851,"110+",110,0.70616,FALSE,"observed"
"NL",1852,"0",0,0.25061,FALSE,"observed"
"NL",1852,"1",1,0.0684,FALSE,"observed"
"NL",1852,"2",2,0.03482,FALSE,"observed"
"NL",1852,"3",3,0.02095,FALSE,"observed"
"NL",1852,"4",4,0.0134,FALSE,"observed"
"NL",1852,"5",5,0.01066,FALSE,"observed"
"NL",1852,"6",6,0.00939,FALSE,"observed"
"NL",1852,"7",7,0.00733,FALSE,"observed"
"NL",1852,"8",8,0.00693,FALSE,"observed"
"NL",1852,"9",9,0.00613,FALSE,"observed"
"NL",1852,"10",10,0.0052,FALSE,"observed"
"NL",1852,"11",11,0.00463,FALSE,"observed"
"NL",1852,"12",12,0.00472,FALSE,"observed"
"NL",1852,"13",13,0.00437,FALSE,"observed"
"NL",1852,"14",14,0.00499,FALSE,"observed"
"NL",1852,"15",15,0.00501,FALSE,"observed"
"NL",1852,"16",16,0.00468,FALSE,"observed"
"NL",1852,"17",17,0.00568,FALSE,"observed"
"NL",1852,"18",18,0.00687,FALSE,"observed"
"NL",1852,"19",19,0.0077,FALSE,"observed"
"NL",1852,"20",20,0.00924,FALSE,"observed"
"NL",1852,"21",21,0.00797,FALSE,"observed"
"NL",1852,"22",22,0.00852,FALSE,"observed"
"NL",1852,"23",23,0.00877,FALSE,"observed"
"NL",1852,"24",24,0.0091,FALSE,"observed"
"NL",1852,"25",25,0.00978,FALSE,"observed"
"NL",1852,"26",26,0.00923,FALSE,"observed"
"NL",1852,"27",27,0.0094,FALSE,"observed"
"NL",1852,"28",28,0.00965,FALSE,"observed"
"NL",1852,"29",29,0.00982,FALSE,"observed"
"NL",1852,"30",30,0.00916,FALSE,"observed"
"NL",1852,"31",31,0.00927,FALSE,"observed"
"NL",1852,"32",32,0.01036,FALSE,"observed"
"NL",1852,"33",33,0.01143,FALSE,"observed"
"NL",1852,"34",34,0.01194,FALSE,"observed"
"NL",1852,"35",35,0.01086,FALSE,"observed"
"NL",1852,"36",36,0.01099,FALSE,"observed"
"NL",1852,"37",37,0.01151,FALSE,"observed"
"NL",1852,"38",38,0.01337,FALSE,"observed"
"NL",1852,"39",39,0.01388,FALSE,"observed"
"NL",1852,"40",40,0.01259,FALSE,"observed"
"NL",1852,"41",41,0.0119,FALSE,"observed"
"NL",1852,"42",42,0.013,FALSE,"observed"
"NL",1852,"43",43,0.01365,FALSE,"observed"
"NL",1852,"44",44,0.01357,FALSE,"observed"
"NL",1852,"45",45,0.01413,FALSE,"observed"
"NL",1852,"46",46,0.01376,FALSE,"observed"
"NL",1852,"47",47,0.01384,FALSE,"observed"
"NL",1852,"48",48,0.01525,FALSE,"observed"
"NL",1852,"49",49,0.01452,FALSE,"observed"
"NL",1852,"50",50,0.01751,FALSE,"observed"
"NL",1852,"51",51,0.0173,FALSE,"observed"
"NL",1852,"52",52,0.01846,FALSE,"observed"
"NL",1852,"53",53,0.01937,FALSE,"observed"
"NL",1852,"54",54,0.02116,FALSE,"observed"
"NL",1852,"55",55,0.02099,FALSE,"observed"
"NL",1852,"56",56,0.02337,FALSE,"observed"
"NL",1852,"57",57,0.02454,FALSE,"observed"
"NL",1852,"58",58,0.02649,FALSE,"observed"
"NL",1852,"59",59,0.0265,FALSE,"observed"
"NL",1852,"60",60,0.02999,FALSE,"observed"
"NL",1852,"61",61,0.03102,FALSE,"observed"
"NL",1852,"62",62,0.03265,FALSE,"observed"
"NL",1852,"63",63,0.03648,FALSE,"observed"
"NL",1852,"64",64,0.03767,FALSE,"observed"
"NL",1852,"65",65,0.04324,FALSE,"observed"
"NL",1852,"66",66,0.04688,FALSE,"observed"
"NL",1852,"67",67,0.0503,FALSE,"observed"
"NL",1852,"68",68,0.05881,FALSE,"observed"
"NL",1852,"69",69,0.05851,FALSE,"observed"
"NL",1852,"70",70,0.07036,FALSE,"observed"
"NL",1852,"71",71,0.06757,FALSE,"observed"
"NL",1852,"72",72,0.07277,FALSE,"observed"
"NL",1852,"73",73,0.08757,FALSE,"observed"
"NL",1852,"74",74,0.09839,FALSE,"observed"
"NL",1852,"75",75,0.09708,FALSE,"observed"
"NL",1852,"76",76,0.10529,FALSE,"observed"
"NL",1852,"77",77,0.11345,FALSE,"observed"
"NL",1852,"78",78,0.12068,FALSE,"observed"
"NL",1852,"79",79,0.12702,FALSE,"observed"
"NL",1852,"80",80,0.14095,FALSE,"observed"
"NL",1852,"81",81,0.15221,FALSE,"observed"
"NL",1852,"82",82,0.18,FALSE,"observed"
"NL",1852,"83",83,0.18914,FALSE,"observed"
"NL",1852,"84",84,0.19458,FALSE,"observed"
"NL",1852,"85",85,0.20876,FALSE,"observed"
"NL",1852,"86",86,0.24392,FALSE,"observed"
"NL",1852,"87",87,0.24611,FALSE,"observed"
"NL",1852,"88",88,0.26396,FALSE,"observed"
"NL",1852,"89",89,0.28258,FALSE,"observed"
"NL",1852,"90",90,0.30193,FALSE,"observed"
"NL",1852,"91",91,0.32197,FALSE,"observed"
"NL",1852,"92",92,0.34262,FALSE,"observed"
"NL",1852,"93",93,0.36382,FALSE,"observed"
"NL",1852,"94",94,0.38548,FALSE,"observed"
"NL",1852,"95",95,0.40752,FALSE,"observed"
"NL",1852,"96",96,0.42985,FALSE,"observed"
"NL",1852,"97",97,0.45237,FALSE,"observed"
"NL",1852,"98",98,0.47498,FALSE,"observed"
"NL",1852,"99",99,0.49759,FALSE,"observed"
"NL",1852,"100",100,0.5201,FALSE,"observed"
"NL",1852,"101",101,0.54241,FALSE,"observed"
"NL",1852,"102",102,0.56443,FALSE,"observed"
"NL",1852,"103",103,0.58609,FALSE,"observed"
"NL",1852,"104",104,0.60731,FALSE,"observed"
"NL",1852,"105",105,0.62802,FALSE,"observed"
"NL",1852,"106",106,0.64817,FALSE,"observed"
"NL",1852,"107",107,0.6677,FALSE,"observed"
"NL",1852,"108",108,0.68659,FALSE,"observed"
"NL",1852,"109",109,0.70478,FALSE,"observed"
"NL",1852,"110+",110,0.72227,FALSE,"observed"
"NL",1853,"0",0,0.22345,FALSE,"observed"
"NL",1853,"1",1,0.06083,FALSE,"observed"
"NL",1853,"2",2,0.03175,FALSE,"observed"
"NL",1853,"3",3,0.02097,FALSE,"observed"
"NL",1853,"4",4,0.01509,FALSE,"observed"
"NL",1853,"5",5,0.01069,FALSE,"observed"
"NL",1853,"6",6,0.00888,FALSE,"observed"
"NL",1853,"7",7,0.00682,FALSE,"observed"
"NL",1853,"8",8,0.00674,FALSE,"observed"
"NL",1853,"9",9,0.00584,FALSE,"observed"
"NL",1853,"10",10,0.0054,FALSE,"observed"
"NL",1853,"11",11,0.00468,FALSE,"observed"
"NL",1853,"12",12,0.00548,FALSE,"observed"
"NL",1853,"13",13,0.00497,FALSE,"observed"
"NL",1853,"14",14,0.005,FALSE,"observed"
"NL",1853,"15",15,0.00503,FALSE,"observed"
"NL",1853,"16",16,0.00499,FALSE,"observed"
"NL",1853,"17",17,0.00592,FALSE,"observed"
"NL",1853,"18",18,0.00711,FALSE,"observed"
"NL",1853,"19",19,0.00774,FALSE,"observed"
"NL",1853,"20",20,0.00934,FALSE,"observed"
"NL",1853,"21",21,0.00896,FALSE,"observed"
"NL",1853,"22",22,0.00944,FALSE,"observed"
"NL",1853,"23",23,0.00885,FALSE,"observed"
"NL",1853,"24",24,0.00881,FALSE,"observed"
"NL",1853,"25",25,0.01038,FALSE,"observed"
"NL",1853,"26",26,0.00993,FALSE,"observed"
"NL",1853,"27",27,0.00993,FALSE,"observed"
"NL",1853,"28",28,0.00984,FALSE,"observed"
"NL",1853,"29",29,0.00965,FALSE,"observed"
"NL",1853,"30",30,0.01023,FALSE,"observed"
"NL",1853,"31",31,0.01026,FALSE,"observed"
"NL",1853,"32",32,0.01213,FALSE,"observed"
"NL",1853,"33",33,0.01283,FALSE,"observed"
"NL",1853,"34",34,0.01294,FALSE,"observed"
"NL",1853,"35",35,0.01309,FALSE,"observed"
"NL",1853,"36",36,0.01282,FALSE,"observed"
"NL",1853,"37",37,0.01271,FALSE,"observed"
"NL",1853,"38",38,0.01517,FALSE,"observed"
"NL",1853,"39",39,0.01549,FALSE,"observed"
"NL",1853,"40",40,0.01531,FALSE,"observed"
"NL",1853,"41",41,0.01464,FALSE,"observed"
"NL",1853,"42",42,0.01532,FALSE,"observed"
"NL",1853,"43",43,0.01535,FALSE,"observed"
"NL",1853,"44",44,0.016,FALSE,"observed"
"NL",1853,"45",45,0.01722,FALSE,"observed"
"NL",1853,"46",46,0.01616,FALSE,"observed"
"NL",1853,"47",47,0.01619,FALSE,"observed"
"NL",1853,"48",48,0.01785,FALSE,"observed"
"NL",1853,"49",49,0.01722,FALSE,"observed"
"NL",1853,"50",50,0.0193,FALSE,"observed"
"NL",1853,"51",51,0.01968,FALSE,"observed"
"NL",1853,"52",52,0.02104,FALSE,"observed"
"NL",1853,"53",53,0.02261,FALSE,"observed"
"NL",1853,"54",54,0.02482,FALSE,"observed"
"NL",1853,"55",55,0.02585,FALSE,"observed"
"NL",1853,"56",56,0.0266,FALSE,"observed"
"NL",1853,"57",57,0.02852,FALSE,"observed"
"NL",1853,"58",58,0.03121,FALSE,"observed"
"NL",1853,"59",59,0.03132,FALSE,"observed"
"NL",1853,"60",60,0.03481,FALSE,"observed"
"NL",1853,"61",61,0.03599,FALSE,"observed"
"NL",1853,"62",62,0.0389,FALSE,"observed"
"NL",1853,"63",63,0.04256,FALSE,"observed"
"NL",1853,"64",64,0.04662,FALSE,"observed"
"NL",1853,"65",65,0.05348,FALSE,"observed"
"NL",1853,"66",66,0.0543,FALSE,"observed"
"NL",1853,"67",67,0.0593,FALSE,"observed"
"NL",1853,"68",68,0.06762,FALSE,"observed"
"NL",1853,"69",69,0.06511,FALSE,"observed"
"NL",1853,"70",70,0.07726,FALSE,"observed"
"NL",1853,"71",71,0.08164,FALSE,"observed"
"NL",1853,"72",72,0.08894,FALSE,"observed"
"NL",1853,"73",73,0.09557,FALSE,"observed"
"NL",1853,"74",74,0.1207,FALSE,"observed"
"NL",1853,"75",75,0.12319,FALSE,"observed"
"NL",1853,"76",76,0.12157,FALSE,"observed"
"NL",1853,"77",77,0.13731,FALSE,"observed"
"NL",1853,"78",78,0.13732,FALSE,"observed"
"NL",1853,"79",79,0.16141,FALSE,"observed"
"NL",1853,"80",80,0.17762,FALSE,"observed"
"NL",1853,"81",81,0.17007,FALSE,"observed"
"NL",1853,"82",82,0.19694,FALSE,"observed"
"NL",1853,"83",83,0.22348,FALSE,"observed"
"NL",1853,"84",84,0.23243,FALSE,"observed"
"NL",1853,"85",85,0.26867,FALSE,"observed"
"NL",1853,"86",86,0.29859,FALSE,"observed"
"NL",1853,"87",87,0.2863,FALSE,"observed"
"NL",1853,"88",88,0.30587,FALSE,"observed"
"NL",1853,"89",89,0.32619,FALSE,"observed"
"NL",1853,"90",90,0.34719,FALSE,"observed"
"NL",1853,"91",91,0.36882,FALSE,"observed"
"NL",1853,"92",92,0.39101,FALSE,"observed"
"NL",1853,"93",93,0.41366,FALSE,"observed"
"NL",1853,"94",94,0.4367,FALSE,"observed"
"NL",1853,"95",95,0.46002,FALSE,"observed"
"NL",1853,"96",96,0.48353,FALSE,"observed"
"NL",1853,"97",97,0.50712,FALSE,"observed"
"NL",1853,"98",98,0.53068,FALSE,"observed"
"NL",1853,"99",99,0.55411,FALSE,"observed"
"NL",1853,"100",100,0.57731,FALSE,"observed"
"NL",1853,"101",101,0.60016,FALSE,"observed"
"NL",1853,"102",102,0.62259,FALSE,"observed"
"NL",1853,"103",103,0.64451,FALSE,"observed"
"NL",1853,"104",104,0.66583,FALSE,"observed"
"NL",1853,"105",105,0.6865,FALSE,"observed"
"NL",1853,"106",106,0.70644,FALSE,"observed"
"NL",1853,"107",107,0.72562,FALSE,"observed"
"NL",1853,"108",108,0.744,FALSE,"observed"
"NL",1853,"109",109,0.76154,FALSE,"observed"
"NL",1853,"110+",110,0.77824,FALSE,"observed"
"NL",1854,"0",0,0.2232,FALSE,"observed"
"NL",1854,"1",1,0.06475,FALSE,"observed"
"NL",1854,"2",2,0.03492,FALSE,"observed"
"NL",1854,"3",3,0.02114,FALSE,"observed"
"NL",1854,"4",4,0.01512,FALSE,"observed"
"NL",1854,"5",5,0.01325,FALSE,"observed"
"NL",1854,"6",6,0.01007,FALSE,"observed"
"NL",1854,"7",7,0.00828,FALSE,"observed"
"NL",1854,"8",8,0.00732,FALSE,"observed"
"NL",1854,"9",9,0.00591,FALSE,"observed"
"NL",1854,"10",10,0.00546,FALSE,"observed"
"NL",1854,"11",11,0.00499,FALSE,"observed"
"NL",1854,"12",12,0.0049,FALSE,"observed"
"NL",1854,"13",13,0.00449,FALSE,"observed"
"NL",1854,"14",14,0.00495,FALSE,"observed"
"NL",1854,"15",15,0.00496,FALSE,"observed"
"NL",1854,"16",16,0.00487,FALSE,"observed"
"NL",1854,"17",17,0.0058,FALSE,"observed"
"NL",1854,"18",18,0.00682,FALSE,"observed"
"NL",1854,"19",19,0.00748,FALSE,"observed"
"NL",1854,"20",20,0.00891,FALSE,"observed"
"NL",1854,"21",21,0.00848,FALSE,"observed"
"NL",1854,"22",22,0.00987,FALSE,"observed"
"NL",1854,"23",23,0.00937,FALSE,"observed"
"NL",1854,"24",24,0.00869,FALSE,"observed"
"NL",1854,"25",25,0.00942,FALSE,"observed"
"NL",1854,"26",26,0.0097,FALSE,"observed"
"NL",1854,"27",27,0.00986,FALSE,"observed"
"NL",1854,"28",28,0.00952,FALSE,"observed"
"NL",1854,"29",29,0.00912,FALSE,"observed"
"NL",1854,"30",30,0.00994,FALSE,"observed"
"NL",1854,"31",31,0.00994,FALSE,"observed"
"NL",1854,"32",32,0.01162,FALSE,"observed"
"NL",1854,"33",33,0.01297,FALSE,"observed"
"NL",1854,"34",34,0.01249,FALSE,"observed"
"NL",1854,"35",35,0.0116,FALSE,"observed"
"NL",1854,"36",36,0.01278,FALSE,"observed"
"NL",1854,"37",37,0.01233,FALSE,"observed"
"NL",1854,"38",38,0.01398,FALSE,"observed"
"NL",1854,"39",39,0.0147,FALSE,"observed"
"NL",1854,"40",40,0.01424,FALSE,"observed"
"NL",1854,"41",41,0.01409,FALSE,"observed"
"NL",1854,"42",42,0.01489,FALSE,"observed"
"NL",1854,"43",43,0.0142,FALSE,"observed"
"NL",1854,"44",44,0.01406,FALSE,"observed"
"NL",1854,"45",45,0.01687,FALSE,"observed"
"NL",1854,"46",46,0.01688,FALSE,"observed"
"NL",1854,"47",47,0.0162,FALSE,"observed"
"NL",1854,"48",48,0.01768,FALSE,"observed"
"NL",1854,"49",49,0.01707,FALSE,"observed"
"NL",1854,"50",50,0.01899,FALSE,"observed"
"NL",1854,"51",51,0.01926,FALSE,"observed"
"NL",1854,"52",52,0.02129,FALSE,"observed"
"NL",1854,"53",53,0.0218,FALSE,"observed"
"NL",1854,"54",54,0.02146,FALSE,"observed"
"NL",1854,"55",55,0.0226,FALSE,"observed"
"NL",1854,"56",56,0.02628,FALSE,"observed"
"NL",1854,"57",57,0.02729,FALSE,"observed"
"NL",1854,"58",58,0.03078,FALSE,"observed"
"NL",1854,"59",59,0.02954,FALSE,"observed"
"NL",1854,"60",60,0.03349,FALSE,"observed"
"NL",1854,"61",61,0.03386,FALSE,"observed"
"NL",1854,"62",62,0.03759,FALSE,"observed"
"NL",1854,"63",63,0.0416,FALSE,"observed"
"NL",1854,"64",64,0.04435,FALSE,"observed"
"NL",1854,"65",65,0.05048,FALSE,"observed"
"NL",1854,"66",66,0.04995,FALSE,"observed"
"NL",1854,"67",67,0.05452,FALSE,"observed"
"NL",1854,"68",68,0.06488,FALSE,"observed"
"NL",1854,"69",69,0.06374,FALSE,"observed"
"NL",1854,"70",70,0.07359,FALSE,"observed"
"NL",1854,"71",71,0.07194,FALSE,"observed"
"NL",1854,"72",72,0.09215,FALSE,"observed"
"NL",1854,"73",73,0.096,FALSE,"observed"
"NL",1854,"74",74,0.09614,FALSE,"observed"
"NL",1854,"75",75,0.11738,FALSE,"observed"
"NL",1854,"76",76,0.12608,FALSE,"observed"
"NL",1854,"77",77,0.12417,FALSE,"observed"
"NL",1854,"78",78,0.13812,FALSE,"observed"
"NL",1854,"79",79,0.1502,FALSE,"observed"
"NL",1854,"80",80,0.16388,FALSE,"observed"
"NL",1854,"81",81,0.15462,FALSE,"observed"
"NL",1854,"82",82,0.18061,FALSE,"observed"
"NL",1854,"83",83,0.20324,FALSE,"observed"
"NL",1854,"84",84,0.21261,FALSE,"observed"
"NL",1854,"85",85,0.22941,FALSE,"observed"
"NL",1854,"86",86,0.2556,FALSE,"observed"
"NL",1854,"87",87,0.29301,FALSE,"observed"
"NL",1854,"88",88,0.2808,FALSE,"observed"
"NL",1854,"89",89,0.2996,FALSE,"observed"
"NL",1854,"90",90,0.31909,FALSE,"observed"
"NL",1854,"91",91,0.3392,FALSE,"observed"
"NL",1854,"92",92,0.35987,FALSE,"observed"
"NL",1854,"93",93,0.38105,FALSE,"observed"
"NL",1854,"94",94,0.40265,FALSE,"observed"
"NL",1854,"95",95,0.4246,FALSE,"observed"
"NL",1854,"96",96,0.44681,FALSE,"observed"
"NL",1854,"97",97,0.46919,FALSE,"observed"
"NL",1854,"98",98,0.49166,FALSE,"observed"
"NL",1854,"99",99,0.51411,FALSE,"observed"
"NL",1854,"100",100,0.53646,FALSE,"observed"
"NL",1854,"101",101,0.55862,FALSE,"observed"
"NL",1854,"102",102,0.58051,FALSE,"observed"
"NL",1854,"103",103,0.60205,FALSE,"observed"
"NL",1854,"104",104,0.62316,FALSE,"observed"
"NL",1854,"105",105,0.64378,FALSE,"observed"
"NL",1854,"106",106,0.66385,FALSE,"observed"
"NL",1854,"107",107,0.68332,FALSE,"observed"
"NL",1854,"108",108,0.70214,FALSE,"observed"
"NL",1854,"109",109,0.72029,FALSE,"observed"
"NL",1854,"110+",110,0.73773,FALSE,"observed"
"NL",1855,"0",0,0.24361,FALSE,"observed"
"NL",1855,"1",1,0.0847,FALSE,"observed"
"NL",1855,"2",2,0.04825,FALSE,"observed"
"NL",1855,"3",3,0.03026,FALSE,"observed"
"NL",1855,"4",4,0.02145,FALSE,"observed"
"NL",1855,"5",5,0.01648,FALSE,"observed"
"NL",1855,"6",6,0.01311,FALSE,"observed"
"NL",1855,"7",7,0.01192,FALSE,"observed"
"NL",1855,"8",8,0.00893,FALSE,"observed"
"NL",1855,"9",9,0.00708,FALSE,"observed"
"NL",1855,"10",10,0.00677,FALSE,"observed"
"NL",1855,"11",11,0.00603,FALSE,"observed"
"NL",1855,"12",12,0.00532,FALSE,"observed"
"NL",1855,"13",13,0.00479,FALSE,"observed"
"NL",1855,"14",14,0.00531,FALSE,"observed"
"NL",1855,"15",15,0.00514,FALSE,"observed"
"NL",1855,"16",16,0.005,FALSE,"observed"
"NL",1855,"17",17,0.00598,FALSE,"observed"
"NL",1855,"18",18,0.00701,FALSE,"observed"
"NL",1855,"19",19,0.00745,FALSE,"observed"
"NL",1855,"20",20,0.00952,FALSE,"observed"
"NL",1855,"21",21,0.00886,FALSE,"observed"
"NL",1855,"22",22,0.01014,FALSE,"observed"
"NL",1855,"23",23,0.01052,FALSE,"observed"
"NL",1855,"24",24,0.00976,FALSE,"observed"
"NL",1855,"25",25,0.01025,FALSE,"observed"
"NL",1855,"26",26,0.01038,FALSE,"observed"
"NL",1855,"27",27,0.01134,FALSE,"observed"
"NL",1855,"28",28,0.01117,FALSE,"observed"
"NL",1855,"29",29,0.01047,FALSE,"observed"
"NL",1855,"30",30,0.01065,FALSE,"observed"
"NL",1855,"31",31,0.01038,FALSE,"observed"
"NL",1855,"32",32,0.01211,FALSE,"observed"
"NL",1855,"33",33,0.01334,FALSE,"observed"
"NL",1855,"34",34,0.01372,FALSE,"observed"
"NL",1855,"35",35,0.01276,FALSE,"observed"
"NL",1855,"36",36,0.01353,FALSE,"observed"
"NL",1855,"37",37,0.01473,FALSE,"observed"
"NL",1855,"38",38,0.01604,FALSE,"observed"
"NL",1855,"39",39,0.016,FALSE,"observed"
"NL",1855,"40",40,0.01635,FALSE,"observed"
"NL",1855,"41",41,0.01593,FALSE,"observed"
"NL",1855,"42",42,0.01755,FALSE,"observed"
"NL",1855,"43",43,0.01707,FALSE,"observed"
"NL",1855,"44",44,0.01627,FALSE,"observed"
"NL",1855,"45",45,0.01773,FALSE,"observed"
"NL",1855,"46",46,0.01867,FALSE,"observed"
"NL",1855,"47",47,0.01926,FALSE,"observed"
"NL",1855,"48",48,0.02032,FALSE,"observed"
"NL",1855,"49",49,0.01951,FALSE,"observed"
"NL",1855,"50",50,0.02205,FALSE,"observed"
"NL",1855,"51",51,0.02262,FALSE,"observed"
"NL",1855,"52",52,0.02478,FALSE,"observed"
"NL",1855,"53",53,0.02721,FALSE,"observed"
"NL",1855,"54",54,0.02699,FALSE,"observed"
"NL",1855,"55",55,0.02531,FALSE,"observed"
"NL",1855,"56",56,0.02996,FALSE,"observed"
"NL",1855,"57",57,0.03283,FALSE,"observed"
"NL",1855,"58",58,0.03545,FALSE,"observed"
"NL",1855,"59",59,0.03409,FALSE,"observed"
"NL",1855,"60",60,0.03885,FALSE,"observed"
"NL",1855,"61",61,0.03992,FALSE,"observed"
"NL",1855,"62",62,0.04556,FALSE,"observed"
"NL",1855,"63",63,0.0506,FALSE,"observed"
"NL",1855,"64",64,0.05482,FALSE,"observed"
"NL",1855,"65",65,0.05956,FALSE,"observed"
"NL",1855,"66",66,0.06273,FALSE,"observed"
"NL",1855,"67",67,0.06888,FALSE,"observed"
"NL",1855,"68",68,0.07649,FALSE,"observed"
"NL",1855,"69",69,0.08093,FALSE,"observed"
"NL",1855,"70",70,0.09113,FALSE,"observed"
"NL",1855,"71",71,0.08515,FALSE,"observed"
"NL",1855,"72",72,0.10835,FALSE,"observed"
"NL",1855,"73",73,0.11719,FALSE,"observed"
"NL",1855,"74",74,0.1182,FALSE,"observed"
"NL",1855,"75",75,0.12299,FALSE,"observed"
"NL",1855,"76",76,0.15338,FALSE,"observed"
"NL",1855,"77",77,0.18614,FALSE,"observed"
"NL",1855,"78",78,0.18421,FALSE,"observed"
"NL",1855,"79",79,0.19465,FALSE,"observed"
"NL",1855,"80",80,0.19877,FALSE,"observed"
"NL",1855,"81",81,0.21067,FALSE,"observed"
"NL",1855,"82",82,0.24537,FALSE,"observed"
"NL",1855,"83",83,0.26864,FALSE,"observed"
"NL",1855,"84",84,0.27911,FALSE,"observed"
"NL",1855,"85",85,0.2916,FALSE,"observed"
"NL",1855,"86",86,0.33351,FALSE,"observed"
"NL",1855,"87",87,0.3646,FALSE,"observed"
"NL",1855,"88",88,0.37338,FALSE,"observed"
"NL",1855,"89",89,0.39918,FALSE,"observed"
"NL",1855,"90",90,0.42558,FALSE,"observed"
"NL",1855,"91",91,0.45243,FALSE,"observed"
"NL",1855,"92",92,0.47959,FALSE,"observed"
"NL",1855,"93",93,0.5069,FALSE,"observed"
"NL",1855,"94",94,0.53417,FALSE,"observed"
"NL",1855,"95",95,0.56127,FALSE,"observed"
"NL",1855,"96",96,0.58801,FALSE,"observed"
"NL",1855,"97",97,0.61426,FALSE,"observed"
"NL",1855,"98",98,0.63986,FALSE,"observed"
"NL",1855,"99",99,0.66471,FALSE,"observed"
"NL",1855,"100",100,0.68868,FALSE,"observed"
"NL",1855,"101",101,0.71169,FALSE,"observed"
"NL",1855,"102",102,0.73366,FALSE,"observed"
"NL",1855,"103",103,0.75455,FALSE,"observed"
"NL",1855,"104",104,0.77432,FALSE,"observed"
"NL",1855,"105",105,0.79294,FALSE,"observed"
"NL",1855,"106",106,0.81041,FALSE,"observed"
"NL",1855,"107",107,0.82674,FALSE,"observed"
"NL",1855,"108",108,0.84195,FALSE,"observed"
"NL",1855,"109",109,0.85607,FALSE,"observed"
"NL",1855,"110+",110,0.86915,FALSE,"observed"
"NL",1856,"0",0,0.22508,FALSE,"observed"
"NL",1856,"1",1,0.07136,FALSE,"observed"
"NL",1856,"2",2,0.03902,FALSE,"observed"
"NL",1856,"3",3,0.02307,FALSE,"observed"
"NL",1856,"4",4,0.01742,FALSE,"observed"
"NL",1856,"5",5,0.01357,FALSE,"observed"
"NL",1856,"6",6,0.01181,FALSE,"observed"
"NL",1856,"7",7,0.01058,FALSE,"observed"
"NL",1856,"8",8,0.0078,FALSE,"observed"
"NL",1856,"9",9,0.00662,FALSE,"observed"
"NL",1856,"10",10,0.00592,FALSE,"observed"
"NL",1856,"11",11,0.00493,FALSE,"observed"
"NL",1856,"12",12,0.00468,FALSE,"observed"
"NL",1856,"13",13,0.00442,FALSE,"observed"
"NL",1856,"14",14,0.00485,FALSE,"observed"
"NL",1856,"15",15,0.0048,FALSE,"observed"
"NL",1856,"16",16,0.00497,FALSE,"observed"
"NL",1856,"17",17,0.0059,FALSE,"observed"
"NL",1856,"18",18,0.00697,FALSE,"observed"
"NL",1856,"19",19,0.00748,FALSE,"observed"
"NL",1856,"20",20,0.00832,FALSE,"observed"
"NL",1856,"21",21,0.00786,FALSE,"observed"
"NL",1856,"22",22,0.0088,FALSE,"observed"
"NL",1856,"23",23,0.00898,FALSE,"observed"
"NL",1856,"24",24,0.00912,FALSE,"observed"
"NL",1856,"25",25,0.00905,FALSE,"observed"
"NL",1856,"26",26,0.00841,FALSE,"observed"
"NL",1856,"27",27,0.00899,FALSE,"observed"
"NL",1856,"28",28,0.00956,FALSE,"observed"
"NL",1856,"29",29,0.00891,FALSE,"observed"
"NL",1856,"30",30,0.0096,FALSE,"observed"
"NL",1856,"31",31,0.00908,FALSE,"observed"
"NL",1856,"32",32,0.01026,FALSE,"observed"
"NL",1856,"33",33,0.0113,FALSE,"observed"
"NL",1856,"34",34,0.01148,FALSE,"observed"
"NL",1856,"35",35,0.01091,FALSE,"observed"
"NL",1856,"36",36,0.01103,FALSE,"observed"
"NL",1856,"37",37,0.01161,FALSE,"observed"
"NL",1856,"38",38,0.0143,FALSE,"observed"
"NL",1856,"39",39,0.01379,FALSE,"observed"
"NL",1856,"40",40,0.01309,FALSE,"observed"
"NL",1856,"41",41,0.01305,FALSE,"observed"
"NL",1856,"42",42,0.01402,FALSE,"observed"
"NL",1856,"43",43,0.01406,FALSE,"observed"
"NL",1856,"44",44,0.01357,FALSE,"observed"
"NL",1856,"45",45,0.01447,FALSE,"observed"
"NL",1856,"46",46,0.01466,FALSE,"observed"
"NL",1856,"47",47,0.01601,FALSE,"observed"
"NL",1856,"48",48,0.01814,FALSE,"observed"
"NL",1856,"49",49,0.01674,FALSE,"observed"
"NL",1856,"50",50,0.01806,FALSE,"observed"
"NL",1856,"51",51,0.01849,FALSE,"observed"
"NL",1856,"52",52,0.02052,FALSE,"observed"
"NL",1856,"53",53,0.02154,FALSE,"observed"
"NL",1856,"54",54,0.02198,FALSE,"observed"
"NL",1856,"55",55,0.02065,FALSE,"observed"
"NL",1856,"56",56,0.02201,FALSE,"observed"
"NL",1856,"57",57,0.02441,FALSE,"observed"
"NL",1856,"58",58,0.02764,FALSE,"observed"
"NL",1856,"59",59,0.02646,FALSE,"observed"
"NL",1856,"60",60,0.0309,FALSE,"observed"
"NL",1856,"61",61,0.03203,FALSE,"observed"
"NL",1856,"62",62,0.03621,FALSE,"observed"
"NL",1856,"63",63,0.03953,FALSE,"observed"
"NL",1856,"64",64,0.04296,FALSE,"observed"
"NL",1856,"65",65,0.04906,FALSE,"observed"
"NL",1856,"66",66,0.05027,FALSE,"observed"
"NL",1856,"67",67,0.05161,FALSE,"observed"
"NL",1856,"68",68,0.05562,FALSE,"observed"
"NL",1856,"69",69,0.06225,FALSE,"observed"
"NL",1856,"70",70,0.07402,FALSE,"observed"
"NL",1856,"71",71,0.07152,FALSE,"observed"
"NL",1856,"72",72,0.08774,FALSE,"observed"
"NL",1856,"73",73,0.08629,FALSE,"observed"
"NL",1856,"74",74,0.10656,FALSE,"observed"
"NL",1856,"75",75,0.11288,FALSE,"observed"
"NL",1856,"76",76,0.10655,FALSE,"observed"
"NL",1856,"77",77,0.13267,FALSE,"observed"
"NL",1856,"78",78,0.14791,FALSE,"observed"
"NL",1856,"79",79,0.13597,FALSE,"observed"
"NL",1856,"80",80,0.14834,FALSE,"observed"
"NL",1856,"81",81,0.16068,FALSE,"observed"
"NL",1856,"82",82,0.18567,FALSE,"observed"
"NL",1856,"83",83,0.21564,FALSE,"observed"
"NL",1856,"84",84,0.22426,FALSE,"observed"
"NL",1856,"85",85,0.2159,FALSE,"observed"
"NL",1856,"86",86,0.23919,FALSE,"observed"
"NL",1856,"87",87,0.25586,FALSE,"observed"
"NL",1856,"88",88,0.27327,FALSE,"observed"
"NL",1856,"89",89,0.29141,FALSE,"observed"
"NL",1856,"90",90,0.31026,FALSE,"observed"
"NL",1856,"91",91,0.32976,FALSE,"observed"
"NL",1856,"92",92,0.34989,FALSE,"observed"
"NL",1856,"93",93,0.37057,FALSE,"observed"
"NL",1856,"94",94,0.39175,FALSE,"observed"
"NL",1856,"95",95,0.41336,FALSE,"observed"
"NL",1856,"96",96,0.43533,FALSE,"observed"
"NL",1856,"97",97,0.45756,FALSE,"observed"
"NL",1856,"98",98,0.47998,FALSE,"observed"
"NL",1856,"99",99,0.5025,FALSE,"observed"
"NL",1856,"100",100,0.52502,FALSE,"observed"
"NL",1856,"101",101,0.54745,FALSE,"observed"
"NL",1856,"102",102,0.56972,FALSE,"observed"
"NL",1856,"103",103,0.59171,FALSE,"observed"
"NL",1856,"104",104,0.61337,FALSE,"observed"
"NL",1856,"105",105,0.6346,FALSE,"observed"
"NL",1856,"106",106,0.65533,FALSE,"observed"
"NL",1856,"107",107,0.67551,FALSE,"observed"
"NL",1856,"108",108,0.69507,FALSE,"observed"
"NL",1856,"109",109,0.71397,FALSE,"observed"
"NL",1856,"110+",110,0.73216,FALSE,"observed"
"NL",1857,"0",0,0.27232,FALSE,"observed"
"NL",1857,"1",1,0.07861,FALSE,"observed"
"NL",1857,"2",2,0.03945,FALSE,"observed"
"NL",1857,"3",3,0.02384,FALSE,"observed"
"NL",1857,"4",4,0.0171,FALSE,"observed"
"NL",1857,"5",5,0.01358,FALSE,"observed"
"NL",1857,"6",6,0.0109,FALSE,"observed"
"NL",1857,"7",7,0.01011,FALSE,"observed"
"NL",1857,"8",8,0.00832,FALSE,"observed"
"NL",1857,"9",9,0.00782,FALSE,"observed"
"NL",1857,"10",10,0.00658,FALSE,"observed"
"NL",1857,"11",11,0.00537,FALSE,"observed"
"NL",1857,"12",12,0.00518,FALSE,"observed"
"NL",1857,"13",13,0.00479,FALSE,"observed"
"NL",1857,"14",14,0.00537,FALSE,"observed"
"NL",1857,"15",15,0.00518,FALSE,"observed"
"NL",1857,"16",16,0.00562,FALSE,"observed"
"NL",1857,"17",17,0.00652,FALSE,"observed"
"NL",1857,"18",18,0.0077,FALSE,"observed"
"NL",1857,"19",19,0.00833,FALSE,"observed"
"NL",1857,"20",20,0.00932,FALSE,"observed"
"NL",1857,"21",21,0.00859,FALSE,"observed"
"NL",1857,"22",22,0.00964,FALSE,"observed"
"NL",1857,"23",23,0.00969,FALSE,"observed"
"NL",1857,"24",24,0.00975,FALSE,"observed"
"NL",1857,"25",25,0.01065,FALSE,"observed"
"NL",1857,"26",26,0.01001,FALSE,"observed"
"NL",1857,"27",27,0.00977,FALSE,"observed"
"NL",1857,"28",28,0.01016,FALSE,"observed"
"NL",1857,"29",29,0.01029,FALSE,"observed"
"NL",1857,"30",30,0.01102,FALSE,"observed"
"NL",1857,"31",31,0.01018,FALSE,"observed"
"NL",1857,"32",32,0.01117,FALSE,"observed"
"NL",1857,"33",33,0.01196,FALSE,"observed"
"NL",1857,"34",34,0.01215,FALSE,"observed"
"NL",1857,"35",35,0.01203,FALSE,"observed"
"NL",1857,"36",36,0.01296,FALSE,"observed"
"NL",1857,"37",37,0.01288,FALSE,"observed"
"NL",1857,"38",38,0.01534,FALSE,"observed"
"NL",1857,"39",39,0.01676,FALSE,"observed"
"NL",1857,"40",40,0.01496,FALSE,"observed"
"NL",1857,"41",41,0.01419,FALSE,"observed"
"NL",1857,"42",42,0.01561,FALSE,"observed"
"NL",1857,"43",43,0.01533,FALSE,"observed"
"NL",1857,"44",44,0.0152,FALSE,"observed"
"NL",1857,"45",45,0.01601,FALSE,"observed"
"NL",1857,"46",46,0.01533,FALSE,"observed"
"NL",1857,"47",47,0.01593,FALSE,"observed"
"NL",1857,"48",48,0.01903,FALSE,"observed"
"NL",1857,"49",49,0.01887,FALSE,"observed"
"NL",1857,"50",50,0.01986,FALSE,"observed"
"NL",1857,"51",51,0.02035,FALSE,"observed"
"NL",1857,"52",52,0.02244,FALSE,"observed"
"NL",1857,"53",53,0.02288,FALSE,"observed"
"NL",1857,"54",54,0.02318,FALSE,"observed"
"NL",1857,"55",55,0.02255,FALSE,"observed"
"NL",1857,"56",56,0.02735,FALSE,"observed"
"NL",1857,"57",57,0.02692,FALSE,"observed"
"NL",1857,"58",58,0.03085,FALSE,"observed"
"NL",1857,"59",59,0.03071,FALSE,"observed"
"NL",1857,"60",60,0.03461,FALSE,"observed"
"NL",1857,"61",61,0.03683,FALSE,"observed"
"NL",1857,"62",62,0.04196,FALSE,"observed"
"NL",1857,"63",63,0.0465,FALSE,"observed"
"NL",1857,"64",64,0.04959,FALSE,"observed"
"NL",1857,"65",65,0.05663,FALSE,"observed"
"NL",1857,"66",66,0.05912,FALSE,"observed"
"NL",1857,"67",67,0.05695,FALSE,"observed"
"NL",1857,"68",68,0.06579,FALSE,"observed"
"NL",1857,"69",69,0.07069,FALSE,"observed"
"NL",1857,"70",70,0.07768,FALSE,"observed"
"NL",1857,"71",71,0.08118,FALSE,"observed"
"NL",1857,"72",72,0.0968,FALSE,"observed"
"NL",1857,"73",73,0.10296,FALSE,"observed"
"NL",1857,"74",74,0.12436,FALSE,"observed"
"NL",1857,"75",75,0.13152,FALSE,"observed"
"NL",1857,"76",76,0.12432,FALSE,"observed"
"NL",1857,"77",77,0.126,FALSE,"observed"
"NL",1857,"78",78,0.16844,FALSE,"observed"
"NL",1857,"79",79,0.19285,FALSE,"observed"
"NL",1857,"80",80,0.18724,FALSE,"observed"
"NL",1857,"81",81,0.18312,FALSE,"observed"
"NL",1857,"82",82,0.20844,FALSE,"observed"
"NL",1857,"83",83,0.23883,FALSE,"observed"
"NL",1857,"84",84,0.25097,FALSE,"observed"
"NL",1857,"85",85,0.27801,FALSE,"observed"
"NL",1857,"86",86,0.31005,FALSE,"observed"
"NL",1857,"87",87,0.33904,FALSE,"observed"
"NL",1857,"88",88,0.33382,FALSE,"observed"
"NL",1857,"89",89,0.35672,FALSE,"observed"
"NL",1857,"90",90,0.38029,FALSE,"observed"
"NL",1857,"91",91,0.40446,FALSE,"observed"
"NL",1857,"92",92,0.4291,FALSE,"observed"
"NL",1857,"93",93,0.4541,FALSE,"observed"
"NL",1857,"94",94,0.47935,FALSE,"observed"
"NL",1857,"95",95,0.50471,FALSE,"observed"
"NL",1857,"96",96,0.53005,FALSE,"observed"
"NL",1857,"97",97,0.55523,FALSE,"observed"
"NL",1857,"98",98,0.58015,FALSE,"observed"
"NL",1857,"99",99,0.60466,FALSE,"observed"
"NL",1857,"100",100,0.62866,FALSE,"observed"
"NL",1857,"101",101,0.65204,FALSE,"observed"
"NL",1857,"102",102,0.67472,FALSE,"observed"
"NL",1857,"103",103,0.6966,FALSE,"observed"
"NL",1857,"104",104,0.71763,FALSE,"observed"
"NL",1857,"105",105,0.73775,FALSE,"observed"
"NL",1857,"106",106,0.75693,FALSE,"observed"
"NL",1857,"107",107,0.77512,FALSE,"observed"
"NL",1857,"108",108,0.79233,FALSE,"observed"
"NL",1857,"109",109,0.80855,FALSE,"observed"
"NL",1857,"110+",110,0.82378,FALSE,"observed"
"NL",1858,"0",0,0.25433,FALSE,"observed"
"NL",1858,"1",1,0.06929,FALSE,"observed"
"NL",1858,"2",2,0.03891,FALSE,"observed"
"NL",1858,"3",3,0.02492,FALSE,"observed"
"NL",1858,"4",4,0.01951,FALSE,"observed"
"NL",1858,"5",5,0.01509,FALSE,"observed"
"NL",1858,"6",6,0.01262,FALSE,"observed"
"NL",1858,"7",7,0.01041,FALSE,"observed"
"NL",1858,"8",8,0.00983,FALSE,"observed"
"NL",1858,"9",9,0.00912,FALSE,"observed"
"NL",1858,"10",10,0.007,FALSE,"observed"
"NL",1858,"11",11,0.0061,FALSE,"observed"
"NL",1858,"12",12,0.00609,FALSE,"observed"
"NL",1858,"13",13,0.00523,FALSE,"observed"
"NL",1858,"14",14,0.00605,FALSE,"observed"
"NL",1858,"15",15,0.0061,FALSE,"observed"
"NL",1858,"16",16,0.0062,FALSE,"observed"
"NL",1858,"17",17,0.00728,FALSE,"observed"
"NL",1858,"18",18,0.00832,FALSE,"observed"
"NL",1858,"19",19,0.00894,FALSE,"observed"
"NL",1858,"20",20,0.01022,FALSE,"observed"
"NL",1858,"21",21,0.00952,FALSE,"observed"
"NL",1858,"22",22,0.01043,FALSE,"observed"
"NL",1858,"23",23,0.01057,FALSE,"observed"
"NL",1858,"24",24,0.01044,FALSE,"observed"
"NL",1858,"25",25,0.0115,FALSE,"observed"
"NL",1858,"26",26,0.01195,FALSE,"observed"
"NL",1858,"27",27,0.01192,FALSE,"observed"
"NL",1858,"28",28,0.01138,FALSE,"observed"
"NL",1858,"29",29,0.01134,FALSE,"observed"
"NL",1858,"30",30,0.0131,FALSE,"observed"
"NL",1858,"31",31,0.0122,FALSE,"observed"
"NL",1858,"32",32,0.01309,FALSE,"observed"
"NL",1858,"33",33,0.0136,FALSE,"observed"
"NL",1858,"34",34,0.01333,FALSE,"observed"
"NL",1858,"35",35,0.01359,FALSE,"observed"
"NL",1858,"36",36,0.01448,FALSE,"observed"
"NL",1858,"37",37,0.01533,FALSE,"observed"
"NL",1858,"38",38,0.01741,FALSE,"observed"
"NL",1858,"39",39,0.01827,FALSE,"observed"
"NL",1858,"40",40,0.01846,FALSE,"observed"
"NL",1858,"41",41,0.01681,FALSE,"observed"
"NL",1858,"42",42,0.01758,FALSE,"observed"
"NL",1858,"43",43,0.01788,FALSE,"observed"
"NL",1858,"44",44,0.01748,FALSE,"observed"
"NL",1858,"45",45,0.01831,FALSE,"observed"
"NL",1858,"46",46,0.01792,FALSE,"observed"
"NL",1858,"47",47,0.01778,FALSE,"observed"
"NL",1858,"48",48,0.02034,FALSE,"observed"
"NL",1858,"49",49,0.02138,FALSE,"observed"
"NL",1858,"50",50,0.02328,FALSE,"observed"
"NL",1858,"51",51,0.02287,FALSE,"observed"
"NL",1858,"52",52,0.02529,FALSE,"observed"
"NL",1858,"53",53,0.02772,FALSE,"observed"
"NL",1858,"54",54,0.02837,FALSE,"observed"
"NL",1858,"55",55,0.02746,FALSE,"observed"
"NL",1858,"56",56,0.03169,FALSE,"observed"
"NL",1858,"57",57,0.03141,FALSE,"observed"
"NL",1858,"58",58,0.03194,FALSE,"observed"
"NL",1858,"59",59,0.0334,FALSE,"observed"
"NL",1858,"60",60,0.03963,FALSE,"observed"
"NL",1858,"61",61,0.04082,FALSE,"observed"
"NL",1858,"62",62,0.04345,FALSE,"observed"
"NL",1858,"63",63,0.04881,FALSE,"observed"
"NL",1858,"64",64,0.05284,FALSE,"observed"
"NL",1858,"65",65,0.06084,FALSE,"observed"
"NL",1858,"66",66,0.0638,FALSE,"observed"
"NL",1858,"67",67,0.07007,FALSE,"observed"
"NL",1858,"68",68,0.07821,FALSE,"observed"
"NL",1858,"69",69,0.07929,FALSE,"observed"
"NL",1858,"70",70,0.08433,FALSE,"observed"
"NL",1858,"71",71,0.08614,FALSE,"observed"
"NL",1858,"72",72,0.11032,FALSE,"observed"
"NL",1858,"73",73,0.10835,FALSE,"observed"
"NL",1858,"74",74,0.12569,FALSE,"observed"
"NL",1858,"75",75,0.13058,FALSE,"observed"
"NL",1858,"76",76,0.15635,FALSE,"observed"
"NL",1858,"77",77,0.15648,FALSE,"observed"
"NL",1858,"78",78,0.14677,FALSE,"observed"
"NL",1858,"79",79,0.19762,FALSE,"observed"
"NL",1858,"80",80,0.19727,FALSE,"observed"
"NL",1858,"81",81,0.20244,FALSE,"observed"
"NL",1858,"82",82,0.23648,FALSE,"observed"
"NL",1858,"83",83,0.2505,FALSE,"observed"
"NL",1858,"84",84,0.25819,FALSE,"observed"
"NL",1858,"85",85,0.27022,FALSE,"observed"
"NL",1858,"86",86,0.30732,FALSE,"observed"
"NL",1858,"87",87,0.36247,FALSE,"observed"
"NL",1858,"88",88,0.35268,FALSE,"observed"
"NL",1858,"89",89,0.37627,FALSE,"observed"
"NL",1858,"90",90,0.40047,FALSE,"observed"
"NL",1858,"91",91,0.42516,FALSE,"observed"
"NL",1858,"92",92,0.45023,FALSE,"observed"
"NL",1858,"93",93,0.47556,FALSE,"observed"
"NL",1858,"94",94,0.50102,FALSE,"observed"
"NL",1858,"95",95,0.52648,FALSE,"observed"
"NL",1858,"96",96,0.55181,FALSE,"observed"
"NL",1858,"97",97,0.57688,FALSE,"observed"
"NL",1858,"98",98,0.60157,FALSE,"observed"
"NL",1858,"99",99,0.62576,FALSE,"observed"
"NL",1858,"100",100,0.64935,FALSE,"observed"
"NL",1858,"101",101,0.67223,FALSE,"observed"
"NL",1858,"102",102,0.69434,FALSE,"observed"
"NL",1858,"103",103,0.7156,FALSE,"observed"
"NL",1858,"104",104,0.73595,FALSE,"observed"
"NL",1858,"105",105,0.75536,FALSE,"observed"
"NL",1858,"106",106,0.77379,FALSE,"observed"
"NL",1858,"107",107,0.79123,FALSE,"observed"
"NL",1858,"108",108,0.80767,FALSE,"observed"
"NL",1858,"109",109,0.82312,FALSE,"observed"
"NL",1858,"110+",110,0.83759,FALSE,"observed"
"NL",1859,"0",0,0.29472,FALSE,"observed"
"NL",1859,"1",1,0.09681,FALSE,"observed"
"NL",1859,"2",2,0.05578,FALSE,"observed"
"NL",1859,"3",3,0.03474,FALSE,"observed"
"NL",1859,"4",4,0.02358,FALSE,"observed"
"NL",1859,"5",5,0.02005,FALSE,"observed"
"NL",1859,"6",6,0.01631,FALSE,"observed"
"NL",1859,"7",7,0.0136,FALSE,"observed"
"NL",1859,"8",8,0.01055,FALSE,"observed"
"NL",1859,"9",9,0.01009,FALSE,"observed"
"NL",1859,"10",10,0.00755,FALSE,"observed"
"NL",1859,"11",11,0.00766,FALSE,"observed"
"NL",1859,"12",12,0.00659,FALSE,"observed"
"NL",1859,"13",13,0.00549,FALSE,"observed"
"NL",1859,"14",14,0.00634,FALSE,"observed"
"NL",1859,"15",15,0.00634,FALSE,"observed"
"NL",1859,"16",16,0.00672,FALSE,"observed"
"NL",1859,"17",17,0.00777,FALSE,"observed"
"NL",1859,"18",18,0.00893,FALSE,"observed"
"NL",1859,"19",19,0.00929,FALSE,"observed"
"NL",1859,"20",20,0.01086,FALSE,"observed"
"NL",1859,"21",21,0.01013,FALSE,"observed"
"NL",1859,"22",22,0.01134,FALSE,"observed"
"NL",1859,"23",23,0.01108,FALSE,"observed"
"NL",1859,"24",24,0.01144,FALSE,"observed"
"NL",1859,"25",25,0.01162,FALSE,"observed"
"NL",1859,"26",26,0.01226,FALSE,"observed"
"NL",1859,"27",27,0.01331,FALSE,"observed"
"NL",1859,"28",28,0.01303,FALSE,"observed"
"NL",1859,"29",29,0.01193,FALSE,"observed"
"NL",1859,"30",30,0.01278,FALSE,"observed"
"NL",1859,"31",31,0.01305,FALSE,"observed"
"NL",1859,"32",32,0.01428,FALSE,"observed"
"NL",1859,"33",33,0.01462,FALSE,"observed"
"NL",1859,"34",34,0.01397,FALSE,"observed"
"NL",1859,"35",35,0.01419,FALSE,"observed"
"NL",1859,"36",36,0.01493,FALSE,"observed"
"NL",1859,"37",37,0.01551,FALSE,"observed"
"NL",1859,"38",38,0.01883,FALSE,"observed"
"NL",1859,"39",39,0.01828,FALSE,"observed"
"NL",1859,"40",40,0.01856,FALSE,"observed"
"NL",1859,"41",41,0.01859,FALSE,"observed"
"NL",1859,"42",42,0.01904,FALSE,"observed"
"NL",1859,"43",43,0.01832,FALSE,"observed"
"NL",1859,"44",44,0.01844,FALSE,"observed"
"NL",1859,"45",45,0.01965,FALSE,"observed"
"NL",1859,"46",46,0.02003,FALSE,"observed"
"NL",1859,"47",47,0.01981,FALSE,"observed"
"NL",1859,"48",48,0.02168,FALSE,"observed"
"NL",1859,"49",49,0.02126,FALSE,"observed"
"NL",1859,"50",50,0.02403,FALSE,"observed"
"NL",1859,"51",51,0.02407,FALSE,"observed"
"NL",1859,"52",52,0.02627,FALSE,"observed"
"NL",1859,"53",53,0.0275,FALSE,"observed"
"NL",1859,"54",54,0.02862,FALSE,"observed"
"NL",1859,"55",55,0.02767,FALSE,"observed"
"NL",1859,"56",56,0.03198,FALSE,"observed"
"NL",1859,"57",57,0.03264,FALSE,"observed"
"NL",1859,"58",58,0.03357,FALSE,"observed"
"NL",1859,"59",59,0.0342,FALSE,"observed"
"NL",1859,"60",60,0.04243,FALSE,"observed"
"NL",1859,"61",61,0.04442,FALSE,"observed"
"NL",1859,"62",62,0.04554,FALSE,"observed"
"NL",1859,"63",63,0.05191,FALSE,"observed"
"NL",1859,"64",64,0.05699,FALSE,"observed"
"NL",1859,"65",65,0.06059,FALSE,"observed"
"NL",1859,"66",66,0.06249,FALSE,"observed"
"NL",1859,"67",67,0.06674,FALSE,"observed"
"NL",1859,"68",68,0.07593,FALSE,"observed"
"NL",1859,"69",69,0.07472,FALSE,"observed"
"NL",1859,"70",70,0.09472,FALSE,"observed"
"NL",1859,"71",71,0.08556,FALSE,"observed"
"NL",1859,"72",72,0.10521,FALSE,"observed"
"NL",1859,"73",73,0.11034,FALSE,"observed"
"NL",1859,"74",74,0.12457,FALSE,"observed"
"NL",1859,"75",75,0.12653,FALSE,"observed"
"NL",1859,"76",76,0.14278,FALSE,"observed"
"NL",1859,"77",77,0.16794,FALSE,"observed"
"NL",1859,"78",78,0.15154,FALSE,"observed"
"NL",1859,"79",79,0.161,FALSE,"observed"
"NL",1859,"80",80,0.20705,FALSE,"observed"
"NL",1859,"81",81,0.20019,FALSE,"observed"
"NL",1859,"82",82,0.23103,FALSE,"observed"
"NL",1859,"83",83,0.25058,FALSE,"observed"
"NL",1859,"84",84,0.25218,FALSE,"observed"
"NL",1859,"85",85,0.26884,FALSE,"observed"
"NL",1859,"86",86,0.30763,FALSE,"observed"
"NL",1859,"87",87,0.31257,FALSE,"observed"
"NL",1859,"88",88,0.33139,FALSE,"observed"
"NL",1859,"89",89,0.35077,FALSE,"observed"
"NL",1859,"90",90,0.37064,FALSE,"observed"
"NL",1859,"91",91,0.39096,FALSE,"observed"
"NL",1859,"92",92,0.41166,FALSE,"observed"
"NL",1859,"93",93,0.43268,FALSE,"observed"
"NL",1859,"94",94,0.45394,FALSE,"observed"
"NL",1859,"95",95,0.47536,FALSE,"observed"
"NL",1859,"96",96,0.49687,FALSE,"observed"
"NL",1859,"97",97,0.51839,FALSE,"observed"
"NL",1859,"98",98,0.53983,FALSE,"observed"
"NL",1859,"99",99,0.56113,FALSE,"observed"
"NL",1859,"100",100,0.5822,FALSE,"observed"
"NL",1859,"101",101,0.60297,FALSE,"observed"
"NL",1859,"102",102,0.62337,FALSE,"observed"
"NL",1859,"103",103,0.64334,FALSE,"observed"
"NL",1859,"104",104,0.66283,FALSE,"observed"
"NL",1859,"105",105,0.68177,FALSE,"observed"
"NL",1859,"106",106,0.70013,FALSE,"observed"
"NL",1859,"107",107,0.71786,FALSE,"observed"
"NL",1859,"108",108,0.73494,FALSE,"observed"
"NL",1859,"109",109,0.75134,FALSE,"observed"
"NL",1859,"110+",110,0.76705,FALSE,"observed"
"NL",1860,"0",0,0.229,FALSE,"observed"
"NL",1860,"1",1,0.07178,FALSE,"observed"
"NL",1860,"2",2,0.04057,FALSE,"observed"
"NL",1860,"3",3,0.02687,FALSE,"observed"
"NL",1860,"4",4,0.01976,FALSE,"observed"
"NL",1860,"5",5,0.01666,FALSE,"observed"
"NL",1860,"6",6,0.01233,FALSE,"observed"
"NL",1860,"7",7,0.01075,FALSE,"observed"
"NL",1860,"8",8,0.00934,FALSE,"observed"
"NL",1860,"9",9,0.00789,FALSE,"observed"
"NL",1860,"10",10,0.00646,FALSE,"observed"
"NL",1860,"11",11,0.00618,FALSE,"observed"
"NL",1860,"12",12,0.00552,FALSE,"observed"
"NL",1860,"13",13,0.00494,FALSE,"observed"
"NL",1860,"14",14,0.00511,FALSE,"observed"
"NL",1860,"15",15,0.0057,FALSE,"observed"
"NL",1860,"16",16,0.00657,FALSE,"observed"
"NL",1860,"17",17,0.00712,FALSE,"observed"
"NL",1860,"18",18,0.00694,FALSE,"observed"
"NL",1860,"19",19,0.00744,FALSE,"observed"
"NL",1860,"20",20,0.00876,FALSE,"observed"
"NL",1860,"21",21,0.00877,FALSE,"observed"
"NL",1860,"22",22,0.00959,FALSE,"observed"
"NL",1860,"23",23,0.00909,FALSE,"observed"
"NL",1860,"24",24,0.00945,FALSE,"observed"
"NL",1860,"25",25,0.01023,FALSE,"observed"
"NL",1860,"26",26,0.0104,FALSE,"observed"
"NL",1860,"27",27,0.00977,FALSE,"observed"
"NL",1860,"28",28,0.01024,FALSE,"observed"
"NL",1860,"29",29,0.01016,FALSE,"observed"
"NL",1860,"30",30,0.01006,FALSE,"observed"
"NL",1860,"31",31,0.01101,FALSE,"observed"
"NL",1860,"32",32,0.01128,FALSE,"observed"
"NL",1860,"33",33,0.01069,FALSE,"observed"
"NL",1860,"34",34,0.01183,FALSE,"observed"
"NL",1860,"35",35,0.01325,FALSE,"observed"
"NL",1860,"36",36,0.01273,FALSE,"observed"
"NL",1860,"37",37,0.01362,FALSE,"observed"
"NL",1860,"38",38,0.01379,FALSE,"observed"
"NL",1860,"39",39,0.0129,FALSE,"observed"
"NL",1860,"40",40,0.01513,FALSE,"observed"
"NL",1860,"41",41,0.01433,FALSE,"observed"
"NL",1860,"42",42,0.0146,FALSE,"observed"
"NL",1860,"43",43,0.0153,FALSE,"observed"
"NL",1860,"44",44,0.0146,FALSE,"observed"
"NL",1860,"45",45,0.01722,FALSE,"observed"
"NL",1860,"46",46,0.01617,FALSE,"observed"
"NL",1860,"47",47,0.0167,FALSE,"observed"
"NL",1860,"48",48,0.01789,FALSE,"observed"
"NL",1860,"49",49,0.01841,FALSE,"observed"
"NL",1860,"50",50,0.01882,FALSE,"observed"
"NL",1860,"51",51,0.01916,FALSE,"observed"
"NL",1860,"52",52,0.02127,FALSE,"observed"
"NL",1860,"53",53,0.02177,FALSE,"observed"
"NL",1860,"54",54,0.025,FALSE,"observed"
"NL",1860,"55",55,0.02463,FALSE,"observed"
"NL",1860,"56",56,0.02466,FALSE,"observed"
"NL",1860,"57",57,0.02625,FALSE,"observed"
"NL",1860,"58",58,0.02935,FALSE,"observed"
"NL",1860,"59",59,0.03006,FALSE,"observed"
"NL",1860,"60",60,0.03381,FALSE,"observed"
"NL",1860,"61",61,0.03302,FALSE,"observed"
"NL",1860,"62",62,0.03907,FALSE,"observed"
"NL",1860,"63",63,0.0411,FALSE,"observed"
"NL",1860,"64",64,0.04452,FALSE,"observed"
"NL",1860,"65",65,0.05031,FALSE,"observed"
"NL",1860,"66",66,0.05045,FALSE,"observed"
"NL",1860,"67",67,0.05441,FALSE,"observed"
"NL",1860,"68",68,0.06223,FALSE,"observed"
"NL",1860,"69",69,0.06426,FALSE,"observed"
"NL",1860,"70",70,0.07714,FALSE,"observed"
"NL",1860,"71",71,0.07028,FALSE,"observed"
"NL",1860,"72",72,0.08905,FALSE,"observed"
"NL",1860,"73",73,0.09224,FALSE,"observed"
"NL",1860,"74",74,0.09801,FALSE,"observed"
"NL",1860,"75",75,0.10621,FALSE,"observed"
"NL",1860,"76",76,0.12181,FALSE,"observed"
"NL",1860,"77",77,0.12303,FALSE,"observed"
"NL",1860,"78",78,0.13089,FALSE,"observed"
"NL",1860,"79",79,0.13983,FALSE,"observed"
"NL",1860,"80",80,0.16561,FALSE,"observed"
"NL",1860,"81",81,0.17571,FALSE,"observed"
"NL",1860,"82",82,0.19609,FALSE,"observed"
"NL",1860,"83",83,0.21921,FALSE,"observed"
"NL",1860,"84",84,0.21413,FALSE,"observed"
"NL",1860,"85",85,0.2206,FALSE,"observed"
"NL",1860,"86",86,0.25923,FALSE,"observed"
"NL",1860,"87",87,0.27826,FALSE,"observed"
"NL",1860,"88",88,0.29815,FALSE,"observed"
"NL",1860,"89",89,0.31884,FALSE,"observed"
"NL",1860,"90",90,0.3403,FALSE,"observed"
"NL",1860,"91",91,0.36245,FALSE,"observed"
"NL",1860,"92",92,0.38523,FALSE,"observed"
"NL",1860,"93",93,0.40854,FALSE,"observed"
"NL",1860,"94",94,0.4323,FALSE,"observed"
"NL",1860,"95",95,0.45641,FALSE,"observed"
"NL",1860,"96",96,0.48075,FALSE,"observed"
"NL",1860,"97",97,0.50522,FALSE,"observed"
"NL",1860,"98",98,0.5297,FALSE,"observed"
"NL",1860,"99",99,0.55407,FALSE,"observed"
"NL",1860,"100",100,0.57822,FALSE,"observed"
"NL",1860,"101",101,0.60203,FALSE,"observed"
"NL",1860,"102",102,0.62542,FALSE,"observed"
"NL",1860,"103",103,0.64827,FALSE,"observed"
"NL",1860,"104",104,0.6705,FALSE,"observed"
"NL",1860,"105",105,0.69203,FALSE,"observed"
"NL",1860,"106",106,0.7128,FALSE,"observed"
"NL",1860,"107",107,0.73275,FALSE,"observed"
"NL",1860,"108",108,0.75183,FALSE,"observed"
"NL",1860,"109",109,0.77002,FALSE,"observed"
"NL",1860,"110+",110,0.78729,FALSE,"observed"
"NL",1861,"0",0,0.25407,FALSE,"observed"
"NL",1861,"1",1,0.07284,FALSE,"observed"
"NL",1861,"2",2,0.04133,FALSE,"observed"
"NL",1861,"3",3,0.02493,FALSE,"observed"
"NL",1861,"4",4,0.02017,FALSE,"observed"
"NL",1861,"5",5,0.01632,FALSE,"observed"
"NL",1861,"6",6,0.01241,FALSE,"observed"
"NL",1861,"7",7,0.01039,FALSE,"observed"
"NL",1861,"8",8,0.00852,FALSE,"observed"
"NL",1861,"9",9,0.00753,FALSE,"observed"
"NL",1861,"10",10,0.007,FALSE,"observed"
"NL",1861,"11",11,0.00568,FALSE,"observed"
"NL",1861,"12",12,0.00548,FALSE,"observed"
"NL",1861,"13",13,0.00549,FALSE,"observed"
"NL",1861,"14",14,0.00501,FALSE,"observed"
"NL",1861,"15",15,0.00579,FALSE,"observed"
"NL",1861,"16",16,0.00625,FALSE,"observed"
"NL",1861,"17",17,0.00688,FALSE,"observed"
"NL",1861,"18",18,0.00666,FALSE,"observed"
"NL",1861,"19",19,0.00842,FALSE,"observed"
"NL",1861,"20",20,0.00906,FALSE,"observed"
"NL",1861,"21",21,0.00841,FALSE,"observed"
"NL",1861,"22",22,0.00942,FALSE,"observed"
"NL",1861,"23",23,0.00825,FALSE,"observed"
"NL",1861,"24",24,0.00947,FALSE,"observed"
"NL",1861,"25",25,0.00923,FALSE,"observed"
"NL",1861,"26",26,0.0093,FALSE,"observed"
"NL",1861,"27",27,0.01003,FALSE,"observed"
"NL",1861,"28",28,0.00996,FALSE,"observed"
"NL",1861,"29",29,0.01,FALSE,"observed"
"NL",1861,"30",30,0.01078,FALSE,"observed"
"NL",1861,"31",31,0.00974,FALSE,"observed"
"NL",1861,"32",32,0.01047,FALSE,"observed"
"NL",1861,"33",33,0.01165,FALSE,"observed"
"NL",1861,"34",34,0.00996,FALSE,"observed"
"NL",1861,"35",35,0.0122,FALSE,"observed"
"NL",1861,"36",36,0.01236,FALSE,"observed"
"NL",1861,"37",37,0.01208,FALSE,"observed"
"NL",1861,"38",38,0.01213,FALSE,"observed"
"NL",1861,"39",39,0.01351,FALSE,"observed"
"NL",1861,"40",40,0.01388,FALSE,"observed"
"NL",1861,"41",41,0.01321,FALSE,"observed"
"NL",1861,"42",42,0.01503,FALSE,"observed"
"NL",1861,"43",43,0.01349,FALSE,"observed"
"NL",1861,"44",44,0.01502,FALSE,"observed"
"NL",1861,"45",45,0.01415,FALSE,"observed"
"NL",1861,"46",46,0.01494,FALSE,"observed"
"NL",1861,"47",47,0.01586,FALSE,"observed"
"NL",1861,"48",48,0.01699,FALSE,"observed"
"NL",1861,"49",49,0.01682,FALSE,"observed"
"NL",1861,"50",50,0.01847,FALSE,"observed"
"NL",1861,"51",51,0.01728,FALSE,"observed"
"NL",1861,"52",52,0.02034,FALSE,"observed"
"NL",1861,"53",53,0.01961,FALSE,"observed"
"NL",1861,"54",54,0.02366,FALSE,"observed"
"NL",1861,"55",55,0.02211,FALSE,"observed"
"NL",1861,"56",56,0.02536,FALSE,"observed"
"NL",1861,"57",57,0.02641,FALSE,"observed"
"NL",1861,"58",58,0.02718,FALSE,"observed"
"NL",1861,"59",59,0.02879,FALSE,"observed"
"NL",1861,"60",60,0.03418,FALSE,"observed"
"NL",1861,"61",61,0.03454,FALSE,"observed"
"NL",1861,"62",62,0.03744,FALSE,"observed"
"NL",1861,"63",63,0.04343,FALSE,"observed"
"NL",1861,"64",64,0.04223,FALSE,"observed"
"NL",1861,"65",65,0.0485,FALSE,"observed"
"NL",1861,"66",66,0.04998,FALSE,"observed"
"NL",1861,"67",67,0.05256,FALSE,"observed"
"NL",1861,"68",68,0.05824,FALSE,"observed"
"NL",1861,"69",69,0.06777,FALSE,"observed"
"NL",1861,"70",70,0.07337,FALSE,"observed"
"NL",1861,"71",71,0.07279,FALSE,"observed"
"NL",1861,"72",72,0.08973,FALSE,"observed"
"NL",1861,"73",73,0.09577,FALSE,"observed"
"NL",1861,"74",74,0.09771,FALSE,"observed"
"NL",1861,"75",75,0.11886,FALSE,"observed"
"NL",1861,"76",76,0.11333,FALSE,"observed"
"NL",1861,"77",77,0.12861,FALSE,"observed"
"NL",1861,"78",78,0.13456,FALSE,"observed"
"NL",1861,"79",79,0.14611,FALSE,"observed"
"NL",1861,"80",80,0.18113,FALSE,"observed"
"NL",1861,"81",81,0.17695,FALSE,"observed"
"NL",1861,"82",82,0.1762,FALSE,"observed"
"NL",1861,"83",83,0.22471,FALSE,"observed"
"NL",1861,"84",84,0.25953,FALSE,"observed"
"NL",1861,"85",85,0.25496,FALSE,"observed"
"NL",1861,"86",86,0.27025,FALSE,"observed"
"NL",1861,"87",87,0.28963,FALSE,"observed"
"NL",1861,"88",88,0.30977,FALSE,"observed"
"NL",1861,"89",89,0.3306,FALSE,"observed"
"NL",1861,"90",90,0.35205,FALSE,"observed"
"NL",1861,"91",91,0.37402,FALSE,"observed"
"NL",1861,"92",92,0.39644,FALSE,"observed"
"NL",1861,"93",93,0.41918,FALSE,"observed"
"NL",1861,"94",94,0.44216,FALSE,"observed"
"NL",1861,"95",95,0.46525,FALSE,"observed"
"NL",1861,"96",96,0.48836,FALSE,"observed"
"NL",1861,"97",97,0.51136,FALSE,"observed"
"NL",1861,"98",98,0.53416,FALSE,"observed"
"NL",1861,"99",99,0.55667,FALSE,"observed"
"NL",1861,"100",100,0.57878,FALSE,"observed"
"NL",1861,"101",101,0.60042,FALSE,"observed"
"NL",1861,"102",102,0.62152,FALSE,"observed"
"NL",1861,"103",103,0.64201,FALSE,"observed"
"NL",1861,"104",104,0.66185,FALSE,"observed"
"NL",1861,"105",105,0.681,FALSE,"observed"
"NL",1861,"106",106,0.69942,FALSE,"observed"
"NL",1861,"107",107,0.71709,FALSE,"observed"
"NL",1861,"108",108,0.73401,FALSE,"observed"
"NL",1861,"109",109,0.75017,FALSE,"observed"
"NL",1861,"110+",110,0.76556,FALSE,"observed"
"NL",1862,"0",0,0.23158,FALSE,"observed"
"NL",1862,"1",1,0.07097,FALSE,"observed"
"NL",1862,"2",2,0.04005,FALSE,"observed"
"NL",1862,"3",3,0.02407,FALSE,"observed"
"NL",1862,"4",4,0.01751,FALSE,"observed"
"NL",1862,"5",5,0.01475,FALSE,"observed"
"NL",1862,"6",6,0.01085,FALSE,"observed"
"NL",1862,"7",7,0.00913,FALSE,"observed"
"NL",1862,"8",8,0.00802,FALSE,"observed"
"NL",1862,"9",9,0.0071,FALSE,"observed"
"NL",1862,"10",10,0.00644,FALSE,"observed"
"NL",1862,"11",11,0.00578,FALSE,"observed"
"NL",1862,"12",12,0.00499,FALSE,"observed"
"NL",1862,"13",13,0.00445,FALSE,"observed"
"NL",1862,"14",14,0.00564,FALSE,"observed"
"NL",1862,"15",15,0.00526,FALSE,"observed"
"NL",1862,"16",16,0.00548,FALSE,"observed"
"NL",1862,"17",17,0.00598,FALSE,"observed"
"NL",1862,"18",18,0.0067,FALSE,"observed"
"NL",1862,"19",19,0.00736,FALSE,"observed"
"NL",1862,"20",20,0.00803,FALSE,"observed"
"NL",1862,"21",21,0.00816,FALSE,"observed"
"NL",1862,"22",22,0.00852,FALSE,"observed"
"NL",1862,"23",23,0.0085,FALSE,"observed"
"NL",1862,"24",24,0.00826,FALSE,"observed"
"NL",1862,"25",25,0.00826,FALSE,"observed"
"NL",1862,"26",26,0.00859,FALSE,"observed"
"NL",1862,"27",27,0.00931,FALSE,"observed"
"NL",1862,"28",28,0.00927,FALSE,"observed"
"NL",1862,"29",29,0.00931,FALSE,"observed"
"NL",1862,"30",30,0.0094,FALSE,"observed"
"NL",1862,"31",31,0.00894,FALSE,"observed"
"NL",1862,"32",32,0.01031,FALSE,"observed"
"NL",1862,"33",33,0.01083,FALSE,"observed"
"NL",1862,"34",34,0.01059,FALSE,"observed"
"NL",1862,"35",35,0.01109,FALSE,"observed"
"NL",1862,"36",36,0.01164,FALSE,"observed"
"NL",1862,"37",37,0.01164,FALSE,"observed"
"NL",1862,"38",38,0.01203,FALSE,"observed"
"NL",1862,"39",39,0.01246,FALSE,"observed"
"NL",1862,"40",40,0.01314,FALSE,"observed"
"NL",1862,"41",41,0.01358,FALSE,"observed"
"NL",1862,"42",42,0.013,FALSE,"observed"
"NL",1862,"43",43,0.01383,FALSE,"observed"
"NL",1862,"44",44,0.01279,FALSE,"observed"
"NL",1862,"45",45,0.01447,FALSE,"observed"
"NL",1862,"46",46,0.01406,FALSE,"observed"
"NL",1862,"47",47,0.01476,FALSE,"observed"
"NL",1862,"48",48,0.01635,FALSE,"observed"
"NL",1862,"49",49,0.01528,FALSE,"observed"
"NL",1862,"50",50,0.0158,FALSE,"observed"
"NL",1862,"51",51,0.01675,FALSE,"observed"
"NL",1862,"52",52,0.01914,FALSE,"observed"
"NL",1862,"53",53,0.02071,FALSE,"observed"
"NL",1862,"54",54,0.02061,FALSE,"observed"
"NL",1862,"55",55,0.02235,FALSE,"observed"
"NL",1862,"56",56,0.02456,FALSE,"observed"
"NL",1862,"57",57,0.02463,FALSE,"observed"
"NL",1862,"58",58,0.02442,FALSE,"observed"
"NL",1862,"59",59,0.02861,FALSE,"observed"
"NL",1862,"60",60,0.02918,FALSE,"observed"
"NL",1862,"61",61,0.03199,FALSE,"observed"
"NL",1862,"62",62,0.03751,FALSE,"observed"
"NL",1862,"63",63,0.03776,FALSE,"observed"
"NL",1862,"64",64,0.04463,FALSE,"observed"
"NL",1862,"65",65,0.04475,FALSE,"observed"
"NL",1862,"66",66,0.04883,FALSE,"observed"
"NL",1862,"67",67,0.04928,FALSE,"observed"
"NL",1862,"68",68,0.05653,FALSE,"observed"
"NL",1862,"69",69,0.06188,FALSE,"observed"
"NL",1862,"70",70,0.06727,FALSE,"observed"
"NL",1862,"71",71,0.07164,FALSE,"observed"
"NL",1862,"72",72,0.08359,FALSE,"observed"
"NL",1862,"73",73,0.09163,FALSE,"observed"
"NL",1862,"74",74,0.10002,FALSE,"observed"
"NL",1862,"75",75,0.11565,FALSE,"observed"
"NL",1862,"76",76,0.11057,FALSE,"observed"
"NL",1862,"77",77,0.11524,FALSE,"observed"
"NL",1862,"78",78,0.12604,FALSE,"observed"
"NL",1862,"79",79,0.13344,FALSE,"observed"
"NL",1862,"80",80,0.1536,FALSE,"observed"
"NL",1862,"81",81,0.14679,FALSE,"observed"
"NL",1862,"82",82,0.19181,FALSE,"observed"
"NL",1862,"83",83,0.2014,FALSE,"observed"
"NL",1862,"84",84,0.22219,FALSE,"observed"
"NL",1862,"85",85,0.23172,FALSE,"observed"
"NL",1862,"86",86,0.24015,FALSE,"observed"
"NL",1862,"87",87,0.25714,FALSE,"observed"
"NL",1862,"88",88,0.2749,FALSE,"observed"
"NL",1862,"89",89,0.29342,FALSE,"observed"
"NL",1862,"90",90,0.31267,FALSE,"observed"
"NL",1862,"91",91,0.3326,FALSE,"observed"
"NL",1862,"92",92,0.35317,FALSE,"observed"
"NL",1862,"93",93,0.37432,FALSE,"observed"
"NL",1862,"94",94,0.39598,FALSE,"observed"
"NL",1862,"95",95,0.41808,FALSE,"observed"
"NL",1862,"96",96,0.44053,FALSE,"observed"
"NL",1862,"97",97,0.46326,FALSE,"observed"
"NL",1862,"98",98,0.48617,FALSE,"observed"
"NL",1862,"99",99,0.50917,FALSE,"observed"
"NL",1862,"100",100,0.53216,FALSE,"observed"
"NL",1862,"101",101,0.55504,FALSE,"observed"
"NL",1862,"102",102,0.57772,FALSE,"observed"
"NL",1862,"103",103,0.60011,FALSE,"observed"
"NL",1862,"104",104,0.62211,FALSE,"observed"
"NL",1862,"105",105,0.64366,FALSE,"observed"
"NL",1862,"106",106,0.66467,FALSE,"observed"
"NL",1862,"107",107,0.68507,FALSE,"observed"
"NL",1862,"108",108,0.70482,FALSE,"observed"
"NL",1862,"109",109,0.72385,FALSE,"observed"
"NL",1862,"110+",110,0.74213,FALSE,"observed"
"NL",1863,"0",0,0.24091,FALSE,"observed"
"NL",1863,"1",1,0.0734,FALSE,"observed"
"NL",1863,"2",2,0.03855,FALSE,"observed"
"NL",1863,"3",3,0.02552,FALSE,"observed"
"NL",1863,"4",4,0.01768,FALSE,"observed"
"NL",1863,"5",5,0.01397,FALSE,"observed"
"NL",1863,"6",6,0.01177,FALSE,"observed"
"NL",1863,"7",7,0.01006,FALSE,"observed"
"NL",1863,"8",8,0.00775,FALSE,"observed"
"NL",1863,"9",9,0.00624,FALSE,"observed"
"NL",1863,"10",10,0.00633,FALSE,"observed"
"NL",1863,"11",11,0.00546,FALSE,"observed"
"NL",1863,"12",12,0.0055,FALSE,"observed"
"NL",1863,"13",13,0.00478,FALSE,"observed"
"NL",1863,"14",14,0.00504,FALSE,"observed"
"NL",1863,"15",15,0.00482,FALSE,"observed"
"NL",1863,"16",16,0.00522,FALSE,"observed"
"NL",1863,"17",17,0.00595,FALSE,"observed"
"NL",1863,"18",18,0.00611,FALSE,"observed"
"NL",1863,"19",19,0.00665,FALSE,"observed"
"NL",1863,"20",20,0.00729,FALSE,"observed"
"NL",1863,"21",21,0.00712,FALSE,"observed"
"NL",1863,"22",22,0.00808,FALSE,"observed"
"NL",1863,"23",23,0.00801,FALSE,"observed"
"NL",1863,"24",24,0.00763,FALSE,"observed"
"NL",1863,"25",25,0.0083,FALSE,"observed"
"NL",1863,"26",26,0.00842,FALSE,"observed"
"NL",1863,"27",27,0.00795,FALSE,"observed"
"NL",1863,"28",28,0.00909,FALSE,"observed"
"NL",1863,"29",29,0.00937,FALSE,"observed"
"NL",1863,"30",30,0.0091,FALSE,"observed"
"NL",1863,"31",31,0.00901,FALSE,"observed"
"NL",1863,"32",32,0.01014,FALSE,"observed"
"NL",1863,"33",33,0.01002,FALSE,"observed"
"NL",1863,"34",34,0.01021,FALSE,"observed"
"NL",1863,"35",35,0.01114,FALSE,"observed"
"NL",1863,"36",36,0.01117,FALSE,"observed"
"NL",1863,"37",37,0.0111,FALSE,"observed"
"NL",1863,"38",38,0.01266,FALSE,"observed"
"NL",1863,"39",39,0.01253,FALSE,"observed"
"NL",1863,"40",40,0.01262,FALSE,"observed"
"NL",1863,"41",41,0.01187,FALSE,"observed"
"NL",1863,"42",42,0.01435,FALSE,"observed"
"NL",1863,"43",43,0.0128,FALSE,"observed"
"NL",1863,"44",44,0.01376,FALSE,"observed"
"NL",1863,"45",45,0.01362,FALSE,"observed"
"NL",1863,"46",46,0.01418,FALSE,"observed"
"NL",1863,"47",47,0.01409,FALSE,"observed"
"NL",1863,"48",48,0.0151,FALSE,"observed"
"NL",1863,"49",49,0.01634,FALSE,"observed"
"NL",1863,"50",50,0.01647,FALSE,"observed"
"NL",1863,"51",51,0.01544,FALSE,"observed"
"NL",1863,"52",52,0.01739,FALSE,"observed"
"NL",1863,"53",53,0.01832,FALSE,"observed"
"NL",1863,"54",54,0.01982,FALSE,"observed"
"NL",1863,"55",55,0.02022,FALSE,"observed"
"NL",1863,"56",56,0.02404,FALSE,"observed"
"NL",1863,"57",57,0.02375,FALSE,"observed"
"NL",1863,"58",58,0.02598,FALSE,"observed"
"NL",1863,"59",59,0.026,FALSE,"observed"
"NL",1863,"60",60,0.03,FALSE,"observed"
"NL",1863,"61",61,0.02954,FALSE,"observed"
"NL",1863,"62",62,0.0341,FALSE,"observed"
"NL",1863,"63",63,0.03902,FALSE,"observed"
"NL",1863,"64",64,0.04134,FALSE,"observed"
"NL",1863,"65",65,0.04592,FALSE,"observed"
"NL",1863,"66",66,0.04772,FALSE,"observed"
"NL",1863,"67",67,0.05089,FALSE,"observed"
"NL",1863,"68",68,0.05642,FALSE,"observed"
"NL",1863,"69",69,0.05741,FALSE,"observed"
"NL",1863,"70",70,0.06717,FALSE,"observed"
"NL",1863,"71",71,0.0717,FALSE,"observed"
"NL",1863,"72",72,0.0844,FALSE,"observed"
"NL",1863,"73",73,0.08668,FALSE,"observed"
"NL",1863,"74",74,0.09854,FALSE,"observed"
"NL",1863,"75",75,0.10121,FALSE,"observed"
"NL",1863,"76",76,0.10347,FALSE,"observed"
"NL",1863,"77",77,0.12057,FALSE,"observed"
"NL",1863,"78",78,0.13369,FALSE,"observed"
"NL",1863,"79",79,0.13474,FALSE,"observed"
"NL",1863,"80",80,0.15937,FALSE,"observed"
"NL",1863,"81",81,0.14841,FALSE,"observed"
"NL",1863,"82",82,0.16935,FALSE,"observed"
"NL",1863,"83",83,0.2046,FALSE,"observed"
"NL",1863,"84",84,0.211,FALSE,"observed"
"NL",1863,"85",85,0.20835,FALSE,"observed"
"NL",1863,"86",86,0.23954,FALSE,"observed"
"NL",1863,"87",87,0.25731,FALSE,"observed"
"NL",1863,"88",88,0.2759,FALSE,"observed"
"NL",1863,"89",89,0.29526,FALSE,"observed"
"NL",1863,"90",90,0.31535,FALSE,"observed"
"NL",1863,"91",91,0.33611,FALSE,"observed"
"NL",1863,"92",92,0.35749,FALSE,"observed"
"NL",1863,"93",93,0.3794,FALSE,"observed"
"NL",1863,"94",94,0.40176,FALSE,"observed"
"NL",1863,"95",95,0.42449,FALSE,"observed"
"NL",1863,"96",96,0.44749,FALSE,"observed"
"NL",1863,"97",97,0.47067,FALSE,"observed"
"NL",1863,"98",98,0.49391,FALSE,"observed"
"NL",1863,"99",99,0.51713,FALSE,"observed"
"NL",1863,"100",100,0.54023,FALSE,"observed"
"NL",1863,"101",101,0.5631,FALSE,"observed"
"NL",1863,"102",102,0.58566,FALSE,"observed"
"NL",1863,"103",103,0.60782,FALSE,"observed"
"NL",1863,"104",104,0.62951,FALSE,"observed"
"NL",1863,"105",105,0.65065,FALSE,"observed"
"NL",1863,"106",106,0.67119,FALSE,"observed"
"NL",1863,"107",107,0.69106,FALSE,"observed"
"NL",1863,"108",108,0.71023,FALSE,"observed"
"NL",1863,"109",109,0.72867,FALSE,"observed"
"NL",1863,"110+",110,0.74634,FALSE,"observed"
"NL",1864,"0",0,0.2332,FALSE,"observed"
"NL",1864,"1",1,0.07021,FALSE,"observed"
"NL",1864,"2",2,0.03703,FALSE,"observed"
"NL",1864,"3",3,0.02581,FALSE,"observed"
"NL",1864,"4",4,0.01889,FALSE,"observed"
"NL",1864,"5",5,0.01496,FALSE,"observed"
"NL",1864,"6",6,0.01268,FALSE,"observed"
"NL",1864,"7",7,0.01151,FALSE,"observed"
"NL",1864,"8",8,0.00861,FALSE,"observed"
"NL",1864,"9",9,0.00788,FALSE,"observed"
"NL",1864,"10",10,0.00587,FALSE,"observed"
"NL",1864,"11",11,0.0054,FALSE,"observed"
"NL",1864,"12",12,0.00568,FALSE,"observed"
"NL",1864,"13",13,0.00447,FALSE,"observed"
"NL",1864,"14",14,0.00472,FALSE,"observed"
"NL",1864,"15",15,0.00567,FALSE,"observed"
"NL",1864,"16",16,0.00561,FALSE,"observed"
"NL",1864,"17",17,0.00636,FALSE,"observed"
"NL",1864,"18",18,0.00744,FALSE,"observed"
"NL",1864,"19",19,0.00721,FALSE,"observed"
"NL",1864,"20",20,0.00829,FALSE,"observed"
"NL",1864,"21",21,0.00825,FALSE,"observed"
"NL",1864,"22",22,0.00861,FALSE,"observed"
"NL",1864,"23",23,0.00812,FALSE,"observed"
"NL",1864,"24",24,0.00811,FALSE,"observed"
"NL",1864,"25",25,0.00895,FALSE,"observed"
"NL",1864,"26",26,0.00857,FALSE,"observed"
"NL",1864,"27",27,0.00979,FALSE,"observed"
"NL",1864,"28",28,0.00959,FALSE,"observed"
"NL",1864,"29",29,0.00927,FALSE,"observed"
"NL",1864,"30",30,0.00971,FALSE,"observed"
"NL",1864,"31",31,0.00982,FALSE,"observed"
"NL",1864,"32",32,0.01026,FALSE,"observed"
"NL",1864,"33",33,0.01113,FALSE,"observed"
"NL",1864,"34",34,0.01087,FALSE,"observed"
"NL",1864,"35",35,0.01201,FALSE,"observed"
"NL",1864,"36",36,0.01226,FALSE,"observed"
"NL",1864,"37",37,0.01142,FALSE,"observed"
"NL",1864,"38",38,0.01368,FALSE,"observed"
"NL",1864,"39",39,0.01341,FALSE,"observed"
"NL",1864,"40",40,0.01333,FALSE,"observed"
"NL",1864,"41",41,0.01309,FALSE,"observed"
"NL",1864,"42",42,0.01422,FALSE,"observed"
"NL",1864,"43",43,0.01491,FALSE,"observed"
"NL",1864,"44",44,0.01442,FALSE,"observed"
"NL",1864,"45",45,0.01547,FALSE,"observed"
"NL",1864,"46",46,0.01442,FALSE,"observed"
"NL",1864,"47",47,0.01399,FALSE,"observed"
"NL",1864,"48",48,0.01663,FALSE,"observed"
"NL",1864,"49",49,0.01634,FALSE,"observed"
"NL",1864,"50",50,0.01737,FALSE,"observed"
"NL",1864,"51",51,0.01842,FALSE,"observed"
"NL",1864,"52",52,0.02028,FALSE,"observed"
"NL",1864,"53",53,0.02103,FALSE,"observed"
"NL",1864,"54",54,0.0241,FALSE,"observed"
"NL",1864,"55",55,0.02176,FALSE,"observed"
"NL",1864,"56",56,0.02583,FALSE,"observed"
"NL",1864,"57",57,0.02745,FALSE,"observed"
"NL",1864,"58",58,0.03018,FALSE,"observed"
"NL",1864,"59",59,0.02911,FALSE,"observed"
"NL",1864,"60",60,0.0335,FALSE,"observed"
"NL",1864,"61",61,0.03093,FALSE,"observed"
"NL",1864,"62",62,0.03855,FALSE,"observed"
"NL",1864,"63",63,0.04377,FALSE,"observed"
"NL",1864,"64",64,0.04593,FALSE,"observed"
"NL",1864,"65",65,0.04945,FALSE,"observed"
"NL",1864,"66",66,0.05078,FALSE,"observed"
"NL",1864,"67",67,0.05422,FALSE,"observed"
"NL",1864,"68",68,0.06409,FALSE,"observed"
"NL",1864,"69",69,0.06733,FALSE,"observed"
"NL",1864,"70",70,0.07234,FALSE,"observed"
"NL",1864,"71",71,0.07287,FALSE,"observed"
"NL",1864,"72",72,0.09131,FALSE,"observed"
"NL",1864,"73",73,0.09557,FALSE,"observed"
"NL",1864,"74",74,0.11203,FALSE,"observed"
"NL",1864,"75",75,0.11684,FALSE,"observed"
"NL",1864,"76",76,0.13266,FALSE,"observed"
"NL",1864,"77",77,0.1294,FALSE,"observed"
"NL",1864,"78",78,0.14886,FALSE,"observed"
"NL",1864,"79",79,0.15448,FALSE,"observed"
"NL",1864,"80",80,0.17194,FALSE,"observed"
"NL",1864,"81",81,0.17008,FALSE,"observed"
"NL",1864,"82",82,0.18137,FALSE,"observed"
"NL",1864,"83",83,0.22738,FALSE,"observed"
"NL",1864,"84",84,0.24839,FALSE,"observed"
"NL",1864,"85",85,0.25061,FALSE,"observed"
"NL",1864,"86",86,0.28817,FALSE,"observed"
"NL",1864,"87",87,0.30808,FALSE,"observed"
"NL",1864,"88",88,0.33367,FALSE,"observed"
"NL",1864,"89",89,0.36026,FALSE,"observed"
"NL",1864,"90",90,0.38772,FALSE,"observed"
"NL",1864,"91",91,0.4159,FALSE,"observed"
"NL",1864,"92",92,0.44463,FALSE,"observed"
"NL",1864,"93",93,0.47372,FALSE,"observed"
"NL",1864,"94",94,0.50298,FALSE,"observed"
"NL",1864,"95",95,0.53221,FALSE,"observed"
"NL",1864,"96",96,0.5612,FALSE,"observed"
"NL",1864,"97",97,0.58978,FALSE,"observed"
"NL",1864,"98",98,0.61776,FALSE,"observed"
"NL",1864,"99",99,0.64497,FALSE,"observed"
"NL",1864,"100",100,0.67127,FALSE,"observed"
"NL",1864,"101",101,0.69654,FALSE,"observed"
"NL",1864,"102",102,0.72067,FALSE,"observed"
"NL",1864,"103",103,0.74358,FALSE,"observed"
"NL",1864,"104",104,0.76523,FALSE,"observed"
"NL",1864,"105",105,0.78557,FALSE,"observed"
"NL",1864,"106",106,0.80461,FALSE,"observed"
"NL",1864,"107",107,0.82234,FALSE,"observed"
"NL",1864,"108",108,0.83879,FALSE,"observed"
"NL",1864,"109",109,0.85398,FALSE,"observed"
"NL",1864,"110+",110,0.86798,FALSE,"observed"
"NL",1865,"0",0,0.27369,FALSE,"observed"
"NL",1865,"1",1,0.07253,FALSE,"observed"
"NL",1865,"2",2,0.03741,FALSE,"observed"
"NL",1865,"3",3,0.02489,FALSE,"observed"
"NL",1865,"4",4,0.01842,FALSE,"observed"
"NL",1865,"5",5,0.01412,FALSE,"observed"
"NL",1865,"6",6,0.01259,FALSE,"observed"
"NL",1865,"7",7,0.00995,FALSE,"observed"
"NL",1865,"8",8,0.00877,FALSE,"observed"
"NL",1865,"9",9,0.0076,FALSE,"observed"
"NL",1865,"10",10,0.0065,FALSE,"observed"
"NL",1865,"11",11,0.00603,FALSE,"observed"
"NL",1865,"12",12,0.00577,FALSE,"observed"
"NL",1865,"13",13,0.00546,FALSE,"observed"
"NL",1865,"14",14,0.00558,FALSE,"observed"
"NL",1865,"15",15,0.00588,FALSE,"observed"
"NL",1865,"16",16,0.00618,FALSE,"observed"
"NL",1865,"17",17,0.00678,FALSE,"observed"
"NL",1865,"18",18,0.00718,FALSE,"observed"
"NL",1865,"19",19,0.00841,FALSE,"observed"
"NL",1865,"20",20,0.00921,FALSE,"observed"
"NL",1865,"21",21,0.00908,FALSE,"observed"
"NL",1865,"22",22,0.00901,FALSE,"observed"
"NL",1865,"23",23,0.00948,FALSE,"observed"
"NL",1865,"24",24,0.00897,FALSE,"observed"
"NL",1865,"25",25,0.00886,FALSE,"observed"
"NL",1865,"26",26,0.00928,FALSE,"observed"
"NL",1865,"27",27,0.00971,FALSE,"observed"
"NL",1865,"28",28,0.00924,FALSE,"observed"
"NL",1865,"29",29,0.00935,FALSE,"observed"
"NL",1865,"30",30,0.01028,FALSE,"observed"
"NL",1865,"31",31,0.01053,FALSE,"observed"
"NL",1865,"32",32,0.01085,FALSE,"observed"
"NL",1865,"33",33,0.0111,FALSE,"observed"
"NL",1865,"34",34,0.01177,FALSE,"observed"
"NL",1865,"35",35,0.01077,FALSE,"observed"
"NL",1865,"36",36,0.01174,FALSE,"observed"
"NL",1865,"37",37,0.01187,FALSE,"observed"
"NL",1865,"38",38,0.01243,FALSE,"observed"
"NL",1865,"39",39,0.01339,FALSE,"observed"
"NL",1865,"40",40,0.0133,FALSE,"observed"
"NL",1865,"41",41,0.01241,FALSE,"observed"
"NL",1865,"42",42,0.01433,FALSE,"observed"
"NL",1865,"43",43,0.01353,FALSE,"observed"
"NL",1865,"44",44,0.01351,FALSE,"observed"
"NL",1865,"45",45,0.0137,FALSE,"observed"
"NL",1865,"46",46,0.01337,FALSE,"observed"
"NL",1865,"47",47,0.0151,FALSE,"observed"
"NL",1865,"48",48,0.01551,FALSE,"observed"
"NL",1865,"49",49,0.01509,FALSE,"observed"
"NL",1865,"50",50,0.0168,FALSE,"observed"
"NL",1865,"51",51,0.01719,FALSE,"observed"
"NL",1865,"52",52,0.01971,FALSE,"observed"
"NL",1865,"53",53,0.01945,FALSE,"observed"
"NL",1865,"54",54,0.01983,FALSE,"observed"
"NL",1865,"55",55,0.0216,FALSE,"observed"
"NL",1865,"56",56,0.02215,FALSE,"observed"
"NL",1865,"57",57,0.02446,FALSE,"observed"
"NL",1865,"58",58,0.0273,FALSE,"observed"
"NL",1865,"59",59,0.02929,FALSE,"observed"
"NL",1865,"60",60,0.03202,FALSE,"observed"
"NL",1865,"61",61,0.03076,FALSE,"observed"
"NL",1865,"62",62,0.03507,FALSE,"observed"
"NL",1865,"63",63,0.03615,FALSE,"observed"
"NL",1865,"64",64,0.04238,FALSE,"observed"
"NL",1865,"65",65,0.04544,FALSE,"observed"
"NL",1865,"66",66,0.04628,FALSE,"observed"
"NL",1865,"67",67,0.05048,FALSE,"observed"
"NL",1865,"68",68,0.05413,FALSE,"observed"
"NL",1865,"69",69,0.0555,FALSE,"observed"
"NL",1865,"70",70,0.07173,FALSE,"observed"
"NL",1865,"71",71,0.0658,FALSE,"observed"
"NL",1865,"72",72,0.08167,FALSE,"observed"
"NL",1865,"73",73,0.08697,FALSE,"observed"
"NL",1865,"74",74,0.0997,FALSE,"observed"
"NL",1865,"75",75,0.10834,FALSE,"observed"
"NL",1865,"76",76,0.11996,FALSE,"observed"
"NL",1865,"77",77,0.11391,FALSE,"observed"
"NL",1865,"78",78,0.13155,FALSE,"observed"
"NL",1865,"79",79,0.14294,FALSE,"observed"
"NL",1865,"80",80,0.17618,FALSE,"observed"
"NL",1865,"81",81,0.16921,FALSE,"observed"
"NL",1865,"82",82,0.17498,FALSE,"observed"
"NL",1865,"83",83,0.19408,FALSE,"observed"
"NL",1865,"84",84,0.22327,FALSE,"observed"
"NL",1865,"85",85,0.22465,FALSE,"observed"
"NL",1865,"86",86,0.25406,FALSE,"observed"
"NL",1865,"87",87,0.27249,FALSE,"observed"
"NL",1865,"88",88,0.29176,FALSE,"observed"
"NL",1865,"89",89,0.31183,FALSE,"observed"
"NL",1865,"90",90,0.33267,FALSE,"observed"
"NL",1865,"91",91,0.35422,FALSE,"observed"
"NL",1865,"92",92,0.37642,FALSE,"observed"
"NL",1865,"93",93,0.39921,FALSE,"observed"
"NL",1865,"94",94,0.4225,FALSE,"observed"
"NL",1865,"95",95,0.44622,FALSE,"observed"
"NL",1865,"96",96,0.47025,FALSE,"observed"
"NL",1865,"97",97,0.4945,FALSE,"observed"
"NL",1865,"98",98,0.51886,FALSE,"observed"
"NL",1865,"99",99,0.54321,FALSE,"observed"
"NL",1865,"100",100,0.56745,FALSE,"observed"
"NL",1865,"101",101,0.59146,FALSE,"observed"
"NL",1865,"102",102,0.61513,FALSE,"observed"
"NL",1865,"103",103,0.63837,FALSE,"observed"
"NL",1865,"104",104,0.66105,FALSE,"observed"
"NL",1865,"105",105,0.68311,FALSE,"observed"
"NL",1865,"106",106,0.70445,FALSE,"observed"
"NL",1865,"107",107,0.72501,FALSE,"observed"
"NL",1865,"108",108,0.74473,FALSE,"observed"
"NL",1865,"109",109,0.76355,FALSE,"observed"
"NL",1865,"110+",110,0.78145,FALSE,"observed"
"NL",1866,"0",0,0.23688,FALSE,"observed"
"NL",1866,"1",1,0.07461,FALSE,"observed"
"NL",1866,"2",2,0.04609,FALSE,"observed"
"NL",1866,"3",3,0.03003,FALSE,"observed"
"NL",1866,"4",4,0.02272,FALSE,"observed"
"NL",1866,"5",5,0.01966,FALSE,"observed"
"NL",1866,"6",6,0.01695,FALSE,"observed"
"NL",1866,"7",7,0.01409,FALSE,"observed"
"NL",1866,"8",8,0.01178,FALSE,"observed"
"NL",1866,"9",9,0.0107,FALSE,"observed"
"NL",1866,"10",10,0.01012,FALSE,"observed"
"NL",1866,"11",11,0.0085,FALSE,"observed"
"NL",1866,"12",12,0.00696,FALSE,"observed"
"NL",1866,"13",13,0.00709,FALSE,"observed"
"NL",1866,"14",14,0.00723,FALSE,"observed"
"NL",1866,"15",15,0.00751,FALSE,"observed"
"NL",1866,"16",16,0.00768,FALSE,"observed"
"NL",1866,"17",17,0.00761,FALSE,"observed"
"NL",1866,"18",18,0.00874,FALSE,"observed"
"NL",1866,"19",19,0.00943,FALSE,"observed"
"NL",1866,"20",20,0.00991,FALSE,"observed"
"NL",1866,"21",21,0.01043,FALSE,"observed"
"NL",1866,"22",22,0.01095,FALSE,"observed"
"NL",1866,"23",23,0.01116,FALSE,"observed"
"NL",1866,"24",24,0.01165,FALSE,"observed"
"NL",1866,"25",25,0.01209,FALSE,"observed"
"NL",1866,"26",26,0.01167,FALSE,"observed"
"NL",1866,"27",27,0.01241,FALSE,"observed"
"NL",1866,"28",28,0.01227,FALSE,"observed"
"NL",1866,"29",29,0.01303,FALSE,"observed"
"NL",1866,"30",30,0.0142,FALSE,"observed"
"NL",1866,"31",31,0.01382,FALSE,"observed"
"NL",1866,"32",32,0.01547,FALSE,"observed"
"NL",1866,"33",33,0.01634,FALSE,"observed"
"NL",1866,"34",34,0.01462,FALSE,"observed"
"NL",1866,"35",35,0.01707,FALSE,"observed"
"NL",1866,"36",36,0.017,FALSE,"observed"
"NL",1866,"37",37,0.01605,FALSE,"observed"
"NL",1866,"38",38,0.01901,FALSE,"observed"
"NL",1866,"39",39,0.01838,FALSE,"observed"
"NL",1866,"40",40,0.01912,FALSE,"observed"
"NL",1866,"41",41,0.0184,FALSE,"observed"
"NL",1866,"42",42,0.01892,FALSE,"observed"
"NL",1866,"43",43,0.01913,FALSE,"observed"
"NL",1866,"44",44,0.0209,FALSE,"observed"
"NL",1866,"45",45,0.02067,FALSE,"observed"
"NL",1866,"46",46,0.01939,FALSE,"observed"
"NL",1866,"47",47,0.0212,FALSE,"observed"
"NL",1866,"48",48,0.0194,FALSE,"observed"
"NL",1866,"49",49,0.02038,FALSE,"observed"
"NL",1866,"50",50,0.02418,FALSE,"observed"
"NL",1866,"51",51,0.0211,FALSE,"observed"
"NL",1866,"52",52,0.02458,FALSE,"observed"
"NL",1866,"53",53,0.02468,FALSE,"observed"
"NL",1866,"54",54,0.02501,FALSE,"observed"
"NL",1866,"55",55,0.02777,FALSE,"observed"
"NL",1866,"56",56,0.0294,FALSE,"observed"
"NL",1866,"57",57,0.0315,FALSE,"observed"
"NL",1866,"58",58,0.03467,FALSE,"observed"
"NL",1866,"59",59,0.03472,FALSE,"observed"
"NL",1866,"60",60,0.03663,FALSE,"observed"
"NL",1866,"61",61,0.03932,FALSE,"observed"
"NL",1866,"62",62,0.04131,FALSE,"observed"
"NL",1866,"63",63,0.04595,FALSE,"observed"
"NL",1866,"64",64,0.04754,FALSE,"observed"
"NL",1866,"65",65,0.05284,FALSE,"observed"
"NL",1866,"66",66,0.05683,FALSE,"observed"
"NL",1866,"67",67,0.05752,FALSE,"observed"
"NL",1866,"68",68,0.06686,FALSE,"observed"
"NL",1866,"69",69,0.07373,FALSE,"observed"
"NL",1866,"70",70,0.0756,FALSE,"observed"
"NL",1866,"71",71,0.07328,FALSE,"observed"
"NL",1866,"72",72,0.08736,FALSE,"observed"
"NL",1866,"73",73,0.09812,FALSE,"observed"
"NL",1866,"74",74,0.10468,FALSE,"observed"
"NL",1866,"75",75,0.10962,FALSE,"observed"
"NL",1866,"76",76,0.11698,FALSE,"observed"
"NL",1866,"77",77,0.13068,FALSE,"observed"
"NL",1866,"78",78,0.15151,FALSE,"observed"
"NL",1866,"79",79,0.14972,FALSE,"observed"
"NL",1866,"80",80,0.16898,FALSE,"observed"
"NL",1866,"81",81,0.15102,FALSE,"observed"
"NL",1866,"82",82,0.19682,FALSE,"observed"
"NL",1866,"83",83,0.20647,FALSE,"observed"
"NL",1866,"84",84,0.20603,FALSE,"observed"
"NL",1866,"85",85,0.23832,FALSE,"observed"
"NL",1866,"86",86,0.24889,FALSE,"observed"
"NL",1866,"87",87,0.2666,FALSE,"observed"
"NL",1866,"88",88,0.28512,FALSE,"observed"
"NL",1866,"89",89,0.30443,FALSE,"observed"
"NL",1866,"90",90,0.3245,FALSE,"observed"
"NL",1866,"91",91,0.3453,FALSE,"observed"
"NL",1866,"92",92,0.36677,FALSE,"observed"
"NL",1866,"93",93,0.38886,FALSE,"observed"
"NL",1866,"94",94,0.4115,FALSE,"observed"
"NL",1866,"95",95,0.43462,FALSE,"observed"
"NL",1866,"96",96,0.45813,FALSE,"observed"
"NL",1866,"97",97,0.48192,FALSE,"observed"
"NL",1866,"98",98,0.50591,FALSE,"observed"
"NL",1866,"99",99,0.52998,FALSE,"observed"
"NL",1866,"100",100,0.55403,FALSE,"observed"
"NL",1866,"101",101,0.57793,FALSE,"observed"
"NL",1866,"102",102,0.60158,FALSE,"observed"
"NL",1866,"103",103,0.62487,FALSE,"observed"
"NL",1866,"104",104,0.64768,FALSE,"observed"
"NL",1866,"105",105,0.66993,FALSE,"observed"
"NL",1866,"106",106,0.69151,FALSE,"observed"
"NL",1866,"107",107,0.71234,FALSE,"observed"
"NL",1866,"108",108,0.73237,FALSE,"observed"
"NL",1866,"109",109,0.75152,FALSE,"observed"
"NL",1866,"110+",110,0.76977,FALSE,"observed"
"NL",1867,"0",0,0.2433,FALSE,"observed"
"NL",1867,"1",1,0.06671,FALSE,"observed"
"NL",1867,"2",2,0.03456,FALSE,"observed"
"NL",1867,"3",3,0.02113,FALSE,"observed"
"NL",1867,"4",4,0.01521,FALSE,"observed"
"NL",1867,"5",5,0.01154,FALSE,"observed"
"NL",1867,"6",6,0.00921,FALSE,"observed"
"NL",1867,"7",7,0.00844,FALSE,"observed"
"NL",1867,"8",8,0.00718,FALSE,"observed"
"NL",1867,"9",9,0.00621,FALSE,"observed"
"NL",1867,"10",10,0.00579,FALSE,"observed"
"NL",1867,"11",11,0.00539,FALSE,"observed"
"NL",1867,"12",12,0.00447,FALSE,"observed"
"NL",1867,"13",13,0.00407,FALSE,"observed"
"NL",1867,"14",14,0.00501,FALSE,"observed"
"NL",1867,"15",15,0.00437,FALSE,"observed"
"NL",1867,"16",16,0.0056,FALSE,"observed"
"NL",1867,"17",17,0.00584,FALSE,"observed"
"NL",1867,"18",18,0.00658,FALSE,"observed"
"NL",1867,"19",19,0.00693,FALSE,"observed"
"NL",1867,"20",20,0.0083,FALSE,"observed"
"NL",1867,"21",21,0.00755,FALSE,"observed"
"NL",1867,"22",22,0.00831,FALSE,"observed"
"NL",1867,"23",23,0.00838,FALSE,"observed"
"NL",1867,"24",24,0.00839,FALSE,"observed"
"NL",1867,"25",25,0.00833,FALSE,"observed"
"NL",1867,"26",26,0.00804,FALSE,"observed"
"NL",1867,"27",27,0.0085,FALSE,"observed"
"NL",1867,"28",28,0.00871,FALSE,"observed"
"NL",1867,"29",29,0.00891,FALSE,"observed"
"NL",1867,"30",30,0.00858,FALSE,"observed"
"NL",1867,"31",31,0.00819,FALSE,"observed"
"NL",1867,"32",32,0.01008,FALSE,"observed"
"NL",1867,"33",33,0.0102,FALSE,"observed"
"NL",1867,"34",34,0.00924,FALSE,"observed"
"NL",1867,"35",35,0.00971,FALSE,"observed"
"NL",1867,"36",36,0.01078,FALSE,"observed"
"NL",1867,"37",37,0.01108,FALSE,"observed"
"NL",1867,"38",38,0.0122,FALSE,"observed"
"NL",1867,"39",39,0.01222,FALSE,"observed"
"NL",1867,"40",40,0.01157,FALSE,"observed"
"NL",1867,"41",41,0.01121,FALSE,"observed"
"NL",1867,"42",42,0.01229,FALSE,"observed"
"NL",1867,"43",43,0.01288,FALSE,"observed"
"NL",1867,"44",44,0.01284,FALSE,"observed"
"NL",1867,"45",45,0.01398,FALSE,"observed"
"NL",1867,"46",46,0.01403,FALSE,"observed"
"NL",1867,"47",47,0.0135,FALSE,"observed"
"NL",1867,"48",48,0.01456,FALSE,"observed"
"NL",1867,"49",49,0.0133,FALSE,"observed"
"NL",1867,"50",50,0.01535,FALSE,"observed"
"NL",1867,"51",51,0.01642,FALSE,"observed"
"NL",1867,"52",52,0.01748,FALSE,"observed"
"NL",1867,"53",53,0.01849,FALSE,"observed"
"NL",1867,"54",54,0.01927,FALSE,"observed"
"NL",1867,"55",55,0.02113,FALSE,"observed"
"NL",1867,"56",56,0.02214,FALSE,"observed"
"NL",1867,"57",57,0.02266,FALSE,"observed"
"NL",1867,"58",58,0.02278,FALSE,"observed"
"NL",1867,"59",59,0.02778,FALSE,"observed"
"NL",1867,"60",60,0.02998,FALSE,"observed"
"NL",1867,"61",61,0.0313,FALSE,"observed"
"NL",1867,"62",62,0.03519,FALSE,"observed"
"NL",1867,"63",63,0.03659,FALSE,"observed"
"NL",1867,"64",64,0.0395,FALSE,"observed"
"NL",1867,"65",65,0.0413,FALSE,"observed"
"NL",1867,"66",66,0.04911,FALSE,"observed"
"NL",1867,"67",67,0.0515,FALSE,"observed"
"NL",1867,"68",68,0.05437,FALSE,"observed"
"NL",1867,"69",69,0.06019,FALSE,"observed"
"NL",1867,"70",70,0.0725,FALSE,"observed"
"NL",1867,"71",71,0.06848,FALSE,"observed"
"NL",1867,"72",72,0.07976,FALSE,"observed"
"NL",1867,"73",73,0.0861,FALSE,"observed"
"NL",1867,"74",74,0.09076,FALSE,"observed"
"NL",1867,"75",75,0.10227,FALSE,"observed"
"NL",1867,"76",76,0.11373,FALSE,"observed"
"NL",1867,"77",77,0.12584,FALSE,"observed"
"NL",1867,"78",78,0.14645,FALSE,"observed"
"NL",1867,"79",79,0.14101,FALSE,"observed"
"NL",1867,"80",80,0.1616,FALSE,"observed"
"NL",1867,"81",81,0.1621,FALSE,"observed"
"NL",1867,"82",82,0.18369,FALSE,"observed"
"NL",1867,"83",83,0.20809,FALSE,"observed"
"NL",1867,"84",84,0.2159,FALSE,"observed"
"NL",1867,"85",85,0.2157,FALSE,"observed"
"NL",1867,"86",86,0.27273,FALSE,"observed"
"NL",1867,"87",87,0.27905,FALSE,"observed"
"NL",1867,"88",88,0.30116,FALSE,"observed"
"NL",1867,"89",89,0.32427,FALSE,"observed"
"NL",1867,"90",90,0.34832,FALSE,"observed"
"NL",1867,"91",91,0.37322,FALSE,"observed"
"NL",1867,"92",92,0.3989,FALSE,"observed"
"NL",1867,"93",93,0.42522,FALSE,"observed"
"NL",1867,"94",94,0.45206,FALSE,"observed"
"NL",1867,"95",95,0.47929,FALSE,"observed"
"NL",1867,"96",96,0.50674,FALSE,"observed"
"NL",1867,"97",97,0.53426,FALSE,"observed"
"NL",1867,"98",98,0.5617,FALSE,"observed"
"NL",1867,"99",99,0.58888,FALSE,"observed"
"NL",1867,"100",100,0.61565,FALSE,"observed"
"NL",1867,"101",101,0.64186,FALSE,"observed"
"NL",1867,"102",102,0.66736,FALSE,"observed"
"NL",1867,"103",103,0.69204,FALSE,"observed"
"NL",1867,"104",104,0.71577,FALSE,"observed"
"NL",1867,"105",105,0.73846,FALSE,"observed"
"NL",1867,"106",106,0.76005,FALSE,"observed"
"NL",1867,"107",107,0.78046,FALSE,"observed"
"NL",1867,"108",108,0.79966,FALSE,"observed"
"NL",1867,"109",109,0.81764,FALSE,"observed"
"NL",1867,"110+",110,0.83439,FALSE,"observed"
"NL",1868,"0",0,0.27714,FALSE,"observed"
"NL",1868,"1",1,0.07198,FALSE,"observed"
"NL",1868,"2",2,0.03591,FALSE,"observed"
"NL",1868,"3",3,0.02219,FALSE,"observed"
"NL",1868,"4",4,0.0157,FALSE,"observed"
"NL",1868,"5",5,0.01216,FALSE,"observed"
"NL",1868,"6",6,0.01035,FALSE,"observed"
"NL",1868,"7",7,0.00793,FALSE,"observed"
"NL",1868,"8",8,0.00624,FALSE,"observed"
"NL",1868,"9",9,0.00565,FALSE,"observed"
"NL",1868,"10",10,0.00523,FALSE,"observed"
"NL",1868,"11",11,0.00476,FALSE,"observed"
"NL",1868,"12",12,0.0048,FALSE,"observed"
"NL",1868,"13",13,0.00451,FALSE,"observed"
"NL",1868,"14",14,0.00503,FALSE,"observed"
"NL",1868,"15",15,0.00482,FALSE,"observed"
"NL",1868,"16",16,0.00513,FALSE,"observed"
"NL",1868,"17",17,0.00659,FALSE,"observed"
"NL",1868,"18",18,0.00697,FALSE,"observed"
"NL",1868,"19",19,0.00735,FALSE,"observed"
"NL",1868,"20",20,0.00899,FALSE,"observed"
"NL",1868,"21",21,0.00815,FALSE,"observed"
"NL",1868,"22",22,0.00784,FALSE,"observed"
"NL",1868,"23",23,0.00815,FALSE,"observed"
"NL",1868,"24",24,0.00836,FALSE,"observed"
"NL",1868,"25",25,0.00829,FALSE,"observed"
"NL",1868,"26",26,0.00746,FALSE,"observed"
"NL",1868,"27",27,0.00891,FALSE,"observed"
"NL",1868,"28",28,0.00902,FALSE,"observed"
"NL",1868,"29",29,0.00851,FALSE,"observed"
"NL",1868,"30",30,0.00843,FALSE,"observed"
"NL",1868,"31",31,0.0086,FALSE,"observed"
"NL",1868,"32",32,0.00962,FALSE,"observed"
"NL",1868,"33",33,0.00963,FALSE,"observed"
"NL",1868,"34",34,0.00945,FALSE,"observed"
"NL",1868,"35",35,0.01,FALSE,"observed"
"NL",1868,"36",36,0.01125,FALSE,"observed"
"NL",1868,"37",37,0.01097,FALSE,"observed"
"NL",1868,"38",38,0.01121,FALSE,"observed"
"NL",1868,"39",39,0.01182,FALSE,"observed"
"NL",1868,"40",40,0.01152,FALSE,"observed"
"NL",1868,"41",41,0.01199,FALSE,"observed"
"NL",1868,"42",42,0.01265,FALSE,"observed"
"NL",1868,"43",43,0.01307,FALSE,"observed"
"NL",1868,"44",44,0.01254,FALSE,"observed"
"NL",1868,"45",45,0.01308,FALSE,"observed"
"NL",1868,"46",46,0.01219,FALSE,"observed"
"NL",1868,"47",47,0.01387,FALSE,"observed"
"NL",1868,"48",48,0.0142,FALSE,"observed"
"NL",1868,"49",49,0.01403,FALSE,"observed"
"NL",1868,"50",50,0.01592,FALSE,"observed"
"NL",1868,"51",51,0.0167,FALSE,"observed"
"NL",1868,"52",52,0.01839,FALSE,"observed"
"NL",1868,"53",53,0.01692,FALSE,"observed"
"NL",1868,"54",54,0.01928,FALSE,"observed"
"NL",1868,"55",55,0.02049,FALSE,"observed"
"NL",1868,"56",56,0.02119,FALSE,"observed"
"NL",1868,"57",57,0.02194,FALSE,"observed"
"NL",1868,"58",58,0.02512,FALSE,"observed"
"NL",1868,"59",59,0.02451,FALSE,"observed"
"NL",1868,"60",60,0.031,FALSE,"observed"
"NL",1868,"61",61,0.032,FALSE,"observed"
"NL",1868,"62",62,0.03462,FALSE,"observed"
"NL",1868,"63",63,0.03583,FALSE,"observed"
"NL",1868,"64",64,0.03815,FALSE,"observed"
"NL",1868,"65",65,0.0414,FALSE,"observed"
"NL",1868,"66",66,0.04744,FALSE,"observed"
"NL",1868,"67",67,0.05511,FALSE,"observed"
"NL",1868,"68",68,0.0612,FALSE,"observed"
"NL",1868,"69",69,0.06054,FALSE,"observed"
"NL",1868,"70",70,0.07166,FALSE,"observed"
"NL",1868,"71",71,0.07067,FALSE,"observed"
"NL",1868,"72",72,0.07973,FALSE,"observed"
"NL",1868,"73",73,0.08663,FALSE,"observed"
"NL",1868,"74",74,0.09835,FALSE,"observed"
"NL",1868,"75",75,0.10516,FALSE,"observed"
"NL",1868,"76",76,0.11481,FALSE,"observed"
"NL",1868,"77",77,0.12533,FALSE,"observed"
"NL",1868,"78",78,0.14086,FALSE,"observed"
"NL",1868,"79",79,0.16661,FALSE,"observed"
"NL",1868,"80",80,0.16433,FALSE,"observed"
"NL",1868,"81",81,0.16441,FALSE,"observed"
"NL",1868,"82",82,0.19201,FALSE,"observed"
"NL",1868,"83",83,0.20686,FALSE,"observed"
"NL",1868,"84",84,0.23507,FALSE,"observed"
"NL",1868,"85",85,0.22124,FALSE,"observed"
"NL",1868,"86",86,0.27248,FALSE,"observed"
"NL",1868,"87",87,0.28846,FALSE,"observed"
"NL",1868,"88",88,0.31149,FALSE,"observed"
"NL",1868,"89",89,0.33548,FALSE,"observed"
"NL",1868,"90",90,0.36033,FALSE,"observed"
"NL",1868,"91",91,0.38594,FALSE,"observed"
"NL",1868,"92",92,0.41218,FALSE,"observed"
"NL",1868,"93",93,0.43892,FALSE,"observed"
"NL",1868,"94",94,0.466,FALSE,"observed"
"NL",1868,"95",95,0.49326,FALSE,"observed"
"NL",1868,"96",96,0.52055,FALSE,"observed"
"NL",1868,"97",97,0.54771,FALSE,"observed"
"NL",1868,"98",98,0.57457,FALSE,"observed"
"NL",1868,"99",99,0.60099,FALSE,"observed"
"NL",1868,"100",100,0.62682,FALSE,"observed"
"NL",1868,"101",101,0.65194,FALSE,"observed"
"NL",1868,"102",102,0.67623,FALSE,"observed"
"NL",1868,"103",103,0.69959,FALSE,"observed"
"NL",1868,"104",104,0.72196,FALSE,"observed"
"NL",1868,"105",105,0.74327,FALSE,"observed"
"NL",1868,"106",106,0.76348,FALSE,"observed"
"NL",1868,"107",107,0.78255,FALSE,"observed"
"NL",1868,"108",108,0.80049,FALSE,"observed"
"NL",1868,"109",109,0.81729,FALSE,"observed"
"NL",1868,"110+",110,0.83297,FALSE,"observed"
"NL",1869,"0",0,0.23198,FALSE,"observed"
"NL",1869,"1",1,0.05543,FALSE,"observed"
"NL",1869,"2",2,0.02937,FALSE,"observed"
"NL",1869,"3",3,0.01985,FALSE,"observed"
"NL",1869,"4",4,0.01395,FALSE,"observed"
"NL",1869,"5",5,0.01092,FALSE,"observed"
"NL",1869,"6",6,0.0093,FALSE,"observed"
"NL",1869,"7",7,0.00796,FALSE,"observed"
"NL",1869,"8",8,0.00704,FALSE,"observed"
"NL",1869,"9",9,0.00556,FALSE,"observed"
"NL",1869,"10",10,0.00506,FALSE,"observed"
"NL",1869,"11",11,0.00464,FALSE,"observed"
"NL",1869,"12",12,0.00353,FALSE,"observed"
"NL",1869,"13",13,0.00386,FALSE,"observed"
"NL",1869,"14",14,0.0043,FALSE,"observed"
"NL",1869,"15",15,0.00476,FALSE,"observed"
"NL",1869,"16",16,0.00519,FALSE,"observed"
"NL",1869,"17",17,0.00573,FALSE,"observed"
"NL",1869,"18",18,0.0066,FALSE,"observed"
"NL",1869,"19",19,0.0072,FALSE,"observed"
"NL",1869,"20",20,0.00786,FALSE,"observed"
"NL",1869,"21",21,0.00787,FALSE,"observed"
"NL",1869,"22",22,0.00826,FALSE,"observed"
"NL",1869,"23",23,0.00693,FALSE,"observed"
"NL",1869,"24",24,0.00799,FALSE,"observed"
"NL",1869,"25",25,0.00796,FALSE,"observed"
"NL",1869,"26",26,0.00798,FALSE,"observed"
"NL",1869,"27",27,0.00879,FALSE,"observed"
"NL",1869,"28",28,0.00798,FALSE,"observed"
"NL",1869,"29",29,0.00879,FALSE,"observed"
"NL",1869,"30",30,0.00947,FALSE,"observed"
"NL",1869,"31",31,0.00906,FALSE,"observed"
"NL",1869,"32",32,0.00983,FALSE,"observed"
"NL",1869,"33",33,0.00948,FALSE,"observed"
"NL",1869,"34",34,0.01049,FALSE,"observed"
"NL",1869,"35",35,0.01054,FALSE,"observed"
"NL",1869,"36",36,0.01154,FALSE,"observed"
"NL",1869,"37",37,0.01068,FALSE,"observed"
"NL",1869,"38",38,0.01237,FALSE,"observed"
"NL",1869,"39",39,0.01212,FALSE,"observed"
"NL",1869,"40",40,0.01274,FALSE,"observed"
"NL",1869,"41",41,0.01182,FALSE,"observed"
"NL",1869,"42",42,0.01187,FALSE,"observed"
"NL",1869,"43",43,0.01176,FALSE,"observed"
"NL",1869,"44",44,0.01299,FALSE,"observed"
"NL",1869,"45",45,0.01374,FALSE,"observed"
"NL",1869,"46",46,0.01284,FALSE,"observed"
"NL",1869,"47",47,0.01424,FALSE,"observed"
"NL",1869,"48",48,0.01523,FALSE,"observed"
"NL",1869,"49",49,0.01646,FALSE,"observed"
"NL",1869,"50",50,0.017,FALSE,"observed"
"NL",1869,"51",51,0.0173,FALSE,"observed"
"NL",1869,"52",52,0.01746,FALSE,"observed"
"NL",1869,"53",53,0.01743,FALSE,"observed"
"NL",1869,"54",54,0.02069,FALSE,"observed"
"NL",1869,"55",55,0.02132,FALSE,"observed"
"NL",1869,"56",56,0.02221,FALSE,"observed"
"NL",1869,"57",57,0.02275,FALSE,"observed"
"NL",1869,"58",58,0.02605,FALSE,"observed"
"NL",1869,"59",59,0.02653,FALSE,"observed"
"NL",1869,"60",60,0.03165,FALSE,"observed"
"NL",1869,"61",61,0.03089,FALSE,"observed"
"NL",1869,"62",62,0.03441,FALSE,"observed"
"NL",1869,"63",63,0.03865,FALSE,"observed"
"NL",1869,"64",64,0.04053,FALSE,"observed"
"NL",1869,"65",65,0.0479,FALSE,"observed"
"NL",1869,"66",66,0.04809,FALSE,"observed"
"NL",1869,"67",67,0.04798,FALSE,"observed"
"NL",1869,"68",68,0.06365,FALSE,"observed"
"NL",1869,"69",69,0.0623,FALSE,"observed"
"NL",1869,"70",70,0.07563,FALSE,"observed"
"NL",1869,"71",71,0.07455,FALSE,"observed"
"NL",1869,"72",72,0.08064,FALSE,"observed"
"NL",1869,"73",73,0.09322,FALSE,"observed"
"NL",1869,"74",74,0.09732,FALSE,"observed"
"NL",1869,"75",75,0.10019,FALSE,"observed"
"NL",1869,"76",76,0.11709,FALSE,"observed"
"NL",1869,"77",77,0.12767,FALSE,"observed"
"NL",1869,"78",78,0.13589,FALSE,"observed"
"NL",1869,"79",79,0.16372,FALSE,"observed"
"NL",1869,"80",80,0.18056,FALSE,"observed"
"NL",1869,"81",81,0.17205,FALSE,"observed"
"NL",1869,"82",82,0.19092,FALSE,"observed"
"NL",1869,"83",83,0.22262,FALSE,"observed"
"NL",1869,"84",84,0.23666,FALSE,"observed"
"NL",1869,"85",85,0.22963,FALSE,"observed"
"NL",1869,"86",86,0.26749,FALSE,"observed"
"NL",1869,"87",87,0.2799,FALSE,"observed"
"NL",1869,"88",88,0.29862,FALSE,"observed"
"NL",1869,"89",89,0.31801,FALSE,"observed"
"NL",1869,"90",90,0.33802,FALSE,"observed"
"NL",1869,"91",91,0.3586,FALSE,"observed"
"NL",1869,"92",92,0.37966,FALSE,"observed"
"NL",1869,"93",93,0.40113,FALSE,"observed"
"NL",1869,"94",94,0.42293,FALSE,"observed"
"NL",1869,"95",95,0.44497,FALSE,"observed"
"NL",1869,"96",96,0.46716,FALSE,"observed"
"NL",1869,"97",97,0.48941,FALSE,"observed"
"NL",1869,"98",98,0.51162,FALSE,"observed"
"NL",1869,"99",99,0.53369,FALSE,"observed"
"NL",1869,"100",100,0.55555,FALSE,"observed"
"NL",1869,"101",101,0.57711,FALSE,"observed"
"NL",1869,"102",102,0.59829,FALSE,"observed"
"NL",1869,"103",103,0.61902,FALSE,"observed"
"NL",1869,"104",104,0.63923,FALSE,"observed"
"NL",1869,"105",105,0.65887,FALSE,"observed"
"NL",1869,"106",106,0.6779,FALSE,"observed"
"NL",1869,"107",107,0.69627,FALSE,"observed"
"NL",1869,"108",108,0.71396,FALSE,"observed"
"NL",1869,"109",109,0.73095,FALSE,"observed"
"NL",1869,"110+",110,0.74721,FALSE,"observed"
"NL",1870,"0",0,0.2613,FALSE,"observed"
"NL",1870,"1",1,0.07006,FALSE,"observed"
"NL",1870,"2",2,0.03306,FALSE,"observed"
"NL",1870,"3",3,0.0225,FALSE,"observed"
"NL",1870,"4",4,0.01568,FALSE,"observed"
"NL",1870,"5",5,0.01379,FALSE,"observed"
"NL",1870,"6",6,0.01057,FALSE,"observed"
"NL",1870,"7",7,0.00855,FALSE,"observed"
"NL",1870,"8",8,0.00684,FALSE,"observed"
"NL",1870,"9",9,0.00641,FALSE,"observed"
"NL",1870,"10",10,0.00498,FALSE,"observed"
"NL",1870,"11",11,0.00529,FALSE,"observed"
"NL",1870,"12",12,0.00438,FALSE,"observed"
"NL",1870,"13",13,0.0047,FALSE,"observed"
"NL",1870,"14",14,0.00515,FALSE,"observed"
"NL",1870,"15",15,0.00533,FALSE,"observed"
"NL",1870,"16",16,0.00683,FALSE,"observed"
"NL",1870,"17",17,0.00654,FALSE,"observed"
"NL",1870,"18",18,0.00695,FALSE,"observed"
"NL",1870,"19",19,0.00798,FALSE,"observed"
"NL",1870,"20",20,0.00885,FALSE,"observed"
"NL",1870,"21",21,0.00827,FALSE,"observed"
"NL",1870,"22",22,0.00895,FALSE,"observed"
"NL",1870,"23",23,0.00936,FALSE,"observed"
"NL",1870,"24",24,0.00916,FALSE,"observed"
"NL",1870,"25",25,0.00881,FALSE,"observed"
"NL",1870,"26",26,0.00958,FALSE,"observed"
"NL",1870,"27",27,0.00965,FALSE,"observed"
"NL",1870,"28",28,0.00928,FALSE,"observed"
"NL",1870,"29",29,0.00979,FALSE,"observed"
"NL",1870,"30",30,0.00949,FALSE,"observed"
"NL",1870,"31",31,0.00992,FALSE,"observed"
"NL",1870,"32",32,0.0103,FALSE,"observed"
"NL",1870,"33",33,0.01078,FALSE,"observed"
"NL",1870,"34",34,0.01071,FALSE,"observed"
"NL",1870,"35",35,0.01075,FALSE,"observed"
"NL",1870,"36",36,0.01225,FALSE,"observed"
"NL",1870,"37",37,0.01162,FALSE,"observed"
"NL",1870,"38",38,0.01135,FALSE,"observed"
"NL",1870,"39",39,0.01233,FALSE,"observed"
"NL",1870,"40",40,0.01267,FALSE,"observed"
"NL",1870,"41",41,0.01347,FALSE,"observed"
"NL",1870,"42",42,0.01337,FALSE,"observed"
"NL",1870,"43",43,0.01247,FALSE,"observed"
"NL",1870,"44",44,0.01357,FALSE,"observed"
"NL",1870,"45",45,0.0151,FALSE,"observed"
"NL",1870,"46",46,0.01535,FALSE,"observed"
"NL",1870,"47",47,0.01557,FALSE,"observed"
"NL",1870,"48",48,0.01645,FALSE,"observed"
"NL",1870,"49",49,0.01435,FALSE,"observed"
"NL",1870,"50",50,0.01605,FALSE,"observed"
"NL",1870,"51",51,0.01739,FALSE,"observed"
"NL",1870,"52",52,0.01804,FALSE,"observed"
"NL",1870,"53",53,0.01781,FALSE,"observed"
"NL",1870,"54",54,0.02135,FALSE,"observed"
"NL",1870,"55",55,0.02175,FALSE,"observed"
"NL",1870,"56",56,0.02298,FALSE,"observed"
"NL",1870,"57",57,0.02432,FALSE,"observed"
"NL",1870,"58",58,0.02882,FALSE,"observed"
"NL",1870,"59",59,0.03144,FALSE,"observed"
"NL",1870,"60",60,0.03043,FALSE,"observed"
"NL",1870,"61",61,0.03336,FALSE,"observed"
"NL",1870,"62",62,0.03699,FALSE,"observed"
"NL",1870,"63",63,0.04126,FALSE,"observed"
"NL",1870,"64",64,0.04558,FALSE,"observed"
"NL",1870,"65",65,0.04545,FALSE,"observed"
"NL",1870,"66",66,0.05077,FALSE,"observed"
"NL",1870,"67",67,0.05448,FALSE,"observed"
"NL",1870,"68",68,0.05592,FALSE,"observed"
"NL",1870,"69",69,0.06434,FALSE,"observed"
"NL",1870,"70",70,0.07773,FALSE,"observed"
"NL",1870,"71",71,0.07969,FALSE,"observed"
"NL",1870,"72",72,0.09155,FALSE,"observed"
"NL",1870,"73",73,0.09633,FALSE,"observed"
"NL",1870,"74",74,0.10764,FALSE,"observed"
"NL",1870,"75",75,0.11743,FALSE,"observed"
"NL",1870,"76",76,0.12717,FALSE,"observed"
"NL",1870,"77",77,0.13652,FALSE,"observed"
"NL",1870,"78",78,0.14884,FALSE,"observed"
"NL",1870,"79",79,0.16729,FALSE,"observed"
"NL",1870,"80",80,0.15729,FALSE,"observed"
"NL",1870,"81",81,0.18417,FALSE,"observed"
"NL",1870,"82",82,0.20208,FALSE,"observed"
"NL",1870,"83",83,0.22452,FALSE,"observed"
"NL",1870,"84",84,0.24772,FALSE,"observed"
"NL",1870,"85",85,0.26393,FALSE,"observed"
"NL",1870,"86",86,0.27432,FALSE,"observed"
"NL",1870,"87",87,0.30197,FALSE,"observed"
"NL",1870,"88",88,0.32576,FALSE,"observed"
"NL",1870,"89",89,0.35047,FALSE,"observed"
"NL",1870,"90",90,0.37597,FALSE,"observed"
"NL",1870,"91",91,0.40215,FALSE,"observed"
"NL",1870,"92",92,0.42887,FALSE,"observed"
"NL",1870,"93",93,0.45597,FALSE,"observed"
"NL",1870,"94",94,0.48329,FALSE,"observed"
"NL",1870,"95",95,0.51067,FALSE,"observed"
"NL",1870,"96",96,0.53793,FALSE,"observed"
"NL",1870,"97",97,0.56493,FALSE,"observed"
"NL",1870,"98",98,0.5915,FALSE,"observed"
"NL",1870,"99",99,0.61749,FALSE,"observed"
"NL",1870,"100",100,0.64278,FALSE,"observed"
"NL",1870,"101",101,0.66726,FALSE,"observed"
"NL",1870,"102",102,0.69082,FALSE,"observed"
"NL",1870,"103",103,0.71338,FALSE,"observed"
"NL",1870,"104",104,0.73488,FALSE,"observed"
"NL",1870,"105",105,0.75529,FALSE,"observed"
"NL",1870,"106",106,0.77457,FALSE,"observed"
"NL",1870,"107",107,0.79272,FALSE,"observed"
"NL",1870,"108",108,0.80974,FALSE,"observed"
"NL",1870,"109",109,0.82564,FALSE,"observed"
"NL",1870,"110+",110,0.84045,FALSE,"observed"
"NL",1871,"0",0,0.2805,FALSE,"observed"
"NL",1871,"1",1,0.08432,FALSE,"observed"
"NL",1871,"2",2,0.04769,FALSE,"observed"
"NL",1871,"3",3,0.03324,FALSE,"observed"
"NL",1871,"4",4,0.02453,FALSE,"observed"
"NL",1871,"5",5,0.02029,FALSE,"observed"
"NL",1871,"6",6,0.0149,FALSE,"observed"
"NL",1871,"7",7,0.01193,FALSE,"observed"
"NL",1871,"8",8,0.00952,FALSE,"observed"
"NL",1871,"9",9,0.00912,FALSE,"observed"
"NL",1871,"10",10,0.00863,FALSE,"observed"
"NL",1871,"11",11,0.00708,FALSE,"observed"
"NL",1871,"12",12,0.00667,FALSE,"observed"
"NL",1871,"13",13,0.00664,FALSE,"observed"
"NL",1871,"14",14,0.00643,FALSE,"observed"
"NL",1871,"15",15,0.00711,FALSE,"observed"
"NL",1871,"16",16,0.008,FALSE,"observed"
"NL",1871,"17",17,0.00859,FALSE,"observed"
"NL",1871,"18",18,0.00891,FALSE,"observed"
"NL",1871,"19",19,0.01072,FALSE,"observed"
"NL",1871,"20",20,0.0121,FALSE,"observed"
"NL",1871,"21",21,0.01146,FALSE,"observed"
"NL",1871,"22",22,0.01088,FALSE,"observed"
"NL",1871,"23",23,0.01144,FALSE,"observed"
"NL",1871,"24",24,0.01205,FALSE,"observed"
"NL",1871,"25",25,0.01152,FALSE,"observed"
"NL",1871,"26",26,0.01184,FALSE,"observed"
"NL",1871,"27",27,0.01201,FALSE,"observed"
"NL",1871,"28",28,0.0111,FALSE,"observed"
"NL",1871,"29",29,0.01109,FALSE,"observed"
"NL",1871,"30",30,0.01247,FALSE,"observed"
"NL",1871,"31",31,0.01221,FALSE,"observed"
"NL",1871,"32",32,0.01291,FALSE,"observed"
"NL",1871,"33",33,0.01362,FALSE,"observed"
"NL",1871,"34",34,0.01408,FALSE,"observed"
"NL",1871,"35",35,0.01403,FALSE,"observed"
"NL",1871,"36",36,0.01418,FALSE,"observed"
"NL",1871,"37",37,0.01447,FALSE,"observed"
"NL",1871,"38",38,0.01519,FALSE,"observed"
"NL",1871,"39",39,0.01433,FALSE,"observed"
"NL",1871,"40",40,0.01611,FALSE,"observed"
"NL",1871,"41",41,0.01397,FALSE,"observed"
"NL",1871,"42",42,0.01669,FALSE,"observed"
"NL",1871,"43",43,0.01495,FALSE,"observed"
"NL",1871,"44",44,0.01541,FALSE,"observed"
"NL",1871,"45",45,0.01514,FALSE,"observed"
"NL",1871,"46",46,0.01648,FALSE,"observed"
"NL",1871,"47",47,0.01683,FALSE,"observed"
"NL",1871,"48",48,0.01734,FALSE,"observed"
"NL",1871,"49",49,0.01695,FALSE,"observed"
"NL",1871,"50",50,0.01918,FALSE,"observed"
"NL",1871,"51",51,0.01914,FALSE,"observed"
"NL",1871,"52",52,0.0218,FALSE,"observed"
"NL",1871,"53",53,0.02184,FALSE,"observed"
"NL",1871,"54",54,0.02249,FALSE,"observed"
"NL",1871,"55",55,0.02363,FALSE,"observed"
"NL",1871,"56",56,0.02581,FALSE,"observed"
"NL",1871,"57",57,0.02644,FALSE,"observed"
"NL",1871,"58",58,0.02631,FALSE,"observed"
"NL",1871,"59",59,0.02956,FALSE,"observed"
"NL",1871,"60",60,0.03569,FALSE,"observed"
"NL",1871,"61",61,0.03353,FALSE,"observed"
"NL",1871,"62",62,0.03796,FALSE,"observed"
"NL",1871,"63",63,0.04302,FALSE,"observed"
"NL",1871,"64",64,0.04798,FALSE,"observed"
"NL",1871,"65",65,0.04855,FALSE,"observed"
"NL",1871,"66",66,0.0515,FALSE,"observed"
"NL",1871,"67",67,0.05522,FALSE,"observed"
"NL",1871,"68",68,0.05818,FALSE,"observed"
"NL",1871,"69",69,0.06101,FALSE,"observed"
"NL",1871,"70",70,0.0768,FALSE,"observed"
"NL",1871,"71",71,0.08068,FALSE,"observed"
"NL",1871,"72",72,0.08628,FALSE,"observed"
"NL",1871,"73",73,0.10073,FALSE,"observed"
"NL",1871,"74",74,0.10275,FALSE,"observed"
"NL",1871,"75",75,0.11678,FALSE,"observed"
"NL",1871,"76",76,0.12109,FALSE,"observed"
"NL",1871,"77",77,0.13384,FALSE,"observed"
"NL",1871,"78",78,0.14226,FALSE,"observed"
"NL",1871,"79",79,0.16015,FALSE,"observed"
"NL",1871,"80",80,0.16418,FALSE,"observed"
"NL",1871,"81",81,0.17646,FALSE,"observed"
"NL",1871,"82",82,0.19512,FALSE,"observed"
"NL",1871,"83",83,0.2304,FALSE,"observed"
"NL",1871,"84",84,0.23115,FALSE,"observed"
"NL",1871,"85",85,0.27014,FALSE,"observed"
"NL",1871,"86",86,0.27893,FALSE,"observed"
"NL",1871,"87",87,0.3103,FALSE,"observed"
"NL",1871,"88",88,0.33639,FALSE,"observed"
"NL",1871,"89",89,0.36349,FALSE,"observed"
"NL",1871,"90",90,0.39147,FALSE,"observed"
"NL",1871,"91",91,0.42014,FALSE,"observed"
"NL",1871,"92",92,0.44932,FALSE,"observed"
"NL",1871,"93",93,0.47881,FALSE,"observed"
"NL",1871,"94",94,0.5084,FALSE,"observed"
"NL",1871,"95",95,0.53786,FALSE,"observed"
"NL",1871,"96",96,0.567,FALSE,"observed"
"NL",1871,"97",97,0.59562,FALSE,"observed"
"NL",1871,"98",98,0.62354,FALSE,"observed"
"NL",1871,"99",99,0.65058,FALSE,"observed"
"NL",1871,"100",100,0.67662,FALSE,"observed"
"NL",1871,"101",101,0.70155,FALSE,"observed"
"NL",1871,"102",102,0.72526,FALSE,"observed"
"NL",1871,"103",103,0.7477,FALSE,"observed"
"NL",1871,"104",104,0.76884,FALSE,"observed"
"NL",1871,"105",105,0.78864,FALSE,"observed"
"NL",1871,"106",106,0.80712,FALSE,"observed"
"NL",1871,"107",107,0.8243,FALSE,"observed"
"NL",1871,"108",108,0.8402,FALSE,"observed"
"NL",1871,"109",109,0.85488,FALSE,"observed"
"NL",1871,"110+",110,0.86838,FALSE,"observed"
"NL",1872,"0",0,0.27132,FALSE,"observed"
"NL",1872,"1",1,0.07959,FALSE,"observed"
"NL",1872,"2",2,0.04006,FALSE,"observed"
"NL",1872,"3",3,0.02547,FALSE,"observed"
"NL",1872,"4",4,0.01841,FALSE,"observed"
"NL",1872,"5",5,0.01575,FALSE,"observed"
"NL",1872,"6",6,0.01282,FALSE,"observed"
"NL",1872,"7",7,0.01064,FALSE,"observed"
"NL",1872,"8",8,0.00787,FALSE,"observed"
"NL",1872,"9",9,0.00688,FALSE,"observed"
"NL",1872,"10",10,0.00566,FALSE,"observed"
"NL",1872,"11",11,0.006,FALSE,"observed"
"NL",1872,"12",12,0.00546,FALSE,"observed"
"NL",1872,"13",13,0.00514,FALSE,"observed"
"NL",1872,"14",14,0.00545,FALSE,"observed"
"NL",1872,"15",15,0.0058,FALSE,"observed"
"NL",1872,"16",16,0.00644,FALSE,"observed"
"NL",1872,"17",17,0.00678,FALSE,"observed"
"NL",1872,"18",18,0.00784,FALSE,"observed"
"NL",1872,"19",19,0.00777,FALSE,"observed"
"NL",1872,"20",20,0.00911,FALSE,"observed"
"NL",1872,"21",21,0.00903,FALSE,"observed"
"NL",1872,"22",22,0.00939,FALSE,"observed"
"NL",1872,"23",23,0.00948,FALSE,"observed"
"NL",1872,"24",24,0.00931,FALSE,"observed"
"NL",1872,"25",25,0.00893,FALSE,"observed"
"NL",1872,"26",26,0.00942,FALSE,"observed"
"NL",1872,"27",27,0.00931,FALSE,"observed"
"NL",1872,"28",28,0.01006,FALSE,"observed"
"NL",1872,"29",29,0.01004,FALSE,"observed"
"NL",1872,"30",30,0.0095,FALSE,"observed"
"NL",1872,"31",31,0.01018,FALSE,"observed"
"NL",1872,"32",32,0.01058,FALSE,"observed"
"NL",1872,"33",33,0.00966,FALSE,"observed"
"NL",1872,"34",34,0.01139,FALSE,"observed"
"NL",1872,"35",35,0.01081,FALSE,"observed"
"NL",1872,"36",36,0.01138,FALSE,"observed"
"NL",1872,"37",37,0.01162,FALSE,"observed"
"NL",1872,"38",38,0.01176,FALSE,"observed"
"NL",1872,"39",39,0.01157,FALSE,"observed"
"NL",1872,"40",40,0.01242,FALSE,"observed"
"NL",1872,"41",41,0.01344,FALSE,"observed"
"NL",1872,"42",42,0.01361,FALSE,"observed"
"NL",1872,"43",43,0.01252,FALSE,"observed"
"NL",1872,"44",44,0.01401,FALSE,"observed"
"NL",1872,"45",45,0.01329,FALSE,"observed"
"NL",1872,"46",46,0.01387,FALSE,"observed"
"NL",1872,"47",47,0.01369,FALSE,"observed"
"NL",1872,"48",48,0.01448,FALSE,"observed"
"NL",1872,"49",49,0.0151,FALSE,"observed"
"NL",1872,"50",50,0.01709,FALSE,"observed"
"NL",1872,"51",51,0.01665,FALSE,"observed"
"NL",1872,"52",52,0.01719,FALSE,"observed"
"NL",1872,"53",53,0.01874,FALSE,"observed"
"NL",1872,"54",54,0.01794,FALSE,"observed"
"NL",1872,"55",55,0.02072,FALSE,"observed"
"NL",1872,"56",56,0.02165,FALSE,"observed"
"NL",1872,"57",57,0.02276,FALSE,"observed"
"NL",1872,"58",58,0.02517,FALSE,"observed"
"NL",1872,"59",59,0.02643,FALSE,"observed"
"NL",1872,"60",60,0.03039,FALSE,"observed"
"NL",1872,"61",61,0.0303,FALSE,"observed"
"NL",1872,"62",62,0.03202,FALSE,"observed"
"NL",1872,"63",63,0.03404,FALSE,"observed"
"NL",1872,"64",64,0.04195,FALSE,"observed"
"NL",1872,"65",65,0.04305,FALSE,"observed"
"NL",1872,"66",66,0.04459,FALSE,"observed"
"NL",1872,"67",67,0.04746,FALSE,"observed"
"NL",1872,"68",68,0.05453,FALSE,"observed"
"NL",1872,"69",69,0.05701,FALSE,"observed"
"NL",1872,"70",70,0.05758,FALSE,"observed"
"NL",1872,"71",71,0.07417,FALSE,"observed"
"NL",1872,"72",72,0.08213,FALSE,"observed"
"NL",1872,"73",73,0.08417,FALSE,"observed"
"NL",1872,"74",74,0.09999,FALSE,"observed"
"NL",1872,"75",75,0.09958,FALSE,"observed"
"NL",1872,"76",76,0.10419,FALSE,"observed"
"NL",1872,"77",77,0.1182,FALSE,"observed"
"NL",1872,"78",78,0.1257,FALSE,"observed"
"NL",1872,"79",79,0.14172,FALSE,"observed"
"NL",1872,"80",80,0.14792,FALSE,"observed"
"NL",1872,"81",81,0.14949,FALSE,"observed"
"NL",1872,"82",82,0.17934,FALSE,"observed"
"NL",1872,"83",83,0.19007,FALSE,"observed"
"NL",1872,"84",84,0.22265,FALSE,"observed"
"NL",1872,"85",85,0.21701,FALSE,"observed"
"NL",1872,"86",86,0.2565,FALSE,"observed"
"NL",1872,"87",87,0.26153,FALSE,"observed"
"NL",1872,"88",88,0.28195,FALSE,"observed"
"NL",1872,"89",89,0.3033,FALSE,"observed"
"NL",1872,"90",90,0.32553,FALSE,"observed"
"NL",1872,"91",91,0.34857,FALSE,"observed"
"NL",1872,"92",92,0.37233,FALSE,"observed"
"NL",1872,"93",93,0.39673,FALSE,"observed"
"NL",1872,"94",94,0.42165,FALSE,"observed"
"NL",1872,"95",95,0.44697,FALSE,"observed"
"NL",1872,"96",96,0.47256,FALSE,"observed"
"NL",1872,"97",97,0.49829,FALSE,"observed"
"NL",1872,"98",98,0.52403,FALSE,"observed"
"NL",1872,"99",99,0.54963,FALSE,"observed"
"NL",1872,"100",100,0.57498,FALSE,"observed"
"NL",1872,"101",101,0.59992,FALSE,"observed"
"NL",1872,"102",102,0.62436,FALSE,"observed"
"NL",1872,"103",103,0.64818,FALSE,"observed"
"NL",1872,"104",104,0.67127,FALSE,"observed"
"NL",1872,"105",105,0.69357,FALSE,"observed"
"NL",1872,"106",106,0.71499,FALSE,"observed"
"NL",1872,"107",107,0.73548,FALSE,"observed"
"NL",1872,"108",108,0.755,FALSE,"observed"
"NL",1872,"109",109,0.77352,FALSE,"observed"
"NL",1872,"110+",110,0.79103,FALSE,"observed"
"NL",1873,"0",0,0.25662,FALSE,"observed"
"NL",1873,"1",1,0.06203,FALSE,"observed"
"NL",1873,"2",2,0.0309,FALSE,"observed"
"NL",1873,"3",3,0.01932,FALSE,"observed"
"NL",1873,"4",4,0.01475,FALSE,"observed"
"NL",1873,"5",5,0.01127,FALSE,"observed"
"NL",1873,"6",6,0.0092,FALSE,"observed"
"NL",1873,"7",7,0.00822,FALSE,"observed"
"NL",1873,"8",8,0.00648,FALSE,"observed"
"NL",1873,"9",9,0.0064,FALSE,"observed"
"NL",1873,"10",10,0.00579,FALSE,"observed"
"NL",1873,"11",11,0.00457,FALSE,"observed"
"NL",1873,"12",12,0.00477,FALSE,"observed"
"NL",1873,"13",13,0.00404,FALSE,"observed"
"NL",1873,"14",14,0.00445,FALSE,"observed"
"NL",1873,"15",15,0.00456,FALSE,"observed"
"NL",1873,"16",16,0.00506,FALSE,"observed"
"NL",1873,"17",17,0.00612,FALSE,"observed"
"NL",1873,"18",18,0.0067,FALSE,"observed"
"NL",1873,"19",19,0.00784,FALSE,"observed"
"NL",1873,"20",20,0.00853,FALSE,"observed"
"NL",1873,"21",21,0.00846,FALSE,"observed"
"NL",1873,"22",22,0.00876,FALSE,"observed"
"NL",1873,"23",23,0.00862,FALSE,"observed"
"NL",1873,"24",24,0.00854,FALSE,"observed"
"NL",1873,"25",25,0.00815,FALSE,"observed"
"NL",1873,"26",26,0.00774,FALSE,"observed"
"NL",1873,"27",27,0.00848,FALSE,"observed"
"NL",1873,"28",28,0.00816,FALSE,"observed"
"NL",1873,"29",29,0.00924,FALSE,"observed"
"NL",1873,"30",30,0.00996,FALSE,"observed"
"NL",1873,"31",31,0.0091,FALSE,"observed"
"NL",1873,"32",32,0.00945,FALSE,"observed"
"NL",1873,"33",33,0.00977,FALSE,"observed"
"NL",1873,"34",34,0.01023,FALSE,"observed"
"NL",1873,"35",35,0.01114,FALSE,"observed"
"NL",1873,"36",36,0.01121,FALSE,"observed"
"NL",1873,"37",37,0.01036,FALSE,"observed"
"NL",1873,"38",38,0.01131,FALSE,"observed"
"NL",1873,"39",39,0.01098,FALSE,"observed"
"NL",1873,"40",40,0.0125,FALSE,"observed"
"NL",1873,"41",41,0.0107,FALSE,"observed"
"NL",1873,"42",42,0.01276,FALSE,"observed"
"NL",1873,"43",43,0.01161,FALSE,"observed"
"NL",1873,"44",44,0.01259,FALSE,"observed"
"NL",1873,"45",45,0.01235,FALSE,"observed"
"NL",1873,"46",46,0.01284,FALSE,"observed"
"NL",1873,"47",47,0.01348,FALSE,"observed"
"NL",1873,"48",48,0.01364,FALSE,"observed"
"NL",1873,"49",49,0.01335,FALSE,"observed"
"NL",1873,"50",50,0.01564,FALSE,"observed"
"NL",1873,"51",51,0.01586,FALSE,"observed"
"NL",1873,"52",52,0.01755,FALSE,"observed"
"NL",1873,"53",53,0.01855,FALSE,"observed"
"NL",1873,"54",54,0.01899,FALSE,"observed"
"NL",1873,"55",55,0.01936,FALSE,"observed"
"NL",1873,"56",56,0.0207,FALSE,"observed"
"NL",1873,"57",57,0.02282,FALSE,"observed"
"NL",1873,"58",58,0.02562,FALSE,"observed"
"NL",1873,"59",59,0.02671,FALSE,"observed"
"NL",1873,"60",60,0.02772,FALSE,"observed"
"NL",1873,"61",61,0.02979,FALSE,"observed"
"NL",1873,"62",62,0.03527,FALSE,"observed"
"NL",1873,"63",63,0.03829,FALSE,"observed"
"NL",1873,"64",64,0.03752,FALSE,"observed"
"NL",1873,"65",65,0.04561,FALSE,"observed"
"NL",1873,"66",66,0.04717,FALSE,"observed"
"NL",1873,"67",67,0.05394,FALSE,"observed"
"NL",1873,"68",68,0.05791,FALSE,"observed"
"NL",1873,"69",69,0.0603,FALSE,"observed"
"NL",1873,"70",70,0.06891,FALSE,"observed"
"NL",1873,"71",71,0.07195,FALSE,"observed"
"NL",1873,"72",72,0.08063,FALSE,"observed"
"NL",1873,"73",73,0.09124,FALSE,"observed"
"NL",1873,"74",74,0.08879,FALSE,"observed"
"NL",1873,"75",75,0.10696,FALSE,"observed"
"NL",1873,"76",76,0.11157,FALSE,"observed"
"NL",1873,"77",77,0.12171,FALSE,"observed"
"NL",1873,"78",78,0.13129,FALSE,"observed"
"NL",1873,"79",79,0.14552,FALSE,"observed"
"NL",1873,"80",80,0.15468,FALSE,"observed"
"NL",1873,"81",81,0.15587,FALSE,"observed"
"NL",1873,"82",82,0.18547,FALSE,"observed"
"NL",1873,"83",83,0.20273,FALSE,"observed"
"NL",1873,"84",84,0.23195,FALSE,"observed"
"NL",1873,"85",85,0.2082,FALSE,"observed"
"NL",1873,"86",86,0.26321,FALSE,"observed"
"NL",1873,"87",87,0.26595,FALSE,"observed"
"NL",1873,"88",88,0.28589,FALSE,"observed"
"NL",1873,"89",89,0.30671,FALSE,"observed"
"NL",1873,"90",90,0.32835,FALSE,"observed"
"NL",1873,"91",91,0.35075,FALSE,"observed"
"NL",1873,"92",92,0.37382,FALSE,"observed"
"NL",1873,"93",93,0.39748,FALSE,"observed"
"NL",1873,"94",94,0.4216,FALSE,"observed"
"NL",1873,"95",95,0.44609,FALSE,"observed"
"NL",1873,"96",96,0.47082,FALSE,"observed"
"NL",1873,"97",97,0.49566,FALSE,"observed"
"NL",1873,"98",98,0.5205,FALSE,"observed"
"NL",1873,"99",99,0.54519,FALSE,"observed"
"NL",1873,"100",100,0.56961,FALSE,"observed"
"NL",1873,"101",101,0.59366,FALSE,"observed"
"NL",1873,"102",102,0.61721,FALSE,"observed"
"NL",1873,"103",103,0.64017,FALSE,"observed"
"NL",1873,"104",104,0.66245,FALSE,"observed"
"NL",1873,"105",105,0.68398,FALSE,"observed"
"NL",1873,"106",106,0.70468,FALSE,"observed"
"NL",1873,"107",107,0.72452,FALSE,"observed"
"NL",1873,"108",108,0.74344,FALSE,"observed"
"NL",1873,"109",109,0.76144,FALSE,"observed"
"NL",1873,"110+",110,0.77849,FALSE,"observed"
"NL",1874,"0",0,0.23919,FALSE,"observed"
"NL",1874,"1",1,0.05315,FALSE,"observed"
"NL",1874,"2",2,0.02519,FALSE,"observed"
"NL",1874,"3",3,0.01713,FALSE,"observed"
"NL",1874,"4",4,0.0125,FALSE,"observed"
"NL",1874,"5",5,0.0098,FALSE,"observed"
"NL",1874,"6",6,0.00794,FALSE,"observed"
"NL",1874,"7",7,0.00666,FALSE,"observed"
"NL",1874,"8",8,0.0054,FALSE,"observed"
"NL",1874,"9",9,0.00495,FALSE,"observed"
"NL",1874,"10",10,0.00406,FALSE,"observed"
"NL",1874,"11",11,0.00395,FALSE,"observed"
"NL",1874,"12",12,0.00369,FALSE,"observed"
"NL",1874,"13",13,0.00396,FALSE,"observed"
"NL",1874,"14",14,0.00408,FALSE,"observed"
"NL",1874,"15",15,0.00409,FALSE,"observed"
"NL",1874,"16",16,0.00491,FALSE,"observed"
"NL",1874,"17",17,0.00544,FALSE,"observed"
"NL",1874,"18",18,0.0061,FALSE,"observed"
"NL",1874,"19",19,0.0071,FALSE,"observed"
"NL",1874,"20",20,0.00723,FALSE,"observed"
"NL",1874,"21",21,0.00813,FALSE,"observed"
"NL",1874,"22",22,0.00784,FALSE,"observed"
"NL",1874,"23",23,0.00801,FALSE,"observed"
"NL",1874,"24",24,0.00809,FALSE,"observed"
"NL",1874,"25",25,0.00806,FALSE,"observed"
"NL",1874,"26",26,0.00862,FALSE,"observed"
"NL",1874,"27",27,0.00792,FALSE,"observed"
"NL",1874,"28",28,0.00866,FALSE,"observed"
"NL",1874,"29",29,0.00914,FALSE,"observed"
"NL",1874,"30",30,0.00907,FALSE,"observed"
"NL",1874,"31",31,0.00899,FALSE,"observed"
"NL",1874,"32",32,0.00923,FALSE,"observed"
"NL",1874,"33",33,0.00945,FALSE,"observed"
"NL",1874,"34",34,0.00921,FALSE,"observed"
"NL",1874,"35",35,0.00942,FALSE,"observed"
"NL",1874,"36",36,0.0106,FALSE,"observed"
"NL",1874,"37",37,0.01114,FALSE,"observed"
"NL",1874,"38",38,0.01068,FALSE,"observed"
"NL",1874,"39",39,0.01095,FALSE,"observed"
"NL",1874,"40",40,0.01102,FALSE,"observed"
"NL",1874,"41",41,0.01148,FALSE,"observed"
"NL",1874,"42",42,0.01267,FALSE,"observed"
"NL",1874,"43",43,0.01275,FALSE,"observed"
"NL",1874,"44",44,0.01183,FALSE,"observed"
"NL",1874,"45",45,0.01183,FALSE,"observed"
"NL",1874,"46",46,0.01333,FALSE,"observed"
"NL",1874,"47",47,0.01288,FALSE,"observed"
"NL",1874,"48",48,0.01363,FALSE,"observed"
"NL",1874,"49",49,0.01414,FALSE,"observed"
"NL",1874,"50",50,0.01459,FALSE,"observed"
"NL",1874,"51",51,0.01625,FALSE,"observed"
"NL",1874,"52",52,0.01673,FALSE,"observed"
"NL",1874,"53",53,0.01869,FALSE,"observed"
"NL",1874,"54",54,0.01882,FALSE,"observed"
"NL",1874,"55",55,0.01993,FALSE,"observed"
"NL",1874,"56",56,0.0213,FALSE,"observed"
"NL",1874,"57",57,0.02257,FALSE,"observed"
"NL",1874,"58",58,0.0227,FALSE,"observed"
"NL",1874,"59",59,0.02743,FALSE,"observed"
"NL",1874,"60",60,0.0299,FALSE,"observed"
"NL",1874,"61",61,0.0305,FALSE,"observed"
"NL",1874,"62",62,0.03249,FALSE,"observed"
"NL",1874,"63",63,0.0381,FALSE,"observed"
"NL",1874,"64",64,0.04021,FALSE,"observed"
"NL",1874,"65",65,0.04096,FALSE,"observed"
"NL",1874,"66",66,0.04666,FALSE,"observed"
"NL",1874,"67",67,0.0481,FALSE,"observed"
"NL",1874,"68",68,0.05421,FALSE,"observed"
"NL",1874,"69",69,0.06071,FALSE,"observed"
"NL",1874,"70",70,0.06497,FALSE,"observed"
"NL",1874,"71",71,0.06889,FALSE,"observed"
"NL",1874,"72",72,0.07941,FALSE,"observed"
"NL",1874,"73",73,0.09198,FALSE,"observed"
"NL",1874,"74",74,0.09828,FALSE,"observed"
"NL",1874,"75",75,0.11142,FALSE,"observed"
"NL",1874,"76",76,0.11193,FALSE,"observed"
"NL",1874,"77",77,0.12135,FALSE,"observed"
"NL",1874,"78",78,0.1295,FALSE,"observed"
"NL",1874,"79",79,0.13935,FALSE,"observed"
"NL",1874,"80",80,0.1528,FALSE,"observed"
"NL",1874,"81",81,0.16368,FALSE,"observed"
"NL",1874,"82",82,0.18248,FALSE,"observed"
"NL",1874,"83",83,0.18782,FALSE,"observed"
"NL",1874,"84",84,0.20131,FALSE,"observed"
"NL",1874,"85",85,0.23608,FALSE,"observed"
"NL",1874,"86",86,0.24252,FALSE,"observed"
"NL",1874,"87",87,0.26073,FALSE,"observed"
"NL",1874,"88",88,0.28005,FALSE,"observed"
"NL",1874,"89",89,0.30023,FALSE,"observed"
"NL",1874,"90",90,0.32125,FALSE,"observed"
"NL",1874,"91",91,0.34305,FALSE,"observed"
"NL",1874,"92",92,0.36558,FALSE,"observed"
"NL",1874,"93",93,0.38875,FALSE,"observed"
"NL",1874,"94",94,0.4125,FALSE,"observed"
"NL",1874,"95",95,0.43671,FALSE,"observed"
"NL",1874,"96",96,0.4613,FALSE,"observed"
"NL",1874,"97",97,0.48614,FALSE,"observed"
"NL",1874,"98",98,0.51114,FALSE,"observed"
"NL",1874,"99",99,0.53616,FALSE,"observed"
"NL",1874,"100",100,0.56108,FALSE,"observed"
"NL",1874,"101",101,0.5858,FALSE,"observed"
"NL",1874,"102",102,0.61018,FALSE,"observed"
"NL",1874,"103",103,0.63412,FALSE,"observed"
"NL",1874,"104",104,0.65751,FALSE,"observed"
"NL",1874,"105",105,0.68025,FALSE,"observed"
"NL",1874,"106",106,0.70225,FALSE,"observed"
"NL",1874,"107",107,0.72344,FALSE,"observed"
"NL",1874,"108",108,0.74376,FALSE,"observed"
"NL",1874,"109",109,0.76313,FALSE,"observed"
"NL",1874,"110+",110,0.78154,FALSE,"observed"
"NL",1875,"0",0,0.27117,FALSE,"observed"
"NL",1875,"1",1,0.06698,FALSE,"observed"
"NL",1875,"2",2,0.03107,FALSE,"observed"
"NL",1875,"3",3,0.01979,FALSE,"observed"
"NL",1875,"4",4,0.01327,FALSE,"observed"
"NL",1875,"5",5,0.01105,FALSE,"observed"
"NL",1875,"6",6,0.00827,FALSE,"observed"
"NL",1875,"7",7,0.00661,FALSE,"observed"
"NL",1875,"8",8,0.00576,FALSE,"observed"
"NL",1875,"9",9,0.00522,FALSE,"observed"
"NL",1875,"10",10,0.00442,FALSE,"observed"
"NL",1875,"11",11,0.00402,FALSE,"observed"
"NL",1875,"12",12,0.00346,FALSE,"observed"
"NL",1875,"13",13,0.00397,FALSE,"observed"
"NL",1875,"14",14,0.00429,FALSE,"observed"
"NL",1875,"15",15,0.00471,FALSE,"observed"
"NL",1875,"16",16,0.00553,FALSE,"observed"
"NL",1875,"17",17,0.00625,FALSE,"observed"
"NL",1875,"18",18,0.00658,FALSE,"observed"
"NL",1875,"19",19,0.00764,FALSE,"observed"
"NL",1875,"20",20,0.00829,FALSE,"observed"
"NL",1875,"21",21,0.00828,FALSE,"observed"
"NL",1875,"22",22,0.00838,FALSE,"observed"
"NL",1875,"23",23,0.00851,FALSE,"observed"
"NL",1875,"24",24,0.00922,FALSE,"observed"
"NL",1875,"25",25,0.00889,FALSE,"observed"
"NL",1875,"26",26,0.00886,FALSE,"observed"
"NL",1875,"27",27,0.00883,FALSE,"observed"
"NL",1875,"28",28,0.00797,FALSE,"observed"
"NL",1875,"29",29,0.00914,FALSE,"observed"
"NL",1875,"30",30,0.00983,FALSE,"observed"
"NL",1875,"31",31,0.00901,FALSE,"observed"
"NL",1875,"32",32,0.01109,FALSE,"observed"
"NL",1875,"33",33,0.00997,FALSE,"observed"
"NL",1875,"34",34,0.01083,FALSE,"observed"
"NL",1875,"35",35,0.01051,FALSE,"observed"
"NL",1875,"36",36,0.0119,FALSE,"observed"
"NL",1875,"37",37,0.01205,FALSE,"observed"
"NL",1875,"38",38,0.01248,FALSE,"observed"
"NL",1875,"39",39,0.0116,FALSE,"observed"
"NL",1875,"40",40,0.01211,FALSE,"observed"
"NL",1875,"41",41,0.01138,FALSE,"observed"
"NL",1875,"42",42,0.01303,FALSE,"observed"
"NL",1875,"43",43,0.01246,FALSE,"observed"
"NL",1875,"44",44,0.01374,FALSE,"observed"
"NL",1875,"45",45,0.01385,FALSE,"observed"
"NL",1875,"46",46,0.0136,FALSE,"observed"
"NL",1875,"47",47,0.01371,FALSE,"observed"
"NL",1875,"48",48,0.01375,FALSE,"observed"
"NL",1875,"49",49,0.01678,FALSE,"observed"
"NL",1875,"50",50,0.01727,FALSE,"observed"
"NL",1875,"51",51,0.0167,FALSE,"observed"
"NL",1875,"52",52,0.01826,FALSE,"observed"
"NL",1875,"53",53,0.01958,FALSE,"observed"
"NL",1875,"54",54,0.01939,FALSE,"observed"
"NL",1875,"55",55,0.02117,FALSE,"observed"
"NL",1875,"56",56,0.02257,FALSE,"observed"
"NL",1875,"57",57,0.02426,FALSE,"observed"
"NL",1875,"58",58,0.02802,FALSE,"observed"
"NL",1875,"59",59,0.02708,FALSE,"observed"
"NL",1875,"60",60,0.03063,FALSE,"observed"
"NL",1875,"61",61,0.03225,FALSE,"observed"
"NL",1875,"62",62,0.03727,FALSE,"observed"
"NL",1875,"63",63,0.03757,FALSE,"observed"
"NL",1875,"64",64,0.04391,FALSE,"observed"
"NL",1875,"65",65,0.04843,FALSE,"observed"
"NL",1875,"66",66,0.04919,FALSE,"observed"
"NL",1875,"67",67,0.05856,FALSE,"observed"
"NL",1875,"68",68,0.06045,FALSE,"observed"
"NL",1875,"69",69,0.06418,FALSE,"observed"
"NL",1875,"70",70,0.07185,FALSE,"observed"
"NL",1875,"71",71,0.0778,FALSE,"observed"
"NL",1875,"72",72,0.08656,FALSE,"observed"
"NL",1875,"73",73,0.08853,FALSE,"observed"
"NL",1875,"74",74,0.10977,FALSE,"observed"
"NL",1875,"75",75,0.11907,FALSE,"observed"
"NL",1875,"76",76,0.12482,FALSE,"observed"
"NL",1875,"77",77,0.13009,FALSE,"observed"
"NL",1875,"78",78,0.14911,FALSE,"observed"
"NL",1875,"79",79,0.15459,FALSE,"observed"
"NL",1875,"80",80,0.16357,FALSE,"observed"
"NL",1875,"81",81,0.1711,FALSE,"observed"
"NL",1875,"82",82,0.20601,FALSE,"observed"
"NL",1875,"83",83,0.22238,FALSE,"observed"
"NL",1875,"84",84,0.24756,FALSE,"observed"
"NL",1875,"85",85,0.26071,FALSE,"observed"
"NL",1875,"86",86,0.26943,FALSE,"observed"
"NL",1875,"87",87,0.30073,FALSE,"observed"
"NL",1875,"88",88,0.33179,FALSE,"observed"
"NL",1875,"89",89,0.35821,FALSE,"observed"
"NL",1875,"90",90,0.38551,FALSE,"observed"
"NL",1875,"91",91,0.41353,FALSE,"observed"
"NL",1875,"92",92,0.44208,FALSE,"observed"
"NL",1875,"93",93,0.47096,FALSE,"observed"
"NL",1875,"94",94,0.49995,FALSE,"observed"
"NL",1875,"95",95,0.52886,FALSE,"observed"
"NL",1875,"96",96,0.55746,FALSE,"observed"
"NL",1875,"97",97,0.58555,FALSE,"observed"
"NL",1875,"98",98,0.61296,FALSE,"observed"
"NL",1875,"99",99,0.63952,FALSE,"observed"
"NL",1875,"100",100,0.66509,FALSE,"observed"
"NL",1875,"101",101,0.68956,FALSE,"observed"
"NL",1875,"102",102,0.71284,FALSE,"observed"
"NL",1875,"103",103,0.73489,FALSE,"observed"
"NL",1875,"104",104,0.75566,FALSE,"observed"
"NL",1875,"105",105,0.77516,FALSE,"observed"
"NL",1875,"106",106,0.7934,FALSE,"observed"
"NL",1875,"107",107,0.81041,FALSE,"observed"
"NL",1875,"108",108,0.82623,FALSE,"observed"
"NL",1875,"109",109,0.84091,FALSE,"observed"
"NL",1875,"110+",110,0.85452,FALSE,"observed"
"NL",1876,"0",0,0.25237,FALSE,"observed"
"NL",1876,"1",1,0.05912,FALSE,"observed"
"NL",1876,"2",2,0.02519,FALSE,"observed"
"NL",1876,"3",3,0.01633,FALSE,"observed"
"NL",1876,"4",4,0.01165,FALSE,"observed"
"NL",1876,"5",5,0.00907,FALSE,"observed"
"NL",1876,"6",6,0.00731,FALSE,"observed"
"NL",1876,"7",7,0.00633,FALSE,"observed"
"NL",1876,"8",8,0.0058,FALSE,"observed"
"NL",1876,"9",9,0.00469,FALSE,"observed"
"NL",1876,"10",10,0.00468,FALSE,"observed"
"NL",1876,"11",11,0.00388,FALSE,"observed"
"NL",1876,"12",12,0.00385,FALSE,"observed"
"NL",1876,"13",13,0.00396,FALSE,"observed"
"NL",1876,"14",14,0.00414,FALSE,"observed"
"NL",1876,"15",15,0.00485,FALSE,"observed"
"NL",1876,"16",16,0.00544,FALSE,"observed"
"NL",1876,"17",17,0.00631,FALSE,"observed"
"NL",1876,"18",18,0.00692,FALSE,"observed"
"NL",1876,"19",19,0.00774,FALSE,"observed"
"NL",1876,"20",20,0.00787,FALSE,"observed"
"NL",1876,"21",21,0.0076,FALSE,"observed"
"NL",1876,"22",22,0.00804,FALSE,"observed"
"NL",1876,"23",23,0.00842,FALSE,"observed"
"NL",1876,"24",24,0.00856,FALSE,"observed"
"NL",1876,"25",25,0.00883,FALSE,"observed"
"NL",1876,"26",26,0.00847,FALSE,"observed"
"NL",1876,"27",27,0.00855,FALSE,"observed"
"NL",1876,"28",28,0.00842,FALSE,"observed"
"NL",1876,"29",29,0.00906,FALSE,"observed"
"NL",1876,"30",30,0.00933,FALSE,"observed"
"NL",1876,"31",31,0.00925,FALSE,"observed"
"NL",1876,"32",32,0.00986,FALSE,"observed"
"NL",1876,"33",33,0.01042,FALSE,"observed"
"NL",1876,"34",34,0.01064,FALSE,"observed"
"NL",1876,"35",35,0.00974,FALSE,"observed"
"NL",1876,"36",36,0.00972,FALSE,"observed"
"NL",1876,"37",37,0.01096,FALSE,"observed"
"NL",1876,"38",38,0.0121,FALSE,"observed"
"NL",1876,"39",39,0.01072,FALSE,"observed"
"NL",1876,"40",40,0.01195,FALSE,"observed"
"NL",1876,"41",41,0.01164,FALSE,"observed"
"NL",1876,"42",42,0.01145,FALSE,"observed"
"NL",1876,"43",43,0.01145,FALSE,"observed"
"NL",1876,"44",44,0.01217,FALSE,"observed"
"NL",1876,"45",45,0.01203,FALSE,"observed"
"NL",1876,"46",46,0.01246,FALSE,"observed"
"NL",1876,"47",47,0.01267,FALSE,"observed"
"NL",1876,"48",48,0.01349,FALSE,"observed"
"NL",1876,"49",49,0.01464,FALSE,"observed"
"NL",1876,"50",50,0.01617,FALSE,"observed"
"NL",1876,"51",51,0.01492,FALSE,"observed"
"NL",1876,"52",52,0.01772,FALSE,"observed"
"NL",1876,"53",53,0.01818,FALSE,"observed"
"NL",1876,"54",54,0.01956,FALSE,"observed"
"NL",1876,"55",55,0.01874,FALSE,"observed"
"NL",1876,"56",56,0.02256,FALSE,"observed"
"NL",1876,"57",57,0.02156,FALSE,"observed"
"NL",1876,"58",58,0.02354,FALSE,"observed"
"NL",1876,"59",59,0.02578,FALSE,"observed"
"NL",1876,"60",60,0.02867,FALSE,"observed"
"NL",1876,"61",61,0.0291,FALSE,"observed"
"NL",1876,"62",62,0.03479,FALSE,"observed"
"NL",1876,"63",63,0.03422,FALSE,"observed"
"NL",1876,"64",64,0.03973,FALSE,"observed"
"NL",1876,"65",65,0.04394,FALSE,"observed"
"NL",1876,"66",66,0.04347,FALSE,"observed"
"NL",1876,"67",67,0.04976,FALSE,"observed"
"NL",1876,"68",68,0.05601,FALSE,"observed"
"NL",1876,"69",69,0.0578,FALSE,"observed"
"NL",1876,"70",70,0.06814,FALSE,"observed"
"NL",1876,"71",71,0.07016,FALSE,"observed"
"NL",1876,"72",72,0.07852,FALSE,"observed"
"NL",1876,"73",73,0.08799,FALSE,"observed"
"NL",1876,"74",74,0.09323,FALSE,"observed"
"NL",1876,"75",75,0.10765,FALSE,"observed"
"NL",1876,"76",76,0.11991,FALSE,"observed"
"NL",1876,"77",77,0.11486,FALSE,"observed"
"NL",1876,"78",78,0.13596,FALSE,"observed"
"NL",1876,"79",79,0.14489,FALSE,"observed"
"NL",1876,"80",80,0.16205,FALSE,"observed"
"NL",1876,"81",81,0.15627,FALSE,"observed"
"NL",1876,"82",82,0.16723,FALSE,"observed"
"NL",1876,"83",83,0.19976,FALSE,"observed"
"NL",1876,"84",84,0.20652,FALSE,"observed"
"NL",1876,"85",85,0.21895,FALSE,"observed"
"NL",1876,"86",86,0.28196,FALSE,"observed"
"NL",1876,"87",87,0.27613,FALSE,"observed"
"NL",1876,"88",88,0.299,FALSE,"observed"
"NL",1876,"89",89,0.32297,FALSE,"observed"
"NL",1876,"90",90,0.34795,FALSE,"observed"
"NL",1876,"91",91,0.37385,FALSE,"observed"
"NL",1876,"92",92,0.40056,FALSE,"observed"
"NL",1876,"93",93,0.42796,FALSE,"observed"
"NL",1876,"94",94,0.45589,FALSE,"observed"
"NL",1876,"95",95,0.48421,FALSE,"observed"
"NL",1876,"96",96,0.51273,FALSE,"observed"
"NL",1876,"97",97,0.54129,FALSE,"observed"
"NL",1876,"98",98,0.56972,FALSE,"observed"
"NL",1876,"99",99,0.59783,FALSE,"observed"
"NL",1876,"100",100,0.62545,FALSE,"observed"
"NL",1876,"101",101,0.65243,FALSE,"observed"
"NL",1876,"102",102,0.67861,FALSE,"observed"
"NL",1876,"103",103,0.70386,FALSE,"observed"
"NL",1876,"104",104,0.72807,FALSE,"observed"
"NL",1876,"105",105,0.75114,FALSE,"observed"
"NL",1876,"106",106,0.77298,FALSE,"observed"
"NL",1876,"107",107,0.79355,FALSE,"observed"
"NL",1876,"108",108,0.8128,FALSE,"observed"
"NL",1876,"109",109,0.83073,FALSE,"observed"
"NL",1876,"110+",110,0.84733,FALSE,"observed"
"NL",1877,"0",0,0.23326,FALSE,"observed"
"NL",1877,"1",1,0.0585,FALSE,"observed"
"NL",1877,"2",2,0.02503,FALSE,"observed"
"NL",1877,"3",3,0.01481,FALSE,"observed"
"NL",1877,"4",4,0.0109,FALSE,"observed"
"NL",1877,"5",5,0.00847,FALSE,"observed"
"NL",1877,"6",6,0.00742,FALSE,"observed"
"NL",1877,"7",7,0.00568,FALSE,"observed"
"NL",1877,"8",8,0.00482,FALSE,"observed"
"NL",1877,"9",9,0.00429,FALSE,"observed"
"NL",1877,"10",10,0.00397,FALSE,"observed"
"NL",1877,"11",11,0.00387,FALSE,"observed"
"NL",1877,"12",12,0.00354,FALSE,"observed"
"NL",1877,"13",13,0.00376,FALSE,"observed"
"NL",1877,"14",14,0.00387,FALSE,"observed"
"NL",1877,"15",15,0.00418,FALSE,"observed"
"NL",1877,"16",16,0.00525,FALSE,"observed"
"NL",1877,"17",17,0.00566,FALSE,"observed"
"NL",1877,"18",18,0.00606,FALSE,"observed"
"NL",1877,"19",19,0.00712,FALSE,"observed"
"NL",1877,"20",20,0.00782,FALSE,"observed"
"NL",1877,"21",21,0.00706,FALSE,"observed"
"NL",1877,"22",22,0.00773,FALSE,"observed"
"NL",1877,"23",23,0.00751,FALSE,"observed"
"NL",1877,"24",24,0.00717,FALSE,"observed"
"NL",1877,"25",25,0.008,FALSE,"observed"
"NL",1877,"26",26,0.00843,FALSE,"observed"
"NL",1877,"27",27,0.00869,FALSE,"observed"
"NL",1877,"28",28,0.00754,FALSE,"observed"
"NL",1877,"29",29,0.0085,FALSE,"observed"
"NL",1877,"30",30,0.00915,FALSE,"observed"
"NL",1877,"31",31,0.00774,FALSE,"observed"
"NL",1877,"32",32,0.0087,FALSE,"observed"
"NL",1877,"33",33,0.00928,FALSE,"observed"
"NL",1877,"34",34,0.00965,FALSE,"observed"
"NL",1877,"35",35,0.00987,FALSE,"observed"
"NL",1877,"36",36,0.01023,FALSE,"observed"
"NL",1877,"37",37,0.01006,FALSE,"observed"
"NL",1877,"38",38,0.01021,FALSE,"observed"
"NL",1877,"39",39,0.01095,FALSE,"observed"
"NL",1877,"40",40,0.0107,FALSE,"observed"
"NL",1877,"41",41,0.01076,FALSE,"observed"
"NL",1877,"42",42,0.01152,FALSE,"observed"
"NL",1877,"43",43,0.01101,FALSE,"observed"
"NL",1877,"44",44,0.0113,FALSE,"observed"
"NL",1877,"45",45,0.0118,FALSE,"observed"
"NL",1877,"46",46,0.01295,FALSE,"observed"
"NL",1877,"47",47,0.01166,FALSE,"observed"
"NL",1877,"48",48,0.01337,FALSE,"observed"
"NL",1877,"49",49,0.01272,FALSE,"observed"
"NL",1877,"50",50,0.01416,FALSE,"observed"
"NL",1877,"51",51,0.01466,FALSE,"observed"
"NL",1877,"52",52,0.01585,FALSE,"observed"
"NL",1877,"53",53,0.01705,FALSE,"observed"
"NL",1877,"54",54,0.01858,FALSE,"observed"
"NL",1877,"55",55,0.01937,FALSE,"observed"
"NL",1877,"56",56,0.01991,FALSE,"observed"
"NL",1877,"57",57,0.02003,FALSE,"observed"
"NL",1877,"58",58,0.02321,FALSE,"observed"
"NL",1877,"59",59,0.02307,FALSE,"observed"
"NL",1877,"60",60,0.02745,FALSE,"observed"
"NL",1877,"61",61,0.02765,FALSE,"observed"
"NL",1877,"62",62,0.03198,FALSE,"observed"
"NL",1877,"63",63,0.03542,FALSE,"observed"
"NL",1877,"64",64,0.03581,FALSE,"observed"
"NL",1877,"65",65,0.04158,FALSE,"observed"
"NL",1877,"66",66,0.04675,FALSE,"observed"
"NL",1877,"67",67,0.04619,FALSE,"observed"
"NL",1877,"68",68,0.05347,FALSE,"observed"
"NL",1877,"69",69,0.06267,FALSE,"observed"
"NL",1877,"70",70,0.06144,FALSE,"observed"
"NL",1877,"71",71,0.06782,FALSE,"observed"
"NL",1877,"72",72,0.07746,FALSE,"observed"
"NL",1877,"73",73,0.07959,FALSE,"observed"
"NL",1877,"74",74,0.08929,FALSE,"observed"
"NL",1877,"75",75,0.0895,FALSE,"observed"
"NL",1877,"76",76,0.11707,FALSE,"observed"
"NL",1877,"77",77,0.1204,FALSE,"observed"
"NL",1877,"78",78,0.12752,FALSE,"observed"
"NL",1877,"79",79,0.13743,FALSE,"observed"
"NL",1877,"80",80,0.14001,FALSE,"observed"
"NL",1877,"81",81,0.15887,FALSE,"observed"
"NL",1877,"82",82,0.17178,FALSE,"observed"
"NL",1877,"83",83,0.1962,FALSE,"observed"
"NL",1877,"84",84,0.20536,FALSE,"observed"
"NL",1877,"85",85,0.23093,FALSE,"observed"
"NL",1877,"86",86,0.23745,FALSE,"observed"
"NL",1877,"87",87,0.25475,FALSE,"observed"
"NL",1877,"88",88,0.27404,FALSE,"observed"
"NL",1877,"89",89,0.29424,FALSE,"observed"
"NL",1877,"90",90,0.31533,FALSE,"observed"
"NL",1877,"91",91,0.33726,FALSE,"observed"
"NL",1877,"92",92,0.35997,FALSE,"observed"
"NL",1877,"93",93,0.38339,FALSE,"observed"
"NL",1877,"94",94,0.40744,FALSE,"observed"
"NL",1877,"95",95,0.43204,FALSE,"observed"
"NL",1877,"96",96,0.45708,FALSE,"observed"
"NL",1877,"97",97,0.48244,FALSE,"observed"
"NL",1877,"98",98,0.50801,FALSE,"observed"
"NL",1877,"99",99,0.53367,FALSE,"observed"
"NL",1877,"100",100,0.55929,FALSE,"observed"
"NL",1877,"101",101,0.58475,FALSE,"observed"
"NL",1877,"102",102,0.60991,FALSE,"observed"
"NL",1877,"103",103,0.63466,FALSE,"observed"
"NL",1877,"104",104,0.65887,FALSE,"observed"
"NL",1877,"105",105,0.68244,FALSE,"observed"
"NL",1877,"106",106,0.70527,FALSE,"observed"
"NL",1877,"107",107,0.72726,FALSE,"observed"
"NL",1877,"108",108,0.74833,FALSE,"observed"
"NL",1877,"109",109,0.76843,FALSE,"observed"
"NL",1877,"110+",110,0.7875,FALSE,"observed"
"NL",1878,"0",0,0.24434,FALSE,"observed"
"NL",1878,"1",1,0.06469,FALSE,"observed"
"NL",1878,"2",2,0.02761,FALSE,"observed"
"NL",1878,"3",3,0.01645,FALSE,"observed"
"NL",1878,"4",4,0.01181,FALSE,"observed"
"NL",1878,"5",5,0.00888,FALSE,"observed"
"NL",1878,"6",6,0.00719,FALSE,"observed"
"NL",1878,"7",7,0.00584,FALSE,"observed"
"NL",1878,"8",8,0.00506,FALSE,"observed"
"NL",1878,"9",9,0.0044,FALSE,"observed"
"NL",1878,"10",10,0.00442,FALSE,"observed"
"NL",1878,"11",11,0.00362,FALSE,"observed"
"NL",1878,"12",12,0.00365,FALSE,"observed"
"NL",1878,"13",13,0.00368,FALSE,"observed"
"NL",1878,"14",14,0.00421,FALSE,"observed"
"NL",1878,"15",15,0.00385,FALSE,"observed"
"NL",1878,"16",16,0.00459,FALSE,"observed"
"NL",1878,"17",17,0.00546,FALSE,"observed"
"NL",1878,"18",18,0.00592,FALSE,"observed"
"NL",1878,"19",19,0.00624,FALSE,"observed"
"NL",1878,"20",20,0.00705,FALSE,"observed"
"NL",1878,"21",21,0.00724,FALSE,"observed"
"NL",1878,"22",22,0.00793,FALSE,"observed"
"NL",1878,"23",23,0.00787,FALSE,"observed"
"NL",1878,"24",24,0.00776,FALSE,"observed"
"NL",1878,"25",25,0.00754,FALSE,"observed"
"NL",1878,"26",26,0.00871,FALSE,"observed"
"NL",1878,"27",27,0.00771,FALSE,"observed"
"NL",1878,"28",28,0.00788,FALSE,"observed"
"NL",1878,"29",29,0.00781,FALSE,"observed"
"NL",1878,"30",30,0.0086,FALSE,"observed"
"NL",1878,"31",31,0.00931,FALSE,"observed"
"NL",1878,"32",32,0.00881,FALSE,"observed"
"NL",1878,"33",33,0.00926,FALSE,"observed"
"NL",1878,"34",34,0.00972,FALSE,"observed"
"NL",1878,"35",35,0.01008,FALSE,"observed"
"NL",1878,"36",36,0.00982,FALSE,"observed"
"NL",1878,"37",37,0.01177,FALSE,"observed"
"NL",1878,"38",38,0.01035,FALSE,"observed"
"NL",1878,"39",39,0.00998,FALSE,"observed"
"NL",1878,"40",40,0.01019,FALSE,"observed"
"NL",1878,"41",41,0.01096,FALSE,"observed"
"NL",1878,"42",42,0.0107,FALSE,"observed"
"NL",1878,"43",43,0.01157,FALSE,"observed"
"NL",1878,"44",44,0.01191,FALSE,"observed"
"NL",1878,"45",45,0.01183,FALSE,"observed"
"NL",1878,"46",46,0.01193,FALSE,"observed"
"NL",1878,"47",47,0.0132,FALSE,"observed"
"NL",1878,"48",48,0.01297,FALSE,"observed"
"NL",1878,"49",49,0.01225,FALSE,"observed"
"NL",1878,"50",50,0.01412,FALSE,"observed"
"NL",1878,"51",51,0.0146,FALSE,"observed"
"NL",1878,"52",52,0.01617,FALSE,"observed"
"NL",1878,"53",53,0.01772,FALSE,"observed"
"NL",1878,"54",54,0.01938,FALSE,"observed"
"NL",1878,"55",55,0.01939,FALSE,"observed"
"NL",1878,"56",56,0.0207,FALSE,"observed"
"NL",1878,"57",57,0.021,FALSE,"observed"
"NL",1878,"58",58,0.02316,FALSE,"observed"
"NL",1878,"59",59,0.02554,FALSE,"observed"
"NL",1878,"60",60,0.02624,FALSE,"observed"
"NL",1878,"61",61,0.03057,FALSE,"observed"
"NL",1878,"62",62,0.03306,FALSE,"observed"
"NL",1878,"63",63,0.03536,FALSE,"observed"
"NL",1878,"64",64,0.03885,FALSE,"observed"
"NL",1878,"65",65,0.04121,FALSE,"observed"
"NL",1878,"66",66,0.04519,FALSE,"observed"
"NL",1878,"67",67,0.04744,FALSE,"observed"
"NL",1878,"68",68,0.05231,FALSE,"observed"
"NL",1878,"69",69,0.05797,FALSE,"observed"
"NL",1878,"70",70,0.06692,FALSE,"observed"
"NL",1878,"71",71,0.06979,FALSE,"observed"
"NL",1878,"72",72,0.08256,FALSE,"observed"
"NL",1878,"73",73,0.08618,FALSE,"observed"
"NL",1878,"74",74,0.08979,FALSE,"observed"
"NL",1878,"75",75,0.10093,FALSE,"observed"
"NL",1878,"76",76,0.10755,FALSE,"observed"
"NL",1878,"77",77,0.13253,FALSE,"observed"
"NL",1878,"78",78,0.1529,FALSE,"observed"
"NL",1878,"79",79,0.14214,FALSE,"observed"
"NL",1878,"80",80,0.1592,FALSE,"observed"
"NL",1878,"81",81,0.15878,FALSE,"observed"
"NL",1878,"82",82,0.18434,FALSE,"observed"
"NL",1878,"83",83,0.20092,FALSE,"observed"
"NL",1878,"84",84,0.2038,FALSE,"observed"
"NL",1878,"85",85,0.22267,FALSE,"observed"
"NL",1878,"86",86,0.25791,FALSE,"observed"
"NL",1878,"87",87,0.24933,FALSE,"observed"
"NL",1878,"88",88,0.29498,FALSE,"observed"
"NL",1878,"89",89,0.31762,FALSE,"observed"
"NL",1878,"90",90,0.34115,FALSE,"observed"
"NL",1878,"91",91,0.36552,FALSE,"observed"
"NL",1878,"92",92,0.3906,FALSE,"observed"
"NL",1878,"93",93,0.41629,FALSE,"observed"
"NL",1878,"94",94,0.44246,FALSE,"observed"
"NL",1878,"95",95,0.46897,FALSE,"observed"
"NL",1878,"96",96,0.49568,FALSE,"observed"
"NL",1878,"97",97,0.52244,FALSE,"observed"
"NL",1878,"98",98,0.54909,FALSE,"observed"
"NL",1878,"99",99,0.57549,FALSE,"observed"
"NL",1878,"100",100,0.60148,FALSE,"observed"
"NL",1878,"101",101,0.62695,FALSE,"observed"
"NL",1878,"102",102,0.65176,FALSE,"observed"
"NL",1878,"103",103,0.6758,FALSE,"observed"
"NL",1878,"104",104,0.69897,FALSE,"observed"
"NL",1878,"105",105,0.7212,FALSE,"observed"
"NL",1878,"106",106,0.74243,FALSE,"observed"
"NL",1878,"107",107,0.7626,FALSE,"observed"
"NL",1878,"108",108,0.78168,FALSE,"observed"
"NL",1878,"109",109,0.79966,FALSE,"observed"
"NL",1878,"110+",110,0.81654,FALSE,"observed"
"NL",1879,"0",0,0.22767,FALSE,"observed"
"NL",1879,"1",1,0.05973,FALSE,"observed"
"NL",1879,"2",2,0.02548,FALSE,"observed"
"NL",1879,"3",3,0.01627,FALSE,"observed"
"NL",1879,"4",4,0.01149,FALSE,"observed"
"NL",1879,"5",5,0.00914,FALSE,"observed"
"NL",1879,"6",6,0.00728,FALSE,"observed"
"NL",1879,"7",7,0.00658,FALSE,"observed"
"NL",1879,"8",8,0.00505,FALSE,"observed"
"NL",1879,"9",9,0.00459,FALSE,"observed"
"NL",1879,"10",10,0.00398,FALSE,"observed"
"NL",1879,"11",11,0.00358,FALSE,"observed"
"NL",1879,"12",12,0.00361,FALSE,"observed"
"NL",1879,"13",13,0.00364,FALSE,"observed"
"NL",1879,"14",14,0.00411,FALSE,"observed"
"NL",1879,"15",15,0.0043,FALSE,"observed"
"NL",1879,"16",16,0.00486,FALSE,"observed"
"NL",1879,"17",17,0.00522,FALSE,"observed"
"NL",1879,"18",18,0.00569,FALSE,"observed"
"NL",1879,"19",19,0.00629,FALSE,"observed"
"NL",1879,"20",20,0.00707,FALSE,"observed"
"NL",1879,"21",21,0.00725,FALSE,"observed"
"NL",1879,"22",22,0.00742,FALSE,"observed"
"NL",1879,"23",23,0.00772,FALSE,"observed"
"NL",1879,"24",24,0.00674,FALSE,"observed"
"NL",1879,"25",25,0.00752,FALSE,"observed"
"NL",1879,"26",26,0.00741,FALSE,"observed"
"NL",1879,"27",27,0.00796,FALSE,"observed"
"NL",1879,"28",28,0.00822,FALSE,"observed"
"NL",1879,"29",29,0.00876,FALSE,"observed"
"NL",1879,"30",30,0.00834,FALSE,"observed"
"NL",1879,"31",31,0.00823,FALSE,"observed"
"NL",1879,"32",32,0.00883,FALSE,"observed"
"NL",1879,"33",33,0.00841,FALSE,"observed"
"NL",1879,"34",34,0.00923,FALSE,"observed"
"NL",1879,"35",35,0.00954,FALSE,"observed"
"NL",1879,"36",36,0.00977,FALSE,"observed"
"NL",1879,"37",37,0.01004,FALSE,"observed"
"NL",1879,"38",38,0.00968,FALSE,"observed"
"NL",1879,"39",39,0.01053,FALSE,"observed"
"NL",1879,"40",40,0.01113,FALSE,"observed"
"NL",1879,"41",41,0.01074,FALSE,"observed"
"NL",1879,"42",42,0.01169,FALSE,"observed"
"NL",1879,"43",43,0.01214,FALSE,"observed"
"NL",1879,"44",44,0.01194,FALSE,"observed"
"NL",1879,"45",45,0.011,FALSE,"observed"
"NL",1879,"46",46,0.01156,FALSE,"observed"
"NL",1879,"47",47,0.01311,FALSE,"observed"
"NL",1879,"48",48,0.01317,FALSE,"observed"
"NL",1879,"49",49,0.01285,FALSE,"observed"
"NL",1879,"50",50,0.01448,FALSE,"observed"
"NL",1879,"51",51,0.01479,FALSE,"observed"
"NL",1879,"52",52,0.01637,FALSE,"observed"
"NL",1879,"53",53,0.0175,FALSE,"observed"
"NL",1879,"54",54,0.01871,FALSE,"observed"
"NL",1879,"55",55,0.01871,FALSE,"observed"
"NL",1879,"56",56,0.01989,FALSE,"observed"
"NL",1879,"57",57,0.02126,FALSE,"observed"
"NL",1879,"58",58,0.02538,FALSE,"observed"
"NL",1879,"59",59,0.02655,FALSE,"observed"
"NL",1879,"60",60,0.03011,FALSE,"observed"
"NL",1879,"61",61,0.0291,FALSE,"observed"
"NL",1879,"62",62,0.03341,FALSE,"observed"
"NL",1879,"63",63,0.03777,FALSE,"observed"
"NL",1879,"64",64,0.03926,FALSE,"observed"
"NL",1879,"65",65,0.04176,FALSE,"observed"
"NL",1879,"66",66,0.04641,FALSE,"observed"
"NL",1879,"67",67,0.04792,FALSE,"observed"
"NL",1879,"68",68,0.05816,FALSE,"observed"
"NL",1879,"69",69,0.06081,FALSE,"observed"
"NL",1879,"70",70,0.06709,FALSE,"observed"
"NL",1879,"71",71,0.07479,FALSE,"observed"
"NL",1879,"72",72,0.0861,FALSE,"observed"
"NL",1879,"73",73,0.08691,FALSE,"observed"
"NL",1879,"74",74,0.09751,FALSE,"observed"
"NL",1879,"75",75,0.10333,FALSE,"observed"
"NL",1879,"76",76,0.11705,FALSE,"observed"
"NL",1879,"77",77,0.12237,FALSE,"observed"
"NL",1879,"78",78,0.15487,FALSE,"observed"
"NL",1879,"79",79,0.15552,FALSE,"observed"
"NL",1879,"80",80,0.16556,FALSE,"observed"
"NL",1879,"81",81,0.17513,FALSE,"observed"
"NL",1879,"82",82,0.18406,FALSE,"observed"
"NL",1879,"83",83,0.2044,FALSE,"observed"
"NL",1879,"84",84,0.23048,FALSE,"observed"
"NL",1879,"85",85,0.24387,FALSE,"observed"
"NL",1879,"86",86,0.27828,FALSE,"observed"
"NL",1879,"87",87,0.25991,FALSE,"observed"
"NL",1879,"88",88,0.30276,FALSE,"observed"
"NL",1879,"89",89,0.32454,FALSE,"observed"
"NL",1879,"90",90,0.34708,FALSE,"observed"
"NL",1879,"91",91,0.37029,FALSE,"observed"
"NL",1879,"92",92,0.39409,FALSE,"observed"
"NL",1879,"93",93,0.41838,FALSE,"observed"
"NL",1879,"94",94,0.44305,FALSE,"observed"
"NL",1879,"95",95,0.46797,FALSE,"observed"
"NL",1879,"96",96,0.49303,FALSE,"observed"
"NL",1879,"97",97,0.5181,FALSE,"observed"
"NL",1879,"98",98,0.54306,FALSE,"observed"
"NL",1879,"99",99,0.56778,FALSE,"observed"
"NL",1879,"100",100,0.59215,FALSE,"observed"
"NL",1879,"101",101,0.61606,FALSE,"observed"
"NL",1879,"102",102,0.6394,FALSE,"observed"
"NL",1879,"103",103,0.66209,FALSE,"observed"
"NL",1879,"104",104,0.68404,FALSE,"observed"
"NL",1879,"105",105,0.7052,FALSE,"observed"
"NL",1879,"106",106,0.72549,FALSE,"observed"
"NL",1879,"107",107,0.74489,FALSE,"observed"
"NL",1879,"108",108,0.76336,FALSE,"observed"
"NL",1879,"109",109,0.78088,FALSE,"observed"
"NL",1879,"110+",110,0.79745,FALSE,"observed"
"NL",1880,"0",0,0.26321,FALSE,"observed"
"NL",1880,"1",1,0.06674,FALSE,"observed"
"NL",1880,"2",2,0.02858,FALSE,"observed"
"NL",1880,"3",3,0.01722,FALSE,"observed"
"NL",1880,"4",4,0.01206,FALSE,"observed"
"NL",1880,"5",5,0.00932,FALSE,"observed"
"NL",1880,"6",6,0.00742,FALSE,"observed"
"NL",1880,"7",7,0.00563,FALSE,"observed"
"NL",1880,"8",8,0.00515,FALSE,"observed"
"NL",1880,"9",9,0.00469,FALSE,"observed"
"NL",1880,"10",10,0.00396,FALSE,"observed"
"NL",1880,"11",11,0.00344,FALSE,"observed"
"NL",1880,"12",12,0.00366,FALSE,"observed"
"NL",1880,"13",13,0.00391,FALSE,"observed"
"NL",1880,"14",14,0.00404,FALSE,"observed"
"NL",1880,"15",15,0.00424,FALSE,"observed"
"NL",1880,"16",16,0.00438,FALSE,"observed"
"NL",1880,"17",17,0.00562,FALSE,"observed"
"NL",1880,"18",18,0.00617,FALSE,"observed"
"NL",1880,"19",19,0.00692,FALSE,"observed"
"NL",1880,"20",20,0.00709,FALSE,"observed"
"NL",1880,"21",21,0.0065,FALSE,"observed"
"NL",1880,"22",22,0.00687,FALSE,"observed"
"NL",1880,"23",23,0.00702,FALSE,"observed"
"NL",1880,"24",24,0.00757,FALSE,"observed"
"NL",1880,"25",25,0.00797,FALSE,"observed"
"NL",1880,"26",26,0.00693,FALSE,"observed"
"NL",1880,"27",27,0.00803,FALSE,"observed"
"NL",1880,"28",28,0.00764,FALSE,"observed"
"NL",1880,"29",29,0.00815,FALSE,"observed"
"NL",1880,"30",30,0.00821,FALSE,"observed"
"NL",1880,"31",31,0.00755,FALSE,"observed"
"NL",1880,"32",32,0.00831,FALSE,"observed"
"NL",1880,"33",33,0.00958,FALSE,"observed"
"NL",1880,"34",34,0.00858,FALSE,"observed"
"NL",1880,"35",35,0.00926,FALSE,"observed"
"NL",1880,"36",36,0.0101,FALSE,"observed"
"NL",1880,"37",37,0.00955,FALSE,"observed"
"NL",1880,"38",38,0.01055,FALSE,"observed"
"NL",1880,"39",39,0.01121,FALSE,"observed"
"NL",1880,"40",40,0.01038,FALSE,"observed"
"NL",1880,"41",41,0.00995,FALSE,"observed"
"NL",1880,"42",42,0.01159,FALSE,"observed"
"NL",1880,"43",43,0.012,FALSE,"observed"
"NL",1880,"44",44,0.01073,FALSE,"observed"
"NL",1880,"45",45,0.01155,FALSE,"observed"
"NL",1880,"46",46,0.012,FALSE,"observed"
"NL",1880,"47",47,0.01148,FALSE,"observed"
"NL",1880,"48",48,0.0133,FALSE,"observed"
"NL",1880,"49",49,0.01378,FALSE,"observed"
"NL",1880,"50",50,0.01414,FALSE,"observed"
"NL",1880,"51",51,0.01396,FALSE,"observed"
"NL",1880,"52",52,0.01705,FALSE,"observed"
"NL",1880,"53",53,0.01714,FALSE,"observed"
"NL",1880,"54",54,0.01738,FALSE,"observed"
"NL",1880,"55",55,0.01885,FALSE,"observed"
"NL",1880,"56",56,0.01997,FALSE,"observed"
"NL",1880,"57",57,0.02261,FALSE,"observed"
"NL",1880,"58",58,0.02454,FALSE,"observed"
"NL",1880,"59",59,0.02506,FALSE,"observed"
"NL",1880,"60",60,0.02801,FALSE,"observed"
"NL",1880,"61",61,0.0284,FALSE,"observed"
"NL",1880,"62",62,0.03121,FALSE,"observed"
"NL",1880,"63",63,0.03633,FALSE,"observed"
"NL",1880,"64",64,0.03764,FALSE,"observed"
"NL",1880,"65",65,0.04119,FALSE,"observed"
"NL",1880,"66",66,0.04508,FALSE,"observed"
"NL",1880,"67",67,0.04874,FALSE,"observed"
"NL",1880,"68",68,0.0557,FALSE,"observed"
"NL",1880,"69",69,0.06092,FALSE,"observed"
"NL",1880,"70",70,0.06828,FALSE,"observed"
"NL",1880,"71",71,0.06807,FALSE,"observed"
"NL",1880,"72",72,0.08107,FALSE,"observed"
"NL",1880,"73",73,0.08305,FALSE,"observed"
"NL",1880,"74",74,0.09126,FALSE,"observed"
"NL",1880,"75",75,0.10387,FALSE,"observed"
"NL",1880,"76",76,0.10711,FALSE,"observed"
"NL",1880,"77",77,0.11722,FALSE,"observed"
"NL",1880,"78",78,0.1201,FALSE,"observed"
"NL",1880,"79",79,0.14271,FALSE,"observed"
"NL",1880,"80",80,0.15554,FALSE,"observed"
"NL",1880,"81",81,0.16424,FALSE,"observed"
"NL",1880,"82",82,0.18864,FALSE,"observed"
"NL",1880,"83",83,0.20557,FALSE,"observed"
"NL",1880,"84",84,0.19632,FALSE,"observed"
"NL",1880,"85",85,0.23876,FALSE,"observed"
"NL",1880,"86",86,0.23322,FALSE,"observed"
"NL",1880,"87",87,0.26282,FALSE,"observed"
"NL",1880,"88",88,0.28167,FALSE,"observed"
"NL",1880,"89",89,0.30101,FALSE,"observed"
"NL",1880,"90",90,0.321,FALSE,"observed"
"NL",1880,"91",91,0.34157,FALSE,"observed"
"NL",1880,"92",92,0.36266,FALSE,"observed"
"NL",1880,"93",93,0.38419,FALSE,"observed"
"NL",1880,"94",94,0.40606,FALSE,"observed"
"NL",1880,"95",95,0.4282,FALSE,"observed"
"NL",1880,"96",96,0.45052,FALSE,"observed"
"NL",1880,"97",97,0.47292,FALSE,"observed"
"NL",1880,"98",98,0.49532,FALSE,"observed"
"NL",1880,"99",99,0.51762,FALSE,"observed"
"NL",1880,"100",100,0.53975,FALSE,"observed"
"NL",1880,"101",101,0.56163,FALSE,"observed"
"NL",1880,"102",102,0.58319,FALSE,"observed"
"NL",1880,"103",103,0.60436,FALSE,"observed"
"NL",1880,"104",104,0.62508,FALSE,"observed"
"NL",1880,"105",105,0.6453,FALSE,"observed"
"NL",1880,"106",106,0.66497,FALSE,"observed"
"NL",1880,"107",107,0.68406,FALSE,"observed"
"NL",1880,"108",108,0.70252,FALSE,"observed"
"NL",1880,"109",109,0.72034,FALSE,"observed"
"NL",1880,"110+",110,0.73749,FALSE,"observed"
"NL",1881,"0",0,0.22641,FALSE,"observed"
"NL",1881,"1",1,0.05435,FALSE,"observed"
"NL",1881,"2",2,0.02444,FALSE,"observed"
"NL",1881,"3",3,0.01553,FALSE,"observed"
"NL",1881,"4",4,0.01071,FALSE,"observed"
"NL",1881,"5",5,0.00809,FALSE,"observed"
"NL",1881,"6",6,0.00656,FALSE,"observed"
"NL",1881,"7",7,0.00549,FALSE,"observed"
"NL",1881,"8",8,0.00477,FALSE,"observed"
"NL",1881,"9",9,0.00425,FALSE,"observed"
"NL",1881,"10",10,0.00395,FALSE,"observed"
"NL",1881,"11",11,0.00326,FALSE,"observed"
"NL",1881,"12",12,0.00341,FALSE,"observed"
"NL",1881,"13",13,0.00339,FALSE,"observed"
"NL",1881,"14",14,0.00376,FALSE,"observed"
"NL",1881,"15",15,0.00419,FALSE,"observed"
"NL",1881,"16",16,0.0042,FALSE,"observed"
"NL",1881,"17",17,0.00539,FALSE,"observed"
"NL",1881,"18",18,0.00609,FALSE,"observed"
"NL",1881,"19",19,0.00574,FALSE,"observed"
"NL",1881,"20",20,0.00651,FALSE,"observed"
"NL",1881,"21",21,0.00629,FALSE,"observed"
"NL",1881,"22",22,0.00658,FALSE,"observed"
"NL",1881,"23",23,0.00738,FALSE,"observed"
"NL",1881,"24",24,0.0067,FALSE,"observed"
"NL",1881,"25",25,0.00741,FALSE,"observed"
"NL",1881,"26",26,0.00718,FALSE,"observed"
"NL",1881,"27",27,0.0073,FALSE,"observed"
"NL",1881,"28",28,0.00756,FALSE,"observed"
"NL",1881,"29",29,0.00857,FALSE,"observed"
"NL",1881,"30",30,0.0084,FALSE,"observed"
"NL",1881,"31",31,0.00818,FALSE,"observed"
"NL",1881,"32",32,0.00822,FALSE,"observed"
"NL",1881,"33",33,0.0088,FALSE,"observed"
"NL",1881,"34",34,0.00849,FALSE,"observed"
"NL",1881,"35",35,0.00945,FALSE,"observed"
"NL",1881,"36",36,0.01051,FALSE,"observed"
"NL",1881,"37",37,0.01005,FALSE,"observed"
"NL",1881,"38",38,0.00962,FALSE,"observed"
"NL",1881,"39",39,0.01052,FALSE,"observed"
"NL",1881,"40",40,0.01097,FALSE,"observed"
"NL",1881,"41",41,0.01042,FALSE,"observed"
"NL",1881,"42",42,0.01143,FALSE,"observed"
"NL",1881,"43",43,0.01172,FALSE,"observed"
"NL",1881,"44",44,0.01107,FALSE,"observed"
"NL",1881,"45",45,0.01138,FALSE,"observed"
"NL",1881,"46",46,0.01165,FALSE,"observed"
"NL",1881,"47",47,0.01152,FALSE,"observed"
"NL",1881,"48",48,0.01292,FALSE,"observed"
"NL",1881,"49",49,0.0131,FALSE,"observed"
"NL",1881,"50",50,0.01476,FALSE,"observed"
"NL",1881,"51",51,0.01535,FALSE,"observed"
"NL",1881,"52",52,0.01614,FALSE,"observed"
"NL",1881,"53",53,0.01643,FALSE,"observed"
"NL",1881,"54",54,0.0183,FALSE,"observed"
"NL",1881,"55",55,0.01948,FALSE,"observed"
"NL",1881,"56",56,0.02026,FALSE,"observed"
"NL",1881,"57",57,0.02261,FALSE,"observed"
"NL",1881,"58",58,0.02453,FALSE,"observed"
"NL",1881,"59",59,0.02597,FALSE,"observed"
"NL",1881,"60",60,0.02748,FALSE,"observed"
"NL",1881,"61",61,0.02708,FALSE,"observed"
"NL",1881,"62",62,0.0314,FALSE,"observed"
"NL",1881,"63",63,0.03339,FALSE,"observed"
"NL",1881,"64",64,0.03909,FALSE,"observed"
"NL",1881,"65",65,0.03789,FALSE,"observed"
"NL",1881,"66",66,0.04538,FALSE,"observed"
"NL",1881,"67",67,0.04648,FALSE,"observed"
"NL",1881,"68",68,0.05387,FALSE,"observed"
"NL",1881,"69",69,0.05688,FALSE,"observed"
"NL",1881,"70",70,0.06647,FALSE,"observed"
"NL",1881,"71",71,0.07163,FALSE,"observed"
"NL",1881,"72",72,0.07919,FALSE,"observed"
"NL",1881,"73",73,0.08811,FALSE,"observed"
"NL",1881,"74",74,0.09241,FALSE,"observed"
"NL",1881,"75",75,0.10669,FALSE,"observed"
"NL",1881,"76",76,0.11298,FALSE,"observed"
"NL",1881,"77",77,0.11046,FALSE,"observed"
"NL",1881,"78",78,0.12741,FALSE,"observed"
"NL",1881,"79",79,0.13798,FALSE,"observed"
"NL",1881,"80",80,0.15583,FALSE,"observed"
"NL",1881,"81",81,0.16167,FALSE,"observed"
"NL",1881,"82",82,0.1781,FALSE,"observed"
"NL",1881,"83",83,0.19679,FALSE,"observed"
"NL",1881,"84",84,0.22766,FALSE,"observed"
"NL",1881,"85",85,0.20837,FALSE,"observed"
"NL",1881,"86",86,0.2535,FALSE,"observed"
"NL",1881,"87",87,0.25993,FALSE,"observed"
"NL",1881,"88",88,0.27341,FALSE,"observed"
"NL",1881,"89",89,0.29169,FALSE,"observed"
"NL",1881,"90",90,0.31074,FALSE,"observed"
"NL",1881,"91",91,0.33053,FALSE,"observed"
"NL",1881,"92",92,0.35102,FALSE,"observed"
"NL",1881,"93",93,0.37217,FALSE,"observed"
"NL",1881,"94",94,0.39392,FALSE,"observed"
"NL",1881,"95",95,0.4162,FALSE,"observed"
"NL",1881,"96",96,0.43894,FALSE,"observed"
"NL",1881,"97",97,0.46206,FALSE,"observed"
"NL",1881,"98",98,0.48545,FALSE,"observed"
"NL",1881,"99",99,0.50901,FALSE,"observed"
"NL",1881,"100",100,0.53265,FALSE,"observed"
"NL",1881,"101",101,0.55625,FALSE,"observed"
"NL",1881,"102",102,0.5797,FALSE,"observed"
"NL",1881,"103",103,0.60288,FALSE,"observed"
"NL",1881,"104",104,0.6257,FALSE,"observed"
"NL",1881,"105",105,0.64804,FALSE,"observed"
"NL",1881,"106",106,0.66982,FALSE,"observed"
"NL",1881,"107",107,0.69095,FALSE,"observed"
"NL",1881,"108",108,0.71135,FALSE,"observed"
"NL",1881,"109",109,0.73096,FALSE,"observed"
"NL",1881,"110+",110,0.74973,FALSE,"observed"
"NL",1882,"0",0,0.21677,FALSE,"observed"
"NL",1882,"1",1,0.05465,FALSE,"observed"
"NL",1882,"2",2,0.02336,FALSE,"observed"
"NL",1882,"3",3,0.01536,FALSE,"observed"
"NL",1882,"4",4,0.01017,FALSE,"observed"
"NL",1882,"5",5,0.00786,FALSE,"observed"
"NL",1882,"6",6,0.00634,FALSE,"observed"
"NL",1882,"7",7,0.00508,FALSE,"observed"
"NL",1882,"8",8,0.00446,FALSE,"observed"
"NL",1882,"9",9,0.00387,FALSE,"observed"
"NL",1882,"10",10,0.00366,FALSE,"observed"
"NL",1882,"11",11,0.00351,FALSE,"observed"
"NL",1882,"12",12,0.00337,FALSE,"observed"
"NL",1882,"13",13,0.00337,FALSE,"observed"
"NL",1882,"14",14,0.00345,FALSE,"observed"
"NL",1882,"15",15,0.00382,FALSE,"observed"
"NL",1882,"16",16,0.00459,FALSE,"observed"
"NL",1882,"17",17,0.00509,FALSE,"observed"
"NL",1882,"18",18,0.00529,FALSE,"observed"
"NL",1882,"19",19,0.00562,FALSE,"observed"
"NL",1882,"20",20,0.00636,FALSE,"observed"
"NL",1882,"21",21,0.00661,FALSE,"observed"
"NL",1882,"22",22,0.00668,FALSE,"observed"
"NL",1882,"23",23,0.00636,FALSE,"observed"
"NL",1882,"24",24,0.00696,FALSE,"observed"
"NL",1882,"25",25,0.00638,FALSE,"observed"
"NL",1882,"26",26,0.00783,FALSE,"observed"
"NL",1882,"27",27,0.0069,FALSE,"observed"
"NL",1882,"28",28,0.00753,FALSE,"observed"
"NL",1882,"29",29,0.00734,FALSE,"observed"
"NL",1882,"30",30,0.00821,FALSE,"observed"
"NL",1882,"31",31,0.00732,FALSE,"observed"
"NL",1882,"32",32,0.00931,FALSE,"observed"
"NL",1882,"33",33,0.00893,FALSE,"observed"
"NL",1882,"34",34,0.00864,FALSE,"observed"
"NL",1882,"35",35,0.00846,FALSE,"observed"
"NL",1882,"36",36,0.00904,FALSE,"observed"
"NL",1882,"37",37,0.00935,FALSE,"observed"
"NL",1882,"38",38,0.01008,FALSE,"observed"
"NL",1882,"39",39,0.00973,FALSE,"observed"
"NL",1882,"40",40,0.0103,FALSE,"observed"
"NL",1882,"41",41,0.01076,FALSE,"observed"
"NL",1882,"42",42,0.00998,FALSE,"observed"
"NL",1882,"43",43,0.01201,FALSE,"observed"
"NL",1882,"44",44,0.01183,FALSE,"observed"
"NL",1882,"45",45,0.01172,FALSE,"observed"
"NL",1882,"46",46,0.01182,FALSE,"observed"
"NL",1882,"47",47,0.01105,FALSE,"observed"
"NL",1882,"48",48,0.01257,FALSE,"observed"
"NL",1882,"49",49,0.01234,FALSE,"observed"
"NL",1882,"50",50,0.01404,FALSE,"observed"
"NL",1882,"51",51,0.01374,FALSE,"observed"
"NL",1882,"52",52,0.01586,FALSE,"observed"
"NL",1882,"53",53,0.01619,FALSE,"observed"
"NL",1882,"54",54,0.01846,FALSE,"observed"
"NL",1882,"55",55,0.0181,FALSE,"observed"
"NL",1882,"56",56,0.02029,FALSE,"observed"
"NL",1882,"57",57,0.02007,FALSE,"observed"
"NL",1882,"58",58,0.02247,FALSE,"observed"
"NL",1882,"59",59,0.02416,FALSE,"observed"
"NL",1882,"60",60,0.02671,FALSE,"observed"
"NL",1882,"61",61,0.02799,FALSE,"observed"
"NL",1882,"62",62,0.02791,FALSE,"observed"
"NL",1882,"63",63,0.03472,FALSE,"observed"
"NL",1882,"64",64,0.03389,FALSE,"observed"
"NL",1882,"65",65,0.03926,FALSE,"observed"
"NL",1882,"66",66,0.04266,FALSE,"observed"
"NL",1882,"67",67,0.04833,FALSE,"observed"
"NL",1882,"68",68,0.05166,FALSE,"observed"
"NL",1882,"69",69,0.05303,FALSE,"observed"
"NL",1882,"70",70,0.06131,FALSE,"observed"
"NL",1882,"71",71,0.06692,FALSE,"observed"
"NL",1882,"72",72,0.07122,FALSE,"observed"
"NL",1882,"73",73,0.08195,FALSE,"observed"
"NL",1882,"74",74,0.09668,FALSE,"observed"
"NL",1882,"75",75,0.09588,FALSE,"observed"
"NL",1882,"76",76,0.10414,FALSE,"observed"
"NL",1882,"77",77,0.11312,FALSE,"observed"
"NL",1882,"78",78,0.11671,FALSE,"observed"
"NL",1882,"79",79,0.13226,FALSE,"observed"
"NL",1882,"80",80,0.14846,FALSE,"observed"
"NL",1882,"81",81,0.15466,FALSE,"observed"
"NL",1882,"82",82,0.18126,FALSE,"observed"
"NL",1882,"83",83,0.18673,FALSE,"observed"
"NL",1882,"84",84,0.20504,FALSE,"observed"
"NL",1882,"85",85,0.22083,FALSE,"observed"
"NL",1882,"86",86,0.2366,FALSE,"observed"
"NL",1882,"87",87,0.24119,FALSE,"observed"
"NL",1882,"88",88,0.2787,FALSE,"observed"
"NL",1882,"89",89,0.29958,FALSE,"observed"
"NL",1882,"90",90,0.32133,FALSE,"observed"
"NL",1882,"91",91,0.3439,FALSE,"observed"
"NL",1882,"92",92,0.36722,FALSE,"observed"
"NL",1882,"93",93,0.3912,FALSE,"observed"
"NL",1882,"94",94,0.41573,FALSE,"observed"
"NL",1882,"95",95,0.44072,FALSE,"observed"
"NL",1882,"96",96,0.46605,FALSE,"observed"
"NL",1882,"97",97,0.49159,FALSE,"observed"
"NL",1882,"98",98,0.51721,FALSE,"observed"
"NL",1882,"99",99,0.54277,FALSE,"observed"
"NL",1882,"100",100,0.56815,FALSE,"observed"
"NL",1882,"101",101,0.59322,FALSE,"observed"
"NL",1882,"102",102,0.61785,FALSE,"observed"
"NL",1882,"103",103,0.64193,FALSE,"observed"
"NL",1882,"104",104,0.66534,FALSE,"observed"
"NL",1882,"105",105,0.688,FALSE,"observed"
"NL",1882,"106",106,0.70983,FALSE,"observed"
"NL",1882,"107",107,0.73075,FALSE,"observed"
"NL",1882,"108",108,0.75072,FALSE,"observed"
"NL",1882,"109",109,0.76969,FALSE,"observed"
"NL",1882,"110+",110,0.78765,FALSE,"observed"
"NL",1883,"0",0,0.22681,FALSE,"observed"
"NL",1883,"1",1,0.05861,FALSE,"observed"
"NL",1883,"2",2,0.0262,FALSE,"observed"
"NL",1883,"3",3,0.01737,FALSE,"observed"
"NL",1883,"4",4,0.01232,FALSE,"observed"
"NL",1883,"5",5,0.00964,FALSE,"observed"
"NL",1883,"6",6,0.00722,FALSE,"observed"
"NL",1883,"7",7,0.00584,FALSE,"observed"
"NL",1883,"8",8,0.0046,FALSE,"observed"
"NL",1883,"9",9,0.00395,FALSE,"observed"
"NL",1883,"10",10,0.00382,FALSE,"observed"
"NL",1883,"11",11,0.00337,FALSE,"observed"
"NL",1883,"12",12,0.00318,FALSE,"observed"
"NL",1883,"13",13,0.00299,FALSE,"observed"
"NL",1883,"14",14,0.0037,FALSE,"observed"
"NL",1883,"15",15,0.00447,FALSE,"observed"
"NL",1883,"16",16,0.00443,FALSE,"observed"
"NL",1883,"17",17,0.00505,FALSE,"observed"
"NL",1883,"18",18,0.00536,FALSE,"observed"
"NL",1883,"19",19,0.00629,FALSE,"observed"
"NL",1883,"20",20,0.00637,FALSE,"observed"
"NL",1883,"21",21,0.0065,FALSE,"observed"
"NL",1883,"22",22,0.00706,FALSE,"observed"
"NL",1883,"23",23,0.00686,FALSE,"observed"
"NL",1883,"24",24,0.00766,FALSE,"observed"
"NL",1883,"25",25,0.00726,FALSE,"observed"
"NL",1883,"26",26,0.00736,FALSE,"observed"
"NL",1883,"27",27,0.0081,FALSE,"observed"
"NL",1883,"28",28,0.00772,FALSE,"observed"
"NL",1883,"29",29,0.0078,FALSE,"observed"
"NL",1883,"30",30,0.00828,FALSE,"observed"
"NL",1883,"31",31,0.00846,FALSE,"observed"
"NL",1883,"32",32,0.00918,FALSE,"observed"
"NL",1883,"33",33,0.00963,FALSE,"observed"
"NL",1883,"34",34,0.00922,FALSE,"observed"
"NL",1883,"35",35,0.00986,FALSE,"observed"
"NL",1883,"36",36,0.009,FALSE,"observed"
"NL",1883,"37",37,0.00977,FALSE,"observed"
"NL",1883,"38",38,0.01038,FALSE,"observed"
"NL",1883,"39",39,0.01016,FALSE,"observed"
"NL",1883,"40",40,0.01113,FALSE,"observed"
"NL",1883,"41",41,0.01177,FALSE,"observed"
"NL",1883,"42",42,0.01222,FALSE,"observed"
"NL",1883,"43",43,0.01185,FALSE,"observed"
"NL",1883,"44",44,0.01032,FALSE,"observed"
"NL",1883,"45",45,0.01208,FALSE,"observed"
"NL",1883,"46",46,0.01123,FALSE,"observed"
"NL",1883,"47",47,0.01148,FALSE,"observed"
"NL",1883,"48",48,0.01313,FALSE,"observed"
"NL",1883,"49",49,0.01438,FALSE,"observed"
"NL",1883,"50",50,0.01418,FALSE,"observed"
"NL",1883,"51",51,0.01392,FALSE,"observed"
"NL",1883,"52",52,0.01613,FALSE,"observed"
"NL",1883,"53",53,0.01544,FALSE,"observed"
"NL",1883,"54",54,0.01719,FALSE,"observed"
"NL",1883,"55",55,0.01916,FALSE,"observed"
"NL",1883,"56",56,0.02134,FALSE,"observed"
"NL",1883,"57",57,0.02231,FALSE,"observed"
"NL",1883,"58",58,0.02428,FALSE,"observed"
"NL",1883,"59",59,0.02451,FALSE,"observed"
"NL",1883,"60",60,0.02658,FALSE,"observed"
"NL",1883,"61",61,0.02989,FALSE,"observed"
"NL",1883,"62",62,0.03068,FALSE,"observed"
"NL",1883,"63",63,0.03213,FALSE,"observed"
"NL",1883,"64",64,0.03934,FALSE,"observed"
"NL",1883,"65",65,0.04017,FALSE,"observed"
"NL",1883,"66",66,0.04532,FALSE,"observed"
"NL",1883,"67",67,0.04924,FALSE,"observed"
"NL",1883,"68",68,0.05518,FALSE,"observed"
"NL",1883,"69",69,0.05874,FALSE,"observed"
"NL",1883,"70",70,0.06053,FALSE,"observed"
"NL",1883,"71",71,0.06639,FALSE,"observed"
"NL",1883,"72",72,0.07794,FALSE,"observed"
"NL",1883,"73",73,0.08667,FALSE,"observed"
"NL",1883,"74",74,0.09228,FALSE,"observed"
"NL",1883,"75",75,0.10204,FALSE,"observed"
"NL",1883,"76",76,0.10704,FALSE,"observed"
"NL",1883,"77",77,0.12638,FALSE,"observed"
"NL",1883,"78",78,0.12326,FALSE,"observed"
"NL",1883,"79",79,0.13917,FALSE,"observed"
"NL",1883,"80",80,0.15135,FALSE,"observed"
"NL",1883,"81",81,0.15865,FALSE,"observed"
"NL",1883,"82",82,0.18322,FALSE,"observed"
"NL",1883,"83",83,0.19068,FALSE,"observed"
"NL",1883,"84",84,0.21749,FALSE,"observed"
"NL",1883,"85",85,0.23984,FALSE,"observed"
"NL",1883,"86",86,0.27279,FALSE,"observed"
"NL",1883,"87",87,0.27801,FALSE,"observed"
"NL",1883,"88",88,0.30302,FALSE,"observed"
"NL",1883,"89",89,0.3221,FALSE,"observed"
"NL",1883,"90",90,0.34634,FALSE,"observed"
"NL",1883,"91",91,0.37131,FALSE,"observed"
"NL",1883,"92",92,0.39691,FALSE,"observed"
"NL",1883,"93",93,0.42298,FALSE,"observed"
"NL",1883,"94",94,0.44939,FALSE,"observed"
"NL",1883,"95",95,0.47598,FALSE,"observed"
"NL",1883,"96",96,0.50261,FALSE,"observed"
"NL",1883,"97",97,0.52911,FALSE,"observed"
"NL",1883,"98",98,0.55535,FALSE,"observed"
"NL",1883,"99",99,0.58118,FALSE,"observed"
"NL",1883,"100",100,0.60649,FALSE,"observed"
"NL",1883,"101",101,0.63116,FALSE,"observed"
"NL",1883,"102",102,0.6551,FALSE,"observed"
"NL",1883,"103",103,0.67821,FALSE,"observed"
"NL",1883,"104",104,0.70044,FALSE,"observed"
"NL",1883,"105",105,0.72173,FALSE,"observed"
"NL",1883,"106",106,0.74204,FALSE,"observed"
"NL",1883,"107",107,0.76134,FALSE,"observed"
"NL",1883,"108",108,0.77963,FALSE,"observed"
"NL",1883,"109",109,0.79689,FALSE,"observed"
"NL",1883,"110+",110,0.81314,FALSE,"observed"
"NL",1884,"0",0,0.24094,FALSE,"observed"
"NL",1884,"1",1,0.06601,FALSE,"observed"
"NL",1884,"2",2,0.03028,FALSE,"observed"
"NL",1884,"3",3,0.02036,FALSE,"observed"
"NL",1884,"4",4,0.01591,FALSE,"observed"
"NL",1884,"5",5,0.01092,FALSE,"observed"
"NL",1884,"6",6,0.00861,FALSE,"observed"
"NL",1884,"7",7,0.00693,FALSE,"observed"
"NL",1884,"8",8,0.00569,FALSE,"observed"
"NL",1884,"9",9,0.005,FALSE,"observed"
"NL",1884,"10",10,0.00394,FALSE,"observed"
"NL",1884,"11",11,0.00371,FALSE,"observed"
"NL",1884,"12",12,0.00348,FALSE,"observed"
"NL",1884,"13",13,0.0035,FALSE,"observed"
"NL",1884,"14",14,0.00362,FALSE,"observed"
"NL",1884,"15",15,0.00454,FALSE,"observed"
"NL",1884,"16",16,0.0045,FALSE,"observed"
"NL",1884,"17",17,0.00528,FALSE,"observed"
"NL",1884,"18",18,0.00561,FALSE,"observed"
"NL",1884,"19",19,0.00547,FALSE,"observed"
"NL",1884,"20",20,0.00658,FALSE,"observed"
"NL",1884,"21",21,0.00675,FALSE,"observed"
"NL",1884,"22",22,0.00662,FALSE,"observed"
"NL",1884,"23",23,0.00668,FALSE,"observed"
"NL",1884,"24",24,0.00655,FALSE,"observed"
"NL",1884,"25",25,0.00707,FALSE,"observed"
"NL",1884,"26",26,0.00751,FALSE,"observed"
"NL",1884,"27",27,0.00762,FALSE,"observed"
"NL",1884,"28",28,0.00799,FALSE,"observed"
"NL",1884,"29",29,0.00768,FALSE,"observed"
"NL",1884,"30",30,0.00787,FALSE,"observed"
"NL",1884,"31",31,0.00783,FALSE,"observed"
"NL",1884,"32",32,0.00819,FALSE,"observed"
"NL",1884,"33",33,0.00862,FALSE,"observed"
"NL",1884,"34",34,0.00846,FALSE,"observed"
"NL",1884,"35",35,0.0085,FALSE,"observed"
"NL",1884,"36",36,0.00912,FALSE,"observed"
"NL",1884,"37",37,0.00881,FALSE,"observed"
"NL",1884,"38",38,0.0106,FALSE,"observed"
"NL",1884,"39",39,0.00976,FALSE,"observed"
"NL",1884,"40",40,0.01121,FALSE,"observed"
"NL",1884,"41",41,0.00961,FALSE,"observed"
"NL",1884,"42",42,0.01133,FALSE,"observed"
"NL",1884,"43",43,0.01087,FALSE,"observed"
"NL",1884,"44",44,0.01053,FALSE,"observed"
"NL",1884,"45",45,0.01074,FALSE,"observed"
"NL",1884,"46",46,0.01165,FALSE,"observed"
"NL",1884,"47",47,0.01208,FALSE,"observed"
"NL",1884,"48",48,0.01161,FALSE,"observed"
"NL",1884,"49",49,0.01336,FALSE,"observed"
"NL",1884,"50",50,0.01343,FALSE,"observed"
"NL",1884,"51",51,0.0133,FALSE,"observed"
"NL",1884,"52",52,0.01494,FALSE,"observed"
"NL",1884,"53",53,0.01654,FALSE,"observed"
"NL",1884,"54",54,0.01697,FALSE,"observed"
"NL",1884,"55",55,0.01702,FALSE,"observed"
"NL",1884,"56",56,0.01876,FALSE,"observed"
"NL",1884,"57",57,0.02087,FALSE,"observed"
"NL",1884,"58",58,0.02313,FALSE,"observed"
"NL",1884,"59",59,0.02401,FALSE,"observed"
"NL",1884,"60",60,0.02471,FALSE,"observed"
"NL",1884,"61",61,0.02644,FALSE,"observed"
"NL",1884,"62",62,0.0313,FALSE,"observed"
"NL",1884,"63",63,0.0347,FALSE,"observed"
"NL",1884,"64",64,0.0388,FALSE,"observed"
"NL",1884,"65",65,0.03777,FALSE,"observed"
"NL",1884,"66",66,0.04125,FALSE,"observed"
"NL",1884,"67",67,0.04534,FALSE,"observed"
"NL",1884,"68",68,0.05132,FALSE,"observed"
"NL",1884,"69",69,0.05513,FALSE,"observed"
"NL",1884,"70",70,0.06107,FALSE,"observed"
"NL",1884,"71",71,0.06273,FALSE,"observed"
"NL",1884,"72",72,0.07121,FALSE,"observed"
"NL",1884,"73",73,0.07855,FALSE,"observed"
"NL",1884,"74",74,0.07927,FALSE,"observed"
"NL",1884,"75",75,0.09426,FALSE,"observed"
"NL",1884,"76",76,0.10712,FALSE,"observed"
"NL",1884,"77",77,0.11471,FALSE,"observed"
"NL",1884,"78",78,0.12518,FALSE,"observed"
"NL",1884,"79",79,0.12605,FALSE,"observed"
"NL",1884,"80",80,0.13744,FALSE,"observed"
"NL",1884,"81",81,0.15484,FALSE,"observed"
"NL",1884,"82",82,0.16528,FALSE,"observed"
"NL",1884,"83",83,0.18746,FALSE,"observed"
"NL",1884,"84",84,0.19367,FALSE,"observed"
"NL",1884,"85",85,0.21343,FALSE,"observed"
"NL",1884,"86",86,0.23391,FALSE,"observed"
"NL",1884,"87",87,0.25206,FALSE,"observed"
"NL",1884,"88",88,0.27513,FALSE,"observed"
"NL",1884,"89",89,0.29687,FALSE,"observed"
"NL",1884,"90",90,0.31949,FALSE,"observed"
"NL",1884,"91",91,0.3429,FALSE,"observed"
"NL",1884,"92",92,0.36701,FALSE,"observed"
"NL",1884,"93",93,0.3917,FALSE,"observed"
"NL",1884,"94",94,0.41686,FALSE,"observed"
"NL",1884,"95",95,0.44234,FALSE,"observed"
"NL",1884,"96",96,0.46801,FALSE,"observed"
"NL",1884,"97",97,0.49375,FALSE,"observed"
"NL",1884,"98",98,0.51941,FALSE,"observed"
"NL",1884,"99",99,0.54487,FALSE,"observed"
"NL",1884,"100",100,0.57002,FALSE,"observed"
"NL",1884,"101",101,0.59473,FALSE,"observed"
"NL",1884,"102",102,0.61891,FALSE,"observed"
"NL",1884,"103",103,0.64247,FALSE,"observed"
"NL",1884,"104",104,0.66534,FALSE,"observed"
"NL",1884,"105",105,0.68743,FALSE,"observed"
"NL",1884,"106",106,0.70871,FALSE,"observed"
"NL",1884,"107",107,0.72912,FALSE,"observed"
"NL",1884,"108",108,0.74862,FALSE,"observed"
"NL",1884,"109",109,0.76718,FALSE,"observed"
"NL",1884,"110+",110,0.7848,FALSE,"observed"
"NL",1885,"0",0,0.20934,FALSE,"observed"
"NL",1885,"1",1,0.05478,FALSE,"observed"
"NL",1885,"2",2,0.02627,FALSE,"observed"
"NL",1885,"3",3,0.01879,FALSE,"observed"
"NL",1885,"4",4,0.01373,FALSE,"observed"
"NL",1885,"5",5,0.00964,FALSE,"observed"
"NL",1885,"6",6,0.00819,FALSE,"observed"
"NL",1885,"7",7,0.00678,FALSE,"observed"
"NL",1885,"8",8,0.00493,FALSE,"observed"
"NL",1885,"9",9,0.00439,FALSE,"observed"
"NL",1885,"10",10,0.00355,FALSE,"observed"
"NL",1885,"11",11,0.00354,FALSE,"observed"
"NL",1885,"12",12,0.00341,FALSE,"observed"
"NL",1885,"13",13,0.00348,FALSE,"observed"
"NL",1885,"14",14,0.00385,FALSE,"observed"
"NL",1885,"15",15,0.00411,FALSE,"observed"
"NL",1885,"16",16,0.00444,FALSE,"observed"
"NL",1885,"17",17,0.00486,FALSE,"observed"
"NL",1885,"18",18,0.00562,FALSE,"observed"
"NL",1885,"19",19,0.00602,FALSE,"observed"
"NL",1885,"20",20,0.00635,FALSE,"observed"
"NL",1885,"21",21,0.00665,FALSE,"observed"
"NL",1885,"22",22,0.00614,FALSE,"observed"
"NL",1885,"23",23,0.00672,FALSE,"observed"
"NL",1885,"24",24,0.00664,FALSE,"observed"
"NL",1885,"25",25,0.00679,FALSE,"observed"
"NL",1885,"26",26,0.00715,FALSE,"observed"
"NL",1885,"27",27,0.00725,FALSE,"observed"
"NL",1885,"28",28,0.00766,FALSE,"observed"
"NL",1885,"29",29,0.00771,FALSE,"observed"
"NL",1885,"30",30,0.00788,FALSE,"observed"
"NL",1885,"31",31,0.00761,FALSE,"observed"
"NL",1885,"32",32,0.00872,FALSE,"observed"
"NL",1885,"33",33,0.00841,FALSE,"observed"
"NL",1885,"34",34,0.00845,FALSE,"observed"
"NL",1885,"35",35,0.0093,FALSE,"observed"
"NL",1885,"36",36,0.00946,FALSE,"observed"
"NL",1885,"37",37,0.00997,FALSE,"observed"
"NL",1885,"38",38,0.01037,FALSE,"observed"
"NL",1885,"39",39,0.0105,FALSE,"observed"
"NL",1885,"40",40,0.0114,FALSE,"observed"
"NL",1885,"41",41,0.01047,FALSE,"observed"
"NL",1885,"42",42,0.01177,FALSE,"observed"
"NL",1885,"43",43,0.01023,FALSE,"observed"
"NL",1885,"44",44,0.01193,FALSE,"observed"
"NL",1885,"45",45,0.01168,FALSE,"observed"
"NL",1885,"46",46,0.01247,FALSE,"observed"
"NL",1885,"47",47,0.01154,FALSE,"observed"
"NL",1885,"48",48,0.01284,FALSE,"observed"
"NL",1885,"49",49,0.01308,FALSE,"observed"
"NL",1885,"50",50,0.01431,FALSE,"observed"
"NL",1885,"51",51,0.01386,FALSE,"observed"
"NL",1885,"52",52,0.01451,FALSE,"observed"
"NL",1885,"53",53,0.01642,FALSE,"observed"
"NL",1885,"54",54,0.01747,FALSE,"observed"
"NL",1885,"55",55,0.01823,FALSE,"observed"
"NL",1885,"56",56,0.02004,FALSE,"observed"
"NL",1885,"57",57,0.02032,FALSE,"observed"
"NL",1885,"58",58,0.02241,FALSE,"observed"
"NL",1885,"59",59,0.02448,FALSE,"observed"
"NL",1885,"60",60,0.02732,FALSE,"observed"
"NL",1885,"61",61,0.02903,FALSE,"observed"
"NL",1885,"62",62,0.03057,FALSE,"observed"
"NL",1885,"63",63,0.0347,FALSE,"observed"
"NL",1885,"64",64,0.03753,FALSE,"observed"
"NL",1885,"65",65,0.04172,FALSE,"observed"
"NL",1885,"66",66,0.04448,FALSE,"observed"
"NL",1885,"67",67,0.04576,FALSE,"observed"
"NL",1885,"68",68,0.05195,FALSE,"observed"
"NL",1885,"69",69,0.05551,FALSE,"observed"
"NL",1885,"70",70,0.06206,FALSE,"observed"
"NL",1885,"71",71,0.06697,FALSE,"observed"
"NL",1885,"72",72,0.07042,FALSE,"observed"
"NL",1885,"73",73,0.08405,FALSE,"observed"
"NL",1885,"74",74,0.09003,FALSE,"observed"
"NL",1885,"75",75,0.10056,FALSE,"observed"
"NL",1885,"76",76,0.10588,FALSE,"observed"
"NL",1885,"77",77,0.11759,FALSE,"observed"
"NL",1885,"78",78,0.12618,FALSE,"observed"
"NL",1885,"79",79,0.13561,FALSE,"observed"
"NL",1885,"80",80,0.15061,FALSE,"observed"
"NL",1885,"81",81,0.1664,FALSE,"observed"
"NL",1885,"82",82,0.18797,FALSE,"observed"
"NL",1885,"83",83,0.17592,FALSE,"observed"
"NL",1885,"84",84,0.21591,FALSE,"observed"
"NL",1885,"85",85,0.21092,FALSE,"observed"
"NL",1885,"86",86,0.24229,FALSE,"observed"
"NL",1885,"87",87,0.26176,FALSE,"observed"
"NL",1885,"88",88,0.28792,FALSE,"observed"
"NL",1885,"89",89,0.31008,FALSE,"observed"
"NL",1885,"90",90,0.33323,FALSE,"observed"
"NL",1885,"91",91,0.35732,FALSE,"observed"
"NL",1885,"92",92,0.38227,FALSE,"observed"
"NL",1885,"93",93,0.40798,FALSE,"observed"
"NL",1885,"94",94,0.43435,FALSE,"observed"
"NL",1885,"95",95,0.46124,FALSE,"observed"
"NL",1885,"96",96,0.48852,FALSE,"observed"
"NL",1885,"97",97,0.51603,FALSE,"observed"
"NL",1885,"98",98,0.5436,FALSE,"observed"
"NL",1885,"99",99,0.57108,FALSE,"observed"
"NL",1885,"100",100,0.59828,FALSE,"observed"
"NL",1885,"101",101,0.62504,FALSE,"observed"
"NL",1885,"102",102,0.65119,FALSE,"observed"
"NL",1885,"103",103,0.67659,FALSE,"observed"
"NL",1885,"104",104,0.70109,FALSE,"observed"
"NL",1885,"105",105,0.72459,FALSE,"observed"
"NL",1885,"106",106,0.74699,FALSE,"observed"
"NL",1885,"107",107,0.76821,FALSE,"observed"
"NL",1885,"108",108,0.7882,FALSE,"observed"
"NL",1885,"109",109,0.80692,FALSE,"observed"
"NL",1885,"110+",110,0.82438,FALSE,"observed"
"NL",1886,"0",0,0.23567,FALSE,"observed"
"NL",1886,"1",1,0.06276,FALSE,"observed"
"NL",1886,"2",2,0.02786,FALSE,"observed"
"NL",1886,"3",3,0.01989,FALSE,"observed"
"NL",1886,"4",4,0.01358,FALSE,"observed"
"NL",1886,"5",5,0.01074,FALSE,"observed"
"NL",1886,"6",6,0.00842,FALSE,"observed"
"NL",1886,"7",7,0.00658,FALSE,"observed"
"NL",1886,"8",8,0.00511,FALSE,"observed"
"NL",1886,"9",9,0.00422,FALSE,"observed"
"NL",1886,"10",10,0.00388,FALSE,"observed"
"NL",1886,"11",11,0.00382,FALSE,"observed"
"NL",1886,"12",12,0.00323,FALSE,"observed"
"NL",1886,"13",13,0.00334,FALSE,"observed"
"NL",1886,"14",14,0.00366,FALSE,"observed"
"NL",1886,"15",15,0.00371,FALSE,"observed"
"NL",1886,"16",16,0.00426,FALSE,"observed"
"NL",1886,"17",17,0.00474,FALSE,"observed"
"NL",1886,"18",18,0.00561,FALSE,"observed"
"NL",1886,"19",19,0.00604,FALSE,"observed"
"NL",1886,"20",20,0.00622,FALSE,"observed"
"NL",1886,"21",21,0.0065,FALSE,"observed"
"NL",1886,"22",22,0.00644,FALSE,"observed"
"NL",1886,"23",23,0.00671,FALSE,"observed"
"NL",1886,"24",24,0.00692,FALSE,"observed"
"NL",1886,"25",25,0.00715,FALSE,"observed"
"NL",1886,"26",26,0.00669,FALSE,"observed"
"NL",1886,"27",27,0.00746,FALSE,"observed"
"NL",1886,"28",28,0.00671,FALSE,"observed"
"NL",1886,"29",29,0.00722,FALSE,"observed"
"NL",1886,"30",30,0.00811,FALSE,"observed"
"NL",1886,"31",31,0.0074,FALSE,"observed"
"NL",1886,"32",32,0.00858,FALSE,"observed"
"NL",1886,"33",33,0.00792,FALSE,"observed"
"NL",1886,"34",34,0.00873,FALSE,"observed"
"NL",1886,"35",35,0.00957,FALSE,"observed"
"NL",1886,"36",36,0.00952,FALSE,"observed"
"NL",1886,"37",37,0.00908,FALSE,"observed"
"NL",1886,"38",38,0.01076,FALSE,"observed"
"NL",1886,"39",39,0.01086,FALSE,"observed"
"NL",1886,"40",40,0.01064,FALSE,"observed"
"NL",1886,"41",41,0.01058,FALSE,"observed"
"NL",1886,"42",42,0.0104,FALSE,"observed"
"NL",1886,"43",43,0.01078,FALSE,"observed"
"NL",1886,"44",44,0.01095,FALSE,"observed"
"NL",1886,"45",45,0.01174,FALSE,"observed"
"NL",1886,"46",46,0.01126,FALSE,"observed"
"NL",1886,"47",47,0.01131,FALSE,"observed"
"NL",1886,"48",48,0.01235,FALSE,"observed"
"NL",1886,"49",49,0.01305,FALSE,"observed"
"NL",1886,"50",50,0.01391,FALSE,"observed"
"NL",1886,"51",51,0.01333,FALSE,"observed"
"NL",1886,"52",52,0.0149,FALSE,"observed"
"NL",1886,"53",53,0.01626,FALSE,"observed"
"NL",1886,"54",54,0.01666,FALSE,"observed"
"NL",1886,"55",55,0.01747,FALSE,"observed"
"NL",1886,"56",56,0.01899,FALSE,"observed"
"NL",1886,"57",57,0.02208,FALSE,"observed"
"NL",1886,"58",58,0.02149,FALSE,"observed"
"NL",1886,"59",59,0.02455,FALSE,"observed"
"NL",1886,"60",60,0.02544,FALSE,"observed"
"NL",1886,"61",61,0.02694,FALSE,"observed"
"NL",1886,"62",62,0.02902,FALSE,"observed"
"NL",1886,"63",63,0.03498,FALSE,"observed"
"NL",1886,"64",64,0.03838,FALSE,"observed"
"NL",1886,"65",65,0.0392,FALSE,"observed"
"NL",1886,"66",66,0.04227,FALSE,"observed"
"NL",1886,"67",67,0.04818,FALSE,"observed"
"NL",1886,"68",68,0.04994,FALSE,"observed"
"NL",1886,"69",69,0.05267,FALSE,"observed"
"NL",1886,"70",70,0.06066,FALSE,"observed"
"NL",1886,"71",71,0.06451,FALSE,"observed"
"NL",1886,"72",72,0.06741,FALSE,"observed"
"NL",1886,"73",73,0.08183,FALSE,"observed"
"NL",1886,"74",74,0.08627,FALSE,"observed"
"NL",1886,"75",75,0.09468,FALSE,"observed"
"NL",1886,"76",76,0.10854,FALSE,"observed"
"NL",1886,"77",77,0.11265,FALSE,"observed"
"NL",1886,"78",78,0.1244,FALSE,"observed"
"NL",1886,"79",79,0.14377,FALSE,"observed"
"NL",1886,"80",80,0.15104,FALSE,"observed"
"NL",1886,"81",81,0.1504,FALSE,"observed"
"NL",1886,"82",82,0.17639,FALSE,"observed"
"NL",1886,"83",83,0.18441,FALSE,"observed"
"NL",1886,"84",84,0.20352,FALSE,"observed"
"NL",1886,"85",85,0.21312,FALSE,"observed"
"NL",1886,"86",86,0.23117,FALSE,"observed"
"NL",1886,"87",87,0.27028,FALSE,"observed"
"NL",1886,"88",88,0.2736,FALSE,"observed"
"NL",1886,"89",89,0.29683,FALSE,"observed"
"NL",1886,"90",90,0.31822,FALSE,"observed"
"NL",1886,"91",91,0.34032,FALSE,"observed"
"NL",1886,"92",92,0.36304,FALSE,"observed"
"NL",1886,"93",93,0.38629,FALSE,"observed"
"NL",1886,"94",94,0.40995,FALSE,"observed"
"NL",1886,"95",95,0.43391,FALSE,"observed"
"NL",1886,"96",96,0.45807,FALSE,"observed"
"NL",1886,"97",97,0.4823,FALSE,"observed"
"NL",1886,"98",98,0.50648,FALSE,"observed"
"NL",1886,"99",99,0.53051,FALSE,"observed"
"NL",1886,"100",100,0.55427,FALSE,"observed"
"NL",1886,"101",101,0.57768,FALSE,"observed"
"NL",1886,"102",102,0.60065,FALSE,"observed"
"NL",1886,"103",103,0.62309,FALSE,"observed"
"NL",1886,"104",104,0.64494,FALSE,"observed"
"NL",1886,"105",105,0.66614,FALSE,"observed"
"NL",1886,"106",106,0.68663,FALSE,"observed"
"NL",1886,"107",107,0.7064,FALSE,"observed"
"NL",1886,"108",108,0.72539,FALSE,"observed"
"NL",1886,"109",109,0.74359,FALSE,"observed"
"NL",1886,"110+",110,0.76098,FALSE,"observed"
"NL",1887,"0",0,0.19983,FALSE,"observed"
"NL",1887,"1",1,0.05078,FALSE,"observed"
"NL",1887,"2",2,0.02347,FALSE,"observed"
"NL",1887,"3",3,0.01615,FALSE,"observed"
"NL",1887,"4",4,0.01165,FALSE,"observed"
"NL",1887,"5",5,0.00882,FALSE,"observed"
"NL",1887,"6",6,0.00704,FALSE,"observed"
"NL",1887,"7",7,0.00557,FALSE,"observed"
"NL",1887,"8",8,0.0051,FALSE,"observed"
"NL",1887,"9",9,0.0037,FALSE,"observed"
"NL",1887,"10",10,0.00377,FALSE,"observed"
"NL",1887,"11",11,0.00321,FALSE,"observed"
"NL",1887,"12",12,0.00299,FALSE,"observed"
"NL",1887,"13",13,0.00297,FALSE,"observed"
"NL",1887,"14",14,0.0033,FALSE,"observed"
"NL",1887,"15",15,0.00362,FALSE,"observed"
"NL",1887,"16",16,0.00431,FALSE,"observed"
"NL",1887,"17",17,0.00468,FALSE,"observed"
"NL",1887,"18",18,0.00474,FALSE,"observed"
"NL",1887,"19",19,0.0056,FALSE,"observed"
"NL",1887,"20",20,0.00637,FALSE,"observed"
"NL",1887,"21",21,0.00593,FALSE,"observed"
"NL",1887,"22",22,0.00614,FALSE,"observed"
"NL",1887,"23",23,0.00634,FALSE,"observed"
"NL",1887,"24",24,0.00616,FALSE,"observed"
"NL",1887,"25",25,0.00676,FALSE,"observed"
"NL",1887,"26",26,0.00609,FALSE,"observed"
"NL",1887,"27",27,0.00766,FALSE,"observed"
"NL",1887,"28",28,0.00677,FALSE,"observed"
"NL",1887,"29",29,0.0067,FALSE,"observed"
"NL",1887,"30",30,0.00719,FALSE,"observed"
"NL",1887,"31",31,0.00685,FALSE,"observed"
"NL",1887,"32",32,0.00723,FALSE,"observed"
"NL",1887,"33",33,0.00775,FALSE,"observed"
"NL",1887,"34",34,0.00784,FALSE,"observed"
"NL",1887,"35",35,0.00822,FALSE,"observed"
"NL",1887,"36",36,0.00942,FALSE,"observed"
"NL",1887,"37",37,0.00847,FALSE,"observed"
"NL",1887,"38",38,0.0098,FALSE,"observed"
"NL",1887,"39",39,0.01018,FALSE,"observed"
"NL",1887,"40",40,0.00923,FALSE,"observed"
"NL",1887,"41",41,0.0098,FALSE,"observed"
"NL",1887,"42",42,0.0111,FALSE,"observed"
"NL",1887,"43",43,0.00973,FALSE,"observed"
"NL",1887,"44",44,0.01044,FALSE,"observed"
"NL",1887,"45",45,0.01059,FALSE,"observed"
"NL",1887,"46",46,0.01155,FALSE,"observed"
"NL",1887,"47",47,0.01132,FALSE,"observed"
"NL",1887,"48",48,0.01166,FALSE,"observed"
"NL",1887,"49",49,0.01381,FALSE,"observed"
"NL",1887,"50",50,0.01314,FALSE,"observed"
"NL",1887,"51",51,0.01249,FALSE,"observed"
"NL",1887,"52",52,0.01355,FALSE,"observed"
"NL",1887,"53",53,0.0162,FALSE,"observed"
"NL",1887,"54",54,0.01737,FALSE,"observed"
"NL",1887,"55",55,0.01706,FALSE,"observed"
"NL",1887,"56",56,0.01892,FALSE,"observed"
"NL",1887,"57",57,0.01969,FALSE,"observed"
"NL",1887,"58",58,0.02203,FALSE,"observed"
"NL",1887,"59",59,0.02356,FALSE,"observed"
"NL",1887,"60",60,0.02396,FALSE,"observed"
"NL",1887,"61",61,0.02725,FALSE,"observed"
"NL",1887,"62",62,0.03144,FALSE,"observed"
"NL",1887,"63",63,0.03319,FALSE,"observed"
"NL",1887,"64",64,0.03702,FALSE,"observed"
"NL",1887,"65",65,0.03846,FALSE,"observed"
"NL",1887,"66",66,0.04172,FALSE,"observed"
"NL",1887,"67",67,0.04459,FALSE,"observed"
"NL",1887,"68",68,0.05089,FALSE,"observed"
"NL",1887,"69",69,0.05533,FALSE,"observed"
"NL",1887,"70",70,0.05942,FALSE,"observed"
"NL",1887,"71",71,0.06409,FALSE,"observed"
"NL",1887,"72",72,0.07523,FALSE,"observed"
"NL",1887,"73",73,0.07596,FALSE,"observed"
"NL",1887,"74",74,0.0853,FALSE,"observed"
"NL",1887,"75",75,0.09582,FALSE,"observed"
"NL",1887,"76",76,0.10425,FALSE,"observed"
"NL",1887,"77",77,0.11334,FALSE,"observed"
"NL",1887,"78",78,0.12305,FALSE,"observed"
"NL",1887,"79",79,0.13536,FALSE,"observed"
"NL",1887,"80",80,0.1457,FALSE,"observed"
"NL",1887,"81",81,0.15806,FALSE,"observed"
"NL",1887,"82",82,0.18341,FALSE,"observed"
"NL",1887,"83",83,0.1954,FALSE,"observed"
"NL",1887,"84",84,0.19129,FALSE,"observed"
"NL",1887,"85",85,0.22766,FALSE,"observed"
"NL",1887,"86",86,0.24653,FALSE,"observed"
"NL",1887,"87",87,0.24971,FALSE,"observed"
"NL",1887,"88",88,0.26429,FALSE,"observed"
"NL",1887,"89",89,0.29577,FALSE,"observed"
"NL",1887,"90",90,0.31651,FALSE,"observed"
"NL",1887,"91",91,0.338,FALSE,"observed"
"NL",1887,"92",92,0.36018,FALSE,"observed"
"NL",1887,"93",93,0.38296,FALSE,"observed"
"NL",1887,"94",94,0.40626,FALSE,"observed"
"NL",1887,"95",95,0.42998,FALSE,"observed"
"NL",1887,"96",96,0.45402,FALSE,"observed"
"NL",1887,"97",97,0.47826,FALSE,"observed"
"NL",1887,"98",98,0.5026,FALSE,"observed"
"NL",1887,"99",99,0.52692,FALSE,"observed"
"NL",1887,"100",100,0.55111,FALSE,"observed"
"NL",1887,"101",101,0.57505,FALSE,"observed"
"NL",1887,"102",102,0.59864,FALSE,"observed"
"NL",1887,"103",103,0.62177,FALSE,"observed"
"NL",1887,"104",104,0.64436,FALSE,"observed"
"NL",1887,"105",105,0.66632,FALSE,"observed"
"NL",1887,"106",106,0.68758,FALSE,"observed"
"NL",1887,"107",107,0.70808,FALSE,"observed"
"NL",1887,"108",108,0.72777,FALSE,"observed"
"NL",1887,"109",109,0.7466,FALSE,"observed"
"NL",1887,"110+",110,0.76455,FALSE,"observed"
"NL",1888,"0",0,0.21201,FALSE,"observed"
"NL",1888,"1",1,0.05696,FALSE,"observed"
"NL",1888,"2",2,0.02262,FALSE,"observed"
"NL",1888,"3",3,0.01586,FALSE,"observed"
"NL",1888,"4",4,0.01074,FALSE,"observed"
"NL",1888,"5",5,0.00846,FALSE,"observed"
"NL",1888,"6",6,0.00664,FALSE,"observed"
"NL",1888,"7",7,0.00541,FALSE,"observed"
"NL",1888,"8",8,0.00407,FALSE,"observed"
"NL",1888,"9",9,0.00397,FALSE,"observed"
"NL",1888,"10",10,0.00394,FALSE,"observed"
"NL",1888,"11",11,0.00321,FALSE,"observed"
"NL",1888,"12",12,0.00287,FALSE,"observed"
"NL",1888,"13",13,0.003,FALSE,"observed"
"NL",1888,"14",14,0.00334,FALSE,"observed"
"NL",1888,"15",15,0.00379,FALSE,"observed"
"NL",1888,"16",16,0.00438,FALSE,"observed"
"NL",1888,"17",17,0.00463,FALSE,"observed"
"NL",1888,"18",18,0.00479,FALSE,"observed"
"NL",1888,"19",19,0.00566,FALSE,"observed"
"NL",1888,"20",20,0.00599,FALSE,"observed"
"NL",1888,"21",21,0.00654,FALSE,"observed"
"NL",1888,"22",22,0.00629,FALSE,"observed"
"NL",1888,"23",23,0.00607,FALSE,"observed"
"NL",1888,"24",24,0.00636,FALSE,"observed"
"NL",1888,"25",25,0.00599,FALSE,"observed"
"NL",1888,"26",26,0.00626,FALSE,"observed"
"NL",1888,"27",27,0.00632,FALSE,"observed"
"NL",1888,"28",28,0.00696,FALSE,"observed"
"NL",1888,"29",29,0.00658,FALSE,"observed"
"NL",1888,"30",30,0.00743,FALSE,"observed"
"NL",1888,"31",31,0.00702,FALSE,"observed"
"NL",1888,"32",32,0.00771,FALSE,"observed"
"NL",1888,"33",33,0.00798,FALSE,"observed"
"NL",1888,"34",34,0.00829,FALSE,"observed"
"NL",1888,"35",35,0.00784,FALSE,"observed"
"NL",1888,"36",36,0.0084,FALSE,"observed"
"NL",1888,"37",37,0.00917,FALSE,"observed"
"NL",1888,"38",38,0.00995,FALSE,"observed"
"NL",1888,"39",39,0.00943,FALSE,"observed"
"NL",1888,"40",40,0.00994,FALSE,"observed"
"NL",1888,"41",41,0.00978,FALSE,"observed"
"NL",1888,"42",42,0.01034,FALSE,"observed"
"NL",1888,"43",43,0.01016,FALSE,"observed"
"NL",1888,"44",44,0.00984,FALSE,"observed"
"NL",1888,"45",45,0.01033,FALSE,"observed"
"NL",1888,"46",46,0.01147,FALSE,"observed"
"NL",1888,"47",47,0.01154,FALSE,"observed"
"NL",1888,"48",48,0.01134,FALSE,"observed"
"NL",1888,"49",49,0.01235,FALSE,"observed"
"NL",1888,"50",50,0.01369,FALSE,"observed"
"NL",1888,"51",51,0.01466,FALSE,"observed"
"NL",1888,"52",52,0.01529,FALSE,"observed"
"NL",1888,"53",53,0.01682,FALSE,"observed"
"NL",1888,"54",54,0.01632,FALSE,"observed"
"NL",1888,"55",55,0.01686,FALSE,"observed"
"NL",1888,"56",56,0.02064,FALSE,"observed"
"NL",1888,"57",57,0.02008,FALSE,"observed"
"NL",1888,"58",58,0.02246,FALSE,"observed"
"NL",1888,"59",59,0.02503,FALSE,"observed"
"NL",1888,"60",60,0.02696,FALSE,"observed"
"NL",1888,"61",61,0.02726,FALSE,"observed"
"NL",1888,"62",62,0.02894,FALSE,"observed"
"NL",1888,"63",63,0.03452,FALSE,"observed"
"NL",1888,"64",64,0.03554,FALSE,"observed"
"NL",1888,"65",65,0.03964,FALSE,"observed"
"NL",1888,"66",66,0.04551,FALSE,"observed"
"NL",1888,"67",67,0.04659,FALSE,"observed"
"NL",1888,"68",68,0.05232,FALSE,"observed"
"NL",1888,"69",69,0.05953,FALSE,"observed"
"NL",1888,"70",70,0.05661,FALSE,"observed"
"NL",1888,"71",71,0.06835,FALSE,"observed"
"NL",1888,"72",72,0.07679,FALSE,"observed"
"NL",1888,"73",73,0.08477,FALSE,"observed"
"NL",1888,"74",74,0.08444,FALSE,"observed"
"NL",1888,"75",75,0.0929,FALSE,"observed"
"NL",1888,"76",76,0.11197,FALSE,"observed"
"NL",1888,"77",77,0.12028,FALSE,"observed"
"NL",1888,"78",78,0.12118,FALSE,"observed"
"NL",1888,"79",79,0.13869,FALSE,"observed"
"NL",1888,"80",80,0.14979,FALSE,"observed"
"NL",1888,"81",81,0.15742,FALSE,"observed"
"NL",1888,"82",82,0.19253,FALSE,"observed"
"NL",1888,"83",83,0.19567,FALSE,"observed"
"NL",1888,"84",84,0.21401,FALSE,"observed"
"NL",1888,"85",85,0.23014,FALSE,"observed"
"NL",1888,"86",86,0.26367,FALSE,"observed"
"NL",1888,"87",87,0.28575,FALSE,"observed"
"NL",1888,"88",88,0.30777,FALSE,"observed"
"NL",1888,"89",89,0.32568,FALSE,"observed"
"NL",1888,"90",90,0.35079,FALSE,"observed"
"NL",1888,"91",91,0.37678,FALSE,"observed"
"NL",1888,"92",92,0.40354,FALSE,"observed"
"NL",1888,"93",93,0.43092,FALSE,"observed"
"NL",1888,"94",94,0.45876,FALSE,"observed"
"NL",1888,"95",95,0.48691,FALSE,"observed"
"NL",1888,"96",96,0.5152,FALSE,"observed"
"NL",1888,"97",97,0.54343,FALSE,"observed"
"NL",1888,"98",98,0.57144,FALSE,"observed"
"NL",1888,"99",99,0.59905,FALSE,"observed"
"NL",1888,"100",100,0.62611,FALSE,"observed"
"NL",1888,"101",101,0.65245,FALSE,"observed"
"NL",1888,"102",102,0.67794,FALSE,"observed"
"NL",1888,"103",103,0.70247,FALSE,"observed"
"NL",1888,"104",104,0.72593,FALSE,"observed"
"NL",1888,"105",105,0.74826,FALSE,"observed"
"NL",1888,"106",106,0.76939,FALSE,"observed"
"NL",1888,"107",107,0.78929,FALSE,"observed"
"NL",1888,"108",108,0.80794,FALSE,"observed"
"NL",1888,"109",109,0.82535,FALSE,"observed"
"NL",1888,"110+",110,0.84151,FALSE,"observed"
"NL",1889,"0",0,0.21443,FALSE,"observed"
"NL",1889,"1",1,0.05661,FALSE,"observed"
"NL",1889,"2",2,0.02233,FALSE,"observed"
"NL",1889,"3",3,0.01422,FALSE,"observed"
"NL",1889,"4",4,0.01033,FALSE,"observed"
"NL",1889,"5",5,0.00773,FALSE,"observed"
"NL",1889,"6",6,0.0063,FALSE,"observed"
"NL",1889,"7",7,0.00496,FALSE,"observed"
"NL",1889,"8",8,0.00434,FALSE,"observed"
"NL",1889,"9",9,0.00396,FALSE,"observed"
"NL",1889,"10",10,0.00372,FALSE,"observed"
"NL",1889,"11",11,0.00335,FALSE,"observed"
"NL",1889,"12",12,0.00323,FALSE,"observed"
"NL",1889,"13",13,0.00355,FALSE,"observed"
"NL",1889,"14",14,0.0035,FALSE,"observed"
"NL",1889,"15",15,0.00376,FALSE,"observed"
"NL",1889,"16",16,0.00433,FALSE,"observed"
"NL",1889,"17",17,0.00463,FALSE,"observed"
"NL",1889,"18",18,0.00535,FALSE,"observed"
"NL",1889,"19",19,0.00544,FALSE,"observed"
"NL",1889,"20",20,0.0057,FALSE,"observed"
"NL",1889,"21",21,0.00662,FALSE,"observed"
"NL",1889,"22",22,0.00635,FALSE,"observed"
"NL",1889,"23",23,0.00629,FALSE,"observed"
"NL",1889,"24",24,0.00667,FALSE,"observed"
"NL",1889,"25",25,0.00635,FALSE,"observed"
"NL",1889,"26",26,0.00681,FALSE,"observed"
"NL",1889,"27",27,0.00653,FALSE,"observed"
"NL",1889,"28",28,0.00687,FALSE,"observed"
"NL",1889,"29",29,0.00636,FALSE,"observed"
"NL",1889,"30",30,0.00606,FALSE,"observed"
"NL",1889,"31",31,0.00759,FALSE,"observed"
"NL",1889,"32",32,0.00733,FALSE,"observed"
"NL",1889,"33",33,0.00822,FALSE,"observed"
"NL",1889,"34",34,0.00901,FALSE,"observed"
"NL",1889,"35",35,0.00841,FALSE,"observed"
"NL",1889,"36",36,0.00865,FALSE,"observed"
"NL",1889,"37",37,0.00908,FALSE,"observed"
"NL",1889,"38",38,0.00936,FALSE,"observed"
"NL",1889,"39",39,0.00955,FALSE,"observed"
"NL",1889,"40",40,0.00957,FALSE,"observed"
"NL",1889,"41",41,0.00935,FALSE,"observed"
"NL",1889,"42",42,0.01056,FALSE,"observed"
"NL",1889,"43",43,0.00994,FALSE,"observed"
"NL",1889,"44",44,0.00993,FALSE,"observed"
"NL",1889,"45",45,0.01063,FALSE,"observed"
"NL",1889,"46",46,0.01233,FALSE,"observed"
"NL",1889,"47",47,0.01208,FALSE,"observed"
"NL",1889,"48",48,0.01169,FALSE,"observed"
"NL",1889,"49",49,0.01255,FALSE,"observed"
"NL",1889,"50",50,0.01279,FALSE,"observed"
"NL",1889,"51",51,0.0139,FALSE,"observed"
"NL",1889,"52",52,0.01389,FALSE,"observed"
"NL",1889,"53",53,0.01463,FALSE,"observed"
"NL",1889,"54",54,0.01703,FALSE,"observed"
"NL",1889,"55",55,0.01855,FALSE,"observed"
"NL",1889,"56",56,0.01894,FALSE,"observed"
"NL",1889,"57",57,0.01985,FALSE,"observed"
"NL",1889,"58",58,0.02273,FALSE,"observed"
"NL",1889,"59",59,0.02345,FALSE,"observed"
"NL",1889,"60",60,0.02499,FALSE,"observed"
"NL",1889,"61",61,0.02716,FALSE,"observed"
"NL",1889,"62",62,0.02999,FALSE,"observed"
"NL",1889,"63",63,0.03103,FALSE,"observed"
"NL",1889,"64",64,0.03555,FALSE,"observed"
"NL",1889,"65",65,0.03805,FALSE,"observed"
"NL",1889,"66",66,0.04555,FALSE,"observed"
"NL",1889,"67",67,0.04753,FALSE,"observed"
"NL",1889,"68",68,0.05146,FALSE,"observed"
"NL",1889,"69",69,0.05655,FALSE,"observed"
"NL",1889,"70",70,0.05996,FALSE,"observed"
"NL",1889,"71",71,0.05969,FALSE,"observed"
"NL",1889,"72",72,0.07526,FALSE,"observed"
"NL",1889,"73",73,0.07561,FALSE,"observed"
"NL",1889,"74",74,0.08418,FALSE,"observed"
"NL",1889,"75",75,0.09174,FALSE,"observed"
"NL",1889,"76",76,0.10065,FALSE,"observed"
"NL",1889,"77",77,0.10911,FALSE,"observed"
"NL",1889,"78",78,0.12624,FALSE,"observed"
"NL",1889,"79",79,0.13444,FALSE,"observed"
"NL",1889,"80",80,0.14261,FALSE,"observed"
"NL",1889,"81",81,0.16452,FALSE,"observed"
"NL",1889,"82",82,0.17701,FALSE,"observed"
"NL",1889,"83",83,0.19045,FALSE,"observed"
"NL",1889,"84",84,0.22206,FALSE,"observed"
"NL",1889,"85",85,0.21216,FALSE,"observed"
"NL",1889,"86",86,0.2261,FALSE,"observed"
"NL",1889,"87",87,0.26214,FALSE,"observed"
"NL",1889,"88",88,0.30876,FALSE,"observed"
"NL",1889,"89",89,0.29829,FALSE,"observed"
"NL",1889,"90",90,0.31952,FALSE,"observed"
"NL",1889,"91",91,0.34156,FALSE,"observed"
"NL",1889,"92",92,0.36433,FALSE,"observed"
"NL",1889,"93",93,0.38776,FALSE,"observed"
"NL",1889,"94",94,0.41176,FALSE,"observed"
"NL",1889,"95",95,0.43621,FALSE,"observed"
"NL",1889,"96",96,0.46102,FALSE,"observed"
"NL",1889,"97",97,0.48607,FALSE,"observed"
"NL",1889,"98",98,0.51122,FALSE,"observed"
"NL",1889,"99",99,0.53636,FALSE,"observed"
"NL",1889,"100",100,0.56136,FALSE,"observed"
"NL",1889,"101",101,0.5861,FALSE,"observed"
"NL",1889,"102",102,0.61045,FALSE,"observed"
"NL",1889,"103",103,0.63431,FALSE,"observed"
"NL",1889,"104",104,0.65757,FALSE,"observed"
"NL",1889,"105",105,0.68014,FALSE,"observed"
"NL",1889,"106",106,0.70195,FALSE,"observed"
"NL",1889,"107",107,0.72292,FALSE,"observed"
"NL",1889,"108",108,0.74299,FALSE,"observed"
"NL",1889,"109",109,0.76214,FALSE,"observed"
"NL",1889,"110+",110,0.78032,FALSE,"observed"
"NL",1890,"0",0,0.2081,FALSE,"observed"
"NL",1890,"1",1,0.05482,FALSE,"observed"
"NL",1890,"2",2,0.02131,FALSE,"observed"
"NL",1890,"3",3,0.01322,FALSE,"observed"
"NL",1890,"4",4,0.0093,FALSE,"observed"
"NL",1890,"5",5,0.00686,FALSE,"observed"
"NL",1890,"6",6,0.00545,FALSE,"observed"
"NL",1890,"7",7,0.00449,FALSE,"observed"
"NL",1890,"8",8,0.00402,FALSE,"observed"
"NL",1890,"9",9,0.00379,FALSE,"observed"
"NL",1890,"10",10,0.00347,FALSE,"observed"
"NL",1890,"11",11,0.00328,FALSE,"observed"
"NL",1890,"12",12,0.00315,FALSE,"observed"
"NL",1890,"13",13,0.00311,FALSE,"observed"
"NL",1890,"14",14,0.00341,FALSE,"observed"
"NL",1890,"15",15,0.00369,FALSE,"observed"
"NL",1890,"16",16,0.00412,FALSE,"observed"
"NL",1890,"17",17,0.00474,FALSE,"observed"
"NL",1890,"18",18,0.0046,FALSE,"observed"
"NL",1890,"19",19,0.00532,FALSE,"observed"
"NL",1890,"20",20,0.0061,FALSE,"observed"
"NL",1890,"21",21,0.00644,FALSE,"observed"
"NL",1890,"22",22,0.00611,FALSE,"observed"
"NL",1890,"23",23,0.00601,FALSE,"observed"
"NL",1890,"24",24,0.00638,FALSE,"observed"
"NL",1890,"25",25,0.00713,FALSE,"observed"
"NL",1890,"26",26,0.0062,FALSE,"observed"
"NL",1890,"27",27,0.00727,FALSE,"observed"
"NL",1890,"28",28,0.00743,FALSE,"observed"
"NL",1890,"29",29,0.00703,FALSE,"observed"
"NL",1890,"30",30,0.0079,FALSE,"observed"
"NL",1890,"31",31,0.0075,FALSE,"observed"
"NL",1890,"32",32,0.00739,FALSE,"observed"
"NL",1890,"33",33,0.00762,FALSE,"observed"
"NL",1890,"34",34,0.0085,FALSE,"observed"
"NL",1890,"35",35,0.00912,FALSE,"observed"
"NL",1890,"36",36,0.00901,FALSE,"observed"
"NL",1890,"37",37,0.00863,FALSE,"observed"
"NL",1890,"38",38,0.00924,FALSE,"observed"
"NL",1890,"39",39,0.01079,FALSE,"observed"
"NL",1890,"40",40,0.01082,FALSE,"observed"
"NL",1890,"41",41,0.00954,FALSE,"observed"
"NL",1890,"42",42,0.01112,FALSE,"observed"
"NL",1890,"43",43,0.01127,FALSE,"observed"
"NL",1890,"44",44,0.01166,FALSE,"observed"
"NL",1890,"45",45,0.01134,FALSE,"observed"
"NL",1890,"46",46,0.01164,FALSE,"observed"
"NL",1890,"47",47,0.01115,FALSE,"observed"
"NL",1890,"48",48,0.01216,FALSE,"observed"
"NL",1890,"49",49,0.01463,FALSE,"observed"
"NL",1890,"50",50,0.01414,FALSE,"observed"
"NL",1890,"51",51,0.01489,FALSE,"observed"
"NL",1890,"52",52,0.01729,FALSE,"observed"
"NL",1890,"53",53,0.01728,FALSE,"observed"
"NL",1890,"54",54,0.01813,FALSE,"observed"
"NL",1890,"55",55,0.01854,FALSE,"observed"
"NL",1890,"56",56,0.02086,FALSE,"observed"
"NL",1890,"57",57,0.02122,FALSE,"observed"
"NL",1890,"58",58,0.02344,FALSE,"observed"
"NL",1890,"59",59,0.02529,FALSE,"observed"
"NL",1890,"60",60,0.02883,FALSE,"observed"
"NL",1890,"61",61,0.02811,FALSE,"observed"
"NL",1890,"62",62,0.03286,FALSE,"observed"
"NL",1890,"63",63,0.03492,FALSE,"observed"
"NL",1890,"64",64,0.03925,FALSE,"observed"
"NL",1890,"65",65,0.04252,FALSE,"observed"
"NL",1890,"66",66,0.04492,FALSE,"observed"
"NL",1890,"67",67,0.05012,FALSE,"observed"
"NL",1890,"68",68,0.055,FALSE,"observed"
"NL",1890,"69",69,0.05521,FALSE,"observed"
"NL",1890,"70",70,0.06683,FALSE,"observed"
"NL",1890,"71",71,0.07645,FALSE,"observed"
"NL",1890,"72",72,0.07229,FALSE,"observed"
"NL",1890,"73",73,0.08495,FALSE,"observed"
"NL",1890,"74",74,0.08777,FALSE,"observed"
"NL",1890,"75",75,0.10335,FALSE,"observed"
"NL",1890,"76",76,0.10818,FALSE,"observed"
"NL",1890,"77",77,0.11863,FALSE,"observed"
"NL",1890,"78",78,0.1378,FALSE,"observed"
"NL",1890,"79",79,0.14308,FALSE,"observed"
"NL",1890,"80",80,0.15772,FALSE,"observed"
"NL",1890,"81",81,0.18741,FALSE,"observed"
"NL",1890,"82",82,0.20444,FALSE,"observed"
"NL",1890,"83",83,0.21333,FALSE,"observed"
"NL",1890,"84",84,0.22264,FALSE,"observed"
"NL",1890,"85",85,0.23555,FALSE,"observed"
"NL",1890,"86",86,0.25264,FALSE,"observed"
"NL",1890,"87",87,0.30541,FALSE,"observed"
"NL",1890,"88",88,0.33184,FALSE,"observed"
"NL",1890,"89",89,0.34851,FALSE,"observed"
"NL",1890,"90",90,0.36113,FALSE,"observed"
"NL",1890,"91",91,0.3858,FALSE,"observed"
"NL",1890,"92",92,0.41103,FALSE,"observed"
"NL",1890,"93",93,0.43672,FALSE,"observed"
"NL",1890,"94",94,0.46271,FALSE,"observed"
"NL",1890,"95",95,0.48886,FALSE,"observed"
"NL",1890,"96",96,0.51504,FALSE,"observed"
"NL",1890,"97",97,0.54109,FALSE,"observed"
"NL",1890,"98",98,0.56688,FALSE,"observed"
"NL",1890,"99",99,0.59227,FALSE,"observed"
"NL",1890,"100",100,0.61714,FALSE,"observed"
"NL",1890,"101",101,0.64137,FALSE,"observed"
"NL",1890,"102",102,0.66487,FALSE,"observed"
"NL",1890,"103",103,0.68753,FALSE,"observed"
"NL",1890,"104",104,0.70931,FALSE,"observed"
"NL",1890,"105",105,0.73012,FALSE,"observed"
"NL",1890,"106",106,0.74995,FALSE,"observed"
"NL",1890,"107",107,0.76876,FALSE,"observed"
"NL",1890,"108",108,0.78653,FALSE,"observed"
"NL",1890,"109",109,0.80327,FALSE,"observed"
"NL",1890,"110+",110,0.81898,FALSE,"observed"
"NL",1891,"0",0,0.21006,FALSE,"observed"
"NL",1891,"1",1,0.05644,FALSE,"observed"
"NL",1891,"2",2,0.02187,FALSE,"observed"
"NL",1891,"3",3,0.0141,FALSE,"observed"
"NL",1891,"4",4,0.00956,FALSE,"observed"
"NL",1891,"5",5,0.00742,FALSE,"observed"
"NL",1891,"6",6,0.00608,FALSE,"observed"
"NL",1891,"7",7,0.00523,FALSE,"observed"
"NL",1891,"8",8,0.00383,FALSE,"observed"
"NL",1891,"9",9,0.00351,FALSE,"observed"
"NL",1891,"10",10,0.00322,FALSE,"observed"
"NL",1891,"11",11,0.00288,FALSE,"observed"
"NL",1891,"12",12,0.00371,FALSE,"observed"
"NL",1891,"13",13,0.00333,FALSE,"observed"
"NL",1891,"14",14,0.00343,FALSE,"observed"
"NL",1891,"15",15,0.00401,FALSE,"observed"
"NL",1891,"16",16,0.00437,FALSE,"observed"
"NL",1891,"17",17,0.00459,FALSE,"observed"
"NL",1891,"18",18,0.00509,FALSE,"observed"
"NL",1891,"19",19,0.00541,FALSE,"observed"
"NL",1891,"20",20,0.00595,FALSE,"observed"
"NL",1891,"21",21,0.006,FALSE,"observed"
"NL",1891,"22",22,0.00634,FALSE,"observed"
"NL",1891,"23",23,0.0058,FALSE,"observed"
"NL",1891,"24",24,0.0065,FALSE,"observed"
"NL",1891,"25",25,0.00619,FALSE,"observed"
"NL",1891,"26",26,0.00687,FALSE,"observed"
"NL",1891,"27",27,0.00665,FALSE,"observed"
"NL",1891,"28",28,0.00646,FALSE,"observed"
"NL",1891,"29",29,0.00694,FALSE,"observed"
"NL",1891,"30",30,0.00702,FALSE,"observed"
"NL",1891,"31",31,0.00717,FALSE,"observed"
"NL",1891,"32",32,0.0078,FALSE,"observed"
"NL",1891,"33",33,0.00786,FALSE,"observed"
"NL",1891,"34",34,0.00815,FALSE,"observed"
"NL",1891,"35",35,0.00837,FALSE,"observed"
"NL",1891,"36",36,0.00884,FALSE,"observed"
"NL",1891,"37",37,0.00948,FALSE,"observed"
"NL",1891,"38",38,0.00924,FALSE,"observed"
"NL",1891,"39",39,0.00897,FALSE,"observed"
"NL",1891,"40",40,0.00979,FALSE,"observed"
"NL",1891,"41",41,0.00957,FALSE,"observed"
"NL",1891,"42",42,0.01035,FALSE,"observed"
"NL",1891,"43",43,0.01071,FALSE,"observed"
"NL",1891,"44",44,0.01051,FALSE,"observed"
"NL",1891,"45",45,0.0104,FALSE,"observed"
"NL",1891,"46",46,0.01111,FALSE,"observed"
"NL",1891,"47",47,0.01214,FALSE,"observed"
"NL",1891,"48",48,0.01239,FALSE,"observed"
"NL",1891,"49",49,0.01322,FALSE,"observed"
"NL",1891,"50",50,0.01407,FALSE,"observed"
"NL",1891,"51",51,0.01459,FALSE,"observed"
"NL",1891,"52",52,0.01686,FALSE,"observed"
"NL",1891,"53",53,0.01729,FALSE,"observed"
"NL",1891,"54",54,0.01708,FALSE,"observed"
"NL",1891,"55",55,0.01741,FALSE,"observed"
"NL",1891,"56",56,0.019,FALSE,"observed"
"NL",1891,"57",57,0.02168,FALSE,"observed"
"NL",1891,"58",58,0.02269,FALSE,"observed"
"NL",1891,"59",59,0.02449,FALSE,"observed"
"NL",1891,"60",60,0.02655,FALSE,"observed"
"NL",1891,"61",61,0.03237,FALSE,"observed"
"NL",1891,"62",62,0.03171,FALSE,"observed"
"NL",1891,"63",63,0.0373,FALSE,"observed"
"NL",1891,"64",64,0.03862,FALSE,"observed"
"NL",1891,"65",65,0.04524,FALSE,"observed"
"NL",1891,"66",66,0.04564,FALSE,"observed"
"NL",1891,"67",67,0.05003,FALSE,"observed"
"NL",1891,"68",68,0.05204,FALSE,"observed"
"NL",1891,"69",69,0.05878,FALSE,"observed"
"NL",1891,"70",70,0.06596,FALSE,"observed"
"NL",1891,"71",71,0.06951,FALSE,"observed"
"NL",1891,"72",72,0.0825,FALSE,"observed"
"NL",1891,"73",73,0.08837,FALSE,"observed"
"NL",1891,"74",74,0.0994,FALSE,"observed"
"NL",1891,"75",75,0.10681,FALSE,"observed"
"NL",1891,"76",76,0.11412,FALSE,"observed"
"NL",1891,"77",77,0.13177,FALSE,"observed"
"NL",1891,"78",78,0.13401,FALSE,"observed"
"NL",1891,"79",79,0.15321,FALSE,"observed"
"NL",1891,"80",80,0.17385,FALSE,"observed"
"NL",1891,"81",81,0.17105,FALSE,"observed"
"NL",1891,"82",82,0.1849,FALSE,"observed"
"NL",1891,"83",83,0.20585,FALSE,"observed"
"NL",1891,"84",84,0.21625,FALSE,"observed"
"NL",1891,"85",85,0.24285,FALSE,"observed"
"NL",1891,"86",86,0.26603,FALSE,"observed"
"NL",1891,"87",87,0.28952,FALSE,"observed"
"NL",1891,"88",88,0.29512,FALSE,"observed"
"NL",1891,"89",89,0.3423,FALSE,"observed"
"NL",1891,"90",90,0.36082,FALSE,"observed"
"NL",1891,"91",91,0.3861,FALSE,"observed"
"NL",1891,"92",92,0.41201,FALSE,"observed"
"NL",1891,"93",93,0.4384,FALSE,"observed"
"NL",1891,"94",94,0.46515,FALSE,"observed"
"NL",1891,"95",95,0.4921,FALSE,"observed"
"NL",1891,"96",96,0.51909,FALSE,"observed"
"NL",1891,"97",97,0.54598,FALSE,"observed"
"NL",1891,"98",98,0.5726,FALSE,"observed"
"NL",1891,"99",99,0.5988,FALSE,"observed"
"NL",1891,"100",100,0.62446,FALSE,"observed"
"NL",1891,"101",101,0.64943,FALSE,"observed"
"NL",1891,"102",102,0.67362,FALSE,"observed"
"NL",1891,"103",103,0.69692,FALSE,"observed"
"NL",1891,"104",104,0.71926,FALSE,"observed"
"NL",1891,"105",105,0.74057,FALSE,"observed"
"NL",1891,"106",106,0.7608,FALSE,"observed"
"NL",1891,"107",107,0.77993,FALSE,"observed"
"NL",1891,"108",108,0.79794,FALSE,"observed"
"NL",1891,"109",109,0.81483,FALSE,"observed"
"NL",1891,"110+",110,0.83061,FALSE,"observed"
"NL",1892,"0",0,0.20746,FALSE,"observed"
"NL",1892,"1",1,0.05739,FALSE,"observed"
"NL",1892,"2",2,0.02232,FALSE,"observed"
"NL",1892,"3",3,0.01387,FALSE,"observed"
"NL",1892,"4",4,0.01048,FALSE,"observed"
"NL",1892,"5",5,0.00715,FALSE,"observed"
"NL",1892,"6",6,0.0056,FALSE,"observed"
"NL",1892,"7",7,0.00472,FALSE,"observed"
"NL",1892,"8",8,0.00394,FALSE,"observed"
"NL",1892,"9",9,0.00377,FALSE,"observed"
"NL",1892,"10",10,0.00316,FALSE,"observed"
"NL",1892,"11",11,0.00303,FALSE,"observed"
"NL",1892,"12",12,0.00328,FALSE,"observed"
"NL",1892,"13",13,0.00332,FALSE,"observed"
"NL",1892,"14",14,0.00339,FALSE,"observed"
"NL",1892,"15",15,0.00408,FALSE,"observed"
"NL",1892,"16",16,0.0044,FALSE,"observed"
"NL",1892,"17",17,0.00461,FALSE,"observed"
"NL",1892,"18",18,0.00513,FALSE,"observed"
"NL",1892,"19",19,0.00541,FALSE,"observed"
"NL",1892,"20",20,0.00571,FALSE,"observed"
"NL",1892,"21",21,0.00618,FALSE,"observed"
"NL",1892,"22",22,0.00575,FALSE,"observed"
"NL",1892,"23",23,0.00643,FALSE,"observed"
"NL",1892,"24",24,0.00674,FALSE,"observed"
"NL",1892,"25",25,0.00603,FALSE,"observed"
"NL",1892,"26",26,0.00657,FALSE,"observed"
"NL",1892,"27",27,0.00613,FALSE,"observed"
"NL",1892,"28",28,0.00643,FALSE,"observed"
"NL",1892,"29",29,0.00669,FALSE,"observed"
"NL",1892,"30",30,0.00726,FALSE,"observed"
"NL",1892,"31",31,0.00726,FALSE,"observed"
"NL",1892,"32",32,0.00785,FALSE,"observed"
"NL",1892,"33",33,0.00751,FALSE,"observed"
"NL",1892,"34",34,0.00835,FALSE,"observed"
"NL",1892,"35",35,0.00885,FALSE,"observed"
"NL",1892,"36",36,0.00919,FALSE,"observed"
"NL",1892,"37",37,0.00918,FALSE,"observed"
"NL",1892,"38",38,0.01002,FALSE,"observed"
"NL",1892,"39",39,0.01006,FALSE,"observed"
"NL",1892,"40",40,0.00965,FALSE,"observed"
"NL",1892,"41",41,0.01083,FALSE,"observed"
"NL",1892,"42",42,0.0102,FALSE,"observed"
"NL",1892,"43",43,0.01103,FALSE,"observed"
"NL",1892,"44",44,0.01098,FALSE,"observed"
"NL",1892,"45",45,0.0115,FALSE,"observed"
"NL",1892,"46",46,0.01181,FALSE,"observed"
"NL",1892,"47",47,0.01217,FALSE,"observed"
"NL",1892,"48",48,0.01348,FALSE,"observed"
"NL",1892,"49",49,0.01298,FALSE,"observed"
"NL",1892,"50",50,0.01467,FALSE,"observed"
"NL",1892,"51",51,0.01566,FALSE,"observed"
"NL",1892,"52",52,0.01528,FALSE,"observed"
"NL",1892,"53",53,0.01776,FALSE,"observed"
"NL",1892,"54",54,0.01976,FALSE,"observed"
"NL",1892,"55",55,0.02002,FALSE,"observed"
"NL",1892,"56",56,0.02146,FALSE,"observed"
"NL",1892,"57",57,0.02451,FALSE,"observed"
"NL",1892,"58",58,0.02608,FALSE,"observed"
"NL",1892,"59",59,0.02601,FALSE,"observed"
"NL",1892,"60",60,0.02774,FALSE,"observed"
"NL",1892,"61",61,0.03261,FALSE,"observed"
"NL",1892,"62",62,0.03473,FALSE,"observed"
"NL",1892,"63",63,0.03847,FALSE,"observed"
"NL",1892,"64",64,0.04058,FALSE,"observed"
"NL",1892,"65",65,0.04552,FALSE,"observed"
"NL",1892,"66",66,0.04968,FALSE,"observed"
"NL",1892,"67",67,0.05476,FALSE,"observed"
"NL",1892,"68",68,0.05727,FALSE,"observed"
"NL",1892,"69",69,0.06378,FALSE,"observed"
"NL",1892,"70",70,0.07312,FALSE,"observed"
"NL",1892,"71",71,0.07837,FALSE,"observed"
"NL",1892,"72",72,0.08567,FALSE,"observed"
"NL",1892,"73",73,0.09587,FALSE,"observed"
"NL",1892,"74",74,0.09553,FALSE,"observed"
"NL",1892,"75",75,0.10728,FALSE,"observed"
"NL",1892,"76",76,0.1214,FALSE,"observed"
"NL",1892,"77",77,0.13704,FALSE,"observed"
"NL",1892,"78",78,0.14133,FALSE,"observed"
"NL",1892,"79",79,0.15376,FALSE,"observed"
"NL",1892,"80",80,0.17279,FALSE,"observed"
"NL",1892,"81",81,0.1832,FALSE,"observed"
"NL",1892,"82",82,0.22458,FALSE,"observed"
"NL",1892,"83",83,0.22341,FALSE,"observed"
"NL",1892,"84",84,0.24604,FALSE,"observed"
"NL",1892,"85",85,0.24888,FALSE,"observed"
"NL",1892,"86",86,0.28072,FALSE,"observed"
"NL",1892,"87",87,0.29682,FALSE,"observed"
"NL",1892,"88",88,0.30691,FALSE,"observed"
"NL",1892,"89",89,0.3687,FALSE,"observed"
"NL",1892,"90",90,0.37343,FALSE,"observed"
"NL",1892,"91",91,0.39795,FALSE,"observed"
"NL",1892,"92",92,0.42298,FALSE,"observed"
"NL",1892,"93",93,0.4484,FALSE,"observed"
"NL",1892,"94",94,0.47408,FALSE,"observed"
"NL",1892,"95",95,0.49989,FALSE,"observed"
"NL",1892,"96",96,0.52569,FALSE,"observed"
"NL",1892,"97",97,0.55135,FALSE,"observed"
"NL",1892,"98",98,0.57672,FALSE,"observed"
"NL",1892,"99",99,0.60169,FALSE,"observed"
"NL",1892,"100",100,0.62612,FALSE,"observed"
"NL",1892,"101",101,0.64992,FALSE,"observed"
"NL",1892,"102",102,0.67299,FALSE,"observed"
"NL",1892,"103",103,0.69524,FALSE,"observed"
"NL",1892,"104",104,0.71661,FALSE,"observed"
"NL",1892,"105",105,0.73703,FALSE,"observed"
"NL",1892,"106",106,0.75648,FALSE,"observed"
"NL",1892,"107",107,0.77492,FALSE,"observed"
"NL",1892,"108",108,0.79234,FALSE,"observed"
"NL",1892,"109",109,0.80874,FALSE,"observed"
"NL",1892,"110+",110,0.82412,FALSE,"observed"
"NL",1893,"0",0,0.2045,FALSE,"observed"
"NL",1893,"1",1,0.04444,FALSE,"observed"
"NL",1893,"2",2,0.02025,FALSE,"observed"
"NL",1893,"3",3,0.01303,FALSE,"observed"
"NL",1893,"4",4,0.00922,FALSE,"observed"
"NL",1893,"5",5,0.00723,FALSE,"observed"
"NL",1893,"6",6,0.00562,FALSE,"observed"
"NL",1893,"7",7,0.00467,FALSE,"observed"
"NL",1893,"8",8,0.00369,FALSE,"observed"
"NL",1893,"9",9,0.00354,FALSE,"observed"
"NL",1893,"10",10,0.00349,FALSE,"observed"
"NL",1893,"11",11,0.003,FALSE,"observed"
"NL",1893,"12",12,0.00301,FALSE,"observed"
"NL",1893,"13",13,0.00328,FALSE,"observed"
"NL",1893,"14",14,0.00328,FALSE,"observed"
"NL",1893,"15",15,0.00351,FALSE,"observed"
"NL",1893,"16",16,0.00422,FALSE,"observed"
"NL",1893,"17",17,0.00463,FALSE,"observed"
"NL",1893,"18",18,0.00529,FALSE,"observed"
"NL",1893,"19",19,0.00519,FALSE,"observed"
"NL",1893,"20",20,0.00606,FALSE,"observed"
"NL",1893,"21",21,0.00574,FALSE,"observed"
"NL",1893,"22",22,0.00575,FALSE,"observed"
"NL",1893,"23",23,0.00555,FALSE,"observed"
"NL",1893,"24",24,0.00579,FALSE,"observed"
"NL",1893,"25",25,0.00667,FALSE,"observed"
"NL",1893,"26",26,0.00604,FALSE,"observed"
"NL",1893,"27",27,0.00607,FALSE,"observed"
"NL",1893,"28",28,0.00624,FALSE,"observed"
"NL",1893,"29",29,0.00623,FALSE,"observed"
"NL",1893,"30",30,0.00632,FALSE,"observed"
"NL",1893,"31",31,0.007,FALSE,"observed"
"NL",1893,"32",32,0.00752,FALSE,"observed"
"NL",1893,"33",33,0.00711,FALSE,"observed"
"NL",1893,"34",34,0.00779,FALSE,"observed"
"NL",1893,"35",35,0.00746,FALSE,"observed"
"NL",1893,"36",36,0.00804,FALSE,"observed"
"NL",1893,"37",37,0.00807,FALSE,"observed"
"NL",1893,"38",38,0.00961,FALSE,"observed"
"NL",1893,"39",39,0.0086,FALSE,"observed"
"NL",1893,"40",40,0.00966,FALSE,"observed"
"NL",1893,"41",41,0.00959,FALSE,"observed"
"NL",1893,"42",42,0.00979,FALSE,"observed"
"NL",1893,"43",43,0.00974,FALSE,"observed"
"NL",1893,"44",44,0.00964,FALSE,"observed"
"NL",1893,"45",45,0.0105,FALSE,"observed"
"NL",1893,"46",46,0.01052,FALSE,"observed"
"NL",1893,"47",47,0.01238,FALSE,"observed"
"NL",1893,"48",48,0.01192,FALSE,"observed"
"NL",1893,"49",49,0.01291,FALSE,"observed"
"NL",1893,"50",50,0.01368,FALSE,"observed"
"NL",1893,"51",51,0.01412,FALSE,"observed"
"NL",1893,"52",52,0.01473,FALSE,"observed"
"NL",1893,"53",53,0.01445,FALSE,"observed"
"NL",1893,"54",54,0.01708,FALSE,"observed"
"NL",1893,"55",55,0.01646,FALSE,"observed"
"NL",1893,"56",56,0.01933,FALSE,"observed"
"NL",1893,"57",57,0.02123,FALSE,"observed"
"NL",1893,"58",58,0.02195,FALSE,"observed"
"NL",1893,"59",59,0.02312,FALSE,"observed"
"NL",1893,"60",60,0.02584,FALSE,"observed"
"NL",1893,"61",61,0.02572,FALSE,"observed"
"NL",1893,"62",62,0.0318,FALSE,"observed"
"NL",1893,"63",63,0.03232,FALSE,"observed"
"NL",1893,"64",64,0.03592,FALSE,"observed"
"NL",1893,"65",65,0.04027,FALSE,"observed"
"NL",1893,"66",66,0.04394,FALSE,"observed"
"NL",1893,"67",67,0.0443,FALSE,"observed"
"NL",1893,"68",68,0.05173,FALSE,"observed"
"NL",1893,"69",69,0.05596,FALSE,"observed"
"NL",1893,"70",70,0.06247,FALSE,"observed"
"NL",1893,"71",71,0.06798,FALSE,"observed"
"NL",1893,"72",72,0.07405,FALSE,"observed"
"NL",1893,"73",73,0.08105,FALSE,"observed"
"NL",1893,"74",74,0.09361,FALSE,"observed"
"NL",1893,"75",75,0.09157,FALSE,"observed"
"NL",1893,"76",76,0.1065,FALSE,"observed"
"NL",1893,"77",77,0.11938,FALSE,"observed"
"NL",1893,"78",78,0.13248,FALSE,"observed"
"NL",1893,"79",79,0.13384,FALSE,"observed"
"NL",1893,"80",80,0.14036,FALSE,"observed"
"NL",1893,"81",81,0.15722,FALSE,"observed"
"NL",1893,"82",82,0.17574,FALSE,"observed"
"NL",1893,"83",83,0.18552,FALSE,"observed"
"NL",1893,"84",84,0.20991,FALSE,"observed"
"NL",1893,"85",85,0.21717,FALSE,"observed"
"NL",1893,"86",86,0.24388,FALSE,"observed"
"NL",1893,"87",87,0.25473,FALSE,"observed"
"NL",1893,"88",88,0.28327,FALSE,"observed"
"NL",1893,"89",89,0.30633,FALSE,"observed"
"NL",1893,"90",90,0.32982,FALSE,"observed"
"NL",1893,"91",91,0.35419,FALSE,"observed"
"NL",1893,"92",92,0.37934,FALSE,"observed"
"NL",1893,"93",93,0.40517,FALSE,"observed"
"NL",1893,"94",94,0.43153,FALSE,"observed"
"NL",1893,"95",95,0.45829,FALSE,"observed"
"NL",1893,"96",96,0.48529,FALSE,"observed"
"NL",1893,"97",97,0.51238,FALSE,"observed"
"NL",1893,"98",98,0.5394,FALSE,"observed"
"NL",1893,"99",99,0.56619,FALSE,"observed"
"NL",1893,"100",100,0.5926,FALSE,"observed"
"NL",1893,"101",101,0.61849,FALSE,"observed"
"NL",1893,"102",102,0.64372,FALSE,"observed"
"NL",1893,"103",103,0.66818,FALSE,"observed"
"NL",1893,"104",104,0.69177,FALSE,"observed"
"NL",1893,"105",105,0.7144,FALSE,"observed"
"NL",1893,"106",106,0.736,FALSE,"observed"
"NL",1893,"107",107,0.75652,FALSE,"observed"
"NL",1893,"108",108,0.77594,FALSE,"observed"
"NL",1893,"109",109,0.79423,FALSE,"observed"
"NL",1893,"110+",110,0.81138,FALSE,"observed"
"NL",1894,"0",0,0.18226,FALSE,"observed"
"NL",1894,"1",1,0.04462,FALSE,"observed"
"NL",1894,"2",2,0.01881,FALSE,"observed"
"NL",1894,"3",3,0.01214,FALSE,"observed"
"NL",1894,"4",4,0.00909,FALSE,"observed"
"NL",1894,"5",5,0.00711,FALSE,"observed"
"NL",1894,"6",6,0.00547,FALSE,"observed"
"NL",1894,"7",7,0.00404,FALSE,"observed"
"NL",1894,"8",8,0.00394,FALSE,"observed"
"NL",1894,"9",9,0.00345,FALSE,"observed"
"NL",1894,"10",10,0.00289,FALSE,"observed"
"NL",1894,"11",11,0.00303,FALSE,"observed"
"NL",1894,"12",12,0.00293,FALSE,"observed"
"NL",1894,"13",13,0.00343,FALSE,"observed"
"NL",1894,"14",14,0.00312,FALSE,"observed"
"NL",1894,"15",15,0.00366,FALSE,"observed"
"NL",1894,"16",16,0.00419,FALSE,"observed"
"NL",1894,"17",17,0.00466,FALSE,"observed"
"NL",1894,"18",18,0.00497,FALSE,"observed"
"NL",1894,"19",19,0.0052,FALSE,"observed"
"NL",1894,"20",20,0.00561,FALSE,"observed"
"NL",1894,"21",21,0.00576,FALSE,"observed"
"NL",1894,"22",22,0.0062,FALSE,"observed"
"NL",1894,"23",23,0.00619,FALSE,"observed"
"NL",1894,"24",24,0.00607,FALSE,"observed"
"NL",1894,"25",25,0.00664,FALSE,"observed"
"NL",1894,"26",26,0.00679,FALSE,"observed"
"NL",1894,"27",27,0.00557,FALSE,"observed"
"NL",1894,"28",28,0.00641,FALSE,"observed"
"NL",1894,"29",29,0.00651,FALSE,"observed"
"NL",1894,"30",30,0.00675,FALSE,"observed"
"NL",1894,"31",31,0.00679,FALSE,"observed"
"NL",1894,"32",32,0.0074,FALSE,"observed"
"NL",1894,"33",33,0.00731,FALSE,"observed"
"NL",1894,"34",34,0.00854,FALSE,"observed"
"NL",1894,"35",35,0.00794,FALSE,"observed"
"NL",1894,"36",36,0.0088,FALSE,"observed"
"NL",1894,"37",37,0.00872,FALSE,"observed"
"NL",1894,"38",38,0.00898,FALSE,"observed"
"NL",1894,"39",39,0.00945,FALSE,"observed"
"NL",1894,"40",40,0.00934,FALSE,"observed"
"NL",1894,"41",41,0.00986,FALSE,"observed"
"NL",1894,"42",42,0.0103,FALSE,"observed"
"NL",1894,"43",43,0.01104,FALSE,"observed"
"NL",1894,"44",44,0.01026,FALSE,"observed"
"NL",1894,"45",45,0.00984,FALSE,"observed"
"NL",1894,"46",46,0.01099,FALSE,"observed"
"NL",1894,"47",47,0.01077,FALSE,"observed"
"NL",1894,"48",48,0.01116,FALSE,"observed"
"NL",1894,"49",49,0.01243,FALSE,"observed"
"NL",1894,"50",50,0.01383,FALSE,"observed"
"NL",1894,"51",51,0.01394,FALSE,"observed"
"NL",1894,"52",52,0.0138,FALSE,"observed"
"NL",1894,"53",53,0.01523,FALSE,"observed"
"NL",1894,"54",54,0.01536,FALSE,"observed"
"NL",1894,"55",55,0.0169,FALSE,"observed"
"NL",1894,"56",56,0.0187,FALSE,"observed"
"NL",1894,"57",57,0.0184,FALSE,"observed"
"NL",1894,"58",58,0.02024,FALSE,"observed"
"NL",1894,"59",59,0.02281,FALSE,"observed"
"NL",1894,"60",60,0.02522,FALSE,"observed"
"NL",1894,"61",61,0.02751,FALSE,"observed"
"NL",1894,"62",62,0.02981,FALSE,"observed"
"NL",1894,"63",63,0.03569,FALSE,"observed"
"NL",1894,"64",64,0.03399,FALSE,"observed"
"NL",1894,"65",65,0.03851,FALSE,"observed"
"NL",1894,"66",66,0.04128,FALSE,"observed"
"NL",1894,"67",67,0.04552,FALSE,"observed"
"NL",1894,"68",68,0.0485,FALSE,"observed"
"NL",1894,"69",69,0.05618,FALSE,"observed"
"NL",1894,"70",70,0.06152,FALSE,"observed"
"NL",1894,"71",71,0.06422,FALSE,"observed"
"NL",1894,"72",72,0.07148,FALSE,"observed"
"NL",1894,"73",73,0.07958,FALSE,"observed"
"NL",1894,"74",74,0.0872,FALSE,"observed"
"NL",1894,"75",75,0.10045,FALSE,"observed"
"NL",1894,"76",76,0.09757,FALSE,"observed"
"NL",1894,"77",77,0.11228,FALSE,"observed"
"NL",1894,"78",78,0.1301,FALSE,"observed"
"NL",1894,"79",79,0.1328,FALSE,"observed"
"NL",1894,"80",80,0.14857,FALSE,"observed"
"NL",1894,"81",81,0.15391,FALSE,"observed"
"NL",1894,"82",82,0.16993,FALSE,"observed"
"NL",1894,"83",83,0.19275,FALSE,"observed"
"NL",1894,"84",84,0.19941,FALSE,"observed"
"NL",1894,"85",85,0.21206,FALSE,"observed"
"NL",1894,"86",86,0.24869,FALSE,"observed"
"NL",1894,"87",87,0.25282,FALSE,"observed"
"NL",1894,"88",88,0.29038,FALSE,"observed"
"NL",1894,"89",89,0.30476,FALSE,"observed"
"NL",1894,"90",90,0.32784,FALSE,"observed"
"NL",1894,"91",91,0.35179,FALSE,"observed"
"NL",1894,"92",92,0.37652,FALSE,"observed"
"NL",1894,"93",93,0.40191,FALSE,"observed"
"NL",1894,"94",94,0.42784,FALSE,"observed"
"NL",1894,"95",95,0.45419,FALSE,"observed"
"NL",1894,"96",96,0.4808,FALSE,"observed"
"NL",1894,"97",97,0.50752,FALSE,"observed"
"NL",1894,"98",98,0.53421,FALSE,"observed"
"NL",1894,"99",99,0.56071,FALSE,"observed"
"NL",1894,"100",100,0.58687,FALSE,"observed"
"NL",1894,"101",101,0.61256,FALSE,"observed"
"NL",1894,"102",102,0.63764,FALSE,"observed"
"NL",1894,"103",103,0.662,FALSE,"observed"
"NL",1894,"104",104,0.68553,FALSE,"observed"
"NL",1894,"105",105,0.70816,FALSE,"observed"
"NL",1894,"106",106,0.7298,FALSE,"observed"
"NL",1894,"107",107,0.7504,FALSE,"observed"
"NL",1894,"108",108,0.76994,FALSE,"observed"
"NL",1894,"109",109,0.78837,FALSE,"observed"
"NL",1894,"110+",110,0.80571,FALSE,"observed"
"NL",1895,"0",0,0.20327,FALSE,"observed"
"NL",1895,"1",1,0.04714,FALSE,"observed"
"NL",1895,"2",2,0.01667,FALSE,"observed"
"NL",1895,"3",3,0.01054,FALSE,"observed"
"NL",1895,"4",4,0.00753,FALSE,"observed"
"NL",1895,"5",5,0.00556,FALSE,"observed"
"NL",1895,"6",6,0.00504,FALSE,"observed"
"NL",1895,"7",7,0.00426,FALSE,"observed"
"NL",1895,"8",8,0.00337,FALSE,"observed"
"NL",1895,"9",9,0.00325,FALSE,"observed"
"NL",1895,"10",10,0.0031,FALSE,"observed"
"NL",1895,"11",11,0.00272,FALSE,"observed"
"NL",1895,"12",12,0.0028,FALSE,"observed"
"NL",1895,"13",13,0.00309,FALSE,"observed"
"NL",1895,"14",14,0.003,FALSE,"observed"
"NL",1895,"15",15,0.00365,FALSE,"observed"
"NL",1895,"16",16,0.00387,FALSE,"observed"
"NL",1895,"17",17,0.00432,FALSE,"observed"
"NL",1895,"18",18,0.00469,FALSE,"observed"
"NL",1895,"19",19,0.00511,FALSE,"observed"
"NL",1895,"20",20,0.00547,FALSE,"observed"
"NL",1895,"21",21,0.0056,FALSE,"observed"
"NL",1895,"22",22,0.00562,FALSE,"observed"
"NL",1895,"23",23,0.00594,FALSE,"observed"
"NL",1895,"24",24,0.00571,FALSE,"observed"
"NL",1895,"25",25,0.00621,FALSE,"observed"
"NL",1895,"26",26,0.00609,FALSE,"observed"
"NL",1895,"27",27,0.00561,FALSE,"observed"
"NL",1895,"28",28,0.00597,FALSE,"observed"
"NL",1895,"29",29,0.00626,FALSE,"observed"
"NL",1895,"30",30,0.00657,FALSE,"observed"
"NL",1895,"31",31,0.00678,FALSE,"observed"
"NL",1895,"32",32,0.00689,FALSE,"observed"
"NL",1895,"33",33,0.00751,FALSE,"observed"
"NL",1895,"34",34,0.00722,FALSE,"observed"
"NL",1895,"35",35,0.00762,FALSE,"observed"
"NL",1895,"36",36,0.0077,FALSE,"observed"
"NL",1895,"37",37,0.00827,FALSE,"observed"
"NL",1895,"38",38,0.00776,FALSE,"observed"
"NL",1895,"39",39,0.00805,FALSE,"observed"
"NL",1895,"40",40,0.00845,FALSE,"observed"
"NL",1895,"41",41,0.0085,FALSE,"observed"
"NL",1895,"42",42,0.00935,FALSE,"observed"
"NL",1895,"43",43,0.01005,FALSE,"observed"
"NL",1895,"44",44,0.00959,FALSE,"observed"
"NL",1895,"45",45,0.00966,FALSE,"observed"
"NL",1895,"46",46,0.01008,FALSE,"observed"
"NL",1895,"47",47,0.01082,FALSE,"observed"
"NL",1895,"48",48,0.01167,FALSE,"observed"
"NL",1895,"49",49,0.01173,FALSE,"observed"
"NL",1895,"50",50,0.01287,FALSE,"observed"
"NL",1895,"51",51,0.01286,FALSE,"observed"
"NL",1895,"52",52,0.01368,FALSE,"observed"
"NL",1895,"53",53,0.01495,FALSE,"observed"
"NL",1895,"54",54,0.01617,FALSE,"observed"
"NL",1895,"55",55,0.01593,FALSE,"observed"
"NL",1895,"56",56,0.01854,FALSE,"observed"
"NL",1895,"57",57,0.01929,FALSE,"observed"
"NL",1895,"58",58,0.02152,FALSE,"observed"
"NL",1895,"59",59,0.02163,FALSE,"observed"
"NL",1895,"60",60,0.02509,FALSE,"observed"
"NL",1895,"61",61,0.02717,FALSE,"observed"
"NL",1895,"62",62,0.02911,FALSE,"observed"
"NL",1895,"63",63,0.03034,FALSE,"observed"
"NL",1895,"64",64,0.03641,FALSE,"observed"
"NL",1895,"65",65,0.03697,FALSE,"observed"
"NL",1895,"66",66,0.04332,FALSE,"observed"
"NL",1895,"67",67,0.0466,FALSE,"observed"
"NL",1895,"68",68,0.05036,FALSE,"observed"
"NL",1895,"69",69,0.05392,FALSE,"observed"
"NL",1895,"70",70,0.06025,FALSE,"observed"
"NL",1895,"71",71,0.06189,FALSE,"observed"
"NL",1895,"72",72,0.07037,FALSE,"observed"
"NL",1895,"73",73,0.07713,FALSE,"observed"
"NL",1895,"74",74,0.08751,FALSE,"observed"
"NL",1895,"75",75,0.09597,FALSE,"observed"
"NL",1895,"76",76,0.1027,FALSE,"observed"
"NL",1895,"77",77,0.11028,FALSE,"observed"
"NL",1895,"78",78,0.12363,FALSE,"observed"
"NL",1895,"79",79,0.13766,FALSE,"observed"
"NL",1895,"80",80,0.14353,FALSE,"observed"
"NL",1895,"81",81,0.1659,FALSE,"observed"
"NL",1895,"82",82,0.16401,FALSE,"observed"
"NL",1895,"83",83,0.19448,FALSE,"observed"
"NL",1895,"84",84,0.20951,FALSE,"observed"
"NL",1895,"85",85,0.23467,FALSE,"observed"
"NL",1895,"86",86,0.2469,FALSE,"observed"
"NL",1895,"87",87,0.26356,FALSE,"observed"
"NL",1895,"88",88,0.27844,FALSE,"observed"
"NL",1895,"89",89,0.30448,FALSE,"observed"
"NL",1895,"90",90,0.32697,FALSE,"observed"
"NL",1895,"91",91,0.35028,FALSE,"observed"
"NL",1895,"92",92,0.37434,FALSE,"observed"
"NL",1895,"93",93,0.39905,FALSE,"observed"
"NL",1895,"94",94,0.42429,FALSE,"observed"
"NL",1895,"95",95,0.44993,FALSE,"observed"
"NL",1895,"96",96,0.47585,FALSE,"observed"
"NL",1895,"97",97,0.50191,FALSE,"observed"
"NL",1895,"98",98,0.52797,FALSE,"observed"
"NL",1895,"99",99,0.55388,FALSE,"observed"
"NL",1895,"100",100,0.5795,FALSE,"observed"
"NL",1895,"101",101,0.60472,FALSE,"observed"
"NL",1895,"102",102,0.62939,FALSE,"observed"
"NL",1895,"103",103,0.65341,FALSE,"observed"
"NL",1895,"104",104,0.67668,FALSE,"observed"
"NL",1895,"105",105,0.69912,FALSE,"observed"
"NL",1895,"106",106,0.72064,FALSE,"observed"
"NL",1895,"107",107,0.7412,FALSE,"observed"
"NL",1895,"108",108,0.76075,FALSE,"observed"
"NL",1895,"109",109,0.77927,FALSE,"observed"
"NL",1895,"110+",110,0.79674,FALSE,"observed"
"NL",1896,"0",0,0.18242,FALSE,"observed"
"NL",1896,"1",1,0.04442,FALSE,"observed"
"NL",1896,"2",2,0.01727,FALSE,"observed"
"NL",1896,"3",3,0.01077,FALSE,"observed"
"NL",1896,"4",4,0.0075,FALSE,"observed"
"NL",1896,"5",5,0.00565,FALSE,"observed"
"NL",1896,"6",6,0.00466,FALSE,"observed"
"NL",1896,"7",7,0.00367,FALSE,"observed"
"NL",1896,"8",8,0.00326,FALSE,"observed"
"NL",1896,"9",9,0.00277,FALSE,"observed"
"NL",1896,"10",10,0.00262,FALSE,"observed"
"NL",1896,"11",11,0.00246,FALSE,"observed"
"NL",1896,"12",12,0.00252,FALSE,"observed"
"NL",1896,"13",13,0.00253,FALSE,"observed"
"NL",1896,"14",14,0.00308,FALSE,"observed"
"NL",1896,"15",15,0.00316,FALSE,"observed"
"NL",1896,"16",16,0.00365,FALSE,"observed"
"NL",1896,"17",17,0.00432,FALSE,"observed"
"NL",1896,"18",18,0.00454,FALSE,"observed"
"NL",1896,"19",19,0.00531,FALSE,"observed"
"NL",1896,"20",20,0.00542,FALSE,"observed"
"NL",1896,"21",21,0.00582,FALSE,"observed"
"NL",1896,"22",22,0.0055,FALSE,"observed"
"NL",1896,"23",23,0.00551,FALSE,"observed"
"NL",1896,"24",24,0.00543,FALSE,"observed"
"NL",1896,"25",25,0.0057,FALSE,"observed"
"NL",1896,"26",26,0.00524,FALSE,"observed"
"NL",1896,"27",27,0.00553,FALSE,"observed"
"NL",1896,"28",28,0.00576,FALSE,"observed"
"NL",1896,"29",29,0.00607,FALSE,"observed"
"NL",1896,"30",30,0.00566,FALSE,"observed"
"NL",1896,"31",31,0.00634,FALSE,"observed"
"NL",1896,"32",32,0.0062,FALSE,"observed"
"NL",1896,"33",33,0.00657,FALSE,"observed"
"NL",1896,"34",34,0.0068,FALSE,"observed"
"NL",1896,"35",35,0.0069,FALSE,"observed"
"NL",1896,"36",36,0.0076,FALSE,"observed"
"NL",1896,"37",37,0.00781,FALSE,"observed"
"NL",1896,"38",38,0.00768,FALSE,"observed"
"NL",1896,"39",39,0.00797,FALSE,"observed"
"NL",1896,"40",40,0.00842,FALSE,"observed"
"NL",1896,"41",41,0.00774,FALSE,"observed"
"NL",1896,"42",42,0.00821,FALSE,"observed"
"NL",1896,"43",43,0.0088,FALSE,"observed"
"NL",1896,"44",44,0.00871,FALSE,"observed"
"NL",1896,"45",45,0.0091,FALSE,"observed"
"NL",1896,"46",46,0.00912,FALSE,"observed"
"NL",1896,"47",47,0.01003,FALSE,"observed"
"NL",1896,"48",48,0.01143,FALSE,"observed"
"NL",1896,"49",49,0.01179,FALSE,"observed"
"NL",1896,"50",50,0.01145,FALSE,"observed"
"NL",1896,"51",51,0.01261,FALSE,"observed"
"NL",1896,"52",52,0.01321,FALSE,"observed"
"NL",1896,"53",53,0.01433,FALSE,"observed"
"NL",1896,"54",54,0.0148,FALSE,"observed"
"NL",1896,"55",55,0.01524,FALSE,"observed"
"NL",1896,"56",56,0.01784,FALSE,"observed"
"NL",1896,"57",57,0.01821,FALSE,"observed"
"NL",1896,"58",58,0.01952,FALSE,"observed"
"NL",1896,"59",59,0.02233,FALSE,"observed"
"NL",1896,"60",60,0.02341,FALSE,"observed"
"NL",1896,"61",61,0.02452,FALSE,"observed"
"NL",1896,"62",62,0.02634,FALSE,"observed"
"NL",1896,"63",63,0.03023,FALSE,"observed"
"NL",1896,"64",64,0.03161,FALSE,"observed"
"NL",1896,"65",65,0.03468,FALSE,"observed"
"NL",1896,"66",66,0.03951,FALSE,"observed"
"NL",1896,"67",67,0.04214,FALSE,"observed"
"NL",1896,"68",68,0.04426,FALSE,"observed"
"NL",1896,"69",69,0.05004,FALSE,"observed"
"NL",1896,"70",70,0.0536,FALSE,"observed"
"NL",1896,"71",71,0.06151,FALSE,"observed"
"NL",1896,"72",72,0.06546,FALSE,"observed"
"NL",1896,"73",73,0.07513,FALSE,"observed"
"NL",1896,"74",74,0.07689,FALSE,"observed"
"NL",1896,"75",75,0.08769,FALSE,"observed"
"NL",1896,"76",76,0.09724,FALSE,"observed"
"NL",1896,"77",77,0.10639,FALSE,"observed"
"NL",1896,"78",78,0.10801,FALSE,"observed"
"NL",1896,"79",79,0.12462,FALSE,"observed"
"NL",1896,"80",80,0.13621,FALSE,"observed"
"NL",1896,"81",81,0.14628,FALSE,"observed"
"NL",1896,"82",82,0.16254,FALSE,"observed"
"NL",1896,"83",83,0.17198,FALSE,"observed"
"NL",1896,"84",84,0.19029,FALSE,"observed"
"NL",1896,"85",85,0.20206,FALSE,"observed"
"NL",1896,"86",86,0.22586,FALSE,"observed"
"NL",1896,"87",87,0.23219,FALSE,"observed"
"NL",1896,"88",88,0.26584,FALSE,"observed"
"NL",1896,"89",89,0.28202,FALSE,"observed"
"NL",1896,"90",90,0.30349,FALSE,"observed"
"NL",1896,"91",91,0.32587,FALSE,"observed"
"NL",1896,"92",92,0.3491,FALSE,"observed"
"NL",1896,"93",93,0.37308,FALSE,"observed"
"NL",1896,"94",94,0.39772,FALSE,"observed"
"NL",1896,"95",95,0.4229,FALSE,"observed"
"NL",1896,"96",96,0.44851,FALSE,"observed"
"NL",1896,"97",97,0.47441,FALSE,"observed"
"NL",1896,"98",98,0.50047,FALSE,"observed"
"NL",1896,"99",99,0.52653,FALSE,"observed"
"NL",1896,"100",100,0.55247,FALSE,"observed"
"NL",1896,"101",101,0.57814,FALSE,"observed"
"NL",1896,"102",102,0.6034,FALSE,"observed"
"NL",1896,"103",103,0.62814,FALSE,"observed"
"NL",1896,"104",104,0.65223,FALSE,"observed"
"NL",1896,"105",105,0.67558,FALSE,"observed"
"NL",1896,"106",106,0.69809,FALSE,"observed"
"NL",1896,"107",107,0.71969,FALSE,"observed"
"NL",1896,"108",108,0.74033,FALSE,"observed"
"NL",1896,"109",109,0.75997,FALSE,"observed"
"NL",1896,"110+",110,0.77856,FALSE,"observed"
"NL",1897,"0",0,0.17886,FALSE,"observed"
"NL",1897,"1",1,0.03703,FALSE,"observed"
"NL",1897,"2",2,0.01422,FALSE,"observed"
"NL",1897,"3",3,0.00898,FALSE,"observed"
"NL",1897,"4",4,0.00614,FALSE,"observed"
"NL",1897,"5",5,0.00515,FALSE,"observed"
"NL",1897,"6",6,0.00423,FALSE,"observed"
"NL",1897,"7",7,0.0032,FALSE,"observed"
"NL",1897,"8",8,0.00307,FALSE,"observed"
"NL",1897,"9",9,0.00289,FALSE,"observed"
"NL",1897,"10",10,0.00268,FALSE,"observed"
"NL",1897,"11",11,0.00249,FALSE,"observed"
"NL",1897,"12",12,0.00261,FALSE,"observed"
"NL",1897,"13",13,0.00262,FALSE,"observed"
"NL",1897,"14",14,0.0032,FALSE,"observed"
"NL",1897,"15",15,0.00316,FALSE,"observed"
"NL",1897,"16",16,0.00381,FALSE,"observed"
"NL",1897,"17",17,0.00449,FALSE,"observed"
"NL",1897,"18",18,0.00437,FALSE,"observed"
"NL",1897,"19",19,0.00477,FALSE,"observed"
"NL",1897,"20",20,0.00521,FALSE,"observed"
"NL",1897,"21",21,0.00527,FALSE,"observed"
"NL",1897,"22",22,0.00569,FALSE,"observed"
"NL",1897,"23",23,0.00552,FALSE,"observed"
"NL",1897,"24",24,0.00575,FALSE,"observed"
"NL",1897,"25",25,0.00601,FALSE,"observed"
"NL",1897,"26",26,0.0054,FALSE,"observed"
"NL",1897,"27",27,0.00543,FALSE,"observed"
"NL",1897,"28",28,0.00575,FALSE,"observed"
"NL",1897,"29",29,0.00536,FALSE,"observed"
"NL",1897,"30",30,0.0053,FALSE,"observed"
"NL",1897,"31",31,0.00612,FALSE,"observed"
"NL",1897,"32",32,0.00622,FALSE,"observed"
"NL",1897,"33",33,0.00625,FALSE,"observed"
"NL",1897,"34",34,0.00655,FALSE,"observed"
"NL",1897,"35",35,0.00703,FALSE,"observed"
"NL",1897,"36",36,0.00691,FALSE,"observed"
"NL",1897,"37",37,0.00694,FALSE,"observed"
"NL",1897,"38",38,0.0075,FALSE,"observed"
"NL",1897,"39",39,0.00783,FALSE,"observed"
"NL",1897,"40",40,0.00781,FALSE,"observed"
"NL",1897,"41",41,0.00782,FALSE,"observed"
"NL",1897,"42",42,0.00805,FALSE,"observed"
"NL",1897,"43",43,0.0087,FALSE,"observed"
"NL",1897,"44",44,0.00934,FALSE,"observed"
"NL",1897,"45",45,0.00908,FALSE,"observed"
"NL",1897,"46",46,0.01006,FALSE,"observed"
"NL",1897,"47",47,0.01057,FALSE,"observed"
"NL",1897,"48",48,0.01085,FALSE,"observed"
"NL",1897,"49",49,0.01174,FALSE,"observed"
"NL",1897,"50",50,0.01181,FALSE,"observed"
"NL",1897,"51",51,0.01214,FALSE,"observed"
"NL",1897,"52",52,0.01393,FALSE,"observed"
"NL",1897,"53",53,0.01447,FALSE,"observed"
"NL",1897,"54",54,0.01513,FALSE,"observed"
"NL",1897,"55",55,0.01595,FALSE,"observed"
"NL",1897,"56",56,0.01733,FALSE,"observed"
"NL",1897,"57",57,0.01764,FALSE,"observed"
"NL",1897,"58",58,0.01964,FALSE,"observed"
"NL",1897,"59",59,0.02144,FALSE,"observed"
"NL",1897,"60",60,0.02232,FALSE,"observed"
"NL",1897,"61",61,0.02498,FALSE,"observed"
"NL",1897,"62",62,0.02634,FALSE,"observed"
"NL",1897,"63",63,0.03091,FALSE,"observed"
"NL",1897,"64",64,0.03525,FALSE,"observed"
"NL",1897,"65",65,0.03451,FALSE,"observed"
"NL",1897,"66",66,0.03834,FALSE,"observed"
"NL",1897,"67",67,0.04244,FALSE,"observed"
"NL",1897,"68",68,0.04749,FALSE,"observed"
"NL",1897,"69",69,0.05115,FALSE,"observed"
"NL",1897,"70",70,0.05589,FALSE,"observed"
"NL",1897,"71",71,0.06095,FALSE,"observed"
"NL",1897,"72",72,0.06614,FALSE,"observed"
"NL",1897,"73",73,0.07457,FALSE,"observed"
"NL",1897,"74",74,0.08036,FALSE,"observed"
"NL",1897,"75",75,0.0897,FALSE,"observed"
"NL",1897,"76",76,0.10043,FALSE,"observed"
"NL",1897,"77",77,0.10112,FALSE,"observed"
"NL",1897,"78",78,0.12236,FALSE,"observed"
"NL",1897,"79",79,0.11875,FALSE,"observed"
"NL",1897,"80",80,0.13296,FALSE,"observed"
"NL",1897,"81",81,0.14302,FALSE,"observed"
"NL",1897,"82",82,0.16205,FALSE,"observed"
"NL",1897,"83",83,0.17514,FALSE,"observed"
"NL",1897,"84",84,0.19777,FALSE,"observed"
"NL",1897,"85",85,0.21251,FALSE,"observed"
"NL",1897,"86",86,0.22784,FALSE,"observed"
"NL",1897,"87",87,0.24987,FALSE,"observed"
"NL",1897,"88",88,0.26705,FALSE,"observed"
"NL",1897,"89",89,0.27896,FALSE,"observed"
"NL",1897,"90",90,0.29974,FALSE,"observed"
"NL",1897,"91",91,0.32142,FALSE,"observed"
"NL",1897,"92",92,0.34392,FALSE,"observed"
"NL",1897,"93",93,0.36719,FALSE,"observed"
"NL",1897,"94",94,0.39113,FALSE,"observed"
"NL",1897,"95",95,0.41566,FALSE,"observed"
"NL",1897,"96",96,0.44065,FALSE,"observed"
"NL",1897,"97",97,0.46599,FALSE,"observed"
"NL",1897,"98",98,0.49157,FALSE,"observed"
"NL",1897,"99",99,0.51724,FALSE,"observed"
"NL",1897,"100",100,0.54288,FALSE,"observed"
"NL",1897,"101",101,0.56835,FALSE,"observed"
"NL",1897,"102",102,0.59353,FALSE,"observed"
"NL",1897,"103",103,0.61828,FALSE,"observed"
"NL",1897,"104",104,0.6425,FALSE,"observed"
"NL",1897,"105",105,0.66607,FALSE,"observed"
"NL",1897,"106",106,0.68891,FALSE,"observed"
"NL",1897,"107",107,0.71092,FALSE,"observed"
"NL",1897,"108",108,0.73203,FALSE,"observed"
"NL",1897,"109",109,0.7522,FALSE,"observed"
"NL",1897,"110+",110,0.77138,FALSE,"observed"
"NL",1898,"0",0,0.1871,FALSE,"observed"
"NL",1898,"1",1,0.04166,FALSE,"observed"
"NL",1898,"2",2,0.01568,FALSE,"observed"
"NL",1898,"3",3,0.00925,FALSE,"observed"
"NL",1898,"4",4,0.00666,FALSE,"observed"
"NL",1898,"5",5,0.00466,FALSE,"observed"
"NL",1898,"6",6,0.0039,FALSE,"observed"
"NL",1898,"7",7,0.00325,FALSE,"observed"
"NL",1898,"8",8,0.00299,FALSE,"observed"
"NL",1898,"9",9,0.0027,FALSE,"observed"
"NL",1898,"10",10,0.0021,FALSE,"observed"
"NL",1898,"11",11,0.00213,FALSE,"observed"
"NL",1898,"12",12,0.00219,FALSE,"observed"
"NL",1898,"13",13,0.00232,FALSE,"observed"
"NL",1898,"14",14,0.00251,FALSE,"observed"
"NL",1898,"15",15,0.00286,FALSE,"observed"
"NL",1898,"16",16,0.00342,FALSE,"observed"
"NL",1898,"17",17,0.00386,FALSE,"observed"
"NL",1898,"18",18,0.00438,FALSE,"observed"
"NL",1898,"19",19,0.00423,FALSE,"observed"
"NL",1898,"20",20,0.00522,FALSE,"observed"
"NL",1898,"21",21,0.00522,FALSE,"observed"
"NL",1898,"22",22,0.00516,FALSE,"observed"
"NL",1898,"23",23,0.00484,FALSE,"observed"
"NL",1898,"24",24,0.00562,FALSE,"observed"
"NL",1898,"25",25,0.00506,FALSE,"observed"
"NL",1898,"26",26,0.00509,FALSE,"observed"
"NL",1898,"27",27,0.0055,FALSE,"observed"
"NL",1898,"28",28,0.00507,FALSE,"observed"
"NL",1898,"29",29,0.00608,FALSE,"observed"
"NL",1898,"30",30,0.00565,FALSE,"observed"
"NL",1898,"31",31,0.0057,FALSE,"observed"
"NL",1898,"32",32,0.00642,FALSE,"observed"
"NL",1898,"33",33,0.00592,FALSE,"observed"
"NL",1898,"34",34,0.0066,FALSE,"observed"
"NL",1898,"35",35,0.00612,FALSE,"observed"
"NL",1898,"36",36,0.00665,FALSE,"observed"
"NL",1898,"37",37,0.00781,FALSE,"observed"
"NL",1898,"38",38,0.00752,FALSE,"observed"
"NL",1898,"39",39,0.00772,FALSE,"observed"
"NL",1898,"40",40,0.00834,FALSE,"observed"
"NL",1898,"41",41,0.00839,FALSE,"observed"
"NL",1898,"42",42,0.00817,FALSE,"observed"
"NL",1898,"43",43,0.00814,FALSE,"observed"
"NL",1898,"44",44,0.00886,FALSE,"observed"
"NL",1898,"45",45,0.00947,FALSE,"observed"
"NL",1898,"46",46,0.0094,FALSE,"observed"
"NL",1898,"47",47,0.01067,FALSE,"observed"
"NL",1898,"48",48,0.01015,FALSE,"observed"
"NL",1898,"49",49,0.01112,FALSE,"observed"
"NL",1898,"50",50,0.01193,FALSE,"observed"
"NL",1898,"51",51,0.0114,FALSE,"observed"
"NL",1898,"52",52,0.0133,FALSE,"observed"
"NL",1898,"53",53,0.01345,FALSE,"observed"
"NL",1898,"54",54,0.01478,FALSE,"observed"
"NL",1898,"55",55,0.01579,FALSE,"observed"
"NL",1898,"56",56,0.01776,FALSE,"observed"
"NL",1898,"57",57,0.01752,FALSE,"observed"
"NL",1898,"58",58,0.01893,FALSE,"observed"
"NL",1898,"59",59,0.02123,FALSE,"observed"
"NL",1898,"60",60,0.02194,FALSE,"observed"
"NL",1898,"61",61,0.02463,FALSE,"observed"
"NL",1898,"62",62,0.02827,FALSE,"observed"
"NL",1898,"63",63,0.03117,FALSE,"observed"
"NL",1898,"64",64,0.03447,FALSE,"observed"
"NL",1898,"65",65,0.03402,FALSE,"observed"
"NL",1898,"66",66,0.03739,FALSE,"observed"
"NL",1898,"67",67,0.04446,FALSE,"observed"
"NL",1898,"68",68,0.04634,FALSE,"observed"
"NL",1898,"69",69,0.05229,FALSE,"observed"
"NL",1898,"70",70,0.05717,FALSE,"observed"
"NL",1898,"71",71,0.05957,FALSE,"observed"
"NL",1898,"72",72,0.06404,FALSE,"observed"
"NL",1898,"73",73,0.07384,FALSE,"observed"
"NL",1898,"74",74,0.0784,FALSE,"observed"
"NL",1898,"75",75,0.08584,FALSE,"observed"
"NL",1898,"76",76,0.09425,FALSE,"observed"
"NL",1898,"77",77,0.10366,FALSE,"observed"
"NL",1898,"78",78,0.11297,FALSE,"observed"
"NL",1898,"79",79,0.13059,FALSE,"observed"
"NL",1898,"80",80,0.12148,FALSE,"observed"
"NL",1898,"81",81,0.14333,FALSE,"observed"
"NL",1898,"82",82,0.15423,FALSE,"observed"
"NL",1898,"83",83,0.17611,FALSE,"observed"
"NL",1898,"84",84,0.19608,FALSE,"observed"
"NL",1898,"85",85,0.19172,FALSE,"observed"
"NL",1898,"86",86,0.22145,FALSE,"observed"
"NL",1898,"87",87,0.24751,FALSE,"observed"
"NL",1898,"88",88,0.2624,FALSE,"observed"
"NL",1898,"89",89,0.28385,FALSE,"observed"
"NL",1898,"90",90,0.30693,FALSE,"observed"
"NL",1898,"91",91,0.33104,FALSE,"observed"
"NL",1898,"92",92,0.35609,FALSE,"observed"
"NL",1898,"93",93,0.38196,FALSE,"observed"
"NL",1898,"94",94,0.40854,FALSE,"observed"
"NL",1898,"95",95,0.43569,FALSE,"observed"
"NL",1898,"96",96,0.46324,FALSE,"observed"
"NL",1898,"97",97,0.49104,FALSE,"observed"
"NL",1898,"98",98,0.51892,FALSE,"observed"
"NL",1898,"99",99,0.5467,FALSE,"observed"
"NL",1898,"100",100,0.57422,FALSE,"observed"
"NL",1898,"101",101,0.60131,FALSE,"observed"
"NL",1898,"102",102,0.62781,FALSE,"observed"
"NL",1898,"103",103,0.65359,FALSE,"observed"
"NL",1898,"104",104,0.67853,FALSE,"observed"
"NL",1898,"105",105,0.70251,FALSE,"observed"
"NL",1898,"106",106,0.72544,FALSE,"observed"
"NL",1898,"107",107,0.74727,FALSE,"observed"
"NL",1898,"108",108,0.76793,FALSE,"observed"
"NL",1898,"109",109,0.78741,FALSE,"observed"
"NL",1898,"110+",110,0.80568,FALSE,"observed"
"NL",1899,"0",0,0.18139,FALSE,"observed"
"NL",1899,"1",1,0.0367,FALSE,"observed"
"NL",1899,"2",2,0.01406,FALSE,"observed"
"NL",1899,"3",3,0.00911,FALSE,"observed"
"NL",1899,"4",4,0.00631,FALSE,"observed"
"NL",1899,"5",5,0.00494,FALSE,"observed"
"NL",1899,"6",6,0.00396,FALSE,"observed"
"NL",1899,"7",7,0.00374,FALSE,"observed"
"NL",1899,"8",8,0.00264,FALSE,"observed"
"NL",1899,"9",9,0.00233,FALSE,"observed"
"NL",1899,"10",10,0.00227,FALSE,"observed"
"NL",1899,"11",11,0.00247,FALSE,"observed"
"NL",1899,"12",12,0.00249,FALSE,"observed"
"NL",1899,"13",13,0.00247,FALSE,"observed"
"NL",1899,"14",14,0.00262,FALSE,"observed"
"NL",1899,"15",15,0.00291,FALSE,"observed"
"NL",1899,"16",16,0.00366,FALSE,"observed"
"NL",1899,"17",17,0.00394,FALSE,"observed"
"NL",1899,"18",18,0.00421,FALSE,"observed"
"NL",1899,"19",19,0.00447,FALSE,"observed"
"NL",1899,"20",20,0.00484,FALSE,"observed"
"NL",1899,"21",21,0.00554,FALSE,"observed"
"NL",1899,"22",22,0.00501,FALSE,"observed"
"NL",1899,"23",23,0.00504,FALSE,"observed"
"NL",1899,"24",24,0.00509,FALSE,"observed"
"NL",1899,"25",25,0.00506,FALSE,"observed"
"NL",1899,"26",26,0.00588,FALSE,"observed"
"NL",1899,"27",27,0.00552,FALSE,"observed"
"NL",1899,"28",28,0.00568,FALSE,"observed"
"NL",1899,"29",29,0.00613,FALSE,"observed"
"NL",1899,"30",30,0.00583,FALSE,"observed"
"NL",1899,"31",31,0.00608,FALSE,"observed"
"NL",1899,"32",32,0.00601,FALSE,"observed"
"NL",1899,"33",33,0.00593,FALSE,"observed"
"NL",1899,"34",34,0.00645,FALSE,"observed"
"NL",1899,"35",35,0.00617,FALSE,"observed"
"NL",1899,"36",36,0.00654,FALSE,"observed"
"NL",1899,"37",37,0.00728,FALSE,"observed"
"NL",1899,"38",38,0.00752,FALSE,"observed"
"NL",1899,"39",39,0.0071,FALSE,"observed"
"NL",1899,"40",40,0.00786,FALSE,"observed"
"NL",1899,"41",41,0.00807,FALSE,"observed"
"NL",1899,"42",42,0.0088,FALSE,"observed"
"NL",1899,"43",43,0.00816,FALSE,"observed"
"NL",1899,"44",44,0.00874,FALSE,"observed"
"NL",1899,"45",45,0.00864,FALSE,"observed"
"NL",1899,"46",46,0.00971,FALSE,"observed"
"NL",1899,"47",47,0.00998,FALSE,"observed"
"NL",1899,"48",48,0.01037,FALSE,"observed"
"NL",1899,"49",49,0.00969,FALSE,"observed"
"NL",1899,"50",50,0.0117,FALSE,"observed"
"NL",1899,"51",51,0.01234,FALSE,"observed"
"NL",1899,"52",52,0.01283,FALSE,"observed"
"NL",1899,"53",53,0.0143,FALSE,"observed"
"NL",1899,"54",54,0.01554,FALSE,"observed"
"NL",1899,"55",55,0.01629,FALSE,"observed"
"NL",1899,"56",56,0.01853,FALSE,"observed"
"NL",1899,"57",57,0.01887,FALSE,"observed"
"NL",1899,"58",58,0.02162,FALSE,"observed"
"NL",1899,"59",59,0.02083,FALSE,"observed"
"NL",1899,"60",60,0.02415,FALSE,"observed"
"NL",1899,"61",61,0.02579,FALSE,"observed"
"NL",1899,"62",62,0.02875,FALSE,"observed"
"NL",1899,"63",63,0.03059,FALSE,"observed"
"NL",1899,"64",64,0.03562,FALSE,"observed"
"NL",1899,"65",65,0.03636,FALSE,"observed"
"NL",1899,"66",66,0.04189,FALSE,"observed"
"NL",1899,"67",67,0.04538,FALSE,"observed"
"NL",1899,"68",68,0.05099,FALSE,"observed"
"NL",1899,"69",69,0.05193,FALSE,"observed"
"NL",1899,"70",70,0.06033,FALSE,"observed"
"NL",1899,"71",71,0.06475,FALSE,"observed"
"NL",1899,"72",72,0.0726,FALSE,"observed"
"NL",1899,"73",73,0.07747,FALSE,"observed"
"NL",1899,"74",74,0.08119,FALSE,"observed"
"NL",1899,"75",75,0.09364,FALSE,"observed"
"NL",1899,"76",76,0.10211,FALSE,"observed"
"NL",1899,"77",77,0.11331,FALSE,"observed"
"NL",1899,"78",78,0.12746,FALSE,"observed"
"NL",1899,"79",79,0.13922,FALSE,"observed"
"NL",1899,"80",80,0.15761,FALSE,"observed"
"NL",1899,"81",81,0.14211,FALSE,"observed"
"NL",1899,"82",82,0.18,FALSE,"observed"
"NL",1899,"83",83,0.18927,FALSE,"observed"
"NL",1899,"84",84,0.21037,FALSE,"observed"
"NL",1899,"85",85,0.23555,FALSE,"observed"
"NL",1899,"86",86,0.23481,FALSE,"observed"
"NL",1899,"87",87,0.27031,FALSE,"observed"
"NL",1899,"88",88,0.26273,FALSE,"observed"
"NL",1899,"89",89,0.2999,FALSE,"observed"
"NL",1899,"90",90,0.3214,FALSE,"observed"
"NL",1899,"91",91,0.34371,FALSE,"observed"
"NL",1899,"92",92,0.36674,FALSE,"observed"
"NL",1899,"93",93,0.3904,FALSE,"observed"
"NL",1899,"94",94,0.41459,FALSE,"observed"
"NL",1899,"95",95,0.43919,FALSE,"observed"
"NL",1899,"96",96,0.46408,FALSE,"observed"
"NL",1899,"97",97,0.48914,FALSE,"observed"
"NL",1899,"98",98,0.51423,FALSE,"observed"
"NL",1899,"99",99,0.53922,FALSE,"observed"
"NL",1899,"100",100,0.56399,FALSE,"observed"
"NL",1899,"101",101,0.58839,FALSE,"observed"
"NL",1899,"102",102,0.61233,FALSE,"observed"
"NL",1899,"103",103,0.63569,FALSE,"observed"
"NL",1899,"104",104,0.65837,FALSE,"observed"
"NL",1899,"105",105,0.6803,FALSE,"observed"
"NL",1899,"106",106,0.70139,FALSE,"observed"
"NL",1899,"107",107,0.7216,FALSE,"observed"
"NL",1899,"108",108,0.74089,FALSE,"observed"
"NL",1899,"109",109,0.75922,FALSE,"observed"
"NL",1899,"110+",110,0.77658,FALSE,"observed"
"NL",1900,"0",0,0.18557,FALSE,"observed"
"NL",1900,"1",1,0.03814,FALSE,"observed"
"NL",1900,"2",2,0.01461,FALSE,"observed"
"NL",1900,"3",3,0.00903,FALSE,"observed"
"NL",1900,"4",4,0.00683,FALSE,"observed"
"NL",1900,"5",5,0.00488,FALSE,"observed"
"NL",1900,"6",6,0.00425,FALSE,"observed"
"NL",1900,"7",7,0.00359,FALSE,"observed"
"NL",1900,"8",8,0.00313,FALSE,"observed"
"NL",1900,"9",9,0.00275,FALSE,"observed"
"NL",1900,"10",10,0.00272,FALSE,"observed"
"NL",1900,"11",11,0.00235,FALSE,"observed"
"NL",1900,"12",12,0.00238,FALSE,"observed"
"NL",1900,"13",13,0.00242,FALSE,"observed"
"NL",1900,"14",14,0.00278,FALSE,"observed"
"NL",1900,"15",15,0.00326,FALSE,"observed"
"NL",1900,"16",16,0.00363,FALSE,"observed"
"NL",1900,"17",17,0.00376,FALSE,"observed"
"NL",1900,"18",18,0.00456,FALSE,"observed"
"NL",1900,"19",19,0.00491,FALSE,"observed"
"NL",1900,"20",20,0.00471,FALSE,"observed"
"NL",1900,"21",21,0.00484,FALSE,"observed"
"NL",1900,"22",22,0.00548,FALSE,"observed"
"NL",1900,"23",23,0.00528,FALSE,"observed"
"NL",1900,"24",24,0.00571,FALSE,"observed"
"NL",1900,"25",25,0.00589,FALSE,"observed"
"NL",1900,"26",26,0.0052,FALSE,"observed"
"NL",1900,"27",27,0.00563,FALSE,"observed"
"NL",1900,"28",28,0.00633,FALSE,"observed"
"NL",1900,"29",29,0.00598,FALSE,"observed"
"NL",1900,"30",30,0.00549,FALSE,"observed"
"NL",1900,"31",31,0.00639,FALSE,"observed"
"NL",1900,"32",32,0.0062,FALSE,"observed"
"NL",1900,"33",33,0.00607,FALSE,"observed"
"NL",1900,"34",34,0.0066,FALSE,"observed"
"NL",1900,"35",35,0.00668,FALSE,"observed"
"NL",1900,"36",36,0.00672,FALSE,"observed"
"NL",1900,"37",37,0.00776,FALSE,"observed"
"NL",1900,"38",38,0.00754,FALSE,"observed"
"NL",1900,"39",39,0.00824,FALSE,"observed"
"NL",1900,"40",40,0.0086,FALSE,"observed"
"NL",1900,"41",41,0.00891,FALSE,"observed"
"NL",1900,"42",42,0.00947,FALSE,"observed"
"NL",1900,"43",43,0.00893,FALSE,"observed"
"NL",1900,"44",44,0.00948,FALSE,"observed"
"NL",1900,"45",45,0.01006,FALSE,"observed"
"NL",1900,"46",46,0.01026,FALSE,"observed"
"NL",1900,"47",47,0.00975,FALSE,"observed"
"NL",1900,"48",48,0.01034,FALSE,"observed"
"NL",1900,"49",49,0.01262,FALSE,"observed"
"NL",1900,"50",50,0.01264,FALSE,"observed"
"NL",1900,"51",51,0.01208,FALSE,"observed"
"NL",1900,"52",52,0.01407,FALSE,"observed"
"NL",1900,"53",53,0.01433,FALSE,"observed"
"NL",1900,"54",54,0.01566,FALSE,"observed"
"NL",1900,"55",55,0.01788,FALSE,"observed"
"NL",1900,"56",56,0.01942,FALSE,"observed"
"NL",1900,"57",57,0.01979,FALSE,"observed"
"NL",1900,"58",58,0.02137,FALSE,"observed"
"NL",1900,"59",59,0.0233,FALSE,"observed"
"NL",1900,"60",60,0.02417,FALSE,"observed"
"NL",1900,"61",61,0.02799,FALSE,"observed"
"NL",1900,"62",62,0.02893,FALSE,"observed"
"NL",1900,"63",63,0.03412,FALSE,"observed"
"NL",1900,"64",64,0.03474,FALSE,"observed"
"NL",1900,"65",65,0.03889,FALSE,"observed"
"NL",1900,"66",66,0.04321,FALSE,"observed"
"NL",1900,"67",67,0.04896,FALSE,"observed"
"NL",1900,"68",68,0.04893,FALSE,"observed"
"NL",1900,"69",69,0.05891,FALSE,"observed"
"NL",1900,"70",70,0.06477,FALSE,"observed"
"NL",1900,"71",71,0.06925,FALSE,"observed"
"NL",1900,"72",72,0.07586,FALSE,"observed"
"NL",1900,"73",73,0.08312,FALSE,"observed"
"NL",1900,"74",74,0.09322,FALSE,"observed"
"NL",1900,"75",75,0.09619,FALSE,"observed"
"NL",1900,"76",76,0.10604,FALSE,"observed"
"NL",1900,"77",77,0.12304,FALSE,"observed"
"NL",1900,"78",78,0.13151,FALSE,"observed"
"NL",1900,"79",79,0.13903,FALSE,"observed"
"NL",1900,"80",80,0.154,FALSE,"observed"
"NL",1900,"81",81,0.17103,FALSE,"observed"
"NL",1900,"82",82,0.1711,FALSE,"observed"
"NL",1900,"83",83,0.20633,FALSE,"observed"
"NL",1900,"84",84,0.22652,FALSE,"observed"
"NL",1900,"85",85,0.21848,FALSE,"observed"
"NL",1900,"86",86,0.25869,FALSE,"observed"
"NL",1900,"87",87,0.2628,FALSE,"observed"
"NL",1900,"88",88,0.31693,FALSE,"observed"
"NL",1900,"89",89,0.33092,FALSE,"observed"
"NL",1900,"90",90,0.34666,FALSE,"observed"
"NL",1900,"91",91,0.37146,FALSE,"observed"
"NL",1900,"92",92,0.39694,FALSE,"observed"
"NL",1900,"93",93,0.42298,FALSE,"observed"
"NL",1900,"94",94,0.44942,FALSE,"observed"
"NL",1900,"95",95,0.47615,FALSE,"observed"
"NL",1900,"96",96,0.50299,FALSE,"observed"
"NL",1900,"97",97,0.5298,FALSE,"observed"
"NL",1900,"98",98,0.55643,FALSE,"observed"
"NL",1900,"99",99,0.58273,FALSE,"observed"
"NL",1900,"100",100,0.60856,FALSE,"observed"
"NL",1900,"101",101,0.63378,FALSE,"observed"
"NL",1900,"102",102,0.65829,FALSE,"observed"
"NL",1900,"103",103,0.68198,FALSE,"observed"
"NL",1900,"104",104,0.70476,FALSE,"observed"
"NL",1900,"105",105,0.72657,FALSE,"observed"
"NL",1900,"106",106,0.74734,FALSE,"observed"
"NL",1900,"107",107,0.76704,FALSE,"observed"
"NL",1900,"108",108,0.78566,FALSE,"observed"
"NL",1900,"109",109,0.80317,FALSE,"observed"
"NL",1900,"110+",110,0.81958,FALSE,"observed"
"NL",1901,"0",0,0.18498,FALSE,"observed"
"NL",1901,"1",1,0.04409,FALSE,"observed"
"NL",1901,"2",2,0.01714,FALSE,"observed"
"NL",1901,"3",3,0.01111,FALSE,"observed"
"NL",1901,"4",4,0.00812,FALSE,"observed"
"NL",1901,"5",5,0.00608,FALSE,"observed"
"NL",1901,"6",6,0.00476,FALSE,"observed"
"NL",1901,"7",7,0.0041,FALSE,"observed"
"NL",1901,"8",8,0.00357,FALSE,"observed"
"NL",1901,"9",9,0.00286,FALSE,"observed"
"NL",1901,"10",10,0.00266,FALSE,"observed"
"NL",1901,"11",11,0.00249,FALSE,"observed"
"NL",1901,"12",12,0.0023,FALSE,"observed"
"NL",1901,"13",13,0.00256,FALSE,"observed"
"NL",1901,"14",14,0.00294,FALSE,"observed"
"NL",1901,"15",15,0.00326,FALSE,"observed"
"NL",1901,"16",16,0.00383,FALSE,"observed"
"NL",1901,"17",17,0.00393,FALSE,"observed"
"NL",1901,"18",18,0.0043,FALSE,"observed"
"NL",1901,"19",19,0.0048,FALSE,"observed"
"NL",1901,"20",20,0.00491,FALSE,"observed"
"NL",1901,"21",21,0.0048,FALSE,"observed"
"NL",1901,"22",22,0.00485,FALSE,"observed"
"NL",1901,"23",23,0.00516,FALSE,"observed"
"NL",1901,"24",24,0.00535,FALSE,"observed"
"NL",1901,"25",25,0.00486,FALSE,"observed"
"NL",1901,"26",26,0.00501,FALSE,"observed"
"NL",1901,"27",27,0.0053,FALSE,"observed"
"NL",1901,"28",28,0.00536,FALSE,"observed"
"NL",1901,"29",29,0.0054,FALSE,"observed"
"NL",1901,"30",30,0.0055,FALSE,"observed"
"NL",1901,"31",31,0.00567,FALSE,"observed"
"NL",1901,"32",32,0.00596,FALSE,"observed"
"NL",1901,"33",33,0.00608,FALSE,"observed"
"NL",1901,"34",34,0.00619,FALSE,"observed"
"NL",1901,"35",35,0.00619,FALSE,"observed"
"NL",1901,"36",36,0.00604,FALSE,"observed"
"NL",1901,"37",37,0.00643,FALSE,"observed"
"NL",1901,"38",38,0.0069,FALSE,"observed"
"NL",1901,"39",39,0.00734,FALSE,"observed"
"NL",1901,"40",40,0.00739,FALSE,"observed"
"NL",1901,"41",41,0.00746,FALSE,"observed"
"NL",1901,"42",42,0.00783,FALSE,"observed"
"NL",1901,"43",43,0.00812,FALSE,"observed"
"NL",1901,"44",44,0.00889,FALSE,"observed"
"NL",1901,"45",45,0.00891,FALSE,"observed"
"NL",1901,"46",46,0.00946,FALSE,"observed"
"NL",1901,"47",47,0.00995,FALSE,"observed"
"NL",1901,"48",48,0.01006,FALSE,"observed"
"NL",1901,"49",49,0.01051,FALSE,"observed"
"NL",1901,"50",50,0.0119,FALSE,"observed"
"NL",1901,"51",51,0.01222,FALSE,"observed"
"NL",1901,"52",52,0.01239,FALSE,"observed"
"NL",1901,"53",53,0.01326,FALSE,"observed"
"NL",1901,"54",54,0.01401,FALSE,"observed"
"NL",1901,"55",55,0.01529,FALSE,"observed"
"NL",1901,"56",56,0.01706,FALSE,"observed"
"NL",1901,"57",57,0.01834,FALSE,"observed"
"NL",1901,"58",58,0.01991,FALSE,"observed"
"NL",1901,"59",59,0.02035,FALSE,"observed"
"NL",1901,"60",60,0.02274,FALSE,"observed"
"NL",1901,"61",61,0.02466,FALSE,"observed"
"NL",1901,"62",62,0.02673,FALSE,"observed"
"NL",1901,"63",63,0.03011,FALSE,"observed"
"NL",1901,"64",64,0.03366,FALSE,"observed"
"NL",1901,"65",65,0.0362,FALSE,"observed"
"NL",1901,"66",66,0.03899,FALSE,"observed"
"NL",1901,"67",67,0.0421,FALSE,"observed"
"NL",1901,"68",68,0.04505,FALSE,"observed"
"NL",1901,"69",69,0.05271,FALSE,"observed"
"NL",1901,"70",70,0.0584,FALSE,"observed"
"NL",1901,"71",71,0.06092,FALSE,"observed"
"NL",1901,"72",72,0.0702,FALSE,"observed"
"NL",1901,"73",73,0.07452,FALSE,"observed"
"NL",1901,"74",74,0.08255,FALSE,"observed"
"NL",1901,"75",75,0.0903,FALSE,"observed"
"NL",1901,"76",76,0.09654,FALSE,"observed"
"NL",1901,"77",77,0.10512,FALSE,"observed"
"NL",1901,"78",78,0.10843,FALSE,"observed"
"NL",1901,"79",79,0.12024,FALSE,"observed"
"NL",1901,"80",80,0.13935,FALSE,"observed"
"NL",1901,"81",81,0.14982,FALSE,"observed"
"NL",1901,"82",82,0.16844,FALSE,"observed"
"NL",1901,"83",83,0.1825,FALSE,"observed"
"NL",1901,"84",84,0.20523,FALSE,"observed"
"NL",1901,"85",85,0.21222,FALSE,"observed"
"NL",1901,"86",86,0.21341,FALSE,"observed"
"NL",1901,"87",87,0.25521,FALSE,"observed"
"NL",1901,"88",88,0.26698,FALSE,"observed"
"NL",1901,"89",89,0.29275,FALSE,"observed"
"NL",1901,"90",90,0.31487,FALSE,"observed"
"NL",1901,"91",91,0.33787,FALSE,"observed"
"NL",1901,"92",92,0.36165,FALSE,"observed"
"NL",1901,"93",93,0.38613,FALSE,"observed"
"NL",1901,"94",94,0.41119,FALSE,"observed"
"NL",1901,"95",95,0.43672,FALSE,"observed"
"NL",1901,"96",96,0.46259,FALSE,"observed"
"NL",1901,"97",97,0.48866,FALSE,"observed"
"NL",1901,"98",98,0.51479,FALSE,"observed"
"NL",1901,"99",99,0.54084,FALSE,"observed"
"NL",1901,"100",100,0.56667,FALSE,"observed"
"NL",1901,"101",101,0.59215,FALSE,"observed"
"NL",1901,"102",102,0.61714,FALSE,"observed"
"NL",1901,"103",103,0.64153,FALSE,"observed"
"NL",1901,"104",104,0.66521,FALSE,"observed"
"NL",1901,"105",105,0.6881,FALSE,"observed"
"NL",1901,"106",106,0.7101,FALSE,"observed"
"NL",1901,"107",107,0.73117,FALSE,"observed"
"NL",1901,"108",108,0.75124,FALSE,"observed"
"NL",1901,"109",109,0.7703,FALSE,"observed"
"NL",1901,"110+",110,0.78831,FALSE,"observed"
"NL",1902,"0",0,0.15777,FALSE,"observed"
"NL",1902,"1",1,0.0397,FALSE,"observed"
"NL",1902,"2",2,0.0151,FALSE,"observed"
"NL",1902,"3",3,0.0098,FALSE,"observed"
"NL",1902,"4",4,0.00711,FALSE,"observed"
"NL",1902,"5",5,0.00546,FALSE,"observed"
"NL",1902,"6",6,0.00472,FALSE,"observed"
"NL",1902,"7",7,0.00388,FALSE,"observed"
"NL",1902,"8",8,0.00316,FALSE,"observed"
"NL",1902,"9",9,0.0027,FALSE,"observed"
"NL",1902,"10",10,0.00279,FALSE,"observed"
"NL",1902,"11",11,0.00264,FALSE,"observed"
"NL",1902,"12",12,0.0024,FALSE,"observed"
"NL",1902,"13",13,0.00243,FALSE,"observed"
"NL",1902,"14",14,0.00273,FALSE,"observed"
"NL",1902,"15",15,0.00307,FALSE,"observed"
"NL",1902,"16",16,0.00359,FALSE,"observed"
"NL",1902,"17",17,0.00372,FALSE,"observed"
"NL",1902,"18",18,0.00412,FALSE,"observed"
"NL",1902,"19",19,0.00468,FALSE,"observed"
"NL",1902,"20",20,0.0049,FALSE,"observed"
"NL",1902,"21",21,0.005,FALSE,"observed"
"NL",1902,"22",22,0.00493,FALSE,"observed"
"NL",1902,"23",23,0.00479,FALSE,"observed"
"NL",1902,"24",24,0.0048,FALSE,"observed"
"NL",1902,"25",25,0.00484,FALSE,"observed"
"NL",1902,"26",26,0.00468,FALSE,"observed"
"NL",1902,"27",27,0.00484,FALSE,"observed"
"NL",1902,"28",28,0.0054,FALSE,"observed"
"NL",1902,"29",29,0.00517,FALSE,"observed"
"NL",1902,"30",30,0.00515,FALSE,"observed"
"NL",1902,"31",31,0.00533,FALSE,"observed"
"NL",1902,"32",32,0.00528,FALSE,"observed"
"NL",1902,"33",33,0.00546,FALSE,"observed"
"NL",1902,"34",34,0.00553,FALSE,"observed"
"NL",1902,"35",35,0.00592,FALSE,"observed"
"NL",1902,"36",36,0.00604,FALSE,"observed"
"NL",1902,"37",37,0.00626,FALSE,"observed"
"NL",1902,"38",38,0.00642,FALSE,"observed"
"NL",1902,"39",39,0.00732,FALSE,"observed"
"NL",1902,"40",40,0.00705,FALSE,"observed"
"NL",1902,"41",41,0.00728,FALSE,"observed"
"NL",1902,"42",42,0.00778,FALSE,"observed"
"NL",1902,"43",43,0.0078,FALSE,"observed"
"NL",1902,"44",44,0.00859,FALSE,"observed"
"NL",1902,"45",45,0.00908,FALSE,"observed"
"NL",1902,"46",46,0.00887,FALSE,"observed"
"NL",1902,"47",47,0.0088,FALSE,"observed"
"NL",1902,"48",48,0.0096,FALSE,"observed"
"NL",1902,"49",49,0.01042,FALSE,"observed"
"NL",1902,"50",50,0.01187,FALSE,"observed"
"NL",1902,"51",51,0.01191,FALSE,"observed"
"NL",1902,"52",52,0.01254,FALSE,"observed"
"NL",1902,"53",53,0.01304,FALSE,"observed"
"NL",1902,"54",54,0.01531,FALSE,"observed"
"NL",1902,"55",55,0.01615,FALSE,"observed"
"NL",1902,"56",56,0.01714,FALSE,"observed"
"NL",1902,"57",57,0.01773,FALSE,"observed"
"NL",1902,"58",58,0.01989,FALSE,"observed"
"NL",1902,"59",59,0.02176,FALSE,"observed"
"NL",1902,"60",60,0.02309,FALSE,"observed"
"NL",1902,"61",61,0.02584,FALSE,"observed"
"NL",1902,"62",62,0.02697,FALSE,"observed"
"NL",1902,"63",63,0.02968,FALSE,"observed"
"NL",1902,"64",64,0.0321,FALSE,"observed"
"NL",1902,"65",65,0.03406,FALSE,"observed"
"NL",1902,"66",66,0.03825,FALSE,"observed"
"NL",1902,"67",67,0.04204,FALSE,"observed"
"NL",1902,"68",68,0.04529,FALSE,"observed"
"NL",1902,"69",69,0.05184,FALSE,"observed"
"NL",1902,"70",70,0.05779,FALSE,"observed"
"NL",1902,"71",71,0.06193,FALSE,"observed"
"NL",1902,"72",72,0.06979,FALSE,"observed"
"NL",1902,"73",73,0.07555,FALSE,"observed"
"NL",1902,"74",74,0.08162,FALSE,"observed"
"NL",1902,"75",75,0.09254,FALSE,"observed"
"NL",1902,"76",76,0.1037,FALSE,"observed"
"NL",1902,"77",77,0.11253,FALSE,"observed"
"NL",1902,"78",78,0.11988,FALSE,"observed"
"NL",1902,"79",79,0.13205,FALSE,"observed"
"NL",1902,"80",80,0.14952,FALSE,"observed"
"NL",1902,"81",81,0.15168,FALSE,"observed"
"NL",1902,"82",82,0.16913,FALSE,"observed"
"NL",1902,"83",83,0.18233,FALSE,"observed"
"NL",1902,"84",84,0.19639,FALSE,"observed"
"NL",1902,"85",85,0.22374,FALSE,"observed"
"NL",1902,"86",86,0.24145,FALSE,"observed"
"NL",1902,"87",87,0.27522,FALSE,"observed"
"NL",1902,"88",88,0.29165,FALSE,"observed"
"NL",1902,"89",89,0.29508,FALSE,"observed"
"NL",1902,"90",90,0.33204,FALSE,"observed"
"NL",1902,"91",91,0.35674,FALSE,"observed"
"NL",1902,"92",92,0.3822,FALSE,"observed"
"NL",1902,"93",93,0.40829,FALSE,"observed"
"NL",1902,"94",94,0.43488,FALSE,"observed"
"NL",1902,"95",95,0.4618,FALSE,"observed"
"NL",1902,"96",96,0.48891,FALSE,"observed"
"NL",1902,"97",97,0.51605,FALSE,"observed"
"NL",1902,"98",98,0.54306,FALSE,"observed"
"NL",1902,"99",99,0.56977,FALSE,"observed"
"NL",1902,"100",100,0.59605,FALSE,"observed"
"NL",1902,"101",101,0.62176,FALSE,"observed"
"NL",1902,"102",102,0.64677,FALSE,"observed"
"NL",1902,"103",103,0.67096,FALSE,"observed"
"NL",1902,"104",104,0.69426,FALSE,"observed"
"NL",1902,"105",105,0.71658,FALSE,"observed"
"NL",1902,"106",106,0.73786,FALSE,"observed"
"NL",1902,"107",107,0.75806,FALSE,"observed"
"NL",1902,"108",108,0.77716,FALSE,"observed"
"NL",1902,"109",109,0.79515,FALSE,"observed"
"NL",1902,"110+",110,0.81202,FALSE,"observed"
"NL",1903,"0",0,0.16142,FALSE,"observed"
"NL",1903,"1",1,0.03492,FALSE,"observed"
"NL",1903,"2",2,0.01268,FALSE,"observed"
"NL",1903,"3",3,0.00793,FALSE,"observed"
"NL",1903,"4",4,0.00613,FALSE,"observed"
"NL",1903,"5",5,0.00471,FALSE,"observed"
"NL",1903,"6",6,0.0039,FALSE,"observed"
"NL",1903,"7",7,0.00322,FALSE,"observed"
"NL",1903,"8",8,0.00257,FALSE,"observed"
"NL",1903,"9",9,0.00218,FALSE,"observed"
"NL",1903,"10",10,0.00222,FALSE,"observed"
"NL",1903,"11",11,0.0023,FALSE,"observed"
"NL",1903,"12",12,0.0022,FALSE,"observed"
"NL",1903,"13",13,0.00233,FALSE,"observed"
"NL",1903,"14",14,0.00266,FALSE,"observed"
"NL",1903,"15",15,0.00299,FALSE,"observed"
"NL",1903,"16",16,0.00356,FALSE,"observed"
"NL",1903,"17",17,0.00377,FALSE,"observed"
"NL",1903,"18",18,0.00423,FALSE,"observed"
"NL",1903,"19",19,0.00442,FALSE,"observed"
"NL",1903,"20",20,0.00467,FALSE,"observed"
"NL",1903,"21",21,0.00491,FALSE,"observed"
"NL",1903,"22",22,0.00502,FALSE,"observed"
"NL",1903,"23",23,0.00517,FALSE,"observed"
"NL",1903,"24",24,0.00486,FALSE,"observed"
"NL",1903,"25",25,0.00506,FALSE,"observed"
"NL",1903,"26",26,0.00529,FALSE,"observed"
"NL",1903,"27",27,0.00505,FALSE,"observed"
"NL",1903,"28",28,0.005,FALSE,"observed"
"NL",1903,"29",29,0.00517,FALSE,"observed"
"NL",1903,"30",30,0.00517,FALSE,"observed"
"NL",1903,"31",31,0.00528,FALSE,"observed"
"NL",1903,"32",32,0.00517,FALSE,"observed"
"NL",1903,"33",33,0.00507,FALSE,"observed"
"NL",1903,"34",34,0.0058,FALSE,"observed"
"NL",1903,"35",35,0.00583,FALSE,"observed"
"NL",1903,"36",36,0.00597,FALSE,"observed"
"NL",1903,"37",37,0.00638,FALSE,"observed"
"NL",1903,"38",38,0.00583,FALSE,"observed"
"NL",1903,"39",39,0.00668,FALSE,"observed"
"NL",1903,"40",40,0.00733,FALSE,"observed"
"NL",1903,"41",41,0.00742,FALSE,"observed"
"NL",1903,"42",42,0.00786,FALSE,"observed"
"NL",1903,"43",43,0.00738,FALSE,"observed"
"NL",1903,"44",44,0.00751,FALSE,"observed"
"NL",1903,"45",45,0.00781,FALSE,"observed"
"NL",1903,"46",46,0.00877,FALSE,"observed"
"NL",1903,"47",47,0.00992,FALSE,"observed"
"NL",1903,"48",48,0.01043,FALSE,"observed"
"NL",1903,"49",49,0.00996,FALSE,"observed"
"NL",1903,"50",50,0.01103,FALSE,"observed"
"NL",1903,"51",51,0.01161,FALSE,"observed"
"NL",1903,"52",52,0.01255,FALSE,"observed"
"NL",1903,"53",53,0.01364,FALSE,"observed"
"NL",1903,"54",54,0.01387,FALSE,"observed"
"NL",1903,"55",55,0.01463,FALSE,"observed"
"NL",1903,"56",56,0.01576,FALSE,"observed"
"NL",1903,"57",57,0.01686,FALSE,"observed"
"NL",1903,"58",58,0.01862,FALSE,"observed"
"NL",1903,"59",59,0.01976,FALSE,"observed"
"NL",1903,"60",60,0.02178,FALSE,"observed"
"NL",1903,"61",61,0.02373,FALSE,"observed"
"NL",1903,"62",62,0.02629,FALSE,"observed"
"NL",1903,"63",63,0.02848,FALSE,"observed"
"NL",1903,"64",64,0.03113,FALSE,"observed"
"NL",1903,"65",65,0.03452,FALSE,"observed"
"NL",1903,"66",66,0.03705,FALSE,"observed"
"NL",1903,"67",67,0.04064,FALSE,"observed"
"NL",1903,"68",68,0.0448,FALSE,"observed"
"NL",1903,"69",69,0.05055,FALSE,"observed"
"NL",1903,"70",70,0.05592,FALSE,"observed"
"NL",1903,"71",71,0.05807,FALSE,"observed"
"NL",1903,"72",72,0.06414,FALSE,"observed"
"NL",1903,"73",73,0.06747,FALSE,"observed"
"NL",1903,"74",74,0.07551,FALSE,"observed"
"NL",1903,"75",75,0.08685,FALSE,"observed"
"NL",1903,"76",76,0.09428,FALSE,"observed"
"NL",1903,"77",77,0.10159,FALSE,"observed"
"NL",1903,"78",78,0.10784,FALSE,"observed"
"NL",1903,"79",79,0.11877,FALSE,"observed"
"NL",1903,"80",80,0.13207,FALSE,"observed"
"NL",1903,"81",81,0.13538,FALSE,"observed"
"NL",1903,"82",82,0.15389,FALSE,"observed"
"NL",1903,"83",83,0.16912,FALSE,"observed"
"NL",1903,"84",84,0.19072,FALSE,"observed"
"NL",1903,"85",85,0.21194,FALSE,"observed"
"NL",1903,"86",86,0.21872,FALSE,"observed"
"NL",1903,"87",87,0.24658,FALSE,"observed"
"NL",1903,"88",88,0.26484,FALSE,"observed"
"NL",1903,"89",89,0.2887,FALSE,"observed"
"NL",1903,"90",90,0.3014,FALSE,"observed"
"NL",1903,"91",91,0.32407,FALSE,"observed"
"NL",1903,"92",92,0.34753,FALSE,"observed"
"NL",1903,"93",93,0.37171,FALSE,"observed"
"NL",1903,"94",94,0.39648,FALSE,"observed"
"NL",1903,"95",95,0.42173,FALSE,"observed"
"NL",1903,"96",96,0.44733,FALSE,"observed"
"NL",1903,"97",97,0.47315,FALSE,"observed"
"NL",1903,"98",98,0.49905,FALSE,"observed"
"NL",1903,"99",99,0.5249,FALSE,"observed"
"NL",1903,"100",100,0.55055,FALSE,"observed"
"NL",1903,"101",101,0.57589,FALSE,"observed"
"NL",1903,"102",102,0.60079,FALSE,"observed"
"NL",1903,"103",103,0.62514,FALSE,"observed"
"NL",1903,"104",104,0.64883,FALSE,"observed"
"NL",1903,"105",105,0.67178,FALSE,"observed"
"NL",1903,"106",106,0.69391,FALSE,"observed"
"NL",1903,"107",107,0.71517,FALSE,"observed"
"NL",1903,"108",108,0.7355,FALSE,"observed"
"NL",1903,"109",109,0.75486,FALSE,"observed"
"NL",1903,"110+",110,0.77325,FALSE,"observed"
"NL",1904,"0",0,0.16688,FALSE,"observed"
"NL",1904,"1",1,0.03973,FALSE,"observed"
"NL",1904,"2",2,0.01536,FALSE,"observed"
"NL",1904,"3",3,0.00927,FALSE,"observed"
"NL",1904,"4",4,0.00661,FALSE,"observed"
"NL",1904,"5",5,0.00501,FALSE,"observed"
"NL",1904,"6",6,0.00389,FALSE,"observed"
"NL",1904,"7",7,0.0033,FALSE,"observed"
"NL",1904,"8",8,0.00284,FALSE,"observed"
"NL",1904,"9",9,0.0024,FALSE,"observed"
"NL",1904,"10",10,0.00238,FALSE,"observed"
"NL",1904,"11",11,0.0021,FALSE,"observed"
"NL",1904,"12",12,0.00214,FALSE,"observed"
"NL",1904,"13",13,0.00248,FALSE,"observed"
"NL",1904,"14",14,0.00279,FALSE,"observed"
"NL",1904,"15",15,0.00292,FALSE,"observed"
"NL",1904,"16",16,0.00328,FALSE,"observed"
"NL",1904,"17",17,0.0036,FALSE,"observed"
"NL",1904,"18",18,0.00414,FALSE,"observed"
"NL",1904,"19",19,0.00445,FALSE,"observed"
"NL",1904,"20",20,0.00414,FALSE,"observed"
"NL",1904,"21",21,0.00419,FALSE,"observed"
"NL",1904,"22",22,0.00462,FALSE,"observed"
"NL",1904,"23",23,0.00476,FALSE,"observed"
"NL",1904,"24",24,0.00489,FALSE,"observed"
"NL",1904,"25",25,0.00478,FALSE,"observed"
"NL",1904,"26",26,0.00493,FALSE,"observed"
"NL",1904,"27",27,0.00482,FALSE,"observed"
"NL",1904,"28",28,0.00465,FALSE,"observed"
"NL",1904,"29",29,0.00469,FALSE,"observed"
"NL",1904,"30",30,0.0047,FALSE,"observed"
"NL",1904,"31",31,0.00508,FALSE,"observed"
"NL",1904,"32",32,0.00523,FALSE,"observed"
"NL",1904,"33",33,0.00508,FALSE,"observed"
"NL",1904,"34",34,0.0053,FALSE,"observed"
"NL",1904,"35",35,0.00571,FALSE,"observed"
"NL",1904,"36",36,0.00602,FALSE,"observed"
"NL",1904,"37",37,0.00644,FALSE,"observed"
"NL",1904,"38",38,0.00621,FALSE,"observed"
"NL",1904,"39",39,0.00675,FALSE,"observed"
"NL",1904,"40",40,0.00704,FALSE,"observed"
"NL",1904,"41",41,0.00741,FALSE,"observed"
"NL",1904,"42",42,0.00776,FALSE,"observed"
"NL",1904,"43",43,0.00789,FALSE,"observed"
"NL",1904,"44",44,0.00776,FALSE,"observed"
"NL",1904,"45",45,0.00832,FALSE,"observed"
"NL",1904,"46",46,0.00919,FALSE,"observed"
"NL",1904,"47",47,0.00933,FALSE,"observed"
"NL",1904,"48",48,0.00933,FALSE,"observed"
"NL",1904,"49",49,0.01019,FALSE,"observed"
"NL",1904,"50",50,0.01134,FALSE,"observed"
"NL",1904,"51",51,0.01151,FALSE,"observed"
"NL",1904,"52",52,0.01272,FALSE,"observed"
"NL",1904,"53",53,0.01382,FALSE,"observed"
"NL",1904,"54",54,0.01477,FALSE,"observed"
"NL",1904,"55",55,0.01402,FALSE,"observed"
"NL",1904,"56",56,0.01589,FALSE,"observed"
"NL",1904,"57",57,0.01746,FALSE,"observed"
"NL",1904,"58",58,0.01854,FALSE,"observed"
"NL",1904,"59",59,0.0193,FALSE,"observed"
"NL",1904,"60",60,0.02192,FALSE,"observed"
"NL",1904,"61",61,0.02506,FALSE,"observed"
"NL",1904,"62",62,0.02554,FALSE,"observed"
"NL",1904,"63",63,0.02753,FALSE,"observed"
"NL",1904,"64",64,0.03076,FALSE,"observed"
"NL",1904,"65",65,0.03435,FALSE,"observed"
"NL",1904,"66",66,0.03891,FALSE,"observed"
"NL",1904,"67",67,0.04233,FALSE,"observed"
"NL",1904,"68",68,0.04457,FALSE,"observed"
"NL",1904,"69",69,0.05079,FALSE,"observed"
"NL",1904,"70",70,0.05509,FALSE,"observed"
"NL",1904,"71",71,0.05699,FALSE,"observed"
"NL",1904,"72",72,0.06612,FALSE,"observed"
"NL",1904,"73",73,0.07003,FALSE,"observed"
"NL",1904,"74",74,0.07715,FALSE,"observed"
"NL",1904,"75",75,0.08803,FALSE,"observed"
"NL",1904,"76",76,0.09533,FALSE,"observed"
"NL",1904,"77",77,0.10674,FALSE,"observed"
"NL",1904,"78",78,0.11238,FALSE,"observed"
"NL",1904,"79",79,0.12115,FALSE,"observed"
"NL",1904,"80",80,0.13907,FALSE,"observed"
"NL",1904,"81",81,0.14557,FALSE,"observed"
"NL",1904,"82",82,0.15962,FALSE,"observed"
"NL",1904,"83",83,0.17021,FALSE,"observed"
"NL",1904,"84",84,0.18732,FALSE,"observed"
"NL",1904,"85",85,0.20716,FALSE,"observed"
"NL",1904,"86",86,0.21807,FALSE,"observed"
"NL",1904,"87",87,0.2455,FALSE,"observed"
"NL",1904,"88",88,0.24838,FALSE,"observed"
"NL",1904,"89",89,0.27371,FALSE,"observed"
"NL",1904,"90",90,0.29345,FALSE,"observed"
"NL",1904,"91",91,0.31399,FALSE,"observed"
"NL",1904,"92",92,0.33529,FALSE,"observed"
"NL",1904,"93",93,0.35728,FALSE,"observed"
"NL",1904,"94",94,0.3799,FALSE,"observed"
"NL",1904,"95",95,0.40305,FALSE,"observed"
"NL",1904,"96",96,0.42665,FALSE,"observed"
"NL",1904,"97",97,0.45059,FALSE,"observed"
"NL",1904,"98",98,0.47478,FALSE,"observed"
"NL",1904,"99",99,0.49909,FALSE,"observed"
"NL",1904,"100",100,0.52342,FALSE,"observed"
"NL",1904,"101",101,0.54766,FALSE,"observed"
"NL",1904,"102",102,0.57168,FALSE,"observed"
"NL",1904,"103",103,0.59539,FALSE,"observed"
"NL",1904,"104",104,0.61867,FALSE,"observed"
"NL",1904,"105",105,0.64144,FALSE,"observed"
"NL",1904,"106",106,0.6636,FALSE,"observed"
"NL",1904,"107",107,0.68508,FALSE,"observed"
"NL",1904,"108",108,0.70581,FALSE,"observed"
"NL",1904,"109",109,0.72574,FALSE,"observed"
"NL",1904,"110+",110,0.74482,FALSE,"observed"
"NL",1905,"0",0,0.15448,FALSE,"observed"
"NL",1905,"1",1,0.03414,FALSE,"observed"
"NL",1905,"2",2,0.0129,FALSE,"observed"
"NL",1905,"3",3,0.00816,FALSE,"observed"
"NL",1905,"4",4,0.00565,FALSE,"observed"
"NL",1905,"5",5,0.00433,FALSE,"observed"
"NL",1905,"6",6,0.00373,FALSE,"observed"
"NL",1905,"7",7,0.00307,FALSE,"observed"
"NL",1905,"8",8,0.00262,FALSE,"observed"
"NL",1905,"9",9,0.0024,FALSE,"observed"
"NL",1905,"10",10,0.00229,FALSE,"observed"
"NL",1905,"11",11,0.00212,FALSE,"observed"
"NL",1905,"12",12,0.0021,FALSE,"observed"
"NL",1905,"13",13,0.00226,FALSE,"observed"
"NL",1905,"14",14,0.0025,FALSE,"observed"
"NL",1905,"15",15,0.0027,FALSE,"observed"
"NL",1905,"16",16,0.00313,FALSE,"observed"
"NL",1905,"17",17,0.00341,FALSE,"observed"
"NL",1905,"18",18,0.0039,FALSE,"observed"
"NL",1905,"19",19,0.00424,FALSE,"observed"
"NL",1905,"20",20,0.00471,FALSE,"observed"
"NL",1905,"21",21,0.00489,FALSE,"observed"
"NL",1905,"22",22,0.00459,FALSE,"observed"
"NL",1905,"23",23,0.00455,FALSE,"observed"
"NL",1905,"24",24,0.00472,FALSE,"observed"
"NL",1905,"25",25,0.00466,FALSE,"observed"
"NL",1905,"26",26,0.00473,FALSE,"observed"
"NL",1905,"27",27,0.00459,FALSE,"observed"
"NL",1905,"28",28,0.00475,FALSE,"observed"
"NL",1905,"29",29,0.00482,FALSE,"observed"
"NL",1905,"30",30,0.0047,FALSE,"observed"
"NL",1905,"31",31,0.00516,FALSE,"observed"
"NL",1905,"32",32,0.00523,FALSE,"observed"
"NL",1905,"33",33,0.00536,FALSE,"observed"
"NL",1905,"34",34,0.00552,FALSE,"observed"
"NL",1905,"35",35,0.00528,FALSE,"observed"
"NL",1905,"36",36,0.00569,FALSE,"observed"
"NL",1905,"37",37,0.00578,FALSE,"observed"
"NL",1905,"38",38,0.00555,FALSE,"observed"
"NL",1905,"39",39,0.00622,FALSE,"observed"
"NL",1905,"40",40,0.00664,FALSE,"observed"
"NL",1905,"41",41,0.00694,FALSE,"observed"
"NL",1905,"42",42,0.00684,FALSE,"observed"
"NL",1905,"43",43,0.00715,FALSE,"observed"
"NL",1905,"44",44,0.00829,FALSE,"observed"
"NL",1905,"45",45,0.00815,FALSE,"observed"
"NL",1905,"46",46,0.00846,FALSE,"observed"
"NL",1905,"47",47,0.00862,FALSE,"observed"
"NL",1905,"48",48,0.00959,FALSE,"observed"
"NL",1905,"49",49,0.01018,FALSE,"observed"
"NL",1905,"50",50,0.01079,FALSE,"observed"
"NL",1905,"51",51,0.01052,FALSE,"observed"
"NL",1905,"52",52,0.01138,FALSE,"observed"
"NL",1905,"53",53,0.01322,FALSE,"observed"
"NL",1905,"54",54,0.01448,FALSE,"observed"
"NL",1905,"55",55,0.01486,FALSE,"observed"
"NL",1905,"56",56,0.01563,FALSE,"observed"
"NL",1905,"57",57,0.01836,FALSE,"observed"
"NL",1905,"58",58,0.01955,FALSE,"observed"
"NL",1905,"59",59,0.02006,FALSE,"observed"
"NL",1905,"60",60,0.02194,FALSE,"observed"
"NL",1905,"61",61,0.02506,FALSE,"observed"
"NL",1905,"62",62,0.02754,FALSE,"observed"
"NL",1905,"63",63,0.02949,FALSE,"observed"
"NL",1905,"64",64,0.0328,FALSE,"observed"
"NL",1905,"65",65,0.03526,FALSE,"observed"
"NL",1905,"66",66,0.03844,FALSE,"observed"
"NL",1905,"67",67,0.04136,FALSE,"observed"
"NL",1905,"68",68,0.0437,FALSE,"observed"
"NL",1905,"69",69,0.04972,FALSE,"observed"
"NL",1905,"70",70,0.05718,FALSE,"observed"
"NL",1905,"71",71,0.05891,FALSE,"observed"
"NL",1905,"72",72,0.06471,FALSE,"observed"
"NL",1905,"73",73,0.0736,FALSE,"observed"
"NL",1905,"74",74,0.0817,FALSE,"observed"
"NL",1905,"75",75,0.08703,FALSE,"observed"
"NL",1905,"76",76,0.09557,FALSE,"observed"
"NL",1905,"77",77,0.105,FALSE,"observed"
"NL",1905,"78",78,0.11552,FALSE,"observed"
"NL",1905,"79",79,0.12636,FALSE,"observed"
"NL",1905,"80",80,0.14492,FALSE,"observed"
"NL",1905,"81",81,0.1546,FALSE,"observed"
"NL",1905,"82",82,0.17035,FALSE,"observed"
"NL",1905,"83",83,0.17683,FALSE,"observed"
"NL",1905,"84",84,0.19469,FALSE,"observed"
"NL",1905,"85",85,0.22566,FALSE,"observed"
"NL",1905,"86",86,0.22656,FALSE,"observed"
"NL",1905,"87",87,0.241,FALSE,"observed"
"NL",1905,"88",88,0.25901,FALSE,"observed"
"NL",1905,"89",89,0.2869,FALSE,"observed"
"NL",1905,"90",90,0.30232,FALSE,"observed"
"NL",1905,"91",91,0.3224,FALSE,"observed"
"NL",1905,"92",92,0.34306,FALSE,"observed"
"NL",1905,"93",93,0.36423,FALSE,"observed"
"NL",1905,"94",94,0.38583,FALSE,"observed"
"NL",1905,"95",95,0.40779,FALSE,"observed"
"NL",1905,"96",96,0.43,FALSE,"observed"
"NL",1905,"97",97,0.45237,FALSE,"observed"
"NL",1905,"98",98,0.47482,FALSE,"observed"
"NL",1905,"99",99,0.49725,FALSE,"observed"
"NL",1905,"100",100,0.51957,FALSE,"observed"
"NL",1905,"101",101,0.54171,FALSE,"observed"
"NL",1905,"102",102,0.56357,FALSE,"observed"
"NL",1905,"103",103,0.58509,FALSE,"observed"
"NL",1905,"104",104,0.60619,FALSE,"observed"
"NL",1905,"105",105,0.62684,FALSE,"observed"
"NL",1905,"106",106,0.64696,FALSE,"observed"
"NL",1905,"107",107,0.66651,FALSE,"observed"
"NL",1905,"108",108,0.68547,FALSE,"observed"
"NL",1905,"109",109,0.70379,FALSE,"observed"
"NL",1905,"110+",110,0.72146,FALSE,"observed"
"NL",1906,"0",0,0.15271,FALSE,"observed"
"NL",1906,"1",1,0.03215,FALSE,"observed"
"NL",1906,"2",2,0.01151,FALSE,"observed"
"NL",1906,"3",3,0.00713,FALSE,"observed"
"NL",1906,"4",4,0.00543,FALSE,"observed"
"NL",1906,"5",5,0.00426,FALSE,"observed"
"NL",1906,"6",6,0.00332,FALSE,"observed"
"NL",1906,"7",7,0.00287,FALSE,"observed"
"NL",1906,"8",8,0.0026,FALSE,"observed"
"NL",1906,"9",9,0.00209,FALSE,"observed"
"NL",1906,"10",10,0.00208,FALSE,"observed"
"NL",1906,"11",11,0.00209,FALSE,"observed"
"NL",1906,"12",12,0.00203,FALSE,"observed"
"NL",1906,"13",13,0.00214,FALSE,"observed"
"NL",1906,"14",14,0.0025,FALSE,"observed"
"NL",1906,"15",15,0.00277,FALSE,"observed"
"NL",1906,"16",16,0.00333,FALSE,"observed"
"NL",1906,"17",17,0.00376,FALSE,"observed"
"NL",1906,"18",18,0.00408,FALSE,"observed"
"NL",1906,"19",19,0.0041,FALSE,"observed"
"NL",1906,"20",20,0.00424,FALSE,"observed"
"NL",1906,"21",21,0.00444,FALSE,"observed"
"NL",1906,"22",22,0.00444,FALSE,"observed"
"NL",1906,"23",23,0.00451,FALSE,"observed"
"NL",1906,"24",24,0.0044,FALSE,"observed"
"NL",1906,"25",25,0.00418,FALSE,"observed"
"NL",1906,"26",26,0.00455,FALSE,"observed"
"NL",1906,"27",27,0.00488,FALSE,"observed"
"NL",1906,"28",28,0.00483,FALSE,"observed"
"NL",1906,"29",29,0.00456,FALSE,"observed"
"NL",1906,"30",30,0.00449,FALSE,"observed"
"NL",1906,"31",31,0.00503,FALSE,"observed"
"NL",1906,"32",32,0.00527,FALSE,"observed"
"NL",1906,"33",33,0.00511,FALSE,"observed"
"NL",1906,"34",34,0.00559,FALSE,"observed"
"NL",1906,"35",35,0.0058,FALSE,"observed"
"NL",1906,"36",36,0.00556,FALSE,"observed"
"NL",1906,"37",37,0.006,FALSE,"observed"
"NL",1906,"38",38,0.00597,FALSE,"observed"
"NL",1906,"39",39,0.0065,FALSE,"observed"
"NL",1906,"40",40,0.00668,FALSE,"observed"
"NL",1906,"41",41,0.00685,FALSE,"observed"
"NL",1906,"42",42,0.00739,FALSE,"observed"
"NL",1906,"43",43,0.00755,FALSE,"observed"
"NL",1906,"44",44,0.00765,FALSE,"observed"
"NL",1906,"45",45,0.00783,FALSE,"observed"
"NL",1906,"46",46,0.00809,FALSE,"observed"
"NL",1906,"47",47,0.00843,FALSE,"observed"
"NL",1906,"48",48,0.0092,FALSE,"observed"
"NL",1906,"49",49,0.0098,FALSE,"observed"
"NL",1906,"50",50,0.01037,FALSE,"observed"
"NL",1906,"51",51,0.01118,FALSE,"observed"
"NL",1906,"52",52,0.01193,FALSE,"observed"
"NL",1906,"53",53,0.01219,FALSE,"observed"
"NL",1906,"54",54,0.01328,FALSE,"observed"
"NL",1906,"55",55,0.01428,FALSE,"observed"
"NL",1906,"56",56,0.01584,FALSE,"observed"
"NL",1906,"57",57,0.01655,FALSE,"observed"
"NL",1906,"58",58,0.01896,FALSE,"observed"
"NL",1906,"59",59,0.01903,FALSE,"observed"
"NL",1906,"60",60,0.02089,FALSE,"observed"
"NL",1906,"61",61,0.02322,FALSE,"observed"
"NL",1906,"62",62,0.02614,FALSE,"observed"
"NL",1906,"63",63,0.02924,FALSE,"observed"
"NL",1906,"64",64,0.03156,FALSE,"observed"
"NL",1906,"65",65,0.03415,FALSE,"observed"
"NL",1906,"66",66,0.03566,FALSE,"observed"
"NL",1906,"67",67,0.04065,FALSE,"observed"
"NL",1906,"68",68,0.04383,FALSE,"observed"
"NL",1906,"69",69,0.04782,FALSE,"observed"
"NL",1906,"70",70,0.05298,FALSE,"observed"
"NL",1906,"71",71,0.05693,FALSE,"observed"
"NL",1906,"72",72,0.06271,FALSE,"observed"
"NL",1906,"73",73,0.06771,FALSE,"observed"
"NL",1906,"74",74,0.07895,FALSE,"observed"
"NL",1906,"75",75,0.08465,FALSE,"observed"
"NL",1906,"76",76,0.08999,FALSE,"observed"
"NL",1906,"77",77,0.10574,FALSE,"observed"
"NL",1906,"78",78,0.10957,FALSE,"observed"
"NL",1906,"79",79,0.11918,FALSE,"observed"
"NL",1906,"80",80,0.13911,FALSE,"observed"
"NL",1906,"81",81,0.1436,FALSE,"observed"
"NL",1906,"82",82,0.15686,FALSE,"observed"
"NL",1906,"83",83,0.16983,FALSE,"observed"
"NL",1906,"84",84,0.18728,FALSE,"observed"
"NL",1906,"85",85,0.20528,FALSE,"observed"
"NL",1906,"86",86,0.21659,FALSE,"observed"
"NL",1906,"87",87,0.22929,FALSE,"observed"
"NL",1906,"88",88,0.23391,FALSE,"observed"
"NL",1906,"89",89,0.26962,FALSE,"observed"
"NL",1906,"90",90,0.29346,FALSE,"observed"
"NL",1906,"91",91,0.31424,FALSE,"observed"
"NL",1906,"92",92,0.33577,FALSE,"observed"
"NL",1906,"93",93,0.35799,FALSE,"observed"
"NL",1906,"94",94,0.38082,FALSE,"observed"
"NL",1906,"95",95,0.40418,FALSE,"observed"
"NL",1906,"96",96,0.42797,FALSE,"observed"
"NL",1906,"97",97,0.45208,FALSE,"observed"
"NL",1906,"98",98,0.4764,FALSE,"observed"
"NL",1906,"99",99,0.50083,FALSE,"observed"
"NL",1906,"100",100,0.52525,FALSE,"observed"
"NL",1906,"101",101,0.54955,FALSE,"observed"
"NL",1906,"102",102,0.57361,FALSE,"observed"
"NL",1906,"103",103,0.59733,FALSE,"observed"
"NL",1906,"104",104,0.6206,FALSE,"observed"
"NL",1906,"105",105,0.64334,FALSE,"observed"
"NL",1906,"106",106,0.66546,FALSE,"observed"
"NL",1906,"107",107,0.68688,FALSE,"observed"
"NL",1906,"108",108,0.70755,FALSE,"observed"
"NL",1906,"109",109,0.7274,FALSE,"observed"
"NL",1906,"110+",110,0.7464,FALSE,"observed"
"NL",1907,"0",0,0.13625,FALSE,"observed"
"NL",1907,"1",1,0.031,FALSE,"observed"
"NL",1907,"2",2,0.01177,FALSE,"observed"
"NL",1907,"3",3,0.00755,FALSE,"observed"
"NL",1907,"4",4,0.00543,FALSE,"observed"
"NL",1907,"5",5,0.00437,FALSE,"observed"
"NL",1907,"6",6,0.00341,FALSE,"observed"
"NL",1907,"7",7,0.00275,FALSE,"observed"
"NL",1907,"8",8,0.00244,FALSE,"observed"
"NL",1907,"9",9,0.00208,FALSE,"observed"
"NL",1907,"10",10,0.00196,FALSE,"observed"
"NL",1907,"11",11,0.00191,FALSE,"observed"
"NL",1907,"12",12,0.00204,FALSE,"observed"
"NL",1907,"13",13,0.00215,FALSE,"observed"
"NL",1907,"14",14,0.00231,FALSE,"observed"
"NL",1907,"15",15,0.00262,FALSE,"observed"
"NL",1907,"16",16,0.00296,FALSE,"observed"
"NL",1907,"17",17,0.0032,FALSE,"observed"
"NL",1907,"18",18,0.00374,FALSE,"observed"
"NL",1907,"19",19,0.0039,FALSE,"observed"
"NL",1907,"20",20,0.00393,FALSE,"observed"
"NL",1907,"21",21,0.00415,FALSE,"observed"
"NL",1907,"22",22,0.00431,FALSE,"observed"
"NL",1907,"23",23,0.00421,FALSE,"observed"
"NL",1907,"24",24,0.00428,FALSE,"observed"
"NL",1907,"25",25,0.00418,FALSE,"observed"
"NL",1907,"26",26,0.00422,FALSE,"observed"
"NL",1907,"27",27,0.00427,FALSE,"observed"
"NL",1907,"28",28,0.00455,FALSE,"observed"
"NL",1907,"29",29,0.00465,FALSE,"observed"
"NL",1907,"30",30,0.0045,FALSE,"observed"
"NL",1907,"31",31,0.00468,FALSE,"observed"
"NL",1907,"32",32,0.00486,FALSE,"observed"
"NL",1907,"33",33,0.00499,FALSE,"observed"
"NL",1907,"34",34,0.00502,FALSE,"observed"
"NL",1907,"35",35,0.00523,FALSE,"observed"
"NL",1907,"36",36,0.00554,FALSE,"observed"
"NL",1907,"37",37,0.00599,FALSE,"observed"
"NL",1907,"38",38,0.00601,FALSE,"observed"
"NL",1907,"39",39,0.00629,FALSE,"observed"
"NL",1907,"40",40,0.00628,FALSE,"observed"
"NL",1907,"41",41,0.00644,FALSE,"observed"
"NL",1907,"42",42,0.0068,FALSE,"observed"
"NL",1907,"43",43,0.00694,FALSE,"observed"
"NL",1907,"44",44,0.00785,FALSE,"observed"
"NL",1907,"45",45,0.0082,FALSE,"observed"
"NL",1907,"46",46,0.00844,FALSE,"observed"
"NL",1907,"47",47,0.00827,FALSE,"observed"
"NL",1907,"48",48,0.00932,FALSE,"observed"
"NL",1907,"49",49,0.01008,FALSE,"observed"
"NL",1907,"50",50,0.01095,FALSE,"observed"
"NL",1907,"51",51,0.0107,FALSE,"observed"
"NL",1907,"52",52,0.01161,FALSE,"observed"
"NL",1907,"53",53,0.01301,FALSE,"observed"
"NL",1907,"54",54,0.01408,FALSE,"observed"
"NL",1907,"55",55,0.015,FALSE,"observed"
"NL",1907,"56",56,0.01717,FALSE,"observed"
"NL",1907,"57",57,0.01847,FALSE,"observed"
"NL",1907,"58",58,0.01897,FALSE,"observed"
"NL",1907,"59",59,0.0214,FALSE,"observed"
"NL",1907,"60",60,0.02345,FALSE,"observed"
"NL",1907,"61",61,0.02515,FALSE,"observed"
"NL",1907,"62",62,0.0268,FALSE,"observed"
"NL",1907,"63",63,0.03007,FALSE,"observed"
"NL",1907,"64",64,0.03308,FALSE,"observed"
"NL",1907,"65",65,0.03491,FALSE,"observed"
"NL",1907,"66",66,0.03894,FALSE,"observed"
"NL",1907,"67",67,0.0425,FALSE,"observed"
"NL",1907,"68",68,0.04655,FALSE,"observed"
"NL",1907,"69",69,0.05225,FALSE,"observed"
"NL",1907,"70",70,0.05584,FALSE,"observed"
"NL",1907,"71",71,0.05973,FALSE,"observed"
"NL",1907,"72",72,0.06905,FALSE,"observed"
"NL",1907,"73",73,0.07288,FALSE,"observed"
"NL",1907,"74",74,0.07866,FALSE,"observed"
"NL",1907,"75",75,0.08781,FALSE,"observed"
"NL",1907,"76",76,0.10078,FALSE,"observed"
"NL",1907,"77",77,0.11009,FALSE,"observed"
"NL",1907,"78",78,0.11828,FALSE,"observed"
"NL",1907,"79",79,0.13044,FALSE,"observed"
"NL",1907,"80",80,0.14925,FALSE,"observed"
"NL",1907,"81",81,0.15607,FALSE,"observed"
"NL",1907,"82",82,0.17272,FALSE,"observed"
"NL",1907,"83",83,0.18763,FALSE,"observed"
"NL",1907,"84",84,0.20761,FALSE,"observed"
"NL",1907,"85",85,0.23361,FALSE,"observed"
"NL",1907,"86",86,0.23893,FALSE,"observed"
"NL",1907,"87",87,0.26196,FALSE,"observed"
"NL",1907,"88",88,0.27842,FALSE,"observed"
"NL",1907,"89",89,0.30491,FALSE,"observed"
"NL",1907,"90",90,0.32631,FALSE,"observed"
"NL",1907,"91",91,0.34961,FALSE,"observed"
"NL",1907,"92",92,0.37367,FALSE,"observed"
"NL",1907,"93",93,0.39842,FALSE,"observed"
"NL",1907,"94",94,0.42375,FALSE,"observed"
"NL",1907,"95",95,0.44953,FALSE,"observed"
"NL",1907,"96",96,0.47565,FALSE,"observed"
"NL",1907,"97",97,0.50196,FALSE,"observed"
"NL",1907,"98",98,0.52833,FALSE,"observed"
"NL",1907,"99",99,0.55461,FALSE,"observed"
"NL",1907,"100",100,0.58065,FALSE,"observed"
"NL",1907,"101",101,0.60632,FALSE,"observed"
"NL",1907,"102",102,0.63148,FALSE,"observed"
"NL",1907,"103",103,0.65601,FALSE,"observed"
"NL",1907,"104",104,0.6798,FALSE,"observed"
"NL",1907,"105",105,0.70274,FALSE,"observed"
"NL",1907,"106",106,0.72476,FALSE,"observed"
"NL",1907,"107",107,0.74577,FALSE,"observed"
"NL",1907,"108",108,0.76574,FALSE,"observed"
"NL",1907,"109",109,0.78463,FALSE,"observed"
"NL",1907,"110+",110,0.80241,FALSE,"observed"
"NL",1908,"0",0,0.14772,FALSE,"observed"
"NL",1908,"1",1,0.03478,FALSE,"observed"
"NL",1908,"2",2,0.01269,FALSE,"observed"
"NL",1908,"3",3,0.00761,FALSE,"observed"
"NL",1908,"4",4,0.00586,FALSE,"observed"
"NL",1908,"5",5,0.00448,FALSE,"observed"
"NL",1908,"6",6,0.00361,FALSE,"observed"
"NL",1908,"7",7,0.00306,FALSE,"observed"
"NL",1908,"8",8,0.00241,FALSE,"observed"
"NL",1908,"9",9,0.00203,FALSE,"observed"
"NL",1908,"10",10,0.00207,FALSE,"observed"
"NL",1908,"11",11,0.00203,FALSE,"observed"
"NL",1908,"12",12,0.00179,FALSE,"observed"
"NL",1908,"13",13,0.00183,FALSE,"observed"
"NL",1908,"14",14,0.00232,FALSE,"observed"
"NL",1908,"15",15,0.0027,FALSE,"observed"
"NL",1908,"16",16,0.00289,FALSE,"observed"
"NL",1908,"17",17,0.00285,FALSE,"observed"
"NL",1908,"18",18,0.00352,FALSE,"observed"
"NL",1908,"19",19,0.00395,FALSE,"observed"
"NL",1908,"20",20,0.00404,FALSE,"observed"
"NL",1908,"21",21,0.0042,FALSE,"observed"
"NL",1908,"22",22,0.00432,FALSE,"observed"
"NL",1908,"23",23,0.00435,FALSE,"observed"
"NL",1908,"24",24,0.00432,FALSE,"observed"
"NL",1908,"25",25,0.00439,FALSE,"observed"
"NL",1908,"26",26,0.00438,FALSE,"observed"
"NL",1908,"27",27,0.00414,FALSE,"observed"
"NL",1908,"28",28,0.00404,FALSE,"observed"
"NL",1908,"29",29,0.00422,FALSE,"observed"
"NL",1908,"30",30,0.0046,FALSE,"observed"
"NL",1908,"31",31,0.00473,FALSE,"observed"
"NL",1908,"32",32,0.00461,FALSE,"observed"
"NL",1908,"33",33,0.00469,FALSE,"observed"
"NL",1908,"34",34,0.00512,FALSE,"observed"
"NL",1908,"35",35,0.0051,FALSE,"observed"
"NL",1908,"36",36,0.00535,FALSE,"observed"
"NL",1908,"37",37,0.00588,FALSE,"observed"
"NL",1908,"38",38,0.00548,FALSE,"observed"
"NL",1908,"39",39,0.00609,FALSE,"observed"
"NL",1908,"40",40,0.00632,FALSE,"observed"
"NL",1908,"41",41,0.00651,FALSE,"observed"
"NL",1908,"42",42,0.00619,FALSE,"observed"
"NL",1908,"43",43,0.00644,FALSE,"observed"
"NL",1908,"44",44,0.00759,FALSE,"observed"
"NL",1908,"45",45,0.00764,FALSE,"observed"
"NL",1908,"46",46,0.00781,FALSE,"observed"
"NL",1908,"47",47,0.00825,FALSE,"observed"
"NL",1908,"48",48,0.0088,FALSE,"observed"
"NL",1908,"49",49,0.00938,FALSE,"observed"
"NL",1908,"50",50,0.0105,FALSE,"observed"
"NL",1908,"51",51,0.01119,FALSE,"observed"
"NL",1908,"52",52,0.01218,FALSE,"observed"
"NL",1908,"53",53,0.01337,FALSE,"observed"
"NL",1908,"54",54,0.0137,FALSE,"observed"
"NL",1908,"55",55,0.01386,FALSE,"observed"
"NL",1908,"56",56,0.01559,FALSE,"observed"
"NL",1908,"57",57,0.01716,FALSE,"observed"
"NL",1908,"58",58,0.01939,FALSE,"observed"
"NL",1908,"59",59,0.02024,FALSE,"observed"
"NL",1908,"60",60,0.02339,FALSE,"observed"
"NL",1908,"61",61,0.02411,FALSE,"observed"
"NL",1908,"62",62,0.02554,FALSE,"observed"
"NL",1908,"63",63,0.02937,FALSE,"observed"
"NL",1908,"64",64,0.03326,FALSE,"observed"
"NL",1908,"65",65,0.03529,FALSE,"observed"
"NL",1908,"66",66,0.0391,FALSE,"observed"
"NL",1908,"67",67,0.04401,FALSE,"observed"
"NL",1908,"68",68,0.04486,FALSE,"observed"
"NL",1908,"69",69,0.05097,FALSE,"observed"
"NL",1908,"70",70,0.0558,FALSE,"observed"
"NL",1908,"71",71,0.06103,FALSE,"observed"
"NL",1908,"72",72,0.07151,FALSE,"observed"
"NL",1908,"73",73,0.07591,FALSE,"observed"
"NL",1908,"74",74,0.08228,FALSE,"observed"
"NL",1908,"75",75,0.08896,FALSE,"observed"
"NL",1908,"76",76,0.10435,FALSE,"observed"
"NL",1908,"77",77,0.11847,FALSE,"observed"
"NL",1908,"78",78,0.12428,FALSE,"observed"
"NL",1908,"79",79,0.13969,FALSE,"observed"
"NL",1908,"80",80,0.15205,FALSE,"observed"
"NL",1908,"81",81,0.15607,FALSE,"observed"
"NL",1908,"82",82,0.1745,FALSE,"observed"
"NL",1908,"83",83,0.19282,FALSE,"observed"
"NL",1908,"84",84,0.21511,FALSE,"observed"
"NL",1908,"85",85,0.23578,FALSE,"observed"
"NL",1908,"86",86,0.24485,FALSE,"observed"
"NL",1908,"87",87,0.27151,FALSE,"observed"
"NL",1908,"88",88,0.28739,FALSE,"observed"
"NL",1908,"89",89,0.29129,FALSE,"observed"
"NL",1908,"90",90,0.33882,FALSE,"observed"
"NL",1908,"91",91,0.36362,FALSE,"observed"
"NL",1908,"92",92,0.38917,FALSE,"observed"
"NL",1908,"93",93,0.41535,FALSE,"observed"
"NL",1908,"94",94,0.44203,FALSE,"observed"
"NL",1908,"95",95,0.46906,FALSE,"observed"
"NL",1908,"96",96,0.49628,FALSE,"observed"
"NL",1908,"97",97,0.52354,FALSE,"observed"
"NL",1908,"98",98,0.55067,FALSE,"observed"
"NL",1908,"99",99,0.57753,FALSE,"observed"
"NL",1908,"100",100,0.60395,FALSE,"observed"
"NL",1908,"101",101,0.62979,FALSE,"observed"
"NL",1908,"102",102,0.65493,FALSE,"observed"
"NL",1908,"103",103,0.67924,FALSE,"observed"
"NL",1908,"104",104,0.70264,FALSE,"observed"
"NL",1908,"105",105,0.72504,FALSE,"observed"
"NL",1908,"106",106,0.74637,FALSE,"observed"
"NL",1908,"107",107,0.7666,FALSE,"observed"
"NL",1908,"108",108,0.78569,FALSE,"observed"
"NL",1908,"109",109,0.80363,FALSE,"observed"
"NL",1908,"110+",110,0.82042,FALSE,"observed"
"NL",1909,"0",0,0.12033,FALSE,"observed"
"NL",1909,"1",1,0.02809,FALSE,"observed"
"NL",1909,"2",2,0.01064,FALSE,"observed"
"NL",1909,"3",3,0.00645,FALSE,"observed"
"NL",1909,"4",4,0.00496,FALSE,"observed"
"NL",1909,"5",5,0.00394,FALSE,"observed"
"NL",1909,"6",6,0.00321,FALSE,"observed"
"NL",1909,"7",7,0.00274,FALSE,"observed"
"NL",1909,"8",8,0.00225,FALSE,"observed"
"NL",1909,"9",9,0.00204,FALSE,"observed"
"NL",1909,"10",10,0.00202,FALSE,"observed"
"NL",1909,"11",11,0.00182,FALSE,"observed"
"NL",1909,"12",12,0.00178,FALSE,"observed"
"NL",1909,"13",13,0.00186,FALSE,"observed"
"NL",1909,"14",14,0.00204,FALSE,"observed"
"NL",1909,"15",15,0.00242,FALSE,"observed"
"NL",1909,"16",16,0.00303,FALSE,"observed"
"NL",1909,"17",17,0.00306,FALSE,"observed"
"NL",1909,"18",18,0.00324,FALSE,"observed"
"NL",1909,"19",19,0.00374,FALSE,"observed"
"NL",1909,"20",20,0.00411,FALSE,"observed"
"NL",1909,"21",21,0.00415,FALSE,"observed"
"NL",1909,"22",22,0.00405,FALSE,"observed"
"NL",1909,"23",23,0.00399,FALSE,"observed"
"NL",1909,"24",24,0.00412,FALSE,"observed"
"NL",1909,"25",25,0.00423,FALSE,"observed"
"NL",1909,"26",26,0.00423,FALSE,"observed"
"NL",1909,"27",27,0.0043,FALSE,"observed"
"NL",1909,"28",28,0.00449,FALSE,"observed"
"NL",1909,"29",29,0.00421,FALSE,"observed"
"NL",1909,"30",30,0.00417,FALSE,"observed"
"NL",1909,"31",31,0.00463,FALSE,"observed"
"NL",1909,"32",32,0.00471,FALSE,"observed"
"NL",1909,"33",33,0.00453,FALSE,"observed"
"NL",1909,"34",34,0.005,FALSE,"observed"
"NL",1909,"35",35,0.00523,FALSE,"observed"
"NL",1909,"36",36,0.00535,FALSE,"observed"
"NL",1909,"37",37,0.00598,FALSE,"observed"
"NL",1909,"38",38,0.00556,FALSE,"observed"
"NL",1909,"39",39,0.0061,FALSE,"observed"
"NL",1909,"40",40,0.00667,FALSE,"observed"
"NL",1909,"41",41,0.00678,FALSE,"observed"
"NL",1909,"42",42,0.00638,FALSE,"observed"
"NL",1909,"43",43,0.00648,FALSE,"observed"
"NL",1909,"44",44,0.00768,FALSE,"observed"
"NL",1909,"45",45,0.00825,FALSE,"observed"
"NL",1909,"46",46,0.00872,FALSE,"observed"
"NL",1909,"47",47,0.0081,FALSE,"observed"
"NL",1909,"48",48,0.00891,FALSE,"observed"
"NL",1909,"49",49,0.00969,FALSE,"observed"
"NL",1909,"50",50,0.01092,FALSE,"observed"
"NL",1909,"51",51,0.01121,FALSE,"observed"
"NL",1909,"52",52,0.01213,FALSE,"observed"
"NL",1909,"53",53,0.01292,FALSE,"observed"
"NL",1909,"54",54,0.01376,FALSE,"observed"
"NL",1909,"55",55,0.0145,FALSE,"observed"
"NL",1909,"56",56,0.01646,FALSE,"observed"
"NL",1909,"57",57,0.01752,FALSE,"observed"
"NL",1909,"58",58,0.01858,FALSE,"observed"
"NL",1909,"59",59,0.02052,FALSE,"observed"
"NL",1909,"60",60,0.02225,FALSE,"observed"
"NL",1909,"61",61,0.02531,FALSE,"observed"
"NL",1909,"62",62,0.02628,FALSE,"observed"
"NL",1909,"63",63,0.02821,FALSE,"observed"
"NL",1909,"64",64,0.03131,FALSE,"observed"
"NL",1909,"65",65,0.0352,FALSE,"observed"
"NL",1909,"66",66,0.03954,FALSE,"observed"
"NL",1909,"67",67,0.04349,FALSE,"observed"
"NL",1909,"68",68,0.04561,FALSE,"observed"
"NL",1909,"69",69,0.04972,FALSE,"observed"
"NL",1909,"70",70,0.0569,FALSE,"observed"
"NL",1909,"71",71,0.05936,FALSE,"observed"
"NL",1909,"72",72,0.06714,FALSE,"observed"
"NL",1909,"73",73,0.07384,FALSE,"observed"
"NL",1909,"74",74,0.0829,FALSE,"observed"
"NL",1909,"75",75,0.09122,FALSE,"observed"
"NL",1909,"76",76,0.09581,FALSE,"observed"
"NL",1909,"77",77,0.10741,FALSE,"observed"
"NL",1909,"78",78,0.11507,FALSE,"observed"
"NL",1909,"79",79,0.12236,FALSE,"observed"
"NL",1909,"80",80,0.14633,FALSE,"observed"
"NL",1909,"81",81,0.15371,FALSE,"observed"
"NL",1909,"82",82,0.16431,FALSE,"observed"
"NL",1909,"83",83,0.17569,FALSE,"observed"
"NL",1909,"84",84,0.19232,FALSE,"observed"
"NL",1909,"85",85,0.21847,FALSE,"observed"
"NL",1909,"86",86,0.2301,FALSE,"observed"
"NL",1909,"87",87,0.25334,FALSE,"observed"
"NL",1909,"88",88,0.27904,FALSE,"observed"
"NL",1909,"89",89,0.30887,FALSE,"observed"
"NL",1909,"90",90,0.31133,FALSE,"observed"
"NL",1909,"91",91,0.33638,FALSE,"observed"
"NL",1909,"92",92,0.35951,FALSE,"observed"
"NL",1909,"93",93,0.38328,FALSE,"observed"
"NL",1909,"94",94,0.40758,FALSE,"observed"
"NL",1909,"95",95,0.43231,FALSE,"observed"
"NL",1909,"96",96,0.45735,FALSE,"observed"
"NL",1909,"97",97,0.48256,FALSE,"observed"
"NL",1909,"98",98,0.50782,FALSE,"observed"
"NL",1909,"99",99,0.53301,FALSE,"observed"
"NL",1909,"100",100,0.55799,FALSE,"observed"
"NL",1909,"101",101,0.58264,FALSE,"observed"
"NL",1909,"102",102,0.60685,FALSE,"observed"
"NL",1909,"103",103,0.63052,FALSE,"observed"
"NL",1909,"104",104,0.65354,FALSE,"observed"
"NL",1909,"105",105,0.67584,FALSE,"observed"
"NL",1909,"106",106,0.69735,FALSE,"observed"
"NL",1909,"107",107,0.71799,FALSE,"observed"
"NL",1909,"108",108,0.73774,FALSE,"observed"
"NL",1909,"109",109,0.75656,FALSE,"observed"
"NL",1909,"110+",110,0.77443,FALSE,"observed"
"NL",1910,"0",0,0.12731,FALSE,"observed"
"NL",1910,"1",1,0.03038,FALSE,"observed"
"NL",1910,"2",2,0.01043,FALSE,"observed"
"NL",1910,"3",3,0.00612,FALSE,"observed"
"NL",1910,"4",4,0.00449,FALSE,"observed"
"NL",1910,"5",5,0.00363,FALSE,"observed"
"NL",1910,"6",6,0.00289,FALSE,"observed"
"NL",1910,"7",7,0.0024,FALSE,"observed"
"NL",1910,"8",8,0.00222,FALSE,"observed"
"NL",1910,"9",9,0.00177,FALSE,"observed"
"NL",1910,"10",10,0.00198,FALSE,"observed"
"NL",1910,"11",11,0.00173,FALSE,"observed"
"NL",1910,"12",12,0.00171,FALSE,"observed"
"NL",1910,"13",13,0.00184,FALSE,"observed"
"NL",1910,"14",14,0.00214,FALSE,"observed"
"NL",1910,"15",15,0.00225,FALSE,"observed"
"NL",1910,"16",16,0.00256,FALSE,"observed"
"NL",1910,"17",17,0.00291,FALSE,"observed"
"NL",1910,"18",18,0.00355,FALSE,"observed"
"NL",1910,"19",19,0.0037,FALSE,"observed"
"NL",1910,"20",20,0.00382,FALSE,"observed"
"NL",1910,"21",21,0.00385,FALSE,"observed"
"NL",1910,"22",22,0.00392,FALSE,"observed"
"NL",1910,"23",23,0.00391,FALSE,"observed"
"NL",1910,"24",24,0.00393,FALSE,"observed"
"NL",1910,"25",25,0.00399,FALSE,"observed"
"NL",1910,"26",26,0.00389,FALSE,"observed"
"NL",1910,"27",27,0.00368,FALSE,"observed"
"NL",1910,"28",28,0.00401,FALSE,"observed"
"NL",1910,"29",29,0.00428,FALSE,"observed"
"NL",1910,"30",30,0.00464,FALSE,"observed"
"NL",1910,"31",31,0.0042,FALSE,"observed"
"NL",1910,"32",32,0.00428,FALSE,"observed"
"NL",1910,"33",33,0.00483,FALSE,"observed"
"NL",1910,"34",34,0.00485,FALSE,"observed"
"NL",1910,"35",35,0.00484,FALSE,"observed"
"NL",1910,"36",36,0.00496,FALSE,"observed"
"NL",1910,"37",37,0.00489,FALSE,"observed"
"NL",1910,"38",38,0.00545,FALSE,"observed"
"NL",1910,"39",39,0.00588,FALSE,"observed"
"NL",1910,"40",40,0.00562,FALSE,"observed"
"NL",1910,"41",41,0.00632,FALSE,"observed"
"NL",1910,"42",42,0.00654,FALSE,"observed"
"NL",1910,"43",43,0.00691,FALSE,"observed"
"NL",1910,"44",44,0.0072,FALSE,"observed"
"NL",1910,"45",45,0.00708,FALSE,"observed"
"NL",1910,"46",46,0.00801,FALSE,"observed"
"NL",1910,"47",47,0.00812,FALSE,"observed"
"NL",1910,"48",48,0.00788,FALSE,"observed"
"NL",1910,"49",49,0.00885,FALSE,"observed"
"NL",1910,"50",50,0.00931,FALSE,"observed"
"NL",1910,"51",51,0.0108,FALSE,"observed"
"NL",1910,"52",52,0.01157,FALSE,"observed"
"NL",1910,"53",53,0.01276,FALSE,"observed"
"NL",1910,"54",54,0.01279,FALSE,"observed"
"NL",1910,"55",55,0.0131,FALSE,"observed"
"NL",1910,"56",56,0.0148,FALSE,"observed"
"NL",1910,"57",57,0.01693,FALSE,"observed"
"NL",1910,"58",58,0.01758,FALSE,"observed"
"NL",1910,"59",59,0.02004,FALSE,"observed"
"NL",1910,"60",60,0.02165,FALSE,"observed"
"NL",1910,"61",61,0.02225,FALSE,"observed"
"NL",1910,"62",62,0.02478,FALSE,"observed"
"NL",1910,"63",63,0.0275,FALSE,"observed"
"NL",1910,"64",64,0.02879,FALSE,"observed"
"NL",1910,"65",65,0.03213,FALSE,"observed"
"NL",1910,"66",66,0.03618,FALSE,"observed"
"NL",1910,"67",67,0.0403,FALSE,"observed"
"NL",1910,"68",68,0.04451,FALSE,"observed"
"NL",1910,"69",69,0.04877,FALSE,"observed"
"NL",1910,"70",70,0.05291,FALSE,"observed"
"NL",1910,"71",71,0.05873,FALSE,"observed"
"NL",1910,"72",72,0.06991,FALSE,"observed"
"NL",1910,"73",73,0.06855,FALSE,"observed"
"NL",1910,"74",74,0.07508,FALSE,"observed"
"NL",1910,"75",75,0.08528,FALSE,"observed"
"NL",1910,"76",76,0.09366,FALSE,"observed"
"NL",1910,"77",77,0.10401,FALSE,"observed"
"NL",1910,"78",78,0.10995,FALSE,"observed"
"NL",1910,"79",79,0.12206,FALSE,"observed"
"NL",1910,"80",80,0.1399,FALSE,"observed"
"NL",1910,"81",81,0.1464,FALSE,"observed"
"NL",1910,"82",82,0.1625,FALSE,"observed"
"NL",1910,"83",83,0.17255,FALSE,"observed"
"NL",1910,"84",84,0.18345,FALSE,"observed"
"NL",1910,"85",85,0.22132,FALSE,"observed"
"NL",1910,"86",86,0.22608,FALSE,"observed"
"NL",1910,"87",87,0.24489,FALSE,"observed"
"NL",1910,"88",88,0.26879,FALSE,"observed"
"NL",1910,"89",89,0.30614,FALSE,"observed"
"NL",1910,"90",90,0.31458,FALSE,"observed"
"NL",1910,"91",91,0.33813,FALSE,"observed"
"NL",1910,"92",92,0.36247,FALSE,"observed"
"NL",1910,"93",93,0.38749,FALSE,"observed"
"NL",1910,"94",94,0.41307,FALSE,"observed"
"NL",1910,"95",95,0.43908,FALSE,"observed"
"NL",1910,"96",96,0.46537,FALSE,"observed"
"NL",1910,"97",97,0.49181,FALSE,"observed"
"NL",1910,"98",98,0.51823,FALSE,"observed"
"NL",1910,"99",99,0.54449,FALSE,"observed"
"NL",1910,"100",100,0.57046,FALSE,"observed"
"NL",1910,"101",101,0.596,FALSE,"observed"
"NL",1910,"102",102,0.62098,FALSE,"observed"
"NL",1910,"103",103,0.64529,FALSE,"observed"
"NL",1910,"104",104,0.66883,FALSE,"observed"
"NL",1910,"105",105,0.69152,FALSE,"observed"
"NL",1910,"106",106,0.71329,FALSE,"observed"
"NL",1910,"107",107,0.73409,FALSE,"observed"
"NL",1910,"108",108,0.75387,FALSE,"observed"
"NL",1910,"109",109,0.77262,FALSE,"observed"
"NL",1910,"110+",110,0.79033,FALSE,"observed"
"NL",1911,"0",0,0.15988,FALSE,"observed"
"NL",1911,"1",1,0.03153,FALSE,"observed"
"NL",1911,"2",2,0.01046,FALSE,"observed"
"NL",1911,"3",3,0.00639,FALSE,"observed"
"NL",1911,"4",4,0.00467,FALSE,"observed"
"NL",1911,"5",5,0.00377,FALSE,"observed"
"NL",1911,"6",6,0.00306,FALSE,"observed"
"NL",1911,"7",7,0.00261,FALSE,"observed"
"NL",1911,"8",8,0.00221,FALSE,"observed"
"NL",1911,"9",9,0.00199,FALSE,"observed"
"NL",1911,"10",10,0.00206,FALSE,"observed"
"NL",1911,"11",11,0.0019,FALSE,"observed"
"NL",1911,"12",12,0.00173,FALSE,"observed"
"NL",1911,"13",13,0.0021,FALSE,"observed"
"NL",1911,"14",14,0.0023,FALSE,"observed"
"NL",1911,"15",15,0.00231,FALSE,"observed"
"NL",1911,"16",16,0.00263,FALSE,"observed"
"NL",1911,"17",17,0.00323,FALSE,"observed"
"NL",1911,"18",18,0.00351,FALSE,"observed"
"NL",1911,"19",19,0.00386,FALSE,"observed"
"NL",1911,"20",20,0.00358,FALSE,"observed"
"NL",1911,"21",21,0.00384,FALSE,"observed"
"NL",1911,"22",22,0.0038,FALSE,"observed"
"NL",1911,"23",23,0.00366,FALSE,"observed"
"NL",1911,"24",24,0.00361,FALSE,"observed"
"NL",1911,"25",25,0.00382,FALSE,"observed"
"NL",1911,"26",26,0.0041,FALSE,"observed"
"NL",1911,"27",27,0.00417,FALSE,"observed"
"NL",1911,"28",28,0.00447,FALSE,"observed"
"NL",1911,"29",29,0.00412,FALSE,"observed"
"NL",1911,"30",30,0.00379,FALSE,"observed"
"NL",1911,"31",31,0.00452,FALSE,"observed"
"NL",1911,"32",32,0.00491,FALSE,"observed"
"NL",1911,"33",33,0.00442,FALSE,"observed"
"NL",1911,"34",34,0.00493,FALSE,"observed"
"NL",1911,"35",35,0.00528,FALSE,"observed"
"NL",1911,"36",36,0.00495,FALSE,"observed"
"NL",1911,"37",37,0.00539,FALSE,"observed"
"NL",1911,"38",38,0.00512,FALSE,"observed"
"NL",1911,"39",39,0.00598,FALSE,"observed"
"NL",1911,"40",40,0.00579,FALSE,"observed"
"NL",1911,"41",41,0.00605,FALSE,"observed"
"NL",1911,"42",42,0.00627,FALSE,"observed"
"NL",1911,"43",43,0.0065,FALSE,"observed"
"NL",1911,"44",44,0.00668,FALSE,"observed"
"NL",1911,"45",45,0.00765,FALSE,"observed"
"NL",1911,"46",46,0.00749,FALSE,"observed"
"NL",1911,"47",47,0.00814,FALSE,"observed"
"NL",1911,"48",48,0.009,FALSE,"observed"
"NL",1911,"49",49,0.00917,FALSE,"observed"
"NL",1911,"50",50,0.01004,FALSE,"observed"
"NL",1911,"51",51,0.01012,FALSE,"observed"
"NL",1911,"52",52,0.01173,FALSE,"observed"
"NL",1911,"53",53,0.01175,FALSE,"observed"
"NL",1911,"54",54,0.01395,FALSE,"observed"
"NL",1911,"55",55,0.01436,FALSE,"observed"
"NL",1911,"56",56,0.01531,FALSE,"observed"
"NL",1911,"57",57,0.01665,FALSE,"observed"
"NL",1911,"58",58,0.01837,FALSE,"observed"
"NL",1911,"59",59,0.01947,FALSE,"observed"
"NL",1911,"60",60,0.02061,FALSE,"observed"
"NL",1911,"61",61,0.0237,FALSE,"observed"
"NL",1911,"62",62,0.02527,FALSE,"observed"
"NL",1911,"63",63,0.02791,FALSE,"observed"
"NL",1911,"64",64,0.03028,FALSE,"observed"
"NL",1911,"65",65,0.03247,FALSE,"observed"
"NL",1911,"66",66,0.03712,FALSE,"observed"
"NL",1911,"67",67,0.0437,FALSE,"observed"
"NL",1911,"68",68,0.04516,FALSE,"observed"
"NL",1911,"69",69,0.05013,FALSE,"observed"
"NL",1911,"70",70,0.05417,FALSE,"observed"
"NL",1911,"71",71,0.05797,FALSE,"observed"
"NL",1911,"72",72,0.06537,FALSE,"observed"
"NL",1911,"73",73,0.07218,FALSE,"observed"
"NL",1911,"74",74,0.07986,FALSE,"observed"
"NL",1911,"75",75,0.08938,FALSE,"observed"
"NL",1911,"76",76,0.09935,FALSE,"observed"
"NL",1911,"77",77,0.1065,FALSE,"observed"
"NL",1911,"78",78,0.10894,FALSE,"observed"
"NL",1911,"79",79,0.1204,FALSE,"observed"
"NL",1911,"80",80,0.13959,FALSE,"observed"
"NL",1911,"81",81,0.15016,FALSE,"observed"
"NL",1911,"82",82,0.15561,FALSE,"observed"
"NL",1911,"83",83,0.17405,FALSE,"observed"
"NL",1911,"84",84,0.20089,FALSE,"observed"
"NL",1911,"85",85,0.23566,FALSE,"observed"
"NL",1911,"86",86,0.23892,FALSE,"observed"
"NL",1911,"87",87,0.27083,FALSE,"observed"
"NL",1911,"88",88,0.26523,FALSE,"observed"
"NL",1911,"89",89,0.31173,FALSE,"observed"
"NL",1911,"90",90,0.33451,FALSE,"observed"
"NL",1911,"91",91,0.34958,FALSE,"observed"
"NL",1911,"92",92,0.37522,FALSE,"observed"
"NL",1911,"93",93,0.40161,FALSE,"observed"
"NL",1911,"94",94,0.42859,FALSE,"observed"
"NL",1911,"95",95,0.45603,FALSE,"observed"
"NL",1911,"96",96,0.48375,FALSE,"observed"
"NL",1911,"97",97,0.5116,FALSE,"observed"
"NL",1911,"98",98,0.53939,FALSE,"observed"
"NL",1911,"99",99,0.56696,FALSE,"observed"
"NL",1911,"100",100,0.59415,FALSE,"observed"
"NL",1911,"101",101,0.6208,FALSE,"observed"
"NL",1911,"102",102,0.64676,FALSE,"observed"
"NL",1911,"103",103,0.6719,FALSE,"observed"
"NL",1911,"104",104,0.69611,FALSE,"observed"
"NL",1911,"105",105,0.7193,FALSE,"observed"
"NL",1911,"106",106,0.74141,FALSE,"observed"
"NL",1911,"107",107,0.76236,FALSE,"observed"
"NL",1911,"108",108,0.78213,FALSE,"observed"
"NL",1911,"109",109,0.8007,FALSE,"observed"
"NL",1911,"110+",110,0.81808,FALSE,"observed"
"NL",1912,"0",0,0.10829,FALSE,"observed"
"NL",1912,"1",1,0.02321,FALSE,"observed"
"NL",1912,"2",2,0.00943,FALSE,"observed"
"NL",1912,"3",3,0.00622,FALSE,"observed"
"NL",1912,"4",4,0.00431,FALSE,"observed"
"NL",1912,"5",5,0.00336,FALSE,"observed"
"NL",1912,"6",6,0.00289,FALSE,"observed"
"NL",1912,"7",7,0.00249,FALSE,"observed"
"NL",1912,"8",8,0.00228,FALSE,"observed"
"NL",1912,"9",9,0.00185,FALSE,"observed"
"NL",1912,"10",10,0.00182,FALSE,"observed"
"NL",1912,"11",11,0.00175,FALSE,"observed"
"NL",1912,"12",12,0.00168,FALSE,"observed"
"NL",1912,"13",13,0.00202,FALSE,"observed"
"NL",1912,"14",14,0.00204,FALSE,"observed"
"NL",1912,"15",15,0.00249,FALSE,"observed"
"NL",1912,"16",16,0.00253,FALSE,"observed"
"NL",1912,"17",17,0.00305,FALSE,"observed"
"NL",1912,"18",18,0.00329,FALSE,"observed"
"NL",1912,"19",19,0.00343,FALSE,"observed"
"NL",1912,"20",20,0.00307,FALSE,"observed"
"NL",1912,"21",21,0.00341,FALSE,"observed"
"NL",1912,"22",22,0.00363,FALSE,"observed"
"NL",1912,"23",23,0.00345,FALSE,"observed"
"NL",1912,"24",24,0.00388,FALSE,"observed"
"NL",1912,"25",25,0.00347,FALSE,"observed"
"NL",1912,"26",26,0.00385,FALSE,"observed"
"NL",1912,"27",27,0.00336,FALSE,"observed"
"NL",1912,"28",28,0.00402,FALSE,"observed"
"NL",1912,"29",29,0.00345,FALSE,"observed"
"NL",1912,"30",30,0.0038,FALSE,"observed"
"NL",1912,"31",31,0.00393,FALSE,"observed"
"NL",1912,"32",32,0.00401,FALSE,"observed"
"NL",1912,"33",33,0.00438,FALSE,"observed"
"NL",1912,"34",34,0.00418,FALSE,"observed"
"NL",1912,"35",35,0.00504,FALSE,"observed"
"NL",1912,"36",36,0.00467,FALSE,"observed"
"NL",1912,"37",37,0.00514,FALSE,"observed"
"NL",1912,"38",38,0.0049,FALSE,"observed"
"NL",1912,"39",39,0.00541,FALSE,"observed"
"NL",1912,"40",40,0.00529,FALSE,"observed"
"NL",1912,"41",41,0.00597,FALSE,"observed"
"NL",1912,"42",42,0.00544,FALSE,"observed"
"NL",1912,"43",43,0.00619,FALSE,"observed"
"NL",1912,"44",44,0.00662,FALSE,"observed"
"NL",1912,"45",45,0.00722,FALSE,"observed"
"NL",1912,"46",46,0.00733,FALSE,"observed"
"NL",1912,"47",47,0.00704,FALSE,"observed"
"NL",1912,"48",48,0.00878,FALSE,"observed"
"NL",1912,"49",49,0.0084,FALSE,"observed"
"NL",1912,"50",50,0.00921,FALSE,"observed"
"NL",1912,"51",51,0.01072,FALSE,"observed"
"NL",1912,"52",52,0.01117,FALSE,"observed"
"NL",1912,"53",53,0.01226,FALSE,"observed"
"NL",1912,"54",54,0.01279,FALSE,"observed"
"NL",1912,"55",55,0.01368,FALSE,"observed"
"NL",1912,"56",56,0.01445,FALSE,"observed"
"NL",1912,"57",57,0.01551,FALSE,"observed"
"NL",1912,"58",58,0.01756,FALSE,"observed"
"NL",1912,"59",59,0.02044,FALSE,"observed"
"NL",1912,"60",60,0.0193,FALSE,"observed"
"NL",1912,"61",61,0.02245,FALSE,"observed"
"NL",1912,"62",62,0.02538,FALSE,"observed"
"NL",1912,"63",63,0.02668,FALSE,"observed"
"NL",1912,"64",64,0.03065,FALSE,"observed"
"NL",1912,"65",65,0.0322,FALSE,"observed"
"NL",1912,"66",66,0.03543,FALSE,"observed"
"NL",1912,"67",67,0.03723,FALSE,"observed"
"NL",1912,"68",68,0.04449,FALSE,"observed"
"NL",1912,"69",69,0.04899,FALSE,"observed"
"NL",1912,"70",70,0.0498,FALSE,"observed"
"NL",1912,"71",71,0.056,FALSE,"observed"
"NL",1912,"72",72,0.05849,FALSE,"observed"
"NL",1912,"73",73,0.06599,FALSE,"observed"
"NL",1912,"74",74,0.07237,FALSE,"observed"
"NL",1912,"75",75,0.0812,FALSE,"observed"
"NL",1912,"76",76,0.08725,FALSE,"observed"
"NL",1912,"77",77,0.10256,FALSE,"observed"
"NL",1912,"78",78,0.10334,FALSE,"observed"
"NL",1912,"79",79,0.11572,FALSE,"observed"
"NL",1912,"80",80,0.12518,FALSE,"observed"
"NL",1912,"81",81,0.14025,FALSE,"observed"
"NL",1912,"82",82,0.15904,FALSE,"observed"
"NL",1912,"83",83,0.15817,FALSE,"observed"
"NL",1912,"84",84,0.17502,FALSE,"observed"
"NL",1912,"85",85,0.20403,FALSE,"observed"
"NL",1912,"86",86,0.22544,FALSE,"observed"
"NL",1912,"87",87,0.25656,FALSE,"observed"
"NL",1912,"88",88,0.24827,FALSE,"observed"
"NL",1912,"89",89,0.27288,FALSE,"observed"
"NL",1912,"90",90,0.29193,FALSE,"observed"
"NL",1912,"91",91,0.32507,FALSE,"observed"
"NL",1912,"92",92,0.34934,FALSE,"observed"
"NL",1912,"93",93,0.37438,FALSE,"observed"
"NL",1912,"94",94,0.40009,FALSE,"observed"
"NL",1912,"95",95,0.42633,FALSE,"observed"
"NL",1912,"96",96,0.45296,FALSE,"observed"
"NL",1912,"97",97,0.47984,FALSE,"observed"
"NL",1912,"98",98,0.5068,FALSE,"observed"
"NL",1912,"99",99,0.53369,FALSE,"observed"
"NL",1912,"100",100,0.56036,FALSE,"observed"
"NL",1912,"101",101,0.58667,FALSE,"observed"
"NL",1912,"102",102,0.61246,FALSE,"observed"
"NL",1912,"103",103,0.63761,FALSE,"observed"
"NL",1912,"104",104,0.66202,FALSE,"observed"
"NL",1912,"105",105,0.68557,FALSE,"observed"
"NL",1912,"106",106,0.70819,FALSE,"observed"
"NL",1912,"107",107,0.72981,FALSE,"observed"
"NL",1912,"108",108,0.75037,FALSE,"observed"
"NL",1912,"109",109,0.76986,FALSE,"observed"
"NL",1912,"110+",110,0.78824,FALSE,"observed"
"NL",1913,"0",0,0.10965,FALSE,"observed"
"NL",1913,"1",1,0.02522,FALSE,"observed"
"NL",1913,"2",2,0.00869,FALSE,"observed"
"NL",1913,"3",3,0.00581,FALSE,"observed"
"NL",1913,"4",4,0.00423,FALSE,"observed"
"NL",1913,"5",5,0.00329,FALSE,"observed"
"NL",1913,"6",6,0.00267,FALSE,"observed"
"NL",1913,"7",7,0.00196,FALSE,"observed"
"NL",1913,"8",8,0.0019,FALSE,"observed"
"NL",1913,"9",9,0.00144,FALSE,"observed"
"NL",1913,"10",10,0.00156,FALSE,"observed"
"NL",1913,"11",11,0.00167,FALSE,"observed"
"NL",1913,"12",12,0.00153,FALSE,"observed"
"NL",1913,"13",13,0.00153,FALSE,"observed"
"NL",1913,"14",14,0.00226,FALSE,"observed"
"NL",1913,"15",15,0.00238,FALSE,"observed"
"NL",1913,"16",16,0.00268,FALSE,"observed"
"NL",1913,"17",17,0.00259,FALSE,"observed"
"NL",1913,"18",18,0.00311,FALSE,"observed"
"NL",1913,"19",19,0.00309,FALSE,"observed"
"NL",1913,"20",20,0.00315,FALSE,"observed"
"NL",1913,"21",21,0.00327,FALSE,"observed"
"NL",1913,"22",22,0.00344,FALSE,"observed"
"NL",1913,"23",23,0.00342,FALSE,"observed"
"NL",1913,"24",24,0.00324,FALSE,"observed"
"NL",1913,"25",25,0.00353,FALSE,"observed"
"NL",1913,"26",26,0.00378,FALSE,"observed"
"NL",1913,"27",27,0.00374,FALSE,"observed"
"NL",1913,"28",28,0.00374,FALSE,"observed"
"NL",1913,"29",29,0.00371,FALSE,"observed"
"NL",1913,"30",30,0.00405,FALSE,"observed"
"NL",1913,"31",31,0.00379,FALSE,"observed"
"NL",1913,"32",32,0.00414,FALSE,"observed"
"NL",1913,"33",33,0.00407,FALSE,"observed"
"NL",1913,"34",34,0.00444,FALSE,"observed"
"NL",1913,"35",35,0.00441,FALSE,"observed"
"NL",1913,"36",36,0.00414,FALSE,"observed"
"NL",1913,"37",37,0.00474,FALSE,"observed"
"NL",1913,"38",38,0.00532,FALSE,"observed"
"NL",1913,"39",39,0.00511,FALSE,"observed"
"NL",1913,"40",40,0.00511,FALSE,"observed"
"NL",1913,"41",41,0.00568,FALSE,"observed"
"NL",1913,"42",42,0.00554,FALSE,"observed"
"NL",1913,"43",43,0.00612,FALSE,"observed"
"NL",1913,"44",44,0.00645,FALSE,"observed"
"NL",1913,"45",45,0.00704,FALSE,"observed"
"NL",1913,"46",46,0.00738,FALSE,"observed"
"NL",1913,"47",47,0.0078,FALSE,"observed"
"NL",1913,"48",48,0.00859,FALSE,"observed"
"NL",1913,"49",49,0.00833,FALSE,"observed"
"NL",1913,"50",50,0.00908,FALSE,"observed"
"NL",1913,"51",51,0.01028,FALSE,"observed"
"NL",1913,"52",52,0.01038,FALSE,"observed"
"NL",1913,"53",53,0.01087,FALSE,"observed"
"NL",1913,"54",54,0.0126,FALSE,"observed"
"NL",1913,"55",55,0.0136,FALSE,"observed"
"NL",1913,"56",56,0.01362,FALSE,"observed"
"NL",1913,"57",57,0.01526,FALSE,"observed"
"NL",1913,"58",58,0.01672,FALSE,"observed"
"NL",1913,"59",59,0.01883,FALSE,"observed"
"NL",1913,"60",60,0.02038,FALSE,"observed"
"NL",1913,"61",61,0.02219,FALSE,"observed"
"NL",1913,"62",62,0.02364,FALSE,"observed"
"NL",1913,"63",63,0.02641,FALSE,"observed"
"NL",1913,"64",64,0.02773,FALSE,"observed"
"NL",1913,"65",65,0.02989,FALSE,"observed"
"NL",1913,"66",66,0.03575,FALSE,"observed"
"NL",1913,"67",67,0.03795,FALSE,"observed"
"NL",1913,"68",68,0.04192,FALSE,"observed"
"NL",1913,"69",69,0.04553,FALSE,"observed"
"NL",1913,"70",70,0.0511,FALSE,"observed"
"NL",1913,"71",71,0.05754,FALSE,"observed"
"NL",1913,"72",72,0.05985,FALSE,"observed"
"NL",1913,"73",73,0.066,FALSE,"observed"
"NL",1913,"74",74,0.07513,FALSE,"observed"
"NL",1913,"75",75,0.08428,FALSE,"observed"
"NL",1913,"76",76,0.08923,FALSE,"observed"
"NL",1913,"77",77,0.09455,FALSE,"observed"
"NL",1913,"78",78,0.10803,FALSE,"observed"
"NL",1913,"79",79,0.12512,FALSE,"observed"
"NL",1913,"80",80,0.12589,FALSE,"observed"
"NL",1913,"81",81,0.13019,FALSE,"observed"
"NL",1913,"82",82,0.1599,FALSE,"observed"
"NL",1913,"83",83,0.16741,FALSE,"observed"
"NL",1913,"84",84,0.17469,FALSE,"observed"
"NL",1913,"85",85,0.21575,FALSE,"observed"
"NL",1913,"86",86,0.22425,FALSE,"observed"
"NL",1913,"87",87,0.24053,FALSE,"observed"
"NL",1913,"88",88,0.24171,FALSE,"observed"
"NL",1913,"89",89,0.28472,FALSE,"observed"
"NL",1913,"90",90,0.31185,FALSE,"observed"
"NL",1913,"91",91,0.3263,FALSE,"observed"
"NL",1913,"92",92,0.35093,FALSE,"observed"
"NL",1913,"93",93,0.37637,FALSE,"observed"
"NL",1913,"94",94,0.40249,FALSE,"observed"
"NL",1913,"95",95,0.42917,FALSE,"observed"
"NL",1913,"96",96,0.45624,FALSE,"observed"
"NL",1913,"97",97,0.48356,FALSE,"observed"
"NL",1913,"98",98,0.51096,FALSE,"observed"
"NL",1913,"99",99,0.53828,FALSE,"observed"
"NL",1913,"100",100,0.56535,FALSE,"observed"
"NL",1913,"101",101,0.59202,FALSE,"observed"
"NL",1913,"102",102,0.61815,FALSE,"observed"
"NL",1913,"103",103,0.6436,FALSE,"observed"
"NL",1913,"104",104,0.66825,FALSE,"observed"
"NL",1913,"105",105,0.692,FALSE,"observed"
"NL",1913,"106",106,0.71477,FALSE,"observed"
"NL",1913,"107",107,0.73648,FALSE,"observed"
"NL",1913,"108",108,0.7571,FALSE,"observed"
"NL",1913,"109",109,0.77658,FALSE,"observed"
"NL",1913,"110+",110,0.79492,FALSE,"observed"
"NL",1914,"0",0,0.114,FALSE,"observed"
"NL",1914,"1",1,0.02434,FALSE,"observed"
"NL",1914,"2",2,0.00915,FALSE,"observed"
"NL",1914,"3",3,0.00533,FALSE,"observed"
"NL",1914,"4",4,0.00412,FALSE,"observed"
"NL",1914,"5",5,0.00328,FALSE,"observed"
"NL",1914,"6",6,0.00259,FALSE,"observed"
"NL",1914,"7",7,0.00192,FALSE,"observed"
"NL",1914,"8",8,0.00194,FALSE,"observed"
"NL",1914,"9",9,0.00159,FALSE,"observed"
"NL",1914,"10",10,0.00154,FALSE,"observed"
"NL",1914,"11",11,0.00165,FALSE,"observed"
"NL",1914,"12",12,0.00165,FALSE,"observed"
"NL",1914,"13",13,0.00178,FALSE,"observed"
"NL",1914,"14",14,0.0021,FALSE,"observed"
"NL",1914,"15",15,0.00231,FALSE,"observed"
"NL",1914,"16",16,0.00232,FALSE,"observed"
"NL",1914,"17",17,0.00282,FALSE,"observed"
"NL",1914,"18",18,0.00316,FALSE,"observed"
"NL",1914,"19",19,0.00324,FALSE,"observed"
"NL",1914,"20",20,0.00345,FALSE,"observed"
"NL",1914,"21",21,0.0035,FALSE,"observed"
"NL",1914,"22",22,0.00375,FALSE,"observed"
"NL",1914,"23",23,0.00333,FALSE,"observed"
"NL",1914,"24",24,0.00344,FALSE,"observed"
"NL",1914,"25",25,0.00316,FALSE,"observed"
"NL",1914,"26",26,0.00376,FALSE,"observed"
"NL",1914,"27",27,0.00395,FALSE,"observed"
"NL",1914,"28",28,0.00398,FALSE,"observed"
"NL",1914,"29",29,0.00364,FALSE,"observed"
"NL",1914,"30",30,0.00377,FALSE,"observed"
"NL",1914,"31",31,0.00403,FALSE,"observed"
"NL",1914,"32",32,0.00425,FALSE,"observed"
"NL",1914,"33",33,0.00381,FALSE,"observed"
"NL",1914,"34",34,0.00423,FALSE,"observed"
"NL",1914,"35",35,0.00449,FALSE,"observed"
"NL",1914,"36",36,0.00454,FALSE,"observed"
"NL",1914,"37",37,0.00446,FALSE,"observed"
"NL",1914,"38",38,0.00487,FALSE,"observed"
"NL",1914,"39",39,0.00529,FALSE,"observed"
"NL",1914,"40",40,0.00515,FALSE,"observed"
"NL",1914,"41",41,0.00585,FALSE,"observed"
"NL",1914,"42",42,0.0059,FALSE,"observed"
"NL",1914,"43",43,0.0059,FALSE,"observed"
"NL",1914,"44",44,0.00629,FALSE,"observed"
"NL",1914,"45",45,0.00703,FALSE,"observed"
"NL",1914,"46",46,0.00707,FALSE,"observed"
"NL",1914,"47",47,0.00776,FALSE,"observed"
"NL",1914,"48",48,0.00775,FALSE,"observed"
"NL",1914,"49",49,0.00861,FALSE,"observed"
"NL",1914,"50",50,0.00906,FALSE,"observed"
"NL",1914,"51",51,0.00971,FALSE,"observed"
"NL",1914,"52",52,0.01062,FALSE,"observed"
"NL",1914,"53",53,0.01127,FALSE,"observed"
"NL",1914,"54",54,0.01235,FALSE,"observed"
"NL",1914,"55",55,0.0127,FALSE,"observed"
"NL",1914,"56",56,0.01384,FALSE,"observed"
"NL",1914,"57",57,0.01496,FALSE,"observed"
"NL",1914,"58",58,0.01745,FALSE,"observed"
"NL",1914,"59",59,0.01896,FALSE,"observed"
"NL",1914,"60",60,0.0211,FALSE,"observed"
"NL",1914,"61",61,0.02049,FALSE,"observed"
"NL",1914,"62",62,0.02341,FALSE,"observed"
"NL",1914,"63",63,0.02531,FALSE,"observed"
"NL",1914,"64",64,0.02819,FALSE,"observed"
"NL",1914,"65",65,0.03064,FALSE,"observed"
"NL",1914,"66",66,0.03694,FALSE,"observed"
"NL",1914,"67",67,0.03745,FALSE,"observed"
"NL",1914,"68",68,0.04012,FALSE,"observed"
"NL",1914,"69",69,0.04711,FALSE,"observed"
"NL",1914,"70",70,0.04916,FALSE,"observed"
"NL",1914,"71",71,0.0552,FALSE,"observed"
"NL",1914,"72",72,0.05987,FALSE,"observed"
"NL",1914,"73",73,0.06804,FALSE,"observed"
"NL",1914,"74",74,0.07252,FALSE,"observed"
"NL",1914,"75",75,0.08089,FALSE,"observed"
"NL",1914,"76",76,0.08865,FALSE,"observed"
"NL",1914,"77",77,0.09752,FALSE,"observed"
"NL",1914,"78",78,0.11245,FALSE,"observed"
"NL",1914,"79",79,0.11501,FALSE,"observed"
"NL",1914,"80",80,0.12593,FALSE,"observed"
"NL",1914,"81",81,0.14131,FALSE,"observed"
"NL",1914,"82",82,0.15052,FALSE,"observed"
"NL",1914,"83",83,0.17707,FALSE,"observed"
"NL",1914,"84",84,0.18137,FALSE,"observed"
"NL",1914,"85",85,0.19846,FALSE,"observed"
"NL",1914,"86",86,0.21626,FALSE,"observed"
"NL",1914,"87",87,0.24034,FALSE,"observed"
"NL",1914,"88",88,0.25881,FALSE,"observed"
"NL",1914,"89",89,0.29597,FALSE,"observed"
"NL",1914,"90",90,0.30773,FALSE,"observed"
"NL",1914,"91",91,0.33405,FALSE,"observed"
"NL",1914,"92",92,0.35968,FALSE,"observed"
"NL",1914,"93",93,0.38614,FALSE,"observed"
"NL",1914,"94",94,0.4133,FALSE,"observed"
"NL",1914,"95",95,0.441,FALSE,"observed"
"NL",1914,"96",96,0.46907,FALSE,"observed"
"NL",1914,"97",97,0.49735,FALSE,"observed"
"NL",1914,"98",98,0.52565,FALSE,"observed"
"NL",1914,"99",99,0.55379,FALSE,"observed"
"NL",1914,"100",100,0.58159,FALSE,"observed"
"NL",1914,"101",101,0.60889,FALSE,"observed"
"NL",1914,"102",102,0.63553,FALSE,"observed"
"NL",1914,"103",103,0.66137,FALSE,"observed"
"NL",1914,"104",104,0.68629,FALSE,"observed"
"NL",1914,"105",105,0.71018,FALSE,"observed"
"NL",1914,"106",106,0.73297,FALSE,"observed"
"NL",1914,"107",107,0.75459,FALSE,"observed"
"NL",1914,"108",108,0.775,FALSE,"observed"
"NL",1914,"109",109,0.79418,FALSE,"observed"
"NL",1914,"110+",110,0.81212,FALSE,"observed"
"NL",1915,"0",0,0.10125,FALSE,"observed"
"NL",1915,"1",1,0.02515,FALSE,"observed"
"NL",1915,"2",2,0.00992,FALSE,"observed"
"NL",1915,"3",3,0.0061,FALSE,"observed"
"NL",1915,"4",4,0.0043,FALSE,"observed"
"NL",1915,"5",5,0.0034,FALSE,"observed"
"NL",1915,"6",6,0.00273,FALSE,"observed"
"NL",1915,"7",7,0.00235,FALSE,"observed"
"NL",1915,"8",8,0.00198,FALSE,"observed"
"NL",1915,"9",9,0.00171,FALSE,"observed"
"NL",1915,"10",10,0.00177,FALSE,"observed"
"NL",1915,"11",11,0.0016,FALSE,"observed"
"NL",1915,"12",12,0.00152,FALSE,"observed"
"NL",1915,"13",13,0.00181,FALSE,"observed"
"NL",1915,"14",14,0.00211,FALSE,"observed"
"NL",1915,"15",15,0.00235,FALSE,"observed"
"NL",1915,"16",16,0.00258,FALSE,"observed"
"NL",1915,"17",17,0.00273,FALSE,"observed"
"NL",1915,"18",18,0.00335,FALSE,"observed"
"NL",1915,"19",19,0.00353,FALSE,"observed"
"NL",1915,"20",20,0.0035,FALSE,"observed"
"NL",1915,"21",21,0.00371,FALSE,"observed"
"NL",1915,"22",22,0.00347,FALSE,"observed"
"NL",1915,"23",23,0.00355,FALSE,"observed"
"NL",1915,"24",24,0.00368,FALSE,"observed"
"NL",1915,"25",25,0.00368,FALSE,"observed"
"NL",1915,"26",26,0.00355,FALSE,"observed"
"NL",1915,"27",27,0.00375,FALSE,"observed"
"NL",1915,"28",28,0.00372,FALSE,"observed"
"NL",1915,"29",29,0.00375,FALSE,"observed"
"NL",1915,"30",30,0.00377,FALSE,"observed"
"NL",1915,"31",31,0.00426,FALSE,"observed"
"NL",1915,"32",32,0.00373,FALSE,"observed"
"NL",1915,"33",33,0.0042,FALSE,"observed"
"NL",1915,"34",34,0.00413,FALSE,"observed"
"NL",1915,"35",35,0.00509,FALSE,"observed"
"NL",1915,"36",36,0.00468,FALSE,"observed"
"NL",1915,"37",37,0.00519,FALSE,"observed"
"NL",1915,"38",38,0.00493,FALSE,"observed"
"NL",1915,"39",39,0.00548,FALSE,"observed"
"NL",1915,"40",40,0.00558,FALSE,"observed"
"NL",1915,"41",41,0.00632,FALSE,"observed"
"NL",1915,"42",42,0.00569,FALSE,"observed"
"NL",1915,"43",43,0.0064,FALSE,"observed"
"NL",1915,"44",44,0.00673,FALSE,"observed"
"NL",1915,"45",45,0.00697,FALSE,"observed"
"NL",1915,"46",46,0.00701,FALSE,"observed"
"NL",1915,"47",47,0.00803,FALSE,"observed"
"NL",1915,"48",48,0.00838,FALSE,"observed"
"NL",1915,"49",49,0.00832,FALSE,"observed"
"NL",1915,"50",50,0.00957,FALSE,"observed"
"NL",1915,"51",51,0.01001,FALSE,"observed"
"NL",1915,"52",52,0.01084,FALSE,"observed"
"NL",1915,"53",53,0.01174,FALSE,"observed"
"NL",1915,"54",54,0.01231,FALSE,"observed"
"NL",1915,"55",55,0.01298,FALSE,"observed"
"NL",1915,"56",56,0.01535,FALSE,"observed"
"NL",1915,"57",57,0.01515,FALSE,"observed"
"NL",1915,"58",58,0.01784,FALSE,"observed"
"NL",1915,"59",59,0.01822,FALSE,"observed"
"NL",1915,"60",60,0.02129,FALSE,"observed"
"NL",1915,"61",61,0.02499,FALSE,"observed"
"NL",1915,"62",62,0.025,FALSE,"observed"
"NL",1915,"63",63,0.02671,FALSE,"observed"
"NL",1915,"64",64,0.03106,FALSE,"observed"
"NL",1915,"65",65,0.03169,FALSE,"observed"
"NL",1915,"66",66,0.03494,FALSE,"observed"
"NL",1915,"67",67,0.0391,FALSE,"observed"
"NL",1915,"68",68,0.04482,FALSE,"observed"
"NL",1915,"69",69,0.04867,FALSE,"observed"
"NL",1915,"70",70,0.05058,FALSE,"observed"
"NL",1915,"71",71,0.0576,FALSE,"observed"
"NL",1915,"72",72,0.06689,FALSE,"observed"
"NL",1915,"73",73,0.07382,FALSE,"observed"
"NL",1915,"74",74,0.07761,FALSE,"observed"
"NL",1915,"75",75,0.08276,FALSE,"observed"
"NL",1915,"76",76,0.09864,FALSE,"observed"
"NL",1915,"77",77,0.10493,FALSE,"observed"
"NL",1915,"78",78,0.11388,FALSE,"observed"
"NL",1915,"79",79,0.13087,FALSE,"observed"
"NL",1915,"80",80,0.13738,FALSE,"observed"
"NL",1915,"81",81,0.14628,FALSE,"observed"
"NL",1915,"82",82,0.15946,FALSE,"observed"
"NL",1915,"83",83,0.1753,FALSE,"observed"
"NL",1915,"84",84,0.19931,FALSE,"observed"
"NL",1915,"85",85,0.22132,FALSE,"observed"
"NL",1915,"86",86,0.22714,FALSE,"observed"
"NL",1915,"87",87,0.25057,FALSE,"observed"
"NL",1915,"88",88,0.26714,FALSE,"observed"
"NL",1915,"89",89,0.2949,FALSE,"observed"
"NL",1915,"90",90,0.30929,FALSE,"observed"
"NL",1915,"91",91,0.34146,FALSE,"observed"
"NL",1915,"92",92,0.36633,FALSE,"observed"
"NL",1915,"93",93,0.39192,FALSE,"observed"
"NL",1915,"94",94,0.41808,FALSE,"observed"
"NL",1915,"95",95,0.4447,FALSE,"observed"
"NL",1915,"96",96,0.4716,FALSE,"observed"
"NL",1915,"97",97,0.49865,FALSE,"observed"
"NL",1915,"98",98,0.52568,FALSE,"observed"
"NL",1915,"99",99,0.55254,FALSE,"observed"
"NL",1915,"100",100,0.57907,FALSE,"observed"
"NL",1915,"101",101,0.60512,FALSE,"observed"
"NL",1915,"102",102,0.63057,FALSE,"observed"
"NL",1915,"103",103,0.65529,FALSE,"observed"
"NL",1915,"104",104,0.67918,FALSE,"observed"
"NL",1915,"105",105,0.70214,FALSE,"observed"
"NL",1915,"106",106,0.72411,FALSE,"observed"
"NL",1915,"107",107,0.74503,FALSE,"observed"
"NL",1915,"108",108,0.76487,FALSE,"observed"
"NL",1915,"109",109,0.7836,FALSE,"observed"
"NL",1915,"110+",110,0.80121,FALSE,"observed"
"NL",1916,"0",0,0.10388,FALSE,"observed"
"NL",1916,"1",1,0.02872,FALSE,"observed"
"NL",1916,"2",2,0.01034,FALSE,"observed"
"NL",1916,"3",3,0.00633,FALSE,"observed"
"NL",1916,"4",4,0.00432,FALSE,"observed"
"NL",1916,"5",5,0.00349,FALSE,"observed"
"NL",1916,"6",6,0.00313,FALSE,"observed"
"NL",1916,"7",7,0.00252,FALSE,"observed"
"NL",1916,"8",8,0.00211,FALSE,"observed"
"NL",1916,"9",9,0.00209,FALSE,"observed"
"NL",1916,"10",10,0.002,FALSE,"observed"
"NL",1916,"11",11,0.00176,FALSE,"observed"
"NL",1916,"12",12,0.00179,FALSE,"observed"
"NL",1916,"13",13,0.00189,FALSE,"observed"
"NL",1916,"14",14,0.0024,FALSE,"observed"
"NL",1916,"15",15,0.00285,FALSE,"observed"
"NL",1916,"16",16,0.00338,FALSE,"observed"
"NL",1916,"17",17,0.00376,FALSE,"observed"
"NL",1916,"18",18,0.00401,FALSE,"observed"
"NL",1916,"19",19,0.00442,FALSE,"observed"
"NL",1916,"20",20,0.00443,FALSE,"observed"
"NL",1916,"21",21,0.00388,FALSE,"observed"
"NL",1916,"22",22,0.00414,FALSE,"observed"
"NL",1916,"23",23,0.00434,FALSE,"observed"
"NL",1916,"24",24,0.00425,FALSE,"observed"
"NL",1916,"25",25,0.00407,FALSE,"observed"
"NL",1916,"26",26,0.00436,FALSE,"observed"
"NL",1916,"27",27,0.00389,FALSE,"observed"
"NL",1916,"28",28,0.00438,FALSE,"observed"
"NL",1916,"29",29,0.00408,FALSE,"observed"
"NL",1916,"30",30,0.00455,FALSE,"observed"
"NL",1916,"31",31,0.0043,FALSE,"observed"
"NL",1916,"32",32,0.00456,FALSE,"observed"
"NL",1916,"33",33,0.00461,FALSE,"observed"
"NL",1916,"34",34,0.00487,FALSE,"observed"
"NL",1916,"35",35,0.00468,FALSE,"observed"
"NL",1916,"36",36,0.00519,FALSE,"observed"
"NL",1916,"37",37,0.0049,FALSE,"observed"
"NL",1916,"38",38,0.00503,FALSE,"observed"
"NL",1916,"39",39,0.00573,FALSE,"observed"
"NL",1916,"40",40,0.00584,FALSE,"observed"
"NL",1916,"41",41,0.00617,FALSE,"observed"
"NL",1916,"42",42,0.00562,FALSE,"observed"
"NL",1916,"43",43,0.0063,FALSE,"observed"
"NL",1916,"44",44,0.00675,FALSE,"observed"
"NL",1916,"45",45,0.00674,FALSE,"observed"
"NL",1916,"46",46,0.0071,FALSE,"observed"
"NL",1916,"47",47,0.00745,FALSE,"observed"
"NL",1916,"48",48,0.00899,FALSE,"observed"
"NL",1916,"49",49,0.00917,FALSE,"observed"
"NL",1916,"50",50,0.0099,FALSE,"observed"
"NL",1916,"51",51,0.0101,FALSE,"observed"
"NL",1916,"52",52,0.01168,FALSE,"observed"
"NL",1916,"53",53,0.01178,FALSE,"observed"
"NL",1916,"54",54,0.01294,FALSE,"observed"
"NL",1916,"55",55,0.01282,FALSE,"observed"
"NL",1916,"56",56,0.01479,FALSE,"observed"
"NL",1916,"57",57,0.01518,FALSE,"observed"
"NL",1916,"58",58,0.0179,FALSE,"observed"
"NL",1916,"59",59,0.01936,FALSE,"observed"
"NL",1916,"60",60,0.02084,FALSE,"observed"
"NL",1916,"61",61,0.02249,FALSE,"observed"
"NL",1916,"62",62,0.02485,FALSE,"observed"
"NL",1916,"63",63,0.02846,FALSE,"observed"
"NL",1916,"64",64,0.03157,FALSE,"observed"
"NL",1916,"65",65,0.03394,FALSE,"observed"
"NL",1916,"66",66,0.03767,FALSE,"observed"
"NL",1916,"67",67,0.04111,FALSE,"observed"
"NL",1916,"68",68,0.04462,FALSE,"observed"
"NL",1916,"69",69,0.049,FALSE,"observed"
"NL",1916,"70",70,0.05323,FALSE,"observed"
"NL",1916,"71",71,0.0608,FALSE,"observed"
"NL",1916,"72",72,0.06622,FALSE,"observed"
"NL",1916,"73",73,0.07483,FALSE,"observed"
"NL",1916,"74",74,0.08173,FALSE,"observed"
"NL",1916,"75",75,0.08933,FALSE,"observed"
"NL",1916,"76",76,0.09548,FALSE,"observed"
"NL",1916,"77",77,0.10726,FALSE,"observed"
"NL",1916,"78",78,0.117,FALSE,"observed"
"NL",1916,"79",79,0.13016,FALSE,"observed"
"NL",1916,"80",80,0.13945,FALSE,"observed"
"NL",1916,"81",81,0.15993,FALSE,"observed"
"NL",1916,"82",82,0.17497,FALSE,"observed"
"NL",1916,"83",83,0.18428,FALSE,"observed"
"NL",1916,"84",84,0.1893,FALSE,"observed"
"NL",1916,"85",85,0.21124,FALSE,"observed"
"NL",1916,"86",86,0.25027,FALSE,"observed"
"NL",1916,"87",87,0.25929,FALSE,"observed"
"NL",1916,"88",88,0.30543,FALSE,"observed"
"NL",1916,"89",89,0.30503,FALSE,"observed"
"NL",1916,"90",90,0.33262,FALSE,"observed"
"NL",1916,"91",91,0.36242,FALSE,"observed"
"NL",1916,"92",92,0.38917,FALSE,"observed"
"NL",1916,"93",93,0.41663,FALSE,"observed"
"NL",1916,"94",94,0.44463,FALSE,"observed"
"NL",1916,"95",95,0.47301,FALSE,"observed"
"NL",1916,"96",96,0.50159,FALSE,"observed"
"NL",1916,"97",97,0.53019,FALSE,"observed"
"NL",1916,"98",98,0.5586,FALSE,"observed"
"NL",1916,"99",99,0.58667,FALSE,"observed"
"NL",1916,"100",100,0.6142,FALSE,"observed"
"NL",1916,"101",101,0.64105,FALSE,"observed"
"NL",1916,"102",102,0.66706,FALSE,"observed"
"NL",1916,"103",103,0.69211,FALSE,"observed"
"NL",1916,"104",104,0.7161,FALSE,"observed"
"NL",1916,"105",105,0.73895,FALSE,"observed"
"NL",1916,"106",106,0.76059,FALSE,"observed"
"NL",1916,"107",107,0.78098,FALSE,"observed"
"NL",1916,"108",108,0.80011,FALSE,"observed"
"NL",1916,"109",109,0.81798,FALSE,"observed"
"NL",1916,"110+",110,0.83459,FALSE,"observed"
"NL",1917,"0",0,0.10494,FALSE,"observed"
"NL",1917,"1",1,0.02588,FALSE,"observed"
"NL",1917,"2",2,0.01069,FALSE,"observed"
"NL",1917,"3",3,0.00682,FALSE,"observed"
"NL",1917,"4",4,0.00514,FALSE,"observed"
"NL",1917,"5",5,0.00385,FALSE,"observed"
"NL",1917,"6",6,0.00313,FALSE,"observed"
"NL",1917,"7",7,0.00288,FALSE,"observed"
"NL",1917,"8",8,0.00265,FALSE,"observed"
"NL",1917,"9",9,0.00212,FALSE,"observed"
"NL",1917,"10",10,0.00192,FALSE,"observed"
"NL",1917,"11",11,0.00225,FALSE,"observed"
"NL",1917,"12",12,0.00215,FALSE,"observed"
"NL",1917,"13",13,0.00211,FALSE,"observed"
"NL",1917,"14",14,0.00285,FALSE,"observed"
"NL",1917,"15",15,0.00318,FALSE,"observed"
"NL",1917,"16",16,0.00347,FALSE,"observed"
"NL",1917,"17",17,0.00386,FALSE,"observed"
"NL",1917,"18",18,0.00449,FALSE,"observed"
"NL",1917,"19",19,0.00484,FALSE,"observed"
"NL",1917,"20",20,0.00459,FALSE,"observed"
"NL",1917,"21",21,0.00439,FALSE,"observed"
"NL",1917,"22",22,0.00449,FALSE,"observed"
"NL",1917,"23",23,0.00445,FALSE,"observed"
"NL",1917,"24",24,0.00415,FALSE,"observed"
"NL",1917,"25",25,0.0043,FALSE,"observed"
"NL",1917,"26",26,0.00426,FALSE,"observed"
"NL",1917,"27",27,0.00443,FALSE,"observed"
"NL",1917,"28",28,0.00446,FALSE,"observed"
"NL",1917,"29",29,0.00444,FALSE,"observed"
"NL",1917,"30",30,0.00409,FALSE,"observed"
"NL",1917,"31",31,0.0044,FALSE,"observed"
"NL",1917,"32",32,0.0047,FALSE,"observed"
"NL",1917,"33",33,0.00452,FALSE,"observed"
"NL",1917,"34",34,0.00511,FALSE,"observed"
"NL",1917,"35",35,0.00517,FALSE,"observed"
"NL",1917,"36",36,0.00521,FALSE,"observed"
"NL",1917,"37",37,0.0054,FALSE,"observed"
"NL",1917,"38",38,0.00535,FALSE,"observed"
"NL",1917,"39",39,0.00592,FALSE,"observed"
"NL",1917,"40",40,0.0056,FALSE,"observed"
"NL",1917,"41",41,0.00598,FALSE,"observed"
"NL",1917,"42",42,0.00589,FALSE,"observed"
"NL",1917,"43",43,0.00672,FALSE,"observed"
"NL",1917,"44",44,0.00683,FALSE,"observed"
"NL",1917,"45",45,0.00707,FALSE,"observed"
"NL",1917,"46",46,0.0076,FALSE,"observed"
"NL",1917,"47",47,0.0081,FALSE,"observed"
"NL",1917,"48",48,0.00888,FALSE,"observed"
"NL",1917,"49",49,0.00891,FALSE,"observed"
"NL",1917,"50",50,0.01012,FALSE,"observed"
"NL",1917,"51",51,0.01072,FALSE,"observed"
"NL",1917,"52",52,0.01115,FALSE,"observed"
"NL",1917,"53",53,0.01266,FALSE,"observed"
"NL",1917,"54",54,0.01305,FALSE,"observed"
"NL",1917,"55",55,0.01357,FALSE,"observed"
"NL",1917,"56",56,0.01571,FALSE,"observed"
"NL",1917,"57",57,0.01778,FALSE,"observed"
"NL",1917,"58",58,0.01845,FALSE,"observed"
"NL",1917,"59",59,0.02038,FALSE,"observed"
"NL",1917,"60",60,0.02214,FALSE,"observed"
"NL",1917,"61",61,0.02469,FALSE,"observed"
"NL",1917,"62",62,0.02574,FALSE,"observed"
"NL",1917,"63",63,0.02757,FALSE,"observed"
"NL",1917,"64",64,0.03182,FALSE,"observed"
"NL",1917,"65",65,0.0332,FALSE,"observed"
"NL",1917,"66",66,0.03897,FALSE,"observed"
"NL",1917,"67",67,0.04256,FALSE,"observed"
"NL",1917,"68",68,0.04428,FALSE,"observed"
"NL",1917,"69",69,0.05099,FALSE,"observed"
"NL",1917,"70",70,0.05413,FALSE,"observed"
"NL",1917,"71",71,0.06182,FALSE,"observed"
"NL",1917,"72",72,0.06774,FALSE,"observed"
"NL",1917,"73",73,0.07531,FALSE,"observed"
"NL",1917,"74",74,0.08543,FALSE,"observed"
"NL",1917,"75",75,0.09068,FALSE,"observed"
"NL",1917,"76",76,0.10057,FALSE,"observed"
"NL",1917,"77",77,0.10934,FALSE,"observed"
"NL",1917,"78",78,0.11857,FALSE,"observed"
"NL",1917,"79",79,0.12861,FALSE,"observed"
"NL",1917,"80",80,0.14562,FALSE,"observed"
"NL",1917,"81",81,0.16271,FALSE,"observed"
"NL",1917,"82",82,0.18325,FALSE,"observed"
"NL",1917,"83",83,0.18836,FALSE,"observed"
"NL",1917,"84",84,0.21658,FALSE,"observed"
"NL",1917,"85",85,0.20681,FALSE,"observed"
"NL",1917,"86",86,0.25635,FALSE,"observed"
"NL",1917,"87",87,0.29645,FALSE,"observed"
"NL",1917,"88",88,0.32188,FALSE,"observed"
"NL",1917,"89",89,0.32502,FALSE,"observed"
"NL",1917,"90",90,0.36765,FALSE,"observed"
"NL",1917,"91",91,0.3858,FALSE,"observed"
"NL",1917,"92",92,0.41423,FALSE,"observed"
"NL",1917,"93",93,0.44322,FALSE,"observed"
"NL",1917,"94",94,0.47257,FALSE,"observed"
"NL",1917,"95",95,0.50209,FALSE,"observed"
"NL",1917,"96",96,0.53156,FALSE,"observed"
"NL",1917,"97",97,0.56079,FALSE,"observed"
"NL",1917,"98",98,0.58958,FALSE,"observed"
"NL",1917,"99",99,0.61774,FALSE,"observed"
"NL",1917,"100",100,0.64512,FALSE,"observed"
"NL",1917,"101",101,0.67155,FALSE,"observed"
"NL",1917,"102",102,0.69692,FALSE,"observed"
"NL",1917,"103",103,0.72113,FALSE,"observed"
"NL",1917,"104",104,0.7441,FALSE,"observed"
"NL",1917,"105",105,0.76578,FALSE,"observed"
"NL",1917,"106",106,0.78614,FALSE,"observed"
"NL",1917,"107",107,0.80518,FALSE,"observed"
"NL",1917,"108",108,0.82289,FALSE,"observed"
"NL",1917,"109",109,0.83931,FALSE,"observed"
"NL",1917,"110+",110,0.85447,FALSE,"observed"
"NL",1918,"0",0,0.10962,FALSE,"observed"
"NL",1918,"1",1,0.0447,FALSE,"observed"
"NL",1918,"2",2,0.02181,FALSE,"observed"
"NL",1918,"3",3,0.01337,FALSE,"observed"
"NL",1918,"4",4,0.00963,FALSE,"observed"
"NL",1918,"5",5,0.00781,FALSE,"observed"
"NL",1918,"6",6,0.00592,FALSE,"observed"
"NL",1918,"7",7,0.00474,FALSE,"observed"
"NL",1918,"8",8,0.00436,FALSE,"observed"
"NL",1918,"9",9,0.0038,FALSE,"observed"
"NL",1918,"10",10,0.00425,FALSE,"observed"
"NL",1918,"11",11,0.00355,FALSE,"observed"
"NL",1918,"12",12,0.00396,FALSE,"observed"
"NL",1918,"13",13,0.00463,FALSE,"observed"
"NL",1918,"14",14,0.00478,FALSE,"observed"
"NL",1918,"15",15,0.00544,FALSE,"observed"
"NL",1918,"16",16,0.0067,FALSE,"observed"
"NL",1918,"17",17,0.00764,FALSE,"observed"
"NL",1918,"18",18,0.00775,FALSE,"observed"
"NL",1918,"19",19,0.00885,FALSE,"observed"
"NL",1918,"20",20,0.00885,FALSE,"observed"
"NL",1918,"21",21,0.00949,FALSE,"observed"
"NL",1918,"22",22,0.00948,FALSE,"observed"
"NL",1918,"23",23,0.00992,FALSE,"observed"
"NL",1918,"24",24,0.01062,FALSE,"observed"
"NL",1918,"25",25,0.01116,FALSE,"observed"
"NL",1918,"26",26,0.01106,FALSE,"observed"
"NL",1918,"27",27,0.01177,FALSE,"observed"
"NL",1918,"28",28,0.01231,FALSE,"observed"
"NL",1918,"29",29,0.01169,FALSE,"observed"
"NL",1918,"30",30,0.01203,FALSE,"observed"
"NL",1918,"31",31,0.01181,FALSE,"observed"
"NL",1918,"32",32,0.01068,FALSE,"observed"
"NL",1918,"33",33,0.01112,FALSE,"observed"
"NL",1918,"34",34,0.01109,FALSE,"observed"
"NL",1918,"35",35,0.01111,FALSE,"observed"
"NL",1918,"36",36,0.01081,FALSE,"observed"
"NL",1918,"37",37,0.01062,FALSE,"observed"
"NL",1918,"38",38,0.00982,FALSE,"observed"
"NL",1918,"39",39,0.01046,FALSE,"observed"
"NL",1918,"40",40,0.01096,FALSE,"observed"
"NL",1918,"41",41,0.00984,FALSE,"observed"
"NL",1918,"42",42,0.00984,FALSE,"observed"
"NL",1918,"43",43,0.01017,FALSE,"observed"
"NL",1918,"44",44,0.01062,FALSE,"observed"
"NL",1918,"45",45,0.01049,FALSE,"observed"
"NL",1918,"46",46,0.0112,FALSE,"observed"
"NL",1918,"47",47,0.01066,FALSE,"observed"
"NL",1918,"48",48,0.01084,FALSE,"observed"
"NL",1918,"49",49,0.01195,FALSE,"observed"
"NL",1918,"50",50,0.01058,FALSE,"observed"
"NL",1918,"51",51,0.01351,FALSE,"observed"
"NL",1918,"52",52,0.01375,FALSE,"observed"
"NL",1918,"53",53,0.01452,FALSE,"observed"
"NL",1918,"54",54,0.01681,FALSE,"observed"
"NL",1918,"55",55,0.01656,FALSE,"observed"
"NL",1918,"56",56,0.01711,FALSE,"observed"
"NL",1918,"57",57,0.01824,FALSE,"observed"
"NL",1918,"58",58,0.01999,FALSE,"observed"
"NL",1918,"59",59,0.02205,FALSE,"observed"
"NL",1918,"60",60,0.02298,FALSE,"observed"
"NL",1918,"61",61,0.02583,FALSE,"observed"
"NL",1918,"62",62,0.02794,FALSE,"observed"
"NL",1918,"63",63,0.03161,FALSE,"observed"
"NL",1918,"64",64,0.03487,FALSE,"observed"
"NL",1918,"65",65,0.03627,FALSE,"observed"
"NL",1918,"66",66,0.0388,FALSE,"observed"
"NL",1918,"67",67,0.04119,FALSE,"observed"
"NL",1918,"68",68,0.04696,FALSE,"observed"
"NL",1918,"69",69,0.05415,FALSE,"observed"
"NL",1918,"70",70,0.05784,FALSE,"observed"
"NL",1918,"71",71,0.05964,FALSE,"observed"
"NL",1918,"72",72,0.06691,FALSE,"observed"
"NL",1918,"73",73,0.07662,FALSE,"observed"
"NL",1918,"74",74,0.08035,FALSE,"observed"
"NL",1918,"75",75,0.09178,FALSE,"observed"
"NL",1918,"76",76,0.09562,FALSE,"observed"
"NL",1918,"77",77,0.10463,FALSE,"observed"
"NL",1918,"78",78,0.11656,FALSE,"observed"
"NL",1918,"79",79,0.13473,FALSE,"observed"
"NL",1918,"80",80,0.1396,FALSE,"observed"
"NL",1918,"81",81,0.15077,FALSE,"observed"
"NL",1918,"82",82,0.15637,FALSE,"observed"
"NL",1918,"83",83,0.18692,FALSE,"observed"
"NL",1918,"84",84,0.19991,FALSE,"observed"
"NL",1918,"85",85,0.20989,FALSE,"observed"
"NL",1918,"86",86,0.2233,FALSE,"observed"
"NL",1918,"87",87,0.25401,FALSE,"observed"
"NL",1918,"88",88,0.28146,FALSE,"observed"
"NL",1918,"89",89,0.29613,FALSE,"observed"
"NL",1918,"90",90,0.3142,FALSE,"observed"
"NL",1918,"91",91,0.33723,FALSE,"observed"
"NL",1918,"92",92,0.36086,FALSE,"observed"
"NL",1918,"93",93,0.38511,FALSE,"observed"
"NL",1918,"94",94,0.40987,FALSE,"observed"
"NL",1918,"95",95,0.43501,FALSE,"observed"
"NL",1918,"96",96,0.4604,FALSE,"observed"
"NL",1918,"97",97,0.48592,FALSE,"observed"
"NL",1918,"98",98,0.51142,FALSE,"observed"
"NL",1918,"99",99,0.53679,FALSE,"observed"
"NL",1918,"100",100,0.56188,FALSE,"observed"
"NL",1918,"101",101,0.58659,FALSE,"observed"
"NL",1918,"102",102,0.61079,FALSE,"observed"
"NL",1918,"103",103,0.6344,FALSE,"observed"
"NL",1918,"104",104,0.65732,FALSE,"observed"
"NL",1918,"105",105,0.67948,FALSE,"observed"
"NL",1918,"106",106,0.70082,FALSE,"observed"
"NL",1918,"107",107,0.72128,FALSE,"observed"
"NL",1918,"108",108,0.74084,FALSE,"observed"
"NL",1918,"109",109,0.75946,FALSE,"observed"
"NL",1918,"110+",110,0.77714,FALSE,"observed"
"NL",1919,"0",0,0.10359,FALSE,"observed"
"NL",1919,"1",1,0.0346,FALSE,"observed"
"NL",1919,"2",2,0.01495,FALSE,"observed"
"NL",1919,"3",3,0.00873,FALSE,"observed"
"NL",1919,"4",4,0.00593,FALSE,"observed"
"NL",1919,"5",5,0.00493,FALSE,"observed"
"NL",1919,"6",6,0.00407,FALSE,"observed"
"NL",1919,"7",7,0.00307,FALSE,"observed"
"NL",1919,"8",8,0.00252,FALSE,"observed"
"NL",1919,"9",9,0.00232,FALSE,"observed"
"NL",1919,"10",10,0.00203,FALSE,"observed"
"NL",1919,"11",11,0.00193,FALSE,"observed"
"NL",1919,"12",12,0.0021,FALSE,"observed"
"NL",1919,"13",13,0.00227,FALSE,"observed"
"NL",1919,"14",14,0.0025,FALSE,"observed"
"NL",1919,"15",15,0.00297,FALSE,"observed"
"NL",1919,"16",16,0.00342,FALSE,"observed"
"NL",1919,"17",17,0.00383,FALSE,"observed"
"NL",1919,"18",18,0.00432,FALSE,"observed"
"NL",1919,"19",19,0.0045,FALSE,"observed"
"NL",1919,"20",20,0.00468,FALSE,"observed"
"NL",1919,"21",21,0.00454,FALSE,"observed"
"NL",1919,"22",22,0.00441,FALSE,"observed"
"NL",1919,"23",23,0.0047,FALSE,"observed"
"NL",1919,"24",24,0.00479,FALSE,"observed"
"NL",1919,"25",25,0.00467,FALSE,"observed"
"NL",1919,"26",26,0.0044,FALSE,"observed"
"NL",1919,"27",27,0.00435,FALSE,"observed"
"NL",1919,"28",28,0.00459,FALSE,"observed"
"NL",1919,"29",29,0.00503,FALSE,"observed"
"NL",1919,"30",30,0.00498,FALSE,"observed"
"NL",1919,"31",31,0.00505,FALSE,"observed"
"NL",1919,"32",32,0.00467,FALSE,"observed"
"NL",1919,"33",33,0.00481,FALSE,"observed"
"NL",1919,"34",34,0.00508,FALSE,"observed"
"NL",1919,"35",35,0.00502,FALSE,"observed"
"NL",1919,"36",36,0.00584,FALSE,"observed"
"NL",1919,"37",37,0.0054,FALSE,"observed"
"NL",1919,"38",38,0.00578,FALSE,"observed"
"NL",1919,"39",39,0.006,FALSE,"observed"
"NL",1919,"40",40,0.00591,FALSE,"observed"
"NL",1919,"41",41,0.0063,FALSE,"observed"
"NL",1919,"42",42,0.00663,FALSE,"observed"
"NL",1919,"43",43,0.00674,FALSE,"observed"
"NL",1919,"44",44,0.0069,FALSE,"observed"
"NL",1919,"45",45,0.00777,FALSE,"observed"
"NL",1919,"46",46,0.00776,FALSE,"observed"
"NL",1919,"47",47,0.00819,FALSE,"observed"
"NL",1919,"48",48,0.00817,FALSE,"observed"
"NL",1919,"49",49,0.00914,FALSE,"observed"
"NL",1919,"50",50,0.00999,FALSE,"observed"
"NL",1919,"51",51,0.00945,FALSE,"observed"
"NL",1919,"52",52,0.01092,FALSE,"observed"
"NL",1919,"53",53,0.01221,FALSE,"observed"
"NL",1919,"54",54,0.0129,FALSE,"observed"
"NL",1919,"55",55,0.01492,FALSE,"observed"
"NL",1919,"56",56,0.01524,FALSE,"observed"
"NL",1919,"57",57,0.01698,FALSE,"observed"
"NL",1919,"58",58,0.01735,FALSE,"observed"
"NL",1919,"59",59,0.02001,FALSE,"observed"
"NL",1919,"60",60,0.02241,FALSE,"observed"
"NL",1919,"61",61,0.0244,FALSE,"observed"
"NL",1919,"62",62,0.02529,FALSE,"observed"
"NL",1919,"63",63,0.0281,FALSE,"observed"
"NL",1919,"64",64,0.02862,FALSE,"observed"
"NL",1919,"65",65,0.03233,FALSE,"observed"
"NL",1919,"66",66,0.03559,FALSE,"observed"
"NL",1919,"67",67,0.04014,FALSE,"observed"
"NL",1919,"68",68,0.04463,FALSE,"observed"
"NL",1919,"69",69,0.04955,FALSE,"observed"
"NL",1919,"70",70,0.05508,FALSE,"observed"
"NL",1919,"71",71,0.05835,FALSE,"observed"
"NL",1919,"72",72,0.06503,FALSE,"observed"
"NL",1919,"73",73,0.07358,FALSE,"observed"
"NL",1919,"74",74,0.0818,FALSE,"observed"
"NL",1919,"75",75,0.09203,FALSE,"observed"
"NL",1919,"76",76,0.09717,FALSE,"observed"
"NL",1919,"77",77,0.11031,FALSE,"observed"
"NL",1919,"78",78,0.12093,FALSE,"observed"
"NL",1919,"79",79,0.12975,FALSE,"observed"
"NL",1919,"80",80,0.15285,FALSE,"observed"
"NL",1919,"81",81,0.15294,FALSE,"observed"
"NL",1919,"82",82,0.17677,FALSE,"observed"
"NL",1919,"83",83,0.19665,FALSE,"observed"
"NL",1919,"84",84,0.20463,FALSE,"observed"
"NL",1919,"85",85,0.22223,FALSE,"observed"
"NL",1919,"86",86,0.24414,FALSE,"observed"
"NL",1919,"87",87,0.25497,FALSE,"observed"
"NL",1919,"88",88,0.27096,FALSE,"observed"
"NL",1919,"89",89,0.32433,FALSE,"observed"
"NL",1919,"90",90,0.36056,FALSE,"observed"
"NL",1919,"91",91,0.35614,FALSE,"observed"
"NL",1919,"92",92,0.38061,FALSE,"observed"
"NL",1919,"93",93,0.40565,FALSE,"observed"
"NL",1919,"94",94,0.43112,FALSE,"observed"
"NL",1919,"95",95,0.45689,FALSE,"observed"
"NL",1919,"96",96,0.48283,FALSE,"observed"
"NL",1919,"97",97,0.50879,FALSE,"observed"
"NL",1919,"98",98,0.53464,FALSE,"observed"
"NL",1919,"99",99,0.56024,FALSE,"observed"
"NL",1919,"100",100,0.58546,FALSE,"observed"
"NL",1919,"101",101,0.61018,FALSE,"observed"
"NL",1919,"102",102,0.6343,FALSE,"observed"
"NL",1919,"103",103,0.65772,FALSE,"observed"
"NL",1919,"104",104,0.68035,FALSE,"observed"
"NL",1919,"105",105,0.70213,FALSE,"observed"
"NL",1919,"106",106,0.72301,FALSE,"observed"
"NL",1919,"107",107,0.74294,FALSE,"observed"
"NL",1919,"108",108,0.76189,FALSE,"observed"
"NL",1919,"109",109,0.77986,FALSE,"observed"
"NL",1919,"110+",110,0.79682,FALSE,"observed"
"NL",1920,"0",0,0.09214,FALSE,"observed"
"NL",1920,"1",1,0.02045,FALSE,"observed"
"NL",1920,"2",2,0.00884,FALSE,"observed"
"NL",1920,"3",3,0.00526,FALSE,"observed"
"NL",1920,"4",4,0.00433,FALSE,"observed"
"NL",1920,"5",5,0.00304,FALSE,"observed"
"NL",1920,"6",6,0.00272,FALSE,"observed"
"NL",1920,"7",7,0.00209,FALSE,"observed"
"NL",1920,"8",8,0.00183,FALSE,"observed"
"NL",1920,"9",9,0.00193,FALSE,"observed"
"NL",1920,"10",10,0.00177,FALSE,"observed"
"NL",1920,"11",11,0.00167,FALSE,"observed"
"NL",1920,"12",12,0.00173,FALSE,"observed"
"NL",1920,"13",13,0.00189,FALSE,"observed"
"NL",1920,"14",14,0.00206,FALSE,"observed"
"NL",1920,"15",15,0.00247,FALSE,"observed"
"NL",1920,"16",16,0.00291,FALSE,"observed"
"NL",1920,"17",17,0.00324,FALSE,"observed"
"NL",1920,"18",18,0.00355,FALSE,"observed"
"NL",1920,"19",19,0.00418,FALSE,"observed"
"NL",1920,"20",20,0.00378,FALSE,"observed"
"NL",1920,"21",21,0.00401,FALSE,"observed"
"NL",1920,"22",22,0.00404,FALSE,"observed"
"NL",1920,"23",23,0.00393,FALSE,"observed"
"NL",1920,"24",24,0.00406,FALSE,"observed"
"NL",1920,"25",25,0.00385,FALSE,"observed"
"NL",1920,"26",26,0.00447,FALSE,"observed"
"NL",1920,"27",27,0.00441,FALSE,"observed"
"NL",1920,"28",28,0.00425,FALSE,"observed"
"NL",1920,"29",29,0.00417,FALSE,"observed"
"NL",1920,"30",30,0.00425,FALSE,"observed"
"NL",1920,"31",31,0.00439,FALSE,"observed"
"NL",1920,"32",32,0.00472,FALSE,"observed"
"NL",1920,"33",33,0.00483,FALSE,"observed"
"NL",1920,"34",34,0.00466,FALSE,"observed"
"NL",1920,"35",35,0.00478,FALSE,"observed"
"NL",1920,"36",36,0.00457,FALSE,"observed"
"NL",1920,"37",37,0.00496,FALSE,"observed"
"NL",1920,"38",38,0.00501,FALSE,"observed"
"NL",1920,"39",39,0.00556,FALSE,"observed"
"NL",1920,"40",40,0.00541,FALSE,"observed"
"NL",1920,"41",41,0.0058,FALSE,"observed"
"NL",1920,"42",42,0.00597,FALSE,"observed"
"NL",1920,"43",43,0.0062,FALSE,"observed"
"NL",1920,"44",44,0.00646,FALSE,"observed"
"NL",1920,"45",45,0.0065,FALSE,"observed"
"NL",1920,"46",46,0.00688,FALSE,"observed"
"NL",1920,"47",47,0.0072,FALSE,"observed"
"NL",1920,"48",48,0.00764,FALSE,"observed"
"NL",1920,"49",49,0.00853,FALSE,"observed"
"NL",1920,"50",50,0.00935,FALSE,"observed"
"NL",1920,"51",51,0.00956,FALSE,"observed"
"NL",1920,"52",52,0.01101,FALSE,"observed"
"NL",1920,"53",53,0.01184,FALSE,"observed"
"NL",1920,"54",54,0.01258,FALSE,"observed"
"NL",1920,"55",55,0.0135,FALSE,"observed"
"NL",1920,"56",56,0.01481,FALSE,"observed"
"NL",1920,"57",57,0.0155,FALSE,"observed"
"NL",1920,"58",58,0.01726,FALSE,"observed"
"NL",1920,"59",59,0.0183,FALSE,"observed"
"NL",1920,"60",60,0.02104,FALSE,"observed"
"NL",1920,"61",61,0.02169,FALSE,"observed"
"NL",1920,"62",62,0.02325,FALSE,"observed"
"NL",1920,"63",63,0.02675,FALSE,"observed"
"NL",1920,"64",64,0.03111,FALSE,"observed"
"NL",1920,"65",65,0.0316,FALSE,"observed"
"NL",1920,"66",66,0.03523,FALSE,"observed"
"NL",1920,"67",67,0.04061,FALSE,"observed"
"NL",1920,"68",68,0.04189,FALSE,"observed"
"NL",1920,"69",69,0.04728,FALSE,"observed"
"NL",1920,"70",70,0.05119,FALSE,"observed"
"NL",1920,"71",71,0.05492,FALSE,"observed"
"NL",1920,"72",72,0.06592,FALSE,"observed"
"NL",1920,"73",73,0.07192,FALSE,"observed"
"NL",1920,"74",74,0.07564,FALSE,"observed"
"NL",1920,"75",75,0.08469,FALSE,"observed"
"NL",1920,"76",76,0.08891,FALSE,"observed"
"NL",1920,"77",77,0.107,FALSE,"observed"
"NL",1920,"78",78,0.10908,FALSE,"observed"
"NL",1920,"79",79,0.12162,FALSE,"observed"
"NL",1920,"80",80,0.13462,FALSE,"observed"
"NL",1920,"81",81,0.14319,FALSE,"observed"
"NL",1920,"82",82,0.16351,FALSE,"observed"
"NL",1920,"83",83,0.17318,FALSE,"observed"
"NL",1920,"84",84,0.20142,FALSE,"observed"
"NL",1920,"85",85,0.20951,FALSE,"observed"
"NL",1920,"86",86,0.22988,FALSE,"observed"
"NL",1920,"87",87,0.25456,FALSE,"observed"
"NL",1920,"88",88,0.26804,FALSE,"observed"
"NL",1920,"89",89,0.31047,FALSE,"observed"
"NL",1920,"90",90,0.31119,FALSE,"observed"
"NL",1920,"91",91,0.33754,FALSE,"observed"
"NL",1920,"92",92,0.36207,FALSE,"observed"
"NL",1920,"93",93,0.38733,FALSE,"observed"
"NL",1920,"94",94,0.41322,FALSE,"observed"
"NL",1920,"95",95,0.43959,FALSE,"observed"
"NL",1920,"96",96,0.46631,FALSE,"observed"
"NL",1920,"97",97,0.49323,FALSE,"observed"
"NL",1920,"98",98,0.52019,FALSE,"observed"
"NL",1920,"99",99,0.54703,FALSE,"observed"
"NL",1920,"100",100,0.57361,FALSE,"observed"
"NL",1920,"101",101,0.59978,FALSE,"observed"
"NL",1920,"102",102,0.62539,FALSE,"observed"
"NL",1920,"103",103,0.65033,FALSE,"observed"
"NL",1920,"104",104,0.67449,FALSE,"observed"
"NL",1920,"105",105,0.69775,FALSE,"observed"
"NL",1920,"106",106,0.72006,FALSE,"observed"
"NL",1920,"107",107,0.74133,FALSE,"observed"
"NL",1920,"108",108,0.76154,FALSE,"observed"
"NL",1920,"109",109,0.78064,FALSE,"observed"
"NL",1920,"110+",110,0.79862,FALSE,"observed"
"NL",1921,"0",0,0.09277,FALSE,"observed"
"NL",1921,"1",1,0.01816,FALSE,"observed"
"NL",1921,"2",2,0.00631,FALSE,"observed"
"NL",1921,"3",3,0.00448,FALSE,"observed"
"NL",1921,"4",4,0.00319,FALSE,"observed"
"NL",1921,"5",5,0.00276,FALSE,"observed"
"NL",1921,"6",6,0.0023,FALSE,"observed"
"NL",1921,"7",7,0.00171,FALSE,"observed"
"NL",1921,"8",8,0.00151,FALSE,"observed"
"NL",1921,"9",9,0.00146,FALSE,"observed"
"NL",1921,"10",10,0.00127,FALSE,"observed"
"NL",1921,"11",11,0.00132,FALSE,"observed"
"NL",1921,"12",12,0.00122,FALSE,"observed"
"NL",1921,"13",13,0.00155,FALSE,"observed"
"NL",1921,"14",14,0.00172,FALSE,"observed"
"NL",1921,"15",15,0.00187,FALSE,"observed"
"NL",1921,"16",16,0.00231,FALSE,"observed"
"NL",1921,"17",17,0.00269,FALSE,"observed"
"NL",1921,"18",18,0.00272,FALSE,"observed"
"NL",1921,"19",19,0.0031,FALSE,"observed"
"NL",1921,"20",20,0.00299,FALSE,"observed"
"NL",1921,"21",21,0.00351,FALSE,"observed"
"NL",1921,"22",22,0.00337,FALSE,"observed"
"NL",1921,"23",23,0.00336,FALSE,"observed"
"NL",1921,"24",24,0.00341,FALSE,"observed"
"NL",1921,"25",25,0.0035,FALSE,"observed"
"NL",1921,"26",26,0.00328,FALSE,"observed"
"NL",1921,"27",27,0.00299,FALSE,"observed"
"NL",1921,"28",28,0.0031,FALSE,"observed"
"NL",1921,"29",29,0.00365,FALSE,"observed"
"NL",1921,"30",30,0.00346,FALSE,"observed"
"NL",1921,"31",31,0.00359,FALSE,"observed"
"NL",1921,"32",32,0.00406,FALSE,"observed"
"NL",1921,"33",33,0.00407,FALSE,"observed"
"NL",1921,"34",34,0.0039,FALSE,"observed"
"NL",1921,"35",35,0.00416,FALSE,"observed"
"NL",1921,"36",36,0.00401,FALSE,"observed"
"NL",1921,"37",37,0.00422,FALSE,"observed"
"NL",1921,"38",38,0.00461,FALSE,"observed"
"NL",1921,"39",39,0.00473,FALSE,"observed"
"NL",1921,"40",40,0.00444,FALSE,"observed"
"NL",1921,"41",41,0.00503,FALSE,"observed"
"NL",1921,"42",42,0.00504,FALSE,"observed"
"NL",1921,"43",43,0.00529,FALSE,"observed"
"NL",1921,"44",44,0.00583,FALSE,"observed"
"NL",1921,"45",45,0.00595,FALSE,"observed"
"NL",1921,"46",46,0.00619,FALSE,"observed"
"NL",1921,"47",47,0.00701,FALSE,"observed"
"NL",1921,"48",48,0.00713,FALSE,"observed"
"NL",1921,"49",49,0.00768,FALSE,"observed"
"NL",1921,"50",50,0.00787,FALSE,"observed"
"NL",1921,"51",51,0.0093,FALSE,"observed"
"NL",1921,"52",52,0.00921,FALSE,"observed"
"NL",1921,"53",53,0.01089,FALSE,"observed"
"NL",1921,"54",54,0.01137,FALSE,"observed"
"NL",1921,"55",55,0.01288,FALSE,"observed"
"NL",1921,"56",56,0.01275,FALSE,"observed"
"NL",1921,"57",57,0.01426,FALSE,"observed"
"NL",1921,"58",58,0.01621,FALSE,"observed"
"NL",1921,"59",59,0.01878,FALSE,"observed"
"NL",1921,"60",60,0.01907,FALSE,"observed"
"NL",1921,"61",61,0.02083,FALSE,"observed"
"NL",1921,"62",62,0.02241,FALSE,"observed"
"NL",1921,"63",63,0.02542,FALSE,"observed"
"NL",1921,"64",64,0.02919,FALSE,"observed"
"NL",1921,"65",65,0.03143,FALSE,"observed"
"NL",1921,"66",66,0.03546,FALSE,"observed"
"NL",1921,"67",67,0.03542,FALSE,"observed"
"NL",1921,"68",68,0.04115,FALSE,"observed"
"NL",1921,"69",69,0.04486,FALSE,"observed"
"NL",1921,"70",70,0.04769,FALSE,"observed"
"NL",1921,"71",71,0.05433,FALSE,"observed"
"NL",1921,"72",72,0.0591,FALSE,"observed"
"NL",1921,"73",73,0.0654,FALSE,"observed"
"NL",1921,"74",74,0.07568,FALSE,"observed"
"NL",1921,"75",75,0.07787,FALSE,"observed"
"NL",1921,"76",76,0.08811,FALSE,"observed"
"NL",1921,"77",77,0.09894,FALSE,"observed"
"NL",1921,"78",78,0.10659,FALSE,"observed"
"NL",1921,"79",79,0.118,FALSE,"observed"
"NL",1921,"80",80,0.1271,FALSE,"observed"
"NL",1921,"81",81,0.14013,FALSE,"observed"
"NL",1921,"82",82,0.1511,FALSE,"observed"
"NL",1921,"83",83,0.16907,FALSE,"observed"
"NL",1921,"84",84,0.18873,FALSE,"observed"
"NL",1921,"85",85,0.20639,FALSE,"observed"
"NL",1921,"86",86,0.21096,FALSE,"observed"
"NL",1921,"87",87,0.2274,FALSE,"observed"
"NL",1921,"88",88,0.29494,FALSE,"observed"
"NL",1921,"89",89,0.26635,FALSE,"observed"
"NL",1921,"90",90,0.28122,FALSE,"observed"
"NL",1921,"91",91,0.32403,FALSE,"observed"
"NL",1921,"92",92,0.34789,FALSE,"observed"
"NL",1921,"93",93,0.37248,FALSE,"observed"
"NL",1921,"94",94,0.3977,FALSE,"observed"
"NL",1921,"95",95,0.42343,FALSE,"observed"
"NL",1921,"96",96,0.44952,FALSE,"observed"
"NL",1921,"97",97,0.47584,FALSE,"observed"
"NL",1921,"98",98,0.50224,FALSE,"observed"
"NL",1921,"99",99,0.52858,FALSE,"observed"
"NL",1921,"100",100,0.5547,FALSE,"observed"
"NL",1921,"101",101,0.58046,FALSE,"observed"
"NL",1921,"102",102,0.60575,FALSE,"observed"
"NL",1921,"103",103,0.63043,FALSE,"observed"
"NL",1921,"104",104,0.65441,FALSE,"observed"
"NL",1921,"105",105,0.67758,FALSE,"observed"
"NL",1921,"106",106,0.69988,FALSE,"observed"
"NL",1921,"107",107,0.72123,FALSE,"observed"
"NL",1921,"108",108,0.7416,FALSE,"observed"
"NL",1921,"109",109,0.76094,FALSE,"observed"
"NL",1921,"110+",110,0.77925,FALSE,"observed"
"NL",1922,"0",0,0.08137,FALSE,"observed"
"NL",1922,"1",1,0.01803,FALSE,"observed"
"NL",1922,"2",2,0.00699,FALSE,"observed"
"NL",1922,"3",3,0.00406,FALSE,"observed"
"NL",1922,"4",4,0.0029,FALSE,"observed"
"NL",1922,"5",5,0.00218,FALSE,"observed"
"NL",1922,"6",6,0.00183,FALSE,"observed"
"NL",1922,"7",7,0.00163,FALSE,"observed"
"NL",1922,"8",8,0.00129,FALSE,"observed"
"NL",1922,"9",9,0.00129,FALSE,"observed"
"NL",1922,"10",10,0.00144,FALSE,"observed"
"NL",1922,"11",11,0.00107,FALSE,"observed"
"NL",1922,"12",12,0.00124,FALSE,"observed"
"NL",1922,"13",13,0.00143,FALSE,"observed"
"NL",1922,"14",14,0.00172,FALSE,"observed"
"NL",1922,"15",15,0.00219,FALSE,"observed"
"NL",1922,"16",16,0.00227,FALSE,"observed"
"NL",1922,"17",17,0.00246,FALSE,"observed"
"NL",1922,"18",18,0.00258,FALSE,"observed"
"NL",1922,"19",19,0.00281,FALSE,"observed"
"NL",1922,"20",20,0.00346,FALSE,"observed"
"NL",1922,"21",21,0.00293,FALSE,"observed"
"NL",1922,"22",22,0.00325,FALSE,"observed"
"NL",1922,"23",23,0.00308,FALSE,"observed"
"NL",1922,"24",24,0.0031,FALSE,"observed"
"NL",1922,"25",25,0.00316,FALSE,"observed"
"NL",1922,"26",26,0.00305,FALSE,"observed"
"NL",1922,"27",27,0.00354,FALSE,"observed"
"NL",1922,"28",28,0.00286,FALSE,"observed"
"NL",1922,"29",29,0.00347,FALSE,"observed"
"NL",1922,"30",30,0.00362,FALSE,"observed"
"NL",1922,"31",31,0.00346,FALSE,"observed"
"NL",1922,"32",32,0.00388,FALSE,"observed"
"NL",1922,"33",33,0.00363,FALSE,"observed"
"NL",1922,"34",34,0.00394,FALSE,"observed"
"NL",1922,"35",35,0.00416,FALSE,"observed"
"NL",1922,"36",36,0.00466,FALSE,"observed"
"NL",1922,"37",37,0.00482,FALSE,"observed"
"NL",1922,"38",38,0.00457,FALSE,"observed"
"NL",1922,"39",39,0.0048,FALSE,"observed"
"NL",1922,"40",40,0.00502,FALSE,"observed"
"NL",1922,"41",41,0.00477,FALSE,"observed"
"NL",1922,"42",42,0.00516,FALSE,"observed"
"NL",1922,"43",43,0.00622,FALSE,"observed"
"NL",1922,"44",44,0.00515,FALSE,"observed"
"NL",1922,"45",45,0.00651,FALSE,"observed"
"NL",1922,"46",46,0.00664,FALSE,"observed"
"NL",1922,"47",47,0.00707,FALSE,"observed"
"NL",1922,"48",48,0.00765,FALSE,"observed"
"NL",1922,"49",49,0.00803,FALSE,"observed"
"NL",1922,"50",50,0.00942,FALSE,"observed"
"NL",1922,"51",51,0.00976,FALSE,"observed"
"NL",1922,"52",52,0.01042,FALSE,"observed"
"NL",1922,"53",53,0.01105,FALSE,"observed"
"NL",1922,"54",54,0.01228,FALSE,"observed"
"NL",1922,"55",55,0.01332,FALSE,"observed"
"NL",1922,"56",56,0.01407,FALSE,"observed"
"NL",1922,"57",57,0.01646,FALSE,"observed"
"NL",1922,"58",58,0.01731,FALSE,"observed"
"NL",1922,"59",59,0.02038,FALSE,"observed"
"NL",1922,"60",60,0.02019,FALSE,"observed"
"NL",1922,"61",61,0.02179,FALSE,"observed"
"NL",1922,"62",62,0.02581,FALSE,"observed"
"NL",1922,"63",63,0.02741,FALSE,"observed"
"NL",1922,"64",64,0.02993,FALSE,"observed"
"NL",1922,"65",65,0.03412,FALSE,"observed"
"NL",1922,"66",66,0.03505,FALSE,"observed"
"NL",1922,"67",67,0.04174,FALSE,"observed"
"NL",1922,"68",68,0.04367,FALSE,"observed"
"NL",1922,"69",69,0.05082,FALSE,"observed"
"NL",1922,"70",70,0.05475,FALSE,"observed"
"NL",1922,"71",71,0.06069,FALSE,"observed"
"NL",1922,"72",72,0.068,FALSE,"observed"
"NL",1922,"73",73,0.07384,FALSE,"observed"
"NL",1922,"74",74,0.08355,FALSE,"observed"
"NL",1922,"75",75,0.08886,FALSE,"observed"
"NL",1922,"76",76,0.10494,FALSE,"observed"
"NL",1922,"77",77,0.11404,FALSE,"observed"
"NL",1922,"78",78,0.12387,FALSE,"observed"
"NL",1922,"79",79,0.12958,FALSE,"observed"
"NL",1922,"80",80,0.15305,FALSE,"observed"
"NL",1922,"81",81,0.16594,FALSE,"observed"
"NL",1922,"82",82,0.17543,FALSE,"observed"
"NL",1922,"83",83,0.18958,FALSE,"observed"
"NL",1922,"84",84,0.20907,FALSE,"observed"
"NL",1922,"85",85,0.20788,FALSE,"observed"
"NL",1922,"86",86,0.25426,FALSE,"observed"
"NL",1922,"87",87,0.27314,FALSE,"observed"
"NL",1922,"88",88,0.29777,FALSE,"observed"
"NL",1922,"89",89,0.28973,FALSE,"observed"
"NL",1922,"90",90,0.3368,FALSE,"observed"
"NL",1922,"91",91,0.3525,FALSE,"observed"
"NL",1922,"92",92,0.38041,FALSE,"observed"
"NL",1922,"93",93,0.40507,FALSE,"observed"
"NL",1922,"94",94,0.43015,FALSE,"observed"
"NL",1922,"95",95,0.45555,FALSE,"observed"
"NL",1922,"96",96,0.48111,FALSE,"observed"
"NL",1922,"97",97,0.50672,FALSE,"observed"
"NL",1922,"98",98,0.53223,FALSE,"observed"
"NL",1922,"99",99,0.55751,FALSE,"observed"
"NL",1922,"100",100,0.58244,FALSE,"observed"
"NL",1922,"101",101,0.6069,FALSE,"observed"
"NL",1922,"102",102,0.63078,FALSE,"observed"
"NL",1922,"103",103,0.65399,FALSE,"observed"
"NL",1922,"104",104,0.67644,FALSE,"observed"
"NL",1922,"105",105,0.69806,FALSE,"observed"
"NL",1922,"106",106,0.71879,FALSE,"observed"
"NL",1922,"107",107,0.7386,FALSE,"observed"
"NL",1922,"108",108,0.75745,FALSE,"observed"
"NL",1922,"109",109,0.77533,FALSE,"observed"
"NL",1922,"110+",110,0.79223,FALSE,"observed"
"NL",1923,"0",0,0.0724,FALSE,"observed"
"NL",1923,"1",1,0.01594,FALSE,"observed"
"NL",1923,"2",2,0.00606,FALSE,"observed"
"NL",1923,"3",3,0.00365,FALSE,"observed"
"NL",1923,"4",4,0.00282,FALSE,"observed"
"NL",1923,"5",5,0.00223,FALSE,"observed"
"NL",1923,"6",6,0.00185,FALSE,"observed"
"NL",1923,"7",7,0.00167,FALSE,"observed"
"NL",1923,"8",8,0.00128,FALSE,"observed"
"NL",1923,"9",9,0.00126,FALSE,"observed"
"NL",1923,"10",10,0.00117,FALSE,"observed"
"NL",1923,"11",11,0.00103,FALSE,"observed"
"NL",1923,"12",12,0.00124,FALSE,"observed"
"NL",1923,"13",13,0.00132,FALSE,"observed"
"NL",1923,"14",14,0.00145,FALSE,"observed"
"NL",1923,"15",15,0.00173,FALSE,"observed"
"NL",1923,"16",16,0.00207,FALSE,"observed"
"NL",1923,"17",17,0.00236,FALSE,"observed"
"NL",1923,"18",18,0.00247,FALSE,"observed"
"NL",1923,"19",19,0.00274,FALSE,"observed"
"NL",1923,"20",20,0.00303,FALSE,"observed"
"NL",1923,"21",21,0.00284,FALSE,"observed"
"NL",1923,"22",22,0.00311,FALSE,"observed"
"NL",1923,"23",23,0.00319,FALSE,"observed"
"NL",1923,"24",24,0.0031,FALSE,"observed"
"NL",1923,"25",25,0.00319,FALSE,"observed"
"NL",1923,"26",26,0.00325,FALSE,"observed"
"NL",1923,"27",27,0.00307,FALSE,"observed"
"NL",1923,"28",28,0.00273,FALSE,"observed"
"NL",1923,"29",29,0.00293,FALSE,"observed"
"NL",1923,"30",30,0.00282,FALSE,"observed"
"NL",1923,"31",31,0.00291,FALSE,"observed"
"NL",1923,"32",32,0.00335,FALSE,"observed"
"NL",1923,"33",33,0.00304,FALSE,"observed"
"NL",1923,"34",34,0.00312,FALSE,"observed"
"NL",1923,"35",35,0.00352,FALSE,"observed"
"NL",1923,"36",36,0.00378,FALSE,"observed"
"NL",1923,"37",37,0.00405,FALSE,"observed"
"NL",1923,"38",38,0.00392,FALSE,"observed"
"NL",1923,"39",39,0.00397,FALSE,"observed"
"NL",1923,"40",40,0.00425,FALSE,"observed"
"NL",1923,"41",41,0.00413,FALSE,"observed"
"NL",1923,"42",42,0.00453,FALSE,"observed"
"NL",1923,"43",43,0.00518,FALSE,"observed"
"NL",1923,"44",44,0.00494,FALSE,"observed"
"NL",1923,"45",45,0.00559,FALSE,"observed"
"NL",1923,"46",46,0.00626,FALSE,"observed"
"NL",1923,"47",47,0.00655,FALSE,"observed"
"NL",1923,"48",48,0.00679,FALSE,"observed"
"NL",1923,"49",49,0.00732,FALSE,"observed"
"NL",1923,"50",50,0.00801,FALSE,"observed"
"NL",1923,"51",51,0.0088,FALSE,"observed"
"NL",1923,"52",52,0.00901,FALSE,"observed"
"NL",1923,"53",53,0.0088,FALSE,"observed"
"NL",1923,"54",54,0.01073,FALSE,"observed"
"NL",1923,"55",55,0.01287,FALSE,"observed"
"NL",1923,"56",56,0.01275,FALSE,"observed"
"NL",1923,"57",57,0.01392,FALSE,"observed"
"NL",1923,"58",58,0.01486,FALSE,"observed"
"NL",1923,"59",59,0.01693,FALSE,"observed"
"NL",1923,"60",60,0.019,FALSE,"observed"
"NL",1923,"61",61,0.02023,FALSE,"observed"
"NL",1923,"62",62,0.02312,FALSE,"observed"
"NL",1923,"63",63,0.02422,FALSE,"observed"
"NL",1923,"64",64,0.02723,FALSE,"observed"
"NL",1923,"65",65,0.02812,FALSE,"observed"
"NL",1923,"66",66,0.03317,FALSE,"observed"
"NL",1923,"67",67,0.03511,FALSE,"observed"
"NL",1923,"68",68,0.03796,FALSE,"observed"
"NL",1923,"69",69,0.04238,FALSE,"observed"
"NL",1923,"70",70,0.0476,FALSE,"observed"
"NL",1923,"71",71,0.05134,FALSE,"observed"
"NL",1923,"72",72,0.05651,FALSE,"observed"
"NL",1923,"73",73,0.06394,FALSE,"observed"
"NL",1923,"74",74,0.06882,FALSE,"observed"
"NL",1923,"75",75,0.07833,FALSE,"observed"
"NL",1923,"76",76,0.08417,FALSE,"observed"
"NL",1923,"77",77,0.09349,FALSE,"observed"
"NL",1923,"78",78,0.10096,FALSE,"observed"
"NL",1923,"79",79,0.11631,FALSE,"observed"
"NL",1923,"80",80,0.12765,FALSE,"observed"
"NL",1923,"81",81,0.13401,FALSE,"observed"
"NL",1923,"82",82,0.14961,FALSE,"observed"
"NL",1923,"83",83,0.1598,FALSE,"observed"
"NL",1923,"84",84,0.17183,FALSE,"observed"
"NL",1923,"85",85,0.18514,FALSE,"observed"
"NL",1923,"86",86,0.21131,FALSE,"observed"
"NL",1923,"87",87,0.22954,FALSE,"observed"
"NL",1923,"88",88,0.24993,FALSE,"observed"
"NL",1923,"89",89,0.26755,FALSE,"observed"
"NL",1923,"90",90,0.30816,FALSE,"observed"
"NL",1923,"91",91,0.31432,FALSE,"observed"
"NL",1923,"92",92,0.33796,FALSE,"observed"
"NL",1923,"93",93,0.36243,FALSE,"observed"
"NL",1923,"94",94,0.38763,FALSE,"observed"
"NL",1923,"95",95,0.41344,FALSE,"observed"
"NL",1923,"96",96,0.43973,FALSE,"observed"
"NL",1923,"97",97,0.46635,FALSE,"observed"
"NL",1923,"98",98,0.49316,FALSE,"observed"
"NL",1923,"99",99,0.52001,FALSE,"observed"
"NL",1923,"100",100,0.54673,FALSE,"observed"
"NL",1923,"101",101,0.57319,FALSE,"observed"
"NL",1923,"102",102,0.59923,FALSE,"observed"
"NL",1923,"103",103,0.62471,FALSE,"observed"
"NL",1923,"104",104,0.64953,FALSE,"observed"
"NL",1923,"105",105,0.67356,FALSE,"observed"
"NL",1923,"106",106,0.69671,FALSE,"observed"
"NL",1923,"107",107,0.71891,FALSE,"observed"
"NL",1923,"108",108,0.74009,FALSE,"observed"
"NL",1923,"109",109,0.7602,FALSE,"observed"
"NL",1923,"110+",110,0.77923,FALSE,"observed"
"NL",1924,"0",0,0.06493,FALSE,"observed"
"NL",1924,"1",1,0.01241,FALSE,"observed"
"NL",1924,"2",2,0.00529,FALSE,"observed"
"NL",1924,"3",3,0.00318,FALSE,"observed"
"NL",1924,"4",4,0.00287,FALSE,"observed"
"NL",1924,"5",5,0.00207,FALSE,"observed"
"NL",1924,"6",6,0.00192,FALSE,"observed"
"NL",1924,"7",7,0.00144,FALSE,"observed"
"NL",1924,"8",8,0.00129,FALSE,"observed"
"NL",1924,"9",9,0.0013,FALSE,"observed"
"NL",1924,"10",10,0.00119,FALSE,"observed"
"NL",1924,"11",11,0.0012,FALSE,"observed"
"NL",1924,"12",12,0.00137,FALSE,"observed"
"NL",1924,"13",13,0.00133,FALSE,"observed"
"NL",1924,"14",14,0.00152,FALSE,"observed"
"NL",1924,"15",15,0.00163,FALSE,"observed"
"NL",1924,"16",16,0.00216,FALSE,"observed"
"NL",1924,"17",17,0.00235,FALSE,"observed"
"NL",1924,"18",18,0.00234,FALSE,"observed"
"NL",1924,"19",19,0.00269,FALSE,"observed"
"NL",1924,"20",20,0.00283,FALSE,"observed"
"NL",1924,"21",21,0.00284,FALSE,"observed"
"NL",1924,"22",22,0.00282,FALSE,"observed"
"NL",1924,"23",23,0.00309,FALSE,"observed"
"NL",1924,"24",24,0.00273,FALSE,"observed"
"NL",1924,"25",25,0.00305,FALSE,"observed"
"NL",1924,"26",26,0.00328,FALSE,"observed"
"NL",1924,"27",27,0.00287,FALSE,"observed"
"NL",1924,"28",28,0.00297,FALSE,"observed"
"NL",1924,"29",29,0.00297,FALSE,"observed"
"NL",1924,"30",30,0.00307,FALSE,"observed"
"NL",1924,"31",31,0.0029,FALSE,"observed"
"NL",1924,"32",32,0.00325,FALSE,"observed"
"NL",1924,"33",33,0.00344,FALSE,"observed"
"NL",1924,"34",34,0.00334,FALSE,"observed"
"NL",1924,"35",35,0.0035,FALSE,"observed"
"NL",1924,"36",36,0.00352,FALSE,"observed"
"NL",1924,"37",37,0.00387,FALSE,"observed"
"NL",1924,"38",38,0.00407,FALSE,"observed"
"NL",1924,"39",39,0.00401,FALSE,"observed"
"NL",1924,"40",40,0.00442,FALSE,"observed"
"NL",1924,"41",41,0.00465,FALSE,"observed"
"NL",1924,"42",42,0.00514,FALSE,"observed"
"NL",1924,"43",43,0.00497,FALSE,"observed"
"NL",1924,"44",44,0.00551,FALSE,"observed"
"NL",1924,"45",45,0.00564,FALSE,"observed"
"NL",1924,"46",46,0.00577,FALSE,"observed"
"NL",1924,"47",47,0.00602,FALSE,"observed"
"NL",1924,"48",48,0.0066,FALSE,"observed"
"NL",1924,"49",49,0.00749,FALSE,"observed"
"NL",1924,"50",50,0.00776,FALSE,"observed"
"NL",1924,"51",51,0.0083,FALSE,"observed"
"NL",1924,"52",52,0.00966,FALSE,"observed"
"NL",1924,"53",53,0.00981,FALSE,"observed"
"NL",1924,"54",54,0.01128,FALSE,"observed"
"NL",1924,"55",55,0.01161,FALSE,"observed"
"NL",1924,"56",56,0.01269,FALSE,"observed"
"NL",1924,"57",57,0.01422,FALSE,"observed"
"NL",1924,"58",58,0.01492,FALSE,"observed"
"NL",1924,"59",59,0.0159,FALSE,"observed"
"NL",1924,"60",60,0.01733,FALSE,"observed"
"NL",1924,"61",61,0.01826,FALSE,"observed"
"NL",1924,"62",62,0.02104,FALSE,"observed"
"NL",1924,"63",63,0.02409,FALSE,"observed"
"NL",1924,"64",64,0.02586,FALSE,"observed"
"NL",1924,"65",65,0.02789,FALSE,"observed"
"NL",1924,"66",66,0.0321,FALSE,"observed"
"NL",1924,"67",67,0.03556,FALSE,"observed"
"NL",1924,"68",68,0.03954,FALSE,"observed"
"NL",1924,"69",69,0.04116,FALSE,"observed"
"NL",1924,"70",70,0.04707,FALSE,"observed"
"NL",1924,"71",71,0.0503,FALSE,"observed"
"NL",1924,"72",72,0.05884,FALSE,"observed"
"NL",1924,"73",73,0.06143,FALSE,"observed"
"NL",1924,"74",74,0.06955,FALSE,"observed"
"NL",1924,"75",75,0.07595,FALSE,"observed"
"NL",1924,"76",76,0.08092,FALSE,"observed"
"NL",1924,"77",77,0.08968,FALSE,"observed"
"NL",1924,"78",78,0.10154,FALSE,"observed"
"NL",1924,"79",79,0.11306,FALSE,"observed"
"NL",1924,"80",80,0.1203,FALSE,"observed"
"NL",1924,"81",81,0.1369,FALSE,"observed"
"NL",1924,"82",82,0.13807,FALSE,"observed"
"NL",1924,"83",83,0.15336,FALSE,"observed"
"NL",1924,"84",84,0.17912,FALSE,"observed"
"NL",1924,"85",85,0.18975,FALSE,"observed"
"NL",1924,"86",86,0.20416,FALSE,"observed"
"NL",1924,"87",87,0.23904,FALSE,"observed"
"NL",1924,"88",88,0.24236,FALSE,"observed"
"NL",1924,"89",89,0.2569,FALSE,"observed"
"NL",1924,"90",90,0.31058,FALSE,"observed"
"NL",1924,"91",91,0.31231,FALSE,"observed"
"NL",1924,"92",92,0.33627,FALSE,"observed"
"NL",1924,"93",93,0.36108,FALSE,"observed"
"NL",1924,"94",94,0.38665,FALSE,"observed"
"NL",1924,"95",95,0.41284,FALSE,"observed"
"NL",1924,"96",96,0.43953,FALSE,"observed"
"NL",1924,"97",97,0.46656,FALSE,"observed"
"NL",1924,"98",98,0.49377,FALSE,"observed"
"NL",1924,"99",99,0.52101,FALSE,"observed"
"NL",1924,"100",100,0.54812,FALSE,"observed"
"NL",1924,"101",101,0.57493,FALSE,"observed"
"NL",1924,"102",102,0.60131,FALSE,"observed"
"NL",1924,"103",103,0.62709,FALSE,"observed"
"NL",1924,"104",104,0.65218,FALSE,"observed"
"NL",1924,"105",105,0.67643,FALSE,"observed"
"NL",1924,"106",106,0.69978,FALSE,"observed"
"NL",1924,"107",107,0.72212,FALSE,"observed"
"NL",1924,"108",108,0.74341,FALSE,"observed"
"NL",1924,"109",109,0.76361,FALSE,"observed"
"NL",1924,"110+",110,0.78267,FALSE,"observed"
"NL",1925,"0",0,0.05985,FALSE,"observed"
"NL",1925,"1",1,0.01423,FALSE,"observed"
"NL",1925,"2",2,0.00563,FALSE,"observed"
"NL",1925,"3",3,0.00379,FALSE,"observed"
"NL",1925,"4",4,0.00307,FALSE,"observed"
"NL",1925,"5",5,0.00239,FALSE,"observed"
"NL",1925,"6",6,0.00196,FALSE,"observed"
"NL",1925,"7",7,0.00186,FALSE,"observed"
"NL",1925,"8",8,0.00135,FALSE,"observed"
"NL",1925,"9",9,0.00114,FALSE,"observed"
"NL",1925,"10",10,0.0012,FALSE,"observed"
"NL",1925,"11",11,0.00122,FALSE,"observed"
"NL",1925,"12",12,0.00139,FALSE,"observed"
"NL",1925,"13",13,0.00137,FALSE,"observed"
"NL",1925,"14",14,0.00151,FALSE,"observed"
"NL",1925,"15",15,0.0018,FALSE,"observed"
"NL",1925,"16",16,0.00215,FALSE,"observed"
"NL",1925,"17",17,0.00231,FALSE,"observed"
"NL",1925,"18",18,0.00249,FALSE,"observed"
"NL",1925,"19",19,0.00252,FALSE,"observed"
"NL",1925,"20",20,0.00258,FALSE,"observed"
"NL",1925,"21",21,0.00282,FALSE,"observed"
"NL",1925,"22",22,0.00276,FALSE,"observed"
"NL",1925,"23",23,0.00291,FALSE,"observed"
"NL",1925,"24",24,0.00257,FALSE,"observed"
"NL",1925,"25",25,0.00284,FALSE,"observed"
"NL",1925,"26",26,0.00334,FALSE,"observed"
"NL",1925,"27",27,0.00266,FALSE,"observed"
"NL",1925,"28",28,0.0027,FALSE,"observed"
"NL",1925,"29",29,0.00295,FALSE,"observed"
"NL",1925,"30",30,0.0031,FALSE,"observed"
"NL",1925,"31",31,0.00293,FALSE,"observed"
"NL",1925,"32",32,0.00308,FALSE,"observed"
"NL",1925,"33",33,0.00315,FALSE,"observed"
"NL",1925,"34",34,0.00325,FALSE,"observed"
"NL",1925,"35",35,0.00367,FALSE,"observed"
"NL",1925,"36",36,0.00305,FALSE,"observed"
"NL",1925,"37",37,0.00353,FALSE,"observed"
"NL",1925,"38",38,0.0041,FALSE,"observed"
"NL",1925,"39",39,0.00418,FALSE,"observed"
"NL",1925,"40",40,0.00423,FALSE,"observed"
"NL",1925,"41",41,0.00364,FALSE,"observed"
"NL",1925,"42",42,0.00488,FALSE,"observed"
"NL",1925,"43",43,0.00469,FALSE,"observed"
"NL",1925,"44",44,0.00507,FALSE,"observed"
"NL",1925,"45",45,0.00521,FALSE,"observed"
"NL",1925,"46",46,0.00548,FALSE,"observed"
"NL",1925,"47",47,0.00672,FALSE,"observed"
"NL",1925,"48",48,0.00625,FALSE,"observed"
"NL",1925,"49",49,0.00726,FALSE,"observed"
"NL",1925,"50",50,0.00717,FALSE,"observed"
"NL",1925,"51",51,0.00879,FALSE,"observed"
"NL",1925,"52",52,0.00918,FALSE,"observed"
"NL",1925,"53",53,0.00971,FALSE,"observed"
"NL",1925,"54",54,0.01084,FALSE,"observed"
"NL",1925,"55",55,0.01155,FALSE,"observed"
"NL",1925,"56",56,0.01223,FALSE,"observed"
"NL",1925,"57",57,0.01391,FALSE,"observed"
"NL",1925,"58",58,0.01415,FALSE,"observed"
"NL",1925,"59",59,0.01573,FALSE,"observed"
"NL",1925,"60",60,0.01795,FALSE,"observed"
"NL",1925,"61",61,0.02025,FALSE,"observed"
"NL",1925,"62",62,0.02179,FALSE,"observed"
"NL",1925,"63",63,0.02392,FALSE,"observed"
"NL",1925,"64",64,0.02463,FALSE,"observed"
"NL",1925,"65",65,0.02776,FALSE,"observed"
"NL",1925,"66",66,0.03035,FALSE,"observed"
"NL",1925,"67",67,0.03633,FALSE,"observed"
"NL",1925,"68",68,0.03716,FALSE,"observed"
"NL",1925,"69",69,0.04216,FALSE,"observed"
"NL",1925,"70",70,0.04722,FALSE,"observed"
"NL",1925,"71",71,0.05119,FALSE,"observed"
"NL",1925,"72",72,0.05675,FALSE,"observed"
"NL",1925,"73",73,0.06394,FALSE,"observed"
"NL",1925,"74",74,0.06782,FALSE,"observed"
"NL",1925,"75",75,0.07495,FALSE,"observed"
"NL",1925,"76",76,0.08724,FALSE,"observed"
"NL",1925,"77",77,0.09657,FALSE,"observed"
"NL",1925,"78",78,0.10041,FALSE,"observed"
"NL",1925,"79",79,0.1116,FALSE,"observed"
"NL",1925,"80",80,0.11968,FALSE,"observed"
"NL",1925,"81",81,0.13791,FALSE,"observed"
"NL",1925,"82",82,0.14224,FALSE,"observed"
"NL",1925,"83",83,0.15998,FALSE,"observed"
"NL",1925,"84",84,0.17813,FALSE,"observed"
"NL",1925,"85",85,0.19491,FALSE,"observed"
"NL",1925,"86",86,0.21371,FALSE,"observed"
"NL",1925,"87",87,0.22284,FALSE,"observed"
"NL",1925,"88",88,0.25329,FALSE,"observed"
"NL",1925,"89",89,0.25619,FALSE,"observed"
"NL",1925,"90",90,0.30177,FALSE,"observed"
"NL",1925,"91",91,0.33296,FALSE,"observed"
"NL",1925,"92",92,0.35039,FALSE,"observed"
"NL",1925,"93",93,0.3769,FALSE,"observed"
"NL",1925,"94",94,0.40416,FALSE,"observed"
"NL",1925,"95",95,0.43202,FALSE,"observed"
"NL",1925,"96",96,0.4603,FALSE,"observed"
"NL",1925,"97",97,0.48882,FALSE,"observed"
"NL",1925,"98",98,0.51741,FALSE,"observed"
"NL",1925,"99",99,0.54588,FALSE,"observed"
"NL",1925,"100",100,0.57405,FALSE,"observed"
"NL",1925,"101",101,0.60173,FALSE,"observed"
"NL",1925,"102",102,0.62878,FALSE,"observed"
"NL",1925,"103",103,0.65503,FALSE,"observed"
"NL",1925,"104",104,0.68036,FALSE,"observed"
"NL",1925,"105",105,0.70467,FALSE,"observed"
"NL",1925,"106",106,0.72787,FALSE,"observed"
"NL",1925,"107",107,0.74988,FALSE,"observed"
"NL",1925,"108",108,0.77068,FALSE,"observed"
"NL",1925,"109",109,0.79022,FALSE,"observed"
"NL",1925,"110+",110,0.80852,FALSE,"observed"
"NL",1926,"0",0,0.06335,FALSE,"observed"
"NL",1926,"1",1,0.01484,FALSE,"observed"
"NL",1926,"2",2,0.00617,FALSE,"observed"
"NL",1926,"3",3,0.00402,FALSE,"observed"
"NL",1926,"4",4,0.00302,FALSE,"observed"
"NL",1926,"5",5,0.0024,FALSE,"observed"
"NL",1926,"6",6,0.00192,FALSE,"observed"
"NL",1926,"7",7,0.00157,FALSE,"observed"
"NL",1926,"8",8,0.00148,FALSE,"observed"
"NL",1926,"9",9,0.00137,FALSE,"observed"
"NL",1926,"10",10,0.00108,FALSE,"observed"
"NL",1926,"11",11,0.00121,FALSE,"observed"
"NL",1926,"12",12,0.00118,FALSE,"observed"
"NL",1926,"13",13,0.00125,FALSE,"observed"
"NL",1926,"14",14,0.00151,FALSE,"observed"
"NL",1926,"15",15,0.00158,FALSE,"observed"
"NL",1926,"16",16,0.00191,FALSE,"observed"
"NL",1926,"17",17,0.00215,FALSE,"observed"
"NL",1926,"18",18,0.00226,FALSE,"observed"
"NL",1926,"19",19,0.00266,FALSE,"observed"
"NL",1926,"20",20,0.00252,FALSE,"observed"
"NL",1926,"21",21,0.00256,FALSE,"observed"
"NL",1926,"22",22,0.0026,FALSE,"observed"
"NL",1926,"23",23,0.00292,FALSE,"observed"
"NL",1926,"24",24,0.00272,FALSE,"observed"
"NL",1926,"25",25,0.00253,FALSE,"observed"
"NL",1926,"26",26,0.00287,FALSE,"observed"
"NL",1926,"27",27,0.00268,FALSE,"observed"
"NL",1926,"28",28,0.00284,FALSE,"observed"
"NL",1926,"29",29,0.00279,FALSE,"observed"
"NL",1926,"30",30,0.00286,FALSE,"observed"
"NL",1926,"31",31,0.0032,FALSE,"observed"
"NL",1926,"32",32,0.00292,FALSE,"observed"
"NL",1926,"33",33,0.00293,FALSE,"observed"
"NL",1926,"34",34,0.00293,FALSE,"observed"
"NL",1926,"35",35,0.00314,FALSE,"observed"
"NL",1926,"36",36,0.00355,FALSE,"observed"
"NL",1926,"37",37,0.00353,FALSE,"observed"
"NL",1926,"38",38,0.00419,FALSE,"observed"
"NL",1926,"39",39,0.00368,FALSE,"observed"
"NL",1926,"40",40,0.004,FALSE,"observed"
"NL",1926,"41",41,0.00419,FALSE,"observed"
"NL",1926,"42",42,0.00387,FALSE,"observed"
"NL",1926,"43",43,0.00461,FALSE,"observed"
"NL",1926,"44",44,0.00488,FALSE,"observed"
"NL",1926,"45",45,0.00516,FALSE,"observed"
"NL",1926,"46",46,0.00611,FALSE,"observed"
"NL",1926,"47",47,0.00615,FALSE,"observed"
"NL",1926,"48",48,0.00618,FALSE,"observed"
"NL",1926,"49",49,0.00738,FALSE,"observed"
"NL",1926,"50",50,0.00734,FALSE,"observed"
"NL",1926,"51",51,0.00875,FALSE,"observed"
"NL",1926,"52",52,0.00964,FALSE,"observed"
"NL",1926,"53",53,0.00939,FALSE,"observed"
"NL",1926,"54",54,0.01142,FALSE,"observed"
"NL",1926,"55",55,0.01102,FALSE,"observed"
"NL",1926,"56",56,0.012,FALSE,"observed"
"NL",1926,"57",57,0.01418,FALSE,"observed"
"NL",1926,"58",58,0.0142,FALSE,"observed"
"NL",1926,"59",59,0.01582,FALSE,"observed"
"NL",1926,"60",60,0.01792,FALSE,"observed"
"NL",1926,"61",61,0.01888,FALSE,"observed"
"NL",1926,"62",62,0.02037,FALSE,"observed"
"NL",1926,"63",63,0.02308,FALSE,"observed"
"NL",1926,"64",64,0.02676,FALSE,"observed"
"NL",1926,"65",65,0.02838,FALSE,"observed"
"NL",1926,"66",66,0.03237,FALSE,"observed"
"NL",1926,"67",67,0.03561,FALSE,"observed"
"NL",1926,"68",68,0.03727,FALSE,"observed"
"NL",1926,"69",69,0.04123,FALSE,"observed"
"NL",1926,"70",70,0.04729,FALSE,"observed"
"NL",1926,"71",71,0.05211,FALSE,"observed"
"NL",1926,"72",72,0.05439,FALSE,"observed"
"NL",1926,"73",73,0.06207,FALSE,"observed"
"NL",1926,"74",74,0.07073,FALSE,"observed"
"NL",1926,"75",75,0.07732,FALSE,"observed"
"NL",1926,"76",76,0.08892,FALSE,"observed"
"NL",1926,"77",77,0.0895,FALSE,"observed"
"NL",1926,"78",78,0.09987,FALSE,"observed"
"NL",1926,"79",79,0.11396,FALSE,"observed"
"NL",1926,"80",80,0.12318,FALSE,"observed"
"NL",1926,"81",81,0.13502,FALSE,"observed"
"NL",1926,"82",82,0.14557,FALSE,"observed"
"NL",1926,"83",83,0.1662,FALSE,"observed"
"NL",1926,"84",84,0.18331,FALSE,"observed"
"NL",1926,"85",85,0.1841,FALSE,"observed"
"NL",1926,"86",86,0.20802,FALSE,"observed"
"NL",1926,"87",87,0.23581,FALSE,"observed"
"NL",1926,"88",88,0.25624,FALSE,"observed"
"NL",1926,"89",89,0.2558,FALSE,"observed"
"NL",1926,"90",90,0.27714,FALSE,"observed"
"NL",1926,"91",91,0.32147,FALSE,"observed"
"NL",1926,"92",92,0.32828,FALSE,"observed"
"NL",1926,"93",93,0.35114,FALSE,"observed"
"NL",1926,"94",94,0.37464,FALSE,"observed"
"NL",1926,"95",95,0.3987,FALSE,"observed"
"NL",1926,"96",96,0.42319,FALSE,"observed"
"NL",1926,"97",97,0.448,FALSE,"observed"
"NL",1926,"98",98,0.473,FALSE,"observed"
"NL",1926,"99",99,0.49808,FALSE,"observed"
"NL",1926,"100",100,0.5231,FALSE,"observed"
"NL",1926,"101",101,0.54794,FALSE,"observed"
"NL",1926,"102",102,0.57249,FALSE,"observed"
"NL",1926,"103",103,0.59662,FALSE,"observed"
"NL",1926,"104",104,0.62024,FALSE,"observed"
"NL",1926,"105",105,0.64324,FALSE,"observed"
"NL",1926,"106",106,0.66556,FALSE,"observed"
"NL",1926,"107",107,0.68711,FALSE,"observed"
"NL",1926,"108",108,0.70784,FALSE,"observed"
"NL",1926,"109",109,0.7277,FALSE,"observed"
"NL",1926,"110+",110,0.74667,FALSE,"observed"
"NL",1927,"0",0,0.06041,FALSE,"observed"
"NL",1927,"1",1,0.01495,FALSE,"observed"
"NL",1927,"2",2,0.0061,FALSE,"observed"
"NL",1927,"3",3,0.00389,FALSE,"observed"
"NL",1927,"4",4,0.00314,FALSE,"observed"
"NL",1927,"5",5,0.00255,FALSE,"observed"
"NL",1927,"6",6,0.00199,FALSE,"observed"
"NL",1927,"7",7,0.00168,FALSE,"observed"
"NL",1927,"8",8,0.00136,FALSE,"observed"
"NL",1927,"9",9,0.00135,FALSE,"observed"
"NL",1927,"10",10,0.00132,FALSE,"observed"
"NL",1927,"11",11,0.00114,FALSE,"observed"
"NL",1927,"12",12,0.00117,FALSE,"observed"
"NL",1927,"13",13,0.00121,FALSE,"observed"
"NL",1927,"14",14,0.00141,FALSE,"observed"
"NL",1927,"15",15,0.00165,FALSE,"observed"
"NL",1927,"16",16,0.0017,FALSE,"observed"
"NL",1927,"17",17,0.00231,FALSE,"observed"
"NL",1927,"18",18,0.00255,FALSE,"observed"
"NL",1927,"19",19,0.00241,FALSE,"observed"
"NL",1927,"20",20,0.00254,FALSE,"observed"
"NL",1927,"21",21,0.00263,FALSE,"observed"
"NL",1927,"22",22,0.00253,FALSE,"observed"
"NL",1927,"23",23,0.00287,FALSE,"observed"
"NL",1927,"24",24,0.00277,FALSE,"observed"
"NL",1927,"25",25,0.00288,FALSE,"observed"
"NL",1927,"26",26,0.00276,FALSE,"observed"
"NL",1927,"27",27,0.00276,FALSE,"observed"
"NL",1927,"28",28,0.00286,FALSE,"observed"
"NL",1927,"29",29,0.00285,FALSE,"observed"
"NL",1927,"30",30,0.00266,FALSE,"observed"
"NL",1927,"31",31,0.00302,FALSE,"observed"
"NL",1927,"32",32,0.00279,FALSE,"observed"
"NL",1927,"33",33,0.00324,FALSE,"observed"
"NL",1927,"34",34,0.0032,FALSE,"observed"
"NL",1927,"35",35,0.00337,FALSE,"observed"
"NL",1927,"36",36,0.00357,FALSE,"observed"
"NL",1927,"37",37,0.00364,FALSE,"observed"
"NL",1927,"38",38,0.00422,FALSE,"observed"
"NL",1927,"39",39,0.00384,FALSE,"observed"
"NL",1927,"40",40,0.00406,FALSE,"observed"
"NL",1927,"41",41,0.00498,FALSE,"observed"
"NL",1927,"42",42,0.0044,FALSE,"observed"
"NL",1927,"43",43,0.00487,FALSE,"observed"
"NL",1927,"44",44,0.0051,FALSE,"observed"
"NL",1927,"45",45,0.00575,FALSE,"observed"
"NL",1927,"46",46,0.00535,FALSE,"observed"
"NL",1927,"47",47,0.00647,FALSE,"observed"
"NL",1927,"48",48,0.00683,FALSE,"observed"
"NL",1927,"49",49,0.00749,FALSE,"observed"
"NL",1927,"50",50,0.00813,FALSE,"observed"
"NL",1927,"51",51,0.00832,FALSE,"observed"
"NL",1927,"52",52,0.00919,FALSE,"observed"
"NL",1927,"53",53,0.00957,FALSE,"observed"
"NL",1927,"54",54,0.01042,FALSE,"observed"
"NL",1927,"55",55,0.01196,FALSE,"observed"
"NL",1927,"56",56,0.01282,FALSE,"observed"
"NL",1927,"57",57,0.0136,FALSE,"observed"
"NL",1927,"58",58,0.01556,FALSE,"observed"
"NL",1927,"59",59,0.01574,FALSE,"observed"
"NL",1927,"60",60,0.01882,FALSE,"observed"
"NL",1927,"61",61,0.0191,FALSE,"observed"
"NL",1927,"62",62,0.02076,FALSE,"observed"
"NL",1927,"63",63,0.02531,FALSE,"observed"
"NL",1927,"64",64,0.02789,FALSE,"observed"
"NL",1927,"65",65,0.02905,FALSE,"observed"
"NL",1927,"66",66,0.03298,FALSE,"observed"
"NL",1927,"67",67,0.03882,FALSE,"observed"
"NL",1927,"68",68,0.0422,FALSE,"observed"
"NL",1927,"69",69,0.04312,FALSE,"observed"
"NL",1927,"70",70,0.05203,FALSE,"observed"
"NL",1927,"71",71,0.05561,FALSE,"observed"
"NL",1927,"72",72,0.06132,FALSE,"observed"
"NL",1927,"73",73,0.06615,FALSE,"observed"
"NL",1927,"74",74,0.0771,FALSE,"observed"
"NL",1927,"75",75,0.08244,FALSE,"observed"
"NL",1927,"76",76,0.09576,FALSE,"observed"
"NL",1927,"77",77,0.10347,FALSE,"observed"
"NL",1927,"78",78,0.1089,FALSE,"observed"
"NL",1927,"79",79,0.12536,FALSE,"observed"
"NL",1927,"80",80,0.13311,FALSE,"observed"
"NL",1927,"81",81,0.15295,FALSE,"observed"
"NL",1927,"82",82,0.16342,FALSE,"observed"
"NL",1927,"83",83,0.17909,FALSE,"observed"
"NL",1927,"84",84,0.20522,FALSE,"observed"
"NL",1927,"85",85,0.21956,FALSE,"observed"
"NL",1927,"86",86,0.24355,FALSE,"observed"
"NL",1927,"87",87,0.25905,FALSE,"observed"
"NL",1927,"88",88,0.2951,FALSE,"observed"
"NL",1927,"89",89,0.29055,FALSE,"observed"
"NL",1927,"90",90,0.34651,FALSE,"observed"
"NL",1927,"91",91,0.32269,FALSE,"observed"
"NL",1927,"92",92,0.38755,FALSE,"observed"
"NL",1927,"93",93,0.41515,FALSE,"observed"
"NL",1927,"94",94,0.44323,FALSE,"observed"
"NL",1927,"95",95,0.47159,FALSE,"observed"
"NL",1927,"96",96,0.50005,FALSE,"observed"
"NL",1927,"97",97,0.52843,FALSE,"observed"
"NL",1927,"98",98,0.55655,FALSE,"observed"
"NL",1927,"99",99,0.58423,FALSE,"observed"
"NL",1927,"100",100,0.6113,FALSE,"observed"
"NL",1927,"101",101,0.63764,FALSE,"observed"
"NL",1927,"102",102,0.6631,FALSE,"observed"
"NL",1927,"103",103,0.68759,FALSE,"observed"
"NL",1927,"104",104,0.71102,FALSE,"observed"
"NL",1927,"105",105,0.73332,FALSE,"observed"
"NL",1927,"106",106,0.75445,FALSE,"observed"
"NL",1927,"107",107,0.77439,FALSE,"observed"
"NL",1927,"108",108,0.79311,FALSE,"observed"
"NL",1927,"109",109,0.81064,FALSE,"observed"
"NL",1927,"110+",110,0.82699,FALSE,"observed"
"NL",1928,"0",0,0.05471,FALSE,"observed"
"NL",1928,"1",1,0.01161,FALSE,"observed"
"NL",1928,"2",2,0.00532,FALSE,"observed"
"NL",1928,"3",3,0.00359,FALSE,"observed"
"NL",1928,"4",4,0.00262,FALSE,"observed"
"NL",1928,"5",5,0.00227,FALSE,"observed"
"NL",1928,"6",6,0.00208,FALSE,"observed"
"NL",1928,"7",7,0.00191,FALSE,"observed"
"NL",1928,"8",8,0.00155,FALSE,"observed"
"NL",1928,"9",9,0.00129,FALSE,"observed"
"NL",1928,"10",10,0.00117,FALSE,"observed"
"NL",1928,"11",11,0.00115,FALSE,"observed"
"NL",1928,"12",12,0.0011,FALSE,"observed"
"NL",1928,"13",13,0.00135,FALSE,"observed"
"NL",1928,"14",14,0.00158,FALSE,"observed"
"NL",1928,"15",15,0.00161,FALSE,"observed"
"NL",1928,"16",16,0.00193,FALSE,"observed"
"NL",1928,"17",17,0.00186,FALSE,"observed"
"NL",1928,"18",18,0.00228,FALSE,"observed"
"NL",1928,"19",19,0.00232,FALSE,"observed"
"NL",1928,"20",20,0.00265,FALSE,"observed"
"NL",1928,"21",21,0.00252,FALSE,"observed"
"NL",1928,"22",22,0.00275,FALSE,"observed"
"NL",1928,"23",23,0.00235,FALSE,"observed"
"NL",1928,"24",24,0.00258,FALSE,"observed"
"NL",1928,"25",25,0.00248,FALSE,"observed"
"NL",1928,"26",26,0.00243,FALSE,"observed"
"NL",1928,"27",27,0.00264,FALSE,"observed"
"NL",1928,"28",28,0.0029,FALSE,"observed"
"NL",1928,"29",29,0.00304,FALSE,"observed"
"NL",1928,"30",30,0.00266,FALSE,"observed"
"NL",1928,"31",31,0.00292,FALSE,"observed"
"NL",1928,"32",32,0.00327,FALSE,"observed"
"NL",1928,"33",33,0.00291,FALSE,"observed"
"NL",1928,"34",34,0.00284,FALSE,"observed"
"NL",1928,"35",35,0.00319,FALSE,"observed"
"NL",1928,"36",36,0.00351,FALSE,"observed"
"NL",1928,"37",37,0.00368,FALSE,"observed"
"NL",1928,"38",38,0.0038,FALSE,"observed"
"NL",1928,"39",39,0.00389,FALSE,"observed"
"NL",1928,"40",40,0.00437,FALSE,"observed"
"NL",1928,"41",41,0.00452,FALSE,"observed"
"NL",1928,"42",42,0.00443,FALSE,"observed"
"NL",1928,"43",43,0.00487,FALSE,"observed"
"NL",1928,"44",44,0.00461,FALSE,"observed"
"NL",1928,"45",45,0.00499,FALSE,"observed"
"NL",1928,"46",46,0.00546,FALSE,"observed"
"NL",1928,"47",47,0.00604,FALSE,"observed"
"NL",1928,"48",48,0.00664,FALSE,"observed"
"NL",1928,"49",49,0.00704,FALSE,"observed"
"NL",1928,"50",50,0.00799,FALSE,"observed"
"NL",1928,"51",51,0.0081,FALSE,"observed"
"NL",1928,"52",52,0.00906,FALSE,"observed"
"NL",1928,"53",53,0.00918,FALSE,"observed"
"NL",1928,"54",54,0.01092,FALSE,"observed"
"NL",1928,"55",55,0.01124,FALSE,"observed"
"NL",1928,"56",56,0.0128,FALSE,"observed"
"NL",1928,"57",57,0.01381,FALSE,"observed"
"NL",1928,"58",58,0.0155,FALSE,"observed"
"NL",1928,"59",59,0.01619,FALSE,"observed"
"NL",1928,"60",60,0.01891,FALSE,"observed"
"NL",1928,"61",61,0.01958,FALSE,"observed"
"NL",1928,"62",62,0.02339,FALSE,"observed"
"NL",1928,"63",63,0.02307,FALSE,"observed"
"NL",1928,"64",64,0.02644,FALSE,"observed"
"NL",1928,"65",65,0.02915,FALSE,"observed"
"NL",1928,"66",66,0.03252,FALSE,"observed"
"NL",1928,"67",67,0.03562,FALSE,"observed"
"NL",1928,"68",68,0.03945,FALSE,"observed"
"NL",1928,"69",69,0.04406,FALSE,"observed"
"NL",1928,"70",70,0.04543,FALSE,"observed"
"NL",1928,"71",71,0.05378,FALSE,"observed"
"NL",1928,"72",72,0.05866,FALSE,"observed"
"NL",1928,"73",73,0.06389,FALSE,"observed"
"NL",1928,"74",74,0.07066,FALSE,"observed"
"NL",1928,"75",75,0.07694,FALSE,"observed"
"NL",1928,"76",76,0.08464,FALSE,"observed"
"NL",1928,"77",77,0.09536,FALSE,"observed"
"NL",1928,"78",78,0.09909,FALSE,"observed"
"NL",1928,"79",79,0.11613,FALSE,"observed"
"NL",1928,"80",80,0.1249,FALSE,"observed"
"NL",1928,"81",81,0.14018,FALSE,"observed"
"NL",1928,"82",82,0.14616,FALSE,"observed"
"NL",1928,"83",83,0.16837,FALSE,"observed"
"NL",1928,"84",84,0.17535,FALSE,"observed"
"NL",1928,"85",85,0.20293,FALSE,"observed"
"NL",1928,"86",86,0.21261,FALSE,"observed"
"NL",1928,"87",87,0.22364,FALSE,"observed"
"NL",1928,"88",88,0.24304,FALSE,"observed"
"NL",1928,"89",89,0.28021,FALSE,"observed"
"NL",1928,"90",90,0.29185,FALSE,"observed"
"NL",1928,"91",91,0.32164,FALSE,"observed"
"NL",1928,"92",92,0.34125,FALSE,"observed"
"NL",1928,"93",93,0.36572,FALSE,"observed"
"NL",1928,"94",94,0.39088,FALSE,"observed"
"NL",1928,"95",95,0.41662,FALSE,"observed"
"NL",1928,"96",96,0.44281,FALSE,"observed"
"NL",1928,"97",97,0.4693,FALSE,"observed"
"NL",1928,"98",98,0.49595,FALSE,"observed"
"NL",1928,"99",99,0.52261,FALSE,"observed"
"NL",1928,"100",100,0.54913,FALSE,"observed"
"NL",1928,"101",101,0.57536,FALSE,"observed"
"NL",1928,"102",102,0.60115,FALSE,"observed"
"NL",1928,"103",103,0.62639,FALSE,"observed"
"NL",1928,"104",104,0.65095,FALSE,"observed"
"NL",1928,"105",105,0.67472,FALSE,"observed"
"NL",1928,"106",106,0.69762,FALSE,"observed"
"NL",1928,"107",107,0.71957,FALSE,"observed"
"NL",1928,"108",108,0.74051,FALSE,"observed"
"NL",1928,"109",109,0.76041,FALSE,"observed"
"NL",1928,"110+",110,0.77924,FALSE,"observed"
"NL",1929,"0",0,0.06069,FALSE,"observed"
"NL",1929,"1",1,0.01353,FALSE,"observed"
"NL",1929,"2",2,0.00576,FALSE,"observed"
"NL",1929,"3",3,0.0037,FALSE,"observed"
"NL",1929,"4",4,0.00292,FALSE,"observed"
"NL",1929,"5",5,0.00235,FALSE,"observed"
"NL",1929,"6",6,0.00212,FALSE,"observed"
"NL",1929,"7",7,0.00184,FALSE,"observed"
"NL",1929,"8",8,0.00151,FALSE,"observed"
"NL",1929,"9",9,0.00147,FALSE,"observed"
"NL",1929,"10",10,0.00129,FALSE,"observed"
"NL",1929,"11",11,0.00126,FALSE,"observed"
"NL",1929,"12",12,0.00103,FALSE,"observed"
"NL",1929,"13",13,0.00128,FALSE,"observed"
"NL",1929,"14",14,0.00137,FALSE,"observed"
"NL",1929,"15",15,0.00172,FALSE,"observed"
"NL",1929,"16",16,0.0019,FALSE,"observed"
"NL",1929,"17",17,0.00233,FALSE,"observed"
"NL",1929,"18",18,0.00228,FALSE,"observed"
"NL",1929,"19",19,0.00238,FALSE,"observed"
"NL",1929,"20",20,0.00284,FALSE,"observed"
"NL",1929,"21",21,0.00303,FALSE,"observed"
"NL",1929,"22",22,0.00264,FALSE,"observed"
"NL",1929,"23",23,0.00277,FALSE,"observed"
"NL",1929,"24",24,0.00261,FALSE,"observed"
"NL",1929,"25",25,0.00288,FALSE,"observed"
"NL",1929,"26",26,0.00298,FALSE,"observed"
"NL",1929,"27",27,0.00284,FALSE,"observed"
"NL",1929,"28",28,0.00292,FALSE,"observed"
"NL",1929,"29",29,0.00312,FALSE,"observed"
"NL",1929,"30",30,0.0028,FALSE,"observed"
"NL",1929,"31",31,0.00292,FALSE,"observed"
"NL",1929,"32",32,0.00303,FALSE,"observed"
"NL",1929,"33",33,0.00322,FALSE,"observed"
"NL",1929,"34",34,0.00349,FALSE,"observed"
"NL",1929,"35",35,0.0034,FALSE,"observed"
"NL",1929,"36",36,0.00365,FALSE,"observed"
"NL",1929,"37",37,0.0038,FALSE,"observed"
"NL",1929,"38",38,0.00405,FALSE,"observed"
"NL",1929,"39",39,0.00444,FALSE,"observed"
"NL",1929,"40",40,0.00436,FALSE,"observed"
"NL",1929,"41",41,0.00446,FALSE,"observed"
"NL",1929,"42",42,0.00481,FALSE,"observed"
"NL",1929,"43",43,0.00481,FALSE,"observed"
"NL",1929,"44",44,0.00506,FALSE,"observed"
"NL",1929,"45",45,0.00548,FALSE,"observed"
"NL",1929,"46",46,0.00629,FALSE,"observed"
"NL",1929,"47",47,0.00619,FALSE,"observed"
"NL",1929,"48",48,0.00708,FALSE,"observed"
"NL",1929,"49",49,0.00798,FALSE,"observed"
"NL",1929,"50",50,0.00863,FALSE,"observed"
"NL",1929,"51",51,0.00921,FALSE,"observed"
"NL",1929,"52",52,0.00929,FALSE,"observed"
"NL",1929,"53",53,0.01124,FALSE,"observed"
"NL",1929,"54",54,0.01127,FALSE,"observed"
"NL",1929,"55",55,0.01215,FALSE,"observed"
"NL",1929,"56",56,0.0138,FALSE,"observed"
"NL",1929,"57",57,0.01497,FALSE,"observed"
"NL",1929,"58",58,0.01605,FALSE,"observed"
"NL",1929,"59",59,0.01761,FALSE,"observed"
"NL",1929,"60",60,0.01773,FALSE,"observed"
"NL",1929,"61",61,0.02093,FALSE,"observed"
"NL",1929,"62",62,0.02381,FALSE,"observed"
"NL",1929,"63",63,0.02741,FALSE,"observed"
"NL",1929,"64",64,0.02763,FALSE,"observed"
"NL",1929,"65",65,0.0319,FALSE,"observed"
"NL",1929,"66",66,0.03547,FALSE,"observed"
"NL",1929,"67",67,0.03783,FALSE,"observed"
"NL",1929,"68",68,0.04199,FALSE,"observed"
"NL",1929,"69",69,0.05034,FALSE,"observed"
"NL",1929,"70",70,0.05159,FALSE,"observed"
"NL",1929,"71",71,0.06071,FALSE,"observed"
"NL",1929,"72",72,0.06712,FALSE,"observed"
"NL",1929,"73",73,0.0721,FALSE,"observed"
"NL",1929,"74",74,0.08073,FALSE,"observed"
"NL",1929,"75",75,0.09243,FALSE,"observed"
"NL",1929,"76",76,0.10258,FALSE,"observed"
"NL",1929,"77",77,0.10792,FALSE,"observed"
"NL",1929,"78",78,0.12099,FALSE,"observed"
"NL",1929,"79",79,0.13536,FALSE,"observed"
"NL",1929,"80",80,0.1457,FALSE,"observed"
"NL",1929,"81",81,0.16457,FALSE,"observed"
"NL",1929,"82",82,0.17456,FALSE,"observed"
"NL",1929,"83",83,0.19705,FALSE,"observed"
"NL",1929,"84",84,0.21179,FALSE,"observed"
"NL",1929,"85",85,0.23364,FALSE,"observed"
"NL",1929,"86",86,0.25165,FALSE,"observed"
"NL",1929,"87",87,0.27309,FALSE,"observed"
"NL",1929,"88",88,0.3213,FALSE,"observed"
"NL",1929,"89",89,0.34119,FALSE,"observed"
"NL",1929,"90",90,0.36505,FALSE,"observed"
"NL",1929,"91",91,0.35615,FALSE,"observed"
"NL",1929,"92",92,0.46392,FALSE,"observed"
"NL",1929,"93",93,0.44112,FALSE,"observed"
"NL",1929,"94",94,0.47065,FALSE,"observed"
"NL",1929,"95",95,0.50045,FALSE,"observed"
"NL",1929,"96",96,0.53031,FALSE,"observed"
"NL",1929,"97",97,0.56002,FALSE,"observed"
"NL",1929,"98",98,0.58936,FALSE,"observed"
"NL",1929,"99",99,0.61814,FALSE,"observed"
"NL",1929,"100",100,0.64618,FALSE,"observed"
"NL",1929,"101",101,0.6733,FALSE,"observed"
"NL",1929,"102",102,0.69937,FALSE,"observed"
"NL",1929,"103",103,0.72426,FALSE,"observed"
"NL",1929,"104",104,0.74789,FALSE,"observed"
"NL",1929,"105",105,0.77019,FALSE,"observed"
"NL",1929,"106",106,0.79111,FALSE,"observed"
"NL",1929,"107",107,0.81064,FALSE,"observed"
"NL",1929,"108",108,0.82878,FALSE,"observed"
"NL",1929,"109",109,0.84556,FALSE,"observed"
"NL",1929,"110+",110,0.861,FALSE,"observed"
"NL",1930,"0",0,0.05371,FALSE,"observed"
"NL",1930,"1",1,0.00992,FALSE,"observed"
"NL",1930,"2",2,0.00477,FALSE,"observed"
"NL",1930,"3",3,0.00316,FALSE,"observed"
"NL",1930,"4",4,0.00278,FALSE,"observed"
"NL",1930,"5",5,0.00203,FALSE,"observed"
"NL",1930,"6",6,0.00191,FALSE,"observed"
"NL",1930,"7",7,0.00157,FALSE,"observed"
"NL",1930,"8",8,0.00135,FALSE,"observed"
"NL",1930,"9",9,0.00125,FALSE,"observed"
"NL",1930,"10",10,0.0012,FALSE,"observed"
"NL",1930,"11",11,0.001,FALSE,"observed"
"NL",1930,"12",12,0.0011,FALSE,"observed"
"NL",1930,"13",13,0.00104,FALSE,"observed"
"NL",1930,"14",14,0.00132,FALSE,"observed"
"NL",1930,"15",15,0.00162,FALSE,"observed"
"NL",1930,"16",16,0.00169,FALSE,"observed"
"NL",1930,"17",17,0.00171,FALSE,"observed"
"NL",1930,"18",18,0.00192,FALSE,"observed"
"NL",1930,"19",19,0.00213,FALSE,"observed"
"NL",1930,"20",20,0.00235,FALSE,"observed"
"NL",1930,"21",21,0.00231,FALSE,"observed"
"NL",1930,"22",22,0.00267,FALSE,"observed"
"NL",1930,"23",23,0.00227,FALSE,"observed"
"NL",1930,"24",24,0.0025,FALSE,"observed"
"NL",1930,"25",25,0.00246,FALSE,"observed"
"NL",1930,"26",26,0.00233,FALSE,"observed"
"NL",1930,"27",27,0.00264,FALSE,"observed"
"NL",1930,"28",28,0.00261,FALSE,"observed"
"NL",1930,"29",29,0.00247,FALSE,"observed"
"NL",1930,"30",30,0.00249,FALSE,"observed"
"NL",1930,"31",31,0.00297,FALSE,"observed"
"NL",1930,"32",32,0.00275,FALSE,"observed"
"NL",1930,"33",33,0.00283,FALSE,"observed"
"NL",1930,"34",34,0.00295,FALSE,"observed"
"NL",1930,"35",35,0.00308,FALSE,"observed"
"NL",1930,"36",36,0.00334,FALSE,"observed"
"NL",1930,"37",37,0.0034,FALSE,"observed"
"NL",1930,"38",38,0.00343,FALSE,"observed"
"NL",1930,"39",39,0.00331,FALSE,"observed"
"NL",1930,"40",40,0.00419,FALSE,"observed"
"NL",1930,"41",41,0.00394,FALSE,"observed"
"NL",1930,"42",42,0.00401,FALSE,"observed"
"NL",1930,"43",43,0.00431,FALSE,"observed"
"NL",1930,"44",44,0.00481,FALSE,"observed"
"NL",1930,"45",45,0.00473,FALSE,"observed"
"NL",1930,"46",46,0.00541,FALSE,"observed"
"NL",1930,"47",47,0.00591,FALSE,"observed"
"NL",1930,"48",48,0.00585,FALSE,"observed"
"NL",1930,"49",49,0.00662,FALSE,"observed"
"NL",1930,"50",50,0.00741,FALSE,"observed"
"NL",1930,"51",51,0.00778,FALSE,"observed"
"NL",1930,"52",52,0.00837,FALSE,"observed"
"NL",1930,"53",53,0.0092,FALSE,"observed"
"NL",1930,"54",54,0.01089,FALSE,"observed"
"NL",1930,"55",55,0.01133,FALSE,"observed"
"NL",1930,"56",56,0.01155,FALSE,"observed"
"NL",1930,"57",57,0.01409,FALSE,"observed"
"NL",1930,"58",58,0.01428,FALSE,"observed"
"NL",1930,"59",59,0.01569,FALSE,"observed"
"NL",1930,"60",60,0.01753,FALSE,"observed"
"NL",1930,"61",61,0.01935,FALSE,"observed"
"NL",1930,"62",62,0.02077,FALSE,"observed"
"NL",1930,"63",63,0.02198,FALSE,"observed"
"NL",1930,"64",64,0.02518,FALSE,"observed"
"NL",1930,"65",65,0.0266,FALSE,"observed"
"NL",1930,"66",66,0.0318,FALSE,"observed"
"NL",1930,"67",67,0.03356,FALSE,"observed"
"NL",1930,"68",68,0.03809,FALSE,"observed"
"NL",1930,"69",69,0.04079,FALSE,"observed"
"NL",1930,"70",70,0.04549,FALSE,"observed"
"NL",1930,"71",71,0.05153,FALSE,"observed"
"NL",1930,"72",72,0.05569,FALSE,"observed"
"NL",1930,"73",73,0.05952,FALSE,"observed"
"NL",1930,"74",74,0.06511,FALSE,"observed"
"NL",1930,"75",75,0.07628,FALSE,"observed"
"NL",1930,"76",76,0.07824,FALSE,"observed"
"NL",1930,"77",77,0.09068,FALSE,"observed"
"NL",1930,"78",78,0.09451,FALSE,"observed"
"NL",1930,"79",79,0.10845,FALSE,"observed"
"NL",1930,"80",80,0.11572,FALSE,"observed"
"NL",1930,"81",81,0.12751,FALSE,"observed"
"NL",1930,"82",82,0.13234,FALSE,"observed"
"NL",1930,"83",83,0.15413,FALSE,"observed"
"NL",1930,"84",84,0.17368,FALSE,"observed"
"NL",1930,"85",85,0.17877,FALSE,"observed"
"NL",1930,"86",86,0.19695,FALSE,"observed"
"NL",1930,"87",87,0.21126,FALSE,"observed"
"NL",1930,"88",88,0.2267,FALSE,"observed"
"NL",1930,"89",89,0.23912,FALSE,"observed"
"NL",1930,"90",90,0.28056,FALSE,"observed"
"NL",1930,"91",91,0.31394,FALSE,"observed"
"NL",1930,"92",92,0.32634,FALSE,"observed"
"NL",1930,"93",93,0.35105,FALSE,"observed"
"NL",1930,"94",94,0.37658,FALSE,"observed"
"NL",1930,"95",95,0.40281,FALSE,"observed"
"NL",1930,"96",96,0.42959,FALSE,"observed"
"NL",1930,"97",97,0.4568,FALSE,"observed"
"NL",1930,"98",98,0.48425,FALSE,"observed"
"NL",1930,"99",99,0.5118,FALSE,"observed"
"NL",1930,"100",100,0.53927,FALSE,"observed"
"NL",1930,"101",101,0.56649,FALSE,"observed"
"NL",1930,"102",102,0.59332,FALSE,"observed"
"NL",1930,"103",103,0.6196,FALSE,"observed"
"NL",1930,"104",104,0.6452,FALSE,"observed"
"NL",1930,"105",105,0.66999,FALSE,"observed"
"NL",1930,"106",106,0.69386,FALSE,"observed"
"NL",1930,"107",107,0.71674,FALSE,"observed"
"NL",1930,"108",108,0.73855,FALSE,"observed"
"NL",1930,"109",109,0.75924,FALSE,"observed"
"NL",1930,"110+",110,0.77879,FALSE,"observed"
"NL",1931,"0",0,0.05049,FALSE,"observed"
"NL",1931,"1",1,0.01036,FALSE,"observed"
"NL",1931,"2",2,0.00445,FALSE,"observed"
"NL",1931,"3",3,0.00292,FALSE,"observed"
"NL",1931,"4",4,0.00231,FALSE,"observed"
"NL",1931,"5",5,0.00178,FALSE,"observed"
"NL",1931,"6",6,0.00166,FALSE,"observed"
"NL",1931,"7",7,0.00159,FALSE,"observed"
"NL",1931,"8",8,0.00131,FALSE,"observed"
"NL",1931,"9",9,0.001,FALSE,"observed"
"NL",1931,"10",10,0.00081,FALSE,"observed"
"NL",1931,"11",11,0.00113,FALSE,"observed"
"NL",1931,"12",12,0.00115,FALSE,"observed"
"NL",1931,"13",13,0.00116,FALSE,"observed"
"NL",1931,"14",14,0.00131,FALSE,"observed"
"NL",1931,"15",15,0.0014,FALSE,"observed"
"NL",1931,"16",16,0.00166,FALSE,"observed"
"NL",1931,"17",17,0.00185,FALSE,"observed"
"NL",1931,"18",18,0.00211,FALSE,"observed"
"NL",1931,"19",19,0.00227,FALSE,"observed"
"NL",1931,"20",20,0.00205,FALSE,"observed"
"NL",1931,"21",21,0.00232,FALSE,"observed"
"NL",1931,"22",22,0.00249,FALSE,"observed"
"NL",1931,"23",23,0.00241,FALSE,"observed"
"NL",1931,"24",24,0.00228,FALSE,"observed"
"NL",1931,"25",25,0.00247,FALSE,"observed"
"NL",1931,"26",26,0.00243,FALSE,"observed"
"NL",1931,"27",27,0.00264,FALSE,"observed"
"NL",1931,"28",28,0.0023,FALSE,"observed"
"NL",1931,"29",29,0.00234,FALSE,"observed"
"NL",1931,"30",30,0.00275,FALSE,"observed"
"NL",1931,"31",31,0.00291,FALSE,"observed"
"NL",1931,"32",32,0.00274,FALSE,"observed"
"NL",1931,"33",33,0.00299,FALSE,"observed"
"NL",1931,"34",34,0.00295,FALSE,"observed"
"NL",1931,"35",35,0.00295,FALSE,"observed"
"NL",1931,"36",36,0.00346,FALSE,"observed"
"NL",1931,"37",37,0.00347,FALSE,"observed"
"NL",1931,"38",38,0.00313,FALSE,"observed"
"NL",1931,"39",39,0.00343,FALSE,"observed"
"NL",1931,"40",40,0.00401,FALSE,"observed"
"NL",1931,"41",41,0.00362,FALSE,"observed"
"NL",1931,"42",42,0.00413,FALSE,"observed"
"NL",1931,"43",43,0.00494,FALSE,"observed"
"NL",1931,"44",44,0.00456,FALSE,"observed"
"NL",1931,"45",45,0.00518,FALSE,"observed"
"NL",1931,"46",46,0.00528,FALSE,"observed"
"NL",1931,"47",47,0.00624,FALSE,"observed"
"NL",1931,"48",48,0.00604,FALSE,"observed"
"NL",1931,"49",49,0.00694,FALSE,"observed"
"NL",1931,"50",50,0.00722,FALSE,"observed"
"NL",1931,"51",51,0.00813,FALSE,"observed"
"NL",1931,"52",52,0.00933,FALSE,"observed"
"NL",1931,"53",53,0.01027,FALSE,"observed"
"NL",1931,"54",54,0.01042,FALSE,"observed"
"NL",1931,"55",55,0.01181,FALSE,"observed"
"NL",1931,"56",56,0.01216,FALSE,"observed"
"NL",1931,"57",57,0.01288,FALSE,"observed"
"NL",1931,"58",58,0.01435,FALSE,"observed"
"NL",1931,"59",59,0.01597,FALSE,"observed"
"NL",1931,"60",60,0.01846,FALSE,"observed"
"NL",1931,"61",61,0.02093,FALSE,"observed"
"NL",1931,"62",62,0.0226,FALSE,"observed"
"NL",1931,"63",63,0.02497,FALSE,"observed"
"NL",1931,"64",64,0.02675,FALSE,"observed"
"NL",1931,"65",65,0.03007,FALSE,"observed"
"NL",1931,"66",66,0.0331,FALSE,"observed"
"NL",1931,"67",67,0.03573,FALSE,"observed"
"NL",1931,"68",68,0.04008,FALSE,"observed"
"NL",1931,"69",69,0.04438,FALSE,"observed"
"NL",1931,"70",70,0.04791,FALSE,"observed"
"NL",1931,"71",71,0.05239,FALSE,"observed"
"NL",1931,"72",72,0.05945,FALSE,"observed"
"NL",1931,"73",73,0.06773,FALSE,"observed"
"NL",1931,"74",74,0.07734,FALSE,"observed"
"NL",1931,"75",75,0.08059,FALSE,"observed"
"NL",1931,"76",76,0.09093,FALSE,"observed"
"NL",1931,"77",77,0.09982,FALSE,"observed"
"NL",1931,"78",78,0.11559,FALSE,"observed"
"NL",1931,"79",79,0.12374,FALSE,"observed"
"NL",1931,"80",80,0.13975,FALSE,"observed"
"NL",1931,"81",81,0.15671,FALSE,"observed"
"NL",1931,"82",82,0.16305,FALSE,"observed"
"NL",1931,"83",83,0.18247,FALSE,"observed"
"NL",1931,"84",84,0.19052,FALSE,"observed"
"NL",1931,"85",85,0.21686,FALSE,"observed"
"NL",1931,"86",86,0.24392,FALSE,"observed"
"NL",1931,"87",87,0.25448,FALSE,"observed"
"NL",1931,"88",88,0.29007,FALSE,"observed"
"NL",1931,"89",89,0.30856,FALSE,"observed"
"NL",1931,"90",90,0.32252,FALSE,"observed"
"NL",1931,"91",91,0.35678,FALSE,"observed"
"NL",1931,"92",92,0.383,FALSE,"observed"
"NL",1931,"93",93,0.40994,FALSE,"observed"
"NL",1931,"94",94,0.43741,FALSE,"observed"
"NL",1931,"95",95,0.46524,FALSE,"observed"
"NL",1931,"96",96,0.49328,FALSE,"observed"
"NL",1931,"97",97,0.52132,FALSE,"observed"
"NL",1931,"98",98,0.54922,FALSE,"observed"
"NL",1931,"99",99,0.57678,FALSE,"observed"
"NL",1931,"100",100,0.60385,FALSE,"observed"
"NL",1931,"101",101,0.63028,FALSE,"observed"
"NL",1931,"102",102,0.65594,FALSE,"observed"
"NL",1931,"103",103,0.68069,FALSE,"observed"
"NL",1931,"104",104,0.70445,FALSE,"observed"
"NL",1931,"105",105,0.72714,FALSE,"observed"
"NL",1931,"106",106,0.74869,FALSE,"observed"
"NL",1931,"107",107,0.76907,FALSE,"observed"
"NL",1931,"108",108,0.78825,FALSE,"observed"
"NL",1931,"109",109,0.80623,FALSE,"observed"
"NL",1931,"110+",110,0.82302,FALSE,"observed"
"NL",1932,"0",0,0.04791,FALSE,"observed"
"NL",1932,"1",1,0.00876,FALSE,"observed"
"NL",1932,"2",2,0.0041,FALSE,"observed"
"NL",1932,"3",3,0.00251,FALSE,"observed"
"NL",1932,"4",4,0.00229,FALSE,"observed"
"NL",1932,"5",5,0.00166,FALSE,"observed"
"NL",1932,"6",6,0.00169,FALSE,"observed"
"NL",1932,"7",7,0.00137,FALSE,"observed"
"NL",1932,"8",8,0.00119,FALSE,"observed"
"NL",1932,"9",9,0.00107,FALSE,"observed"
"NL",1932,"10",10,0.0011,FALSE,"observed"
"NL",1932,"11",11,0.00089,FALSE,"observed"
"NL",1932,"12",12,0.00096,FALSE,"observed"
"NL",1932,"13",13,0.001,FALSE,"observed"
"NL",1932,"14",14,0.0011,FALSE,"observed"
"NL",1932,"15",15,0.00116,FALSE,"observed"
"NL",1932,"16",16,0.00148,FALSE,"observed"
"NL",1932,"17",17,0.0017,FALSE,"observed"
"NL",1932,"18",18,0.00199,FALSE,"observed"
"NL",1932,"19",19,0.00211,FALSE,"observed"
"NL",1932,"20",20,0.00201,FALSE,"observed"
"NL",1932,"21",21,0.00215,FALSE,"observed"
"NL",1932,"22",22,0.00201,FALSE,"observed"
"NL",1932,"23",23,0.00197,FALSE,"observed"
"NL",1932,"24",24,0.00222,FALSE,"observed"
"NL",1932,"25",25,0.00208,FALSE,"observed"
"NL",1932,"26",26,0.00212,FALSE,"observed"
"NL",1932,"27",27,0.00218,FALSE,"observed"
"NL",1932,"28",28,0.00218,FALSE,"observed"
"NL",1932,"29",29,0.00233,FALSE,"observed"
"NL",1932,"30",30,0.00243,FALSE,"observed"
"NL",1932,"31",31,0.00234,FALSE,"observed"
"NL",1932,"32",32,0.00245,FALSE,"observed"
"NL",1932,"33",33,0.0026,FALSE,"observed"
"NL",1932,"34",34,0.00259,FALSE,"observed"
"NL",1932,"35",35,0.00273,FALSE,"observed"
"NL",1932,"36",36,0.00329,FALSE,"observed"
"NL",1932,"37",37,0.00284,FALSE,"observed"
"NL",1932,"38",38,0.00299,FALSE,"observed"
"NL",1932,"39",39,0.00352,FALSE,"observed"
"NL",1932,"40",40,0.00333,FALSE,"observed"
"NL",1932,"41",41,0.00368,FALSE,"observed"
"NL",1932,"42",42,0.00381,FALSE,"observed"
"NL",1932,"43",43,0.00455,FALSE,"observed"
"NL",1932,"44",44,0.0043,FALSE,"observed"
"NL",1932,"45",45,0.00477,FALSE,"observed"
"NL",1932,"46",46,0.00528,FALSE,"observed"
"NL",1932,"47",47,0.00593,FALSE,"observed"
"NL",1932,"48",48,0.00595,FALSE,"observed"
"NL",1932,"49",49,0.00691,FALSE,"observed"
"NL",1932,"50",50,0.00721,FALSE,"observed"
"NL",1932,"51",51,0.00752,FALSE,"observed"
"NL",1932,"52",52,0.00899,FALSE,"observed"
"NL",1932,"53",53,0.00948,FALSE,"observed"
"NL",1932,"54",54,0.00971,FALSE,"observed"
"NL",1932,"55",55,0.01077,FALSE,"observed"
"NL",1932,"56",56,0.01226,FALSE,"observed"
"NL",1932,"57",57,0.0137,FALSE,"observed"
"NL",1932,"58",58,0.01461,FALSE,"observed"
"NL",1932,"59",59,0.01548,FALSE,"observed"
"NL",1932,"60",60,0.01787,FALSE,"observed"
"NL",1932,"61",61,0.01995,FALSE,"observed"
"NL",1932,"62",62,0.02038,FALSE,"observed"
"NL",1932,"63",63,0.02338,FALSE,"observed"
"NL",1932,"64",64,0.02579,FALSE,"observed"
"NL",1932,"65",65,0.0267,FALSE,"observed"
"NL",1932,"66",66,0.03256,FALSE,"observed"
"NL",1932,"67",67,0.0343,FALSE,"observed"
"NL",1932,"68",68,0.03875,FALSE,"observed"
"NL",1932,"69",69,0.0412,FALSE,"observed"
"NL",1932,"70",70,0.04567,FALSE,"observed"
"NL",1932,"71",71,0.05274,FALSE,"observed"
"NL",1932,"72",72,0.05701,FALSE,"observed"
"NL",1932,"73",73,0.06102,FALSE,"observed"
"NL",1932,"74",74,0.07374,FALSE,"observed"
"NL",1932,"75",75,0.08038,FALSE,"observed"
"NL",1932,"76",76,0.08471,FALSE,"observed"
"NL",1932,"77",77,0.09368,FALSE,"observed"
"NL",1932,"78",78,0.09889,FALSE,"observed"
"NL",1932,"79",79,0.11614,FALSE,"observed"
"NL",1932,"80",80,0.12928,FALSE,"observed"
"NL",1932,"81",81,0.1421,FALSE,"observed"
"NL",1932,"82",82,0.1577,FALSE,"observed"
"NL",1932,"83",83,0.16247,FALSE,"observed"
"NL",1932,"84",84,0.17788,FALSE,"observed"
"NL",1932,"85",85,0.18969,FALSE,"observed"
"NL",1932,"86",86,0.21649,FALSE,"observed"
"NL",1932,"87",87,0.23593,FALSE,"observed"
"NL",1932,"88",88,0.26199,FALSE,"observed"
"NL",1932,"89",89,0.25989,FALSE,"observed"
"NL",1932,"90",90,0.2959,FALSE,"observed"
"NL",1932,"91",91,0.28584,FALSE,"observed"
"NL",1932,"92",92,0.32974,FALSE,"observed"
"NL",1932,"93",93,0.35182,FALSE,"observed"
"NL",1932,"94",94,0.37447,FALSE,"observed"
"NL",1932,"95",95,0.39761,FALSE,"observed"
"NL",1932,"96",96,0.42114,FALSE,"observed"
"NL",1932,"97",97,0.44495,FALSE,"observed"
"NL",1932,"98",98,0.46893,FALSE,"observed"
"NL",1932,"99",99,0.49297,FALSE,"observed"
"NL",1932,"100",100,0.51695,FALSE,"observed"
"NL",1932,"101",101,0.54077,FALSE,"observed"
"NL",1932,"102",102,0.56433,FALSE,"observed"
"NL",1932,"103",103,0.58752,FALSE,"observed"
"NL",1932,"104",104,0.61026,FALSE,"observed"
"NL",1932,"105",105,0.63246,FALSE,"observed"
"NL",1932,"106",106,0.65405,FALSE,"observed"
"NL",1932,"107",107,0.67498,FALSE,"observed"
"NL",1932,"108",108,0.69518,FALSE,"observed"
"NL",1932,"109",109,0.71463,FALSE,"observed"
"NL",1932,"110+",110,0.73327,FALSE,"observed"
"NL",1933,"0",0,0.0444,FALSE,"observed"
"NL",1933,"1",1,0.00706,FALSE,"observed"
"NL",1933,"2",2,0.00359,FALSE,"observed"
"NL",1933,"3",3,0.00258,FALSE,"observed"
"NL",1933,"4",4,0.00195,FALSE,"observed"
"NL",1933,"5",5,0.00156,FALSE,"observed"
"NL",1933,"6",6,0.00133,FALSE,"observed"
"NL",1933,"7",7,0.00127,FALSE,"observed"
"NL",1933,"8",8,0.001,FALSE,"observed"
"NL",1933,"9",9,0.00102,FALSE,"observed"
"NL",1933,"10",10,0.00097,FALSE,"observed"
"NL",1933,"11",11,0.00092,FALSE,"observed"
"NL",1933,"12",12,0.00103,FALSE,"observed"
"NL",1933,"13",13,0.00098,FALSE,"observed"
"NL",1933,"14",14,0.00112,FALSE,"observed"
"NL",1933,"15",15,0.00114,FALSE,"observed"
"NL",1933,"16",16,0.0014,FALSE,"observed"
"NL",1933,"17",17,0.00147,FALSE,"observed"
"NL",1933,"18",18,0.00178,FALSE,"observed"
"NL",1933,"19",19,0.00175,FALSE,"observed"
"NL",1933,"20",20,0.00189,FALSE,"observed"
"NL",1933,"21",21,0.00195,FALSE,"observed"
"NL",1933,"22",22,0.00203,FALSE,"observed"
"NL",1933,"23",23,0.00199,FALSE,"observed"
"NL",1933,"24",24,0.00212,FALSE,"observed"
"NL",1933,"25",25,0.0023,FALSE,"observed"
"NL",1933,"26",26,0.00207,FALSE,"observed"
"NL",1933,"27",27,0.00223,FALSE,"observed"
"NL",1933,"28",28,0.0022,FALSE,"observed"
"NL",1933,"29",29,0.00221,FALSE,"observed"
"NL",1933,"30",30,0.00226,FALSE,"observed"
"NL",1933,"31",31,0.00252,FALSE,"observed"
"NL",1933,"32",32,0.00263,FALSE,"observed"
"NL",1933,"33",33,0.00273,FALSE,"observed"
"NL",1933,"34",34,0.00271,FALSE,"observed"
"NL",1933,"35",35,0.00271,FALSE,"observed"
"NL",1933,"36",36,0.00301,FALSE,"observed"
"NL",1933,"37",37,0.00308,FALSE,"observed"
"NL",1933,"38",38,0.00323,FALSE,"observed"
"NL",1933,"39",39,0.00339,FALSE,"observed"
"NL",1933,"40",40,0.00369,FALSE,"observed"
"NL",1933,"41",41,0.00318,FALSE,"observed"
"NL",1933,"42",42,0.00388,FALSE,"observed"
"NL",1933,"43",43,0.00408,FALSE,"observed"
"NL",1933,"44",44,0.0043,FALSE,"observed"
"NL",1933,"45",45,0.00484,FALSE,"observed"
"NL",1933,"46",46,0.00536,FALSE,"observed"
"NL",1933,"47",47,0.00594,FALSE,"observed"
"NL",1933,"48",48,0.00557,FALSE,"observed"
"NL",1933,"49",49,0.00649,FALSE,"observed"
"NL",1933,"50",50,0.00693,FALSE,"observed"
"NL",1933,"51",51,0.0077,FALSE,"observed"
"NL",1933,"52",52,0.00824,FALSE,"observed"
"NL",1933,"53",53,0.00836,FALSE,"observed"
"NL",1933,"54",54,0.00988,FALSE,"observed"
"NL",1933,"55",55,0.01165,FALSE,"observed"
"NL",1933,"56",56,0.01169,FALSE,"observed"
"NL",1933,"57",57,0.01332,FALSE,"observed"
"NL",1933,"58",58,0.0139,FALSE,"observed"
"NL",1933,"59",59,0.01512,FALSE,"observed"
"NL",1933,"60",60,0.01633,FALSE,"observed"
"NL",1933,"61",61,0.01862,FALSE,"observed"
"NL",1933,"62",62,0.02026,FALSE,"observed"
"NL",1933,"63",63,0.02208,FALSE,"observed"
"NL",1933,"64",64,0.02603,FALSE,"observed"
"NL",1933,"65",65,0.02851,FALSE,"observed"
"NL",1933,"66",66,0.03082,FALSE,"observed"
"NL",1933,"67",67,0.03328,FALSE,"observed"
"NL",1933,"68",68,0.03773,FALSE,"observed"
"NL",1933,"69",69,0.04091,FALSE,"observed"
"NL",1933,"70",70,0.04608,FALSE,"observed"
"NL",1933,"71",71,0.05011,FALSE,"observed"
"NL",1933,"72",72,0.05538,FALSE,"observed"
"NL",1933,"73",73,0.06263,FALSE,"observed"
"NL",1933,"74",74,0.069,FALSE,"observed"
"NL",1933,"75",75,0.07767,FALSE,"observed"
"NL",1933,"76",76,0.08404,FALSE,"observed"
"NL",1933,"77",77,0.09517,FALSE,"observed"
"NL",1933,"78",78,0.10129,FALSE,"observed"
"NL",1933,"79",79,0.11212,FALSE,"observed"
"NL",1933,"80",80,0.12577,FALSE,"observed"
"NL",1933,"81",81,0.13158,FALSE,"observed"
"NL",1933,"82",82,0.15069,FALSE,"observed"
"NL",1933,"83",83,0.16049,FALSE,"observed"
"NL",1933,"84",84,0.18187,FALSE,"observed"
"NL",1933,"85",85,0.19769,FALSE,"observed"
"NL",1933,"86",86,0.2144,FALSE,"observed"
"NL",1933,"87",87,0.23927,FALSE,"observed"
"NL",1933,"88",88,0.264,FALSE,"observed"
"NL",1933,"89",89,0.28284,FALSE,"observed"
"NL",1933,"90",90,0.30761,FALSE,"observed"
"NL",1933,"91",91,0.34021,FALSE,"observed"
"NL",1933,"92",92,0.35508,FALSE,"observed"
"NL",1933,"93",93,0.38167,FALSE,"observed"
"NL",1933,"94",94,0.40898,FALSE,"observed"
"NL",1933,"95",95,0.43686,FALSE,"observed"
"NL",1933,"96",96,0.46514,FALSE,"observed"
"NL",1933,"97",97,0.49365,FALSE,"observed"
"NL",1933,"98",98,0.5222,FALSE,"observed"
"NL",1933,"99",99,0.5506,FALSE,"observed"
"NL",1933,"100",100,0.57868,FALSE,"observed"
"NL",1933,"101",101,0.60626,FALSE,"observed"
"NL",1933,"102",102,0.63318,FALSE,"observed"
"NL",1933,"103",103,0.6593,FALSE,"observed"
"NL",1933,"104",104,0.68448,FALSE,"observed"
"NL",1933,"105",105,0.70863,FALSE,"observed"
"NL",1933,"106",106,0.73166,FALSE,"observed"
"NL",1933,"107",107,0.7535,FALSE,"observed"
"NL",1933,"108",108,0.77412,FALSE,"observed"
"NL",1933,"109",109,0.79348,FALSE,"observed"
"NL",1933,"110+",110,0.8116,FALSE,"observed"
"NL",1934,"0",0,0.04399,FALSE,"observed"
"NL",1934,"1",1,0.00713,FALSE,"observed"
"NL",1934,"2",2,0.00348,FALSE,"observed"
"NL",1934,"3",3,0.00232,FALSE,"observed"
"NL",1934,"4",4,0.00184,FALSE,"observed"
"NL",1934,"5",5,0.00177,FALSE,"observed"
"NL",1934,"6",6,0.00137,FALSE,"observed"
"NL",1934,"7",7,0.00129,FALSE,"observed"
"NL",1934,"8",8,0.00111,FALSE,"observed"
"NL",1934,"9",9,0.0012,FALSE,"observed"
"NL",1934,"10",10,0.00101,FALSE,"observed"
"NL",1934,"11",11,0.00078,FALSE,"observed"
"NL",1934,"12",12,8e-04,FALSE,"observed"
"NL",1934,"13",13,0.00094,FALSE,"observed"
"NL",1934,"14",14,0.00107,FALSE,"observed"
"NL",1934,"15",15,0.00122,FALSE,"observed"
"NL",1934,"16",16,0.00164,FALSE,"observed"
"NL",1934,"17",17,0.00145,FALSE,"observed"
"NL",1934,"18",18,0.00159,FALSE,"observed"
"NL",1934,"19",19,0.00175,FALSE,"observed"
"NL",1934,"20",20,0.0019,FALSE,"observed"
"NL",1934,"21",21,0.00186,FALSE,"observed"
"NL",1934,"22",22,0.00176,FALSE,"observed"
"NL",1934,"23",23,0.00206,FALSE,"observed"
"NL",1934,"24",24,0.00189,FALSE,"observed"
"NL",1934,"25",25,0.00181,FALSE,"observed"
"NL",1934,"26",26,0.00194,FALSE,"observed"
"NL",1934,"27",27,0.00209,FALSE,"observed"
"NL",1934,"28",28,0.00226,FALSE,"observed"
"NL",1934,"29",29,0.00229,FALSE,"observed"
"NL",1934,"30",30,0.00225,FALSE,"observed"
"NL",1934,"31",31,0.00224,FALSE,"observed"
"NL",1934,"32",32,0.00214,FALSE,"observed"
"NL",1934,"33",33,0.00239,FALSE,"observed"
"NL",1934,"34",34,0.0027,FALSE,"observed"
"NL",1934,"35",35,0.0025,FALSE,"observed"
"NL",1934,"36",36,0.00307,FALSE,"observed"
"NL",1934,"37",37,0.00294,FALSE,"observed"
"NL",1934,"38",38,0.00286,FALSE,"observed"
"NL",1934,"39",39,0.00334,FALSE,"observed"
"NL",1934,"40",40,0.0033,FALSE,"observed"
"NL",1934,"41",41,0.00351,FALSE,"observed"
"NL",1934,"42",42,0.00357,FALSE,"observed"
"NL",1934,"43",43,0.00391,FALSE,"observed"
"NL",1934,"44",44,0.00445,FALSE,"observed"
"NL",1934,"45",45,0.00471,FALSE,"observed"
"NL",1934,"46",46,0.0046,FALSE,"observed"
"NL",1934,"47",47,0.005,FALSE,"observed"
"NL",1934,"48",48,0.00529,FALSE,"observed"
"NL",1934,"49",49,0.00639,FALSE,"observed"
"NL",1934,"50",50,0.0066,FALSE,"observed"
"NL",1934,"51",51,0.00776,FALSE,"observed"
"NL",1934,"52",52,0.00755,FALSE,"observed"
"NL",1934,"53",53,0.00848,FALSE,"observed"
"NL",1934,"54",54,0.00935,FALSE,"observed"
"NL",1934,"55",55,0.01078,FALSE,"observed"
"NL",1934,"56",56,0.01129,FALSE,"observed"
"NL",1934,"57",57,0.01245,FALSE,"observed"
"NL",1934,"58",58,0.01387,FALSE,"observed"
"NL",1934,"59",59,0.01502,FALSE,"observed"
"NL",1934,"60",60,0.01698,FALSE,"observed"
"NL",1934,"61",61,0.01769,FALSE,"observed"
"NL",1934,"62",62,0.02041,FALSE,"observed"
"NL",1934,"63",63,0.02135,FALSE,"observed"
"NL",1934,"64",64,0.02479,FALSE,"observed"
"NL",1934,"65",65,0.02674,FALSE,"observed"
"NL",1934,"66",66,0.0288,FALSE,"observed"
"NL",1934,"67",67,0.03349,FALSE,"observed"
"NL",1934,"68",68,0.03543,FALSE,"observed"
"NL",1934,"69",69,0.03967,FALSE,"observed"
"NL",1934,"70",70,0.04489,FALSE,"observed"
"NL",1934,"71",71,0.04855,FALSE,"observed"
"NL",1934,"72",72,0.05384,FALSE,"observed"
"NL",1934,"73",73,0.05754,FALSE,"observed"
"NL",1934,"74",74,0.06757,FALSE,"observed"
"NL",1934,"75",75,0.0717,FALSE,"observed"
"NL",1934,"76",76,0.08234,FALSE,"observed"
"NL",1934,"77",77,0.08502,FALSE,"observed"
"NL",1934,"78",78,0.09974,FALSE,"observed"
"NL",1934,"79",79,0.1005,FALSE,"observed"
"NL",1934,"80",80,0.11598,FALSE,"observed"
"NL",1934,"81",81,0.13083,FALSE,"observed"
"NL",1934,"82",82,0.1299,FALSE,"observed"
"NL",1934,"83",83,0.1505,FALSE,"observed"
"NL",1934,"84",84,0.16435,FALSE,"observed"
"NL",1934,"85",85,0.18555,FALSE,"observed"
"NL",1934,"86",86,0.19862,FALSE,"observed"
"NL",1934,"87",87,0.21074,FALSE,"observed"
"NL",1934,"88",88,0.23571,FALSE,"observed"
"NL",1934,"89",89,0.23781,FALSE,"observed"
"NL",1934,"90",90,0.2687,FALSE,"observed"
"NL",1934,"91",91,0.32122,FALSE,"observed"
"NL",1934,"92",92,0.31467,FALSE,"observed"
"NL",1934,"93",93,0.33788,FALSE,"observed"
"NL",1934,"94",94,0.36191,FALSE,"observed"
"NL",1934,"95",95,0.38669,FALSE,"observed"
"NL",1934,"96",96,0.41208,FALSE,"observed"
"NL",1934,"97",97,0.43799,FALSE,"observed"
"NL",1934,"98",98,0.46427,FALSE,"observed"
"NL",1934,"99",99,0.49077,FALSE,"observed"
"NL",1934,"100",100,0.51736,FALSE,"observed"
"NL",1934,"101",101,0.54389,FALSE,"observed"
"NL",1934,"102",102,0.5702,FALSE,"observed"
"NL",1934,"103",103,0.59615,FALSE,"observed"
"NL",1934,"104",104,0.6216,FALSE,"observed"
"NL",1934,"105",105,0.64644,FALSE,"observed"
"NL",1934,"106",106,0.67054,FALSE,"observed"
"NL",1934,"107",107,0.6938,FALSE,"observed"
"NL",1934,"108",108,0.71614,FALSE,"observed"
"NL",1934,"109",109,0.7375,FALSE,"observed"
"NL",1934,"110+",110,0.75782,FALSE,"observed"
"NL",1935,"0",0,0.04085,FALSE,"observed"
"NL",1935,"1",1,0.00651,FALSE,"observed"
"NL",1935,"2",2,0.00313,FALSE,"observed"
"NL",1935,"3",3,0.00225,FALSE,"observed"
"NL",1935,"4",4,0.00183,FALSE,"observed"
"NL",1935,"5",5,0.00159,FALSE,"observed"
"NL",1935,"6",6,0.00131,FALSE,"observed"
"NL",1935,"7",7,0.00119,FALSE,"observed"
"NL",1935,"8",8,0.00116,FALSE,"observed"
"NL",1935,"9",9,0.00089,FALSE,"observed"
"NL",1935,"10",10,0.00091,FALSE,"observed"
"NL",1935,"11",11,0.00093,FALSE,"observed"
"NL",1935,"12",12,0.00075,FALSE,"observed"
"NL",1935,"13",13,0.00085,FALSE,"observed"
"NL",1935,"14",14,0.00102,FALSE,"observed"
"NL",1935,"15",15,0.0012,FALSE,"observed"
"NL",1935,"16",16,0.00128,FALSE,"observed"
"NL",1935,"17",17,0.00151,FALSE,"observed"
"NL",1935,"18",18,0.00172,FALSE,"observed"
"NL",1935,"19",19,0.00167,FALSE,"observed"
"NL",1935,"20",20,0.00167,FALSE,"observed"
"NL",1935,"21",21,0.002,FALSE,"observed"
"NL",1935,"22",22,0.00174,FALSE,"observed"
"NL",1935,"23",23,0.00195,FALSE,"observed"
"NL",1935,"24",24,0.00208,FALSE,"observed"
"NL",1935,"25",25,0.00204,FALSE,"observed"
"NL",1935,"26",26,0.00206,FALSE,"observed"
"NL",1935,"27",27,0.00201,FALSE,"observed"
"NL",1935,"28",28,0.00204,FALSE,"observed"
"NL",1935,"29",29,0.00219,FALSE,"observed"
"NL",1935,"30",30,0.00222,FALSE,"observed"
"NL",1935,"31",31,0.00223,FALSE,"observed"
"NL",1935,"32",32,0.00233,FALSE,"observed"
"NL",1935,"33",33,0.00234,FALSE,"observed"
"NL",1935,"34",34,0.00255,FALSE,"observed"
"NL",1935,"35",35,0.0027,FALSE,"observed"
"NL",1935,"36",36,0.00311,FALSE,"observed"
"NL",1935,"37",37,0.00322,FALSE,"observed"
"NL",1935,"38",38,0.00305,FALSE,"observed"
"NL",1935,"39",39,0.00367,FALSE,"observed"
"NL",1935,"40",40,0.00363,FALSE,"observed"
"NL",1935,"41",41,0.00399,FALSE,"observed"
"NL",1935,"42",42,0.00357,FALSE,"observed"
"NL",1935,"43",43,0.0038,FALSE,"observed"
"NL",1935,"44",44,0.00423,FALSE,"observed"
"NL",1935,"45",45,0.00471,FALSE,"observed"
"NL",1935,"46",46,0.00488,FALSE,"observed"
"NL",1935,"47",47,0.00541,FALSE,"observed"
"NL",1935,"48",48,0.00574,FALSE,"observed"
"NL",1935,"49",49,0.00687,FALSE,"observed"
"NL",1935,"50",50,0.00671,FALSE,"observed"
"NL",1935,"51",51,0.00739,FALSE,"observed"
"NL",1935,"52",52,0.00801,FALSE,"observed"
"NL",1935,"53",53,0.00924,FALSE,"observed"
"NL",1935,"54",54,0.00979,FALSE,"observed"
"NL",1935,"55",55,0.01048,FALSE,"observed"
"NL",1935,"56",56,0.01131,FALSE,"observed"
"NL",1935,"57",57,0.01339,FALSE,"observed"
"NL",1935,"58",58,0.01492,FALSE,"observed"
"NL",1935,"59",59,0.01523,FALSE,"observed"
"NL",1935,"60",60,0.01697,FALSE,"observed"
"NL",1935,"61",61,0.01922,FALSE,"observed"
"NL",1935,"62",62,0.02033,FALSE,"observed"
"NL",1935,"63",63,0.02298,FALSE,"observed"
"NL",1935,"64",64,0.02454,FALSE,"observed"
"NL",1935,"65",65,0.0277,FALSE,"observed"
"NL",1935,"66",66,0.02948,FALSE,"observed"
"NL",1935,"67",67,0.03253,FALSE,"observed"
"NL",1935,"68",68,0.03677,FALSE,"observed"
"NL",1935,"69",69,0.04033,FALSE,"observed"
"NL",1935,"70",70,0.04287,FALSE,"observed"
"NL",1935,"71",71,0.05253,FALSE,"observed"
"NL",1935,"72",72,0.05767,FALSE,"observed"
"NL",1935,"73",73,0.06213,FALSE,"observed"
"NL",1935,"74",74,0.06786,FALSE,"observed"
"NL",1935,"75",75,0.0787,FALSE,"observed"
"NL",1935,"76",76,0.08273,FALSE,"observed"
"NL",1935,"77",77,0.09122,FALSE,"observed"
"NL",1935,"78",78,0.10252,FALSE,"observed"
"NL",1935,"79",79,0.119,FALSE,"observed"
"NL",1935,"80",80,0.13191,FALSE,"observed"
"NL",1935,"81",81,0.13651,FALSE,"observed"
"NL",1935,"82",82,0.15124,FALSE,"observed"
"NL",1935,"83",83,0.16043,FALSE,"observed"
"NL",1935,"84",84,0.18419,FALSE,"observed"
"NL",1935,"85",85,0.19562,FALSE,"observed"
"NL",1935,"86",86,0.21252,FALSE,"observed"
"NL",1935,"87",87,0.24234,FALSE,"observed"
"NL",1935,"88",88,0.25803,FALSE,"observed"
"NL",1935,"89",89,0.27104,FALSE,"observed"
"NL",1935,"90",90,0.30333,FALSE,"observed"
"NL",1935,"91",91,0.35264,FALSE,"observed"
"NL",1935,"92",92,0.34941,FALSE,"observed"
"NL",1935,"93",93,0.37446,FALSE,"observed"
"NL",1935,"94",94,0.40014,FALSE,"observed"
"NL",1935,"95",95,0.42632,FALSE,"observed"
"NL",1935,"96",96,0.45284,FALSE,"observed"
"NL",1935,"97",97,0.47955,FALSE,"observed"
"NL",1935,"98",98,0.5063,FALSE,"observed"
"NL",1935,"99",99,0.53295,FALSE,"observed"
"NL",1935,"100",100,0.55932,FALSE,"observed"
"NL",1935,"101",101,0.5853,FALSE,"observed"
"NL",1935,"102",102,0.61073,FALSE,"observed"
"NL",1935,"103",103,0.6355,FALSE,"observed"
"NL",1935,"104",104,0.65951,FALSE,"observed"
"NL",1935,"105",105,0.68267,FALSE,"observed"
"NL",1935,"106",106,0.7049,FALSE,"observed"
"NL",1935,"107",107,0.72615,FALSE,"observed"
"NL",1935,"108",108,0.74637,FALSE,"observed"
"NL",1935,"109",109,0.76554,FALSE,"observed"
"NL",1935,"110+",110,0.78365,FALSE,"observed"
"NL",1936,"0",0,0.04024,FALSE,"observed"
"NL",1936,"1",1,0.00653,FALSE,"observed"
"NL",1936,"2",2,0.00323,FALSE,"observed"
"NL",1936,"3",3,0.0023,FALSE,"observed"
"NL",1936,"4",4,0.00186,FALSE,"observed"
"NL",1936,"5",5,0.0014,FALSE,"observed"
"NL",1936,"6",6,0.00121,FALSE,"observed"
"NL",1936,"7",7,0.00114,FALSE,"observed"
"NL",1936,"8",8,0.00103,FALSE,"observed"
"NL",1936,"9",9,0.00092,FALSE,"observed"
"NL",1936,"10",10,0.00079,FALSE,"observed"
"NL",1936,"11",11,0.00094,FALSE,"observed"
"NL",1936,"12",12,0.00094,FALSE,"observed"
"NL",1936,"13",13,0.00087,FALSE,"observed"
"NL",1936,"14",14,0.00104,FALSE,"observed"
"NL",1936,"15",15,0.00118,FALSE,"observed"
"NL",1936,"16",16,0.00126,FALSE,"observed"
"NL",1936,"17",17,0.0014,FALSE,"observed"
"NL",1936,"18",18,0.00144,FALSE,"observed"
"NL",1936,"19",19,0.00175,FALSE,"observed"
"NL",1936,"20",20,0.00171,FALSE,"observed"
"NL",1936,"21",21,0.00199,FALSE,"observed"
"NL",1936,"22",22,0.00193,FALSE,"observed"
"NL",1936,"23",23,0.00179,FALSE,"observed"
"NL",1936,"24",24,0.00185,FALSE,"observed"
"NL",1936,"25",25,0.00197,FALSE,"observed"
"NL",1936,"26",26,0.00164,FALSE,"observed"
"NL",1936,"27",27,0.00205,FALSE,"observed"
"NL",1936,"28",28,0.00198,FALSE,"observed"
"NL",1936,"29",29,0.00223,FALSE,"observed"
"NL",1936,"30",30,0.00231,FALSE,"observed"
"NL",1936,"31",31,0.00217,FALSE,"observed"
"NL",1936,"32",32,0.00237,FALSE,"observed"
"NL",1936,"33",33,0.00236,FALSE,"observed"
"NL",1936,"34",34,0.00275,FALSE,"observed"
"NL",1936,"35",35,0.00253,FALSE,"observed"
"NL",1936,"36",36,0.00289,FALSE,"observed"
"NL",1936,"37",37,0.00298,FALSE,"observed"
"NL",1936,"38",38,0.00287,FALSE,"observed"
"NL",1936,"39",39,0.00325,FALSE,"observed"
"NL",1936,"40",40,0.00345,FALSE,"observed"
"NL",1936,"41",41,0.00353,FALSE,"observed"
"NL",1936,"42",42,0.00384,FALSE,"observed"
"NL",1936,"43",43,0.00398,FALSE,"observed"
"NL",1936,"44",44,0.0043,FALSE,"observed"
"NL",1936,"45",45,0.00465,FALSE,"observed"
"NL",1936,"46",46,0.00491,FALSE,"observed"
"NL",1936,"47",47,0.0051,FALSE,"observed"
"NL",1936,"48",48,0.00577,FALSE,"observed"
"NL",1936,"49",49,0.00574,FALSE,"observed"
"NL",1936,"50",50,0.00655,FALSE,"observed"
"NL",1936,"51",51,0.00773,FALSE,"observed"
"NL",1936,"52",52,0.00752,FALSE,"observed"
"NL",1936,"53",53,0.00955,FALSE,"observed"
"NL",1936,"54",54,0.00981,FALSE,"observed"
"NL",1936,"55",55,0.01047,FALSE,"observed"
"NL",1936,"56",56,0.01103,FALSE,"observed"
"NL",1936,"57",57,0.0133,FALSE,"observed"
"NL",1936,"58",58,0.01434,FALSE,"observed"
"NL",1936,"59",59,0.01517,FALSE,"observed"
"NL",1936,"60",60,0.017,FALSE,"observed"
"NL",1936,"61",61,0.01907,FALSE,"observed"
"NL",1936,"62",62,0.0203,FALSE,"observed"
"NL",1936,"63",63,0.02274,FALSE,"observed"
"NL",1936,"64",64,0.0243,FALSE,"observed"
"NL",1936,"65",65,0.02743,FALSE,"observed"
"NL",1936,"66",66,0.02963,FALSE,"observed"
"NL",1936,"67",67,0.03205,FALSE,"observed"
"NL",1936,"68",68,0.03704,FALSE,"observed"
"NL",1936,"69",69,0.03985,FALSE,"observed"
"NL",1936,"70",70,0.0469,FALSE,"observed"
"NL",1936,"71",71,0.04804,FALSE,"observed"
"NL",1936,"72",72,0.05565,FALSE,"observed"
"NL",1936,"73",73,0.06215,FALSE,"observed"
"NL",1936,"74",74,0.07016,FALSE,"observed"
"NL",1936,"75",75,0.07717,FALSE,"observed"
"NL",1936,"76",76,0.083,FALSE,"observed"
"NL",1936,"77",77,0.08995,FALSE,"observed"
"NL",1936,"78",78,0.10636,FALSE,"observed"
"NL",1936,"79",79,0.11276,FALSE,"observed"
"NL",1936,"80",80,0.12412,FALSE,"observed"
"NL",1936,"81",81,0.13793,FALSE,"observed"
"NL",1936,"82",82,0.14532,FALSE,"observed"
"NL",1936,"83",83,0.16106,FALSE,"observed"
"NL",1936,"84",84,0.18064,FALSE,"observed"
"NL",1936,"85",85,0.19226,FALSE,"observed"
"NL",1936,"86",86,0.21018,FALSE,"observed"
"NL",1936,"87",87,0.22285,FALSE,"observed"
"NL",1936,"88",88,0.24622,FALSE,"observed"
"NL",1936,"89",89,0.24687,FALSE,"observed"
"NL",1936,"90",90,0.31184,FALSE,"observed"
"NL",1936,"91",91,0.31411,FALSE,"observed"
"NL",1936,"92",92,0.33841,FALSE,"observed"
"NL",1936,"93",93,0.36084,FALSE,"observed"
"NL",1936,"94",94,0.38579,FALSE,"observed"
"NL",1936,"95",95,0.41134,FALSE,"observed"
"NL",1936,"96",96,0.43737,FALSE,"observed"
"NL",1936,"97",97,0.46373,FALSE,"observed"
"NL",1936,"98",98,0.49028,FALSE,"observed"
"NL",1936,"99",99,0.51688,FALSE,"observed"
"NL",1936,"100",100,0.54336,FALSE,"observed"
"NL",1936,"101",101,0.5696,FALSE,"observed"
"NL",1936,"102",102,0.59544,FALSE,"observed"
"NL",1936,"103",103,0.62075,FALSE,"observed"
"NL",1936,"104",104,0.64541,FALSE,"observed"
"NL",1936,"105",105,0.66931,FALSE,"observed"
"NL",1936,"106",106,0.69236,FALSE,"observed"
"NL",1936,"107",107,0.71448,FALSE,"observed"
"NL",1936,"108",108,0.73562,FALSE,"observed"
"NL",1936,"109",109,0.75571,FALSE,"observed"
"NL",1936,"110+",110,0.77475,FALSE,"observed"
"NL",1937,"0",0,0.03887,FALSE,"observed"
"NL",1937,"1",1,0.00577,FALSE,"observed"
"NL",1937,"2",2,0.0028,FALSE,"observed"
"NL",1937,"3",3,0.00206,FALSE,"observed"
"NL",1937,"4",4,0.00154,FALSE,"observed"
"NL",1937,"5",5,0.00142,FALSE,"observed"
"NL",1937,"6",6,0.00114,FALSE,"observed"
"NL",1937,"7",7,0.00111,FALSE,"observed"
"NL",1937,"8",8,0.00082,FALSE,"observed"
"NL",1937,"9",9,0.00089,FALSE,"observed"
"NL",1937,"10",10,0.00072,FALSE,"observed"
"NL",1937,"11",11,8e-04,FALSE,"observed"
"NL",1937,"12",12,0.00074,FALSE,"observed"
"NL",1937,"13",13,0.00084,FALSE,"observed"
"NL",1937,"14",14,0.00104,FALSE,"observed"
"NL",1937,"15",15,0.00113,FALSE,"observed"
"NL",1937,"16",16,0.00118,FALSE,"observed"
"NL",1937,"17",17,0.00135,FALSE,"observed"
"NL",1937,"18",18,0.00159,FALSE,"observed"
"NL",1937,"19",19,0.00152,FALSE,"observed"
"NL",1937,"20",20,0.0016,FALSE,"observed"
"NL",1937,"21",21,0.00172,FALSE,"observed"
"NL",1937,"22",22,0.00169,FALSE,"observed"
"NL",1937,"23",23,0.0017,FALSE,"observed"
"NL",1937,"24",24,0.00182,FALSE,"observed"
"NL",1937,"25",25,0.00186,FALSE,"observed"
"NL",1937,"26",26,0.00183,FALSE,"observed"
"NL",1937,"27",27,0.00178,FALSE,"observed"
"NL",1937,"28",28,0.00185,FALSE,"observed"
"NL",1937,"29",29,0.00204,FALSE,"observed"
"NL",1937,"30",30,0.00186,FALSE,"observed"
"NL",1937,"31",31,0.00198,FALSE,"observed"
"NL",1937,"32",32,0.00221,FALSE,"observed"
"NL",1937,"33",33,0.00245,FALSE,"observed"
"NL",1937,"34",34,0.00224,FALSE,"observed"
"NL",1937,"35",35,0.00248,FALSE,"observed"
"NL",1937,"36",36,0.00257,FALSE,"observed"
"NL",1937,"37",37,0.00277,FALSE,"observed"
"NL",1937,"38",38,0.00316,FALSE,"observed"
"NL",1937,"39",39,0.00312,FALSE,"observed"
"NL",1937,"40",40,0.00341,FALSE,"observed"
"NL",1937,"41",41,0.00343,FALSE,"observed"
"NL",1937,"42",42,0.0038,FALSE,"observed"
"NL",1937,"43",43,0.004,FALSE,"observed"
"NL",1937,"44",44,0.00405,FALSE,"observed"
"NL",1937,"45",45,0.00458,FALSE,"observed"
"NL",1937,"46",46,0.00519,FALSE,"observed"
"NL",1937,"47",47,0.00568,FALSE,"observed"
"NL",1937,"48",48,0.00509,FALSE,"observed"
"NL",1937,"49",49,0.00628,FALSE,"observed"
"NL",1937,"50",50,0.00708,FALSE,"observed"
"NL",1937,"51",51,0.00746,FALSE,"observed"
"NL",1937,"52",52,0.00772,FALSE,"observed"
"NL",1937,"53",53,0.00885,FALSE,"observed"
"NL",1937,"54",54,0.01013,FALSE,"observed"
"NL",1937,"55",55,0.00995,FALSE,"observed"
"NL",1937,"56",56,0.01186,FALSE,"observed"
"NL",1937,"57",57,0.01294,FALSE,"observed"
"NL",1937,"58",58,0.01402,FALSE,"observed"
"NL",1937,"59",59,0.01544,FALSE,"observed"
"NL",1937,"60",60,0.01629,FALSE,"observed"
"NL",1937,"61",61,0.01887,FALSE,"observed"
"NL",1937,"62",62,0.02008,FALSE,"observed"
"NL",1937,"63",63,0.02308,FALSE,"observed"
"NL",1937,"64",64,0.02535,FALSE,"observed"
"NL",1937,"65",65,0.02979,FALSE,"observed"
"NL",1937,"66",66,0.02923,FALSE,"observed"
"NL",1937,"67",67,0.03315,FALSE,"observed"
"NL",1937,"68",68,0.03751,FALSE,"observed"
"NL",1937,"69",69,0.04037,FALSE,"observed"
"NL",1937,"70",70,0.04754,FALSE,"observed"
"NL",1937,"71",71,0.05116,FALSE,"observed"
"NL",1937,"72",72,0.05581,FALSE,"observed"
"NL",1937,"73",73,0.06184,FALSE,"observed"
"NL",1937,"74",74,0.06879,FALSE,"observed"
"NL",1937,"75",75,0.08161,FALSE,"observed"
"NL",1937,"76",76,0.08399,FALSE,"observed"
"NL",1937,"77",77,0.09425,FALSE,"observed"
"NL",1937,"78",78,0.10513,FALSE,"observed"
"NL",1937,"79",79,0.11783,FALSE,"observed"
"NL",1937,"80",80,0.12531,FALSE,"observed"
"NL",1937,"81",81,0.14777,FALSE,"observed"
"NL",1937,"82",82,0.14861,FALSE,"observed"
"NL",1937,"83",83,0.17007,FALSE,"observed"
"NL",1937,"84",84,0.19679,FALSE,"observed"
"NL",1937,"85",85,0.20534,FALSE,"observed"
"NL",1937,"86",86,0.23182,FALSE,"observed"
"NL",1937,"87",87,0.23931,FALSE,"observed"
"NL",1937,"88",88,0.2561,FALSE,"observed"
"NL",1937,"89",89,0.25016,FALSE,"observed"
"NL",1937,"90",90,0.31095,FALSE,"observed"
"NL",1937,"91",91,0.33724,FALSE,"observed"
"NL",1937,"92",92,0.4186,FALSE,"observed"
"NL",1937,"93",93,0.39508,FALSE,"observed"
"NL",1937,"94",94,0.423,FALSE,"observed"
"NL",1937,"95",95,0.45142,FALSE,"observed"
"NL",1937,"96",96,0.48018,FALSE,"observed"
"NL",1937,"97",97,0.50909,FALSE,"observed"
"NL",1937,"98",98,0.53795,FALSE,"observed"
"NL",1937,"99",99,0.56657,FALSE,"observed"
"NL",1937,"100",100,0.59478,FALSE,"observed"
"NL",1937,"101",101,0.62239,FALSE,"observed"
"NL",1937,"102",102,0.64924,FALSE,"observed"
"NL",1937,"103",103,0.67519,FALSE,"observed"
"NL",1937,"104",104,0.70013,FALSE,"observed"
"NL",1937,"105",105,0.72395,FALSE,"observed"
"NL",1937,"106",106,0.74657,FALSE,"observed"
"NL",1937,"107",107,0.76796,FALSE,"observed"
"NL",1937,"108",108,0.78806,FALSE,"observed"
"NL",1937,"109",109,0.80687,FALSE,"observed"
"NL",1937,"110+",110,0.82439,FALSE,"observed"
"NL",1938,"0",0,0.03821,FALSE,"observed"
"NL",1938,"1",1,0.00584,FALSE,"observed"
"NL",1938,"2",2,0.00326,FALSE,"observed"
"NL",1938,"3",3,0.00202,FALSE,"observed"
"NL",1938,"4",4,0.00177,FALSE,"observed"
"NL",1938,"5",5,0.00144,FALSE,"observed"
"NL",1938,"6",6,0.00131,FALSE,"observed"
"NL",1938,"7",7,0.00113,FALSE,"observed"
"NL",1938,"8",8,0.00105,FALSE,"observed"
"NL",1938,"9",9,0.00087,FALSE,"observed"
"NL",1938,"10",10,0.00079,FALSE,"observed"
"NL",1938,"11",11,0.00088,FALSE,"observed"
"NL",1938,"12",12,0.00073,FALSE,"observed"
"NL",1938,"13",13,0.00089,FALSE,"observed"
"NL",1938,"14",14,0.00102,FALSE,"observed"
"NL",1938,"15",15,0.00105,FALSE,"observed"
"NL",1938,"16",16,0.00126,FALSE,"observed"
"NL",1938,"17",17,0.00132,FALSE,"observed"
"NL",1938,"18",18,0.00149,FALSE,"observed"
"NL",1938,"19",19,0.00155,FALSE,"observed"
"NL",1938,"20",20,0.00149,FALSE,"observed"
"NL",1938,"21",21,0.00172,FALSE,"observed"
"NL",1938,"22",22,0.00162,FALSE,"observed"
"NL",1938,"23",23,0.00158,FALSE,"observed"
"NL",1938,"24",24,0.00168,FALSE,"observed"
"NL",1938,"25",25,0.0018,FALSE,"observed"
"NL",1938,"26",26,0.0018,FALSE,"observed"
"NL",1938,"27",27,0.00164,FALSE,"observed"
"NL",1938,"28",28,0.00205,FALSE,"observed"
"NL",1938,"29",29,0.00181,FALSE,"observed"
"NL",1938,"30",30,0.00207,FALSE,"observed"
"NL",1938,"31",31,0.00204,FALSE,"observed"
"NL",1938,"32",32,0.00208,FALSE,"observed"
"NL",1938,"33",33,0.00231,FALSE,"observed"
"NL",1938,"34",34,0.0027,FALSE,"observed"
"NL",1938,"35",35,0.00253,FALSE,"observed"
"NL",1938,"36",36,0.0028,FALSE,"observed"
"NL",1938,"37",37,0.00296,FALSE,"observed"
"NL",1938,"38",38,0.00277,FALSE,"observed"
"NL",1938,"39",39,0.00306,FALSE,"observed"
"NL",1938,"40",40,0.00294,FALSE,"observed"
"NL",1938,"41",41,0.00317,FALSE,"observed"
"NL",1938,"42",42,0.00359,FALSE,"observed"
"NL",1938,"43",43,0.00357,FALSE,"observed"
"NL",1938,"44",44,0.00397,FALSE,"observed"
"NL",1938,"45",45,0.00458,FALSE,"observed"
"NL",1938,"46",46,0.00439,FALSE,"observed"
"NL",1938,"47",47,0.00501,FALSE,"observed"
"NL",1938,"48",48,0.00566,FALSE,"observed"
"NL",1938,"49",49,0.00584,FALSE,"observed"
"NL",1938,"50",50,0.00742,FALSE,"observed"
"NL",1938,"51",51,0.00714,FALSE,"observed"
"NL",1938,"52",52,0.00826,FALSE,"observed"
"NL",1938,"53",53,0.00809,FALSE,"observed"
"NL",1938,"54",54,0.0092,FALSE,"observed"
"NL",1938,"55",55,0.01064,FALSE,"observed"
"NL",1938,"56",56,0.01127,FALSE,"observed"
"NL",1938,"57",57,0.01162,FALSE,"observed"
"NL",1938,"58",58,0.01339,FALSE,"observed"
"NL",1938,"59",59,0.01461,FALSE,"observed"
"NL",1938,"60",60,0.01574,FALSE,"observed"
"NL",1938,"61",61,0.01768,FALSE,"observed"
"NL",1938,"62",62,0.01825,FALSE,"observed"
"NL",1938,"63",63,0.02091,FALSE,"observed"
"NL",1938,"64",64,0.02417,FALSE,"observed"
"NL",1938,"65",65,0.02619,FALSE,"observed"
"NL",1938,"66",66,0.02889,FALSE,"observed"
"NL",1938,"67",67,0.03376,FALSE,"observed"
"NL",1938,"68",68,0.037,FALSE,"observed"
"NL",1938,"69",69,0.03996,FALSE,"observed"
"NL",1938,"70",70,0.04396,FALSE,"observed"
"NL",1938,"71",71,0.04984,FALSE,"observed"
"NL",1938,"72",72,0.05401,FALSE,"observed"
"NL",1938,"73",73,0.05945,FALSE,"observed"
"NL",1938,"74",74,0.06774,FALSE,"observed"
"NL",1938,"75",75,0.07411,FALSE,"observed"
"NL",1938,"76",76,0.07965,FALSE,"observed"
"NL",1938,"77",77,0.08596,FALSE,"observed"
"NL",1938,"78",78,0.09914,FALSE,"observed"
"NL",1938,"79",79,0.10806,FALSE,"observed"
"NL",1938,"80",80,0.12338,FALSE,"observed"
"NL",1938,"81",81,0.13265,FALSE,"observed"
"NL",1938,"82",82,0.15225,FALSE,"observed"
"NL",1938,"83",83,0.16102,FALSE,"observed"
"NL",1938,"84",84,0.17657,FALSE,"observed"
"NL",1938,"85",85,0.18402,FALSE,"observed"
"NL",1938,"86",86,0.20418,FALSE,"observed"
"NL",1938,"87",87,0.23016,FALSE,"observed"
"NL",1938,"88",88,0.23859,FALSE,"observed"
"NL",1938,"89",89,0.26605,FALSE,"observed"
"NL",1938,"90",90,0.25852,FALSE,"observed"
"NL",1938,"91",91,0.3423,FALSE,"observed"
"NL",1938,"92",92,0.332,FALSE,"observed"
"NL",1938,"93",93,0.35568,FALSE,"observed"
"NL",1938,"94",94,0.38004,FALSE,"observed"
"NL",1938,"95",95,0.40496,FALSE,"observed"
"NL",1938,"96",96,0.43032,FALSE,"observed"
"NL",1938,"97",97,0.456,FALSE,"observed"
"NL",1938,"98",98,0.48185,FALSE,"observed"
"NL",1938,"99",99,0.50773,FALSE,"observed"
"NL",1938,"100",100,0.53351,FALSE,"observed"
"NL",1938,"101",101,0.55905,FALSE,"observed"
"NL",1938,"102",102,0.58421,FALSE,"observed"
"NL",1938,"103",103,0.60889,FALSE,"observed"
"NL",1938,"104",104,0.63296,FALSE,"observed"
"NL",1938,"105",105,0.65634,FALSE,"observed"
"NL",1938,"106",106,0.67892,FALSE,"observed"
"NL",1938,"107",107,0.70065,FALSE,"observed"
"NL",1938,"108",108,0.72147,FALSE,"observed"
"NL",1938,"109",109,0.74134,FALSE,"observed"
"NL",1938,"110+",110,0.76022,FALSE,"observed"
"NL",1939,"0",0,0.03494,FALSE,"observed"
"NL",1939,"1",1,0.0053,FALSE,"observed"
"NL",1939,"2",2,0.00277,FALSE,"observed"
"NL",1939,"3",3,0.00181,FALSE,"observed"
"NL",1939,"4",4,0.00151,FALSE,"observed"
"NL",1939,"5",5,0.00125,FALSE,"observed"
"NL",1939,"6",6,0.00108,FALSE,"observed"
"NL",1939,"7",7,0.00103,FALSE,"observed"
"NL",1939,"8",8,0.00087,FALSE,"observed"
"NL",1939,"9",9,0.00085,FALSE,"observed"
"NL",1939,"10",10,0.00069,FALSE,"observed"
"NL",1939,"11",11,0.00073,FALSE,"observed"
"NL",1939,"12",12,0.00069,FALSE,"observed"
"NL",1939,"13",13,0.00068,FALSE,"observed"
"NL",1939,"14",14,0.00093,FALSE,"observed"
"NL",1939,"15",15,0.00107,FALSE,"observed"
"NL",1939,"16",16,0.00119,FALSE,"observed"
"NL",1939,"17",17,0.00138,FALSE,"observed"
"NL",1939,"18",18,0.0013,FALSE,"observed"
"NL",1939,"19",19,0.00144,FALSE,"observed"
"NL",1939,"20",20,0.00135,FALSE,"observed"
"NL",1939,"21",21,0.00162,FALSE,"observed"
"NL",1939,"22",22,0.00147,FALSE,"observed"
"NL",1939,"23",23,0.00153,FALSE,"observed"
"NL",1939,"24",24,0.00154,FALSE,"observed"
"NL",1939,"25",25,0.00154,FALSE,"observed"
"NL",1939,"26",26,0.00186,FALSE,"observed"
"NL",1939,"27",27,0.00168,FALSE,"observed"
"NL",1939,"28",28,0.00163,FALSE,"observed"
"NL",1939,"29",29,0.00159,FALSE,"observed"
"NL",1939,"30",30,0.00195,FALSE,"observed"
"NL",1939,"31",31,0.00189,FALSE,"observed"
"NL",1939,"32",32,0.00209,FALSE,"observed"
"NL",1939,"33",33,0.00217,FALSE,"observed"
"NL",1939,"34",34,0.00236,FALSE,"observed"
"NL",1939,"35",35,0.00208,FALSE,"observed"
"NL",1939,"36",36,0.00237,FALSE,"observed"
"NL",1939,"37",37,0.00252,FALSE,"observed"
"NL",1939,"38",38,0.00287,FALSE,"observed"
"NL",1939,"39",39,0.00308,FALSE,"observed"
"NL",1939,"40",40,0.00286,FALSE,"observed"
"NL",1939,"41",41,0.00302,FALSE,"observed"
"NL",1939,"42",42,0.00361,FALSE,"observed"
"NL",1939,"43",43,0.00362,FALSE,"observed"
"NL",1939,"44",44,0.00401,FALSE,"observed"
"NL",1939,"45",45,0.0043,FALSE,"observed"
"NL",1939,"46",46,0.00415,FALSE,"observed"
"NL",1939,"47",47,0.00521,FALSE,"observed"
"NL",1939,"48",48,0.00541,FALSE,"observed"
"NL",1939,"49",49,0.00613,FALSE,"observed"
"NL",1939,"50",50,0.00681,FALSE,"observed"
"NL",1939,"51",51,0.00683,FALSE,"observed"
"NL",1939,"52",52,0.00822,FALSE,"observed"
"NL",1939,"53",53,0.00846,FALSE,"observed"
"NL",1939,"54",54,0.00933,FALSE,"observed"
"NL",1939,"55",55,0.00966,FALSE,"observed"
"NL",1939,"56",56,0.0114,FALSE,"observed"
"NL",1939,"57",57,0.01209,FALSE,"observed"
"NL",1939,"58",58,0.01329,FALSE,"observed"
"NL",1939,"59",59,0.01446,FALSE,"observed"
"NL",1939,"60",60,0.01676,FALSE,"observed"
"NL",1939,"61",61,0.01843,FALSE,"observed"
"NL",1939,"62",62,0.01958,FALSE,"observed"
"NL",1939,"63",63,0.02211,FALSE,"observed"
"NL",1939,"64",64,0.02466,FALSE,"observed"
"NL",1939,"65",65,0.02762,FALSE,"observed"
"NL",1939,"66",66,0.03091,FALSE,"observed"
"NL",1939,"67",67,0.03337,FALSE,"observed"
"NL",1939,"68",68,0.03805,FALSE,"observed"
"NL",1939,"69",69,0.04099,FALSE,"observed"
"NL",1939,"70",70,0.0458,FALSE,"observed"
"NL",1939,"71",71,0.04982,FALSE,"observed"
"NL",1939,"72",72,0.05604,FALSE,"observed"
"NL",1939,"73",73,0.06086,FALSE,"observed"
"NL",1939,"74",74,0.06682,FALSE,"observed"
"NL",1939,"75",75,0.07532,FALSE,"observed"
"NL",1939,"76",76,0.08384,FALSE,"observed"
"NL",1939,"77",77,0.09524,FALSE,"observed"
"NL",1939,"78",78,0.0994,FALSE,"observed"
"NL",1939,"79",79,0.11521,FALSE,"observed"
"NL",1939,"80",80,0.13112,FALSE,"observed"
"NL",1939,"81",81,0.14028,FALSE,"observed"
"NL",1939,"82",82,0.15714,FALSE,"observed"
"NL",1939,"83",83,0.16653,FALSE,"observed"
"NL",1939,"84",84,0.17902,FALSE,"observed"
"NL",1939,"85",85,0.20743,FALSE,"observed"
"NL",1939,"86",86,0.22494,FALSE,"observed"
"NL",1939,"87",87,0.23728,FALSE,"observed"
"NL",1939,"88",88,0.24946,FALSE,"observed"
"NL",1939,"89",89,0.27513,FALSE,"observed"
"NL",1939,"90",90,0.30146,FALSE,"observed"
"NL",1939,"91",91,0.31583,FALSE,"observed"
"NL",1939,"92",92,0.38005,FALSE,"observed"
"NL",1939,"93",93,0.37063,FALSE,"observed"
"NL",1939,"94",94,0.39538,FALSE,"observed"
"NL",1939,"95",95,0.42061,FALSE,"observed"
"NL",1939,"96",96,0.4462,FALSE,"observed"
"NL",1939,"97",97,0.47201,FALSE,"observed"
"NL",1939,"98",98,0.49791,FALSE,"observed"
"NL",1939,"99",99,0.52377,FALSE,"observed"
"NL",1939,"100",100,0.54943,FALSE,"observed"
"NL",1939,"101",101,0.57477,FALSE,"observed"
"NL",1939,"102",102,0.59966,FALSE,"observed"
"NL",1939,"103",103,0.62399,FALSE,"observed"
"NL",1939,"104",104,0.64766,FALSE,"observed"
"NL",1939,"105",105,0.67058,FALSE,"observed"
"NL",1939,"106",106,0.69266,FALSE,"observed"
"NL",1939,"107",107,0.71386,FALSE,"observed"
"NL",1939,"108",108,0.73412,FALSE,"observed"
"NL",1939,"109",109,0.7534,FALSE,"observed"
"NL",1939,"110+",110,0.77169,FALSE,"observed"
"NL",1940,"0",0,0.04063,FALSE,"observed"
"NL",1940,"1",1,0.0065,FALSE,"observed"
"NL",1940,"2",2,0.00299,FALSE,"observed"
"NL",1940,"3",3,0.00216,FALSE,"observed"
"NL",1940,"4",4,0.00174,FALSE,"observed"
"NL",1940,"5",5,0.00157,FALSE,"observed"
"NL",1940,"6",6,0.00145,FALSE,"observed"
"NL",1940,"7",7,0.00125,FALSE,"observed"
"NL",1940,"8",8,0.00117,FALSE,"observed"
"NL",1940,"9",9,0.00087,FALSE,"observed"
"NL",1940,"10",10,0.00082,FALSE,"observed"
"NL",1940,"11",11,0.00084,FALSE,"observed"
"NL",1940,"12",12,0.00086,FALSE,"observed"
"NL",1940,"13",13,0.00095,FALSE,"observed"
"NL",1940,"14",14,0.00128,FALSE,"observed"
"NL",1940,"15",15,0.0014,FALSE,"observed"
"NL",1940,"16",16,0.00124,FALSE,"observed"
"NL",1940,"17",17,0.00152,FALSE,"observed"
"NL",1940,"18",18,0.00181,FALSE,"observed"
"NL",1940,"19",19,0.00228,FALSE,"observed"
"NL",1940,"20",20,0.00338,FALSE,"observed"
"NL",1940,"21",21,0.00317,FALSE,"observed"
"NL",1940,"22",22,0.00312,FALSE,"observed"
"NL",1940,"23",23,0.00267,FALSE,"observed"
"NL",1940,"24",24,0.00294,FALSE,"observed"
"NL",1940,"25",25,0.00288,FALSE,"observed"
"NL",1940,"26",26,0.0026,FALSE,"observed"
"NL",1940,"27",27,0.00277,FALSE,"observed"
"NL",1940,"28",28,0.00302,FALSE,"observed"
"NL",1940,"29",29,0.00269,FALSE,"observed"
"NL",1940,"30",30,0.00301,FALSE,"observed"
"NL",1940,"31",31,0.00275,FALSE,"observed"
"NL",1940,"32",32,0.00318,FALSE,"observed"
"NL",1940,"33",33,0.00295,FALSE,"observed"
"NL",1940,"34",34,0.00308,FALSE,"observed"
"NL",1940,"35",35,0.0034,FALSE,"observed"
"NL",1940,"36",36,0.00341,FALSE,"observed"
"NL",1940,"37",37,0.0029,FALSE,"observed"
"NL",1940,"38",38,0.00304,FALSE,"observed"
"NL",1940,"39",39,0.00334,FALSE,"observed"
"NL",1940,"40",40,0.00392,FALSE,"observed"
"NL",1940,"41",41,0.00374,FALSE,"observed"
"NL",1940,"42",42,0.00397,FALSE,"observed"
"NL",1940,"43",43,0.00422,FALSE,"observed"
"NL",1940,"44",44,0.00465,FALSE,"observed"
"NL",1940,"45",45,0.00507,FALSE,"observed"
"NL",1940,"46",46,0.00564,FALSE,"observed"
"NL",1940,"47",47,0.00524,FALSE,"observed"
"NL",1940,"48",48,0.0063,FALSE,"observed"
"NL",1940,"49",49,0.00665,FALSE,"observed"
"NL",1940,"50",50,0.00753,FALSE,"observed"
"NL",1940,"51",51,0.00762,FALSE,"observed"
"NL",1940,"52",52,0.00899,FALSE,"observed"
"NL",1940,"53",53,0.00964,FALSE,"observed"
"NL",1940,"54",54,0.01029,FALSE,"observed"
"NL",1940,"55",55,0.01157,FALSE,"observed"
"NL",1940,"56",56,0.01186,FALSE,"observed"
"NL",1940,"57",57,0.01267,FALSE,"observed"
"NL",1940,"58",58,0.01477,FALSE,"observed"
"NL",1940,"59",59,0.01605,FALSE,"observed"
"NL",1940,"60",60,0.01796,FALSE,"observed"
"NL",1940,"61",61,0.02006,FALSE,"observed"
"NL",1940,"62",62,0.02271,FALSE,"observed"
"NL",1940,"63",63,0.02337,FALSE,"observed"
"NL",1940,"64",64,0.02441,FALSE,"observed"
"NL",1940,"65",65,0.0286,FALSE,"observed"
"NL",1940,"66",66,0.03254,FALSE,"observed"
"NL",1940,"67",67,0.0333,FALSE,"observed"
"NL",1940,"68",68,0.03974,FALSE,"observed"
"NL",1940,"69",69,0.04539,FALSE,"observed"
"NL",1940,"70",70,0.047,FALSE,"observed"
"NL",1940,"71",71,0.0552,FALSE,"observed"
"NL",1940,"72",72,0.06141,FALSE,"observed"
"NL",1940,"73",73,0.06573,FALSE,"observed"
"NL",1940,"74",74,0.07465,FALSE,"observed"
"NL",1940,"75",75,0.07983,FALSE,"observed"
"NL",1940,"76",76,0.09044,FALSE,"observed"
"NL",1940,"77",77,0.10288,FALSE,"observed"
"NL",1940,"78",78,0.11231,FALSE,"observed"
"NL",1940,"79",79,0.12414,FALSE,"observed"
"NL",1940,"80",80,0.14376,FALSE,"observed"
"NL",1940,"81",81,0.1478,FALSE,"observed"
"NL",1940,"82",82,0.16442,FALSE,"observed"
"NL",1940,"83",83,0.1918,FALSE,"observed"
"NL",1940,"84",84,0.20622,FALSE,"observed"
"NL",1940,"85",85,0.21569,FALSE,"observed"
"NL",1940,"86",86,0.24498,FALSE,"observed"
"NL",1940,"87",87,0.25968,FALSE,"observed"
"NL",1940,"88",88,0.29091,FALSE,"observed"
"NL",1940,"89",89,0.30391,FALSE,"observed"
"NL",1940,"90",90,0.34761,FALSE,"observed"
"NL",1940,"91",91,0.39374,FALSE,"observed"
"NL",1940,"92",92,0.39727,FALSE,"observed"
"NL",1940,"93",93,0.42593,FALSE,"observed"
"NL",1940,"94",94,0.4551,FALSE,"observed"
"NL",1940,"95",95,0.4846,FALSE,"observed"
"NL",1940,"96",96,0.51423,FALSE,"observed"
"NL",1940,"97",97,0.54377,FALSE,"observed"
"NL",1940,"98",98,0.57302,FALSE,"observed"
"NL",1940,"99",99,0.60178,FALSE,"observed"
"NL",1940,"100",100,0.62987,FALSE,"observed"
"NL",1940,"101",101,0.65712,FALSE,"observed"
"NL",1940,"102",102,0.68338,FALSE,"observed"
"NL",1940,"103",103,0.70854,FALSE,"observed"
"NL",1940,"104",104,0.73249,FALSE,"observed"
"NL",1940,"105",105,0.75517,FALSE,"observed"
"NL",1940,"106",106,0.77651,FALSE,"observed"
"NL",1940,"107",107,0.79651,FALSE,"observed"
"NL",1940,"108",108,0.81515,FALSE,"observed"
"NL",1940,"109",109,0.83245,FALSE,"observed"
"NL",1940,"110+",110,0.84844,FALSE,"observed"
"NL",1941,"0",0,0.04414,FALSE,"observed"
"NL",1941,"1",1,0.00688,FALSE,"observed"
"NL",1941,"2",2,0.00341,FALSE,"observed"
"NL",1941,"3",3,0.00231,FALSE,"observed"
"NL",1941,"4",4,0.00222,FALSE,"observed"
"NL",1941,"5",5,0.00166,FALSE,"observed"
"NL",1941,"6",6,0.00151,FALSE,"observed"
"NL",1941,"7",7,0.00111,FALSE,"observed"
"NL",1941,"8",8,0.00112,FALSE,"observed"
"NL",1941,"9",9,0.00115,FALSE,"observed"
"NL",1941,"10",10,0.00101,FALSE,"observed"
"NL",1941,"11",11,0.00094,FALSE,"observed"
"NL",1941,"12",12,0.00097,FALSE,"observed"
"NL",1941,"13",13,0.00095,FALSE,"observed"
"NL",1941,"14",14,0.00116,FALSE,"observed"
"NL",1941,"15",15,0.0014,FALSE,"observed"
"NL",1941,"16",16,0.00151,FALSE,"observed"
"NL",1941,"17",17,0.00169,FALSE,"observed"
"NL",1941,"18",18,0.00205,FALSE,"observed"
"NL",1941,"19",19,0.00222,FALSE,"observed"
"NL",1941,"20",20,0.00244,FALSE,"observed"
"NL",1941,"21",21,0.00256,FALSE,"observed"
"NL",1941,"22",22,0.0025,FALSE,"observed"
"NL",1941,"23",23,0.00225,FALSE,"observed"
"NL",1941,"24",24,0.00245,FALSE,"observed"
"NL",1941,"25",25,0.00236,FALSE,"observed"
"NL",1941,"26",26,0.00228,FALSE,"observed"
"NL",1941,"27",27,0.00246,FALSE,"observed"
"NL",1941,"28",28,0.0026,FALSE,"observed"
"NL",1941,"29",29,0.00228,FALSE,"observed"
"NL",1941,"30",30,0.00234,FALSE,"observed"
"NL",1941,"31",31,0.00258,FALSE,"observed"
"NL",1941,"32",32,0.00272,FALSE,"observed"
"NL",1941,"33",33,0.00247,FALSE,"observed"
"NL",1941,"34",34,0.00292,FALSE,"observed"
"NL",1941,"35",35,0.00262,FALSE,"observed"
"NL",1941,"36",36,0.00288,FALSE,"observed"
"NL",1941,"37",37,0.00304,FALSE,"observed"
"NL",1941,"38",38,0.00316,FALSE,"observed"
"NL",1941,"39",39,0.00376,FALSE,"observed"
"NL",1941,"40",40,0.00324,FALSE,"observed"
"NL",1941,"41",41,0.0037,FALSE,"observed"
"NL",1941,"42",42,0.00427,FALSE,"observed"
"NL",1941,"43",43,0.00433,FALSE,"observed"
"NL",1941,"44",44,0.00428,FALSE,"observed"
"NL",1941,"45",45,0.00498,FALSE,"observed"
"NL",1941,"46",46,0.00545,FALSE,"observed"
"NL",1941,"47",47,0.00603,FALSE,"observed"
"NL",1941,"48",48,0.00598,FALSE,"observed"
"NL",1941,"49",49,0.00653,FALSE,"observed"
"NL",1941,"50",50,0.00702,FALSE,"observed"
"NL",1941,"51",51,0.00784,FALSE,"observed"
"NL",1941,"52",52,0.00849,FALSE,"observed"
"NL",1941,"53",53,0.00947,FALSE,"observed"
"NL",1941,"54",54,0.00992,FALSE,"observed"
"NL",1941,"55",55,0.01088,FALSE,"observed"
"NL",1941,"56",56,0.01199,FALSE,"observed"
"NL",1941,"57",57,0.0129,FALSE,"observed"
"NL",1941,"58",58,0.01419,FALSE,"observed"
"NL",1941,"59",59,0.01565,FALSE,"observed"
"NL",1941,"60",60,0.01698,FALSE,"observed"
"NL",1941,"61",61,0.01949,FALSE,"observed"
"NL",1941,"62",62,0.02078,FALSE,"observed"
"NL",1941,"63",63,0.02274,FALSE,"observed"
"NL",1941,"64",64,0.02555,FALSE,"observed"
"NL",1941,"65",65,0.02971,FALSE,"observed"
"NL",1941,"66",66,0.03207,FALSE,"observed"
"NL",1941,"67",67,0.03511,FALSE,"observed"
"NL",1941,"68",68,0.03899,FALSE,"observed"
"NL",1941,"69",69,0.04261,FALSE,"observed"
"NL",1941,"70",70,0.04996,FALSE,"observed"
"NL",1941,"71",71,0.05489,FALSE,"observed"
"NL",1941,"72",72,0.0613,FALSE,"observed"
"NL",1941,"73",73,0.06463,FALSE,"observed"
"NL",1941,"74",74,0.076,FALSE,"observed"
"NL",1941,"75",75,0.08534,FALSE,"observed"
"NL",1941,"76",76,0.09276,FALSE,"observed"
"NL",1941,"77",77,0.10449,FALSE,"observed"
"NL",1941,"78",78,0.11792,FALSE,"observed"
"NL",1941,"79",79,0.12447,FALSE,"observed"
"NL",1941,"80",80,0.14303,FALSE,"observed"
"NL",1941,"81",81,0.16183,FALSE,"observed"
"NL",1941,"82",82,0.17736,FALSE,"observed"
"NL",1941,"83",83,0.19688,FALSE,"observed"
"NL",1941,"84",84,0.22075,FALSE,"observed"
"NL",1941,"85",85,0.2363,FALSE,"observed"
"NL",1941,"86",86,0.25686,FALSE,"observed"
"NL",1941,"87",87,0.28903,FALSE,"observed"
"NL",1941,"88",88,0.32455,FALSE,"observed"
"NL",1941,"89",89,0.34253,FALSE,"observed"
"NL",1941,"90",90,0.37389,FALSE,"observed"
"NL",1941,"91",91,0.39426,FALSE,"observed"
"NL",1941,"92",92,0.45463,FALSE,"observed"
"NL",1941,"93",93,0.47552,FALSE,"observed"
"NL",1941,"94",94,0.50804,FALSE,"observed"
"NL",1941,"95",95,0.54046,FALSE,"observed"
"NL",1941,"96",96,0.57252,FALSE,"observed"
"NL",1941,"97",97,0.60397,FALSE,"observed"
"NL",1941,"98",98,0.63456,FALSE,"observed"
"NL",1941,"99",99,0.66408,FALSE,"observed"
"NL",1941,"100",100,0.69236,FALSE,"observed"
"NL",1941,"101",101,0.71925,FALSE,"observed"
"NL",1941,"102",102,0.74464,FALSE,"observed"
"NL",1941,"103",103,0.76846,FALSE,"observed"
"NL",1941,"104",104,0.79068,FALSE,"observed"
"NL",1941,"105",105,0.81127,FALSE,"observed"
"NL",1941,"106",106,0.83027,FALSE,"observed"
"NL",1941,"107",107,0.8477,FALSE,"observed"
"NL",1941,"108",108,0.86364,FALSE,"observed"
"NL",1941,"109",109,0.87814,FALSE,"observed"
"NL",1941,"110+",110,0.89129,FALSE,"observed"
"NL",1942,"0",0,0.04183,FALSE,"observed"
"NL",1942,"1",1,0.0059,FALSE,"observed"
"NL",1942,"2",2,0.00344,FALSE,"observed"
"NL",1942,"3",3,0.00297,FALSE,"observed"
"NL",1942,"4",4,0.00245,FALSE,"observed"
"NL",1942,"5",5,0.00187,FALSE,"observed"
"NL",1942,"6",6,0.00173,FALSE,"observed"
"NL",1942,"7",7,0.0014,FALSE,"observed"
"NL",1942,"8",8,0.00136,FALSE,"observed"
"NL",1942,"9",9,0.00113,FALSE,"observed"
"NL",1942,"10",10,0.00127,FALSE,"observed"
"NL",1942,"11",11,0.00101,FALSE,"observed"
"NL",1942,"12",12,0.00084,FALSE,"observed"
"NL",1942,"13",13,0.00102,FALSE,"observed"
"NL",1942,"14",14,0.00143,FALSE,"observed"
"NL",1942,"15",15,0.00137,FALSE,"observed"
"NL",1942,"16",16,0.00163,FALSE,"observed"
"NL",1942,"17",17,0.00174,FALSE,"observed"
"NL",1942,"18",18,0.00197,FALSE,"observed"
"NL",1942,"19",19,0.00248,FALSE,"observed"
"NL",1942,"20",20,0.00272,FALSE,"observed"
"NL",1942,"21",21,0.00277,FALSE,"observed"
"NL",1942,"22",22,0.00253,FALSE,"observed"
"NL",1942,"23",23,0.00281,FALSE,"observed"
"NL",1942,"24",24,0.00253,FALSE,"observed"
"NL",1942,"25",25,0.00245,FALSE,"observed"
"NL",1942,"26",26,0.0023,FALSE,"observed"
"NL",1942,"27",27,0.00265,FALSE,"observed"
"NL",1942,"28",28,0.00253,FALSE,"observed"
"NL",1942,"29",29,0.00269,FALSE,"observed"
"NL",1942,"30",30,0.00235,FALSE,"observed"
"NL",1942,"31",31,0.00247,FALSE,"observed"
"NL",1942,"32",32,0.00247,FALSE,"observed"
"NL",1942,"33",33,0.00265,FALSE,"observed"
"NL",1942,"34",34,0.0028,FALSE,"observed"
"NL",1942,"35",35,0.00283,FALSE,"observed"
"NL",1942,"36",36,0.00309,FALSE,"observed"
"NL",1942,"37",37,0.00301,FALSE,"observed"
"NL",1942,"38",38,0.00324,FALSE,"observed"
"NL",1942,"39",39,0.00363,FALSE,"observed"
"NL",1942,"40",40,0.00362,FALSE,"observed"
"NL",1942,"41",41,0.00413,FALSE,"observed"
"NL",1942,"42",42,0.00411,FALSE,"observed"
"NL",1942,"43",43,0.0044,FALSE,"observed"
"NL",1942,"44",44,0.00479,FALSE,"observed"
"NL",1942,"45",45,0.00537,FALSE,"observed"
"NL",1942,"46",46,0.00509,FALSE,"observed"
"NL",1942,"47",47,0.0064,FALSE,"observed"
"NL",1942,"48",48,0.00559,FALSE,"observed"
"NL",1942,"49",49,0.00652,FALSE,"observed"
"NL",1942,"50",50,0.00756,FALSE,"observed"
"NL",1942,"51",51,0.00743,FALSE,"observed"
"NL",1942,"52",52,0.0083,FALSE,"observed"
"NL",1942,"53",53,0.0087,FALSE,"observed"
"NL",1942,"54",54,0.00944,FALSE,"observed"
"NL",1942,"55",55,0.01075,FALSE,"observed"
"NL",1942,"56",56,0.01187,FALSE,"observed"
"NL",1942,"57",57,0.01217,FALSE,"observed"
"NL",1942,"58",58,0.0133,FALSE,"observed"
"NL",1942,"59",59,0.01497,FALSE,"observed"
"NL",1942,"60",60,0.01649,FALSE,"observed"
"NL",1942,"61",61,0.01745,FALSE,"observed"
"NL",1942,"62",62,0.01929,FALSE,"observed"
"NL",1942,"63",63,0.02113,FALSE,"observed"
"NL",1942,"64",64,0.024,FALSE,"observed"
"NL",1942,"65",65,0.02655,FALSE,"observed"
"NL",1942,"66",66,0.02947,FALSE,"observed"
"NL",1942,"67",67,0.0313,FALSE,"observed"
"NL",1942,"68",68,0.03585,FALSE,"observed"
"NL",1942,"69",69,0.03975,FALSE,"observed"
"NL",1942,"70",70,0.04323,FALSE,"observed"
"NL",1942,"71",71,0.04989,FALSE,"observed"
"NL",1942,"72",72,0.05321,FALSE,"observed"
"NL",1942,"73",73,0.06244,FALSE,"observed"
"NL",1942,"74",74,0.06786,FALSE,"observed"
"NL",1942,"75",75,0.07922,FALSE,"observed"
"NL",1942,"76",76,0.0852,FALSE,"observed"
"NL",1942,"77",77,0.09523,FALSE,"observed"
"NL",1942,"78",78,0.10786,FALSE,"observed"
"NL",1942,"79",79,0.11666,FALSE,"observed"
"NL",1942,"80",80,0.1327,FALSE,"observed"
"NL",1942,"81",81,0.14121,FALSE,"observed"
"NL",1942,"82",82,0.16423,FALSE,"observed"
"NL",1942,"83",83,0.17515,FALSE,"observed"
"NL",1942,"84",84,0.18887,FALSE,"observed"
"NL",1942,"85",85,0.22372,FALSE,"observed"
"NL",1942,"86",86,0.23522,FALSE,"observed"
"NL",1942,"87",87,0.255,FALSE,"observed"
"NL",1942,"88",88,0.29762,FALSE,"observed"
"NL",1942,"89",89,0.32998,FALSE,"observed"
"NL",1942,"90",90,0.37883,FALSE,"observed"
"NL",1942,"91",91,0.40101,FALSE,"observed"
"NL",1942,"92",92,0.40853,FALSE,"observed"
"NL",1942,"93",93,0.44668,FALSE,"observed"
"NL",1942,"94",94,0.47931,FALSE,"observed"
"NL",1942,"95",95,0.51214,FALSE,"observed"
"NL",1942,"96",96,0.5449,FALSE,"observed"
"NL",1942,"97",97,0.57729,FALSE,"observed"
"NL",1942,"98",98,0.60907,FALSE,"observed"
"NL",1942,"99",99,0.63997,FALSE,"observed"
"NL",1942,"100",100,0.66979,FALSE,"observed"
"NL",1942,"101",101,0.69834,FALSE,"observed"
"NL",1942,"102",102,0.72546,FALSE,"observed"
"NL",1942,"103",103,0.75104,FALSE,"observed"
"NL",1942,"104",104,0.77501,FALSE,"observed"
"NL",1942,"105",105,0.79732,FALSE,"observed"
"NL",1942,"106",106,0.81796,FALSE,"observed"
"NL",1942,"107",107,0.83696,FALSE,"observed"
"NL",1942,"108",108,0.85434,FALSE,"observed"
"NL",1942,"109",109,0.87018,FALSE,"observed"
"NL",1942,"110+",110,0.88455,FALSE,"observed"
"NL",1943,"0",0,0.04361,FALSE,"observed"
"NL",1943,"1",1,0.00813,FALSE,"observed"
"NL",1943,"2",2,0.00542,FALSE,"observed"
"NL",1943,"3",3,0.00426,FALSE,"observed"
"NL",1943,"4",4,0.00372,FALSE,"observed"
"NL",1943,"5",5,0.003,FALSE,"observed"
"NL",1943,"6",6,0.00253,FALSE,"observed"
"NL",1943,"7",7,0.00204,FALSE,"observed"
"NL",1943,"8",8,0.00176,FALSE,"observed"
"NL",1943,"9",9,0.00164,FALSE,"observed"
"NL",1943,"10",10,0.00151,FALSE,"observed"
"NL",1943,"11",11,0.00159,FALSE,"observed"
"NL",1943,"12",12,0.00148,FALSE,"observed"
"NL",1943,"13",13,0.00161,FALSE,"observed"
"NL",1943,"14",14,0.00164,FALSE,"observed"
"NL",1943,"15",15,0.00196,FALSE,"observed"
"NL",1943,"16",16,0.00193,FALSE,"observed"
"NL",1943,"17",17,0.00214,FALSE,"observed"
"NL",1943,"18",18,0.00272,FALSE,"observed"
"NL",1943,"19",19,0.00335,FALSE,"observed"
"NL",1943,"20",20,0.00352,FALSE,"observed"
"NL",1943,"21",21,0.00376,FALSE,"observed"
"NL",1943,"22",22,0.00337,FALSE,"observed"
"NL",1943,"23",23,0.00328,FALSE,"observed"
"NL",1943,"24",24,0.00333,FALSE,"observed"
"NL",1943,"25",25,0.00317,FALSE,"observed"
"NL",1943,"26",26,0.00324,FALSE,"observed"
"NL",1943,"27",27,0.00299,FALSE,"observed"
"NL",1943,"28",28,0.003,FALSE,"observed"
"NL",1943,"29",29,0.00308,FALSE,"observed"
"NL",1943,"30",30,0.00336,FALSE,"observed"
"NL",1943,"31",31,0.00304,FALSE,"observed"
"NL",1943,"32",32,0.0032,FALSE,"observed"
"NL",1943,"33",33,0.0032,FALSE,"observed"
"NL",1943,"34",34,0.00318,FALSE,"observed"
"NL",1943,"35",35,0.00308,FALSE,"observed"
"NL",1943,"36",36,0.00326,FALSE,"observed"
"NL",1943,"37",37,0.00382,FALSE,"observed"
"NL",1943,"38",38,0.00353,FALSE,"observed"
"NL",1943,"39",39,0.00415,FALSE,"observed"
"NL",1943,"40",40,0.00405,FALSE,"observed"
"NL",1943,"41",41,0.00404,FALSE,"observed"
"NL",1943,"42",42,0.00431,FALSE,"observed"
"NL",1943,"43",43,0.00476,FALSE,"observed"
"NL",1943,"44",44,0.00487,FALSE,"observed"
"NL",1943,"45",45,0.00533,FALSE,"observed"
"NL",1943,"46",46,0.00539,FALSE,"observed"
"NL",1943,"47",47,0.00626,FALSE,"observed"
"NL",1943,"48",48,0.0063,FALSE,"observed"
"NL",1943,"49",49,0.00696,FALSE,"observed"
"NL",1943,"50",50,0.00733,FALSE,"observed"
"NL",1943,"51",51,0.0075,FALSE,"observed"
"NL",1943,"52",52,0.00798,FALSE,"observed"
"NL",1943,"53",53,0.00906,FALSE,"observed"
"NL",1943,"54",54,0.00991,FALSE,"observed"
"NL",1943,"55",55,0.0103,FALSE,"observed"
"NL",1943,"56",56,0.01107,FALSE,"observed"
"NL",1943,"57",57,0.01279,FALSE,"observed"
"NL",1943,"58",58,0.01342,FALSE,"observed"
"NL",1943,"59",59,0.01437,FALSE,"observed"
"NL",1943,"60",60,0.01543,FALSE,"observed"
"NL",1943,"61",61,0.01757,FALSE,"observed"
"NL",1943,"62",62,0.01893,FALSE,"observed"
"NL",1943,"63",63,0.02137,FALSE,"observed"
"NL",1943,"64",64,0.02315,FALSE,"observed"
"NL",1943,"65",65,0.02696,FALSE,"observed"
"NL",1943,"66",66,0.02922,FALSE,"observed"
"NL",1943,"67",67,0.03145,FALSE,"observed"
"NL",1943,"68",68,0.03498,FALSE,"observed"
"NL",1943,"69",69,0.03894,FALSE,"observed"
"NL",1943,"70",70,0.0434,FALSE,"observed"
"NL",1943,"71",71,0.04799,FALSE,"observed"
"NL",1943,"72",72,0.05078,FALSE,"observed"
"NL",1943,"73",73,0.06087,FALSE,"observed"
"NL",1943,"74",74,0.06667,FALSE,"observed"
"NL",1943,"75",75,0.07617,FALSE,"observed"
"NL",1943,"76",76,0.07826,FALSE,"observed"
"NL",1943,"77",77,0.09547,FALSE,"observed"
"NL",1943,"78",78,0.10293,FALSE,"observed"
"NL",1943,"79",79,0.11443,FALSE,"observed"
"NL",1943,"80",80,0.13323,FALSE,"observed"
"NL",1943,"81",81,0.13863,FALSE,"observed"
"NL",1943,"82",82,0.15921,FALSE,"observed"
"NL",1943,"83",83,0.17992,FALSE,"observed"
"NL",1943,"84",84,0.20062,FALSE,"observed"
"NL",1943,"85",85,0.21207,FALSE,"observed"
"NL",1943,"86",86,0.24147,FALSE,"observed"
"NL",1943,"87",87,0.26225,FALSE,"observed"
"NL",1943,"88",88,0.25954,FALSE,"observed"
"NL",1943,"89",89,0.31161,FALSE,"observed"
"NL",1943,"90",90,0.33612,FALSE,"observed"
"NL",1943,"91",91,0.39411,FALSE,"observed"
"NL",1943,"92",92,0.36394,FALSE,"observed"
"NL",1943,"93",93,0.42341,FALSE,"observed"
"NL",1943,"94",94,0.45379,FALSE,"observed"
"NL",1943,"95",95,0.48457,FALSE,"observed"
"NL",1943,"96",96,0.5155,FALSE,"observed"
"NL",1943,"97",97,0.54636,FALSE,"observed"
"NL",1943,"98",98,0.57691,FALSE,"observed"
"NL",1943,"99",99,0.60694,FALSE,"observed"
"NL",1943,"100",100,0.63622,FALSE,"observed"
"NL",1943,"101",101,0.66457,FALSE,"observed"
"NL",1943,"102",102,0.69183,FALSE,"observed"
"NL",1943,"103",103,0.71785,FALSE,"observed"
"NL",1943,"104",104,0.74254,FALSE,"observed"
"NL",1943,"105",105,0.76581,FALSE,"observed"
"NL",1943,"106",106,0.78761,FALSE,"observed"
"NL",1943,"107",107,0.80792,FALSE,"observed"
"NL",1943,"108",108,0.82675,FALSE,"observed"
"NL",1943,"109",109,0.84412,FALSE,"observed"
"NL",1943,"110+",110,0.86006,FALSE,"observed"
"NL",1944,"0",0,0.04855,FALSE,"observed"
"NL",1944,"1",1,0.00877,FALSE,"observed"
"NL",1944,"2",2,0.00636,FALSE,"observed"
"NL",1944,"3",3,0.0055,FALSE,"observed"
"NL",1944,"4",4,0.00451,FALSE,"observed"
"NL",1944,"5",5,0.00397,FALSE,"observed"
"NL",1944,"6",6,0.00313,FALSE,"observed"
"NL",1944,"7",7,0.00285,FALSE,"observed"
"NL",1944,"8",8,0.0025,FALSE,"observed"
"NL",1944,"9",9,0.00245,FALSE,"observed"
"NL",1944,"10",10,0.00235,FALSE,"observed"
"NL",1944,"11",11,0.00226,FALSE,"observed"
"NL",1944,"12",12,0.00233,FALSE,"observed"
"NL",1944,"13",13,0.00219,FALSE,"observed"
"NL",1944,"14",14,0.00254,FALSE,"observed"
"NL",1944,"15",15,0.00284,FALSE,"observed"
"NL",1944,"16",16,0.00331,FALSE,"observed"
"NL",1944,"17",17,0.00381,FALSE,"observed"
"NL",1944,"18",18,0.00408,FALSE,"observed"
"NL",1944,"19",19,0.00492,FALSE,"observed"
"NL",1944,"20",20,0.00515,FALSE,"observed"
"NL",1944,"21",21,0.00536,FALSE,"observed"
"NL",1944,"22",22,0.00516,FALSE,"observed"
"NL",1944,"23",23,0.00493,FALSE,"observed"
"NL",1944,"24",24,0.00501,FALSE,"observed"
"NL",1944,"25",25,0.00489,FALSE,"observed"
"NL",1944,"26",26,0.00427,FALSE,"observed"
"NL",1944,"27",27,0.00442,FALSE,"observed"
"NL",1944,"28",28,0.00401,FALSE,"observed"
"NL",1944,"29",29,0.00466,FALSE,"observed"
"NL",1944,"30",30,0.00456,FALSE,"observed"
"NL",1944,"31",31,0.00412,FALSE,"observed"
"NL",1944,"32",32,0.004,FALSE,"observed"
"NL",1944,"33",33,0.0043,FALSE,"observed"
"NL",1944,"34",34,0.0042,FALSE,"observed"
"NL",1944,"35",35,0.00457,FALSE,"observed"
"NL",1944,"36",36,0.00441,FALSE,"observed"
"NL",1944,"37",37,0.00496,FALSE,"observed"
"NL",1944,"38",38,0.00481,FALSE,"observed"
"NL",1944,"39",39,0.00515,FALSE,"observed"
"NL",1944,"40",40,0.00504,FALSE,"observed"
"NL",1944,"41",41,0.00533,FALSE,"observed"
"NL",1944,"42",42,0.00553,FALSE,"observed"
"NL",1944,"43",43,0.00571,FALSE,"observed"
"NL",1944,"44",44,0.00628,FALSE,"observed"
"NL",1944,"45",45,0.00692,FALSE,"observed"
"NL",1944,"46",46,0.00716,FALSE,"observed"
"NL",1944,"47",47,0.00684,FALSE,"observed"
"NL",1944,"48",48,0.00789,FALSE,"observed"
"NL",1944,"49",49,0.0081,FALSE,"observed"
"NL",1944,"50",50,0.00852,FALSE,"observed"
"NL",1944,"51",51,0.00911,FALSE,"observed"
"NL",1944,"52",52,0.01,FALSE,"observed"
"NL",1944,"53",53,0.01064,FALSE,"observed"
"NL",1944,"54",54,0.01113,FALSE,"observed"
"NL",1944,"55",55,0.01191,FALSE,"observed"
"NL",1944,"56",56,0.0134,FALSE,"observed"
"NL",1944,"57",57,0.01359,FALSE,"observed"
"NL",1944,"58",58,0.01522,FALSE,"observed"
"NL",1944,"59",59,0.01587,FALSE,"observed"
"NL",1944,"60",60,0.01777,FALSE,"observed"
"NL",1944,"61",61,0.01965,FALSE,"observed"
"NL",1944,"62",62,0.02111,FALSE,"observed"
"NL",1944,"63",63,0.02286,FALSE,"observed"
"NL",1944,"64",64,0.02617,FALSE,"observed"
"NL",1944,"65",65,0.02732,FALSE,"observed"
"NL",1944,"66",66,0.02976,FALSE,"observed"
"NL",1944,"67",67,0.03414,FALSE,"observed"
"NL",1944,"68",68,0.03819,FALSE,"observed"
"NL",1944,"69",69,0.04177,FALSE,"observed"
"NL",1944,"70",70,0.04677,FALSE,"observed"
"NL",1944,"71",71,0.0496,FALSE,"observed"
"NL",1944,"72",72,0.05658,FALSE,"observed"
"NL",1944,"73",73,0.06651,FALSE,"observed"
"NL",1944,"74",74,0.0708,FALSE,"observed"
"NL",1944,"75",75,0.08109,FALSE,"observed"
"NL",1944,"76",76,0.0869,FALSE,"observed"
"NL",1944,"77",77,0.10425,FALSE,"observed"
"NL",1944,"78",78,0.11352,FALSE,"observed"
"NL",1944,"79",79,0.12045,FALSE,"observed"
"NL",1944,"80",80,0.1401,FALSE,"observed"
"NL",1944,"81",81,0.15419,FALSE,"observed"
"NL",1944,"82",82,0.16947,FALSE,"observed"
"NL",1944,"83",83,0.18918,FALSE,"observed"
"NL",1944,"84",84,0.20455,FALSE,"observed"
"NL",1944,"85",85,0.25553,FALSE,"observed"
"NL",1944,"86",86,0.25451,FALSE,"observed"
"NL",1944,"87",87,0.2966,FALSE,"observed"
"NL",1944,"88",88,0.31988,FALSE,"observed"
"NL",1944,"89",89,0.35387,FALSE,"observed"
"NL",1944,"90",90,0.36579,FALSE,"observed"
"NL",1944,"91",91,0.37036,FALSE,"observed"
"NL",1944,"92",92,0.45609,FALSE,"observed"
"NL",1944,"93",93,0.47615,FALSE,"observed"
"NL",1944,"94",94,0.50987,FALSE,"observed"
"NL",1944,"95",95,0.54355,FALSE,"observed"
"NL",1944,"96",96,0.57686,FALSE,"observed"
"NL",1944,"97",97,0.60954,FALSE,"observed"
"NL",1944,"98",98,0.64129,FALSE,"observed"
"NL",1944,"99",99,0.6719,FALSE,"observed"
"NL",1944,"100",100,0.70114,FALSE,"observed"
"NL",1944,"101",101,0.72887,FALSE,"observed"
"NL",1944,"102",102,0.75496,FALSE,"observed"
"NL",1944,"103",103,0.77933,FALSE,"observed"
"NL",1944,"104",104,0.80195,FALSE,"observed"
"NL",1944,"105",105,0.82281,FALSE,"observed"
"NL",1944,"106",106,0.84193,FALSE,"observed"
"NL",1944,"107",107,0.85938,FALSE,"observed"
"NL",1944,"108",108,0.87521,FALSE,"observed"
"NL",1944,"109",109,0.88952,FALSE,"observed"
"NL",1944,"110+",110,0.90239,FALSE,"observed"
"NL",1945,"0",0,0.07833,FALSE,"observed"
"NL",1945,"1",1,0.01129,FALSE,"observed"
"NL",1945,"2",2,0.00755,FALSE,"observed"
"NL",1945,"3",3,0.00618,FALSE,"observed"
"NL",1945,"4",4,0.00424,FALSE,"observed"
"NL",1945,"5",5,0.00362,FALSE,"observed"
"NL",1945,"6",6,0.00326,FALSE,"observed"
"NL",1945,"7",7,0.00261,FALSE,"observed"
"NL",1945,"8",8,0.00253,FALSE,"observed"
"NL",1945,"9",9,0.00211,FALSE,"observed"
"NL",1945,"10",10,0.00222,FALSE,"observed"
"NL",1945,"11",11,0.00208,FALSE,"observed"
"NL",1945,"12",12,0.00201,FALSE,"observed"
"NL",1945,"13",13,0.00201,FALSE,"observed"
"NL",1945,"14",14,0.00269,FALSE,"observed"
"NL",1945,"15",15,0.0029,FALSE,"observed"
"NL",1945,"16",16,0.00303,FALSE,"observed"
"NL",1945,"17",17,0.0042,FALSE,"observed"
"NL",1945,"18",18,0.0055,FALSE,"observed"
"NL",1945,"19",19,0.00707,FALSE,"observed"
"NL",1945,"20",20,0.00968,FALSE,"observed"
"NL",1945,"21",21,0.00983,FALSE,"observed"
"NL",1945,"22",22,0.00981,FALSE,"observed"
"NL",1945,"23",23,0.00873,FALSE,"observed"
"NL",1945,"24",24,0.00863,FALSE,"observed"
"NL",1945,"25",25,0.00736,FALSE,"observed"
"NL",1945,"26",26,0.00849,FALSE,"observed"
"NL",1945,"27",27,0.00739,FALSE,"observed"
"NL",1945,"28",28,0.0066,FALSE,"observed"
"NL",1945,"29",29,0.00663,FALSE,"observed"
"NL",1945,"30",30,0.00693,FALSE,"observed"
"NL",1945,"31",31,0.00637,FALSE,"observed"
"NL",1945,"32",32,0.00609,FALSE,"observed"
"NL",1945,"33",33,0.00633,FALSE,"observed"
"NL",1945,"34",34,0.00647,FALSE,"observed"
"NL",1945,"35",35,0.00658,FALSE,"observed"
"NL",1945,"36",36,0.00701,FALSE,"observed"
"NL",1945,"37",37,0.00669,FALSE,"observed"
"NL",1945,"38",38,0.00668,FALSE,"observed"
"NL",1945,"39",39,0.00707,FALSE,"observed"
"NL",1945,"40",40,0.00752,FALSE,"observed"
"NL",1945,"41",41,0.00738,FALSE,"observed"
"NL",1945,"42",42,0.00788,FALSE,"observed"
"NL",1945,"43",43,0.00827,FALSE,"observed"
"NL",1945,"44",44,0.00832,FALSE,"observed"
"NL",1945,"45",45,0.00924,FALSE,"observed"
"NL",1945,"46",46,0.00928,FALSE,"observed"
"NL",1945,"47",47,0.00938,FALSE,"observed"
"NL",1945,"48",48,0.01013,FALSE,"observed"
"NL",1945,"49",49,0.01029,FALSE,"observed"
"NL",1945,"50",50,0.01112,FALSE,"observed"
"NL",1945,"51",51,0.01164,FALSE,"observed"
"NL",1945,"52",52,0.0121,FALSE,"observed"
"NL",1945,"53",53,0.01318,FALSE,"observed"
"NL",1945,"54",54,0.01421,FALSE,"observed"
"NL",1945,"55",55,0.01591,FALSE,"observed"
"NL",1945,"56",56,0.0168,FALSE,"observed"
"NL",1945,"57",57,0.0181,FALSE,"observed"
"NL",1945,"58",58,0.01976,FALSE,"observed"
"NL",1945,"59",59,0.02133,FALSE,"observed"
"NL",1945,"60",60,0.02366,FALSE,"observed"
"NL",1945,"61",61,0.0239,FALSE,"observed"
"NL",1945,"62",62,0.02822,FALSE,"observed"
"NL",1945,"63",63,0.02977,FALSE,"observed"
"NL",1945,"64",64,0.03102,FALSE,"observed"
"NL",1945,"65",65,0.03533,FALSE,"observed"
"NL",1945,"66",66,0.03998,FALSE,"observed"
"NL",1945,"67",67,0.0431,FALSE,"observed"
"NL",1945,"68",68,0.04872,FALSE,"observed"
"NL",1945,"69",69,0.05325,FALSE,"observed"
"NL",1945,"70",70,0.05749,FALSE,"observed"
"NL",1945,"71",71,0.06538,FALSE,"observed"
"NL",1945,"72",72,0.06973,FALSE,"observed"
"NL",1945,"73",73,0.08053,FALSE,"observed"
"NL",1945,"74",74,0.08686,FALSE,"observed"
"NL",1945,"75",75,0.09719,FALSE,"observed"
"NL",1945,"76",76,0.10497,FALSE,"observed"
"NL",1945,"77",77,0.12121,FALSE,"observed"
"NL",1945,"78",78,0.13515,FALSE,"observed"
"NL",1945,"79",79,0.14436,FALSE,"observed"
"NL",1945,"80",80,0.15982,FALSE,"observed"
"NL",1945,"81",81,0.17424,FALSE,"observed"
"NL",1945,"82",82,0.18887,FALSE,"observed"
"NL",1945,"83",83,0.20943,FALSE,"observed"
"NL",1945,"84",84,0.22576,FALSE,"observed"
"NL",1945,"85",85,0.26011,FALSE,"observed"
"NL",1945,"86",86,0.27159,FALSE,"observed"
"NL",1945,"87",87,0.31814,FALSE,"observed"
"NL",1945,"88",88,0.32199,FALSE,"observed"
"NL",1945,"89",89,0.35592,FALSE,"observed"
"NL",1945,"90",90,0.40281,FALSE,"observed"
"NL",1945,"91",91,0.41268,FALSE,"observed"
"NL",1945,"92",92,0.44878,FALSE,"observed"
"NL",1945,"93",93,0.47213,FALSE,"observed"
"NL",1945,"94",94,0.50226,FALSE,"observed"
"NL",1945,"95",95,0.53238,FALSE,"observed"
"NL",1945,"96",96,0.56227,FALSE,"observed"
"NL",1945,"97",97,0.59173,FALSE,"observed"
"NL",1945,"98",98,0.62054,FALSE,"observed"
"NL",1945,"99",99,0.64854,FALSE,"observed"
"NL",1945,"100",100,0.67556,FALSE,"observed"
"NL",1945,"101",101,0.70146,FALSE,"observed"
"NL",1945,"102",102,0.72614,FALSE,"observed"
"NL",1945,"103",103,0.74951,FALSE,"observed"
"NL",1945,"104",104,0.77152,FALSE,"observed"
"NL",1945,"105",105,0.79213,FALSE,"observed"
"NL",1945,"106",106,0.81135,FALSE,"observed"
"NL",1945,"107",107,0.82917,FALSE,"observed"
"NL",1945,"108",108,0.84564,FALSE,"observed"
"NL",1945,"109",109,0.86079,FALSE,"observed"
"NL",1945,"110+",110,0.87467,FALSE,"observed"
"NL",1946,"0",0,0.04756,FALSE,"observed"
"NL",1946,"1",1,0.00752,FALSE,"observed"
"NL",1946,"2",2,0.00429,FALSE,"observed"
"NL",1946,"3",3,0.00354,FALSE,"observed"
"NL",1946,"4",4,0.00248,FALSE,"observed"
"NL",1946,"5",5,0.00204,FALSE,"observed"
"NL",1946,"6",6,0.00157,FALSE,"observed"
"NL",1946,"7",7,0.0014,FALSE,"observed"
"NL",1946,"8",8,0.00125,FALSE,"observed"
"NL",1946,"9",9,0.00108,FALSE,"observed"
"NL",1946,"10",10,0.00087,FALSE,"observed"
"NL",1946,"11",11,0.00081,FALSE,"observed"
"NL",1946,"12",12,0.00084,FALSE,"observed"
"NL",1946,"13",13,0.00087,FALSE,"observed"
"NL",1946,"14",14,0.00111,FALSE,"observed"
"NL",1946,"15",15,0.00111,FALSE,"observed"
"NL",1946,"16",16,0.00121,FALSE,"observed"
"NL",1946,"17",17,0.0012,FALSE,"observed"
"NL",1946,"18",18,0.00138,FALSE,"observed"
"NL",1946,"19",19,0.0019,FALSE,"observed"
"NL",1946,"20",20,0.00172,FALSE,"observed"
"NL",1946,"21",21,0.00222,FALSE,"observed"
"NL",1946,"22",22,0.00203,FALSE,"observed"
"NL",1946,"23",23,0.00211,FALSE,"observed"
"NL",1946,"24",24,0.00206,FALSE,"observed"
"NL",1946,"25",25,0.00207,FALSE,"observed"
"NL",1946,"26",26,0.00182,FALSE,"observed"
"NL",1946,"27",27,0.00205,FALSE,"observed"
"NL",1946,"28",28,0.00206,FALSE,"observed"
"NL",1946,"29",29,0.00181,FALSE,"observed"
"NL",1946,"30",30,0.00193,FALSE,"observed"
"NL",1946,"31",31,0.00199,FALSE,"observed"
"NL",1946,"32",32,0.00195,FALSE,"observed"
"NL",1946,"33",33,0.00203,FALSE,"observed"
"NL",1946,"34",34,0.00223,FALSE,"observed"
"NL",1946,"35",35,0.00228,FALSE,"observed"
"NL",1946,"36",36,0.00227,FALSE,"observed"
"NL",1946,"37",37,0.0025,FALSE,"observed"
"NL",1946,"38",38,0.00244,FALSE,"observed"
"NL",1946,"39",39,0.00282,FALSE,"observed"
"NL",1946,"40",40,0.00283,FALSE,"observed"
"NL",1946,"41",41,0.0029,FALSE,"observed"
"NL",1946,"42",42,0.00315,FALSE,"observed"
"NL",1946,"43",43,0.00326,FALSE,"observed"
"NL",1946,"44",44,0.00362,FALSE,"observed"
"NL",1946,"45",45,0.00399,FALSE,"observed"
"NL",1946,"46",46,0.00437,FALSE,"observed"
"NL",1946,"47",47,0.00454,FALSE,"observed"
"NL",1946,"48",48,0.00489,FALSE,"observed"
"NL",1946,"49",49,0.00555,FALSE,"observed"
"NL",1946,"50",50,0.00619,FALSE,"observed"
"NL",1946,"51",51,0.00598,FALSE,"observed"
"NL",1946,"52",52,0.00669,FALSE,"observed"
"NL",1946,"53",53,0.00698,FALSE,"observed"
"NL",1946,"54",54,0.00832,FALSE,"observed"
"NL",1946,"55",55,0.00934,FALSE,"observed"
"NL",1946,"56",56,0.00958,FALSE,"observed"
"NL",1946,"57",57,0.00993,FALSE,"observed"
"NL",1946,"58",58,0.01152,FALSE,"observed"
"NL",1946,"59",59,0.01234,FALSE,"observed"
"NL",1946,"60",60,0.01415,FALSE,"observed"
"NL",1946,"61",61,0.0153,FALSE,"observed"
"NL",1946,"62",62,0.01611,FALSE,"observed"
"NL",1946,"63",63,0.01918,FALSE,"observed"
"NL",1946,"64",64,0.02012,FALSE,"observed"
"NL",1946,"65",65,0.02224,FALSE,"observed"
"NL",1946,"66",66,0.02444,FALSE,"observed"
"NL",1946,"67",67,0.02876,FALSE,"observed"
"NL",1946,"68",68,0.03004,FALSE,"observed"
"NL",1946,"69",69,0.03334,FALSE,"observed"
"NL",1946,"70",70,0.03799,FALSE,"observed"
"NL",1946,"71",71,0.04122,FALSE,"observed"
"NL",1946,"72",72,0.04792,FALSE,"observed"
"NL",1946,"73",73,0.04993,FALSE,"observed"
"NL",1946,"74",74,0.05778,FALSE,"observed"
"NL",1946,"75",75,0.06366,FALSE,"observed"
"NL",1946,"76",76,0.06539,FALSE,"observed"
"NL",1946,"77",77,0.08014,FALSE,"observed"
"NL",1946,"78",78,0.08598,FALSE,"observed"
"NL",1946,"79",79,0.09481,FALSE,"observed"
"NL",1946,"80",80,0.10558,FALSE,"observed"
"NL",1946,"81",81,0.11774,FALSE,"observed"
"NL",1946,"82",82,0.1238,FALSE,"observed"
"NL",1946,"83",83,0.1463,FALSE,"observed"
"NL",1946,"84",84,0.16342,FALSE,"observed"
"NL",1946,"85",85,0.15499,FALSE,"observed"
"NL",1946,"86",86,0.18677,FALSE,"observed"
"NL",1946,"87",87,0.19502,FALSE,"observed"
"NL",1946,"88",88,0.2244,FALSE,"observed"
"NL",1946,"89",89,0.23929,FALSE,"observed"
"NL",1946,"90",90,0.26788,FALSE,"observed"
"NL",1946,"91",91,0.26538,FALSE,"observed"
"NL",1946,"92",92,0.29529,FALSE,"observed"
"NL",1946,"93",93,0.31743,FALSE,"observed"
"NL",1946,"94",94,0.34041,FALSE,"observed"
"NL",1946,"95",95,0.36415,FALSE,"observed"
"NL",1946,"96",96,0.38855,FALSE,"observed"
"NL",1946,"97",97,0.41352,FALSE,"observed"
"NL",1946,"98",98,0.43892,FALSE,"observed"
"NL",1946,"99",99,0.46463,FALSE,"observed"
"NL",1946,"100",100,0.49052,FALSE,"observed"
"NL",1946,"101",101,0.51644,FALSE,"observed"
"NL",1946,"102",102,0.54227,FALSE,"observed"
"NL",1946,"103",103,0.56785,FALSE,"observed"
"NL",1946,"104",104,0.59306,FALSE,"observed"
"NL",1946,"105",105,0.61778,FALSE,"observed"
"NL",1946,"106",106,0.6419,FALSE,"observed"
"NL",1946,"107",107,0.6653,FALSE,"observed"
"NL",1946,"108",108,0.68792,FALSE,"observed"
"NL",1946,"109",109,0.70966,FALSE,"observed"
"NL",1946,"110+",110,0.73047,FALSE,"observed"
"NL",1947,"0",0,0.033,FALSE,"observed"
"NL",1947,"1",1,0.00362,FALSE,"observed"
"NL",1947,"2",2,0.00238,FALSE,"observed"
"NL",1947,"3",3,0.00204,FALSE,"observed"
"NL",1947,"4",4,0.00157,FALSE,"observed"
"NL",1947,"5",5,0.0014,FALSE,"observed"
"NL",1947,"6",6,0.00101,FALSE,"observed"
"NL",1947,"7",7,7e-04,FALSE,"observed"
"NL",1947,"8",8,0.00069,FALSE,"observed"
"NL",1947,"9",9,0.00073,FALSE,"observed"
"NL",1947,"10",10,0.00073,FALSE,"observed"
"NL",1947,"11",11,0.00062,FALSE,"observed"
"NL",1947,"12",12,0.00069,FALSE,"observed"
"NL",1947,"13",13,0.00081,FALSE,"observed"
"NL",1947,"14",14,0.00072,FALSE,"observed"
"NL",1947,"15",15,0.00089,FALSE,"observed"
"NL",1947,"16",16,9e-04,FALSE,"observed"
"NL",1947,"17",17,0.00091,FALSE,"observed"
"NL",1947,"18",18,0.00113,FALSE,"observed"
"NL",1947,"19",19,0.00154,FALSE,"observed"
"NL",1947,"20",20,0.00182,FALSE,"observed"
"NL",1947,"21",21,0.00252,FALSE,"observed"
"NL",1947,"22",22,0.00211,FALSE,"observed"
"NL",1947,"23",23,0.00178,FALSE,"observed"
"NL",1947,"24",24,0.00187,FALSE,"observed"
"NL",1947,"25",25,0.00162,FALSE,"observed"
"NL",1947,"26",26,0.00167,FALSE,"observed"
"NL",1947,"27",27,0.00152,FALSE,"observed"
"NL",1947,"28",28,0.00164,FALSE,"observed"
"NL",1947,"29",29,0.00152,FALSE,"observed"
"NL",1947,"30",30,0.00168,FALSE,"observed"
"NL",1947,"31",31,0.00182,FALSE,"observed"
"NL",1947,"32",32,0.00169,FALSE,"observed"
"NL",1947,"33",33,0.002,FALSE,"observed"
"NL",1947,"34",34,0.00185,FALSE,"observed"
"NL",1947,"35",35,0.00195,FALSE,"observed"
"NL",1947,"36",36,0.00189,FALSE,"observed"
"NL",1947,"37",37,0.00206,FALSE,"observed"
"NL",1947,"38",38,0.00229,FALSE,"observed"
"NL",1947,"39",39,0.00221,FALSE,"observed"
"NL",1947,"40",40,0.00262,FALSE,"observed"
"NL",1947,"41",41,0.00264,FALSE,"observed"
"NL",1947,"42",42,0.00314,FALSE,"observed"
"NL",1947,"43",43,0.00312,FALSE,"observed"
"NL",1947,"44",44,0.00342,FALSE,"observed"
"NL",1947,"45",45,0.00369,FALSE,"observed"
"NL",1947,"46",46,0.00412,FALSE,"observed"
"NL",1947,"47",47,0.00425,FALSE,"observed"
"NL",1947,"48",48,0.00464,FALSE,"observed"
"NL",1947,"49",49,0.00466,FALSE,"observed"
"NL",1947,"50",50,0.0058,FALSE,"observed"
"NL",1947,"51",51,0.00593,FALSE,"observed"
"NL",1947,"52",52,0.00643,FALSE,"observed"
"NL",1947,"53",53,0.00721,FALSE,"observed"
"NL",1947,"54",54,0.0078,FALSE,"observed"
"NL",1947,"55",55,0.00911,FALSE,"observed"
"NL",1947,"56",56,0.0092,FALSE,"observed"
"NL",1947,"57",57,0.01042,FALSE,"observed"
"NL",1947,"58",58,0.01091,FALSE,"observed"
"NL",1947,"59",59,0.01172,FALSE,"observed"
"NL",1947,"60",60,0.013,FALSE,"observed"
"NL",1947,"61",61,0.01527,FALSE,"observed"
"NL",1947,"62",62,0.01591,FALSE,"observed"
"NL",1947,"63",63,0.01808,FALSE,"observed"
"NL",1947,"64",64,0.02101,FALSE,"observed"
"NL",1947,"65",65,0.02215,FALSE,"observed"
"NL",1947,"66",66,0.02547,FALSE,"observed"
"NL",1947,"67",67,0.02627,FALSE,"observed"
"NL",1947,"68",68,0.03154,FALSE,"observed"
"NL",1947,"69",69,0.03554,FALSE,"observed"
"NL",1947,"70",70,0.03902,FALSE,"observed"
"NL",1947,"71",71,0.04121,FALSE,"observed"
"NL",1947,"72",72,0.04681,FALSE,"observed"
"NL",1947,"73",73,0.05336,FALSE,"observed"
"NL",1947,"74",74,0.05907,FALSE,"observed"
"NL",1947,"75",75,0.06483,FALSE,"observed"
"NL",1947,"76",76,0.07064,FALSE,"observed"
"NL",1947,"77",77,0.08032,FALSE,"observed"
"NL",1947,"78",78,0.08996,FALSE,"observed"
"NL",1947,"79",79,0.09845,FALSE,"observed"
"NL",1947,"80",80,0.10927,FALSE,"observed"
"NL",1947,"81",81,0.12008,FALSE,"observed"
"NL",1947,"82",82,0.13101,FALSE,"observed"
"NL",1947,"83",83,0.15111,FALSE,"observed"
"NL",1947,"84",84,0.15904,FALSE,"observed"
"NL",1947,"85",85,0.16532,FALSE,"observed"
"NL",1947,"86",86,0.18125,FALSE,"observed"
"NL",1947,"87",87,0.19947,FALSE,"observed"
"NL",1947,"88",88,0.22666,FALSE,"observed"
"NL",1947,"89",89,0.2379,FALSE,"observed"
"NL",1947,"90",90,0.25751,FALSE,"observed"
"NL",1947,"91",91,0.30759,FALSE,"observed"
"NL",1947,"92",92,0.29838,FALSE,"observed"
"NL",1947,"93",93,0.32008,FALSE,"observed"
"NL",1947,"94",94,0.34251,FALSE,"observed"
"NL",1947,"95",95,0.36559,FALSE,"observed"
"NL",1947,"96",96,0.38921,FALSE,"observed"
"NL",1947,"97",97,0.41328,FALSE,"observed"
"NL",1947,"98",98,0.43767,FALSE,"observed"
"NL",1947,"99",99,0.46227,FALSE,"observed"
"NL",1947,"100",100,0.48694,FALSE,"observed"
"NL",1947,"101",101,0.51158,FALSE,"observed"
"NL",1947,"102",102,0.53605,FALSE,"observed"
"NL",1947,"103",103,0.56025,FALSE,"observed"
"NL",1947,"104",104,0.58407,FALSE,"observed"
"NL",1947,"105",105,0.6074,FALSE,"observed"
"NL",1947,"106",106,0.63016,FALSE,"observed"
"NL",1947,"107",107,0.65227,FALSE,"observed"
"NL",1947,"108",108,0.67366,FALSE,"observed"
"NL",1947,"109",109,0.69427,FALSE,"observed"
"NL",1947,"110+",110,0.71407,FALSE,"observed"
"NL",1948,"0",0,0.02896,FALSE,"observed"
"NL",1948,"1",1,0.003,FALSE,"observed"
"NL",1948,"2",2,0.0021,FALSE,"observed"
"NL",1948,"3",3,0.00147,FALSE,"observed"
"NL",1948,"4",4,0.00118,FALSE,"observed"
"NL",1948,"5",5,0.00092,FALSE,"observed"
"NL",1948,"6",6,0.00079,FALSE,"observed"
"NL",1948,"7",7,0.00059,FALSE,"observed"
"NL",1948,"8",8,0.00062,FALSE,"observed"
"NL",1948,"9",9,0.00043,FALSE,"observed"
"NL",1948,"10",10,0.00051,FALSE,"observed"
"NL",1948,"11",11,0.00048,FALSE,"observed"
"NL",1948,"12",12,0.00054,FALSE,"observed"
"NL",1948,"13",13,0.00056,FALSE,"observed"
"NL",1948,"14",14,6e-04,FALSE,"observed"
"NL",1948,"15",15,0.00067,FALSE,"observed"
"NL",1948,"16",16,0.00065,FALSE,"observed"
"NL",1948,"17",17,0.00096,FALSE,"observed"
"NL",1948,"18",18,0.00085,FALSE,"observed"
"NL",1948,"19",19,9e-04,FALSE,"observed"
"NL",1948,"20",20,0.00121,FALSE,"observed"
"NL",1948,"21",21,0.00159,FALSE,"observed"
"NL",1948,"22",22,0.00187,FALSE,"observed"
"NL",1948,"23",23,0.0016,FALSE,"observed"
"NL",1948,"24",24,0.00121,FALSE,"observed"
"NL",1948,"25",25,0.00143,FALSE,"observed"
"NL",1948,"26",26,0.00127,FALSE,"observed"
"NL",1948,"27",27,0.00119,FALSE,"observed"
"NL",1948,"28",28,0.00117,FALSE,"observed"
"NL",1948,"29",29,0.00129,FALSE,"observed"
"NL",1948,"30",30,0.0015,FALSE,"observed"
"NL",1948,"31",31,0.00135,FALSE,"observed"
"NL",1948,"32",32,0.00149,FALSE,"observed"
"NL",1948,"33",33,0.00152,FALSE,"observed"
"NL",1948,"34",34,0.00139,FALSE,"observed"
"NL",1948,"35",35,0.00168,FALSE,"observed"
"NL",1948,"36",36,0.00167,FALSE,"observed"
"NL",1948,"37",37,0.00178,FALSE,"observed"
"NL",1948,"38",38,0.00211,FALSE,"observed"
"NL",1948,"39",39,0.00217,FALSE,"observed"
"NL",1948,"40",40,0.00251,FALSE,"observed"
"NL",1948,"41",41,0.00242,FALSE,"observed"
"NL",1948,"42",42,0.00266,FALSE,"observed"
"NL",1948,"43",43,0.00296,FALSE,"observed"
"NL",1948,"44",44,0.00301,FALSE,"observed"
"NL",1948,"45",45,0.00339,FALSE,"observed"
"NL",1948,"46",46,0.00368,FALSE,"observed"
"NL",1948,"47",47,0.00398,FALSE,"observed"
"NL",1948,"48",48,0.00442,FALSE,"observed"
"NL",1948,"49",49,0.00507,FALSE,"observed"
"NL",1948,"50",50,0.00517,FALSE,"observed"
"NL",1948,"51",51,0.00587,FALSE,"observed"
"NL",1948,"52",52,0.0065,FALSE,"observed"
"NL",1948,"53",53,0.00708,FALSE,"observed"
"NL",1948,"54",54,0.00741,FALSE,"observed"
"NL",1948,"55",55,0.00771,FALSE,"observed"
"NL",1948,"56",56,0.00882,FALSE,"observed"
"NL",1948,"57",57,0.00944,FALSE,"observed"
"NL",1948,"58",58,0.01062,FALSE,"observed"
"NL",1948,"59",59,0.01132,FALSE,"observed"
"NL",1948,"60",60,0.01322,FALSE,"observed"
"NL",1948,"61",61,0.0142,FALSE,"observed"
"NL",1948,"62",62,0.0152,FALSE,"observed"
"NL",1948,"63",63,0.01747,FALSE,"observed"
"NL",1948,"64",64,0.01886,FALSE,"observed"
"NL",1948,"65",65,0.02208,FALSE,"observed"
"NL",1948,"66",66,0.02442,FALSE,"observed"
"NL",1948,"67",67,0.0266,FALSE,"observed"
"NL",1948,"68",68,0.02815,FALSE,"observed"
"NL",1948,"69",69,0.03206,FALSE,"observed"
"NL",1948,"70",70,0.03594,FALSE,"observed"
"NL",1948,"71",71,0.04171,FALSE,"observed"
"NL",1948,"72",72,0.04285,FALSE,"observed"
"NL",1948,"73",73,0.04984,FALSE,"observed"
"NL",1948,"74",74,0.05608,FALSE,"observed"
"NL",1948,"75",75,0.05749,FALSE,"observed"
"NL",1948,"76",76,0.06638,FALSE,"observed"
"NL",1948,"77",77,0.07261,FALSE,"observed"
"NL",1948,"78",78,0.08311,FALSE,"observed"
"NL",1948,"79",79,0.0912,FALSE,"observed"
"NL",1948,"80",80,0.09962,FALSE,"observed"
"NL",1948,"81",81,0.10861,FALSE,"observed"
"NL",1948,"82",82,0.11948,FALSE,"observed"
"NL",1948,"83",83,0.13941,FALSE,"observed"
"NL",1948,"84",84,0.14789,FALSE,"observed"
"NL",1948,"85",85,0.15703,FALSE,"observed"
"NL",1948,"86",86,0.16917,FALSE,"observed"
"NL",1948,"87",87,0.19128,FALSE,"observed"
"NL",1948,"88",88,0.19652,FALSE,"observed"
"NL",1948,"89",89,0.20279,FALSE,"observed"
"NL",1948,"90",90,0.22075,FALSE,"observed"
"NL",1948,"91",91,0.25587,FALSE,"observed"
"NL",1948,"92",92,0.27432,FALSE,"observed"
"NL",1948,"93",93,0.29485,FALSE,"observed"
"NL",1948,"94",94,0.31624,FALSE,"observed"
"NL",1948,"95",95,0.33842,FALSE,"observed"
"NL",1948,"96",96,0.36133,FALSE,"observed"
"NL",1948,"97",97,0.38488,FALSE,"observed"
"NL",1948,"98",98,0.40898,FALSE,"observed"
"NL",1948,"99",99,0.43351,FALSE,"observed"
"NL",1948,"100",100,0.45837,FALSE,"observed"
"NL",1948,"101",101,0.48342,FALSE,"observed"
"NL",1948,"102",102,0.50856,FALSE,"observed"
"NL",1948,"103",103,0.53365,FALSE,"observed"
"NL",1948,"104",104,0.55856,FALSE,"observed"
"NL",1948,"105",105,0.58318,FALSE,"observed"
"NL",1948,"106",106,0.60739,FALSE,"observed"
"NL",1948,"107",107,0.63108,FALSE,"observed"
"NL",1948,"108",108,0.65415,FALSE,"observed"
"NL",1948,"109",109,0.67652,FALSE,"observed"
"NL",1948,"110+",110,0.69811,FALSE,"observed"
"NL",1949,"0",0,0.02674,FALSE,"observed"
"NL",1949,"1",1,0.00294,FALSE,"observed"
"NL",1949,"2",2,0.0018,FALSE,"observed"
"NL",1949,"3",3,0.00141,FALSE,"observed"
"NL",1949,"4",4,0.00119,FALSE,"observed"
"NL",1949,"5",5,8e-04,FALSE,"observed"
"NL",1949,"6",6,8e-04,FALSE,"observed"
"NL",1949,"7",7,0.00063,FALSE,"observed"
"NL",1949,"8",8,0.00055,FALSE,"observed"
"NL",1949,"9",9,0.00053,FALSE,"observed"
"NL",1949,"10",10,0.00041,FALSE,"observed"
"NL",1949,"11",11,0.00042,FALSE,"observed"
"NL",1949,"12",12,0.00048,FALSE,"observed"
"NL",1949,"13",13,4e-04,FALSE,"observed"
"NL",1949,"14",14,0.00058,FALSE,"observed"
"NL",1949,"15",15,5e-04,FALSE,"observed"
"NL",1949,"16",16,0.00062,FALSE,"observed"
"NL",1949,"17",17,0.00071,FALSE,"observed"
"NL",1949,"18",18,0.00072,FALSE,"observed"
"NL",1949,"19",19,0.00089,FALSE,"observed"
"NL",1949,"20",20,0.00127,FALSE,"observed"
"NL",1949,"21",21,0.00249,FALSE,"observed"
"NL",1949,"22",22,0.00251,FALSE,"observed"
"NL",1949,"23",23,0.00231,FALSE,"observed"
"NL",1949,"24",24,0.00134,FALSE,"observed"
"NL",1949,"25",25,0.00127,FALSE,"observed"
"NL",1949,"26",26,0.00114,FALSE,"observed"
"NL",1949,"27",27,0.00121,FALSE,"observed"
"NL",1949,"28",28,0.00134,FALSE,"observed"
"NL",1949,"29",29,0.0013,FALSE,"observed"
"NL",1949,"30",30,0.00119,FALSE,"observed"
"NL",1949,"31",31,0.00141,FALSE,"observed"
"NL",1949,"32",32,0.00132,FALSE,"observed"
"NL",1949,"33",33,0.00137,FALSE,"observed"
"NL",1949,"34",34,0.00173,FALSE,"observed"
"NL",1949,"35",35,0.00154,FALSE,"observed"
"NL",1949,"36",36,0.0017,FALSE,"observed"
"NL",1949,"37",37,0.00167,FALSE,"observed"
"NL",1949,"38",38,0.00193,FALSE,"observed"
"NL",1949,"39",39,0.00206,FALSE,"observed"
"NL",1949,"40",40,0.00219,FALSE,"observed"
"NL",1949,"41",41,0.00257,FALSE,"observed"
"NL",1949,"42",42,0.00261,FALSE,"observed"
"NL",1949,"43",43,0.00298,FALSE,"observed"
"NL",1949,"44",44,0.00314,FALSE,"observed"
"NL",1949,"45",45,0.00345,FALSE,"observed"
"NL",1949,"46",46,0.00342,FALSE,"observed"
"NL",1949,"47",47,0.0041,FALSE,"observed"
"NL",1949,"48",48,0.00462,FALSE,"observed"
"NL",1949,"49",49,0.00515,FALSE,"observed"
"NL",1949,"50",50,0.0053,FALSE,"observed"
"NL",1949,"51",51,0.00663,FALSE,"observed"
"NL",1949,"52",52,0.00653,FALSE,"observed"
"NL",1949,"53",53,0.00736,FALSE,"observed"
"NL",1949,"54",54,0.00798,FALSE,"observed"
"NL",1949,"55",55,0.00846,FALSE,"observed"
"NL",1949,"56",56,0.00893,FALSE,"observed"
"NL",1949,"57",57,0.00975,FALSE,"observed"
"NL",1949,"58",58,0.01122,FALSE,"observed"
"NL",1949,"59",59,0.01227,FALSE,"observed"
"NL",1949,"60",60,0.01446,FALSE,"observed"
"NL",1949,"61",61,0.01452,FALSE,"observed"
"NL",1949,"62",62,0.01653,FALSE,"observed"
"NL",1949,"63",63,0.01837,FALSE,"observed"
"NL",1949,"64",64,0.02048,FALSE,"observed"
"NL",1949,"65",65,0.02342,FALSE,"observed"
"NL",1949,"66",66,0.02532,FALSE,"observed"
"NL",1949,"67",67,0.02856,FALSE,"observed"
"NL",1949,"68",68,0.03176,FALSE,"observed"
"NL",1949,"69",69,0.03615,FALSE,"observed"
"NL",1949,"70",70,0.04113,FALSE,"observed"
"NL",1949,"71",71,0.04506,FALSE,"observed"
"NL",1949,"72",72,0.05092,FALSE,"observed"
"NL",1949,"73",73,0.05743,FALSE,"observed"
"NL",1949,"74",74,0.06401,FALSE,"observed"
"NL",1949,"75",75,0.07117,FALSE,"observed"
"NL",1949,"76",76,0.07783,FALSE,"observed"
"NL",1949,"77",77,0.08579,FALSE,"observed"
"NL",1949,"78",78,0.09663,FALSE,"observed"
"NL",1949,"79",79,0.10441,FALSE,"observed"
"NL",1949,"80",80,0.11869,FALSE,"observed"
"NL",1949,"81",81,0.1275,FALSE,"observed"
"NL",1949,"82",82,0.14883,FALSE,"observed"
"NL",1949,"83",83,0.16243,FALSE,"observed"
"NL",1949,"84",84,0.17686,FALSE,"observed"
"NL",1949,"85",85,0.18585,FALSE,"observed"
"NL",1949,"86",86,0.20782,FALSE,"observed"
"NL",1949,"87",87,0.22623,FALSE,"observed"
"NL",1949,"88",88,0.2488,FALSE,"observed"
"NL",1949,"89",89,0.27455,FALSE,"observed"
"NL",1949,"90",90,0.27741,FALSE,"observed"
"NL",1949,"91",91,0.29484,FALSE,"observed"
"NL",1949,"92",92,0.38194,FALSE,"observed"
"NL",1949,"93",93,0.36141,FALSE,"observed"
"NL",1949,"94",94,0.38701,FALSE,"observed"
"NL",1949,"95",95,0.41322,FALSE,"observed"
"NL",1949,"96",96,0.43991,FALSE,"observed"
"NL",1949,"97",97,0.46692,FALSE,"observed"
"NL",1949,"98",98,0.49411,FALSE,"observed"
"NL",1949,"99",99,0.52131,FALSE,"observed"
"NL",1949,"100",100,0.54836,FALSE,"observed"
"NL",1949,"101",101,0.57511,FALSE,"observed"
"NL",1949,"102",102,0.6014,FALSE,"observed"
"NL",1949,"103",103,0.62709,FALSE,"observed"
"NL",1949,"104",104,0.65207,FALSE,"observed"
"NL",1949,"105",105,0.67622,FALSE,"observed"
"NL",1949,"106",106,0.69945,FALSE,"observed"
"NL",1949,"107",107,0.72168,FALSE,"observed"
"NL",1949,"108",108,0.74286,FALSE,"observed"
"NL",1949,"109",109,0.76294,FALSE,"observed"
"NL",1949,"110+",110,0.7819,FALSE,"observed"
"NL",1950,"0",0,0.0254,FALSE,"observed"
"NL",1950,"1",1,0.0039,FALSE,"observed"
"NL",1950,"2",2,0.0018,FALSE,"observed"
"NL",1950,"3",3,0.00123,FALSE,"observed"
"NL",1950,"4",4,0.00113,FALSE,"observed"
"NL",1950,"5",5,0.00087,FALSE,"observed"
"NL",1950,"6",6,0.00066,FALSE,"observed"
"NL",1950,"7",7,0.00058,FALSE,"observed"
"NL",1950,"8",8,0.00055,FALSE,"observed"
"NL",1950,"9",9,0.00048,FALSE,"observed"
"NL",1950,"10",10,4e-04,FALSE,"observed"
"NL",1950,"11",11,0.00041,FALSE,"observed"
"NL",1950,"12",12,0.00044,FALSE,"observed"
"NL",1950,"13",13,0.00043,FALSE,"observed"
"NL",1950,"14",14,0.00051,FALSE,"observed"
"NL",1950,"15",15,0.00062,FALSE,"observed"
"NL",1950,"16",16,0.00067,FALSE,"observed"
"NL",1950,"17",17,0.00066,FALSE,"observed"
"NL",1950,"18",18,0.00071,FALSE,"observed"
"NL",1950,"19",19,0.00078,FALSE,"observed"
"NL",1950,"20",20,0.00085,FALSE,"observed"
"NL",1950,"21",21,0.00093,FALSE,"observed"
"NL",1950,"22",22,0.00101,FALSE,"observed"
"NL",1950,"23",23,0.00105,FALSE,"observed"
"NL",1950,"24",24,0.00105,FALSE,"observed"
"NL",1950,"25",25,0.001,FALSE,"observed"
"NL",1950,"26",26,0.00102,FALSE,"observed"
"NL",1950,"27",27,0.00107,FALSE,"observed"
"NL",1950,"28",28,0.00112,FALSE,"observed"
"NL",1950,"29",29,0.00113,FALSE,"observed"
"NL",1950,"30",30,0.00098,FALSE,"observed"
"NL",1950,"31",31,0.00114,FALSE,"observed"
"NL",1950,"32",32,0.00118,FALSE,"observed"
"NL",1950,"33",33,0.00119,FALSE,"observed"
"NL",1950,"34",34,0.00142,FALSE,"observed"
"NL",1950,"35",35,0.00144,FALSE,"observed"
"NL",1950,"36",36,0.00154,FALSE,"observed"
"NL",1950,"37",37,0.00167,FALSE,"observed"
"NL",1950,"38",38,0.00176,FALSE,"observed"
"NL",1950,"39",39,0.00194,FALSE,"observed"
"NL",1950,"40",40,0.00204,FALSE,"observed"
"NL",1950,"41",41,0.00217,FALSE,"observed"
"NL",1950,"42",42,0.00231,FALSE,"observed"
"NL",1950,"43",43,0.00255,FALSE,"observed"
"NL",1950,"44",44,0.00287,FALSE,"observed"
"NL",1950,"45",45,0.00316,FALSE,"observed"
"NL",1950,"46",46,0.00345,FALSE,"observed"
"NL",1950,"47",47,0.00375,FALSE,"observed"
"NL",1950,"48",48,0.00397,FALSE,"observed"
"NL",1950,"49",49,0.00449,FALSE,"observed"
"NL",1950,"50",50,0.00523,FALSE,"observed"
"NL",1950,"51",51,0.00569,FALSE,"observed"
"NL",1950,"52",52,0.00608,FALSE,"observed"
"NL",1950,"53",53,0.0067,FALSE,"observed"
"NL",1950,"54",54,0.00732,FALSE,"observed"
"NL",1950,"55",55,0.00784,FALSE,"observed"
"NL",1950,"56",56,0.00852,FALSE,"observed"
"NL",1950,"57",57,0.00939,FALSE,"observed"
"NL",1950,"58",58,0.01043,FALSE,"observed"
"NL",1950,"59",59,0.01136,FALSE,"observed"
"NL",1950,"60",60,0.01235,FALSE,"observed"
"NL",1950,"61",61,0.01353,FALSE,"observed"
"NL",1950,"62",62,0.01548,FALSE,"observed"
"NL",1950,"63",63,0.01751,FALSE,"observed"
"NL",1950,"64",64,0.01969,FALSE,"observed"
"NL",1950,"65",65,0.02226,FALSE,"observed"
"NL",1950,"66",66,0.02372,FALSE,"observed"
"NL",1950,"67",67,0.02592,FALSE,"observed"
"NL",1950,"68",68,0.02973,FALSE,"observed"
"NL",1950,"69",69,0.03314,FALSE,"observed"
"NL",1950,"70",70,0.03727,FALSE,"observed"
"NL",1950,"71",71,0.04149,FALSE,"observed"
"NL",1950,"72",72,0.04506,FALSE,"observed"
"NL",1950,"73",73,0.0495,FALSE,"observed"
"NL",1950,"74",74,0.05537,FALSE,"observed"
"NL",1950,"75",75,0.06355,FALSE,"observed"
"NL",1950,"76",76,0.07107,FALSE,"observed"
"NL",1950,"77",77,0.07837,FALSE,"observed"
"NL",1950,"78",78,0.08964,FALSE,"observed"
"NL",1950,"79",79,0.09499,FALSE,"observed"
"NL",1950,"80",80,0.1013,FALSE,"observed"
"NL",1950,"81",81,0.11947,FALSE,"observed"
"NL",1950,"82",82,0.13458,FALSE,"observed"
"NL",1950,"83",83,0.14877,FALSE,"observed"
"NL",1950,"84",84,0.16558,FALSE,"observed"
"NL",1950,"85",85,0.17865,FALSE,"observed"
"NL",1950,"86",86,0.19015,FALSE,"observed"
"NL",1950,"87",87,0.21628,FALSE,"observed"
"NL",1950,"88",88,0.24348,FALSE,"observed"
"NL",1950,"89",89,0.27391,FALSE,"observed"
"NL",1950,"90",90,0.28364,FALSE,"observed"
"NL",1950,"91",91,0.29505,FALSE,"observed"
"NL",1950,"92",92,0.31244,FALSE,"observed"
"NL",1950,"93",93,0.35565,FALSE,"observed"
"NL",1950,"94",94,0.38281,FALSE,"observed"
"NL",1950,"95",95,0.41069,FALSE,"observed"
"NL",1950,"96",96,0.43911,FALSE,"observed"
"NL",1950,"97",97,0.46789,FALSE,"observed"
"NL",1950,"98",98,0.49685,FALSE,"observed"
"NL",1950,"99",99,0.52578,FALSE,"observed"
"NL",1950,"100",100,0.5545,FALSE,"observed"
"NL",1950,"101",101,0.58282,FALSE,"observed"
"NL",1950,"102",102,0.61057,FALSE,"observed"
"NL",1950,"103",103,0.63757,FALSE,"observed"
"NL",1950,"104",104,0.6637,FALSE,"observed"
"NL",1950,"105",105,0.68884,FALSE,"observed"
"NL",1950,"106",106,0.71287,FALSE,"observed"
"NL",1950,"107",107,0.73574,FALSE,"observed"
"NL",1950,"108",108,0.75738,FALSE,"observed"
"NL",1950,"109",109,0.77776,FALSE,"observed"
"NL",1950,"110+",110,0.79687,FALSE,"observed"
"NL",1951,"0",0,0.0258,FALSE,"observed"
"NL",1951,"1",1,0.00384,FALSE,"observed"
"NL",1951,"2",2,0.0018,FALSE,"observed"
"NL",1951,"3",3,0.00133,FALSE,"observed"
"NL",1951,"4",4,0.00105,FALSE,"observed"
"NL",1951,"5",5,9e-04,FALSE,"observed"
"NL",1951,"6",6,7e-04,FALSE,"observed"
"NL",1951,"7",7,0.00063,FALSE,"observed"
"NL",1951,"8",8,0.00058,FALSE,"observed"
"NL",1951,"9",9,0.00047,FALSE,"observed"
"NL",1951,"10",10,0.00042,FALSE,"observed"
"NL",1951,"11",11,0.00047,FALSE,"observed"
"NL",1951,"12",12,0.00051,FALSE,"observed"
"NL",1951,"13",13,0.00054,FALSE,"observed"
"NL",1951,"14",14,0.00051,FALSE,"observed"
"NL",1951,"15",15,0.00049,FALSE,"observed"
"NL",1951,"16",16,0.00054,FALSE,"observed"
"NL",1951,"17",17,0.00061,FALSE,"observed"
"NL",1951,"18",18,0.00066,FALSE,"observed"
"NL",1951,"19",19,0.00071,FALSE,"observed"
"NL",1951,"20",20,0.00077,FALSE,"observed"
"NL",1951,"21",21,0.00084,FALSE,"observed"
"NL",1951,"22",22,0.00092,FALSE,"observed"
"NL",1951,"23",23,0.00101,FALSE,"observed"
"NL",1951,"24",24,0.00102,FALSE,"observed"
"NL",1951,"25",25,0.00103,FALSE,"observed"
"NL",1951,"26",26,0.00109,FALSE,"observed"
"NL",1951,"27",27,0.00115,FALSE,"observed"
"NL",1951,"28",28,0.00119,FALSE,"observed"
"NL",1951,"29",29,0.00111,FALSE,"observed"
"NL",1951,"30",30,0.00106,FALSE,"observed"
"NL",1951,"31",31,0.00109,FALSE,"observed"
"NL",1951,"32",32,0.00124,FALSE,"observed"
"NL",1951,"33",33,0.00136,FALSE,"observed"
"NL",1951,"34",34,0.00139,FALSE,"observed"
"NL",1951,"35",35,0.00136,FALSE,"observed"
"NL",1951,"36",36,0.00147,FALSE,"observed"
"NL",1951,"37",37,0.00149,FALSE,"observed"
"NL",1951,"38",38,0.00169,FALSE,"observed"
"NL",1951,"39",39,0.00191,FALSE,"observed"
"NL",1951,"40",40,0.00201,FALSE,"observed"
"NL",1951,"41",41,0.0023,FALSE,"observed"
"NL",1951,"42",42,0.00244,FALSE,"observed"
"NL",1951,"43",43,0.00255,FALSE,"observed"
"NL",1951,"44",44,0.00297,FALSE,"observed"
"NL",1951,"45",45,0.00333,FALSE,"observed"
"NL",1951,"46",46,0.0035,FALSE,"observed"
"NL",1951,"47",47,0.00358,FALSE,"observed"
"NL",1951,"48",48,0.00396,FALSE,"observed"
"NL",1951,"49",49,0.00456,FALSE,"observed"
"NL",1951,"50",50,0.00493,FALSE,"observed"
"NL",1951,"51",51,0.00555,FALSE,"observed"
"NL",1951,"52",52,0.00612,FALSE,"observed"
"NL",1951,"53",53,0.00653,FALSE,"observed"
"NL",1951,"54",54,0.00717,FALSE,"observed"
"NL",1951,"55",55,0.00787,FALSE,"observed"
"NL",1951,"56",56,0.00892,FALSE,"observed"
"NL",1951,"57",57,0.0098,FALSE,"observed"
"NL",1951,"58",58,0.01028,FALSE,"observed"
"NL",1951,"59",59,0.01105,FALSE,"observed"
"NL",1951,"60",60,0.01227,FALSE,"observed"
"NL",1951,"61",61,0.01393,FALSE,"observed"
"NL",1951,"62",62,0.01543,FALSE,"observed"
"NL",1951,"63",63,0.01671,FALSE,"observed"
"NL",1951,"64",64,0.01841,FALSE,"observed"
"NL",1951,"65",65,0.02083,FALSE,"observed"
"NL",1951,"66",66,0.02341,FALSE,"observed"
"NL",1951,"67",67,0.02567,FALSE,"observed"
"NL",1951,"68",68,0.02917,FALSE,"observed"
"NL",1951,"69",69,0.0331,FALSE,"observed"
"NL",1951,"70",70,0.03534,FALSE,"observed"
"NL",1951,"71",71,0.03927,FALSE,"observed"
"NL",1951,"72",72,0.04374,FALSE,"observed"
"NL",1951,"73",73,0.04863,FALSE,"observed"
"NL",1951,"74",74,0.05419,FALSE,"observed"
"NL",1951,"75",75,0.06128,FALSE,"observed"
"NL",1951,"76",76,0.07123,FALSE,"observed"
"NL",1951,"77",77,0.08011,FALSE,"observed"
"NL",1951,"78",78,0.08889,FALSE,"observed"
"NL",1951,"79",79,0.10169,FALSE,"observed"
"NL",1951,"80",80,0.11031,FALSE,"observed"
"NL",1951,"81",81,0.11781,FALSE,"observed"
"NL",1951,"82",82,0.13257,FALSE,"observed"
"NL",1951,"83",83,0.14763,FALSE,"observed"
"NL",1951,"84",84,0.16502,FALSE,"observed"
"NL",1951,"85",85,0.1806,FALSE,"observed"
"NL",1951,"86",86,0.19635,FALSE,"observed"
"NL",1951,"87",87,0.20844,FALSE,"observed"
"NL",1951,"88",88,0.23353,FALSE,"observed"
"NL",1951,"89",89,0.2596,FALSE,"observed"
"NL",1951,"90",90,0.28265,FALSE,"observed"
"NL",1951,"91",91,0.2905,FALSE,"observed"
"NL",1951,"92",92,0.32881,FALSE,"observed"
"NL",1951,"93",93,0.35387,FALSE,"observed"
"NL",1951,"94",94,0.38051,FALSE,"observed"
"NL",1951,"95",95,0.40784,FALSE,"observed"
"NL",1951,"96",96,0.43571,FALSE,"observed"
"NL",1951,"97",97,0.46394,FALSE,"observed"
"NL",1951,"98",98,0.49236,FALSE,"observed"
"NL",1951,"99",99,0.52078,FALSE,"observed"
"NL",1951,"100",100,0.54902,FALSE,"observed"
"NL",1951,"101",101,0.5769,FALSE,"observed"
"NL",1951,"102",102,0.60425,FALSE,"observed"
"NL",1951,"103",103,0.63093,FALSE,"observed"
"NL",1951,"104",104,0.65679,FALSE,"observed"
"NL",1951,"105",105,0.68171,FALSE,"observed"
"NL",1951,"106",106,0.70561,FALSE,"observed"
"NL",1951,"107",107,0.7284,FALSE,"observed"
"NL",1951,"108",108,0.75003,FALSE,"observed"
"NL",1951,"109",109,0.77046,FALSE,"observed"
"NL",1951,"110+",110,0.78967,FALSE,"observed"
"NL",1952,"0",0,0.02361,FALSE,"observed"
"NL",1952,"1",1,0.00337,FALSE,"observed"
"NL",1952,"2",2,0.00163,FALSE,"observed"
"NL",1952,"3",3,0.00119,FALSE,"observed"
"NL",1952,"4",4,0.001,FALSE,"observed"
"NL",1952,"5",5,0.00082,FALSE,"observed"
"NL",1952,"6",6,0.00071,FALSE,"observed"
"NL",1952,"7",7,0.00058,FALSE,"observed"
"NL",1952,"8",8,5e-04,FALSE,"observed"
"NL",1952,"9",9,0.00046,FALSE,"observed"
"NL",1952,"10",10,4e-04,FALSE,"observed"
"NL",1952,"11",11,0.00036,FALSE,"observed"
"NL",1952,"12",12,0.00041,FALSE,"observed"
"NL",1952,"13",13,0.00049,FALSE,"observed"
"NL",1952,"14",14,0.00045,FALSE,"observed"
"NL",1952,"15",15,0.00045,FALSE,"observed"
"NL",1952,"16",16,0.00054,FALSE,"observed"
"NL",1952,"17",17,0.00057,FALSE,"observed"
"NL",1952,"18",18,0.00061,FALSE,"observed"
"NL",1952,"19",19,0.00061,FALSE,"observed"
"NL",1952,"20",20,0.00072,FALSE,"observed"
"NL",1952,"21",21,0.00078,FALSE,"observed"
"NL",1952,"22",22,0.00075,FALSE,"observed"
"NL",1952,"23",23,8e-04,FALSE,"observed"
"NL",1952,"24",24,0.00083,FALSE,"observed"
"NL",1952,"25",25,0.00081,FALSE,"observed"
"NL",1952,"26",26,0.00088,FALSE,"observed"
"NL",1952,"27",27,0.00088,FALSE,"observed"
"NL",1952,"28",28,0.00091,FALSE,"observed"
"NL",1952,"29",29,0.001,FALSE,"observed"
"NL",1952,"30",30,0.001,FALSE,"observed"
"NL",1952,"31",31,0.0011,FALSE,"observed"
"NL",1952,"32",32,0.00115,FALSE,"observed"
"NL",1952,"33",33,0.00127,FALSE,"observed"
"NL",1952,"34",34,0.00133,FALSE,"observed"
"NL",1952,"35",35,0.00143,FALSE,"observed"
"NL",1952,"36",36,0.00147,FALSE,"observed"
"NL",1952,"37",37,0.00153,FALSE,"observed"
"NL",1952,"38",38,0.00169,FALSE,"observed"
"NL",1952,"39",39,0.00185,FALSE,"observed"
"NL",1952,"40",40,0.00189,FALSE,"observed"
"NL",1952,"41",41,0.00187,FALSE,"observed"
"NL",1952,"42",42,0.0022,FALSE,"observed"
"NL",1952,"43",43,0.00259,FALSE,"observed"
"NL",1952,"44",44,0.00279,FALSE,"observed"
"NL",1952,"45",45,0.00295,FALSE,"observed"
"NL",1952,"46",46,0.0032,FALSE,"observed"
"NL",1952,"47",47,0.00347,FALSE,"observed"
"NL",1952,"48",48,0.00394,FALSE,"observed"
"NL",1952,"49",49,0.00474,FALSE,"observed"
"NL",1952,"50",50,0.00522,FALSE,"observed"
"NL",1952,"51",51,0.00547,FALSE,"observed"
"NL",1952,"52",52,0.00595,FALSE,"observed"
"NL",1952,"53",53,0.00665,FALSE,"observed"
"NL",1952,"54",54,0.00721,FALSE,"observed"
"NL",1952,"55",55,0.00786,FALSE,"observed"
"NL",1952,"56",56,0.00852,FALSE,"observed"
"NL",1952,"57",57,0.0092,FALSE,"observed"
"NL",1952,"58",58,0.01032,FALSE,"observed"
"NL",1952,"59",59,0.01104,FALSE,"observed"
"NL",1952,"60",60,0.01206,FALSE,"observed"
"NL",1952,"61",61,0.01361,FALSE,"observed"
"NL",1952,"62",62,0.01503,FALSE,"observed"
"NL",1952,"63",63,0.01638,FALSE,"observed"
"NL",1952,"64",64,0.01848,FALSE,"observed"
"NL",1952,"65",65,0.02085,FALSE,"observed"
"NL",1952,"66",66,0.02262,FALSE,"observed"
"NL",1952,"67",67,0.02475,FALSE,"observed"
"NL",1952,"68",68,0.02819,FALSE,"observed"
"NL",1952,"69",69,0.03189,FALSE,"observed"
"NL",1952,"70",70,0.03447,FALSE,"observed"
"NL",1952,"71",71,0.03783,FALSE,"observed"
"NL",1952,"72",72,0.04286,FALSE,"observed"
"NL",1952,"73",73,0.04984,FALSE,"observed"
"NL",1952,"74",74,0.05557,FALSE,"observed"
"NL",1952,"75",75,0.06018,FALSE,"observed"
"NL",1952,"76",76,0.06639,FALSE,"observed"
"NL",1952,"77",77,0.07272,FALSE,"observed"
"NL",1952,"78",78,0.0842,FALSE,"observed"
"NL",1952,"79",79,0.09479,FALSE,"observed"
"NL",1952,"80",80,0.10687,FALSE,"observed"
"NL",1952,"81",81,0.11639,FALSE,"observed"
"NL",1952,"82",82,0.12332,FALSE,"observed"
"NL",1952,"83",83,0.13778,FALSE,"observed"
"NL",1952,"84",84,0.15135,FALSE,"observed"
"NL",1952,"85",85,0.17014,FALSE,"observed"
"NL",1952,"86",86,0.18843,FALSE,"observed"
"NL",1952,"87",87,0.20645,FALSE,"observed"
"NL",1952,"88",88,0.22502,FALSE,"observed"
"NL",1952,"89",89,0.24512,FALSE,"observed"
"NL",1952,"90",90,0.25485,FALSE,"observed"
"NL",1952,"91",91,0.28897,FALSE,"observed"
"NL",1952,"92",92,0.31865,FALSE,"observed"
"NL",1952,"93",93,0.35787,FALSE,"observed"
"NL",1952,"94",94,0.36425,FALSE,"observed"
"NL",1952,"95",95,0.39075,FALSE,"observed"
"NL",1952,"96",96,0.41784,FALSE,"observed"
"NL",1952,"97",97,0.44536,FALSE,"observed"
"NL",1952,"98",98,0.47313,FALSE,"observed"
"NL",1952,"99",99,0.50099,FALSE,"observed"
"NL",1952,"100",100,0.52876,FALSE,"observed"
"NL",1952,"101",101,0.55628,FALSE,"observed"
"NL",1952,"102",102,0.58338,FALSE,"observed"
"NL",1952,"103",103,0.60991,FALSE,"observed"
"NL",1952,"104",104,0.63574,FALSE,"observed"
"NL",1952,"105",105,0.66075,FALSE,"observed"
"NL",1952,"106",106,0.68483,FALSE,"observed"
"NL",1952,"107",107,0.70792,FALSE,"observed"
"NL",1952,"108",108,0.72994,FALSE,"observed"
"NL",1952,"109",109,0.75086,FALSE,"observed"
"NL",1952,"110+",110,0.77063,FALSE,"observed"
"NL",1953,"0",0,0.02275,FALSE,"observed"
"NL",1953,"1",1,0.00345,FALSE,"observed"
"NL",1953,"2",2,0.00182,FALSE,"observed"
"NL",1953,"3",3,0.00136,FALSE,"observed"
"NL",1953,"4",4,0.00107,FALSE,"observed"
"NL",1953,"5",5,0.00097,FALSE,"observed"
"NL",1953,"6",6,0.00088,FALSE,"observed"
"NL",1953,"7",7,0.00077,FALSE,"observed"
"NL",1953,"8",8,0.00058,FALSE,"observed"
"NL",1953,"9",9,0.00054,FALSE,"observed"
"NL",1953,"10",10,0.00054,FALSE,"observed"
"NL",1953,"11",11,0.00052,FALSE,"observed"
"NL",1953,"12",12,0.00052,FALSE,"observed"
"NL",1953,"13",13,6e-04,FALSE,"observed"
"NL",1953,"14",14,0.00068,FALSE,"observed"
"NL",1953,"15",15,0.00073,FALSE,"observed"
"NL",1953,"16",16,0.00071,FALSE,"observed"
"NL",1953,"17",17,0.00069,FALSE,"observed"
"NL",1953,"18",18,0.00075,FALSE,"observed"
"NL",1953,"19",19,0.00072,FALSE,"observed"
"NL",1953,"20",20,0.00075,FALSE,"observed"
"NL",1953,"21",21,0.00086,FALSE,"observed"
"NL",1953,"22",22,0.00085,FALSE,"observed"
"NL",1953,"23",23,9e-04,FALSE,"observed"
"NL",1953,"24",24,0.00096,FALSE,"observed"
"NL",1953,"25",25,9e-04,FALSE,"observed"
"NL",1953,"26",26,0.00093,FALSE,"observed"
"NL",1953,"27",27,0.00093,FALSE,"observed"
"NL",1953,"28",28,0.00087,FALSE,"observed"
"NL",1953,"29",29,0.00103,FALSE,"observed"
"NL",1953,"30",30,0.00113,FALSE,"observed"
"NL",1953,"31",31,0.00115,FALSE,"observed"
"NL",1953,"32",32,0.00128,FALSE,"observed"
"NL",1953,"33",33,0.00123,FALSE,"observed"
"NL",1953,"34",34,0.00136,FALSE,"observed"
"NL",1953,"35",35,0.00147,FALSE,"observed"
"NL",1953,"36",36,0.00165,FALSE,"observed"
"NL",1953,"37",37,0.00169,FALSE,"observed"
"NL",1953,"38",38,0.00167,FALSE,"observed"
"NL",1953,"39",39,0.0019,FALSE,"observed"
"NL",1953,"40",40,0.00209,FALSE,"observed"
"NL",1953,"41",41,0.00221,FALSE,"observed"
"NL",1953,"42",42,0.00242,FALSE,"observed"
"NL",1953,"43",43,0.00264,FALSE,"observed"
"NL",1953,"44",44,0.0028,FALSE,"observed"
"NL",1953,"45",45,0.00309,FALSE,"observed"
"NL",1953,"46",46,0.00345,FALSE,"observed"
"NL",1953,"47",47,0.00385,FALSE,"observed"
"NL",1953,"48",48,0.00413,FALSE,"observed"
"NL",1953,"49",49,0.00454,FALSE,"observed"
"NL",1953,"50",50,0.00521,FALSE,"observed"
"NL",1953,"51",51,0.0057,FALSE,"observed"
"NL",1953,"52",52,0.00593,FALSE,"observed"
"NL",1953,"53",53,0.00639,FALSE,"observed"
"NL",1953,"54",54,0.00728,FALSE,"observed"
"NL",1953,"55",55,0.00827,FALSE,"observed"
"NL",1953,"56",56,0.00898,FALSE,"observed"
"NL",1953,"57",57,0.00961,FALSE,"observed"
"NL",1953,"58",58,0.01049,FALSE,"observed"
"NL",1953,"59",59,0.01172,FALSE,"observed"
"NL",1953,"60",60,0.01289,FALSE,"observed"
"NL",1953,"61",61,0.01385,FALSE,"observed"
"NL",1953,"62",62,0.01519,FALSE,"observed"
"NL",1953,"63",63,0.01682,FALSE,"observed"
"NL",1953,"64",64,0.01852,FALSE,"observed"
"NL",1953,"65",65,0.0207,FALSE,"observed"
"NL",1953,"66",66,0.02292,FALSE,"observed"
"NL",1953,"67",67,0.02551,FALSE,"observed"
"NL",1953,"68",68,0.02813,FALSE,"observed"
"NL",1953,"69",69,0.03188,FALSE,"observed"
"NL",1953,"70",70,0.0366,FALSE,"observed"
"NL",1953,"71",71,0.03993,FALSE,"observed"
"NL",1953,"72",72,0.04366,FALSE,"observed"
"NL",1953,"73",73,0.04903,FALSE,"observed"
"NL",1953,"74",74,0.05605,FALSE,"observed"
"NL",1953,"75",75,0.06472,FALSE,"observed"
"NL",1953,"76",76,0.07225,FALSE,"observed"
"NL",1953,"77",77,0.07823,FALSE,"observed"
"NL",1953,"78",78,0.08619,FALSE,"observed"
"NL",1953,"79",79,0.09629,FALSE,"observed"
"NL",1953,"80",80,0.10454,FALSE,"observed"
"NL",1953,"81",81,0.12034,FALSE,"observed"
"NL",1953,"82",82,0.13259,FALSE,"observed"
"NL",1953,"83",83,0.13987,FALSE,"observed"
"NL",1953,"84",84,0.15774,FALSE,"observed"
"NL",1953,"85",85,0.17304,FALSE,"observed"
"NL",1953,"86",86,0.19135,FALSE,"observed"
"NL",1953,"87",87,0.20801,FALSE,"observed"
"NL",1953,"88",88,0.22863,FALSE,"observed"
"NL",1953,"89",89,0.2558,FALSE,"observed"
"NL",1953,"90",90,0.28277,FALSE,"observed"
"NL",1953,"91",91,0.28852,FALSE,"observed"
"NL",1953,"92",92,0.31475,FALSE,"observed"
"NL",1953,"93",93,0.35679,FALSE,"observed"
"NL",1953,"94",94,0.37361,FALSE,"observed"
"NL",1953,"95",95,0.40077,FALSE,"observed"
"NL",1953,"96",96,0.42852,FALSE,"observed"
"NL",1953,"97",97,0.45668,FALSE,"observed"
"NL",1953,"98",98,0.48509,FALSE,"observed"
"NL",1953,"99",99,0.51356,FALSE,"observed"
"NL",1953,"100",100,0.5419,FALSE,"observed"
"NL",1953,"101",101,0.56994,FALSE,"observed"
"NL",1953,"102",102,0.59751,FALSE,"observed"
"NL",1953,"103",103,0.62444,FALSE,"observed"
"NL",1953,"104",104,0.6506,FALSE,"observed"
"NL",1953,"105",105,0.67586,FALSE,"observed"
"NL",1953,"106",106,0.70012,FALSE,"observed"
"NL",1953,"107",107,0.72329,FALSE,"observed"
"NL",1953,"108",108,0.74531,FALSE,"observed"
"NL",1953,"109",109,0.76614,FALSE,"observed"
"NL",1953,"110+",110,0.78575,FALSE,"observed"
"NL",1954,"0",0,0.02204,FALSE,"observed"
"NL",1954,"1",1,0.00297,FALSE,"observed"
"NL",1954,"2",2,0.00142,FALSE,"observed"
"NL",1954,"3",3,0.00108,FALSE,"observed"
"NL",1954,"4",4,0.00088,FALSE,"observed"
"NL",1954,"5",5,7e-04,FALSE,"observed"
"NL",1954,"6",6,0.00064,FALSE,"observed"
"NL",1954,"7",7,0.00051,FALSE,"observed"
"NL",1954,"8",8,0.00046,FALSE,"observed"
"NL",1954,"9",9,0.00041,FALSE,"observed"
"NL",1954,"10",10,0.00039,FALSE,"observed"
"NL",1954,"11",11,0.00038,FALSE,"observed"
"NL",1954,"12",12,0.00038,FALSE,"observed"
"NL",1954,"13",13,0.00037,FALSE,"observed"
"NL",1954,"14",14,0.00039,FALSE,"observed"
"NL",1954,"15",15,0.00049,FALSE,"observed"
"NL",1954,"16",16,0.00052,FALSE,"observed"
"NL",1954,"17",17,0.00049,FALSE,"observed"
"NL",1954,"18",18,0.00053,FALSE,"observed"
"NL",1954,"19",19,0.00057,FALSE,"observed"
"NL",1954,"20",20,0.00058,FALSE,"observed"
"NL",1954,"21",21,0.00064,FALSE,"observed"
"NL",1954,"22",22,0.00069,FALSE,"observed"
"NL",1954,"23",23,0.00071,FALSE,"observed"
"NL",1954,"24",24,0.00076,FALSE,"observed"
"NL",1954,"25",25,0.00085,FALSE,"observed"
"NL",1954,"26",26,0.00088,FALSE,"observed"
"NL",1954,"27",27,0.00083,FALSE,"observed"
"NL",1954,"28",28,0.00084,FALSE,"observed"
"NL",1954,"29",29,0.00092,FALSE,"observed"
"NL",1954,"30",30,0.00102,FALSE,"observed"
"NL",1954,"31",31,0.00101,FALSE,"observed"
"NL",1954,"32",32,0.00103,FALSE,"observed"
"NL",1954,"33",33,0.00119,FALSE,"observed"
"NL",1954,"34",34,0.00116,FALSE,"observed"
"NL",1954,"35",35,0.0012,FALSE,"observed"
"NL",1954,"36",36,0.00131,FALSE,"observed"
"NL",1954,"37",37,0.00151,FALSE,"observed"
"NL",1954,"38",38,0.00167,FALSE,"observed"
"NL",1954,"39",39,0.0017,FALSE,"observed"
"NL",1954,"40",40,0.00184,FALSE,"observed"
"NL",1954,"41",41,0.00205,FALSE,"observed"
"NL",1954,"42",42,0.00227,FALSE,"observed"
"NL",1954,"43",43,0.00236,FALSE,"observed"
"NL",1954,"44",44,0.00243,FALSE,"observed"
"NL",1954,"45",45,0.00286,FALSE,"observed"
"NL",1954,"46",46,0.00321,FALSE,"observed"
"NL",1954,"47",47,0.0036,FALSE,"observed"
"NL",1954,"48",48,0.00408,FALSE,"observed"
"NL",1954,"49",49,0.00433,FALSE,"observed"
"NL",1954,"50",50,0.0049,FALSE,"observed"
"NL",1954,"51",51,0.00548,FALSE,"observed"
"NL",1954,"52",52,0.00597,FALSE,"observed"
"NL",1954,"53",53,0.00666,FALSE,"observed"
"NL",1954,"54",54,0.00736,FALSE,"observed"
"NL",1954,"55",55,0.00814,FALSE,"observed"
"NL",1954,"56",56,0.00869,FALSE,"observed"
"NL",1954,"57",57,0.00962,FALSE,"observed"
"NL",1954,"58",58,0.01086,FALSE,"observed"
"NL",1954,"59",59,0.01164,FALSE,"observed"
"NL",1954,"60",60,0.01243,FALSE,"observed"
"NL",1954,"61",61,0.01359,FALSE,"observed"
"NL",1954,"62",62,0.01534,FALSE,"observed"
"NL",1954,"63",63,0.01699,FALSE,"observed"
"NL",1954,"64",64,0.01871,FALSE,"observed"
"NL",1954,"65",65,0.02054,FALSE,"observed"
"NL",1954,"66",66,0.02257,FALSE,"observed"
"NL",1954,"67",67,0.02555,FALSE,"observed"
"NL",1954,"68",68,0.02851,FALSE,"observed"
"NL",1954,"69",69,0.03068,FALSE,"observed"
"NL",1954,"70",70,0.03385,FALSE,"observed"
"NL",1954,"71",71,0.03827,FALSE,"observed"
"NL",1954,"72",72,0.04324,FALSE,"observed"
"NL",1954,"73",73,0.04854,FALSE,"observed"
"NL",1954,"74",74,0.05374,FALSE,"observed"
"NL",1954,"75",75,0.06009,FALSE,"observed"
"NL",1954,"76",76,0.06698,FALSE,"observed"
"NL",1954,"77",77,0.07437,FALSE,"observed"
"NL",1954,"78",78,0.08335,FALSE,"observed"
"NL",1954,"79",79,0.09386,FALSE,"observed"
"NL",1954,"80",80,0.10471,FALSE,"observed"
"NL",1954,"81",81,0.11485,FALSE,"observed"
"NL",1954,"82",82,0.12904,FALSE,"observed"
"NL",1954,"83",83,0.14099,FALSE,"observed"
"NL",1954,"84",84,0.15423,FALSE,"observed"
"NL",1954,"85",85,0.17387,FALSE,"observed"
"NL",1954,"86",86,0.18956,FALSE,"observed"
"NL",1954,"87",87,0.20849,FALSE,"observed"
"NL",1954,"88",88,0.22744,FALSE,"observed"
"NL",1954,"89",89,0.24357,FALSE,"observed"
"NL",1954,"90",90,0.25017,FALSE,"observed"
"NL",1954,"91",91,0.27889,FALSE,"observed"
"NL",1954,"92",92,0.2914,FALSE,"observed"
"NL",1954,"93",93,0.3194,FALSE,"observed"
"NL",1954,"94",94,0.35617,FALSE,"observed"
"NL",1954,"95",95,0.38144,FALSE,"observed"
"NL",1954,"96",96,0.40727,FALSE,"observed"
"NL",1954,"97",97,0.43354,FALSE,"observed"
"NL",1954,"98",98,0.46009,FALSE,"observed"
"NL",1954,"99",99,0.48677,FALSE,"observed"
"NL",1954,"100",100,0.51343,FALSE,"observed"
"NL",1954,"101",101,0.53991,FALSE,"observed"
"NL",1954,"102",102,0.56608,FALSE,"observed"
"NL",1954,"103",103,0.59179,FALSE,"observed"
"NL",1954,"104",104,0.61692,FALSE,"observed"
"NL",1954,"105",105,0.64136,FALSE,"observed"
"NL",1954,"106",106,0.66502,FALSE,"observed"
"NL",1954,"107",107,0.68782,FALSE,"observed"
"NL",1954,"108",108,0.70968,FALSE,"observed"
"NL",1954,"109",109,0.73057,FALSE,"observed"
"NL",1954,"110+",110,0.75044,FALSE,"observed"
"NL",1955,"0",0,0.02123,FALSE,"observed"
"NL",1955,"1",1,0.00268,FALSE,"observed"
"NL",1955,"2",2,0.00135,FALSE,"observed"
"NL",1955,"3",3,0.001,FALSE,"observed"
"NL",1955,"4",4,0.00079,FALSE,"observed"
"NL",1955,"5",5,0.00059,FALSE,"observed"
"NL",1955,"6",6,0.00059,FALSE,"observed"
"NL",1955,"7",7,6e-04,FALSE,"observed"
"NL",1955,"8",8,0.00051,FALSE,"observed"
"NL",1955,"9",9,0.00049,FALSE,"observed"
"NL",1955,"10",10,0.00036,FALSE,"observed"
"NL",1955,"11",11,0.00033,FALSE,"observed"
"NL",1955,"12",12,0.00039,FALSE,"observed"
"NL",1955,"13",13,0.00048,FALSE,"observed"
"NL",1955,"14",14,0.00051,FALSE,"observed"
"NL",1955,"15",15,0.00048,FALSE,"observed"
"NL",1955,"16",16,5e-04,FALSE,"observed"
"NL",1955,"17",17,0.00051,FALSE,"observed"
"NL",1955,"18",18,0.00059,FALSE,"observed"
"NL",1955,"19",19,0.00065,FALSE,"observed"
"NL",1955,"20",20,0.00069,FALSE,"observed"
"NL",1955,"21",21,0.00071,FALSE,"observed"
"NL",1955,"22",22,0.00069,FALSE,"observed"
"NL",1955,"23",23,0.00076,FALSE,"observed"
"NL",1955,"24",24,0.00078,FALSE,"observed"
"NL",1955,"25",25,0.00074,FALSE,"observed"
"NL",1955,"26",26,0.00077,FALSE,"observed"
"NL",1955,"27",27,0.00081,FALSE,"observed"
"NL",1955,"28",28,0.00081,FALSE,"observed"
"NL",1955,"29",29,0.00089,FALSE,"observed"
"NL",1955,"30",30,0.00097,FALSE,"observed"
"NL",1955,"31",31,0.001,FALSE,"observed"
"NL",1955,"32",32,0.00098,FALSE,"observed"
"NL",1955,"33",33,0.00101,FALSE,"observed"
"NL",1955,"34",34,0.00114,FALSE,"observed"
"NL",1955,"35",35,0.00112,FALSE,"observed"
"NL",1955,"36",36,0.00134,FALSE,"observed"
"NL",1955,"37",37,0.00146,FALSE,"observed"
"NL",1955,"38",38,0.00154,FALSE,"observed"
"NL",1955,"39",39,0.00169,FALSE,"observed"
"NL",1955,"40",40,0.00184,FALSE,"observed"
"NL",1955,"41",41,0.00193,FALSE,"observed"
"NL",1955,"42",42,0.00213,FALSE,"observed"
"NL",1955,"43",43,0.00235,FALSE,"observed"
"NL",1955,"44",44,0.00268,FALSE,"observed"
"NL",1955,"45",45,0.00323,FALSE,"observed"
"NL",1955,"46",46,0.0035,FALSE,"observed"
"NL",1955,"47",47,0.00356,FALSE,"observed"
"NL",1955,"48",48,0.0039,FALSE,"observed"
"NL",1955,"49",49,0.00418,FALSE,"observed"
"NL",1955,"50",50,0.00466,FALSE,"observed"
"NL",1955,"51",51,0.00527,FALSE,"observed"
"NL",1955,"52",52,0.0057,FALSE,"observed"
"NL",1955,"53",53,0.00652,FALSE,"observed"
"NL",1955,"54",54,0.0072,FALSE,"observed"
"NL",1955,"55",55,0.00734,FALSE,"observed"
"NL",1955,"56",56,0.00824,FALSE,"observed"
"NL",1955,"57",57,0.00913,FALSE,"observed"
"NL",1955,"58",58,0.01024,FALSE,"observed"
"NL",1955,"59",59,0.01196,FALSE,"observed"
"NL",1955,"60",60,0.01292,FALSE,"observed"
"NL",1955,"61",61,0.01381,FALSE,"observed"
"NL",1955,"62",62,0.01483,FALSE,"observed"
"NL",1955,"63",63,0.0164,FALSE,"observed"
"NL",1955,"64",64,0.01791,FALSE,"observed"
"NL",1955,"65",65,0.01958,FALSE,"observed"
"NL",1955,"66",66,0.02254,FALSE,"observed"
"NL",1955,"67",67,0.02543,FALSE,"observed"
"NL",1955,"68",68,0.02754,FALSE,"observed"
"NL",1955,"69",69,0.03127,FALSE,"observed"
"NL",1955,"70",70,0.03501,FALSE,"observed"
"NL",1955,"71",71,0.03864,FALSE,"observed"
"NL",1955,"72",72,0.04332,FALSE,"observed"
"NL",1955,"73",73,0.04879,FALSE,"observed"
"NL",1955,"74",74,0.05486,FALSE,"observed"
"NL",1955,"75",75,0.06178,FALSE,"observed"
"NL",1955,"76",76,0.06921,FALSE,"observed"
"NL",1955,"77",77,0.07631,FALSE,"observed"
"NL",1955,"78",78,0.08331,FALSE,"observed"
"NL",1955,"79",79,0.09127,FALSE,"observed"
"NL",1955,"80",80,0.10261,FALSE,"observed"
"NL",1955,"81",81,0.11776,FALSE,"observed"
"NL",1955,"82",82,0.12962,FALSE,"observed"
"NL",1955,"83",83,0.14288,FALSE,"observed"
"NL",1955,"84",84,0.15669,FALSE,"observed"
"NL",1955,"85",85,0.17185,FALSE,"observed"
"NL",1955,"86",86,0.19435,FALSE,"observed"
"NL",1955,"87",87,0.21632,FALSE,"observed"
"NL",1955,"88",88,0.23911,FALSE,"observed"
"NL",1955,"89",89,0.25642,FALSE,"observed"
"NL",1955,"90",90,0.26832,FALSE,"observed"
"NL",1955,"91",91,0.28429,FALSE,"observed"
"NL",1955,"92",92,0.32127,FALSE,"observed"
"NL",1955,"93",93,0.34605,FALSE,"observed"
"NL",1955,"94",94,0.38294,FALSE,"observed"
"NL",1955,"95",95,0.41133,FALSE,"observed"
"NL",1955,"96",96,0.44029,FALSE,"observed"
"NL",1955,"97",97,0.46961,FALSE,"observed"
"NL",1955,"98",98,0.4991,FALSE,"observed"
"NL",1955,"99",99,0.52856,FALSE,"observed"
"NL",1955,"100",100,0.55778,FALSE,"observed"
"NL",1955,"101",101,0.58656,FALSE,"observed"
"NL",1955,"102",102,0.61472,FALSE,"observed"
"NL",1955,"103",103,0.6421,FALSE,"observed"
"NL",1955,"104",104,0.66855,FALSE,"observed"
"NL",1955,"105",105,0.69395,FALSE,"observed"
"NL",1955,"106",106,0.71819,FALSE,"observed"
"NL",1955,"107",107,0.74121,FALSE,"observed"
"NL",1955,"108",108,0.76294,FALSE,"observed"
"NL",1955,"109",109,0.78336,FALSE,"observed"
"NL",1955,"110+",110,0.80246,FALSE,"observed"
"NL",1956,"0",0,0.01969,FALSE,"observed"
"NL",1956,"1",1,0.00261,FALSE,"observed"
"NL",1956,"2",2,0.0013,FALSE,"observed"
"NL",1956,"3",3,0.00097,FALSE,"observed"
"NL",1956,"4",4,0.00078,FALSE,"observed"
"NL",1956,"5",5,0.00067,FALSE,"observed"
"NL",1956,"6",6,0.00059,FALSE,"observed"
"NL",1956,"7",7,0.00055,FALSE,"observed"
"NL",1956,"8",8,5e-04,FALSE,"observed"
"NL",1956,"9",9,4e-04,FALSE,"observed"
"NL",1956,"10",10,0.00039,FALSE,"observed"
"NL",1956,"11",11,0.00036,FALSE,"observed"
"NL",1956,"12",12,0.00037,FALSE,"observed"
"NL",1956,"13",13,0.00035,FALSE,"observed"
"NL",1956,"14",14,0.00038,FALSE,"observed"
"NL",1956,"15",15,0.00039,FALSE,"observed"
"NL",1956,"16",16,0.00045,FALSE,"observed"
"NL",1956,"17",17,0.00055,FALSE,"observed"
"NL",1956,"18",18,0.00061,FALSE,"observed"
"NL",1956,"19",19,0.00064,FALSE,"observed"
"NL",1956,"20",20,0.00066,FALSE,"observed"
"NL",1956,"21",21,7e-04,FALSE,"observed"
"NL",1956,"22",22,0.00072,FALSE,"observed"
"NL",1956,"23",23,0.00073,FALSE,"observed"
"NL",1956,"24",24,0.00082,FALSE,"observed"
"NL",1956,"25",25,0.00085,FALSE,"observed"
"NL",1956,"26",26,0.00079,FALSE,"observed"
"NL",1956,"27",27,0.00073,FALSE,"observed"
"NL",1956,"28",28,0.00076,FALSE,"observed"
"NL",1956,"29",29,0.00079,FALSE,"observed"
"NL",1956,"30",30,0.00087,FALSE,"observed"
"NL",1956,"31",31,0.00097,FALSE,"observed"
"NL",1956,"32",32,0.00102,FALSE,"observed"
"NL",1956,"33",33,0.00098,FALSE,"observed"
"NL",1956,"34",34,0.00103,FALSE,"observed"
"NL",1956,"35",35,0.00122,FALSE,"observed"
"NL",1956,"36",36,0.00128,FALSE,"observed"
"NL",1956,"37",37,0.00152,FALSE,"observed"
"NL",1956,"38",38,0.00151,FALSE,"observed"
"NL",1956,"39",39,0.00164,FALSE,"observed"
"NL",1956,"40",40,0.00189,FALSE,"observed"
"NL",1956,"41",41,0.00198,FALSE,"observed"
"NL",1956,"42",42,0.00202,FALSE,"observed"
"NL",1956,"43",43,0.00222,FALSE,"observed"
"NL",1956,"44",44,0.00264,FALSE,"observed"
"NL",1956,"45",45,0.00298,FALSE,"observed"
"NL",1956,"46",46,0.00302,FALSE,"observed"
"NL",1956,"47",47,0.00335,FALSE,"observed"
"NL",1956,"48",48,0.00392,FALSE,"observed"
"NL",1956,"49",49,0.00435,FALSE,"observed"
"NL",1956,"50",50,0.00475,FALSE,"observed"
"NL",1956,"51",51,0.00513,FALSE,"observed"
"NL",1956,"52",52,0.0056,FALSE,"observed"
"NL",1956,"53",53,0.00596,FALSE,"observed"
"NL",1956,"54",54,0.00655,FALSE,"observed"
"NL",1956,"55",55,0.0076,FALSE,"observed"
"NL",1956,"56",56,0.00845,FALSE,"observed"
"NL",1956,"57",57,0.00966,FALSE,"observed"
"NL",1956,"58",58,0.01068,FALSE,"observed"
"NL",1956,"59",59,0.01138,FALSE,"observed"
"NL",1956,"60",60,0.01261,FALSE,"observed"
"NL",1956,"61",61,0.01441,FALSE,"observed"
"NL",1956,"62",62,0.01561,FALSE,"observed"
"NL",1956,"63",63,0.01668,FALSE,"observed"
"NL",1956,"64",64,0.01937,FALSE,"observed"
"NL",1956,"65",65,0.02115,FALSE,"observed"
"NL",1956,"66",66,0.02283,FALSE,"observed"
"NL",1956,"67",67,0.02524,FALSE,"observed"
"NL",1956,"68",68,0.02728,FALSE,"observed"
"NL",1956,"69",69,0.03018,FALSE,"observed"
"NL",1956,"70",70,0.0341,FALSE,"observed"
"NL",1956,"71",71,0.03898,FALSE,"observed"
"NL",1956,"72",72,0.04488,FALSE,"observed"
"NL",1956,"73",73,0.0503,FALSE,"observed"
"NL",1956,"74",74,0.05628,FALSE,"observed"
"NL",1956,"75",75,0.06283,FALSE,"observed"
"NL",1956,"76",76,0.06939,FALSE,"observed"
"NL",1956,"77",77,0.0775,FALSE,"observed"
"NL",1956,"78",78,0.08764,FALSE,"observed"
"NL",1956,"79",79,0.09621,FALSE,"observed"
"NL",1956,"80",80,0.10536,FALSE,"observed"
"NL",1956,"81",81,0.12102,FALSE,"observed"
"NL",1956,"82",82,0.13833,FALSE,"observed"
"NL",1956,"83",83,0.15049,FALSE,"observed"
"NL",1956,"84",84,0.16736,FALSE,"observed"
"NL",1956,"85",85,0.18342,FALSE,"observed"
"NL",1956,"86",86,0.1987,FALSE,"observed"
"NL",1956,"87",87,0.22732,FALSE,"observed"
"NL",1956,"88",88,0.2448,FALSE,"observed"
"NL",1956,"89",89,0.26253,FALSE,"observed"
"NL",1956,"90",90,0.28803,FALSE,"observed"
"NL",1956,"91",91,0.30832,FALSE,"observed"
"NL",1956,"92",92,0.33426,FALSE,"observed"
"NL",1956,"93",93,0.35544,FALSE,"observed"
"NL",1956,"94",94,0.39469,FALSE,"observed"
"NL",1956,"95",95,0.42352,FALSE,"observed"
"NL",1956,"96",96,0.45288,FALSE,"observed"
"NL",1956,"97",97,0.48258,FALSE,"observed"
"NL",1956,"98",98,0.51239,FALSE,"observed"
"NL",1956,"99",99,0.54213,FALSE,"observed"
"NL",1956,"100",100,0.57156,FALSE,"observed"
"NL",1956,"101",101,0.60051,FALSE,"observed"
"NL",1956,"102",102,0.62877,FALSE,"observed"
"NL",1956,"103",103,0.65617,FALSE,"observed"
"NL",1956,"104",104,0.68258,FALSE,"observed"
"NL",1956,"105",105,0.70787,FALSE,"observed"
"NL",1956,"106",106,0.73193,FALSE,"observed"
"NL",1956,"107",107,0.75471,FALSE,"observed"
"NL",1956,"108",108,0.77614,FALSE,"observed"
"NL",1956,"109",109,0.79621,FALSE,"observed"
"NL",1956,"110+",110,0.81491,FALSE,"observed"
"NL",1957,"0",0,0.01813,FALSE,"observed"
"NL",1957,"1",1,0.00252,FALSE,"observed"
"NL",1957,"2",2,0.00133,FALSE,"observed"
"NL",1957,"3",3,0.00101,FALSE,"observed"
"NL",1957,"4",4,0.00087,FALSE,"observed"
"NL",1957,"5",5,0.00068,FALSE,"observed"
"NL",1957,"6",6,0.00052,FALSE,"observed"
"NL",1957,"7",7,0.00057,FALSE,"observed"
"NL",1957,"8",8,0.00051,FALSE,"observed"
"NL",1957,"9",9,0.00045,FALSE,"observed"
"NL",1957,"10",10,0.00039,FALSE,"observed"
"NL",1957,"11",11,0.00039,FALSE,"observed"
"NL",1957,"12",12,0.00042,FALSE,"observed"
"NL",1957,"13",13,0.00044,FALSE,"observed"
"NL",1957,"14",14,0.00048,FALSE,"observed"
"NL",1957,"15",15,0.00055,FALSE,"observed"
"NL",1957,"16",16,0.00054,FALSE,"observed"
"NL",1957,"17",17,0.00055,FALSE,"observed"
"NL",1957,"18",18,0.00066,FALSE,"observed"
"NL",1957,"19",19,0.00065,FALSE,"observed"
"NL",1957,"20",20,0.00071,FALSE,"observed"
"NL",1957,"21",21,0.00077,FALSE,"observed"
"NL",1957,"22",22,0.00075,FALSE,"observed"
"NL",1957,"23",23,0.00079,FALSE,"observed"
"NL",1957,"24",24,0.00077,FALSE,"observed"
"NL",1957,"25",25,8e-04,FALSE,"observed"
"NL",1957,"26",26,0.00081,FALSE,"observed"
"NL",1957,"27",27,0.00072,FALSE,"observed"
"NL",1957,"28",28,0.00079,FALSE,"observed"
"NL",1957,"29",29,9e-04,FALSE,"observed"
"NL",1957,"30",30,0.00094,FALSE,"observed"
"NL",1957,"31",31,0.00096,FALSE,"observed"
"NL",1957,"32",32,0.00101,FALSE,"observed"
"NL",1957,"33",33,0.00112,FALSE,"observed"
"NL",1957,"34",34,0.00107,FALSE,"observed"
"NL",1957,"35",35,0.00112,FALSE,"observed"
"NL",1957,"36",36,0.00123,FALSE,"observed"
"NL",1957,"37",37,0.00119,FALSE,"observed"
"NL",1957,"38",38,0.00147,FALSE,"observed"
"NL",1957,"39",39,0.00161,FALSE,"observed"
"NL",1957,"40",40,0.00177,FALSE,"observed"
"NL",1957,"41",41,0.00195,FALSE,"observed"
"NL",1957,"42",42,0.00212,FALSE,"observed"
"NL",1957,"43",43,0.00235,FALSE,"observed"
"NL",1957,"44",44,0.00263,FALSE,"observed"
"NL",1957,"45",45,0.00292,FALSE,"observed"
"NL",1957,"46",46,0.00314,FALSE,"observed"
"NL",1957,"47",47,0.0034,FALSE,"observed"
"NL",1957,"48",48,0.00383,FALSE,"observed"
"NL",1957,"49",49,0.00425,FALSE,"observed"
"NL",1957,"50",50,0.00464,FALSE,"observed"
"NL",1957,"51",51,0.00525,FALSE,"observed"
"NL",1957,"52",52,0.00575,FALSE,"observed"
"NL",1957,"53",53,0.00623,FALSE,"observed"
"NL",1957,"54",54,0.0067,FALSE,"observed"
"NL",1957,"55",55,0.00733,FALSE,"observed"
"NL",1957,"56",56,0.00822,FALSE,"observed"
"NL",1957,"57",57,0.00901,FALSE,"observed"
"NL",1957,"58",58,0.00971,FALSE,"observed"
"NL",1957,"59",59,0.01076,FALSE,"observed"
"NL",1957,"60",60,0.01248,FALSE,"observed"
"NL",1957,"61",61,0.0136,FALSE,"observed"
"NL",1957,"62",62,0.01473,FALSE,"observed"
"NL",1957,"63",63,0.01626,FALSE,"observed"
"NL",1957,"64",64,0.01761,FALSE,"observed"
"NL",1957,"65",65,0.01974,FALSE,"observed"
"NL",1957,"66",66,0.02226,FALSE,"observed"
"NL",1957,"67",67,0.02471,FALSE,"observed"
"NL",1957,"68",68,0.02745,FALSE,"observed"
"NL",1957,"69",69,0.03025,FALSE,"observed"
"NL",1957,"70",70,0.03299,FALSE,"observed"
"NL",1957,"71",71,0.03767,FALSE,"observed"
"NL",1957,"72",72,0.04278,FALSE,"observed"
"NL",1957,"73",73,0.04697,FALSE,"observed"
"NL",1957,"74",74,0.05403,FALSE,"observed"
"NL",1957,"75",75,0.06022,FALSE,"observed"
"NL",1957,"76",76,0.06411,FALSE,"observed"
"NL",1957,"77",77,0.07216,FALSE,"observed"
"NL",1957,"78",78,0.08226,FALSE,"observed"
"NL",1957,"79",79,0.09332,FALSE,"observed"
"NL",1957,"80",80,0.1007,FALSE,"observed"
"NL",1957,"81",81,0.10904,FALSE,"observed"
"NL",1957,"82",82,0.12383,FALSE,"observed"
"NL",1957,"83",83,0.14041,FALSE,"observed"
"NL",1957,"84",84,0.15007,FALSE,"observed"
"NL",1957,"85",85,0.16663,FALSE,"observed"
"NL",1957,"86",86,0.18821,FALSE,"observed"
"NL",1957,"87",87,0.20081,FALSE,"observed"
"NL",1957,"88",88,0.22431,FALSE,"observed"
"NL",1957,"89",89,0.25138,FALSE,"observed"
"NL",1957,"90",90,0.26793,FALSE,"observed"
"NL",1957,"91",91,0.29173,FALSE,"observed"
"NL",1957,"92",92,0.32665,FALSE,"observed"
"NL",1957,"93",93,0.33182,FALSE,"observed"
"NL",1957,"94",94,0.3693,FALSE,"observed"
"NL",1957,"95",95,0.39962,FALSE,"observed"
"NL",1957,"96",96,0.42834,FALSE,"observed"
"NL",1957,"97",97,0.45751,FALSE,"observed"
"NL",1957,"98",98,0.48694,FALSE,"observed"
"NL",1957,"99",99,0.51642,FALSE,"observed"
"NL",1957,"100",100,0.54574,FALSE,"observed"
"NL",1957,"101",101,0.57472,FALSE,"observed"
"NL",1957,"102",102,0.60315,FALSE,"observed"
"NL",1957,"103",103,0.63087,FALSE,"observed"
"NL",1957,"104",104,0.65772,FALSE,"observed"
"NL",1957,"105",105,0.68356,FALSE,"observed"
"NL",1957,"106",106,0.7083,FALSE,"observed"
"NL",1957,"107",107,0.73183,FALSE,"observed"
"NL",1957,"108",108,0.7541,FALSE,"observed"
"NL",1957,"109",109,0.77507,FALSE,"observed"
"NL",1957,"110+",110,0.79472,FALSE,"observed"
"NL",1958,"0",0,0.01813,FALSE,"observed"
"NL",1958,"1",1,0.00253,FALSE,"observed"
"NL",1958,"2",2,0.00137,FALSE,"observed"
"NL",1958,"3",3,0.00104,FALSE,"observed"
"NL",1958,"4",4,0.00074,FALSE,"observed"
"NL",1958,"5",5,0.00058,FALSE,"observed"
"NL",1958,"6",6,0.00056,FALSE,"observed"
"NL",1958,"7",7,5e-04,FALSE,"observed"
"NL",1958,"8",8,0.00041,FALSE,"observed"
"NL",1958,"9",9,0.00036,FALSE,"observed"
"NL",1958,"10",10,0.00034,FALSE,"observed"
"NL",1958,"11",11,0.00034,FALSE,"observed"
"NL",1958,"12",12,0.00036,FALSE,"observed"
"NL",1958,"13",13,0.00036,FALSE,"observed"
"NL",1958,"14",14,0.00041,FALSE,"observed"
"NL",1958,"15",15,0.00048,FALSE,"observed"
"NL",1958,"16",16,0.00053,FALSE,"observed"
"NL",1958,"17",17,0.00054,FALSE,"observed"
"NL",1958,"18",18,0.00065,FALSE,"observed"
"NL",1958,"19",19,0.00069,FALSE,"observed"
"NL",1958,"20",20,0.00065,FALSE,"observed"
"NL",1958,"21",21,7e-04,FALSE,"observed"
"NL",1958,"22",22,0.00076,FALSE,"observed"
"NL",1958,"23",23,0.00074,FALSE,"observed"
"NL",1958,"24",24,0.00075,FALSE,"observed"
"NL",1958,"25",25,0.00082,FALSE,"observed"
"NL",1958,"26",26,0.00081,FALSE,"observed"
"NL",1958,"27",27,0.00075,FALSE,"observed"
"NL",1958,"28",28,0.00074,FALSE,"observed"
"NL",1958,"29",29,8e-04,FALSE,"observed"
"NL",1958,"30",30,0.00084,FALSE,"observed"
"NL",1958,"31",31,0.00091,FALSE,"observed"
"NL",1958,"32",32,0.00098,FALSE,"observed"
"NL",1958,"33",33,0.00098,FALSE,"observed"
"NL",1958,"34",34,0.00104,FALSE,"observed"
"NL",1958,"35",35,0.00109,FALSE,"observed"
"NL",1958,"36",36,0.00112,FALSE,"observed"
"NL",1958,"37",37,0.00125,FALSE,"observed"
"NL",1958,"38",38,0.00131,FALSE,"observed"
"NL",1958,"39",39,0.00162,FALSE,"observed"
"NL",1958,"40",40,0.00169,FALSE,"observed"
"NL",1958,"41",41,0.00175,FALSE,"observed"
"NL",1958,"42",42,0.00219,FALSE,"observed"
"NL",1958,"43",43,0.00258,FALSE,"observed"
"NL",1958,"44",44,0.0026,FALSE,"observed"
"NL",1958,"45",45,0.00264,FALSE,"observed"
"NL",1958,"46",46,0.00289,FALSE,"observed"
"NL",1958,"47",47,0.00339,FALSE,"observed"
"NL",1958,"48",48,0.00375,FALSE,"observed"
"NL",1958,"49",49,0.00396,FALSE,"observed"
"NL",1958,"50",50,0.00458,FALSE,"observed"
"NL",1958,"51",51,0.00519,FALSE,"observed"
"NL",1958,"52",52,0.00559,FALSE,"observed"
"NL",1958,"53",53,0.00604,FALSE,"observed"
"NL",1958,"54",54,0.0066,FALSE,"observed"
"NL",1958,"55",55,0.0073,FALSE,"observed"
"NL",1958,"56",56,0.00818,FALSE,"observed"
"NL",1958,"57",57,0.00915,FALSE,"observed"
"NL",1958,"58",58,0.00995,FALSE,"observed"
"NL",1958,"59",59,0.01104,FALSE,"observed"
"NL",1958,"60",60,0.01235,FALSE,"observed"
"NL",1958,"61",61,0.01367,FALSE,"observed"
"NL",1958,"62",62,0.01487,FALSE,"observed"
"NL",1958,"63",63,0.01586,FALSE,"observed"
"NL",1958,"64",64,0.01764,FALSE,"observed"
"NL",1958,"65",65,0.01959,FALSE,"observed"
"NL",1958,"66",66,0.02205,FALSE,"observed"
"NL",1958,"67",67,0.02409,FALSE,"observed"
"NL",1958,"68",68,0.0263,FALSE,"observed"
"NL",1958,"69",69,0.02954,FALSE,"observed"
"NL",1958,"70",70,0.03316,FALSE,"observed"
"NL",1958,"71",71,0.03748,FALSE,"observed"
"NL",1958,"72",72,0.04215,FALSE,"observed"
"NL",1958,"73",73,0.04672,FALSE,"observed"
"NL",1958,"74",74,0.05193,FALSE,"observed"
"NL",1958,"75",75,0.05803,FALSE,"observed"
"NL",1958,"76",76,0.06481,FALSE,"observed"
"NL",1958,"77",77,0.07146,FALSE,"observed"
"NL",1958,"78",78,0.08033,FALSE,"observed"
"NL",1958,"79",79,0.09244,FALSE,"observed"
"NL",1958,"80",80,0.10288,FALSE,"observed"
"NL",1958,"81",81,0.11299,FALSE,"observed"
"NL",1958,"82",82,0.12437,FALSE,"observed"
"NL",1958,"83",83,0.13663,FALSE,"observed"
"NL",1958,"84",84,0.15406,FALSE,"observed"
"NL",1958,"85",85,0.16999,FALSE,"observed"
"NL",1958,"86",86,0.18887,FALSE,"observed"
"NL",1958,"87",87,0.20741,FALSE,"observed"
"NL",1958,"88",88,0.22104,FALSE,"observed"
"NL",1958,"89",89,0.24483,FALSE,"observed"
"NL",1958,"90",90,0.26324,FALSE,"observed"
"NL",1958,"91",91,0.28557,FALSE,"observed"
"NL",1958,"92",92,0.29717,FALSE,"observed"
"NL",1958,"93",93,0.34565,FALSE,"observed"
"NL",1958,"94",94,0.38908,FALSE,"observed"
"NL",1958,"95",95,0.39234,FALSE,"observed"
"NL",1958,"96",96,0.42003,FALSE,"observed"
"NL",1958,"97",97,0.44821,FALSE,"observed"
"NL",1958,"98",98,0.47669,FALSE,"observed"
"NL",1958,"99",99,0.50529,FALSE,"observed"
"NL",1958,"100",100,0.53383,FALSE,"observed"
"NL",1958,"101",101,0.56213,FALSE,"observed"
"NL",1958,"102",102,0.59,FALSE,"observed"
"NL",1958,"103",103,0.61728,FALSE,"observed"
"NL",1958,"104",104,0.64383,FALSE,"observed"
"NL",1958,"105",105,0.6695,FALSE,"observed"
"NL",1958,"106",106,0.69419,FALSE,"observed"
"NL",1958,"107",107,0.71781,FALSE,"observed"
"NL",1958,"108",108,0.74027,FALSE,"observed"
"NL",1958,"109",109,0.76153,FALSE,"observed"
"NL",1958,"110+",110,0.78156,FALSE,"observed"
"NL",1959,"0",0,0.01761,FALSE,"observed"
"NL",1959,"1",1,0.00258,FALSE,"observed"
"NL",1959,"2",2,0.00145,FALSE,"observed"
"NL",1959,"3",3,0.0011,FALSE,"observed"
"NL",1959,"4",4,0.00092,FALSE,"observed"
"NL",1959,"5",5,0.00076,FALSE,"observed"
"NL",1959,"6",6,7e-04,FALSE,"observed"
"NL",1959,"7",7,0.00059,FALSE,"observed"
"NL",1959,"8",8,0.00048,FALSE,"observed"
"NL",1959,"9",9,0.00045,FALSE,"observed"
"NL",1959,"10",10,0.00039,FALSE,"observed"
"NL",1959,"11",11,0.00036,FALSE,"observed"
"NL",1959,"12",12,0.00036,FALSE,"observed"
"NL",1959,"13",13,4e-04,FALSE,"observed"
"NL",1959,"14",14,0.00043,FALSE,"observed"
"NL",1959,"15",15,0.00048,FALSE,"observed"
"NL",1959,"16",16,0.00052,FALSE,"observed"
"NL",1959,"17",17,6e-04,FALSE,"observed"
"NL",1959,"18",18,0.00067,FALSE,"observed"
"NL",1959,"19",19,0.00068,FALSE,"observed"
"NL",1959,"20",20,0.00064,FALSE,"observed"
"NL",1959,"21",21,0.00068,FALSE,"observed"
"NL",1959,"22",22,0.00072,FALSE,"observed"
"NL",1959,"23",23,0.00068,FALSE,"observed"
"NL",1959,"24",24,7e-04,FALSE,"observed"
"NL",1959,"25",25,0.00073,FALSE,"observed"
"NL",1959,"26",26,0.00073,FALSE,"observed"
"NL",1959,"27",27,7e-04,FALSE,"observed"
"NL",1959,"28",28,0.00077,FALSE,"observed"
"NL",1959,"29",29,0.00091,FALSE,"observed"
"NL",1959,"30",30,0.00096,FALSE,"observed"
"NL",1959,"31",31,0.00095,FALSE,"observed"
"NL",1959,"32",32,0.00093,FALSE,"observed"
"NL",1959,"33",33,0.00105,FALSE,"observed"
"NL",1959,"34",34,0.00116,FALSE,"observed"
"NL",1959,"35",35,0.00119,FALSE,"observed"
"NL",1959,"36",36,0.00132,FALSE,"observed"
"NL",1959,"37",37,0.00132,FALSE,"observed"
"NL",1959,"38",38,0.00143,FALSE,"observed"
"NL",1959,"39",39,0.00159,FALSE,"observed"
"NL",1959,"40",40,0.00176,FALSE,"observed"
"NL",1959,"41",41,0.00187,FALSE,"observed"
"NL",1959,"42",42,0.00214,FALSE,"observed"
"NL",1959,"43",43,0.00237,FALSE,"observed"
"NL",1959,"44",44,0.00253,FALSE,"observed"
"NL",1959,"45",45,0.00281,FALSE,"observed"
"NL",1959,"46",46,0.00313,FALSE,"observed"
"NL",1959,"47",47,0.00331,FALSE,"observed"
"NL",1959,"48",48,0.00363,FALSE,"observed"
"NL",1959,"49",49,0.00382,FALSE,"observed"
"NL",1959,"50",50,0.00426,FALSE,"observed"
"NL",1959,"51",51,0.00501,FALSE,"observed"
"NL",1959,"52",52,0.00553,FALSE,"observed"
"NL",1959,"53",53,0.00618,FALSE,"observed"
"NL",1959,"54",54,0.00683,FALSE,"observed"
"NL",1959,"55",55,0.0075,FALSE,"observed"
"NL",1959,"56",56,0.00826,FALSE,"observed"
"NL",1959,"57",57,0.00917,FALSE,"observed"
"NL",1959,"58",58,0.01013,FALSE,"observed"
"NL",1959,"59",59,0.01106,FALSE,"observed"
"NL",1959,"60",60,0.01214,FALSE,"observed"
"NL",1959,"61",61,0.01346,FALSE,"observed"
"NL",1959,"62",62,0.01471,FALSE,"observed"
"NL",1959,"63",63,0.01628,FALSE,"observed"
"NL",1959,"64",64,0.01804,FALSE,"observed"
"NL",1959,"65",65,0.01942,FALSE,"observed"
"NL",1959,"66",66,0.02124,FALSE,"observed"
"NL",1959,"67",67,0.02397,FALSE,"observed"
"NL",1959,"68",68,0.02636,FALSE,"observed"
"NL",1959,"69",69,0.02925,FALSE,"observed"
"NL",1959,"70",70,0.03187,FALSE,"observed"
"NL",1959,"71",71,0.0355,FALSE,"observed"
"NL",1959,"72",72,0.04133,FALSE,"observed"
"NL",1959,"73",73,0.04607,FALSE,"observed"
"NL",1959,"74",74,0.05159,FALSE,"observed"
"NL",1959,"75",75,0.05779,FALSE,"observed"
"NL",1959,"76",76,0.06424,FALSE,"observed"
"NL",1959,"77",77,0.07111,FALSE,"observed"
"NL",1959,"78",78,0.07806,FALSE,"observed"
"NL",1959,"79",79,0.08885,FALSE,"observed"
"NL",1959,"80",80,0.09881,FALSE,"observed"
"NL",1959,"81",81,0.10958,FALSE,"observed"
"NL",1959,"82",82,0.12064,FALSE,"observed"
"NL",1959,"83",83,0.1326,FALSE,"observed"
"NL",1959,"84",84,0.14793,FALSE,"observed"
"NL",1959,"85",85,0.16947,FALSE,"observed"
"NL",1959,"86",86,0.18748,FALSE,"observed"
"NL",1959,"87",87,0.20348,FALSE,"observed"
"NL",1959,"88",88,0.22139,FALSE,"observed"
"NL",1959,"89",89,0.23743,FALSE,"observed"
"NL",1959,"90",90,0.26741,FALSE,"observed"
"NL",1959,"91",91,0.2835,FALSE,"observed"
"NL",1959,"92",92,0.30246,FALSE,"observed"
"NL",1959,"93",93,0.34687,FALSE,"observed"
"NL",1959,"94",94,0.36739,FALSE,"observed"
"NL",1959,"95",95,0.39671,FALSE,"observed"
"NL",1959,"96",96,0.4253,FALSE,"observed"
"NL",1959,"97",97,0.45432,FALSE,"observed"
"NL",1959,"98",98,0.48358,FALSE,"observed"
"NL",1959,"99",99,0.51288,FALSE,"observed"
"NL",1959,"100",100,0.54201,FALSE,"observed"
"NL",1959,"101",101,0.57079,FALSE,"observed"
"NL",1959,"102",102,0.59903,FALSE,"observed"
"NL",1959,"103",103,0.62656,FALSE,"observed"
"NL",1959,"104",104,0.65324,FALSE,"observed"
"NL",1959,"105",105,0.67895,FALSE,"observed"
"NL",1959,"106",106,0.70357,FALSE,"observed"
"NL",1959,"107",107,0.72704,FALSE,"observed"
"NL",1959,"108",108,0.74928,FALSE,"observed"
"NL",1959,"109",109,0.77026,FALSE,"observed"
"NL",1959,"110+",110,0.78997,FALSE,"observed"
"NL",1960,"0",0,0.01714,FALSE,"observed"
"NL",1960,"1",1,0.00218,FALSE,"observed"
"NL",1960,"2",2,0.00124,FALSE,"observed"
"NL",1960,"3",3,0.00096,FALSE,"observed"
"NL",1960,"4",4,0.00085,FALSE,"observed"
"NL",1960,"5",5,0.00069,FALSE,"observed"
"NL",1960,"6",6,0.00053,FALSE,"observed"
"NL",1960,"7",7,0.00049,FALSE,"observed"
"NL",1960,"8",8,0.00046,FALSE,"observed"
"NL",1960,"9",9,4e-04,FALSE,"observed"
"NL",1960,"10",10,0.00035,FALSE,"observed"
"NL",1960,"11",11,0.00028,FALSE,"observed"
"NL",1960,"12",12,3e-04,FALSE,"observed"
"NL",1960,"13",13,3e-04,FALSE,"observed"
"NL",1960,"14",14,0.00033,FALSE,"observed"
"NL",1960,"15",15,4e-04,FALSE,"observed"
"NL",1960,"16",16,0.00046,FALSE,"observed"
"NL",1960,"17",17,0.00052,FALSE,"observed"
"NL",1960,"18",18,0.00056,FALSE,"observed"
"NL",1960,"19",19,0.00062,FALSE,"observed"
"NL",1960,"20",20,0.00067,FALSE,"observed"
"NL",1960,"21",21,0.00067,FALSE,"observed"
"NL",1960,"22",22,0.00074,FALSE,"observed"
"NL",1960,"23",23,0.00079,FALSE,"observed"
"NL",1960,"24",24,0.00078,FALSE,"observed"
"NL",1960,"25",25,0.00076,FALSE,"observed"
"NL",1960,"26",26,0.00078,FALSE,"observed"
"NL",1960,"27",27,0.00083,FALSE,"observed"
"NL",1960,"28",28,0.00084,FALSE,"observed"
"NL",1960,"29",29,0.00078,FALSE,"observed"
"NL",1960,"30",30,8e-04,FALSE,"observed"
"NL",1960,"31",31,0.00085,FALSE,"observed"
"NL",1960,"32",32,8e-04,FALSE,"observed"
"NL",1960,"33",33,0.00088,FALSE,"observed"
"NL",1960,"34",34,0.00104,FALSE,"observed"
"NL",1960,"35",35,0.00111,FALSE,"observed"
"NL",1960,"36",36,0.00124,FALSE,"observed"
"NL",1960,"37",37,0.00128,FALSE,"observed"
"NL",1960,"38",38,0.00123,FALSE,"observed"
"NL",1960,"39",39,0.00149,FALSE,"observed"
"NL",1960,"40",40,0.00162,FALSE,"observed"
"NL",1960,"41",41,0.00185,FALSE,"observed"
"NL",1960,"42",42,0.00205,FALSE,"observed"
"NL",1960,"43",43,0.00229,FALSE,"observed"
"NL",1960,"44",44,0.00255,FALSE,"observed"
"NL",1960,"45",45,0.00273,FALSE,"observed"
"NL",1960,"46",46,0.00308,FALSE,"observed"
"NL",1960,"47",47,0.00338,FALSE,"observed"
"NL",1960,"48",48,0.00363,FALSE,"observed"
"NL",1960,"49",49,0.00401,FALSE,"observed"
"NL",1960,"50",50,0.00451,FALSE,"observed"
"NL",1960,"51",51,0.005,FALSE,"observed"
"NL",1960,"52",52,0.00551,FALSE,"observed"
"NL",1960,"53",53,0.00642,FALSE,"observed"
"NL",1960,"54",54,0.00695,FALSE,"observed"
"NL",1960,"55",55,0.00776,FALSE,"observed"
"NL",1960,"56",56,0.00845,FALSE,"observed"
"NL",1960,"57",57,0.00896,FALSE,"observed"
"NL",1960,"58",58,0.01044,FALSE,"observed"
"NL",1960,"59",59,0.01147,FALSE,"observed"
"NL",1960,"60",60,0.01235,FALSE,"observed"
"NL",1960,"61",61,0.01354,FALSE,"observed"
"NL",1960,"62",62,0.01469,FALSE,"observed"
"NL",1960,"63",63,0.01583,FALSE,"observed"
"NL",1960,"64",64,0.01724,FALSE,"observed"
"NL",1960,"65",65,0.01914,FALSE,"observed"
"NL",1960,"66",66,0.02172,FALSE,"observed"
"NL",1960,"67",67,0.02419,FALSE,"observed"
"NL",1960,"68",68,0.02689,FALSE,"observed"
"NL",1960,"69",69,0.02934,FALSE,"observed"
"NL",1960,"70",70,0.0322,FALSE,"observed"
"NL",1960,"71",71,0.03628,FALSE,"observed"
"NL",1960,"72",72,0.04113,FALSE,"observed"
"NL",1960,"73",73,0.04601,FALSE,"observed"
"NL",1960,"74",74,0.05092,FALSE,"observed"
"NL",1960,"75",75,0.05682,FALSE,"observed"
"NL",1960,"76",76,0.06279,FALSE,"observed"
"NL",1960,"77",77,0.07006,FALSE,"observed"
"NL",1960,"78",78,0.07919,FALSE,"observed"
"NL",1960,"79",79,0.08817,FALSE,"observed"
"NL",1960,"80",80,0.09939,FALSE,"observed"
"NL",1960,"81",81,0.11106,FALSE,"observed"
"NL",1960,"82",82,0.12357,FALSE,"observed"
"NL",1960,"83",83,0.13757,FALSE,"observed"
"NL",1960,"84",84,0.15112,FALSE,"observed"
"NL",1960,"85",85,0.16514,FALSE,"observed"
"NL",1960,"86",86,0.18411,FALSE,"observed"
"NL",1960,"87",87,0.20367,FALSE,"observed"
"NL",1960,"88",88,0.22318,FALSE,"observed"
"NL",1960,"89",89,0.23531,FALSE,"observed"
"NL",1960,"90",90,0.25235,FALSE,"observed"
"NL",1960,"91",91,0.2943,FALSE,"observed"
"NL",1960,"92",92,0.32305,FALSE,"observed"
"NL",1960,"93",93,0.34441,FALSE,"observed"
"NL",1960,"94",94,0.36839,FALSE,"observed"
"NL",1960,"95",95,0.39175,FALSE,"observed"
"NL",1960,"96",96,0.41958,FALSE,"observed"
"NL",1960,"97",97,0.44786,FALSE,"observed"
"NL",1960,"98",98,0.47642,FALSE,"observed"
"NL",1960,"99",99,0.50506,FALSE,"observed"
"NL",1960,"100",100,0.53361,FALSE,"observed"
"NL",1960,"101",101,0.56189,FALSE,"observed"
"NL",1960,"102",102,0.58972,FALSE,"observed"
"NL",1960,"103",103,0.61694,FALSE,"observed"
"NL",1960,"104",104,0.64341,FALSE,"observed"
"NL",1960,"105",105,0.669,FALSE,"observed"
"NL",1960,"106",106,0.69361,FALSE,"observed"
"NL",1960,"107",107,0.71714,FALSE,"observed"
"NL",1960,"108",108,0.73954,FALSE,"observed"
"NL",1960,"109",109,0.76075,FALSE,"observed"
"NL",1960,"110+",110,0.78075,FALSE,"observed"
"NL",1961,"0",0,0.01701,FALSE,"observed"
"NL",1961,"1",1,0.00202,FALSE,"observed"
"NL",1961,"2",2,0.00107,FALSE,"observed"
"NL",1961,"3",3,8e-04,FALSE,"observed"
"NL",1961,"4",4,0.00068,FALSE,"observed"
"NL",1961,"5",5,0.00062,FALSE,"observed"
"NL",1961,"6",6,0.00057,FALSE,"observed"
"NL",1961,"7",7,0.00051,FALSE,"observed"
"NL",1961,"8",8,0.00042,FALSE,"observed"
"NL",1961,"9",9,0.00033,FALSE,"observed"
"NL",1961,"10",10,0.00033,FALSE,"observed"
"NL",1961,"11",11,0.00034,FALSE,"observed"
"NL",1961,"12",12,0.00033,FALSE,"observed"
"NL",1961,"13",13,0.00037,FALSE,"observed"
"NL",1961,"14",14,4e-04,FALSE,"observed"
"NL",1961,"15",15,0.00043,FALSE,"observed"
"NL",1961,"16",16,0.00047,FALSE,"observed"
"NL",1961,"17",17,0.00058,FALSE,"observed"
"NL",1961,"18",18,6e-04,FALSE,"observed"
"NL",1961,"19",19,0.00061,FALSE,"observed"
"NL",1961,"20",20,0.00069,FALSE,"observed"
"NL",1961,"21",21,0.00074,FALSE,"observed"
"NL",1961,"22",22,0.00067,FALSE,"observed"
"NL",1961,"23",23,0.00069,FALSE,"observed"
"NL",1961,"24",24,0.00076,FALSE,"observed"
"NL",1961,"25",25,0.00077,FALSE,"observed"
"NL",1961,"26",26,0.00075,FALSE,"observed"
"NL",1961,"27",27,0.00074,FALSE,"observed"
"NL",1961,"28",28,0.00078,FALSE,"observed"
"NL",1961,"29",29,0.00078,FALSE,"observed"
"NL",1961,"30",30,0.00076,FALSE,"observed"
"NL",1961,"31",31,0.00085,FALSE,"observed"
"NL",1961,"32",32,9e-04,FALSE,"observed"
"NL",1961,"33",33,0.00086,FALSE,"observed"
"NL",1961,"34",34,0.00096,FALSE,"observed"
"NL",1961,"35",35,0.00105,FALSE,"observed"
"NL",1961,"36",36,0.00121,FALSE,"observed"
"NL",1961,"37",37,0.0014,FALSE,"observed"
"NL",1961,"38",38,0.00136,FALSE,"observed"
"NL",1961,"39",39,0.00153,FALSE,"observed"
"NL",1961,"40",40,0.00175,FALSE,"observed"
"NL",1961,"41",41,0.00175,FALSE,"observed"
"NL",1961,"42",42,0.00219,FALSE,"observed"
"NL",1961,"43",43,0.00232,FALSE,"observed"
"NL",1961,"44",44,0.00241,FALSE,"observed"
"NL",1961,"45",45,0.00261,FALSE,"observed"
"NL",1961,"46",46,0.00291,FALSE,"observed"
"NL",1961,"47",47,0.0034,FALSE,"observed"
"NL",1961,"48",48,0.00392,FALSE,"observed"
"NL",1961,"49",49,0.00421,FALSE,"observed"
"NL",1961,"50",50,0.00446,FALSE,"observed"
"NL",1961,"51",51,0.00517,FALSE,"observed"
"NL",1961,"52",52,0.00586,FALSE,"observed"
"NL",1961,"53",53,0.00643,FALSE,"observed"
"NL",1961,"54",54,0.00677,FALSE,"observed"
"NL",1961,"55",55,0.00736,FALSE,"observed"
"NL",1961,"56",56,0.00826,FALSE,"observed"
"NL",1961,"57",57,0.00922,FALSE,"observed"
"NL",1961,"58",58,0.01018,FALSE,"observed"
"NL",1961,"59",59,0.01068,FALSE,"observed"
"NL",1961,"60",60,0.01186,FALSE,"observed"
"NL",1961,"61",61,0.0134,FALSE,"observed"
"NL",1961,"62",62,0.01475,FALSE,"observed"
"NL",1961,"63",63,0.01627,FALSE,"observed"
"NL",1961,"64",64,0.0179,FALSE,"observed"
"NL",1961,"65",65,0.02002,FALSE,"observed"
"NL",1961,"66",66,0.02233,FALSE,"observed"
"NL",1961,"67",67,0.02406,FALSE,"observed"
"NL",1961,"68",68,0.02604,FALSE,"observed"
"NL",1961,"69",69,0.02965,FALSE,"observed"
"NL",1961,"70",70,0.03227,FALSE,"observed"
"NL",1961,"71",71,0.03517,FALSE,"observed"
"NL",1961,"72",72,0.0386,FALSE,"observed"
"NL",1961,"73",73,0.0436,FALSE,"observed"
"NL",1961,"74",74,0.05055,FALSE,"observed"
"NL",1961,"75",75,0.05564,FALSE,"observed"
"NL",1961,"76",76,0.06167,FALSE,"observed"
"NL",1961,"77",77,0.06926,FALSE,"observed"
"NL",1961,"78",78,0.07718,FALSE,"observed"
"NL",1961,"79",79,0.08514,FALSE,"observed"
"NL",1961,"80",80,0.09548,FALSE,"observed"
"NL",1961,"81",81,0.10796,FALSE,"observed"
"NL",1961,"82",82,0.11838,FALSE,"observed"
"NL",1961,"83",83,0.13053,FALSE,"observed"
"NL",1961,"84",84,0.14413,FALSE,"observed"
"NL",1961,"85",85,0.16052,FALSE,"observed"
"NL",1961,"86",86,0.17295,FALSE,"observed"
"NL",1961,"87",87,0.18681,FALSE,"observed"
"NL",1961,"88",88,0.2076,FALSE,"observed"
"NL",1961,"89",89,0.23437,FALSE,"observed"
"NL",1961,"90",90,0.25211,FALSE,"observed"
"NL",1961,"91",91,0.26537,FALSE,"observed"
"NL",1961,"92",92,0.28893,FALSE,"observed"
"NL",1961,"93",93,0.32167,FALSE,"observed"
"NL",1961,"94",94,0.36614,FALSE,"observed"
"NL",1961,"95",95,0.3695,FALSE,"observed"
"NL",1961,"96",96,0.39606,FALSE,"observed"
"NL",1961,"97",97,0.4232,FALSE,"observed"
"NL",1961,"98",98,0.45078,FALSE,"observed"
"NL",1961,"99",99,0.47862,FALSE,"observed"
"NL",1961,"100",100,0.50656,FALSE,"observed"
"NL",1961,"101",101,0.53443,FALSE,"observed"
"NL",1961,"102",102,0.56206,FALSE,"observed"
"NL",1961,"103",103,0.58927,FALSE,"observed"
"NL",1961,"104",104,0.61593,FALSE,"observed"
"NL",1961,"105",105,0.6419,FALSE,"observed"
"NL",1961,"106",106,0.66704,FALSE,"observed"
"NL",1961,"107",107,0.69126,FALSE,"observed"
"NL",1961,"108",108,0.71446,FALSE,"observed"
"NL",1961,"109",109,0.73659,FALSE,"observed"
"NL",1961,"110+",110,0.75759,FALSE,"observed"
"NL",1962,"0",0,0.01664,FALSE,"observed"
"NL",1962,"1",1,0.002,FALSE,"observed"
"NL",1962,"2",2,0.0011,FALSE,"observed"
"NL",1962,"3",3,0.00095,FALSE,"observed"
"NL",1962,"4",4,0.00079,FALSE,"observed"
"NL",1962,"5",5,0.00062,FALSE,"observed"
"NL",1962,"6",6,0.00055,FALSE,"observed"
"NL",1962,"7",7,0.00049,FALSE,"observed"
"NL",1962,"8",8,0.00042,FALSE,"observed"
"NL",1962,"9",9,0.00035,FALSE,"observed"
"NL",1962,"10",10,0.00033,FALSE,"observed"
"NL",1962,"11",11,0.00036,FALSE,"observed"
"NL",1962,"12",12,0.00037,FALSE,"observed"
"NL",1962,"13",13,0.00036,FALSE,"observed"
"NL",1962,"14",14,0.00037,FALSE,"observed"
"NL",1962,"15",15,0.00042,FALSE,"observed"
"NL",1962,"16",16,0.00048,FALSE,"observed"
"NL",1962,"17",17,5e-04,FALSE,"observed"
"NL",1962,"18",18,0.00062,FALSE,"observed"
"NL",1962,"19",19,0.00073,FALSE,"observed"
"NL",1962,"20",20,0.00071,FALSE,"observed"
"NL",1962,"21",21,0.00068,FALSE,"observed"
"NL",1962,"22",22,0.00072,FALSE,"observed"
"NL",1962,"23",23,0.00072,FALSE,"observed"
"NL",1962,"24",24,0.00074,FALSE,"observed"
"NL",1962,"25",25,0.00083,FALSE,"observed"
"NL",1962,"26",26,0.00085,FALSE,"observed"
"NL",1962,"27",27,0.00082,FALSE,"observed"
"NL",1962,"28",28,0.00084,FALSE,"observed"
"NL",1962,"29",29,8e-04,FALSE,"observed"
"NL",1962,"30",30,0.00086,FALSE,"observed"
"NL",1962,"31",31,0.00092,FALSE,"observed"
"NL",1962,"32",32,0.00099,FALSE,"observed"
"NL",1962,"33",33,0.00105,FALSE,"observed"
"NL",1962,"34",34,0.00111,FALSE,"observed"
"NL",1962,"35",35,0.00119,FALSE,"observed"
"NL",1962,"36",36,0.00118,FALSE,"observed"
"NL",1962,"37",37,0.00128,FALSE,"observed"
"NL",1962,"38",38,0.00147,FALSE,"observed"
"NL",1962,"39",39,0.00153,FALSE,"observed"
"NL",1962,"40",40,0.00169,FALSE,"observed"
"NL",1962,"41",41,0.00192,FALSE,"observed"
"NL",1962,"42",42,0.0019,FALSE,"observed"
"NL",1962,"43",43,0.00223,FALSE,"observed"
"NL",1962,"44",44,0.00238,FALSE,"observed"
"NL",1962,"45",45,0.00274,FALSE,"observed"
"NL",1962,"46",46,0.00324,FALSE,"observed"
"NL",1962,"47",47,0.00344,FALSE,"observed"
"NL",1962,"48",48,0.00364,FALSE,"observed"
"NL",1962,"49",49,0.0041,FALSE,"observed"
"NL",1962,"50",50,0.00464,FALSE,"observed"
"NL",1962,"51",51,0.00518,FALSE,"observed"
"NL",1962,"52",52,0.00554,FALSE,"observed"
"NL",1962,"53",53,0.00611,FALSE,"observed"
"NL",1962,"54",54,0.00682,FALSE,"observed"
"NL",1962,"55",55,0.0075,FALSE,"observed"
"NL",1962,"56",56,0.00871,FALSE,"observed"
"NL",1962,"57",57,0.00958,FALSE,"observed"
"NL",1962,"58",58,0.01043,FALSE,"observed"
"NL",1962,"59",59,0.01172,FALSE,"observed"
"NL",1962,"60",60,0.01283,FALSE,"observed"
"NL",1962,"61",61,0.01394,FALSE,"observed"
"NL",1962,"62",62,0.01537,FALSE,"observed"
"NL",1962,"63",63,0.01712,FALSE,"observed"
"NL",1962,"64",64,0.01868,FALSE,"observed"
"NL",1962,"65",65,0.02082,FALSE,"observed"
"NL",1962,"66",66,0.02275,FALSE,"observed"
"NL",1962,"67",67,0.02477,FALSE,"observed"
"NL",1962,"68",68,0.02752,FALSE,"observed"
"NL",1962,"69",69,0.02982,FALSE,"observed"
"NL",1962,"70",70,0.03269,FALSE,"observed"
"NL",1962,"71",71,0.03548,FALSE,"observed"
"NL",1962,"72",72,0.04027,FALSE,"observed"
"NL",1962,"73",73,0.04528,FALSE,"observed"
"NL",1962,"74",74,0.0506,FALSE,"observed"
"NL",1962,"75",75,0.05727,FALSE,"observed"
"NL",1962,"76",76,0.06273,FALSE,"observed"
"NL",1962,"77",77,0.07041,FALSE,"observed"
"NL",1962,"78",78,0.08034,FALSE,"observed"
"NL",1962,"79",79,0.08938,FALSE,"observed"
"NL",1962,"80",80,0.10083,FALSE,"observed"
"NL",1962,"81",81,0.11187,FALSE,"observed"
"NL",1962,"82",82,0.12564,FALSE,"observed"
"NL",1962,"83",83,0.14364,FALSE,"observed"
"NL",1962,"84",84,0.15434,FALSE,"observed"
"NL",1962,"85",85,0.16729,FALSE,"observed"
"NL",1962,"86",86,0.18095,FALSE,"observed"
"NL",1962,"87",87,0.19569,FALSE,"observed"
"NL",1962,"88",88,0.22557,FALSE,"observed"
"NL",1962,"89",89,0.25049,FALSE,"observed"
"NL",1962,"90",90,0.27726,FALSE,"observed"
"NL",1962,"91",91,0.29382,FALSE,"observed"
"NL",1962,"92",92,0.30506,FALSE,"observed"
"NL",1962,"93",93,0.34872,FALSE,"observed"
"NL",1962,"94",94,0.38477,FALSE,"observed"
"NL",1962,"95",95,0.4022,FALSE,"observed"
"NL",1962,"96",96,0.43126,FALSE,"observed"
"NL",1962,"97",97,0.46082,FALSE,"observed"
"NL",1962,"98",98,0.49069,FALSE,"observed"
"NL",1962,"99",99,0.52065,FALSE,"observed"
"NL",1962,"100",100,0.55051,FALSE,"observed"
"NL",1962,"101",101,0.58004,FALSE,"observed"
"NL",1962,"102",102,0.60905,FALSE,"observed"
"NL",1962,"103",103,0.63734,FALSE,"observed"
"NL",1962,"104",104,0.66476,FALSE,"observed"
"NL",1962,"105",105,0.69114,FALSE,"observed"
"NL",1962,"106",106,0.71637,FALSE,"observed"
"NL",1962,"107",107,0.74035,FALSE,"observed"
"NL",1962,"108",108,0.76301,FALSE,"observed"
"NL",1962,"109",109,0.78429,FALSE,"observed"
"NL",1962,"110+",110,0.80418,FALSE,"observed"
"NL",1963,"0",0,0.01555,FALSE,"observed"
"NL",1963,"1",1,0.00187,FALSE,"observed"
"NL",1963,"2",2,0.001,FALSE,"observed"
"NL",1963,"3",3,0.00083,FALSE,"observed"
"NL",1963,"4",4,7e-04,FALSE,"observed"
"NL",1963,"5",5,0.00062,FALSE,"observed"
"NL",1963,"6",6,0.00061,FALSE,"observed"
"NL",1963,"7",7,0.00055,FALSE,"observed"
"NL",1963,"8",8,0.00042,FALSE,"observed"
"NL",1963,"9",9,0.00037,FALSE,"observed"
"NL",1963,"10",10,0.00035,FALSE,"observed"
"NL",1963,"11",11,0.00032,FALSE,"observed"
"NL",1963,"12",12,0.00033,FALSE,"observed"
"NL",1963,"13",13,0.00037,FALSE,"observed"
"NL",1963,"14",14,0.00039,FALSE,"observed"
"NL",1963,"15",15,0.00042,FALSE,"observed"
"NL",1963,"16",16,0.00049,FALSE,"observed"
"NL",1963,"17",17,0.00055,FALSE,"observed"
"NL",1963,"18",18,0.00052,FALSE,"observed"
"NL",1963,"19",19,0.00063,FALSE,"observed"
"NL",1963,"20",20,0.00069,FALSE,"observed"
"NL",1963,"21",21,0.00061,FALSE,"observed"
"NL",1963,"22",22,0.00066,FALSE,"observed"
"NL",1963,"23",23,7e-04,FALSE,"observed"
"NL",1963,"24",24,0.00074,FALSE,"observed"
"NL",1963,"25",25,0.00073,FALSE,"observed"
"NL",1963,"26",26,0.00073,FALSE,"observed"
"NL",1963,"27",27,0.00078,FALSE,"observed"
"NL",1963,"28",28,0.00072,FALSE,"observed"
"NL",1963,"29",29,0.00076,FALSE,"observed"
"NL",1963,"30",30,0.00083,FALSE,"observed"
"NL",1963,"31",31,0.00086,FALSE,"observed"
"NL",1963,"32",32,0.00086,FALSE,"observed"
"NL",1963,"33",33,0.00101,FALSE,"observed"
"NL",1963,"34",34,0.00106,FALSE,"observed"
"NL",1963,"35",35,0.00108,FALSE,"observed"
"NL",1963,"36",36,0.00124,FALSE,"observed"
"NL",1963,"37",37,0.00136,FALSE,"observed"
"NL",1963,"38",38,0.00142,FALSE,"observed"
"NL",1963,"39",39,0.00151,FALSE,"observed"
"NL",1963,"40",40,0.00173,FALSE,"observed"
"NL",1963,"41",41,0.00191,FALSE,"observed"
"NL",1963,"42",42,0.00197,FALSE,"observed"
"NL",1963,"43",43,0.00208,FALSE,"observed"
"NL",1963,"44",44,0.00254,FALSE,"observed"
"NL",1963,"45",45,0.00274,FALSE,"observed"
"NL",1963,"46",46,0.00309,FALSE,"observed"
"NL",1963,"47",47,0.0036,FALSE,"observed"
"NL",1963,"48",48,0.00399,FALSE,"observed"
"NL",1963,"49",49,0.00437,FALSE,"observed"
"NL",1963,"50",50,0.0049,FALSE,"observed"
"NL",1963,"51",51,0.00514,FALSE,"observed"
"NL",1963,"52",52,0.00549,FALSE,"observed"
"NL",1963,"53",53,0.00621,FALSE,"observed"
"NL",1963,"54",54,0.00702,FALSE,"observed"
"NL",1963,"55",55,0.00747,FALSE,"observed"
"NL",1963,"56",56,0.00815,FALSE,"observed"
"NL",1963,"57",57,0.00919,FALSE,"observed"
"NL",1963,"58",58,0.01036,FALSE,"observed"
"NL",1963,"59",59,0.0117,FALSE,"observed"
"NL",1963,"60",60,0.01251,FALSE,"observed"
"NL",1963,"61",61,0.01353,FALSE,"observed"
"NL",1963,"62",62,0.01504,FALSE,"observed"
"NL",1963,"63",63,0.01677,FALSE,"observed"
"NL",1963,"64",64,0.01877,FALSE,"observed"
"NL",1963,"65",65,0.021,FALSE,"observed"
"NL",1963,"66",66,0.02324,FALSE,"observed"
"NL",1963,"67",67,0.02558,FALSE,"observed"
"NL",1963,"68",68,0.02776,FALSE,"observed"
"NL",1963,"69",69,0.03057,FALSE,"observed"
"NL",1963,"70",70,0.03392,FALSE,"observed"
"NL",1963,"71",71,0.03765,FALSE,"observed"
"NL",1963,"72",72,0.04111,FALSE,"observed"
"NL",1963,"73",73,0.04544,FALSE,"observed"
"NL",1963,"74",74,0.05166,FALSE,"observed"
"NL",1963,"75",75,0.05841,FALSE,"observed"
"NL",1963,"76",76,0.06407,FALSE,"observed"
"NL",1963,"77",77,0.06998,FALSE,"observed"
"NL",1963,"78",78,0.07909,FALSE,"observed"
"NL",1963,"79",79,0.08764,FALSE,"observed"
"NL",1963,"80",80,0.09729,FALSE,"observed"
"NL",1963,"81",81,0.11155,FALSE,"observed"
"NL",1963,"82",82,0.12483,FALSE,"observed"
"NL",1963,"83",83,0.13697,FALSE,"observed"
"NL",1963,"84",84,0.14987,FALSE,"observed"
"NL",1963,"85",85,0.16613,FALSE,"observed"
"NL",1963,"86",86,0.18326,FALSE,"observed"
"NL",1963,"87",87,0.20678,FALSE,"observed"
"NL",1963,"88",88,0.22776,FALSE,"observed"
"NL",1963,"89",89,0.24295,FALSE,"observed"
"NL",1963,"90",90,0.25374,FALSE,"observed"
"NL",1963,"91",91,0.28227,FALSE,"observed"
"NL",1963,"92",92,0.31864,FALSE,"observed"
"NL",1963,"93",93,0.34932,FALSE,"observed"
"NL",1963,"94",94,0.39139,FALSE,"observed"
"NL",1963,"95",95,0.40247,FALSE,"observed"
"NL",1963,"96",96,0.43165,FALSE,"observed"
"NL",1963,"97",97,0.46129,FALSE,"observed"
"NL",1963,"98",98,0.49118,FALSE,"observed"
"NL",1963,"99",99,0.52112,FALSE,"observed"
"NL",1963,"100",100,0.55089,FALSE,"observed"
"NL",1963,"101",101,0.58029,FALSE,"observed"
"NL",1963,"102",102,0.60912,FALSE,"observed"
"NL",1963,"103",103,0.63721,FALSE,"observed"
"NL",1963,"104",104,0.66439,FALSE,"observed"
"NL",1963,"105",105,0.69053,FALSE,"observed"
"NL",1963,"106",106,0.71551,FALSE,"observed"
"NL",1963,"107",107,0.73924,FALSE,"observed"
"NL",1963,"108",108,0.76166,FALSE,"observed"
"NL",1963,"109",109,0.78273,FALSE,"observed"
"NL",1963,"110+",110,0.80244,FALSE,"observed"
"NL",1964,"0",0,0.01458,FALSE,"observed"
"NL",1964,"1",1,0.00171,FALSE,"observed"
"NL",1964,"2",2,0.00108,FALSE,"observed"
"NL",1964,"3",3,0.00086,FALSE,"observed"
"NL",1964,"4",4,0.00073,FALSE,"observed"
"NL",1964,"5",5,0.00066,FALSE,"observed"
"NL",1964,"6",6,0.00059,FALSE,"observed"
"NL",1964,"7",7,0.00048,FALSE,"observed"
"NL",1964,"8",8,0.00041,FALSE,"observed"
"NL",1964,"9",9,4e-04,FALSE,"observed"
"NL",1964,"10",10,0.00039,FALSE,"observed"
"NL",1964,"11",11,0.00038,FALSE,"observed"
"NL",1964,"12",12,0.00037,FALSE,"observed"
"NL",1964,"13",13,0.00038,FALSE,"observed"
"NL",1964,"14",14,0.00039,FALSE,"observed"
"NL",1964,"15",15,4e-04,FALSE,"observed"
"NL",1964,"16",16,0.00048,FALSE,"observed"
"NL",1964,"17",17,0.00064,FALSE,"observed"
"NL",1964,"18",18,0.00075,FALSE,"observed"
"NL",1964,"19",19,7e-04,FALSE,"observed"
"NL",1964,"20",20,7e-04,FALSE,"observed"
"NL",1964,"21",21,0.00071,FALSE,"observed"
"NL",1964,"22",22,0.00076,FALSE,"observed"
"NL",1964,"23",23,0.00068,FALSE,"observed"
"NL",1964,"24",24,0.00069,FALSE,"observed"
"NL",1964,"25",25,0.00079,FALSE,"observed"
"NL",1964,"26",26,0.00078,FALSE,"observed"
"NL",1964,"27",27,7e-04,FALSE,"observed"
"NL",1964,"28",28,0.00072,FALSE,"observed"
"NL",1964,"29",29,8e-04,FALSE,"observed"
"NL",1964,"30",30,0.00082,FALSE,"observed"
"NL",1964,"31",31,0.00087,FALSE,"observed"
"NL",1964,"32",32,0.00089,FALSE,"observed"
"NL",1964,"33",33,0.00093,FALSE,"observed"
"NL",1964,"34",34,0.00103,FALSE,"observed"
"NL",1964,"35",35,0.00118,FALSE,"observed"
"NL",1964,"36",36,0.00124,FALSE,"observed"
"NL",1964,"37",37,0.00126,FALSE,"observed"
"NL",1964,"38",38,0.00139,FALSE,"observed"
"NL",1964,"39",39,0.00159,FALSE,"observed"
"NL",1964,"40",40,0.00161,FALSE,"observed"
"NL",1964,"41",41,0.00168,FALSE,"observed"
"NL",1964,"42",42,0.00202,FALSE,"observed"
"NL",1964,"43",43,0.00233,FALSE,"observed"
"NL",1964,"44",44,0.00241,FALSE,"observed"
"NL",1964,"45",45,0.00286,FALSE,"observed"
"NL",1964,"46",46,0.00315,FALSE,"observed"
"NL",1964,"47",47,0.00359,FALSE,"observed"
"NL",1964,"48",48,0.00418,FALSE,"observed"
"NL",1964,"49",49,0.00438,FALSE,"observed"
"NL",1964,"50",50,0.00452,FALSE,"observed"
"NL",1964,"51",51,0.00485,FALSE,"observed"
"NL",1964,"52",52,0.00542,FALSE,"observed"
"NL",1964,"53",53,0.00629,FALSE,"observed"
"NL",1964,"54",54,0.00715,FALSE,"observed"
"NL",1964,"55",55,0.00804,FALSE,"observed"
"NL",1964,"56",56,0.00852,FALSE,"observed"
"NL",1964,"57",57,0.00913,FALSE,"observed"
"NL",1964,"58",58,0.01021,FALSE,"observed"
"NL",1964,"59",59,0.01139,FALSE,"observed"
"NL",1964,"60",60,0.01252,FALSE,"observed"
"NL",1964,"61",61,0.01371,FALSE,"observed"
"NL",1964,"62",62,0.01566,FALSE,"observed"
"NL",1964,"63",63,0.01724,FALSE,"observed"
"NL",1964,"64",64,0.01831,FALSE,"observed"
"NL",1964,"65",65,0.02046,FALSE,"observed"
"NL",1964,"66",66,0.02276,FALSE,"observed"
"NL",1964,"67",67,0.02489,FALSE,"observed"
"NL",1964,"68",68,0.02745,FALSE,"observed"
"NL",1964,"69",69,0.02989,FALSE,"observed"
"NL",1964,"70",70,0.03256,FALSE,"observed"
"NL",1964,"71",71,0.036,FALSE,"observed"
"NL",1964,"72",72,0.04002,FALSE,"observed"
"NL",1964,"73",73,0.04399,FALSE,"observed"
"NL",1964,"74",74,0.04837,FALSE,"observed"
"NL",1964,"75",75,0.05282,FALSE,"observed"
"NL",1964,"76",76,0.05918,FALSE,"observed"
"NL",1964,"77",77,0.06732,FALSE,"observed"
"NL",1964,"78",78,0.07491,FALSE,"observed"
"NL",1964,"79",79,0.0826,FALSE,"observed"
"NL",1964,"80",80,0.09195,FALSE,"observed"
"NL",1964,"81",81,0.10085,FALSE,"observed"
"NL",1964,"82",82,0.10906,FALSE,"observed"
"NL",1964,"83",83,0.12141,FALSE,"observed"
"NL",1964,"84",84,0.13457,FALSE,"observed"
"NL",1964,"85",85,0.1464,FALSE,"observed"
"NL",1964,"86",86,0.16606,FALSE,"observed"
"NL",1964,"87",87,0.18502,FALSE,"observed"
"NL",1964,"88",88,0.19688,FALSE,"observed"
"NL",1964,"89",89,0.21119,FALSE,"observed"
"NL",1964,"90",90,0.23443,FALSE,"observed"
"NL",1964,"91",91,0.25023,FALSE,"observed"
"NL",1964,"92",92,0.2877,FALSE,"observed"
"NL",1964,"93",93,0.3037,FALSE,"observed"
"NL",1964,"94",94,0.30139,FALSE,"observed"
"NL",1964,"95",95,0.35066,FALSE,"observed"
"NL",1964,"96",96,0.37677,FALSE,"observed"
"NL",1964,"97",97,0.40364,FALSE,"observed"
"NL",1964,"98",98,0.43112,FALSE,"observed"
"NL",1964,"99",99,0.45907,FALSE,"observed"
"NL",1964,"100",100,0.4873,FALSE,"observed"
"NL",1964,"101",101,0.51565,FALSE,"observed"
"NL",1964,"102",102,0.54394,FALSE,"observed"
"NL",1964,"103",103,0.57199,FALSE,"observed"
"NL",1964,"104",104,0.59961,FALSE,"observed"
"NL",1964,"105",105,0.62666,FALSE,"observed"
"NL",1964,"106",106,0.65298,FALSE,"observed"
"NL",1964,"107",107,0.67843,FALSE,"observed"
"NL",1964,"108",108,0.7029,FALSE,"observed"
"NL",1964,"109",109,0.72629,FALSE,"observed"
"NL",1964,"110+",110,0.74852,FALSE,"observed"
"NL",1965,"0",0,0.01407,FALSE,"observed"
"NL",1965,"1",1,0.00149,FALSE,"observed"
"NL",1965,"2",2,0.00099,FALSE,"observed"
"NL",1965,"3",3,0.00085,FALSE,"observed"
"NL",1965,"4",4,0.00071,FALSE,"observed"
"NL",1965,"5",5,0.00058,FALSE,"observed"
"NL",1965,"6",6,0.00051,FALSE,"observed"
"NL",1965,"7",7,0.00045,FALSE,"observed"
"NL",1965,"8",8,0.00037,FALSE,"observed"
"NL",1965,"9",9,0.00041,FALSE,"observed"
"NL",1965,"10",10,0.00038,FALSE,"observed"
"NL",1965,"11",11,3e-04,FALSE,"observed"
"NL",1965,"12",12,0.00031,FALSE,"observed"
"NL",1965,"13",13,0.00035,FALSE,"observed"
"NL",1965,"14",14,0.00039,FALSE,"observed"
"NL",1965,"15",15,0.00044,FALSE,"observed"
"NL",1965,"16",16,0.00055,FALSE,"observed"
"NL",1965,"17",17,6e-04,FALSE,"observed"
"NL",1965,"18",18,0.00063,FALSE,"observed"
"NL",1965,"19",19,7e-04,FALSE,"observed"
"NL",1965,"20",20,0.00071,FALSE,"observed"
"NL",1965,"21",21,0.00076,FALSE,"observed"
"NL",1965,"22",22,0.00078,FALSE,"observed"
"NL",1965,"23",23,0.00075,FALSE,"observed"
"NL",1965,"24",24,0.00079,FALSE,"observed"
"NL",1965,"25",25,0.00076,FALSE,"observed"
"NL",1965,"26",26,0.00069,FALSE,"observed"
"NL",1965,"27",27,0.00068,FALSE,"observed"
"NL",1965,"28",28,0.00069,FALSE,"observed"
"NL",1965,"29",29,0.00077,FALSE,"observed"
"NL",1965,"30",30,8e-04,FALSE,"observed"
"NL",1965,"31",31,8e-04,FALSE,"observed"
"NL",1965,"32",32,0.00079,FALSE,"observed"
"NL",1965,"33",33,0.00091,FALSE,"observed"
"NL",1965,"34",34,0.00103,FALSE,"observed"
"NL",1965,"35",35,0.00111,FALSE,"observed"
"NL",1965,"36",36,0.00122,FALSE,"observed"
"NL",1965,"37",37,0.00138,FALSE,"observed"
"NL",1965,"38",38,0.00151,FALSE,"observed"
"NL",1965,"39",39,0.0016,FALSE,"observed"
"NL",1965,"40",40,0.00181,FALSE,"observed"
"NL",1965,"41",41,0.00191,FALSE,"observed"
"NL",1965,"42",42,0.00196,FALSE,"observed"
"NL",1965,"43",43,0.00228,FALSE,"observed"
"NL",1965,"44",44,0.00259,FALSE,"observed"
"NL",1965,"45",45,0.00278,FALSE,"observed"
"NL",1965,"46",46,0.00337,FALSE,"observed"
"NL",1965,"47",47,0.00344,FALSE,"observed"
"NL",1965,"48",48,0.00383,FALSE,"observed"
"NL",1965,"49",49,0.00422,FALSE,"observed"
"NL",1965,"50",50,0.00466,FALSE,"observed"
"NL",1965,"51",51,0.00544,FALSE,"observed"
"NL",1965,"52",52,0.00597,FALSE,"observed"
"NL",1965,"53",53,0.00659,FALSE,"observed"
"NL",1965,"54",54,0.00723,FALSE,"observed"
"NL",1965,"55",55,0.00764,FALSE,"observed"
"NL",1965,"56",56,0.00854,FALSE,"observed"
"NL",1965,"57",57,0.00952,FALSE,"observed"
"NL",1965,"58",58,0.01047,FALSE,"observed"
"NL",1965,"59",59,0.01149,FALSE,"observed"
"NL",1965,"60",60,0.01243,FALSE,"observed"
"NL",1965,"61",61,0.01363,FALSE,"observed"
"NL",1965,"62",62,0.01514,FALSE,"observed"
"NL",1965,"63",63,0.01726,FALSE,"observed"
"NL",1965,"64",64,0.01921,FALSE,"observed"
"NL",1965,"65",65,0.02062,FALSE,"observed"
"NL",1965,"66",66,0.02283,FALSE,"observed"
"NL",1965,"67",67,0.02511,FALSE,"observed"
"NL",1965,"68",68,0.02752,FALSE,"observed"
"NL",1965,"69",69,0.03068,FALSE,"observed"
"NL",1965,"70",70,0.03368,FALSE,"observed"
"NL",1965,"71",71,0.03685,FALSE,"observed"
"NL",1965,"72",72,0.04028,FALSE,"observed"
"NL",1965,"73",73,0.04522,FALSE,"observed"
"NL",1965,"74",74,0.05,FALSE,"observed"
"NL",1965,"75",75,0.05504,FALSE,"observed"
"NL",1965,"76",76,0.06143,FALSE,"observed"
"NL",1965,"77",77,0.06918,FALSE,"observed"
"NL",1965,"78",78,0.07843,FALSE,"observed"
"NL",1965,"79",79,0.08538,FALSE,"observed"
"NL",1965,"80",80,0.09305,FALSE,"observed"
"NL",1965,"81",81,0.10514,FALSE,"observed"
"NL",1965,"82",82,0.11555,FALSE,"observed"
"NL",1965,"83",83,0.12548,FALSE,"observed"
"NL",1965,"84",84,0.1392,FALSE,"observed"
"NL",1965,"85",85,0.15642,FALSE,"observed"
"NL",1965,"86",86,0.17518,FALSE,"observed"
"NL",1965,"87",87,0.19277,FALSE,"observed"
"NL",1965,"88",88,0.20456,FALSE,"observed"
"NL",1965,"89",89,0.22601,FALSE,"observed"
"NL",1965,"90",90,0.2446,FALSE,"observed"
"NL",1965,"91",91,0.25724,FALSE,"observed"
"NL",1965,"92",92,0.29382,FALSE,"observed"
"NL",1965,"93",93,0.32811,FALSE,"observed"
"NL",1965,"94",94,0.34798,FALSE,"observed"
"NL",1965,"95",95,0.36984,FALSE,"observed"
"NL",1965,"96",96,0.39712,FALSE,"observed"
"NL",1965,"97",97,0.42507,FALSE,"observed"
"NL",1965,"98",98,0.4535,FALSE,"observed"
"NL",1965,"99",99,0.48224,FALSE,"observed"
"NL",1965,"100",100,0.51111,FALSE,"observed"
"NL",1965,"101",101,0.53991,FALSE,"observed"
"NL",1965,"102",102,0.56847,FALSE,"observed"
"NL",1965,"103",103,0.59659,FALSE,"observed"
"NL",1965,"104",104,0.62411,FALSE,"observed"
"NL",1965,"105",105,0.65086,FALSE,"observed"
"NL",1965,"106",106,0.67672,FALSE,"observed"
"NL",1965,"107",107,0.70156,FALSE,"observed"
"NL",1965,"108",108,0.72529,FALSE,"observed"
"NL",1965,"109",109,0.74784,FALSE,"observed"
"NL",1965,"110+",110,0.76914,FALSE,"observed"
"NL",1966,"0",0,0.01429,FALSE,"observed"
"NL",1966,"1",1,0.00173,FALSE,"observed"
"NL",1966,"2",2,0.001,FALSE,"observed"
"NL",1966,"3",3,0.00083,FALSE,"observed"
"NL",1966,"4",4,0.00062,FALSE,"observed"
"NL",1966,"5",5,0.00056,FALSE,"observed"
"NL",1966,"6",6,0.00053,FALSE,"observed"
"NL",1966,"7",7,0.00045,FALSE,"observed"
"NL",1966,"8",8,0.00042,FALSE,"observed"
"NL",1966,"9",9,0.00038,FALSE,"observed"
"NL",1966,"10",10,4e-04,FALSE,"observed"
"NL",1966,"11",11,0.00038,FALSE,"observed"
"NL",1966,"12",12,0.00033,FALSE,"observed"
"NL",1966,"13",13,0.00036,FALSE,"observed"
"NL",1966,"14",14,0.00043,FALSE,"observed"
"NL",1966,"15",15,0.00052,FALSE,"observed"
"NL",1966,"16",16,0.00062,FALSE,"observed"
"NL",1966,"17",17,0.00062,FALSE,"observed"
"NL",1966,"18",18,0.00071,FALSE,"observed"
"NL",1966,"19",19,0.00078,FALSE,"observed"
"NL",1966,"20",20,0.00075,FALSE,"observed"
"NL",1966,"21",21,0.00069,FALSE,"observed"
"NL",1966,"22",22,0.00071,FALSE,"observed"
"NL",1966,"23",23,0.00072,FALSE,"observed"
"NL",1966,"24",24,0.00073,FALSE,"observed"
"NL",1966,"25",25,0.00072,FALSE,"observed"
"NL",1966,"26",26,0.00074,FALSE,"observed"
"NL",1966,"27",27,0.00068,FALSE,"observed"
"NL",1966,"28",28,0.00069,FALSE,"observed"
"NL",1966,"29",29,0.00082,FALSE,"observed"
"NL",1966,"30",30,0.00087,FALSE,"observed"
"NL",1966,"31",31,0.00085,FALSE,"observed"
"NL",1966,"32",32,9e-04,FALSE,"observed"
"NL",1966,"33",33,0.00093,FALSE,"observed"
"NL",1966,"34",34,0.00097,FALSE,"observed"
"NL",1966,"35",35,0.00114,FALSE,"observed"
"NL",1966,"36",36,0.00124,FALSE,"observed"
"NL",1966,"37",37,0.00125,FALSE,"observed"
"NL",1966,"38",38,0.00141,FALSE,"observed"
"NL",1966,"39",39,0.00153,FALSE,"observed"
"NL",1966,"40",40,0.00175,FALSE,"observed"
"NL",1966,"41",41,0.00195,FALSE,"observed"
"NL",1966,"42",42,0.00219,FALSE,"observed"
"NL",1966,"43",43,0.00239,FALSE,"observed"
"NL",1966,"44",44,0.00253,FALSE,"observed"
"NL",1966,"45",45,0.00282,FALSE,"observed"
"NL",1966,"46",46,0.00296,FALSE,"observed"
"NL",1966,"47",47,0.00365,FALSE,"observed"
"NL",1966,"48",48,0.00383,FALSE,"observed"
"NL",1966,"49",49,0.00412,FALSE,"observed"
"NL",1966,"50",50,0.0047,FALSE,"observed"
"NL",1966,"51",51,0.00524,FALSE,"observed"
"NL",1966,"52",52,0.00596,FALSE,"observed"
"NL",1966,"53",53,0.00656,FALSE,"observed"
"NL",1966,"54",54,0.00718,FALSE,"observed"
"NL",1966,"55",55,0.00784,FALSE,"observed"
"NL",1966,"56",56,0.00857,FALSE,"observed"
"NL",1966,"57",57,0.00971,FALSE,"observed"
"NL",1966,"58",58,0.01082,FALSE,"observed"
"NL",1966,"59",59,0.01169,FALSE,"observed"
"NL",1966,"60",60,0.01242,FALSE,"observed"
"NL",1966,"61",61,0.01363,FALSE,"observed"
"NL",1966,"62",62,0.01541,FALSE,"observed"
"NL",1966,"63",63,0.01714,FALSE,"observed"
"NL",1966,"64",64,0.01891,FALSE,"observed"
"NL",1966,"65",65,0.02068,FALSE,"observed"
"NL",1966,"66",66,0.0224,FALSE,"observed"
"NL",1966,"67",67,0.02463,FALSE,"observed"
"NL",1966,"68",68,0.02696,FALSE,"observed"
"NL",1966,"69",69,0.03026,FALSE,"observed"
"NL",1966,"70",70,0.03393,FALSE,"observed"
"NL",1966,"71",71,0.03716,FALSE,"observed"
"NL",1966,"72",72,0.0416,FALSE,"observed"
"NL",1966,"73",73,0.04524,FALSE,"observed"
"NL",1966,"74",74,0.04973,FALSE,"observed"
"NL",1966,"75",75,0.05512,FALSE,"observed"
"NL",1966,"76",76,0.06149,FALSE,"observed"
"NL",1966,"77",77,0.06886,FALSE,"observed"
"NL",1966,"78",78,0.07482,FALSE,"observed"
"NL",1966,"79",79,0.08429,FALSE,"observed"
"NL",1966,"80",80,0.0949,FALSE,"observed"
"NL",1966,"81",81,0.10262,FALSE,"observed"
"NL",1966,"82",82,0.11335,FALSE,"observed"
"NL",1966,"83",83,0.12647,FALSE,"observed"
"NL",1966,"84",84,0.14273,FALSE,"observed"
"NL",1966,"85",85,0.16003,FALSE,"observed"
"NL",1966,"86",86,0.17511,FALSE,"observed"
"NL",1966,"87",87,0.19093,FALSE,"observed"
"NL",1966,"88",88,0.20974,FALSE,"observed"
"NL",1966,"89",89,0.22946,FALSE,"observed"
"NL",1966,"90",90,0.24375,FALSE,"observed"
"NL",1966,"91",91,0.26369,FALSE,"observed"
"NL",1966,"92",92,0.30246,FALSE,"observed"
"NL",1966,"93",93,0.32872,FALSE,"observed"
"NL",1966,"94",94,0.35467,FALSE,"observed"
"NL",1966,"95",95,0.376,FALSE,"observed"
"NL",1966,"96",96,0.40407,FALSE,"observed"
"NL",1966,"97",97,0.43282,FALSE,"observed"
"NL",1966,"98",98,0.46206,FALSE,"observed"
"NL",1966,"99",99,0.4916,FALSE,"observed"
"NL",1966,"100",100,0.52124,FALSE,"observed"
"NL",1966,"101",101,0.55078,FALSE,"observed"
"NL",1966,"102",102,0.58,FALSE,"observed"
"NL",1966,"103",103,0.60872,FALSE,"observed"
"NL",1966,"104",104,0.63674,FALSE,"observed"
"NL",1966,"105",105,0.66391,FALSE,"observed"
"NL",1966,"106",106,0.69008,FALSE,"observed"
"NL",1966,"107",107,0.71513,FALSE,"observed"
"NL",1966,"108",108,0.73896,FALSE,"observed"
"NL",1966,"109",109,0.76149,FALSE,"observed"
"NL",1966,"110+",110,0.78269,FALSE,"observed"
"NL",1967,"0",0,0.01317,FALSE,"observed"
"NL",1967,"1",1,0.00159,FALSE,"observed"
"NL",1967,"2",2,0.001,FALSE,"observed"
"NL",1967,"3",3,8e-04,FALSE,"observed"
"NL",1967,"4",4,0.00062,FALSE,"observed"
"NL",1967,"5",5,0.00052,FALSE,"observed"
"NL",1967,"6",6,0.00052,FALSE,"observed"
"NL",1967,"7",7,0.00048,FALSE,"observed"
"NL",1967,"8",8,0.00042,FALSE,"observed"
"NL",1967,"9",9,4e-04,FALSE,"observed"
"NL",1967,"10",10,0.00037,FALSE,"observed"
"NL",1967,"11",11,0.00035,FALSE,"observed"
"NL",1967,"12",12,0.00038,FALSE,"observed"
"NL",1967,"13",13,0.00043,FALSE,"observed"
"NL",1967,"14",14,0.00043,FALSE,"observed"
"NL",1967,"15",15,0.00051,FALSE,"observed"
"NL",1967,"16",16,0.00068,FALSE,"observed"
"NL",1967,"17",17,0.00075,FALSE,"observed"
"NL",1967,"18",18,0.00072,FALSE,"observed"
"NL",1967,"19",19,0.00069,FALSE,"observed"
"NL",1967,"20",20,0.00069,FALSE,"observed"
"NL",1967,"21",21,0.00075,FALSE,"observed"
"NL",1967,"22",22,0.00078,FALSE,"observed"
"NL",1967,"23",23,0.00075,FALSE,"observed"
"NL",1967,"24",24,0.00069,FALSE,"observed"
"NL",1967,"25",25,0.00075,FALSE,"observed"
"NL",1967,"26",26,0.00077,FALSE,"observed"
"NL",1967,"27",27,0.00081,FALSE,"observed"
"NL",1967,"28",28,0.00078,FALSE,"observed"
"NL",1967,"29",29,8e-04,FALSE,"observed"
"NL",1967,"30",30,0.00092,FALSE,"observed"
"NL",1967,"31",31,0.00092,FALSE,"observed"
"NL",1967,"32",32,0.00092,FALSE,"observed"
"NL",1967,"33",33,0.00106,FALSE,"observed"
"NL",1967,"34",34,0.00102,FALSE,"observed"
"NL",1967,"35",35,0.00103,FALSE,"observed"
"NL",1967,"36",36,0.00117,FALSE,"observed"
"NL",1967,"37",37,0.0012,FALSE,"observed"
"NL",1967,"38",38,0.00136,FALSE,"observed"
"NL",1967,"39",39,0.0016,FALSE,"observed"
"NL",1967,"40",40,0.00179,FALSE,"observed"
"NL",1967,"41",41,0.00197,FALSE,"observed"
"NL",1967,"42",42,0.00213,FALSE,"observed"
"NL",1967,"43",43,0.00238,FALSE,"observed"
"NL",1967,"44",44,0.00267,FALSE,"observed"
"NL",1967,"45",45,0.00286,FALSE,"observed"
"NL",1967,"46",46,0.00307,FALSE,"observed"
"NL",1967,"47",47,0.00324,FALSE,"observed"
"NL",1967,"48",48,0.00409,FALSE,"observed"
"NL",1967,"49",49,0.00435,FALSE,"observed"
"NL",1967,"50",50,0.00475,FALSE,"observed"
"NL",1967,"51",51,0.00522,FALSE,"observed"
"NL",1967,"52",52,0.00568,FALSE,"observed"
"NL",1967,"53",53,0.00642,FALSE,"observed"
"NL",1967,"54",54,0.00703,FALSE,"observed"
"NL",1967,"55",55,0.00766,FALSE,"observed"
"NL",1967,"56",56,0.00846,FALSE,"observed"
"NL",1967,"57",57,0.00954,FALSE,"observed"
"NL",1967,"58",58,0.01029,FALSE,"observed"
"NL",1967,"59",59,0.01137,FALSE,"observed"
"NL",1967,"60",60,0.01303,FALSE,"observed"
"NL",1967,"61",61,0.01419,FALSE,"observed"
"NL",1967,"62",62,0.01542,FALSE,"observed"
"NL",1967,"63",63,0.0169,FALSE,"observed"
"NL",1967,"64",64,0.01845,FALSE,"observed"
"NL",1967,"65",65,0.02047,FALSE,"observed"
"NL",1967,"66",66,0.02258,FALSE,"observed"
"NL",1967,"67",67,0.02435,FALSE,"observed"
"NL",1967,"68",68,0.02726,FALSE,"observed"
"NL",1967,"69",69,0.02996,FALSE,"observed"
"NL",1967,"70",70,0.03308,FALSE,"observed"
"NL",1967,"71",71,0.03734,FALSE,"observed"
"NL",1967,"72",72,0.03992,FALSE,"observed"
"NL",1967,"73",73,0.0433,FALSE,"observed"
"NL",1967,"74",74,0.04845,FALSE,"observed"
"NL",1967,"75",75,0.05514,FALSE,"observed"
"NL",1967,"76",76,0.06098,FALSE,"observed"
"NL",1967,"77",77,0.06677,FALSE,"observed"
"NL",1967,"78",78,0.07256,FALSE,"observed"
"NL",1967,"79",79,0.07928,FALSE,"observed"
"NL",1967,"80",80,0.08908,FALSE,"observed"
"NL",1967,"81",81,0.10054,FALSE,"observed"
"NL",1967,"82",82,0.10911,FALSE,"observed"
"NL",1967,"83",83,0.11731,FALSE,"observed"
"NL",1967,"84",84,0.1306,FALSE,"observed"
"NL",1967,"85",85,0.14552,FALSE,"observed"
"NL",1967,"86",86,0.162,FALSE,"observed"
"NL",1967,"87",87,0.17774,FALSE,"observed"
"NL",1967,"88",88,0.19319,FALSE,"observed"
"NL",1967,"89",89,0.20936,FALSE,"observed"
"NL",1967,"90",90,0.23014,FALSE,"observed"
"NL",1967,"91",91,0.26188,FALSE,"observed"
"NL",1967,"92",92,0.27679,FALSE,"observed"
"NL",1967,"93",93,0.2917,FALSE,"observed"
"NL",1967,"94",94,0.29781,FALSE,"observed"
"NL",1967,"95",95,0.34035,FALSE,"observed"
"NL",1967,"96",96,0.36568,FALSE,"observed"
"NL",1967,"97",97,0.39179,FALSE,"observed"
"NL",1967,"98",98,0.41856,FALSE,"observed"
"NL",1967,"99",99,0.44584,FALSE,"observed"
"NL",1967,"100",100,0.47348,FALSE,"observed"
"NL",1967,"101",101,0.50131,FALSE,"observed"
"NL",1967,"102",102,0.52917,FALSE,"observed"
"NL",1967,"103",103,0.55687,FALSE,"observed"
"NL",1967,"104",104,0.58426,FALSE,"observed"
"NL",1967,"105",105,0.61116,FALSE,"observed"
"NL",1967,"106",106,0.63744,FALSE,"observed"
"NL",1967,"107",107,0.66295,FALSE,"observed"
"NL",1967,"108",108,0.68758,FALSE,"observed"
"NL",1967,"109",109,0.71122,FALSE,"observed"
"NL",1967,"110+",110,0.73379,FALSE,"observed"
"NL",1968,"0",0,0.01329,FALSE,"observed"
"NL",1968,"1",1,0.00158,FALSE,"observed"
"NL",1968,"2",2,0.00096,FALSE,"observed"
"NL",1968,"3",3,0.00075,FALSE,"observed"
"NL",1968,"4",4,0.00065,FALSE,"observed"
"NL",1968,"5",5,0.00061,FALSE,"observed"
"NL",1968,"6",6,0.00052,FALSE,"observed"
"NL",1968,"7",7,0.00047,FALSE,"observed"
"NL",1968,"8",8,0.00042,FALSE,"observed"
"NL",1968,"9",9,0.00039,FALSE,"observed"
"NL",1968,"10",10,0.00032,FALSE,"observed"
"NL",1968,"11",11,0.00028,FALSE,"observed"
"NL",1968,"12",12,0.00035,FALSE,"observed"
"NL",1968,"13",13,0.00038,FALSE,"observed"
"NL",1968,"14",14,4e-04,FALSE,"observed"
"NL",1968,"15",15,5e-04,FALSE,"observed"
"NL",1968,"16",16,0.00063,FALSE,"observed"
"NL",1968,"17",17,7e-04,FALSE,"observed"
"NL",1968,"18",18,0.00076,FALSE,"observed"
"NL",1968,"19",19,0.00082,FALSE,"observed"
"NL",1968,"20",20,0.00078,FALSE,"observed"
"NL",1968,"21",21,0.00072,FALSE,"observed"
"NL",1968,"22",22,0.00078,FALSE,"observed"
"NL",1968,"23",23,0.00069,FALSE,"observed"
"NL",1968,"24",24,0.00065,FALSE,"observed"
"NL",1968,"25",25,0.00061,FALSE,"observed"
"NL",1968,"26",26,0.00068,FALSE,"observed"
"NL",1968,"27",27,0.00075,FALSE,"observed"
"NL",1968,"28",28,0.00079,FALSE,"observed"
"NL",1968,"29",29,0.00086,FALSE,"observed"
"NL",1968,"30",30,0.00089,FALSE,"observed"
"NL",1968,"31",31,0.00089,FALSE,"observed"
"NL",1968,"32",32,0.00087,FALSE,"observed"
"NL",1968,"33",33,0.00096,FALSE,"observed"
"NL",1968,"34",34,0.00105,FALSE,"observed"
"NL",1968,"35",35,0.00119,FALSE,"observed"
"NL",1968,"36",36,0.00129,FALSE,"observed"
"NL",1968,"37",37,0.00123,FALSE,"observed"
"NL",1968,"38",38,0.00143,FALSE,"observed"
"NL",1968,"39",39,0.00168,FALSE,"observed"
"NL",1968,"40",40,0.00194,FALSE,"observed"
"NL",1968,"41",41,0.00206,FALSE,"observed"
"NL",1968,"42",42,0.00213,FALSE,"observed"
"NL",1968,"43",43,0.00233,FALSE,"observed"
"NL",1968,"44",44,0.00257,FALSE,"observed"
"NL",1968,"45",45,0.00277,FALSE,"observed"
"NL",1968,"46",46,0.00317,FALSE,"observed"
"NL",1968,"47",47,0.00353,FALSE,"observed"
"NL",1968,"48",48,0.00368,FALSE,"observed"
"NL",1968,"49",49,0.00468,FALSE,"observed"
"NL",1968,"50",50,0.00477,FALSE,"observed"
"NL",1968,"51",51,0.00538,FALSE,"observed"
"NL",1968,"52",52,0.00604,FALSE,"observed"
"NL",1968,"53",53,0.00608,FALSE,"observed"
"NL",1968,"54",54,0.007,FALSE,"observed"
"NL",1968,"55",55,0.00792,FALSE,"observed"
"NL",1968,"56",56,0.00856,FALSE,"observed"
"NL",1968,"57",57,0.00923,FALSE,"observed"
"NL",1968,"58",58,0.01037,FALSE,"observed"
"NL",1968,"59",59,0.0116,FALSE,"observed"
"NL",1968,"60",60,0.01258,FALSE,"observed"
"NL",1968,"61",61,0.01418,FALSE,"observed"
"NL",1968,"62",62,0.0157,FALSE,"observed"
"NL",1968,"63",63,0.01664,FALSE,"observed"
"NL",1968,"64",64,0.01815,FALSE,"observed"
"NL",1968,"65",65,0.0206,FALSE,"observed"
"NL",1968,"66",66,0.0227,FALSE,"observed"
"NL",1968,"67",67,0.02495,FALSE,"observed"
"NL",1968,"68",68,0.02746,FALSE,"observed"
"NL",1968,"69",69,0.03026,FALSE,"observed"
"NL",1968,"70",70,0.03326,FALSE,"observed"
"NL",1968,"71",71,0.03717,FALSE,"observed"
"NL",1968,"72",72,0.04082,FALSE,"observed"
"NL",1968,"73",73,0.04437,FALSE,"observed"
"NL",1968,"74",74,0.05006,FALSE,"observed"
"NL",1968,"75",75,0.05584,FALSE,"observed"
"NL",1968,"76",76,0.06228,FALSE,"observed"
"NL",1968,"77",77,0.06815,FALSE,"observed"
"NL",1968,"78",78,0.07481,FALSE,"observed"
"NL",1968,"79",79,0.08319,FALSE,"observed"
"NL",1968,"80",80,0.09304,FALSE,"observed"
"NL",1968,"81",81,0.10234,FALSE,"observed"
"NL",1968,"82",82,0.11307,FALSE,"observed"
"NL",1968,"83",83,0.12833,FALSE,"observed"
"NL",1968,"84",84,0.14503,FALSE,"observed"
"NL",1968,"85",85,0.15985,FALSE,"observed"
"NL",1968,"86",86,0.17247,FALSE,"observed"
"NL",1968,"87",87,0.18868,FALSE,"observed"
"NL",1968,"88",88,0.21207,FALSE,"observed"
"NL",1968,"89",89,0.23233,FALSE,"observed"
"NL",1968,"90",90,0.2505,FALSE,"observed"
"NL",1968,"91",91,0.27027,FALSE,"observed"
"NL",1968,"92",92,0.29633,FALSE,"observed"
"NL",1968,"93",93,0.32058,FALSE,"observed"
"NL",1968,"94",94,0.33909,FALSE,"observed"
"NL",1968,"95",95,0.37624,FALSE,"observed"
"NL",1968,"96",96,0.40437,FALSE,"observed"
"NL",1968,"97",97,0.43317,FALSE,"observed"
"NL",1968,"98",98,0.46245,FALSE,"observed"
"NL",1968,"99",99,0.49201,FALSE,"observed"
"NL",1968,"100",100,0.52165,FALSE,"observed"
"NL",1968,"101",101,0.55116,FALSE,"observed"
"NL",1968,"102",102,0.58034,FALSE,"observed"
"NL",1968,"103",103,0.60899,FALSE,"observed"
"NL",1968,"104",104,0.63693,FALSE,"observed"
"NL",1968,"105",105,0.664,FALSE,"observed"
"NL",1968,"106",106,0.69006,FALSE,"observed"
"NL",1968,"107",107,0.71499,FALSE,"observed"
"NL",1968,"108",108,0.73869,FALSE,"observed"
"NL",1968,"109",109,0.7611,FALSE,"observed"
"NL",1968,"110+",110,0.78217,FALSE,"observed"
"NL",1969,"0",0,0.01324,FALSE,"observed"
"NL",1969,"1",1,0.00167,FALSE,"observed"
"NL",1969,"2",2,0.001,FALSE,"observed"
"NL",1969,"3",3,0.00074,FALSE,"observed"
"NL",1969,"4",4,6e-04,FALSE,"observed"
"NL",1969,"5",5,0.00057,FALSE,"observed"
"NL",1969,"6",6,0.00047,FALSE,"observed"
"NL",1969,"7",7,0.00044,FALSE,"observed"
"NL",1969,"8",8,4e-04,FALSE,"observed"
"NL",1969,"9",9,0.00039,FALSE,"observed"
"NL",1969,"10",10,0.00037,FALSE,"observed"
"NL",1969,"11",11,0.00034,FALSE,"observed"
"NL",1969,"12",12,0.00033,FALSE,"observed"
"NL",1969,"13",13,0.00032,FALSE,"observed"
"NL",1969,"14",14,0.00035,FALSE,"observed"
"NL",1969,"15",15,0.00048,FALSE,"observed"
"NL",1969,"16",16,0.00066,FALSE,"observed"
"NL",1969,"17",17,0.00064,FALSE,"observed"
"NL",1969,"18",18,0.00073,FALSE,"observed"
"NL",1969,"19",19,0.00084,FALSE,"observed"
"NL",1969,"20",20,0.00077,FALSE,"observed"
"NL",1969,"21",21,0.00077,FALSE,"observed"
"NL",1969,"22",22,0.00074,FALSE,"observed"
"NL",1969,"23",23,0.00073,FALSE,"observed"
"NL",1969,"24",24,0.00067,FALSE,"observed"
"NL",1969,"25",25,0.00073,FALSE,"observed"
"NL",1969,"26",26,0.00073,FALSE,"observed"
"NL",1969,"27",27,0.00074,FALSE,"observed"
"NL",1969,"28",28,0.00073,FALSE,"observed"
"NL",1969,"29",29,0.00075,FALSE,"observed"
"NL",1969,"30",30,8e-04,FALSE,"observed"
"NL",1969,"31",31,0.00084,FALSE,"observed"
"NL",1969,"32",32,0.00088,FALSE,"observed"
"NL",1969,"33",33,0.00092,FALSE,"observed"
"NL",1969,"34",34,0.00097,FALSE,"observed"
"NL",1969,"35",35,0.00112,FALSE,"observed"
"NL",1969,"36",36,0.00121,FALSE,"observed"
"NL",1969,"37",37,0.00123,FALSE,"observed"
"NL",1969,"38",38,0.0015,FALSE,"observed"
"NL",1969,"39",39,0.00178,FALSE,"observed"
"NL",1969,"40",40,0.00183,FALSE,"observed"
"NL",1969,"41",41,0.00191,FALSE,"observed"
"NL",1969,"42",42,0.00217,FALSE,"observed"
"NL",1969,"43",43,0.00246,FALSE,"observed"
"NL",1969,"44",44,0.00262,FALSE,"observed"
"NL",1969,"45",45,0.00298,FALSE,"observed"
"NL",1969,"46",46,0.0033,FALSE,"observed"
"NL",1969,"47",47,0.00364,FALSE,"observed"
"NL",1969,"48",48,0.00409,FALSE,"observed"
"NL",1969,"49",49,0.00413,FALSE,"observed"
"NL",1969,"50",50,0.0049,FALSE,"observed"
"NL",1969,"51",51,0.00521,FALSE,"observed"
"NL",1969,"52",52,0.0058,FALSE,"observed"
"NL",1969,"53",53,0.0068,FALSE,"observed"
"NL",1969,"54",54,0.00754,FALSE,"observed"
"NL",1969,"55",55,0.00789,FALSE,"observed"
"NL",1969,"56",56,0.00856,FALSE,"observed"
"NL",1969,"57",57,0.00944,FALSE,"observed"
"NL",1969,"58",58,0.01036,FALSE,"observed"
"NL",1969,"59",59,0.01168,FALSE,"observed"
"NL",1969,"60",60,0.0131,FALSE,"observed"
"NL",1969,"61",61,0.01443,FALSE,"observed"
"NL",1969,"62",62,0.01615,FALSE,"observed"
"NL",1969,"63",63,0.01786,FALSE,"observed"
"NL",1969,"64",64,0.01899,FALSE,"observed"
"NL",1969,"65",65,0.02139,FALSE,"observed"
"NL",1969,"66",66,0.02345,FALSE,"observed"
"NL",1969,"67",67,0.02505,FALSE,"observed"
"NL",1969,"68",68,0.02785,FALSE,"observed"
"NL",1969,"69",69,0.03093,FALSE,"observed"
"NL",1969,"70",70,0.03368,FALSE,"observed"
"NL",1969,"71",71,0.03791,FALSE,"observed"
"NL",1969,"72",72,0.0427,FALSE,"observed"
"NL",1969,"73",73,0.04643,FALSE,"observed"
"NL",1969,"74",74,0.05078,FALSE,"observed"
"NL",1969,"75",75,0.05466,FALSE,"observed"
"NL",1969,"76",76,0.06053,FALSE,"observed"
"NL",1969,"77",77,0.06924,FALSE,"observed"
"NL",1969,"78",78,0.07586,FALSE,"observed"
"NL",1969,"79",79,0.08231,FALSE,"observed"
"NL",1969,"80",80,0.09244,FALSE,"observed"
"NL",1969,"81",81,0.10416,FALSE,"observed"
"NL",1969,"82",82,0.1153,FALSE,"observed"
"NL",1969,"83",83,0.12534,FALSE,"observed"
"NL",1969,"84",84,0.13539,FALSE,"observed"
"NL",1969,"85",85,0.15185,FALSE,"observed"
"NL",1969,"86",86,0.16698,FALSE,"observed"
"NL",1969,"87",87,0.18063,FALSE,"observed"
"NL",1969,"88",88,0.19936,FALSE,"observed"
"NL",1969,"89",89,0.21694,FALSE,"observed"
"NL",1969,"90",90,0.23863,FALSE,"observed"
"NL",1969,"91",91,0.26536,FALSE,"observed"
"NL",1969,"92",92,0.29208,FALSE,"observed"
"NL",1969,"93",93,0.33242,FALSE,"observed"
"NL",1969,"94",94,0.34304,FALSE,"observed"
"NL",1969,"95",95,0.35838,FALSE,"observed"
"NL",1969,"96",96,0.38491,FALSE,"observed"
"NL",1969,"97",97,0.41216,FALSE,"observed"
"NL",1969,"98",98,0.43998,FALSE,"observed"
"NL",1969,"99",99,0.4682,FALSE,"observed"
"NL",1969,"100",100,0.49665,FALSE,"observed"
"NL",1969,"101",101,0.52514,FALSE,"observed"
"NL",1969,"102",102,0.5535,FALSE,"observed"
"NL",1969,"103",103,0.58153,FALSE,"observed"
"NL",1969,"104",104,0.60906,FALSE,"observed"
"NL",1969,"105",105,0.63594,FALSE,"observed"
"NL",1969,"106",106,0.66203,FALSE,"observed"
"NL",1969,"107",107,0.68718,FALSE,"observed"
"NL",1969,"108",108,0.7113,FALSE,"observed"
"NL",1969,"109",109,0.7343,FALSE,"observed"
"NL",1969,"110+",110,0.75611,FALSE,"observed"
"NL",1970,"0",0,0.01213,FALSE,"observed"
"NL",1970,"1",1,0.00152,FALSE,"observed"
"NL",1970,"2",2,0.00084,FALSE,"observed"
"NL",1970,"3",3,0.00072,FALSE,"observed"
"NL",1970,"4",4,0.00064,FALSE,"observed"
"NL",1970,"5",5,0.00052,FALSE,"observed"
"NL",1970,"6",6,0.00048,FALSE,"observed"
"NL",1970,"7",7,0.00048,FALSE,"observed"
"NL",1970,"8",8,0.00042,FALSE,"observed"
"NL",1970,"9",9,0.00037,FALSE,"observed"
"NL",1970,"10",10,0.00032,FALSE,"observed"
"NL",1970,"11",11,0.00032,FALSE,"observed"
"NL",1970,"12",12,0.00037,FALSE,"observed"
"NL",1970,"13",13,0.00038,FALSE,"observed"
"NL",1970,"14",14,0.00044,FALSE,"observed"
"NL",1970,"15",15,0.00056,FALSE,"observed"
"NL",1970,"16",16,0.00072,FALSE,"observed"
"NL",1970,"17",17,8e-04,FALSE,"observed"
"NL",1970,"18",18,8e-04,FALSE,"observed"
"NL",1970,"19",19,0.00081,FALSE,"observed"
"NL",1970,"20",20,0.00084,FALSE,"observed"
"NL",1970,"21",21,0.00086,FALSE,"observed"
"NL",1970,"22",22,0.00083,FALSE,"observed"
"NL",1970,"23",23,0.00076,FALSE,"observed"
"NL",1970,"24",24,0.00067,FALSE,"observed"
"NL",1970,"25",25,6e-04,FALSE,"observed"
"NL",1970,"26",26,0.00071,FALSE,"observed"
"NL",1970,"27",27,0.00074,FALSE,"observed"
"NL",1970,"28",28,8e-04,FALSE,"observed"
"NL",1970,"29",29,0.00081,FALSE,"observed"
"NL",1970,"30",30,0.00078,FALSE,"observed"
"NL",1970,"31",31,0.00086,FALSE,"observed"
"NL",1970,"32",32,0.00097,FALSE,"observed"
"NL",1970,"33",33,0.00097,FALSE,"observed"
"NL",1970,"34",34,0.00104,FALSE,"observed"
"NL",1970,"35",35,0.00108,FALSE,"observed"
"NL",1970,"36",36,0.00109,FALSE,"observed"
"NL",1970,"37",37,0.00121,FALSE,"observed"
"NL",1970,"38",38,0.00145,FALSE,"observed"
"NL",1970,"39",39,0.0016,FALSE,"observed"
"NL",1970,"40",40,0.00167,FALSE,"observed"
"NL",1970,"41",41,0.00185,FALSE,"observed"
"NL",1970,"42",42,0.00212,FALSE,"observed"
"NL",1970,"43",43,0.00231,FALSE,"observed"
"NL",1970,"44",44,0.00261,FALSE,"observed"
"NL",1970,"45",45,0.00295,FALSE,"observed"
"NL",1970,"46",46,0.00329,FALSE,"observed"
"NL",1970,"47",47,0.00352,FALSE,"observed"
"NL",1970,"48",48,0.00382,FALSE,"observed"
"NL",1970,"49",49,0.00447,FALSE,"observed"
"NL",1970,"50",50,0.00466,FALSE,"observed"
"NL",1970,"51",51,0.0055,FALSE,"observed"
"NL",1970,"52",52,0.0061,FALSE,"observed"
"NL",1970,"53",53,0.00688,FALSE,"observed"
"NL",1970,"54",54,0.00747,FALSE,"observed"
"NL",1970,"55",55,0.00809,FALSE,"observed"
"NL",1970,"56",56,0.00884,FALSE,"observed"
"NL",1970,"57",57,0.00976,FALSE,"observed"
"NL",1970,"58",58,0.01098,FALSE,"observed"
"NL",1970,"59",59,0.01181,FALSE,"observed"
"NL",1970,"60",60,0.01278,FALSE,"observed"
"NL",1970,"61",61,0.01462,FALSE,"observed"
"NL",1970,"62",62,0.01629,FALSE,"observed"
"NL",1970,"63",63,0.01769,FALSE,"observed"
"NL",1970,"64",64,0.01951,FALSE,"observed"
"NL",1970,"65",65,0.02104,FALSE,"observed"
"NL",1970,"66",66,0.02298,FALSE,"observed"
"NL",1970,"67",67,0.02554,FALSE,"observed"
"NL",1970,"68",68,0.02842,FALSE,"observed"
"NL",1970,"69",69,0.03092,FALSE,"observed"
"NL",1970,"70",70,0.03376,FALSE,"observed"
"NL",1970,"71",71,0.038,FALSE,"observed"
"NL",1970,"72",72,0.04167,FALSE,"observed"
"NL",1970,"73",73,0.04575,FALSE,"observed"
"NL",1970,"74",74,0.05118,FALSE,"observed"
"NL",1970,"75",75,0.05545,FALSE,"observed"
"NL",1970,"76",76,0.06094,FALSE,"observed"
"NL",1970,"77",77,0.06768,FALSE,"observed"
"NL",1970,"78",78,0.07515,FALSE,"observed"
"NL",1970,"79",79,0.08184,FALSE,"observed"
"NL",1970,"80",80,0.09136,FALSE,"observed"
"NL",1970,"81",81,0.10401,FALSE,"observed"
"NL",1970,"82",82,0.11346,FALSE,"observed"
"NL",1970,"83",83,0.12342,FALSE,"observed"
"NL",1970,"84",84,0.13579,FALSE,"observed"
"NL",1970,"85",85,0.15104,FALSE,"observed"
"NL",1970,"86",86,0.16844,FALSE,"observed"
"NL",1970,"87",87,0.1835,FALSE,"observed"
"NL",1970,"88",88,0.20162,FALSE,"observed"
"NL",1970,"89",89,0.22178,FALSE,"observed"
"NL",1970,"90",90,0.23485,FALSE,"observed"
"NL",1970,"91",91,0.25264,FALSE,"observed"
"NL",1970,"92",92,0.2853,FALSE,"observed"
"NL",1970,"93",93,0.3163,FALSE,"observed"
"NL",1970,"94",94,0.33442,FALSE,"observed"
"NL",1970,"95",95,0.35715,FALSE,"observed"
"NL",1970,"96",96,0.38371,FALSE,"observed"
"NL",1970,"97",97,0.41102,FALSE,"observed"
"NL",1970,"98",98,0.43891,FALSE,"observed"
"NL",1970,"99",99,0.46723,FALSE,"observed"
"NL",1970,"100",100,0.4958,FALSE,"observed"
"NL",1970,"101",101,0.52443,FALSE,"observed"
"NL",1970,"102",102,0.55294,FALSE,"observed"
"NL",1970,"103",103,0.58114,FALSE,"observed"
"NL",1970,"104",104,0.60885,FALSE,"observed"
"NL",1970,"105",105,0.63592,FALSE,"observed"
"NL",1970,"106",106,0.66219,FALSE,"observed"
"NL",1970,"107",107,0.68753,FALSE,"observed"
"NL",1970,"108",108,0.71183,FALSE,"observed"
"NL",1970,"109",109,0.735,FALSE,"observed"
"NL",1970,"110+",110,0.75698,FALSE,"observed"
"NL",1971,"0",0,0.01153,FALSE,"observed"
"NL",1971,"1",1,0.00138,FALSE,"observed"
"NL",1971,"2",2,0.00086,FALSE,"observed"
"NL",1971,"3",3,0.00079,FALSE,"observed"
"NL",1971,"4",4,0.00064,FALSE,"observed"
"NL",1971,"5",5,0.00054,FALSE,"observed"
"NL",1971,"6",6,5e-04,FALSE,"observed"
"NL",1971,"7",7,4e-04,FALSE,"observed"
"NL",1971,"8",8,0.00033,FALSE,"observed"
"NL",1971,"9",9,0.00031,FALSE,"observed"
"NL",1971,"10",10,0.00033,FALSE,"observed"
"NL",1971,"11",11,0.00039,FALSE,"observed"
"NL",1971,"12",12,0.00037,FALSE,"observed"
"NL",1971,"13",13,0.00034,FALSE,"observed"
"NL",1971,"14",14,0.00034,FALSE,"observed"
"NL",1971,"15",15,0.00048,FALSE,"observed"
"NL",1971,"16",16,0.00067,FALSE,"observed"
"NL",1971,"17",17,0.00074,FALSE,"observed"
"NL",1971,"18",18,0.00084,FALSE,"observed"
"NL",1971,"19",19,0.00087,FALSE,"observed"
"NL",1971,"20",20,8e-04,FALSE,"observed"
"NL",1971,"21",21,0.00072,FALSE,"observed"
"NL",1971,"22",22,0.00071,FALSE,"observed"
"NL",1971,"23",23,0.00073,FALSE,"observed"
"NL",1971,"24",24,0.00064,FALSE,"observed"
"NL",1971,"25",25,0.00065,FALSE,"observed"
"NL",1971,"26",26,0.00069,FALSE,"observed"
"NL",1971,"27",27,0.00068,FALSE,"observed"
"NL",1971,"28",28,0.00066,FALSE,"observed"
"NL",1971,"29",29,0.00079,FALSE,"observed"
"NL",1971,"30",30,0.00084,FALSE,"observed"
"NL",1971,"31",31,0.00088,FALSE,"observed"
"NL",1971,"32",32,0.00087,FALSE,"observed"
"NL",1971,"33",33,9e-04,FALSE,"observed"
"NL",1971,"34",34,0.00095,FALSE,"observed"
"NL",1971,"35",35,0.00104,FALSE,"observed"
"NL",1971,"36",36,0.00112,FALSE,"observed"
"NL",1971,"37",37,0.0012,FALSE,"observed"
"NL",1971,"38",38,0.00143,FALSE,"observed"
"NL",1971,"39",39,0.00161,FALSE,"observed"
"NL",1971,"40",40,0.00172,FALSE,"observed"
"NL",1971,"41",41,0.0018,FALSE,"observed"
"NL",1971,"42",42,0.00213,FALSE,"observed"
"NL",1971,"43",43,0.00253,FALSE,"observed"
"NL",1971,"44",44,0.00257,FALSE,"observed"
"NL",1971,"45",45,0.00269,FALSE,"observed"
"NL",1971,"46",46,0.00311,FALSE,"observed"
"NL",1971,"47",47,0.00355,FALSE,"observed"
"NL",1971,"48",48,0.00388,FALSE,"observed"
"NL",1971,"49",49,0.00443,FALSE,"observed"
"NL",1971,"50",50,0.00497,FALSE,"observed"
"NL",1971,"51",51,0.0052,FALSE,"observed"
"NL",1971,"52",52,0.00627,FALSE,"observed"
"NL",1971,"53",53,0.00674,FALSE,"observed"
"NL",1971,"54",54,0.00745,FALSE,"observed"
"NL",1971,"55",55,0.00809,FALSE,"observed"
"NL",1971,"56",56,0.00858,FALSE,"observed"
"NL",1971,"57",57,0.00924,FALSE,"observed"
"NL",1971,"58",58,0.01015,FALSE,"observed"
"NL",1971,"59",59,0.0114,FALSE,"observed"
"NL",1971,"60",60,0.0126,FALSE,"observed"
"NL",1971,"61",61,0.01405,FALSE,"observed"
"NL",1971,"62",62,0.01555,FALSE,"observed"
"NL",1971,"63",63,0.01677,FALSE,"observed"
"NL",1971,"64",64,0.01865,FALSE,"observed"
"NL",1971,"65",65,0.02059,FALSE,"observed"
"NL",1971,"66",66,0.02251,FALSE,"observed"
"NL",1971,"67",67,0.02509,FALSE,"observed"
"NL",1971,"68",68,0.02774,FALSE,"observed"
"NL",1971,"69",69,0.03039,FALSE,"observed"
"NL",1971,"70",70,0.03249,FALSE,"observed"
"NL",1971,"71",71,0.03627,FALSE,"observed"
"NL",1971,"72",72,0.0414,FALSE,"observed"
"NL",1971,"73",73,0.04604,FALSE,"observed"
"NL",1971,"74",74,0.05093,FALSE,"observed"
"NL",1971,"75",75,0.05585,FALSE,"observed"
"NL",1971,"76",76,0.06161,FALSE,"observed"
"NL",1971,"77",77,0.06796,FALSE,"observed"
"NL",1971,"78",78,0.07286,FALSE,"observed"
"NL",1971,"79",79,0.08125,FALSE,"observed"
"NL",1971,"80",80,0.0918,FALSE,"observed"
"NL",1971,"81",81,0.10219,FALSE,"observed"
"NL",1971,"82",82,0.1137,FALSE,"observed"
"NL",1971,"83",83,0.12485,FALSE,"observed"
"NL",1971,"84",84,0.13798,FALSE,"observed"
"NL",1971,"85",85,0.15638,FALSE,"observed"
"NL",1971,"86",86,0.17117,FALSE,"observed"
"NL",1971,"87",87,0.18034,FALSE,"observed"
"NL",1971,"88",88,0.19381,FALSE,"observed"
"NL",1971,"89",89,0.20985,FALSE,"observed"
"NL",1971,"90",90,0.23697,FALSE,"observed"
"NL",1971,"91",91,0.25525,FALSE,"observed"
"NL",1971,"92",92,0.27871,FALSE,"observed"
"NL",1971,"93",93,0.31598,FALSE,"observed"
"NL",1971,"94",94,0.33503,FALSE,"observed"
"NL",1971,"95",95,0.35659,FALSE,"observed"
"NL",1971,"96",96,0.38303,FALSE,"observed"
"NL",1971,"97",97,0.41021,FALSE,"observed"
"NL",1971,"98",98,0.43798,FALSE,"observed"
"NL",1971,"99",99,0.46617,FALSE,"observed"
"NL",1971,"100",100,0.49462,FALSE,"observed"
"NL",1971,"101",101,0.52315,FALSE,"observed"
"NL",1971,"102",102,0.55156,FALSE,"observed"
"NL",1971,"103",103,0.57968,FALSE,"observed"
"NL",1971,"104",104,0.60733,FALSE,"observed"
"NL",1971,"105",105,0.63435,FALSE,"observed"
"NL",1971,"106",106,0.66058,FALSE,"observed"
"NL",1971,"107",107,0.68591,FALSE,"observed"
"NL",1971,"108",108,0.71022,FALSE,"observed"
"NL",1971,"109",109,0.73341,FALSE,"observed"
"NL",1971,"110+",110,0.75542,FALSE,"observed"
"NL",1972,"0",0,0.01111,FALSE,"observed"
"NL",1972,"1",1,0.0014,FALSE,"observed"
"NL",1972,"2",2,0.00085,FALSE,"observed"
"NL",1972,"3",3,0.00067,FALSE,"observed"
"NL",1972,"4",4,0.00055,FALSE,"observed"
"NL",1972,"5",5,0.00046,FALSE,"observed"
"NL",1972,"6",6,0.00044,FALSE,"observed"
"NL",1972,"7",7,0.00042,FALSE,"observed"
"NL",1972,"8",8,0.00039,FALSE,"observed"
"NL",1972,"9",9,0.00036,FALSE,"observed"
"NL",1972,"10",10,0.00033,FALSE,"observed"
"NL",1972,"11",11,0.00034,FALSE,"observed"
"NL",1972,"12",12,0.00036,FALSE,"observed"
"NL",1972,"13",13,0.00039,FALSE,"observed"
"NL",1972,"14",14,0.00042,FALSE,"observed"
"NL",1972,"15",15,0.00052,FALSE,"observed"
"NL",1972,"16",16,0.00073,FALSE,"observed"
"NL",1972,"17",17,0.00077,FALSE,"observed"
"NL",1972,"18",18,0.00084,FALSE,"observed"
"NL",1972,"19",19,0.00088,FALSE,"observed"
"NL",1972,"20",20,8e-04,FALSE,"observed"
"NL",1972,"21",21,8e-04,FALSE,"observed"
"NL",1972,"22",22,0.00079,FALSE,"observed"
"NL",1972,"23",23,0.00071,FALSE,"observed"
"NL",1972,"24",24,0.00065,FALSE,"observed"
"NL",1972,"25",25,0.00067,FALSE,"observed"
"NL",1972,"26",26,0.00072,FALSE,"observed"
"NL",1972,"27",27,7e-04,FALSE,"observed"
"NL",1972,"28",28,0.00074,FALSE,"observed"
"NL",1972,"29",29,0.00076,FALSE,"observed"
"NL",1972,"30",30,0.00079,FALSE,"observed"
"NL",1972,"31",31,0.00077,FALSE,"observed"
"NL",1972,"32",32,0.00089,FALSE,"observed"
"NL",1972,"33",33,0.00097,FALSE,"observed"
"NL",1972,"34",34,0.00097,FALSE,"observed"
"NL",1972,"35",35,0.00112,FALSE,"observed"
"NL",1972,"36",36,0.00122,FALSE,"observed"
"NL",1972,"37",37,0.00126,FALSE,"observed"
"NL",1972,"38",38,0.00146,FALSE,"observed"
"NL",1972,"39",39,0.00162,FALSE,"observed"
"NL",1972,"40",40,0.00165,FALSE,"observed"
"NL",1972,"41",41,0.00188,FALSE,"observed"
"NL",1972,"42",42,0.00226,FALSE,"observed"
"NL",1972,"43",43,0.00251,FALSE,"observed"
"NL",1972,"44",44,0.00277,FALSE,"observed"
"NL",1972,"45",45,0.00316,FALSE,"observed"
"NL",1972,"46",46,0.00334,FALSE,"observed"
"NL",1972,"47",47,0.00346,FALSE,"observed"
"NL",1972,"48",48,0.00386,FALSE,"observed"
"NL",1972,"49",49,0.00413,FALSE,"observed"
"NL",1972,"50",50,0.00479,FALSE,"observed"
"NL",1972,"51",51,0.00556,FALSE,"observed"
"NL",1972,"52",52,0.00569,FALSE,"observed"
"NL",1972,"53",53,0.00674,FALSE,"observed"
"NL",1972,"54",54,0.00697,FALSE,"observed"
"NL",1972,"55",55,0.00787,FALSE,"observed"
"NL",1972,"56",56,0.00912,FALSE,"observed"
"NL",1972,"57",57,0.00982,FALSE,"observed"
"NL",1972,"58",58,0.01042,FALSE,"observed"
"NL",1972,"59",59,0.0113,FALSE,"observed"
"NL",1972,"60",60,0.01279,FALSE,"observed"
"NL",1972,"61",61,0.01376,FALSE,"observed"
"NL",1972,"62",62,0.01524,FALSE,"observed"
"NL",1972,"63",63,0.01758,FALSE,"observed"
"NL",1972,"64",64,0.01903,FALSE,"observed"
"NL",1972,"65",65,0.02052,FALSE,"observed"
"NL",1972,"66",66,0.02275,FALSE,"observed"
"NL",1972,"67",67,0.02536,FALSE,"observed"
"NL",1972,"68",68,0.02784,FALSE,"observed"
"NL",1972,"69",69,0.03003,FALSE,"observed"
"NL",1972,"70",70,0.03338,FALSE,"observed"
"NL",1972,"71",71,0.03734,FALSE,"observed"
"NL",1972,"72",72,0.04094,FALSE,"observed"
"NL",1972,"73",73,0.04613,FALSE,"observed"
"NL",1972,"74",74,0.05103,FALSE,"observed"
"NL",1972,"75",75,0.05633,FALSE,"observed"
"NL",1972,"76",76,0.06325,FALSE,"observed"
"NL",1972,"77",77,0.07028,FALSE,"observed"
"NL",1972,"78",78,0.07651,FALSE,"observed"
"NL",1972,"79",79,0.08259,FALSE,"observed"
"NL",1972,"80",80,0.09314,FALSE,"observed"
"NL",1972,"81",81,0.10298,FALSE,"observed"
"NL",1972,"82",82,0.11382,FALSE,"observed"
"NL",1972,"83",83,0.12778,FALSE,"observed"
"NL",1972,"84",84,0.13984,FALSE,"observed"
"NL",1972,"85",85,0.15185,FALSE,"observed"
"NL",1972,"86",86,0.16841,FALSE,"observed"
"NL",1972,"87",87,0.18607,FALSE,"observed"
"NL",1972,"88",88,0.20493,FALSE,"observed"
"NL",1972,"89",89,0.2286,FALSE,"observed"
"NL",1972,"90",90,0.24479,FALSE,"observed"
"NL",1972,"91",91,0.25701,FALSE,"observed"
"NL",1972,"92",92,0.27736,FALSE,"observed"
"NL",1972,"93",93,0.30577,FALSE,"observed"
"NL",1972,"94",94,0.33798,FALSE,"observed"
"NL",1972,"95",95,0.36355,FALSE,"observed"
"NL",1972,"96",96,0.39052,FALSE,"observed"
"NL",1972,"97",97,0.41821,FALSE,"observed"
"NL",1972,"98",98,0.44644,FALSE,"observed"
"NL",1972,"99",99,0.47507,FALSE,"observed"
"NL",1972,"100",100,0.50388,FALSE,"observed"
"NL",1972,"101",101,0.53271,FALSE,"observed"
"NL",1972,"102",102,0.56136,FALSE,"observed"
"NL",1972,"103",103,0.58964,FALSE,"observed"
"NL",1972,"104",104,0.61738,FALSE,"observed"
"NL",1972,"105",105,0.64441,FALSE,"observed"
"NL",1972,"106",106,0.67058,FALSE,"observed"
"NL",1972,"107",107,0.69578,FALSE,"observed"
"NL",1972,"108",108,0.71989,FALSE,"observed"
"NL",1972,"109",109,0.74283,FALSE,"observed"
"NL",1972,"110+",110,0.76454,FALSE,"observed"
"NL",1973,"0",0,0.01077,FALSE,"observed"
"NL",1973,"1",1,0.00133,FALSE,"observed"
"NL",1973,"2",2,0.00085,FALSE,"observed"
"NL",1973,"3",3,0.00063,FALSE,"observed"
"NL",1973,"4",4,0.00048,FALSE,"observed"
"NL",1973,"5",5,0.00043,FALSE,"observed"
"NL",1973,"6",6,0.00038,FALSE,"observed"
"NL",1973,"7",7,4e-04,FALSE,"observed"
"NL",1973,"8",8,0.00042,FALSE,"observed"
"NL",1973,"9",9,0.00035,FALSE,"observed"
"NL",1973,"10",10,0.00031,FALSE,"observed"
"NL",1973,"11",11,0.00032,FALSE,"observed"
"NL",1973,"12",12,0.00031,FALSE,"observed"
"NL",1973,"13",13,0.00033,FALSE,"observed"
"NL",1973,"14",14,0.00038,FALSE,"observed"
"NL",1973,"15",15,0.00047,FALSE,"observed"
"NL",1973,"16",16,0.00064,FALSE,"observed"
"NL",1973,"17",17,0.00079,FALSE,"observed"
"NL",1973,"18",18,0.00084,FALSE,"observed"
"NL",1973,"19",19,0.00083,FALSE,"observed"
"NL",1973,"20",20,0.00082,FALSE,"observed"
"NL",1973,"21",21,0.00082,FALSE,"observed"
"NL",1973,"22",22,0.00082,FALSE,"observed"
"NL",1973,"23",23,0.00081,FALSE,"observed"
"NL",1973,"24",24,0.00074,FALSE,"observed"
"NL",1973,"25",25,0.00067,FALSE,"observed"
"NL",1973,"26",26,0.00063,FALSE,"observed"
"NL",1973,"27",27,7e-04,FALSE,"observed"
"NL",1973,"28",28,0.00071,FALSE,"observed"
"NL",1973,"29",29,0.00082,FALSE,"observed"
"NL",1973,"30",30,9e-04,FALSE,"observed"
"NL",1973,"31",31,0.00089,FALSE,"observed"
"NL",1973,"32",32,0.00093,FALSE,"observed"
"NL",1973,"33",33,0.00098,FALSE,"observed"
"NL",1973,"34",34,0.00097,FALSE,"observed"
"NL",1973,"35",35,0.00099,FALSE,"observed"
"NL",1973,"36",36,0.00112,FALSE,"observed"
"NL",1973,"37",37,0.00128,FALSE,"observed"
"NL",1973,"38",38,0.00139,FALSE,"observed"
"NL",1973,"39",39,0.0016,FALSE,"observed"
"NL",1973,"40",40,0.00172,FALSE,"observed"
"NL",1973,"41",41,0.00182,FALSE,"observed"
"NL",1973,"42",42,0.00206,FALSE,"observed"
"NL",1973,"43",43,0.00226,FALSE,"observed"
"NL",1973,"44",44,0.00254,FALSE,"observed"
"NL",1973,"45",45,0.00299,FALSE,"observed"
"NL",1973,"46",46,0.00336,FALSE,"observed"
"NL",1973,"47",47,0.00367,FALSE,"observed"
"NL",1973,"48",48,0.004,FALSE,"observed"
"NL",1973,"49",49,0.00419,FALSE,"observed"
"NL",1973,"50",50,0.00435,FALSE,"observed"
"NL",1973,"51",51,0.0051,FALSE,"observed"
"NL",1973,"52",52,0.006,FALSE,"observed"
"NL",1973,"53",53,0.00618,FALSE,"observed"
"NL",1973,"54",54,0.0074,FALSE,"observed"
"NL",1973,"55",55,0.00804,FALSE,"observed"
"NL",1973,"56",56,0.00876,FALSE,"observed"
"NL",1973,"57",57,0.00899,FALSE,"observed"
"NL",1973,"58",58,0.0095,FALSE,"observed"
"NL",1973,"59",59,0.01104,FALSE,"observed"
"NL",1973,"60",60,0.01228,FALSE,"observed"
"NL",1973,"61",61,0.01331,FALSE,"observed"
"NL",1973,"62",62,0.01484,FALSE,"observed"
"NL",1973,"63",63,0.01633,FALSE,"observed"
"NL",1973,"64",64,0.01798,FALSE,"observed"
"NL",1973,"65",65,0.02027,FALSE,"observed"
"NL",1973,"66",66,0.02222,FALSE,"observed"
"NL",1973,"67",67,0.02403,FALSE,"observed"
"NL",1973,"68",68,0.02688,FALSE,"observed"
"NL",1973,"69",69,0.02958,FALSE,"observed"
"NL",1973,"70",70,0.03227,FALSE,"observed"
"NL",1973,"71",71,0.03562,FALSE,"observed"
"NL",1973,"72",72,0.03902,FALSE,"observed"
"NL",1973,"73",73,0.04282,FALSE,"observed"
"NL",1973,"74",74,0.04826,FALSE,"observed"
"NL",1973,"75",75,0.05379,FALSE,"observed"
"NL",1973,"76",76,0.05885,FALSE,"observed"
"NL",1973,"77",77,0.06505,FALSE,"observed"
"NL",1973,"78",78,0.0712,FALSE,"observed"
"NL",1973,"79",79,0.07913,FALSE,"observed"
"NL",1973,"80",80,0.08732,FALSE,"observed"
"NL",1973,"81",81,0.09735,FALSE,"observed"
"NL",1973,"82",82,0.10953,FALSE,"observed"
"NL",1973,"83",83,0.12131,FALSE,"observed"
"NL",1973,"84",84,0.13096,FALSE,"observed"
"NL",1973,"85",85,0.14364,FALSE,"observed"
"NL",1973,"86",86,0.16004,FALSE,"observed"
"NL",1973,"87",87,0.17871,FALSE,"observed"
"NL",1973,"88",88,0.19761,FALSE,"observed"
"NL",1973,"89",89,0.2153,FALSE,"observed"
"NL",1973,"90",90,0.23663,FALSE,"observed"
"NL",1973,"91",91,0.25761,FALSE,"observed"
"NL",1973,"92",92,0.27763,FALSE,"observed"
"NL",1973,"93",93,0.30414,FALSE,"observed"
"NL",1973,"94",94,0.3199,FALSE,"observed"
"NL",1973,"95",95,0.35453,FALSE,"observed"
"NL",1973,"96",96,0.3817,FALSE,"observed"
"NL",1973,"97",97,0.40966,FALSE,"observed"
"NL",1973,"98",98,0.43825,FALSE,"observed"
"NL",1973,"99",99,0.4673,FALSE,"observed"
"NL",1973,"100",100,0.49662,FALSE,"observed"
"NL",1973,"101",101,0.526,FALSE,"observed"
"NL",1973,"102",102,0.55525,FALSE,"observed"
"NL",1973,"103",103,0.58417,FALSE,"observed"
"NL",1973,"104",104,0.61257,FALSE,"observed"
"NL",1973,"105",105,0.64027,FALSE,"observed"
"NL",1973,"106",106,0.66711,FALSE,"observed"
"NL",1973,"107",107,0.69295,FALSE,"observed"
"NL",1973,"108",108,0.71768,FALSE,"observed"
"NL",1973,"109",109,0.74121,FALSE,"observed"
"NL",1973,"110+",110,0.76346,FALSE,"observed"
"NL",1974,"0",0,0.01087,FALSE,"observed"
"NL",1974,"1",1,0.00141,FALSE,"observed"
"NL",1974,"2",2,0.00074,FALSE,"observed"
"NL",1974,"3",3,0.00058,FALSE,"observed"
"NL",1974,"4",4,0.00051,FALSE,"observed"
"NL",1974,"5",5,0.00044,FALSE,"observed"
"NL",1974,"6",6,0.00042,FALSE,"observed"
"NL",1974,"7",7,0.00038,FALSE,"observed"
"NL",1974,"8",8,0.00035,FALSE,"observed"
"NL",1974,"9",9,0.00029,FALSE,"observed"
"NL",1974,"10",10,0.00026,FALSE,"observed"
"NL",1974,"11",11,0.00027,FALSE,"observed"
"NL",1974,"12",12,0.00028,FALSE,"observed"
"NL",1974,"13",13,3e-04,FALSE,"observed"
"NL",1974,"14",14,0.00036,FALSE,"observed"
"NL",1974,"15",15,0.00051,FALSE,"observed"
"NL",1974,"16",16,0.00065,FALSE,"observed"
"NL",1974,"17",17,0.00076,FALSE,"observed"
"NL",1974,"18",18,0.00087,FALSE,"observed"
"NL",1974,"19",19,0.00086,FALSE,"observed"
"NL",1974,"20",20,0.00076,FALSE,"observed"
"NL",1974,"21",21,0.00074,FALSE,"observed"
"NL",1974,"22",22,7e-04,FALSE,"observed"
"NL",1974,"23",23,0.00062,FALSE,"observed"
"NL",1974,"24",24,0.00063,FALSE,"observed"
"NL",1974,"25",25,0.00064,FALSE,"observed"
"NL",1974,"26",26,0.00066,FALSE,"observed"
"NL",1974,"27",27,0.00061,FALSE,"observed"
"NL",1974,"28",28,0.00062,FALSE,"observed"
"NL",1974,"29",29,0.00056,FALSE,"observed"
"NL",1974,"30",30,0.00059,FALSE,"observed"
"NL",1974,"31",31,0.00068,FALSE,"observed"
"NL",1974,"32",32,0.00082,FALSE,"observed"
"NL",1974,"33",33,9e-04,FALSE,"observed"
"NL",1974,"34",34,0.00092,FALSE,"observed"
"NL",1974,"35",35,0.00108,FALSE,"observed"
"NL",1974,"36",36,0.0011,FALSE,"observed"
"NL",1974,"37",37,0.00113,FALSE,"observed"
"NL",1974,"38",38,0.00135,FALSE,"observed"
"NL",1974,"39",39,0.00141,FALSE,"observed"
"NL",1974,"40",40,0.00155,FALSE,"observed"
"NL",1974,"41",41,0.00181,FALSE,"observed"
"NL",1974,"42",42,0.00206,FALSE,"observed"
"NL",1974,"43",43,0.00221,FALSE,"observed"
"NL",1974,"44",44,0.00243,FALSE,"observed"
"NL",1974,"45",45,0.00281,FALSE,"observed"
"NL",1974,"46",46,0.00318,FALSE,"observed"
"NL",1974,"47",47,0.00335,FALSE,"observed"
"NL",1974,"48",48,0.00383,FALSE,"observed"
"NL",1974,"49",49,0.00439,FALSE,"observed"
"NL",1974,"50",50,0.00467,FALSE,"observed"
"NL",1974,"51",51,0.00492,FALSE,"observed"
"NL",1974,"52",52,0.00546,FALSE,"observed"
"NL",1974,"53",53,0.00607,FALSE,"observed"
"NL",1974,"54",54,0.00628,FALSE,"observed"
"NL",1974,"55",55,0.00764,FALSE,"observed"
"NL",1974,"56",56,0.0083,FALSE,"observed"
"NL",1974,"57",57,0.00954,FALSE,"observed"
"NL",1974,"58",58,0.01012,FALSE,"observed"
"NL",1974,"59",59,0.01082,FALSE,"observed"
"NL",1974,"60",60,0.01213,FALSE,"observed"
"NL",1974,"61",61,0.01309,FALSE,"observed"
"NL",1974,"62",62,0.01437,FALSE,"observed"
"NL",1974,"63",63,0.01557,FALSE,"observed"
"NL",1974,"64",64,0.01742,FALSE,"observed"
"NL",1974,"65",65,0.01985,FALSE,"observed"
"NL",1974,"66",66,0.02215,FALSE,"observed"
"NL",1974,"67",67,0.02473,FALSE,"observed"
"NL",1974,"68",68,0.02659,FALSE,"observed"
"NL",1974,"69",69,0.02847,FALSE,"observed"
"NL",1974,"70",70,0.03118,FALSE,"observed"
"NL",1974,"71",71,0.03436,FALSE,"observed"
"NL",1974,"72",72,0.03849,FALSE,"observed"
"NL",1974,"73",73,0.04231,FALSE,"observed"
"NL",1974,"74",74,0.04636,FALSE,"observed"
"NL",1974,"75",75,0.05095,FALSE,"observed"
"NL",1974,"76",76,0.0565,FALSE,"observed"
"NL",1974,"77",77,0.06339,FALSE,"observed"
"NL",1974,"78",78,0.07023,FALSE,"observed"
"NL",1974,"79",79,0.07685,FALSE,"observed"
"NL",1974,"80",80,0.0841,FALSE,"observed"
"NL",1974,"81",81,0.09243,FALSE,"observed"
"NL",1974,"82",82,0.10198,FALSE,"observed"
"NL",1974,"83",83,0.114,FALSE,"observed"
"NL",1974,"84",84,0.12666,FALSE,"observed"
"NL",1974,"85",85,0.14056,FALSE,"observed"
"NL",1974,"86",86,0.15399,FALSE,"observed"
"NL",1974,"87",87,0.16723,FALSE,"observed"
"NL",1974,"88",88,0.1901,FALSE,"observed"
"NL",1974,"89",89,0.21066,FALSE,"observed"
"NL",1974,"90",90,0.2262,FALSE,"observed"
"NL",1974,"91",91,0.23822,FALSE,"observed"
"NL",1974,"92",92,0.26831,FALSE,"observed"
"NL",1974,"93",93,0.30627,FALSE,"observed"
"NL",1974,"94",94,0.30829,FALSE,"observed"
"NL",1974,"95",95,0.34382,FALSE,"observed"
"NL",1974,"96",96,0.37077,FALSE,"observed"
"NL",1974,"97",97,0.39858,FALSE,"observed"
"NL",1974,"98",98,0.42711,FALSE,"observed"
"NL",1974,"99",99,0.45616,FALSE,"observed"
"NL",1974,"100",100,0.48556,FALSE,"observed"
"NL",1974,"101",101,0.5151,FALSE,"observed"
"NL",1974,"102",102,0.54458,FALSE,"observed"
"NL",1974,"103",103,0.5738,FALSE,"observed"
"NL",1974,"104",104,0.60256,FALSE,"observed"
"NL",1974,"105",105,0.63067,FALSE,"observed"
"NL",1974,"106",106,0.65797,FALSE,"observed"
"NL",1974,"107",107,0.68431,FALSE,"observed"
"NL",1974,"108",108,0.70956,FALSE,"observed"
"NL",1974,"109",109,0.73362,FALSE,"observed"
"NL",1974,"110+",110,0.75641,FALSE,"observed"
"NL",1975,"0",0,0.01006,FALSE,"observed"
"NL",1975,"1",1,0.00128,FALSE,"observed"
"NL",1975,"2",2,0.00075,FALSE,"observed"
"NL",1975,"3",3,6e-04,FALSE,"observed"
"NL",1975,"4",4,0.00046,FALSE,"observed"
"NL",1975,"5",5,4e-04,FALSE,"observed"
"NL",1975,"6",6,0.00035,FALSE,"observed"
"NL",1975,"7",7,0.00031,FALSE,"observed"
"NL",1975,"8",8,0.00031,FALSE,"observed"
"NL",1975,"9",9,0.00029,FALSE,"observed"
"NL",1975,"10",10,0.00029,FALSE,"observed"
"NL",1975,"11",11,3e-04,FALSE,"observed"
"NL",1975,"12",12,0.00031,FALSE,"observed"
"NL",1975,"13",13,0.00029,FALSE,"observed"
"NL",1975,"14",14,0.00031,FALSE,"observed"
"NL",1975,"15",15,4e-04,FALSE,"observed"
"NL",1975,"16",16,0.00053,FALSE,"observed"
"NL",1975,"17",17,0.00061,FALSE,"observed"
"NL",1975,"18",18,0.00065,FALSE,"observed"
"NL",1975,"19",19,0.00074,FALSE,"observed"
"NL",1975,"20",20,0.00077,FALSE,"observed"
"NL",1975,"21",21,0.00066,FALSE,"observed"
"NL",1975,"22",22,0.00058,FALSE,"observed"
"NL",1975,"23",23,6e-04,FALSE,"observed"
"NL",1975,"24",24,0.00059,FALSE,"observed"
"NL",1975,"25",25,0.00061,FALSE,"observed"
"NL",1975,"26",26,0.00063,FALSE,"observed"
"NL",1975,"27",27,0.00062,FALSE,"observed"
"NL",1975,"28",28,0.00061,FALSE,"observed"
"NL",1975,"29",29,0.00068,FALSE,"observed"
"NL",1975,"30",30,0.00073,FALSE,"observed"
"NL",1975,"31",31,0.00077,FALSE,"observed"
"NL",1975,"32",32,0.00086,FALSE,"observed"
"NL",1975,"33",33,0.00094,FALSE,"observed"
"NL",1975,"34",34,0.00086,FALSE,"observed"
"NL",1975,"35",35,0.00089,FALSE,"observed"
"NL",1975,"36",36,0.00101,FALSE,"observed"
"NL",1975,"37",37,0.00114,FALSE,"observed"
"NL",1975,"38",38,0.00132,FALSE,"observed"
"NL",1975,"39",39,0.00144,FALSE,"observed"
"NL",1975,"40",40,0.00156,FALSE,"observed"
"NL",1975,"41",41,0.00168,FALSE,"observed"
"NL",1975,"42",42,0.0019,FALSE,"observed"
"NL",1975,"43",43,0.00222,FALSE,"observed"
"NL",1975,"44",44,0.00244,FALSE,"observed"
"NL",1975,"45",45,0.00278,FALSE,"observed"
"NL",1975,"46",46,0.00329,FALSE,"observed"
"NL",1975,"47",47,0.00352,FALSE,"observed"
"NL",1975,"48",48,0.0037,FALSE,"observed"
"NL",1975,"49",49,0.00421,FALSE,"observed"
"NL",1975,"50",50,0.00461,FALSE,"observed"
"NL",1975,"51",51,0.00529,FALSE,"observed"
"NL",1975,"52",52,0.0057,FALSE,"observed"
"NL",1975,"53",53,0.00612,FALSE,"observed"
"NL",1975,"54",54,0.00685,FALSE,"observed"
"NL",1975,"55",55,0.00723,FALSE,"observed"
"NL",1975,"56",56,0.00874,FALSE,"observed"
"NL",1975,"57",57,0.00902,FALSE,"observed"
"NL",1975,"58",58,0.01,FALSE,"observed"
"NL",1975,"59",59,0.01112,FALSE,"observed"
"NL",1975,"60",60,0.01211,FALSE,"observed"
"NL",1975,"61",61,0.01351,FALSE,"observed"
"NL",1975,"62",62,0.01482,FALSE,"observed"
"NL",1975,"63",63,0.01658,FALSE,"observed"
"NL",1975,"64",64,0.01811,FALSE,"observed"
"NL",1975,"65",65,0.01945,FALSE,"observed"
"NL",1975,"66",66,0.02179,FALSE,"observed"
"NL",1975,"67",67,0.02478,FALSE,"observed"
"NL",1975,"68",68,0.02735,FALSE,"observed"
"NL",1975,"69",69,0.02942,FALSE,"observed"
"NL",1975,"70",70,0.03214,FALSE,"observed"
"NL",1975,"71",71,0.03599,FALSE,"observed"
"NL",1975,"72",72,0.03917,FALSE,"observed"
"NL",1975,"73",73,0.04281,FALSE,"observed"
"NL",1975,"74",74,0.04697,FALSE,"observed"
"NL",1975,"75",75,0.05251,FALSE,"observed"
"NL",1975,"76",76,0.05862,FALSE,"observed"
"NL",1975,"77",77,0.06371,FALSE,"observed"
"NL",1975,"78",78,0.07073,FALSE,"observed"
"NL",1975,"79",79,0.07988,FALSE,"observed"
"NL",1975,"80",80,0.0878,FALSE,"observed"
"NL",1975,"81",81,0.09797,FALSE,"observed"
"NL",1975,"82",82,0.10532,FALSE,"observed"
"NL",1975,"83",83,0.1153,FALSE,"observed"
"NL",1975,"84",84,0.13244,FALSE,"observed"
"NL",1975,"85",85,0.14877,FALSE,"observed"
"NL",1975,"86",86,0.15959,FALSE,"observed"
"NL",1975,"87",87,0.17512,FALSE,"observed"
"NL",1975,"88",88,0.19583,FALSE,"observed"
"NL",1975,"89",89,0.21501,FALSE,"observed"
"NL",1975,"90",90,0.23245,FALSE,"observed"
"NL",1975,"91",91,0.25054,FALSE,"observed"
"NL",1975,"92",92,0.27588,FALSE,"observed"
"NL",1975,"93",93,0.29805,FALSE,"observed"
"NL",1975,"94",94,0.32023,FALSE,"observed"
"NL",1975,"95",95,0.35104,FALSE,"observed"
"NL",1975,"96",96,0.378,FALSE,"observed"
"NL",1975,"97",97,0.40578,FALSE,"observed"
"NL",1975,"98",98,0.43422,FALSE,"observed"
"NL",1975,"99",99,0.46315,FALSE,"observed"
"NL",1975,"100",100,0.49237,FALSE,"observed"
"NL",1975,"101",101,0.5217,FALSE,"observed"
"NL",1975,"102",102,0.55092,FALSE,"observed"
"NL",1975,"103",103,0.57985,FALSE,"observed"
"NL",1975,"104",104,0.60829,FALSE,"observed"
"NL",1975,"105",105,0.63606,FALSE,"observed"
"NL",1975,"106",106,0.663,FALSE,"observed"
"NL",1975,"107",107,0.68897,FALSE,"observed"
"NL",1975,"108",108,0.71385,FALSE,"observed"
"NL",1975,"109",109,0.73754,FALSE,"observed"
"NL",1975,"110+",110,0.75997,FALSE,"observed"
"NL",1976,"0",0,0.01047,FALSE,"observed"
"NL",1976,"1",1,0.00122,FALSE,"observed"
"NL",1976,"2",2,0.00064,FALSE,"observed"
"NL",1976,"3",3,0.00049,FALSE,"observed"
"NL",1976,"4",4,0.00043,FALSE,"observed"
"NL",1976,"5",5,0.00036,FALSE,"observed"
"NL",1976,"6",6,0.00034,FALSE,"observed"
"NL",1976,"7",7,0.00039,FALSE,"observed"
"NL",1976,"8",8,0.00035,FALSE,"observed"
"NL",1976,"9",9,0.00028,FALSE,"observed"
"NL",1976,"10",10,0.00026,FALSE,"observed"
"NL",1976,"11",11,0.00026,FALSE,"observed"
"NL",1976,"12",12,0.00028,FALSE,"observed"
"NL",1976,"13",13,0.00031,FALSE,"observed"
"NL",1976,"14",14,0.00033,FALSE,"observed"
"NL",1976,"15",15,0.00039,FALSE,"observed"
"NL",1976,"16",16,0.00053,FALSE,"observed"
"NL",1976,"17",17,0.00062,FALSE,"observed"
"NL",1976,"18",18,0.00075,FALSE,"observed"
"NL",1976,"19",19,0.00072,FALSE,"observed"
"NL",1976,"20",20,0.00066,FALSE,"observed"
"NL",1976,"21",21,7e-04,FALSE,"observed"
"NL",1976,"22",22,0.00069,FALSE,"observed"
"NL",1976,"23",23,0.00072,FALSE,"observed"
"NL",1976,"24",24,0.00068,FALSE,"observed"
"NL",1976,"25",25,0.00063,FALSE,"observed"
"NL",1976,"26",26,0.00061,FALSE,"observed"
"NL",1976,"27",27,6e-04,FALSE,"observed"
"NL",1976,"28",28,0.00065,FALSE,"observed"
"NL",1976,"29",29,0.00068,FALSE,"observed"
"NL",1976,"30",30,0.00076,FALSE,"observed"
"NL",1976,"31",31,0.00072,FALSE,"observed"
"NL",1976,"32",32,0.00079,FALSE,"observed"
"NL",1976,"33",33,0.00093,FALSE,"observed"
"NL",1976,"34",34,0.00098,FALSE,"observed"
"NL",1976,"35",35,0.00103,FALSE,"observed"
"NL",1976,"36",36,0.0011,FALSE,"observed"
"NL",1976,"37",37,0.00117,FALSE,"observed"
"NL",1976,"38",38,0.00119,FALSE,"observed"
"NL",1976,"39",39,0.00126,FALSE,"observed"
"NL",1976,"40",40,0.00146,FALSE,"observed"
"NL",1976,"41",41,0.00166,FALSE,"observed"
"NL",1976,"42",42,0.00187,FALSE,"observed"
"NL",1976,"43",43,0.00215,FALSE,"observed"
"NL",1976,"44",44,0.00249,FALSE,"observed"
"NL",1976,"45",45,0.00278,FALSE,"observed"
"NL",1976,"46",46,0.00313,FALSE,"observed"
"NL",1976,"47",47,0.0035,FALSE,"observed"
"NL",1976,"48",48,0.00387,FALSE,"observed"
"NL",1976,"49",49,0.00427,FALSE,"observed"
"NL",1976,"50",50,0.00455,FALSE,"observed"
"NL",1976,"51",51,0.00493,FALSE,"observed"
"NL",1976,"52",52,0.00557,FALSE,"observed"
"NL",1976,"53",53,0.00605,FALSE,"observed"
"NL",1976,"54",54,0.00669,FALSE,"observed"
"NL",1976,"55",55,0.00742,FALSE,"observed"
"NL",1976,"56",56,0.00763,FALSE,"observed"
"NL",1976,"57",57,0.00924,FALSE,"observed"
"NL",1976,"58",58,0.00974,FALSE,"observed"
"NL",1976,"59",59,0.01055,FALSE,"observed"
"NL",1976,"60",60,0.01207,FALSE,"observed"
"NL",1976,"61",61,0.01338,FALSE,"observed"
"NL",1976,"62",62,0.0149,FALSE,"observed"
"NL",1976,"63",63,0.01624,FALSE,"observed"
"NL",1976,"64",64,0.0177,FALSE,"observed"
"NL",1976,"65",65,0.01974,FALSE,"observed"
"NL",1976,"66",66,0.02196,FALSE,"observed"
"NL",1976,"67",67,0.02445,FALSE,"observed"
"NL",1976,"68",68,0.02661,FALSE,"observed"
"NL",1976,"69",69,0.02931,FALSE,"observed"
"NL",1976,"70",70,0.03203,FALSE,"observed"
"NL",1976,"71",71,0.03526,FALSE,"observed"
"NL",1976,"72",72,0.03899,FALSE,"observed"
"NL",1976,"73",73,0.04219,FALSE,"observed"
"NL",1976,"74",74,0.04715,FALSE,"observed"
"NL",1976,"75",75,0.0523,FALSE,"observed"
"NL",1976,"76",76,0.05703,FALSE,"observed"
"NL",1976,"77",77,0.06355,FALSE,"observed"
"NL",1976,"78",78,0.07025,FALSE,"observed"
"NL",1976,"79",79,0.07743,FALSE,"observed"
"NL",1976,"80",80,0.08604,FALSE,"observed"
"NL",1976,"81",81,0.09343,FALSE,"observed"
"NL",1976,"82",82,0.10212,FALSE,"observed"
"NL",1976,"83",83,0.11657,FALSE,"observed"
"NL",1976,"84",84,0.12998,FALSE,"observed"
"NL",1976,"85",85,0.14075,FALSE,"observed"
"NL",1976,"86",86,0.15564,FALSE,"observed"
"NL",1976,"87",87,0.16968,FALSE,"observed"
"NL",1976,"88",88,0.19275,FALSE,"observed"
"NL",1976,"89",89,0.21231,FALSE,"observed"
"NL",1976,"90",90,0.22241,FALSE,"observed"
"NL",1976,"91",91,0.25221,FALSE,"observed"
"NL",1976,"92",92,0.28272,FALSE,"observed"
"NL",1976,"93",93,0.29221,FALSE,"observed"
"NL",1976,"94",94,0.32805,FALSE,"observed"
"NL",1976,"95",95,0.3504,FALSE,"observed"
"NL",1976,"96",96,0.37794,FALSE,"observed"
"NL",1976,"97",97,0.40633,FALSE,"observed"
"NL",1976,"98",98,0.43541,FALSE,"observed"
"NL",1976,"99",99,0.46499,FALSE,"observed"
"NL",1976,"100",100,0.49487,FALSE,"observed"
"NL",1976,"101",101,0.52482,FALSE,"observed"
"NL",1976,"102",102,0.55465,FALSE,"observed"
"NL",1976,"103",103,0.58414,FALSE,"observed"
"NL",1976,"104",104,0.61308,FALSE,"observed"
"NL",1976,"105",105,0.64128,FALSE,"observed"
"NL",1976,"106",106,0.66859,FALSE,"observed"
"NL",1976,"107",107,0.69484,FALSE,"observed"
"NL",1976,"108",108,0.71993,FALSE,"observed"
"NL",1976,"109",109,0.74375,FALSE,"observed"
"NL",1976,"110+",110,0.76625,FALSE,"observed"
"NL",1977,"0",0,0.00914,FALSE,"observed"
"NL",1977,"1",1,0.00111,FALSE,"observed"
"NL",1977,"2",2,0.00059,FALSE,"observed"
"NL",1977,"3",3,5e-04,FALSE,"observed"
"NL",1977,"4",4,4e-04,FALSE,"observed"
"NL",1977,"5",5,0.00036,FALSE,"observed"
"NL",1977,"6",6,0.00036,FALSE,"observed"
"NL",1977,"7",7,0.00035,FALSE,"observed"
"NL",1977,"8",8,0.00034,FALSE,"observed"
"NL",1977,"9",9,3e-04,FALSE,"observed"
"NL",1977,"10",10,0.00023,FALSE,"observed"
"NL",1977,"11",11,0.00024,FALSE,"observed"
"NL",1977,"12",12,0.00028,FALSE,"observed"
"NL",1977,"13",13,0.00029,FALSE,"observed"
"NL",1977,"14",14,0.00032,FALSE,"observed"
"NL",1977,"15",15,0.00043,FALSE,"observed"
"NL",1977,"16",16,0.00055,FALSE,"observed"
"NL",1977,"17",17,0.00063,FALSE,"observed"
"NL",1977,"18",18,0.00075,FALSE,"observed"
"NL",1977,"19",19,0.00078,FALSE,"observed"
"NL",1977,"20",20,0.00076,FALSE,"observed"
"NL",1977,"21",21,0.00076,FALSE,"observed"
"NL",1977,"22",22,7e-04,FALSE,"observed"
"NL",1977,"23",23,0.00064,FALSE,"observed"
"NL",1977,"24",24,0.00064,FALSE,"observed"
"NL",1977,"25",25,0.00068,FALSE,"observed"
"NL",1977,"26",26,0.00067,FALSE,"observed"
"NL",1977,"27",27,0.00064,FALSE,"observed"
"NL",1977,"28",28,0.00067,FALSE,"observed"
"NL",1977,"29",29,0.00063,FALSE,"observed"
"NL",1977,"30",30,0.00067,FALSE,"observed"
"NL",1977,"31",31,0.00081,FALSE,"observed"
"NL",1977,"32",32,0.00078,FALSE,"observed"
"NL",1977,"33",33,0.00084,FALSE,"observed"
"NL",1977,"34",34,0.00097,FALSE,"observed"
"NL",1977,"35",35,0.00104,FALSE,"observed"
"NL",1977,"36",36,0.00106,FALSE,"observed"
"NL",1977,"37",37,0.00108,FALSE,"observed"
"NL",1977,"38",38,0.00121,FALSE,"observed"
"NL",1977,"39",39,0.00149,FALSE,"observed"
"NL",1977,"40",40,0.00173,FALSE,"observed"
"NL",1977,"41",41,0.00179,FALSE,"observed"
"NL",1977,"42",42,0.00185,FALSE,"observed"
"NL",1977,"43",43,0.00216,FALSE,"observed"
"NL",1977,"44",44,0.00242,FALSE,"observed"
"NL",1977,"45",45,0.00268,FALSE,"observed"
"NL",1977,"46",46,0.00308,FALSE,"observed"
"NL",1977,"47",47,0.0034,FALSE,"observed"
"NL",1977,"48",48,0.00369,FALSE,"observed"
"NL",1977,"49",49,0.00401,FALSE,"observed"
"NL",1977,"50",50,0.00435,FALSE,"observed"
"NL",1977,"51",51,0.00489,FALSE,"observed"
"NL",1977,"52",52,0.00538,FALSE,"observed"
"NL",1977,"53",53,0.00584,FALSE,"observed"
"NL",1977,"54",54,0.00631,FALSE,"observed"
"NL",1977,"55",55,0.00691,FALSE,"observed"
"NL",1977,"56",56,0.00793,FALSE,"observed"
"NL",1977,"57",57,0.00856,FALSE,"observed"
"NL",1977,"58",58,0.01016,FALSE,"observed"
"NL",1977,"59",59,0.01074,FALSE,"observed"
"NL",1977,"60",60,0.0121,FALSE,"observed"
"NL",1977,"61",61,0.01316,FALSE,"observed"
"NL",1977,"62",62,0.01373,FALSE,"observed"
"NL",1977,"63",63,0.01504,FALSE,"observed"
"NL",1977,"64",64,0.01705,FALSE,"observed"
"NL",1977,"65",65,0.01913,FALSE,"observed"
"NL",1977,"66",66,0.02063,FALSE,"observed"
"NL",1977,"67",67,0.0229,FALSE,"observed"
"NL",1977,"68",68,0.02587,FALSE,"observed"
"NL",1977,"69",69,0.02809,FALSE,"observed"
"NL",1977,"70",70,0.03049,FALSE,"observed"
"NL",1977,"71",71,0.03303,FALSE,"observed"
"NL",1977,"72",72,0.03678,FALSE,"observed"
"NL",1977,"73",73,0.04124,FALSE,"observed"
"NL",1977,"74",74,0.04463,FALSE,"observed"
"NL",1977,"75",75,0.04926,FALSE,"observed"
"NL",1977,"76",76,0.05445,FALSE,"observed"
"NL",1977,"77",77,0.05913,FALSE,"observed"
"NL",1977,"78",78,0.06542,FALSE,"observed"
"NL",1977,"79",79,0.07226,FALSE,"observed"
"NL",1977,"80",80,0.07873,FALSE,"observed"
"NL",1977,"81",81,0.0869,FALSE,"observed"
"NL",1977,"82",82,0.09523,FALSE,"observed"
"NL",1977,"83",83,0.10359,FALSE,"observed"
"NL",1977,"84",84,0.1145,FALSE,"observed"
"NL",1977,"85",85,0.12933,FALSE,"observed"
"NL",1977,"86",86,0.14289,FALSE,"observed"
"NL",1977,"87",87,0.15655,FALSE,"observed"
"NL",1977,"88",88,0.17081,FALSE,"observed"
"NL",1977,"89",89,0.18616,FALSE,"observed"
"NL",1977,"90",90,0.20327,FALSE,"observed"
"NL",1977,"91",91,0.2299,FALSE,"observed"
"NL",1977,"92",92,0.25694,FALSE,"observed"
"NL",1977,"93",93,0.26407,FALSE,"observed"
"NL",1977,"94",94,0.2762,FALSE,"observed"
"NL",1977,"95",95,0.31479,FALSE,"observed"
"NL",1977,"96",96,0.34,FALSE,"observed"
"NL",1977,"97",97,0.3662,FALSE,"observed"
"NL",1977,"98",98,0.39326,FALSE,"observed"
"NL",1977,"99",99,0.42104,FALSE,"observed"
"NL",1977,"100",100,0.44937,FALSE,"observed"
"NL",1977,"101",101,0.47807,FALSE,"observed"
"NL",1977,"102",102,0.50696,FALSE,"observed"
"NL",1977,"103",103,0.53584,FALSE,"observed"
"NL",1977,"104",104,0.56451,FALSE,"observed"
"NL",1977,"105",105,0.59279,FALSE,"observed"
"NL",1977,"106",106,0.62049,FALSE,"observed"
"NL",1977,"107",107,0.64746,FALSE,"observed"
"NL",1977,"108",108,0.67355,FALSE,"observed"
"NL",1977,"109",109,0.69863,FALSE,"observed"
"NL",1977,"110+",110,0.7226,FALSE,"observed"
"NL",1978,"0",0,0.00926,FALSE,"observed"
"NL",1978,"1",1,0.00132,FALSE,"observed"
"NL",1978,"2",2,0.00068,FALSE,"observed"
"NL",1978,"3",3,0.00049,FALSE,"observed"
"NL",1978,"4",4,0.00044,FALSE,"observed"
"NL",1978,"5",5,0.00041,FALSE,"observed"
"NL",1978,"6",6,0.00035,FALSE,"observed"
"NL",1978,"7",7,0.00033,FALSE,"observed"
"NL",1978,"8",8,0.00031,FALSE,"observed"
"NL",1978,"9",9,0.00022,FALSE,"observed"
"NL",1978,"10",10,0.00023,FALSE,"observed"
"NL",1978,"11",11,0.00026,FALSE,"observed"
"NL",1978,"12",12,0.00029,FALSE,"observed"
"NL",1978,"13",13,0.00034,FALSE,"observed"
"NL",1978,"14",14,0.00035,FALSE,"observed"
"NL",1978,"15",15,0.00042,FALSE,"observed"
"NL",1978,"16",16,0.00059,FALSE,"observed"
"NL",1978,"17",17,0.00067,FALSE,"observed"
"NL",1978,"18",18,0.00069,FALSE,"observed"
"NL",1978,"19",19,0.00073,FALSE,"observed"
"NL",1978,"20",20,0.00074,FALSE,"observed"
"NL",1978,"21",21,0.00074,FALSE,"observed"
"NL",1978,"22",22,0.00069,FALSE,"observed"
"NL",1978,"23",23,0.00066,FALSE,"observed"
"NL",1978,"24",24,0.00065,FALSE,"observed"
"NL",1978,"25",25,0.00061,FALSE,"observed"
"NL",1978,"26",26,0.00058,FALSE,"observed"
"NL",1978,"27",27,6e-04,FALSE,"observed"
"NL",1978,"28",28,0.00067,FALSE,"observed"
"NL",1978,"29",29,0.00063,FALSE,"observed"
"NL",1978,"30",30,0.00068,FALSE,"observed"
"NL",1978,"31",31,0.00071,FALSE,"observed"
"NL",1978,"32",32,0.00074,FALSE,"observed"
"NL",1978,"33",33,0.00083,FALSE,"observed"
"NL",1978,"34",34,0.00096,FALSE,"observed"
"NL",1978,"35",35,0.00096,FALSE,"observed"
"NL",1978,"36",36,0.001,FALSE,"observed"
"NL",1978,"37",37,0.00106,FALSE,"observed"
"NL",1978,"38",38,0.00126,FALSE,"observed"
"NL",1978,"39",39,0.00146,FALSE,"observed"
"NL",1978,"40",40,0.00151,FALSE,"observed"
"NL",1978,"41",41,0.00165,FALSE,"observed"
"NL",1978,"42",42,0.00192,FALSE,"observed"
"NL",1978,"43",43,0.00211,FALSE,"observed"
"NL",1978,"44",44,0.00237,FALSE,"observed"
"NL",1978,"45",45,0.00283,FALSE,"observed"
"NL",1978,"46",46,0.00316,FALSE,"observed"
"NL",1978,"47",47,0.00337,FALSE,"observed"
"NL",1978,"48",48,0.00376,FALSE,"observed"
"NL",1978,"49",49,0.00405,FALSE,"observed"
"NL",1978,"50",50,0.00429,FALSE,"observed"
"NL",1978,"51",51,0.00471,FALSE,"observed"
"NL",1978,"52",52,0.0054,FALSE,"observed"
"NL",1978,"53",53,0.00591,FALSE,"observed"
"NL",1978,"54",54,0.00648,FALSE,"observed"
"NL",1978,"55",55,0.0071,FALSE,"observed"
"NL",1978,"56",56,0.00765,FALSE,"observed"
"NL",1978,"57",57,0.00866,FALSE,"observed"
"NL",1978,"58",58,0.00904,FALSE,"observed"
"NL",1978,"59",59,0.01063,FALSE,"observed"
"NL",1978,"60",60,0.01144,FALSE,"observed"
"NL",1978,"61",61,0.01272,FALSE,"observed"
"NL",1978,"62",62,0.01409,FALSE,"observed"
"NL",1978,"63",63,0.01572,FALSE,"observed"
"NL",1978,"64",64,0.01709,FALSE,"observed"
"NL",1978,"65",65,0.01837,FALSE,"observed"
"NL",1978,"66",66,0.02047,FALSE,"observed"
"NL",1978,"67",67,0.02286,FALSE,"observed"
"NL",1978,"68",68,0.02567,FALSE,"observed"
"NL",1978,"69",69,0.02813,FALSE,"observed"
"NL",1978,"70",70,0.031,FALSE,"observed"
"NL",1978,"71",71,0.0342,FALSE,"observed"
"NL",1978,"72",72,0.03734,FALSE,"observed"
"NL",1978,"73",73,0.04153,FALSE,"observed"
"NL",1978,"74",74,0.04541,FALSE,"observed"
"NL",1978,"75",75,0.04911,FALSE,"observed"
"NL",1978,"76",76,0.055,FALSE,"observed"
"NL",1978,"77",77,0.0608,FALSE,"observed"
"NL",1978,"78",78,0.066,FALSE,"observed"
"NL",1978,"79",79,0.0743,FALSE,"observed"
"NL",1978,"80",80,0.0824,FALSE,"observed"
"NL",1978,"81",81,0.08956,FALSE,"observed"
"NL",1978,"82",82,0.09786,FALSE,"observed"
"NL",1978,"83",83,0.10729,FALSE,"observed"
"NL",1978,"84",84,0.11952,FALSE,"observed"
"NL",1978,"85",85,0.1323,FALSE,"observed"
"NL",1978,"86",86,0.14678,FALSE,"observed"
"NL",1978,"87",87,0.16357,FALSE,"observed"
"NL",1978,"88",88,0.18013,FALSE,"observed"
"NL",1978,"89",89,0.19214,FALSE,"observed"
"NL",1978,"90",90,0.21003,FALSE,"observed"
"NL",1978,"91",91,0.23203,FALSE,"observed"
"NL",1978,"92",92,0.2611,FALSE,"observed"
"NL",1978,"93",93,0.29191,FALSE,"observed"
"NL",1978,"94",94,0.31763,FALSE,"observed"
"NL",1978,"95",95,0.33228,FALSE,"observed"
"NL",1978,"96",96,0.3589,FALSE,"observed"
"NL",1978,"97",97,0.38646,FALSE,"observed"
"NL",1978,"98",98,0.41479,FALSE,"observed"
"NL",1978,"99",99,0.44373,FALSE,"observed"
"NL",1978,"100",100,0.47309,FALSE,"observed"
"NL",1978,"101",101,0.50265,FALSE,"observed"
"NL",1978,"102",102,0.53222,FALSE,"observed"
"NL",1978,"103",103,0.56159,FALSE,"observed"
"NL",1978,"104",104,0.59054,FALSE,"observed"
"NL",1978,"105",105,0.6189,FALSE,"observed"
"NL",1978,"106",106,0.64647,FALSE,"observed"
"NL",1978,"107",107,0.67311,FALSE,"observed"
"NL",1978,"108",108,0.69869,FALSE,"observed"
"NL",1978,"109",109,0.7231,FALSE,"observed"
"NL",1978,"110+",110,0.74624,FALSE,"observed"
"NL",1979,"0",0,0.00845,FALSE,"observed"
"NL",1979,"1",1,0.00112,FALSE,"observed"
"NL",1979,"2",2,0.00061,FALSE,"observed"
"NL",1979,"3",3,0.00044,FALSE,"observed"
"NL",1979,"4",4,0.00038,FALSE,"observed"
"NL",1979,"5",5,0.00034,FALSE,"observed"
"NL",1979,"6",6,0.00028,FALSE,"observed"
"NL",1979,"7",7,0.00024,FALSE,"observed"
"NL",1979,"8",8,0.00026,FALSE,"observed"
"NL",1979,"9",9,0.00031,FALSE,"observed"
"NL",1979,"10",10,0.00027,FALSE,"observed"
"NL",1979,"11",11,0.00025,FALSE,"observed"
"NL",1979,"12",12,0.00025,FALSE,"observed"
"NL",1979,"13",13,0.00025,FALSE,"observed"
"NL",1979,"14",14,0.00029,FALSE,"observed"
"NL",1979,"15",15,0.00036,FALSE,"observed"
"NL",1979,"16",16,0.00052,FALSE,"observed"
"NL",1979,"17",17,0.00058,FALSE,"observed"
"NL",1979,"18",18,0.00061,FALSE,"observed"
"NL",1979,"19",19,0.00072,FALSE,"observed"
"NL",1979,"20",20,0.00066,FALSE,"observed"
"NL",1979,"21",21,0.00065,FALSE,"observed"
"NL",1979,"22",22,0.00061,FALSE,"observed"
"NL",1979,"23",23,0.00054,FALSE,"observed"
"NL",1979,"24",24,0.00057,FALSE,"observed"
"NL",1979,"25",25,0.00064,FALSE,"observed"
"NL",1979,"26",26,0.00065,FALSE,"observed"
"NL",1979,"27",27,0.00062,FALSE,"observed"
"NL",1979,"28",28,0.00063,FALSE,"observed"
"NL",1979,"29",29,0.00063,FALSE,"observed"
"NL",1979,"30",30,0.00068,FALSE,"observed"
"NL",1979,"31",31,0.00069,FALSE,"observed"
"NL",1979,"32",32,0.00072,FALSE,"observed"
"NL",1979,"33",33,0.00083,FALSE,"observed"
"NL",1979,"34",34,0.00085,FALSE,"observed"
"NL",1979,"35",35,0.00093,FALSE,"observed"
"NL",1979,"36",36,0.001,FALSE,"observed"
"NL",1979,"37",37,0.00111,FALSE,"observed"
"NL",1979,"38",38,0.00115,FALSE,"observed"
"NL",1979,"39",39,0.00123,FALSE,"observed"
"NL",1979,"40",40,0.00137,FALSE,"observed"
"NL",1979,"41",41,0.00163,FALSE,"observed"
"NL",1979,"42",42,0.00184,FALSE,"observed"
"NL",1979,"43",43,0.00202,FALSE,"observed"
"NL",1979,"44",44,0.00233,FALSE,"observed"
"NL",1979,"45",45,0.00259,FALSE,"observed"
"NL",1979,"46",46,0.00283,FALSE,"observed"
"NL",1979,"47",47,0.0032,FALSE,"observed"
"NL",1979,"48",48,0.00367,FALSE,"observed"
"NL",1979,"49",49,0.00396,FALSE,"observed"
"NL",1979,"50",50,0.00425,FALSE,"observed"
"NL",1979,"51",51,0.00475,FALSE,"observed"
"NL",1979,"52",52,0.00515,FALSE,"observed"
"NL",1979,"53",53,0.00572,FALSE,"observed"
"NL",1979,"54",54,0.00649,FALSE,"observed"
"NL",1979,"55",55,0.00691,FALSE,"observed"
"NL",1979,"56",56,0.00739,FALSE,"observed"
"NL",1979,"57",57,0.00865,FALSE,"observed"
"NL",1979,"58",58,0.00963,FALSE,"observed"
"NL",1979,"59",59,0.00966,FALSE,"observed"
"NL",1979,"60",60,0.01184,FALSE,"observed"
"NL",1979,"61",61,0.01258,FALSE,"observed"
"NL",1979,"62",62,0.01374,FALSE,"observed"
"NL",1979,"63",63,0.01543,FALSE,"observed"
"NL",1979,"64",64,0.01686,FALSE,"observed"
"NL",1979,"65",65,0.01849,FALSE,"observed"
"NL",1979,"66",66,0.02026,FALSE,"observed"
"NL",1979,"67",67,0.02225,FALSE,"observed"
"NL",1979,"68",68,0.02383,FALSE,"observed"
"NL",1979,"69",69,0.02644,FALSE,"observed"
"NL",1979,"70",70,0.03018,FALSE,"observed"
"NL",1979,"71",71,0.03365,FALSE,"observed"
"NL",1979,"72",72,0.03703,FALSE,"observed"
"NL",1979,"73",73,0.04022,FALSE,"observed"
"NL",1979,"74",74,0.04378,FALSE,"observed"
"NL",1979,"75",75,0.0481,FALSE,"observed"
"NL",1979,"76",76,0.05272,FALSE,"observed"
"NL",1979,"77",77,0.05851,FALSE,"observed"
"NL",1979,"78",78,0.06427,FALSE,"observed"
"NL",1979,"79",79,0.06965,FALSE,"observed"
"NL",1979,"80",80,0.07779,FALSE,"observed"
"NL",1979,"81",81,0.08638,FALSE,"observed"
"NL",1979,"82",82,0.09512,FALSE,"observed"
"NL",1979,"83",83,0.10463,FALSE,"observed"
"NL",1979,"84",84,0.11305,FALSE,"observed"
"NL",1979,"85",85,0.12583,FALSE,"observed"
"NL",1979,"86",86,0.13705,FALSE,"observed"
"NL",1979,"87",87,0.15115,FALSE,"observed"
"NL",1979,"88",88,0.16798,FALSE,"observed"
"NL",1979,"89",89,0.18243,FALSE,"observed"
"NL",1979,"90",90,0.20521,FALSE,"observed"
"NL",1979,"91",91,0.22723,FALSE,"observed"
"NL",1979,"92",92,0.25023,FALSE,"observed"
"NL",1979,"93",93,0.2748,FALSE,"observed"
"NL",1979,"94",94,0.29065,FALSE,"observed"
"NL",1979,"95",95,0.31207,FALSE,"observed"
"NL",1979,"96",96,0.33721,FALSE,"observed"
"NL",1979,"97",97,0.36335,FALSE,"observed"
"NL",1979,"98",98,0.39033,FALSE,"observed"
"NL",1979,"99",99,0.41802,FALSE,"observed"
"NL",1979,"100",100,0.44625,FALSE,"observed"
"NL",1979,"101",101,0.47482,FALSE,"observed"
"NL",1979,"102",102,0.50355,FALSE,"observed"
"NL",1979,"103",103,0.53225,FALSE,"observed"
"NL",1979,"104",104,0.56071,FALSE,"observed"
"NL",1979,"105",105,0.58875,FALSE,"observed"
"NL",1979,"106",106,0.61619,FALSE,"observed"
"NL",1979,"107",107,0.64287,FALSE,"observed"
"NL",1979,"108",108,0.66864,FALSE,"observed"
"NL",1979,"109",109,0.6934,FALSE,"observed"
"NL",1979,"110+",110,0.71704,FALSE,"observed"
"NL",1980,"0",0,0.0088,FALSE,"observed"
"NL",1980,"1",1,0.00083,FALSE,"observed"
"NL",1980,"2",2,0.00053,FALSE,"observed"
"NL",1980,"3",3,0.00044,FALSE,"observed"
"NL",1980,"4",4,0.00029,FALSE,"observed"
"NL",1980,"5",5,0.00032,FALSE,"observed"
"NL",1980,"6",6,0.00025,FALSE,"observed"
"NL",1980,"7",7,0.00034,FALSE,"observed"
"NL",1980,"8",8,0.00032,FALSE,"observed"
"NL",1980,"9",9,0.00024,FALSE,"observed"
"NL",1980,"10",10,0.00024,FALSE,"observed"
"NL",1980,"11",11,0.00021,FALSE,"observed"
"NL",1980,"12",12,2e-04,FALSE,"observed"
"NL",1980,"13",13,0.00024,FALSE,"observed"
"NL",1980,"14",14,0.00022,FALSE,"observed"
"NL",1980,"15",15,3e-04,FALSE,"observed"
"NL",1980,"16",16,0.00046,FALSE,"observed"
"NL",1980,"17",17,0.00055,FALSE,"observed"
"NL",1980,"18",18,0.00065,FALSE,"observed"
"NL",1980,"19",19,0.00066,FALSE,"observed"
"NL",1980,"20",20,0.00072,FALSE,"observed"
"NL",1980,"21",21,0.00074,FALSE,"observed"
"NL",1980,"22",22,0.00069,FALSE,"observed"
"NL",1980,"23",23,0.00065,FALSE,"observed"
"NL",1980,"24",24,0.00063,FALSE,"observed"
"NL",1980,"25",25,0.00072,FALSE,"observed"
"NL",1980,"26",26,0.00054,FALSE,"observed"
"NL",1980,"27",27,0.00062,FALSE,"observed"
"NL",1980,"28",28,0.00063,FALSE,"observed"
"NL",1980,"29",29,0.00071,FALSE,"observed"
"NL",1980,"30",30,0.00076,FALSE,"observed"
"NL",1980,"31",31,0.00075,FALSE,"observed"
"NL",1980,"32",32,0.00067,FALSE,"observed"
"NL",1980,"33",33,0.00073,FALSE,"observed"
"NL",1980,"34",34,0.00068,FALSE,"observed"
"NL",1980,"35",35,0.00093,FALSE,"observed"
"NL",1980,"36",36,0.00108,FALSE,"observed"
"NL",1980,"37",37,0.00112,FALSE,"observed"
"NL",1980,"38",38,0.00125,FALSE,"observed"
"NL",1980,"39",39,0.00123,FALSE,"observed"
"NL",1980,"40",40,0.00127,FALSE,"observed"
"NL",1980,"41",41,0.00153,FALSE,"observed"
"NL",1980,"42",42,0.00179,FALSE,"observed"
"NL",1980,"43",43,0.00218,FALSE,"observed"
"NL",1980,"44",44,0.00209,FALSE,"observed"
"NL",1980,"45",45,0.00248,FALSE,"observed"
"NL",1980,"46",46,0.00273,FALSE,"observed"
"NL",1980,"47",47,0.00323,FALSE,"observed"
"NL",1980,"48",48,0.00348,FALSE,"observed"
"NL",1980,"49",49,0.00398,FALSE,"observed"
"NL",1980,"50",50,0.00408,FALSE,"observed"
"NL",1980,"51",51,0.00509,FALSE,"observed"
"NL",1980,"52",52,0.00519,FALSE,"observed"
"NL",1980,"53",53,0.0055,FALSE,"observed"
"NL",1980,"54",54,0.00616,FALSE,"observed"
"NL",1980,"55",55,0.00686,FALSE,"observed"
"NL",1980,"56",56,0.00763,FALSE,"observed"
"NL",1980,"57",57,0.00804,FALSE,"observed"
"NL",1980,"58",58,0.00853,FALSE,"observed"
"NL",1980,"59",59,0.01017,FALSE,"observed"
"NL",1980,"60",60,0.01138,FALSE,"observed"
"NL",1980,"61",61,0.01217,FALSE,"observed"
"NL",1980,"62",62,0.01359,FALSE,"observed"
"NL",1980,"63",63,0.01546,FALSE,"observed"
"NL",1980,"64",64,0.0166,FALSE,"observed"
"NL",1980,"65",65,0.01786,FALSE,"observed"
"NL",1980,"66",66,0.02004,FALSE,"observed"
"NL",1980,"67",67,0.02232,FALSE,"observed"
"NL",1980,"68",68,0.02418,FALSE,"observed"
"NL",1980,"69",69,0.02588,FALSE,"observed"
"NL",1980,"70",70,0.03012,FALSE,"observed"
"NL",1980,"71",71,0.03181,FALSE,"observed"
"NL",1980,"72",72,0.03649,FALSE,"observed"
"NL",1980,"73",73,0.03949,FALSE,"observed"
"NL",1980,"74",74,0.04382,FALSE,"observed"
"NL",1980,"75",75,0.04714,FALSE,"observed"
"NL",1980,"76",76,0.05377,FALSE,"observed"
"NL",1980,"77",77,0.059,FALSE,"observed"
"NL",1980,"78",78,0.06439,FALSE,"observed"
"NL",1980,"79",79,0.06915,FALSE,"observed"
"NL",1980,"80",80,0.07829,FALSE,"observed"
"NL",1980,"81",81,0.0855,FALSE,"observed"
"NL",1980,"82",82,0.09289,FALSE,"observed"
"NL",1980,"83",83,0.10289,FALSE,"observed"
"NL",1980,"84",84,0.11581,FALSE,"observed"
"NL",1980,"85",85,0.12491,FALSE,"observed"
"NL",1980,"86",86,0.13844,FALSE,"observed"
"NL",1980,"87",87,0.15084,FALSE,"observed"
"NL",1980,"88",88,0.16894,FALSE,"observed"
"NL",1980,"89",89,0.18712,FALSE,"observed"
"NL",1980,"90",90,0.19191,FALSE,"observed"
"NL",1980,"91",91,0.22837,FALSE,"observed"
"NL",1980,"92",92,0.24427,FALSE,"observed"
"NL",1980,"93",93,0.2666,FALSE,"observed"
"NL",1980,"94",94,0.26895,FALSE,"observed"
"NL",1980,"95",95,0.31021,FALSE,"observed"
"NL",1980,"96",96,0.33523,FALSE,"observed"
"NL",1980,"97",97,0.36124,FALSE,"observed"
"NL",1980,"98",98,0.38811,FALSE,"observed"
"NL",1980,"99",99,0.41569,FALSE,"observed"
"NL",1980,"100",100,0.4438,FALSE,"observed"
"NL",1980,"101",101,0.47228,FALSE,"observed"
"NL",1980,"102",102,0.50092,FALSE,"observed"
"NL",1980,"103",103,0.52953,FALSE,"observed"
"NL",1980,"104",104,0.55791,FALSE,"observed"
"NL",1980,"105",105,0.58588,FALSE,"observed"
"NL",1980,"106",106,0.61326,FALSE,"observed"
"NL",1980,"107",107,0.63988,FALSE,"observed"
"NL",1980,"108",108,0.6656,FALSE,"observed"
"NL",1980,"109",109,0.69031,FALSE,"observed"
"NL",1980,"110+",110,0.71391,FALSE,"observed"
"NL",1981,"0",0,0.00821,FALSE,"observed"
"NL",1981,"1",1,0.00087,FALSE,"observed"
"NL",1981,"2",2,0.00055,FALSE,"observed"
"NL",1981,"3",3,0.00046,FALSE,"observed"
"NL",1981,"4",4,0.00038,FALSE,"observed"
"NL",1981,"5",5,0.00031,FALSE,"observed"
"NL",1981,"6",6,0.00027,FALSE,"observed"
"NL",1981,"7",7,0.00024,FALSE,"observed"
"NL",1981,"8",8,0.00022,FALSE,"observed"
"NL",1981,"9",9,2e-04,FALSE,"observed"
"NL",1981,"10",10,0.00017,FALSE,"observed"
"NL",1981,"11",11,0.00024,FALSE,"observed"
"NL",1981,"12",12,0.00022,FALSE,"observed"
"NL",1981,"13",13,0.00029,FALSE,"observed"
"NL",1981,"14",14,0.00026,FALSE,"observed"
"NL",1981,"15",15,0.00027,FALSE,"observed"
"NL",1981,"16",16,0.00046,FALSE,"observed"
"NL",1981,"17",17,0.00052,FALSE,"observed"
"NL",1981,"18",18,0.00054,FALSE,"observed"
"NL",1981,"19",19,0.00059,FALSE,"observed"
"NL",1981,"20",20,0.00055,FALSE,"observed"
"NL",1981,"21",21,0.00072,FALSE,"observed"
"NL",1981,"22",22,0.00059,FALSE,"observed"
"NL",1981,"23",23,0.00056,FALSE,"observed"
"NL",1981,"24",24,0.00058,FALSE,"observed"
"NL",1981,"25",25,0.00061,FALSE,"observed"
"NL",1981,"26",26,0.00058,FALSE,"observed"
"NL",1981,"27",27,0.00058,FALSE,"observed"
"NL",1981,"28",28,0.00066,FALSE,"observed"
"NL",1981,"29",29,0.00069,FALSE,"observed"
"NL",1981,"30",30,0.00066,FALSE,"observed"
"NL",1981,"31",31,0.00077,FALSE,"observed"
"NL",1981,"32",32,0.00069,FALSE,"observed"
"NL",1981,"33",33,0.00077,FALSE,"observed"
"NL",1981,"34",34,0.00073,FALSE,"observed"
"NL",1981,"35",35,9e-04,FALSE,"observed"
"NL",1981,"36",36,0.00105,FALSE,"observed"
"NL",1981,"37",37,0.00102,FALSE,"observed"
"NL",1981,"38",38,0.00111,FALSE,"observed"
"NL",1981,"39",39,0.00131,FALSE,"observed"
"NL",1981,"40",40,0.00141,FALSE,"observed"
"NL",1981,"41",41,0.00152,FALSE,"observed"
"NL",1981,"42",42,0.00165,FALSE,"observed"
"NL",1981,"43",43,0.00192,FALSE,"observed"
"NL",1981,"44",44,0.00198,FALSE,"observed"
"NL",1981,"45",45,0.00229,FALSE,"observed"
"NL",1981,"46",46,0.00248,FALSE,"observed"
"NL",1981,"47",47,0.00313,FALSE,"observed"
"NL",1981,"48",48,0.0034,FALSE,"observed"
"NL",1981,"49",49,0.00362,FALSE,"observed"
"NL",1981,"50",50,0.00435,FALSE,"observed"
"NL",1981,"51",51,0.0049,FALSE,"observed"
"NL",1981,"52",52,0.00511,FALSE,"observed"
"NL",1981,"53",53,0.00547,FALSE,"observed"
"NL",1981,"54",54,0.00614,FALSE,"observed"
"NL",1981,"55",55,0.00638,FALSE,"observed"
"NL",1981,"56",56,0.00721,FALSE,"observed"
"NL",1981,"57",57,0.00852,FALSE,"observed"
"NL",1981,"58",58,0.0092,FALSE,"observed"
"NL",1981,"59",59,0.00972,FALSE,"observed"
"NL",1981,"60",60,0.01067,FALSE,"observed"
"NL",1981,"61",61,0.0121,FALSE,"observed"
"NL",1981,"62",62,0.01321,FALSE,"observed"
"NL",1981,"63",63,0.01556,FALSE,"observed"
"NL",1981,"64",64,0.01597,FALSE,"observed"
"NL",1981,"65",65,0.01738,FALSE,"observed"
"NL",1981,"66",66,0.02004,FALSE,"observed"
"NL",1981,"67",67,0.0222,FALSE,"observed"
"NL",1981,"68",68,0.02453,FALSE,"observed"
"NL",1981,"69",69,0.02606,FALSE,"observed"
"NL",1981,"70",70,0.02874,FALSE,"observed"
"NL",1981,"71",71,0.03213,FALSE,"observed"
"NL",1981,"72",72,0.0357,FALSE,"observed"
"NL",1981,"73",73,0.0387,FALSE,"observed"
"NL",1981,"74",74,0.0425,FALSE,"observed"
"NL",1981,"75",75,0.04766,FALSE,"observed"
"NL",1981,"76",76,0.05369,FALSE,"observed"
"NL",1981,"77",77,0.05687,FALSE,"observed"
"NL",1981,"78",78,0.06269,FALSE,"observed"
"NL",1981,"79",79,0.06874,FALSE,"observed"
"NL",1981,"80",80,0.07807,FALSE,"observed"
"NL",1981,"81",81,0.08495,FALSE,"observed"
"NL",1981,"82",82,0.09152,FALSE,"observed"
"NL",1981,"83",83,0.10166,FALSE,"observed"
"NL",1981,"84",84,0.11459,FALSE,"observed"
"NL",1981,"85",85,0.12412,FALSE,"observed"
"NL",1981,"86",86,0.14551,FALSE,"observed"
"NL",1981,"87",87,0.14877,FALSE,"observed"
"NL",1981,"88",88,0.16718,FALSE,"observed"
"NL",1981,"89",89,0.18369,FALSE,"observed"
"NL",1981,"90",90,0.19755,FALSE,"observed"
"NL",1981,"91",91,0.23115,FALSE,"observed"
"NL",1981,"92",92,0.2346,FALSE,"observed"
"NL",1981,"93",93,0.26369,FALSE,"observed"
"NL",1981,"94",94,0.28013,FALSE,"observed"
"NL",1981,"95",95,0.31268,FALSE,"observed"
"NL",1981,"96",96,0.33824,FALSE,"observed"
"NL",1981,"97",97,0.36479,FALSE,"observed"
"NL",1981,"98",98,0.39221,FALSE,"observed"
"NL",1981,"99",99,0.42031,FALSE,"observed"
"NL",1981,"100",100,0.44893,FALSE,"observed"
"NL",1981,"101",101,0.47786,FALSE,"observed"
"NL",1981,"102",102,0.50689,FALSE,"observed"
"NL",1981,"103",103,0.53581,FALSE,"observed"
"NL",1981,"104",104,0.56442,FALSE,"observed"
"NL",1981,"105",105,0.59252,FALSE,"observed"
"NL",1981,"106",106,0.61993,FALSE,"observed"
"NL",1981,"107",107,0.64648,FALSE,"observed"
"NL",1981,"108",108,0.67204,FALSE,"observed"
"NL",1981,"109",109,0.69649,FALSE,"observed"
"NL",1981,"110+",110,0.71975,FALSE,"observed"
"NL",1982,"0",0,0.00818,FALSE,"observed"
"NL",1982,"1",1,0.00085,FALSE,"observed"
"NL",1982,"2",2,0.00056,FALSE,"observed"
"NL",1982,"3",3,0.00043,FALSE,"observed"
"NL",1982,"4",4,0.00027,FALSE,"observed"
"NL",1982,"5",5,0.00032,FALSE,"observed"
"NL",1982,"6",6,0.00028,FALSE,"observed"
"NL",1982,"7",7,0.00022,FALSE,"observed"
"NL",1982,"8",8,0.00021,FALSE,"observed"
"NL",1982,"9",9,0.00021,FALSE,"observed"
"NL",1982,"10",10,0.00023,FALSE,"observed"
"NL",1982,"11",11,0.00023,FALSE,"observed"
"NL",1982,"12",12,0.00023,FALSE,"observed"
"NL",1982,"13",13,0.00023,FALSE,"observed"
"NL",1982,"14",14,0.00029,FALSE,"observed"
"NL",1982,"15",15,0.00031,FALSE,"observed"
"NL",1982,"16",16,0.00049,FALSE,"observed"
"NL",1982,"17",17,0.00054,FALSE,"observed"
"NL",1982,"18",18,0.00061,FALSE,"observed"
"NL",1982,"19",19,0.00054,FALSE,"observed"
"NL",1982,"20",20,0.00059,FALSE,"observed"
"NL",1982,"21",21,0.00057,FALSE,"observed"
"NL",1982,"22",22,0.00052,FALSE,"observed"
"NL",1982,"23",23,0.00055,FALSE,"observed"
"NL",1982,"24",24,0.00057,FALSE,"observed"
"NL",1982,"25",25,0.00058,FALSE,"observed"
"NL",1982,"26",26,0.00054,FALSE,"observed"
"NL",1982,"27",27,0.00055,FALSE,"observed"
"NL",1982,"28",28,0.00068,FALSE,"observed"
"NL",1982,"29",29,0.00069,FALSE,"observed"
"NL",1982,"30",30,0.00068,FALSE,"observed"
"NL",1982,"31",31,0.00065,FALSE,"observed"
"NL",1982,"32",32,0.00071,FALSE,"observed"
"NL",1982,"33",33,0.00069,FALSE,"observed"
"NL",1982,"34",34,0.00075,FALSE,"observed"
"NL",1982,"35",35,0.00099,FALSE,"observed"
"NL",1982,"36",36,0.00098,FALSE,"observed"
"NL",1982,"37",37,0.00104,FALSE,"observed"
"NL",1982,"38",38,0.00118,FALSE,"observed"
"NL",1982,"39",39,0.00132,FALSE,"observed"
"NL",1982,"40",40,0.00141,FALSE,"observed"
"NL",1982,"41",41,0.00152,FALSE,"observed"
"NL",1982,"42",42,0.00175,FALSE,"observed"
"NL",1982,"43",43,0.00199,FALSE,"observed"
"NL",1982,"44",44,0.00229,FALSE,"observed"
"NL",1982,"45",45,0.00242,FALSE,"observed"
"NL",1982,"46",46,0.00265,FALSE,"observed"
"NL",1982,"47",47,0.00298,FALSE,"observed"
"NL",1982,"48",48,0.00329,FALSE,"observed"
"NL",1982,"49",49,0.00379,FALSE,"observed"
"NL",1982,"50",50,0.00413,FALSE,"observed"
"NL",1982,"51",51,0.00445,FALSE,"observed"
"NL",1982,"52",52,0.00507,FALSE,"observed"
"NL",1982,"53",53,0.00528,FALSE,"observed"
"NL",1982,"54",54,0.00602,FALSE,"observed"
"NL",1982,"55",55,0.00693,FALSE,"observed"
"NL",1982,"56",56,0.00714,FALSE,"observed"
"NL",1982,"57",57,0.00828,FALSE,"observed"
"NL",1982,"58",58,0.00906,FALSE,"observed"
"NL",1982,"59",59,0.01009,FALSE,"observed"
"NL",1982,"60",60,0.01127,FALSE,"observed"
"NL",1982,"61",61,0.01204,FALSE,"observed"
"NL",1982,"62",62,0.0137,FALSE,"observed"
"NL",1982,"63",63,0.01506,FALSE,"observed"
"NL",1982,"64",64,0.01596,FALSE,"observed"
"NL",1982,"65",65,0.01825,FALSE,"observed"
"NL",1982,"66",66,0.01908,FALSE,"observed"
"NL",1982,"67",67,0.02203,FALSE,"observed"
"NL",1982,"68",68,0.02378,FALSE,"observed"
"NL",1982,"69",69,0.0258,FALSE,"observed"
"NL",1982,"70",70,0.02794,FALSE,"observed"
"NL",1982,"71",71,0.03143,FALSE,"observed"
"NL",1982,"72",72,0.03415,FALSE,"observed"
"NL",1982,"73",73,0.03796,FALSE,"observed"
"NL",1982,"74",74,0.04264,FALSE,"observed"
"NL",1982,"75",75,0.04636,FALSE,"observed"
"NL",1982,"76",76,0.05185,FALSE,"observed"
"NL",1982,"77",77,0.05772,FALSE,"observed"
"NL",1982,"78",78,0.06288,FALSE,"observed"
"NL",1982,"79",79,0.06888,FALSE,"observed"
"NL",1982,"80",80,0.07542,FALSE,"observed"
"NL",1982,"81",81,0.08263,FALSE,"observed"
"NL",1982,"82",82,0.09313,FALSE,"observed"
"NL",1982,"83",83,0.10219,FALSE,"observed"
"NL",1982,"84",84,0.11326,FALSE,"observed"
"NL",1982,"85",85,0.1262,FALSE,"observed"
"NL",1982,"86",86,0.13911,FALSE,"observed"
"NL",1982,"87",87,0.15548,FALSE,"observed"
"NL",1982,"88",88,0.16854,FALSE,"observed"
"NL",1982,"89",89,0.17917,FALSE,"observed"
"NL",1982,"90",90,0.20522,FALSE,"observed"
"NL",1982,"91",91,0.21639,FALSE,"observed"
"NL",1982,"92",92,0.24451,FALSE,"observed"
"NL",1982,"93",93,0.25542,FALSE,"observed"
"NL",1982,"94",94,0.2951,FALSE,"observed"
"NL",1982,"95",95,0.31466,FALSE,"observed"
"NL",1982,"96",96,0.34067,FALSE,"observed"
"NL",1982,"97",97,0.3677,FALSE,"observed"
"NL",1982,"98",98,0.39559,FALSE,"observed"
"NL",1982,"99",99,0.42419,FALSE,"observed"
"NL",1982,"100",100,0.45329,FALSE,"observed"
"NL",1982,"101",101,0.48268,FALSE,"observed"
"NL",1982,"102",102,0.51214,FALSE,"observed"
"NL",1982,"103",103,0.54147,FALSE,"observed"
"NL",1982,"104",104,0.57044,FALSE,"observed"
"NL",1982,"105",105,0.59884,FALSE,"observed"
"NL",1982,"106",106,0.6265,FALSE,"observed"
"NL",1982,"107",107,0.65324,FALSE,"observed"
"NL",1982,"108",108,0.67894,FALSE,"observed"
"NL",1982,"109",109,0.70346,FALSE,"observed"
"NL",1982,"110+",110,0.72673,FALSE,"observed"
"NL",1983,"0",0,0.00843,FALSE,"observed"
"NL",1983,"1",1,0.00074,FALSE,"observed"
"NL",1983,"2",2,0.00052,FALSE,"observed"
"NL",1983,"3",3,0.00037,FALSE,"observed"
"NL",1983,"4",4,3e-04,FALSE,"observed"
"NL",1983,"5",5,0.00028,FALSE,"observed"
"NL",1983,"6",6,0.00029,FALSE,"observed"
"NL",1983,"7",7,2e-04,FALSE,"observed"
"NL",1983,"8",8,0.00018,FALSE,"observed"
"NL",1983,"9",9,2e-04,FALSE,"observed"
"NL",1983,"10",10,0.00017,FALSE,"observed"
"NL",1983,"11",11,0.00023,FALSE,"observed"
"NL",1983,"12",12,0.00021,FALSE,"observed"
"NL",1983,"13",13,0.00027,FALSE,"observed"
"NL",1983,"14",14,3e-04,FALSE,"observed"
"NL",1983,"15",15,0.00029,FALSE,"observed"
"NL",1983,"16",16,0.00038,FALSE,"observed"
"NL",1983,"17",17,0.00046,FALSE,"observed"
"NL",1983,"18",18,0.00057,FALSE,"observed"
"NL",1983,"19",19,0.00055,FALSE,"observed"
"NL",1983,"20",20,0.00059,FALSE,"observed"
"NL",1983,"21",21,0.00061,FALSE,"observed"
"NL",1983,"22",22,0.00059,FALSE,"observed"
"NL",1983,"23",23,0.00061,FALSE,"observed"
"NL",1983,"24",24,0.00055,FALSE,"observed"
"NL",1983,"25",25,0.00065,FALSE,"observed"
"NL",1983,"26",26,0.00048,FALSE,"observed"
"NL",1983,"27",27,0.00052,FALSE,"observed"
"NL",1983,"28",28,0.00061,FALSE,"observed"
"NL",1983,"29",29,0.00065,FALSE,"observed"
"NL",1983,"30",30,0.00065,FALSE,"observed"
"NL",1983,"31",31,7e-04,FALSE,"observed"
"NL",1983,"32",32,8e-04,FALSE,"observed"
"NL",1983,"33",33,0.00076,FALSE,"observed"
"NL",1983,"34",34,0.00081,FALSE,"observed"
"NL",1983,"35",35,0.00085,FALSE,"observed"
"NL",1983,"36",36,0.00091,FALSE,"observed"
"NL",1983,"37",37,0.00092,FALSE,"observed"
"NL",1983,"38",38,0.00116,FALSE,"observed"
"NL",1983,"39",39,0.00135,FALSE,"observed"
"NL",1983,"40",40,0.00144,FALSE,"observed"
"NL",1983,"41",41,0.0014,FALSE,"observed"
"NL",1983,"42",42,0.0017,FALSE,"observed"
"NL",1983,"43",43,0.0019,FALSE,"observed"
"NL",1983,"44",44,0.00208,FALSE,"observed"
"NL",1983,"45",45,0.00237,FALSE,"observed"
"NL",1983,"46",46,0.00252,FALSE,"observed"
"NL",1983,"47",47,0.0028,FALSE,"observed"
"NL",1983,"48",48,0.00338,FALSE,"observed"
"NL",1983,"49",49,0.00348,FALSE,"observed"
"NL",1983,"50",50,0.0041,FALSE,"observed"
"NL",1983,"51",51,0.00449,FALSE,"observed"
"NL",1983,"52",52,0.00468,FALSE,"observed"
"NL",1983,"53",53,0.0054,FALSE,"observed"
"NL",1983,"54",54,0.00612,FALSE,"observed"
"NL",1983,"55",55,0.00682,FALSE,"observed"
"NL",1983,"56",56,0.00694,FALSE,"observed"
"NL",1983,"57",57,0.00853,FALSE,"observed"
"NL",1983,"58",58,0.00912,FALSE,"observed"
"NL",1983,"59",59,0.00966,FALSE,"observed"
"NL",1983,"60",60,0.01044,FALSE,"observed"
"NL",1983,"61",61,0.01206,FALSE,"observed"
"NL",1983,"62",62,0.01304,FALSE,"observed"
"NL",1983,"63",63,0.01406,FALSE,"observed"
"NL",1983,"64",64,0.01559,FALSE,"observed"
"NL",1983,"65",65,0.01769,FALSE,"observed"
"NL",1983,"66",66,0.01904,FALSE,"observed"
"NL",1983,"67",67,0.02149,FALSE,"observed"
"NL",1983,"68",68,0.02349,FALSE,"observed"
"NL",1983,"69",69,0.02534,FALSE,"observed"
"NL",1983,"70",70,0.02895,FALSE,"observed"
"NL",1983,"71",71,0.03032,FALSE,"observed"
"NL",1983,"72",72,0.03352,FALSE,"observed"
"NL",1983,"73",73,0.03802,FALSE,"observed"
"NL",1983,"74",74,0.04213,FALSE,"observed"
"NL",1983,"75",75,0.04628,FALSE,"observed"
"NL",1983,"76",76,0.05058,FALSE,"observed"
"NL",1983,"77",77,0.05568,FALSE,"observed"
"NL",1983,"78",78,0.06148,FALSE,"observed"
"NL",1983,"79",79,0.0679,FALSE,"observed"
"NL",1983,"80",80,0.07543,FALSE,"observed"
"NL",1983,"81",81,0.08202,FALSE,"observed"
"NL",1983,"82",82,0.09026,FALSE,"observed"
"NL",1983,"83",83,0.09939,FALSE,"observed"
"NL",1983,"84",84,0.11131,FALSE,"observed"
"NL",1983,"85",85,0.12591,FALSE,"observed"
"NL",1983,"86",86,0.1379,FALSE,"observed"
"NL",1983,"87",87,0.15,FALSE,"observed"
"NL",1983,"88",88,0.16121,FALSE,"observed"
"NL",1983,"89",89,0.18429,FALSE,"observed"
"NL",1983,"90",90,0.18996,FALSE,"observed"
"NL",1983,"91",91,0.21263,FALSE,"observed"
"NL",1983,"92",92,0.24529,FALSE,"observed"
"NL",1983,"93",93,0.27523,FALSE,"observed"
"NL",1983,"94",94,0.29634,FALSE,"observed"
"NL",1983,"95",95,0.31109,FALSE,"observed"
"NL",1983,"96",96,0.33706,FALSE,"observed"
"NL",1983,"97",97,0.36408,FALSE,"observed"
"NL",1983,"98",98,0.392,FALSE,"observed"
"NL",1983,"99",99,0.42065,FALSE,"observed"
"NL",1983,"100",100,0.44981,FALSE,"observed"
"NL",1983,"101",101,0.4793,FALSE,"observed"
"NL",1983,"102",102,0.50887,FALSE,"observed"
"NL",1983,"103",103,0.53831,FALSE,"observed"
"NL",1983,"104",104,0.56739,FALSE,"observed"
"NL",1983,"105",105,0.59591,FALSE,"observed"
"NL",1983,"106",106,0.62367,FALSE,"observed"
"NL",1983,"107",107,0.65051,FALSE,"observed"
"NL",1983,"108",108,0.67628,FALSE,"observed"
"NL",1983,"109",109,0.70087,FALSE,"observed"
"NL",1983,"110+",110,0.72418,FALSE,"observed"
"NL",1984,"0",0,0.00842,FALSE,"observed"
"NL",1984,"1",1,0.00078,FALSE,"observed"
"NL",1984,"2",2,0.00041,FALSE,"observed"
"NL",1984,"3",3,0.00036,FALSE,"observed"
"NL",1984,"4",4,0.00028,FALSE,"observed"
"NL",1984,"5",5,0.00031,FALSE,"observed"
"NL",1984,"6",6,0.00022,FALSE,"observed"
"NL",1984,"7",7,0.00022,FALSE,"observed"
"NL",1984,"8",8,0.00019,FALSE,"observed"
"NL",1984,"9",9,2e-04,FALSE,"observed"
"NL",1984,"10",10,0.00018,FALSE,"observed"
"NL",1984,"11",11,0.00021,FALSE,"observed"
"NL",1984,"12",12,2e-04,FALSE,"observed"
"NL",1984,"13",13,0.00027,FALSE,"observed"
"NL",1984,"14",14,0.00024,FALSE,"observed"
"NL",1984,"15",15,0.00029,FALSE,"observed"
"NL",1984,"16",16,0.00043,FALSE,"observed"
"NL",1984,"17",17,0.00041,FALSE,"observed"
"NL",1984,"18",18,0.00047,FALSE,"observed"
"NL",1984,"19",19,5e-04,FALSE,"observed"
"NL",1984,"20",20,0.00051,FALSE,"observed"
"NL",1984,"21",21,0.00055,FALSE,"observed"
"NL",1984,"22",22,0.00051,FALSE,"observed"
"NL",1984,"23",23,0.00057,FALSE,"observed"
"NL",1984,"24",24,0.00054,FALSE,"observed"
"NL",1984,"25",25,0.00053,FALSE,"observed"
"NL",1984,"26",26,6e-04,FALSE,"observed"
"NL",1984,"27",27,0.00053,FALSE,"observed"
"NL",1984,"28",28,0.00059,FALSE,"observed"
"NL",1984,"29",29,0.00073,FALSE,"observed"
"NL",1984,"30",30,7e-04,FALSE,"observed"
"NL",1984,"31",31,0.00066,FALSE,"observed"
"NL",1984,"32",32,0.00075,FALSE,"observed"
"NL",1984,"33",33,0.00082,FALSE,"observed"
"NL",1984,"34",34,0.00084,FALSE,"observed"
"NL",1984,"35",35,0.00086,FALSE,"observed"
"NL",1984,"36",36,0.00109,FALSE,"observed"
"NL",1984,"37",37,0.00094,FALSE,"observed"
"NL",1984,"38",38,0.00113,FALSE,"observed"
"NL",1984,"39",39,0.00126,FALSE,"observed"
"NL",1984,"40",40,0.00141,FALSE,"observed"
"NL",1984,"41",41,0.00151,FALSE,"observed"
"NL",1984,"42",42,0.00168,FALSE,"observed"
"NL",1984,"43",43,0.0016,FALSE,"observed"
"NL",1984,"44",44,0.00203,FALSE,"observed"
"NL",1984,"45",45,0.00239,FALSE,"observed"
"NL",1984,"46",46,0.00265,FALSE,"observed"
"NL",1984,"47",47,0.00271,FALSE,"observed"
"NL",1984,"48",48,0.00316,FALSE,"observed"
"NL",1984,"49",49,0.00342,FALSE,"observed"
"NL",1984,"50",50,0.00385,FALSE,"observed"
"NL",1984,"51",51,0.00429,FALSE,"observed"
"NL",1984,"52",52,0.00493,FALSE,"observed"
"NL",1984,"53",53,0.00567,FALSE,"observed"
"NL",1984,"54",54,0.00595,FALSE,"observed"
"NL",1984,"55",55,0.00685,FALSE,"observed"
"NL",1984,"56",56,0.00769,FALSE,"observed"
"NL",1984,"57",57,0.00819,FALSE,"observed"
"NL",1984,"58",58,0.0084,FALSE,"observed"
"NL",1984,"59",59,0.00922,FALSE,"observed"
"NL",1984,"60",60,0.0109,FALSE,"observed"
"NL",1984,"61",61,0.0119,FALSE,"observed"
"NL",1984,"62",62,0.0125,FALSE,"observed"
"NL",1984,"63",63,0.01424,FALSE,"observed"
"NL",1984,"64",64,0.01552,FALSE,"observed"
"NL",1984,"65",65,0.01806,FALSE,"observed"
"NL",1984,"66",66,0.0195,FALSE,"observed"
"NL",1984,"67",67,0.02104,FALSE,"observed"
"NL",1984,"68",68,0.02369,FALSE,"observed"
"NL",1984,"69",69,0.02523,FALSE,"observed"
"NL",1984,"70",70,0.0282,FALSE,"observed"
"NL",1984,"71",71,0.03115,FALSE,"observed"
"NL",1984,"72",72,0.03441,FALSE,"observed"
"NL",1984,"73",73,0.03663,FALSE,"observed"
"NL",1984,"74",74,0.04216,FALSE,"observed"
"NL",1984,"75",75,0.04708,FALSE,"observed"
"NL",1984,"76",76,0.05079,FALSE,"observed"
"NL",1984,"77",77,0.05495,FALSE,"observed"
"NL",1984,"78",78,0.06104,FALSE,"observed"
"NL",1984,"79",79,0.0687,FALSE,"observed"
"NL",1984,"80",80,0.07619,FALSE,"observed"
"NL",1984,"81",81,0.08158,FALSE,"observed"
"NL",1984,"82",82,0.08794,FALSE,"observed"
"NL",1984,"83",83,0.1028,FALSE,"observed"
"NL",1984,"84",84,0.10973,FALSE,"observed"
"NL",1984,"85",85,0.12196,FALSE,"observed"
"NL",1984,"86",86,0.13677,FALSE,"observed"
"NL",1984,"87",87,0.15072,FALSE,"observed"
"NL",1984,"88",88,0.16022,FALSE,"observed"
"NL",1984,"89",89,0.18233,FALSE,"observed"
"NL",1984,"90",90,0.18895,FALSE,"observed"
"NL",1984,"91",91,0.21917,FALSE,"observed"
"NL",1984,"92",92,0.22667,FALSE,"observed"
"NL",1984,"93",93,0.26783,FALSE,"observed"
"NL",1984,"94",94,0.29678,FALSE,"observed"
"NL",1984,"95",95,0.30698,FALSE,"observed"
"NL",1984,"96",96,0.33256,FALSE,"observed"
"NL",1984,"97",97,0.3592,FALSE,"observed"
"NL",1984,"98",98,0.38676,FALSE,"observed"
"NL",1984,"99",99,0.41506,FALSE,"observed"
"NL",1984,"100",100,0.44392,FALSE,"observed"
"NL",1984,"101",101,0.47313,FALSE,"observed"
"NL",1984,"102",102,0.50246,FALSE,"observed"
"NL",1984,"103",103,0.53171,FALSE,"observed"
"NL",1984,"104",104,0.56065,FALSE,"observed"
"NL",1984,"105",105,0.58907,FALSE,"observed"
"NL",1984,"106",106,0.61679,FALSE,"observed"
"NL",1984,"107",107,0.64362,FALSE,"observed"
"NL",1984,"108",108,0.66943,FALSE,"observed"
"NL",1984,"109",109,0.69409,FALSE,"observed"
"NL",1984,"110+",110,0.71751,FALSE,"observed"
"NL",1985,"0",0,0.00815,FALSE,"observed"
"NL",1985,"1",1,0.00064,FALSE,"observed"
"NL",1985,"2",2,0.00043,FALSE,"observed"
"NL",1985,"3",3,0.00035,FALSE,"observed"
"NL",1985,"4",4,0.00025,FALSE,"observed"
"NL",1985,"5",5,0.00022,FALSE,"observed"
"NL",1985,"6",6,0.00015,FALSE,"observed"
"NL",1985,"7",7,0.00014,FALSE,"observed"
"NL",1985,"8",8,2e-04,FALSE,"observed"
"NL",1985,"9",9,0.00017,FALSE,"observed"
"NL",1985,"10",10,0.00019,FALSE,"observed"
"NL",1985,"11",11,0.00017,FALSE,"observed"
"NL",1985,"12",12,0.00017,FALSE,"observed"
"NL",1985,"13",13,0.00019,FALSE,"observed"
"NL",1985,"14",14,2e-04,FALSE,"observed"
"NL",1985,"15",15,0.00025,FALSE,"observed"
"NL",1985,"16",16,0.00041,FALSE,"observed"
"NL",1985,"17",17,0.00044,FALSE,"observed"
"NL",1985,"18",18,0.00051,FALSE,"observed"
"NL",1985,"19",19,0.00053,FALSE,"observed"
"NL",1985,"20",20,0.00053,FALSE,"observed"
"NL",1985,"21",21,0.00052,FALSE,"observed"
"NL",1985,"22",22,0.00058,FALSE,"observed"
"NL",1985,"23",23,0.00058,FALSE,"observed"
"NL",1985,"24",24,0.00055,FALSE,"observed"
"NL",1985,"25",25,0.00053,FALSE,"observed"
"NL",1985,"26",26,5e-04,FALSE,"observed"
"NL",1985,"27",27,0.00055,FALSE,"observed"
"NL",1985,"28",28,0.00056,FALSE,"observed"
"NL",1985,"29",29,0.00068,FALSE,"observed"
"NL",1985,"30",30,0.00054,FALSE,"observed"
"NL",1985,"31",31,7e-04,FALSE,"observed"
"NL",1985,"32",32,0.00081,FALSE,"observed"
"NL",1985,"33",33,0.00085,FALSE,"observed"
"NL",1985,"34",34,0.00079,FALSE,"observed"
"NL",1985,"35",35,0.00093,FALSE,"observed"
"NL",1985,"36",36,0.00091,FALSE,"observed"
"NL",1985,"37",37,0.00097,FALSE,"observed"
"NL",1985,"38",38,0.00108,FALSE,"observed"
"NL",1985,"39",39,0.00122,FALSE,"observed"
"NL",1985,"40",40,0.00131,FALSE,"observed"
"NL",1985,"41",41,0.00158,FALSE,"observed"
"NL",1985,"42",42,0.00157,FALSE,"observed"
"NL",1985,"43",43,0.00179,FALSE,"observed"
"NL",1985,"44",44,0.00205,FALSE,"observed"
"NL",1985,"45",45,0.00228,FALSE,"observed"
"NL",1985,"46",46,0.00229,FALSE,"observed"
"NL",1985,"47",47,0.00252,FALSE,"observed"
"NL",1985,"48",48,0.0031,FALSE,"observed"
"NL",1985,"49",49,0.00356,FALSE,"observed"
"NL",1985,"50",50,0.00388,FALSE,"observed"
"NL",1985,"51",51,0.00417,FALSE,"observed"
"NL",1985,"52",52,0.00484,FALSE,"observed"
"NL",1985,"53",53,0.00558,FALSE,"observed"
"NL",1985,"54",54,0.00638,FALSE,"observed"
"NL",1985,"55",55,0.00673,FALSE,"observed"
"NL",1985,"56",56,0.00722,FALSE,"observed"
"NL",1985,"57",57,0.00833,FALSE,"observed"
"NL",1985,"58",58,0.00887,FALSE,"observed"
"NL",1985,"59",59,0.00963,FALSE,"observed"
"NL",1985,"60",60,0.0108,FALSE,"observed"
"NL",1985,"61",61,0.01165,FALSE,"observed"
"NL",1985,"62",62,0.0126,FALSE,"observed"
"NL",1985,"63",63,0.01451,FALSE,"observed"
"NL",1985,"64",64,0.01584,FALSE,"observed"
"NL",1985,"65",65,0.01778,FALSE,"observed"
"NL",1985,"66",66,0.01895,FALSE,"observed"
"NL",1985,"67",67,0.02152,FALSE,"observed"
"NL",1985,"68",68,0.02376,FALSE,"observed"
"NL",1985,"69",69,0.02524,FALSE,"observed"
"NL",1985,"70",70,0.02889,FALSE,"observed"
"NL",1985,"71",71,0.03018,FALSE,"observed"
"NL",1985,"72",72,0.03454,FALSE,"observed"
"NL",1985,"73",73,0.03778,FALSE,"observed"
"NL",1985,"74",74,0.04104,FALSE,"observed"
"NL",1985,"75",75,0.04653,FALSE,"observed"
"NL",1985,"76",76,0.0504,FALSE,"observed"
"NL",1985,"77",77,0.05623,FALSE,"observed"
"NL",1985,"78",78,0.06123,FALSE,"observed"
"NL",1985,"79",79,0.0683,FALSE,"observed"
"NL",1985,"80",80,0.07424,FALSE,"observed"
"NL",1985,"81",81,0.08342,FALSE,"observed"
"NL",1985,"82",82,0.09285,FALSE,"observed"
"NL",1985,"83",83,0.10247,FALSE,"observed"
"NL",1985,"84",84,0.11243,FALSE,"observed"
"NL",1985,"85",85,0.12609,FALSE,"observed"
"NL",1985,"86",86,0.13613,FALSE,"observed"
"NL",1985,"87",87,0.15147,FALSE,"observed"
"NL",1985,"88",88,0.16302,FALSE,"observed"
"NL",1985,"89",89,0.18399,FALSE,"observed"
"NL",1985,"90",90,0.20949,FALSE,"observed"
"NL",1985,"91",91,0.21937,FALSE,"observed"
"NL",1985,"92",92,0.22784,FALSE,"observed"
"NL",1985,"93",93,0.25186,FALSE,"observed"
"NL",1985,"94",94,0.28874,FALSE,"observed"
"NL",1985,"95",95,0.30965,FALSE,"observed"
"NL",1985,"96",96,0.33529,FALSE,"observed"
"NL",1985,"97",97,0.36199,FALSE,"observed"
"NL",1985,"98",98,0.3896,FALSE,"observed"
"NL",1985,"99",99,0.41796,FALSE,"observed"
"NL",1985,"100",100,0.44688,FALSE,"observed"
"NL",1985,"101",101,0.47617,FALSE,"observed"
"NL",1985,"102",102,0.5056,FALSE,"observed"
"NL",1985,"103",103,0.53497,FALSE,"observed"
"NL",1985,"104",104,0.56404,FALSE,"observed"
"NL",1985,"105",105,0.59262,FALSE,"observed"
"NL",1985,"106",106,0.62051,FALSE,"observed"
"NL",1985,"107",107,0.64753,FALSE,"observed"
"NL",1985,"108",108,0.67355,FALSE,"observed"
"NL",1985,"109",109,0.69842,FALSE,"observed"
"NL",1985,"110+",110,0.72207,FALSE,"observed"
"NL",1986,"0",0,0.00787,FALSE,"observed"
"NL",1986,"1",1,0.00077,FALSE,"observed"
"NL",1986,"2",2,0.00047,FALSE,"observed"
"NL",1986,"3",3,0.00032,FALSE,"observed"
"NL",1986,"4",4,0.00026,FALSE,"observed"
"NL",1986,"5",5,2e-04,FALSE,"observed"
"NL",1986,"6",6,0.00026,FALSE,"observed"
"NL",1986,"7",7,0.00019,FALSE,"observed"
"NL",1986,"8",8,0.00014,FALSE,"observed"
"NL",1986,"9",9,0.00016,FALSE,"observed"
"NL",1986,"10",10,0.00022,FALSE,"observed"
"NL",1986,"11",11,2e-04,FALSE,"observed"
"NL",1986,"12",12,0.00019,FALSE,"observed"
"NL",1986,"13",13,2e-04,FALSE,"observed"
"NL",1986,"14",14,0.00022,FALSE,"observed"
"NL",1986,"15",15,0.00022,FALSE,"observed"
"NL",1986,"16",16,0.00038,FALSE,"observed"
"NL",1986,"17",17,0.00038,FALSE,"observed"
"NL",1986,"18",18,0.00045,FALSE,"observed"
"NL",1986,"19",19,0.00053,FALSE,"observed"
"NL",1986,"20",20,0.00057,FALSE,"observed"
"NL",1986,"21",21,0.00042,FALSE,"observed"
"NL",1986,"22",22,0.00057,FALSE,"observed"
"NL",1986,"23",23,0.00057,FALSE,"observed"
"NL",1986,"24",24,0.00063,FALSE,"observed"
"NL",1986,"25",25,0.00059,FALSE,"observed"
"NL",1986,"26",26,5e-04,FALSE,"observed"
"NL",1986,"27",27,0.00065,FALSE,"observed"
"NL",1986,"28",28,0.00062,FALSE,"observed"
"NL",1986,"29",29,0.00062,FALSE,"observed"
"NL",1986,"30",30,0.00067,FALSE,"observed"
"NL",1986,"31",31,0.00071,FALSE,"observed"
"NL",1986,"32",32,0.00069,FALSE,"observed"
"NL",1986,"33",33,0.00081,FALSE,"observed"
"NL",1986,"34",34,0.00071,FALSE,"observed"
"NL",1986,"35",35,9e-04,FALSE,"observed"
"NL",1986,"36",36,0.00098,FALSE,"observed"
"NL",1986,"37",37,0.00107,FALSE,"observed"
"NL",1986,"38",38,0.00107,FALSE,"observed"
"NL",1986,"39",39,0.00132,FALSE,"observed"
"NL",1986,"40",40,0.00135,FALSE,"observed"
"NL",1986,"41",41,0.00148,FALSE,"observed"
"NL",1986,"42",42,0.00165,FALSE,"observed"
"NL",1986,"43",43,0.00201,FALSE,"observed"
"NL",1986,"44",44,0.00206,FALSE,"observed"
"NL",1986,"45",45,0.00228,FALSE,"observed"
"NL",1986,"46",46,0.00244,FALSE,"observed"
"NL",1986,"47",47,0.00302,FALSE,"observed"
"NL",1986,"48",48,0.00331,FALSE,"observed"
"NL",1986,"49",49,0.00345,FALSE,"observed"
"NL",1986,"50",50,0.00384,FALSE,"observed"
"NL",1986,"51",51,0.00417,FALSE,"observed"
"NL",1986,"52",52,0.00487,FALSE,"observed"
"NL",1986,"53",53,0.00561,FALSE,"observed"
"NL",1986,"54",54,0.00617,FALSE,"observed"
"NL",1986,"55",55,0.0066,FALSE,"observed"
"NL",1986,"56",56,0.00751,FALSE,"observed"
"NL",1986,"57",57,0.00819,FALSE,"observed"
"NL",1986,"58",58,0.00897,FALSE,"observed"
"NL",1986,"59",59,0.00975,FALSE,"observed"
"NL",1986,"60",60,0.01077,FALSE,"observed"
"NL",1986,"61",61,0.01182,FALSE,"observed"
"NL",1986,"62",62,0.01263,FALSE,"observed"
"NL",1986,"63",63,0.01461,FALSE,"observed"
"NL",1986,"64",64,0.01521,FALSE,"observed"
"NL",1986,"65",65,0.01699,FALSE,"observed"
"NL",1986,"66",66,0.01915,FALSE,"observed"
"NL",1986,"67",67,0.02194,FALSE,"observed"
"NL",1986,"68",68,0.02414,FALSE,"observed"
"NL",1986,"69",69,0.02535,FALSE,"observed"
"NL",1986,"70",70,0.02703,FALSE,"observed"
"NL",1986,"71",71,0.03041,FALSE,"observed"
"NL",1986,"72",72,0.03403,FALSE,"observed"
"NL",1986,"73",73,0.03749,FALSE,"observed"
"NL",1986,"74",74,0.042,FALSE,"observed"
"NL",1986,"75",75,0.04536,FALSE,"observed"
"NL",1986,"76",76,0.05119,FALSE,"observed"
"NL",1986,"77",77,0.05631,FALSE,"observed"
"NL",1986,"78",78,0.06051,FALSE,"observed"
"NL",1986,"79",79,0.06729,FALSE,"observed"
"NL",1986,"80",80,0.07382,FALSE,"observed"
"NL",1986,"81",81,0.08237,FALSE,"observed"
"NL",1986,"82",82,0.0929,FALSE,"observed"
"NL",1986,"83",83,0.10151,FALSE,"observed"
"NL",1986,"84",84,0.11444,FALSE,"observed"
"NL",1986,"85",85,0.12242,FALSE,"observed"
"NL",1986,"86",86,0.13854,FALSE,"observed"
"NL",1986,"87",87,0.15173,FALSE,"observed"
"NL",1986,"88",88,0.17282,FALSE,"observed"
"NL",1986,"89",89,0.18949,FALSE,"observed"
"NL",1986,"90",90,0.20609,FALSE,"observed"
"NL",1986,"91",91,0.22231,FALSE,"observed"
"NL",1986,"92",92,0.24593,FALSE,"observed"
"NL",1986,"93",93,0.25449,FALSE,"observed"
"NL",1986,"94",94,0.2844,FALSE,"observed"
"NL",1986,"95",95,0.3175,FALSE,"observed"
"NL",1986,"96",96,0.34422,FALSE,"observed"
"NL",1986,"97",97,0.37202,FALSE,"observed"
"NL",1986,"98",98,0.40072,FALSE,"observed"
"NL",1986,"99",99,0.43015,FALSE,"observed"
"NL",1986,"100",100,0.46009,FALSE,"observed"
"NL",1986,"101",101,0.49033,FALSE,"observed"
"NL",1986,"102",102,0.52061,FALSE,"observed"
"NL",1986,"103",103,0.55071,FALSE,"observed"
"NL",1986,"104",104,0.5804,FALSE,"observed"
"NL",1986,"105",105,0.60945,FALSE,"observed"
"NL",1986,"106",106,0.63767,FALSE,"observed"
"NL",1986,"107",107,0.66489,FALSE,"observed"
"NL",1986,"108",108,0.69095,FALSE,"observed"
"NL",1986,"109",109,0.71575,FALSE,"observed"
"NL",1986,"110+",110,0.73919,FALSE,"observed"
"NL",1987,"0",0,0.00764,FALSE,"observed"
"NL",1987,"1",1,0.00079,FALSE,"observed"
"NL",1987,"2",2,0.00041,FALSE,"observed"
"NL",1987,"3",3,0.00033,FALSE,"observed"
"NL",1987,"4",4,0.00021,FALSE,"observed"
"NL",1987,"5",5,0.00024,FALSE,"observed"
"NL",1987,"6",6,2e-04,FALSE,"observed"
"NL",1987,"7",7,0.00017,FALSE,"observed"
"NL",1987,"8",8,0.00016,FALSE,"observed"
"NL",1987,"9",9,1e-04,FALSE,"observed"
"NL",1987,"10",10,0.00017,FALSE,"observed"
"NL",1987,"11",11,0.00016,FALSE,"observed"
"NL",1987,"12",12,0.00019,FALSE,"observed"
"NL",1987,"13",13,0.00028,FALSE,"observed"
"NL",1987,"14",14,2e-04,FALSE,"observed"
"NL",1987,"15",15,3e-04,FALSE,"observed"
"NL",1987,"16",16,0.00041,FALSE,"observed"
"NL",1987,"17",17,0.00044,FALSE,"observed"
"NL",1987,"18",18,0.00044,FALSE,"observed"
"NL",1987,"19",19,0.00049,FALSE,"observed"
"NL",1987,"20",20,0.00055,FALSE,"observed"
"NL",1987,"21",21,0.00058,FALSE,"observed"
"NL",1987,"22",22,0.00051,FALSE,"observed"
"NL",1987,"23",23,0.00058,FALSE,"observed"
"NL",1987,"24",24,5e-04,FALSE,"observed"
"NL",1987,"25",25,0.00052,FALSE,"observed"
"NL",1987,"26",26,0.00052,FALSE,"observed"
"NL",1987,"27",27,0.00052,FALSE,"observed"
"NL",1987,"28",28,0.00053,FALSE,"observed"
"NL",1987,"29",29,0.00057,FALSE,"observed"
"NL",1987,"30",30,0.00054,FALSE,"observed"
"NL",1987,"31",31,0.00065,FALSE,"observed"
"NL",1987,"32",32,0.00078,FALSE,"observed"
"NL",1987,"33",33,0.00082,FALSE,"observed"
"NL",1987,"34",34,0.00077,FALSE,"observed"
"NL",1987,"35",35,0.00092,FALSE,"observed"
"NL",1987,"36",36,0.00097,FALSE,"observed"
"NL",1987,"37",37,0.00102,FALSE,"observed"
"NL",1987,"38",38,0.00097,FALSE,"observed"
"NL",1987,"39",39,0.00111,FALSE,"observed"
"NL",1987,"40",40,0.00142,FALSE,"observed"
"NL",1987,"41",41,0.00146,FALSE,"observed"
"NL",1987,"42",42,0.0015,FALSE,"observed"
"NL",1987,"43",43,0.00191,FALSE,"observed"
"NL",1987,"44",44,0.00214,FALSE,"observed"
"NL",1987,"45",45,0.00232,FALSE,"observed"
"NL",1987,"46",46,0.00244,FALSE,"observed"
"NL",1987,"47",47,0.00273,FALSE,"observed"
"NL",1987,"48",48,0.00316,FALSE,"observed"
"NL",1987,"49",49,0.00326,FALSE,"observed"
"NL",1987,"50",50,0.0036,FALSE,"observed"
"NL",1987,"51",51,0.00412,FALSE,"observed"
"NL",1987,"52",52,0.00474,FALSE,"observed"
"NL",1987,"53",53,0.00499,FALSE,"observed"
"NL",1987,"54",54,0.0059,FALSE,"observed"
"NL",1987,"55",55,0.0064,FALSE,"observed"
"NL",1987,"56",56,0.00712,FALSE,"observed"
"NL",1987,"57",57,0.00769,FALSE,"observed"
"NL",1987,"58",58,0.00874,FALSE,"observed"
"NL",1987,"59",59,0.01001,FALSE,"observed"
"NL",1987,"60",60,0.01024,FALSE,"observed"
"NL",1987,"61",61,0.01126,FALSE,"observed"
"NL",1987,"62",62,0.01255,FALSE,"observed"
"NL",1987,"63",63,0.01418,FALSE,"observed"
"NL",1987,"64",64,0.01464,FALSE,"observed"
"NL",1987,"65",65,0.01672,FALSE,"observed"
"NL",1987,"66",66,0.01868,FALSE,"observed"
"NL",1987,"67",67,0.02094,FALSE,"observed"
"NL",1987,"68",68,0.02227,FALSE,"observed"
"NL",1987,"69",69,0.02535,FALSE,"observed"
"NL",1987,"70",70,0.02667,FALSE,"observed"
"NL",1987,"71",71,0.03018,FALSE,"observed"
"NL",1987,"72",72,0.03239,FALSE,"observed"
"NL",1987,"73",73,0.03518,FALSE,"observed"
"NL",1987,"74",74,0.03918,FALSE,"observed"
"NL",1987,"75",75,0.0441,FALSE,"observed"
"NL",1987,"76",76,0.04759,FALSE,"observed"
"NL",1987,"77",77,0.05292,FALSE,"observed"
"NL",1987,"78",78,0.05972,FALSE,"observed"
"NL",1987,"79",79,0.06486,FALSE,"observed"
"NL",1987,"80",80,0.07054,FALSE,"observed"
"NL",1987,"81",81,0.07828,FALSE,"observed"
"NL",1987,"82",82,0.08657,FALSE,"observed"
"NL",1987,"83",83,0.09558,FALSE,"observed"
"NL",1987,"84",84,0.10717,FALSE,"observed"
"NL",1987,"85",85,0.11819,FALSE,"observed"
"NL",1987,"86",86,0.13091,FALSE,"observed"
"NL",1987,"87",87,0.14359,FALSE,"observed"
"NL",1987,"88",88,0.1582,FALSE,"observed"
"NL",1987,"89",89,0.17171,FALSE,"observed"
"NL",1987,"90",90,0.18584,FALSE,"observed"
"NL",1987,"91",91,0.21262,FALSE,"observed"
"NL",1987,"92",92,0.24178,FALSE,"observed"
"NL",1987,"93",93,0.25837,FALSE,"observed"
"NL",1987,"94",94,0.26851,FALSE,"observed"
"NL",1987,"95",95,0.30084,FALSE,"observed"
"NL",1987,"96",96,0.32672,FALSE,"observed"
"NL",1987,"97",97,0.35376,FALSE,"observed"
"NL",1987,"98",98,0.38183,FALSE,"observed"
"NL",1987,"99",99,0.41075,FALSE,"observed"
"NL",1987,"100",100,0.44032,FALSE,"observed"
"NL",1987,"101",101,0.47033,FALSE,"observed"
"NL",1987,"102",102,0.50055,FALSE,"observed"
"NL",1987,"103",103,0.53074,FALSE,"observed"
"NL",1987,"104",104,0.56066,FALSE,"observed"
"NL",1987,"105",105,0.5901,FALSE,"observed"
"NL",1987,"106",106,0.61883,FALSE,"observed"
"NL",1987,"107",107,0.64667,FALSE,"observed"
"NL",1987,"108",108,0.67345,FALSE,"observed"
"NL",1987,"109",109,0.69904,FALSE,"observed"
"NL",1987,"110+",110,0.72332,FALSE,"observed"
"NL",1988,"0",0,0.00685,FALSE,"observed"
"NL",1988,"1",1,0.00064,FALSE,"observed"
"NL",1988,"2",2,0.00043,FALSE,"observed"
"NL",1988,"3",3,0.00027,FALSE,"observed"
"NL",1988,"4",4,0.00026,FALSE,"observed"
"NL",1988,"5",5,0.00019,FALSE,"observed"
"NL",1988,"6",6,0.00022,FALSE,"observed"
"NL",1988,"7",7,0.00022,FALSE,"observed"
"NL",1988,"8",8,2e-04,FALSE,"observed"
"NL",1988,"9",9,2e-04,FALSE,"observed"
"NL",1988,"10",10,0.00014,FALSE,"observed"
"NL",1988,"11",11,0.00012,FALSE,"observed"
"NL",1988,"12",12,0.00018,FALSE,"observed"
"NL",1988,"13",13,2e-04,FALSE,"observed"
"NL",1988,"14",14,0.00018,FALSE,"observed"
"NL",1988,"15",15,0.00027,FALSE,"observed"
"NL",1988,"16",16,0.00033,FALSE,"observed"
"NL",1988,"17",17,0.00039,FALSE,"observed"
"NL",1988,"18",18,0.00044,FALSE,"observed"
"NL",1988,"19",19,0.00049,FALSE,"observed"
"NL",1988,"20",20,0.00046,FALSE,"observed"
"NL",1988,"21",21,0.00052,FALSE,"observed"
"NL",1988,"22",22,0.00056,FALSE,"observed"
"NL",1988,"23",23,0.00059,FALSE,"observed"
"NL",1988,"24",24,0.00043,FALSE,"observed"
"NL",1988,"25",25,0.00055,FALSE,"observed"
"NL",1988,"26",26,6e-04,FALSE,"observed"
"NL",1988,"27",27,0.00059,FALSE,"observed"
"NL",1988,"28",28,6e-04,FALSE,"observed"
"NL",1988,"29",29,0.00051,FALSE,"observed"
"NL",1988,"30",30,0.00062,FALSE,"observed"
"NL",1988,"31",31,0.00065,FALSE,"observed"
"NL",1988,"32",32,0.00076,FALSE,"observed"
"NL",1988,"33",33,0.00078,FALSE,"observed"
"NL",1988,"34",34,0.00087,FALSE,"observed"
"NL",1988,"35",35,0.00083,FALSE,"observed"
"NL",1988,"36",36,0.00093,FALSE,"observed"
"NL",1988,"37",37,0.00109,FALSE,"observed"
"NL",1988,"38",38,0.00096,FALSE,"observed"
"NL",1988,"39",39,0.00108,FALSE,"observed"
"NL",1988,"40",40,0.00133,FALSE,"observed"
"NL",1988,"41",41,0.00138,FALSE,"observed"
"NL",1988,"42",42,0.00168,FALSE,"observed"
"NL",1988,"43",43,0.00176,FALSE,"observed"
"NL",1988,"44",44,0.00201,FALSE,"observed"
"NL",1988,"45",45,0.00242,FALSE,"observed"
"NL",1988,"46",46,0.00239,FALSE,"observed"
"NL",1988,"47",47,0.00222,FALSE,"observed"
"NL",1988,"48",48,0.00303,FALSE,"observed"
"NL",1988,"49",49,0.00324,FALSE,"observed"
"NL",1988,"50",50,0.00368,FALSE,"observed"
"NL",1988,"51",51,0.00381,FALSE,"observed"
"NL",1988,"52",52,0.00461,FALSE,"observed"
"NL",1988,"53",53,0.0049,FALSE,"observed"
"NL",1988,"54",54,0.0053,FALSE,"observed"
"NL",1988,"55",55,0.00596,FALSE,"observed"
"NL",1988,"56",56,0.00663,FALSE,"observed"
"NL",1988,"57",57,0.0078,FALSE,"observed"
"NL",1988,"58",58,0.00847,FALSE,"observed"
"NL",1988,"59",59,0.0088,FALSE,"observed"
"NL",1988,"60",60,0.0103,FALSE,"observed"
"NL",1988,"61",61,0.01115,FALSE,"observed"
"NL",1988,"62",62,0.01239,FALSE,"observed"
"NL",1988,"63",63,0.01296,FALSE,"observed"
"NL",1988,"64",64,0.01566,FALSE,"observed"
"NL",1988,"65",65,0.01685,FALSE,"observed"
"NL",1988,"66",66,0.01828,FALSE,"observed"
"NL",1988,"67",67,0.02025,FALSE,"observed"
"NL",1988,"68",68,0.02246,FALSE,"observed"
"NL",1988,"69",69,0.02461,FALSE,"observed"
"NL",1988,"70",70,0.02591,FALSE,"observed"
"NL",1988,"71",71,0.02898,FALSE,"observed"
"NL",1988,"72",72,0.03303,FALSE,"observed"
"NL",1988,"73",73,0.03667,FALSE,"observed"
"NL",1988,"74",74,0.04001,FALSE,"observed"
"NL",1988,"75",75,0.04253,FALSE,"observed"
"NL",1988,"76",76,0.04695,FALSE,"observed"
"NL",1988,"77",77,0.05317,FALSE,"observed"
"NL",1988,"78",78,0.05883,FALSE,"observed"
"NL",1988,"79",79,0.06455,FALSE,"observed"
"NL",1988,"80",80,0.07159,FALSE,"observed"
"NL",1988,"81",81,0.08107,FALSE,"observed"
"NL",1988,"82",82,0.08952,FALSE,"observed"
"NL",1988,"83",83,0.0982,FALSE,"observed"
"NL",1988,"84",84,0.1083,FALSE,"observed"
"NL",1988,"85",85,0.11813,FALSE,"observed"
"NL",1988,"86",86,0.12791,FALSE,"observed"
"NL",1988,"87",87,0.1467,FALSE,"observed"
"NL",1988,"88",88,0.15557,FALSE,"observed"
"NL",1988,"89",89,0.1716,FALSE,"observed"
"NL",1988,"90",90,0.1963,FALSE,"observed"
"NL",1988,"91",91,0.2147,FALSE,"observed"
"NL",1988,"92",92,0.23288,FALSE,"observed"
"NL",1988,"93",93,0.25088,FALSE,"observed"
"NL",1988,"94",94,0.28099,FALSE,"observed"
"NL",1988,"95",95,0.30139,FALSE,"observed"
"NL",1988,"96",96,0.32705,FALSE,"observed"
"NL",1988,"97",97,0.35385,FALSE,"observed"
"NL",1988,"98",98,0.38166,FALSE,"observed"
"NL",1988,"99",99,0.41031,FALSE,"observed"
"NL",1988,"100",100,0.43961,FALSE,"observed"
"NL",1988,"101",101,0.46935,FALSE,"observed"
"NL",1988,"102",102,0.4993,FALSE,"observed"
"NL",1988,"103",103,0.52923,FALSE,"observed"
"NL",1988,"104",104,0.55892,FALSE,"observed"
"NL",1988,"105",105,0.58814,FALSE,"observed"
"NL",1988,"106",106,0.61668,FALSE,"observed"
"NL",1988,"107",107,0.64436,FALSE,"observed"
"NL",1988,"108",108,0.67101,FALSE,"observed"
"NL",1988,"109",109,0.6965,FALSE,"observed"
"NL",1988,"110+",110,0.72073,FALSE,"observed"
"NL",1989,"0",0,0.0069,FALSE,"observed"
"NL",1989,"1",1,0.00057,FALSE,"observed"
"NL",1989,"2",2,0.00039,FALSE,"observed"
"NL",1989,"3",3,0.00029,FALSE,"observed"
"NL",1989,"4",4,3e-04,FALSE,"observed"
"NL",1989,"5",5,0.00021,FALSE,"observed"
"NL",1989,"6",6,0.00013,FALSE,"observed"
"NL",1989,"7",7,0.00018,FALSE,"observed"
"NL",1989,"8",8,0.00015,FALSE,"observed"
"NL",1989,"9",9,0.00021,FALSE,"observed"
"NL",1989,"10",10,2e-04,FALSE,"observed"
"NL",1989,"11",11,0.00019,FALSE,"observed"
"NL",1989,"12",12,0.00016,FALSE,"observed"
"NL",1989,"13",13,0.00022,FALSE,"observed"
"NL",1989,"14",14,0.00023,FALSE,"observed"
"NL",1989,"15",15,0.00026,FALSE,"observed"
"NL",1989,"16",16,0.00043,FALSE,"observed"
"NL",1989,"17",17,0.00037,FALSE,"observed"
"NL",1989,"18",18,0.00047,FALSE,"observed"
"NL",1989,"19",19,0.00051,FALSE,"observed"
"NL",1989,"20",20,0.00051,FALSE,"observed"
"NL",1989,"21",21,0.00062,FALSE,"observed"
"NL",1989,"22",22,0.00052,FALSE,"observed"
"NL",1989,"23",23,6e-04,FALSE,"observed"
"NL",1989,"24",24,0.00056,FALSE,"observed"
"NL",1989,"25",25,0.00053,FALSE,"observed"
"NL",1989,"26",26,0.00047,FALSE,"observed"
"NL",1989,"27",27,0.00053,FALSE,"observed"
"NL",1989,"28",28,0.00058,FALSE,"observed"
"NL",1989,"29",29,0.00054,FALSE,"observed"
"NL",1989,"30",30,0.00059,FALSE,"observed"
"NL",1989,"31",31,0.00069,FALSE,"observed"
"NL",1989,"32",32,0.00074,FALSE,"observed"
"NL",1989,"33",33,0.00071,FALSE,"observed"
"NL",1989,"34",34,0.00085,FALSE,"observed"
"NL",1989,"35",35,9e-04,FALSE,"observed"
"NL",1989,"36",36,0.00093,FALSE,"observed"
"NL",1989,"37",37,0.00109,FALSE,"observed"
"NL",1989,"38",38,0.00107,FALSE,"observed"
"NL",1989,"39",39,0.0011,FALSE,"observed"
"NL",1989,"40",40,0.00142,FALSE,"observed"
"NL",1989,"41",41,0.00139,FALSE,"observed"
"NL",1989,"42",42,0.00153,FALSE,"observed"
"NL",1989,"43",43,0.00167,FALSE,"observed"
"NL",1989,"44",44,0.00201,FALSE,"observed"
"NL",1989,"45",45,0.00223,FALSE,"observed"
"NL",1989,"46",46,0.00238,FALSE,"observed"
"NL",1989,"47",47,0.00279,FALSE,"observed"
"NL",1989,"48",48,0.00303,FALSE,"observed"
"NL",1989,"49",49,0.00318,FALSE,"observed"
"NL",1989,"50",50,0.0035,FALSE,"observed"
"NL",1989,"51",51,0.00413,FALSE,"observed"
"NL",1989,"52",52,0.00455,FALSE,"observed"
"NL",1989,"53",53,0.00516,FALSE,"observed"
"NL",1989,"54",54,0.00582,FALSE,"observed"
"NL",1989,"55",55,0.00593,FALSE,"observed"
"NL",1989,"56",56,0.0069,FALSE,"observed"
"NL",1989,"57",57,0.00769,FALSE,"observed"
"NL",1989,"58",58,0.00904,FALSE,"observed"
"NL",1989,"59",59,0.0096,FALSE,"observed"
"NL",1989,"60",60,0.01033,FALSE,"observed"
"NL",1989,"61",61,0.01154,FALSE,"observed"
"NL",1989,"62",62,0.01266,FALSE,"observed"
"NL",1989,"63",63,0.01363,FALSE,"observed"
"NL",1989,"64",64,0.01524,FALSE,"observed"
"NL",1989,"65",65,0.01653,FALSE,"observed"
"NL",1989,"66",66,0.01843,FALSE,"observed"
"NL",1989,"67",67,0.01898,FALSE,"observed"
"NL",1989,"68",68,0.02167,FALSE,"observed"
"NL",1989,"69",69,0.02394,FALSE,"observed"
"NL",1989,"70",70,0.02715,FALSE,"observed"
"NL",1989,"71",71,0.03026,FALSE,"observed"
"NL",1989,"72",72,0.03266,FALSE,"observed"
"NL",1989,"73",73,0.03618,FALSE,"observed"
"NL",1989,"74",74,0.03897,FALSE,"observed"
"NL",1989,"75",75,0.04417,FALSE,"observed"
"NL",1989,"76",76,0.04898,FALSE,"observed"
"NL",1989,"77",77,0.0537,FALSE,"observed"
"NL",1989,"78",78,0.0587,FALSE,"observed"
"NL",1989,"79",79,0.06802,FALSE,"observed"
"NL",1989,"80",80,0.07285,FALSE,"observed"
"NL",1989,"81",81,0.08144,FALSE,"observed"
"NL",1989,"82",82,0.08818,FALSE,"observed"
"NL",1989,"83",83,0.09898,FALSE,"observed"
"NL",1989,"84",84,0.10864,FALSE,"observed"
"NL",1989,"85",85,0.12109,FALSE,"observed"
"NL",1989,"86",86,0.13493,FALSE,"observed"
"NL",1989,"87",87,0.15298,FALSE,"observed"
"NL",1989,"88",88,0.16456,FALSE,"observed"
"NL",1989,"89",89,0.18033,FALSE,"observed"
"NL",1989,"90",90,0.20445,FALSE,"observed"
"NL",1989,"91",91,0.22543,FALSE,"observed"
"NL",1989,"92",92,0.25487,FALSE,"observed"
"NL",1989,"93",93,0.26974,FALSE,"observed"
"NL",1989,"94",94,0.29124,FALSE,"observed"
"NL",1989,"95",95,0.3221,FALSE,"observed"
"NL",1989,"96",96,0.35032,FALSE,"observed"
"NL",1989,"97",97,0.3797,FALSE,"observed"
"NL",1989,"98",98,0.41005,FALSE,"observed"
"NL",1989,"99",99,0.44115,FALSE,"observed"
"NL",1989,"100",100,0.47275,FALSE,"observed"
"NL",1989,"101",101,0.50457,FALSE,"observed"
"NL",1989,"102",102,0.53634,FALSE,"observed"
"NL",1989,"103",103,0.56779,FALSE,"observed"
"NL",1989,"104",104,0.59866,FALSE,"observed"
"NL",1989,"105",105,0.62869,FALSE,"observed"
"NL",1989,"106",106,0.65768,FALSE,"observed"
"NL",1989,"107",107,0.68544,FALSE,"observed"
"NL",1989,"108",108,0.71183,FALSE,"observed"
"NL",1989,"109",109,0.73674,FALSE,"observed"
"NL",1989,"110+",110,0.76009,FALSE,"observed"
"NL",1990,"0",0,0.00725,FALSE,"observed"
"NL",1990,"1",1,0.00075,FALSE,"observed"
"NL",1990,"2",2,0.00036,FALSE,"observed"
"NL",1990,"3",3,0.00033,FALSE,"observed"
"NL",1990,"4",4,0.00021,FALSE,"observed"
"NL",1990,"5",5,0.00026,FALSE,"observed"
"NL",1990,"6",6,0.00019,FALSE,"observed"
"NL",1990,"7",7,2e-04,FALSE,"observed"
"NL",1990,"8",8,0.00013,FALSE,"observed"
"NL",1990,"9",9,0.00015,FALSE,"observed"
"NL",1990,"10",10,0.00018,FALSE,"observed"
"NL",1990,"11",11,0.00022,FALSE,"observed"
"NL",1990,"12",12,2e-04,FALSE,"observed"
"NL",1990,"13",13,0.00027,FALSE,"observed"
"NL",1990,"14",14,0.00023,FALSE,"observed"
"NL",1990,"15",15,0.00032,FALSE,"observed"
"NL",1990,"16",16,0.00047,FALSE,"observed"
"NL",1990,"17",17,0.00037,FALSE,"observed"
"NL",1990,"18",18,0.00036,FALSE,"observed"
"NL",1990,"19",19,0.00046,FALSE,"observed"
"NL",1990,"20",20,0.00055,FALSE,"observed"
"NL",1990,"21",21,0.00051,FALSE,"observed"
"NL",1990,"22",22,0.00044,FALSE,"observed"
"NL",1990,"23",23,0.00049,FALSE,"observed"
"NL",1990,"24",24,0.00047,FALSE,"observed"
"NL",1990,"25",25,0.00054,FALSE,"observed"
"NL",1990,"26",26,0.00063,FALSE,"observed"
"NL",1990,"27",27,0.00054,FALSE,"observed"
"NL",1990,"28",28,0.00058,FALSE,"observed"
"NL",1990,"29",29,0.00063,FALSE,"observed"
"NL",1990,"30",30,6e-04,FALSE,"observed"
"NL",1990,"31",31,0.00067,FALSE,"observed"
"NL",1990,"32",32,0.00072,FALSE,"observed"
"NL",1990,"33",33,8e-04,FALSE,"observed"
"NL",1990,"34",34,0.00085,FALSE,"observed"
"NL",1990,"35",35,0.00086,FALSE,"observed"
"NL",1990,"36",36,0.00095,FALSE,"observed"
"NL",1990,"37",37,0.00094,FALSE,"observed"
"NL",1990,"38",38,0.00122,FALSE,"observed"
"NL",1990,"39",39,0.0011,FALSE,"observed"
"NL",1990,"40",40,0.00133,FALSE,"observed"
"NL",1990,"41",41,0.00145,FALSE,"observed"
"NL",1990,"42",42,0.0016,FALSE,"observed"
"NL",1990,"43",43,0.00176,FALSE,"observed"
"NL",1990,"44",44,0.00191,FALSE,"observed"
"NL",1990,"45",45,0.00226,FALSE,"observed"
"NL",1990,"46",46,0.00259,FALSE,"observed"
"NL",1990,"47",47,0.00259,FALSE,"observed"
"NL",1990,"48",48,0.00279,FALSE,"observed"
"NL",1990,"49",49,0.00316,FALSE,"observed"
"NL",1990,"50",50,0.00334,FALSE,"observed"
"NL",1990,"51",51,0.00379,FALSE,"observed"
"NL",1990,"52",52,0.00418,FALSE,"observed"
"NL",1990,"53",53,0.00498,FALSE,"observed"
"NL",1990,"54",54,0.00523,FALSE,"observed"
"NL",1990,"55",55,0.00586,FALSE,"observed"
"NL",1990,"56",56,0.00671,FALSE,"observed"
"NL",1990,"57",57,0.00762,FALSE,"observed"
"NL",1990,"58",58,0.00838,FALSE,"observed"
"NL",1990,"59",59,0.00922,FALSE,"observed"
"NL",1990,"60",60,0.0098,FALSE,"observed"
"NL",1990,"61",61,0.01085,FALSE,"observed"
"NL",1990,"62",62,0.01197,FALSE,"observed"
"NL",1990,"63",63,0.01292,FALSE,"observed"
"NL",1990,"64",64,0.01447,FALSE,"observed"
"NL",1990,"65",65,0.01614,FALSE,"observed"
"NL",1990,"66",66,0.01829,FALSE,"observed"
"NL",1990,"67",67,0.01928,FALSE,"observed"
"NL",1990,"68",68,0.02212,FALSE,"observed"
"NL",1990,"69",69,0.02417,FALSE,"observed"
"NL",1990,"70",70,0.0258,FALSE,"observed"
"NL",1990,"71",71,0.02977,FALSE,"observed"
"NL",1990,"72",72,0.03237,FALSE,"observed"
"NL",1990,"73",73,0.03557,FALSE,"observed"
"NL",1990,"74",74,0.03993,FALSE,"observed"
"NL",1990,"75",75,0.04228,FALSE,"observed"
"NL",1990,"76",76,0.04715,FALSE,"observed"
"NL",1990,"77",77,0.05265,FALSE,"observed"
"NL",1990,"78",78,0.05918,FALSE,"observed"
"NL",1990,"79",79,0.06532,FALSE,"observed"
"NL",1990,"80",80,0.07078,FALSE,"observed"
"NL",1990,"81",81,0.0802,FALSE,"observed"
"NL",1990,"82",82,0.08793,FALSE,"observed"
"NL",1990,"83",83,0.09653,FALSE,"observed"
"NL",1990,"84",84,0.10968,FALSE,"observed"
"NL",1990,"85",85,0.12096,FALSE,"observed"
"NL",1990,"86",86,0.13437,FALSE,"observed"
"NL",1990,"87",87,0.14957,FALSE,"observed"
"NL",1990,"88",88,0.16328,FALSE,"observed"
"NL",1990,"89",89,0.18285,FALSE,"observed"
"NL",1990,"90",90,0.19545,FALSE,"observed"
"NL",1990,"91",91,0.2241,FALSE,"observed"
"NL",1990,"92",92,0.2352,FALSE,"observed"
"NL",1990,"93",93,0.26216,FALSE,"observed"
"NL",1990,"94",94,0.29489,FALSE,"observed"
"NL",1990,"95",95,0.31641,FALSE,"observed"
"NL",1990,"96",96,0.34412,FALSE,"observed"
"NL",1990,"97",97,0.37301,FALSE,"observed"
"NL",1990,"98",98,0.4029,FALSE,"observed"
"NL",1990,"99",99,0.43358,FALSE,"observed"
"NL",1990,"100",100,0.46481,FALSE,"observed"
"NL",1990,"101",101,0.49634,FALSE,"observed"
"NL",1990,"102",102,0.52789,FALSE,"observed"
"NL",1990,"103",103,0.5592,FALSE,"observed"
"NL",1990,"104",104,0.59001,FALSE,"observed"
"NL",1990,"105",105,0.62008,FALSE,"observed"
"NL",1990,"106",106,0.64919,FALSE,"observed"
"NL",1990,"107",107,0.67716,FALSE,"observed"
"NL",1990,"108",108,0.70381,FALSE,"observed"
"NL",1990,"109",109,0.72905,FALSE,"observed"
"NL",1990,"110+",110,0.75278,FALSE,"observed"
"NL",1991,"0",0,0.00651,FALSE,"observed"
"NL",1991,"1",1,0.00065,FALSE,"observed"
"NL",1991,"2",2,0.00045,FALSE,"observed"
"NL",1991,"3",3,0.00027,FALSE,"observed"
"NL",1991,"4",4,0.00023,FALSE,"observed"
"NL",1991,"5",5,0.00021,FALSE,"observed"
"NL",1991,"6",6,0.00021,FALSE,"observed"
"NL",1991,"7",7,0.00013,FALSE,"observed"
"NL",1991,"8",8,0.00016,FALSE,"observed"
"NL",1991,"9",9,0.00012,FALSE,"observed"
"NL",1991,"10",10,0.00016,FALSE,"observed"
"NL",1991,"11",11,0.00015,FALSE,"observed"
"NL",1991,"12",12,0.00019,FALSE,"observed"
"NL",1991,"13",13,2e-04,FALSE,"observed"
"NL",1991,"14",14,0.00019,FALSE,"observed"
"NL",1991,"15",15,0.00027,FALSE,"observed"
"NL",1991,"16",16,0.00041,FALSE,"observed"
"NL",1991,"17",17,0.00047,FALSE,"observed"
"NL",1991,"18",18,0.00046,FALSE,"observed"
"NL",1991,"19",19,0.00046,FALSE,"observed"
"NL",1991,"20",20,0.00048,FALSE,"observed"
"NL",1991,"21",21,0.00054,FALSE,"observed"
"NL",1991,"22",22,0.00049,FALSE,"observed"
"NL",1991,"23",23,5e-04,FALSE,"observed"
"NL",1991,"24",24,0.00045,FALSE,"observed"
"NL",1991,"25",25,0.00052,FALSE,"observed"
"NL",1991,"26",26,0.00052,FALSE,"observed"
"NL",1991,"27",27,0.00054,FALSE,"observed"
"NL",1991,"28",28,0.00059,FALSE,"observed"
"NL",1991,"29",29,0.00057,FALSE,"observed"
"NL",1991,"30",30,0.00064,FALSE,"observed"
"NL",1991,"31",31,0.00077,FALSE,"observed"
"NL",1991,"32",32,0.00075,FALSE,"observed"
"NL",1991,"33",33,0.00076,FALSE,"observed"
"NL",1991,"34",34,0.00088,FALSE,"observed"
"NL",1991,"35",35,0.00087,FALSE,"observed"
"NL",1991,"36",36,0.00114,FALSE,"observed"
"NL",1991,"37",37,0.00103,FALSE,"observed"
"NL",1991,"38",38,0.00119,FALSE,"observed"
"NL",1991,"39",39,0.00111,FALSE,"observed"
"NL",1991,"40",40,0.0013,FALSE,"observed"
"NL",1991,"41",41,0.00144,FALSE,"observed"
"NL",1991,"42",42,0.00155,FALSE,"observed"
"NL",1991,"43",43,0.00181,FALSE,"observed"
"NL",1991,"44",44,0.00199,FALSE,"observed"
"NL",1991,"45",45,0.00213,FALSE,"observed"
"NL",1991,"46",46,0.00231,FALSE,"observed"
"NL",1991,"47",47,0.00263,FALSE,"observed"
"NL",1991,"48",48,0.00267,FALSE,"observed"
"NL",1991,"49",49,0.00318,FALSE,"observed"
"NL",1991,"50",50,0.00333,FALSE,"observed"
"NL",1991,"51",51,0.00408,FALSE,"observed"
"NL",1991,"52",52,0.00432,FALSE,"observed"
"NL",1991,"53",53,0.00473,FALSE,"observed"
"NL",1991,"54",54,0.00553,FALSE,"observed"
"NL",1991,"55",55,0.0057,FALSE,"observed"
"NL",1991,"56",56,0.00651,FALSE,"observed"
"NL",1991,"57",57,0.00729,FALSE,"observed"
"NL",1991,"58",58,0.00811,FALSE,"observed"
"NL",1991,"59",59,0.00828,FALSE,"observed"
"NL",1991,"60",60,0.01002,FALSE,"observed"
"NL",1991,"61",61,0.01109,FALSE,"observed"
"NL",1991,"62",62,0.01218,FALSE,"observed"
"NL",1991,"63",63,0.01373,FALSE,"observed"
"NL",1991,"64",64,0.01456,FALSE,"observed"
"NL",1991,"65",65,0.01606,FALSE,"observed"
"NL",1991,"66",66,0.01774,FALSE,"observed"
"NL",1991,"67",67,0.01936,FALSE,"observed"
"NL",1991,"68",68,0.02135,FALSE,"observed"
"NL",1991,"69",69,0.02371,FALSE,"observed"
"NL",1991,"70",70,0.02614,FALSE,"observed"
"NL",1991,"71",71,0.02944,FALSE,"observed"
"NL",1991,"72",72,0.03194,FALSE,"observed"
"NL",1991,"73",73,0.03524,FALSE,"observed"
"NL",1991,"74",74,0.03838,FALSE,"observed"
"NL",1991,"75",75,0.04277,FALSE,"observed"
"NL",1991,"76",76,0.04765,FALSE,"observed"
"NL",1991,"77",77,0.05218,FALSE,"observed"
"NL",1991,"78",78,0.05722,FALSE,"observed"
"NL",1991,"79",79,0.06498,FALSE,"observed"
"NL",1991,"80",80,0.07187,FALSE,"observed"
"NL",1991,"81",81,0.07796,FALSE,"observed"
"NL",1991,"82",82,0.08806,FALSE,"observed"
"NL",1991,"83",83,0.09548,FALSE,"observed"
"NL",1991,"84",84,0.10625,FALSE,"observed"
"NL",1991,"85",85,0.11688,FALSE,"observed"
"NL",1991,"86",86,0.13449,FALSE,"observed"
"NL",1991,"87",87,0.14663,FALSE,"observed"
"NL",1991,"88",88,0.16244,FALSE,"observed"
"NL",1991,"89",89,0.18159,FALSE,"observed"
"NL",1991,"90",90,0.19059,FALSE,"observed"
"NL",1991,"91",91,0.22003,FALSE,"observed"
"NL",1991,"92",92,0.2444,FALSE,"observed"
"NL",1991,"93",93,0.25818,FALSE,"observed"
"NL",1991,"94",94,0.29012,FALSE,"observed"
"NL",1991,"95",95,0.31487,FALSE,"observed"
"NL",1991,"96",96,0.34261,FALSE,"observed"
"NL",1991,"97",97,0.37157,FALSE,"observed"
"NL",1991,"98",98,0.40156,FALSE,"observed"
"NL",1991,"99",99,0.43237,FALSE,"observed"
"NL",1991,"100",100,0.46377,FALSE,"observed"
"NL",1991,"101",101,0.4955,FALSE,"observed"
"NL",1991,"102",102,0.5273,FALSE,"observed"
"NL",1991,"103",103,0.55889,FALSE,"observed"
"NL",1991,"104",104,0.59002,FALSE,"observed"
"NL",1991,"105",105,0.62042,FALSE,"observed"
"NL",1991,"106",106,0.64989,FALSE,"observed"
"NL",1991,"107",107,0.67822,FALSE,"observed"
"NL",1991,"108",108,0.70525,FALSE,"observed"
"NL",1991,"109",109,0.73086,FALSE,"observed"
"NL",1991,"110+",110,0.75495,FALSE,"observed"
"NL",1992,"0",0,0.00626,FALSE,"observed"
"NL",1992,"1",1,0.00059,FALSE,"observed"
"NL",1992,"2",2,0.00042,FALSE,"observed"
"NL",1992,"3",3,2e-04,FALSE,"observed"
"NL",1992,"4",4,0.00019,FALSE,"observed"
"NL",1992,"5",5,0.00026,FALSE,"observed"
"NL",1992,"6",6,0.00018,FALSE,"observed"
"NL",1992,"7",7,0.00015,FALSE,"observed"
"NL",1992,"8",8,0.00019,FALSE,"observed"
"NL",1992,"9",9,0.00013,FALSE,"observed"
"NL",1992,"10",10,0.00011,FALSE,"observed"
"NL",1992,"11",11,0.00017,FALSE,"observed"
"NL",1992,"12",12,0.00019,FALSE,"observed"
"NL",1992,"13",13,0.00018,FALSE,"observed"
"NL",1992,"14",14,0.00026,FALSE,"observed"
"NL",1992,"15",15,0.00027,FALSE,"observed"
"NL",1992,"16",16,4e-04,FALSE,"observed"
"NL",1992,"17",17,0.00031,FALSE,"observed"
"NL",1992,"18",18,0.00042,FALSE,"observed"
"NL",1992,"19",19,0.00052,FALSE,"observed"
"NL",1992,"20",20,0.00039,FALSE,"observed"
"NL",1992,"21",21,0.00053,FALSE,"observed"
"NL",1992,"22",22,0.00044,FALSE,"observed"
"NL",1992,"23",23,0.00048,FALSE,"observed"
"NL",1992,"24",24,0.00057,FALSE,"observed"
"NL",1992,"25",25,0.00056,FALSE,"observed"
"NL",1992,"26",26,0.00057,FALSE,"observed"
"NL",1992,"27",27,0.00053,FALSE,"observed"
"NL",1992,"28",28,0.00068,FALSE,"observed"
"NL",1992,"29",29,0.00068,FALSE,"observed"
"NL",1992,"30",30,0.00063,FALSE,"observed"
"NL",1992,"31",31,7e-04,FALSE,"observed"
"NL",1992,"32",32,0.00065,FALSE,"observed"
"NL",1992,"33",33,8e-04,FALSE,"observed"
"NL",1992,"34",34,0.00082,FALSE,"observed"
"NL",1992,"35",35,0.00102,FALSE,"observed"
"NL",1992,"36",36,0.00098,FALSE,"observed"
"NL",1992,"37",37,0.00107,FALSE,"observed"
"NL",1992,"38",38,0.001,FALSE,"observed"
"NL",1992,"39",39,0.00116,FALSE,"observed"
"NL",1992,"40",40,0.00123,FALSE,"observed"
"NL",1992,"41",41,0.00143,FALSE,"observed"
"NL",1992,"42",42,0.00178,FALSE,"observed"
"NL",1992,"43",43,0.00191,FALSE,"observed"
"NL",1992,"44",44,0.00197,FALSE,"observed"
"NL",1992,"45",45,0.00205,FALSE,"observed"
"NL",1992,"46",46,0.00225,FALSE,"observed"
"NL",1992,"47",47,0.00258,FALSE,"observed"
"NL",1992,"48",48,0.003,FALSE,"observed"
"NL",1992,"49",49,0.00335,FALSE,"observed"
"NL",1992,"50",50,0.00342,FALSE,"observed"
"NL",1992,"51",51,0.00392,FALSE,"observed"
"NL",1992,"52",52,0.00419,FALSE,"observed"
"NL",1992,"53",53,0.00464,FALSE,"observed"
"NL",1992,"54",54,0.0051,FALSE,"observed"
"NL",1992,"55",55,0.00556,FALSE,"observed"
"NL",1992,"56",56,0.00653,FALSE,"observed"
"NL",1992,"57",57,0.00698,FALSE,"observed"
"NL",1992,"58",58,0.00738,FALSE,"observed"
"NL",1992,"59",59,0.00863,FALSE,"observed"
"NL",1992,"60",60,0.00979,FALSE,"observed"
"NL",1992,"61",61,0.01092,FALSE,"observed"
"NL",1992,"62",62,0.01166,FALSE,"observed"
"NL",1992,"63",63,0.01324,FALSE,"observed"
"NL",1992,"64",64,0.01447,FALSE,"observed"
"NL",1992,"65",65,0.01597,FALSE,"observed"
"NL",1992,"66",66,0.0166,FALSE,"observed"
"NL",1992,"67",67,0.01905,FALSE,"observed"
"NL",1992,"68",68,0.02106,FALSE,"observed"
"NL",1992,"69",69,0.02338,FALSE,"observed"
"NL",1992,"70",70,0.02583,FALSE,"observed"
"NL",1992,"71",71,0.02857,FALSE,"observed"
"NL",1992,"72",72,0.03122,FALSE,"observed"
"NL",1992,"73",73,0.03537,FALSE,"observed"
"NL",1992,"74",74,0.03745,FALSE,"observed"
"NL",1992,"75",75,0.04233,FALSE,"observed"
"NL",1992,"76",76,0.04734,FALSE,"observed"
"NL",1992,"77",77,0.05044,FALSE,"observed"
"NL",1992,"78",78,0.05623,FALSE,"observed"
"NL",1992,"79",79,0.06289,FALSE,"observed"
"NL",1992,"80",80,0.06911,FALSE,"observed"
"NL",1992,"81",81,0.07753,FALSE,"observed"
"NL",1992,"82",82,0.08656,FALSE,"observed"
"NL",1992,"83",83,0.09378,FALSE,"observed"
"NL",1992,"84",84,0.10561,FALSE,"observed"
"NL",1992,"85",85,0.11609,FALSE,"observed"
"NL",1992,"86",86,0.13041,FALSE,"observed"
"NL",1992,"87",87,0.14282,FALSE,"observed"
"NL",1992,"88",88,0.16074,FALSE,"observed"
"NL",1992,"89",89,0.17235,FALSE,"observed"
"NL",1992,"90",90,0.19088,FALSE,"observed"
"NL",1992,"91",91,0.21671,FALSE,"observed"
"NL",1992,"92",92,0.23505,FALSE,"observed"
"NL",1992,"93",93,0.2609,FALSE,"observed"
"NL",1992,"94",94,0.2901,FALSE,"observed"
"NL",1992,"95",95,0.31061,FALSE,"observed"
"NL",1992,"96",96,0.33825,FALSE,"observed"
"NL",1992,"97",97,0.36714,FALSE,"observed"
"NL",1992,"98",98,0.39709,FALSE,"observed"
"NL",1992,"99",99,0.42791,FALSE,"observed"
"NL",1992,"100",100,0.45934,FALSE,"observed"
"NL",1992,"101",101,0.49115,FALSE,"observed"
"NL",1992,"102",102,0.52305,FALSE,"observed"
"NL",1992,"103",103,0.55477,FALSE,"observed"
"NL",1992,"104",104,0.58605,FALSE,"observed"
"NL",1992,"105",105,0.61663,FALSE,"observed"
"NL",1992,"106",106,0.64629,FALSE,"observed"
"NL",1992,"107",107,0.67482,FALSE,"observed"
"NL",1992,"108",108,0.70206,FALSE,"observed"
"NL",1992,"109",109,0.72787,FALSE,"observed"
"NL",1992,"110+",110,0.75217,FALSE,"observed"
"NL",1993,"0",0,0.0063,FALSE,"observed"
"NL",1993,"1",1,0.00054,FALSE,"observed"
"NL",1993,"2",2,0.00034,FALSE,"observed"
"NL",1993,"3",3,0.00026,FALSE,"observed"
"NL",1993,"4",4,0.00019,FALSE,"observed"
"NL",1993,"5",5,2e-04,FALSE,"observed"
"NL",1993,"6",6,2e-04,FALSE,"observed"
"NL",1993,"7",7,0.00019,FALSE,"observed"
"NL",1993,"8",8,0.00011,FALSE,"observed"
"NL",1993,"9",9,0.00017,FALSE,"observed"
"NL",1993,"10",10,0.00015,FALSE,"observed"
"NL",1993,"11",11,0.00016,FALSE,"observed"
"NL",1993,"12",12,0.00024,FALSE,"observed"
"NL",1993,"13",13,0.00015,FALSE,"observed"
"NL",1993,"14",14,0.00025,FALSE,"observed"
"NL",1993,"15",15,0.00028,FALSE,"observed"
"NL",1993,"16",16,0.00034,FALSE,"observed"
"NL",1993,"17",17,0.00043,FALSE,"observed"
"NL",1993,"18",18,0.00044,FALSE,"observed"
"NL",1993,"19",19,0.00051,FALSE,"observed"
"NL",1993,"20",20,0.00048,FALSE,"observed"
"NL",1993,"21",21,0.00052,FALSE,"observed"
"NL",1993,"22",22,0.00046,FALSE,"observed"
"NL",1993,"23",23,0.00051,FALSE,"observed"
"NL",1993,"24",24,0.00051,FALSE,"observed"
"NL",1993,"25",25,6e-04,FALSE,"observed"
"NL",1993,"26",26,0.00053,FALSE,"observed"
"NL",1993,"27",27,0.00051,FALSE,"observed"
"NL",1993,"28",28,0.00056,FALSE,"observed"
"NL",1993,"29",29,0.00066,FALSE,"observed"
"NL",1993,"30",30,0.00075,FALSE,"observed"
"NL",1993,"31",31,0.00072,FALSE,"observed"
"NL",1993,"32",32,0.00079,FALSE,"observed"
"NL",1993,"33",33,0.00078,FALSE,"observed"
"NL",1993,"34",34,9e-04,FALSE,"observed"
"NL",1993,"35",35,0.00087,FALSE,"observed"
"NL",1993,"36",36,0.00089,FALSE,"observed"
"NL",1993,"37",37,0.00101,FALSE,"observed"
"NL",1993,"38",38,0.00112,FALSE,"observed"
"NL",1993,"39",39,0.00141,FALSE,"observed"
"NL",1993,"40",40,0.00134,FALSE,"observed"
"NL",1993,"41",41,0.00128,FALSE,"observed"
"NL",1993,"42",42,0.00159,FALSE,"observed"
"NL",1993,"43",43,0.00188,FALSE,"observed"
"NL",1993,"44",44,0.00189,FALSE,"observed"
"NL",1993,"45",45,0.00202,FALSE,"observed"
"NL",1993,"46",46,0.00244,FALSE,"observed"
"NL",1993,"47",47,0.00274,FALSE,"observed"
"NL",1993,"48",48,0.00302,FALSE,"observed"
"NL",1993,"49",49,0.00338,FALSE,"observed"
"NL",1993,"50",50,0.00357,FALSE,"observed"
"NL",1993,"51",51,0.00379,FALSE,"observed"
"NL",1993,"52",52,0.00432,FALSE,"observed"
"NL",1993,"53",53,0.00454,FALSE,"observed"
"NL",1993,"54",54,0.00482,FALSE,"observed"
"NL",1993,"55",55,0.00597,FALSE,"observed"
"NL",1993,"56",56,0.00649,FALSE,"observed"
"NL",1993,"57",57,0.007,FALSE,"observed"
"NL",1993,"58",58,0.00825,FALSE,"observed"
"NL",1993,"59",59,0.00896,FALSE,"observed"
"NL",1993,"60",60,0.00975,FALSE,"observed"
"NL",1993,"61",61,0.01069,FALSE,"observed"
"NL",1993,"62",62,0.01227,FALSE,"observed"
"NL",1993,"63",63,0.01357,FALSE,"observed"
"NL",1993,"64",64,0.01459,FALSE,"observed"
"NL",1993,"65",65,0.01616,FALSE,"observed"
"NL",1993,"66",66,0.01755,FALSE,"observed"
"NL",1993,"67",67,0.02024,FALSE,"observed"
"NL",1993,"68",68,0.02083,FALSE,"observed"
"NL",1993,"69",69,0.02409,FALSE,"observed"
"NL",1993,"70",70,0.02633,FALSE,"observed"
"NL",1993,"71",71,0.02872,FALSE,"observed"
"NL",1993,"72",72,0.03242,FALSE,"observed"
"NL",1993,"73",73,0.03552,FALSE,"observed"
"NL",1993,"74",74,0.03912,FALSE,"observed"
"NL",1993,"75",75,0.04342,FALSE,"observed"
"NL",1993,"76",76,0.04825,FALSE,"observed"
"NL",1993,"77",77,0.05343,FALSE,"observed"
"NL",1993,"78",78,0.05838,FALSE,"observed"
"NL",1993,"79",79,0.06493,FALSE,"observed"
"NL",1993,"80",80,0.07309,FALSE,"observed"
"NL",1993,"81",81,0.08336,FALSE,"observed"
"NL",1993,"82",82,0.0875,FALSE,"observed"
"NL",1993,"83",83,0.10031,FALSE,"observed"
"NL",1993,"84",84,0.11289,FALSE,"observed"
"NL",1993,"85",85,0.12221,FALSE,"observed"
"NL",1993,"86",86,0.13828,FALSE,"observed"
"NL",1993,"87",87,0.15383,FALSE,"observed"
"NL",1993,"88",88,0.17338,FALSE,"observed"
"NL",1993,"89",89,0.19155,FALSE,"observed"
"NL",1993,"90",90,0.21384,FALSE,"observed"
"NL",1993,"91",91,0.23872,FALSE,"observed"
"NL",1993,"92",92,0.25623,FALSE,"observed"
"NL",1993,"93",93,0.28498,FALSE,"observed"
"NL",1993,"94",94,0.31288,FALSE,"observed"
"NL",1993,"95",95,0.34125,FALSE,"observed"
"NL",1993,"96",96,0.37177,FALSE,"observed"
"NL",1993,"97",97,0.40344,FALSE,"observed"
"NL",1993,"98",98,0.43604,FALSE,"observed"
"NL",1993,"99",99,0.46927,FALSE,"observed"
"NL",1993,"100",100,0.50282,FALSE,"observed"
"NL",1993,"101",101,0.5364,FALSE,"observed"
"NL",1993,"102",102,0.56967,FALSE,"observed"
"NL",1993,"103",103,0.60233,FALSE,"observed"
"NL",1993,"104",104,0.63409,FALSE,"observed"
"NL",1993,"105",105,0.66471,FALSE,"observed"
"NL",1993,"106",106,0.69396,FALSE,"observed"
"NL",1993,"107",107,0.72169,FALSE,"observed"
"NL",1993,"108",108,0.74776,FALSE,"observed"
"NL",1993,"109",109,0.77209,FALSE,"observed"
"NL",1993,"110+",110,0.79465,FALSE,"observed"
"NL",1994,"0",0,0.00563,FALSE,"observed"
"NL",1994,"1",1,0.00055,FALSE,"observed"
"NL",1994,"2",2,3e-04,FALSE,"observed"
"NL",1994,"3",3,0.00025,FALSE,"observed"
"NL",1994,"4",4,0.00017,FALSE,"observed"
"NL",1994,"5",5,0.00016,FALSE,"observed"
"NL",1994,"6",6,0.00012,FALSE,"observed"
"NL",1994,"7",7,0.00015,FALSE,"observed"
"NL",1994,"8",8,0.00014,FALSE,"observed"
"NL",1994,"9",9,0.00013,FALSE,"observed"
"NL",1994,"10",10,0.00014,FALSE,"observed"
"NL",1994,"11",11,0.00015,FALSE,"observed"
"NL",1994,"12",12,0.00017,FALSE,"observed"
"NL",1994,"13",13,0.00019,FALSE,"observed"
"NL",1994,"14",14,0.00021,FALSE,"observed"
"NL",1994,"15",15,0.00025,FALSE,"observed"
"NL",1994,"16",16,0.00029,FALSE,"observed"
"NL",1994,"17",17,0.00038,FALSE,"observed"
"NL",1994,"18",18,4e-04,FALSE,"observed"
"NL",1994,"19",19,0.00051,FALSE,"observed"
"NL",1994,"20",20,0.00052,FALSE,"observed"
"NL",1994,"21",21,5e-04,FALSE,"observed"
"NL",1994,"22",22,0.00043,FALSE,"observed"
"NL",1994,"23",23,0.00054,FALSE,"observed"
"NL",1994,"24",24,5e-04,FALSE,"observed"
"NL",1994,"25",25,0.00052,FALSE,"observed"
"NL",1994,"26",26,0.00049,FALSE,"observed"
"NL",1994,"27",27,0.00047,FALSE,"observed"
"NL",1994,"28",28,6e-04,FALSE,"observed"
"NL",1994,"29",29,0.00057,FALSE,"observed"
"NL",1994,"30",30,0.00055,FALSE,"observed"
"NL",1994,"31",31,0.00066,FALSE,"observed"
"NL",1994,"32",32,0.00078,FALSE,"observed"
"NL",1994,"33",33,0.00078,FALSE,"observed"
"NL",1994,"34",34,0.00089,FALSE,"observed"
"NL",1994,"35",35,0.00086,FALSE,"observed"
"NL",1994,"36",36,0.00108,FALSE,"observed"
"NL",1994,"37",37,0.00108,FALSE,"observed"
"NL",1994,"38",38,0.0011,FALSE,"observed"
"NL",1994,"39",39,0.00108,FALSE,"observed"
"NL",1994,"40",40,0.00126,FALSE,"observed"
"NL",1994,"41",41,0.00156,FALSE,"observed"
"NL",1994,"42",42,0.00159,FALSE,"observed"
"NL",1994,"43",43,0.0018,FALSE,"observed"
"NL",1994,"44",44,0.00202,FALSE,"observed"
"NL",1994,"45",45,0.00218,FALSE,"observed"
"NL",1994,"46",46,0.00245,FALSE,"observed"
"NL",1994,"47",47,0.00261,FALSE,"observed"
"NL",1994,"48",48,0.00273,FALSE,"observed"
"NL",1994,"49",49,0.00312,FALSE,"observed"
"NL",1994,"50",50,0.00328,FALSE,"observed"
"NL",1994,"51",51,0.00381,FALSE,"observed"
"NL",1994,"52",52,0.0042,FALSE,"observed"
"NL",1994,"53",53,0.00449,FALSE,"observed"
"NL",1994,"54",54,0.00492,FALSE,"observed"
"NL",1994,"55",55,0.00574,FALSE,"observed"
"NL",1994,"56",56,0.00605,FALSE,"observed"
"NL",1994,"57",57,0.00712,FALSE,"observed"
"NL",1994,"58",58,0.00746,FALSE,"observed"
"NL",1994,"59",59,0.00844,FALSE,"observed"
"NL",1994,"60",60,0.00958,FALSE,"observed"
"NL",1994,"61",61,0.01032,FALSE,"observed"
"NL",1994,"62",62,0.01152,FALSE,"observed"
"NL",1994,"63",63,0.01326,FALSE,"observed"
"NL",1994,"64",64,0.01471,FALSE,"observed"
"NL",1994,"65",65,0.01519,FALSE,"observed"
"NL",1994,"66",66,0.01693,FALSE,"observed"
"NL",1994,"67",67,0.01875,FALSE,"observed"
"NL",1994,"68",68,0.02113,FALSE,"observed"
"NL",1994,"69",69,0.02292,FALSE,"observed"
"NL",1994,"70",70,0.02527,FALSE,"observed"
"NL",1994,"71",71,0.02709,FALSE,"observed"
"NL",1994,"72",72,0.03019,FALSE,"observed"
"NL",1994,"73",73,0.03433,FALSE,"observed"
"NL",1994,"74",74,0.03744,FALSE,"observed"
"NL",1994,"75",75,0.04271,FALSE,"observed"
"NL",1994,"76",76,0.04636,FALSE,"observed"
"NL",1994,"77",77,0.0512,FALSE,"observed"
"NL",1994,"78",78,0.05652,FALSE,"observed"
"NL",1994,"79",79,0.06317,FALSE,"observed"
"NL",1994,"80",80,0.06834,FALSE,"observed"
"NL",1994,"81",81,0.07821,FALSE,"observed"
"NL",1994,"82",82,0.08515,FALSE,"observed"
"NL",1994,"83",83,0.09564,FALSE,"observed"
"NL",1994,"84",84,0.10464,FALSE,"observed"
"NL",1994,"85",85,0.12112,FALSE,"observed"
"NL",1994,"86",86,0.12914,FALSE,"observed"
"NL",1994,"87",87,0.14401,FALSE,"observed"
"NL",1994,"88",88,0.15931,FALSE,"observed"
"NL",1994,"89",89,0.18238,FALSE,"observed"
"NL",1994,"90",90,0.20153,FALSE,"observed"
"NL",1994,"91",91,0.21795,FALSE,"observed"
"NL",1994,"92",92,0.24587,FALSE,"observed"
"NL",1994,"93",93,0.26871,FALSE,"observed"
"NL",1994,"94",94,0.2956,FALSE,"observed"
"NL",1994,"95",95,0.32219,FALSE,"observed"
"NL",1994,"96",96,0.35142,FALSE,"observed"
"NL",1994,"97",97,0.38191,FALSE,"observed"
"NL",1994,"98",98,0.41345,FALSE,"observed"
"NL",1994,"99",99,0.4458,FALSE,"observed"
"NL",1994,"100",100,0.47869,FALSE,"observed"
"NL",1994,"101",101,0.5118,FALSE,"observed"
"NL",1994,"102",102,0.54485,FALSE,"observed"
"NL",1994,"103",103,0.57752,FALSE,"observed"
"NL",1994,"104",104,0.60954,FALSE,"observed"
"NL",1994,"105",105,0.64063,FALSE,"observed"
"NL",1994,"106",106,0.67056,FALSE,"observed"
"NL",1994,"107",107,0.69914,FALSE,"observed"
"NL",1994,"108",108,0.72621,FALSE,"observed"
"NL",1994,"109",109,0.75167,FALSE,"observed"
"NL",1994,"110+",110,0.77543,FALSE,"observed"
"NL",1995,"0",0,0.00538,FALSE,"observed"
"NL",1995,"1",1,0.00047,FALSE,"observed"
"NL",1995,"2",2,0.00037,FALSE,"observed"
"NL",1995,"3",3,3e-04,FALSE,"observed"
"NL",1995,"4",4,0.00019,FALSE,"observed"
"NL",1995,"5",5,0.00021,FALSE,"observed"
"NL",1995,"6",6,0.00016,FALSE,"observed"
"NL",1995,"7",7,0.00017,FALSE,"observed"
"NL",1995,"8",8,0.00011,FALSE,"observed"
"NL",1995,"9",9,0.00012,FALSE,"observed"
"NL",1995,"10",10,0.00013,FALSE,"observed"
"NL",1995,"11",11,0.00016,FALSE,"observed"
"NL",1995,"12",12,0.00018,FALSE,"observed"
"NL",1995,"13",13,0.00022,FALSE,"observed"
"NL",1995,"14",14,0.00021,FALSE,"observed"
"NL",1995,"15",15,0.00029,FALSE,"observed"
"NL",1995,"16",16,0.00042,FALSE,"observed"
"NL",1995,"17",17,0.00043,FALSE,"observed"
"NL",1995,"18",18,0.00038,FALSE,"observed"
"NL",1995,"19",19,0.00044,FALSE,"observed"
"NL",1995,"20",20,0.00048,FALSE,"observed"
"NL",1995,"21",21,0.00047,FALSE,"observed"
"NL",1995,"22",22,0.00046,FALSE,"observed"
"NL",1995,"23",23,0.00057,FALSE,"observed"
"NL",1995,"24",24,0.00049,FALSE,"observed"
"NL",1995,"25",25,0.00052,FALSE,"observed"
"NL",1995,"26",26,0.00046,FALSE,"observed"
"NL",1995,"27",27,0.00047,FALSE,"observed"
"NL",1995,"28",28,0.00048,FALSE,"observed"
"NL",1995,"29",29,0.00058,FALSE,"observed"
"NL",1995,"30",30,0.00061,FALSE,"observed"
"NL",1995,"31",31,0.00062,FALSE,"observed"
"NL",1995,"32",32,0.00071,FALSE,"observed"
"NL",1995,"33",33,8e-04,FALSE,"observed"
"NL",1995,"34",34,0.00087,FALSE,"observed"
"NL",1995,"35",35,0.00104,FALSE,"observed"
"NL",1995,"36",36,0.00088,FALSE,"observed"
"NL",1995,"37",37,0.0011,FALSE,"observed"
"NL",1995,"38",38,0.00114,FALSE,"observed"
"NL",1995,"39",39,0.00114,FALSE,"observed"
"NL",1995,"40",40,0.00147,FALSE,"observed"
"NL",1995,"41",41,0.00146,FALSE,"observed"
"NL",1995,"42",42,0.00158,FALSE,"observed"
"NL",1995,"43",43,0.00179,FALSE,"observed"
"NL",1995,"44",44,0.00197,FALSE,"observed"
"NL",1995,"45",45,0.00208,FALSE,"observed"
"NL",1995,"46",46,0.00246,FALSE,"observed"
"NL",1995,"47",47,0.0025,FALSE,"observed"
"NL",1995,"48",48,0.0027,FALSE,"observed"
"NL",1995,"49",49,0.00299,FALSE,"observed"
"NL",1995,"50",50,0.00334,FALSE,"observed"
"NL",1995,"51",51,0.0039,FALSE,"observed"
"NL",1995,"52",52,0.00415,FALSE,"observed"
"NL",1995,"53",53,0.00431,FALSE,"observed"
"NL",1995,"54",54,0.00476,FALSE,"observed"
"NL",1995,"55",55,0.00524,FALSE,"observed"
"NL",1995,"56",56,0.00609,FALSE,"observed"
"NL",1995,"57",57,0.00665,FALSE,"observed"
"NL",1995,"58",58,0.00753,FALSE,"observed"
"NL",1995,"59",59,0.00829,FALSE,"observed"
"NL",1995,"60",60,0.00952,FALSE,"observed"
"NL",1995,"61",61,0.01012,FALSE,"observed"
"NL",1995,"62",62,0.01139,FALSE,"observed"
"NL",1995,"63",63,0.01279,FALSE,"observed"
"NL",1995,"64",64,0.01417,FALSE,"observed"
"NL",1995,"65",65,0.01596,FALSE,"observed"
"NL",1995,"66",66,0.01778,FALSE,"observed"
"NL",1995,"67",67,0.01875,FALSE,"observed"
"NL",1995,"68",68,0.02089,FALSE,"observed"
"NL",1995,"69",69,0.02301,FALSE,"observed"
"NL",1995,"70",70,0.02501,FALSE,"observed"
"NL",1995,"71",71,0.02765,FALSE,"observed"
"NL",1995,"72",72,0.03035,FALSE,"observed"
"NL",1995,"73",73,0.03283,FALSE,"observed"
"NL",1995,"74",74,0.03763,FALSE,"observed"
"NL",1995,"75",75,0.04243,FALSE,"observed"
"NL",1995,"76",76,0.04706,FALSE,"observed"
"NL",1995,"77",77,0.05102,FALSE,"observed"
"NL",1995,"78",78,0.05667,FALSE,"observed"
"NL",1995,"79",79,0.0626,FALSE,"observed"
"NL",1995,"80",80,0.06914,FALSE,"observed"
"NL",1995,"81",81,0.07745,FALSE,"observed"
"NL",1995,"82",82,0.08796,FALSE,"observed"
"NL",1995,"83",83,0.09711,FALSE,"observed"
"NL",1995,"84",84,0.10578,FALSE,"observed"
"NL",1995,"85",85,0.1191,FALSE,"observed"
"NL",1995,"86",86,0.13085,FALSE,"observed"
"NL",1995,"87",87,0.14847,FALSE,"observed"
"NL",1995,"88",88,0.16237,FALSE,"observed"
"NL",1995,"89",89,0.18103,FALSE,"observed"
"NL",1995,"90",90,0.20207,FALSE,"observed"
"NL",1995,"91",91,0.21846,FALSE,"observed"
"NL",1995,"92",92,0.24778,FALSE,"observed"
"NL",1995,"93",93,0.25636,FALSE,"observed"
"NL",1995,"94",94,0.29804,FALSE,"observed"
"NL",1995,"95",95,0.32344,FALSE,"observed"
"NL",1995,"96",96,0.35277,FALSE,"observed"
"NL",1995,"97",97,0.38337,FALSE,"observed"
"NL",1995,"98",98,0.41505,FALSE,"observed"
"NL",1995,"99",99,0.44753,FALSE,"observed"
"NL",1995,"100",100,0.48056,FALSE,"observed"
"NL",1995,"101",101,0.51382,FALSE,"observed"
"NL",1995,"102",102,0.547,FALSE,"observed"
"NL",1995,"103",103,0.57982,FALSE,"observed"
"NL",1995,"104",104,0.61196,FALSE,"observed"
"NL",1995,"105",105,0.64317,FALSE,"observed"
"NL",1995,"106",106,0.6732,FALSE,"observed"
"NL",1995,"107",107,0.70187,FALSE,"observed"
"NL",1995,"108",108,0.72901,FALSE,"observed"
"NL",1995,"109",109,0.75452,FALSE,"observed"
"NL",1995,"110+",110,0.77833,FALSE,"observed"
"NL",1996,"0",0,0.00574,FALSE,"observed"
"NL",1996,"1",1,0.00051,FALSE,"observed"
"NL",1996,"2",2,0.00032,FALSE,"observed"
"NL",1996,"3",3,0.00022,FALSE,"observed"
"NL",1996,"4",4,0.00021,FALSE,"observed"
"NL",1996,"5",5,0.00019,FALSE,"observed"
"NL",1996,"6",6,0.00012,FALSE,"observed"
"NL",1996,"7",7,1e-04,FALSE,"observed"
"NL",1996,"8",8,0.00016,FALSE,"observed"
"NL",1996,"9",9,0.00013,FALSE,"observed"
"NL",1996,"10",10,1e-04,FALSE,"observed"
"NL",1996,"11",11,1e-04,FALSE,"observed"
"NL",1996,"12",12,0.00015,FALSE,"observed"
"NL",1996,"13",13,0.00023,FALSE,"observed"
"NL",1996,"14",14,0.00021,FALSE,"observed"
"NL",1996,"15",15,0.00027,FALSE,"observed"
"NL",1996,"16",16,0.00036,FALSE,"observed"
"NL",1996,"17",17,0.00038,FALSE,"observed"
"NL",1996,"18",18,0.00042,FALSE,"observed"
"NL",1996,"19",19,0.00045,FALSE,"observed"
"NL",1996,"20",20,0.00048,FALSE,"observed"
"NL",1996,"21",21,0.00047,FALSE,"observed"
"NL",1996,"22",22,0.00057,FALSE,"observed"
"NL",1996,"23",23,0.00045,FALSE,"observed"
"NL",1996,"24",24,0.00047,FALSE,"observed"
"NL",1996,"25",25,0.00058,FALSE,"observed"
"NL",1996,"26",26,0.00055,FALSE,"observed"
"NL",1996,"27",27,0.00055,FALSE,"observed"
"NL",1996,"28",28,0.00056,FALSE,"observed"
"NL",1996,"29",29,6e-04,FALSE,"observed"
"NL",1996,"30",30,0.00059,FALSE,"observed"
"NL",1996,"31",31,0.00067,FALSE,"observed"
"NL",1996,"32",32,0.00059,FALSE,"observed"
"NL",1996,"33",33,7e-04,FALSE,"observed"
"NL",1996,"34",34,0.00082,FALSE,"observed"
"NL",1996,"35",35,8e-04,FALSE,"observed"
"NL",1996,"36",36,0.00093,FALSE,"observed"
"NL",1996,"37",37,0.00106,FALSE,"observed"
"NL",1996,"38",38,0.0011,FALSE,"observed"
"NL",1996,"39",39,0.00108,FALSE,"observed"
"NL",1996,"40",40,0.00129,FALSE,"observed"
"NL",1996,"41",41,0.00154,FALSE,"observed"
"NL",1996,"42",42,0.00171,FALSE,"observed"
"NL",1996,"43",43,0.00181,FALSE,"observed"
"NL",1996,"44",44,0.0019,FALSE,"observed"
"NL",1996,"45",45,0.00209,FALSE,"observed"
"NL",1996,"46",46,0.00215,FALSE,"observed"
"NL",1996,"47",47,0.00268,FALSE,"observed"
"NL",1996,"48",48,0.003,FALSE,"observed"
"NL",1996,"49",49,0.00314,FALSE,"observed"
"NL",1996,"50",50,0.0034,FALSE,"observed"
"NL",1996,"51",51,0.00388,FALSE,"observed"
"NL",1996,"52",52,0.00432,FALSE,"observed"
"NL",1996,"53",53,0.0045,FALSE,"observed"
"NL",1996,"54",54,0.00495,FALSE,"observed"
"NL",1996,"55",55,0.0052,FALSE,"observed"
"NL",1996,"56",56,0.00603,FALSE,"observed"
"NL",1996,"57",57,0.00647,FALSE,"observed"
"NL",1996,"58",58,0.00745,FALSE,"observed"
"NL",1996,"59",59,0.00793,FALSE,"observed"
"NL",1996,"60",60,0.0096,FALSE,"observed"
"NL",1996,"61",61,0.00966,FALSE,"observed"
"NL",1996,"62",62,0.01133,FALSE,"observed"
"NL",1996,"63",63,0.01275,FALSE,"observed"
"NL",1996,"64",64,0.01361,FALSE,"observed"
"NL",1996,"65",65,0.01524,FALSE,"observed"
"NL",1996,"66",66,0.01719,FALSE,"observed"
"NL",1996,"67",67,0.01937,FALSE,"observed"
"NL",1996,"68",68,0.02095,FALSE,"observed"
"NL",1996,"69",69,0.02283,FALSE,"observed"
"NL",1996,"70",70,0.02502,FALSE,"observed"
"NL",1996,"71",71,0.02838,FALSE,"observed"
"NL",1996,"72",72,0.03038,FALSE,"observed"
"NL",1996,"73",73,0.03386,FALSE,"observed"
"NL",1996,"74",74,0.03793,FALSE,"observed"
"NL",1996,"75",75,0.04164,FALSE,"observed"
"NL",1996,"76",76,0.04659,FALSE,"observed"
"NL",1996,"77",77,0.05299,FALSE,"observed"
"NL",1996,"78",78,0.05515,FALSE,"observed"
"NL",1996,"79",79,0.06397,FALSE,"observed"
"NL",1996,"80",80,0.07014,FALSE,"observed"
"NL",1996,"81",81,0.0761,FALSE,"observed"
"NL",1996,"82",82,0.08664,FALSE,"observed"
"NL",1996,"83",83,0.0981,FALSE,"observed"
"NL",1996,"84",84,0.1073,FALSE,"observed"
"NL",1996,"85",85,0.11813,FALSE,"observed"
"NL",1996,"86",86,0.13057,FALSE,"observed"
"NL",1996,"87",87,0.14625,FALSE,"observed"
"NL",1996,"88",88,0.166,FALSE,"observed"
"NL",1996,"89",89,0.18099,FALSE,"observed"
"NL",1996,"90",90,0.19726,FALSE,"observed"
"NL",1996,"91",91,0.22421,FALSE,"observed"
"NL",1996,"92",92,0.24539,FALSE,"observed"
"NL",1996,"93",93,0.26595,FALSE,"observed"
"NL",1996,"94",94,0.29831,FALSE,"observed"
"NL",1996,"95",95,0.32187,FALSE,"observed"
"NL",1996,"96",96,0.35094,FALSE,"observed"
"NL",1996,"97",97,0.38129,FALSE,"observed"
"NL",1996,"98",98,0.41272,FALSE,"observed"
"NL",1996,"99",99,0.44498,FALSE,"observed"
"NL",1996,"100",100,0.4778,FALSE,"observed"
"NL",1996,"101",101,0.5109,FALSE,"observed"
"NL",1996,"102",102,0.54398,FALSE,"observed"
"NL",1996,"103",103,0.57672,FALSE,"observed"
"NL",1996,"104",104,0.60885,FALSE,"observed"
"NL",1996,"105",105,0.64009,FALSE,"observed"
"NL",1996,"106",106,0.67021,FALSE,"observed"
"NL",1996,"107",107,0.69901,FALSE,"observed"
"NL",1996,"108",108,0.72633,FALSE,"observed"
"NL",1996,"109",109,0.75205,FALSE,"observed"
"NL",1996,"110+",110,0.77609,FALSE,"observed"
"NL",1997,"0",0,0.00502,FALSE,"observed"
"NL",1997,"1",1,0.00045,FALSE,"observed"
"NL",1997,"2",2,0.00031,FALSE,"observed"
"NL",1997,"3",3,0.00023,FALSE,"observed"
"NL",1997,"4",4,0.00015,FALSE,"observed"
"NL",1997,"5",5,0.00018,FALSE,"observed"
"NL",1997,"6",6,0.00015,FALSE,"observed"
"NL",1997,"7",7,0.00016,FALSE,"observed"
"NL",1997,"8",8,8e-05,FALSE,"observed"
"NL",1997,"9",9,0.00014,FALSE,"observed"
"NL",1997,"10",10,0.00012,FALSE,"observed"
"NL",1997,"11",11,9e-05,FALSE,"observed"
"NL",1997,"12",12,0.00018,FALSE,"observed"
"NL",1997,"13",13,0.00014,FALSE,"observed"
"NL",1997,"14",14,0.00021,FALSE,"observed"
"NL",1997,"15",15,0.00024,FALSE,"observed"
"NL",1997,"16",16,3e-04,FALSE,"observed"
"NL",1997,"17",17,0.00032,FALSE,"observed"
"NL",1997,"18",18,4e-04,FALSE,"observed"
"NL",1997,"19",19,0.00047,FALSE,"observed"
"NL",1997,"20",20,0.00049,FALSE,"observed"
"NL",1997,"21",21,0.00042,FALSE,"observed"
"NL",1997,"22",22,0.00049,FALSE,"observed"
"NL",1997,"23",23,0.00045,FALSE,"observed"
"NL",1997,"24",24,0.00053,FALSE,"observed"
"NL",1997,"25",25,0.00059,FALSE,"observed"
"NL",1997,"26",26,0.00049,FALSE,"observed"
"NL",1997,"27",27,0.00053,FALSE,"observed"
"NL",1997,"28",28,0.00055,FALSE,"observed"
"NL",1997,"29",29,0.00052,FALSE,"observed"
"NL",1997,"30",30,0.00057,FALSE,"observed"
"NL",1997,"31",31,0.00064,FALSE,"observed"
"NL",1997,"32",32,0.00066,FALSE,"observed"
"NL",1997,"33",33,0.00075,FALSE,"observed"
"NL",1997,"34",34,0.00071,FALSE,"observed"
"NL",1997,"35",35,0.00074,FALSE,"observed"
"NL",1997,"36",36,0.00091,FALSE,"observed"
"NL",1997,"37",37,0.00098,FALSE,"observed"
"NL",1997,"38",38,0.00104,FALSE,"observed"
"NL",1997,"39",39,0.00121,FALSE,"observed"
"NL",1997,"40",40,0.00127,FALSE,"observed"
"NL",1997,"41",41,0.00138,FALSE,"observed"
"NL",1997,"42",42,0.00154,FALSE,"observed"
"NL",1997,"43",43,0.00178,FALSE,"observed"
"NL",1997,"44",44,0.00191,FALSE,"observed"
"NL",1997,"45",45,0.00201,FALSE,"observed"
"NL",1997,"46",46,0.00233,FALSE,"observed"
"NL",1997,"47",47,0.00242,FALSE,"observed"
"NL",1997,"48",48,0.0027,FALSE,"observed"
"NL",1997,"49",49,0.00305,FALSE,"observed"
"NL",1997,"50",50,0.00315,FALSE,"observed"
"NL",1997,"51",51,0.00352,FALSE,"observed"
"NL",1997,"52",52,0.00419,FALSE,"observed"
"NL",1997,"53",53,0.00434,FALSE,"observed"
"NL",1997,"54",54,0.00499,FALSE,"observed"
"NL",1997,"55",55,0.00527,FALSE,"observed"
"NL",1997,"56",56,0.00569,FALSE,"observed"
"NL",1997,"57",57,0.00667,FALSE,"observed"
"NL",1997,"58",58,0.00762,FALSE,"observed"
"NL",1997,"59",59,0.00786,FALSE,"observed"
"NL",1997,"60",60,0.00867,FALSE,"observed"
"NL",1997,"61",61,0.00988,FALSE,"observed"
"NL",1997,"62",62,0.01078,FALSE,"observed"
"NL",1997,"63",63,0.0118,FALSE,"observed"
"NL",1997,"64",64,0.01382,FALSE,"observed"
"NL",1997,"65",65,0.01506,FALSE,"observed"
"NL",1997,"66",66,0.01651,FALSE,"observed"
"NL",1997,"67",67,0.01816,FALSE,"observed"
"NL",1997,"68",68,0.01977,FALSE,"observed"
"NL",1997,"69",69,0.02237,FALSE,"observed"
"NL",1997,"70",70,0.02451,FALSE,"observed"
"NL",1997,"71",71,0.02715,FALSE,"observed"
"NL",1997,"72",72,0.02937,FALSE,"observed"
"NL",1997,"73",73,0.03234,FALSE,"observed"
"NL",1997,"74",74,0.03715,FALSE,"observed"
"NL",1997,"75",75,0.04061,FALSE,"observed"
"NL",1997,"76",76,0.04284,FALSE,"observed"
"NL",1997,"77",77,0.04931,FALSE,"observed"
"NL",1997,"78",78,0.0561,FALSE,"observed"
"NL",1997,"79",79,0.06085,FALSE,"observed"
"NL",1997,"80",80,0.0693,FALSE,"observed"
"NL",1997,"81",81,0.07704,FALSE,"observed"
"NL",1997,"82",82,0.08337,FALSE,"observed"
"NL",1997,"83",83,0.09445,FALSE,"observed"
"NL",1997,"84",84,0.10522,FALSE,"observed"
"NL",1997,"85",85,0.11235,FALSE,"observed"
"NL",1997,"86",86,0.12692,FALSE,"observed"
"NL",1997,"87",87,0.14532,FALSE,"observed"
"NL",1997,"88",88,0.1627,FALSE,"observed"
"NL",1997,"89",89,0.18018,FALSE,"observed"
"NL",1997,"90",90,0.19196,FALSE,"observed"
"NL",1997,"91",91,0.22123,FALSE,"observed"
"NL",1997,"92",92,0.23525,FALSE,"observed"
"NL",1997,"93",93,0.26883,FALSE,"observed"
"NL",1997,"94",94,0.29737,FALSE,"observed"
"NL",1997,"95",95,0.31887,FALSE,"observed"
"NL",1997,"96",96,0.34808,FALSE,"observed"
"NL",1997,"97",97,0.37862,FALSE,"observed"
"NL",1997,"98",98,0.41027,FALSE,"observed"
"NL",1997,"99",99,0.44281,FALSE,"observed"
"NL",1997,"100",100,0.47594,FALSE,"observed"
"NL",1997,"101",101,0.50937,FALSE,"observed"
"NL",1997,"102",102,0.5428,FALSE,"observed"
"NL",1997,"103",103,0.5759,FALSE,"observed"
"NL",1997,"104",104,0.60839,FALSE,"observed"
"NL",1997,"105",105,0.63998,FALSE,"observed"
"NL",1997,"106",106,0.67044,FALSE,"observed"
"NL",1997,"107",107,0.69955,FALSE,"observed"
"NL",1997,"108",108,0.72715,FALSE,"observed"
"NL",1997,"109",109,0.75311,FALSE,"observed"
"NL",1997,"110+",110,0.77737,FALSE,"observed"
"NL",1998,"0",0,0.00531,FALSE,"observed"
"NL",1998,"1",1,0.00044,FALSE,"observed"
"NL",1998,"2",2,3e-04,FALSE,"observed"
"NL",1998,"3",3,0.00021,FALSE,"observed"
"NL",1998,"4",4,0.00014,FALSE,"observed"
"NL",1998,"5",5,0.00017,FALSE,"observed"
"NL",1998,"6",6,1e-04,FALSE,"observed"
"NL",1998,"7",7,0.00012,FALSE,"observed"
"NL",1998,"8",8,0.00014,FALSE,"observed"
"NL",1998,"9",9,1e-04,FALSE,"observed"
"NL",1998,"10",10,0.00011,FALSE,"observed"
"NL",1998,"11",11,9e-05,FALSE,"observed"
"NL",1998,"12",12,0.00014,FALSE,"observed"
"NL",1998,"13",13,0.00016,FALSE,"observed"
"NL",1998,"14",14,0.00019,FALSE,"observed"
"NL",1998,"15",15,0.00022,FALSE,"observed"
"NL",1998,"16",16,0.00038,FALSE,"observed"
"NL",1998,"17",17,3e-04,FALSE,"observed"
"NL",1998,"18",18,0.00044,FALSE,"observed"
"NL",1998,"19",19,0.00046,FALSE,"observed"
"NL",1998,"20",20,0.00054,FALSE,"observed"
"NL",1998,"21",21,0.00047,FALSE,"observed"
"NL",1998,"22",22,0.00037,FALSE,"observed"
"NL",1998,"23",23,0.00052,FALSE,"observed"
"NL",1998,"24",24,0.00043,FALSE,"observed"
"NL",1998,"25",25,0.00044,FALSE,"observed"
"NL",1998,"26",26,0.00052,FALSE,"observed"
"NL",1998,"27",27,0.00055,FALSE,"observed"
"NL",1998,"28",28,0.00052,FALSE,"observed"
"NL",1998,"29",29,0.00055,FALSE,"observed"
"NL",1998,"30",30,0.00054,FALSE,"observed"
"NL",1998,"31",31,0.00053,FALSE,"observed"
"NL",1998,"32",32,0.00066,FALSE,"observed"
"NL",1998,"33",33,0.00069,FALSE,"observed"
"NL",1998,"34",34,7e-04,FALSE,"observed"
"NL",1998,"35",35,0.00063,FALSE,"observed"
"NL",1998,"36",36,0.00081,FALSE,"observed"
"NL",1998,"37",37,0.00082,FALSE,"observed"
"NL",1998,"38",38,0.00099,FALSE,"observed"
"NL",1998,"39",39,0.00109,FALSE,"observed"
"NL",1998,"40",40,0.00123,FALSE,"observed"
"NL",1998,"41",41,0.00139,FALSE,"observed"
"NL",1998,"42",42,0.00166,FALSE,"observed"
"NL",1998,"43",43,0.00164,FALSE,"observed"
"NL",1998,"44",44,0.00202,FALSE,"observed"
"NL",1998,"45",45,0.00198,FALSE,"observed"
"NL",1998,"46",46,0.00219,FALSE,"observed"
"NL",1998,"47",47,0.00258,FALSE,"observed"
"NL",1998,"48",48,0.00272,FALSE,"observed"
"NL",1998,"49",49,0.00311,FALSE,"observed"
"NL",1998,"50",50,0.0033,FALSE,"observed"
"NL",1998,"51",51,0.00372,FALSE,"observed"
"NL",1998,"52",52,0.00419,FALSE,"observed"
"NL",1998,"53",53,0.00461,FALSE,"observed"
"NL",1998,"54",54,0.00483,FALSE,"observed"
"NL",1998,"55",55,0.00534,FALSE,"observed"
"NL",1998,"56",56,0.00563,FALSE,"observed"
"NL",1998,"57",57,0.00607,FALSE,"observed"
"NL",1998,"58",58,0.00701,FALSE,"observed"
"NL",1998,"59",59,0.00766,FALSE,"observed"
"NL",1998,"60",60,0.00851,FALSE,"observed"
"NL",1998,"61",61,0.00978,FALSE,"observed"
"NL",1998,"62",62,0.01132,FALSE,"observed"
"NL",1998,"63",63,0.01201,FALSE,"observed"
"NL",1998,"64",64,0.01333,FALSE,"observed"
"NL",1998,"65",65,0.01481,FALSE,"observed"
"NL",1998,"66",66,0.01651,FALSE,"observed"
"NL",1998,"67",67,0.01859,FALSE,"observed"
"NL",1998,"68",68,0.0202,FALSE,"observed"
"NL",1998,"69",69,0.02192,FALSE,"observed"
"NL",1998,"70",70,0.02309,FALSE,"observed"
"NL",1998,"71",71,0.02675,FALSE,"observed"
"NL",1998,"72",72,0.02987,FALSE,"observed"
"NL",1998,"73",73,0.03319,FALSE,"observed"
"NL",1998,"74",74,0.03617,FALSE,"observed"
"NL",1998,"75",75,0.03941,FALSE,"observed"
"NL",1998,"76",76,0.04356,FALSE,"observed"
"NL",1998,"77",77,0.04871,FALSE,"observed"
"NL",1998,"78",78,0.05399,FALSE,"observed"
"NL",1998,"79",79,0.0603,FALSE,"observed"
"NL",1998,"80",80,0.06708,FALSE,"observed"
"NL",1998,"81",81,0.0759,FALSE,"observed"
"NL",1998,"82",82,0.08459,FALSE,"observed"
"NL",1998,"83",83,0.0945,FALSE,"observed"
"NL",1998,"84",84,0.10308,FALSE,"observed"
"NL",1998,"85",85,0.11744,FALSE,"observed"
"NL",1998,"86",86,0.13138,FALSE,"observed"
"NL",1998,"87",87,0.14104,FALSE,"observed"
"NL",1998,"88",88,0.16187,FALSE,"observed"
"NL",1998,"89",89,0.18079,FALSE,"observed"
"NL",1998,"90",90,0.20317,FALSE,"observed"
"NL",1998,"91",91,0.21976,FALSE,"observed"
"NL",1998,"92",92,0.24206,FALSE,"observed"
"NL",1998,"93",93,0.26345,FALSE,"observed"
"NL",1998,"94",94,0.28208,FALSE,"observed"
"NL",1998,"95",95,0.32201,FALSE,"observed"
"NL",1998,"96",96,0.35157,FALSE,"observed"
"NL",1998,"97",97,0.38246,FALSE,"observed"
"NL",1998,"98",98,0.41447,FALSE,"observed"
"NL",1998,"99",99,0.44733,FALSE,"observed"
"NL",1998,"100",100,0.48078,FALSE,"observed"
"NL",1998,"101",101,0.5145,FALSE,"observed"
"NL",1998,"102",102,0.54817,FALSE,"observed"
"NL",1998,"103",103,0.58149,FALSE,"observed"
"NL",1998,"104",104,0.61414,FALSE,"observed"
"NL",1998,"105",105,0.64585,FALSE,"observed"
"NL",1998,"106",106,0.67638,FALSE,"observed"
"NL",1998,"107",107,0.70551,FALSE,"observed"
"NL",1998,"108",108,0.73309,FALSE,"observed"
"NL",1998,"109",109,0.75899,FALSE,"observed"
"NL",1998,"110+",110,0.78314,FALSE,"observed"
"NL",1999,"0",0,0.00521,FALSE,"observed"
"NL",1999,"1",1,0.00043,FALSE,"observed"
"NL",1999,"2",2,0.00033,FALSE,"observed"
"NL",1999,"3",3,0.00019,FALSE,"observed"
"NL",1999,"4",4,0.00017,FALSE,"observed"
"NL",1999,"5",5,0.00016,FALSE,"observed"
"NL",1999,"6",6,0.00015,FALSE,"observed"
"NL",1999,"7",7,0.00014,FALSE,"observed"
"NL",1999,"8",8,0.00013,FALSE,"observed"
"NL",1999,"9",9,0.00011,FALSE,"observed"
"NL",1999,"10",10,0.00012,FALSE,"observed"
"NL",1999,"11",11,8e-05,FALSE,"observed"
"NL",1999,"12",12,0.00016,FALSE,"observed"
"NL",1999,"13",13,0.00019,FALSE,"observed"
"NL",1999,"14",14,0.00026,FALSE,"observed"
"NL",1999,"15",15,0.00021,FALSE,"observed"
"NL",1999,"16",16,0.00034,FALSE,"observed"
"NL",1999,"17",17,0.00044,FALSE,"observed"
"NL",1999,"18",18,0.00031,FALSE,"observed"
"NL",1999,"19",19,0.00048,FALSE,"observed"
"NL",1999,"20",20,4e-04,FALSE,"observed"
"NL",1999,"21",21,0.00047,FALSE,"observed"
"NL",1999,"22",22,0.00049,FALSE,"observed"
"NL",1999,"23",23,0.00048,FALSE,"observed"
"NL",1999,"24",24,0.00052,FALSE,"observed"
"NL",1999,"25",25,0.00048,FALSE,"observed"
"NL",1999,"26",26,0.00054,FALSE,"observed"
"NL",1999,"27",27,0.00057,FALSE,"observed"
"NL",1999,"28",28,0.00049,FALSE,"observed"
"NL",1999,"29",29,0.00051,FALSE,"observed"
"NL",1999,"30",30,0.00055,FALSE,"observed"
"NL",1999,"31",31,6e-04,FALSE,"observed"
"NL",1999,"32",32,0.00058,FALSE,"observed"
"NL",1999,"33",33,0.00068,FALSE,"observed"
"NL",1999,"34",34,0.00075,FALSE,"observed"
"NL",1999,"35",35,0.00074,FALSE,"observed"
"NL",1999,"36",36,0.00089,FALSE,"observed"
"NL",1999,"37",37,0.00085,FALSE,"observed"
"NL",1999,"38",38,0.00119,FALSE,"observed"
"NL",1999,"39",39,0.00126,FALSE,"observed"
"NL",1999,"40",40,0.00136,FALSE,"observed"
"NL",1999,"41",41,0.00137,FALSE,"observed"
"NL",1999,"42",42,0.00165,FALSE,"observed"
"NL",1999,"43",43,0.00163,FALSE,"observed"
"NL",1999,"44",44,0.00186,FALSE,"observed"
"NL",1999,"45",45,0.00207,FALSE,"observed"
"NL",1999,"46",46,0.00232,FALSE,"observed"
"NL",1999,"47",47,0.0027,FALSE,"observed"
"NL",1999,"48",48,0.00267,FALSE,"observed"
"NL",1999,"49",49,0.00318,FALSE,"observed"
"NL",1999,"50",50,0.00346,FALSE,"observed"
"NL",1999,"51",51,0.00366,FALSE,"observed"
"NL",1999,"52",52,0.00414,FALSE,"observed"
"NL",1999,"53",53,0.00426,FALSE,"observed"
"NL",1999,"54",54,0.00483,FALSE,"observed"
"NL",1999,"55",55,0.00573,FALSE,"observed"
"NL",1999,"56",56,0.00566,FALSE,"observed"
"NL",1999,"57",57,0.00633,FALSE,"observed"
"NL",1999,"58",58,0.00687,FALSE,"observed"
"NL",1999,"59",59,0.00743,FALSE,"observed"
"NL",1999,"60",60,0.00862,FALSE,"observed"
"NL",1999,"61",61,0.00995,FALSE,"observed"
"NL",1999,"62",62,0.00988,FALSE,"observed"
"NL",1999,"63",63,0.01169,FALSE,"observed"
"NL",1999,"64",64,0.01364,FALSE,"observed"
"NL",1999,"65",65,0.01432,FALSE,"observed"
"NL",1999,"66",66,0.01608,FALSE,"observed"
"NL",1999,"67",67,0.01719,FALSE,"observed"
"NL",1999,"68",68,0.02069,FALSE,"observed"
"NL",1999,"69",69,0.02177,FALSE,"observed"
"NL",1999,"70",70,0.02369,FALSE,"observed"
"NL",1999,"71",71,0.02717,FALSE,"observed"
"NL",1999,"72",72,0.02886,FALSE,"observed"
"NL",1999,"73",73,0.03271,FALSE,"observed"
"NL",1999,"74",74,0.03614,FALSE,"observed"
"NL",1999,"75",75,0.03997,FALSE,"observed"
"NL",1999,"76",76,0.04361,FALSE,"observed"
"NL",1999,"77",77,0.04996,FALSE,"observed"
"NL",1999,"78",78,0.05529,FALSE,"observed"
"NL",1999,"79",79,0.05907,FALSE,"observed"
"NL",1999,"80",80,0.067,FALSE,"observed"
"NL",1999,"81",81,0.07663,FALSE,"observed"
"NL",1999,"82",82,0.08657,FALSE,"observed"
"NL",1999,"83",83,0.09181,FALSE,"observed"
"NL",1999,"84",84,0.10579,FALSE,"observed"
"NL",1999,"85",85,0.1167,FALSE,"observed"
"NL",1999,"86",86,0.13089,FALSE,"observed"
"NL",1999,"87",87,0.14923,FALSE,"observed"
"NL",1999,"88",88,0.15859,FALSE,"observed"
"NL",1999,"89",89,0.18443,FALSE,"observed"
"NL",1999,"90",90,0.20318,FALSE,"observed"
"NL",1999,"91",91,0.22791,FALSE,"observed"
"NL",1999,"92",92,0.255,FALSE,"observed"
"NL",1999,"93",93,0.27287,FALSE,"observed"
"NL",1999,"94",94,0.29912,FALSE,"observed"
"NL",1999,"95",95,0.33269,FALSE,"observed"
"NL",1999,"96",96,0.36347,FALSE,"observed"
"NL",1999,"97",97,0.39556,FALSE,"observed"
"NL",1999,"98",98,0.4287,FALSE,"observed"
"NL",1999,"99",99,0.46262,FALSE,"observed"
"NL",1999,"100",100,0.49701,FALSE,"observed"
"NL",1999,"101",101,0.53152,FALSE,"observed"
"NL",1999,"102",102,0.56583,FALSE,"observed"
"NL",1999,"103",103,0.59959,FALSE,"observed"
"NL",1999,"104",104,0.6325,FALSE,"observed"
"NL",1999,"105",105,0.66429,FALSE,"observed"
"NL",1999,"106",106,0.69469,FALSE,"observed"
"NL",1999,"107",107,0.72354,FALSE,"observed"
"NL",1999,"108",108,0.75066,FALSE,"observed"
"NL",1999,"109",109,0.77598,FALSE,"observed"
"NL",1999,"110+",110,0.79944,FALSE,"observed"
"NL",2000,"0",0,0.00517,FALSE,"observed"
"NL",2000,"1",1,0.00046,FALSE,"observed"
"NL",2000,"2",2,3e-04,FALSE,"observed"
"NL",2000,"3",3,0.00017,FALSE,"observed"
"NL",2000,"4",4,0.00018,FALSE,"observed"
"NL",2000,"5",5,0.00013,FALSE,"observed"
"NL",2000,"6",6,0.00014,FALSE,"observed"
"NL",2000,"7",7,0.00012,FALSE,"observed"
"NL",2000,"8",8,0.00011,FALSE,"observed"
"NL",2000,"9",9,0.00015,FALSE,"observed"
"NL",2000,"10",10,0.00013,FALSE,"observed"
"NL",2000,"11",11,1e-04,FALSE,"observed"
"NL",2000,"12",12,0.00015,FALSE,"observed"
"NL",2000,"13",13,0.00018,FALSE,"observed"
"NL",2000,"14",14,0.00013,FALSE,"observed"
"NL",2000,"15",15,0.00023,FALSE,"observed"
"NL",2000,"16",16,0.00033,FALSE,"observed"
"NL",2000,"17",17,0.00039,FALSE,"observed"
"NL",2000,"18",18,0.00049,FALSE,"observed"
"NL",2000,"19",19,0.00051,FALSE,"observed"
"NL",2000,"20",20,0.00049,FALSE,"observed"
"NL",2000,"21",21,0.00056,FALSE,"observed"
"NL",2000,"22",22,0.00048,FALSE,"observed"
"NL",2000,"23",23,0.00046,FALSE,"observed"
"NL",2000,"24",24,0.00049,FALSE,"observed"
"NL",2000,"25",25,0.00048,FALSE,"observed"
"NL",2000,"26",26,0.00051,FALSE,"observed"
"NL",2000,"27",27,0.00044,FALSE,"observed"
"NL",2000,"28",28,0.00047,FALSE,"observed"
"NL",2000,"29",29,0.00046,FALSE,"observed"
"NL",2000,"30",30,5e-04,FALSE,"observed"
"NL",2000,"31",31,0.00059,FALSE,"observed"
"NL",2000,"32",32,0.00061,FALSE,"observed"
"NL",2000,"33",33,0.00066,FALSE,"observed"
"NL",2000,"34",34,0.00067,FALSE,"observed"
"NL",2000,"35",35,0.00075,FALSE,"observed"
"NL",2000,"36",36,8e-04,FALSE,"observed"
"NL",2000,"37",37,0.00096,FALSE,"observed"
"NL",2000,"38",38,0.00098,FALSE,"observed"
"NL",2000,"39",39,0.00103,FALSE,"observed"
"NL",2000,"40",40,0.00128,FALSE,"observed"
"NL",2000,"41",41,0.00141,FALSE,"observed"
"NL",2000,"42",42,0.0015,FALSE,"observed"
"NL",2000,"43",43,0.00173,FALSE,"observed"
"NL",2000,"44",44,0.00202,FALSE,"observed"
"NL",2000,"45",45,0.00217,FALSE,"observed"
"NL",2000,"46",46,0.00232,FALSE,"observed"
"NL",2000,"47",47,0.00283,FALSE,"observed"
"NL",2000,"48",48,0.0027,FALSE,"observed"
"NL",2000,"49",49,0.00311,FALSE,"observed"
"NL",2000,"50",50,0.00307,FALSE,"observed"
"NL",2000,"51",51,0.00348,FALSE,"observed"
"NL",2000,"52",52,0.00406,FALSE,"observed"
"NL",2000,"53",53,0.00439,FALSE,"observed"
"NL",2000,"54",54,0.00462,FALSE,"observed"
"NL",2000,"55",55,0.00538,FALSE,"observed"
"NL",2000,"56",56,0.0063,FALSE,"observed"
"NL",2000,"57",57,0.00645,FALSE,"observed"
"NL",2000,"58",58,0.00705,FALSE,"observed"
"NL",2000,"59",59,0.00756,FALSE,"observed"
"NL",2000,"60",60,0.00831,FALSE,"observed"
"NL",2000,"61",61,0.00923,FALSE,"observed"
"NL",2000,"62",62,0.00975,FALSE,"observed"
"NL",2000,"63",63,0.01154,FALSE,"observed"
"NL",2000,"64",64,0.01289,FALSE,"observed"
"NL",2000,"65",65,0.01401,FALSE,"observed"
"NL",2000,"66",66,0.01602,FALSE,"observed"
"NL",2000,"67",67,0.01735,FALSE,"observed"
"NL",2000,"68",68,0.0193,FALSE,"observed"
"NL",2000,"69",69,0.02047,FALSE,"observed"
"NL",2000,"70",70,0.02387,FALSE,"observed"
"NL",2000,"71",71,0.02562,FALSE,"observed"
"NL",2000,"72",72,0.02919,FALSE,"observed"
"NL",2000,"73",73,0.03129,FALSE,"observed"
"NL",2000,"74",74,0.03514,FALSE,"observed"
"NL",2000,"75",75,0.03958,FALSE,"observed"
"NL",2000,"76",76,0.04315,FALSE,"observed"
"NL",2000,"77",77,0.04698,FALSE,"observed"
"NL",2000,"78",78,0.05434,FALSE,"observed"
"NL",2000,"79",79,0.06124,FALSE,"observed"
"NL",2000,"80",80,0.06668,FALSE,"observed"
"NL",2000,"81",81,0.07633,FALSE,"observed"
"NL",2000,"82",82,0.08339,FALSE,"observed"
"NL",2000,"83",83,0.09637,FALSE,"observed"
"NL",2000,"84",84,0.10752,FALSE,"observed"
"NL",2000,"85",85,0.11695,FALSE,"observed"
"NL",2000,"86",86,0.12906,FALSE,"observed"
"NL",2000,"87",87,0.14826,FALSE,"observed"
"NL",2000,"88",88,0.16115,FALSE,"observed"
"NL",2000,"89",89,0.17455,FALSE,"observed"
"NL",2000,"90",90,0.20052,FALSE,"observed"
"NL",2000,"91",91,0.22056,FALSE,"observed"
"NL",2000,"92",92,0.24938,FALSE,"observed"
"NL",2000,"93",93,0.25909,FALSE,"observed"
"NL",2000,"94",94,0.29569,FALSE,"observed"
"NL",2000,"95",95,0.32214,FALSE,"observed"
"NL",2000,"96",96,0.35159,FALSE,"observed"
"NL",2000,"97",97,0.38235,FALSE,"observed"
"NL",2000,"98",98,0.41423,FALSE,"observed"
"NL",2000,"99",99,0.44696,FALSE,"observed"
"NL",2000,"100",100,0.48027,FALSE,"observed"
"NL",2000,"101",101,0.51387,FALSE,"observed"
"NL",2000,"102",102,0.54744,FALSE,"observed"
"NL",2000,"103",103,0.58066,FALSE,"observed"
"NL",2000,"104",104,0.61323,FALSE,"observed"
"NL",2000,"105",105,0.64489,FALSE,"observed"
"NL",2000,"106",106,0.67538,FALSE,"observed"
"NL",2000,"107",107,0.7045,FALSE,"observed"
"NL",2000,"108",108,0.73207,FALSE,"observed"
"NL",2000,"109",109,0.75799,FALSE,"observed"
"NL",2000,"110+",110,0.78218,FALSE,"observed"
"NL",2001,"0",0,0.00529,FALSE,"observed"
"NL",2001,"1",1,0.00041,FALSE,"observed"
"NL",2001,"2",2,0.00022,FALSE,"observed"
"NL",2001,"3",3,0.00023,FALSE,"observed"
"NL",2001,"4",4,0.00018,FALSE,"observed"
"NL",2001,"5",5,0.00015,FALSE,"observed"
"NL",2001,"6",6,0.00012,FALSE,"observed"
"NL",2001,"7",7,0.00011,FALSE,"observed"
"NL",2001,"8",8,1e-04,FALSE,"observed"
"NL",2001,"9",9,0.00011,FALSE,"observed"
"NL",2001,"10",10,0.00014,FALSE,"observed"
"NL",2001,"11",11,0.00016,FALSE,"observed"
"NL",2001,"12",12,0.00018,FALSE,"observed"
"NL",2001,"13",13,0.00015,FALSE,"observed"
"NL",2001,"14",14,0.00022,FALSE,"observed"
"NL",2001,"15",15,0.00027,FALSE,"observed"
"NL",2001,"16",16,0.00035,FALSE,"observed"
"NL",2001,"17",17,0.00033,FALSE,"observed"
"NL",2001,"18",18,0.00033,FALSE,"observed"
"NL",2001,"19",19,0.00045,FALSE,"observed"
"NL",2001,"20",20,0.00042,FALSE,"observed"
"NL",2001,"21",21,0.00039,FALSE,"observed"
"NL",2001,"22",22,5e-04,FALSE,"observed"
"NL",2001,"23",23,0.00047,FALSE,"observed"
"NL",2001,"24",24,0.00043,FALSE,"observed"
"NL",2001,"25",25,0.00047,FALSE,"observed"
"NL",2001,"26",26,0.00044,FALSE,"observed"
"NL",2001,"27",27,0.00047,FALSE,"observed"
"NL",2001,"28",28,0.00047,FALSE,"observed"
"NL",2001,"29",29,0.00055,FALSE,"observed"
"NL",2001,"30",30,0.00062,FALSE,"observed"
"NL",2001,"31",31,6e-04,FALSE,"observed"
"NL",2001,"32",32,0.00057,FALSE,"observed"
"NL",2001,"33",33,0.00058,FALSE,"observed"
"NL",2001,"34",34,0.00079,FALSE,"observed"
"NL",2001,"35",35,0.00075,FALSE,"observed"
"NL",2001,"36",36,0.00075,FALSE,"observed"
"NL",2001,"37",37,9e-04,FALSE,"observed"
"NL",2001,"38",38,0.00103,FALSE,"observed"
"NL",2001,"39",39,0.00106,FALSE,"observed"
"NL",2001,"40",40,0.00109,FALSE,"observed"
"NL",2001,"41",41,0.00131,FALSE,"observed"
"NL",2001,"42",42,0.0015,FALSE,"observed"
"NL",2001,"43",43,0.0016,FALSE,"observed"
"NL",2001,"44",44,0.00183,FALSE,"observed"
"NL",2001,"45",45,0.0021,FALSE,"observed"
"NL",2001,"46",46,0.00227,FALSE,"observed"
"NL",2001,"47",47,0.00285,FALSE,"observed"
"NL",2001,"48",48,0.00261,FALSE,"observed"
"NL",2001,"49",49,0.00298,FALSE,"observed"
"NL",2001,"50",50,0.00327,FALSE,"observed"
"NL",2001,"51",51,0.00372,FALSE,"observed"
"NL",2001,"52",52,0.00396,FALSE,"observed"
"NL",2001,"53",53,0.00439,FALSE,"observed"
"NL",2001,"54",54,0.00458,FALSE,"observed"
"NL",2001,"55",55,0.00479,FALSE,"observed"
"NL",2001,"56",56,0.00592,FALSE,"observed"
"NL",2001,"57",57,0.00655,FALSE,"observed"
"NL",2001,"58",58,0.00713,FALSE,"observed"
"NL",2001,"59",59,0.00747,FALSE,"observed"
"NL",2001,"60",60,0.00803,FALSE,"observed"
"NL",2001,"61",61,0.00896,FALSE,"observed"
"NL",2001,"62",62,0.00947,FALSE,"observed"
"NL",2001,"63",63,0.01108,FALSE,"observed"
"NL",2001,"64",64,0.01219,FALSE,"observed"
"NL",2001,"65",65,0.01295,FALSE,"observed"
"NL",2001,"66",66,0.01508,FALSE,"observed"
"NL",2001,"67",67,0.01689,FALSE,"observed"
"NL",2001,"68",68,0.01925,FALSE,"observed"
"NL",2001,"69",69,0.02049,FALSE,"observed"
"NL",2001,"70",70,0.02329,FALSE,"observed"
"NL",2001,"71",71,0.02494,FALSE,"observed"
"NL",2001,"72",72,0.02926,FALSE,"observed"
"NL",2001,"73",73,0.03209,FALSE,"observed"
"NL",2001,"74",74,0.03383,FALSE,"observed"
"NL",2001,"75",75,0.03919,FALSE,"observed"
"NL",2001,"76",76,0.04285,FALSE,"observed"
"NL",2001,"77",77,0.04859,FALSE,"observed"
"NL",2001,"78",78,0.05255,FALSE,"observed"
"NL",2001,"79",79,0.05831,FALSE,"observed"
"NL",2001,"80",80,0.06452,FALSE,"observed"
"NL",2001,"81",81,0.07401,FALSE,"observed"
"NL",2001,"82",82,0.08154,FALSE,"observed"
"NL",2001,"83",83,0.09392,FALSE,"observed"
"NL",2001,"84",84,0.10292,FALSE,"observed"
"NL",2001,"85",85,0.11395,FALSE,"observed"
"NL",2001,"86",86,0.12805,FALSE,"observed"
"NL",2001,"87",87,0.14189,FALSE,"observed"
"NL",2001,"88",88,0.16059,FALSE,"observed"
"NL",2001,"89",89,0.17931,FALSE,"observed"
"NL",2001,"90",90,0.20055,FALSE,"observed"
"NL",2001,"91",91,0.21926,FALSE,"observed"
"NL",2001,"92",92,0.23439,FALSE,"observed"
"NL",2001,"93",93,0.26975,FALSE,"observed"
"NL",2001,"94",94,0.30211,FALSE,"observed"
"NL",2001,"95",95,0.32459,FALSE,"observed"
"NL",2001,"96",96,0.35486,FALSE,"observed"
"NL",2001,"97",97,0.38649,FALSE,"observed"
"NL",2001,"98",98,0.41924,FALSE,"observed"
"NL",2001,"99",99,0.45285,FALSE,"observed"
"NL",2001,"100",100,0.487,FALSE,"observed"
"NL",2001,"101",101,0.52139,FALSE,"observed"
"NL",2001,"102",102,0.55568,FALSE,"observed"
"NL",2001,"103",103,0.58952,FALSE,"observed"
"NL",2001,"104",104,0.62262,FALSE,"observed"
"NL",2001,"105",105,0.65468,FALSE,"observed"
"NL",2001,"106",106,0.68544,FALSE,"observed"
"NL",2001,"107",107,0.7147,FALSE,"observed"
"NL",2001,"108",108,0.74231,FALSE,"observed"
"NL",2001,"109",109,0.76815,FALSE,"observed"
"NL",2001,"110+",110,0.79215,FALSE,"observed"
"NL",2002,"0",0,0.005,FALSE,"observed"
"NL",2002,"1",1,0.00042,FALSE,"observed"
"NL",2002,"2",2,3e-04,FALSE,"observed"
"NL",2002,"3",3,0.00019,FALSE,"observed"
"NL",2002,"4",4,0.00016,FALSE,"observed"
"NL",2002,"5",5,0.00014,FALSE,"observed"
"NL",2002,"6",6,0.00012,FALSE,"observed"
"NL",2002,"7",7,9e-05,FALSE,"observed"
"NL",2002,"8",8,1e-04,FALSE,"observed"
"NL",2002,"9",9,0.00012,FALSE,"observed"
"NL",2002,"10",10,0.00014,FALSE,"observed"
"NL",2002,"11",11,8e-05,FALSE,"observed"
"NL",2002,"12",12,0.00015,FALSE,"observed"
"NL",2002,"13",13,0.00017,FALSE,"observed"
"NL",2002,"14",14,0.00016,FALSE,"observed"
"NL",2002,"15",15,0.00023,FALSE,"observed"
"NL",2002,"16",16,0.00032,FALSE,"observed"
"NL",2002,"17",17,0.00034,FALSE,"observed"
"NL",2002,"18",18,0.00045,FALSE,"observed"
"NL",2002,"19",19,0.00053,FALSE,"observed"
"NL",2002,"20",20,0.00045,FALSE,"observed"
"NL",2002,"21",21,0.00039,FALSE,"observed"
"NL",2002,"22",22,0.00041,FALSE,"observed"
"NL",2002,"23",23,0.00043,FALSE,"observed"
"NL",2002,"24",24,0.00052,FALSE,"observed"
"NL",2002,"25",25,0.00043,FALSE,"observed"
"NL",2002,"26",26,5e-04,FALSE,"observed"
"NL",2002,"27",27,0.00044,FALSE,"observed"
"NL",2002,"28",28,5e-04,FALSE,"observed"
"NL",2002,"29",29,0.00047,FALSE,"observed"
"NL",2002,"30",30,5e-04,FALSE,"observed"
"NL",2002,"31",31,0.00061,FALSE,"observed"
"NL",2002,"32",32,0.00064,FALSE,"observed"
"NL",2002,"33",33,0.00064,FALSE,"observed"
"NL",2002,"34",34,0.00075,FALSE,"observed"
"NL",2002,"35",35,0.00076,FALSE,"observed"
"NL",2002,"36",36,0.00082,FALSE,"observed"
"NL",2002,"37",37,0.00088,FALSE,"observed"
"NL",2002,"38",38,0.00094,FALSE,"observed"
"NL",2002,"39",39,0.00111,FALSE,"observed"
"NL",2002,"40",40,0.00106,FALSE,"observed"
"NL",2002,"41",41,0.00118,FALSE,"observed"
"NL",2002,"42",42,0.00148,FALSE,"observed"
"NL",2002,"43",43,0.00146,FALSE,"observed"
"NL",2002,"44",44,0.00193,FALSE,"observed"
"NL",2002,"45",45,0.00201,FALSE,"observed"
"NL",2002,"46",46,0.00235,FALSE,"observed"
"NL",2002,"47",47,0.00255,FALSE,"observed"
"NL",2002,"48",48,0.00286,FALSE,"observed"
"NL",2002,"49",49,0.00297,FALSE,"observed"
"NL",2002,"50",50,0.00332,FALSE,"observed"
"NL",2002,"51",51,0.00344,FALSE,"observed"
"NL",2002,"52",52,0.0038,FALSE,"observed"
"NL",2002,"53",53,0.0042,FALSE,"observed"
"NL",2002,"54",54,0.00482,FALSE,"observed"
"NL",2002,"55",55,0.00527,FALSE,"observed"
"NL",2002,"56",56,0.00574,FALSE,"observed"
"NL",2002,"57",57,0.00605,FALSE,"observed"
"NL",2002,"58",58,0.00664,FALSE,"observed"
"NL",2002,"59",59,0.00712,FALSE,"observed"
"NL",2002,"60",60,0.00831,FALSE,"observed"
"NL",2002,"61",61,0.00903,FALSE,"observed"
"NL",2002,"62",62,0.00967,FALSE,"observed"
"NL",2002,"63",63,0.01127,FALSE,"observed"
"NL",2002,"64",64,0.01218,FALSE,"observed"
"NL",2002,"65",65,0.01306,FALSE,"observed"
"NL",2002,"66",66,0.01476,FALSE,"observed"
"NL",2002,"67",67,0.01618,FALSE,"observed"
"NL",2002,"68",68,0.01807,FALSE,"observed"
"NL",2002,"69",69,0.0209,FALSE,"observed"
"NL",2002,"70",70,0.02308,FALSE,"observed"
"NL",2002,"71",71,0.02462,FALSE,"observed"
"NL",2002,"72",72,0.02789,FALSE,"observed"
"NL",2002,"73",73,0.03174,FALSE,"observed"
"NL",2002,"74",74,0.0345,FALSE,"observed"
"NL",2002,"75",75,0.03747,FALSE,"observed"
"NL",2002,"76",76,0.04311,FALSE,"observed"
"NL",2002,"77",77,0.04736,FALSE,"observed"
"NL",2002,"78",78,0.05454,FALSE,"observed"
"NL",2002,"79",79,0.05834,FALSE,"observed"
"NL",2002,"80",80,0.067,FALSE,"observed"
"NL",2002,"81",81,0.07293,FALSE,"observed"
"NL",2002,"82",82,0.08034,FALSE,"observed"
"NL",2002,"83",83,0.09366,FALSE,"observed"
"NL",2002,"84",84,0.10674,FALSE,"observed"
"NL",2002,"85",85,0.11428,FALSE,"observed"
"NL",2002,"86",86,0.12584,FALSE,"observed"
"NL",2002,"87",87,0.14676,FALSE,"observed"
"NL",2002,"88",88,0.16096,FALSE,"observed"
"NL",2002,"89",89,0.17783,FALSE,"observed"
"NL",2002,"90",90,0.19889,FALSE,"observed"
"NL",2002,"91",91,0.22587,FALSE,"observed"
"NL",2002,"92",92,0.25535,FALSE,"observed"
"NL",2002,"93",93,0.27082,FALSE,"observed"
"NL",2002,"94",94,0.30033,FALSE,"observed"
"NL",2002,"95",95,0.32747,FALSE,"observed"
"NL",2002,"96",96,0.35807,FALSE,"observed"
"NL",2002,"97",97,0.39003,FALSE,"observed"
"NL",2002,"98",98,0.42311,FALSE,"observed"
"NL",2002,"99",99,0.45702,FALSE,"observed"
"NL",2002,"100",100,0.49147,FALSE,"observed"
"NL",2002,"101",101,0.52611,FALSE,"observed"
"NL",2002,"102",102,0.56061,FALSE,"observed"
"NL",2002,"103",103,0.59462,FALSE,"observed"
"NL",2002,"104",104,0.62782,FALSE,"observed"
"NL",2002,"105",105,0.65993,FALSE,"observed"
"NL",2002,"106",106,0.69069,FALSE,"observed"
"NL",2002,"107",107,0.7199,FALSE,"observed"
"NL",2002,"108",108,0.7474,FALSE,"observed"
"NL",2002,"109",109,0.77309,FALSE,"observed"
"NL",2002,"110+",110,0.79691,FALSE,"observed"
"NL",2003,"0",0,0.00475,FALSE,"observed"
"NL",2003,"1",1,0.00041,FALSE,"observed"
"NL",2003,"2",2,0.00023,FALSE,"observed"
"NL",2003,"3",3,0.00015,FALSE,"observed"
"NL",2003,"4",4,0.00017,FALSE,"observed"
"NL",2003,"5",5,0.00014,FALSE,"observed"
"NL",2003,"6",6,0.00015,FALSE,"observed"
"NL",2003,"7",7,0.00016,FALSE,"observed"
"NL",2003,"8",8,0.00016,FALSE,"observed"
"NL",2003,"9",9,0.00014,FALSE,"observed"
"NL",2003,"10",10,0.00011,FALSE,"observed"
"NL",2003,"11",11,0.00016,FALSE,"observed"
"NL",2003,"12",12,0.00014,FALSE,"observed"
"NL",2003,"13",13,0.00015,FALSE,"observed"
"NL",2003,"14",14,0.00019,FALSE,"observed"
"NL",2003,"15",15,0.00017,FALSE,"observed"
"NL",2003,"16",16,0.00031,FALSE,"observed"
"NL",2003,"17",17,3e-04,FALSE,"observed"
"NL",2003,"18",18,4e-04,FALSE,"observed"
"NL",2003,"19",19,0.00042,FALSE,"observed"
"NL",2003,"20",20,0.00034,FALSE,"observed"
"NL",2003,"21",21,4e-04,FALSE,"observed"
"NL",2003,"22",22,0.00044,FALSE,"observed"
"NL",2003,"23",23,0.00038,FALSE,"observed"
"NL",2003,"24",24,0.00042,FALSE,"observed"
"NL",2003,"25",25,0.00044,FALSE,"observed"
"NL",2003,"26",26,0.00042,FALSE,"observed"
"NL",2003,"27",27,0.00046,FALSE,"observed"
"NL",2003,"28",28,0.00053,FALSE,"observed"
"NL",2003,"29",29,0.00053,FALSE,"observed"
"NL",2003,"30",30,0.00049,FALSE,"observed"
"NL",2003,"31",31,0.00056,FALSE,"observed"
"NL",2003,"32",32,5e-04,FALSE,"observed"
"NL",2003,"33",33,0.00061,FALSE,"observed"
"NL",2003,"34",34,0.00066,FALSE,"observed"
"NL",2003,"35",35,0.00071,FALSE,"observed"
"NL",2003,"36",36,0.00075,FALSE,"observed"
"NL",2003,"37",37,8e-04,FALSE,"observed"
"NL",2003,"38",38,0.00085,FALSE,"observed"
"NL",2003,"39",39,0.00116,FALSE,"observed"
"NL",2003,"40",40,0.00122,FALSE,"observed"
"NL",2003,"41",41,0.00121,FALSE,"observed"
"NL",2003,"42",42,0.00145,FALSE,"observed"
"NL",2003,"43",43,0.00183,FALSE,"observed"
"NL",2003,"44",44,0.00175,FALSE,"observed"
"NL",2003,"45",45,0.00211,FALSE,"observed"
"NL",2003,"46",46,0.00218,FALSE,"observed"
"NL",2003,"47",47,0.00245,FALSE,"observed"
"NL",2003,"48",48,0.00269,FALSE,"observed"
"NL",2003,"49",49,0.00302,FALSE,"observed"
"NL",2003,"50",50,0.00332,FALSE,"observed"
"NL",2003,"51",51,0.00359,FALSE,"observed"
"NL",2003,"52",52,0.00408,FALSE,"observed"
"NL",2003,"53",53,0.00419,FALSE,"observed"
"NL",2003,"54",54,0.00457,FALSE,"observed"
"NL",2003,"55",55,0.00506,FALSE,"observed"
"NL",2003,"56",56,0.00529,FALSE,"observed"
"NL",2003,"57",57,0.00632,FALSE,"observed"
"NL",2003,"58",58,0.00689,FALSE,"observed"
"NL",2003,"59",59,0.00728,FALSE,"observed"
"NL",2003,"60",60,0.00827,FALSE,"observed"
"NL",2003,"61",61,0.00878,FALSE,"observed"
"NL",2003,"62",62,0.00954,FALSE,"observed"
"NL",2003,"63",63,0.01014,FALSE,"observed"
"NL",2003,"64",64,0.01141,FALSE,"observed"
"NL",2003,"65",65,0.01306,FALSE,"observed"
"NL",2003,"66",66,0.01439,FALSE,"observed"
"NL",2003,"67",67,0.01535,FALSE,"observed"
"NL",2003,"68",68,0.01786,FALSE,"observed"
"NL",2003,"69",69,0.01918,FALSE,"observed"
"NL",2003,"70",70,0.0209,FALSE,"observed"
"NL",2003,"71",71,0.02493,FALSE,"observed"
"NL",2003,"72",72,0.02789,FALSE,"observed"
"NL",2003,"73",73,0.03014,FALSE,"observed"
"NL",2003,"74",74,0.03273,FALSE,"observed"
"NL",2003,"75",75,0.03685,FALSE,"observed"
"NL",2003,"76",76,0.0414,FALSE,"observed"
"NL",2003,"77",77,0.0461,FALSE,"observed"
"NL",2003,"78",78,0.05209,FALSE,"observed"
"NL",2003,"79",79,0.05688,FALSE,"observed"
"NL",2003,"80",80,0.06431,FALSE,"observed"
"NL",2003,"81",81,0.07191,FALSE,"observed"
"NL",2003,"82",82,0.08128,FALSE,"observed"
"NL",2003,"83",83,0.08779,FALSE,"observed"
"NL",2003,"84",84,0.10183,FALSE,"observed"
"NL",2003,"85",85,0.11266,FALSE,"observed"
"NL",2003,"86",86,0.13076,FALSE,"observed"
"NL",2003,"87",87,0.14539,FALSE,"observed"
"NL",2003,"88",88,0.1646,FALSE,"observed"
"NL",2003,"89",89,0.18173,FALSE,"observed"
"NL",2003,"90",90,0.20498,FALSE,"observed"
"NL",2003,"91",91,0.21803,FALSE,"observed"
"NL",2003,"92",92,0.24642,FALSE,"observed"
"NL",2003,"93",93,0.27481,FALSE,"observed"
"NL",2003,"94",94,0.29939,FALSE,"observed"
"NL",2003,"95",95,0.33344,FALSE,"observed"
"NL",2003,"96",96,0.36521,FALSE,"observed"
"NL",2003,"97",97,0.39836,FALSE,"observed"
"NL",2003,"98",98,0.43262,FALSE,"observed"
"NL",2003,"99",99,0.46768,FALSE,"observed"
"NL",2003,"100",100,0.5032,FALSE,"observed"
"NL",2003,"101",101,0.53882,FALSE,"observed"
"NL",2003,"102",102,0.57415,FALSE,"observed"
"NL",2003,"103",103,0.60883,FALSE,"observed"
"NL",2003,"104",104,0.64253,FALSE,"observed"
"NL",2003,"105",105,0.67496,FALSE,"observed"
"NL",2003,"106",106,0.70585,FALSE,"observed"
"NL",2003,"107",107,0.73501,FALSE,"observed"
"NL",2003,"108",108,0.76229,FALSE,"observed"
"NL",2003,"109",109,0.78762,FALSE,"observed"
"NL",2003,"110+",110,0.81095,FALSE,"observed"
"NL",2004,"0",0,0.00433,FALSE,"observed"
"NL",2004,"1",1,0.00036,FALSE,"observed"
"NL",2004,"2",2,0.00025,FALSE,"observed"
"NL",2004,"3",3,0.00018,FALSE,"observed"
"NL",2004,"4",4,0.00015,FALSE,"observed"
"NL",2004,"5",5,9e-05,FALSE,"observed"
"NL",2004,"6",6,1e-04,FALSE,"observed"
"NL",2004,"7",7,1e-04,FALSE,"observed"
"NL",2004,"8",8,9e-05,FALSE,"observed"
"NL",2004,"9",9,1e-04,FALSE,"observed"
"NL",2004,"10",10,6e-05,FALSE,"observed"
"NL",2004,"11",11,0.00011,FALSE,"observed"
"NL",2004,"12",12,1e-04,FALSE,"observed"
"NL",2004,"13",13,0.00017,FALSE,"observed"
"NL",2004,"14",14,0.00015,FALSE,"observed"
"NL",2004,"15",15,0.00024,FALSE,"observed"
"NL",2004,"16",16,0.00025,FALSE,"observed"
"NL",2004,"17",17,3e-04,FALSE,"observed"
"NL",2004,"18",18,0.00031,FALSE,"observed"
"NL",2004,"19",19,0.00034,FALSE,"observed"
"NL",2004,"20",20,0.00042,FALSE,"observed"
"NL",2004,"21",21,0.00033,FALSE,"observed"
"NL",2004,"22",22,0.00038,FALSE,"observed"
"NL",2004,"23",23,0.00032,FALSE,"observed"
"NL",2004,"24",24,0.00043,FALSE,"observed"
"NL",2004,"25",25,0.00035,FALSE,"observed"
"NL",2004,"26",26,4e-04,FALSE,"observed"
"NL",2004,"27",27,4e-04,FALSE,"observed"
"NL",2004,"28",28,0.00047,FALSE,"observed"
"NL",2004,"29",29,5e-04,FALSE,"observed"
"NL",2004,"30",30,0.00049,FALSE,"observed"
"NL",2004,"31",31,0.00051,FALSE,"observed"
"NL",2004,"32",32,0.00051,FALSE,"observed"
"NL",2004,"33",33,0.00057,FALSE,"observed"
"NL",2004,"34",34,0.00065,FALSE,"observed"
"NL",2004,"35",35,0.00069,FALSE,"observed"
"NL",2004,"36",36,7e-04,FALSE,"observed"
"NL",2004,"37",37,0.00082,FALSE,"observed"
"NL",2004,"38",38,9e-04,FALSE,"observed"
"NL",2004,"39",39,0.00098,FALSE,"observed"
"NL",2004,"40",40,0.00101,FALSE,"observed"
"NL",2004,"41",41,0.00128,FALSE,"observed"
"NL",2004,"42",42,0.00148,FALSE,"observed"
"NL",2004,"43",43,0.00138,FALSE,"observed"
"NL",2004,"44",44,0.00167,FALSE,"observed"
"NL",2004,"45",45,0.00182,FALSE,"observed"
"NL",2004,"46",46,0.00204,FALSE,"observed"
"NL",2004,"47",47,0.00245,FALSE,"observed"
"NL",2004,"48",48,0.00282,FALSE,"observed"
"NL",2004,"49",49,0.00268,FALSE,"observed"
"NL",2004,"50",50,0.00334,FALSE,"observed"
"NL",2004,"51",51,0.0033,FALSE,"observed"
"NL",2004,"52",52,0.00402,FALSE,"observed"
"NL",2004,"53",53,0.0043,FALSE,"observed"
"NL",2004,"54",54,0.00442,FALSE,"observed"
"NL",2004,"55",55,0.00478,FALSE,"observed"
"NL",2004,"56",56,0.00505,FALSE,"observed"
"NL",2004,"57",57,0.00599,FALSE,"observed"
"NL",2004,"58",58,0.00667,FALSE,"observed"
"NL",2004,"59",59,0.00708,FALSE,"observed"
"NL",2004,"60",60,0.00784,FALSE,"observed"
"NL",2004,"61",61,0.00856,FALSE,"observed"
"NL",2004,"62",62,0.0093,FALSE,"observed"
"NL",2004,"63",63,0.00992,FALSE,"observed"
"NL",2004,"64",64,0.01071,FALSE,"observed"
"NL",2004,"65",65,0.01232,FALSE,"observed"
"NL",2004,"66",66,0.01354,FALSE,"observed"
"NL",2004,"67",67,0.01456,FALSE,"observed"
"NL",2004,"68",68,0.01662,FALSE,"observed"
"NL",2004,"69",69,0.01923,FALSE,"observed"
"NL",2004,"70",70,0.02077,FALSE,"observed"
"NL",2004,"71",71,0.02317,FALSE,"observed"
"NL",2004,"72",72,0.02562,FALSE,"observed"
"NL",2004,"73",73,0.02907,FALSE,"observed"
"NL",2004,"74",74,0.03184,FALSE,"observed"
"NL",2004,"75",75,0.03472,FALSE,"observed"
"NL",2004,"76",76,0.03799,FALSE,"observed"
"NL",2004,"77",77,0.04403,FALSE,"observed"
"NL",2004,"78",78,0.04771,FALSE,"observed"
"NL",2004,"79",79,0.05451,FALSE,"observed"
"NL",2004,"80",80,0.06189,FALSE,"observed"
"NL",2004,"81",81,0.06822,FALSE,"observed"
"NL",2004,"82",82,0.07658,FALSE,"observed"
"NL",2004,"83",83,0.08532,FALSE,"observed"
"NL",2004,"84",84,0.09591,FALSE,"observed"
"NL",2004,"85",85,0.10833,FALSE,"observed"
"NL",2004,"86",86,0.12129,FALSE,"observed"
"NL",2004,"87",87,0.13232,FALSE,"observed"
"NL",2004,"88",88,0.15308,FALSE,"observed"
"NL",2004,"89",89,0.16839,FALSE,"observed"
"NL",2004,"90",90,0.18862,FALSE,"observed"
"NL",2004,"91",91,0.20715,FALSE,"observed"
"NL",2004,"92",92,0.23079,FALSE,"observed"
"NL",2004,"93",93,0.25663,FALSE,"observed"
"NL",2004,"94",94,0.27363,FALSE,"observed"
"NL",2004,"95",95,0.30788,FALSE,"observed"
"NL",2004,"96",96,0.33717,FALSE,"observed"
"NL",2004,"97",97,0.36791,FALSE,"observed"
"NL",2004,"98",98,0.39991,FALSE,"observed"
"NL",2004,"99",99,0.43291,FALSE,"observed"
"NL",2004,"100",100,0.46666,FALSE,"observed"
"NL",2004,"101",101,0.50082,FALSE,"observed"
"NL",2004,"102",102,0.53509,FALSE,"observed"
"NL",2004,"103",103,0.56913,FALSE,"observed"
"NL",2004,"104",104,0.60261,FALSE,"observed"
"NL",2004,"105",105,0.63524,FALSE,"observed"
"NL",2004,"106",106,0.66673,FALSE,"observed"
"NL",2004,"107",107,0.69686,FALSE,"observed"
"NL",2004,"108",108,0.72544,FALSE,"observed"
"NL",2004,"109",109,0.75232,FALSE,"observed"
"NL",2004,"110+",110,0.77741,FALSE,"observed"
"NL",2005,"0",0,0.00486,FALSE,"observed"
"NL",2005,"1",1,0.00042,FALSE,"observed"
"NL",2005,"2",2,0.00022,FALSE,"observed"
"NL",2005,"3",3,0.00017,FALSE,"observed"
"NL",2005,"4",4,0.00016,FALSE,"observed"
"NL",2005,"5",5,0.00012,FALSE,"observed"
"NL",2005,"6",6,9e-05,FALSE,"observed"
"NL",2005,"7",7,1e-04,FALSE,"observed"
"NL",2005,"8",8,9e-05,FALSE,"observed"
"NL",2005,"9",9,6e-05,FALSE,"observed"
"NL",2005,"10",10,0.00014,FALSE,"observed"
"NL",2005,"11",11,8e-05,FALSE,"observed"
"NL",2005,"12",12,0.00011,FALSE,"observed"
"NL",2005,"13",13,0.00016,FALSE,"observed"
"NL",2005,"14",14,0.00015,FALSE,"observed"
"NL",2005,"15",15,0.00014,FALSE,"observed"
"NL",2005,"16",16,0.00027,FALSE,"observed"
"NL",2005,"17",17,0.00023,FALSE,"observed"
"NL",2005,"18",18,0.00033,FALSE,"observed"
"NL",2005,"19",19,0.00031,FALSE,"observed"
"NL",2005,"20",20,0.00038,FALSE,"observed"
"NL",2005,"21",21,0.00038,FALSE,"observed"
"NL",2005,"22",22,0.00036,FALSE,"observed"
"NL",2005,"23",23,0.00041,FALSE,"observed"
"NL",2005,"24",24,0.00031,FALSE,"observed"
"NL",2005,"25",25,0.00036,FALSE,"observed"
"NL",2005,"26",26,0.00039,FALSE,"observed"
"NL",2005,"27",27,0.00037,FALSE,"observed"
"NL",2005,"28",28,0.00038,FALSE,"observed"
"NL",2005,"29",29,0.00045,FALSE,"observed"
"NL",2005,"30",30,5e-04,FALSE,"observed"
"NL",2005,"31",31,0.00048,FALSE,"observed"
"NL",2005,"32",32,0.00047,FALSE,"observed"
"NL",2005,"33",33,0.00062,FALSE,"observed"
"NL",2005,"34",34,0.00061,FALSE,"observed"
"NL",2005,"35",35,0.00075,FALSE,"observed"
"NL",2005,"36",36,0.00075,FALSE,"observed"
"NL",2005,"37",37,0.00075,FALSE,"observed"
"NL",2005,"38",38,0.00082,FALSE,"observed"
"NL",2005,"39",39,0.00091,FALSE,"observed"
"NL",2005,"40",40,0.00103,FALSE,"observed"
"NL",2005,"41",41,0.00117,FALSE,"observed"
"NL",2005,"42",42,0.00128,FALSE,"observed"
"NL",2005,"43",43,0.0015,FALSE,"observed"
"NL",2005,"44",44,0.00156,FALSE,"observed"
"NL",2005,"45",45,0.00169,FALSE,"observed"
"NL",2005,"46",46,0.0018,FALSE,"observed"
"NL",2005,"47",47,0.00227,FALSE,"observed"
"NL",2005,"48",48,0.00249,FALSE,"observed"
"NL",2005,"49",49,0.00282,FALSE,"observed"
"NL",2005,"50",50,0.00312,FALSE,"observed"
"NL",2005,"51",51,0.00339,FALSE,"observed"
"NL",2005,"52",52,0.00349,FALSE,"observed"
"NL",2005,"53",53,0.00379,FALSE,"observed"
"NL",2005,"54",54,0.00426,FALSE,"observed"
"NL",2005,"55",55,0.00486,FALSE,"observed"
"NL",2005,"56",56,0.005,FALSE,"observed"
"NL",2005,"57",57,0.00542,FALSE,"observed"
"NL",2005,"58",58,0.006,FALSE,"observed"
"NL",2005,"59",59,0.00639,FALSE,"observed"
"NL",2005,"60",60,0.00755,FALSE,"observed"
"NL",2005,"61",61,0.00847,FALSE,"observed"
"NL",2005,"62",62,0.0089,FALSE,"observed"
"NL",2005,"63",63,0.00969,FALSE,"observed"
"NL",2005,"64",64,0.01089,FALSE,"observed"
"NL",2005,"65",65,0.01202,FALSE,"observed"
"NL",2005,"66",66,0.01316,FALSE,"observed"
"NL",2005,"67",67,0.01388,FALSE,"observed"
"NL",2005,"68",68,0.01584,FALSE,"observed"
"NL",2005,"69",69,0.01764,FALSE,"observed"
"NL",2005,"70",70,0.01929,FALSE,"observed"
"NL",2005,"71",71,0.02237,FALSE,"observed"
"NL",2005,"72",72,0.02525,FALSE,"observed"
"NL",2005,"73",73,0.02692,FALSE,"observed"
"NL",2005,"74",74,0.03142,FALSE,"observed"
"NL",2005,"75",75,0.03406,FALSE,"observed"
"NL",2005,"76",76,0.0385,FALSE,"observed"
"NL",2005,"77",77,0.0435,FALSE,"observed"
"NL",2005,"78",78,0.04872,FALSE,"observed"
"NL",2005,"79",79,0.05323,FALSE,"observed"
"NL",2005,"80",80,0.05996,FALSE,"observed"
"NL",2005,"81",81,0.06827,FALSE,"observed"
"NL",2005,"82",82,0.07538,FALSE,"observed"
"NL",2005,"83",83,0.08382,FALSE,"observed"
"NL",2005,"84",84,0.09381,FALSE,"observed"
"NL",2005,"85",85,0.10271,FALSE,"observed"
"NL",2005,"86",86,0.12045,FALSE,"observed"
"NL",2005,"87",87,0.13305,FALSE,"observed"
"NL",2005,"88",88,0.14775,FALSE,"observed"
"NL",2005,"89",89,0.1714,FALSE,"observed"
"NL",2005,"90",90,0.18675,FALSE,"observed"
"NL",2005,"91",91,0.21115,FALSE,"observed"
"NL",2005,"92",92,0.23061,FALSE,"observed"
"NL",2005,"93",93,0.25911,FALSE,"observed"
"NL",2005,"94",94,0.27806,FALSE,"observed"
"NL",2005,"95",95,0.30984,FALSE,"observed"
"NL",2005,"96",96,0.33987,FALSE,"observed"
"NL",2005,"97",97,0.37142,FALSE,"observed"
"NL",2005,"98",98,0.40426,FALSE,"observed"
"NL",2005,"99",99,0.43814,FALSE,"observed"
"NL",2005,"100",100,0.47275,FALSE,"observed"
"NL",2005,"101",101,0.50776,FALSE,"observed"
"NL",2005,"102",102,0.54281,FALSE,"observed"
"NL",2005,"103",103,0.57756,FALSE,"observed"
"NL",2005,"104",104,0.61165,FALSE,"observed"
"NL",2005,"105",105,0.64476,FALSE,"observed"
"NL",2005,"106",106,0.67662,FALSE,"observed"
"NL",2005,"107",107,0.70699,FALSE,"observed"
"NL",2005,"108",108,0.73567,FALSE,"observed"
"NL",2005,"109",109,0.76252,FALSE,"observed"
"NL",2005,"110+",110,0.78748,FALSE,"observed"
"NL",2006,"0",0,0.00443,FALSE,"observed"
"NL",2006,"1",1,0.00035,FALSE,"observed"
"NL",2006,"2",2,0.00022,FALSE,"observed"
"NL",2006,"3",3,0.00017,FALSE,"observed"
"NL",2006,"4",4,0.00012,FALSE,"observed"
"NL",2006,"5",5,0.00013,FALSE,"observed"
"NL",2006,"6",6,1e-04,FALSE,"observed"
"NL",2006,"7",7,1e-04,FALSE,"observed"
"NL",2006,"8",8,0.00011,FALSE,"observed"
"NL",2006,"9",9,7e-05,FALSE,"observed"
"NL",2006,"10",10,8e-05,FALSE,"observed"
"NL",2006,"11",11,0.00012,FALSE,"observed"
"NL",2006,"12",12,9e-05,FALSE,"observed"
"NL",2006,"13",13,0.00015,FALSE,"observed"
"NL",2006,"14",14,0.00014,FALSE,"observed"
"NL",2006,"15",15,0.00016,FALSE,"observed"
"NL",2006,"16",16,0.00026,FALSE,"observed"
"NL",2006,"17",17,0.00025,FALSE,"observed"
"NL",2006,"18",18,0.00023,FALSE,"observed"
"NL",2006,"19",19,0.00026,FALSE,"observed"
"NL",2006,"20",20,0.00031,FALSE,"observed"
"NL",2006,"21",21,0.00036,FALSE,"observed"
"NL",2006,"22",22,0.00036,FALSE,"observed"
"NL",2006,"23",23,4e-04,FALSE,"observed"
"NL",2006,"24",24,0.00029,FALSE,"observed"
"NL",2006,"25",25,0.00035,FALSE,"observed"
"NL",2006,"26",26,0.00034,FALSE,"observed"
"NL",2006,"27",27,0.00037,FALSE,"observed"
"NL",2006,"28",28,0.00043,FALSE,"observed"
"NL",2006,"29",29,4e-04,FALSE,"observed"
"NL",2006,"30",30,0.00051,FALSE,"observed"
"NL",2006,"31",31,0.00046,FALSE,"observed"
"NL",2006,"32",32,0.00052,FALSE,"observed"
"NL",2006,"33",33,0.00053,FALSE,"observed"
"NL",2006,"34",34,0.00062,FALSE,"observed"
"NL",2006,"35",35,0.00059,FALSE,"observed"
"NL",2006,"36",36,0.00068,FALSE,"observed"
"NL",2006,"37",37,0.00077,FALSE,"observed"
"NL",2006,"38",38,0.00077,FALSE,"observed"
"NL",2006,"39",39,0.00091,FALSE,"observed"
"NL",2006,"40",40,0.00097,FALSE,"observed"
"NL",2006,"41",41,0.00106,FALSE,"observed"
"NL",2006,"42",42,0.00118,FALSE,"observed"
"NL",2006,"43",43,0.00131,FALSE,"observed"
"NL",2006,"44",44,0.00144,FALSE,"observed"
"NL",2006,"45",45,0.00159,FALSE,"observed"
"NL",2006,"46",46,0.00194,FALSE,"observed"
"NL",2006,"47",47,0.00203,FALSE,"observed"
"NL",2006,"48",48,0.00245,FALSE,"observed"
"NL",2006,"49",49,0.00259,FALSE,"observed"
"NL",2006,"50",50,0.00293,FALSE,"observed"
"NL",2006,"51",51,0.00323,FALSE,"observed"
"NL",2006,"52",52,0.00377,FALSE,"observed"
"NL",2006,"53",53,0.00366,FALSE,"observed"
"NL",2006,"54",54,0.00426,FALSE,"observed"
"NL",2006,"55",55,0.00452,FALSE,"observed"
"NL",2006,"56",56,0.00486,FALSE,"observed"
"NL",2006,"57",57,0.00554,FALSE,"observed"
"NL",2006,"58",58,0.00595,FALSE,"observed"
"NL",2006,"59",59,0.00641,FALSE,"observed"
"NL",2006,"60",60,0.00717,FALSE,"observed"
"NL",2006,"61",61,0.00821,FALSE,"observed"
"NL",2006,"62",62,0.00897,FALSE,"observed"
"NL",2006,"63",63,0.00943,FALSE,"observed"
"NL",2006,"64",64,0.01034,FALSE,"observed"
"NL",2006,"65",65,0.01119,FALSE,"observed"
"NL",2006,"66",66,0.01188,FALSE,"observed"
"NL",2006,"67",67,0.01431,FALSE,"observed"
"NL",2006,"68",68,0.0151,FALSE,"observed"
"NL",2006,"69",69,0.01698,FALSE,"observed"
"NL",2006,"70",70,0.01932,FALSE,"observed"
"NL",2006,"71",71,0.02146,FALSE,"observed"
"NL",2006,"72",72,0.0232,FALSE,"observed"
"NL",2006,"73",73,0.02631,FALSE,"observed"
"NL",2006,"74",74,0.02963,FALSE,"observed"
"NL",2006,"75",75,0.03211,FALSE,"observed"
"NL",2006,"76",76,0.03718,FALSE,"observed"
"NL",2006,"77",77,0.04167,FALSE,"observed"
"NL",2006,"78",78,0.04724,FALSE,"observed"
"NL",2006,"79",79,0.05106,FALSE,"observed"
"NL",2006,"80",80,0.05872,FALSE,"observed"
"NL",2006,"81",81,0.06428,FALSE,"observed"
"NL",2006,"82",82,0.07319,FALSE,"observed"
"NL",2006,"83",83,0.08223,FALSE,"observed"
"NL",2006,"84",84,0.09109,FALSE,"observed"
"NL",2006,"85",85,0.10429,FALSE,"observed"
"NL",2006,"86",86,0.11792,FALSE,"observed"
"NL",2006,"87",87,0.1327,FALSE,"observed"
"NL",2006,"88",88,0.14623,FALSE,"observed"
"NL",2006,"89",89,0.16363,FALSE,"observed"
"NL",2006,"90",90,0.18393,FALSE,"observed"
"NL",2006,"91",91,0.20616,FALSE,"observed"
"NL",2006,"92",92,0.22441,FALSE,"observed"
"NL",2006,"93",93,0.25825,FALSE,"observed"
"NL",2006,"94",94,0.2914,FALSE,"observed"
"NL",2006,"95",95,0.309,FALSE,"observed"
"NL",2006,"96",96,0.33935,FALSE,"observed"
"NL",2006,"97",97,0.37123,FALSE,"observed"
"NL",2006,"98",98,0.40442,FALSE,"observed"
"NL",2006,"99",99,0.43866,FALSE,"observed"
"NL",2006,"100",100,0.47362,FALSE,"observed"
"NL",2006,"101",101,0.50898,FALSE,"observed"
"NL",2006,"102",102,0.54436,FALSE,"observed"
"NL",2006,"103",103,0.5794,FALSE,"observed"
"NL",2006,"104",104,0.61376,FALSE,"observed"
"NL",2006,"105",105,0.64709,FALSE,"observed"
"NL",2006,"106",106,0.67913,FALSE,"observed"
"NL",2006,"107",107,0.70962,FALSE,"observed"
"NL",2006,"108",108,0.73837,FALSE,"observed"
"NL",2006,"109",109,0.76527,FALSE,"observed"
"NL",2006,"110+",110,0.79022,FALSE,"observed"
"NL",2007,"0",0,0.00403,FALSE,"observed"
"NL",2007,"1",1,0.00032,FALSE,"observed"
"NL",2007,"2",2,0.00016,FALSE,"observed"
"NL",2007,"3",3,0.00014,FALSE,"observed"
"NL",2007,"4",4,0.00014,FALSE,"observed"
"NL",2007,"5",5,0.00011,FALSE,"observed"
"NL",2007,"6",6,1e-04,FALSE,"observed"
"NL",2007,"7",7,7e-05,FALSE,"observed"
"NL",2007,"8",8,6e-05,FALSE,"observed"
"NL",2007,"9",9,9e-05,FALSE,"observed"
"NL",2007,"10",10,8e-05,FALSE,"observed"
"NL",2007,"11",11,1e-04,FALSE,"observed"
"NL",2007,"12",12,0.00012,FALSE,"observed"
"NL",2007,"13",13,0.00011,FALSE,"observed"
"NL",2007,"14",14,0.00015,FALSE,"observed"
"NL",2007,"15",15,0.00014,FALSE,"observed"
"NL",2007,"16",16,0.00022,FALSE,"observed"
"NL",2007,"17",17,0.00027,FALSE,"observed"
"NL",2007,"18",18,0.00034,FALSE,"observed"
"NL",2007,"19",19,0.00029,FALSE,"observed"
"NL",2007,"20",20,0.00043,FALSE,"observed"
"NL",2007,"21",21,0.00042,FALSE,"observed"
"NL",2007,"22",22,0.00029,FALSE,"observed"
"NL",2007,"23",23,0.00036,FALSE,"observed"
"NL",2007,"24",24,0.00035,FALSE,"observed"
"NL",2007,"25",25,0.00027,FALSE,"observed"
"NL",2007,"26",26,3e-04,FALSE,"observed"
"NL",2007,"27",27,0.00033,FALSE,"observed"
"NL",2007,"28",28,0.00046,FALSE,"observed"
"NL",2007,"29",29,0.00042,FALSE,"observed"
"NL",2007,"30",30,0.00052,FALSE,"observed"
"NL",2007,"31",31,0.00048,FALSE,"observed"
"NL",2007,"32",32,0.00046,FALSE,"observed"
"NL",2007,"33",33,0.00053,FALSE,"observed"
"NL",2007,"34",34,0.00051,FALSE,"observed"
"NL",2007,"35",35,0.00065,FALSE,"observed"
"NL",2007,"36",36,0.00069,FALSE,"observed"
"NL",2007,"37",37,0.00065,FALSE,"observed"
"NL",2007,"38",38,0.00079,FALSE,"observed"
"NL",2007,"39",39,0.00084,FALSE,"observed"
"NL",2007,"40",40,0.00096,FALSE,"observed"
"NL",2007,"41",41,0.00103,FALSE,"observed"
"NL",2007,"42",42,0.00103,FALSE,"observed"
"NL",2007,"43",43,0.00119,FALSE,"observed"
"NL",2007,"44",44,0.00135,FALSE,"observed"
"NL",2007,"45",45,0.00148,FALSE,"observed"
"NL",2007,"46",46,0.00177,FALSE,"observed"
"NL",2007,"47",47,0.00199,FALSE,"observed"
"NL",2007,"48",48,0.00232,FALSE,"observed"
"NL",2007,"49",49,0.00248,FALSE,"observed"
"NL",2007,"50",50,0.00258,FALSE,"observed"
"NL",2007,"51",51,0.00296,FALSE,"observed"
"NL",2007,"52",52,0.00351,FALSE,"observed"
"NL",2007,"53",53,0.00359,FALSE,"observed"
"NL",2007,"54",54,0.00393,FALSE,"observed"
"NL",2007,"55",55,0.00444,FALSE,"observed"
"NL",2007,"56",56,0.00481,FALSE,"observed"
"NL",2007,"57",57,0.00539,FALSE,"observed"
"NL",2007,"58",58,0.00604,FALSE,"observed"
"NL",2007,"59",59,0.00658,FALSE,"observed"
"NL",2007,"60",60,0.00703,FALSE,"observed"
"NL",2007,"61",61,0.00756,FALSE,"observed"
"NL",2007,"62",62,0.00838,FALSE,"observed"
"NL",2007,"63",63,0.00934,FALSE,"observed"
"NL",2007,"64",64,0.01007,FALSE,"observed"
"NL",2007,"65",65,0.01122,FALSE,"observed"
"NL",2007,"66",66,0.01201,FALSE,"observed"
"NL",2007,"67",67,0.01337,FALSE,"observed"
"NL",2007,"68",68,0.01472,FALSE,"observed"
"NL",2007,"69",69,0.01685,FALSE,"observed"
"NL",2007,"70",70,0.01775,FALSE,"observed"
"NL",2007,"71",71,0.02035,FALSE,"observed"
"NL",2007,"72",72,0.02247,FALSE,"observed"
"NL",2007,"73",73,0.02545,FALSE,"observed"
"NL",2007,"74",74,0.02825,FALSE,"observed"
"NL",2007,"75",75,0.03219,FALSE,"observed"
"NL",2007,"76",76,0.03514,FALSE,"observed"
"NL",2007,"77",77,0.03935,FALSE,"observed"
"NL",2007,"78",78,0.04542,FALSE,"observed"
"NL",2007,"79",79,0.04912,FALSE,"observed"
"NL",2007,"80",80,0.05382,FALSE,"observed"
"NL",2007,"81",81,0.06201,FALSE,"observed"
"NL",2007,"82",82,0.06989,FALSE,"observed"
"NL",2007,"83",83,0.07985,FALSE,"observed"
"NL",2007,"84",84,0.08924,FALSE,"observed"
"NL",2007,"85",85,0.10066,FALSE,"observed"
"NL",2007,"86",86,0.11294,FALSE,"observed"
"NL",2007,"87",87,0.12611,FALSE,"observed"
"NL",2007,"88",88,0.13709,FALSE,"observed"
"NL",2007,"89",89,0.16044,FALSE,"observed"
"NL",2007,"90",90,0.17834,FALSE,"observed"
"NL",2007,"91",91,0.20281,FALSE,"observed"
"NL",2007,"92",92,0.21272,FALSE,"observed"
"NL",2007,"93",93,0.23853,FALSE,"observed"
"NL",2007,"94",94,0.26755,FALSE,"observed"
"NL",2007,"95",95,0.29537,FALSE,"observed"
"NL",2007,"96",96,0.32453,FALSE,"observed"
"NL",2007,"97",97,0.35526,FALSE,"observed"
"NL",2007,"98",98,0.38737,FALSE,"observed"
"NL",2007,"99",99,0.42063,FALSE,"observed"
"NL",2007,"100",100,0.45476,FALSE,"observed"
"NL",2007,"101",101,0.48945,FALSE,"observed"
"NL",2007,"102",102,0.52436,FALSE,"observed"
"NL",2007,"103",103,0.55914,FALSE,"observed"
"NL",2007,"104",104,0.59345,FALSE,"observed"
"NL",2007,"105",105,0.62696,FALSE,"observed"
"NL",2007,"106",106,0.65936,FALSE,"observed"
"NL",2007,"107",107,0.6904,FALSE,"observed"
"NL",2007,"108",108,0.71988,FALSE,"observed"
"NL",2007,"109",109,0.74761,FALSE,"observed"
"NL",2007,"110+",110,0.77351,FALSE,"observed"
"NL",2008,"0",0,0.00383,FALSE,"observed"
"NL",2008,"1",1,0.00026,FALSE,"observed"
"NL",2008,"2",2,0.00017,FALSE,"observed"
"NL",2008,"3",3,0.00019,FALSE,"observed"
"NL",2008,"4",4,0.00015,FALSE,"observed"
"NL",2008,"5",5,6e-05,FALSE,"observed"
"NL",2008,"6",6,9e-05,FALSE,"observed"
"NL",2008,"7",7,8e-05,FALSE,"observed"
"NL",2008,"8",8,6e-05,FALSE,"observed"
"NL",2008,"9",9,8e-05,FALSE,"observed"
"NL",2008,"10",10,9e-05,FALSE,"observed"
"NL",2008,"11",11,0.00011,FALSE,"observed"
"NL",2008,"12",12,0.00011,FALSE,"observed"
"NL",2008,"13",13,0.00012,FALSE,"observed"
"NL",2008,"14",14,1e-04,FALSE,"observed"
"NL",2008,"15",15,1e-04,FALSE,"observed"
"NL",2008,"16",16,0.00021,FALSE,"observed"
"NL",2008,"17",17,0.00026,FALSE,"observed"
"NL",2008,"18",18,0.00021,FALSE,"observed"
"NL",2008,"19",19,0.00032,FALSE,"observed"
"NL",2008,"20",20,0.00033,FALSE,"observed"
"NL",2008,"21",21,0.00034,FALSE,"observed"
"NL",2008,"22",22,4e-04,FALSE,"observed"
"NL",2008,"23",23,0.00031,FALSE,"observed"
"NL",2008,"24",24,0.00036,FALSE,"observed"
"NL",2008,"25",25,3e-04,FALSE,"observed"
"NL",2008,"26",26,0.00034,FALSE,"observed"
"NL",2008,"27",27,0.00037,FALSE,"observed"
"NL",2008,"28",28,0.00038,FALSE,"observed"
"NL",2008,"29",29,0.00052,FALSE,"observed"
"NL",2008,"30",30,4e-04,FALSE,"observed"
"NL",2008,"31",31,5e-04,FALSE,"observed"
"NL",2008,"32",32,5e-04,FALSE,"observed"
"NL",2008,"33",33,0.00047,FALSE,"observed"
"NL",2008,"34",34,0.00046,FALSE,"observed"
"NL",2008,"35",35,0.00066,FALSE,"observed"
"NL",2008,"36",36,0.00062,FALSE,"observed"
"NL",2008,"37",37,0.00071,FALSE,"observed"
"NL",2008,"38",38,8e-04,FALSE,"observed"
"NL",2008,"39",39,0.00082,FALSE,"observed"
"NL",2008,"40",40,0.00099,FALSE,"observed"
"NL",2008,"41",41,0.0011,FALSE,"observed"
"NL",2008,"42",42,0.00117,FALSE,"observed"
"NL",2008,"43",43,0.00122,FALSE,"observed"
"NL",2008,"44",44,0.00144,FALSE,"observed"
"NL",2008,"45",45,0.00155,FALSE,"observed"
"NL",2008,"46",46,0.00177,FALSE,"observed"
"NL",2008,"47",47,0.002,FALSE,"observed"
"NL",2008,"48",48,0.00217,FALSE,"observed"
"NL",2008,"49",49,0.00252,FALSE,"observed"
"NL",2008,"50",50,0.00281,FALSE,"observed"
"NL",2008,"51",51,0.00335,FALSE,"observed"
"NL",2008,"52",52,0.00336,FALSE,"observed"
"NL",2008,"53",53,0.00381,FALSE,"observed"
"NL",2008,"54",54,0.00378,FALSE,"observed"
"NL",2008,"55",55,0.00458,FALSE,"observed"
"NL",2008,"56",56,0.00483,FALSE,"observed"
"NL",2008,"57",57,0.0052,FALSE,"observed"
"NL",2008,"58",58,0.00572,FALSE,"observed"
"NL",2008,"59",59,0.00647,FALSE,"observed"
"NL",2008,"60",60,0.00727,FALSE,"observed"
"NL",2008,"61",61,0.00769,FALSE,"observed"
"NL",2008,"62",62,0.00854,FALSE,"observed"
"NL",2008,"63",63,0.0085,FALSE,"observed"
"NL",2008,"64",64,0.01037,FALSE,"observed"
"NL",2008,"65",65,0.01116,FALSE,"observed"
"NL",2008,"66",66,0.0116,FALSE,"observed"
"NL",2008,"67",67,0.01323,FALSE,"observed"
"NL",2008,"68",68,0.01426,FALSE,"observed"
"NL",2008,"69",69,0.01568,FALSE,"observed"
"NL",2008,"70",70,0.0173,FALSE,"observed"
"NL",2008,"71",71,0.01971,FALSE,"observed"
"NL",2008,"72",72,0.02185,FALSE,"observed"
"NL",2008,"73",73,0.02416,FALSE,"observed"
"NL",2008,"74",74,0.02686,FALSE,"observed"
"NL",2008,"75",75,0.02963,FALSE,"observed"
"NL",2008,"76",76,0.03411,FALSE,"observed"
"NL",2008,"77",77,0.0395,FALSE,"observed"
"NL",2008,"78",78,0.04363,FALSE,"observed"
"NL",2008,"79",79,0.04905,FALSE,"observed"
"NL",2008,"80",80,0.05477,FALSE,"observed"
"NL",2008,"81",81,0.06182,FALSE,"observed"
"NL",2008,"82",82,0.06901,FALSE,"observed"
"NL",2008,"83",83,0.07938,FALSE,"observed"
"NL",2008,"84",84,0.0873,FALSE,"observed"
"NL",2008,"85",85,0.09917,FALSE,"observed"
"NL",2008,"86",86,0.10999,FALSE,"observed"
"NL",2008,"87",87,0.12334,FALSE,"observed"
"NL",2008,"88",88,0.14249,FALSE,"observed"
"NL",2008,"89",89,0.15807,FALSE,"observed"
"NL",2008,"90",90,0.17886,FALSE,"observed"
"NL",2008,"91",91,0.20139,FALSE,"observed"
"NL",2008,"92",92,0.2198,FALSE,"observed"
"NL",2008,"93",93,0.25043,FALSE,"observed"
"NL",2008,"94",94,0.27967,FALSE,"observed"
"NL",2008,"95",95,0.30205,FALSE,"observed"
"NL",2008,"96",96,0.33237,FALSE,"observed"
"NL",2008,"97",97,0.36429,FALSE,"observed"
"NL",2008,"98",98,0.39759,FALSE,"observed"
"NL",2008,"99",99,0.432,FALSE,"observed"
"NL",2008,"100",100,0.46722,FALSE,"observed"
"NL",2008,"101",101,0.5029,FALSE,"observed"
"NL",2008,"102",102,0.53866,FALSE,"observed"
"NL",2008,"103",103,0.57412,FALSE,"observed"
"NL",2008,"104",104,0.60894,FALSE,"observed"
"NL",2008,"105",105,0.64276,FALSE,"observed"
"NL",2008,"106",106,0.67528,FALSE,"observed"
"NL",2008,"107",107,0.70626,FALSE,"observed"
"NL",2008,"108",108,0.73549,FALSE,"observed"
"NL",2008,"109",109,0.76282,FALSE,"observed"
"NL",2008,"110+",110,0.78819,FALSE,"observed"
"NL",2009,"0",0,0.00385,FALSE,"observed"
"NL",2009,"1",1,0.00028,FALSE,"observed"
"NL",2009,"2",2,2e-04,FALSE,"observed"
"NL",2009,"3",3,0.00015,FALSE,"observed"
"NL",2009,"4",4,1e-04,FALSE,"observed"
"NL",2009,"5",5,9e-05,FALSE,"observed"
"NL",2009,"6",6,9e-05,FALSE,"observed"
"NL",2009,"7",7,0.00013,FALSE,"observed"
"NL",2009,"8",8,9e-05,FALSE,"observed"
"NL",2009,"9",9,7e-05,FALSE,"observed"
"NL",2009,"10",10,6e-05,FALSE,"observed"
"NL",2009,"11",11,8e-05,FALSE,"observed"
"NL",2009,"12",12,1e-04,FALSE,"observed"
"NL",2009,"13",13,9e-05,FALSE,"observed"
"NL",2009,"14",14,0.00015,FALSE,"observed"
"NL",2009,"15",15,0.00013,FALSE,"observed"
"NL",2009,"16",16,2e-04,FALSE,"observed"
"NL",2009,"17",17,0.00022,FALSE,"observed"
"NL",2009,"18",18,3e-04,FALSE,"observed"
"NL",2009,"19",19,0.00032,FALSE,"observed"
"NL",2009,"20",20,3e-04,FALSE,"observed"
"NL",2009,"21",21,0.00035,FALSE,"observed"
"NL",2009,"22",22,0.00033,FALSE,"observed"
"NL",2009,"23",23,3e-04,FALSE,"observed"
"NL",2009,"24",24,0.00029,FALSE,"observed"
"NL",2009,"25",25,4e-04,FALSE,"observed"
"NL",2009,"26",26,0.00041,FALSE,"observed"
"NL",2009,"27",27,0.00036,FALSE,"observed"
"NL",2009,"28",28,0.00031,FALSE,"observed"
"NL",2009,"29",29,0.00039,FALSE,"observed"
"NL",2009,"30",30,0.00034,FALSE,"observed"
"NL",2009,"31",31,0.00039,FALSE,"observed"
"NL",2009,"32",32,0.00051,FALSE,"observed"
"NL",2009,"33",33,0.00048,FALSE,"observed"
"NL",2009,"34",34,0.00046,FALSE,"observed"
"NL",2009,"35",35,0.00059,FALSE,"observed"
"NL",2009,"36",36,0.00061,FALSE,"observed"
"NL",2009,"37",37,0.00065,FALSE,"observed"
"NL",2009,"38",38,0.00071,FALSE,"observed"
"NL",2009,"39",39,0.00085,FALSE,"observed"
"NL",2009,"40",40,0.00092,FALSE,"observed"
"NL",2009,"41",41,0.001,FALSE,"observed"
"NL",2009,"42",42,0.00111,FALSE,"observed"
"NL",2009,"43",43,0.00121,FALSE,"observed"
"NL",2009,"44",44,0.00147,FALSE,"observed"
"NL",2009,"45",45,0.00157,FALSE,"observed"
"NL",2009,"46",46,0.00168,FALSE,"observed"
"NL",2009,"47",47,0.00191,FALSE,"observed"
"NL",2009,"48",48,0.00213,FALSE,"observed"
"NL",2009,"49",49,0.00228,FALSE,"observed"
"NL",2009,"50",50,0.00277,FALSE,"observed"
"NL",2009,"51",51,0.00308,FALSE,"observed"
"NL",2009,"52",52,0.00329,FALSE,"observed"
"NL",2009,"53",53,0.00357,FALSE,"observed"
"NL",2009,"54",54,0.00404,FALSE,"observed"
"NL",2009,"55",55,0.00444,FALSE,"observed"
"NL",2009,"56",56,0.00503,FALSE,"observed"
"NL",2009,"57",57,0.00505,FALSE,"observed"
"NL",2009,"58",58,0.00549,FALSE,"observed"
"NL",2009,"59",59,0.00584,FALSE,"observed"
"NL",2009,"60",60,0.00672,FALSE,"observed"
"NL",2009,"61",61,0.00793,FALSE,"observed"
"NL",2009,"62",62,0.00832,FALSE,"observed"
"NL",2009,"63",63,0.00873,FALSE,"observed"
"NL",2009,"64",64,0.00994,FALSE,"observed"
"NL",2009,"65",65,0.01093,FALSE,"observed"
"NL",2009,"66",66,0.01151,FALSE,"observed"
"NL",2009,"67",67,0.01289,FALSE,"observed"
"NL",2009,"68",68,0.01417,FALSE,"observed"
"NL",2009,"69",69,0.01521,FALSE,"observed"
"NL",2009,"70",70,0.01734,FALSE,"observed"
"NL",2009,"71",71,0.01862,FALSE,"observed"
"NL",2009,"72",72,0.02122,FALSE,"observed"
"NL",2009,"73",73,0.02372,FALSE,"observed"
"NL",2009,"74",74,0.02681,FALSE,"observed"
"NL",2009,"75",75,0.02992,FALSE,"observed"
"NL",2009,"76",76,0.03361,FALSE,"observed"
"NL",2009,"77",77,0.03694,FALSE,"observed"
"NL",2009,"78",78,0.04171,FALSE,"observed"
"NL",2009,"79",79,0.04598,FALSE,"observed"
"NL",2009,"80",80,0.05444,FALSE,"observed"
"NL",2009,"81",81,0.06019,FALSE,"observed"
"NL",2009,"82",82,0.06814,FALSE,"observed"
"NL",2009,"83",83,0.0748,FALSE,"observed"
"NL",2009,"84",84,0.08458,FALSE,"observed"
"NL",2009,"85",85,0.09399,FALSE,"observed"
"NL",2009,"86",86,0.10876,FALSE,"observed"
"NL",2009,"87",87,0.11853,FALSE,"observed"
"NL",2009,"88",88,0.13545,FALSE,"observed"
"NL",2009,"89",89,0.15245,FALSE,"observed"
"NL",2009,"90",90,0.17435,FALSE,"observed"
"NL",2009,"91",91,0.19407,FALSE,"observed"
"NL",2009,"92",92,0.20971,FALSE,"observed"
"NL",2009,"93",93,0.238,FALSE,"observed"
"NL",2009,"94",94,0.26604,FALSE,"observed"
"NL",2009,"95",95,0.2891,FALSE,"observed"
"NL",2009,"96",96,0.31839,FALSE,"observed"
"NL",2009,"97",97,0.34937,FALSE,"observed"
"NL",2009,"98",98,0.38183,FALSE,"observed"
"NL",2009,"99",99,0.41555,FALSE,"observed"
"NL",2009,"100",100,0.45023,FALSE,"observed"
"NL",2009,"101",101,0.48555,FALSE,"observed"
"NL",2009,"102",102,0.52113,FALSE,"observed"
"NL",2009,"103",103,0.55662,FALSE,"observed"
"NL",2009,"104",104,0.59165,FALSE,"observed"
"NL",2009,"105",105,0.62586,FALSE,"observed"
"NL",2009,"106",106,0.65893,FALSE,"observed"
"NL",2009,"107",107,0.69059,FALSE,"observed"
"NL",2009,"108",108,0.72062,FALSE,"observed"
"NL",2009,"109",109,0.74883,FALSE,"observed"
"NL",2009,"110+",110,0.77512,FALSE,"observed"
"NL",2010,"0",0,0.00379,FALSE,"observed"
"NL",2010,"1",1,0.00027,FALSE,"observed"
"NL",2010,"2",2,0.00019,FALSE,"observed"
"NL",2010,"3",3,0.00013,FALSE,"observed"
"NL",2010,"4",4,0.00015,FALSE,"observed"
"NL",2010,"5",5,8e-05,FALSE,"observed"
"NL",2010,"6",6,1e-04,FALSE,"observed"
"NL",2010,"7",7,8e-05,FALSE,"observed"
"NL",2010,"8",8,6e-05,FALSE,"observed"
"NL",2010,"9",9,7e-05,FALSE,"observed"
"NL",2010,"10",10,8e-05,FALSE,"observed"
"NL",2010,"11",11,0.00011,FALSE,"observed"
"NL",2010,"12",12,9e-05,FALSE,"observed"
"NL",2010,"13",13,0.00012,FALSE,"observed"
"NL",2010,"14",14,8e-05,FALSE,"observed"
"NL",2010,"15",15,9e-05,FALSE,"observed"
"NL",2010,"16",16,0.00018,FALSE,"observed"
"NL",2010,"17",17,2e-04,FALSE,"observed"
"NL",2010,"18",18,0.00028,FALSE,"observed"
"NL",2010,"19",19,0.00029,FALSE,"observed"
"NL",2010,"20",20,0.00028,FALSE,"observed"
"NL",2010,"21",21,0.00029,FALSE,"observed"
"NL",2010,"22",22,0.00035,FALSE,"observed"
"NL",2010,"23",23,0.00032,FALSE,"observed"
"NL",2010,"24",24,0.00029,FALSE,"observed"
"NL",2010,"25",25,0.00028,FALSE,"observed"
"NL",2010,"26",26,0.00035,FALSE,"observed"
"NL",2010,"27",27,0.00024,FALSE,"observed"
"NL",2010,"28",28,0.00028,FALSE,"observed"
"NL",2010,"29",29,0.00042,FALSE,"observed"
"NL",2010,"30",30,0.00038,FALSE,"observed"
"NL",2010,"31",31,0.00046,FALSE,"observed"
"NL",2010,"32",32,0.00046,FALSE,"observed"
"NL",2010,"33",33,5e-04,FALSE,"observed"
"NL",2010,"34",34,0.00058,FALSE,"observed"
"NL",2010,"35",35,0.00053,FALSE,"observed"
"NL",2010,"36",36,0.00054,FALSE,"observed"
"NL",2010,"37",37,0.00062,FALSE,"observed"
"NL",2010,"38",38,0.00071,FALSE,"observed"
"NL",2010,"39",39,9e-04,FALSE,"observed"
"NL",2010,"40",40,0.00092,FALSE,"observed"
"NL",2010,"41",41,0.00096,FALSE,"observed"
"NL",2010,"42",42,0.00106,FALSE,"observed"
"NL",2010,"43",43,0.00109,FALSE,"observed"
"NL",2010,"44",44,0.00132,FALSE,"observed"
"NL",2010,"45",45,0.00141,FALSE,"observed"
"NL",2010,"46",46,0.00184,FALSE,"observed"
"NL",2010,"47",47,0.00171,FALSE,"observed"
"NL",2010,"48",48,0.00212,FALSE,"observed"
"NL",2010,"49",49,0.00218,FALSE,"observed"
"NL",2010,"50",50,0.00266,FALSE,"observed"
"NL",2010,"51",51,0.00289,FALSE,"observed"
"NL",2010,"52",52,0.00323,FALSE,"observed"
"NL",2010,"53",53,0.0034,FALSE,"observed"
"NL",2010,"54",54,0.00399,FALSE,"observed"
"NL",2010,"55",55,0.00443,FALSE,"observed"
"NL",2010,"56",56,0.0049,FALSE,"observed"
"NL",2010,"57",57,0.00507,FALSE,"observed"
"NL",2010,"58",58,0.00565,FALSE,"observed"
"NL",2010,"59",59,0.0062,FALSE,"observed"
"NL",2010,"60",60,0.00685,FALSE,"observed"
"NL",2010,"61",61,0.00708,FALSE,"observed"
"NL",2010,"62",62,0.00802,FALSE,"observed"
"NL",2010,"63",63,0.00908,FALSE,"observed"
"NL",2010,"64",64,0.00937,FALSE,"observed"
"NL",2010,"65",65,0.01098,FALSE,"observed"
"NL",2010,"66",66,0.01226,FALSE,"observed"
"NL",2010,"67",67,0.01275,FALSE,"observed"
"NL",2010,"68",68,0.01385,FALSE,"observed"
"NL",2010,"69",69,0.01586,FALSE,"observed"
"NL",2010,"70",70,0.01625,FALSE,"observed"
"NL",2010,"71",71,0.0183,FALSE,"observed"
"NL",2010,"72",72,0.02052,FALSE,"observed"
"NL",2010,"73",73,0.02327,FALSE,"observed"
"NL",2010,"74",74,0.02617,FALSE,"observed"
"NL",2010,"75",75,0.02985,FALSE,"observed"
"NL",2010,"76",76,0.03308,FALSE,"observed"
"NL",2010,"77",77,0.03737,FALSE,"observed"
"NL",2010,"78",78,0.04176,FALSE,"observed"
"NL",2010,"79",79,0.0454,FALSE,"observed"
"NL",2010,"80",80,0.05313,FALSE,"observed"
"NL",2010,"81",81,0.05761,FALSE,"observed"
"NL",2010,"82",82,0.0664,FALSE,"observed"
"NL",2010,"83",83,0.07411,FALSE,"observed"
"NL",2010,"84",84,0.08163,FALSE,"observed"
"NL",2010,"85",85,0.09091,FALSE,"observed"
"NL",2010,"86",86,0.10637,FALSE,"observed"
"NL",2010,"87",87,0.12118,FALSE,"observed"
"NL",2010,"88",88,0.13379,FALSE,"observed"
"NL",2010,"89",89,0.15338,FALSE,"observed"
"NL",2010,"90",90,0.17149,FALSE,"observed"
"NL",2010,"91",91,0.19094,FALSE,"observed"
"NL",2010,"92",92,0.21684,FALSE,"observed"
"NL",2010,"93",93,0.24025,FALSE,"observed"
"NL",2010,"94",94,0.26373,FALSE,"observed"
"NL",2010,"95",95,0.29113,FALSE,"observed"
"NL",2010,"96",96,0.32091,FALSE,"observed"
"NL",2010,"97",97,0.35236,FALSE,"observed"
"NL",2010,"98",98,0.38529,FALSE,"observed"
"NL",2010,"99",99,0.41945,FALSE,"observed"
"NL",2010,"100",100,0.45453,FALSE,"observed"
"NL",2010,"101",101,0.49019,FALSE,"observed"
"NL",2010,"102",102,0.52607,FALSE,"observed"
"NL",2010,"103",103,0.5618,FALSE,"observed"
"NL",2010,"104",104,0.59699,FALSE,"observed"
"NL",2010,"105",105,0.63129,FALSE,"observed"
"NL",2010,"106",106,0.66439,FALSE,"observed"
"NL",2010,"107",107,0.69601,FALSE,"observed"
"NL",2010,"108",108,0.72594,FALSE,"observed"
"NL",2010,"109",109,0.754,FALSE,"observed"
"NL",2010,"110+",110,0.7801,FALSE,"observed"
"NL",2011,"0",0,0.00357,FALSE,"observed"
"NL",2011,"1",1,0.00021,FALSE,"observed"
"NL",2011,"2",2,0.00018,FALSE,"observed"
"NL",2011,"3",3,0.00011,FALSE,"observed"
"NL",2011,"4",4,6e-05,FALSE,"observed"
"NL",2011,"5",5,1e-04,FALSE,"observed"
"NL",2011,"6",6,6e-05,FALSE,"observed"
"NL",2011,"7",7,8e-05,FALSE,"observed"
"NL",2011,"8",8,7e-05,FALSE,"observed"
"NL",2011,"9",9,7e-05,FALSE,"observed"
"NL",2011,"10",10,1e-04,FALSE,"observed"
"NL",2011,"11",11,8e-05,FALSE,"observed"
"NL",2011,"12",12,0.00011,FALSE,"observed"
"NL",2011,"13",13,0.00011,FALSE,"observed"
"NL",2011,"14",14,0.00012,FALSE,"observed"
"NL",2011,"15",15,0.00017,FALSE,"observed"
"NL",2011,"16",16,0.00016,FALSE,"observed"
"NL",2011,"17",17,2e-04,FALSE,"observed"
"NL",2011,"18",18,0.00029,FALSE,"observed"
"NL",2011,"19",19,0.00026,FALSE,"observed"
"NL",2011,"20",20,0.00037,FALSE,"observed"
"NL",2011,"21",21,3e-04,FALSE,"observed"
"NL",2011,"22",22,3e-04,FALSE,"observed"
"NL",2011,"23",23,0.00028,FALSE,"observed"
"NL",2011,"24",24,0.00032,FALSE,"observed"
"NL",2011,"25",25,0.00026,FALSE,"observed"
"NL",2011,"26",26,0.00033,FALSE,"observed"
"NL",2011,"27",27,0.00039,FALSE,"observed"
"NL",2011,"28",28,0.00036,FALSE,"observed"
"NL",2011,"29",29,0.00043,FALSE,"observed"
"NL",2011,"30",30,0.00033,FALSE,"observed"
"NL",2011,"31",31,0.00044,FALSE,"observed"
"NL",2011,"32",32,5e-04,FALSE,"observed"
"NL",2011,"33",33,0.00046,FALSE,"observed"
"NL",2011,"34",34,0.00049,FALSE,"observed"
"NL",2011,"35",35,0.00048,FALSE,"observed"
"NL",2011,"36",36,0.00062,FALSE,"observed"
"NL",2011,"37",37,0.00074,FALSE,"observed"
"NL",2011,"38",38,0.00079,FALSE,"observed"
"NL",2011,"39",39,0.00078,FALSE,"observed"
"NL",2011,"40",40,0.00089,FALSE,"observed"
"NL",2011,"41",41,0.00096,FALSE,"observed"
"NL",2011,"42",42,0.00104,FALSE,"observed"
"NL",2011,"43",43,0.00115,FALSE,"observed"
"NL",2011,"44",44,0.00128,FALSE,"observed"
"NL",2011,"45",45,0.00141,FALSE,"observed"
"NL",2011,"46",46,0.00163,FALSE,"observed"
"NL",2011,"47",47,0.00195,FALSE,"observed"
"NL",2011,"48",48,0.00206,FALSE,"observed"
"NL",2011,"49",49,0.00231,FALSE,"observed"
"NL",2011,"50",50,0.00248,FALSE,"observed"
"NL",2011,"51",51,0.00289,FALSE,"observed"
"NL",2011,"52",52,0.00299,FALSE,"observed"
"NL",2011,"53",53,0.00353,FALSE,"observed"
"NL",2011,"54",54,0.00374,FALSE,"observed"
"NL",2011,"55",55,0.00418,FALSE,"observed"
"NL",2011,"56",56,0.00481,FALSE,"observed"
"NL",2011,"57",57,0.00504,FALSE,"observed"
"NL",2011,"58",58,0.00571,FALSE,"observed"
"NL",2011,"59",59,0.006,FALSE,"observed"
"NL",2011,"60",60,0.00633,FALSE,"observed"
"NL",2011,"61",61,0.0069,FALSE,"observed"
"NL",2011,"62",62,0.00747,FALSE,"observed"
"NL",2011,"63",63,0.00871,FALSE,"observed"
"NL",2011,"64",64,0.00933,FALSE,"observed"
"NL",2011,"65",65,0.0101,FALSE,"observed"
"NL",2011,"66",66,0.01202,FALSE,"observed"
"NL",2011,"67",67,0.01209,FALSE,"observed"
"NL",2011,"68",68,0.01345,FALSE,"observed"
"NL",2011,"69",69,0.01514,FALSE,"observed"
"NL",2011,"70",70,0.01649,FALSE,"observed"
"NL",2011,"71",71,0.01813,FALSE,"observed"
"NL",2011,"72",72,0.01934,FALSE,"observed"
"NL",2011,"73",73,0.02246,FALSE,"observed"
"NL",2011,"74",74,0.02502,FALSE,"observed"
"NL",2011,"75",75,0.02843,FALSE,"observed"
"NL",2011,"76",76,0.03221,FALSE,"observed"
"NL",2011,"77",77,0.03415,FALSE,"observed"
"NL",2011,"78",78,0.03986,FALSE,"observed"
"NL",2011,"79",79,0.04475,FALSE,"observed"
"NL",2011,"80",80,0.05078,FALSE,"observed"
"NL",2011,"81",81,0.05862,FALSE,"observed"
"NL",2011,"82",82,0.06567,FALSE,"observed"
"NL",2011,"83",83,0.07207,FALSE,"observed"
"NL",2011,"84",84,0.08123,FALSE,"observed"
"NL",2011,"85",85,0.09033,FALSE,"observed"
"NL",2011,"86",86,0.1034,FALSE,"observed"
"NL",2011,"87",87,0.1169,FALSE,"observed"
"NL",2011,"88",88,0.13216,FALSE,"observed"
"NL",2011,"89",89,0.14703,FALSE,"observed"
"NL",2011,"90",90,0.16394,FALSE,"observed"
"NL",2011,"91",91,0.18627,FALSE,"observed"
"NL",2011,"92",92,0.21033,FALSE,"observed"
"NL",2011,"93",93,0.23669,FALSE,"observed"
"NL",2011,"94",94,0.24698,FALSE,"observed"
"NL",2011,"95",95,0.28118,FALSE,"observed"
"NL",2011,"96",96,0.30993,FALSE,"observed"
"NL",2011,"97",97,0.34038,FALSE,"observed"
"NL",2011,"98",98,0.37237,FALSE,"observed"
"NL",2011,"99",99,0.40566,FALSE,"observed"
"NL",2011,"100",100,0.43999,FALSE,"observed"
"NL",2011,"101",101,0.47503,FALSE,"observed"
"NL",2011,"102",102,0.51046,FALSE,"observed"
"NL",2011,"103",103,0.54589,FALSE,"observed"
"NL",2011,"104",104,0.58096,FALSE,"observed"
"NL",2011,"105",105,0.61533,FALSE,"observed"
"NL",2011,"106",106,0.64866,FALSE,"observed"
"NL",2011,"107",107,0.68067,FALSE,"observed"
"NL",2011,"108",108,0.71111,FALSE,"observed"
"NL",2011,"109",109,0.73981,FALSE,"observed"
"NL",2011,"110+",110,0.76663,FALSE,"observed"
"NL",2012,"0",0,0.00365,FALSE,"observed"
"NL",2012,"1",1,0.00028,FALSE,"observed"
"NL",2012,"2",2,0.00017,FALSE,"observed"
"NL",2012,"3",3,0.00012,FALSE,"observed"
"NL",2012,"4",4,0.00012,FALSE,"observed"
"NL",2012,"5",5,0.00011,FALSE,"observed"
"NL",2012,"6",6,0.00012,FALSE,"observed"
"NL",2012,"7",7,7e-05,FALSE,"observed"
"NL",2012,"8",8,0.00012,FALSE,"observed"
"NL",2012,"9",9,8e-05,FALSE,"observed"
"NL",2012,"10",10,1e-04,FALSE,"observed"
"NL",2012,"11",11,5e-05,FALSE,"observed"
"NL",2012,"12",12,0.00013,FALSE,"observed"
"NL",2012,"13",13,1e-04,FALSE,"observed"
"NL",2012,"14",14,0.00011,FALSE,"observed"
"NL",2012,"15",15,0.00014,FALSE,"observed"
"NL",2012,"16",16,0.00018,FALSE,"observed"
"NL",2012,"17",17,0.00024,FALSE,"observed"
"NL",2012,"18",18,0.00018,FALSE,"observed"
"NL",2012,"19",19,0.00025,FALSE,"observed"
"NL",2012,"20",20,0.00027,FALSE,"observed"
"NL",2012,"21",21,0.00034,FALSE,"observed"
"NL",2012,"22",22,0.00025,FALSE,"observed"
"NL",2012,"23",23,0.00038,FALSE,"observed"
"NL",2012,"24",24,0.00033,FALSE,"observed"
"NL",2012,"25",25,0.00029,FALSE,"observed"
"NL",2012,"26",26,0.00035,FALSE,"observed"
"NL",2012,"27",27,3e-04,FALSE,"observed"
"NL",2012,"28",28,3e-04,FALSE,"observed"
"NL",2012,"29",29,0.00042,FALSE,"observed"
"NL",2012,"30",30,0.00038,FALSE,"observed"
"NL",2012,"31",31,0.00046,FALSE,"observed"
"NL",2012,"32",32,0.00048,FALSE,"observed"
"NL",2012,"33",33,0.00057,FALSE,"observed"
"NL",2012,"34",34,0.00054,FALSE,"observed"
"NL",2012,"35",35,0.00053,FALSE,"observed"
"NL",2012,"36",36,0.00051,FALSE,"observed"
"NL",2012,"37",37,0.00062,FALSE,"observed"
"NL",2012,"38",38,0.00067,FALSE,"observed"
"NL",2012,"39",39,0.00075,FALSE,"observed"
"NL",2012,"40",40,0.00091,FALSE,"observed"
"NL",2012,"41",41,0.001,FALSE,"observed"
"NL",2012,"42",42,0.00097,FALSE,"observed"
"NL",2012,"43",43,0.00122,FALSE,"observed"
"NL",2012,"44",44,0.00111,FALSE,"observed"
"NL",2012,"45",45,0.00146,FALSE,"observed"
"NL",2012,"46",46,0.0015,FALSE,"observed"
"NL",2012,"47",47,0.00187,FALSE,"observed"
"NL",2012,"48",48,0.00203,FALSE,"observed"
"NL",2012,"49",49,0.00225,FALSE,"observed"
"NL",2012,"50",50,0.00257,FALSE,"observed"
"NL",2012,"51",51,0.00267,FALSE,"observed"
"NL",2012,"52",52,0.00305,FALSE,"observed"
"NL",2012,"53",53,0.00344,FALSE,"observed"
"NL",2012,"54",54,0.00372,FALSE,"observed"
"NL",2012,"55",55,0.00405,FALSE,"observed"
"NL",2012,"56",56,0.00443,FALSE,"observed"
"NL",2012,"57",57,0.00522,FALSE,"observed"
"NL",2012,"58",58,0.00561,FALSE,"observed"
"NL",2012,"59",59,0.00622,FALSE,"observed"
"NL",2012,"60",60,0.00655,FALSE,"observed"
"NL",2012,"61",61,0.00703,FALSE,"observed"
"NL",2012,"62",62,0.00789,FALSE,"observed"
"NL",2012,"63",63,0.00854,FALSE,"observed"
"NL",2012,"64",64,0.00952,FALSE,"observed"
"NL",2012,"65",65,0.01048,FALSE,"observed"
"NL",2012,"66",66,0.01116,FALSE,"observed"
"NL",2012,"67",67,0.01226,FALSE,"observed"
"NL",2012,"68",68,0.01385,FALSE,"observed"
"NL",2012,"69",69,0.01482,FALSE,"observed"
"NL",2012,"70",70,0.01674,FALSE,"observed"
"NL",2012,"71",71,0.01873,FALSE,"observed"
"NL",2012,"72",72,0.01968,FALSE,"observed"
"NL",2012,"73",73,0.02218,FALSE,"observed"
"NL",2012,"74",74,0.02406,FALSE,"observed"
"NL",2012,"75",75,0.02746,FALSE,"observed"
"NL",2012,"76",76,0.03052,FALSE,"observed"
"NL",2012,"77",77,0.03481,FALSE,"observed"
"NL",2012,"78",78,0.04058,FALSE,"observed"
"NL",2012,"79",79,0.04519,FALSE,"observed"
"NL",2012,"80",80,0.05104,FALSE,"observed"
"NL",2012,"81",81,0.05769,FALSE,"observed"
"NL",2012,"82",82,0.06513,FALSE,"observed"
"NL",2012,"83",83,0.07219,FALSE,"observed"
"NL",2012,"84",84,0.08329,FALSE,"observed"
"NL",2012,"85",85,0.09359,FALSE,"observed"
"NL",2012,"86",86,0.10661,FALSE,"observed"
"NL",2012,"87",87,0.12015,FALSE,"observed"
"NL",2012,"88",88,0.13266,FALSE,"observed"
"NL",2012,"89",89,0.14663,FALSE,"observed"
"NL",2012,"90",90,0.17614,FALSE,"observed"
"NL",2012,"91",91,0.19518,FALSE,"observed"
"NL",2012,"92",92,0.21966,FALSE,"observed"
"NL",2012,"93",93,0.23487,FALSE,"observed"
"NL",2012,"94",94,0.27064,FALSE,"observed"
"NL",2012,"95",95,0.29532,FALSE,"observed"
"NL",2012,"96",96,0.32595,FALSE,"observed"
"NL",2012,"97",97,0.3583,FALSE,"observed"
"NL",2012,"98",98,0.39216,FALSE,"observed"
"NL",2012,"99",99,0.42725,FALSE,"observed"
"NL",2012,"100",100,0.46324,FALSE,"observed"
"NL",2012,"101",101,0.49975,FALSE,"observed"
"NL",2012,"102",102,0.5364,FALSE,"observed"
"NL",2012,"103",103,0.57279,FALSE,"observed"
"NL",2012,"104",104,0.6085,FALSE,"observed"
"NL",2012,"105",105,0.64319,FALSE,"observed"
"NL",2012,"106",106,0.67651,FALSE,"observed"
"NL",2012,"107",107,0.7082,FALSE,"observed"
"NL",2012,"108",108,0.73804,FALSE,"observed"
"NL",2012,"109",109,0.76588,FALSE,"observed"
"NL",2012,"110+",110,0.79164,FALSE,"observed"
"NL",2013,"0",0,0.00373,FALSE,"observed"
"NL",2013,"1",1,0.00021,FALSE,"observed"
"NL",2013,"2",2,0.00011,FALSE,"observed"
"NL",2013,"3",3,0.00011,FALSE,"observed"
"NL",2013,"4",4,9e-05,FALSE,"observed"
"NL",2013,"5",5,9e-05,FALSE,"observed"
"NL",2013,"6",6,7e-05,FALSE,"observed"
"NL",2013,"7",7,1e-04,FALSE,"observed"
"NL",2013,"8",8,7e-05,FALSE,"observed"
"NL",2013,"9",9,5e-05,FALSE,"observed"
"NL",2013,"10",10,5e-05,FALSE,"observed"
"NL",2013,"11",11,0.00011,FALSE,"observed"
"NL",2013,"12",12,8e-05,FALSE,"observed"
"NL",2013,"13",13,1e-04,FALSE,"observed"
"NL",2013,"14",14,9e-05,FALSE,"observed"
"NL",2013,"15",15,0.00012,FALSE,"observed"
"NL",2013,"16",16,0.00018,FALSE,"observed"
"NL",2013,"17",17,0.00021,FALSE,"observed"
"NL",2013,"18",18,0.00026,FALSE,"observed"
"NL",2013,"19",19,0.00031,FALSE,"observed"
"NL",2013,"20",20,0.00027,FALSE,"observed"
"NL",2013,"21",21,0.00029,FALSE,"observed"
"NL",2013,"22",22,0.00026,FALSE,"observed"
"NL",2013,"23",23,0.00027,FALSE,"observed"
"NL",2013,"24",24,0.00029,FALSE,"observed"
"NL",2013,"25",25,0.00028,FALSE,"observed"
"NL",2013,"26",26,0.00038,FALSE,"observed"
"NL",2013,"27",27,0.00037,FALSE,"observed"
"NL",2013,"28",28,0.00034,FALSE,"observed"
"NL",2013,"29",29,0.00048,FALSE,"observed"
"NL",2013,"30",30,0.00037,FALSE,"observed"
"NL",2013,"31",31,0.00035,FALSE,"observed"
"NL",2013,"32",32,0.00038,FALSE,"observed"
"NL",2013,"33",33,4e-04,FALSE,"observed"
"NL",2013,"34",34,0.00048,FALSE,"observed"
"NL",2013,"35",35,0.00063,FALSE,"observed"
"NL",2013,"36",36,0.00051,FALSE,"observed"
"NL",2013,"37",37,0.00061,FALSE,"observed"
"NL",2013,"38",38,0.00065,FALSE,"observed"
"NL",2013,"39",39,0.00077,FALSE,"observed"
"NL",2013,"40",40,0.00077,FALSE,"observed"
"NL",2013,"41",41,0.00102,FALSE,"observed"
"NL",2013,"42",42,0.00091,FALSE,"observed"
"NL",2013,"43",43,0.00113,FALSE,"observed"
"NL",2013,"44",44,0.00117,FALSE,"observed"
"NL",2013,"45",45,0.00114,FALSE,"observed"
"NL",2013,"46",46,0.00155,FALSE,"observed"
"NL",2013,"47",47,0.00169,FALSE,"observed"
"NL",2013,"48",48,0.00192,FALSE,"observed"
"NL",2013,"49",49,0.00216,FALSE,"observed"
"NL",2013,"50",50,0.00231,FALSE,"observed"
"NL",2013,"51",51,0.00272,FALSE,"observed"
"NL",2013,"52",52,0.00286,FALSE,"observed"
"NL",2013,"53",53,0.00346,FALSE,"observed"
"NL",2013,"54",54,0.00367,FALSE,"observed"
"NL",2013,"55",55,0.00402,FALSE,"observed"
"NL",2013,"56",56,0.00453,FALSE,"observed"
"NL",2013,"57",57,0.00503,FALSE,"observed"
"NL",2013,"58",58,0.00527,FALSE,"observed"
"NL",2013,"59",59,0.00603,FALSE,"observed"
"NL",2013,"60",60,0.00665,FALSE,"observed"
"NL",2013,"61",61,0.00703,FALSE,"observed"
"NL",2013,"62",62,0.00769,FALSE,"observed"
"NL",2013,"63",63,0.00851,FALSE,"observed"
"NL",2013,"64",64,0.00919,FALSE,"observed"
"NL",2013,"65",65,0.01029,FALSE,"observed"
"NL",2013,"66",66,0.01102,FALSE,"observed"
"NL",2013,"67",67,0.01204,FALSE,"observed"
"NL",2013,"68",68,0.01365,FALSE,"observed"
"NL",2013,"69",69,0.01532,FALSE,"observed"
"NL",2013,"70",70,0.0162,FALSE,"observed"
"NL",2013,"71",71,0.01757,FALSE,"observed"
"NL",2013,"72",72,0.01909,FALSE,"observed"
"NL",2013,"73",73,0.02251,FALSE,"observed"
"NL",2013,"74",74,0.0235,FALSE,"observed"
"NL",2013,"75",75,0.02709,FALSE,"observed"
"NL",2013,"76",76,0.03,FALSE,"observed"
"NL",2013,"77",77,0.034,FALSE,"observed"
"NL",2013,"78",78,0.03695,FALSE,"observed"
"NL",2013,"79",79,0.0432,FALSE,"observed"
"NL",2013,"80",80,0.05142,FALSE,"observed"
"NL",2013,"81",81,0.05691,FALSE,"observed"
"NL",2013,"82",82,0.06261,FALSE,"observed"
"NL",2013,"83",83,0.07058,FALSE,"observed"
"NL",2013,"84",84,0.07993,FALSE,"observed"
"NL",2013,"85",85,0.09234,FALSE,"observed"
"NL",2013,"86",86,0.10324,FALSE,"observed"
"NL",2013,"87",87,0.11905,FALSE,"observed"
"NL",2013,"88",88,0.13359,FALSE,"observed"
"NL",2013,"89",89,0.1482,FALSE,"observed"
"NL",2013,"90",90,0.16983,FALSE,"observed"
"NL",2013,"91",91,0.19239,FALSE,"observed"
"NL",2013,"92",92,0.2126,FALSE,"observed"
"NL",2013,"93",93,0.23674,FALSE,"observed"
"NL",2013,"94",94,0.25861,FALSE,"observed"
"NL",2013,"95",95,0.29235,FALSE,"observed"
"NL",2013,"96",96,0.32282,FALSE,"observed"
"NL",2013,"97",97,0.35503,FALSE,"observed"
"NL",2013,"98",98,0.38875,FALSE,"observed"
"NL",2013,"99",99,0.42373,FALSE,"observed"
"NL",2013,"100",100,0.45964,FALSE,"observed"
"NL",2013,"101",101,0.49611,FALSE,"observed"
"NL",2013,"102",102,0.53276,FALSE,"observed"
"NL",2013,"103",103,0.56917,FALSE,"observed"
"NL",2013,"104",104,0.60495,FALSE,"observed"
"NL",2013,"105",105,0.63973,FALSE,"observed"
"NL",2013,"106",106,0.67319,FALSE,"observed"
"NL",2013,"107",107,0.70503,FALSE,"observed"
"NL",2013,"108",108,0.73505,FALSE,"observed"
"NL",2013,"109",109,0.76309,FALSE,"observed"
"NL",2013,"110+",110,0.78905,FALSE,"observed"
"NL",2014,"0",0,0.00365,FALSE,"observed"
"NL",2014,"1",1,0.00022,FALSE,"observed"
"NL",2014,"2",2,0.00011,FALSE,"observed"
"NL",2014,"3",3,0.00011,FALSE,"observed"
"NL",2014,"4",4,0.00011,FALSE,"observed"
"NL",2014,"5",5,8e-05,FALSE,"observed"
"NL",2014,"6",6,1e-04,FALSE,"observed"
"NL",2014,"7",7,6e-05,FALSE,"observed"
"NL",2014,"8",8,9e-05,FALSE,"observed"
"NL",2014,"9",9,7e-05,FALSE,"observed"
"NL",2014,"10",10,1e-04,FALSE,"observed"
"NL",2014,"11",11,1e-04,FALSE,"observed"
"NL",2014,"12",12,1e-04,FALSE,"observed"
"NL",2014,"13",13,1e-04,FALSE,"observed"
"NL",2014,"14",14,1e-04,FALSE,"observed"
"NL",2014,"15",15,0.00015,FALSE,"observed"
"NL",2014,"16",16,0.00021,FALSE,"observed"
"NL",2014,"17",17,0.00023,FALSE,"observed"
"NL",2014,"18",18,0.00029,FALSE,"observed"
"NL",2014,"19",19,0.00026,FALSE,"observed"
"NL",2014,"20",20,0.00018,FALSE,"observed"
"NL",2014,"21",21,0.00026,FALSE,"observed"
"NL",2014,"22",22,0.00021,FALSE,"observed"
"NL",2014,"23",23,0.00025,FALSE,"observed"
"NL",2014,"24",24,0.00034,FALSE,"observed"
"NL",2014,"25",25,0.00036,FALSE,"observed"
"NL",2014,"26",26,0.00032,FALSE,"observed"
"NL",2014,"27",27,0.00028,FALSE,"observed"
"NL",2014,"28",28,4e-04,FALSE,"observed"
"NL",2014,"29",29,0.00039,FALSE,"observed"
"NL",2014,"30",30,0.00041,FALSE,"observed"
"NL",2014,"31",31,0.00042,FALSE,"observed"
"NL",2014,"32",32,0.00039,FALSE,"observed"
"NL",2014,"33",33,0.00054,FALSE,"observed"
"NL",2014,"34",34,0.00044,FALSE,"observed"
"NL",2014,"35",35,0.00059,FALSE,"observed"
"NL",2014,"36",36,0.00053,FALSE,"observed"
"NL",2014,"37",37,0.00064,FALSE,"observed"
"NL",2014,"38",38,0.00065,FALSE,"observed"
"NL",2014,"39",39,0.00065,FALSE,"observed"
"NL",2014,"40",40,0.00079,FALSE,"observed"
"NL",2014,"41",41,0.00095,FALSE,"observed"
"NL",2014,"42",42,0.00096,FALSE,"observed"
"NL",2014,"43",43,0.00113,FALSE,"observed"
"NL",2014,"44",44,0.00123,FALSE,"observed"
"NL",2014,"45",45,0.0013,FALSE,"observed"
"NL",2014,"46",46,0.00151,FALSE,"observed"
"NL",2014,"47",47,0.00161,FALSE,"observed"
"NL",2014,"48",48,0.00195,FALSE,"observed"
"NL",2014,"49",49,0.00199,FALSE,"observed"
"NL",2014,"50",50,0.00247,FALSE,"observed"
"NL",2014,"51",51,0.00245,FALSE,"observed"
"NL",2014,"52",52,0.00271,FALSE,"observed"
"NL",2014,"53",53,0.00325,FALSE,"observed"
"NL",2014,"54",54,0.00364,FALSE,"observed"
"NL",2014,"55",55,0.00383,FALSE,"observed"
"NL",2014,"56",56,0.00408,FALSE,"observed"
"NL",2014,"57",57,0.00467,FALSE,"observed"
"NL",2014,"58",58,0.00509,FALSE,"observed"
"NL",2014,"59",59,0.0058,FALSE,"observed"
"NL",2014,"60",60,0.00634,FALSE,"observed"
"NL",2014,"61",61,0.00701,FALSE,"observed"
"NL",2014,"62",62,0.00763,FALSE,"observed"
"NL",2014,"63",63,0.00807,FALSE,"observed"
"NL",2014,"64",64,0.00877,FALSE,"observed"
"NL",2014,"65",65,0.00974,FALSE,"observed"
"NL",2014,"66",66,0.0103,FALSE,"observed"
"NL",2014,"67",67,0.01167,FALSE,"observed"
"NL",2014,"68",68,0.01302,FALSE,"observed"
"NL",2014,"69",69,0.01448,FALSE,"observed"
"NL",2014,"70",70,0.01597,FALSE,"observed"
"NL",2014,"71",71,0.01677,FALSE,"observed"
"NL",2014,"72",72,0.01931,FALSE,"observed"
"NL",2014,"73",73,0.02061,FALSE,"observed"
"NL",2014,"74",74,0.02292,FALSE,"observed"
"NL",2014,"75",75,0.02561,FALSE,"observed"
"NL",2014,"76",76,0.02903,FALSE,"observed"
"NL",2014,"77",77,0.03187,FALSE,"observed"
"NL",2014,"78",78,0.0366,FALSE,"observed"
"NL",2014,"79",79,0.04082,FALSE,"observed"
"NL",2014,"80",80,0.04705,FALSE,"observed"
"NL",2014,"81",81,0.05364,FALSE,"observed"
"NL",2014,"82",82,0.05932,FALSE,"observed"
"NL",2014,"83",83,0.07036,FALSE,"observed"
"NL",2014,"84",84,0.07701,FALSE,"observed"
"NL",2014,"85",85,0.08812,FALSE,"observed"
"NL",2014,"86",86,0.0977,FALSE,"observed"
"NL",2014,"87",87,0.11302,FALSE,"observed"
"NL",2014,"88",88,0.12665,FALSE,"observed"
"NL",2014,"89",89,0.1433,FALSE,"observed"
"NL",2014,"90",90,0.16319,FALSE,"observed"
"NL",2014,"91",91,0.18811,FALSE,"observed"
"NL",2014,"92",92,0.20268,FALSE,"observed"
"NL",2014,"93",93,0.23422,FALSE,"observed"
"NL",2014,"94",94,0.25705,FALSE,"observed"
"NL",2014,"95",95,0.28539,FALSE,"observed"
"NL",2014,"96",96,0.31598,FALSE,"observed"
"NL",2014,"97",97,0.34842,FALSE,"observed"
"NL",2014,"98",98,0.3825,FALSE,"observed"
"NL",2014,"99",99,0.41794,FALSE,"observed"
"NL",2014,"100",100,0.45441,FALSE,"observed"
"NL",2014,"101",101,0.49152,FALSE,"observed"
"NL",2014,"102",102,0.52887,FALSE,"observed"
"NL",2014,"103",103,0.56602,FALSE,"observed"
"NL",2014,"104",104,0.60256,FALSE,"observed"
"NL",2014,"105",105,0.63808,FALSE,"observed"
"NL",2014,"106",106,0.67223,FALSE,"observed"
"NL",2014,"107",107,0.70472,FALSE,"observed"
"NL",2014,"108",108,0.73532,FALSE,"observed"
"NL",2014,"109",109,0.76385,FALSE,"observed"
"NL",2014,"110+",110,0.79022,FALSE,"observed"
"NL",2015,"0",0,0.00326,FALSE,"observed"
"NL",2015,"1",1,0.00022,FALSE,"observed"
"NL",2015,"2",2,0.00011,FALSE,"observed"
"NL",2015,"3",3,0.00012,FALSE,"observed"
"NL",2015,"4",4,1e-04,FALSE,"observed"
"NL",2015,"5",5,4e-05,FALSE,"observed"
"NL",2015,"6",6,8e-05,FALSE,"observed"
"NL",2015,"7",7,6e-05,FALSE,"observed"
"NL",2015,"8",8,7e-05,FALSE,"observed"
"NL",2015,"9",9,7e-05,FALSE,"observed"
"NL",2015,"10",10,1e-04,FALSE,"observed"
"NL",2015,"11",11,6e-05,FALSE,"observed"
"NL",2015,"12",12,7e-05,FALSE,"observed"
"NL",2015,"13",13,8e-05,FALSE,"observed"
"NL",2015,"14",14,0.00012,FALSE,"observed"
"NL",2015,"15",15,0.00012,FALSE,"observed"
"NL",2015,"16",16,0.00014,FALSE,"observed"
"NL",2015,"17",17,0.00019,FALSE,"observed"
"NL",2015,"18",18,0.00023,FALSE,"observed"
"NL",2015,"19",19,0.00025,FALSE,"observed"
"NL",2015,"20",20,0.00024,FALSE,"observed"
"NL",2015,"21",21,0.00026,FALSE,"observed"
"NL",2015,"22",22,0.00022,FALSE,"observed"
"NL",2015,"23",23,0.00025,FALSE,"observed"
"NL",2015,"24",24,0.00032,FALSE,"observed"
"NL",2015,"25",25,0.00033,FALSE,"observed"
"NL",2015,"26",26,0.00038,FALSE,"observed"
"NL",2015,"27",27,0.00031,FALSE,"observed"
"NL",2015,"28",28,0.00035,FALSE,"observed"
"NL",2015,"29",29,0.00034,FALSE,"observed"
"NL",2015,"30",30,0.00043,FALSE,"observed"
"NL",2015,"31",31,0.00038,FALSE,"observed"
"NL",2015,"32",32,0.00039,FALSE,"observed"
"NL",2015,"33",33,0.00047,FALSE,"observed"
"NL",2015,"34",34,5e-04,FALSE,"observed"
"NL",2015,"35",35,0.00056,FALSE,"observed"
"NL",2015,"36",36,0.00055,FALSE,"observed"
"NL",2015,"37",37,0.00062,FALSE,"observed"
"NL",2015,"38",38,0.00061,FALSE,"observed"
"NL",2015,"39",39,0.00078,FALSE,"observed"
"NL",2015,"40",40,0.00076,FALSE,"observed"
"NL",2015,"41",41,0.00084,FALSE,"observed"
"NL",2015,"42",42,0.00098,FALSE,"observed"
"NL",2015,"43",43,0.00107,FALSE,"observed"
"NL",2015,"44",44,0.00108,FALSE,"observed"
"NL",2015,"45",45,0.00128,FALSE,"observed"
"NL",2015,"46",46,0.00152,FALSE,"observed"
"NL",2015,"47",47,0.0016,FALSE,"observed"
"NL",2015,"48",48,0.00185,FALSE,"observed"
"NL",2015,"49",49,0.00206,FALSE,"observed"
"NL",2015,"50",50,0.00217,FALSE,"observed"
"NL",2015,"51",51,0.00269,FALSE,"observed"
"NL",2015,"52",52,0.0027,FALSE,"observed"
"NL",2015,"53",53,0.00296,FALSE,"observed"
"NL",2015,"54",54,0.00351,FALSE,"observed"
"NL",2015,"55",55,0.00394,FALSE,"observed"
"NL",2015,"56",56,0.00406,FALSE,"observed"
"NL",2015,"57",57,0.00459,FALSE,"observed"
"NL",2015,"58",58,0.0053,FALSE,"observed"
"NL",2015,"59",59,0.00574,FALSE,"observed"
"NL",2015,"60",60,0.00639,FALSE,"observed"
"NL",2015,"61",61,0.00713,FALSE,"observed"
"NL",2015,"62",62,0.0076,FALSE,"observed"
"NL",2015,"63",63,0.0086,FALSE,"observed"
"NL",2015,"64",64,0.00881,FALSE,"observed"
"NL",2015,"65",65,0.01025,FALSE,"observed"
"NL",2015,"66",66,0.0111,FALSE,"observed"
"NL",2015,"67",67,0.01202,FALSE,"observed"
"NL",2015,"68",68,0.01291,FALSE,"observed"
"NL",2015,"69",69,0.01418,FALSE,"observed"
"NL",2015,"70",70,0.01646,FALSE,"observed"
"NL",2015,"71",71,0.01876,FALSE,"observed"
"NL",2015,"72",72,0.01893,FALSE,"observed"
"NL",2015,"73",73,0.0208,FALSE,"observed"
"NL",2015,"74",74,0.02382,FALSE,"observed"
"NL",2015,"75",75,0.02572,FALSE,"observed"
"NL",2015,"76",76,0.02944,FALSE,"observed"
"NL",2015,"77",77,0.03324,FALSE,"observed"
"NL",2015,"78",78,0.03733,FALSE,"observed"
"NL",2015,"79",79,0.04255,FALSE,"observed"
"NL",2015,"80",80,0.04854,FALSE,"observed"
"NL",2015,"81",81,0.05655,FALSE,"observed"
"NL",2015,"82",82,0.06262,FALSE,"observed"
"NL",2015,"83",83,0.07026,FALSE,"observed"
"NL",2015,"84",84,0.07937,FALSE,"observed"
"NL",2015,"85",85,0.09196,FALSE,"observed"
"NL",2015,"86",86,0.10668,FALSE,"observed"
"NL",2015,"87",87,0.11703,FALSE,"observed"
"NL",2015,"88",88,0.134,FALSE,"observed"
"NL",2015,"89",89,0.14767,FALSE,"observed"
"NL",2015,"90",90,0.16935,FALSE,"observed"
"NL",2015,"91",91,0.19617,FALSE,"observed"
"NL",2015,"92",92,0.22009,FALSE,"observed"
"NL",2015,"93",93,0.24497,FALSE,"observed"
"NL",2015,"94",94,0.27114,FALSE,"observed"
"NL",2015,"95",95,0.2984,FALSE,"observed"
"NL",2015,"96",96,0.32989,FALSE,"observed"
"NL",2015,"97",97,0.36313,FALSE,"observed"
"NL",2015,"98",98,0.39788,FALSE,"observed"
"NL",2015,"99",99,0.43385,FALSE,"observed"
"NL",2015,"100",100,0.47066,FALSE,"observed"
"NL",2015,"101",101,0.50794,FALSE,"observed"
"NL",2015,"102",102,0.54526,FALSE,"observed"
"NL",2015,"103",103,0.58219,FALSE,"observed"
"NL",2015,"104",104,0.61832,FALSE,"observed"
"NL",2015,"105",105,0.65328,FALSE,"observed"
"NL",2015,"106",106,0.68674,FALSE,"observed"
"NL",2015,"107",107,0.71843,FALSE,"observed"
"NL",2015,"108",108,0.74814,FALSE,"observed"
"NL",2015,"109",109,0.77574,FALSE,"observed"
"NL",2015,"110+",110,0.80115,FALSE,"observed"
"NL",2016,"0",0,0.00347,FALSE,"observed"
"NL",2016,"1",1,0.00021,FALSE,"observed"
"NL",2016,"2",2,0.00015,FALSE,"observed"
"NL",2016,"3",3,0.00012,FALSE,"observed"
"NL",2016,"4",4,0.00013,FALSE,"observed"
"NL",2016,"5",5,5e-05,FALSE,"observed"
"NL",2016,"6",6,5e-05,FALSE,"observed"
"NL",2016,"7",7,5e-05,FALSE,"observed"
"NL",2016,"8",8,1e-04,FALSE,"observed"
"NL",2016,"9",9,4e-05,FALSE,"observed"
"NL",2016,"10",10,9e-05,FALSE,"observed"
"NL",2016,"11",11,7e-05,FALSE,"observed"
"NL",2016,"12",12,9e-05,FALSE,"observed"
"NL",2016,"13",13,5e-05,FALSE,"observed"
"NL",2016,"14",14,1e-04,FALSE,"observed"
"NL",2016,"15",15,0.00011,FALSE,"observed"
"NL",2016,"16",16,0.00013,FALSE,"observed"
"NL",2016,"17",17,0.00018,FALSE,"observed"
"NL",2016,"18",18,0.00024,FALSE,"observed"
"NL",2016,"19",19,0.00024,FALSE,"observed"
"NL",2016,"20",20,3e-04,FALSE,"observed"
"NL",2016,"21",21,0.00028,FALSE,"observed"
"NL",2016,"22",22,0.00032,FALSE,"observed"
"NL",2016,"23",23,0.00031,FALSE,"observed"
"NL",2016,"24",24,0.00027,FALSE,"observed"
"NL",2016,"25",25,0.00029,FALSE,"observed"
"NL",2016,"26",26,0.00035,FALSE,"observed"
"NL",2016,"27",27,0.00033,FALSE,"observed"
"NL",2016,"28",28,4e-04,FALSE,"observed"
"NL",2016,"29",29,0.00033,FALSE,"observed"
"NL",2016,"30",30,0.00043,FALSE,"observed"
"NL",2016,"31",31,0.00044,FALSE,"observed"
"NL",2016,"32",32,0.00051,FALSE,"observed"
"NL",2016,"33",33,0.00048,FALSE,"observed"
"NL",2016,"34",34,0.00049,FALSE,"observed"
"NL",2016,"35",35,0.00062,FALSE,"observed"
"NL",2016,"36",36,0.00053,FALSE,"observed"
"NL",2016,"37",37,0.00063,FALSE,"observed"
"NL",2016,"38",38,6e-04,FALSE,"observed"
"NL",2016,"39",39,0.00063,FALSE,"observed"
"NL",2016,"40",40,0.00084,FALSE,"observed"
"NL",2016,"41",41,0.00079,FALSE,"observed"
"NL",2016,"42",42,0.00094,FALSE,"observed"
"NL",2016,"43",43,0.00111,FALSE,"observed"
"NL",2016,"44",44,0.00127,FALSE,"observed"
"NL",2016,"45",45,0.00138,FALSE,"observed"
"NL",2016,"46",46,0.00144,FALSE,"observed"
"NL",2016,"47",47,0.00153,FALSE,"observed"
"NL",2016,"48",48,0.00179,FALSE,"observed"
"NL",2016,"49",49,0.00182,FALSE,"observed"
"NL",2016,"50",50,0.00214,FALSE,"observed"
"NL",2016,"51",51,0.00263,FALSE,"observed"
"NL",2016,"52",52,0.00285,FALSE,"observed"
"NL",2016,"53",53,0.00309,FALSE,"observed"
"NL",2016,"54",54,0.00346,FALSE,"observed"
"NL",2016,"55",55,0.00375,FALSE,"observed"
"NL",2016,"56",56,0.0045,FALSE,"observed"
"NL",2016,"57",57,0.00484,FALSE,"observed"
"NL",2016,"58",58,0.00493,FALSE,"observed"
"NL",2016,"59",59,0.00563,FALSE,"observed"
"NL",2016,"60",60,0.00628,FALSE,"observed"
"NL",2016,"61",61,0.0068,FALSE,"observed"
"NL",2016,"62",62,0.00792,FALSE,"observed"
"NL",2016,"63",63,0.00841,FALSE,"observed"
"NL",2016,"64",64,0.00868,FALSE,"observed"
"NL",2016,"65",65,0.01014,FALSE,"observed"
"NL",2016,"66",66,0.01053,FALSE,"observed"
"NL",2016,"67",67,0.01223,FALSE,"observed"
"NL",2016,"68",68,0.01317,FALSE,"observed"
"NL",2016,"69",69,0.014,FALSE,"observed"
"NL",2016,"70",70,0.01576,FALSE,"observed"
"NL",2016,"71",71,0.01715,FALSE,"observed"
"NL",2016,"72",72,0.0192,FALSE,"observed"
"NL",2016,"73",73,0.02082,FALSE,"observed"
"NL",2016,"74",74,0.02425,FALSE,"observed"
"NL",2016,"75",75,0.02555,FALSE,"observed"
"NL",2016,"76",76,0.02897,FALSE,"observed"
"NL",2016,"77",77,0.03263,FALSE,"observed"
"NL",2016,"78",78,0.03588,FALSE,"observed"
"NL",2016,"79",79,0.04153,FALSE,"observed"
"NL",2016,"80",80,0.04812,FALSE,"observed"
"NL",2016,"81",81,0.05289,FALSE,"observed"
"NL",2016,"82",82,0.06163,FALSE,"observed"
"NL",2016,"83",83,0.07114,FALSE,"observed"
"NL",2016,"84",84,0.0785,FALSE,"observed"
"NL",2016,"85",85,0.09212,FALSE,"observed"
"NL",2016,"86",86,0.10267,FALSE,"observed"
"NL",2016,"87",87,0.11672,FALSE,"observed"
"NL",2016,"88",88,0.13151,FALSE,"observed"
"NL",2016,"89",89,0.1516,FALSE,"observed"
"NL",2016,"90",90,0.1739,FALSE,"observed"
"NL",2016,"91",91,0.19191,FALSE,"observed"
"NL",2016,"92",92,0.2218,FALSE,"observed"
"NL",2016,"93",93,0.23183,FALSE,"observed"
"NL",2016,"94",94,0.27066,FALSE,"observed"
"NL",2016,"95",95,0.29867,FALSE,"observed"
"NL",2016,"96",96,0.33067,FALSE,"observed"
"NL",2016,"97",97,0.36449,FALSE,"observed"
"NL",2016,"98",98,0.39988,FALSE,"observed"
"NL",2016,"99",99,0.43651,FALSE,"observed"
"NL",2016,"100",100,0.47401,FALSE,"observed"
"NL",2016,"101",101,0.51197,FALSE,"observed"
"NL",2016,"102",102,0.54992,FALSE,"observed"
"NL",2016,"103",103,0.58743,FALSE,"observed"
"NL",2016,"104",104,0.62406,FALSE,"observed"
"NL",2016,"105",105,0.65942,FALSE,"observed"
"NL",2016,"106",106,0.69318,FALSE,"observed"
"NL",2016,"107",107,0.72505,FALSE,"observed"
"NL",2016,"108",108,0.75483,FALSE,"observed"
"NL",2016,"109",109,0.78241,FALSE,"observed"
"NL",2016,"110+",110,0.8077,FALSE,"observed"
"NL",2017,"0",0,0.00356,FALSE,"observed"
"NL",2017,"1",1,0.00022,FALSE,"observed"
"NL",2017,"2",2,0.00011,FALSE,"observed"
"NL",2017,"3",3,7e-05,FALSE,"observed"
"NL",2017,"4",4,1e-04,FALSE,"observed"
"NL",2017,"5",5,8e-05,FALSE,"observed"
"NL",2017,"6",6,0.00011,FALSE,"observed"
"NL",2017,"7",7,9e-05,FALSE,"observed"
"NL",2017,"8",8,6e-05,FALSE,"observed"
"NL",2017,"9",9,9e-05,FALSE,"observed"
"NL",2017,"10",10,7e-05,FALSE,"observed"
"NL",2017,"11",11,7e-05,FALSE,"observed"
"NL",2017,"12",12,1e-04,FALSE,"observed"
"NL",2017,"13",13,0.00014,FALSE,"observed"
"NL",2017,"14",14,0.00013,FALSE,"observed"
"NL",2017,"15",15,0.00017,FALSE,"observed"
"NL",2017,"16",16,0.00016,FALSE,"observed"
"NL",2017,"17",17,0.00025,FALSE,"observed"
"NL",2017,"18",18,0.00026,FALSE,"observed"
"NL",2017,"19",19,0.00025,FALSE,"observed"
"NL",2017,"20",20,0.00027,FALSE,"observed"
"NL",2017,"21",21,0.00022,FALSE,"observed"
"NL",2017,"22",22,0.00026,FALSE,"observed"
"NL",2017,"23",23,0.00033,FALSE,"observed"
"NL",2017,"24",24,0.00034,FALSE,"observed"
"NL",2017,"25",25,0.00031,FALSE,"observed"
"NL",2017,"26",26,3e-04,FALSE,"observed"
"NL",2017,"27",27,3e-04,FALSE,"observed"
"NL",2017,"28",28,0.00038,FALSE,"observed"
"NL",2017,"29",29,0.00034,FALSE,"observed"
"NL",2017,"30",30,0.00036,FALSE,"observed"
"NL",2017,"31",31,0.00038,FALSE,"observed"
"NL",2017,"32",32,0.00043,FALSE,"observed"
"NL",2017,"33",33,0.00052,FALSE,"observed"
"NL",2017,"34",34,0.00044,FALSE,"observed"
"NL",2017,"35",35,0.00049,FALSE,"observed"
"NL",2017,"36",36,0.00053,FALSE,"observed"
"NL",2017,"37",37,0.00063,FALSE,"observed"
"NL",2017,"38",38,0.00065,FALSE,"observed"
"NL",2017,"39",39,0.00079,FALSE,"observed"
"NL",2017,"40",40,0.00065,FALSE,"observed"
"NL",2017,"41",41,0.00082,FALSE,"observed"
"NL",2017,"42",42,0.00096,FALSE,"observed"
"NL",2017,"43",43,0.00112,FALSE,"observed"
"NL",2017,"44",44,0.00125,FALSE,"observed"
"NL",2017,"45",45,0.00115,FALSE,"observed"
"NL",2017,"46",46,0.00139,FALSE,"observed"
"NL",2017,"47",47,0.00164,FALSE,"observed"
"NL",2017,"48",48,0.00182,FALSE,"observed"
"NL",2017,"49",49,0.00197,FALSE,"observed"
"NL",2017,"50",50,0.00208,FALSE,"observed"
"NL",2017,"51",51,0.0022,FALSE,"observed"
"NL",2017,"52",52,0.0026,FALSE,"observed"
"NL",2017,"53",53,0.00291,FALSE,"observed"
"NL",2017,"54",54,0.00344,FALSE,"observed"
"NL",2017,"55",55,0.00379,FALSE,"observed"
"NL",2017,"56",56,0.00377,FALSE,"observed"
"NL",2017,"57",57,0.00426,FALSE,"observed"
"NL",2017,"58",58,0.00505,FALSE,"observed"
"NL",2017,"59",59,0.00546,FALSE,"observed"
"NL",2017,"60",60,0.00625,FALSE,"observed"
"NL",2017,"61",61,0.00669,FALSE,"observed"
"NL",2017,"62",62,0.00745,FALSE,"observed"
"NL",2017,"63",63,0.00823,FALSE,"observed"
"NL",2017,"64",64,0.00864,FALSE,"observed"
"NL",2017,"65",65,0.00921,FALSE,"observed"
"NL",2017,"66",66,0.01074,FALSE,"observed"
"NL",2017,"67",67,0.01125,FALSE,"observed"
"NL",2017,"68",68,0.01226,FALSE,"observed"
"NL",2017,"69",69,0.01387,FALSE,"observed"
"NL",2017,"70",70,0.01485,FALSE,"observed"
"NL",2017,"71",71,0.01724,FALSE,"observed"
"NL",2017,"72",72,0.01863,FALSE,"observed"
"NL",2017,"73",73,0.0206,FALSE,"observed"
"NL",2017,"74",74,0.02298,FALSE,"observed"
"NL",2017,"75",75,0.02564,FALSE,"observed"
"NL",2017,"76",76,0.02884,FALSE,"observed"
"NL",2017,"77",77,0.0311,FALSE,"observed"
"NL",2017,"78",78,0.03508,FALSE,"observed"
"NL",2017,"79",79,0.0406,FALSE,"observed"
"NL",2017,"80",80,0.04672,FALSE,"observed"
"NL",2017,"81",81,0.05374,FALSE,"observed"
"NL",2017,"82",82,0.05979,FALSE,"observed"
"NL",2017,"83",83,0.06826,FALSE,"observed"
"NL",2017,"84",84,0.07944,FALSE,"observed"
"NL",2017,"85",85,0.09215,FALSE,"observed"
"NL",2017,"86",86,0.10103,FALSE,"observed"
"NL",2017,"87",87,0.1181,FALSE,"observed"
"NL",2017,"88",88,0.13195,FALSE,"observed"
"NL",2017,"89",89,0.15263,FALSE,"observed"
"NL",2017,"90",90,0.16821,FALSE,"observed"
"NL",2017,"91",91,0.18861,FALSE,"observed"
"NL",2017,"92",92,0.22266,FALSE,"observed"
"NL",2017,"93",93,0.25365,FALSE,"observed"
"NL",2017,"94",94,0.26856,FALSE,"observed"
"NL",2017,"95",95,0.30307,FALSE,"observed"
"NL",2017,"96",96,0.33588,FALSE,"observed"
"NL",2017,"97",97,0.37053,FALSE,"observed"
"NL",2017,"98",98,0.40672,FALSE,"observed"
"NL",2017,"99",99,0.4441,FALSE,"observed"
"NL",2017,"100",100,0.48229,FALSE,"observed"
"NL",2017,"101",101,0.52083,FALSE,"observed"
"NL",2017,"102",102,0.55925,FALSE,"observed"
"NL",2017,"103",103,0.59709,FALSE,"observed"
"NL",2017,"104",104,0.63391,FALSE,"observed"
"NL",2017,"105",105,0.66933,FALSE,"observed"
"NL",2017,"106",106,0.703,FALSE,"observed"
"NL",2017,"107",107,0.73466,FALSE,"observed"
"NL",2017,"108",108,0.76413,FALSE,"observed"
"NL",2017,"109",109,0.79131,FALSE,"observed"
"NL",2017,"110+",110,0.81613,FALSE,"observed"
"NL",2018,"0",0,0.00344,FALSE,"observed"
"NL",2018,"1",1,0.00019,FALSE,"observed"
"NL",2018,"2",2,0.00013,FALSE,"observed"
"NL",2018,"3",3,0.00011,FALSE,"observed"
"NL",2018,"4",4,0.00011,FALSE,"observed"
"NL",2018,"5",5,8e-05,FALSE,"observed"
"NL",2018,"6",6,1e-04,FALSE,"observed"
"NL",2018,"7",7,7e-05,FALSE,"observed"
"NL",2018,"8",8,5e-05,FALSE,"observed"
"NL",2018,"9",9,6e-05,FALSE,"observed"
"NL",2018,"10",10,4e-05,FALSE,"observed"
"NL",2018,"11",11,6e-05,FALSE,"observed"
"NL",2018,"12",12,7e-05,FALSE,"observed"
"NL",2018,"13",13,7e-05,FALSE,"observed"
"NL",2018,"14",14,0.00012,FALSE,"observed"
"NL",2018,"15",15,0.00014,FALSE,"observed"
"NL",2018,"16",16,0.00017,FALSE,"observed"
"NL",2018,"17",17,0.00025,FALSE,"observed"
"NL",2018,"18",18,0.00016,FALSE,"observed"
"NL",2018,"19",19,0.00028,FALSE,"observed"
"NL",2018,"20",20,0.00028,FALSE,"observed"
"NL",2018,"21",21,0.00026,FALSE,"observed"
"NL",2018,"22",22,0.00029,FALSE,"observed"
"NL",2018,"23",23,0.00025,FALSE,"observed"
"NL",2018,"24",24,0.00028,FALSE,"observed"
"NL",2018,"25",25,0.00033,FALSE,"observed"
"NL",2018,"26",26,0.00032,FALSE,"observed"
"NL",2018,"27",27,0.00031,FALSE,"observed"
"NL",2018,"28",28,0.00035,FALSE,"observed"
"NL",2018,"29",29,4e-04,FALSE,"observed"
"NL",2018,"30",30,0.00043,FALSE,"observed"
"NL",2018,"31",31,0.00043,FALSE,"observed"
"NL",2018,"32",32,0.00045,FALSE,"observed"
"NL",2018,"33",33,0.00043,FALSE,"observed"
"NL",2018,"34",34,0.00042,FALSE,"observed"
"NL",2018,"35",35,0.00053,FALSE,"observed"
"NL",2018,"36",36,0.00054,FALSE,"observed"
"NL",2018,"37",37,0.00065,FALSE,"observed"
"NL",2018,"38",38,0.00061,FALSE,"observed"
"NL",2018,"39",39,7e-04,FALSE,"observed"
"NL",2018,"40",40,0.00068,FALSE,"observed"
"NL",2018,"41",41,0.00084,FALSE,"observed"
"NL",2018,"42",42,0.001,FALSE,"observed"
"NL",2018,"43",43,0.00097,FALSE,"observed"
"NL",2018,"44",44,0.00121,FALSE,"observed"
"NL",2018,"45",45,0.00118,FALSE,"observed"
"NL",2018,"46",46,0.00148,FALSE,"observed"
"NL",2018,"47",47,0.00149,FALSE,"observed"
"NL",2018,"48",48,0.00165,FALSE,"observed"
"NL",2018,"49",49,0.00174,FALSE,"observed"
"NL",2018,"50",50,0.00202,FALSE,"observed"
"NL",2018,"51",51,0.00244,FALSE,"observed"
"NL",2018,"52",52,0.00245,FALSE,"observed"
"NL",2018,"53",53,0.00285,FALSE,"observed"
"NL",2018,"54",54,0.00331,FALSE,"observed"
"NL",2018,"55",55,0.00353,FALSE,"observed"
"NL",2018,"56",56,0.00392,FALSE,"observed"
"NL",2018,"57",57,0.00461,FALSE,"observed"
"NL",2018,"58",58,0.00486,FALSE,"observed"
"NL",2018,"59",59,0.00555,FALSE,"observed"
"NL",2018,"60",60,0.00613,FALSE,"observed"
"NL",2018,"61",61,0.00665,FALSE,"observed"
"NL",2018,"62",62,0.00741,FALSE,"observed"
"NL",2018,"63",63,0.00805,FALSE,"observed"
"NL",2018,"64",64,0.00901,FALSE,"observed"
"NL",2018,"65",65,0.0097,FALSE,"observed"
"NL",2018,"66",66,0.01088,FALSE,"observed"
"NL",2018,"67",67,0.01119,FALSE,"observed"
"NL",2018,"68",68,0.01224,FALSE,"observed"
"NL",2018,"69",69,0.01356,FALSE,"observed"
"NL",2018,"70",70,0.01525,FALSE,"observed"
"NL",2018,"71",71,0.01687,FALSE,"observed"
"NL",2018,"72",72,0.01878,FALSE,"observed"
"NL",2018,"73",73,0.02101,FALSE,"observed"
"NL",2018,"74",74,0.02321,FALSE,"observed"
"NL",2018,"75",75,0.02553,FALSE,"observed"
"NL",2018,"76",76,0.02851,FALSE,"observed"
"NL",2018,"77",77,0.03201,FALSE,"observed"
"NL",2018,"78",78,0.03563,FALSE,"observed"
"NL",2018,"79",79,0.03993,FALSE,"observed"
"NL",2018,"80",80,0.04518,FALSE,"observed"
"NL",2018,"81",81,0.05068,FALSE,"observed"
"NL",2018,"82",82,0.06094,FALSE,"observed"
"NL",2018,"83",83,0.06757,FALSE,"observed"
"NL",2018,"84",84,0.076,FALSE,"observed"
"NL",2018,"85",85,0.09176,FALSE,"observed"
"NL",2018,"86",86,0.10411,FALSE,"observed"
"NL",2018,"87",87,0.11756,FALSE,"observed"
"NL",2018,"88",88,0.13504,FALSE,"observed"
"NL",2018,"89",89,0.15307,FALSE,"observed"
"NL",2018,"90",90,0.17328,FALSE,"observed"
"NL",2018,"91",91,0.19439,FALSE,"observed"
"NL",2018,"92",92,0.21892,FALSE,"observed"
"NL",2018,"93",93,0.24505,FALSE,"observed"
"NL",2018,"94",94,0.28133,FALSE,"observed"
"NL",2018,"95",95,0.30529,FALSE,"observed"
"NL",2018,"96",96,0.33843,FALSE,"observed"
"NL",2018,"97",97,0.37335,FALSE,"observed"
"NL",2018,"98",98,0.40979,FALSE,"observed"
"NL",2018,"99",99,0.44738,FALSE,"observed"
"NL",2018,"100",100,0.48571,FALSE,"observed"
"NL",2018,"101",101,0.52434,FALSE,"observed"
"NL",2018,"102",102,0.5628,FALSE,"observed"
"NL",2018,"103",103,0.60063,FALSE,"observed"
"NL",2018,"104",104,0.63739,FALSE,"observed"
"NL",2018,"105",105,0.6727,FALSE,"observed"
"NL",2018,"106",106,0.70622,FALSE,"observed"
"NL",2018,"107",107,0.73772,FALSE,"observed"
"NL",2018,"108",108,0.767,FALSE,"observed"
"NL",2018,"109",109,0.79397,FALSE,"observed"
"NL",2018,"110+",110,0.81859,FALSE,"observed"
"NL",2019,"0",0,0.00365,FALSE,"observed"
"NL",2019,"1",1,0.00029,FALSE,"observed"
"NL",2019,"2",2,1e-04,FALSE,"observed"
"NL",2019,"3",3,1e-04,FALSE,"observed"
"NL",2019,"4",4,7e-05,FALSE,"observed"
"NL",2019,"5",5,8e-05,FALSE,"observed"
"NL",2019,"6",6,5e-05,FALSE,"observed"
"NL",2019,"7",7,6e-05,FALSE,"observed"
"NL",2019,"8",8,3e-05,FALSE,"observed"
"NL",2019,"9",9,5e-05,FALSE,"observed"
"NL",2019,"10",10,6e-05,FALSE,"observed"
"NL",2019,"11",11,5e-05,FALSE,"observed"
"NL",2019,"12",12,7e-05,FALSE,"observed"
"NL",2019,"13",13,8e-05,FALSE,"observed"
"NL",2019,"14",14,8e-05,FALSE,"observed"
"NL",2019,"15",15,0.00015,FALSE,"observed"
"NL",2019,"16",16,0.00012,FALSE,"observed"
"NL",2019,"17",17,0.00022,FALSE,"observed"
"NL",2019,"18",18,0.00023,FALSE,"observed"
"NL",2019,"19",19,0.00029,FALSE,"observed"
"NL",2019,"20",20,0.00029,FALSE,"observed"
"NL",2019,"21",21,0.00028,FALSE,"observed"
"NL",2019,"22",22,0.00036,FALSE,"observed"
"NL",2019,"23",23,0.00032,FALSE,"observed"
"NL",2019,"24",24,0.00028,FALSE,"observed"
"NL",2019,"25",25,0.00025,FALSE,"observed"
"NL",2019,"26",26,0.00032,FALSE,"observed"
"NL",2019,"27",27,0.00036,FALSE,"observed"
"NL",2019,"28",28,0.00037,FALSE,"observed"
"NL",2019,"29",29,0.00034,FALSE,"observed"
"NL",2019,"30",30,0.00034,FALSE,"observed"
"NL",2019,"31",31,0.00039,FALSE,"observed"
"NL",2019,"32",32,0.00043,FALSE,"observed"
"NL",2019,"33",33,0.00046,FALSE,"observed"
"NL",2019,"34",34,0.00052,FALSE,"observed"
"NL",2019,"35",35,0.00058,FALSE,"observed"
"NL",2019,"36",36,0.00056,FALSE,"observed"
"NL",2019,"37",37,0.00049,FALSE,"observed"
"NL",2019,"38",38,0.00068,FALSE,"observed"
"NL",2019,"39",39,0.00068,FALSE,"observed"
"NL",2019,"40",40,8e-04,FALSE,"observed"
"NL",2019,"41",41,0.00088,FALSE,"observed"
"NL",2019,"42",42,0.00095,FALSE,"observed"
"NL",2019,"43",43,0.00102,FALSE,"observed"
"NL",2019,"44",44,0.00108,FALSE,"observed"
"NL",2019,"45",45,0.00122,FALSE,"observed"
"NL",2019,"46",46,0.00134,FALSE,"observed"
"NL",2019,"47",47,0.00148,FALSE,"observed"
"NL",2019,"48",48,0.00147,FALSE,"observed"
"NL",2019,"49",49,0.00186,FALSE,"observed"
"NL",2019,"50",50,0.00198,FALSE,"observed"
"NL",2019,"51",51,0.00231,FALSE,"observed"
"NL",2019,"52",52,0.00253,FALSE,"observed"
"NL",2019,"53",53,0.00279,FALSE,"observed"
"NL",2019,"54",54,0.00292,FALSE,"observed"
"NL",2019,"55",55,0.00344,FALSE,"observed"
"NL",2019,"56",56,0.00376,FALSE,"observed"
"NL",2019,"57",57,0.0042,FALSE,"observed"
"NL",2019,"58",58,0.00469,FALSE,"observed"
"NL",2019,"59",59,0.00525,FALSE,"observed"
"NL",2019,"60",60,0.00572,FALSE,"observed"
"NL",2019,"61",61,0.00628,FALSE,"observed"
"NL",2019,"62",62,0.00696,FALSE,"observed"
"NL",2019,"63",63,0.00752,FALSE,"observed"
"NL",2019,"64",64,0.00861,FALSE,"observed"
"NL",2019,"65",65,0.00945,FALSE,"observed"
"NL",2019,"66",66,0.01001,FALSE,"observed"
"NL",2019,"67",67,0.01096,FALSE,"observed"
"NL",2019,"68",68,0.01236,FALSE,"observed"
"NL",2019,"69",69,0.01353,FALSE,"observed"
"NL",2019,"70",70,0.01492,FALSE,"observed"
"NL",2019,"71",71,0.0159,FALSE,"observed"
"NL",2019,"72",72,0.01785,FALSE,"observed"
"NL",2019,"73",73,0.02002,FALSE,"observed"
"NL",2019,"74",74,0.02219,FALSE,"observed"
"NL",2019,"75",75,0.02594,FALSE,"observed"
"NL",2019,"76",76,0.02781,FALSE,"observed"
"NL",2019,"77",77,0.03053,FALSE,"observed"
"NL",2019,"78",78,0.0347,FALSE,"observed"
"NL",2019,"79",79,0.0398,FALSE,"observed"
"NL",2019,"80",80,0.04503,FALSE,"observed"
"NL",2019,"81",81,0.05012,FALSE,"observed"
"NL",2019,"82",82,0.05787,FALSE,"observed"
"NL",2019,"83",83,0.06577,FALSE,"observed"
"NL",2019,"84",84,0.0757,FALSE,"observed"
"NL",2019,"85",85,0.08631,FALSE,"observed"
"NL",2019,"86",86,0.09946,FALSE,"observed"
"NL",2019,"87",87,0.11347,FALSE,"observed"
"NL",2019,"88",88,0.12987,FALSE,"observed"
"NL",2019,"89",89,0.14591,FALSE,"observed"
"NL",2019,"90",90,0.16908,FALSE,"observed"
"NL",2019,"91",91,0.18739,FALSE,"observed"
"NL",2019,"92",92,0.21178,FALSE,"observed"
"NL",2019,"93",93,0.24086,FALSE,"observed"
"NL",2019,"94",94,0.2585,FALSE,"observed"
"NL",2019,"95",95,0.29195,FALSE,"observed"
"NL",2019,"96",96,0.32356,FALSE,"observed"
"NL",2019,"97",97,0.35699,FALSE,"observed"
"NL",2019,"98",98,0.39199,FALSE,"observed"
"NL",2019,"99",99,0.42827,FALSE,"observed"
"NL",2019,"100",100,0.46546,FALSE,"observed"
"NL",2019,"101",101,0.50316,FALSE,"observed"
"NL",2019,"102",102,0.54095,FALSE,"observed"
"NL",2019,"103",103,0.57838,FALSE,"observed"
"NL",2019,"104",104,0.61503,FALSE,"observed"
"NL",2019,"105",105,0.65052,FALSE,"observed"
"NL",2019,"106",106,0.68449,FALSE,"observed"
"NL",2019,"107",107,0.71667,FALSE,"observed"
"NL",2019,"108",108,0.74683,FALSE,"observed"
"NL",2019,"109",109,0.77485,FALSE,"observed"
"NL",2019,"110+",110,0.80063,FALSE,"observed"
"NL",2020,"0",0,0.00384,FALSE,"observed"
"NL",2020,"1",1,0.00017,FALSE,"observed"
"NL",2020,"2",2,0.00012,FALSE,"observed"
"NL",2020,"3",3,1e-04,FALSE,"observed"
"NL",2020,"4",4,9e-05,FALSE,"observed"
"NL",2020,"5",5,8e-05,FALSE,"observed"
"NL",2020,"6",6,6e-05,FALSE,"observed"
"NL",2020,"7",7,5e-05,FALSE,"observed"
"NL",2020,"8",8,5e-05,FALSE,"observed"
"NL",2020,"9",9,4e-05,FALSE,"observed"
"NL",2020,"10",10,5e-05,FALSE,"observed"
"NL",2020,"11",11,6e-05,FALSE,"observed"
"NL",2020,"12",12,8e-05,FALSE,"observed"
"NL",2020,"13",13,8e-05,FALSE,"observed"
"NL",2020,"14",14,0.00021,FALSE,"observed"
"NL",2020,"15",15,0.00011,FALSE,"observed"
"NL",2020,"16",16,0.00015,FALSE,"observed"
"NL",2020,"17",17,0.00019,FALSE,"observed"
"NL",2020,"18",18,2e-04,FALSE,"observed"
"NL",2020,"19",19,0.00026,FALSE,"observed"
"NL",2020,"20",20,0.00029,FALSE,"observed"
"NL",2020,"21",21,3e-04,FALSE,"observed"
"NL",2020,"22",22,0.00023,FALSE,"observed"
"NL",2020,"23",23,0.00029,FALSE,"observed"
"NL",2020,"24",24,0.00025,FALSE,"observed"
"NL",2020,"25",25,0.00026,FALSE,"observed"
"NL",2020,"26",26,0.00031,FALSE,"observed"
"NL",2020,"27",27,0.00034,FALSE,"observed"
"NL",2020,"28",28,0.00033,FALSE,"observed"
"NL",2020,"29",29,0.00038,FALSE,"observed"
"NL",2020,"30",30,0.00037,FALSE,"observed"
"NL",2020,"31",31,0.00042,FALSE,"observed"
"NL",2020,"32",32,4e-04,FALSE,"observed"
"NL",2020,"33",33,5e-04,FALSE,"observed"
"NL",2020,"34",34,0.00059,FALSE,"observed"
"NL",2020,"35",35,0.00052,FALSE,"observed"
"NL",2020,"36",36,0.00058,FALSE,"observed"
"NL",2020,"37",37,7e-04,FALSE,"observed"
"NL",2020,"38",38,0.00075,FALSE,"observed"
"NL",2020,"39",39,0.00071,FALSE,"observed"
"NL",2020,"40",40,0.00084,FALSE,"observed"
"NL",2020,"41",41,0.00092,FALSE,"observed"
"NL",2020,"42",42,0.00103,FALSE,"observed"
"NL",2020,"43",43,0.00101,FALSE,"observed"
"NL",2020,"44",44,0.0011,FALSE,"observed"
"NL",2020,"45",45,0.00132,FALSE,"observed"
"NL",2020,"46",46,0.00154,FALSE,"observed"
"NL",2020,"47",47,0.00149,FALSE,"observed"
"NL",2020,"48",48,0.00182,FALSE,"observed"
"NL",2020,"49",49,0.00193,FALSE,"observed"
"NL",2020,"50",50,0.00217,FALSE,"observed"
"NL",2020,"51",51,0.00257,FALSE,"observed"
"NL",2020,"52",52,0.0027,FALSE,"observed"
"NL",2020,"53",53,0.00289,FALSE,"observed"
"NL",2020,"54",54,0.003,FALSE,"observed"
"NL",2020,"55",55,0.00326,FALSE,"observed"
"NL",2020,"56",56,0.00361,FALSE,"observed"
"NL",2020,"57",57,0.00389,FALSE,"observed"
"NL",2020,"58",58,0.00461,FALSE,"observed"
"NL",2020,"59",59,0.00518,FALSE,"observed"
"NL",2020,"60",60,0.00583,FALSE,"observed"
"NL",2020,"61",61,0.00645,FALSE,"observed"
"NL",2020,"62",62,0.00706,FALSE,"observed"
"NL",2020,"63",63,0.00836,FALSE,"observed"
"NL",2020,"64",64,0.00911,FALSE,"observed"
"NL",2020,"65",65,0.00952,FALSE,"observed"
"NL",2020,"66",66,0.01081,FALSE,"observed"
"NL",2020,"67",67,0.01194,FALSE,"observed"
"NL",2020,"68",68,0.01336,FALSE,"observed"
"NL",2020,"69",69,0.0139,FALSE,"observed"
"NL",2020,"70",70,0.01551,FALSE,"observed"
"NL",2020,"71",71,0.0178,FALSE,"observed"
"NL",2020,"72",72,0.01932,FALSE,"observed"
"NL",2020,"73",73,0.02092,FALSE,"observed"
"NL",2020,"74",74,0.02404,FALSE,"observed"
"NL",2020,"75",75,0.02745,FALSE,"observed"
"NL",2020,"76",76,0.03141,FALSE,"observed"
"NL",2020,"77",77,0.03498,FALSE,"observed"
"NL",2020,"78",78,0.03942,FALSE,"observed"
"NL",2020,"79",79,0.04363,FALSE,"observed"
"NL",2020,"80",80,0.05037,FALSE,"observed"
"NL",2020,"81",81,0.05543,FALSE,"observed"
"NL",2020,"82",82,0.0633,FALSE,"observed"
"NL",2020,"83",83,0.07324,FALSE,"observed"
"NL",2020,"84",84,0.08281,FALSE,"observed"
"NL",2020,"85",85,0.09287,FALSE,"observed"
"NL",2020,"86",86,0.11301,FALSE,"observed"
"NL",2020,"87",87,0.12714,FALSE,"observed"
"NL",2020,"88",88,0.14663,FALSE,"observed"
"NL",2020,"89",89,0.16349,FALSE,"observed"
"NL",2020,"90",90,0.18598,FALSE,"observed"
"NL",2020,"91",91,0.20569,FALSE,"observed"
"NL",2020,"92",92,0.22733,FALSE,"observed"
"NL",2020,"93",93,0.25975,FALSE,"observed"
"NL",2020,"94",94,0.28786,FALSE,"observed"
"NL",2020,"95",95,0.31801,FALSE,"observed"
"NL",2020,"96",96,0.35114,FALSE,"observed"
"NL",2020,"97",97,0.38587,FALSE,"observed"
"NL",2020,"98",98,0.42192,FALSE,"observed"
"NL",2020,"99",99,0.45895,FALSE,"observed"
"NL",2020,"100",100,0.49657,FALSE,"observed"
"NL",2020,"101",101,0.53435,FALSE,"observed"
"NL",2020,"102",102,0.57186,FALSE,"observed"
"NL",2020,"103",103,0.60868,FALSE,"observed"
"NL",2020,"104",104,0.6444,FALSE,"observed"
"NL",2020,"105",105,0.67869,FALSE,"observed"
"NL",2020,"106",106,0.71123,FALSE,"observed"
"NL",2020,"107",107,0.7418,FALSE,"observed"
"NL",2020,"108",108,0.77024,FALSE,"observed"
"NL",2020,"109",109,0.79646,FALSE,"observed"
"NL",2020,"110+",110,0.82043,FALSE,"observed"
"NL",2021,"0",0,0.00344,FALSE,"observed"
"NL",2021,"1",1,0.00019,FALSE,"observed"
"NL",2021,"2",2,0.00013,FALSE,"observed"
"NL",2021,"3",3,3e-05,FALSE,"observed"
"NL",2021,"4",4,9e-05,FALSE,"observed"
"NL",2021,"5",5,8e-05,FALSE,"observed"
"NL",2021,"6",6,5e-05,FALSE,"observed"
"NL",2021,"7",7,6e-05,FALSE,"observed"
"NL",2021,"8",8,6e-05,FALSE,"observed"
"NL",2021,"9",9,8e-05,FALSE,"observed"
"NL",2021,"10",10,6e-05,FALSE,"observed"
"NL",2021,"11",11,5e-05,FALSE,"observed"
"NL",2021,"12",12,1e-04,FALSE,"observed"
"NL",2021,"13",13,0.00011,FALSE,"observed"
"NL",2021,"14",14,0.00016,FALSE,"observed"
"NL",2021,"15",15,0.00012,FALSE,"observed"
"NL",2021,"16",16,0.00016,FALSE,"observed"
"NL",2021,"17",17,0.00015,FALSE,"observed"
"NL",2021,"18",18,0.00018,FALSE,"observed"
"NL",2021,"19",19,0.00026,FALSE,"observed"
"NL",2021,"20",20,0.00031,FALSE,"observed"
"NL",2021,"21",21,0.00029,FALSE,"observed"
"NL",2021,"22",22,3e-04,FALSE,"observed"
"NL",2021,"23",23,0.00034,FALSE,"observed"
"NL",2021,"24",24,0.00024,FALSE,"observed"
"NL",2021,"25",25,0.00035,FALSE,"observed"
"NL",2021,"26",26,0.00031,FALSE,"observed"
"NL",2021,"27",27,0.00038,FALSE,"observed"
"NL",2021,"28",28,0.00034,FALSE,"observed"
"NL",2021,"29",29,0.00043,FALSE,"observed"
"NL",2021,"30",30,4e-04,FALSE,"observed"
"NL",2021,"31",31,0.00047,FALSE,"observed"
"NL",2021,"32",32,0.00045,FALSE,"observed"
"NL",2021,"33",33,0.00047,FALSE,"observed"
"NL",2021,"34",34,0.00054,FALSE,"observed"
"NL",2021,"35",35,0.00053,FALSE,"observed"
"NL",2021,"36",36,0.00061,FALSE,"observed"
"NL",2021,"37",37,0.00061,FALSE,"observed"
"NL",2021,"38",38,0.00081,FALSE,"observed"
"NL",2021,"39",39,6e-04,FALSE,"observed"
"NL",2021,"40",40,0.00084,FALSE,"observed"
"NL",2021,"41",41,0.00093,FALSE,"observed"
"NL",2021,"42",42,0.00097,FALSE,"observed"
"NL",2021,"43",43,0.00107,FALSE,"observed"
"NL",2021,"44",44,0.00114,FALSE,"observed"
"NL",2021,"45",45,0.00143,FALSE,"observed"
"NL",2021,"46",46,0.00143,FALSE,"observed"
"NL",2021,"47",47,0.00157,FALSE,"observed"
"NL",2021,"48",48,0.00166,FALSE,"observed"
"NL",2021,"49",49,0.002,FALSE,"observed"
"NL",2021,"50",50,0.00241,FALSE,"observed"
"NL",2021,"51",51,0.00241,FALSE,"observed"
"NL",2021,"52",52,0.00259,FALSE,"observed"
"NL",2021,"53",53,0.00299,FALSE,"observed"
"NL",2021,"54",54,0.00327,FALSE,"observed"
"NL",2021,"55",55,0.00361,FALSE,"observed"
"NL",2021,"56",56,0.00431,FALSE,"observed"
"NL",2021,"57",57,0.00443,FALSE,"observed"
"NL",2021,"58",58,0.00496,FALSE,"observed"
"NL",2021,"59",59,0.00557,FALSE,"observed"
"NL",2021,"60",60,0.00613,FALSE,"observed"
"NL",2021,"61",61,0.00653,FALSE,"observed"
"NL",2021,"62",62,0.00759,FALSE,"observed"
"NL",2021,"63",63,0.00806,FALSE,"observed"
"NL",2021,"64",64,0.00918,FALSE,"observed"
"NL",2021,"65",65,0.01046,FALSE,"observed"
"NL",2021,"66",66,0.01082,FALSE,"observed"
"NL",2021,"67",67,0.01231,FALSE,"observed"
"NL",2021,"68",68,0.0133,FALSE,"observed"
"NL",2021,"69",69,0.01504,FALSE,"observed"
"NL",2021,"70",70,0.01686,FALSE,"observed"
"NL",2021,"71",71,0.01837,FALSE,"observed"
"NL",2021,"72",72,0.01923,FALSE,"observed"
"NL",2021,"73",73,0.02169,FALSE,"observed"
"NL",2021,"74",74,0.02391,FALSE,"observed"
"NL",2021,"75",75,0.02723,FALSE,"observed"
"NL",2021,"76",76,0.03139,FALSE,"observed"
"NL",2021,"77",77,0.03459,FALSE,"observed"
"NL",2021,"78",78,0.03831,FALSE,"observed"
"NL",2021,"79",79,0.04375,FALSE,"observed"
"NL",2021,"80",80,0.0491,FALSE,"observed"
"NL",2021,"81",81,0.05552,FALSE,"observed"
"NL",2021,"82",82,0.0624,FALSE,"observed"
"NL",2021,"83",83,0.06848,FALSE,"observed"
"NL",2021,"84",84,0.08122,FALSE,"observed"
"NL",2021,"85",85,0.09335,FALSE,"observed"
"NL",2021,"86",86,0.10562,FALSE,"observed"
"NL",2021,"87",87,0.12333,FALSE,"observed"
"NL",2021,"88",88,0.1402,FALSE,"observed"
"NL",2021,"89",89,0.15892,FALSE,"observed"
"NL",2021,"90",90,0.17904,FALSE,"observed"
"NL",2021,"91",91,0.20213,FALSE,"observed"
"NL",2021,"92",92,0.22426,FALSE,"observed"
"NL",2021,"93",93,0.25358,FALSE,"observed"
"NL",2021,"94",94,0.28073,FALSE,"observed"
"NL",2021,"95",95,0.311,FALSE,"observed"
"NL",2021,"96",96,0.34373,FALSE,"observed"
"NL",2021,"97",97,0.37814,FALSE,"observed"
"NL",2021,"98",98,0.41395,FALSE,"observed"
"NL",2021,"99",99,0.45081,FALSE,"observed"
"NL",2021,"100",100,0.48836,FALSE,"observed"
"NL",2021,"101",101,0.52617,FALSE,"observed"
"NL",2021,"102",102,0.56381,FALSE,"observed"
"NL",2021,"103",103,0.60084,FALSE,"observed"
"NL",2021,"104",104,0.63687,FALSE,"observed"
"NL",2021,"105",105,0.67152,FALSE,"observed"
"NL",2021,"106",106,0.70449,FALSE,"observed"
"NL",2021,"107",107,0.73552,FALSE,"observed"
"NL",2021,"108",108,0.76445,FALSE,"observed"
"NL",2021,"109",109,0.79117,FALSE,"observed"
"NL",2021,"110+",110,0.81563,FALSE,"observed"
"NL",2022,"0",0,0.0031,FALSE,"observed"
"NL",2022,"1",1,0.00023,FALSE,"observed"
"NL",2022,"2",2,0.00015,FALSE,"observed"
"NL",2022,"3",3,0.00016,FALSE,"observed"
"NL",2022,"4",4,1e-04,FALSE,"observed"
"NL",2022,"5",5,1e-04,FALSE,"observed"
"NL",2022,"6",6,6e-05,FALSE,"observed"
"NL",2022,"7",7,6e-05,FALSE,"observed"
"NL",2022,"8",8,0.00012,FALSE,"observed"
"NL",2022,"9",9,6e-05,FALSE,"observed"
"NL",2022,"10",10,8e-05,FALSE,"observed"
"NL",2022,"11",11,7e-05,FALSE,"observed"
"NL",2022,"12",12,0.00011,FALSE,"observed"
"NL",2022,"13",13,1e-04,FALSE,"observed"
"NL",2022,"14",14,0.00011,FALSE,"observed"
"NL",2022,"15",15,0.00019,FALSE,"observed"
"NL",2022,"16",16,0.00024,FALSE,"observed"
"NL",2022,"17",17,2e-04,FALSE,"observed"
"NL",2022,"18",18,0.00026,FALSE,"observed"
"NL",2022,"19",19,3e-04,FALSE,"observed"
"NL",2022,"20",20,0.00033,FALSE,"observed"
"NL",2022,"21",21,0.00035,FALSE,"observed"
"NL",2022,"22",22,0.00032,FALSE,"observed"
"NL",2022,"23",23,0.00027,FALSE,"observed"
"NL",2022,"24",24,0.00027,FALSE,"observed"
"NL",2022,"25",25,3e-04,FALSE,"observed"
"NL",2022,"26",26,0.00034,FALSE,"observed"
"NL",2022,"27",27,0.00032,FALSE,"observed"
"NL",2022,"28",28,0.00032,FALSE,"observed"
"NL",2022,"29",29,0.00037,FALSE,"observed"
"NL",2022,"30",30,0.00042,FALSE,"observed"
"NL",2022,"31",31,0.00047,FALSE,"observed"
"NL",2022,"32",32,0.00037,FALSE,"observed"
"NL",2022,"33",33,0.00055,FALSE,"observed"
"NL",2022,"34",34,0.00054,FALSE,"observed"
"NL",2022,"35",35,0.00047,FALSE,"observed"
"NL",2022,"36",36,0.00053,FALSE,"observed"
"NL",2022,"37",37,0.00065,FALSE,"observed"
"NL",2022,"38",38,0.00077,FALSE,"observed"
"NL",2022,"39",39,0.00066,FALSE,"observed"
"NL",2022,"40",40,0.00078,FALSE,"observed"
"NL",2022,"41",41,9e-04,FALSE,"observed"
"NL",2022,"42",42,0.00109,FALSE,"observed"
"NL",2022,"43",43,0.0011,FALSE,"observed"
"NL",2022,"44",44,0.00117,FALSE,"observed"
"NL",2022,"45",45,0.00124,FALSE,"observed"
"NL",2022,"46",46,0.0015,FALSE,"observed"
"NL",2022,"47",47,0.00153,FALSE,"observed"
"NL",2022,"48",48,0.00193,FALSE,"observed"
"NL",2022,"49",49,0.00202,FALSE,"observed"
"NL",2022,"50",50,0.00211,FALSE,"observed"
"NL",2022,"51",51,0.00249,FALSE,"observed"
"NL",2022,"52",52,0.00266,FALSE,"observed"
"NL",2022,"53",53,0.0029,FALSE,"observed"
"NL",2022,"54",54,0.00327,FALSE,"observed"
"NL",2022,"55",55,0.00363,FALSE,"observed"
"NL",2022,"56",56,0.00387,FALSE,"observed"
"NL",2022,"57",57,0.00414,FALSE,"observed"
"NL",2022,"58",58,0.00484,FALSE,"observed"
"NL",2022,"59",59,0.00497,FALSE,"observed"
"NL",2022,"60",60,0.00573,FALSE,"observed"
"NL",2022,"61",61,0.00613,FALSE,"observed"
"NL",2022,"62",62,0.00697,FALSE,"observed"
"NL",2022,"63",63,0.00779,FALSE,"observed"
"NL",2022,"64",64,0.00853,FALSE,"observed"
"NL",2022,"65",65,0.00961,FALSE,"observed"
"NL",2022,"66",66,0.01032,FALSE,"observed"
"NL",2022,"67",67,0.01188,FALSE,"observed"
"NL",2022,"68",68,0.01265,FALSE,"observed"
"NL",2022,"69",69,0.01447,FALSE,"observed"
"NL",2022,"70",70,0.01555,FALSE,"observed"
"NL",2022,"71",71,0.01728,FALSE,"observed"
"NL",2022,"72",72,0.01905,FALSE,"observed"
"NL",2022,"73",73,0.02097,FALSE,"observed"
"NL",2022,"74",74,0.02373,FALSE,"observed"
"NL",2022,"75",75,0.02631,FALSE,"observed"
"NL",2022,"76",76,0.02971,FALSE,"observed"
"NL",2022,"77",77,0.03327,FALSE,"observed"
"NL",2022,"78",78,0.03713,FALSE,"observed"
"NL",2022,"79",79,0.04204,FALSE,"observed"
"NL",2022,"80",80,0.04669,FALSE,"observed"
"NL",2022,"81",81,0.0515,FALSE,"observed"
"NL",2022,"82",82,0.06103,FALSE,"observed"
"NL",2022,"83",83,0.06675,FALSE,"observed"
"NL",2022,"84",84,0.07626,FALSE,"observed"
"NL",2022,"85",85,0.08938,FALSE,"observed"
"NL",2022,"86",86,0.1036,FALSE,"observed"
"NL",2022,"87",87,0.11837,FALSE,"observed"
"NL",2022,"88",88,0.14096,FALSE,"observed"
"NL",2022,"89",89,0.15834,FALSE,"observed"
"NL",2022,"90",90,0.18169,FALSE,"observed"
"NL",2022,"91",91,0.2041,FALSE,"observed"
"NL",2022,"92",92,0.22723,FALSE,"observed"
"NL",2022,"93",93,0.26277,FALSE,"observed"
"NL",2022,"94",94,0.28006,FALSE,"observed"
"NL",2022,"95",95,0.32011,FALSE,"observed"
"NL",2022,"96",96,0.35491,FALSE,"observed"
"NL",2022,"97",97,0.39142,FALSE,"observed"
"NL",2022,"98",98,0.42929,FALSE,"observed"
"NL",2022,"99",99,0.46812,FALSE,"observed"
"NL",2022,"100",100,0.50744,FALSE,"observed"
"NL",2022,"101",101,0.54679,FALSE,"observed"
"NL",2022,"102",102,0.58566,FALSE,"observed"
"NL",2022,"103",103,0.62359,FALSE,"observed"
"NL",2022,"104",104,0.66015,FALSE,"observed"
"NL",2022,"105",105,0.69498,FALSE,"observed"
"NL",2022,"106",106,0.72778,FALSE,"observed"
"NL",2022,"107",107,0.75834,FALSE,"observed"
"NL",2022,"108",108,0.78653,FALSE,"observed"
"NL",2022,"109",109,0.81229,FALSE,"observed"
"NL",2022,"110+",110,0.83562,FALSE,"observed"
"NL",2023,"0",0,0.0036,FALSE,"observed"
"NL",2023,"1",1,0.00018,FALSE,"observed"
"NL",2023,"2",2,0.00012,FALSE,"observed"
"NL",2023,"3",3,1e-04,FALSE,"observed"
"NL",2023,"4",4,8e-05,FALSE,"observed"
"NL",2023,"5",5,1e-04,FALSE,"observed"
"NL",2023,"6",6,6e-05,FALSE,"observed"
"NL",2023,"7",7,6e-05,FALSE,"observed"
"NL",2023,"8",8,7e-05,FALSE,"observed"
"NL",2023,"9",9,9e-05,FALSE,"observed"
"NL",2023,"10",10,7e-05,FALSE,"observed"
"NL",2023,"11",11,9e-05,FALSE,"observed"
"NL",2023,"12",12,7e-05,FALSE,"observed"
"NL",2023,"13",13,9e-05,FALSE,"observed"
"NL",2023,"14",14,0.00013,FALSE,"observed"
"NL",2023,"15",15,0.00011,FALSE,"observed"
"NL",2023,"16",16,0.00021,FALSE,"observed"
"NL",2023,"17",17,0.00017,FALSE,"observed"
"NL",2023,"18",18,3e-04,FALSE,"observed"
"NL",2023,"19",19,0.00026,FALSE,"observed"
"NL",2023,"20",20,0.00032,FALSE,"observed"
"NL",2023,"21",21,0.00026,FALSE,"observed"
"NL",2023,"22",22,0.00027,FALSE,"observed"
"NL",2023,"23",23,0.00027,FALSE,"observed"
"NL",2023,"24",24,4e-04,FALSE,"observed"
"NL",2023,"25",25,0.00029,FALSE,"observed"
"NL",2023,"26",26,0.00036,FALSE,"observed"
"NL",2023,"27",27,0.00033,FALSE,"observed"
"NL",2023,"28",28,0.00038,FALSE,"observed"
"NL",2023,"29",29,0.00039,FALSE,"observed"
"NL",2023,"30",30,0.00037,FALSE,"observed"
"NL",2023,"31",31,0.00043,FALSE,"observed"
"NL",2023,"32",32,0.00043,FALSE,"observed"
"NL",2023,"33",33,0.00049,FALSE,"observed"
"NL",2023,"34",34,0.00053,FALSE,"observed"
"NL",2023,"35",35,0.00057,FALSE,"observed"
"NL",2023,"36",36,0.00053,FALSE,"observed"
"NL",2023,"37",37,0.00069,FALSE,"observed"
"NL",2023,"38",38,0.00064,FALSE,"observed"
"NL",2023,"39",39,0.00078,FALSE,"observed"
"NL",2023,"40",40,0.00088,FALSE,"observed"
"NL",2023,"41",41,0.00088,FALSE,"observed"
"NL",2023,"42",42,0.00092,FALSE,"observed"
"NL",2023,"43",43,0.00113,FALSE,"observed"
"NL",2023,"44",44,0.00105,FALSE,"observed"
"NL",2023,"45",45,0.00127,FALSE,"observed"
"NL",2023,"46",46,0.00142,FALSE,"observed"
"NL",2023,"47",47,0.00132,FALSE,"observed"
"NL",2023,"48",48,0.00157,FALSE,"observed"
"NL",2023,"49",49,0.00178,FALSE,"observed"
"NL",2023,"50",50,0.00217,FALSE,"observed"
"NL",2023,"51",51,0.00224,FALSE,"observed"
"NL",2023,"52",52,0.00253,FALSE,"observed"
"NL",2023,"53",53,0.00283,FALSE,"observed"
"NL",2023,"54",54,0.00286,FALSE,"observed"
"NL",2023,"55",55,0.00332,FALSE,"observed"
"NL",2023,"56",56,0.00357,FALSE,"observed"
"NL",2023,"57",57,0.00422,FALSE,"observed"
"NL",2023,"58",58,0.00459,FALSE,"observed"
"NL",2023,"59",59,0.00513,FALSE,"observed"
"NL",2023,"60",60,0.0056,FALSE,"observed"
"NL",2023,"61",61,0.00601,FALSE,"observed"
"NL",2023,"62",62,0.00667,FALSE,"observed"
"NL",2023,"63",63,0.00767,FALSE,"observed"
"NL",2023,"64",64,0.0085,FALSE,"observed"
"NL",2023,"65",65,0.00908,FALSE,"observed"
"NL",2023,"66",66,0.01022,FALSE,"observed"
"NL",2023,"67",67,0.01173,FALSE,"observed"
"NL",2023,"68",68,0.01272,FALSE,"observed"
"NL",2023,"69",69,0.01449,FALSE,"observed"
"NL",2023,"70",70,0.01494,FALSE,"observed"
"NL",2023,"71",71,0.01679,FALSE,"observed"
"NL",2023,"72",72,0.01879,FALSE,"observed"
"NL",2023,"73",73,0.02067,FALSE,"observed"
"NL",2023,"74",74,0.02298,FALSE,"observed"
"NL",2023,"75",75,0.02503,FALSE,"observed"
"NL",2023,"76",76,0.0288,FALSE,"observed"
"NL",2023,"77",77,0.0323,FALSE,"observed"
"NL",2023,"78",78,0.03591,FALSE,"observed"
"NL",2023,"79",79,0.04093,FALSE,"observed"
"NL",2023,"80",80,0.04653,FALSE,"observed"
"NL",2023,"81",81,0.05279,FALSE,"observed"
"NL",2023,"82",82,0.05952,FALSE,"observed"
"NL",2023,"83",83,0.06865,FALSE,"observed"
"NL",2023,"84",84,0.07365,FALSE,"observed"
"NL",2023,"85",85,0.08674,FALSE,"observed"
"NL",2023,"86",86,0.09963,FALSE,"observed"
"NL",2023,"87",87,0.11189,FALSE,"observed"
"NL",2023,"88",88,0.13099,FALSE,"observed"
"NL",2023,"89",89,0.15516,FALSE,"observed"
"NL",2023,"90",90,0.18173,FALSE,"observed"
"NL",2023,"91",91,0.20381,FALSE,"observed"
"NL",2023,"92",92,0.22869,FALSE,"observed"
"NL",2023,"93",93,0.25099,FALSE,"observed"
"NL",2023,"94",94,0.28186,FALSE,"observed"
"NL",2023,"95",95,0.30949,FALSE,"observed"
"NL",2023,"96",96,0.34314,FALSE,"observed"
"NL",2023,"97",97,0.37856,FALSE,"observed"
"NL",2023,"98",98,0.41543,FALSE,"observed"
"NL",2023,"99",99,0.4534,FALSE,"observed"
"NL",2023,"100",100,0.49204,FALSE,"observed"
"NL",2023,"101",101,0.53089,FALSE,"observed"
"NL",2023,"102",102,0.56949,FALSE,"observed"
"NL",2023,"103",103,0.60736,FALSE,"observed"
"NL",2023,"104",104,0.64409,FALSE,"observed"
"NL",2023,"105",105,0.67928,FALSE,"observed"
"NL",2023,"106",106,0.71262,FALSE,"observed"
"NL",2023,"107",107,0.74387,FALSE,"observed"
"NL",2023,"108",108,0.77286,FALSE,"observed"
"NL",2023,"109",109,0.79949,FALSE,"observed"
"NL",2023,"110+",110,0.82375,FALSE,"observed"
"NL",2024,"0",0,0.00302043026120574,TRUE,"age_specific_log_linear_mx"
"NL",2024,"1",1,0.000169544095339812,TRUE,"age_specific_log_linear_mx"
"NL",2024,"2",2,9.57797057365724e-05,TRUE,"age_specific_log_linear_mx"
"NL",2024,"3",3,9.09404029773257e-05,TRUE,"age_specific_log_linear_mx"
"NL",2024,"4",4,7.630744959132e-05,TRUE,"age_specific_log_linear_mx"
"NL",2024,"5",5,6.53439214713003e-05,TRUE,"age_specific_log_linear_mx"
"NL",2024,"6",6,5.80660508810913e-05,TRUE,"age_specific_log_linear_mx"
"NL",2024,"7",7,5.35827121620296e-05,TRUE,"age_specific_log_linear_mx"
"NL",2024,"8",8,5.85924695145449e-05,TRUE,"age_specific_log_linear_mx"
"NL",2024,"9",9,5.12224345897354e-05,TRUE,"age_specific_log_linear_mx"
"NL",2024,"10",10,5.84120007066505e-05,TRUE,"age_specific_log_linear_mx"
"NL",2024,"11",11,5.92591879517075e-05,TRUE,"age_specific_log_linear_mx"
"NL",2024,"12",12,6.98699926777356e-05,TRUE,"age_specific_log_linear_mx"
"NL",2024,"13",13,6.93651651997184e-05,TRUE,"age_specific_log_linear_mx"
"NL",2024,"14",14,9.2310947265764e-05,TRUE,"age_specific_log_linear_mx"
"NL",2024,"15",15,0.000114903134656588,TRUE,"age_specific_log_linear_mx"
"NL",2024,"16",16,0.000135970458749924,TRUE,"age_specific_log_linear_mx"
"NL",2024,"17",17,0.000172843267541763,TRUE,"age_specific_log_linear_mx"
"NL",2024,"18",18,0.000202216198561256,TRUE,"age_specific_log_linear_mx"
"NL",2024,"19",19,0.000222546109186708,TRUE,"age_specific_log_linear_mx"
"NL",2024,"20",20,0.000242264867615761,TRUE,"age_specific_log_linear_mx"
"NL",2024,"21",21,0.000236159707572654,TRUE,"age_specific_log_linear_mx"
"NL",2024,"22",22,0.000237958039570418,TRUE,"age_specific_log_linear_mx"
"NL",2024,"23",23,0.000241930258499021,TRUE,"age_specific_log_linear_mx"
"NL",2024,"24",24,0.000268437851269973,TRUE,"age_specific_log_linear_mx"
"NL",2024,"25",25,0.000256325546122524,TRUE,"age_specific_log_linear_mx"
"NL",2024,"26",26,0.00030319125449971,TRUE,"age_specific_log_linear_mx"
"NL",2024,"27",27,0.000284504818085474,TRUE,"age_specific_log_linear_mx"
"NL",2024,"28",28,0.000316321320184103,TRUE,"age_specific_log_linear_mx"
"NL",2024,"29",29,0.000337142406527641,TRUE,"age_specific_log_linear_mx"
"NL",2024,"30",30,0.000343004722916639,TRUE,"age_specific_log_linear_mx"
"NL",2024,"31",31,0.000369792337617521,TRUE,"age_specific_log_linear_mx"
"NL",2024,"32",32,0.000380437259412341,TRUE,"age_specific_log_linear_mx"
"NL",2024,"33",33,0.000443732262622415,TRUE,"age_specific_log_linear_mx"
"NL",2024,"34",34,0.000427383651159439,TRUE,"age_specific_log_linear_mx"
"NL",2024,"35",35,0.00048281599683113,TRUE,"age_specific_log_linear_mx"
"NL",2024,"36",36,0.00046468120362911,TRUE,"age_specific_log_linear_mx"
"NL",2024,"37",37,0.00054862727123274,TRUE,"age_specific_log_linear_mx"
"NL",2024,"38",38,0.000576438180871667,TRUE,"age_specific_log_linear_mx"
"NL",2024,"39",39,0.000619567834918177,TRUE,"age_specific_log_linear_mx"
"NL",2024,"40",40,0.000682086851341094,TRUE,"age_specific_log_linear_mx"
"NL",2024,"41",41,0.000762077119924296,TRUE,"age_specific_log_linear_mx"
"NL",2024,"42",42,0.00083099364128139,TRUE,"age_specific_log_linear_mx"
"NL",2024,"43",43,0.000935883103928315,TRUE,"age_specific_log_linear_mx"
"NL",2024,"44",44,0.000968466036716992,TRUE,"age_specific_log_linear_mx"
"NL",2024,"45",45,0.00104104564061213,TRUE,"age_specific_log_linear_mx"
"NL",2024,"46",46,0.00124354536072307,TRUE,"age_specific_log_linear_mx"
"NL",2024,"47",47,0.00125111222941128,TRUE,"age_specific_log_linear_mx"
"NL",2024,"48",48,0.0014914869524653,TRUE,"age_specific_log_linear_mx"
"NL",2024,"49",49,0.00163749932168679,TRUE,"age_specific_log_linear_mx"
"NL",2024,"50",50,0.00185999959851937,TRUE,"age_specific_log_linear_mx"
"NL",2024,"51",51,0.00213816210829228,TRUE,"age_specific_log_linear_mx"
"NL",2024,"52",52,0.00228256687592804,TRUE,"age_specific_log_linear_mx"
"NL",2024,"53",53,0.00260922087840629,TRUE,"age_specific_log_linear_mx"
"NL",2024,"54",54,0.00290498147452502,TRUE,"age_specific_log_linear_mx"
"NL",2024,"55",55,0.00324745122094585,TRUE,"age_specific_log_linear_mx"
"NL",2024,"56",56,0.00347557985963633,TRUE,"age_specific_log_linear_mx"
"NL",2024,"57",57,0.00393473043989721,TRUE,"age_specific_log_linear_mx"
"NL",2024,"58",58,0.00436862820825376,TRUE,"age_specific_log_linear_mx"
"NL",2024,"59",59,0.00488529804593355,TRUE,"age_specific_log_linear_mx"
"NL",2024,"60",60,0.00539620877585228,TRUE,"age_specific_log_linear_mx"
"NL",2024,"61",61,0.00580133803765959,TRUE,"age_specific_log_linear_mx"
"NL",2024,"62",62,0.00656453503264449,TRUE,"age_specific_log_linear_mx"
"NL",2024,"63",63,0.00716940661987195,TRUE,"age_specific_log_linear_mx"
"NL",2024,"64",64,0.007757481457813,TRUE,"age_specific_log_linear_mx"
"NL",2024,"65",65,0.00861256854366976,TRUE,"age_specific_log_linear_mx"
"NL",2024,"66",66,0.00930017319981223,TRUE,"age_specific_log_linear_mx"
"NL",2024,"67",67,0.0102821088148853,TRUE,"age_specific_log_linear_mx"
"NL",2024,"68",68,0.0111057803026283,TRUE,"age_specific_log_linear_mx"
"NL",2024,"69",69,0.0124493144018564,TRUE,"age_specific_log_linear_mx"
"NL",2024,"70",70,0.0134053891552902,TRUE,"age_specific_log_linear_mx"
"NL",2024,"71",71,0.0148614417402006,TRUE,"age_specific_log_linear_mx"
"NL",2024,"72",72,0.0161373946318522,TRUE,"age_specific_log_linear_mx"
"NL",2024,"73",73,0.017988043603249,TRUE,"age_specific_log_linear_mx"
"NL",2024,"74",74,0.020224366168877,TRUE,"age_specific_log_linear_mx"
"NL",2024,"75",75,0.022431870763977,TRUE,"age_specific_log_linear_mx"
"NL",2024,"76",76,0.0253125099154878,TRUE,"age_specific_log_linear_mx"
"NL",2024,"77",77,0.0281609253344088,TRUE,"age_specific_log_linear_mx"
"NL",2024,"78",78,0.0315749555901256,TRUE,"age_specific_log_linear_mx"
"NL",2024,"79",79,0.0363301103391337,TRUE,"age_specific_log_linear_mx"
"NL",2024,"80",80,0.0417494448173112,TRUE,"age_specific_log_linear_mx"
"NL",2024,"81",81,0.0469530655228471,TRUE,"age_specific_log_linear_mx"
"NL",2024,"82",82,0.0544286754027356,TRUE,"age_specific_log_linear_mx"
"NL",2024,"83",83,0.0613468217238021,TRUE,"age_specific_log_linear_mx"
"NL",2024,"84",84,0.0689382578887754,TRUE,"age_specific_log_linear_mx"
"NL",2024,"85",85,0.0819172844241612,TRUE,"age_specific_log_linear_mx"
"NL",2024,"86",86,0.0936917547921331,TRUE,"age_specific_log_linear_mx"
"NL",2024,"87",87,0.106781440223479,TRUE,"age_specific_log_linear_mx"
"NL",2024,"88",88,0.12370657816892,TRUE,"age_specific_log_linear_mx"
"NL",2024,"89",89,0.142154576022943,TRUE,"age_specific_log_linear_mx"
"NL",2024,"90",90,0.164175228637509,TRUE,"age_specific_log_linear_mx"
"NL",2024,"91",91,0.185927267261613,TRUE,"age_specific_log_linear_mx"
"NL",2024,"92",92,0.210688599836872,TRUE,"age_specific_log_linear_mx"
"NL",2024,"93",93,0.237574350586822,TRUE,"age_specific_log_linear_mx"
"NL",2024,"94",94,0.261177827970284,TRUE,"age_specific_log_linear_mx"
"NL",2024,"95",95,0.292896958412469,TRUE,"age_specific_log_linear_mx"
"NL",2024,"96",96,0.325923409641724,TRUE,"age_specific_log_linear_mx"
"NL",2024,"97",97,0.360898861149078,TRUE,"age_specific_log_linear_mx"
"NL",2024,"98",98,0.397541712641102,TRUE,"age_specific_log_linear_mx"
"NL",2024,"99",99,0.435510240844478,TRUE,"age_specific_log_linear_mx"
"NL",2024,"100",100,0.474384862174284,TRUE,"age_specific_log_linear_mx"
"NL",2024,"101",101,0.513709130737857,TRUE,"age_specific_log_linear_mx"
"NL",2024,"102",102,0.552996755046967,TRUE,"age_specific_log_linear_mx"
"NL",2024,"103",103,0.591757834381438,TRUE,"age_specific_log_linear_mx"
"NL",2024,"104",104,0.629526509103247,TRUE,"age_specific_log_linear_mx"
"NL",2024,"105",105,0.665883097230014,TRUE,"age_specific_log_linear_mx"
"NL",2024,"106",106,0.700465190631704,TRUE,"age_specific_log_linear_mx"
"NL",2024,"107",107,0.732990361790899,TRUE,"age_specific_log_linear_mx"
"NL",2024,"108",108,0.763251456674703,TRUE,"age_specific_log_linear_mx"
"NL",2024,"109",109,0.791127554620631,TRUE,"age_specific_log_linear_mx"
"NL",2024,"110+",110,0.81656019687117,TRUE,"age_specific_log_linear_mx"
"NL",2025,"0",0,0.00295995319434428,TRUE,"age_specific_log_linear_mx"
"NL",2025,"1",1,0.000163282051247756,TRUE,"age_specific_log_linear_mx"
"NL",2025,"2",2,9.1826058824334e-05,TRUE,"age_specific_log_linear_mx"
"NL",2025,"3",3,8.82386015809989e-05,TRUE,"age_specific_log_linear_mx"
"NL",2025,"4",4,7.38050823749668e-05,TRUE,"age_specific_log_linear_mx"
"NL",2025,"5",5,6.36305666983566e-05,TRUE,"age_specific_log_linear_mx"
"NL",2025,"6",6,5.62080899386689e-05,TRUE,"age_specific_log_linear_mx"
"NL",2025,"7",7,5.18662926593894e-05,TRUE,"age_specific_log_linear_mx"
"NL",2025,"8",8,5.72098025669648e-05,TRUE,"age_specific_log_linear_mx"
"NL",2025,"9",9,4.96729809580353e-05,TRUE,"age_specific_log_linear_mx"
"NL",2025,"10",10,5.67927908725348e-05,TRUE,"age_specific_log_linear_mx"
"NL",2025,"11",11,5.75570702822523e-05,TRUE,"age_specific_log_linear_mx"
"NL",2025,"12",12,6.78761190066456e-05,TRUE,"age_specific_log_linear_mx"
"NL",2025,"13",13,6.69079514557685e-05,TRUE,"age_specific_log_linear_mx"
"NL",2025,"14",14,9.02573457225836e-05,TRUE,"age_specific_log_linear_mx"
"NL",2025,"15",15,0.000112554449493843,TRUE,"age_specific_log_linear_mx"
"NL",2025,"16",16,0.000131657524471094,TRUE,"age_specific_log_linear_mx"
"NL",2025,"17",17,0.000168570198255151,TRUE,"age_specific_log_linear_mx"
"NL",2025,"18",18,0.000197356331204044,TRUE,"age_specific_log_linear_mx"
"NL",2025,"19",19,0.000217130312100589,TRUE,"age_specific_log_linear_mx"
"NL",2025,"20",20,0.00023713658267468,TRUE,"age_specific_log_linear_mx"
"NL",2025,"21",21,0.000230567712591318,TRUE,"age_specific_log_linear_mx"
"NL",2025,"22",22,0.000232408302149647,TRUE,"age_specific_log_linear_mx"
"NL",2025,"23",23,0.000236503658855848,TRUE,"age_specific_log_linear_mx"
"NL",2025,"24",24,0.000263724722469279,TRUE,"age_specific_log_linear_mx"
"NL",2025,"25",25,0.000251441374057044,TRUE,"age_specific_log_linear_mx"
"NL",2025,"26",26,0.000298904205534177,TRUE,"age_specific_log_linear_mx"
"NL",2025,"27",27,0.000279990327907576,TRUE,"age_specific_log_linear_mx"
"NL",2025,"28",28,0.00031158159440835,TRUE,"age_specific_log_linear_mx"
"NL",2025,"29",29,0.000331627511102231,TRUE,"age_specific_log_linear_mx"
"NL",2025,"30",30,0.000337419920755741,TRUE,"age_specific_log_linear_mx"
"NL",2025,"31",31,0.000363797713758191,TRUE,"age_specific_log_linear_mx"
"NL",2025,"32",32,0.000374271038980576,TRUE,"age_specific_log_linear_mx"
"NL",2025,"33",33,0.000438407662611864,TRUE,"age_specific_log_linear_mx"
"NL",2025,"34",34,0.00041971728824826,TRUE,"age_specific_log_linear_mx"
"NL",2025,"35",35,0.000474639126136284,TRUE,"age_specific_log_linear_mx"
"NL",2025,"36",36,0.000455135911489134,TRUE,"age_specific_log_linear_mx"
"NL",2025,"37",37,0.000538952829176458,TRUE,"age_specific_log_linear_mx"
"NL",2025,"38",38,0.000565382399172924,TRUE,"age_specific_log_linear_mx"
"NL",2025,"39",39,0.000606093624557755,TRUE,"age_specific_log_linear_mx"
"NL",2025,"40",40,0.000667745699761186,TRUE,"age_specific_log_linear_mx"
"NL",2025,"41",41,0.000745923915239114,TRUE,"age_specific_log_linear_mx"
"NL",2025,"42",42,0.000812752442661323,TRUE,"age_specific_log_linear_mx"
"NL",2025,"43",43,0.000916346455960889,TRUE,"age_specific_log_linear_mx"
"NL",2025,"44",44,0.000943645870543618,TRUE,"age_specific_log_linear_mx"
"NL",2025,"45",45,0.00101324291974132,TRUE,"age_specific_log_linear_mx"
"NL",2025,"46",46,0.00121405693849756,TRUE,"age_specific_log_linear_mx"
"NL",2025,"47",47,0.00121261127430303,TRUE,"age_specific_log_linear_mx"
"NL",2025,"48",48,0.0014527585235968,TRUE,"age_specific_log_linear_mx"
"NL",2025,"49",49,0.00159589229778792,TRUE,"age_specific_log_linear_mx"
"NL",2025,"50",50,0.00181472741387948,TRUE,"age_specific_log_linear_mx"
"NL",2025,"51",51,0.00209084991464631,TRUE,"age_specific_log_linear_mx"
"NL",2025,"52",52,0.00222756890664017,TRUE,"age_specific_log_linear_mx"
"NL",2025,"53",53,0.00255367843466703,TRUE,"age_specific_log_linear_mx"
"NL",2025,"54",54,0.00284602543346794,TRUE,"age_specific_log_linear_mx"
"NL",2025,"55",55,0.00318337218110515,TRUE,"age_specific_log_linear_mx"
"NL",2025,"56",56,0.00340152987181232,TRUE,"age_specific_log_linear_mx"
"NL",2025,"57",57,0.00385735340327274,TRUE,"age_specific_log_linear_mx"
"NL",2025,"58",58,0.00428565964478658,TRUE,"age_specific_log_linear_mx"
"NL",2025,"59",59,0.00480177309859743,TRUE,"age_specific_log_linear_mx"
"NL",2025,"60",60,0.00530171938036292,TRUE,"age_specific_log_linear_mx"
"NL",2025,"61",61,0.00569365510623569,TRUE,"age_specific_log_linear_mx"
"NL",2025,"62",62,0.00645851771956224,TRUE,"age_specific_log_linear_mx"
"NL",2025,"63",63,0.00704975402623353,TRUE,"age_specific_log_linear_mx"
"NL",2025,"64",64,0.0076209478756981,TRUE,"age_specific_log_linear_mx"
"NL",2025,"65",65,0.00846337614899009,TRUE,"age_specific_log_linear_mx"
"NL",2025,"66",66,0.0091289764252688,TRUE,"age_specific_log_linear_mx"
"NL",2025,"67",67,0.0100986678705567,TRUE,"age_specific_log_linear_mx"
"NL",2025,"68",68,0.0108883276508967,TRUE,"age_specific_log_linear_mx"
"NL",2025,"69",69,0.0122148655898297,TRUE,"age_specific_log_linear_mx"
"NL",2025,"70",70,0.0131325281999535,TRUE,"age_specific_log_linear_mx"
"NL",2025,"71",71,0.0145579569746907,TRUE,"age_specific_log_linear_mx"
"NL",2025,"72",72,0.0157845363351564,TRUE,"age_specific_log_linear_mx"
"NL",2025,"73",73,0.0175976211246398,TRUE,"age_specific_log_linear_mx"
"NL",2025,"74",74,0.0198030103498773,TRUE,"age_specific_log_linear_mx"
"NL",2025,"75",75,0.0219572186798615,TRUE,"age_specific_log_linear_mx"
"NL",2025,"76",76,0.0247888279535128,TRUE,"age_specific_log_linear_mx"
"NL",2025,"77",77,0.0275700758088409,TRUE,"age_specific_log_linear_mx"
"NL",2025,"78",78,0.0309044464089439,TRUE,"age_specific_log_linear_mx"
"NL",2025,"79",79,0.0356331287567701,TRUE,"age_specific_log_linear_mx"
"NL",2025,"80",80,0.0409811932828007,TRUE,"age_specific_log_linear_mx"
"NL",2025,"81",81,0.0460924390668853,TRUE,"age_specific_log_linear_mx"
"NL",2025,"82",82,0.0535396528411452,TRUE,"age_specific_log_linear_mx"
"NL",2025,"83",83,0.06033817600372,TRUE,"age_specific_log_linear_mx"
"NL",2025,"84",84,0.0678089082267229,TRUE,"age_specific_log_linear_mx"
"NL",2025,"85",85,0.0808594756147827,TRUE,"age_specific_log_linear_mx"
"NL",2025,"86",86,0.0925431186133519,TRUE,"age_specific_log_linear_mx"
"NL",2025,"87",87,0.105551554691509,TRUE,"age_specific_log_linear_mx"
"NL",2025,"88",88,0.122525308578464,TRUE,"age_specific_log_linear_mx"
"NL",2025,"89",89,0.141013919737585,TRUE,"age_specific_log_linear_mx"
"NL",2025,"90",90,0.163078825050226,TRUE,"age_specific_log_linear_mx"
"NL",2025,"91",91,0.184853038301736,TRUE,"age_specific_log_linear_mx"
"NL",2025,"92",92,0.209751304754502,TRUE,"age_specific_log_linear_mx"
"NL",2025,"93",93,0.236727289575049,TRUE,"age_specific_log_linear_mx"
"NL",2025,"94",94,0.260154559998359,TRUE,"age_specific_log_linear_mx"
"NL",2025,"95",95,0.292085513646541,TRUE,"age_specific_log_linear_mx"
"NL",2025,"96",96,0.325263036800334,TRUE,"age_specific_log_linear_mx"
"NL",2025,"97",97,0.360415028541638,TRUE,"age_specific_log_linear_mx"
"NL",2025,"98",98,0.397256513206473,TRUE,"age_specific_log_linear_mx"
"NL",2025,"99",99,0.435441577426562,TRUE,"age_specific_log_linear_mx"
"NL",2025,"100",100,0.474544079611237,TRUE,"age_specific_log_linear_mx"
"NL",2025,"101",101,0.514100570607155,TRUE,"age_specific_log_linear_mx"
"NL",2025,"102",102,0.553617125850209,TRUE,"age_specific_log_linear_mx"
"NL",2025,"103",103,0.592596251302854,TRUE,"age_specific_log_linear_mx"
"NL",2025,"104",104,0.630564899889139,TRUE,"age_specific_log_linear_mx"
"NL",2025,"105",105,0.667097437990503,TRUE,"age_specific_log_linear_mx"
"NL",2025,"106",106,0.701827105117218,TRUE,"age_specific_log_linear_mx"
"NL",2025,"107",107,0.734468671605572,TRUE,"age_specific_log_linear_mx"
"NL",2025,"108",108,0.764813958079662,TRUE,"age_specific_log_linear_mx"
"NL",2025,"109",109,0.792742804824599,TRUE,"age_specific_log_linear_mx"
"NL",2025,"110+",110,0.818198043297795,TRUE,"age_specific_log_linear_mx"
