"country","year","age","age_num","mx","is_projected","projection_method"
"IT",1872,"0",0,0.27852,FALSE,"observed"
"IT",1872,"1",1,0.13716,FALSE,"observed"
"IT",1872,"2",2,0.09317,FALSE,"observed"
"IT",1872,"3",3,0.05408,FALSE,"observed"
"IT",1872,"4",4,0.03534,FALSE,"observed"
"IT",1872,"5",5,0.0242,FALSE,"observed"
"IT",1872,"6",6,0.01638,FALSE,"observed"
"IT",1872,"7",7,0.01081,FALSE,"observed"
"IT",1872,"8",8,0.00724,FALSE,"observed"
"IT",1872,"9",9,0.00598,FALSE,"observed"
"IT",1872,"10",10,0.00605,FALSE,"observed"
"IT",1872,"11",11,0.00665,FALSE,"observed"
"IT",1872,"12",12,0.00669,FALSE,"observed"
"IT",1872,"13",13,0.00666,FALSE,"observed"
"IT",1872,"14",14,0.00692,FALSE,"observed"
"IT",1872,"15",15,0.00672,FALSE,"observed"
"IT",1872,"16",16,0.0069,FALSE,"observed"
"IT",1872,"17",17,0.00749,FALSE,"observed"
"IT",1872,"18",18,0.00781,FALSE,"observed"
"IT",1872,"19",19,0.0089,FALSE,"observed"
"IT",1872,"20",20,0.00942,FALSE,"observed"
"IT",1872,"21",21,0.00993,FALSE,"observed"
"IT",1872,"22",22,0.01106,FALSE,"observed"
"IT",1872,"23",23,0.01149,FALSE,"observed"
"IT",1872,"24",24,0.01176,FALSE,"observed"
"IT",1872,"25",25,0.01119,FALSE,"observed"
"IT",1872,"26",26,0.01072,FALSE,"observed"
"IT",1872,"27",27,0.01093,FALSE,"observed"
"IT",1872,"28",28,0.01069,FALSE,"observed"
"IT",1872,"29",29,0.01185,FALSE,"observed"
"IT",1872,"30",30,0.00952,FALSE,"observed"
"IT",1872,"31",31,0.00987,FALSE,"observed"
"IT",1872,"32",32,0.01274,FALSE,"observed"
"IT",1872,"33",33,0.0124,FALSE,"observed"
"IT",1872,"34",34,0.01283,FALSE,"observed"
"IT",1872,"35",35,0.0117,FALSE,"observed"
"IT",1872,"36",36,0.01135,FALSE,"observed"
"IT",1872,"37",37,0.01293,FALSE,"observed"
"IT",1872,"38",38,0.01361,FALSE,"observed"
"IT",1872,"39",39,0.01549,FALSE,"observed"
"IT",1872,"40",40,0.01004,FALSE,"observed"
"IT",1872,"41",41,0.01046,FALSE,"observed"
"IT",1872,"42",42,0.01592,FALSE,"observed"
"IT",1872,"43",43,0.016,FALSE,"observed"
"IT",1872,"44",44,0.01683,FALSE,"observed"
"IT",1872,"45",45,0.01374,FALSE,"observed"
"IT",1872,"46",46,0.01395,FALSE,"observed"
"IT",1872,"47",47,0.01713,FALSE,"observed"
"IT",1872,"48",48,0.01732,FALSE,"observed"
"IT",1872,"49",49,0.01938,FALSE,"observed"
"IT",1872,"50",50,0.01234,FALSE,"observed"
"IT",1872,"51",51,0.01334,FALSE,"observed"
"IT",1872,"52",52,0.02225,FALSE,"observed"
"IT",1872,"53",53,0.02367,FALSE,"observed"
"IT",1872,"54",54,0.02605,FALSE,"observed"
"IT",1872,"55",55,0.02349,FALSE,"observed"
"IT",1872,"56",56,0.0241,FALSE,"observed"
"IT",1872,"57",57,0.02972,FALSE,"observed"
"IT",1872,"58",58,0.03277,FALSE,"observed"
"IT",1872,"59",59,0.03897,FALSE,"observed"
"IT",1872,"60",60,0.02204,FALSE,"observed"
"IT",1872,"61",61,0.02431,FALSE,"observed"
"IT",1872,"62",62,0.04764,FALSE,"observed"
"IT",1872,"63",63,0.05072,FALSE,"observed"
"IT",1872,"64",64,0.05503,FALSE,"observed"
"IT",1872,"65",65,0.04892,FALSE,"observed"
"IT",1872,"66",66,0.05228,FALSE,"observed"
"IT",1872,"67",67,0.06684,FALSE,"observed"
"IT",1872,"68",68,0.07511,FALSE,"observed"
"IT",1872,"69",69,0.089,FALSE,"observed"
"IT",1872,"70",70,0.05205,FALSE,"observed"
"IT",1872,"71",71,0.05323,FALSE,"observed"
"IT",1872,"72",72,0.09471,FALSE,"observed"
"IT",1872,"73",73,0.10875,FALSE,"observed"
"IT",1872,"74",74,0.12612,FALSE,"observed"
"IT",1872,"75",75,0.11478,FALSE,"observed"
"IT",1872,"76",76,0.1191,FALSE,"observed"
"IT",1872,"77",77,0.15642,FALSE,"observed"
"IT",1872,"78",78,0.15993,FALSE,"observed"
"IT",1872,"79",79,0.17847,FALSE,"observed"
"IT",1872,"80",80,0.15122,FALSE,"observed"
"IT",1872,"81",81,0.16328,FALSE,"observed"
"IT",1872,"82",82,0.17535,FALSE,"observed"
"IT",1872,"83",83,0.18834,FALSE,"observed"
"IT",1872,"84",84,0.20247,FALSE,"observed"
"IT",1872,"85",85,0.21817,FALSE,"observed"
"IT",1872,"86",86,0.23576,FALSE,"observed"
"IT",1872,"87",87,0.2552,FALSE,"observed"
"IT",1872,"88",88,0.27588,FALSE,"observed"
"IT",1872,"89",89,0.29749,FALSE,"observed"
"IT",1872,"90",90,0.32132,FALSE,"observed"
"IT",1872,"91",91,0.3466,FALSE,"observed"
"IT",1872,"92",92,0.37268,FALSE,"observed"
"IT",1872,"93",93,0.40146,FALSE,"observed"
"IT",1872,"94",94,0.43227,FALSE,"observed"
"IT",1872,"95",95,0.43601,FALSE,"observed"
"IT",1872,"96",96,0.46014,FALSE,"observed"
"IT",1872,"97",97,0.48439,FALSE,"observed"
"IT",1872,"98",98,0.50864,FALSE,"observed"
"IT",1872,"99",99,0.53276,FALSE,"observed"
"IT",1872,"100",100,0.55665,FALSE,"observed"
"IT",1872,"101",101,0.58019,FALSE,"observed"
"IT",1872,"102",102,0.6033,FALSE,"observed"
"IT",1872,"103",103,0.62588,FALSE,"observed"
"IT",1872,"104",104,0.64786,FALSE,"observed"
"IT",1872,"105",105,0.66915,FALSE,"observed"
"IT",1872,"106",106,0.68972,FALSE,"observed"
"IT",1872,"107",107,0.7095,FALSE,"observed"
"IT",1872,"108",108,0.72846,FALSE,"observed"
"IT",1872,"109",109,0.74658,FALSE,"observed"
"IT",1872,"110+",110,0.76384,FALSE,"observed"
"IT",1873,"0",0,0.24195,FALSE,"observed"
"IT",1873,"1",1,0.10521,FALSE,"observed"
"IT",1873,"2",2,0.09457,FALSE,"observed"
"IT",1873,"3",3,0.05959,FALSE,"observed"
"IT",1873,"4",4,0.03367,FALSE,"observed"
"IT",1873,"5",5,0.02333,FALSE,"observed"
"IT",1873,"6",6,0.01571,FALSE,"observed"
"IT",1873,"7",7,0.01008,FALSE,"observed"
"IT",1873,"8",8,0.00663,FALSE,"observed"
"IT",1873,"9",9,0.00517,FALSE,"observed"
"IT",1873,"10",10,0.00562,FALSE,"observed"
"IT",1873,"11",11,0.00601,FALSE,"observed"
"IT",1873,"12",12,0.00652,FALSE,"observed"
"IT",1873,"13",13,0.00649,FALSE,"observed"
"IT",1873,"14",14,0.00639,FALSE,"observed"
"IT",1873,"15",15,0.00657,FALSE,"observed"
"IT",1873,"16",16,0.00659,FALSE,"observed"
"IT",1873,"17",17,0.00701,FALSE,"observed"
"IT",1873,"18",18,0.00784,FALSE,"observed"
"IT",1873,"19",19,0.0084,FALSE,"observed"
"IT",1873,"20",20,0.00965,FALSE,"observed"
"IT",1873,"21",21,0.00997,FALSE,"observed"
"IT",1873,"22",22,0.0102,FALSE,"observed"
"IT",1873,"23",23,0.01093,FALSE,"observed"
"IT",1873,"24",24,0.01096,FALSE,"observed"
"IT",1873,"25",25,0.01085,FALSE,"observed"
"IT",1873,"26",26,0.01029,FALSE,"observed"
"IT",1873,"27",27,0.00991,FALSE,"observed"
"IT",1873,"28",28,0.01017,FALSE,"observed"
"IT",1873,"29",29,0.01012,FALSE,"observed"
"IT",1873,"30",30,0.01133,FALSE,"observed"
"IT",1873,"31",31,0.0094,FALSE,"observed"
"IT",1873,"32",32,0.00986,FALSE,"observed"
"IT",1873,"33",33,0.01249,FALSE,"observed"
"IT",1873,"34",34,0.01226,FALSE,"observed"
"IT",1873,"35",35,0.01273,FALSE,"observed"
"IT",1873,"36",36,0.01181,FALSE,"observed"
"IT",1873,"37",37,0.01155,FALSE,"observed"
"IT",1873,"38",38,0.01308,FALSE,"observed"
"IT",1873,"39",39,0.0138,FALSE,"observed"
"IT",1873,"40",40,0.01561,FALSE,"observed"
"IT",1873,"41",41,0.0105,FALSE,"observed"
"IT",1873,"42",42,0.01102,FALSE,"observed"
"IT",1873,"43",43,0.01616,FALSE,"observed"
"IT",1873,"44",44,0.01631,FALSE,"observed"
"IT",1873,"45",45,0.01722,FALSE,"observed"
"IT",1873,"46",46,0.01463,FALSE,"observed"
"IT",1873,"47",47,0.01513,FALSE,"observed"
"IT",1873,"48",48,0.01859,FALSE,"observed"
"IT",1873,"49",49,0.01915,FALSE,"observed"
"IT",1873,"50",50,0.02149,FALSE,"observed"
"IT",1873,"51",51,0.01409,FALSE,"observed"
"IT",1873,"52",52,0.01513,FALSE,"observed"
"IT",1873,"53",53,0.02381,FALSE,"observed"
"IT",1873,"54",54,0.02486,FALSE,"observed"
"IT",1873,"55",55,0.02701,FALSE,"observed"
"IT",1873,"56",56,0.02525,FALSE,"observed"
"IT",1873,"57",57,0.02645,FALSE,"observed"
"IT",1873,"58",58,0.03287,FALSE,"observed"
"IT",1873,"59",59,0.03695,FALSE,"observed"
"IT",1873,"60",60,0.0444,FALSE,"observed"
"IT",1873,"61",61,0.02618,FALSE,"observed"
"IT",1873,"62",62,0.029,FALSE,"observed"
"IT",1873,"63",63,0.05441,FALSE,"observed"
"IT",1873,"64",64,0.05818,FALSE,"observed"
"IT",1873,"65",65,0.06359,FALSE,"observed"
"IT",1873,"66",66,0.0579,FALSE,"observed"
"IT",1873,"67",67,0.06226,FALSE,"observed"
"IT",1873,"68",68,0.07903,FALSE,"observed"
"IT",1873,"69",69,0.08859,FALSE,"observed"
"IT",1873,"70",70,0.1043,FALSE,"observed"
"IT",1873,"71",71,0.06139,FALSE,"observed"
"IT",1873,"72",72,0.06243,FALSE,"observed"
"IT",1873,"73",73,0.10996,FALSE,"observed"
"IT",1873,"74",74,0.12882,FALSE,"observed"
"IT",1873,"75",75,0.16728,FALSE,"observed"
"IT",1873,"76",76,0.14006,FALSE,"observed"
"IT",1873,"77",77,0.14497,FALSE,"observed"
"IT",1873,"78",78,0.19098,FALSE,"observed"
"IT",1873,"79",79,0.19406,FALSE,"observed"
"IT",1873,"80",80,0.1661,FALSE,"observed"
"IT",1873,"81",81,0.17957,FALSE,"observed"
"IT",1873,"82",82,0.19261,FALSE,"observed"
"IT",1873,"83",83,0.20499,FALSE,"observed"
"IT",1873,"84",84,0.21788,FALSE,"observed"
"IT",1873,"85",85,0.23147,FALSE,"observed"
"IT",1873,"86",86,0.24626,FALSE,"observed"
"IT",1873,"87",87,0.26257,FALSE,"observed"
"IT",1873,"88",88,0.28022,FALSE,"observed"
"IT",1873,"89",89,0.29815,FALSE,"observed"
"IT",1873,"90",90,0.31579,FALSE,"observed"
"IT",1873,"91",91,0.33482,FALSE,"observed"
"IT",1873,"92",92,0.354,FALSE,"observed"
"IT",1873,"93",93,0.37218,FALSE,"observed"
"IT",1873,"94",94,0.39075,FALSE,"observed"
"IT",1873,"95",95,0.41051,FALSE,"observed"
"IT",1873,"96",96,0.43053,FALSE,"observed"
"IT",1873,"97",97,0.45075,FALSE,"observed"
"IT",1873,"98",98,0.47109,FALSE,"observed"
"IT",1873,"99",99,0.49149,FALSE,"observed"
"IT",1873,"100",100,0.51187,FALSE,"observed"
"IT",1873,"101",101,0.53219,FALSE,"observed"
"IT",1873,"102",102,0.55235,FALSE,"observed"
"IT",1873,"103",103,0.57231,FALSE,"observed"
"IT",1873,"104",104,0.59201,FALSE,"observed"
"IT",1873,"105",105,0.61137,FALSE,"observed"
"IT",1873,"106",106,0.63037,FALSE,"observed"
"IT",1873,"107",107,0.64893,FALSE,"observed"
"IT",1873,"108",108,0.66704,FALSE,"observed"
"IT",1873,"109",109,0.68463,FALSE,"observed"
"IT",1873,"110+",110,0.7017,FALSE,"observed"
"IT",1874,"0",0,0.25175,FALSE,"observed"
"IT",1874,"1",1,0.09741,FALSE,"observed"
"IT",1874,"2",2,0.07693,FALSE,"observed"
"IT",1874,"3",3,0.06334,FALSE,"observed"
"IT",1874,"4",4,0.03863,FALSE,"observed"
"IT",1874,"5",5,0.02363,FALSE,"observed"
"IT",1874,"6",6,0.0163,FALSE,"observed"
"IT",1874,"7",7,0.01061,FALSE,"observed"
"IT",1874,"8",8,0.00691,FALSE,"observed"
"IT",1874,"9",9,0.00533,FALSE,"observed"
"IT",1874,"10",10,0.00537,FALSE,"observed"
"IT",1874,"11",11,0.00592,FALSE,"observed"
"IT",1874,"12",12,0.0061,FALSE,"observed"
"IT",1874,"13",13,0.0064,FALSE,"observed"
"IT",1874,"14",14,0.00624,FALSE,"observed"
"IT",1874,"15",15,0.0061,FALSE,"observed"
"IT",1874,"16",16,0.00644,FALSE,"observed"
"IT",1874,"17",17,0.00675,FALSE,"observed"
"IT",1874,"18",18,0.00743,FALSE,"observed"
"IT",1874,"19",19,0.0085,FALSE,"observed"
"IT",1874,"20",20,0.00923,FALSE,"observed"
"IT",1874,"21",21,0.01029,FALSE,"observed"
"IT",1874,"22",22,0.01031,FALSE,"observed"
"IT",1874,"23",23,0.01025,FALSE,"observed"
"IT",1874,"24",24,0.01058,FALSE,"observed"
"IT",1874,"25",25,0.0103,FALSE,"observed"
"IT",1874,"26",26,0.01019,FALSE,"observed"
"IT",1874,"27",27,0.00982,FALSE,"observed"
"IT",1874,"28",28,0.00961,FALSE,"observed"
"IT",1874,"29",29,0.01,FALSE,"observed"
"IT",1874,"30",30,0.01013,FALSE,"observed"
"IT",1874,"31",31,0.0113,FALSE,"observed"
"IT",1874,"32",32,0.00954,FALSE,"observed"
"IT",1874,"33",33,0.01005,FALSE,"observed"
"IT",1874,"34",34,0.01245,FALSE,"observed"
"IT",1874,"35",35,0.01235,FALSE,"observed"
"IT",1874,"36",36,0.01294,FALSE,"observed"
"IT",1874,"37",37,0.01231,FALSE,"observed"
"IT",1874,"38",38,0.01215,FALSE,"observed"
"IT",1874,"39",39,0.01359,FALSE,"observed"
"IT",1874,"40",40,0.0142,FALSE,"observed"
"IT",1874,"41",41,0.01569,FALSE,"observed"
"IT",1874,"42",42,0.01082,FALSE,"observed"
"IT",1874,"43",43,0.01137,FALSE,"observed"
"IT",1874,"44",44,0.01604,FALSE,"observed"
"IT",1874,"45",45,0.01638,FALSE,"observed"
"IT",1874,"46",46,0.01764,FALSE,"observed"
"IT",1874,"47",47,0.01576,FALSE,"observed"
"IT",1874,"48",48,0.01668,FALSE,"observed"
"IT",1874,"49",49,0.02048,FALSE,"observed"
"IT",1874,"50",50,0.02131,FALSE,"observed"
"IT",1874,"51",51,0.02345,FALSE,"observed"
"IT",1874,"52",52,0.01567,FALSE,"observed"
"IT",1874,"53",53,0.01667,FALSE,"observed"
"IT",1874,"54",54,0.02482,FALSE,"observed"
"IT",1874,"55",55,0.02582,FALSE,"observed"
"IT",1874,"56",56,0.02883,FALSE,"observed"
"IT",1874,"57",57,0.0286,FALSE,"observed"
"IT",1874,"58",58,0.03089,FALSE,"observed"
"IT",1874,"59",59,0.03857,FALSE,"observed"
"IT",1874,"60",60,0.04355,FALSE,"observed"
"IT",1874,"61",61,0.05114,FALSE,"observed"
"IT",1874,"62",62,0.03092,FALSE,"observed"
"IT",1874,"63",63,0.03406,FALSE,"observed"
"IT",1874,"64",64,0.06063,FALSE,"observed"
"IT",1874,"65",65,0.06472,FALSE,"observed"
"IT",1874,"66",66,0.07094,FALSE,"observed"
"IT",1874,"67",67,0.06589,FALSE,"observed"
"IT",1874,"68",68,0.07103,FALSE,"observed"
"IT",1874,"69",69,0.08913,FALSE,"observed"
"IT",1874,"70",70,0.09927,FALSE,"observed"
"IT",1874,"71",71,0.11575,FALSE,"observed"
"IT",1874,"72",72,0.06823,FALSE,"observed"
"IT",1874,"73",73,0.06876,FALSE,"observed"
"IT",1874,"74",74,0.1196,FALSE,"observed"
"IT",1874,"75",75,0.16159,FALSE,"observed"
"IT",1874,"76",76,0.19237,FALSE,"observed"
"IT",1874,"77",77,0.15942,FALSE,"observed"
"IT",1874,"78",78,0.16442,FALSE,"observed"
"IT",1874,"79",79,0.21777,FALSE,"observed"
"IT",1874,"80",80,0.17258,FALSE,"observed"
"IT",1874,"81",81,0.18457,FALSE,"observed"
"IT",1874,"82",82,0.19936,FALSE,"observed"
"IT",1874,"83",83,0.21335,FALSE,"observed"
"IT",1874,"84",84,0.22616,FALSE,"observed"
"IT",1874,"85",85,0.23934,FALSE,"observed"
"IT",1874,"86",86,0.25314,FALSE,"observed"
"IT",1874,"87",87,0.26824,FALSE,"observed"
"IT",1874,"88",88,0.28511,FALSE,"observed"
"IT",1874,"89",89,0.30353,FALSE,"observed"
"IT",1874,"90",90,0.32199,FALSE,"observed"
"IT",1874,"91",91,0.33959,FALSE,"observed"
"IT",1874,"92",92,0.3588,FALSE,"observed"
"IT",1874,"93",93,0.37775,FALSE,"observed"
"IT",1874,"94",94,0.39469,FALSE,"observed"
"IT",1874,"95",95,0.41347,FALSE,"observed"
"IT",1874,"96",96,0.43261,FALSE,"observed"
"IT",1874,"97",97,0.45185,FALSE,"observed"
"IT",1874,"98",98,0.47113,FALSE,"observed"
"IT",1874,"99",99,0.49038,FALSE,"observed"
"IT",1874,"100",100,0.50954,FALSE,"observed"
"IT",1874,"101",101,0.52856,FALSE,"observed"
"IT",1874,"102",102,0.54738,FALSE,"observed"
"IT",1874,"103",103,0.56596,FALSE,"observed"
"IT",1874,"104",104,0.58424,FALSE,"observed"
"IT",1874,"105",105,0.60219,FALSE,"observed"
"IT",1874,"106",106,0.61977,FALSE,"observed"
"IT",1874,"107",107,0.63696,FALSE,"observed"
"IT",1874,"108",108,0.65371,FALSE,"observed"
"IT",1874,"109",109,0.67002,FALSE,"observed"
"IT",1874,"110+",110,0.68587,FALSE,"observed"
"IT",1875,"0",0,0.25713,FALSE,"observed"
"IT",1875,"1",1,0.10148,FALSE,"observed"
"IT",1875,"2",2,0.07219,FALSE,"observed"
"IT",1875,"3",3,0.05318,FALSE,"observed"
"IT",1875,"4",4,0.04228,FALSE,"observed"
"IT",1875,"5",5,0.02904,FALSE,"observed"
"IT",1875,"6",6,0.01926,FALSE,"observed"
"IT",1875,"7",7,0.01401,FALSE,"observed"
"IT",1875,"8",8,0.01016,FALSE,"observed"
"IT",1875,"9",9,0.00793,FALSE,"observed"
"IT",1875,"10",10,0.00719,FALSE,"observed"
"IT",1875,"11",11,0.00681,FALSE,"observed"
"IT",1875,"12",12,0.0068,FALSE,"observed"
"IT",1875,"13",13,0.00656,FALSE,"observed"
"IT",1875,"14",14,0.00664,FALSE,"observed"
"IT",1875,"15",15,0.00648,FALSE,"observed"
"IT",1875,"16",16,0.00658,FALSE,"observed"
"IT",1875,"17",17,0.00718,FALSE,"observed"
"IT",1875,"18",18,0.00775,FALSE,"observed"
"IT",1875,"19",19,0.00863,FALSE,"observed"
"IT",1875,"20",20,0.00978,FALSE,"observed"
"IT",1875,"21",21,0.01022,FALSE,"observed"
"IT",1875,"22",22,0.01091,FALSE,"observed"
"IT",1875,"23",23,0.01061,FALSE,"observed"
"IT",1875,"24",24,0.01027,FALSE,"observed"
"IT",1875,"25",25,0.01031,FALSE,"observed"
"IT",1875,"26",26,0.01009,FALSE,"observed"
"IT",1875,"27",27,0.01012,FALSE,"observed"
"IT",1875,"28",28,0.00996,FALSE,"observed"
"IT",1875,"29",29,0.00991,FALSE,"observed"
"IT",1875,"30",30,0.01037,FALSE,"observed"
"IT",1875,"31",31,0.01051,FALSE,"observed"
"IT",1875,"32",32,0.01156,FALSE,"observed"
"IT",1875,"33",33,0.00991,FALSE,"observed"
"IT",1875,"34",34,0.01047,FALSE,"observed"
"IT",1875,"35",35,0.0127,FALSE,"observed"
"IT",1875,"36",36,0.01272,FALSE,"observed"
"IT",1875,"37",37,0.0134,FALSE,"observed"
"IT",1875,"38",38,0.013,FALSE,"observed"
"IT",1875,"39",39,0.01287,FALSE,"observed"
"IT",1875,"40",40,0.01411,FALSE,"observed"
"IT",1875,"41",41,0.01456,FALSE,"observed"
"IT",1875,"42",42,0.01572,FALSE,"observed"
"IT",1875,"43",43,0.01113,FALSE,"observed"
"IT",1875,"44",44,0.01169,FALSE,"observed"
"IT",1875,"45",45,0.01582,FALSE,"observed"
"IT",1875,"46",46,0.01634,FALSE,"observed"
"IT",1875,"47",47,0.01782,FALSE,"observed"
"IT",1875,"48",48,0.01664,FALSE,"observed"
"IT",1875,"49",49,0.01791,FALSE,"observed"
"IT",1875,"50",50,0.02177,FALSE,"observed"
"IT",1875,"51",51,0.0225,FALSE,"observed"
"IT",1875,"52",52,0.02413,FALSE,"observed"
"IT",1875,"53",53,0.0164,FALSE,"observed"
"IT",1875,"54",54,0.01723,FALSE,"observed"
"IT",1875,"55",55,0.02426,FALSE,"observed"
"IT",1875,"56",56,0.02558,FALSE,"observed"
"IT",1875,"57",57,0.02928,FALSE,"observed"
"IT",1875,"58",58,0.03057,FALSE,"observed"
"IT",1875,"59",59,0.03372,FALSE,"observed"
"IT",1875,"60",60,0.04177,FALSE,"observed"
"IT",1875,"61",61,0.04639,FALSE,"observed"
"IT",1875,"62",62,0.05312,FALSE,"observed"
"IT",1875,"63",63,0.0331,FALSE,"observed"
"IT",1875,"64",64,0.0364,FALSE,"observed"
"IT",1875,"65",65,0.06137,FALSE,"observed"
"IT",1875,"66",66,0.06546,FALSE,"observed"
"IT",1875,"67",67,0.07197,FALSE,"observed"
"IT",1875,"68",68,0.06834,FALSE,"observed"
"IT",1875,"69",69,0.07389,FALSE,"observed"
"IT",1875,"70",70,0.09142,FALSE,"observed"
"IT",1875,"71",71,0.10101,FALSE,"observed"
"IT",1875,"72",72,0.11626,FALSE,"observed"
"IT",1875,"73",73,0.06863,FALSE,"observed"
"IT",1875,"74",74,0.0683,FALSE,"observed"
"IT",1875,"75",75,0.12942,FALSE,"observed"
"IT",1875,"76",76,0.16749,FALSE,"observed"
"IT",1875,"77",77,0.19823,FALSE,"observed"
"IT",1875,"78",78,0.16214,FALSE,"observed"
"IT",1875,"79",79,0.16611,FALSE,"observed"
"IT",1875,"80",80,0.16093,FALSE,"observed"
"IT",1875,"81",81,0.16949,FALSE,"observed"
"IT",1875,"82",82,0.18004,FALSE,"observed"
"IT",1875,"83",83,0.19353,FALSE,"observed"
"IT",1875,"84",84,0.20571,FALSE,"observed"
"IT",1875,"85",85,0.21607,FALSE,"observed"
"IT",1875,"86",86,0.22641,FALSE,"observed"
"IT",1875,"87",87,0.23702,FALSE,"observed"
"IT",1875,"88",88,0.24868,FALSE,"observed"
"IT",1875,"89",89,0.26196,FALSE,"observed"
"IT",1875,"90",90,0.2766,FALSE,"observed"
"IT",1875,"91",91,0.29078,FALSE,"observed"
"IT",1875,"92",92,0.30336,FALSE,"observed"
"IT",1875,"93",93,0.31742,FALSE,"observed"
"IT",1875,"94",94,0.33374,FALSE,"observed"
"IT",1875,"95",95,0.34868,FALSE,"observed"
"IT",1875,"96",96,0.36384,FALSE,"observed"
"IT",1875,"97",97,0.37921,FALSE,"observed"
"IT",1875,"98",98,0.39473,FALSE,"observed"
"IT",1875,"99",99,0.41039,FALSE,"observed"
"IT",1875,"100",100,0.42615,FALSE,"observed"
"IT",1875,"101",101,0.44198,FALSE,"observed"
"IT",1875,"102",102,0.45784,FALSE,"observed"
"IT",1875,"103",103,0.47371,FALSE,"observed"
"IT",1875,"104",104,0.48955,FALSE,"observed"
"IT",1875,"105",105,0.50534,FALSE,"observed"
"IT",1875,"106",106,0.52105,FALSE,"observed"
"IT",1875,"107",107,0.53665,FALSE,"observed"
"IT",1875,"108",108,0.55212,FALSE,"observed"
"IT",1875,"109",109,0.56745,FALSE,"observed"
"IT",1875,"110+",110,0.5826,FALSE,"observed"
"IT",1876,"0",0,0.23749,FALSE,"observed"
"IT",1876,"1",1,0.09327,FALSE,"observed"
"IT",1876,"2",2,0.06991,FALSE,"observed"
"IT",1876,"3",3,0.04695,FALSE,"observed"
"IT",1876,"4",4,0.03373,FALSE,"observed"
"IT",1876,"5",5,0.0283,FALSE,"observed"
"IT",1876,"6",6,0.01941,FALSE,"observed"
"IT",1876,"7",7,0.01252,FALSE,"observed"
"IT",1876,"8",8,0.00901,FALSE,"observed"
"IT",1876,"9",9,0.00707,FALSE,"observed"
"IT",1876,"10",10,0.0065,FALSE,"observed"
"IT",1876,"11",11,0.00634,FALSE,"observed"
"IT",1876,"12",12,0.0062,FALSE,"observed"
"IT",1876,"13",13,0.0063,FALSE,"observed"
"IT",1876,"14",14,0.00617,FALSE,"observed"
"IT",1876,"15",15,0.00626,FALSE,"observed"
"IT",1876,"16",16,0.00621,FALSE,"observed"
"IT",1876,"17",17,0.00644,FALSE,"observed"
"IT",1876,"18",18,0.00712,FALSE,"observed"
"IT",1876,"19",19,0.00784,FALSE,"observed"
"IT",1876,"20",20,0.00876,FALSE,"observed"
"IT",1876,"21",21,0.00962,FALSE,"observed"
"IT",1876,"22",22,0.00978,FALSE,"observed"
"IT",1876,"23",23,0.01016,FALSE,"observed"
"IT",1876,"24",24,0.00968,FALSE,"observed"
"IT",1876,"25",25,0.00926,FALSE,"observed"
"IT",1876,"26",26,0.00932,FALSE,"observed"
"IT",1876,"27",27,0.00925,FALSE,"observed"
"IT",1876,"28",28,0.00941,FALSE,"observed"
"IT",1876,"29",29,0.00943,FALSE,"observed"
"IT",1876,"30",30,0.00948,FALSE,"observed"
"IT",1876,"31",31,0.0099,FALSE,"observed"
"IT",1876,"32",32,0.01005,FALSE,"observed"
"IT",1876,"33",33,0.01094,FALSE,"observed"
"IT",1876,"34",34,0.00953,FALSE,"observed"
"IT",1876,"35",35,0.01011,FALSE,"observed"
"IT",1876,"36",36,0.01193,FALSE,"observed"
"IT",1876,"37",37,0.01199,FALSE,"observed"
"IT",1876,"38",38,0.01265,FALSE,"observed"
"IT",1876,"39",39,0.0125,FALSE,"observed"
"IT",1876,"40",40,0.01245,FALSE,"observed"
"IT",1876,"41",41,0.01353,FALSE,"observed"
"IT",1876,"42",42,0.0139,FALSE,"observed"
"IT",1876,"43",43,0.01476,FALSE,"observed"
"IT",1876,"44",44,0.01078,FALSE,"observed"
"IT",1876,"45",45,0.01135,FALSE,"observed"
"IT",1876,"46",46,0.01478,FALSE,"observed"
"IT",1876,"47",47,0.01538,FALSE,"observed"
"IT",1876,"48",48,0.01689,FALSE,"observed"
"IT",1876,"49",49,0.01636,FALSE,"observed"
"IT",1876,"50",50,0.01773,FALSE,"observed"
"IT",1876,"51",51,0.02096,FALSE,"observed"
"IT",1876,"52",52,0.02152,FALSE,"observed"
"IT",1876,"53",53,0.0227,FALSE,"observed"
"IT",1876,"54",54,0.01596,FALSE,"observed"
"IT",1876,"55",55,0.01695,FALSE,"observed"
"IT",1876,"56",56,0.02332,FALSE,"observed"
"IT",1876,"57",57,0.02509,FALSE,"observed"
"IT",1876,"58",58,0.02919,FALSE,"observed"
"IT",1876,"59",59,0.03159,FALSE,"observed"
"IT",1876,"60",60,0.03476,FALSE,"observed"
"IT",1876,"61",61,0.04148,FALSE,"observed"
"IT",1876,"62",62,0.04498,FALSE,"observed"
"IT",1876,"63",63,0.05026,FALSE,"observed"
"IT",1876,"64",64,0.03258,FALSE,"observed"
"IT",1876,"65",65,0.03605,FALSE,"observed"
"IT",1876,"66",66,0.05747,FALSE,"observed"
"IT",1876,"67",67,0.06146,FALSE,"observed"
"IT",1876,"68",68,0.06798,FALSE,"observed"
"IT",1876,"69",69,0.06639,FALSE,"observed"
"IT",1876,"70",70,0.07221,FALSE,"observed"
"IT",1876,"71",71,0.08797,FALSE,"observed"
"IT",1876,"72",72,0.09638,FALSE,"observed"
"IT",1876,"73",73,0.10921,FALSE,"observed"
"IT",1876,"74",74,0.06501,FALSE,"observed"
"IT",1876,"75",75,0.06925,FALSE,"observed"
"IT",1876,"76",76,0.12045,FALSE,"observed"
"IT",1876,"77",77,0.16368,FALSE,"observed"
"IT",1876,"78",78,0.19266,FALSE,"observed"
"IT",1876,"79",79,0.15724,FALSE,"observed"
"IT",1876,"80",80,0.14408,FALSE,"observed"
"IT",1876,"81",81,0.1538,FALSE,"observed"
"IT",1876,"82",82,0.16207,FALSE,"observed"
"IT",1876,"83",83,0.17267,FALSE,"observed"
"IT",1876,"84",84,0.18683,FALSE,"observed"
"IT",1876,"85",85,0.19969,FALSE,"observed"
"IT",1876,"86",86,0.21062,FALSE,"observed"
"IT",1876,"87",87,0.22176,FALSE,"observed"
"IT",1876,"88",88,0.2335,FALSE,"observed"
"IT",1876,"89",89,0.24691,FALSE,"observed"
"IT",1876,"90",90,0.26287,FALSE,"observed"
"IT",1876,"91",91,0.2813,FALSE,"observed"
"IT",1876,"92",92,0.29993,FALSE,"observed"
"IT",1876,"93",93,0.31721,FALSE,"observed"
"IT",1876,"94",94,0.33081,FALSE,"observed"
"IT",1876,"95",95,0.34815,FALSE,"observed"
"IT",1876,"96",96,0.36591,FALSE,"observed"
"IT",1876,"97",97,0.38404,FALSE,"observed"
"IT",1876,"98",98,0.40251,FALSE,"observed"
"IT",1876,"99",99,0.42126,FALSE,"observed"
"IT",1876,"100",100,0.44025,FALSE,"observed"
"IT",1876,"101",101,0.45943,FALSE,"observed"
"IT",1876,"102",102,0.47873,FALSE,"observed"
"IT",1876,"103",103,0.49811,FALSE,"observed"
"IT",1876,"104",104,0.51751,FALSE,"observed"
"IT",1876,"105",105,0.53687,FALSE,"observed"
"IT",1876,"106",106,0.55614,FALSE,"observed"
"IT",1876,"107",107,0.57524,FALSE,"observed"
"IT",1876,"108",108,0.59414,FALSE,"observed"
"IT",1876,"109",109,0.61278,FALSE,"observed"
"IT",1876,"110+",110,0.63111,FALSE,"observed"
"IT",1877,"0",0,0.23126,FALSE,"observed"
"IT",1877,"1",1,0.08645,FALSE,"observed"
"IT",1877,"2",2,0.06713,FALSE,"observed"
"IT",1877,"3",3,0.04717,FALSE,"observed"
"IT",1877,"4",4,0.03074,FALSE,"observed"
"IT",1877,"5",5,0.02277,FALSE,"observed"
"IT",1877,"6",6,0.01735,FALSE,"observed"
"IT",1877,"7",7,0.01054,FALSE,"observed"
"IT",1877,"8",8,0.00625,FALSE,"observed"
"IT",1877,"9",9,0.00479,FALSE,"observed"
"IT",1877,"10",10,0.00498,FALSE,"observed"
"IT",1877,"11",11,0.00534,FALSE,"observed"
"IT",1877,"12",12,0.00565,FALSE,"observed"
"IT",1877,"13",13,0.00581,FALSE,"observed"
"IT",1877,"14",14,0.00602,FALSE,"observed"
"IT",1877,"15",15,0.00592,FALSE,"observed"
"IT",1877,"16",16,0.0061,FALSE,"observed"
"IT",1877,"17",17,0.0062,FALSE,"observed"
"IT",1877,"18",18,0.00657,FALSE,"observed"
"IT",1877,"19",19,0.00737,FALSE,"observed"
"IT",1877,"20",20,0.0082,FALSE,"observed"
"IT",1877,"21",21,0.00894,FALSE,"observed"
"IT",1877,"22",22,0.00952,FALSE,"observed"
"IT",1877,"23",23,0.00948,FALSE,"observed"
"IT",1877,"24",24,0.00964,FALSE,"observed"
"IT",1877,"25",25,0.00911,FALSE,"observed"
"IT",1877,"26",26,0.00882,FALSE,"observed"
"IT",1877,"27",27,0.00893,FALSE,"observed"
"IT",1877,"28",28,0.00893,FALSE,"observed"
"IT",1877,"29",29,0.00914,FALSE,"observed"
"IT",1877,"30",30,0.00924,FALSE,"observed"
"IT",1877,"31",31,0.00931,FALSE,"observed"
"IT",1877,"32",32,0.00968,FALSE,"observed"
"IT",1877,"33",33,0.00985,FALSE,"observed"
"IT",1877,"34",34,0.01059,FALSE,"observed"
"IT",1877,"35",35,0.00937,FALSE,"observed"
"IT",1877,"36",36,0.0099,FALSE,"observed"
"IT",1877,"37",37,0.0113,FALSE,"observed"
"IT",1877,"38",38,0.01137,FALSE,"observed"
"IT",1877,"39",39,0.01201,FALSE,"observed"
"IT",1877,"40",40,0.01214,FALSE,"observed"
"IT",1877,"41",41,0.0123,FALSE,"observed"
"IT",1877,"42",42,0.01332,FALSE,"observed"
"IT",1877,"43",43,0.01373,FALSE,"observed"
"IT",1877,"44",44,0.01444,FALSE,"observed"
"IT",1877,"45",45,0.01099,FALSE,"observed"
"IT",1877,"46",46,0.0117,FALSE,"observed"
"IT",1877,"47",47,0.01466,FALSE,"observed"
"IT",1877,"48",48,0.01534,FALSE,"observed"
"IT",1877,"49",49,0.01687,FALSE,"observed"
"IT",1877,"50",50,0.01685,FALSE,"observed"
"IT",1877,"51",51,0.01826,FALSE,"observed"
"IT",1877,"52",52,0.02117,FALSE,"observed"
"IT",1877,"53",53,0.02193,FALSE,"observed"
"IT",1877,"54",54,0.02313,FALSE,"observed"
"IT",1877,"55",55,0.01718,FALSE,"observed"
"IT",1877,"56",56,0.0187,FALSE,"observed"
"IT",1877,"57",57,0.02485,FALSE,"observed"
"IT",1877,"58",58,0.0269,FALSE,"observed"
"IT",1877,"59",59,0.03138,FALSE,"observed"
"IT",1877,"60",60,0.03489,FALSE,"observed"
"IT",1877,"61",61,0.03835,FALSE,"observed"
"IT",1877,"62",62,0.04486,FALSE,"observed"
"IT",1877,"63",63,0.04855,FALSE,"observed"
"IT",1877,"64",64,0.05408,FALSE,"observed"
"IT",1877,"65",65,0.03735,FALSE,"observed"
"IT",1877,"66",66,0.04199,FALSE,"observed"
"IT",1877,"67",67,0.06326,FALSE,"observed"
"IT",1877,"68",68,0.06817,FALSE,"observed"
"IT",1877,"69",69,0.07619,FALSE,"observed"
"IT",1877,"70",70,0.07705,FALSE,"observed"
"IT",1877,"71",71,0.08461,FALSE,"observed"
"IT",1877,"72",72,0.10135,FALSE,"observed"
"IT",1877,"73",73,0.10995,FALSE,"observed"
"IT",1877,"74",74,0.12218,FALSE,"observed"
"IT",1877,"75",75,0.0793,FALSE,"observed"
"IT",1877,"76",76,0.07993,FALSE,"observed"
"IT",1877,"77",77,0.13662,FALSE,"observed"
"IT",1877,"78",78,0.19744,FALSE,"observed"
"IT",1877,"79",79,0.23061,FALSE,"observed"
"IT",1877,"80",80,0.15644,FALSE,"observed"
"IT",1877,"81",81,0.16931,FALSE,"observed"
"IT",1877,"82",82,0.18083,FALSE,"observed"
"IT",1877,"83",83,0.1901,FALSE,"observed"
"IT",1877,"84",84,0.20238,FALSE,"observed"
"IT",1877,"85",85,0.21946,FALSE,"observed"
"IT",1877,"86",86,0.23444,FALSE,"observed"
"IT",1877,"87",87,0.2462,FALSE,"observed"
"IT",1877,"88",88,0.25777,FALSE,"observed"
"IT",1877,"89",89,0.26968,FALSE,"observed"
"IT",1877,"90",90,0.28347,FALSE,"observed"
"IT",1877,"91",91,0.30044,FALSE,"observed"
"IT",1877,"92",92,0.32049,FALSE,"observed"
"IT",1877,"93",93,0.3401,FALSE,"observed"
"IT",1877,"94",94,0.35676,FALSE,"observed"
"IT",1877,"95",95,0.37361,FALSE,"observed"
"IT",1877,"96",96,0.3913,FALSE,"observed"
"IT",1877,"97",97,0.40917,FALSE,"observed"
"IT",1877,"98",98,0.42718,FALSE,"observed"
"IT",1877,"99",99,0.44528,FALSE,"observed"
"IT",1877,"100",100,0.46342,FALSE,"observed"
"IT",1877,"101",101,0.48154,FALSE,"observed"
"IT",1877,"102",102,0.49961,FALSE,"observed"
"IT",1877,"103",103,0.51757,FALSE,"observed"
"IT",1877,"104",104,0.53539,FALSE,"observed"
"IT",1877,"105",105,0.55301,FALSE,"observed"
"IT",1877,"106",106,0.57042,FALSE,"observed"
"IT",1877,"107",107,0.58758,FALSE,"observed"
"IT",1877,"108",108,0.60445,FALSE,"observed"
"IT",1877,"109",109,0.62102,FALSE,"observed"
"IT",1877,"110+",110,0.63726,FALSE,"observed"
"IT",1878,"0",0,0.23113,FALSE,"observed"
"IT",1878,"1",1,0.09175,FALSE,"observed"
"IT",1878,"2",2,0.06659,FALSE,"observed"
"IT",1878,"3",3,0.04798,FALSE,"observed"
"IT",1878,"4",4,0.03255,FALSE,"observed"
"IT",1878,"5",5,0.02249,FALSE,"observed"
"IT",1878,"6",6,0.01605,FALSE,"observed"
"IT",1878,"7",7,0.01105,FALSE,"observed"
"IT",1878,"8",8,0.00659,FALSE,"observed"
"IT",1878,"9",9,0.00467,FALSE,"observed"
"IT",1878,"10",10,0.00497,FALSE,"observed"
"IT",1878,"11",11,0.00546,FALSE,"observed"
"IT",1878,"12",12,0.00575,FALSE,"observed"
"IT",1878,"13",13,0.00598,FALSE,"observed"
"IT",1878,"14",14,0.00604,FALSE,"observed"
"IT",1878,"15",15,0.00614,FALSE,"observed"
"IT",1878,"16",16,0.00617,FALSE,"observed"
"IT",1878,"17",17,0.00651,FALSE,"observed"
"IT",1878,"18",18,0.00679,FALSE,"observed"
"IT",1878,"19",19,0.00738,FALSE,"observed"
"IT",1878,"20",20,0.00832,FALSE,"observed"
"IT",1878,"21",21,0.0091,FALSE,"observed"
"IT",1878,"22",22,0.00966,FALSE,"observed"
"IT",1878,"23",23,0.01,FALSE,"observed"
"IT",1878,"24",24,0.00975,FALSE,"observed"
"IT",1878,"25",25,0.00969,FALSE,"observed"
"IT",1878,"26",26,0.00918,FALSE,"observed"
"IT",1878,"27",27,0.00896,FALSE,"observed"
"IT",1878,"28",28,0.00905,FALSE,"observed"
"IT",1878,"29",29,0.00911,FALSE,"observed"
"IT",1878,"30",30,0.00938,FALSE,"observed"
"IT",1878,"31",31,0.00965,FALSE,"observed"
"IT",1878,"32",32,0.00988,FALSE,"observed"
"IT",1878,"33",33,0.01037,FALSE,"observed"
"IT",1878,"34",34,0.01072,FALSE,"observed"
"IT",1878,"35",35,0.01152,FALSE,"observed"
"IT",1878,"36",36,0.01035,FALSE,"observed"
"IT",1878,"37",37,0.01086,FALSE,"observed"
"IT",1878,"38",38,0.01195,FALSE,"observed"
"IT",1878,"39",39,0.01193,FALSE,"observed"
"IT",1878,"40",40,0.01248,FALSE,"observed"
"IT",1878,"41",41,0.01286,FALSE,"observed"
"IT",1878,"42",42,0.01319,FALSE,"observed"
"IT",1878,"43",43,0.0142,FALSE,"observed"
"IT",1878,"44",44,0.0147,FALSE,"observed"
"IT",1878,"45",45,0.01536,FALSE,"observed"
"IT",1878,"46",46,0.01221,FALSE,"observed"
"IT",1878,"47",47,0.0131,FALSE,"observed"
"IT",1878,"48",48,0.01574,FALSE,"observed"
"IT",1878,"49",49,0.01653,FALSE,"observed"
"IT",1878,"50",50,0.01821,FALSE,"observed"
"IT",1878,"51",51,0.01887,FALSE,"observed"
"IT",1878,"52",52,0.02076,FALSE,"observed"
"IT",1878,"53",53,0.02387,FALSE,"observed"
"IT",1878,"54",54,0.02516,FALSE,"observed"
"IT",1878,"55",55,0.02656,FALSE,"observed"
"IT",1878,"56",56,0.02057,FALSE,"observed"
"IT",1878,"57",57,0.02236,FALSE,"observed"
"IT",1878,"58",58,0.02792,FALSE,"observed"
"IT",1878,"59",59,0.0297,FALSE,"observed"
"IT",1878,"60",60,0.03417,FALSE,"observed"
"IT",1878,"61",61,0.03916,FALSE,"observed"
"IT",1878,"62",62,0.04354,FALSE,"observed"
"IT",1878,"63",63,0.05045,FALSE,"observed"
"IT",1878,"64",64,0.05504,FALSE,"observed"
"IT",1878,"65",65,0.06132,FALSE,"observed"
"IT",1878,"66",66,0.0448,FALSE,"observed"
"IT",1878,"67",67,0.05081,FALSE,"observed"
"IT",1878,"68",68,0.07144,FALSE,"observed"
"IT",1878,"69",69,0.07715,FALSE,"observed"
"IT",1878,"70",70,0.08671,FALSE,"observed"
"IT",1878,"71",71,0.09076,FALSE,"observed"
"IT",1878,"72",72,0.10032,FALSE,"observed"
"IT",1878,"73",73,0.11718,FALSE,"observed"
"IT",1878,"74",74,0.12492,FALSE,"observed"
"IT",1878,"75",75,0.14316,FALSE,"observed"
"IT",1878,"76",76,0.0904,FALSE,"observed"
"IT",1878,"77",77,0.09016,FALSE,"observed"
"IT",1878,"78",78,0.15003,FALSE,"observed"
"IT",1878,"79",79,0.23346,FALSE,"observed"
"IT",1878,"80",80,0.16235,FALSE,"observed"
"IT",1878,"81",81,0.17533,FALSE,"observed"
"IT",1878,"82",82,0.18902,FALSE,"observed"
"IT",1878,"83",83,0.20051,FALSE,"observed"
"IT",1878,"84",84,0.20855,FALSE,"observed"
"IT",1878,"85",85,0.22011,FALSE,"observed"
"IT",1878,"86",86,0.23762,FALSE,"observed"
"IT",1878,"87",87,0.25174,FALSE,"observed"
"IT",1878,"88",88,0.26085,FALSE,"observed"
"IT",1878,"89",89,0.26906,FALSE,"observed"
"IT",1878,"90",90,0.27706,FALSE,"observed"
"IT",1878,"91",91,0.28697,FALSE,"observed"
"IT",1878,"92",92,0.30047,FALSE,"observed"
"IT",1878,"93",93,0.31751,FALSE,"observed"
"IT",1878,"94",94,0.34306,FALSE,"observed"
"IT",1878,"95",95,0.35879,FALSE,"observed"
"IT",1878,"96",96,0.37485,FALSE,"observed"
"IT",1878,"97",97,0.39122,FALSE,"observed"
"IT",1878,"98",98,0.40786,FALSE,"observed"
"IT",1878,"99",99,0.42475,FALSE,"observed"
"IT",1878,"100",100,0.44184,FALSE,"observed"
"IT",1878,"101",101,0.45911,FALSE,"observed"
"IT",1878,"102",102,0.47651,FALSE,"observed"
"IT",1878,"103",103,0.49401,FALSE,"observed"
"IT",1878,"104",104,0.51155,FALSE,"observed"
"IT",1878,"105",105,0.5291,FALSE,"observed"
"IT",1878,"106",106,0.54662,FALSE,"observed"
"IT",1878,"107",107,0.56405,FALSE,"observed"
"IT",1878,"108",108,0.58137,FALSE,"observed"
"IT",1878,"109",109,0.59852,FALSE,"observed"
"IT",1878,"110+",110,0.61546,FALSE,"observed"
"IT",1879,"0",0,0.24208,FALSE,"observed"
"IT",1879,"1",1,0.09245,FALSE,"observed"
"IT",1879,"2",2,0.06522,FALSE,"observed"
"IT",1879,"3",3,0.04405,FALSE,"observed"
"IT",1879,"4",4,0.03081,FALSE,"observed"
"IT",1879,"5",5,0.02287,FALSE,"observed"
"IT",1879,"6",6,0.01643,FALSE,"observed"
"IT",1879,"7",7,0.01181,FALSE,"observed"
"IT",1879,"8",8,0.00854,FALSE,"observed"
"IT",1879,"9",9,0.0063,FALSE,"observed"
"IT",1879,"10",10,0.00579,FALSE,"observed"
"IT",1879,"11",11,0.00586,FALSE,"observed"
"IT",1879,"12",12,0.00588,FALSE,"observed"
"IT",1879,"13",13,0.00584,FALSE,"observed"
"IT",1879,"14",14,0.00589,FALSE,"observed"
"IT",1879,"15",15,0.00594,FALSE,"observed"
"IT",1879,"16",16,0.00621,FALSE,"observed"
"IT",1879,"17",17,0.00646,FALSE,"observed"
"IT",1879,"18",18,0.00697,FALSE,"observed"
"IT",1879,"19",19,0.00744,FALSE,"observed"
"IT",1879,"20",20,0.00817,FALSE,"observed"
"IT",1879,"21",21,0.00899,FALSE,"observed"
"IT",1879,"22",22,0.00966,FALSE,"observed"
"IT",1879,"23",23,0.01004,FALSE,"observed"
"IT",1879,"24",24,0.01013,FALSE,"observed"
"IT",1879,"25",25,0.00974,FALSE,"observed"
"IT",1879,"26",26,0.00965,FALSE,"observed"
"IT",1879,"27",27,0.00922,FALSE,"observed"
"IT",1879,"28",28,0.00907,FALSE,"observed"
"IT",1879,"29",29,0.00915,FALSE,"observed"
"IT",1879,"30",30,0.00924,FALSE,"observed"
"IT",1879,"31",31,0.00956,FALSE,"observed"
"IT",1879,"32",32,0.00993,FALSE,"observed"
"IT",1879,"33",33,0.01021,FALSE,"observed"
"IT",1879,"34",34,0.01064,FALSE,"observed"
"IT",1879,"35",35,0.01092,FALSE,"observed"
"IT",1879,"36",36,0.0114,FALSE,"observed"
"IT",1879,"37",37,0.01027,FALSE,"observed"
"IT",1879,"38",38,0.01072,FALSE,"observed"
"IT",1879,"39",39,0.01151,FALSE,"observed"
"IT",1879,"40",40,0.01169,FALSE,"observed"
"IT",1879,"41",41,0.01252,FALSE,"observed"
"IT",1879,"42",42,0.01344,FALSE,"observed"
"IT",1879,"43",43,0.01409,FALSE,"observed"
"IT",1879,"44",44,0.01502,FALSE,"observed"
"IT",1879,"45",45,0.01542,FALSE,"observed"
"IT",1879,"46",46,0.01574,FALSE,"observed"
"IT",1879,"47",47,0.01294,FALSE,"observed"
"IT",1879,"48",48,0.01395,FALSE,"observed"
"IT",1879,"49",49,0.01613,FALSE,"observed"
"IT",1879,"50",50,0.01719,FALSE,"observed"
"IT",1879,"51",51,0.01922,FALSE,"observed"
"IT",1879,"52",52,0.02087,FALSE,"observed"
"IT",1879,"53",53,0.02331,FALSE,"observed"
"IT",1879,"54",54,0.02631,FALSE,"observed"
"IT",1879,"55",55,0.02771,FALSE,"observed"
"IT",1879,"56",56,0.02849,FALSE,"observed"
"IT",1879,"57",57,0.02264,FALSE,"observed"
"IT",1879,"58",58,0.02446,FALSE,"observed"
"IT",1879,"59",59,0.02884,FALSE,"observed"
"IT",1879,"60",60,0.03075,FALSE,"observed"
"IT",1879,"61",61,0.03626,FALSE,"observed"
"IT",1879,"62",62,0.04416,FALSE,"observed"
"IT",1879,"63",63,0.05055,FALSE,"observed"
"IT",1879,"64",64,0.05825,FALSE,"observed"
"IT",1879,"65",65,0.0635,FALSE,"observed"
"IT",1879,"66",66,0.06894,FALSE,"observed"
"IT",1879,"67",67,0.05269,FALSE,"observed"
"IT",1879,"68",68,0.05982,FALSE,"observed"
"IT",1879,"69",69,0.07718,FALSE,"observed"
"IT",1879,"70",70,0.08296,FALSE,"observed"
"IT",1879,"71",71,0.09337,FALSE,"observed"
"IT",1879,"72",72,0.1013,FALSE,"observed"
"IT",1879,"73",73,0.11265,FALSE,"observed"
"IT",1879,"74",74,0.12742,FALSE,"observed"
"IT",1879,"75",75,0.14253,FALSE,"observed"
"IT",1879,"76",76,0.15643,FALSE,"observed"
"IT",1879,"77",77,0.10112,FALSE,"observed"
"IT",1879,"78",78,0.1,FALSE,"observed"
"IT",1879,"79",79,0.16156,FALSE,"observed"
"IT",1879,"80",80,0.16783,FALSE,"observed"
"IT",1879,"81",81,0.18264,FALSE,"observed"
"IT",1879,"82",82,0.1979,FALSE,"observed"
"IT",1879,"83",83,0.21417,FALSE,"observed"
"IT",1879,"84",84,0.22736,FALSE,"observed"
"IT",1879,"85",85,0.23556,FALSE,"observed"
"IT",1879,"86",86,0.24859,FALSE,"observed"
"IT",1879,"87",87,0.27017,FALSE,"observed"
"IT",1879,"88",88,0.28685,FALSE,"observed"
"IT",1879,"89",89,0.29596,FALSE,"observed"
"IT",1879,"90",90,0.30353,FALSE,"observed"
"IT",1879,"91",91,0.31059,FALSE,"observed"
"IT",1879,"92",92,0.32034,FALSE,"observed"
"IT",1879,"93",93,0.33543,FALSE,"observed"
"IT",1879,"94",94,0.356,FALSE,"observed"
"IT",1879,"95",95,0.39456,FALSE,"observed"
"IT",1879,"96",96,0.41292,FALSE,"observed"
"IT",1879,"97",97,0.43157,FALSE,"observed"
"IT",1879,"98",98,0.45045,FALSE,"observed"
"IT",1879,"99",99,0.46951,FALSE,"observed"
"IT",1879,"100",100,0.48871,FALSE,"observed"
"IT",1879,"101",101,0.50797,FALSE,"observed"
"IT",1879,"102",102,0.52726,FALSE,"observed"
"IT",1879,"103",103,0.54651,FALSE,"observed"
"IT",1879,"104",104,0.56566,FALSE,"observed"
"IT",1879,"105",105,0.58467,FALSE,"observed"
"IT",1879,"106",106,0.60347,FALSE,"observed"
"IT",1879,"107",107,0.62201,FALSE,"observed"
"IT",1879,"108",108,0.64025,FALSE,"observed"
"IT",1879,"109",109,0.65814,FALSE,"observed"
"IT",1879,"110+",110,0.67562,FALSE,"observed"
"IT",1880,"0",0,0.25032,FALSE,"observed"
"IT",1880,"1",1,0.0975,FALSE,"observed"
"IT",1880,"2",2,0.07091,FALSE,"observed"
"IT",1880,"3",3,0.04687,FALSE,"observed"
"IT",1880,"4",4,0.0305,FALSE,"observed"
"IT",1880,"5",5,0.02236,FALSE,"observed"
"IT",1880,"6",6,0.01608,FALSE,"observed"
"IT",1880,"7",7,0.01075,FALSE,"observed"
"IT",1880,"8",8,0.00731,FALSE,"observed"
"IT",1880,"9",9,0.0057,FALSE,"observed"
"IT",1880,"10",10,0.00556,FALSE,"observed"
"IT",1880,"11",11,0.00579,FALSE,"observed"
"IT",1880,"12",12,0.0061,FALSE,"observed"
"IT",1880,"13",13,0.00629,FALSE,"observed"
"IT",1880,"14",14,0.00636,FALSE,"observed"
"IT",1880,"15",15,0.00649,FALSE,"observed"
"IT",1880,"16",16,0.00667,FALSE,"observed"
"IT",1880,"17",17,0.00708,FALSE,"observed"
"IT",1880,"18",18,0.00751,FALSE,"observed"
"IT",1880,"19",19,0.00821,FALSE,"observed"
"IT",1880,"20",20,0.00883,FALSE,"observed"
"IT",1880,"21",21,0.00954,FALSE,"observed"
"IT",1880,"22",22,0.01021,FALSE,"observed"
"IT",1880,"23",23,0.01076,FALSE,"observed"
"IT",1880,"24",24,0.01084,FALSE,"observed"
"IT",1880,"25",25,0.01056,FALSE,"observed"
"IT",1880,"26",26,0.01004,FALSE,"observed"
"IT",1880,"27",27,0.00986,FALSE,"observed"
"IT",1880,"28",28,0.00943,FALSE,"observed"
"IT",1880,"29",29,0.00934,FALSE,"observed"
"IT",1880,"30",30,0.00942,FALSE,"observed"
"IT",1880,"31",31,0.0096,FALSE,"observed"
"IT",1880,"32",32,0.01007,FALSE,"observed"
"IT",1880,"33",33,0.01071,FALSE,"observed"
"IT",1880,"34",34,0.01124,FALSE,"observed"
"IT",1880,"35",35,0.01185,FALSE,"observed"
"IT",1880,"36",36,0.01225,FALSE,"observed"
"IT",1880,"37",37,0.01261,FALSE,"observed"
"IT",1880,"38",38,0.01151,FALSE,"observed"
"IT",1880,"39",39,0.01194,FALSE,"observed"
"IT",1880,"40",40,0.0124,FALSE,"observed"
"IT",1880,"41",41,0.01264,FALSE,"observed"
"IT",1880,"42",42,0.01363,FALSE,"observed"
"IT",1880,"43",43,0.01508,FALSE,"observed"
"IT",1880,"44",44,0.01614,FALSE,"observed"
"IT",1880,"45",45,0.01713,FALSE,"observed"
"IT",1880,"46",46,0.01765,FALSE,"observed"
"IT",1880,"47",47,0.01777,FALSE,"observed"
"IT",1880,"48",48,0.01515,FALSE,"observed"
"IT",1880,"49",49,0.01634,FALSE,"observed"
"IT",1880,"50",50,0.01793,FALSE,"observed"
"IT",1880,"51",51,0.01911,FALSE,"observed"
"IT",1880,"52",52,0.02146,FALSE,"observed"
"IT",1880,"53",53,0.02434,FALSE,"observed"
"IT",1880,"54",54,0.02771,FALSE,"observed"
"IT",1880,"55",55,0.03089,FALSE,"observed"
"IT",1880,"56",56,0.03263,FALSE,"observed"
"IT",1880,"57",57,0.03293,FALSE,"observed"
"IT",1880,"58",58,0.02708,FALSE,"observed"
"IT",1880,"59",59,0.02912,FALSE,"observed"
"IT",1880,"60",60,0.03233,FALSE,"observed"
"IT",1880,"61",61,0.03474,FALSE,"observed"
"IT",1880,"62",62,0.04164,FALSE,"observed"
"IT",1880,"63",63,0.05348,FALSE,"observed"
"IT",1880,"64",64,0.0626,FALSE,"observed"
"IT",1880,"65",65,0.0708,FALSE,"observed"
"IT",1880,"66",66,0.07575,FALSE,"observed"
"IT",1880,"67",67,0.07974,FALSE,"observed"
"IT",1880,"68",68,0.06419,FALSE,"observed"
"IT",1880,"69",69,0.07318,FALSE,"observed"
"IT",1880,"70",70,0.08551,FALSE,"observed"
"IT",1880,"71",71,0.09138,FALSE,"observed"
"IT",1880,"72",72,0.10288,FALSE,"observed"
"IT",1880,"73",73,0.11637,FALSE,"observed"
"IT",1880,"74",74,0.13032,FALSE,"observed"
"IT",1880,"75",75,0.15069,FALSE,"observed"
"IT",1880,"76",76,0.16034,FALSE,"observed"
"IT",1880,"77",77,0.17112,FALSE,"observed"
"IT",1880,"78",78,0.11355,FALSE,"observed"
"IT",1880,"79",79,0.11065,FALSE,"observed"
"IT",1880,"80",80,0.17283,FALSE,"observed"
"IT",1880,"81",81,0.18628,FALSE,"observed"
"IT",1880,"82",82,0.2027,FALSE,"observed"
"IT",1880,"83",83,0.21961,FALSE,"observed"
"IT",1880,"84",84,0.23778,FALSE,"observed"
"IT",1880,"85",85,0.2515,FALSE,"observed"
"IT",1880,"86",86,0.25794,FALSE,"observed"
"IT",1880,"87",87,0.27087,FALSE,"observed"
"IT",1880,"88",88,0.29583,FALSE,"observed"
"IT",1880,"89",89,0.31369,FALSE,"observed"
"IT",1880,"90",90,0.32015,FALSE,"observed"
"IT",1880,"91",91,0.32408,FALSE,"observed"
"IT",1880,"92",92,0.32704,FALSE,"observed"
"IT",1880,"93",93,0.33367,FALSE,"observed"
"IT",1880,"94",94,0.34784,FALSE,"observed"
"IT",1880,"95",95,0.40704,FALSE,"observed"
"IT",1880,"96",96,0.42585,FALSE,"observed"
"IT",1880,"97",97,0.44491,FALSE,"observed"
"IT",1880,"98",98,0.46417,FALSE,"observed"
"IT",1880,"99",99,0.48356,FALSE,"observed"
"IT",1880,"100",100,0.50304,FALSE,"observed"
"IT",1880,"101",101,0.52255,FALSE,"observed"
"IT",1880,"102",102,0.54202,FALSE,"observed"
"IT",1880,"103",103,0.56139,FALSE,"observed"
"IT",1880,"104",104,0.58062,FALSE,"observed"
"IT",1880,"105",105,0.59965,FALSE,"observed"
"IT",1880,"106",106,0.61841,FALSE,"observed"
"IT",1880,"107",107,0.63687,FALSE,"observed"
"IT",1880,"108",108,0.65496,FALSE,"observed"
"IT",1880,"109",109,0.67266,FALSE,"observed"
"IT",1880,"110+",110,0.68991,FALSE,"observed"
"IT",1881,"0",0,0.25904,FALSE,"observed"
"IT",1881,"1",1,0.09917,FALSE,"observed"
"IT",1881,"2",2,0.06539,FALSE,"observed"
"IT",1881,"3",3,0.04394,FALSE,"observed"
"IT",1881,"4",4,0.02847,FALSE,"observed"
"IT",1881,"5",5,0.02006,FALSE,"observed"
"IT",1881,"6",6,0.01487,FALSE,"observed"
"IT",1881,"7",7,0.01063,FALSE,"observed"
"IT",1881,"8",8,0.00746,FALSE,"observed"
"IT",1881,"9",9,0.00585,FALSE,"observed"
"IT",1881,"10",10,0.0055,FALSE,"observed"
"IT",1881,"11",11,0.00535,FALSE,"observed"
"IT",1881,"12",12,0.00538,FALSE,"observed"
"IT",1881,"13",13,0.00549,FALSE,"observed"
"IT",1881,"14",14,0.00562,FALSE,"observed"
"IT",1881,"15",15,0.00575,FALSE,"observed"
"IT",1881,"16",16,0.00605,FALSE,"observed"
"IT",1881,"17",17,0.00639,FALSE,"observed"
"IT",1881,"18",18,0.00689,FALSE,"observed"
"IT",1881,"19",19,0.00742,FALSE,"observed"
"IT",1881,"20",20,0.0081,FALSE,"observed"
"IT",1881,"21",21,0.00854,FALSE,"observed"
"IT",1881,"22",22,0.00903,FALSE,"observed"
"IT",1881,"23",23,0.00941,FALSE,"observed"
"IT",1881,"24",24,0.00974,FALSE,"observed"
"IT",1881,"25",25,0.0096,FALSE,"observed"
"IT",1881,"26",26,0.0093,FALSE,"observed"
"IT",1881,"27",27,0.00892,FALSE,"observed"
"IT",1881,"28",28,0.00883,FALSE,"observed"
"IT",1881,"29",29,0.00858,FALSE,"observed"
"IT",1881,"30",30,0.00866,FALSE,"observed"
"IT",1881,"31",31,0.00877,FALSE,"observed"
"IT",1881,"32",32,0.00897,FALSE,"observed"
"IT",1881,"33",33,0.0094,FALSE,"observed"
"IT",1881,"34",34,0.01001,FALSE,"observed"
"IT",1881,"35",35,0.01041,FALSE,"observed"
"IT",1881,"36",36,0.01073,FALSE,"observed"
"IT",1881,"37",37,0.01093,FALSE,"observed"
"IT",1881,"38",38,0.01097,FALSE,"observed"
"IT",1881,"39",39,0.01012,FALSE,"observed"
"IT",1881,"40",40,0.01049,FALSE,"observed"
"IT",1881,"41",41,0.01064,FALSE,"observed"
"IT",1881,"42",42,0.01092,FALSE,"observed"
"IT",1881,"43",43,0.01181,FALSE,"observed"
"IT",1881,"44",44,0.01332,FALSE,"observed"
"IT",1881,"45",45,0.01433,FALSE,"observed"
"IT",1881,"46",46,0.0149,FALSE,"observed"
"IT",1881,"47",47,0.01522,FALSE,"observed"
"IT",1881,"48",48,0.01506,FALSE,"observed"
"IT",1881,"49",49,0.0134,FALSE,"observed"
"IT",1881,"50",50,0.01459,FALSE,"observed"
"IT",1881,"51",51,0.01537,FALSE,"observed"
"IT",1881,"52",52,0.0165,FALSE,"observed"
"IT",1881,"53",53,0.0186,FALSE,"observed"
"IT",1881,"54",54,0.0219,FALSE,"observed"
"IT",1881,"55",55,0.02508,FALSE,"observed"
"IT",1881,"56",56,0.02707,FALSE,"observed"
"IT",1881,"57",57,0.02858,FALSE,"observed"
"IT",1881,"58",58,0.02848,FALSE,"observed"
"IT",1881,"59",59,0.02467,FALSE,"observed"
"IT",1881,"60",60,0.02704,FALSE,"observed"
"IT",1881,"61",61,0.02894,FALSE,"observed"
"IT",1881,"62",62,0.03165,FALSE,"observed"
"IT",1881,"63",63,0.03858,FALSE,"observed"
"IT",1881,"64",64,0.0521,FALSE,"observed"
"IT",1881,"65",65,0.06164,FALSE,"observed"
"IT",1881,"66",66,0.06686,FALSE,"observed"
"IT",1881,"67",67,0.06961,FALSE,"observed"
"IT",1881,"68",68,0.07066,FALSE,"observed"
"IT",1881,"69",69,0.06042,FALSE,"observed"
"IT",1881,"70",70,0.06928,FALSE,"observed"
"IT",1881,"71",71,0.0719,FALSE,"observed"
"IT",1881,"72",72,0.07623,FALSE,"observed"
"IT",1881,"73",73,0.0857,FALSE,"observed"
"IT",1881,"74",74,0.10183,FALSE,"observed"
"IT",1881,"75",75,0.12534,FALSE,"observed"
"IT",1881,"76",76,0.13491,FALSE,"observed"
"IT",1881,"77",77,0.14084,FALSE,"observed"
"IT",1881,"78",78,0.14531,FALSE,"observed"
"IT",1881,"79",79,0.1009,FALSE,"observed"
"IT",1881,"80",80,0.14489,FALSE,"observed"
"IT",1881,"81",81,0.15147,FALSE,"observed"
"IT",1881,"82",82,0.16311,FALSE,"observed"
"IT",1881,"83",83,0.17779,FALSE,"observed"
"IT",1881,"84",84,0.19296,FALSE,"observed"
"IT",1881,"85",85,0.2095,FALSE,"observed"
"IT",1881,"86",86,0.22106,FALSE,"observed"
"IT",1881,"87",87,0.22437,FALSE,"observed"
"IT",1881,"88",88,0.23469,FALSE,"observed"
"IT",1881,"89",89,0.25859,FALSE,"observed"
"IT",1881,"90",90,0.27451,FALSE,"observed"
"IT",1881,"91",91,0.27698,FALSE,"observed"
"IT",1881,"92",92,0.27644,FALSE,"observed"
"IT",1881,"93",93,0.27479,FALSE,"observed"
"IT",1881,"94",94,0.32176,FALSE,"observed"
"IT",1881,"95",95,0.33791,FALSE,"observed"
"IT",1881,"96",96,0.35446,FALSE,"observed"
"IT",1881,"97",97,0.37137,FALSE,"observed"
"IT",1881,"98",98,0.38861,FALSE,"observed"
"IT",1881,"99",99,0.40614,FALSE,"observed"
"IT",1881,"100",100,0.42391,FALSE,"observed"
"IT",1881,"101",101,0.44188,FALSE,"observed"
"IT",1881,"102",102,0.45999,FALSE,"observed"
"IT",1881,"103",103,0.4782,FALSE,"observed"
"IT",1881,"104",104,0.49646,FALSE,"observed"
"IT",1881,"105",105,0.51471,FALSE,"observed"
"IT",1881,"106",106,0.53291,FALSE,"observed"
"IT",1881,"107",107,0.551,FALSE,"observed"
"IT",1881,"108",108,0.56894,FALSE,"observed"
"IT",1881,"109",109,0.58668,FALSE,"observed"
"IT",1881,"110+",110,0.60416,FALSE,"observed"
"IT",1882,"0",0,0.25188,FALSE,"observed"
"IT",1882,"1",1,0.10655,FALSE,"observed"
"IT",1882,"2",2,0.07276,FALSE,"observed"
"IT",1882,"3",3,0.04421,FALSE,"observed"
"IT",1882,"4",4,0.02902,FALSE,"observed"
"IT",1882,"5",5,0.0203,FALSE,"observed"
"IT",1882,"6",6,0.01412,FALSE,"observed"
"IT",1882,"7",7,0.00998,FALSE,"observed"
"IT",1882,"8",8,0.00707,FALSE,"observed"
"IT",1882,"9",9,0.00551,FALSE,"observed"
"IT",1882,"10",10,0.00528,FALSE,"observed"
"IT",1882,"11",11,0.00516,FALSE,"observed"
"IT",1882,"12",12,0.00533,FALSE,"observed"
"IT",1882,"13",13,0.00538,FALSE,"observed"
"IT",1882,"14",14,0.0056,FALSE,"observed"
"IT",1882,"15",15,0.00572,FALSE,"observed"
"IT",1882,"16",16,0.00602,FALSE,"observed"
"IT",1882,"17",17,0.00646,FALSE,"observed"
"IT",1882,"18",18,0.00691,FALSE,"observed"
"IT",1882,"19",19,0.00753,FALSE,"observed"
"IT",1882,"20",20,0.00806,FALSE,"observed"
"IT",1882,"21",21,0.00861,FALSE,"observed"
"IT",1882,"22",22,0.00892,FALSE,"observed"
"IT",1882,"23",23,0.00907,FALSE,"observed"
"IT",1882,"24",24,0.0092,FALSE,"observed"
"IT",1882,"25",25,0.00907,FALSE,"observed"
"IT",1882,"26",26,0.00895,FALSE,"observed"
"IT",1882,"27",27,0.00875,FALSE,"observed"
"IT",1882,"28",28,0.00856,FALSE,"observed"
"IT",1882,"29",29,0.00853,FALSE,"observed"
"IT",1882,"30",30,0.00848,FALSE,"observed"
"IT",1882,"31",31,0.0086,FALSE,"observed"
"IT",1882,"32",32,0.0087,FALSE,"observed"
"IT",1882,"33",33,0.00891,FALSE,"observed"
"IT",1882,"34",34,0.00933,FALSE,"observed"
"IT",1882,"35",35,0.00966,FALSE,"observed"
"IT",1882,"36",36,0.01017,FALSE,"observed"
"IT",1882,"37",37,0.01034,FALSE,"observed"
"IT",1882,"38",38,0.01059,FALSE,"observed"
"IT",1882,"39",39,0.01043,FALSE,"observed"
"IT",1882,"40",40,0.01041,FALSE,"observed"
"IT",1882,"41",41,0.01024,FALSE,"observed"
"IT",1882,"42",42,0.01043,FALSE,"observed"
"IT",1882,"43",43,0.01077,FALSE,"observed"
"IT",1882,"44",44,0.01176,FALSE,"observed"
"IT",1882,"45",45,0.01264,FALSE,"observed"
"IT",1882,"46",46,0.01409,FALSE,"observed"
"IT",1882,"47",47,0.01485,FALSE,"observed"
"IT",1882,"48",48,0.01536,FALSE,"observed"
"IT",1882,"49",49,0.01498,FALSE,"observed"
"IT",1882,"50",50,0.01507,FALSE,"observed"
"IT",1882,"51",51,0.01487,FALSE,"observed"
"IT",1882,"52",52,0.01568,FALSE,"observed"
"IT",1882,"53",53,0.01673,FALSE,"observed"
"IT",1882,"54",54,0.01908,FALSE,"observed"
"IT",1882,"55",55,0.02121,FALSE,"observed"
"IT",1882,"56",56,0.02495,FALSE,"observed"
"IT",1882,"57",57,0.02672,FALSE,"observed"
"IT",1882,"58",58,0.02867,FALSE,"observed"
"IT",1882,"59",59,0.02825,FALSE,"observed"
"IT",1882,"60",60,0.02886,FALSE,"observed"
"IT",1882,"61",61,0.02868,FALSE,"observed"
"IT",1882,"62",62,0.03108,FALSE,"observed"
"IT",1882,"63",63,0.03396,FALSE,"observed"
"IT",1882,"64",64,0.04247,FALSE,"observed"
"IT",1882,"65",65,0.04909,FALSE,"observed"
"IT",1882,"66",66,0.0648,FALSE,"observed"
"IT",1882,"67",67,0.06905,FALSE,"observed"
"IT",1882,"68",68,0.0719,FALSE,"observed"
"IT",1882,"69",69,0.07105,FALSE,"observed"
"IT",1882,"70",70,0.07194,FALSE,"observed"
"IT",1882,"71",71,0.06956,FALSE,"observed"
"IT",1882,"72",72,0.07294,FALSE,"observed"
"IT",1882,"73",73,0.07649,FALSE,"observed"
"IT",1882,"74",74,0.08732,FALSE,"observed"
"IT",1882,"75",75,0.1054,FALSE,"observed"
"IT",1882,"76",76,0.13159,FALSE,"observed"
"IT",1882,"77",77,0.1395,FALSE,"observed"
"IT",1882,"78",78,0.14581,FALSE,"observed"
"IT",1882,"79",79,0.14699,FALSE,"observed"
"IT",1882,"80",80,0.14267,FALSE,"observed"
"IT",1882,"81",81,0.15326,FALSE,"observed"
"IT",1882,"82",82,0.16006,FALSE,"observed"
"IT",1882,"83",83,0.17315,FALSE,"observed"
"IT",1882,"84",84,0.1902,FALSE,"observed"
"IT",1882,"85",85,0.20815,FALSE,"observed"
"IT",1882,"86",86,0.22821,FALSE,"observed"
"IT",1882,"87",87,0.24176,FALSE,"observed"
"IT",1882,"88",88,0.24392,FALSE,"observed"
"IT",1882,"89",89,0.25569,FALSE,"observed"
"IT",1882,"90",90,0.28692,FALSE,"observed"
"IT",1882,"91",91,0.30727,FALSE,"observed"
"IT",1882,"92",92,0.30762,FALSE,"observed"
"IT",1882,"93",93,0.30345,FALSE,"observed"
"IT",1882,"94",94,0.29768,FALSE,"observed"
"IT",1882,"95",95,0.36016,FALSE,"observed"
"IT",1882,"96",96,0.37891,FALSE,"observed"
"IT",1882,"97",97,0.39799,FALSE,"observed"
"IT",1882,"98",98,0.41734,FALSE,"observed"
"IT",1882,"99",99,0.43689,FALSE,"observed"
"IT",1882,"100",100,0.45659,FALSE,"observed"
"IT",1882,"101",101,0.47635,FALSE,"observed"
"IT",1882,"102",102,0.49611,FALSE,"observed"
"IT",1882,"103",103,0.51581,FALSE,"observed"
"IT",1882,"104",104,0.53537,FALSE,"observed"
"IT",1882,"105",105,0.55472,FALSE,"observed"
"IT",1882,"106",106,0.57382,FALSE,"observed"
"IT",1882,"107",107,0.59259,FALSE,"observed"
"IT",1882,"108",108,0.611,FALSE,"observed"
"IT",1882,"109",109,0.62898,FALSE,"observed"
"IT",1882,"110+",110,0.6465,FALSE,"observed"
"IT",1883,"0",0,0.22688,FALSE,"observed"
"IT",1883,"1",1,0.12206,FALSE,"observed"
"IT",1883,"2",2,0.06679,FALSE,"observed"
"IT",1883,"3",3,0.0362,FALSE,"observed"
"IT",1883,"4",4,0.02475,FALSE,"observed"
"IT",1883,"5",5,0.01807,FALSE,"observed"
"IT",1883,"6",6,0.01456,FALSE,"observed"
"IT",1883,"7",7,0.01083,FALSE,"observed"
"IT",1883,"8",8,0.00832,FALSE,"observed"
"IT",1883,"9",9,0.00774,FALSE,"observed"
"IT",1883,"10",10,0.00618,FALSE,"observed"
"IT",1883,"11",11,0.00534,FALSE,"observed"
"IT",1883,"12",12,0.00519,FALSE,"observed"
"IT",1883,"13",13,0.00467,FALSE,"observed"
"IT",1883,"14",14,0.00493,FALSE,"observed"
"IT",1883,"15",15,0.00504,FALSE,"observed"
"IT",1883,"16",16,0.00558,FALSE,"observed"
"IT",1883,"17",17,0.00648,FALSE,"observed"
"IT",1883,"18",18,0.00714,FALSE,"observed"
"IT",1883,"19",19,0.00708,FALSE,"observed"
"IT",1883,"20",20,0.00808,FALSE,"observed"
"IT",1883,"21",21,0.00849,FALSE,"observed"
"IT",1883,"22",22,0.00946,FALSE,"observed"
"IT",1883,"23",23,0.00907,FALSE,"observed"
"IT",1883,"24",24,0.00853,FALSE,"observed"
"IT",1883,"25",25,0.00825,FALSE,"observed"
"IT",1883,"26",26,0.0088,FALSE,"observed"
"IT",1883,"27",27,0.00878,FALSE,"observed"
"IT",1883,"28",28,0.00864,FALSE,"observed"
"IT",1883,"29",29,0.00748,FALSE,"observed"
"IT",1883,"30",30,0.0108,FALSE,"observed"
"IT",1883,"31",31,0.00693,FALSE,"observed"
"IT",1883,"32",32,0.00914,FALSE,"observed"
"IT",1883,"33",33,0.00929,FALSE,"observed"
"IT",1883,"34",34,0.00824,FALSE,"observed"
"IT",1883,"35",35,0.00986,FALSE,"observed"
"IT",1883,"36",36,0.00992,FALSE,"observed"
"IT",1883,"37",37,0.00921,FALSE,"observed"
"IT",1883,"38",38,0.01014,FALSE,"observed"
"IT",1883,"39",39,0.00921,FALSE,"observed"
"IT",1883,"40",40,0.01627,FALSE,"observed"
"IT",1883,"41",41,0.00863,FALSE,"observed"
"IT",1883,"42",42,0.01056,FALSE,"observed"
"IT",1883,"43",43,0.00999,FALSE,"observed"
"IT",1883,"44",44,0.00998,FALSE,"observed"
"IT",1883,"45",45,0.01222,FALSE,"observed"
"IT",1883,"46",46,0.01227,FALSE,"observed"
"IT",1883,"47",47,0.0121,FALSE,"observed"
"IT",1883,"48",48,0.01397,FALSE,"observed"
"IT",1883,"49",49,0.01321,FALSE,"observed"
"IT",1883,"50",50,0.02584,FALSE,"observed"
"IT",1883,"51",51,0.01177,FALSE,"observed"
"IT",1883,"52",52,0.01534,FALSE,"observed"
"IT",1883,"53",53,0.01565,FALSE,"observed"
"IT",1883,"54",54,0.01631,FALSE,"observed"
"IT",1883,"55",55,0.01927,FALSE,"observed"
"IT",1883,"56",56,0.02245,FALSE,"observed"
"IT",1883,"57",57,0.0218,FALSE,"observed"
"IT",1883,"58",58,0.0247,FALSE,"observed"
"IT",1883,"59",59,0.02638,FALSE,"observed"
"IT",1883,"60",60,0.05802,FALSE,"observed"
"IT",1883,"61",61,0.02562,FALSE,"observed"
"IT",1883,"62",62,0.03062,FALSE,"observed"
"IT",1883,"63",63,0.03366,FALSE,"observed"
"IT",1883,"64",64,0.03493,FALSE,"observed"
"IT",1883,"65",65,0.04089,FALSE,"observed"
"IT",1883,"66",66,0.04402,FALSE,"observed"
"IT",1883,"67",67,0.05298,FALSE,"observed"
"IT",1883,"68",68,0.06148,FALSE,"observed"
"IT",1883,"69",69,0.06785,FALSE,"observed"
"IT",1883,"70",70,0.13362,FALSE,"observed"
"IT",1883,"71",71,0.06363,FALSE,"observed"
"IT",1883,"72",72,0.08342,FALSE,"observed"
"IT",1883,"73",73,0.09029,FALSE,"observed"
"IT",1883,"74",74,0.09151,FALSE,"observed"
"IT",1883,"75",75,0.11288,FALSE,"observed"
"IT",1883,"76",76,0.12404,FALSE,"observed"
"IT",1883,"77",77,0.14453,FALSE,"observed"
"IT",1883,"78",78,0.1598,FALSE,"observed"
"IT",1883,"79",79,0.16547,FALSE,"observed"
"IT",1883,"80",80,0.2412,FALSE,"observed"
"IT",1883,"81",81,0.1332,FALSE,"observed"
"IT",1883,"82",82,0.18247,FALSE,"observed"
"IT",1883,"83",83,0.19959,FALSE,"observed"
"IT",1883,"84",84,0.19594,FALSE,"observed"
"IT",1883,"85",85,0.21877,FALSE,"observed"
"IT",1883,"86",86,0.21739,FALSE,"observed"
"IT",1883,"87",87,0.19894,FALSE,"observed"
"IT",1883,"88",88,0.21066,FALSE,"observed"
"IT",1883,"89",89,0.2105,FALSE,"observed"
"IT",1883,"90",90,0.36784,FALSE,"observed"
"IT",1883,"91",91,0.21136,FALSE,"observed"
"IT",1883,"92",92,0.26386,FALSE,"observed"
"IT",1883,"93",93,0.27163,FALSE,"observed"
"IT",1883,"94",94,0.31561,FALSE,"observed"
"IT",1883,"95",95,0.28717,FALSE,"observed"
"IT",1883,"96",96,0.29534,FALSE,"observed"
"IT",1883,"97",97,0.3037,FALSE,"observed"
"IT",1883,"98",98,0.31224,FALSE,"observed"
"IT",1883,"99",99,0.32097,FALSE,"observed"
"IT",1883,"100",100,0.32988,FALSE,"observed"
"IT",1883,"101",101,0.33899,FALSE,"observed"
"IT",1883,"102",102,0.34829,FALSE,"observed"
"IT",1883,"103",103,0.35778,FALSE,"observed"
"IT",1883,"104",104,0.36747,FALSE,"observed"
"IT",1883,"105",105,0.37736,FALSE,"observed"
"IT",1883,"106",106,0.38744,FALSE,"observed"
"IT",1883,"107",107,0.39772,FALSE,"observed"
"IT",1883,"108",108,0.40819,FALSE,"observed"
"IT",1883,"109",109,0.41886,FALSE,"observed"
"IT",1883,"110+",110,0.42972,FALSE,"observed"
"IT",1884,"0",0,0.21604,FALSE,"observed"
"IT",1884,"1",1,0.10232,FALSE,"observed"
"IT",1884,"2",2,0.05701,FALSE,"observed"
"IT",1884,"3",3,0.03785,FALSE,"observed"
"IT",1884,"4",4,0.02535,FALSE,"observed"
"IT",1884,"5",5,0.01721,FALSE,"observed"
"IT",1884,"6",6,0.01371,FALSE,"observed"
"IT",1884,"7",7,0.01065,FALSE,"observed"
"IT",1884,"8",8,0.00816,FALSE,"observed"
"IT",1884,"9",9,0.0066,FALSE,"observed"
"IT",1884,"10",10,0.00597,FALSE,"observed"
"IT",1884,"11",11,0.00514,FALSE,"observed"
"IT",1884,"12",12,0.00524,FALSE,"observed"
"IT",1884,"13",13,0.00477,FALSE,"observed"
"IT",1884,"14",14,0.00527,FALSE,"observed"
"IT",1884,"15",15,0.00503,FALSE,"observed"
"IT",1884,"16",16,0.00521,FALSE,"observed"
"IT",1884,"17",17,0.00598,FALSE,"observed"
"IT",1884,"18",18,0.00737,FALSE,"observed"
"IT",1884,"19",19,0.00675,FALSE,"observed"
"IT",1884,"20",20,0.00818,FALSE,"observed"
"IT",1884,"21",21,0.00854,FALSE,"observed"
"IT",1884,"22",22,0.00952,FALSE,"observed"
"IT",1884,"23",23,0.00879,FALSE,"observed"
"IT",1884,"24",24,0.00892,FALSE,"observed"
"IT",1884,"25",25,0.0088,FALSE,"observed"
"IT",1884,"26",26,0.00889,FALSE,"observed"
"IT",1884,"27",27,0.00881,FALSE,"observed"
"IT",1884,"28",28,0.00941,FALSE,"observed"
"IT",1884,"29",29,0.00705,FALSE,"observed"
"IT",1884,"30",30,0.01129,FALSE,"observed"
"IT",1884,"31",31,0.00739,FALSE,"observed"
"IT",1884,"32",32,0.00916,FALSE,"observed"
"IT",1884,"33",33,0.00958,FALSE,"observed"
"IT",1884,"34",34,0.00892,FALSE,"observed"
"IT",1884,"35",35,0.00969,FALSE,"observed"
"IT",1884,"36",36,0.00968,FALSE,"observed"
"IT",1884,"37",37,0.00894,FALSE,"observed"
"IT",1884,"38",38,0.01071,FALSE,"observed"
"IT",1884,"39",39,0.00874,FALSE,"observed"
"IT",1884,"40",40,0.0179,FALSE,"observed"
"IT",1884,"41",41,0.00833,FALSE,"observed"
"IT",1884,"42",42,0.01153,FALSE,"observed"
"IT",1884,"43",43,0.0097,FALSE,"observed"
"IT",1884,"44",44,0.0106,FALSE,"observed"
"IT",1884,"45",45,0.01248,FALSE,"observed"
"IT",1884,"46",46,0.01092,FALSE,"observed"
"IT",1884,"47",47,0.01123,FALSE,"observed"
"IT",1884,"48",48,0.01412,FALSE,"observed"
"IT",1884,"49",49,0.01159,FALSE,"observed"
"IT",1884,"50",50,0.02793,FALSE,"observed"
"IT",1884,"51",51,0.01219,FALSE,"observed"
"IT",1884,"52",52,0.0159,FALSE,"observed"
"IT",1884,"53",53,0.01487,FALSE,"observed"
"IT",1884,"54",54,0.01729,FALSE,"observed"
"IT",1884,"55",55,0.01814,FALSE,"observed"
"IT",1884,"56",56,0.0208,FALSE,"observed"
"IT",1884,"57",57,0.01924,FALSE,"observed"
"IT",1884,"58",58,0.02572,FALSE,"observed"
"IT",1884,"59",59,0.02175,FALSE,"observed"
"IT",1884,"60",60,0.06209,FALSE,"observed"
"IT",1884,"61",61,0.02498,FALSE,"observed"
"IT",1884,"62",62,0.03274,FALSE,"observed"
"IT",1884,"63",63,0.03159,FALSE,"observed"
"IT",1884,"64",64,0.03883,FALSE,"observed"
"IT",1884,"65",65,0.04347,FALSE,"observed"
"IT",1884,"66",66,0.03886,FALSE,"observed"
"IT",1884,"67",67,0.04053,FALSE,"observed"
"IT",1884,"68",68,0.05878,FALSE,"observed"
"IT",1884,"69",69,0.05249,FALSE,"observed"
"IT",1884,"70",70,0.14735,FALSE,"observed"
"IT",1884,"71",71,0.0693,FALSE,"observed"
"IT",1884,"72",72,0.08307,FALSE,"observed"
"IT",1884,"73",73,0.08138,FALSE,"observed"
"IT",1884,"74",74,0.09853,FALSE,"observed"
"IT",1884,"75",75,0.1144,FALSE,"observed"
"IT",1884,"76",76,0.10686,FALSE,"observed"
"IT",1884,"77",77,0.11563,FALSE,"observed"
"IT",1884,"78",78,0.16423,FALSE,"observed"
"IT",1884,"79",79,0.14531,FALSE,"observed"
"IT",1884,"80",80,0.27331,FALSE,"observed"
"IT",1884,"81",81,0.12459,FALSE,"observed"
"IT",1884,"82",82,0.16952,FALSE,"observed"
"IT",1884,"83",83,0.17464,FALSE,"observed"
"IT",1884,"84",84,0.24931,FALSE,"observed"
"IT",1884,"85",85,0.20764,FALSE,"observed"
"IT",1884,"86",86,0.20739,FALSE,"observed"
"IT",1884,"87",87,0.18428,FALSE,"observed"
"IT",1884,"88",88,0.20561,FALSE,"observed"
"IT",1884,"89",89,0.16648,FALSE,"observed"
"IT",1884,"90",90,0.37656,FALSE,"observed"
"IT",1884,"91",91,0.17909,FALSE,"observed"
"IT",1884,"92",92,0.24028,FALSE,"observed"
"IT",1884,"93",93,0.24253,FALSE,"observed"
"IT",1884,"94",94,0.33838,FALSE,"observed"
"IT",1884,"95",95,0.25194,FALSE,"observed"
"IT",1884,"96",96,0.25583,FALSE,"observed"
"IT",1884,"97",97,0.2597,FALSE,"observed"
"IT",1884,"98",98,0.26354,FALSE,"observed"
"IT",1884,"99",99,0.26734,FALSE,"observed"
"IT",1884,"100",100,0.27111,FALSE,"observed"
"IT",1884,"101",101,0.27483,FALSE,"observed"
"IT",1884,"102",102,0.27851,FALSE,"observed"
"IT",1884,"103",103,0.28213,FALSE,"observed"
"IT",1884,"104",104,0.2857,FALSE,"observed"
"IT",1884,"105",105,0.28922,FALSE,"observed"
"IT",1884,"106",106,0.29268,FALSE,"observed"
"IT",1884,"107",107,0.29607,FALSE,"observed"
"IT",1884,"108",108,0.2994,FALSE,"observed"
"IT",1884,"109",109,0.30266,FALSE,"observed"
"IT",1884,"110+",110,0.30586,FALSE,"observed"
"IT",1885,"0",0,0.21852,FALSE,"observed"
"IT",1885,"1",1,0.08317,FALSE,"observed"
"IT",1885,"2",2,0.06328,FALSE,"observed"
"IT",1885,"3",3,0.04696,FALSE,"observed"
"IT",1885,"4",4,0.03445,FALSE,"observed"
"IT",1885,"5",5,0.02201,FALSE,"observed"
"IT",1885,"6",6,0.01343,FALSE,"observed"
"IT",1885,"7",7,0.00851,FALSE,"observed"
"IT",1885,"8",8,0.00526,FALSE,"observed"
"IT",1885,"9",9,0.00386,FALSE,"observed"
"IT",1885,"10",10,0.00424,FALSE,"observed"
"IT",1885,"11",11,0.00488,FALSE,"observed"
"IT",1885,"12",12,0.00537,FALSE,"observed"
"IT",1885,"13",13,0.00561,FALSE,"observed"
"IT",1885,"14",14,0.00566,FALSE,"observed"
"IT",1885,"15",15,0.00566,FALSE,"observed"
"IT",1885,"16",16,0.00569,FALSE,"observed"
"IT",1885,"17",17,0.00592,FALSE,"observed"
"IT",1885,"18",18,0.00637,FALSE,"observed"
"IT",1885,"19",19,0.00709,FALSE,"observed"
"IT",1885,"20",20,0.00798,FALSE,"observed"
"IT",1885,"21",21,0.00864,FALSE,"observed"
"IT",1885,"22",22,0.00896,FALSE,"observed"
"IT",1885,"23",23,0.00906,FALSE,"observed"
"IT",1885,"24",24,0.00887,FALSE,"observed"
"IT",1885,"25",25,0.00842,FALSE,"observed"
"IT",1885,"26",26,0.00809,FALSE,"observed"
"IT",1885,"27",27,0.00795,FALSE,"observed"
"IT",1885,"28",28,0.00812,FALSE,"observed"
"IT",1885,"29",29,0.00846,FALSE,"observed"
"IT",1885,"30",30,0.00874,FALSE,"observed"
"IT",1885,"31",31,0.00887,FALSE,"observed"
"IT",1885,"32",32,0.00886,FALSE,"observed"
"IT",1885,"33",33,0.00876,FALSE,"observed"
"IT",1885,"34",34,0.00861,FALSE,"observed"
"IT",1885,"35",35,0.00846,FALSE,"observed"
"IT",1885,"36",36,0.0085,FALSE,"observed"
"IT",1885,"37",37,0.00869,FALSE,"observed"
"IT",1885,"38",38,0.00929,FALSE,"observed"
"IT",1885,"39",39,0.01003,FALSE,"observed"
"IT",1885,"40",40,0.01068,FALSE,"observed"
"IT",1885,"41",41,0.01125,FALSE,"observed"
"IT",1885,"42",42,0.01157,FALSE,"observed"
"IT",1885,"43",43,0.01111,FALSE,"observed"
"IT",1885,"44",44,0.01042,FALSE,"observed"
"IT",1885,"45",45,0.01007,FALSE,"observed"
"IT",1885,"46",46,0.01002,FALSE,"observed"
"IT",1885,"47",47,0.01035,FALSE,"observed"
"IT",1885,"48",48,0.01182,FALSE,"observed"
"IT",1885,"49",49,0.01411,FALSE,"observed"
"IT",1885,"50",50,0.01607,FALSE,"observed"
"IT",1885,"51",51,0.01756,FALSE,"observed"
"IT",1885,"52",52,0.0184,FALSE,"observed"
"IT",1885,"53",53,0.01737,FALSE,"observed"
"IT",1885,"54",54,0.01615,FALSE,"observed"
"IT",1885,"55",55,0.01589,FALSE,"observed"
"IT",1885,"56",56,0.01625,FALSE,"observed"
"IT",1885,"57",57,0.01735,FALSE,"observed"
"IT",1885,"58",58,0.02096,FALSE,"observed"
"IT",1885,"59",59,0.02631,FALSE,"observed"
"IT",1885,"60",60,0.03116,FALSE,"observed"
"IT",1885,"61",61,0.03635,FALSE,"observed"
"IT",1885,"62",62,0.0407,FALSE,"observed"
"IT",1885,"63",63,0.03997,FALSE,"observed"
"IT",1885,"64",64,0.03924,FALSE,"observed"
"IT",1885,"65",65,0.04197,FALSE,"observed"
"IT",1885,"66",66,0.04463,FALSE,"observed"
"IT",1885,"67",67,0.04713,FALSE,"observed"
"IT",1885,"68",68,0.05889,FALSE,"observed"
"IT",1885,"69",69,0.07522,FALSE,"observed"
"IT",1885,"70",70,0.07983,FALSE,"observed"
"IT",1885,"71",71,0.08575,FALSE,"observed"
"IT",1885,"72",72,0.08909,FALSE,"observed"
"IT",1885,"73",73,0.08212,FALSE,"observed"
"IT",1885,"74",74,0.07841,FALSE,"observed"
"IT",1885,"75",75,0.09923,FALSE,"observed"
"IT",1885,"76",76,0.10674,FALSE,"observed"
"IT",1885,"77",77,0.11329,FALSE,"observed"
"IT",1885,"78",78,0.13999,FALSE,"observed"
"IT",1885,"79",79,0.18071,FALSE,"observed"
"IT",1885,"80",80,0.15454,FALSE,"observed"
"IT",1885,"81",81,0.16863,FALSE,"observed"
"IT",1885,"82",82,0.18374,FALSE,"observed"
"IT",1885,"83",83,0.19984,FALSE,"observed"
"IT",1885,"84",84,0.21692,FALSE,"observed"
"IT",1885,"85",85,0.235,FALSE,"observed"
"IT",1885,"86",86,0.25404,FALSE,"observed"
"IT",1885,"87",87,0.27393,FALSE,"observed"
"IT",1885,"88",88,0.29465,FALSE,"observed"
"IT",1885,"89",89,0.31622,FALSE,"observed"
"IT",1885,"90",90,0.3386,FALSE,"observed"
"IT",1885,"91",91,0.36177,FALSE,"observed"
"IT",1885,"92",92,0.38566,FALSE,"observed"
"IT",1885,"93",93,0.41025,FALSE,"observed"
"IT",1885,"94",94,0.43554,FALSE,"observed"
"IT",1885,"95",95,0.46167,FALSE,"observed"
"IT",1885,"96",96,0.48708,FALSE,"observed"
"IT",1885,"97",97,0.51251,FALSE,"observed"
"IT",1885,"98",98,0.53785,FALSE,"observed"
"IT",1885,"99",99,0.56295,FALSE,"observed"
"IT",1885,"100",100,0.5877,FALSE,"observed"
"IT",1885,"101",101,0.61199,FALSE,"observed"
"IT",1885,"102",102,0.63571,FALSE,"observed"
"IT",1885,"103",103,0.65875,FALSE,"observed"
"IT",1885,"104",104,0.68105,FALSE,"observed"
"IT",1885,"105",105,0.70253,FALSE,"observed"
"IT",1885,"106",106,0.72314,FALSE,"observed"
"IT",1885,"107",107,0.74283,FALSE,"observed"
"IT",1885,"108",108,0.76157,FALSE,"observed"
"IT",1885,"109",109,0.77934,FALSE,"observed"
"IT",1885,"110+",110,0.79614,FALSE,"observed"
"IT",1886,"0",0,0.2229,FALSE,"observed"
"IT",1886,"1",1,0.0893,FALSE,"observed"
"IT",1886,"2",2,0.06683,FALSE,"observed"
"IT",1886,"3",3,0.04745,FALSE,"observed"
"IT",1886,"4",4,0.03407,FALSE,"observed"
"IT",1886,"5",5,0.02649,FALSE,"observed"
"IT",1886,"6",6,0.01685,FALSE,"observed"
"IT",1886,"7",7,0.00997,FALSE,"observed"
"IT",1886,"8",8,0.00646,FALSE,"observed"
"IT",1886,"9",9,0.00484,FALSE,"observed"
"IT",1886,"10",10,0.00485,FALSE,"observed"
"IT",1886,"11",11,0.00536,FALSE,"observed"
"IT",1886,"12",12,0.00579,FALSE,"observed"
"IT",1886,"13",13,0.00608,FALSE,"observed"
"IT",1886,"14",14,0.00613,FALSE,"observed"
"IT",1886,"15",15,0.00607,FALSE,"observed"
"IT",1886,"16",16,0.00621,FALSE,"observed"
"IT",1886,"17",17,0.00645,FALSE,"observed"
"IT",1886,"18",18,0.00691,FALSE,"observed"
"IT",1886,"19",19,0.00761,FALSE,"observed"
"IT",1886,"20",20,0.00853,FALSE,"observed"
"IT",1886,"21",21,0.00932,FALSE,"observed"
"IT",1886,"22",22,0.00976,FALSE,"observed"
"IT",1886,"23",23,0.00986,FALSE,"observed"
"IT",1886,"24",24,0.00973,FALSE,"observed"
"IT",1886,"25",25,0.00938,FALSE,"observed"
"IT",1886,"26",26,0.00905,FALSE,"observed"
"IT",1886,"27",27,0.00891,FALSE,"observed"
"IT",1886,"28",28,0.00895,FALSE,"observed"
"IT",1886,"29",29,0.00927,FALSE,"observed"
"IT",1886,"30",30,0.00971,FALSE,"observed"
"IT",1886,"31",31,0.00992,FALSE,"observed"
"IT",1886,"32",32,0.00992,FALSE,"observed"
"IT",1886,"33",33,0.00981,FALSE,"observed"
"IT",1886,"34",34,0.00964,FALSE,"observed"
"IT",1886,"35",35,0.00947,FALSE,"observed"
"IT",1886,"36",36,0.00948,FALSE,"observed"
"IT",1886,"37",37,0.00974,FALSE,"observed"
"IT",1886,"38",38,0.01016,FALSE,"observed"
"IT",1886,"39",39,0.01104,FALSE,"observed"
"IT",1886,"40",40,0.01202,FALSE,"observed"
"IT",1886,"41",41,0.01258,FALSE,"observed"
"IT",1886,"42",42,0.01297,FALSE,"observed"
"IT",1886,"43",43,0.01305,FALSE,"observed"
"IT",1886,"44",44,0.01227,FALSE,"observed"
"IT",1886,"45",45,0.01134,FALSE,"observed"
"IT",1886,"46",46,0.01119,FALSE,"observed"
"IT",1886,"47",47,0.01153,FALSE,"observed"
"IT",1886,"48",48,0.01231,FALSE,"observed"
"IT",1886,"49",49,0.01444,FALSE,"observed"
"IT",1886,"50",50,0.0174,FALSE,"observed"
"IT",1886,"51",51,0.01927,FALSE,"observed"
"IT",1886,"52",52,0.02038,FALSE,"observed"
"IT",1886,"53",53,0.02076,FALSE,"observed"
"IT",1886,"54",54,0.01911,FALSE,"observed"
"IT",1886,"55",55,0.0175,FALSE,"observed"
"IT",1886,"56",56,0.01783,FALSE,"observed"
"IT",1886,"57",57,0.01916,FALSE,"observed"
"IT",1886,"58",58,0.0214,FALSE,"observed"
"IT",1886,"59",59,0.02674,FALSE,"observed"
"IT",1886,"60",60,0.03399,FALSE,"observed"
"IT",1886,"61",61,0.03929,FALSE,"observed"
"IT",1886,"62",62,0.04461,FALSE,"observed"
"IT",1886,"63",63,0.04888,FALSE,"observed"
"IT",1886,"64",64,0.04718,FALSE,"observed"
"IT",1886,"65",65,0.0456,FALSE,"observed"
"IT",1886,"66",66,0.04839,FALSE,"observed"
"IT",1886,"67",67,0.05122,FALSE,"observed"
"IT",1886,"68",68,0.05411,FALSE,"observed"
"IT",1886,"69",69,0.06769,FALSE,"observed"
"IT",1886,"70",70,0.08606,FALSE,"observed"
"IT",1886,"71",71,0.09094,FALSE,"observed"
"IT",1886,"72",72,0.09728,FALSE,"observed"
"IT",1886,"73",73,0.10055,FALSE,"observed"
"IT",1886,"74",74,0.09189,FALSE,"observed"
"IT",1886,"75",75,0.10451,FALSE,"observed"
"IT",1886,"76",76,0.11415,FALSE,"observed"
"IT",1886,"77",77,0.12237,FALSE,"observed"
"IT",1886,"78",78,0.12935,FALSE,"observed"
"IT",1886,"79",79,0.16109,FALSE,"observed"
"IT",1886,"80",80,0.16126,FALSE,"observed"
"IT",1886,"81",81,0.17615,FALSE,"observed"
"IT",1886,"82",82,0.19221,FALSE,"observed"
"IT",1886,"83",83,0.20951,FALSE,"observed"
"IT",1886,"84",84,0.22807,FALSE,"observed"
"IT",1886,"85",85,0.24787,FALSE,"observed"
"IT",1886,"86",86,0.26898,FALSE,"observed"
"IT",1886,"87",87,0.29137,FALSE,"observed"
"IT",1886,"88",88,0.31493,FALSE,"observed"
"IT",1886,"89",89,0.33962,FALSE,"observed"
"IT",1886,"90",90,0.36556,FALSE,"observed"
"IT",1886,"91",91,0.39269,FALSE,"observed"
"IT",1886,"92",92,0.42104,FALSE,"observed"
"IT",1886,"93",93,0.45052,FALSE,"observed"
"IT",1886,"94",94,0.48108,FALSE,"observed"
"IT",1886,"95",95,0.4995,FALSE,"observed"
"IT",1886,"96",96,0.52652,FALSE,"observed"
"IT",1886,"97",97,0.5533,FALSE,"observed"
"IT",1886,"98",98,0.57969,FALSE,"observed"
"IT",1886,"99",99,0.60555,FALSE,"observed"
"IT",1886,"100",100,0.63076,FALSE,"observed"
"IT",1886,"101",101,0.65519,FALSE,"observed"
"IT",1886,"102",102,0.67877,FALSE,"observed"
"IT",1886,"103",103,0.7014,FALSE,"observed"
"IT",1886,"104",104,0.72303,FALSE,"observed"
"IT",1886,"105",105,0.74362,FALSE,"observed"
"IT",1886,"106",106,0.76313,FALSE,"observed"
"IT",1886,"107",107,0.78156,FALSE,"observed"
"IT",1886,"108",108,0.79889,FALSE,"observed"
"IT",1886,"109",109,0.81515,FALSE,"observed"
"IT",1886,"110+",110,0.83035,FALSE,"observed"
"IT",1887,"0",0,0.22619,FALSE,"observed"
"IT",1887,"1",1,0.08797,FALSE,"observed"
"IT",1887,"2",2,0.06241,FALSE,"observed"
"IT",1887,"3",3,0.04368,FALSE,"observed"
"IT",1887,"4",4,0.03013,FALSE,"observed"
"IT",1887,"5",5,0.02317,FALSE,"observed"
"IT",1887,"6",6,0.01791,FALSE,"observed"
"IT",1887,"7",7,0.01106,FALSE,"observed"
"IT",1887,"8",8,0.0067,FALSE,"observed"
"IT",1887,"9",9,0.00512,FALSE,"observed"
"IT",1887,"10",10,0.00501,FALSE,"observed"
"IT",1887,"11",11,0.00512,FALSE,"observed"
"IT",1887,"12",12,0.00541,FALSE,"observed"
"IT",1887,"13",13,0.00563,FALSE,"observed"
"IT",1887,"14",14,0.00576,FALSE,"observed"
"IT",1887,"15",15,0.00575,FALSE,"observed"
"IT",1887,"16",16,0.00585,FALSE,"observed"
"IT",1887,"17",17,0.00619,FALSE,"observed"
"IT",1887,"18",18,0.00663,FALSE,"observed"
"IT",1887,"19",19,0.0073,FALSE,"observed"
"IT",1887,"20",20,0.00812,FALSE,"observed"
"IT",1887,"21",21,0.00883,FALSE,"observed"
"IT",1887,"22",22,0.0093,FALSE,"observed"
"IT",1887,"23",23,0.0094,FALSE,"observed"
"IT",1887,"24",24,0.00915,FALSE,"observed"
"IT",1887,"25",25,0.00873,FALSE,"observed"
"IT",1887,"26",26,0.00838,FALSE,"observed"
"IT",1887,"27",27,0.00816,FALSE,"observed"
"IT",1887,"28",28,0.00816,FALSE,"observed"
"IT",1887,"29",29,0.00837,FALSE,"observed"
"IT",1887,"30",30,0.00884,FALSE,"observed"
"IT",1887,"31",31,0.00931,FALSE,"observed"
"IT",1887,"32",32,0.0095,FALSE,"observed"
"IT",1887,"33",33,0.00947,FALSE,"observed"
"IT",1887,"34",34,0.00931,FALSE,"observed"
"IT",1887,"35",35,0.00911,FALSE,"observed"
"IT",1887,"36",36,0.00903,FALSE,"observed"
"IT",1887,"37",37,0.00916,FALSE,"observed"
"IT",1887,"38",38,0.00954,FALSE,"observed"
"IT",1887,"39",39,0.01008,FALSE,"observed"
"IT",1887,"40",40,0.01099,FALSE,"observed"
"IT",1887,"41",41,0.01174,FALSE,"observed"
"IT",1887,"42",42,0.01203,FALSE,"observed"
"IT",1887,"43",43,0.01214,FALSE,"observed"
"IT",1887,"44",44,0.01195,FALSE,"observed"
"IT",1887,"45",45,0.01111,FALSE,"observed"
"IT",1887,"46",46,0.01055,FALSE,"observed"
"IT",1887,"47",47,0.01082,FALSE,"observed"
"IT",1887,"48",48,0.0116,FALSE,"observed"
"IT",1887,"49",49,0.01285,FALSE,"observed"
"IT",1887,"50",50,0.01534,FALSE,"observed"
"IT",1887,"51",51,0.01802,FALSE,"observed"
"IT",1887,"52",52,0.0194,FALSE,"observed"
"IT",1887,"53",53,0.01999,FALSE,"observed"
"IT",1887,"54",54,0.01984,FALSE,"observed"
"IT",1887,"55",55,0.01803,FALSE,"observed"
"IT",1887,"56",56,0.01715,FALSE,"observed"
"IT",1887,"57",57,0.0183,FALSE,"observed"
"IT",1887,"58",58,0.02048,FALSE,"observed"
"IT",1887,"59",59,0.02358,FALSE,"observed"
"IT",1887,"60",60,0.0297,FALSE,"observed"
"IT",1887,"61",61,0.03666,FALSE,"observed"
"IT",1887,"62",62,0.04133,FALSE,"observed"
"IT",1887,"63",63,0.04612,FALSE,"observed"
"IT",1887,"64",64,0.04992,FALSE,"observed"
"IT",1887,"65",65,0.04798,FALSE,"observed"
"IT",1887,"66",66,0.04657,FALSE,"observed"
"IT",1887,"67",67,0.0496,FALSE,"observed"
"IT",1887,"68",68,0.05269,FALSE,"observed"
"IT",1887,"69",69,0.05611,FALSE,"observed"
"IT",1887,"70",70,0.07074,FALSE,"observed"
"IT",1887,"71",71,0.09001,FALSE,"observed"
"IT",1887,"72",72,0.09503,FALSE,"observed"
"IT",1887,"73",73,0.10148,FALSE,"observed"
"IT",1887,"74",74,0.10446,FALSE,"observed"
"IT",1887,"75",75,0.11342,FALSE,"observed"
"IT",1887,"76",76,0.11147,FALSE,"observed"
"IT",1887,"77",77,0.12183,FALSE,"observed"
"IT",1887,"78",78,0.13057,FALSE,"observed"
"IT",1887,"79",79,0.13785,FALSE,"observed"
"IT",1887,"80",80,0.15757,FALSE,"observed"
"IT",1887,"81",81,0.1726,FALSE,"observed"
"IT",1887,"82",82,0.18893,FALSE,"observed"
"IT",1887,"83",83,0.2066,FALSE,"observed"
"IT",1887,"84",84,0.2257,FALSE,"observed"
"IT",1887,"85",85,0.24625,FALSE,"observed"
"IT",1887,"86",86,0.26825,FALSE,"observed"
"IT",1887,"87",87,0.29177,FALSE,"observed"
"IT",1887,"88",88,0.3168,FALSE,"observed"
"IT",1887,"89",89,0.34318,FALSE,"observed"
"IT",1887,"90",90,0.37087,FALSE,"observed"
"IT",1887,"91",91,0.40001,FALSE,"observed"
"IT",1887,"92",92,0.43058,FALSE,"observed"
"IT",1887,"93",93,0.46263,FALSE,"observed"
"IT",1887,"94",94,0.49606,FALSE,"observed"
"IT",1887,"95",95,0.51057,FALSE,"observed"
"IT",1887,"96",96,0.53866,FALSE,"observed"
"IT",1887,"97",97,0.56641,FALSE,"observed"
"IT",1887,"98",98,0.59365,FALSE,"observed"
"IT",1887,"99",99,0.62022,FALSE,"observed"
"IT",1887,"100",100,0.646,FALSE,"observed"
"IT",1887,"101",101,0.67087,FALSE,"observed"
"IT",1887,"102",102,0.69474,FALSE,"observed"
"IT",1887,"103",103,0.71753,FALSE,"observed"
"IT",1887,"104",104,0.7392,FALSE,"observed"
"IT",1887,"105",105,0.75971,FALSE,"observed"
"IT",1887,"106",106,0.77904,FALSE,"observed"
"IT",1887,"107",107,0.79719,FALSE,"observed"
"IT",1887,"108",108,0.81417,FALSE,"observed"
"IT",1887,"109",109,0.83,FALSE,"observed"
"IT",1887,"110+",110,0.84472,FALSE,"observed"
"IT",1888,"0",0,0.22351,FALSE,"observed"
"IT",1888,"1",1,0.08256,FALSE,"observed"
"IT",1888,"2",2,0.06051,FALSE,"observed"
"IT",1888,"3",3,0.04016,FALSE,"observed"
"IT",1888,"4",4,0.0273,FALSE,"observed"
"IT",1888,"5",5,0.02,FALSE,"observed"
"IT",1888,"6",6,0.01504,FALSE,"observed"
"IT",1888,"7",7,0.01087,FALSE,"observed"
"IT",1888,"8",8,0.00659,FALSE,"observed"
"IT",1888,"9",9,0.00456,FALSE,"observed"
"IT",1888,"10",10,0.00459,FALSE,"observed"
"IT",1888,"11",11,0.00484,FALSE,"observed"
"IT",1888,"12",12,0.00498,FALSE,"observed"
"IT",1888,"13",13,0.00525,FALSE,"observed"
"IT",1888,"14",14,0.00544,FALSE,"observed"
"IT",1888,"15",15,0.00558,FALSE,"observed"
"IT",1888,"16",16,0.00575,FALSE,"observed"
"IT",1888,"17",17,0.00605,FALSE,"observed"
"IT",1888,"18",18,0.00656,FALSE,"observed"
"IT",1888,"19",19,0.00715,FALSE,"observed"
"IT",1888,"20",20,0.00787,FALSE,"observed"
"IT",1888,"21",21,0.00844,FALSE,"observed"
"IT",1888,"22",22,0.00885,FALSE,"observed"
"IT",1888,"23",23,0.00902,FALSE,"observed"
"IT",1888,"24",24,0.00885,FALSE,"observed"
"IT",1888,"25",25,0.00843,FALSE,"observed"
"IT",1888,"26",26,0.00812,FALSE,"observed"
"IT",1888,"27",27,0.00791,FALSE,"observed"
"IT",1888,"28",28,0.0078,FALSE,"observed"
"IT",1888,"29",29,0.00789,FALSE,"observed"
"IT",1888,"30",30,0.00812,FALSE,"observed"
"IT",1888,"31",31,0.00847,FALSE,"observed"
"IT",1888,"32",32,0.00883,FALSE,"observed"
"IT",1888,"33",33,0.00899,FALSE,"observed"
"IT",1888,"34",34,0.00899,FALSE,"observed"
"IT",1888,"35",35,0.00895,FALSE,"observed"
"IT",1888,"36",36,0.00898,FALSE,"observed"
"IT",1888,"37",37,0.00909,FALSE,"observed"
"IT",1888,"38",38,0.00934,FALSE,"observed"
"IT",1888,"39",39,0.0098,FALSE,"observed"
"IT",1888,"40",40,0.01031,FALSE,"observed"
"IT",1888,"41",41,0.01097,FALSE,"observed"
"IT",1888,"42",42,0.01148,FALSE,"observed"
"IT",1888,"43",43,0.01164,FALSE,"observed"
"IT",1888,"44",44,0.01168,FALSE,"observed"
"IT",1888,"45",45,0.0116,FALSE,"observed"
"IT",1888,"46",46,0.01126,FALSE,"observed"
"IT",1888,"47",47,0.01117,FALSE,"observed"
"IT",1888,"48",48,0.01181,FALSE,"observed"
"IT",1888,"49",49,0.01289,FALSE,"observed"
"IT",1888,"50",50,0.01428,FALSE,"observed"
"IT",1888,"51",51,0.01637,FALSE,"observed"
"IT",1888,"52",52,0.01846,FALSE,"observed"
"IT",1888,"53",53,0.01927,FALSE,"observed"
"IT",1888,"54",54,0.01933,FALSE,"observed"
"IT",1888,"55",55,0.01895,FALSE,"observed"
"IT",1888,"56",56,0.01801,FALSE,"observed"
"IT",1888,"57",57,0.01815,FALSE,"observed"
"IT",1888,"58",58,0.02033,FALSE,"observed"
"IT",1888,"59",59,0.02364,FALSE,"observed"
"IT",1888,"60",60,0.02773,FALSE,"observed"
"IT",1888,"61",61,0.03416,FALSE,"observed"
"IT",1888,"62",62,0.04118,FALSE,"observed"
"IT",1888,"63",63,0.04578,FALSE,"observed"
"IT",1888,"64",64,0.05054,FALSE,"observed"
"IT",1888,"65",65,0.05436,FALSE,"observed"
"IT",1888,"66",66,0.05248,FALSE,"observed"
"IT",1888,"67",67,0.05115,FALSE,"observed"
"IT",1888,"68",68,0.05452,FALSE,"observed"
"IT",1888,"69",69,0.05797,FALSE,"observed"
"IT",1888,"70",70,0.06209,FALSE,"observed"
"IT",1888,"71",71,0.07882,FALSE,"observed"
"IT",1888,"72",72,0.10009,FALSE,"observed"
"IT",1888,"73",73,0.1053,FALSE,"observed"
"IT",1888,"74",74,0.1119,FALSE,"observed"
"IT",1888,"75",75,0.13801,FALSE,"observed"
"IT",1888,"76",76,0.1301,FALSE,"observed"
"IT",1888,"77",77,0.12733,FALSE,"observed"
"IT",1888,"78",78,0.13909,FALSE,"observed"
"IT",1888,"79",79,0.1488,FALSE,"observed"
"IT",1888,"80",80,0.16342,FALSE,"observed"
"IT",1888,"81",81,0.179,FALSE,"observed"
"IT",1888,"82",82,0.19605,FALSE,"observed"
"IT",1888,"83",83,0.21454,FALSE,"observed"
"IT",1888,"84",84,0.23446,FALSE,"observed"
"IT",1888,"85",85,0.25592,FALSE,"observed"
"IT",1888,"86",86,0.27888,FALSE,"observed"
"IT",1888,"87",87,0.30333,FALSE,"observed"
"IT",1888,"88",88,0.32934,FALSE,"observed"
"IT",1888,"89",89,0.35682,FALSE,"observed"
"IT",1888,"90",90,0.3855,FALSE,"observed"
"IT",1888,"91",91,0.41524,FALSE,"observed"
"IT",1888,"92",92,0.44626,FALSE,"observed"
"IT",1888,"93",93,0.47846,FALSE,"observed"
"IT",1888,"94",94,0.51197,FALSE,"observed"
"IT",1888,"95",95,0.52646,FALSE,"observed"
"IT",1888,"96",96,0.55471,FALSE,"observed"
"IT",1888,"97",97,0.58251,FALSE,"observed"
"IT",1888,"98",98,0.60968,FALSE,"observed"
"IT",1888,"99",99,0.6361,FALSE,"observed"
"IT",1888,"100",100,0.66162,FALSE,"observed"
"IT",1888,"101",101,0.68615,FALSE,"observed"
"IT",1888,"102",102,0.7096,FALSE,"observed"
"IT",1888,"103",103,0.73192,FALSE,"observed"
"IT",1888,"104",104,0.75306,FALSE,"observed"
"IT",1888,"105",105,0.773,FALSE,"observed"
"IT",1888,"106",106,0.79172,FALSE,"observed"
"IT",1888,"107",107,0.80925,FALSE,"observed"
"IT",1888,"108",108,0.8256,FALSE,"observed"
"IT",1888,"109",109,0.8408,FALSE,"observed"
"IT",1888,"110+",110,0.8549,FALSE,"observed"
"IT",1889,"0",0,0.21131,FALSE,"observed"
"IT",1889,"1",1,0.07536,FALSE,"observed"
"IT",1889,"2",2,0.05559,FALSE,"observed"
"IT",1889,"3",3,0.03802,FALSE,"observed"
"IT",1889,"4",4,0.0244,FALSE,"observed"
"IT",1889,"5",5,0.01747,FALSE,"observed"
"IT",1889,"6",6,0.01235,FALSE,"observed"
"IT",1889,"7",7,0.00853,FALSE,"observed"
"IT",1889,"8",8,0.00586,FALSE,"observed"
"IT",1889,"9",9,0.00407,FALSE,"observed"
"IT",1889,"10",10,0.00393,FALSE,"observed"
"IT",1889,"11",11,0.00438,FALSE,"observed"
"IT",1889,"12",12,0.00471,FALSE,"observed"
"IT",1889,"13",13,0.00488,FALSE,"observed"
"IT",1889,"14",14,0.00512,FALSE,"observed"
"IT",1889,"15",15,0.00527,FALSE,"observed"
"IT",1889,"16",16,0.0055,FALSE,"observed"
"IT",1889,"17",17,0.0058,FALSE,"observed"
"IT",1889,"18",18,0.00621,FALSE,"observed"
"IT",1889,"19",19,0.0068,FALSE,"observed"
"IT",1889,"20",20,0.00737,FALSE,"observed"
"IT",1889,"21",21,0.00783,FALSE,"observed"
"IT",1889,"22",22,0.00809,FALSE,"observed"
"IT",1889,"23",23,0.00821,FALSE,"observed"
"IT",1889,"24",24,0.0081,FALSE,"observed"
"IT",1889,"25",25,0.00774,FALSE,"observed"
"IT",1889,"26",26,0.0074,FALSE,"observed"
"IT",1889,"27",27,0.00725,FALSE,"observed"
"IT",1889,"28",28,0.00721,FALSE,"observed"
"IT",1889,"29",29,0.00729,FALSE,"observed"
"IT",1889,"30",30,0.00756,FALSE,"observed"
"IT",1889,"31",31,0.00784,FALSE,"observed"
"IT",1889,"32",32,0.00816,FALSE,"observed"
"IT",1889,"33",33,0.00844,FALSE,"observed"
"IT",1889,"34",34,0.00849,FALSE,"observed"
"IT",1889,"35",35,0.00835,FALSE,"observed"
"IT",1889,"36",36,0.00826,FALSE,"observed"
"IT",1889,"37",37,0.00829,FALSE,"observed"
"IT",1889,"38",38,0.00842,FALSE,"observed"
"IT",1889,"39",39,0.00872,FALSE,"observed"
"IT",1889,"40",40,0.00923,FALSE,"observed"
"IT",1889,"41",41,0.00964,FALSE,"observed"
"IT",1889,"42",42,0.01014,FALSE,"observed"
"IT",1889,"43",43,0.0105,FALSE,"observed"
"IT",1889,"44",44,0.01053,FALSE,"observed"
"IT",1889,"45",45,0.01051,FALSE,"observed"
"IT",1889,"46",46,0.01067,FALSE,"observed"
"IT",1889,"47",47,0.01071,FALSE,"observed"
"IT",1889,"48",48,0.01097,FALSE,"observed"
"IT",1889,"49",49,0.01192,FALSE,"observed"
"IT",1889,"50",50,0.01324,FALSE,"observed"
"IT",1889,"51",51,0.01444,FALSE,"observed"
"IT",1889,"52",52,0.01617,FALSE,"observed"
"IT",1889,"53",53,0.01779,FALSE,"observed"
"IT",1889,"54",54,0.01817,FALSE,"observed"
"IT",1889,"55",55,0.01799,FALSE,"observed"
"IT",1889,"56",56,0.01823,FALSE,"observed"
"IT",1889,"57",57,0.01812,FALSE,"observed"
"IT",1889,"58",58,0.01894,FALSE,"observed"
"IT",1889,"59",59,0.02169,FALSE,"observed"
"IT",1889,"60",60,0.02534,FALSE,"observed"
"IT",1889,"61",61,0.02894,FALSE,"observed"
"IT",1889,"62",62,0.0347,FALSE,"observed"
"IT",1889,"63",63,0.04108,FALSE,"observed"
"IT",1889,"64",64,0.04528,FALSE,"observed"
"IT",1889,"65",65,0.04983,FALSE,"observed"
"IT",1889,"66",66,0.0538,FALSE,"observed"
"IT",1889,"67",67,0.05232,FALSE,"observed"
"IT",1889,"68",68,0.05124,FALSE,"observed"
"IT",1889,"69",69,0.05466,FALSE,"observed"
"IT",1889,"70",70,0.05817,FALSE,"observed"
"IT",1889,"71",71,0.06272,FALSE,"observed"
"IT",1889,"72",72,0.08014,FALSE,"observed"
"IT",1889,"73",73,0.10134,FALSE,"observed"
"IT",1889,"74",74,0.10595,FALSE,"observed"
"IT",1889,"75",75,0.13394,FALSE,"observed"
"IT",1889,"76",76,0.1438,FALSE,"observed"
"IT",1889,"77",77,0.13474,FALSE,"observed"
"IT",1889,"78",78,0.13114,FALSE,"observed"
"IT",1889,"79",79,0.14309,FALSE,"observed"
"IT",1889,"80",80,0.15229,FALSE,"observed"
"IT",1889,"81",81,0.16696,FALSE,"observed"
"IT",1889,"82",82,0.18295,FALSE,"observed"
"IT",1889,"83",83,0.20052,FALSE,"observed"
"IT",1889,"84",84,0.21959,FALSE,"observed"
"IT",1889,"85",85,0.24016,FALSE,"observed"
"IT",1889,"86",86,0.26239,FALSE,"observed"
"IT",1889,"87",87,0.28622,FALSE,"observed"
"IT",1889,"88",88,0.31164,FALSE,"observed"
"IT",1889,"89",89,0.33875,FALSE,"observed"
"IT",1889,"90",90,0.36747,FALSE,"observed"
"IT",1889,"91",91,0.39738,FALSE,"observed"
"IT",1889,"92",92,0.42826,FALSE,"observed"
"IT",1889,"93",93,0.46045,FALSE,"observed"
"IT",1889,"94",94,0.49384,FALSE,"observed"
"IT",1889,"95",95,0.50436,FALSE,"observed"
"IT",1889,"96",96,0.53213,FALSE,"observed"
"IT",1889,"97",97,0.55949,FALSE,"observed"
"IT",1889,"98",98,0.5863,FALSE,"observed"
"IT",1889,"99",99,0.61242,FALSE,"observed"
"IT",1889,"100",100,0.63773,FALSE,"observed"
"IT",1889,"101",101,0.66214,FALSE,"observed"
"IT",1889,"102",102,0.68558,FALSE,"observed"
"IT",1889,"103",103,0.70799,FALSE,"observed"
"IT",1889,"104",104,0.72932,FALSE,"observed"
"IT",1889,"105",105,0.74956,FALSE,"observed"
"IT",1889,"106",106,0.7687,FALSE,"observed"
"IT",1889,"107",107,0.78674,FALSE,"observed"
"IT",1889,"108",108,0.80369,FALSE,"observed"
"IT",1889,"109",109,0.81957,FALSE,"observed"
"IT",1889,"110+",110,0.83442,FALSE,"observed"
"IT",1890,"0",0,0.21758,FALSE,"observed"
"IT",1890,"1",1,0.07562,FALSE,"observed"
"IT",1890,"2",2,0.05477,FALSE,"observed"
"IT",1890,"3",3,0.03775,FALSE,"observed"
"IT",1890,"4",4,0.02483,FALSE,"observed"
"IT",1890,"5",5,0.01669,FALSE,"observed"
"IT",1890,"6",6,0.0115,FALSE,"observed"
"IT",1890,"7",7,0.0074,FALSE,"observed"
"IT",1890,"8",8,0.0048,FALSE,"observed"
"IT",1890,"9",9,0.00378,FALSE,"observed"
"IT",1890,"10",10,0.00381,FALSE,"observed"
"IT",1890,"11",11,0.00403,FALSE,"observed"
"IT",1890,"12",12,0.00447,FALSE,"observed"
"IT",1890,"13",13,0.00478,FALSE,"observed"
"IT",1890,"14",14,0.00489,FALSE,"observed"
"IT",1890,"15",15,0.00508,FALSE,"observed"
"IT",1890,"16",16,0.00533,FALSE,"observed"
"IT",1890,"17",17,0.00575,FALSE,"observed"
"IT",1890,"18",18,0.00626,FALSE,"observed"
"IT",1890,"19",19,0.00689,FALSE,"observed"
"IT",1890,"20",20,0.00764,FALSE,"observed"
"IT",1890,"21",21,0.00811,FALSE,"observed"
"IT",1890,"22",22,0.0084,FALSE,"observed"
"IT",1890,"23",23,0.00847,FALSE,"observed"
"IT",1890,"24",24,0.00838,FALSE,"observed"
"IT",1890,"25",25,0.00809,FALSE,"observed"
"IT",1890,"26",26,0.00779,FALSE,"observed"
"IT",1890,"27",27,0.00759,FALSE,"observed"
"IT",1890,"28",28,0.00759,FALSE,"observed"
"IT",1890,"29",29,0.00772,FALSE,"observed"
"IT",1890,"30",30,0.00795,FALSE,"observed"
"IT",1890,"31",31,0.00824,FALSE,"observed"
"IT",1890,"32",32,0.0085,FALSE,"observed"
"IT",1890,"33",33,0.00876,FALSE,"observed"
"IT",1890,"34",34,0.00895,FALSE,"observed"
"IT",1890,"35",35,0.00892,FALSE,"observed"
"IT",1890,"36",36,0.00883,FALSE,"observed"
"IT",1890,"37",37,0.00884,FALSE,"observed"
"IT",1890,"38",38,0.00902,FALSE,"observed"
"IT",1890,"39",39,0.00932,FALSE,"observed"
"IT",1890,"40",40,0.00977,FALSE,"observed"
"IT",1890,"41",41,0.01028,FALSE,"observed"
"IT",1890,"42",42,0.01063,FALSE,"observed"
"IT",1890,"43",43,0.01104,FALSE,"observed"
"IT",1890,"44",44,0.01128,FALSE,"observed"
"IT",1890,"45",45,0.01124,FALSE,"observed"
"IT",1890,"46",46,0.01146,FALSE,"observed"
"IT",1890,"47",47,0.01195,FALSE,"observed"
"IT",1890,"48",48,0.01234,FALSE,"observed"
"IT",1890,"49",49,0.01296,FALSE,"observed"
"IT",1890,"50",50,0.01422,FALSE,"observed"
"IT",1890,"51",51,0.01548,FALSE,"observed"
"IT",1890,"52",52,0.01652,FALSE,"observed"
"IT",1890,"53",53,0.01809,FALSE,"observed"
"IT",1890,"54",54,0.01949,FALSE,"observed"
"IT",1890,"55",55,0.01975,FALSE,"observed"
"IT",1890,"56",56,0.02021,FALSE,"observed"
"IT",1890,"57",57,0.02131,FALSE,"observed"
"IT",1890,"58",58,0.02193,FALSE,"observed"
"IT",1890,"59",59,0.02344,FALSE,"observed"
"IT",1890,"60",60,0.02691,FALSE,"observed"
"IT",1890,"61",61,0.03064,FALSE,"observed"
"IT",1890,"62",62,0.0342,FALSE,"observed"
"IT",1890,"63",63,0.0403,FALSE,"observed"
"IT",1890,"64",64,0.04717,FALSE,"observed"
"IT",1890,"65",65,0.05185,FALSE,"observed"
"IT",1890,"66",66,0.05713,FALSE,"observed"
"IT",1890,"67",67,0.06177,FALSE,"observed"
"IT",1890,"68",68,0.06034,FALSE,"observed"
"IT",1890,"69",69,0.0592,FALSE,"observed"
"IT",1890,"70",70,0.06301,FALSE,"observed"
"IT",1890,"71",71,0.06693,FALSE,"observed"
"IT",1890,"72",72,0.07249,FALSE,"observed"
"IT",1890,"73",73,0.09309,FALSE,"observed"
"IT",1890,"74",74,0.11672,FALSE,"observed"
"IT",1890,"75",75,0.14335,FALSE,"observed"
"IT",1890,"76",76,0.15891,FALSE,"observed"
"IT",1890,"77",77,0.17048,FALSE,"observed"
"IT",1890,"78",78,0.1583,FALSE,"observed"
"IT",1890,"79",79,0.15281,FALSE,"observed"
"IT",1890,"80",80,0.16044,FALSE,"observed"
"IT",1890,"81",81,0.17495,FALSE,"observed"
"IT",1890,"82",82,0.19164,FALSE,"observed"
"IT",1890,"83",83,0.20989,FALSE,"observed"
"IT",1890,"84",84,0.23006,FALSE,"observed"
"IT",1890,"85",85,0.25207,FALSE,"observed"
"IT",1890,"86",86,0.27598,FALSE,"observed"
"IT",1890,"87",87,0.30205,FALSE,"observed"
"IT",1890,"88",88,0.33031,FALSE,"observed"
"IT",1890,"89",89,0.36084,FALSE,"observed"
"IT",1890,"90",90,0.39394,FALSE,"observed"
"IT",1890,"91",91,0.42968,FALSE,"observed"
"IT",1890,"92",92,0.46748,FALSE,"observed"
"IT",1890,"93",93,0.5072,FALSE,"observed"
"IT",1890,"94",94,0.54958,FALSE,"observed"
"IT",1890,"95",95,0.53652,FALSE,"observed"
"IT",1890,"96",96,0.56511,FALSE,"observed"
"IT",1890,"97",97,0.59303,FALSE,"observed"
"IT",1890,"98",98,0.62016,FALSE,"observed"
"IT",1890,"99",99,0.64636,FALSE,"observed"
"IT",1890,"100",100,0.67154,FALSE,"observed"
"IT",1890,"101",101,0.69562,FALSE,"observed"
"IT",1890,"102",102,0.71855,FALSE,"observed"
"IT",1890,"103",103,0.7403,FALSE,"observed"
"IT",1890,"104",104,0.76086,FALSE,"observed"
"IT",1890,"105",105,0.78021,FALSE,"observed"
"IT",1890,"106",106,0.79838,FALSE,"observed"
"IT",1890,"107",107,0.81538,FALSE,"observed"
"IT",1890,"108",108,0.83124,FALSE,"observed"
"IT",1890,"109",109,0.846,FALSE,"observed"
"IT",1890,"110+",110,0.8597,FALSE,"observed"
"IT",1891,"0",0,0.21244,FALSE,"observed"
"IT",1891,"1",1,0.08078,FALSE,"observed"
"IT",1891,"2",2,0.05746,FALSE,"observed"
"IT",1891,"3",3,0.03881,FALSE,"observed"
"IT",1891,"4",4,0.02581,FALSE,"observed"
"IT",1891,"5",5,0.01787,FALSE,"observed"
"IT",1891,"6",6,0.01176,FALSE,"observed"
"IT",1891,"7",7,0.0076,FALSE,"observed"
"IT",1891,"8",8,0.0048,FALSE,"observed"
"IT",1891,"9",9,0.00374,FALSE,"observed"
"IT",1891,"10",10,0.00425,FALSE,"observed"
"IT",1891,"11",11,0.00446,FALSE,"observed"
"IT",1891,"12",12,0.00452,FALSE,"observed"
"IT",1891,"13",13,0.00486,FALSE,"observed"
"IT",1891,"14",14,0.00507,FALSE,"observed"
"IT",1891,"15",15,0.00512,FALSE,"observed"
"IT",1891,"16",16,0.00542,FALSE,"observed"
"IT",1891,"17",17,0.00581,FALSE,"observed"
"IT",1891,"18",18,0.00637,FALSE,"observed"
"IT",1891,"19",19,0.00703,FALSE,"observed"
"IT",1891,"20",20,0.00773,FALSE,"observed"
"IT",1891,"21",21,0.00828,FALSE,"observed"
"IT",1891,"22",22,0.00848,FALSE,"observed"
"IT",1891,"23",23,0.00851,FALSE,"observed"
"IT",1891,"24",24,0.00832,FALSE,"observed"
"IT",1891,"25",25,0.00803,FALSE,"observed"
"IT",1891,"26",26,0.00778,FALSE,"observed"
"IT",1891,"27",27,0.00755,FALSE,"observed"
"IT",1891,"28",28,0.00744,FALSE,"observed"
"IT",1891,"29",29,0.00751,FALSE,"observed"
"IT",1891,"30",30,0.00767,FALSE,"observed"
"IT",1891,"31",31,0.00779,FALSE,"observed"
"IT",1891,"32",32,0.00796,FALSE,"observed"
"IT",1891,"33",33,0.00809,FALSE,"observed"
"IT",1891,"34",34,0.00822,FALSE,"observed"
"IT",1891,"35",35,0.00832,FALSE,"observed"
"IT",1891,"36",36,0.00838,FALSE,"observed"
"IT",1891,"37",37,0.00841,FALSE,"observed"
"IT",1891,"38",38,0.00856,FALSE,"observed"
"IT",1891,"39",39,0.00889,FALSE,"observed"
"IT",1891,"40",40,0.00927,FALSE,"observed"
"IT",1891,"41",41,0.00962,FALSE,"observed"
"IT",1891,"42",42,0.00999,FALSE,"observed"
"IT",1891,"43",43,0.01018,FALSE,"observed"
"IT",1891,"44",44,0.01038,FALSE,"observed"
"IT",1891,"45",45,0.01049,FALSE,"observed"
"IT",1891,"46",46,0.01065,FALSE,"observed"
"IT",1891,"47",47,0.01116,FALSE,"observed"
"IT",1891,"48",48,0.01196,FALSE,"observed"
"IT",1891,"49",49,0.01268,FALSE,"observed"
"IT",1891,"50",50,0.0135,FALSE,"observed"
"IT",1891,"51",51,0.01451,FALSE,"observed"
"IT",1891,"52",52,0.01542,FALSE,"observed"
"IT",1891,"53",53,0.0161,FALSE,"observed"
"IT",1891,"54",54,0.01718,FALSE,"observed"
"IT",1891,"55",55,0.01816,FALSE,"observed"
"IT",1891,"56",56,0.01889,FALSE,"observed"
"IT",1891,"57",57,0.02009,FALSE,"observed"
"IT",1891,"58",58,0.02201,FALSE,"observed"
"IT",1891,"59",59,0.02352,FALSE,"observed"
"IT",1891,"60",60,0.02575,FALSE,"observed"
"IT",1891,"61",61,0.02935,FALSE,"observed"
"IT",1891,"62",62,0.03314,FALSE,"observed"
"IT",1891,"63",63,0.03685,FALSE,"observed"
"IT",1891,"64",64,0.0433,FALSE,"observed"
"IT",1891,"65",65,0.05065,FALSE,"observed"
"IT",1891,"66",66,0.05587,FALSE,"observed"
"IT",1891,"67",67,0.06172,FALSE,"observed"
"IT",1891,"68",68,0.06688,FALSE,"observed"
"IT",1891,"69",69,0.06563,FALSE,"observed"
"IT",1891,"70",70,0.06451,FALSE,"observed"
"IT",1891,"71",71,0.06848,FALSE,"observed"
"IT",1891,"72",72,0.07253,FALSE,"observed"
"IT",1891,"73",73,0.0789,FALSE,"observed"
"IT",1891,"74",74,0.10182,FALSE,"observed"
"IT",1891,"75",75,0.15116,FALSE,"observed"
"IT",1891,"76",76,0.16468,FALSE,"observed"
"IT",1891,"77",77,0.18282,FALSE,"observed"
"IT",1891,"78",78,0.19596,FALSE,"observed"
"IT",1891,"79",79,0.1796,FALSE,"observed"
"IT",1891,"80",80,0.16383,FALSE,"observed"
"IT",1891,"81",81,0.17616,FALSE,"observed"
"IT",1891,"82",82,0.1908,FALSE,"observed"
"IT",1891,"83",83,0.20755,FALSE,"observed"
"IT",1891,"84",84,0.22547,FALSE,"observed"
"IT",1891,"85",85,0.24493,FALSE,"observed"
"IT",1891,"86",86,0.26574,FALSE,"observed"
"IT",1891,"87",87,0.28778,FALSE,"observed"
"IT",1891,"88",88,0.31135,FALSE,"observed"
"IT",1891,"89",89,0.33637,FALSE,"observed"
"IT",1891,"90",90,0.36283,FALSE,"observed"
"IT",1891,"91",91,0.39113,FALSE,"observed"
"IT",1891,"92",92,0.42133,FALSE,"observed"
"IT",1891,"93",93,0.4526,FALSE,"observed"
"IT",1891,"94",94,0.46326,FALSE,"observed"
"IT",1891,"95",95,0.48958,FALSE,"observed"
"IT",1891,"96",96,0.51587,FALSE,"observed"
"IT",1891,"97",97,0.54201,FALSE,"observed"
"IT",1891,"98",98,0.56784,FALSE,"observed"
"IT",1891,"99",99,0.59325,FALSE,"observed"
"IT",1891,"100",100,0.61811,FALSE,"observed"
"IT",1891,"101",101,0.64231,FALSE,"observed"
"IT",1891,"102",102,0.66577,FALSE,"observed"
"IT",1891,"103",103,0.6884,FALSE,"observed"
"IT",1891,"104",104,0.71015,FALSE,"observed"
"IT",1891,"105",105,0.73095,FALSE,"observed"
"IT",1891,"106",106,0.75078,FALSE,"observed"
"IT",1891,"107",107,0.76961,FALSE,"observed"
"IT",1891,"108",108,0.78742,FALSE,"observed"
"IT",1891,"109",109,0.80421,FALSE,"observed"
"IT",1891,"110+",110,0.81999,FALSE,"observed"
"IT",1892,"0",0,0.20826,FALSE,"observed"
"IT",1892,"1",1,0.07514,FALSE,"observed"
"IT",1892,"2",2,0.05379,FALSE,"observed"
"IT",1892,"3",3,0.03577,FALSE,"observed"
"IT",1892,"4",4,0.02343,FALSE,"observed"
"IT",1892,"5",5,0.01668,FALSE,"observed"
"IT",1892,"6",6,0.01152,FALSE,"observed"
"IT",1892,"7",7,0.00737,FALSE,"observed"
"IT",1892,"8",8,0.00491,FALSE,"observed"
"IT",1892,"9",9,0.0038,FALSE,"observed"
"IT",1892,"10",10,0.00409,FALSE,"observed"
"IT",1892,"11",11,0.00469,FALSE,"observed"
"IT",1892,"12",12,0.00469,FALSE,"observed"
"IT",1892,"13",13,0.00464,FALSE,"observed"
"IT",1892,"14",14,0.00495,FALSE,"observed"
"IT",1892,"15",15,0.00523,FALSE,"observed"
"IT",1892,"16",16,0.00547,FALSE,"observed"
"IT",1892,"17",17,0.00593,FALSE,"observed"
"IT",1892,"18",18,0.00641,FALSE,"observed"
"IT",1892,"19",19,0.00701,FALSE,"observed"
"IT",1892,"20",20,0.0076,FALSE,"observed"
"IT",1892,"21",21,0.00802,FALSE,"observed"
"IT",1892,"22",22,0.00828,FALSE,"observed"
"IT",1892,"23",23,0.00825,FALSE,"observed"
"IT",1892,"24",24,0.0081,FALSE,"observed"
"IT",1892,"25",25,0.00785,FALSE,"observed"
"IT",1892,"26",26,0.00771,FALSE,"observed"
"IT",1892,"27",27,0.00765,FALSE,"observed"
"IT",1892,"28",28,0.00759,FALSE,"observed"
"IT",1892,"29",29,0.00762,FALSE,"observed"
"IT",1892,"30",30,0.00779,FALSE,"observed"
"IT",1892,"31",31,0.0079,FALSE,"observed"
"IT",1892,"32",32,0.00797,FALSE,"observed"
"IT",1892,"33",33,0.00809,FALSE,"observed"
"IT",1892,"34",34,0.00818,FALSE,"observed"
"IT",1892,"35",35,0.00829,FALSE,"observed"
"IT",1892,"36",36,0.00854,FALSE,"observed"
"IT",1892,"37",37,0.00882,FALSE,"observed"
"IT",1892,"38",38,0.00909,FALSE,"observed"
"IT",1892,"39",39,0.00952,FALSE,"observed"
"IT",1892,"40",40,0.01009,FALSE,"observed"
"IT",1892,"41",41,0.01046,FALSE,"observed"
"IT",1892,"42",42,0.0107,FALSE,"observed"
"IT",1892,"43",43,0.01094,FALSE,"observed"
"IT",1892,"44",44,0.01091,FALSE,"observed"
"IT",1892,"45",45,0.0109,FALSE,"observed"
"IT",1892,"46",46,0.01113,FALSE,"observed"
"IT",1892,"47",47,0.01158,FALSE,"observed"
"IT",1892,"48",48,0.01242,FALSE,"observed"
"IT",1892,"49",49,0.01362,FALSE,"observed"
"IT",1892,"50",50,0.01467,FALSE,"observed"
"IT",1892,"51",51,0.01538,FALSE,"observed"
"IT",1892,"52",52,0.01622,FALSE,"observed"
"IT",1892,"53",53,0.01702,FALSE,"observed"
"IT",1892,"54",54,0.01762,FALSE,"observed"
"IT",1892,"55",55,0.01878,FALSE,"observed"
"IT",1892,"56",56,0.02053,FALSE,"observed"
"IT",1892,"57",57,0.02224,FALSE,"observed"
"IT",1892,"58",58,0.02435,FALSE,"observed"
"IT",1892,"59",59,0.02715,FALSE,"observed"
"IT",1892,"60",60,0.02921,FALSE,"observed"
"IT",1892,"61",61,0.03145,FALSE,"observed"
"IT",1892,"62",62,0.03521,FALSE,"observed"
"IT",1892,"63",63,0.03938,FALSE,"observed"
"IT",1892,"64",64,0.04365,FALSE,"observed"
"IT",1892,"65",65,0.05116,FALSE,"observed"
"IT",1892,"66",66,0.05961,FALSE,"observed"
"IT",1892,"67",67,0.0657,FALSE,"observed"
"IT",1892,"68",68,0.0725,FALSE,"observed"
"IT",1892,"69",69,0.07847,FALSE,"observed"
"IT",1892,"70",70,0.07711,FALSE,"observed"
"IT",1892,"71",71,0.07568,FALSE,"observed"
"IT",1892,"72",72,0.07979,FALSE,"observed"
"IT",1892,"73",73,0.08391,FALSE,"observed"
"IT",1892,"74",74,0.09139,FALSE,"observed"
"IT",1892,"75",75,0.13976,FALSE,"observed"
"IT",1892,"76",76,0.18274,FALSE,"observed"
"IT",1892,"77",77,0.19814,FALSE,"observed"
"IT",1892,"78",78,0.2192,FALSE,"observed"
"IT",1892,"79",79,0.23345,FALSE,"observed"
"IT",1892,"80",80,0.17148,FALSE,"observed"
"IT",1892,"81",81,0.18354,FALSE,"observed"
"IT",1892,"82",82,0.19479,FALSE,"observed"
"IT",1892,"83",83,0.2083,FALSE,"observed"
"IT",1892,"84",84,0.22369,FALSE,"observed"
"IT",1892,"85",85,0.23961,FALSE,"observed"
"IT",1892,"86",86,0.25645,FALSE,"observed"
"IT",1892,"87",87,0.2738,FALSE,"observed"
"IT",1892,"88",88,0.29144,FALSE,"observed"
"IT",1892,"89",89,0.3096,FALSE,"observed"
"IT",1892,"90",90,0.32809,FALSE,"observed"
"IT",1892,"91",91,0.3468,FALSE,"observed"
"IT",1892,"92",92,0.36616,FALSE,"observed"
"IT",1892,"93",93,0.38623,FALSE,"observed"
"IT",1892,"94",94,0.40354,FALSE,"observed"
"IT",1892,"95",95,0.42345,FALSE,"observed"
"IT",1892,"96",96,0.44348,FALSE,"observed"
"IT",1892,"97",97,0.46357,FALSE,"observed"
"IT",1892,"98",98,0.48365,FALSE,"observed"
"IT",1892,"99",99,0.50367,FALSE,"observed"
"IT",1892,"100",100,0.52357,FALSE,"observed"
"IT",1892,"101",101,0.54329,FALSE,"observed"
"IT",1892,"102",102,0.56279,FALSE,"observed"
"IT",1892,"103",103,0.58203,FALSE,"observed"
"IT",1892,"104",104,0.60096,FALSE,"observed"
"IT",1892,"105",105,0.61955,FALSE,"observed"
"IT",1892,"106",106,0.63778,FALSE,"observed"
"IT",1892,"107",107,0.6556,FALSE,"observed"
"IT",1892,"108",108,0.673,FALSE,"observed"
"IT",1892,"109",109,0.68995,FALSE,"observed"
"IT",1892,"110+",110,0.70642,FALSE,"observed"
"IT",1893,"0",0,0.20318,FALSE,"observed"
"IT",1893,"1",1,0.07176,FALSE,"observed"
"IT",1893,"2",2,0.05253,FALSE,"observed"
"IT",1893,"3",3,0.03509,FALSE,"observed"
"IT",1893,"4",4,0.02256,FALSE,"observed"
"IT",1893,"5",5,0.01551,FALSE,"observed"
"IT",1893,"6",6,0.01064,FALSE,"observed"
"IT",1893,"7",7,0.00674,FALSE,"observed"
"IT",1893,"8",8,0.00413,FALSE,"observed"
"IT",1893,"9",9,0.00319,FALSE,"observed"
"IT",1893,"10",10,0.00352,FALSE,"observed"
"IT",1893,"11",11,0.0042,FALSE,"observed"
"IT",1893,"12",12,0.00485,FALSE,"observed"
"IT",1893,"13",13,0.00488,FALSE,"observed"
"IT",1893,"14",14,0.00481,FALSE,"observed"
"IT",1893,"15",15,0.00509,FALSE,"observed"
"IT",1893,"16",16,0.00541,FALSE,"observed"
"IT",1893,"17",17,0.0057,FALSE,"observed"
"IT",1893,"18",18,0.00622,FALSE,"observed"
"IT",1893,"19",19,0.00677,FALSE,"observed"
"IT",1893,"20",20,0.00744,FALSE,"observed"
"IT",1893,"21",21,0.00793,FALSE,"observed"
"IT",1893,"22",22,0.00819,FALSE,"observed"
"IT",1893,"23",23,0.00826,FALSE,"observed"
"IT",1893,"24",24,0.00802,FALSE,"observed"
"IT",1893,"25",25,0.0077,FALSE,"observed"
"IT",1893,"26",26,0.00747,FALSE,"observed"
"IT",1893,"27",27,0.00741,FALSE,"observed"
"IT",1893,"28",28,0.00744,FALSE,"observed"
"IT",1893,"29",29,0.00749,FALSE,"observed"
"IT",1893,"30",30,0.00763,FALSE,"observed"
"IT",1893,"31",31,0.00781,FALSE,"observed"
"IT",1893,"32",32,0.0079,FALSE,"observed"
"IT",1893,"33",33,0.00794,FALSE,"observed"
"IT",1893,"34",34,0.00804,FALSE,"observed"
"IT",1893,"35",35,0.00812,FALSE,"observed"
"IT",1893,"36",36,0.00833,FALSE,"observed"
"IT",1893,"37",37,0.00868,FALSE,"observed"
"IT",1893,"38",38,0.00904,FALSE,"observed"
"IT",1893,"39",39,0.00933,FALSE,"observed"
"IT",1893,"40",40,0.00971,FALSE,"observed"
"IT",1893,"41",41,0.01002,FALSE,"observed"
"IT",1893,"42",42,0.01012,FALSE,"observed"
"IT",1893,"43",43,0.01014,FALSE,"observed"
"IT",1893,"44",44,0.01019,FALSE,"observed"
"IT",1893,"45",45,0.01011,FALSE,"observed"
"IT",1893,"46",46,0.01037,FALSE,"observed"
"IT",1893,"47",47,0.01097,FALSE,"observed"
"IT",1893,"48",48,0.0118,FALSE,"observed"
"IT",1893,"49",49,0.01302,FALSE,"observed"
"IT",1893,"50",50,0.01446,FALSE,"observed"
"IT",1893,"51",51,0.01531,FALSE,"observed"
"IT",1893,"52",52,0.01568,FALSE,"observed"
"IT",1893,"53",53,0.01614,FALSE,"observed"
"IT",1893,"54",54,0.01657,FALSE,"observed"
"IT",1893,"55",55,0.01693,FALSE,"observed"
"IT",1893,"56",56,0.01835,FALSE,"observed"
"IT",1893,"57",57,0.02058,FALSE,"observed"
"IT",1893,"58",58,0.0229,FALSE,"observed"
"IT",1893,"59",59,0.02566,FALSE,"observed"
"IT",1893,"60",60,0.02906,FALSE,"observed"
"IT",1893,"61",61,0.03124,FALSE,"observed"
"IT",1893,"62",62,0.03352,FALSE,"observed"
"IT",1893,"63",63,0.03733,FALSE,"observed"
"IT",1893,"64",64,0.04162,FALSE,"observed"
"IT",1893,"65",65,0.046,FALSE,"observed"
"IT",1893,"66",66,0.0534,FALSE,"observed"
"IT",1893,"67",67,0.0616,FALSE,"observed"
"IT",1893,"68",68,0.06758,FALSE,"observed"
"IT",1893,"69",69,0.07426,FALSE,"observed"
"IT",1893,"70",70,0.08007,FALSE,"observed"
"IT",1893,"71",71,0.07868,FALSE,"observed"
"IT",1893,"72",72,0.07701,FALSE,"observed"
"IT",1893,"73",73,0.08053,FALSE,"observed"
"IT",1893,"74",74,0.08401,FALSE,"observed"
"IT",1893,"75",75,0.10855,FALSE,"observed"
"IT",1893,"76",76,0.15156,FALSE,"observed"
"IT",1893,"77",77,0.19924,FALSE,"observed"
"IT",1893,"78",78,0.21623,FALSE,"observed"
"IT",1893,"79",79,0.24003,FALSE,"observed"
"IT",1893,"80",80,0.16413,FALSE,"observed"
"IT",1893,"81",81,0.17783,FALSE,"observed"
"IT",1893,"82",82,0.18985,FALSE,"observed"
"IT",1893,"83",83,0.20061,FALSE,"observed"
"IT",1893,"84",84,0.21391,FALSE,"observed"
"IT",1893,"85",85,0.22935,FALSE,"observed"
"IT",1893,"86",86,0.24523,FALSE,"observed"
"IT",1893,"87",87,0.26205,FALSE,"observed"
"IT",1893,"88",88,0.27933,FALSE,"observed"
"IT",1893,"89",89,0.29675,FALSE,"observed"
"IT",1893,"90",90,0.31468,FALSE,"observed"
"IT",1893,"91",91,0.33287,FALSE,"observed"
"IT",1893,"92",92,0.35124,FALSE,"observed"
"IT",1893,"93",93,0.37048,FALSE,"observed"
"IT",1893,"94",94,0.38886,FALSE,"observed"
"IT",1893,"95",95,0.40877,FALSE,"observed"
"IT",1893,"96",96,0.42896,FALSE,"observed"
"IT",1893,"97",97,0.44936,FALSE,"observed"
"IT",1893,"98",98,0.4699,FALSE,"observed"
"IT",1893,"99",99,0.49051,FALSE,"observed"
"IT",1893,"100",100,0.51113,FALSE,"observed"
"IT",1893,"101",101,0.53169,FALSE,"observed"
"IT",1893,"102",102,0.55212,FALSE,"observed"
"IT",1893,"103",103,0.57235,FALSE,"observed"
"IT",1893,"104",104,0.59233,FALSE,"observed"
"IT",1893,"105",105,0.612,FALSE,"observed"
"IT",1893,"106",106,0.6313,FALSE,"observed"
"IT",1893,"107",107,0.65019,FALSE,"observed"
"IT",1893,"108",108,0.66861,FALSE,"observed"
"IT",1893,"109",109,0.68654,FALSE,"observed"
"IT",1893,"110+",110,0.70393,FALSE,"observed"
"IT",1894,"0",0,0.20358,FALSE,"observed"
"IT",1894,"1",1,0.07152,FALSE,"observed"
"IT",1894,"2",2,0.0517,FALSE,"observed"
"IT",1894,"3",3,0.03529,FALSE,"observed"
"IT",1894,"4",4,0.02274,FALSE,"observed"
"IT",1894,"5",5,0.01545,FALSE,"observed"
"IT",1894,"6",6,0.01037,FALSE,"observed"
"IT",1894,"7",7,0.00667,FALSE,"observed"
"IT",1894,"8",8,0.00415,FALSE,"observed"
"IT",1894,"9",9,0.00306,FALSE,"observed"
"IT",1894,"10",10,0.00338,FALSE,"observed"
"IT",1894,"11",11,0.00393,FALSE,"observed"
"IT",1894,"12",12,0.00454,FALSE,"observed"
"IT",1894,"13",13,0.00508,FALSE,"observed"
"IT",1894,"14",14,0.00502,FALSE,"observed"
"IT",1894,"15",15,0.00492,FALSE,"observed"
"IT",1894,"16",16,0.00527,FALSE,"observed"
"IT",1894,"17",17,0.00569,FALSE,"observed"
"IT",1894,"18",18,0.00609,FALSE,"observed"
"IT",1894,"19",19,0.00671,FALSE,"observed"
"IT",1894,"20",20,0.0073,FALSE,"observed"
"IT",1894,"21",21,0.00785,FALSE,"observed"
"IT",1894,"22",22,0.00819,FALSE,"observed"
"IT",1894,"23",23,0.00828,FALSE,"observed"
"IT",1894,"24",24,0.00815,FALSE,"observed"
"IT",1894,"25",25,0.00777,FALSE,"observed"
"IT",1894,"26",26,0.0075,FALSE,"observed"
"IT",1894,"27",27,0.00739,FALSE,"observed"
"IT",1894,"28",28,0.00744,FALSE,"observed"
"IT",1894,"29",29,0.00758,FALSE,"observed"
"IT",1894,"30",30,0.00771,FALSE,"observed"
"IT",1894,"31",31,0.00782,FALSE,"observed"
"IT",1894,"32",32,0.00795,FALSE,"observed"
"IT",1894,"33",33,0.00797,FALSE,"observed"
"IT",1894,"34",34,0.00794,FALSE,"observed"
"IT",1894,"35",35,0.00801,FALSE,"observed"
"IT",1894,"36",36,0.00817,FALSE,"observed"
"IT",1894,"37",37,0.00848,FALSE,"observed"
"IT",1894,"38",38,0.00896,FALSE,"observed"
"IT",1894,"39",39,0.00945,FALSE,"observed"
"IT",1894,"40",40,0.00982,FALSE,"observed"
"IT",1894,"41",41,0.01009,FALSE,"observed"
"IT",1894,"42",42,0.01028,FALSE,"observed"
"IT",1894,"43",43,0.01022,FALSE,"observed"
"IT",1894,"44",44,0.01006,FALSE,"observed"
"IT",1894,"45",45,0.01004,FALSE,"observed"
"IT",1894,"46",46,0.01017,FALSE,"observed"
"IT",1894,"47",47,0.01071,FALSE,"observed"
"IT",1894,"48",48,0.01164,FALSE,"observed"
"IT",1894,"49",49,0.01284,FALSE,"observed"
"IT",1894,"50",50,0.01434,FALSE,"observed"
"IT",1894,"51",51,0.01562,FALSE,"observed"
"IT",1894,"52",52,0.01618,FALSE,"observed"
"IT",1894,"53",53,0.01626,FALSE,"observed"
"IT",1894,"54",54,0.01637,FALSE,"observed"
"IT",1894,"55",55,0.0166,FALSE,"observed"
"IT",1894,"56",56,0.0174,FALSE,"observed"
"IT",1894,"57",57,0.01943,FALSE,"observed"
"IT",1894,"58",58,0.02236,FALSE,"observed"
"IT",1894,"59",59,0.02551,FALSE,"observed"
"IT",1894,"60",60,0.02902,FALSE,"observed"
"IT",1894,"61",61,0.03271,FALSE,"observed"
"IT",1894,"62",62,0.03505,FALSE,"observed"
"IT",1894,"63",63,0.03754,FALSE,"observed"
"IT",1894,"64",64,0.04159,FALSE,"observed"
"IT",1894,"65",65,0.04614,FALSE,"observed"
"IT",1894,"66",66,0.05055,FALSE,"observed"
"IT",1894,"67",67,0.05799,FALSE,"observed"
"IT",1894,"68",68,0.06616,FALSE,"observed"
"IT",1894,"69",69,0.07217,FALSE,"observed"
"IT",1894,"70",70,0.07887,FALSE,"observed"
"IT",1894,"71",71,0.08462,FALSE,"observed"
"IT",1894,"72",72,0.08308,FALSE,"observed"
"IT",1894,"73",73,0.08099,FALSE,"observed"
"IT",1894,"74",74,0.08375,FALSE,"observed"
"IT",1894,"75",75,0.1021,FALSE,"observed"
"IT",1894,"76",76,0.11915,FALSE,"observed"
"IT",1894,"77",77,0.17125,FALSE,"observed"
"IT",1894,"78",78,0.22573,FALSE,"observed"
"IT",1894,"79",79,0.24463,FALSE,"observed"
"IT",1894,"80",80,0.16191,FALSE,"observed"
"IT",1894,"81",81,0.17347,FALSE,"observed"
"IT",1894,"82",82,0.18734,FALSE,"observed"
"IT",1894,"83",83,0.19874,FALSE,"observed"
"IT",1894,"84",84,0.20814,FALSE,"observed"
"IT",1894,"85",85,0.22037,FALSE,"observed"
"IT",1894,"86",86,0.23492,FALSE,"observed"
"IT",1894,"87",87,0.24961,FALSE,"observed"
"IT",1894,"88",88,0.26508,FALSE,"observed"
"IT",1894,"89",89,0.28071,FALSE,"observed"
"IT",1894,"90",90,0.29607,FALSE,"observed"
"IT",1894,"91",91,0.31167,FALSE,"observed"
"IT",1894,"92",92,0.32717,FALSE,"observed"
"IT",1894,"93",93,0.34249,FALSE,"observed"
"IT",1894,"94",94,0.36276,FALSE,"observed"
"IT",1894,"95",95,0.38073,FALSE,"observed"
"IT",1894,"96",96,0.39906,FALSE,"observed"
"IT",1894,"97",97,0.4177,FALSE,"observed"
"IT",1894,"98",98,0.43659,FALSE,"observed"
"IT",1894,"99",99,0.45569,FALSE,"observed"
"IT",1894,"100",100,0.47493,FALSE,"observed"
"IT",1894,"101",101,0.49428,FALSE,"observed"
"IT",1894,"102",102,0.51365,FALSE,"observed"
"IT",1894,"103",103,0.533,FALSE,"observed"
"IT",1894,"104",104,0.55227,FALSE,"observed"
"IT",1894,"105",105,0.5714,FALSE,"observed"
"IT",1894,"106",106,0.59032,FALSE,"observed"
"IT",1894,"107",107,0.60899,FALSE,"observed"
"IT",1894,"108",108,0.62736,FALSE,"observed"
"IT",1894,"109",109,0.64537,FALSE,"observed"
"IT",1894,"110+",110,0.66298,FALSE,"observed"
"IT",1895,"0",0,0.21094,FALSE,"observed"
"IT",1895,"1",1,0.07273,FALSE,"observed"
"IT",1895,"2",2,0.05219,FALSE,"observed"
"IT",1895,"3",3,0.03528,FALSE,"observed"
"IT",1895,"4",4,0.02311,FALSE,"observed"
"IT",1895,"5",5,0.01548,FALSE,"observed"
"IT",1895,"6",6,0.01007,FALSE,"observed"
"IT",1895,"7",7,0.00613,FALSE,"observed"
"IT",1895,"8",8,0.00373,FALSE,"observed"
"IT",1895,"9",9,0.00277,FALSE,"observed"
"IT",1895,"10",10,0.00311,FALSE,"observed"
"IT",1895,"11",11,0.00381,FALSE,"observed"
"IT",1895,"12",12,0.0044,FALSE,"observed"
"IT",1895,"13",13,0.00499,FALSE,"observed"
"IT",1895,"14",14,0.00544,FALSE,"observed"
"IT",1895,"15",15,0.00528,FALSE,"observed"
"IT",1895,"16",16,0.00522,FALSE,"observed"
"IT",1895,"17",17,0.00567,FALSE,"observed"
"IT",1895,"18",18,0.00622,FALSE,"observed"
"IT",1895,"19",19,0.00675,FALSE,"observed"
"IT",1895,"20",20,0.00747,FALSE,"observed"
"IT",1895,"21",21,0.00796,FALSE,"observed"
"IT",1895,"22",22,0.00834,FALSE,"observed"
"IT",1895,"23",23,0.0085,FALSE,"observed"
"IT",1895,"24",24,0.00837,FALSE,"observed"
"IT",1895,"25",25,0.00804,FALSE,"observed"
"IT",1895,"26",26,0.00766,FALSE,"observed"
"IT",1895,"27",27,0.00749,FALSE,"observed"
"IT",1895,"28",28,0.0075,FALSE,"observed"
"IT",1895,"29",29,0.00769,FALSE,"observed"
"IT",1895,"30",30,0.00798,FALSE,"observed"
"IT",1895,"31",31,0.00812,FALSE,"observed"
"IT",1895,"32",32,0.0082,FALSE,"observed"
"IT",1895,"33",33,0.00831,FALSE,"observed"
"IT",1895,"34",34,0.00829,FALSE,"observed"
"IT",1895,"35",35,0.00825,FALSE,"observed"
"IT",1895,"36",36,0.0084,FALSE,"observed"
"IT",1895,"37",37,0.00864,FALSE,"observed"
"IT",1895,"38",38,0.00898,FALSE,"observed"
"IT",1895,"39",39,0.00946,FALSE,"observed"
"IT",1895,"40",40,0.0099,FALSE,"observed"
"IT",1895,"41",41,0.01005,FALSE,"observed"
"IT",1895,"42",42,0.01012,FALSE,"observed"
"IT",1895,"43",43,0.01014,FALSE,"observed"
"IT",1895,"44",44,0.00996,FALSE,"observed"
"IT",1895,"45",45,0.00979,FALSE,"observed"
"IT",1895,"46",46,0.01006,FALSE,"observed"
"IT",1895,"47",47,0.01054,FALSE,"observed"
"IT",1895,"48",48,0.01143,FALSE,"observed"
"IT",1895,"49",49,0.01274,FALSE,"observed"
"IT",1895,"50",50,0.01422,FALSE,"observed"
"IT",1895,"51",51,0.01555,FALSE,"observed"
"IT",1895,"52",52,0.01652,FALSE,"observed"
"IT",1895,"53",53,0.01676,FALSE,"observed"
"IT",1895,"54",54,0.01646,FALSE,"observed"
"IT",1895,"55",55,0.01629,FALSE,"observed"
"IT",1895,"56",56,0.01687,FALSE,"observed"
"IT",1895,"57",57,0.01825,FALSE,"observed"
"IT",1895,"58",58,0.0209,FALSE,"observed"
"IT",1895,"59",59,0.02456,FALSE,"observed"
"IT",1895,"60",60,0.02846,FALSE,"observed"
"IT",1895,"61",61,0.03221,FALSE,"observed"
"IT",1895,"62",62,0.0361,FALSE,"observed"
"IT",1895,"63",63,0.03872,FALSE,"observed"
"IT",1895,"64",64,0.04153,FALSE,"observed"
"IT",1895,"65",65,0.04586,FALSE,"observed"
"IT",1895,"66",66,0.05051,FALSE,"observed"
"IT",1895,"67",67,0.05494,FALSE,"observed"
"IT",1895,"68",68,0.06239,FALSE,"observed"
"IT",1895,"69",69,0.07049,FALSE,"observed"
"IT",1895,"70",70,0.07653,FALSE,"observed"
"IT",1895,"71",71,0.08326,FALSE,"observed"
"IT",1895,"72",72,0.08889,FALSE,"observed"
"IT",1895,"73",73,0.08727,FALSE,"observed"
"IT",1895,"74",74,0.08472,FALSE,"observed"
"IT",1895,"75",75,0.10249,FALSE,"observed"
"IT",1895,"76",76,0.11109,FALSE,"observed"
"IT",1895,"77",77,0.13258,FALSE,"observed"
"IT",1895,"78",78,0.19863,FALSE,"observed"
"IT",1895,"79",79,0.26295,FALSE,"observed"
"IT",1895,"80",80,0.16385,FALSE,"observed"
"IT",1895,"81",81,0.17443,FALSE,"observed"
"IT",1895,"82",82,0.18638,FALSE,"observed"
"IT",1895,"83",83,0.20106,FALSE,"observed"
"IT",1895,"84",84,0.21228,FALSE,"observed"
"IT",1895,"85",85,0.22054,FALSE,"observed"
"IT",1895,"86",86,0.23219,FALSE,"observed"
"IT",1895,"87",87,0.24659,FALSE,"observed"
"IT",1895,"88",88,0.26089,FALSE,"observed"
"IT",1895,"89",89,0.27596,FALSE,"observed"
"IT",1895,"90",90,0.29098,FALSE,"observed"
"IT",1895,"91",91,0.30537,FALSE,"observed"
"IT",1895,"92",92,0.31985,FALSE,"observed"
"IT",1895,"93",93,0.33402,FALSE,"observed"
"IT",1895,"94",94,0.35587,FALSE,"observed"
"IT",1895,"95",95,0.37352,FALSE,"observed"
"IT",1895,"96",96,0.39164,FALSE,"observed"
"IT",1895,"97",97,0.41018,FALSE,"observed"
"IT",1895,"98",98,0.42911,FALSE,"observed"
"IT",1895,"99",99,0.44839,FALSE,"observed"
"IT",1895,"100",100,0.46795,FALSE,"observed"
"IT",1895,"101",101,0.48775,FALSE,"observed"
"IT",1895,"102",102,0.50771,FALSE,"observed"
"IT",1895,"103",103,0.52776,FALSE,"observed"
"IT",1895,"104",104,0.54785,FALSE,"observed"
"IT",1895,"105",105,0.56788,FALSE,"observed"
"IT",1895,"106",106,0.58779,FALSE,"observed"
"IT",1895,"107",107,0.60751,FALSE,"observed"
"IT",1895,"108",108,0.62695,FALSE,"observed"
"IT",1895,"109",109,0.64606,FALSE,"observed"
"IT",1895,"110+",110,0.66476,FALSE,"observed"
"IT",1896,"0",0,0.20027,FALSE,"observed"
"IT",1896,"1",1,0.0697,FALSE,"observed"
"IT",1896,"2",2,0.0493,FALSE,"observed"
"IT",1896,"3",3,0.03305,FALSE,"observed"
"IT",1896,"4",4,0.02165,FALSE,"observed"
"IT",1896,"5",5,0.015,FALSE,"observed"
"IT",1896,"6",6,0.00993,FALSE,"observed"
"IT",1896,"7",7,0.00621,FALSE,"observed"
"IT",1896,"8",8,0.00387,FALSE,"observed"
"IT",1896,"9",9,0.00297,FALSE,"observed"
"IT",1896,"10",10,0.0032,FALSE,"observed"
"IT",1896,"11",11,0.00359,FALSE,"observed"
"IT",1896,"12",12,0.00409,FALSE,"observed"
"IT",1896,"13",13,0.0045,FALSE,"observed"
"IT",1896,"14",14,0.00493,FALSE,"observed"
"IT",1896,"15",15,0.00526,FALSE,"observed"
"IT",1896,"16",16,0.00522,FALSE,"observed"
"IT",1896,"17",17,0.00531,FALSE,"observed"
"IT",1896,"18",18,0.00591,FALSE,"observed"
"IT",1896,"19",19,0.00662,FALSE,"observed"
"IT",1896,"20",20,0.00726,FALSE,"observed"
"IT",1896,"21",21,0.00786,FALSE,"observed"
"IT",1896,"22",22,0.00814,FALSE,"observed"
"IT",1896,"23",23,0.00834,FALSE,"observed"
"IT",1896,"24",24,0.00831,FALSE,"observed"
"IT",1896,"25",25,0.00803,FALSE,"observed"
"IT",1896,"26",26,0.00775,FALSE,"observed"
"IT",1896,"27",27,0.00749,FALSE,"observed"
"IT",1896,"28",28,0.00742,FALSE,"observed"
"IT",1896,"29",29,0.00751,FALSE,"observed"
"IT",1896,"30",30,0.00776,FALSE,"observed"
"IT",1896,"31",31,0.00795,FALSE,"observed"
"IT",1896,"32",32,0.00797,FALSE,"observed"
"IT",1896,"33",33,0.00796,FALSE,"observed"
"IT",1896,"34",34,0.00798,FALSE,"observed"
"IT",1896,"35",35,0.00789,FALSE,"observed"
"IT",1896,"36",36,0.0079,FALSE,"observed"
"IT",1896,"37",37,0.00813,FALSE,"observed"
"IT",1896,"38",38,0.00847,FALSE,"observed"
"IT",1896,"39",39,0.0089,FALSE,"observed"
"IT",1896,"40",40,0.00947,FALSE,"observed"
"IT",1896,"41",41,0.00988,FALSE,"observed"
"IT",1896,"42",42,0.00998,FALSE,"observed"
"IT",1896,"43",43,0.01,FALSE,"observed"
"IT",1896,"44",44,0.01,FALSE,"observed"
"IT",1896,"45",45,0.00983,FALSE,"observed"
"IT",1896,"46",46,0.0099,FALSE,"observed"
"IT",1896,"47",47,0.01046,FALSE,"observed"
"IT",1896,"48",48,0.01122,FALSE,"observed"
"IT",1896,"49",49,0.01234,FALSE,"observed"
"IT",1896,"50",50,0.01378,FALSE,"observed"
"IT",1896,"51",51,0.01505,FALSE,"observed"
"IT",1896,"52",52,0.01608,FALSE,"observed"
"IT",1896,"53",53,0.01677,FALSE,"observed"
"IT",1896,"54",54,0.01684,FALSE,"observed"
"IT",1896,"55",55,0.01653,FALSE,"observed"
"IT",1896,"56",56,0.01684,FALSE,"observed"
"IT",1896,"57",57,0.01804,FALSE,"observed"
"IT",1896,"58",58,0.02006,FALSE,"observed"
"IT",1896,"59",59,0.02331,FALSE,"observed"
"IT",1896,"60",60,0.02741,FALSE,"observed"
"IT",1896,"61",61,0.03137,FALSE,"observed"
"IT",1896,"62",62,0.03509,FALSE,"observed"
"IT",1896,"63",63,0.03908,FALSE,"observed"
"IT",1896,"64",64,0.04201,FALSE,"observed"
"IT",1896,"65",65,0.04517,FALSE,"observed"
"IT",1896,"66",66,0.04951,FALSE,"observed"
"IT",1896,"67",67,0.05411,FALSE,"observed"
"IT",1896,"68",68,0.05847,FALSE,"observed"
"IT",1896,"69",69,0.06573,FALSE,"observed"
"IT",1896,"70",70,0.07347,FALSE,"observed"
"IT",1896,"71",71,0.07939,FALSE,"observed"
"IT",1896,"72",72,0.08588,FALSE,"observed"
"IT",1896,"73",73,0.0911,FALSE,"observed"
"IT",1896,"74",74,0.08937,FALSE,"observed"
"IT",1896,"75",75,0.10169,FALSE,"observed"
"IT",1896,"76",76,0.1088,FALSE,"observed"
"IT",1896,"77",77,0.1179,FALSE,"observed"
"IT",1896,"78",78,0.1449,FALSE,"observed"
"IT",1896,"79",79,0.22993,FALSE,"observed"
"IT",1896,"80",80,0.15926,FALSE,"observed"
"IT",1896,"81",81,0.17265,FALSE,"observed"
"IT",1896,"82",82,0.18331,FALSE,"observed"
"IT",1896,"83",83,0.19552,FALSE,"observed"
"IT",1896,"84",84,0.21109,FALSE,"observed"
"IT",1896,"85",85,0.22204,FALSE,"observed"
"IT",1896,"86",86,0.22894,FALSE,"observed"
"IT",1896,"87",87,0.24002,FALSE,"observed"
"IT",1896,"88",88,0.25454,FALSE,"observed"
"IT",1896,"89",89,0.26878,FALSE,"observed"
"IT",1896,"90",90,0.28393,FALSE,"observed"
"IT",1896,"91",91,0.2989,FALSE,"observed"
"IT",1896,"92",92,0.3129,FALSE,"observed"
"IT",1896,"93",93,0.32692,FALSE,"observed"
"IT",1896,"94",94,0.34942,FALSE,"observed"
"IT",1896,"95",95,0.3667,FALSE,"observed"
"IT",1896,"96",96,0.38444,FALSE,"observed"
"IT",1896,"97",97,0.4026,FALSE,"observed"
"IT",1896,"98",98,0.42115,FALSE,"observed"
"IT",1896,"99",99,0.44005,FALSE,"observed"
"IT",1896,"100",100,0.45924,FALSE,"observed"
"IT",1896,"101",101,0.47867,FALSE,"observed"
"IT",1896,"102",102,0.4983,FALSE,"observed"
"IT",1896,"103",103,0.51806,FALSE,"observed"
"IT",1896,"104",104,0.53789,FALSE,"observed"
"IT",1896,"105",105,0.55771,FALSE,"observed"
"IT",1896,"106",106,0.57748,FALSE,"observed"
"IT",1896,"107",107,0.5971,FALSE,"observed"
"IT",1896,"108",108,0.61653,FALSE,"observed"
"IT",1896,"109",109,0.63569,FALSE,"observed"
"IT",1896,"110+",110,0.65452,FALSE,"observed"
"IT",1897,"0",0,0.1843,FALSE,"observed"
"IT",1897,"1",1,0.06057,FALSE,"observed"
"IT",1897,"2",2,0.04359,FALSE,"observed"
"IT",1897,"3",3,0.02886,FALSE,"observed"
"IT",1897,"4",4,0.0188,FALSE,"observed"
"IT",1897,"5",5,0.01315,FALSE,"observed"
"IT",1897,"6",6,0.00903,FALSE,"observed"
"IT",1897,"7",7,0.00575,FALSE,"observed"
"IT",1897,"8",8,0.0037,FALSE,"observed"
"IT",1897,"9",9,0.00284,FALSE,"observed"
"IT",1897,"10",10,0.00306,FALSE,"observed"
"IT",1897,"11",11,0.00338,FALSE,"observed"
"IT",1897,"12",12,0.00365,FALSE,"observed"
"IT",1897,"13",13,0.00406,FALSE,"observed"
"IT",1897,"14",14,0.00439,FALSE,"observed"
"IT",1897,"15",15,0.00476,FALSE,"observed"
"IT",1897,"16",16,0.00514,FALSE,"observed"
"IT",1897,"17",17,0.00521,FALSE,"observed"
"IT",1897,"18",18,0.00539,FALSE,"observed"
"IT",1897,"19",19,0.00605,FALSE,"observed"
"IT",1897,"20",20,0.00678,FALSE,"observed"
"IT",1897,"21",21,0.00723,FALSE,"observed"
"IT",1897,"22",22,0.00758,FALSE,"observed"
"IT",1897,"23",23,0.00761,FALSE,"observed"
"IT",1897,"24",24,0.00757,FALSE,"observed"
"IT",1897,"25",25,0.00738,FALSE,"observed"
"IT",1897,"26",26,0.00716,FALSE,"observed"
"IT",1897,"27",27,0.00701,FALSE,"observed"
"IT",1897,"28",28,0.00688,FALSE,"observed"
"IT",1897,"29",29,0.00695,FALSE,"observed"
"IT",1897,"30",30,0.00716,FALSE,"observed"
"IT",1897,"31",31,0.00739,FALSE,"observed"
"IT",1897,"32",32,0.00754,FALSE,"observed"
"IT",1897,"33",33,0.0075,FALSE,"observed"
"IT",1897,"34",34,0.00745,FALSE,"observed"
"IT",1897,"35",35,0.00743,FALSE,"observed"
"IT",1897,"36",36,0.00738,FALSE,"observed"
"IT",1897,"37",37,0.00744,FALSE,"observed"
"IT",1897,"38",38,0.00771,FALSE,"observed"
"IT",1897,"39",39,0.00806,FALSE,"observed"
"IT",1897,"40",40,0.00845,FALSE,"observed"
"IT",1897,"41",41,0.00888,FALSE,"observed"
"IT",1897,"42",42,0.00916,FALSE,"observed"
"IT",1897,"43",43,0.00916,FALSE,"observed"
"IT",1897,"44",44,0.00913,FALSE,"observed"
"IT",1897,"45",45,0.00914,FALSE,"observed"
"IT",1897,"46",46,0.00917,FALSE,"observed"
"IT",1897,"47",47,0.00945,FALSE,"observed"
"IT",1897,"48",48,0.0102,FALSE,"observed"
"IT",1897,"49",49,0.0111,FALSE,"observed"
"IT",1897,"50",50,0.01224,FALSE,"observed"
"IT",1897,"51",51,0.01338,FALSE,"observed"
"IT",1897,"52",52,0.01429,FALSE,"observed"
"IT",1897,"53",53,0.01499,FALSE,"observed"
"IT",1897,"54",54,0.01538,FALSE,"observed"
"IT",1897,"55",55,0.01536,FALSE,"observed"
"IT",1897,"56",56,0.01546,FALSE,"observed"
"IT",1897,"57",57,0.01624,FALSE,"observed"
"IT",1897,"58",58,0.01796,FALSE,"observed"
"IT",1897,"59",59,0.02057,FALSE,"observed"
"IT",1897,"60",60,0.02429,FALSE,"observed"
"IT",1897,"61",61,0.02846,FALSE,"observed"
"IT",1897,"62",62,0.03243,FALSE,"observed"
"IT",1897,"63",63,0.03607,FALSE,"observed"
"IT",1897,"64",64,0.03997,FALSE,"observed"
"IT",1897,"65",65,0.04288,FALSE,"observed"
"IT",1897,"66",66,0.04574,FALSE,"observed"
"IT",1897,"67",67,0.04947,FALSE,"observed"
"IT",1897,"68",68,0.05346,FALSE,"observed"
"IT",1897,"69",69,0.05723,FALSE,"observed"
"IT",1897,"70",70,0.06348,FALSE,"observed"
"IT",1897,"71",71,0.07002,FALSE,"observed"
"IT",1897,"72",72,0.07516,FALSE,"observed"
"IT",1897,"73",73,0.08072,FALSE,"observed"
"IT",1897,"74",74,0.085,FALSE,"observed"
"IT",1897,"75",75,0.09892,FALSE,"observed"
"IT",1897,"76",76,0.10129,FALSE,"observed"
"IT",1897,"77",77,0.1082,FALSE,"observed"
"IT",1897,"78",78,0.11762,FALSE,"observed"
"IT",1897,"79",79,0.15078,FALSE,"observed"
"IT",1897,"80",80,0.14439,FALSE,"observed"
"IT",1897,"81",81,0.15927,FALSE,"observed"
"IT",1897,"82",82,0.17367,FALSE,"observed"
"IT",1897,"83",83,0.18493,FALSE,"observed"
"IT",1897,"84",84,0.19821,FALSE,"observed"
"IT",1897,"85",85,0.2159,FALSE,"observed"
"IT",1897,"86",86,0.22802,FALSE,"observed"
"IT",1897,"87",87,0.23504,FALSE,"observed"
"IT",1897,"88",88,0.24761,FALSE,"observed"
"IT",1897,"89",89,0.26503,FALSE,"observed"
"IT",1897,"90",90,0.28252,FALSE,"observed"
"IT",1897,"91",91,0.3018,FALSE,"observed"
"IT",1897,"92",92,0.32142,FALSE,"observed"
"IT",1897,"93",93,0.34021,FALSE,"observed"
"IT",1897,"94",94,0.35965,FALSE,"observed"
"IT",1897,"95",95,0.38322,FALSE,"observed"
"IT",1897,"96",96,0.4039,FALSE,"observed"
"IT",1897,"97",97,0.42501,FALSE,"observed"
"IT",1897,"98",98,0.44648,FALSE,"observed"
"IT",1897,"99",99,0.46824,FALSE,"observed"
"IT",1897,"100",100,0.4902,FALSE,"observed"
"IT",1897,"101",101,0.51229,FALSE,"observed"
"IT",1897,"102",102,0.53442,FALSE,"observed"
"IT",1897,"103",103,0.55652,FALSE,"observed"
"IT",1897,"104",104,0.57849,FALSE,"observed"
"IT",1897,"105",105,0.60024,FALSE,"observed"
"IT",1897,"106",106,0.62171,FALSE,"observed"
"IT",1897,"107",107,0.6428,FALSE,"observed"
"IT",1897,"108",108,0.66345,FALSE,"observed"
"IT",1897,"109",109,0.68358,FALSE,"observed"
"IT",1897,"110+",110,0.70314,FALSE,"observed"
"IT",1898,"0",0,0.18917,FALSE,"observed"
"IT",1898,"1",1,0.06304,FALSE,"observed"
"IT",1898,"2",2,0.04562,FALSE,"observed"
"IT",1898,"3",3,0.03072,FALSE,"observed"
"IT",1898,"4",4,0.01963,FALSE,"observed"
"IT",1898,"5",5,0.01337,FALSE,"observed"
"IT",1898,"6",6,0.00896,FALSE,"observed"
"IT",1898,"7",7,0.00558,FALSE,"observed"
"IT",1898,"8",8,0.00337,FALSE,"observed"
"IT",1898,"9",9,0.00256,FALSE,"observed"
"IT",1898,"10",10,0.00288,FALSE,"observed"
"IT",1898,"11",11,0.00343,FALSE,"observed"
"IT",1898,"12",12,0.00381,FALSE,"observed"
"IT",1898,"13",13,0.00408,FALSE,"observed"
"IT",1898,"14",14,0.00445,FALSE,"observed"
"IT",1898,"15",15,0.00468,FALSE,"observed"
"IT",1898,"16",16,0.00504,FALSE,"observed"
"IT",1898,"17",17,0.00542,FALSE,"observed"
"IT",1898,"18",18,0.00557,FALSE,"observed"
"IT",1898,"19",19,0.00587,FALSE,"observed"
"IT",1898,"20",20,0.00668,FALSE,"observed"
"IT",1898,"21",21,0.00741,FALSE,"observed"
"IT",1898,"22",22,0.00776,FALSE,"observed"
"IT",1898,"23",23,0.00793,FALSE,"observed"
"IT",1898,"24",24,0.00771,FALSE,"observed"
"IT",1898,"25",25,0.00746,FALSE,"observed"
"IT",1898,"26",26,0.00728,FALSE,"observed"
"IT",1898,"27",27,0.00714,FALSE,"observed"
"IT",1898,"28",28,0.00708,FALSE,"observed"
"IT",1898,"29",29,0.00706,FALSE,"observed"
"IT",1898,"30",30,0.00724,FALSE,"observed"
"IT",1898,"31",31,0.00747,FALSE,"observed"
"IT",1898,"32",32,0.0077,FALSE,"observed"
"IT",1898,"33",33,0.00783,FALSE,"observed"
"IT",1898,"34",34,0.00779,FALSE,"observed"
"IT",1898,"35",35,0.00775,FALSE,"observed"
"IT",1898,"36",36,0.00783,FALSE,"observed"
"IT",1898,"37",37,0.00788,FALSE,"observed"
"IT",1898,"38",38,0.00802,FALSE,"observed"
"IT",1898,"39",39,0.00839,FALSE,"observed"
"IT",1898,"40",40,0.00881,FALSE,"observed"
"IT",1898,"41",41,0.00916,FALSE,"observed"
"IT",1898,"42",42,0.00955,FALSE,"observed"
"IT",1898,"43",43,0.0098,FALSE,"observed"
"IT",1898,"44",44,0.00973,FALSE,"observed"
"IT",1898,"45",45,0.00969,FALSE,"observed"
"IT",1898,"46",46,0.00989,FALSE,"observed"
"IT",1898,"47",47,0.01015,FALSE,"observed"
"IT",1898,"48",48,0.01067,FALSE,"observed"
"IT",1898,"49",49,0.01174,FALSE,"observed"
"IT",1898,"50",50,0.0129,FALSE,"observed"
"IT",1898,"51",51,0.01397,FALSE,"observed"
"IT",1898,"52",52,0.01499,FALSE,"observed"
"IT",1898,"53",53,0.01578,FALSE,"observed"
"IT",1898,"54",54,0.01631,FALSE,"observed"
"IT",1898,"55",55,0.01661,FALSE,"observed"
"IT",1898,"56",56,0.01703,FALSE,"observed"
"IT",1898,"57",57,0.01772,FALSE,"observed"
"IT",1898,"58",58,0.01912,FALSE,"observed"
"IT",1898,"59",59,0.02169,FALSE,"observed"
"IT",1898,"60",60,0.0253,FALSE,"observed"
"IT",1898,"61",61,0.02973,FALSE,"observed"
"IT",1898,"62",62,0.0345,FALSE,"observed"
"IT",1898,"63",63,0.03919,FALSE,"observed"
"IT",1898,"64",64,0.04347,FALSE,"observed"
"IT",1898,"65",65,0.04805,FALSE,"observed"
"IT",1898,"66",66,0.05149,FALSE,"observed"
"IT",1898,"67",67,0.0548,FALSE,"observed"
"IT",1898,"68",68,0.05879,FALSE,"observed"
"IT",1898,"69",69,0.06308,FALSE,"observed"
"IT",1898,"70",70,0.06707,FALSE,"observed"
"IT",1898,"71",71,0.07348,FALSE,"observed"
"IT",1898,"72",72,0.07994,FALSE,"observed"
"IT",1898,"73",73,0.08519,FALSE,"observed"
"IT",1898,"74",74,0.09068,FALSE,"observed"
"IT",1898,"75",75,0.11252,FALSE,"observed"
"IT",1898,"76",76,0.11751,FALSE,"observed"
"IT",1898,"77",77,0.12127,FALSE,"observed"
"IT",1898,"78",78,0.12894,FALSE,"observed"
"IT",1898,"79",79,0.14023,FALSE,"observed"
"IT",1898,"80",80,0.15303,FALSE,"observed"
"IT",1898,"81",81,0.16939,FALSE,"observed"
"IT",1898,"82",82,0.18703,FALSE,"observed"
"IT",1898,"83",83,0.2038,FALSE,"observed"
"IT",1898,"84",84,0.2158,FALSE,"observed"
"IT",1898,"85",85,0.23026,FALSE,"observed"
"IT",1898,"86",86,0.25074,FALSE,"observed"
"IT",1898,"87",87,0.26263,FALSE,"observed"
"IT",1898,"88",88,0.26652,FALSE,"observed"
"IT",1898,"89",89,0.27797,FALSE,"observed"
"IT",1898,"90",90,0.29597,FALSE,"observed"
"IT",1898,"91",91,0.31358,FALSE,"observed"
"IT",1898,"92",92,0.33338,FALSE,"observed"
"IT",1898,"93",93,0.35325,FALSE,"observed"
"IT",1898,"94",94,0.37139,FALSE,"observed"
"IT",1898,"95",95,0.40712,FALSE,"observed"
"IT",1898,"96",96,0.42817,FALSE,"observed"
"IT",1898,"97",97,0.44949,FALSE,"observed"
"IT",1898,"98",98,0.47101,FALSE,"observed"
"IT",1898,"99",99,0.49265,FALSE,"observed"
"IT",1898,"100",100,0.51432,FALSE,"observed"
"IT",1898,"101",101,0.53594,FALSE,"observed"
"IT",1898,"102",102,0.55743,FALSE,"observed"
"IT",1898,"103",103,0.57872,FALSE,"observed"
"IT",1898,"104",104,0.59973,FALSE,"observed"
"IT",1898,"105",105,0.62039,FALSE,"observed"
"IT",1898,"106",106,0.64064,FALSE,"observed"
"IT",1898,"107",107,0.66041,FALSE,"observed"
"IT",1898,"108",108,0.67966,FALSE,"observed"
"IT",1898,"109",109,0.69834,FALSE,"observed"
"IT",1898,"110+",110,0.71641,FALSE,"observed"
"IT",1899,"0",0,0.17488,FALSE,"observed"
"IT",1899,"1",1,0.05932,FALSE,"observed"
"IT",1899,"2",2,0.04191,FALSE,"observed"
"IT",1899,"3",3,0.02833,FALSE,"observed"
"IT",1899,"4",4,0.01849,FALSE,"observed"
"IT",1899,"5",5,0.01257,FALSE,"observed"
"IT",1899,"6",6,0.00851,FALSE,"observed"
"IT",1899,"7",7,0.00551,FALSE,"observed"
"IT",1899,"8",8,0.00352,FALSE,"observed"
"IT",1899,"9",9,0.00266,FALSE,"observed"
"IT",1899,"10",10,0.00286,FALSE,"observed"
"IT",1899,"11",11,0.00322,FALSE,"observed"
"IT",1899,"12",12,0.0036,FALSE,"observed"
"IT",1899,"13",13,0.00383,FALSE,"observed"
"IT",1899,"14",14,0.00402,FALSE,"observed"
"IT",1899,"15",15,0.00435,FALSE,"observed"
"IT",1899,"16",16,0.00467,FALSE,"observed"
"IT",1899,"17",17,0.00512,FALSE,"observed"
"IT",1899,"18",18,0.00559,FALSE,"observed"
"IT",1899,"19",19,0.00584,FALSE,"observed"
"IT",1899,"20",20,0.00623,FALSE,"observed"
"IT",1899,"21",21,0.00696,FALSE,"observed"
"IT",1899,"22",22,0.00756,FALSE,"observed"
"IT",1899,"23",23,0.00774,FALSE,"observed"
"IT",1899,"24",24,0.00771,FALSE,"observed"
"IT",1899,"25",25,0.00732,FALSE,"observed"
"IT",1899,"26",26,0.00712,FALSE,"observed"
"IT",1899,"27",27,0.00705,FALSE,"observed"
"IT",1899,"28",28,0.00702,FALSE,"observed"
"IT",1899,"29",29,0.00704,FALSE,"observed"
"IT",1899,"30",30,0.00707,FALSE,"observed"
"IT",1899,"31",31,0.00719,FALSE,"observed"
"IT",1899,"32",32,0.00735,FALSE,"observed"
"IT",1899,"33",33,0.00751,FALSE,"observed"
"IT",1899,"34",34,0.00759,FALSE,"observed"
"IT",1899,"35",35,0.00751,FALSE,"observed"
"IT",1899,"36",36,0.00754,FALSE,"observed"
"IT",1899,"37",37,0.00772,FALSE,"observed"
"IT",1899,"38",38,0.00788,FALSE,"observed"
"IT",1899,"39",39,0.00816,FALSE,"observed"
"IT",1899,"40",40,0.00868,FALSE,"observed"
"IT",1899,"41",41,0.00915,FALSE,"observed"
"IT",1899,"42",42,0.00947,FALSE,"observed"
"IT",1899,"43",43,0.00977,FALSE,"observed"
"IT",1899,"44",44,0.0099,FALSE,"observed"
"IT",1899,"45",45,0.00971,FALSE,"observed"
"IT",1899,"46",46,0.00975,FALSE,"observed"
"IT",1899,"47",47,0.01012,FALSE,"observed"
"IT",1899,"48",48,0.01056,FALSE,"observed"
"IT",1899,"49",49,0.01129,FALSE,"observed"
"IT",1899,"50",50,0.01256,FALSE,"observed"
"IT",1899,"51",51,0.01363,FALSE,"observed"
"IT",1899,"52",52,0.01449,FALSE,"observed"
"IT",1899,"53",53,0.01529,FALSE,"observed"
"IT",1899,"54",54,0.01588,FALSE,"observed"
"IT",1899,"55",55,0.0163,FALSE,"observed"
"IT",1899,"56",56,0.01706,FALSE,"observed"
"IT",1899,"57",57,0.01821,FALSE,"observed"
"IT",1899,"58",58,0.01969,FALSE,"observed"
"IT",1899,"59",59,0.02195,FALSE,"observed"
"IT",1899,"60",60,0.02546,FALSE,"observed"
"IT",1899,"61",61,0.02936,FALSE,"observed"
"IT",1899,"62",62,0.03328,FALSE,"observed"
"IT",1899,"63",63,0.0367,FALSE,"observed"
"IT",1899,"64",64,0.03926,FALSE,"observed"
"IT",1899,"65",65,0.04072,FALSE,"observed"
"IT",1899,"66",66,0.0432,FALSE,"observed"
"IT",1899,"67",67,0.04636,FALSE,"observed"
"IT",1899,"68",68,0.0511,FALSE,"observed"
"IT",1899,"69",69,0.05809,FALSE,"observed"
"IT",1899,"70",70,0.06728,FALSE,"observed"
"IT",1899,"71",71,0.07632,FALSE,"observed"
"IT",1899,"72",72,0.08722,FALSE,"observed"
"IT",1899,"73",73,0.09754,FALSE,"observed"
"IT",1899,"74",74,0.10639,FALSE,"observed"
"IT",1899,"75",75,0.11542,FALSE,"observed"
"IT",1899,"76",76,0.12465,FALSE,"observed"
"IT",1899,"77",77,0.13056,FALSE,"observed"
"IT",1899,"78",78,0.13553,FALSE,"observed"
"IT",1899,"79",79,0.14338,FALSE,"observed"
"IT",1899,"80",80,0.15096,FALSE,"observed"
"IT",1899,"81",81,0.16828,FALSE,"observed"
"IT",1899,"82",82,0.18725,FALSE,"observed"
"IT",1899,"83",83,0.20645,FALSE,"observed"
"IT",1899,"84",84,0.22061,FALSE,"observed"
"IT",1899,"85",85,0.22231,FALSE,"observed"
"IT",1899,"86",86,0.22532,FALSE,"observed"
"IT",1899,"87",87,0.23691,FALSE,"observed"
"IT",1899,"88",88,0.24213,FALSE,"observed"
"IT",1899,"89",89,0.24771,FALSE,"observed"
"IT",1899,"90",90,0.28034,FALSE,"observed"
"IT",1899,"91",91,0.29531,FALSE,"observed"
"IT",1899,"92",92,0.30986,FALSE,"observed"
"IT",1899,"93",93,0.32692,FALSE,"observed"
"IT",1899,"94",94,0.3436,FALSE,"observed"
"IT",1899,"95",95,0.36385,FALSE,"observed"
"IT",1899,"96",96,0.38073,FALSE,"observed"
"IT",1899,"97",97,0.39786,FALSE,"observed"
"IT",1899,"98",98,0.41519,FALSE,"observed"
"IT",1899,"99",99,0.43267,FALSE,"observed"
"IT",1899,"100",100,0.45027,FALSE,"observed"
"IT",1899,"101",101,0.46792,FALSE,"observed"
"IT",1899,"102",102,0.48559,FALSE,"observed"
"IT",1899,"103",103,0.50322,FALSE,"observed"
"IT",1899,"104",104,0.52076,FALSE,"observed"
"IT",1899,"105",105,0.53817,FALSE,"observed"
"IT",1899,"106",106,0.5554,FALSE,"observed"
"IT",1899,"107",107,0.57241,FALSE,"observed"
"IT",1899,"108",108,0.58916,FALSE,"observed"
"IT",1899,"109",109,0.60562,FALSE,"observed"
"IT",1899,"110+",110,0.62176,FALSE,"observed"
"IT",1900,"0",0,0.18968,FALSE,"observed"
"IT",1900,"1",1,0.06619,FALSE,"observed"
"IT",1900,"2",2,0.04661,FALSE,"observed"
"IT",1900,"3",3,0.03068,FALSE,"observed"
"IT",1900,"4",4,0.01991,FALSE,"observed"
"IT",1900,"5",5,0.01348,FALSE,"observed"
"IT",1900,"6",6,0.0087,FALSE,"observed"
"IT",1900,"7",7,0.00528,FALSE,"observed"
"IT",1900,"8",8,0.00317,FALSE,"observed"
"IT",1900,"9",9,0.00237,FALSE,"observed"
"IT",1900,"10",10,0.0027,FALSE,"observed"
"IT",1900,"11",11,0.00324,FALSE,"observed"
"IT",1900,"12",12,0.00367,FALSE,"observed"
"IT",1900,"13",13,0.00411,FALSE,"observed"
"IT",1900,"14",14,0.00435,FALSE,"observed"
"IT",1900,"15",15,0.00455,FALSE,"observed"
"IT",1900,"16",16,0.00498,FALSE,"observed"
"IT",1900,"17",17,0.00537,FALSE,"observed"
"IT",1900,"18",18,0.00588,FALSE,"observed"
"IT",1900,"19",19,0.00635,FALSE,"observed"
"IT",1900,"20",20,0.00657,FALSE,"observed"
"IT",1900,"21",21,0.00682,FALSE,"observed"
"IT",1900,"22",22,0.00739,FALSE,"observed"
"IT",1900,"23",23,0.00783,FALSE,"observed"
"IT",1900,"24",24,0.00783,FALSE,"observed"
"IT",1900,"25",25,0.00762,FALSE,"observed"
"IT",1900,"26",26,0.00725,FALSE,"observed"
"IT",1900,"27",27,0.00716,FALSE,"observed"
"IT",1900,"28",28,0.00722,FALSE,"observed"
"IT",1900,"29",29,0.00732,FALSE,"observed"
"IT",1900,"30",30,0.00743,FALSE,"observed"
"IT",1900,"31",31,0.00746,FALSE,"observed"
"IT",1900,"32",32,0.00758,FALSE,"observed"
"IT",1900,"33",33,0.00774,FALSE,"observed"
"IT",1900,"34",34,0.00791,FALSE,"observed"
"IT",1900,"35",35,0.00802,FALSE,"observed"
"IT",1900,"36",36,0.008,FALSE,"observed"
"IT",1900,"37",37,0.00811,FALSE,"observed"
"IT",1900,"38",38,0.00838,FALSE,"observed"
"IT",1900,"39",39,0.00859,FALSE,"observed"
"IT",1900,"40",40,0.00891,FALSE,"observed"
"IT",1900,"41",41,0.00939,FALSE,"observed"
"IT",1900,"42",42,0.00977,FALSE,"observed"
"IT",1900,"43",43,0.00997,FALSE,"observed"
"IT",1900,"44",44,0.01016,FALSE,"observed"
"IT",1900,"45",45,0.01024,FALSE,"observed"
"IT",1900,"46",46,0.01023,FALSE,"observed"
"IT",1900,"47",47,0.01055,FALSE,"observed"
"IT",1900,"48",48,0.01125,FALSE,"observed"
"IT",1900,"49",49,0.01201,FALSE,"observed"
"IT",1900,"50",50,0.01301,FALSE,"observed"
"IT",1900,"51",51,0.01431,FALSE,"observed"
"IT",1900,"52",52,0.01529,FALSE,"observed"
"IT",1900,"53",53,0.01598,FALSE,"observed"
"IT",1900,"54",54,0.01664,FALSE,"observed"
"IT",1900,"55",55,0.01723,FALSE,"observed"
"IT",1900,"56",56,0.01825,FALSE,"observed"
"IT",1900,"57",57,0.01986,FALSE,"observed"
"IT",1900,"58",58,0.02206,FALSE,"observed"
"IT",1900,"59",59,0.02465,FALSE,"observed"
"IT",1900,"60",60,0.02791,FALSE,"observed"
"IT",1900,"61",61,0.03183,FALSE,"observed"
"IT",1900,"62",62,0.03597,FALSE,"observed"
"IT",1900,"63",63,0.03977,FALSE,"observed"
"IT",1900,"64",64,0.04264,FALSE,"observed"
"IT",1900,"65",65,0.04481,FALSE,"observed"
"IT",1900,"66",66,0.04704,FALSE,"observed"
"IT",1900,"67",67,0.05104,FALSE,"observed"
"IT",1900,"68",68,0.05639,FALSE,"observed"
"IT",1900,"69",69,0.06396,FALSE,"observed"
"IT",1900,"70",70,0.07359,FALSE,"observed"
"IT",1900,"71",71,0.08409,FALSE,"observed"
"IT",1900,"72",72,0.09399,FALSE,"observed"
"IT",1900,"73",73,0.10553,FALSE,"observed"
"IT",1900,"74",74,0.11606,FALSE,"observed"
"IT",1900,"75",75,0.12619,FALSE,"observed"
"IT",1900,"76",76,0.13836,FALSE,"observed"
"IT",1900,"77",77,0.15183,FALSE,"observed"
"IT",1900,"78",78,0.1646,FALSE,"observed"
"IT",1900,"79",79,0.17681,FALSE,"observed"
"IT",1900,"80",80,0.17457,FALSE,"observed"
"IT",1900,"81",81,0.19688,FALSE,"observed"
"IT",1900,"82",82,0.22189,FALSE,"observed"
"IT",1900,"83",83,0.24714,FALSE,"observed"
"IT",1900,"84",84,0.26764,FALSE,"observed"
"IT",1900,"85",85,0.27335,FALSE,"observed"
"IT",1900,"86",86,0.26226,FALSE,"observed"
"IT",1900,"87",87,0.25574,FALSE,"observed"
"IT",1900,"88",88,0.2642,FALSE,"observed"
"IT",1900,"89",89,0.27144,FALSE,"observed"
"IT",1900,"90",90,0.32365,FALSE,"observed"
"IT",1900,"91",91,0.34176,FALSE,"observed"
"IT",1900,"92",92,0.35311,FALSE,"observed"
"IT",1900,"93",93,0.36222,FALSE,"observed"
"IT",1900,"94",94,0.37379,FALSE,"observed"
"IT",1900,"95",95,0.40231,FALSE,"observed"
"IT",1900,"96",96,0.41863,FALSE,"observed"
"IT",1900,"97",97,0.43498,FALSE,"observed"
"IT",1900,"98",98,0.45131,FALSE,"observed"
"IT",1900,"99",99,0.46756,FALSE,"observed"
"IT",1900,"100",100,0.4837,FALSE,"observed"
"IT",1900,"101",101,0.49967,FALSE,"observed"
"IT",1900,"102",102,0.51543,FALSE,"observed"
"IT",1900,"103",103,0.53095,FALSE,"observed"
"IT",1900,"104",104,0.5462,FALSE,"observed"
"IT",1900,"105",105,0.56114,FALSE,"observed"
"IT",1900,"106",106,0.57575,FALSE,"observed"
"IT",1900,"107",107,0.59003,FALSE,"observed"
"IT",1900,"108",108,0.60394,FALSE,"observed"
"IT",1900,"109",109,0.6175,FALSE,"observed"
"IT",1900,"110+",110,0.6307,FALSE,"observed"
"IT",1901,"0",0,0.1847,FALSE,"observed"
"IT",1901,"1",1,0.05669,FALSE,"observed"
"IT",1901,"2",2,0.04151,FALSE,"observed"
"IT",1901,"3",3,0.02725,FALSE,"observed"
"IT",1901,"4",4,0.01728,FALSE,"observed"
"IT",1901,"5",5,0.01178,FALSE,"observed"
"IT",1901,"6",6,0.00779,FALSE,"observed"
"IT",1901,"7",7,0.00475,FALSE,"observed"
"IT",1901,"8",8,0.00293,FALSE,"observed"
"IT",1901,"9",9,0.00232,FALSE,"observed"
"IT",1901,"10",10,0.00267,FALSE,"observed"
"IT",1901,"11",11,0.00312,FALSE,"observed"
"IT",1901,"12",12,0.00352,FALSE,"observed"
"IT",1901,"13",13,0.00382,FALSE,"observed"
"IT",1901,"14",14,0.00411,FALSE,"observed"
"IT",1901,"15",15,0.00422,FALSE,"observed"
"IT",1901,"16",16,0.0045,FALSE,"observed"
"IT",1901,"17",17,0.00481,FALSE,"observed"
"IT",1901,"18",18,0.00518,FALSE,"observed"
"IT",1901,"19",19,0.00578,FALSE,"observed"
"IT",1901,"20",20,0.00623,FALSE,"observed"
"IT",1901,"21",21,0.00643,FALSE,"observed"
"IT",1901,"22",22,0.00681,FALSE,"observed"
"IT",1901,"23",23,0.00717,FALSE,"observed"
"IT",1901,"24",24,0.00709,FALSE,"observed"
"IT",1901,"25",25,0.00707,FALSE,"observed"
"IT",1901,"26",26,0.00715,FALSE,"observed"
"IT",1901,"27",27,0.00701,FALSE,"observed"
"IT",1901,"28",28,0.00706,FALSE,"observed"
"IT",1901,"29",29,0.00704,FALSE,"observed"
"IT",1901,"30",30,0.0071,FALSE,"observed"
"IT",1901,"31",31,0.00725,FALSE,"observed"
"IT",1901,"32",32,0.00733,FALSE,"observed"
"IT",1901,"33",33,0.00744,FALSE,"observed"
"IT",1901,"34",34,0.0075,FALSE,"observed"
"IT",1901,"35",35,0.00766,FALSE,"observed"
"IT",1901,"36",36,0.00784,FALSE,"observed"
"IT",1901,"37",37,0.00799,FALSE,"observed"
"IT",1901,"38",38,0.00827,FALSE,"observed"
"IT",1901,"39",39,0.00854,FALSE,"observed"
"IT",1901,"40",40,0.00867,FALSE,"observed"
"IT",1901,"41",41,0.00902,FALSE,"observed"
"IT",1901,"42",42,0.00929,FALSE,"observed"
"IT",1901,"43",43,0.00953,FALSE,"observed"
"IT",1901,"44",44,0.0096,FALSE,"observed"
"IT",1901,"45",45,0.00982,FALSE,"observed"
"IT",1901,"46",46,0.00995,FALSE,"observed"
"IT",1901,"47",47,0.01024,FALSE,"observed"
"IT",1901,"48",48,0.01078,FALSE,"observed"
"IT",1901,"49",49,0.01162,FALSE,"observed"
"IT",1901,"50",50,0.01238,FALSE,"observed"
"IT",1901,"51",51,0.01339,FALSE,"observed"
"IT",1901,"52",52,0.01444,FALSE,"observed"
"IT",1901,"53",53,0.01514,FALSE,"observed"
"IT",1901,"54",54,0.01587,FALSE,"observed"
"IT",1901,"55",55,0.01667,FALSE,"observed"
"IT",1901,"56",56,0.01759,FALSE,"observed"
"IT",1901,"57",57,0.01896,FALSE,"observed"
"IT",1901,"58",58,0.02065,FALSE,"observed"
"IT",1901,"59",59,0.02297,FALSE,"observed"
"IT",1901,"60",60,0.02522,FALSE,"observed"
"IT",1901,"61",61,0.02816,FALSE,"observed"
"IT",1901,"62",62,0.03169,FALSE,"observed"
"IT",1901,"63",63,0.03607,FALSE,"observed"
"IT",1901,"64",64,0.04032,FALSE,"observed"
"IT",1901,"65",65,0.04602,FALSE,"observed"
"IT",1901,"66",66,0.05198,FALSE,"observed"
"IT",1901,"67",67,0.05665,FALSE,"observed"
"IT",1901,"68",68,0.06104,FALSE,"observed"
"IT",1901,"69",69,0.06501,FALSE,"observed"
"IT",1901,"70",70,0.06902,FALSE,"observed"
"IT",1901,"71",71,0.07354,FALSE,"observed"
"IT",1901,"72",72,0.07819,FALSE,"observed"
"IT",1901,"73",73,0.08268,FALSE,"observed"
"IT",1901,"74",74,0.08787,FALSE,"observed"
"IT",1901,"75",75,0.10932,FALSE,"observed"
"IT",1901,"76",76,0.11803,FALSE,"observed"
"IT",1901,"77",77,0.12881,FALSE,"observed"
"IT",1901,"78",78,0.14517,FALSE,"observed"
"IT",1901,"79",79,0.16286,FALSE,"observed"
"IT",1901,"80",80,0.14949,FALSE,"observed"
"IT",1901,"81",81,0.16584,FALSE,"observed"
"IT",1901,"82",82,0.18695,FALSE,"observed"
"IT",1901,"83",83,0.21268,FALSE,"observed"
"IT",1901,"84",84,0.24161,FALSE,"observed"
"IT",1901,"85",85,0.27132,FALSE,"observed"
"IT",1901,"86",86,0.29952,FALSE,"observed"
"IT",1901,"87",87,0.32472,FALSE,"observed"
"IT",1901,"88",88,0.33651,FALSE,"observed"
"IT",1901,"89",89,0.34217,FALSE,"observed"
"IT",1901,"90",90,0.37,FALSE,"observed"
"IT",1901,"91",91,0.40662,FALSE,"observed"
"IT",1901,"92",92,0.42941,FALSE,"observed"
"IT",1901,"93",93,0.46041,FALSE,"observed"
"IT",1901,"94",94,0.50157,FALSE,"observed"
"IT",1901,"95",95,0.55901,FALSE,"observed"
"IT",1901,"96",96,0.59085,FALSE,"observed"
"IT",1901,"97",97,0.62198,FALSE,"observed"
"IT",1901,"98",98,0.65217,FALSE,"observed"
"IT",1901,"99",99,0.68124,FALSE,"observed"
"IT",1901,"100",100,0.70904,FALSE,"observed"
"IT",1901,"101",101,0.73545,FALSE,"observed"
"IT",1901,"102",102,0.76038,FALSE,"observed"
"IT",1901,"103",103,0.78377,FALSE,"observed"
"IT",1901,"104",104,0.8056,FALSE,"observed"
"IT",1901,"105",105,0.82585,FALSE,"observed"
"IT",1901,"106",106,0.84454,FALSE,"observed"
"IT",1901,"107",107,0.86172,FALSE,"observed"
"IT",1901,"108",108,0.87741,FALSE,"observed"
"IT",1901,"109",109,0.89169,FALSE,"observed"
"IT",1901,"110+",110,0.90463,FALSE,"observed"
"IT",1902,"0",0,0.19652,FALSE,"observed"
"IT",1902,"1",1,0.06231,FALSE,"observed"
"IT",1902,"2",2,0.04366,FALSE,"observed"
"IT",1902,"3",3,0.02983,FALSE,"observed"
"IT",1902,"4",4,0.0188,FALSE,"observed"
"IT",1902,"5",5,0.01232,FALSE,"observed"
"IT",1902,"6",6,0.00792,FALSE,"observed"
"IT",1902,"7",7,0.00464,FALSE,"observed"
"IT",1902,"8",8,0.00257,FALSE,"observed"
"IT",1902,"9",9,0.00189,FALSE,"observed"
"IT",1902,"10",10,0.00238,FALSE,"observed"
"IT",1902,"11",11,0.00297,FALSE,"observed"
"IT",1902,"12",12,0.0034,FALSE,"observed"
"IT",1902,"13",13,0.00378,FALSE,"observed"
"IT",1902,"14",14,0.00404,FALSE,"observed"
"IT",1902,"15",15,0.00431,FALSE,"observed"
"IT",1902,"16",16,0.00457,FALSE,"observed"
"IT",1902,"17",17,0.00479,FALSE,"observed"
"IT",1902,"18",18,0.00509,FALSE,"observed"
"IT",1902,"19",19,0.00557,FALSE,"observed"
"IT",1902,"20",20,0.00614,FALSE,"observed"
"IT",1902,"21",21,0.0065,FALSE,"observed"
"IT",1902,"22",22,0.00679,FALSE,"observed"
"IT",1902,"23",23,0.00692,FALSE,"observed"
"IT",1902,"24",24,0.0068,FALSE,"observed"
"IT",1902,"25",25,0.00671,FALSE,"observed"
"IT",1902,"26",26,0.00693,FALSE,"observed"
"IT",1902,"27",27,0.00714,FALSE,"observed"
"IT",1902,"28",28,0.00706,FALSE,"observed"
"IT",1902,"29",29,0.00691,FALSE,"observed"
"IT",1902,"30",30,0.00677,FALSE,"observed"
"IT",1902,"31",31,0.00684,FALSE,"observed"
"IT",1902,"32",32,0.00704,FALSE,"observed"
"IT",1902,"33",33,0.00715,FALSE,"observed"
"IT",1902,"34",34,0.00725,FALSE,"observed"
"IT",1902,"35",35,0.00741,FALSE,"observed"
"IT",1902,"36",36,0.0077,FALSE,"observed"
"IT",1902,"37",37,0.00804,FALSE,"observed"
"IT",1902,"38",38,0.00831,FALSE,"observed"
"IT",1902,"39",39,0.00849,FALSE,"observed"
"IT",1902,"40",40,0.00855,FALSE,"observed"
"IT",1902,"41",41,0.00859,FALSE,"observed"
"IT",1902,"42",42,0.00869,FALSE,"observed"
"IT",1902,"43",43,0.00882,FALSE,"observed"
"IT",1902,"44",44,0.00898,FALSE,"observed"
"IT",1902,"45",45,0.00916,FALSE,"observed"
"IT",1902,"46",46,0.00953,FALSE,"observed"
"IT",1902,"47",47,0.01004,FALSE,"observed"
"IT",1902,"48",48,0.01063,FALSE,"observed"
"IT",1902,"49",49,0.01138,FALSE,"observed"
"IT",1902,"50",50,0.0123,FALSE,"observed"
"IT",1902,"51",51,0.01311,FALSE,"observed"
"IT",1902,"52",52,0.01388,FALSE,"observed"
"IT",1902,"53",53,0.01465,FALSE,"observed"
"IT",1902,"54",54,0.01533,FALSE,"observed"
"IT",1902,"55",55,0.01603,FALSE,"observed"
"IT",1902,"56",56,0.01699,FALSE,"observed"
"IT",1902,"57",57,0.01826,FALSE,"observed"
"IT",1902,"58",58,0.01995,FALSE,"observed"
"IT",1902,"59",59,0.02217,FALSE,"observed"
"IT",1902,"60",60,0.02496,FALSE,"observed"
"IT",1902,"61",61,0.02774,FALSE,"observed"
"IT",1902,"62",62,0.03062,FALSE,"observed"
"IT",1902,"63",63,0.03396,FALSE,"observed"
"IT",1902,"64",64,0.03783,FALSE,"observed"
"IT",1902,"65",65,0.04248,FALSE,"observed"
"IT",1902,"66",66,0.04879,FALSE,"observed"
"IT",1902,"67",67,0.05497,FALSE,"observed"
"IT",1902,"68",68,0.05931,FALSE,"observed"
"IT",1902,"69",69,0.06295,FALSE,"observed"
"IT",1902,"70",70,0.06659,FALSE,"observed"
"IT",1902,"71",71,0.07071,FALSE,"observed"
"IT",1902,"72",72,0.07491,FALSE,"observed"
"IT",1902,"73",73,0.07939,FALSE,"observed"
"IT",1902,"74",74,0.0836,FALSE,"observed"
"IT",1902,"75",75,0.10451,FALSE,"observed"
"IT",1902,"76",76,0.11503,FALSE,"observed"
"IT",1902,"77",77,0.12315,FALSE,"observed"
"IT",1902,"78",78,0.13371,FALSE,"observed"
"IT",1902,"79",79,0.1504,FALSE,"observed"
"IT",1902,"80",80,0.14148,FALSE,"observed"
"IT",1902,"81",81,0.15562,FALSE,"observed"
"IT",1902,"82",82,0.17348,FALSE,"observed"
"IT",1902,"83",83,0.19743,FALSE,"observed"
"IT",1902,"84",84,0.22786,FALSE,"observed"
"IT",1902,"85",85,0.2635,FALSE,"observed"
"IT",1902,"86",86,0.30142,FALSE,"observed"
"IT",1902,"87",87,0.33833,FALSE,"observed"
"IT",1902,"88",88,0.37155,FALSE,"observed"
"IT",1902,"89",89,0.38292,FALSE,"observed"
"IT",1902,"90",90,0.38376,FALSE,"observed"
"IT",1902,"91",91,0.42065,FALSE,"observed"
"IT",1902,"92",92,0.47389,FALSE,"observed"
"IT",1902,"93",93,0.50358,FALSE,"observed"
"IT",1902,"94",94,0.54917,FALSE,"observed"
"IT",1902,"95",95,0.59972,FALSE,"observed"
"IT",1902,"96",96,0.63232,FALSE,"observed"
"IT",1902,"97",97,0.66334,FALSE,"observed"
"IT",1902,"98",98,0.69261,FALSE,"observed"
"IT",1902,"99",99,0.72006,FALSE,"observed"
"IT",1902,"100",100,0.74565,FALSE,"observed"
"IT",1902,"101",101,0.76937,FALSE,"observed"
"IT",1902,"102",102,0.79128,FALSE,"observed"
"IT",1902,"103",103,0.81143,FALSE,"observed"
"IT",1902,"104",104,0.82989,FALSE,"observed"
"IT",1902,"105",105,0.84676,FALSE,"observed"
"IT",1902,"106",106,0.86214,FALSE,"observed"
"IT",1902,"107",107,0.87611,FALSE,"observed"
"IT",1902,"108",108,0.88879,FALSE,"observed"
"IT",1902,"109",109,0.90026,FALSE,"observed"
"IT",1902,"110+",110,0.91063,FALSE,"observed"
"IT",1903,"0",0,0.18664,FALSE,"observed"
"IT",1903,"1",1,0.05914,FALSE,"observed"
"IT",1903,"2",2,0.04191,FALSE,"observed"
"IT",1903,"3",3,0.02739,FALSE,"observed"
"IT",1903,"4",4,0.01812,FALSE,"observed"
"IT",1903,"5",5,0.01219,FALSE,"observed"
"IT",1903,"6",6,0.00803,FALSE,"observed"
"IT",1903,"7",7,0.00508,FALSE,"observed"
"IT",1903,"8",8,0.00319,FALSE,"observed"
"IT",1903,"9",9,0.00242,FALSE,"observed"
"IT",1903,"10",10,0.00268,FALSE,"observed"
"IT",1903,"11",11,0.00317,FALSE,"observed"
"IT",1903,"12",12,0.00354,FALSE,"observed"
"IT",1903,"13",13,0.00385,FALSE,"observed"
"IT",1903,"14",14,0.00418,FALSE,"observed"
"IT",1903,"15",15,0.00451,FALSE,"observed"
"IT",1903,"16",16,0.00493,FALSE,"observed"
"IT",1903,"17",17,0.00532,FALSE,"observed"
"IT",1903,"18",18,0.00562,FALSE,"observed"
"IT",1903,"19",19,0.00597,FALSE,"observed"
"IT",1903,"20",20,0.00644,FALSE,"observed"
"IT",1903,"21",21,0.00692,FALSE,"observed"
"IT",1903,"22",22,0.00714,FALSE,"observed"
"IT",1903,"23",23,0.00727,FALSE,"observed"
"IT",1903,"24",24,0.00723,FALSE,"observed"
"IT",1903,"25",25,0.00698,FALSE,"observed"
"IT",1903,"26",26,0.00688,FALSE,"observed"
"IT",1903,"27",27,0.00712,FALSE,"observed"
"IT",1903,"28",28,0.00736,FALSE,"observed"
"IT",1903,"29",29,0.00735,FALSE,"observed"
"IT",1903,"30",30,0.00729,FALSE,"observed"
"IT",1903,"31",31,0.00723,FALSE,"observed"
"IT",1903,"32",32,0.00735,FALSE,"observed"
"IT",1903,"33",33,0.00755,FALSE,"observed"
"IT",1903,"34",34,0.00762,FALSE,"observed"
"IT",1903,"35",35,0.00763,FALSE,"observed"
"IT",1903,"36",36,0.00769,FALSE,"observed"
"IT",1903,"37",37,0.00795,FALSE,"observed"
"IT",1903,"38",38,0.00831,FALSE,"observed"
"IT",1903,"39",39,0.00868,FALSE,"observed"
"IT",1903,"40",40,0.00899,FALSE,"observed"
"IT",1903,"41",41,0.00912,FALSE,"observed"
"IT",1903,"42",42,0.00919,FALSE,"observed"
"IT",1903,"43",43,0.00925,FALSE,"observed"
"IT",1903,"44",44,0.00932,FALSE,"observed"
"IT",1903,"45",45,0.00942,FALSE,"observed"
"IT",1903,"46",46,0.00976,FALSE,"observed"
"IT",1903,"47",47,0.0104,FALSE,"observed"
"IT",1903,"48",48,0.01122,FALSE,"observed"
"IT",1903,"49",49,0.01216,FALSE,"observed"
"IT",1903,"50",50,0.01322,FALSE,"observed"
"IT",1903,"51",51,0.01409,FALSE,"observed"
"IT",1903,"52",52,0.01469,FALSE,"observed"
"IT",1903,"53",53,0.0152,FALSE,"observed"
"IT",1903,"54",54,0.01563,FALSE,"observed"
"IT",1903,"55",55,0.01601,FALSE,"observed"
"IT",1903,"56",56,0.01695,FALSE,"observed"
"IT",1903,"57",57,0.0185,FALSE,"observed"
"IT",1903,"58",58,0.02066,FALSE,"observed"
"IT",1903,"59",59,0.02354,FALSE,"observed"
"IT",1903,"60",60,0.02712,FALSE,"observed"
"IT",1903,"61",61,0.03067,FALSE,"observed"
"IT",1903,"62",62,0.03352,FALSE,"observed"
"IT",1903,"63",63,0.03586,FALSE,"observed"
"IT",1903,"64",64,0.03801,FALSE,"observed"
"IT",1903,"65",65,0.04015,FALSE,"observed"
"IT",1903,"66",66,0.04349,FALSE,"observed"
"IT",1903,"67",67,0.04944,FALSE,"observed"
"IT",1903,"68",68,0.05658,FALSE,"observed"
"IT",1903,"69",69,0.06359,FALSE,"observed"
"IT",1903,"70",70,0.07141,FALSE,"observed"
"IT",1903,"71",71,0.07946,FALSE,"observed"
"IT",1903,"72",72,0.08789,FALSE,"observed"
"IT",1903,"73",73,0.09614,FALSE,"observed"
"IT",1903,"74",74,0.10431,FALSE,"observed"
"IT",1903,"75",75,0.11242,FALSE,"observed"
"IT",1903,"76",76,0.12202,FALSE,"observed"
"IT",1903,"77",77,0.13492,FALSE,"observed"
"IT",1903,"78",78,0.15055,FALSE,"observed"
"IT",1903,"79",79,0.16865,FALSE,"observed"
"IT",1903,"80",80,0.16215,FALSE,"observed"
"IT",1903,"81",81,0.18161,FALSE,"observed"
"IT",1903,"82",82,0.20304,FALSE,"observed"
"IT",1903,"83",83,0.22557,FALSE,"observed"
"IT",1903,"84",84,0.24534,FALSE,"observed"
"IT",1903,"85",85,0.25559,FALSE,"observed"
"IT",1903,"86",86,0.26063,FALSE,"observed"
"IT",1903,"87",87,0.26203,FALSE,"observed"
"IT",1903,"88",88,0.25647,FALSE,"observed"
"IT",1903,"89",89,0.24781,FALSE,"observed"
"IT",1903,"90",90,0.36237,FALSE,"observed"
"IT",1903,"91",91,0.3637,FALSE,"observed"
"IT",1903,"92",92,0.35462,FALSE,"observed"
"IT",1903,"93",93,0.34617,FALSE,"observed"
"IT",1903,"94",94,0.34817,FALSE,"observed"
"IT",1903,"95",95,0.41489,FALSE,"observed"
"IT",1903,"96",96,0.43381,FALSE,"observed"
"IT",1903,"97",97,0.45276,FALSE,"observed"
"IT",1903,"98",98,0.47168,FALSE,"observed"
"IT",1903,"99",99,0.49051,FALSE,"observed"
"IT",1903,"100",100,0.5092,FALSE,"observed"
"IT",1903,"101",101,0.52769,FALSE,"observed"
"IT",1903,"102",102,0.54596,FALSE,"observed"
"IT",1903,"103",103,0.56395,FALSE,"observed"
"IT",1903,"104",104,0.58164,FALSE,"observed"
"IT",1903,"105",105,0.599,FALSE,"observed"
"IT",1903,"106",106,0.61601,FALSE,"observed"
"IT",1903,"107",107,0.63265,FALSE,"observed"
"IT",1903,"108",108,0.6489,FALSE,"observed"
"IT",1903,"109",109,0.66476,FALSE,"observed"
"IT",1903,"110+",110,0.68022,FALSE,"observed"
"IT",1904,"0",0,0.18422,FALSE,"observed"
"IT",1904,"1",1,0.05413,FALSE,"observed"
"IT",1904,"2",2,0.03881,FALSE,"observed"
"IT",1904,"3",3,0.02564,FALSE,"observed"
"IT",1904,"4",4,0.01618,FALSE,"observed"
"IT",1904,"5",5,0.01128,FALSE,"observed"
"IT",1904,"6",6,0.00743,FALSE,"observed"
"IT",1904,"7",7,0.00462,FALSE,"observed"
"IT",1904,"8",8,0.00294,FALSE,"observed"
"IT",1904,"9",9,0.00233,FALSE,"observed"
"IT",1904,"10",10,0.00262,FALSE,"observed"
"IT",1904,"11",11,0.00311,FALSE,"observed"
"IT",1904,"12",12,0.00359,FALSE,"observed"
"IT",1904,"13",13,0.00392,FALSE,"observed"
"IT",1904,"14",14,0.00416,FALSE,"observed"
"IT",1904,"15",15,0.00444,FALSE,"observed"
"IT",1904,"16",16,0.00475,FALSE,"observed"
"IT",1904,"17",17,0.0052,FALSE,"observed"
"IT",1904,"18",18,0.00562,FALSE,"observed"
"IT",1904,"19",19,0.00599,FALSE,"observed"
"IT",1904,"20",20,0.00641,FALSE,"observed"
"IT",1904,"21",21,0.00687,FALSE,"observed"
"IT",1904,"22",22,0.00729,FALSE,"observed"
"IT",1904,"23",23,0.00741,FALSE,"observed"
"IT",1904,"24",24,0.0074,FALSE,"observed"
"IT",1904,"25",25,0.00719,FALSE,"observed"
"IT",1904,"26",26,0.0069,FALSE,"observed"
"IT",1904,"27",27,0.0068,FALSE,"observed"
"IT",1904,"28",28,0.00702,FALSE,"observed"
"IT",1904,"29",29,0.00725,FALSE,"observed"
"IT",1904,"30",30,0.00726,FALSE,"observed"
"IT",1904,"31",31,0.0072,FALSE,"observed"
"IT",1904,"32",32,0.00713,FALSE,"observed"
"IT",1904,"33",33,0.00724,FALSE,"observed"
"IT",1904,"34",34,0.0074,FALSE,"observed"
"IT",1904,"35",35,0.00743,FALSE,"observed"
"IT",1904,"36",36,0.00745,FALSE,"observed"
"IT",1904,"37",37,0.00753,FALSE,"observed"
"IT",1904,"38",38,0.00781,FALSE,"observed"
"IT",1904,"39",39,0.00821,FALSE,"observed"
"IT",1904,"40",40,0.00859,FALSE,"observed"
"IT",1904,"41",41,0.00883,FALSE,"observed"
"IT",1904,"42",42,0.00888,FALSE,"observed"
"IT",1904,"43",43,0.00886,FALSE,"observed"
"IT",1904,"44",44,0.00886,FALSE,"observed"
"IT",1904,"45",45,0.00892,FALSE,"observed"
"IT",1904,"46",46,0.00923,FALSE,"observed"
"IT",1904,"47",47,0.00981,FALSE,"observed"
"IT",1904,"48",48,0.01067,FALSE,"observed"
"IT",1904,"49",49,0.01168,FALSE,"observed"
"IT",1904,"50",50,0.01267,FALSE,"observed"
"IT",1904,"51",51,0.01341,FALSE,"observed"
"IT",1904,"52",52,0.0139,FALSE,"observed"
"IT",1904,"53",53,0.01416,FALSE,"observed"
"IT",1904,"54",54,0.01435,FALSE,"observed"
"IT",1904,"55",55,0.01461,FALSE,"observed"
"IT",1904,"56",56,0.01538,FALSE,"observed"
"IT",1904,"57",57,0.01689,FALSE,"observed"
"IT",1904,"58",58,0.0191,FALSE,"observed"
"IT",1904,"59",59,0.02197,FALSE,"observed"
"IT",1904,"60",60,0.02542,FALSE,"observed"
"IT",1904,"61",61,0.02872,FALSE,"observed"
"IT",1904,"62",62,0.03164,FALSE,"observed"
"IT",1904,"63",63,0.03368,FALSE,"observed"
"IT",1904,"64",64,0.03504,FALSE,"observed"
"IT",1904,"65",65,0.03624,FALSE,"observed"
"IT",1904,"66",66,0.03846,FALSE,"observed"
"IT",1904,"67",67,0.04241,FALSE,"observed"
"IT",1904,"68",68,0.0493,FALSE,"observed"
"IT",1904,"69",69,0.05795,FALSE,"observed"
"IT",1904,"70",70,0.06672,FALSE,"observed"
"IT",1904,"71",71,0.07475,FALSE,"observed"
"IT",1904,"72",72,0.0823,FALSE,"observed"
"IT",1904,"73",73,0.08971,FALSE,"observed"
"IT",1904,"74",74,0.09611,FALSE,"observed"
"IT",1904,"75",75,0.10176,FALSE,"observed"
"IT",1904,"76",76,0.10871,FALSE,"observed"
"IT",1904,"77",77,0.11817,FALSE,"observed"
"IT",1904,"78",78,0.13209,FALSE,"observed"
"IT",1904,"79",79,0.15056,FALSE,"observed"
"IT",1904,"80",80,0.14857,FALSE,"observed"
"IT",1904,"81",81,0.16765,FALSE,"observed"
"IT",1904,"82",82,0.18797,FALSE,"observed"
"IT",1904,"83",83,0.20824,FALSE,"observed"
"IT",1904,"84",84,0.22468,FALSE,"observed"
"IT",1904,"85",85,0.23145,FALSE,"observed"
"IT",1904,"86",86,0.2339,FALSE,"observed"
"IT",1904,"87",87,0.23489,FALSE,"observed"
"IT",1904,"88",88,0.23655,FALSE,"observed"
"IT",1904,"89",89,0.24296,FALSE,"observed"
"IT",1904,"90",90,0.34986,FALSE,"observed"
"IT",1904,"91",91,0.36063,FALSE,"observed"
"IT",1904,"92",92,0.35189,FALSE,"observed"
"IT",1904,"93",93,0.32928,FALSE,"observed"
"IT",1904,"94",94,0.30886,FALSE,"observed"
"IT",1904,"95",95,0.38405,FALSE,"observed"
"IT",1904,"96",96,0.40192,FALSE,"observed"
"IT",1904,"97",97,0.41986,FALSE,"observed"
"IT",1904,"98",98,0.43781,FALSE,"observed"
"IT",1904,"99",99,0.45573,FALSE,"observed"
"IT",1904,"100",100,0.47355,FALSE,"observed"
"IT",1904,"101",101,0.49125,FALSE,"observed"
"IT",1904,"102",102,0.50877,FALSE,"observed"
"IT",1904,"103",103,0.52609,FALSE,"observed"
"IT",1904,"104",104,0.54317,FALSE,"observed"
"IT",1904,"105",105,0.56,FALSE,"observed"
"IT",1904,"106",106,0.57655,FALSE,"observed"
"IT",1904,"107",107,0.59281,FALSE,"observed"
"IT",1904,"108",108,0.60878,FALSE,"observed"
"IT",1904,"109",109,0.62443,FALSE,"observed"
"IT",1904,"110+",110,0.63978,FALSE,"observed"
"IT",1905,"0",0,0.18343,FALSE,"observed"
"IT",1905,"1",1,0.05662,FALSE,"observed"
"IT",1905,"2",2,0.03984,FALSE,"observed"
"IT",1905,"3",3,0.02674,FALSE,"observed"
"IT",1905,"4",4,0.01692,FALSE,"observed"
"IT",1905,"5",5,0.01105,FALSE,"observed"
"IT",1905,"6",6,0.00732,FALSE,"observed"
"IT",1905,"7",7,0.00436,FALSE,"observed"
"IT",1905,"8",8,0.00257,FALSE,"observed"
"IT",1905,"9",9,0.00201,FALSE,"observed"
"IT",1905,"10",10,0.00245,FALSE,"observed"
"IT",1905,"11",11,0.00301,FALSE,"observed"
"IT",1905,"12",12,0.00352,FALSE,"observed"
"IT",1905,"13",13,0.00398,FALSE,"observed"
"IT",1905,"14",14,0.00421,FALSE,"observed"
"IT",1905,"15",15,0.00433,FALSE,"observed"
"IT",1905,"16",16,0.00458,FALSE,"observed"
"IT",1905,"17",17,0.00493,FALSE,"observed"
"IT",1905,"18",18,0.00545,FALSE,"observed"
"IT",1905,"19",19,0.00599,FALSE,"observed"
"IT",1905,"20",20,0.00648,FALSE,"observed"
"IT",1905,"21",21,0.00689,FALSE,"observed"
"IT",1905,"22",22,0.00728,FALSE,"observed"
"IT",1905,"23",23,0.00756,FALSE,"observed"
"IT",1905,"24",24,0.00749,FALSE,"observed"
"IT",1905,"25",25,0.00725,FALSE,"observed"
"IT",1905,"26",26,0.00694,FALSE,"observed"
"IT",1905,"27",27,0.00665,FALSE,"observed"
"IT",1905,"28",28,0.00656,FALSE,"observed"
"IT",1905,"29",29,0.0068,FALSE,"observed"
"IT",1905,"30",30,0.00707,FALSE,"observed"
"IT",1905,"31",31,0.00712,FALSE,"observed"
"IT",1905,"32",32,0.0071,FALSE,"observed"
"IT",1905,"33",33,0.00708,FALSE,"observed"
"IT",1905,"34",34,0.00722,FALSE,"observed"
"IT",1905,"35",35,0.00742,FALSE,"observed"
"IT",1905,"36",36,0.00754,FALSE,"observed"
"IT",1905,"37",37,0.00765,FALSE,"observed"
"IT",1905,"38",38,0.00785,FALSE,"observed"
"IT",1905,"39",39,0.00825,FALSE,"observed"
"IT",1905,"40",40,0.00876,FALSE,"observed"
"IT",1905,"41",41,0.00914,FALSE,"observed"
"IT",1905,"42",42,0.00931,FALSE,"observed"
"IT",1905,"43",43,0.00925,FALSE,"observed"
"IT",1905,"44",44,0.00911,FALSE,"observed"
"IT",1905,"45",45,0.00902,FALSE,"observed"
"IT",1905,"46",46,0.00923,FALSE,"observed"
"IT",1905,"47",47,0.00978,FALSE,"observed"
"IT",1905,"48",48,0.01065,FALSE,"observed"
"IT",1905,"49",49,0.01187,FALSE,"observed"
"IT",1905,"50",50,0.01318,FALSE,"observed"
"IT",1905,"51",51,0.01412,FALSE,"observed"
"IT",1905,"52",52,0.01472,FALSE,"observed"
"IT",1905,"53",53,0.01505,FALSE,"observed"
"IT",1905,"54",54,0.01513,FALSE,"observed"
"IT",1905,"55",55,0.01528,FALSE,"observed"
"IT",1905,"56",56,0.01604,FALSE,"observed"
"IT",1905,"57",57,0.0175,FALSE,"observed"
"IT",1905,"58",58,0.01981,FALSE,"observed"
"IT",1905,"59",59,0.02291,FALSE,"observed"
"IT",1905,"60",60,0.02655,FALSE,"observed"
"IT",1905,"61",61,0.02996,FALSE,"observed"
"IT",1905,"62",62,0.03305,FALSE,"observed"
"IT",1905,"63",63,0.03577,FALSE,"observed"
"IT",1905,"64",64,0.03758,FALSE,"observed"
"IT",1905,"65",65,0.03897,FALSE,"observed"
"IT",1905,"66",66,0.04135,FALSE,"observed"
"IT",1905,"67",67,0.04521,FALSE,"observed"
"IT",1905,"68",68,0.05116,FALSE,"observed"
"IT",1905,"69",69,0.06064,FALSE,"observed"
"IT",1905,"70",70,0.07181,FALSE,"observed"
"IT",1905,"71",71,0.08124,FALSE,"observed"
"IT",1905,"72",72,0.08929,FALSE,"observed"
"IT",1905,"73",73,0.09686,FALSE,"observed"
"IT",1905,"74",74,0.10428,FALSE,"observed"
"IT",1905,"75",75,0.11082,FALSE,"observed"
"IT",1905,"76",76,0.11858,FALSE,"observed"
"IT",1905,"77",77,0.12855,FALSE,"observed"
"IT",1905,"78",78,0.14181,FALSE,"observed"
"IT",1905,"79",79,0.16105,FALSE,"observed"
"IT",1905,"80",80,0.16205,FALSE,"observed"
"IT",1905,"81",81,0.1815,FALSE,"observed"
"IT",1905,"82",82,0.2024,FALSE,"observed"
"IT",1905,"83",83,0.2238,FALSE,"observed"
"IT",1905,"84",84,0.2423,FALSE,"observed"
"IT",1905,"85",85,0.25337,FALSE,"observed"
"IT",1905,"86",86,0.26222,FALSE,"observed"
"IT",1905,"87",87,0.27149,FALSE,"observed"
"IT",1905,"88",88,0.28246,FALSE,"observed"
"IT",1905,"89",89,0.30046,FALSE,"observed"
"IT",1905,"90",90,0.3349,FALSE,"observed"
"IT",1905,"91",91,0.37221,FALSE,"observed"
"IT",1905,"92",92,0.4011,FALSE,"observed"
"IT",1905,"93",93,0.41561,FALSE,"observed"
"IT",1905,"94",94,0.42067,FALSE,"observed"
"IT",1905,"95",95,0.45418,FALSE,"observed"
"IT",1905,"96",96,0.47656,FALSE,"observed"
"IT",1905,"97",97,0.49888,FALSE,"observed"
"IT",1905,"98",98,0.52104,FALSE,"observed"
"IT",1905,"99",99,0.54295,FALSE,"observed"
"IT",1905,"100",100,0.56453,FALSE,"observed"
"IT",1905,"101",101,0.58573,FALSE,"observed"
"IT",1905,"102",102,0.60646,FALSE,"observed"
"IT",1905,"103",103,0.62669,FALSE,"observed"
"IT",1905,"104",104,0.64636,FALSE,"observed"
"IT",1905,"105",105,0.66544,FALSE,"observed"
"IT",1905,"106",106,0.68391,FALSE,"observed"
"IT",1905,"107",107,0.70173,FALSE,"observed"
"IT",1905,"108",108,0.71891,FALSE,"observed"
"IT",1905,"109",109,0.73542,FALSE,"observed"
"IT",1905,"110+",110,0.75127,FALSE,"observed"
"IT",1906,"0",0,0.17762,FALSE,"observed"
"IT",1906,"1",1,0.07524,FALSE,"observed"
"IT",1906,"2",2,0.03199,FALSE,"observed"
"IT",1906,"3",3,0.01748,FALSE,"observed"
"IT",1906,"4",4,0.01184,FALSE,"observed"
"IT",1906,"5",5,0.00786,FALSE,"observed"
"IT",1906,"6",6,0.00621,FALSE,"observed"
"IT",1906,"7",7,0.00483,FALSE,"observed"
"IT",1906,"8",8,0.00402,FALSE,"observed"
"IT",1906,"9",9,0.00358,FALSE,"observed"
"IT",1906,"10",10,0.00329,FALSE,"observed"
"IT",1906,"11",11,0.00303,FALSE,"observed"
"IT",1906,"12",12,0.00301,FALSE,"observed"
"IT",1906,"13",13,0.0031,FALSE,"observed"
"IT",1906,"14",14,0.00359,FALSE,"observed"
"IT",1906,"15",15,0.00402,FALSE,"observed"
"IT",1906,"16",16,0.00438,FALSE,"observed"
"IT",1906,"17",17,0.00481,FALSE,"observed"
"IT",1906,"18",18,0.00526,FALSE,"observed"
"IT",1906,"19",19,0.0058,FALSE,"observed"
"IT",1906,"20",20,0.00623,FALSE,"observed"
"IT",1906,"21",21,0.00646,FALSE,"observed"
"IT",1906,"22",22,0.00662,FALSE,"observed"
"IT",1906,"23",23,0.00678,FALSE,"observed"
"IT",1906,"24",24,0.00687,FALSE,"observed"
"IT",1906,"25",25,0.00672,FALSE,"observed"
"IT",1906,"26",26,0.00656,FALSE,"observed"
"IT",1906,"27",27,0.00638,FALSE,"observed"
"IT",1906,"28",28,0.00624,FALSE,"observed"
"IT",1906,"29",29,0.00628,FALSE,"observed"
"IT",1906,"30",30,0.00661,FALSE,"observed"
"IT",1906,"31",31,0.00689,FALSE,"observed"
"IT",1906,"32",32,0.00693,FALSE,"observed"
"IT",1906,"33",33,0.00688,FALSE,"observed"
"IT",1906,"34",34,0.00681,FALSE,"observed"
"IT",1906,"35",35,0.00687,FALSE,"observed"
"IT",1906,"36",36,0.00702,FALSE,"observed"
"IT",1906,"37",37,0.00713,FALSE,"observed"
"IT",1906,"38",38,0.00726,FALSE,"observed"
"IT",1906,"39",39,0.00749,FALSE,"observed"
"IT",1906,"40",40,0.00791,FALSE,"observed"
"IT",1906,"41",41,0.00833,FALSE,"observed"
"IT",1906,"42",42,0.00862,FALSE,"observed"
"IT",1906,"43",43,0.00873,FALSE,"observed"
"IT",1906,"44",44,0.00866,FALSE,"observed"
"IT",1906,"45",45,0.00857,FALSE,"observed"
"IT",1906,"46",46,0.00873,FALSE,"observed"
"IT",1906,"47",47,0.00918,FALSE,"observed"
"IT",1906,"48",48,0.00992,FALSE,"observed"
"IT",1906,"49",49,0.01093,FALSE,"observed"
"IT",1906,"50",50,0.01217,FALSE,"observed"
"IT",1906,"51",51,0.01318,FALSE,"observed"
"IT",1906,"52",52,0.0138,FALSE,"observed"
"IT",1906,"53",53,0.01415,FALSE,"observed"
"IT",1906,"54",54,0.01431,FALSE,"observed"
"IT",1906,"55",55,0.0144,FALSE,"observed"
"IT",1906,"56",56,0.01504,FALSE,"observed"
"IT",1906,"57",57,0.01639,FALSE,"observed"
"IT",1906,"58",58,0.01842,FALSE,"observed"
"IT",1906,"59",59,0.02128,FALSE,"observed"
"IT",1906,"60",60,0.02478,FALSE,"observed"
"IT",1906,"61",61,0.02804,FALSE,"observed"
"IT",1906,"62",62,0.03088,FALSE,"observed"
"IT",1906,"63",63,0.03342,FALSE,"observed"
"IT",1906,"64",64,0.03558,FALSE,"observed"
"IT",1906,"65",65,0.03706,FALSE,"observed"
"IT",1906,"66",66,0.03907,FALSE,"observed"
"IT",1906,"67",67,0.0423,FALSE,"observed"
"IT",1906,"68",68,0.04708,FALSE,"observed"
"IT",1906,"69",69,0.05411,FALSE,"observed"
"IT",1906,"70",70,0.06447,FALSE,"observed"
"IT",1906,"71",71,0.07493,FALSE,"observed"
"IT",1906,"72",72,0.0832,FALSE,"observed"
"IT",1906,"73",73,0.09,FALSE,"observed"
"IT",1906,"74",74,0.0963,FALSE,"observed"
"IT",1906,"75",75,0.10274,FALSE,"observed"
"IT",1906,"76",76,0.11008,FALSE,"observed"
"IT",1906,"77",77,0.11925,FALSE,"observed"
"IT",1906,"78",78,0.13098,FALSE,"observed"
"IT",1906,"79",79,0.1467,FALSE,"observed"
"IT",1906,"80",80,0.15152,FALSE,"observed"
"IT",1906,"81",81,0.16938,FALSE,"observed"
"IT",1906,"82",82,0.18823,FALSE,"observed"
"IT",1906,"83",83,0.20744,FALSE,"observed"
"IT",1906,"84",84,0.22432,FALSE,"observed"
"IT",1906,"85",85,0.23499,FALSE,"observed"
"IT",1906,"86",86,0.24392,FALSE,"observed"
"IT",1906,"87",87,0.25347,FALSE,"observed"
"IT",1906,"88",88,0.26419,FALSE,"observed"
"IT",1906,"89",89,0.27889,FALSE,"observed"
"IT",1906,"90",90,0.30317,FALSE,"observed"
"IT",1906,"91",91,0.3278,FALSE,"observed"
"IT",1906,"92",92,0.34352,FALSE,"observed"
"IT",1906,"93",93,0.34419,FALSE,"observed"
"IT",1906,"94",94,0.33817,FALSE,"observed"
"IT",1906,"95",95,0.40559,FALSE,"observed"
"IT",1906,"96",96,0.42532,FALSE,"observed"
"IT",1906,"97",97,0.44512,FALSE,"observed"
"IT",1906,"98",98,0.46492,FALSE,"observed"
"IT",1906,"99",99,0.48466,FALSE,"observed"
"IT",1906,"100",100,0.50428,FALSE,"observed"
"IT",1906,"101",101,0.52371,FALSE,"observed"
"IT",1906,"102",102,0.54292,FALSE,"observed"
"IT",1906,"103",103,0.56185,FALSE,"observed"
"IT",1906,"104",104,0.58046,FALSE,"observed"
"IT",1906,"105",105,0.59873,FALSE,"observed"
"IT",1906,"106",106,0.61662,FALSE,"observed"
"IT",1906,"107",107,0.63412,FALSE,"observed"
"IT",1906,"108",108,0.6512,FALSE,"observed"
"IT",1906,"109",109,0.66785,FALSE,"observed"
"IT",1906,"110+",110,0.68405,FALSE,"observed"
"IT",1907,"0",0,0.17115,FALSE,"observed"
"IT",1907,"1",1,0.06928,FALSE,"observed"
"IT",1907,"2",2,0.02959,FALSE,"observed"
"IT",1907,"3",3,0.01678,FALSE,"observed"
"IT",1907,"4",4,0.01151,FALSE,"observed"
"IT",1907,"5",5,0.00805,FALSE,"observed"
"IT",1907,"6",6,0.00638,FALSE,"observed"
"IT",1907,"7",7,0.00474,FALSE,"observed"
"IT",1907,"8",8,0.00403,FALSE,"observed"
"IT",1907,"9",9,0.0035,FALSE,"observed"
"IT",1907,"10",10,0.00327,FALSE,"observed"
"IT",1907,"11",11,0.00298,FALSE,"observed"
"IT",1907,"12",12,0.00312,FALSE,"observed"
"IT",1907,"13",13,0.00308,FALSE,"observed"
"IT",1907,"14",14,0.00362,FALSE,"observed"
"IT",1907,"15",15,0.00413,FALSE,"observed"
"IT",1907,"16",16,0.00445,FALSE,"observed"
"IT",1907,"17",17,0.00475,FALSE,"observed"
"IT",1907,"18",18,0.00516,FALSE,"observed"
"IT",1907,"19",19,0.00565,FALSE,"observed"
"IT",1907,"20",20,0.00623,FALSE,"observed"
"IT",1907,"21",21,0.00662,FALSE,"observed"
"IT",1907,"22",22,0.00677,FALSE,"observed"
"IT",1907,"23",23,0.00682,FALSE,"observed"
"IT",1907,"24",24,0.00681,FALSE,"observed"
"IT",1907,"25",25,0.00674,FALSE,"observed"
"IT",1907,"26",26,0.00659,FALSE,"observed"
"IT",1907,"27",27,0.00648,FALSE,"observed"
"IT",1907,"28",28,0.00639,FALSE,"observed"
"IT",1907,"29",29,0.00638,FALSE,"observed"
"IT",1907,"30",30,0.00657,FALSE,"observed"
"IT",1907,"31",31,0.00696,FALSE,"observed"
"IT",1907,"32",32,0.00725,FALSE,"observed"
"IT",1907,"33",33,0.00729,FALSE,"observed"
"IT",1907,"34",34,0.0072,FALSE,"observed"
"IT",1907,"35",35,0.00708,FALSE,"observed"
"IT",1907,"36",36,0.00717,FALSE,"observed"
"IT",1907,"37",37,0.0074,FALSE,"observed"
"IT",1907,"38",38,0.00762,FALSE,"observed"
"IT",1907,"39",39,0.00788,FALSE,"observed"
"IT",1907,"40",40,0.00825,FALSE,"observed"
"IT",1907,"41",41,0.00868,FALSE,"observed"
"IT",1907,"42",42,0.00905,FALSE,"observed"
"IT",1907,"43",43,0.00924,FALSE,"observed"
"IT",1907,"44",44,0.00921,FALSE,"observed"
"IT",1907,"45",45,0.00901,FALSE,"observed"
"IT",1907,"46",46,0.00897,FALSE,"observed"
"IT",1907,"47",47,0.00925,FALSE,"observed"
"IT",1907,"48",48,0.00988,FALSE,"observed"
"IT",1907,"49",49,0.01084,FALSE,"observed"
"IT",1907,"50",50,0.01207,FALSE,"observed"
"IT",1907,"51",51,0.01333,FALSE,"observed"
"IT",1907,"52",52,0.0143,FALSE,"observed"
"IT",1907,"53",53,0.01486,FALSE,"observed"
"IT",1907,"54",54,0.01517,FALSE,"observed"
"IT",1907,"55",55,0.01539,FALSE,"observed"
"IT",1907,"56",56,0.01595,FALSE,"observed"
"IT",1907,"57",57,0.01719,FALSE,"observed"
"IT",1907,"58",58,0.01919,FALSE,"observed"
"IT",1907,"59",59,0.02192,FALSE,"observed"
"IT",1907,"60",60,0.02542,FALSE,"observed"
"IT",1907,"61",61,0.02893,FALSE,"observed"
"IT",1907,"62",62,0.03199,FALSE,"observed"
"IT",1907,"63",63,0.03456,FALSE,"observed"
"IT",1907,"64",64,0.03682,FALSE,"observed"
"IT",1907,"65",65,0.03886,FALSE,"observed"
"IT",1907,"66",66,0.04116,FALSE,"observed"
"IT",1907,"67",67,0.04443,FALSE,"observed"
"IT",1907,"68",68,0.04928,FALSE,"observed"
"IT",1907,"69",69,0.05622,FALSE,"observed"
"IT",1907,"70",70,0.06581,FALSE,"observed"
"IT",1907,"71",71,0.07771,FALSE,"observed"
"IT",1907,"72",72,0.08882,FALSE,"observed"
"IT",1907,"73",73,0.09693,FALSE,"observed"
"IT",1907,"74",74,0.10262,FALSE,"observed"
"IT",1907,"75",75,0.10751,FALSE,"observed"
"IT",1907,"76",76,0.11436,FALSE,"observed"
"IT",1907,"77",77,0.12315,FALSE,"observed"
"IT",1907,"78",78,0.13471,FALSE,"observed"
"IT",1907,"79",79,0.15027,FALSE,"observed"
"IT",1907,"80",80,0.158,FALSE,"observed"
"IT",1907,"81",81,0.17762,FALSE,"observed"
"IT",1907,"82",82,0.19801,FALSE,"observed"
"IT",1907,"83",83,0.2182,FALSE,"observed"
"IT",1907,"84",84,0.23571,FALSE,"observed"
"IT",1907,"85",85,0.24688,FALSE,"observed"
"IT",1907,"86",86,0.25592,FALSE,"observed"
"IT",1907,"87",87,0.26528,FALSE,"observed"
"IT",1907,"88",88,0.27556,FALSE,"observed"
"IT",1907,"89",89,0.28854,FALSE,"observed"
"IT",1907,"90",90,0.3079,FALSE,"observed"
"IT",1907,"91",91,0.32677,FALSE,"observed"
"IT",1907,"92",92,0.33844,FALSE,"observed"
"IT",1907,"93",93,0.33785,FALSE,"observed"
"IT",1907,"94",94,0.33553,FALSE,"observed"
"IT",1907,"95",95,0.41637,FALSE,"observed"
"IT",1907,"96",96,0.43593,FALSE,"observed"
"IT",1907,"97",97,0.45551,FALSE,"observed"
"IT",1907,"98",98,0.47505,FALSE,"observed"
"IT",1907,"99",99,0.49448,FALSE,"observed"
"IT",1907,"100",100,0.51374,FALSE,"observed"
"IT",1907,"101",101,0.5328,FALSE,"observed"
"IT",1907,"102",102,0.55159,FALSE,"observed"
"IT",1907,"103",103,0.5701,FALSE,"observed"
"IT",1907,"104",104,0.58828,FALSE,"observed"
"IT",1907,"105",105,0.60611,FALSE,"observed"
"IT",1907,"106",106,0.62357,FALSE,"observed"
"IT",1907,"107",107,0.64065,FALSE,"observed"
"IT",1907,"108",108,0.65732,FALSE,"observed"
"IT",1907,"109",109,0.67359,FALSE,"observed"
"IT",1907,"110+",110,0.68943,FALSE,"observed"
"IT",1908,"0",0,0.19082,FALSE,"observed"
"IT",1908,"1",1,0.07401,FALSE,"observed"
"IT",1908,"2",2,0.03324,FALSE,"observed"
"IT",1908,"3",3,0.01902,FALSE,"observed"
"IT",1908,"4",4,0.01361,FALSE,"observed"
"IT",1908,"5",5,0.00923,FALSE,"observed"
"IT",1908,"6",6,0.00705,FALSE,"observed"
"IT",1908,"7",7,0.0054,FALSE,"observed"
"IT",1908,"8",8,0.00448,FALSE,"observed"
"IT",1908,"9",9,0.00385,FALSE,"observed"
"IT",1908,"10",10,0.00362,FALSE,"observed"
"IT",1908,"11",11,0.00324,FALSE,"observed"
"IT",1908,"12",12,0.00337,FALSE,"observed"
"IT",1908,"13",13,0.0035,FALSE,"observed"
"IT",1908,"14",14,0.00387,FALSE,"observed"
"IT",1908,"15",15,0.00441,FALSE,"observed"
"IT",1908,"16",16,0.00497,FALSE,"observed"
"IT",1908,"17",17,0.00535,FALSE,"observed"
"IT",1908,"18",18,0.0057,FALSE,"observed"
"IT",1908,"19",19,0.0062,FALSE,"observed"
"IT",1908,"20",20,0.00677,FALSE,"observed"
"IT",1908,"21",21,0.00733,FALSE,"observed"
"IT",1908,"22",22,0.00762,FALSE,"observed"
"IT",1908,"23",23,0.00763,FALSE,"observed"
"IT",1908,"24",24,0.00751,FALSE,"observed"
"IT",1908,"25",25,0.00735,FALSE,"observed"
"IT",1908,"26",26,0.00728,FALSE,"observed"
"IT",1908,"27",27,0.00723,FALSE,"observed"
"IT",1908,"28",28,0.00721,FALSE,"observed"
"IT",1908,"29",29,0.0072,FALSE,"observed"
"IT",1908,"30",30,0.00729,FALSE,"observed"
"IT",1908,"31",31,0.00751,FALSE,"observed"
"IT",1908,"32",32,0.00787,FALSE,"observed"
"IT",1908,"33",33,0.0081,FALSE,"observed"
"IT",1908,"34",34,0.00805,FALSE,"observed"
"IT",1908,"35",35,0.00788,FALSE,"observed"
"IT",1908,"36",36,0.00779,FALSE,"observed"
"IT",1908,"37",37,0.00796,FALSE,"observed"
"IT",1908,"38",38,0.00825,FALSE,"observed"
"IT",1908,"39",39,0.00852,FALSE,"observed"
"IT",1908,"40",40,0.0088,FALSE,"observed"
"IT",1908,"41",41,0.00908,FALSE,"observed"
"IT",1908,"42",42,0.00944,FALSE,"observed"
"IT",1908,"43",43,0.00977,FALSE,"observed"
"IT",1908,"44",44,0.00996,FALSE,"observed"
"IT",1908,"45",45,0.01,FALSE,"observed"
"IT",1908,"46",46,0.01005,FALSE,"observed"
"IT",1908,"47",47,0.01026,FALSE,"observed"
"IT",1908,"48",48,0.01078,FALSE,"observed"
"IT",1908,"49",49,0.01166,FALSE,"observed"
"IT",1908,"50",50,0.01281,FALSE,"observed"
"IT",1908,"51",51,0.01403,FALSE,"observed"
"IT",1908,"52",52,0.01524,FALSE,"observed"
"IT",1908,"53",53,0.01613,FALSE,"observed"
"IT",1908,"54",54,0.01658,FALSE,"observed"
"IT",1908,"55",55,0.0169,FALSE,"observed"
"IT",1908,"56",56,0.01754,FALSE,"observed"
"IT",1908,"57",57,0.01865,FALSE,"observed"
"IT",1908,"58",58,0.02052,FALSE,"observed"
"IT",1908,"59",59,0.02328,FALSE,"observed"
"IT",1908,"60",60,0.02675,FALSE,"observed"
"IT",1908,"61",61,0.03047,FALSE,"observed"
"IT",1908,"62",62,0.0341,FALSE,"observed"
"IT",1908,"63",63,0.03725,FALSE,"observed"
"IT",1908,"64",64,0.03987,FALSE,"observed"
"IT",1908,"65",65,0.04241,FALSE,"observed"
"IT",1908,"66",66,0.04559,FALSE,"observed"
"IT",1908,"67",67,0.04924,FALSE,"observed"
"IT",1908,"68",68,0.05401,FALSE,"observed"
"IT",1908,"69",69,0.06063,FALSE,"observed"
"IT",1908,"70",70,0.06944,FALSE,"observed"
"IT",1908,"71",71,0.07988,FALSE,"observed"
"IT",1908,"72",72,0.09241,FALSE,"observed"
"IT",1908,"73",73,0.1036,FALSE,"observed"
"IT",1908,"74",74,0.11112,FALSE,"observed"
"IT",1908,"75",75,0.11599,FALSE,"observed"
"IT",1908,"76",76,0.12233,FALSE,"observed"
"IT",1908,"77",77,0.13197,FALSE,"observed"
"IT",1908,"78",78,0.1444,FALSE,"observed"
"IT",1908,"79",79,0.16069,FALSE,"observed"
"IT",1908,"80",80,0.16946,FALSE,"observed"
"IT",1908,"81",81,0.19075,FALSE,"observed"
"IT",1908,"82",82,0.21292,FALSE,"observed"
"IT",1908,"83",83,0.23461,FALSE,"observed"
"IT",1908,"84",84,0.25279,FALSE,"observed"
"IT",1908,"85",85,0.26411,FALSE,"observed"
"IT",1908,"86",86,0.27304,FALSE,"observed"
"IT",1908,"87",87,0.28174,FALSE,"observed"
"IT",1908,"88",88,0.29112,FALSE,"observed"
"IT",1908,"89",89,0.30348,FALSE,"observed"
"IT",1908,"90",90,0.32235,FALSE,"observed"
"IT",1908,"91",91,0.3413,FALSE,"observed"
"IT",1908,"92",92,0.35558,FALSE,"observed"
"IT",1908,"93",93,0.36105,FALSE,"observed"
"IT",1908,"94",94,0.36468,FALSE,"observed"
"IT",1908,"95",95,0.43621,FALSE,"observed"
"IT",1908,"96",96,0.4565,FALSE,"observed"
"IT",1908,"97",97,0.47691,FALSE,"observed"
"IT",1908,"98",98,0.49735,FALSE,"observed"
"IT",1908,"99",99,0.51777,FALSE,"observed"
"IT",1908,"100",100,0.5381,FALSE,"observed"
"IT",1908,"101",101,0.55828,FALSE,"observed"
"IT",1908,"102",102,0.57825,FALSE,"observed"
"IT",1908,"103",103,0.59794,FALSE,"observed"
"IT",1908,"104",104,0.61732,FALSE,"observed"
"IT",1908,"105",105,0.63632,FALSE,"observed"
"IT",1908,"106",106,0.6549,FALSE,"observed"
"IT",1908,"107",107,0.67302,FALSE,"observed"
"IT",1908,"108",108,0.69065,FALSE,"observed"
"IT",1908,"109",109,0.70775,FALSE,"observed"
"IT",1908,"110+",110,0.7243,FALSE,"observed"
"IT",1909,"0",0,0.17017,FALSE,"observed"
"IT",1909,"1",1,0.07334,FALSE,"observed"
"IT",1909,"2",2,0.03154,FALSE,"observed"
"IT",1909,"3",3,0.01802,FALSE,"observed"
"IT",1909,"4",4,0.01212,FALSE,"observed"
"IT",1909,"5",5,0.00856,FALSE,"observed"
"IT",1909,"6",6,0.00657,FALSE,"observed"
"IT",1909,"7",7,0.00503,FALSE,"observed"
"IT",1909,"8",8,0.00429,FALSE,"observed"
"IT",1909,"9",9,0.00345,FALSE,"observed"
"IT",1909,"10",10,0.00326,FALSE,"observed"
"IT",1909,"11",11,0.0031,FALSE,"observed"
"IT",1909,"12",12,0.00318,FALSE,"observed"
"IT",1909,"13",13,0.00303,FALSE,"observed"
"IT",1909,"14",14,0.00344,FALSE,"observed"
"IT",1909,"15",15,0.00395,FALSE,"observed"
"IT",1909,"16",16,0.00449,FALSE,"observed"
"IT",1909,"17",17,0.00504,FALSE,"observed"
"IT",1909,"18",18,0.00538,FALSE,"observed"
"IT",1909,"19",19,0.00569,FALSE,"observed"
"IT",1909,"20",20,0.00614,FALSE,"observed"
"IT",1909,"21",21,0.00659,FALSE,"observed"
"IT",1909,"22",22,0.00701,FALSE,"observed"
"IT",1909,"23",23,0.00714,FALSE,"observed"
"IT",1909,"24",24,0.00702,FALSE,"observed"
"IT",1909,"25",25,0.00679,FALSE,"observed"
"IT",1909,"26",26,0.00668,FALSE,"observed"
"IT",1909,"27",27,0.00672,FALSE,"observed"
"IT",1909,"28",28,0.00678,FALSE,"observed"
"IT",1909,"29",29,0.00686,FALSE,"observed"
"IT",1909,"30",30,0.00691,FALSE,"observed"
"IT",1909,"31",31,0.00698,FALSE,"observed"
"IT",1909,"32",32,0.00714,FALSE,"observed"
"IT",1909,"33",33,0.00742,FALSE,"observed"
"IT",1909,"34",34,0.00756,FALSE,"observed"
"IT",1909,"35",35,0.00751,FALSE,"observed"
"IT",1909,"36",36,0.00744,FALSE,"observed"
"IT",1909,"37",37,0.00748,FALSE,"observed"
"IT",1909,"38",38,0.00775,FALSE,"observed"
"IT",1909,"39",39,0.00813,FALSE,"observed"
"IT",1909,"40",40,0.00847,FALSE,"observed"
"IT",1909,"41",41,0.00869,FALSE,"observed"
"IT",1909,"42",42,0.00887,FALSE,"observed"
"IT",1909,"43",43,0.00911,FALSE,"observed"
"IT",1909,"44",44,0.00931,FALSE,"observed"
"IT",1909,"45",45,0.00941,FALSE,"observed"
"IT",1909,"46",46,0.00955,FALSE,"observed"
"IT",1909,"47",47,0.00979,FALSE,"observed"
"IT",1909,"48",48,0.01024,FALSE,"observed"
"IT",1909,"49",49,0.01105,FALSE,"observed"
"IT",1909,"50",50,0.01224,FALSE,"observed"
"IT",1909,"51",51,0.0135,FALSE,"observed"
"IT",1909,"52",52,0.01475,FALSE,"observed"
"IT",1909,"53",53,0.01595,FALSE,"observed"
"IT",1909,"54",54,0.01675,FALSE,"observed"
"IT",1909,"55",55,0.01712,FALSE,"observed"
"IT",1909,"56",56,0.0177,FALSE,"observed"
"IT",1909,"57",57,0.01866,FALSE,"observed"
"IT",1909,"58",58,0.02006,FALSE,"observed"
"IT",1909,"59",59,0.02224,FALSE,"observed"
"IT",1909,"60",60,0.0252,FALSE,"observed"
"IT",1909,"61",61,0.02837,FALSE,"observed"
"IT",1909,"62",62,0.03175,FALSE,"observed"
"IT",1909,"63",63,0.03514,FALSE,"observed"
"IT",1909,"64",64,0.03812,FALSE,"observed"
"IT",1909,"65",65,0.0408,FALSE,"observed"
"IT",1909,"66",66,0.04422,FALSE,"observed"
"IT",1909,"67",67,0.04855,FALSE,"observed"
"IT",1909,"68",68,0.05346,FALSE,"observed"
"IT",1909,"69",69,0.05971,FALSE,"observed"
"IT",1909,"70",70,0.06779,FALSE,"observed"
"IT",1909,"71",71,0.07696,FALSE,"observed"
"IT",1909,"72",72,0.08759,FALSE,"observed"
"IT",1909,"73",73,0.10008,FALSE,"observed"
"IT",1909,"74",74,0.11047,FALSE,"observed"
"IT",1909,"75",75,0.11701,FALSE,"observed"
"IT",1909,"76",76,0.12253,FALSE,"observed"
"IT",1909,"77",77,0.13044,FALSE,"observed"
"IT",1909,"78",78,0.14234,FALSE,"observed"
"IT",1909,"79",79,0.15773,FALSE,"observed"
"IT",1909,"80",80,0.16489,FALSE,"observed"
"IT",1909,"81",81,0.1853,FALSE,"observed"
"IT",1909,"82",82,0.20679,FALSE,"observed"
"IT",1909,"83",83,0.22829,FALSE,"observed"
"IT",1909,"84",84,0.24679,FALSE,"observed"
"IT",1909,"85",85,0.25888,FALSE,"observed"
"IT",1909,"86",86,0.26867,FALSE,"observed"
"IT",1909,"87",87,0.27818,FALSE,"observed"
"IT",1909,"88",88,0.28762,FALSE,"observed"
"IT",1909,"89",89,0.29897,FALSE,"observed"
"IT",1909,"90",90,0.31558,FALSE,"observed"
"IT",1909,"91",91,0.33308,FALSE,"observed"
"IT",1909,"92",92,0.34881,FALSE,"observed"
"IT",1909,"93",93,0.36312,FALSE,"observed"
"IT",1909,"94",94,0.38684,FALSE,"observed"
"IT",1909,"95",95,0.44039,FALSE,"observed"
"IT",1909,"96",96,0.46124,FALSE,"observed"
"IT",1909,"97",97,0.48209,FALSE,"observed"
"IT",1909,"98",98,0.50286,FALSE,"observed"
"IT",1909,"99",99,0.52347,FALSE,"observed"
"IT",1909,"100",100,0.54387,FALSE,"observed"
"IT",1909,"101",101,0.564,FALSE,"observed"
"IT",1909,"102",102,0.5838,FALSE,"observed"
"IT",1909,"103",103,0.60322,FALSE,"observed"
"IT",1909,"104",104,0.62223,FALSE,"observed"
"IT",1909,"105",105,0.6408,FALSE,"observed"
"IT",1909,"106",106,0.65889,FALSE,"observed"
"IT",1909,"107",107,0.67649,FALSE,"observed"
"IT",1909,"108",108,0.69357,FALSE,"observed"
"IT",1909,"109",109,0.71013,FALSE,"observed"
"IT",1909,"110+",110,0.72614,FALSE,"observed"
"IT",1910,"0",0,0.16112,FALSE,"observed"
"IT",1910,"1",1,0.06506,FALSE,"observed"
"IT",1910,"2",2,0.03017,FALSE,"observed"
"IT",1910,"3",3,0.01649,FALSE,"observed"
"IT",1910,"4",4,0.01122,FALSE,"observed"
"IT",1910,"5",5,0.00767,FALSE,"observed"
"IT",1910,"6",6,0.00604,FALSE,"observed"
"IT",1910,"7",7,0.00455,FALSE,"observed"
"IT",1910,"8",8,0.00377,FALSE,"observed"
"IT",1910,"9",9,0.00323,FALSE,"observed"
"IT",1910,"10",10,0.00295,FALSE,"observed"
"IT",1910,"11",11,0.00277,FALSE,"observed"
"IT",1910,"12",12,0.00284,FALSE,"observed"
"IT",1910,"13",13,0.00279,FALSE,"observed"
"IT",1910,"14",14,0.00327,FALSE,"observed"
"IT",1910,"15",15,0.00373,FALSE,"observed"
"IT",1910,"16",16,0.00413,FALSE,"observed"
"IT",1910,"17",17,0.0046,FALSE,"observed"
"IT",1910,"18",18,0.00509,FALSE,"observed"
"IT",1910,"19",19,0.00538,FALSE,"observed"
"IT",1910,"20",20,0.00565,FALSE,"observed"
"IT",1910,"21",21,0.006,FALSE,"observed"
"IT",1910,"22",22,0.00636,FALSE,"observed"
"IT",1910,"23",23,0.00667,FALSE,"observed"
"IT",1910,"24",24,0.00669,FALSE,"observed"
"IT",1910,"25",25,0.0065,FALSE,"observed"
"IT",1910,"26",26,0.00634,FALSE,"observed"
"IT",1910,"27",27,0.00632,FALSE,"observed"
"IT",1910,"28",28,0.0064,FALSE,"observed"
"IT",1910,"29",29,0.00651,FALSE,"observed"
"IT",1910,"30",30,0.00657,FALSE,"observed"
"IT",1910,"31",31,0.00653,FALSE,"observed"
"IT",1910,"32",32,0.00653,FALSE,"observed"
"IT",1910,"33",33,0.00666,FALSE,"observed"
"IT",1910,"34",34,0.00691,FALSE,"observed"
"IT",1910,"35",35,0.00706,FALSE,"observed"
"IT",1910,"36",36,0.00712,FALSE,"observed"
"IT",1910,"37",37,0.00715,FALSE,"observed"
"IT",1910,"38",38,0.00723,FALSE,"observed"
"IT",1910,"39",39,0.00748,FALSE,"observed"
"IT",1910,"40",40,0.00776,FALSE,"observed"
"IT",1910,"41",41,0.00794,FALSE,"observed"
"IT",1910,"42",42,0.00805,FALSE,"observed"
"IT",1910,"43",43,0.0082,FALSE,"observed"
"IT",1910,"44",44,0.00847,FALSE,"observed"
"IT",1910,"45",45,0.00878,FALSE,"observed"
"IT",1910,"46",46,0.00912,FALSE,"observed"
"IT",1910,"47",47,0.00947,FALSE,"observed"
"IT",1910,"48",48,0.00982,FALSE,"observed"
"IT",1910,"49",49,0.01028,FALSE,"observed"
"IT",1910,"50",50,0.01099,FALSE,"observed"
"IT",1910,"51",51,0.01188,FALSE,"observed"
"IT",1910,"52",52,0.01284,FALSE,"observed"
"IT",1910,"53",53,0.01385,FALSE,"observed"
"IT",1910,"54",54,0.01487,FALSE,"observed"
"IT",1910,"55",55,0.01564,FALSE,"observed"
"IT",1910,"56",56,0.01635,FALSE,"observed"
"IT",1910,"57",57,0.01732,FALSE,"observed"
"IT",1910,"58",58,0.01861,FALSE,"observed"
"IT",1910,"59",59,0.02027,FALSE,"observed"
"IT",1910,"60",60,0.02259,FALSE,"observed"
"IT",1910,"61",61,0.02526,FALSE,"observed"
"IT",1910,"62",62,0.02809,FALSE,"observed"
"IT",1910,"63",63,0.0312,FALSE,"observed"
"IT",1910,"64",64,0.03441,FALSE,"observed"
"IT",1910,"65",65,0.0374,FALSE,"observed"
"IT",1910,"66",66,0.0406,FALSE,"observed"
"IT",1910,"67",67,0.04465,FALSE,"observed"
"IT",1910,"68",68,0.04956,FALSE,"observed"
"IT",1910,"69",69,0.055,FALSE,"observed"
"IT",1910,"70",70,0.06155,FALSE,"observed"
"IT",1910,"71",71,0.06888,FALSE,"observed"
"IT",1910,"72",72,0.07725,FALSE,"observed"
"IT",1910,"73",73,0.0874,FALSE,"observed"
"IT",1910,"74",74,0.09929,FALSE,"observed"
"IT",1910,"75",75,0.1092,FALSE,"observed"
"IT",1910,"76",76,0.11709,FALSE,"observed"
"IT",1910,"77",77,0.12412,FALSE,"observed"
"IT",1910,"78",78,0.13364,FALSE,"observed"
"IT",1910,"79",79,0.14732,FALSE,"observed"
"IT",1910,"80",80,0.15176,FALSE,"observed"
"IT",1910,"81",81,0.16976,FALSE,"observed"
"IT",1910,"82",82,0.18925,FALSE,"observed"
"IT",1910,"83",83,0.20959,FALSE,"observed"
"IT",1910,"84",84,0.22892,FALSE,"observed"
"IT",1910,"85",85,0.24444,FALSE,"observed"
"IT",1910,"86",86,0.25807,FALSE,"observed"
"IT",1910,"87",87,0.27133,FALSE,"observed"
"IT",1910,"88",88,0.28393,FALSE,"observed"
"IT",1910,"89",89,0.29545,FALSE,"observed"
"IT",1910,"90",90,0.30708,FALSE,"observed"
"IT",1910,"91",91,0.31714,FALSE,"observed"
"IT",1910,"92",92,0.32441,FALSE,"observed"
"IT",1910,"93",93,0.32912,FALSE,"observed"
"IT",1910,"94",94,0.34357,FALSE,"observed"
"IT",1910,"95",95,0.42854,FALSE,"observed"
"IT",1910,"96",96,0.4502,FALSE,"observed"
"IT",1910,"97",97,0.47192,FALSE,"observed"
"IT",1910,"98",98,0.49361,FALSE,"observed"
"IT",1910,"99",99,0.51519,FALSE,"observed"
"IT",1910,"100",100,0.53657,FALSE,"observed"
"IT",1910,"101",101,0.5577,FALSE,"observed"
"IT",1910,"102",102,0.5785,FALSE,"observed"
"IT",1910,"103",103,0.59893,FALSE,"observed"
"IT",1910,"104",104,0.61892,FALSE,"observed"
"IT",1910,"105",105,0.63845,FALSE,"observed"
"IT",1910,"106",106,0.65748,FALSE,"observed"
"IT",1910,"107",107,0.67597,FALSE,"observed"
"IT",1910,"108",108,0.6939,FALSE,"observed"
"IT",1910,"109",109,0.71126,FALSE,"observed"
"IT",1910,"110+",110,0.72801,FALSE,"observed"
"IT",1911,"0",0,0.17252,FALSE,"observed"
"IT",1911,"1",1,0.07445,FALSE,"observed"
"IT",1911,"2",2,0.02964,FALSE,"observed"
"IT",1911,"3",3,0.01677,FALSE,"observed"
"IT",1911,"4",4,0.01125,FALSE,"observed"
"IT",1911,"5",5,0.00772,FALSE,"observed"
"IT",1911,"6",6,0.00627,FALSE,"observed"
"IT",1911,"7",7,0.00493,FALSE,"observed"
"IT",1911,"8",8,0.00377,FALSE,"observed"
"IT",1911,"9",9,0.00336,FALSE,"observed"
"IT",1911,"10",10,0.00326,FALSE,"observed"
"IT",1911,"11",11,0.00298,FALSE,"observed"
"IT",1911,"12",12,0.003,FALSE,"observed"
"IT",1911,"13",13,0.003,FALSE,"observed"
"IT",1911,"14",14,0.00366,FALSE,"observed"
"IT",1911,"15",15,0.00415,FALSE,"observed"
"IT",1911,"16",16,0.00456,FALSE,"observed"
"IT",1911,"17",17,0.00498,FALSE,"observed"
"IT",1911,"18",18,0.00549,FALSE,"observed"
"IT",1911,"19",19,0.00599,FALSE,"observed"
"IT",1911,"20",20,0.00626,FALSE,"observed"
"IT",1911,"21",21,0.00649,FALSE,"observed"
"IT",1911,"22",22,0.00682,FALSE,"observed"
"IT",1911,"23",23,0.00704,FALSE,"observed"
"IT",1911,"24",24,0.00711,FALSE,"observed"
"IT",1911,"25",25,0.00707,FALSE,"observed"
"IT",1911,"26",26,0.00704,FALSE,"observed"
"IT",1911,"27",27,0.00696,FALSE,"observed"
"IT",1911,"28",28,0.00699,FALSE,"observed"
"IT",1911,"29",29,0.00709,FALSE,"observed"
"IT",1911,"30",30,0.00722,FALSE,"observed"
"IT",1911,"31",31,0.00729,FALSE,"observed"
"IT",1911,"32",32,0.00727,FALSE,"observed"
"IT",1911,"33",33,0.0073,FALSE,"observed"
"IT",1911,"34",34,0.00741,FALSE,"observed"
"IT",1911,"35",35,0.00756,FALSE,"observed"
"IT",1911,"36",36,0.00778,FALSE,"observed"
"IT",1911,"37",37,0.00805,FALSE,"observed"
"IT",1911,"38",38,0.00822,FALSE,"observed"
"IT",1911,"39",39,0.00839,FALSE,"observed"
"IT",1911,"40",40,0.00863,FALSE,"observed"
"IT",1911,"41",41,0.00876,FALSE,"observed"
"IT",1911,"42",42,0.00894,FALSE,"observed"
"IT",1911,"43",43,0.00912,FALSE,"observed"
"IT",1911,"44",44,0.00928,FALSE,"observed"
"IT",1911,"45",45,0.00945,FALSE,"observed"
"IT",1911,"46",46,0.00977,FALSE,"observed"
"IT",1911,"47",47,0.01027,FALSE,"observed"
"IT",1911,"48",48,0.01084,FALSE,"observed"
"IT",1911,"49",49,0.01146,FALSE,"observed"
"IT",1911,"50",50,0.01212,FALSE,"observed"
"IT",1911,"51",51,0.01284,FALSE,"observed"
"IT",1911,"52",52,0.01365,FALSE,"observed"
"IT",1911,"53",53,0.0145,FALSE,"observed"
"IT",1911,"54",54,0.01541,FALSE,"observed"
"IT",1911,"55",55,0.01636,FALSE,"observed"
"IT",1911,"56",56,0.0174,FALSE,"observed"
"IT",1911,"57",57,0.01873,FALSE,"observed"
"IT",1911,"58",58,0.02043,FALSE,"observed"
"IT",1911,"59",59,0.02247,FALSE,"observed"
"IT",1911,"60",60,0.02482,FALSE,"observed"
"IT",1911,"61",61,0.02754,FALSE,"observed"
"IT",1911,"62",62,0.03053,FALSE,"observed"
"IT",1911,"63",63,0.03352,FALSE,"observed"
"IT",1911,"64",64,0.03656,FALSE,"observed"
"IT",1911,"65",65,0.04012,FALSE,"observed"
"IT",1911,"66",66,0.04412,FALSE,"observed"
"IT",1911,"67",67,0.04844,FALSE,"observed"
"IT",1911,"68",68,0.05406,FALSE,"observed"
"IT",1911,"69",69,0.06071,FALSE,"observed"
"IT",1911,"70",70,0.06851,FALSE,"observed"
"IT",1911,"71",71,0.07733,FALSE,"observed"
"IT",1911,"72",72,0.08608,FALSE,"observed"
"IT",1911,"73",73,0.09547,FALSE,"observed"
"IT",1911,"74",74,0.10529,FALSE,"observed"
"IT",1911,"75",75,0.1172,FALSE,"observed"
"IT",1911,"76",76,0.12999,FALSE,"observed"
"IT",1911,"77",77,0.13957,FALSE,"observed"
"IT",1911,"78",78,0.15051,FALSE,"observed"
"IT",1911,"79",79,0.167,FALSE,"observed"
"IT",1911,"80",80,0.16994,FALSE,"observed"
"IT",1911,"81",81,0.19148,FALSE,"observed"
"IT",1911,"82",82,0.2149,FALSE,"observed"
"IT",1911,"83",83,0.23856,FALSE,"observed"
"IT",1911,"84",84,0.25949,FALSE,"observed"
"IT",1911,"85",85,0.27411,FALSE,"observed"
"IT",1911,"86",86,0.28544,FALSE,"observed"
"IT",1911,"87",87,0.29532,FALSE,"observed"
"IT",1911,"88",88,0.3054,FALSE,"observed"
"IT",1911,"89",89,0.31848,FALSE,"observed"
"IT",1911,"90",90,0.33849,FALSE,"observed"
"IT",1911,"91",91,0.36092,FALSE,"observed"
"IT",1911,"92",92,0.38466,FALSE,"observed"
"IT",1911,"93",93,0.40878,FALSE,"observed"
"IT",1911,"94",94,0.43621,FALSE,"observed"
"IT",1911,"95",95,0.47218,FALSE,"observed"
"IT",1911,"96",96,0.49474,FALSE,"observed"
"IT",1911,"97",97,0.51718,FALSE,"observed"
"IT",1911,"98",98,0.53943,FALSE,"observed"
"IT",1911,"99",99,0.56139,FALSE,"observed"
"IT",1911,"100",100,0.58298,FALSE,"observed"
"IT",1911,"101",101,0.60414,FALSE,"observed"
"IT",1911,"102",102,0.62481,FALSE,"observed"
"IT",1911,"103",103,0.64494,FALSE,"observed"
"IT",1911,"104",104,0.66448,FALSE,"observed"
"IT",1911,"105",105,0.68341,FALSE,"observed"
"IT",1911,"106",106,0.70169,FALSE,"observed"
"IT",1911,"107",107,0.7193,FALSE,"observed"
"IT",1911,"108",108,0.73624,FALSE,"observed"
"IT",1911,"109",109,0.75249,FALSE,"observed"
"IT",1911,"110+",110,0.76805,FALSE,"observed"
"IT",1912,"0",0,0.14791,FALSE,"observed"
"IT",1912,"1",1,0.05815,FALSE,"observed"
"IT",1912,"2",2,0.02624,FALSE,"observed"
"IT",1912,"3",3,0.01449,FALSE,"observed"
"IT",1912,"4",4,0.01,FALSE,"observed"
"IT",1912,"5",5,0.00673,FALSE,"observed"
"IT",1912,"6",6,0.00531,FALSE,"observed"
"IT",1912,"7",7,0.00417,FALSE,"observed"
"IT",1912,"8",8,0.00341,FALSE,"observed"
"IT",1912,"9",9,0.00294,FALSE,"observed"
"IT",1912,"10",10,0.00276,FALSE,"observed"
"IT",1912,"11",11,0.00258,FALSE,"observed"
"IT",1912,"12",12,0.00263,FALSE,"observed"
"IT",1912,"13",13,0.00247,FALSE,"observed"
"IT",1912,"14",14,0.00302,FALSE,"observed"
"IT",1912,"15",15,0.00345,FALSE,"observed"
"IT",1912,"16",16,0.00381,FALSE,"observed"
"IT",1912,"17",17,0.0042,FALSE,"observed"
"IT",1912,"18",18,0.00462,FALSE,"observed"
"IT",1912,"19",19,0.00512,FALSE,"observed"
"IT",1912,"20",20,0.00561,FALSE,"observed"
"IT",1912,"21",21,0.00585,FALSE,"observed"
"IT",1912,"22",22,0.00603,FALSE,"observed"
"IT",1912,"23",23,0.00612,FALSE,"observed"
"IT",1912,"24",24,0.00605,FALSE,"observed"
"IT",1912,"25",25,0.00597,FALSE,"observed"
"IT",1912,"26",26,0.00596,FALSE,"observed"
"IT",1912,"27",27,0.00591,FALSE,"observed"
"IT",1912,"28",28,0.00586,FALSE,"observed"
"IT",1912,"29",29,0.00586,FALSE,"observed"
"IT",1912,"30",30,0.00595,FALSE,"observed"
"IT",1912,"31",31,0.0061,FALSE,"observed"
"IT",1912,"32",32,0.00618,FALSE,"observed"
"IT",1912,"33",33,0.00617,FALSE,"observed"
"IT",1912,"34",34,0.00613,FALSE,"observed"
"IT",1912,"35",35,0.00611,FALSE,"observed"
"IT",1912,"36",36,0.00622,FALSE,"observed"
"IT",1912,"37",37,0.00652,FALSE,"observed"
"IT",1912,"38",38,0.0068,FALSE,"observed"
"IT",1912,"39",39,0.00696,FALSE,"observed"
"IT",1912,"40",40,0.00706,FALSE,"observed"
"IT",1912,"41",41,0.00715,FALSE,"observed"
"IT",1912,"42",42,0.00731,FALSE,"observed"
"IT",1912,"43",43,0.00758,FALSE,"observed"
"IT",1912,"44",44,0.0078,FALSE,"observed"
"IT",1912,"45",45,0.00794,FALSE,"observed"
"IT",1912,"46",46,0.00821,FALSE,"observed"
"IT",1912,"47",47,0.0087,FALSE,"observed"
"IT",1912,"48",48,0.00938,FALSE,"observed"
"IT",1912,"49",49,0.01014,FALSE,"observed"
"IT",1912,"50",50,0.01084,FALSE,"observed"
"IT",1912,"51",51,0.01131,FALSE,"observed"
"IT",1912,"52",52,0.01178,FALSE,"observed"
"IT",1912,"53",53,0.01231,FALSE,"observed"
"IT",1912,"54",54,0.01288,FALSE,"observed"
"IT",1912,"55",55,0.01355,FALSE,"observed"
"IT",1912,"56",56,0.01462,FALSE,"observed"
"IT",1912,"57",57,0.01603,FALSE,"observed"
"IT",1912,"58",58,0.01773,FALSE,"observed"
"IT",1912,"59",59,0.01974,FALSE,"observed"
"IT",1912,"60",60,0.02193,FALSE,"observed"
"IT",1912,"61",61,0.02401,FALSE,"observed"
"IT",1912,"62",62,0.02639,FALSE,"observed"
"IT",1912,"63",63,0.0289,FALSE,"observed"
"IT",1912,"64",64,0.03131,FALSE,"observed"
"IT",1912,"65",65,0.03418,FALSE,"observed"
"IT",1912,"66",66,0.03819,FALSE,"observed"
"IT",1912,"67",67,0.04244,FALSE,"observed"
"IT",1912,"68",68,0.04709,FALSE,"observed"
"IT",1912,"69",69,0.05271,FALSE,"observed"
"IT",1912,"70",70,0.05943,FALSE,"observed"
"IT",1912,"71",71,0.06695,FALSE,"observed"
"IT",1912,"72",72,0.07471,FALSE,"observed"
"IT",1912,"73",73,0.08212,FALSE,"observed"
"IT",1912,"74",74,0.08898,FALSE,"observed"
"IT",1912,"75",75,0.0973,FALSE,"observed"
"IT",1912,"76",76,0.10983,FALSE,"observed"
"IT",1912,"77",77,0.12217,FALSE,"observed"
"IT",1912,"78",78,0.13291,FALSE,"observed"
"IT",1912,"79",79,0.14586,FALSE,"observed"
"IT",1912,"80",80,0.14409,FALSE,"observed"
"IT",1912,"81",81,0.16014,FALSE,"observed"
"IT",1912,"82",82,0.17832,FALSE,"observed"
"IT",1912,"83",83,0.19797,FALSE,"observed"
"IT",1912,"84",84,0.2167,FALSE,"observed"
"IT",1912,"85",85,0.232,FALSE,"observed"
"IT",1912,"86",86,0.24576,FALSE,"observed"
"IT",1912,"87",87,0.25828,FALSE,"observed"
"IT",1912,"88",88,0.26951,FALSE,"observed"
"IT",1912,"89",89,0.28175,FALSE,"observed"
"IT",1912,"90",90,0.29799,FALSE,"observed"
"IT",1912,"91",91,0.31428,FALSE,"observed"
"IT",1912,"92",92,0.3299,FALSE,"observed"
"IT",1912,"93",93,0.34598,FALSE,"observed"
"IT",1912,"94",94,0.36617,FALSE,"observed"
"IT",1912,"95",95,0.41608,FALSE,"observed"
"IT",1912,"96",96,0.43788,FALSE,"observed"
"IT",1912,"97",97,0.45976,FALSE,"observed"
"IT",1912,"98",98,0.48164,FALSE,"observed"
"IT",1912,"99",99,0.50343,FALSE,"observed"
"IT",1912,"100",100,0.52505,FALSE,"observed"
"IT",1912,"101",101,0.54641,FALSE,"observed"
"IT",1912,"102",102,0.56745,FALSE,"observed"
"IT",1912,"103",103,0.58811,FALSE,"observed"
"IT",1912,"104",104,0.60834,FALSE,"observed"
"IT",1912,"105",105,0.62809,FALSE,"observed"
"IT",1912,"106",106,0.64732,FALSE,"observed"
"IT",1912,"107",107,0.666,FALSE,"observed"
"IT",1912,"108",108,0.68411,FALSE,"observed"
"IT",1912,"109",109,0.70163,FALSE,"observed"
"IT",1912,"110+",110,0.71854,FALSE,"observed"
"IT",1913,"0",0,0.14774,FALSE,"observed"
"IT",1913,"1",1,0.06319,FALSE,"observed"
"IT",1913,"2",2,0.02663,FALSE,"observed"
"IT",1913,"3",3,0.01551,FALSE,"observed"
"IT",1913,"4",4,0.00995,FALSE,"observed"
"IT",1913,"5",5,0.00741,FALSE,"observed"
"IT",1913,"6",6,0.00538,FALSE,"observed"
"IT",1913,"7",7,0.00414,FALSE,"observed"
"IT",1913,"8",8,0.00353,FALSE,"observed"
"IT",1913,"9",9,0.00303,FALSE,"observed"
"IT",1913,"10",10,0.00281,FALSE,"observed"
"IT",1913,"11",11,0.00263,FALSE,"observed"
"IT",1913,"12",12,0.00267,FALSE,"observed"
"IT",1913,"13",13,0.00263,FALSE,"observed"
"IT",1913,"14",14,0.00301,FALSE,"observed"
"IT",1913,"15",15,0.00344,FALSE,"observed"
"IT",1913,"16",16,0.00386,FALSE,"observed"
"IT",1913,"17",17,0.00427,FALSE,"observed"
"IT",1913,"18",18,0.00465,FALSE,"observed"
"IT",1913,"19",19,0.00501,FALSE,"observed"
"IT",1913,"20",20,0.0054,FALSE,"observed"
"IT",1913,"21",21,0.00569,FALSE,"observed"
"IT",1913,"22",22,0.00576,FALSE,"observed"
"IT",1913,"23",23,0.0058,FALSE,"observed"
"IT",1913,"24",24,0.00578,FALSE,"observed"
"IT",1913,"25",25,0.00568,FALSE,"observed"
"IT",1913,"26",26,0.00566,FALSE,"observed"
"IT",1913,"27",27,0.00571,FALSE,"observed"
"IT",1913,"28",28,0.00575,FALSE,"observed"
"IT",1913,"29",29,0.00577,FALSE,"observed"
"IT",1913,"30",30,0.00584,FALSE,"observed"
"IT",1913,"31",31,0.00596,FALSE,"observed"
"IT",1913,"32",32,0.00612,FALSE,"observed"
"IT",1913,"33",33,0.0062,FALSE,"observed"
"IT",1913,"34",34,0.00621,FALSE,"observed"
"IT",1913,"35",35,0.00621,FALSE,"observed"
"IT",1913,"36",36,0.00626,FALSE,"observed"
"IT",1913,"37",37,0.00644,FALSE,"observed"
"IT",1913,"38",38,0.00678,FALSE,"observed"
"IT",1913,"39",39,0.00708,FALSE,"observed"
"IT",1913,"40",40,0.00728,FALSE,"observed"
"IT",1913,"41",41,0.00741,FALSE,"observed"
"IT",1913,"42",42,0.00754,FALSE,"observed"
"IT",1913,"43",43,0.0077,FALSE,"observed"
"IT",1913,"44",44,0.00791,FALSE,"observed"
"IT",1913,"45",45,0.00805,FALSE,"observed"
"IT",1913,"46",46,0.00822,FALSE,"observed"
"IT",1913,"47",47,0.00858,FALSE,"observed"
"IT",1913,"48",48,0.00918,FALSE,"observed"
"IT",1913,"49",49,0.00998,FALSE,"observed"
"IT",1913,"50",50,0.01082,FALSE,"observed"
"IT",1913,"51",51,0.01144,FALSE,"observed"
"IT",1913,"52",52,0.01183,FALSE,"observed"
"IT",1913,"53",53,0.01227,FALSE,"observed"
"IT",1913,"54",54,0.01277,FALSE,"observed"
"IT",1913,"55",55,0.01341,FALSE,"observed"
"IT",1913,"56",56,0.01454,FALSE,"observed"
"IT",1913,"57",57,0.01618,FALSE,"observed"
"IT",1913,"58",58,0.01815,FALSE,"observed"
"IT",1913,"59",59,0.02042,FALSE,"observed"
"IT",1913,"60",60,0.02289,FALSE,"observed"
"IT",1913,"61",61,0.02507,FALSE,"observed"
"IT",1913,"62",62,0.02706,FALSE,"observed"
"IT",1913,"63",63,0.02936,FALSE,"observed"
"IT",1913,"64",64,0.03175,FALSE,"observed"
"IT",1913,"65",65,0.03416,FALSE,"observed"
"IT",1913,"66",66,0.03764,FALSE,"observed"
"IT",1913,"67",67,0.04253,FALSE,"observed"
"IT",1913,"68",68,0.04789,FALSE,"observed"
"IT",1913,"69",69,0.05397,FALSE,"observed"
"IT",1913,"70",70,0.06103,FALSE,"observed"
"IT",1913,"71",71,0.06836,FALSE,"observed"
"IT",1913,"72",72,0.07634,FALSE,"observed"
"IT",1913,"73",73,0.08444,FALSE,"observed"
"IT",1913,"74",74,0.0919,FALSE,"observed"
"IT",1913,"75",75,0.09863,FALSE,"observed"
"IT",1913,"76",76,0.10778,FALSE,"observed"
"IT",1913,"77",77,0.12166,FALSE,"observed"
"IT",1913,"78",78,0.13573,FALSE,"observed"
"IT",1913,"79",79,0.14894,FALSE,"observed"
"IT",1913,"80",80,0.14852,FALSE,"observed"
"IT",1913,"81",81,0.16502,FALSE,"observed"
"IT",1913,"82",82,0.18336,FALSE,"observed"
"IT",1913,"83",83,0.2031,FALSE,"observed"
"IT",1913,"84",84,0.22202,FALSE,"observed"
"IT",1913,"85",85,0.23651,FALSE,"observed"
"IT",1913,"86",86,0.24889,FALSE,"observed"
"IT",1913,"87",87,0.2603,FALSE,"observed"
"IT",1913,"88",88,0.27016,FALSE,"observed"
"IT",1913,"89",89,0.28025,FALSE,"observed"
"IT",1913,"90",90,0.29562,FALSE,"observed"
"IT",1913,"91",91,0.31212,FALSE,"observed"
"IT",1913,"92",92,0.3267,FALSE,"observed"
"IT",1913,"93",93,0.33964,FALSE,"observed"
"IT",1913,"94",94,0.35542,FALSE,"observed"
"IT",1913,"95",95,0.40878,FALSE,"observed"
"IT",1913,"96",96,0.42961,FALSE,"observed"
"IT",1913,"97",97,0.45062,FALSE,"observed"
"IT",1913,"98",98,0.47172,FALSE,"observed"
"IT",1913,"99",99,0.49283,FALSE,"observed"
"IT",1913,"100",100,0.51389,FALSE,"observed"
"IT",1913,"101",101,0.53481,FALSE,"observed"
"IT",1913,"102",102,0.55554,FALSE,"observed"
"IT",1913,"103",103,0.576,FALSE,"observed"
"IT",1913,"104",104,0.59613,FALSE,"observed"
"IT",1913,"105",105,0.61589,FALSE,"observed"
"IT",1913,"106",106,0.63521,FALSE,"observed"
"IT",1913,"107",107,0.65406,FALSE,"observed"
"IT",1913,"108",108,0.67241,FALSE,"observed"
"IT",1913,"109",109,0.69021,FALSE,"observed"
"IT",1913,"110+",110,0.70745,FALSE,"observed"
"IT",1914,"0",0,0.142,FALSE,"observed"
"IT",1914,"1",1,0.053,FALSE,"observed"
"IT",1914,"2",2,0.02253,FALSE,"observed"
"IT",1914,"3",3,0.01264,FALSE,"observed"
"IT",1914,"4",4,0.00901,FALSE,"observed"
"IT",1914,"5",5,0.00614,FALSE,"observed"
"IT",1914,"6",6,0.00511,FALSE,"observed"
"IT",1914,"7",7,0.00401,FALSE,"observed"
"IT",1914,"8",8,0.00312,FALSE,"observed"
"IT",1914,"9",9,0.00271,FALSE,"observed"
"IT",1914,"10",10,0.00265,FALSE,"observed"
"IT",1914,"11",11,0.00251,FALSE,"observed"
"IT",1914,"12",12,0.00257,FALSE,"observed"
"IT",1914,"13",13,0.00254,FALSE,"observed"
"IT",1914,"14",14,0.00309,FALSE,"observed"
"IT",1914,"15",15,0.00348,FALSE,"observed"
"IT",1914,"16",16,0.00373,FALSE,"observed"
"IT",1914,"17",17,0.00402,FALSE,"observed"
"IT",1914,"18",18,0.00436,FALSE,"observed"
"IT",1914,"19",19,0.00471,FALSE,"observed"
"IT",1914,"20",20,0.00511,FALSE,"observed"
"IT",1914,"21",21,0.00548,FALSE,"observed"
"IT",1914,"22",22,0.00573,FALSE,"observed"
"IT",1914,"23",23,0.00575,FALSE,"observed"
"IT",1914,"24",24,0.00569,FALSE,"observed"
"IT",1914,"25",25,0.00557,FALSE,"observed"
"IT",1914,"26",26,0.00547,FALSE,"observed"
"IT",1914,"27",27,0.00545,FALSE,"observed"
"IT",1914,"28",28,0.00552,FALSE,"observed"
"IT",1914,"29",29,0.00559,FALSE,"observed"
"IT",1914,"30",30,0.00567,FALSE,"observed"
"IT",1914,"31",31,0.00577,FALSE,"observed"
"IT",1914,"32",32,0.00592,FALSE,"observed"
"IT",1914,"33",33,0.00609,FALSE,"observed"
"IT",1914,"34",34,0.00618,FALSE,"observed"
"IT",1914,"35",35,0.00621,FALSE,"observed"
"IT",1914,"36",36,0.00623,FALSE,"observed"
"IT",1914,"37",37,0.0063,FALSE,"observed"
"IT",1914,"38",38,0.00652,FALSE,"observed"
"IT",1914,"39",39,0.00684,FALSE,"observed"
"IT",1914,"40",40,0.00709,FALSE,"observed"
"IT",1914,"41",41,0.00724,FALSE,"observed"
"IT",1914,"42",42,0.00736,FALSE,"observed"
"IT",1914,"43",43,0.00751,FALSE,"observed"
"IT",1914,"44",44,0.00769,FALSE,"observed"
"IT",1914,"45",45,0.00789,FALSE,"observed"
"IT",1914,"46",46,0.00813,FALSE,"observed"
"IT",1914,"47",47,0.00846,FALSE,"observed"
"IT",1914,"48",48,0.009,FALSE,"observed"
"IT",1914,"49",49,0.00981,FALSE,"observed"
"IT",1914,"50",50,0.01076,FALSE,"observed"
"IT",1914,"51",51,0.01157,FALSE,"observed"
"IT",1914,"52",52,0.01212,FALSE,"observed"
"IT",1914,"53",53,0.0125,FALSE,"observed"
"IT",1914,"54",54,0.01299,FALSE,"observed"
"IT",1914,"55",55,0.01365,FALSE,"observed"
"IT",1914,"56",56,0.01477,FALSE,"observed"
"IT",1914,"57",57,0.01645,FALSE,"observed"
"IT",1914,"58",58,0.01862,FALSE,"observed"
"IT",1914,"59",59,0.02101,FALSE,"observed"
"IT",1914,"60",60,0.0235,FALSE,"observed"
"IT",1914,"61",61,0.02571,FALSE,"observed"
"IT",1914,"62",62,0.02758,FALSE,"observed"
"IT",1914,"63",63,0.02936,FALSE,"observed"
"IT",1914,"64",64,0.03147,FALSE,"observed"
"IT",1914,"65",65,0.03379,FALSE,"observed"
"IT",1914,"66",66,0.03685,FALSE,"observed"
"IT",1914,"67",67,0.04133,FALSE,"observed"
"IT",1914,"68",68,0.04747,FALSE,"observed"
"IT",1914,"69",69,0.0544,FALSE,"observed"
"IT",1914,"70",70,0.06217,FALSE,"observed"
"IT",1914,"71",71,0.0697,FALSE,"observed"
"IT",1914,"72",72,0.07709,FALSE,"observed"
"IT",1914,"73",73,0.08501,FALSE,"observed"
"IT",1914,"74",74,0.09261,FALSE,"observed"
"IT",1914,"75",75,0.09915,FALSE,"observed"
"IT",1914,"76",76,0.10589,FALSE,"observed"
"IT",1914,"77",77,0.11552,FALSE,"observed"
"IT",1914,"78",78,0.13007,FALSE,"observed"
"IT",1914,"79",79,0.14549,FALSE,"observed"
"IT",1914,"80",80,0.14703,FALSE,"observed"
"IT",1914,"81",81,0.16316,FALSE,"observed"
"IT",1914,"82",82,0.18115,FALSE,"observed"
"IT",1914,"83",83,0.20026,FALSE,"observed"
"IT",1914,"84",84,0.21874,FALSE,"observed"
"IT",1914,"85",85,0.23366,FALSE,"observed"
"IT",1914,"86",86,0.24651,FALSE,"observed"
"IT",1914,"87",87,0.25841,FALSE,"observed"
"IT",1914,"88",88,0.26953,FALSE,"observed"
"IT",1914,"89",89,0.28063,FALSE,"observed"
"IT",1914,"90",90,0.29508,FALSE,"observed"
"IT",1914,"91",91,0.31006,FALSE,"observed"
"IT",1914,"92",92,0.32435,FALSE,"observed"
"IT",1914,"93",93,0.33659,FALSE,"observed"
"IT",1914,"94",94,0.35212,FALSE,"observed"
"IT",1914,"95",95,0.40917,FALSE,"observed"
"IT",1914,"96",96,0.43033,FALSE,"observed"
"IT",1914,"97",97,0.45168,FALSE,"observed"
"IT",1914,"98",98,0.47312,FALSE,"observed"
"IT",1914,"99",99,0.49457,FALSE,"observed"
"IT",1914,"100",100,0.51596,FALSE,"observed"
"IT",1914,"101",101,0.5372,FALSE,"observed"
"IT",1914,"102",102,0.55823,FALSE,"observed"
"IT",1914,"103",103,0.57897,FALSE,"observed"
"IT",1914,"104",104,0.59936,FALSE,"observed"
"IT",1914,"105",105,0.61934,FALSE,"observed"
"IT",1914,"106",106,0.63887,FALSE,"observed"
"IT",1914,"107",107,0.65789,FALSE,"observed"
"IT",1914,"108",108,0.67636,FALSE,"observed"
"IT",1914,"109",109,0.69426,FALSE,"observed"
"IT",1914,"110+",110,0.71156,FALSE,"observed"
"IT",1915,"0",0,0.16375,FALSE,"observed"
"IT",1915,"1",1,0.06791,FALSE,"observed"
"IT",1915,"2",2,0.02743,FALSE,"observed"
"IT",1915,"3",3,0.01507,FALSE,"observed"
"IT",1915,"4",4,0.01005,FALSE,"observed"
"IT",1915,"5",5,0.00711,FALSE,"observed"
"IT",1915,"6",6,0.00541,FALSE,"observed"
"IT",1915,"7",7,0.00446,FALSE,"observed"
"IT",1915,"8",8,0.00364,FALSE,"observed"
"IT",1915,"9",9,0.00312,FALSE,"observed"
"IT",1915,"10",10,0.00304,FALSE,"observed"
"IT",1915,"11",11,0.00287,FALSE,"observed"
"IT",1915,"12",12,0.00307,FALSE,"observed"
"IT",1915,"13",13,0.00289,FALSE,"observed"
"IT",1915,"14",14,0.00348,FALSE,"observed"
"IT",1915,"15",15,0.00378,FALSE,"observed"
"IT",1915,"16",16,0.00421,FALSE,"observed"
"IT",1915,"17",17,0.00467,FALSE,"observed"
"IT",1915,"18",18,0.01122,FALSE,"observed"
"IT",1915,"19",19,0.01685,FALSE,"observed"
"IT",1915,"20",20,0.02079,FALSE,"observed"
"IT",1915,"21",21,0.02268,FALSE,"observed"
"IT",1915,"22",22,0.02304,FALSE,"observed"
"IT",1915,"23",23,0.02187,FALSE,"observed"
"IT",1915,"24",24,0.01977,FALSE,"observed"
"IT",1915,"25",25,0.01787,FALSE,"observed"
"IT",1915,"26",26,0.01597,FALSE,"observed"
"IT",1915,"27",27,0.01404,FALSE,"observed"
"IT",1915,"28",28,0.01257,FALSE,"observed"
"IT",1915,"29",29,0.01127,FALSE,"observed"
"IT",1915,"30",30,0.01011,FALSE,"observed"
"IT",1915,"31",31,0.00926,FALSE,"observed"
"IT",1915,"32",32,0.0087,FALSE,"observed"
"IT",1915,"33",33,0.00835,FALSE,"observed"
"IT",1915,"34",34,0.00811,FALSE,"observed"
"IT",1915,"35",35,0.00786,FALSE,"observed"
"IT",1915,"36",36,0.00763,FALSE,"observed"
"IT",1915,"37",37,0.00747,FALSE,"observed"
"IT",1915,"38",38,0.00741,FALSE,"observed"
"IT",1915,"39",39,0.00754,FALSE,"observed"
"IT",1915,"40",40,0.00777,FALSE,"observed"
"IT",1915,"41",41,0.00793,FALSE,"observed"
"IT",1915,"42",42,0.00803,FALSE,"observed"
"IT",1915,"43",43,0.00814,FALSE,"observed"
"IT",1915,"44",44,0.00831,FALSE,"observed"
"IT",1915,"45",45,0.00852,FALSE,"observed"
"IT",1915,"46",46,0.00883,FALSE,"observed"
"IT",1915,"47",47,0.0092,FALSE,"observed"
"IT",1915,"48",48,0.0097,FALSE,"observed"
"IT",1915,"49",49,0.01042,FALSE,"observed"
"IT",1915,"50",50,0.01138,FALSE,"observed"
"IT",1915,"51",51,0.01232,FALSE,"observed"
"IT",1915,"52",52,0.01308,FALSE,"observed"
"IT",1915,"53",53,0.01359,FALSE,"observed"
"IT",1915,"54",54,0.01399,FALSE,"observed"
"IT",1915,"55",55,0.0146,FALSE,"observed"
"IT",1915,"56",56,0.0157,FALSE,"observed"
"IT",1915,"57",57,0.01736,FALSE,"observed"
"IT",1915,"58",58,0.01966,FALSE,"observed"
"IT",1915,"59",59,0.02244,FALSE,"observed"
"IT",1915,"60",60,0.02531,FALSE,"observed"
"IT",1915,"61",61,0.02782,FALSE,"observed"
"IT",1915,"62",62,0.03,FALSE,"observed"
"IT",1915,"63",63,0.0319,FALSE,"observed"
"IT",1915,"64",64,0.03381,FALSE,"observed"
"IT",1915,"65",65,0.03625,FALSE,"observed"
"IT",1915,"66",66,0.03969,FALSE,"observed"
"IT",1915,"67",67,0.04424,FALSE,"observed"
"IT",1915,"68",68,0.05061,FALSE,"observed"
"IT",1915,"69",69,0.0591,FALSE,"observed"
"IT",1915,"70",70,0.06855,FALSE,"observed"
"IT",1915,"71",71,0.07738,FALSE,"observed"
"IT",1915,"72",72,0.08543,FALSE,"observed"
"IT",1915,"73",73,0.09328,FALSE,"observed"
"IT",1915,"74",74,0.10153,FALSE,"observed"
"IT",1915,"75",75,0.10945,FALSE,"observed"
"IT",1915,"76",76,0.11767,FALSE,"observed"
"IT",1915,"77",77,0.12696,FALSE,"observed"
"IT",1915,"78",78,0.14004,FALSE,"observed"
"IT",1915,"79",79,0.16015,FALSE,"observed"
"IT",1915,"80",80,0.16744,FALSE,"observed"
"IT",1915,"81",81,0.18722,FALSE,"observed"
"IT",1915,"82",82,0.20877,FALSE,"observed"
"IT",1915,"83",83,0.23155,FALSE,"observed"
"IT",1915,"84",84,0.25276,FALSE,"observed"
"IT",1915,"85",85,0.2694,FALSE,"observed"
"IT",1915,"86",86,0.28488,FALSE,"observed"
"IT",1915,"87",87,0.29974,FALSE,"observed"
"IT",1915,"88",88,0.31464,FALSE,"observed"
"IT",1915,"89",89,0.33269,FALSE,"observed"
"IT",1915,"90",90,0.35757,FALSE,"observed"
"IT",1915,"91",91,0.38179,FALSE,"observed"
"IT",1915,"92",92,0.40562,FALSE,"observed"
"IT",1915,"93",93,0.42923,FALSE,"observed"
"IT",1915,"94",94,0.45193,FALSE,"observed"
"IT",1915,"95",95,0.49152,FALSE,"observed"
"IT",1915,"96",96,0.51621,FALSE,"observed"
"IT",1915,"97",97,0.54071,FALSE,"observed"
"IT",1915,"98",98,0.56492,FALSE,"observed"
"IT",1915,"99",99,0.58871,FALSE,"observed"
"IT",1915,"100",100,0.612,FALSE,"observed"
"IT",1915,"101",101,0.63468,FALSE,"observed"
"IT",1915,"102",102,0.6567,FALSE,"observed"
"IT",1915,"103",103,0.67797,FALSE,"observed"
"IT",1915,"104",104,0.69846,FALSE,"observed"
"IT",1915,"105",105,0.71811,FALSE,"observed"
"IT",1915,"106",106,0.73691,FALSE,"observed"
"IT",1915,"107",107,0.75482,FALSE,"observed"
"IT",1915,"108",108,0.77186,FALSE,"observed"
"IT",1915,"109",109,0.788,FALSE,"observed"
"IT",1915,"110+",110,0.80327,FALSE,"observed"
"IT",1916,"0",0,0.16125,FALSE,"observed"
"IT",1916,"1",1,0.0733,FALSE,"observed"
"IT",1916,"2",2,0.03193,FALSE,"observed"
"IT",1916,"3",3,0.01772,FALSE,"observed"
"IT",1916,"4",4,0.01216,FALSE,"observed"
"IT",1916,"5",5,0.00859,FALSE,"observed"
"IT",1916,"6",6,0.00656,FALSE,"observed"
"IT",1916,"7",7,0.00488,FALSE,"observed"
"IT",1916,"8",8,0.00426,FALSE,"observed"
"IT",1916,"9",9,0.00363,FALSE,"observed"
"IT",1916,"10",10,0.00331,FALSE,"observed"
"IT",1916,"11",11,0.00302,FALSE,"observed"
"IT",1916,"12",12,0.00323,FALSE,"observed"
"IT",1916,"13",13,0.0031,FALSE,"observed"
"IT",1916,"14",14,0.00359,FALSE,"observed"
"IT",1916,"15",15,0.00378,FALSE,"observed"
"IT",1916,"16",16,0.00401,FALSE,"observed"
"IT",1916,"17",17,0.00471,FALSE,"observed"
"IT",1916,"18",18,0.01593,FALSE,"observed"
"IT",1916,"19",19,0.02583,FALSE,"observed"
"IT",1916,"20",20,0.03306,FALSE,"observed"
"IT",1916,"21",21,0.03495,FALSE,"observed"
"IT",1916,"22",22,0.03387,FALSE,"observed"
"IT",1916,"23",23,0.03165,FALSE,"observed"
"IT",1916,"24",24,0.02831,FALSE,"observed"
"IT",1916,"25",25,0.02475,FALSE,"observed"
"IT",1916,"26",26,0.02219,FALSE,"observed"
"IT",1916,"27",27,0.01976,FALSE,"observed"
"IT",1916,"28",28,0.01728,FALSE,"observed"
"IT",1916,"29",29,0.01537,FALSE,"observed"
"IT",1916,"30",30,0.01361,FALSE,"observed"
"IT",1916,"31",31,0.01197,FALSE,"observed"
"IT",1916,"32",32,0.0107,FALSE,"observed"
"IT",1916,"33",33,0.00979,FALSE,"observed"
"IT",1916,"34",34,0.00908,FALSE,"observed"
"IT",1916,"35",35,0.00848,FALSE,"observed"
"IT",1916,"36",36,0.00795,FALSE,"observed"
"IT",1916,"37",37,0.00755,FALSE,"observed"
"IT",1916,"38",38,0.00733,FALSE,"observed"
"IT",1916,"39",39,0.00734,FALSE,"observed"
"IT",1916,"40",40,0.00761,FALSE,"observed"
"IT",1916,"41",41,0.00796,FALSE,"observed"
"IT",1916,"42",42,0.00818,FALSE,"observed"
"IT",1916,"43",43,0.00825,FALSE,"observed"
"IT",1916,"44",44,0.00827,FALSE,"observed"
"IT",1916,"45",45,0.0083,FALSE,"observed"
"IT",1916,"46",46,0.00848,FALSE,"observed"
"IT",1916,"47",47,0.00883,FALSE,"observed"
"IT",1916,"48",48,0.0093,FALSE,"observed"
"IT",1916,"49",49,0.00995,FALSE,"observed"
"IT",1916,"50",50,0.01083,FALSE,"observed"
"IT",1916,"51",51,0.01178,FALSE,"observed"
"IT",1916,"52",52,0.01264,FALSE,"observed"
"IT",1916,"53",53,0.01328,FALSE,"observed"
"IT",1916,"54",54,0.01361,FALSE,"observed"
"IT",1916,"55",55,0.01389,FALSE,"observed"
"IT",1916,"56",56,0.01464,FALSE,"observed"
"IT",1916,"57",57,0.016,FALSE,"observed"
"IT",1916,"58",58,0.018,FALSE,"observed"
"IT",1916,"59",59,0.02073,FALSE,"observed"
"IT",1916,"60",60,0.02394,FALSE,"observed"
"IT",1916,"61",61,0.0268,FALSE,"observed"
"IT",1916,"62",62,0.02913,FALSE,"observed"
"IT",1916,"63",63,0.03102,FALSE,"observed"
"IT",1916,"64",64,0.03256,FALSE,"observed"
"IT",1916,"65",65,0.03419,FALSE,"observed"
"IT",1916,"66",66,0.03699,FALSE,"observed"
"IT",1916,"67",67,0.04111,FALSE,"observed"
"IT",1916,"68",68,0.04659,FALSE,"observed"
"IT",1916,"69",69,0.05428,FALSE,"observed"
"IT",1916,"70",70,0.06423,FALSE,"observed"
"IT",1916,"71",71,0.07379,FALSE,"observed"
"IT",1916,"72",72,0.08213,FALSE,"observed"
"IT",1916,"73",73,0.08942,FALSE,"observed"
"IT",1916,"74",74,0.09622,FALSE,"observed"
"IT",1916,"75",75,0.10346,FALSE,"observed"
"IT",1916,"76",76,0.1119,FALSE,"observed"
"IT",1916,"77",77,0.1212,FALSE,"observed"
"IT",1916,"78",78,0.13188,FALSE,"observed"
"IT",1916,"79",79,0.14729,FALSE,"observed"
"IT",1916,"80",80,0.15851,FALSE,"observed"
"IT",1916,"81",81,0.17726,FALSE,"observed"
"IT",1916,"82",82,0.19761,FALSE,"observed"
"IT",1916,"83",83,0.21892,FALSE,"observed"
"IT",1916,"84",84,0.23925,FALSE,"observed"
"IT",1916,"85",85,0.25516,FALSE,"observed"
"IT",1916,"86",86,0.27031,FALSE,"observed"
"IT",1916,"87",87,0.28611,FALSE,"observed"
"IT",1916,"88",88,0.30084,FALSE,"observed"
"IT",1916,"89",89,0.31614,FALSE,"observed"
"IT",1916,"90",90,0.33599,FALSE,"observed"
"IT",1916,"91",91,0.35215,FALSE,"observed"
"IT",1916,"92",92,0.36083,FALSE,"observed"
"IT",1916,"93",93,0.36708,FALSE,"observed"
"IT",1916,"94",94,0.37938,FALSE,"observed"
"IT",1916,"95",95,0.45642,FALSE,"observed"
"IT",1916,"96",96,0.47901,FALSE,"observed"
"IT",1916,"97",97,0.50146,FALSE,"observed"
"IT",1916,"98",98,0.52367,FALSE,"observed"
"IT",1916,"99",99,0.54556,FALSE,"observed"
"IT",1916,"100",100,0.56705,FALSE,"observed"
"IT",1916,"101",101,0.58808,FALSE,"observed"
"IT",1916,"102",102,0.60857,FALSE,"observed"
"IT",1916,"103",103,0.62851,FALSE,"observed"
"IT",1916,"104",104,0.64784,FALSE,"observed"
"IT",1916,"105",105,0.66654,FALSE,"observed"
"IT",1916,"106",106,0.6846,FALSE,"observed"
"IT",1916,"107",107,0.702,FALSE,"observed"
"IT",1916,"108",108,0.71875,FALSE,"observed"
"IT",1916,"109",109,0.73484,FALSE,"observed"
"IT",1916,"110+",110,0.75028,FALSE,"observed"
"IT",1917,"0",0,0.15863,FALSE,"observed"
"IT",1917,"1",1,0.06181,FALSE,"observed"
"IT",1917,"2",2,0.02614,FALSE,"observed"
"IT",1917,"3",3,0.01522,FALSE,"observed"
"IT",1917,"4",4,0.01066,FALSE,"observed"
"IT",1917,"5",5,0.00791,FALSE,"observed"
"IT",1917,"6",6,0.0061,FALSE,"observed"
"IT",1917,"7",7,0.00501,FALSE,"observed"
"IT",1917,"8",8,0.00418,FALSE,"observed"
"IT",1917,"9",9,0.00387,FALSE,"observed"
"IT",1917,"10",10,0.0035,FALSE,"observed"
"IT",1917,"11",11,0.00312,FALSE,"observed"
"IT",1917,"12",12,0.00343,FALSE,"observed"
"IT",1917,"13",13,0.00331,FALSE,"observed"
"IT",1917,"14",14,0.00362,FALSE,"observed"
"IT",1917,"15",15,0.00433,FALSE,"observed"
"IT",1917,"16",16,0.00489,FALSE,"observed"
"IT",1917,"17",17,0.00529,FALSE,"observed"
"IT",1917,"18",18,0.02058,FALSE,"observed"
"IT",1917,"19",19,0.03326,FALSE,"observed"
"IT",1917,"20",20,0.04228,FALSE,"observed"
"IT",1917,"21",21,0.04607,FALSE,"observed"
"IT",1917,"22",22,0.04523,FALSE,"observed"
"IT",1917,"23",23,0.04197,FALSE,"observed"
"IT",1917,"24",24,0.03801,FALSE,"observed"
"IT",1917,"25",25,0.03302,FALSE,"observed"
"IT",1917,"26",26,0.02797,FALSE,"observed"
"IT",1917,"27",27,0.02447,FALSE,"observed"
"IT",1917,"28",28,0.02133,FALSE,"observed"
"IT",1917,"29",29,0.01829,FALSE,"observed"
"IT",1917,"30",30,0.01606,FALSE,"observed"
"IT",1917,"31",31,0.01408,FALSE,"observed"
"IT",1917,"32",32,0.01228,FALSE,"observed"
"IT",1917,"33",33,0.01094,FALSE,"observed"
"IT",1917,"34",34,0.01005,FALSE,"observed"
"IT",1917,"35",35,0.0094,FALSE,"observed"
"IT",1917,"36",36,0.00896,FALSE,"observed"
"IT",1917,"37",37,0.00861,FALSE,"observed"
"IT",1917,"38",38,0.00837,FALSE,"observed"
"IT",1917,"39",39,0.00831,FALSE,"observed"
"IT",1917,"40",40,0.00843,FALSE,"observed"
"IT",1917,"41",41,0.00871,FALSE,"observed"
"IT",1917,"42",42,0.00899,FALSE,"observed"
"IT",1917,"43",43,0.00909,FALSE,"observed"
"IT",1917,"44",44,0.00897,FALSE,"observed"
"IT",1917,"45",45,0.00881,FALSE,"observed"
"IT",1917,"46",46,0.00889,FALSE,"observed"
"IT",1917,"47",47,0.00925,FALSE,"observed"
"IT",1917,"48",48,0.00987,FALSE,"observed"
"IT",1917,"49",49,0.01069,FALSE,"observed"
"IT",1917,"50",50,0.01171,FALSE,"observed"
"IT",1917,"51",51,0.01272,FALSE,"observed"
"IT",1917,"52",52,0.01369,FALSE,"observed"
"IT",1917,"53",53,0.01448,FALSE,"observed"
"IT",1917,"54",54,0.01493,FALSE,"observed"
"IT",1917,"55",55,0.01506,FALSE,"observed"
"IT",1917,"56",56,0.01547,FALSE,"observed"
"IT",1917,"57",57,0.01656,FALSE,"observed"
"IT",1917,"58",58,0.0184,FALSE,"observed"
"IT",1917,"59",59,0.02106,FALSE,"observed"
"IT",1917,"60",60,0.02456,FALSE,"observed"
"IT",1917,"61",61,0.02818,FALSE,"observed"
"IT",1917,"62",62,0.03129,FALSE,"observed"
"IT",1917,"63",63,0.03379,FALSE,"observed"
"IT",1917,"64",64,0.03583,FALSE,"observed"
"IT",1917,"65",65,0.03762,FALSE,"observed"
"IT",1917,"66",66,0.04015,FALSE,"observed"
"IT",1917,"67",67,0.04414,FALSE,"observed"
"IT",1917,"68",68,0.04964,FALSE,"observed"
"IT",1917,"69",69,0.05671,FALSE,"observed"
"IT",1917,"70",70,0.0661,FALSE,"observed"
"IT",1917,"71",71,0.07676,FALSE,"observed"
"IT",1917,"72",72,0.08654,FALSE,"observed"
"IT",1917,"73",73,0.09486,FALSE,"observed"
"IT",1917,"74",74,0.1019,FALSE,"observed"
"IT",1917,"75",75,0.10869,FALSE,"observed"
"IT",1917,"76",76,0.11788,FALSE,"observed"
"IT",1917,"77",77,0.12928,FALSE,"observed"
"IT",1917,"78",78,0.14205,FALSE,"observed"
"IT",1917,"79",79,0.15698,FALSE,"observed"
"IT",1917,"80",80,0.17139,FALSE,"observed"
"IT",1917,"81",81,0.19166,FALSE,"observed"
"IT",1917,"82",82,0.2141,FALSE,"observed"
"IT",1917,"83",83,0.23696,FALSE,"observed"
"IT",1917,"84",84,0.25745,FALSE,"observed"
"IT",1917,"85",85,0.27232,FALSE,"observed"
"IT",1917,"86",86,0.28499,FALSE,"observed"
"IT",1917,"87",87,0.29859,FALSE,"observed"
"IT",1917,"88",88,0.31386,FALSE,"observed"
"IT",1917,"89",89,0.33141,FALSE,"observed"
"IT",1917,"90",90,0.357,FALSE,"observed"
"IT",1917,"91",91,0.38362,FALSE,"observed"
"IT",1917,"92",92,0.40293,FALSE,"observed"
"IT",1917,"93",93,0.41191,FALSE,"observed"
"IT",1917,"94",94,0.42441,FALSE,"observed"
"IT",1917,"95",95,0.48517,FALSE,"observed"
"IT",1917,"96",96,0.50872,FALSE,"observed"
"IT",1917,"97",97,0.5321,FALSE,"observed"
"IT",1917,"98",98,0.5552,FALSE,"observed"
"IT",1917,"99",99,0.57793,FALSE,"observed"
"IT",1917,"100",100,0.60021,FALSE,"observed"
"IT",1917,"101",101,0.62196,FALSE,"observed"
"IT",1917,"102",102,0.64312,FALSE,"observed"
"IT",1917,"103",103,0.66363,FALSE,"observed"
"IT",1917,"104",104,0.68344,FALSE,"observed"
"IT",1917,"105",105,0.70253,FALSE,"observed"
"IT",1917,"106",106,0.72087,FALSE,"observed"
"IT",1917,"107",107,0.73845,FALSE,"observed"
"IT",1917,"108",108,0.75524,FALSE,"observed"
"IT",1917,"109",109,0.77127,FALSE,"observed"
"IT",1917,"110+",110,0.78651,FALSE,"observed"
"IT",1918,"0",0,0.2094,FALSE,"observed"
"IT",1918,"1",1,0.11136,FALSE,"observed"
"IT",1918,"2",2,0.05858,FALSE,"observed"
"IT",1918,"3",3,0.03784,FALSE,"observed"
"IT",1918,"4",4,0.0286,FALSE,"observed"
"IT",1918,"5",5,0.0209,FALSE,"observed"
"IT",1918,"6",6,0.01786,FALSE,"observed"
"IT",1918,"7",7,0.01438,FALSE,"observed"
"IT",1918,"8",8,0.01362,FALSE,"observed"
"IT",1918,"9",9,0.01152,FALSE,"observed"
"IT",1918,"10",10,0.01172,FALSE,"observed"
"IT",1918,"11",11,0.01002,FALSE,"observed"
"IT",1918,"12",12,0.01077,FALSE,"observed"
"IT",1918,"13",13,0.01078,FALSE,"observed"
"IT",1918,"14",14,0.01329,FALSE,"observed"
"IT",1918,"15",15,0.01547,FALSE,"observed"
"IT",1918,"16",16,0.0174,FALSE,"observed"
"IT",1918,"17",17,0.01818,FALSE,"observed"
"IT",1918,"18",18,0.02995,FALSE,"observed"
"IT",1918,"19",19,0.03356,FALSE,"observed"
"IT",1918,"20",20,0.03499,FALSE,"observed"
"IT",1918,"21",21,0.03612,FALSE,"observed"
"IT",1918,"22",22,0.03689,FALSE,"observed"
"IT",1918,"23",23,0.03691,FALSE,"observed"
"IT",1918,"24",24,0.03675,FALSE,"observed"
"IT",1918,"25",25,0.03688,FALSE,"observed"
"IT",1918,"26",26,0.03642,FALSE,"observed"
"IT",1918,"27",27,0.03538,FALSE,"observed"
"IT",1918,"28",28,0.03511,FALSE,"observed"
"IT",1918,"29",29,0.03498,FALSE,"observed"
"IT",1918,"30",30,0.03447,FALSE,"observed"
"IT",1918,"31",31,0.0341,FALSE,"observed"
"IT",1918,"32",32,0.0333,FALSE,"observed"
"IT",1918,"33",33,0.0318,FALSE,"observed"
"IT",1918,"34",34,0.02995,FALSE,"observed"
"IT",1918,"35",35,0.02816,FALSE,"observed"
"IT",1918,"36",36,0.02681,FALSE,"observed"
"IT",1918,"37",37,0.02576,FALSE,"observed"
"IT",1918,"38",38,0.02476,FALSE,"observed"
"IT",1918,"39",39,0.02406,FALSE,"observed"
"IT",1918,"40",40,0.0238,FALSE,"observed"
"IT",1918,"41",41,0.02369,FALSE,"observed"
"IT",1918,"42",42,0.02382,FALSE,"observed"
"IT",1918,"43",43,0.02383,FALSE,"observed"
"IT",1918,"44",44,0.02321,FALSE,"observed"
"IT",1918,"45",45,0.02216,FALSE,"observed"
"IT",1918,"46",46,0.02146,FALSE,"observed"
"IT",1918,"47",47,0.02132,FALSE,"observed"
"IT",1918,"48",48,0.02167,FALSE,"observed"
"IT",1918,"49",49,0.02241,FALSE,"observed"
"IT",1918,"50",50,0.02326,FALSE,"observed"
"IT",1918,"51",51,0.02392,FALSE,"observed"
"IT",1918,"52",52,0.02446,FALSE,"observed"
"IT",1918,"53",53,0.02491,FALSE,"observed"
"IT",1918,"54",54,0.02498,FALSE,"observed"
"IT",1918,"55",55,0.02457,FALSE,"observed"
"IT",1918,"56",56,0.02425,FALSE,"observed"
"IT",1918,"57",57,0.02458,FALSE,"observed"
"IT",1918,"58",58,0.02601,FALSE,"observed"
"IT",1918,"59",59,0.02863,FALSE,"observed"
"IT",1918,"60",60,0.03208,FALSE,"observed"
"IT",1918,"61",61,0.03616,FALSE,"observed"
"IT",1918,"62",62,0.04062,FALSE,"observed"
"IT",1918,"63",63,0.04436,FALSE,"observed"
"IT",1918,"64",64,0.04727,FALSE,"observed"
"IT",1918,"65",65,0.04972,FALSE,"observed"
"IT",1918,"66",66,0.0525,FALSE,"observed"
"IT",1918,"67",67,0.05639,FALSE,"observed"
"IT",1918,"68",68,0.06227,FALSE,"observed"
"IT",1918,"69",69,0.07024,FALSE,"observed"
"IT",1918,"70",70,0.08003,FALSE,"observed"
"IT",1918,"71",71,0.09144,FALSE,"observed"
"IT",1918,"72",72,0.10404,FALSE,"observed"
"IT",1918,"73",73,0.11496,FALSE,"observed"
"IT",1918,"74",74,0.12325,FALSE,"observed"
"IT",1918,"75",75,0.12948,FALSE,"observed"
"IT",1918,"76",76,0.13695,FALSE,"observed"
"IT",1918,"77",77,0.14817,FALSE,"observed"
"IT",1918,"78",78,0.16249,FALSE,"observed"
"IT",1918,"79",79,0.17882,FALSE,"observed"
"IT",1918,"80",80,0.19225,FALSE,"observed"
"IT",1918,"81",81,0.21342,FALSE,"observed"
"IT",1918,"82",82,0.23608,FALSE,"observed"
"IT",1918,"83",83,0.26012,FALSE,"observed"
"IT",1918,"84",84,0.28119,FALSE,"observed"
"IT",1918,"85",85,0.29523,FALSE,"observed"
"IT",1918,"86",86,0.30678,FALSE,"observed"
"IT",1918,"87",87,0.3176,FALSE,"observed"
"IT",1918,"88",88,0.33032,FALSE,"observed"
"IT",1918,"89",89,0.34893,FALSE,"observed"
"IT",1918,"90",90,0.37686,FALSE,"observed"
"IT",1918,"91",91,0.406,FALSE,"observed"
"IT",1918,"92",92,0.4322,FALSE,"observed"
"IT",1918,"93",93,0.44674,FALSE,"observed"
"IT",1918,"94",94,0.45308,FALSE,"observed"
"IT",1918,"95",95,0.50235,FALSE,"observed"
"IT",1918,"96",96,0.52474,FALSE,"observed"
"IT",1918,"97",97,0.54689,FALSE,"observed"
"IT",1918,"98",98,0.56872,FALSE,"observed"
"IT",1918,"99",99,0.59015,FALSE,"observed"
"IT",1918,"100",100,0.61112,FALSE,"observed"
"IT",1918,"101",101,0.63155,FALSE,"observed"
"IT",1918,"102",102,0.65141,FALSE,"observed"
"IT",1918,"103",103,0.67066,FALSE,"observed"
"IT",1918,"104",104,0.68925,FALSE,"observed"
"IT",1918,"105",105,0.70718,FALSE,"observed"
"IT",1918,"106",106,0.72442,FALSE,"observed"
"IT",1918,"107",107,0.74097,FALSE,"observed"
"IT",1918,"108",108,0.75682,FALSE,"observed"
"IT",1918,"109",109,0.77197,FALSE,"observed"
"IT",1918,"110+",110,0.78642,FALSE,"observed"
"IT",1919,"0",0,0.1748,FALSE,"observed"
"IT",1919,"1",1,0.06488,FALSE,"observed"
"IT",1919,"2",2,0.03,FALSE,"observed"
"IT",1919,"3",3,0.01692,FALSE,"observed"
"IT",1919,"4",4,0.01274,FALSE,"observed"
"IT",1919,"5",5,0.00901,FALSE,"observed"
"IT",1919,"6",6,0.00727,FALSE,"observed"
"IT",1919,"7",7,0.00582,FALSE,"observed"
"IT",1919,"8",8,0.00501,FALSE,"observed"
"IT",1919,"9",9,0.00435,FALSE,"observed"
"IT",1919,"10",10,0.00397,FALSE,"observed"
"IT",1919,"11",11,0.00355,FALSE,"observed"
"IT",1919,"12",12,0.00384,FALSE,"observed"
"IT",1919,"13",13,0.00381,FALSE,"observed"
"IT",1919,"14",14,0.00448,FALSE,"observed"
"IT",1919,"15",15,0.00519,FALSE,"observed"
"IT",1919,"16",16,0.00572,FALSE,"observed"
"IT",1919,"17",17,0.00642,FALSE,"observed"
"IT",1919,"18",18,0.00701,FALSE,"observed"
"IT",1919,"19",19,0.00759,FALSE,"observed"
"IT",1919,"20",20,0.00854,FALSE,"observed"
"IT",1919,"21",21,0.00872,FALSE,"observed"
"IT",1919,"22",22,0.00891,FALSE,"observed"
"IT",1919,"23",23,0.00933,FALSE,"observed"
"IT",1919,"24",24,0.00996,FALSE,"observed"
"IT",1919,"25",25,0.01096,FALSE,"observed"
"IT",1919,"26",26,0.0123,FALSE,"observed"
"IT",1919,"27",27,0.01357,FALSE,"observed"
"IT",1919,"28",28,0.01461,FALSE,"observed"
"IT",1919,"29",29,0.01599,FALSE,"observed"
"IT",1919,"30",30,0.01711,FALSE,"observed"
"IT",1919,"31",31,0.01779,FALSE,"observed"
"IT",1919,"32",32,0.01831,FALSE,"observed"
"IT",1919,"33",33,0.01815,FALSE,"observed"
"IT",1919,"34",34,0.01731,FALSE,"observed"
"IT",1919,"35",35,0.0164,FALSE,"observed"
"IT",1919,"36",36,0.01568,FALSE,"observed"
"IT",1919,"37",37,0.01509,FALSE,"observed"
"IT",1919,"38",38,0.01447,FALSE,"observed"
"IT",1919,"39",39,0.01371,FALSE,"observed"
"IT",1919,"40",40,0.01305,FALSE,"observed"
"IT",1919,"41",41,0.01248,FALSE,"observed"
"IT",1919,"42",42,0.01206,FALSE,"observed"
"IT",1919,"43",43,0.01188,FALSE,"observed"
"IT",1919,"44",44,0.01172,FALSE,"observed"
"IT",1919,"45",45,0.01134,FALSE,"observed"
"IT",1919,"46",46,0.01107,FALSE,"observed"
"IT",1919,"47",47,0.01108,FALSE,"observed"
"IT",1919,"48",48,0.01145,FALSE,"observed"
"IT",1919,"49",49,0.0121,FALSE,"observed"
"IT",1919,"50",50,0.01287,FALSE,"observed"
"IT",1919,"51",51,0.01346,FALSE,"observed"
"IT",1919,"52",52,0.01394,FALSE,"observed"
"IT",1919,"53",53,0.01446,FALSE,"observed"
"IT",1919,"54",54,0.015,FALSE,"observed"
"IT",1919,"55",55,0.01549,FALSE,"observed"
"IT",1919,"56",56,0.01612,FALSE,"observed"
"IT",1919,"57",57,0.01694,FALSE,"observed"
"IT",1919,"58",58,0.01822,FALSE,"observed"
"IT",1919,"59",59,0.02037,FALSE,"observed"
"IT",1919,"60",60,0.02334,FALSE,"observed"
"IT",1919,"61",61,0.0267,FALSE,"observed"
"IT",1919,"62",62,0.03035,FALSE,"observed"
"IT",1919,"63",63,0.03394,FALSE,"observed"
"IT",1919,"64",64,0.03664,FALSE,"observed"
"IT",1919,"65",65,0.03861,FALSE,"observed"
"IT",1919,"66",66,0.04071,FALSE,"observed"
"IT",1919,"67",67,0.04339,FALSE,"observed"
"IT",1919,"68",68,0.04722,FALSE,"observed"
"IT",1919,"69",69,0.05305,FALSE,"observed"
"IT",1919,"70",70,0.06052,FALSE,"observed"
"IT",1919,"71",71,0.06891,FALSE,"observed"
"IT",1919,"72",72,0.07894,FALSE,"observed"
"IT",1919,"73",73,0.0905,FALSE,"observed"
"IT",1919,"74",74,0.1008,FALSE,"observed"
"IT",1919,"75",75,0.10999,FALSE,"observed"
"IT",1919,"76",76,0.11846,FALSE,"observed"
"IT",1919,"77",77,0.12831,FALSE,"observed"
"IT",1919,"78",78,0.14193,FALSE,"observed"
"IT",1919,"79",79,0.15814,FALSE,"observed"
"IT",1919,"80",80,0.16804,FALSE,"observed"
"IT",1919,"81",81,0.18833,FALSE,"observed"
"IT",1919,"82",82,0.20841,FALSE,"observed"
"IT",1919,"83",83,0.22965,FALSE,"observed"
"IT",1919,"84",84,0.2512,FALSE,"observed"
"IT",1919,"85",85,0.26852,FALSE,"observed"
"IT",1919,"86",86,0.28375,FALSE,"observed"
"IT",1919,"87",87,0.29898,FALSE,"observed"
"IT",1919,"88",88,0.31358,FALSE,"observed"
"IT",1919,"89",89,0.33117,FALSE,"observed"
"IT",1919,"90",90,0.35575,FALSE,"observed"
"IT",1919,"91",91,0.37736,FALSE,"observed"
"IT",1919,"92",92,0.39234,FALSE,"observed"
"IT",1919,"93",93,0.40031,FALSE,"observed"
"IT",1919,"94",94,0.40077,FALSE,"observed"
"IT",1919,"95",95,0.48045,FALSE,"observed"
"IT",1919,"96",96,0.50455,FALSE,"observed"
"IT",1919,"97",97,0.52858,FALSE,"observed"
"IT",1919,"98",98,0.55242,FALSE,"observed"
"IT",1919,"99",99,0.57598,FALSE,"observed"
"IT",1919,"100",100,0.59915,FALSE,"observed"
"IT",1919,"101",101,0.62185,FALSE,"observed"
"IT",1919,"102",102,0.64398,FALSE,"observed"
"IT",1919,"103",103,0.66548,FALSE,"observed"
"IT",1919,"104",104,0.68628,FALSE,"observed"
"IT",1919,"105",105,0.70634,FALSE,"observed"
"IT",1919,"106",106,0.7256,FALSE,"observed"
"IT",1919,"107",107,0.74404,FALSE,"observed"
"IT",1919,"108",108,0.76164,FALSE,"observed"
"IT",1919,"109",109,0.77838,FALSE,"observed"
"IT",1919,"110+",110,0.79426,FALSE,"observed"
"IT",1920,"0",0,0.15457,FALSE,"observed"
"IT",1920,"1",1,0.06575,FALSE,"observed"
"IT",1920,"2",2,0.02889,FALSE,"observed"
"IT",1920,"3",3,0.01621,FALSE,"observed"
"IT",1920,"4",4,0.01122,FALSE,"observed"
"IT",1920,"5",5,0.00813,FALSE,"observed"
"IT",1920,"6",6,0.00635,FALSE,"observed"
"IT",1920,"7",7,0.00512,FALSE,"observed"
"IT",1920,"8",8,0.00449,FALSE,"observed"
"IT",1920,"9",9,0.00395,FALSE,"observed"
"IT",1920,"10",10,0.00368,FALSE,"observed"
"IT",1920,"11",11,0.00324,FALSE,"observed"
"IT",1920,"12",12,0.0035,FALSE,"observed"
"IT",1920,"13",13,0.00336,FALSE,"observed"
"IT",1920,"14",14,0.00389,FALSE,"observed"
"IT",1920,"15",15,0.00446,FALSE,"observed"
"IT",1920,"16",16,0.00519,FALSE,"observed"
"IT",1920,"17",17,0.00578,FALSE,"observed"
"IT",1920,"18",18,0.00681,FALSE,"observed"
"IT",1920,"19",19,0.0073,FALSE,"observed"
"IT",1920,"20",20,0.00754,FALSE,"observed"
"IT",1920,"21",21,0.00769,FALSE,"observed"
"IT",1920,"22",22,0.00772,FALSE,"observed"
"IT",1920,"23",23,0.00784,FALSE,"observed"
"IT",1920,"24",24,0.00794,FALSE,"observed"
"IT",1920,"25",25,0.00795,FALSE,"observed"
"IT",1920,"26",26,0.00799,FALSE,"observed"
"IT",1920,"27",27,0.00809,FALSE,"observed"
"IT",1920,"28",28,0.00812,FALSE,"observed"
"IT",1920,"29",29,0.00805,FALSE,"observed"
"IT",1920,"30",30,0.00808,FALSE,"observed"
"IT",1920,"31",31,0.00815,FALSE,"observed"
"IT",1920,"32",32,0.00825,FALSE,"observed"
"IT",1920,"33",33,0.00833,FALSE,"observed"
"IT",1920,"34",34,0.00836,FALSE,"observed"
"IT",1920,"35",35,0.00837,FALSE,"observed"
"IT",1920,"36",36,0.00838,FALSE,"observed"
"IT",1920,"37",37,0.00843,FALSE,"observed"
"IT",1920,"38",38,0.0086,FALSE,"observed"
"IT",1920,"39",39,0.00876,FALSE,"observed"
"IT",1920,"40",40,0.00881,FALSE,"observed"
"IT",1920,"41",41,0.0088,FALSE,"observed"
"IT",1920,"42",42,0.00878,FALSE,"observed"
"IT",1920,"43",43,0.00889,FALSE,"observed"
"IT",1920,"44",44,0.00921,FALSE,"observed"
"IT",1920,"45",45,0.00957,FALSE,"observed"
"IT",1920,"46",46,0.00982,FALSE,"observed"
"IT",1920,"47",47,0.01013,FALSE,"observed"
"IT",1920,"48",48,0.01062,FALSE,"observed"
"IT",1920,"49",49,0.0114,FALSE,"observed"
"IT",1920,"50",50,0.0123,FALSE,"observed"
"IT",1920,"51",51,0.01304,FALSE,"observed"
"IT",1920,"52",52,0.01356,FALSE,"observed"
"IT",1920,"53",53,0.01409,FALSE,"observed"
"IT",1920,"54",54,0.01475,FALSE,"observed"
"IT",1920,"55",55,0.01553,FALSE,"observed"
"IT",1920,"56",56,0.01652,FALSE,"observed"
"IT",1920,"57",57,0.01757,FALSE,"observed"
"IT",1920,"58",58,0.01869,FALSE,"observed"
"IT",1920,"59",59,0.02023,FALSE,"observed"
"IT",1920,"60",60,0.0224,FALSE,"observed"
"IT",1920,"61",61,0.02497,FALSE,"observed"
"IT",1920,"62",62,0.02803,FALSE,"observed"
"IT",1920,"63",63,0.03143,FALSE,"observed"
"IT",1920,"64",64,0.03473,FALSE,"observed"
"IT",1920,"65",65,0.03715,FALSE,"observed"
"IT",1920,"66",66,0.03937,FALSE,"observed"
"IT",1920,"67",67,0.04198,FALSE,"observed"
"IT",1920,"68",68,0.04535,FALSE,"observed"
"IT",1920,"69",69,0.05014,FALSE,"observed"
"IT",1920,"70",70,0.0568,FALSE,"observed"
"IT",1920,"71",71,0.06423,FALSE,"observed"
"IT",1920,"72",72,0.07249,FALSE,"observed"
"IT",1920,"73",73,0.08239,FALSE,"observed"
"IT",1920,"74",74,0.09338,FALSE,"observed"
"IT",1920,"75",75,0.10289,FALSE,"observed"
"IT",1920,"76",76,0.11193,FALSE,"observed"
"IT",1920,"77",77,0.11994,FALSE,"observed"
"IT",1920,"78",78,0.12969,FALSE,"observed"
"IT",1920,"79",79,0.14374,FALSE,"observed"
"IT",1920,"80",80,0.15201,FALSE,"observed"
"IT",1920,"81",81,0.17164,FALSE,"observed"
"IT",1920,"82",82,0.19213,FALSE,"observed"
"IT",1920,"83",83,0.21101,FALSE,"observed"
"IT",1920,"84",84,0.22871,FALSE,"observed"
"IT",1920,"85",85,0.2441,FALSE,"observed"
"IT",1920,"86",86,0.25726,FALSE,"observed"
"IT",1920,"87",87,0.26899,FALSE,"observed"
"IT",1920,"88",88,0.2805,FALSE,"observed"
"IT",1920,"89",89,0.29255,FALSE,"observed"
"IT",1920,"90",90,0.31151,FALSE,"observed"
"IT",1920,"91",91,0.33386,FALSE,"observed"
"IT",1920,"92",92,0.35096,FALSE,"observed"
"IT",1920,"93",93,0.36281,FALSE,"observed"
"IT",1920,"94",94,0.3806,FALSE,"observed"
"IT",1920,"95",95,0.43511,FALSE,"observed"
"IT",1920,"96",96,0.45723,FALSE,"observed"
"IT",1920,"97",97,0.47938,FALSE,"observed"
"IT",1920,"98",98,0.50145,FALSE,"observed"
"IT",1920,"99",99,0.52336,FALSE,"observed"
"IT",1920,"100",100,0.54504,FALSE,"observed"
"IT",1920,"101",101,0.5664,FALSE,"observed"
"IT",1920,"102",102,0.58738,FALSE,"observed"
"IT",1920,"103",103,0.60792,FALSE,"observed"
"IT",1920,"104",104,0.62796,FALSE,"observed"
"IT",1920,"105",105,0.64747,FALSE,"observed"
"IT",1920,"106",106,0.66641,FALSE,"observed"
"IT",1920,"107",107,0.68474,FALSE,"observed"
"IT",1920,"108",108,0.70246,FALSE,"observed"
"IT",1920,"109",109,0.71953,FALSE,"observed"
"IT",1920,"110+",110,0.73596,FALSE,"observed"
"IT",1921,"0",0,0.15186,FALSE,"observed"
"IT",1921,"1",1,0.05754,FALSE,"observed"
"IT",1921,"2",2,0.02374,FALSE,"observed"
"IT",1921,"3",3,0.01246,FALSE,"observed"
"IT",1921,"4",4,0.00845,FALSE,"observed"
"IT",1921,"5",5,0.00578,FALSE,"observed"
"IT",1921,"6",6,0.0049,FALSE,"observed"
"IT",1921,"7",7,0.00406,FALSE,"observed"
"IT",1921,"8",8,0.00322,FALSE,"observed"
"IT",1921,"9",9,0.00325,FALSE,"observed"
"IT",1921,"10",10,0.00291,FALSE,"observed"
"IT",1921,"11",11,0.00272,FALSE,"observed"
"IT",1921,"12",12,0.0026,FALSE,"observed"
"IT",1921,"13",13,0.00268,FALSE,"observed"
"IT",1921,"14",14,0.003,FALSE,"observed"
"IT",1921,"15",15,0.00337,FALSE,"observed"
"IT",1921,"16",16,0.00376,FALSE,"observed"
"IT",1921,"17",17,0.0044,FALSE,"observed"
"IT",1921,"18",18,0.00502,FALSE,"observed"
"IT",1921,"19",19,0.00583,FALSE,"observed"
"IT",1921,"20",20,0.00639,FALSE,"observed"
"IT",1921,"21",21,0.00608,FALSE,"observed"
"IT",1921,"22",22,0.00599,FALSE,"observed"
"IT",1921,"23",23,0.0059,FALSE,"observed"
"IT",1921,"24",24,0.00581,FALSE,"observed"
"IT",1921,"25",25,0.00587,FALSE,"observed"
"IT",1921,"26",26,0.00587,FALSE,"observed"
"IT",1921,"27",27,0.00582,FALSE,"observed"
"IT",1921,"28",28,0.0058,FALSE,"observed"
"IT",1921,"29",29,0.00576,FALSE,"observed"
"IT",1921,"30",30,0.00577,FALSE,"observed"
"IT",1921,"31",31,0.00577,FALSE,"observed"
"IT",1921,"32",32,0.00576,FALSE,"observed"
"IT",1921,"33",33,0.00583,FALSE,"observed"
"IT",1921,"34",34,0.00585,FALSE,"observed"
"IT",1921,"35",35,0.00603,FALSE,"observed"
"IT",1921,"36",36,0.0061,FALSE,"observed"
"IT",1921,"37",37,0.00616,FALSE,"observed"
"IT",1921,"38",38,0.00638,FALSE,"observed"
"IT",1921,"39",39,0.00659,FALSE,"observed"
"IT",1921,"40",40,0.00671,FALSE,"observed"
"IT",1921,"41",41,0.00698,FALSE,"observed"
"IT",1921,"42",42,0.00699,FALSE,"observed"
"IT",1921,"43",43,0.00717,FALSE,"observed"
"IT",1921,"44",44,0.00736,FALSE,"observed"
"IT",1921,"45",45,0.00759,FALSE,"observed"
"IT",1921,"46",46,0.00797,FALSE,"observed"
"IT",1921,"47",47,0.0087,FALSE,"observed"
"IT",1921,"48",48,0.00912,FALSE,"observed"
"IT",1921,"49",49,0.00967,FALSE,"observed"
"IT",1921,"50",50,0.01038,FALSE,"observed"
"IT",1921,"51",51,0.01096,FALSE,"observed"
"IT",1921,"52",52,0.01151,FALSE,"observed"
"IT",1921,"53",53,0.01234,FALSE,"observed"
"IT",1921,"54",54,0.01288,FALSE,"observed"
"IT",1921,"55",55,0.01348,FALSE,"observed"
"IT",1921,"56",56,0.01448,FALSE,"observed"
"IT",1921,"57",57,0.01592,FALSE,"observed"
"IT",1921,"58",58,0.01738,FALSE,"observed"
"IT",1921,"59",59,0.01927,FALSE,"observed"
"IT",1921,"60",60,0.02113,FALSE,"observed"
"IT",1921,"61",61,0.02328,FALSE,"observed"
"IT",1921,"62",62,0.02551,FALSE,"observed"
"IT",1921,"63",63,0.02812,FALSE,"observed"
"IT",1921,"64",64,0.03091,FALSE,"observed"
"IT",1921,"65",65,0.03384,FALSE,"observed"
"IT",1921,"66",66,0.03673,FALSE,"observed"
"IT",1921,"67",67,0.04034,FALSE,"observed"
"IT",1921,"68",68,0.04433,FALSE,"observed"
"IT",1921,"69",69,0.04931,FALSE,"observed"
"IT",1921,"70",70,0.05537,FALSE,"observed"
"IT",1921,"71",71,0.0629,FALSE,"observed"
"IT",1921,"72",72,0.07201,FALSE,"observed"
"IT",1921,"73",73,0.08052,FALSE,"observed"
"IT",1921,"74",74,0.09032,FALSE,"observed"
"IT",1921,"75",75,0.10138,FALSE,"observed"
"IT",1921,"76",76,0.11109,FALSE,"observed"
"IT",1921,"77",77,0.12038,FALSE,"observed"
"IT",1921,"78",78,0.13046,FALSE,"observed"
"IT",1921,"79",79,0.14534,FALSE,"observed"
"IT",1921,"80",80,0.15074,FALSE,"observed"
"IT",1921,"81",81,0.16901,FALSE,"observed"
"IT",1921,"82",82,0.19205,FALSE,"observed"
"IT",1921,"83",83,0.21508,FALSE,"observed"
"IT",1921,"84",84,0.23327,FALSE,"observed"
"IT",1921,"85",85,0.24703,FALSE,"observed"
"IT",1921,"86",86,0.26124,FALSE,"observed"
"IT",1921,"87",87,0.27433,FALSE,"observed"
"IT",1921,"88",88,0.28624,FALSE,"observed"
"IT",1921,"89",89,0.30073,FALSE,"observed"
"IT",1921,"90",90,0.32091,FALSE,"observed"
"IT",1921,"91",91,0.34583,FALSE,"observed"
"IT",1921,"92",92,0.37523,FALSE,"observed"
"IT",1921,"93",93,0.39889,FALSE,"observed"
"IT",1921,"94",94,0.42219,FALSE,"observed"
"IT",1921,"95",95,0.4594,FALSE,"observed"
"IT",1921,"96",96,0.48364,FALSE,"observed"
"IT",1921,"97",97,0.50783,FALSE,"observed"
"IT",1921,"98",98,0.53184,FALSE,"observed"
"IT",1921,"99",99,0.55557,FALSE,"observed"
"IT",1921,"100",100,0.57892,FALSE,"observed"
"IT",1921,"101",101,0.60179,FALSE,"observed"
"IT",1921,"102",102,0.62411,FALSE,"observed"
"IT",1921,"103",103,0.6458,FALSE,"observed"
"IT",1921,"104",104,0.6668,FALSE,"observed"
"IT",1921,"105",105,0.68707,FALSE,"observed"
"IT",1921,"106",106,0.70657,FALSE,"observed"
"IT",1921,"107",107,0.72528,FALSE,"observed"
"IT",1921,"108",108,0.74317,FALSE,"observed"
"IT",1921,"109",109,0.76024,FALSE,"observed"
"IT",1921,"110+",110,0.77649,FALSE,"observed"
"IT",1922,"0",0,0.13822,FALSE,"observed"
"IT",1922,"1",1,0.05051,FALSE,"observed"
"IT",1922,"2",2,0.02202,FALSE,"observed"
"IT",1922,"3",3,0.01258,FALSE,"observed"
"IT",1922,"4",4,0.00788,FALSE,"observed"
"IT",1922,"5",5,0.00545,FALSE,"observed"
"IT",1922,"6",6,0.00418,FALSE,"observed"
"IT",1922,"7",7,0.00337,FALSE,"observed"
"IT",1922,"8",8,0.00296,FALSE,"observed"
"IT",1922,"9",9,0.00262,FALSE,"observed"
"IT",1922,"10",10,0.00261,FALSE,"observed"
"IT",1922,"11",11,0.00233,FALSE,"observed"
"IT",1922,"12",12,0.00243,FALSE,"observed"
"IT",1922,"13",13,0.00243,FALSE,"observed"
"IT",1922,"14",14,0.00288,FALSE,"observed"
"IT",1922,"15",15,0.00322,FALSE,"observed"
"IT",1922,"16",16,0.0036,FALSE,"observed"
"IT",1922,"17",17,0.00399,FALSE,"observed"
"IT",1922,"18",18,0.0046,FALSE,"observed"
"IT",1922,"19",19,0.00512,FALSE,"observed"
"IT",1922,"20",20,0.00571,FALSE,"observed"
"IT",1922,"21",21,0.00588,FALSE,"observed"
"IT",1922,"22",22,0.0058,FALSE,"observed"
"IT",1922,"23",23,0.00594,FALSE,"observed"
"IT",1922,"24",24,0.00583,FALSE,"observed"
"IT",1922,"25",25,0.00573,FALSE,"observed"
"IT",1922,"26",26,0.00574,FALSE,"observed"
"IT",1922,"27",27,0.00567,FALSE,"observed"
"IT",1922,"28",28,0.0056,FALSE,"observed"
"IT",1922,"29",29,0.00562,FALSE,"observed"
"IT",1922,"30",30,0.00576,FALSE,"observed"
"IT",1922,"31",31,0.0059,FALSE,"observed"
"IT",1922,"32",32,0.00592,FALSE,"observed"
"IT",1922,"33",33,0.00596,FALSE,"observed"
"IT",1922,"34",34,0.00604,FALSE,"observed"
"IT",1922,"35",35,0.00621,FALSE,"observed"
"IT",1922,"36",36,0.0064,FALSE,"observed"
"IT",1922,"37",37,0.00645,FALSE,"observed"
"IT",1922,"38",38,0.00659,FALSE,"observed"
"IT",1922,"39",39,0.00678,FALSE,"observed"
"IT",1922,"40",40,0.00688,FALSE,"observed"
"IT",1922,"41",41,0.00712,FALSE,"observed"
"IT",1922,"42",42,0.00734,FALSE,"observed"
"IT",1922,"43",43,0.00746,FALSE,"observed"
"IT",1922,"44",44,0.00768,FALSE,"observed"
"IT",1922,"45",45,0.00781,FALSE,"observed"
"IT",1922,"46",46,0.00809,FALSE,"observed"
"IT",1922,"47",47,0.00892,FALSE,"observed"
"IT",1922,"48",48,0.00981,FALSE,"observed"
"IT",1922,"49",49,0.01027,FALSE,"observed"
"IT",1922,"50",50,0.01079,FALSE,"observed"
"IT",1922,"51",51,0.01131,FALSE,"observed"
"IT",1922,"52",52,0.01185,FALSE,"observed"
"IT",1922,"53",53,0.01281,FALSE,"observed"
"IT",1922,"54",54,0.01375,FALSE,"observed"
"IT",1922,"55",55,0.01427,FALSE,"observed"
"IT",1922,"56",56,0.01508,FALSE,"observed"
"IT",1922,"57",57,0.01658,FALSE,"observed"
"IT",1922,"58",58,0.01853,FALSE,"observed"
"IT",1922,"59",59,0.02085,FALSE,"observed"
"IT",1922,"60",60,0.02314,FALSE,"observed"
"IT",1922,"61",61,0.02487,FALSE,"observed"
"IT",1922,"62",62,0.02661,FALSE,"observed"
"IT",1922,"63",63,0.02864,FALSE,"observed"
"IT",1922,"64",64,0.0311,FALSE,"observed"
"IT",1922,"65",65,0.03421,FALSE,"observed"
"IT",1922,"66",66,0.03831,FALSE,"observed"
"IT",1922,"67",67,0.04335,FALSE,"observed"
"IT",1922,"68",68,0.04912,FALSE,"observed"
"IT",1922,"69",69,0.05502,FALSE,"observed"
"IT",1922,"70",70,0.06127,FALSE,"observed"
"IT",1922,"71",71,0.06811,FALSE,"observed"
"IT",1922,"72",72,0.07751,FALSE,"observed"
"IT",1922,"73",73,0.08759,FALSE,"observed"
"IT",1922,"74",74,0.09646,FALSE,"observed"
"IT",1922,"75",75,0.10781,FALSE,"observed"
"IT",1922,"76",76,0.12027,FALSE,"observed"
"IT",1922,"77",77,0.1316,FALSE,"observed"
"IT",1922,"78",78,0.14433,FALSE,"observed"
"IT",1922,"79",79,0.16001,FALSE,"observed"
"IT",1922,"80",80,0.16243,FALSE,"observed"
"IT",1922,"81",81,0.17904,FALSE,"observed"
"IT",1922,"82",82,0.20043,FALSE,"observed"
"IT",1922,"83",83,0.2282,FALSE,"observed"
"IT",1922,"84",84,0.25497,FALSE,"observed"
"IT",1922,"85",85,0.27421,FALSE,"observed"
"IT",1922,"86",86,0.29257,FALSE,"observed"
"IT",1922,"87",87,0.31417,FALSE,"observed"
"IT",1922,"88",88,0.33349,FALSE,"observed"
"IT",1922,"89",89,0.3492,FALSE,"observed"
"IT",1922,"90",90,0.36483,FALSE,"observed"
"IT",1922,"91",91,0.37424,FALSE,"observed"
"IT",1922,"92",92,0.38357,FALSE,"observed"
"IT",1922,"93",93,0.39821,FALSE,"observed"
"IT",1922,"94",94,0.41924,FALSE,"observed"
"IT",1922,"95",95,0.51864,FALSE,"observed"
"IT",1922,"96",96,0.54571,FALSE,"observed"
"IT",1922,"97",97,0.5724,FALSE,"observed"
"IT",1922,"98",98,0.59855,FALSE,"observed"
"IT",1922,"99",99,0.62404,FALSE,"observed"
"IT",1922,"100",100,0.64875,FALSE,"observed"
"IT",1922,"101",101,0.67259,FALSE,"observed"
"IT",1922,"102",102,0.69548,FALSE,"observed"
"IT",1922,"103",103,0.71736,FALSE,"observed"
"IT",1922,"104",104,0.73818,FALSE,"observed"
"IT",1922,"105",105,0.75793,FALSE,"observed"
"IT",1922,"106",106,0.77659,FALSE,"observed"
"IT",1922,"107",107,0.79415,FALSE,"observed"
"IT",1922,"108",108,0.81064,FALSE,"observed"
"IT",1922,"109",109,0.82607,FALSE,"observed"
"IT",1922,"110+",110,0.84047,FALSE,"observed"
"IT",1923,"0",0,0.13286,FALSE,"observed"
"IT",1923,"1",1,0.05092,FALSE,"observed"
"IT",1923,"2",2,0.02005,FALSE,"observed"
"IT",1923,"3",3,0.01145,FALSE,"observed"
"IT",1923,"4",4,0.00798,FALSE,"observed"
"IT",1923,"5",5,0.00517,FALSE,"observed"
"IT",1923,"6",6,0.00395,FALSE,"observed"
"IT",1923,"7",7,0.00298,FALSE,"observed"
"IT",1923,"8",8,0.00263,FALSE,"observed"
"IT",1923,"9",9,0.00269,FALSE,"observed"
"IT",1923,"10",10,0.00232,FALSE,"observed"
"IT",1923,"11",11,0.00226,FALSE,"observed"
"IT",1923,"12",12,0.00222,FALSE,"observed"
"IT",1923,"13",13,0.00237,FALSE,"observed"
"IT",1923,"14",14,0.00281,FALSE,"observed"
"IT",1923,"15",15,0.00326,FALSE,"observed"
"IT",1923,"16",16,0.00355,FALSE,"observed"
"IT",1923,"17",17,0.00394,FALSE,"observed"
"IT",1923,"18",18,0.00438,FALSE,"observed"
"IT",1923,"19",19,0.0051,FALSE,"observed"
"IT",1923,"20",20,0.00564,FALSE,"observed"
"IT",1923,"21",21,0.00585,FALSE,"observed"
"IT",1923,"22",22,0.00578,FALSE,"observed"
"IT",1923,"23",23,0.00555,FALSE,"observed"
"IT",1923,"24",24,0.00556,FALSE,"observed"
"IT",1923,"25",25,0.00539,FALSE,"observed"
"IT",1923,"26",26,0.00532,FALSE,"observed"
"IT",1923,"27",27,0.00539,FALSE,"observed"
"IT",1923,"28",28,0.00538,FALSE,"observed"
"IT",1923,"29",29,0.00537,FALSE,"observed"
"IT",1923,"30",30,0.00542,FALSE,"observed"
"IT",1923,"31",31,0.00553,FALSE,"observed"
"IT",1923,"32",32,0.00561,FALSE,"observed"
"IT",1923,"33",33,0.00559,FALSE,"observed"
"IT",1923,"34",34,0.00557,FALSE,"observed"
"IT",1923,"35",35,0.0056,FALSE,"observed"
"IT",1923,"36",36,0.00574,FALSE,"observed"
"IT",1923,"37",37,0.0059,FALSE,"observed"
"IT",1923,"38",38,0.00597,FALSE,"observed"
"IT",1923,"39",39,0.00615,FALSE,"observed"
"IT",1923,"40",40,0.00639,FALSE,"observed"
"IT",1923,"41",41,0.00654,FALSE,"observed"
"IT",1923,"42",42,0.00681,FALSE,"observed"
"IT",1923,"43",43,0.00704,FALSE,"observed"
"IT",1923,"44",44,0.00713,FALSE,"observed"
"IT",1923,"45",45,0.00731,FALSE,"observed"
"IT",1923,"46",46,0.00741,FALSE,"observed"
"IT",1923,"47",47,0.0077,FALSE,"observed"
"IT",1923,"48",48,0.00858,FALSE,"observed"
"IT",1923,"49",49,0.00957,FALSE,"observed"
"IT",1923,"50",50,0.01017,FALSE,"observed"
"IT",1923,"51",51,0.01075,FALSE,"observed"
"IT",1923,"52",52,0.01127,FALSE,"observed"
"IT",1923,"53",53,0.01172,FALSE,"observed"
"IT",1923,"54",54,0.01251,FALSE,"observed"
"IT",1923,"55",55,0.01325,FALSE,"observed"
"IT",1923,"56",56,0.01373,FALSE,"observed"
"IT",1923,"57",57,0.01461,FALSE,"observed"
"IT",1923,"58",58,0.0163,FALSE,"observed"
"IT",1923,"59",59,0.01853,FALSE,"observed"
"IT",1923,"60",60,0.02113,FALSE,"observed"
"IT",1923,"61",61,0.02336,FALSE,"observed"
"IT",1923,"62",62,0.02483,FALSE,"observed"
"IT",1923,"63",63,0.02616,FALSE,"observed"
"IT",1923,"64",64,0.02766,FALSE,"observed"
"IT",1923,"65",65,0.02965,FALSE,"observed"
"IT",1923,"66",66,0.03281,FALSE,"observed"
"IT",1923,"67",67,0.03724,FALSE,"observed"
"IT",1923,"68",68,0.04305,FALSE,"observed"
"IT",1923,"69",69,0.04986,FALSE,"observed"
"IT",1923,"70",70,0.05659,FALSE,"observed"
"IT",1923,"71",71,0.0624,FALSE,"observed"
"IT",1923,"72",72,0.06835,FALSE,"observed"
"IT",1923,"73",73,0.07682,FALSE,"observed"
"IT",1923,"74",74,0.08557,FALSE,"observed"
"IT",1923,"75",75,0.09264,FALSE,"observed"
"IT",1923,"76",76,0.10267,FALSE,"observed"
"IT",1923,"77",77,0.11401,FALSE,"observed"
"IT",1923,"78",78,0.12525,FALSE,"observed"
"IT",1923,"79",79,0.13881,FALSE,"observed"
"IT",1923,"80",80,0.14307,FALSE,"observed"
"IT",1923,"81",81,0.16039,FALSE,"observed"
"IT",1923,"82",82,0.17821,FALSE,"observed"
"IT",1923,"83",83,0.20015,FALSE,"observed"
"IT",1923,"84",84,0.22683,FALSE,"observed"
"IT",1923,"85",85,0.24826,FALSE,"observed"
"IT",1923,"86",86,0.26186,FALSE,"observed"
"IT",1923,"87",87,0.27489,FALSE,"observed"
"IT",1923,"88",88,0.29145,FALSE,"observed"
"IT",1923,"89",89,0.30652,FALSE,"observed"
"IT",1923,"90",90,0.32114,FALSE,"observed"
"IT",1923,"91",91,0.33194,FALSE,"observed"
"IT",1923,"92",92,0.33322,FALSE,"observed"
"IT",1923,"93",93,0.33513,FALSE,"observed"
"IT",1923,"94",94,0.35195,FALSE,"observed"
"IT",1923,"95",95,0.45543,FALSE,"observed"
"IT",1923,"96",96,0.48039,FALSE,"observed"
"IT",1923,"97",97,0.50531,FALSE,"observed"
"IT",1923,"98",98,0.53008,FALSE,"observed"
"IT",1923,"99",99,0.55456,FALSE,"observed"
"IT",1923,"100",100,0.57865,FALSE,"observed"
"IT",1923,"101",101,0.60224,FALSE,"observed"
"IT",1923,"102",102,0.62526,FALSE,"observed"
"IT",1923,"103",103,0.64761,FALSE,"observed"
"IT",1923,"104",104,0.66925,FALSE,"observed"
"IT",1923,"105",105,0.6901,FALSE,"observed"
"IT",1923,"106",106,0.71013,FALSE,"observed"
"IT",1923,"107",107,0.72932,FALSE,"observed"
"IT",1923,"108",108,0.74764,FALSE,"observed"
"IT",1923,"109",109,0.76508,FALSE,"observed"
"IT",1923,"110+",110,0.78164,FALSE,"observed"
"IT",1924,"0",0,0.13256,FALSE,"observed"
"IT",1924,"1",1,0.04416,FALSE,"observed"
"IT",1924,"2",2,0.01702,FALSE,"observed"
"IT",1924,"3",3,0.01115,FALSE,"observed"
"IT",1924,"4",4,0.00779,FALSE,"observed"
"IT",1924,"5",5,0.00564,FALSE,"observed"
"IT",1924,"6",6,0.00394,FALSE,"observed"
"IT",1924,"7",7,0.00325,FALSE,"observed"
"IT",1924,"8",8,0.00257,FALSE,"observed"
"IT",1924,"9",9,0.00238,FALSE,"observed"
"IT",1924,"10",10,0.00241,FALSE,"observed"
"IT",1924,"11",11,0.00227,FALSE,"observed"
"IT",1924,"12",12,0.0023,FALSE,"observed"
"IT",1924,"13",13,0.00231,FALSE,"observed"
"IT",1924,"14",14,0.0028,FALSE,"observed"
"IT",1924,"15",15,0.00307,FALSE,"observed"
"IT",1924,"16",16,0.00356,FALSE,"observed"
"IT",1924,"17",17,0.00395,FALSE,"observed"
"IT",1924,"18",18,0.00441,FALSE,"observed"
"IT",1924,"19",19,0.00488,FALSE,"observed"
"IT",1924,"20",20,0.00551,FALSE,"observed"
"IT",1924,"21",21,0.00577,FALSE,"observed"
"IT",1924,"22",22,0.00602,FALSE,"observed"
"IT",1924,"23",23,0.00596,FALSE,"observed"
"IT",1924,"24",24,0.00568,FALSE,"observed"
"IT",1924,"25",25,0.00562,FALSE,"observed"
"IT",1924,"26",26,0.00545,FALSE,"observed"
"IT",1924,"27",27,0.00542,FALSE,"observed"
"IT",1924,"28",28,0.00558,FALSE,"observed"
"IT",1924,"29",29,0.00571,FALSE,"observed"
"IT",1924,"30",30,0.00585,FALSE,"observed"
"IT",1924,"31",31,0.00597,FALSE,"observed"
"IT",1924,"32",32,0.00609,FALSE,"observed"
"IT",1924,"33",33,0.00615,FALSE,"observed"
"IT",1924,"34",34,0.00605,FALSE,"observed"
"IT",1924,"35",35,0.00594,FALSE,"observed"
"IT",1924,"36",36,0.00591,FALSE,"observed"
"IT",1924,"37",37,0.00604,FALSE,"observed"
"IT",1924,"38",38,0.00625,FALSE,"observed"
"IT",1924,"39",39,0.00639,FALSE,"observed"
"IT",1924,"40",40,0.00669,FALSE,"observed"
"IT",1924,"41",41,0.00705,FALSE,"observed"
"IT",1924,"42",42,0.00729,FALSE,"observed"
"IT",1924,"43",43,0.00766,FALSE,"observed"
"IT",1924,"44",44,0.00796,FALSE,"observed"
"IT",1924,"45",45,0.00811,FALSE,"observed"
"IT",1924,"46",46,0.00838,FALSE,"observed"
"IT",1924,"47",47,0.00853,FALSE,"observed"
"IT",1924,"48",48,0.00888,FALSE,"observed"
"IT",1924,"49",49,0.00989,FALSE,"observed"
"IT",1924,"50",50,0.01101,FALSE,"observed"
"IT",1924,"51",51,0.01154,FALSE,"observed"
"IT",1924,"52",52,0.01206,FALSE,"observed"
"IT",1924,"53",53,0.0125,FALSE,"observed"
"IT",1924,"54",54,0.01288,FALSE,"observed"
"IT",1924,"55",55,0.01373,FALSE,"observed"
"IT",1924,"56",56,0.01483,FALSE,"observed"
"IT",1924,"57",57,0.01567,FALSE,"observed"
"IT",1924,"58",58,0.01696,FALSE,"observed"
"IT",1924,"59",59,0.01925,FALSE,"observed"
"IT",1924,"60",60,0.02207,FALSE,"observed"
"IT",1924,"61",61,0.02484,FALSE,"observed"
"IT",1924,"62",62,0.02712,FALSE,"observed"
"IT",1924,"63",63,0.02856,FALSE,"observed"
"IT",1924,"64",64,0.02975,FALSE,"observed"
"IT",1924,"65",65,0.03135,FALSE,"observed"
"IT",1924,"66",66,0.03425,FALSE,"observed"
"IT",1924,"67",67,0.03851,FALSE,"observed"
"IT",1924,"68",68,0.04409,FALSE,"observed"
"IT",1924,"69",69,0.05147,FALSE,"observed"
"IT",1924,"70",70,0.0596,FALSE,"observed"
"IT",1924,"71",71,0.06588,FALSE,"observed"
"IT",1924,"72",72,0.07083,FALSE,"observed"
"IT",1924,"73",73,0.07611,FALSE,"observed"
"IT",1924,"74",74,0.08449,FALSE,"observed"
"IT",1924,"75",75,0.09336,FALSE,"observed"
"IT",1924,"76",76,0.10159,FALSE,"observed"
"IT",1924,"77",77,0.11379,FALSE,"observed"
"IT",1924,"78",78,0.12779,FALSE,"observed"
"IT",1924,"79",79,0.14324,FALSE,"observed"
"IT",1924,"80",80,0.15134,FALSE,"observed"
"IT",1924,"81",81,0.16953,FALSE,"observed"
"IT",1924,"82",82,0.19075,FALSE,"observed"
"IT",1924,"83",83,0.21,FALSE,"observed"
"IT",1924,"84",84,0.22991,FALSE,"observed"
"IT",1924,"85",85,0.24923,FALSE,"observed"
"IT",1924,"86",86,0.26242,FALSE,"observed"
"IT",1924,"87",87,0.2664,FALSE,"observed"
"IT",1924,"88",88,0.27135,FALSE,"observed"
"IT",1924,"89",89,0.28887,FALSE,"observed"
"IT",1924,"90",90,0.32218,FALSE,"observed"
"IT",1924,"91",91,0.35822,FALSE,"observed"
"IT",1924,"92",92,0.38992,FALSE,"observed"
"IT",1924,"93",93,0.40902,FALSE,"observed"
"IT",1924,"94",94,0.42847,FALSE,"observed"
"IT",1924,"95",95,0.45347,FALSE,"observed"
"IT",1924,"96",96,0.47799,FALSE,"observed"
"IT",1924,"97",97,0.50263,FALSE,"observed"
"IT",1924,"98",98,0.52726,FALSE,"observed"
"IT",1924,"99",99,0.55176,FALSE,"observed"
"IT",1924,"100",100,0.57601,FALSE,"observed"
"IT",1924,"101",101,0.59992,FALSE,"observed"
"IT",1924,"102",102,0.62337,FALSE,"observed"
"IT",1924,"103",103,0.64626,FALSE,"observed"
"IT",1924,"104",104,0.66852,FALSE,"observed"
"IT",1924,"105",105,0.69006,FALSE,"observed"
"IT",1924,"106",106,0.71081,FALSE,"observed"
"IT",1924,"107",107,0.73073,FALSE,"observed"
"IT",1924,"108",108,0.74978,FALSE,"observed"
"IT",1924,"109",109,0.76792,FALSE,"observed"
"IT",1924,"110+",110,0.78513,FALSE,"observed"
"IT",1925,"0",0,0.12953,FALSE,"observed"
"IT",1925,"1",1,0.04942,FALSE,"observed"
"IT",1925,"2",2,0.01936,FALSE,"observed"
"IT",1925,"3",3,0.01074,FALSE,"observed"
"IT",1925,"4",4,0.00795,FALSE,"observed"
"IT",1925,"5",5,0.00577,FALSE,"observed"
"IT",1925,"6",6,0.00462,FALSE,"observed"
"IT",1925,"7",7,0.00337,FALSE,"observed"
"IT",1925,"8",8,0.00267,FALSE,"observed"
"IT",1925,"9",9,0.0023,FALSE,"observed"
"IT",1925,"10",10,0.00234,FALSE,"observed"
"IT",1925,"11",11,0.00222,FALSE,"observed"
"IT",1925,"12",12,0.00234,FALSE,"observed"
"IT",1925,"13",13,0.00239,FALSE,"observed"
"IT",1925,"14",14,0.00284,FALSE,"observed"
"IT",1925,"15",15,0.00327,FALSE,"observed"
"IT",1925,"16",16,0.00351,FALSE,"observed"
"IT",1925,"17",17,0.00407,FALSE,"observed"
"IT",1925,"18",18,0.00451,FALSE,"observed"
"IT",1925,"19",19,0.00502,FALSE,"observed"
"IT",1925,"20",20,0.00541,FALSE,"observed"
"IT",1925,"21",21,0.00557,FALSE,"observed"
"IT",1925,"22",22,0.00548,FALSE,"observed"
"IT",1925,"23",23,0.00556,FALSE,"observed"
"IT",1925,"24",24,0.00549,FALSE,"observed"
"IT",1925,"25",25,0.00536,FALSE,"observed"
"IT",1925,"26",26,0.00553,FALSE,"observed"
"IT",1925,"27",27,0.00553,FALSE,"observed"
"IT",1925,"28",28,0.00557,FALSE,"observed"
"IT",1925,"29",29,0.00569,FALSE,"observed"
"IT",1925,"30",30,0.00566,FALSE,"observed"
"IT",1925,"31",31,0.00558,FALSE,"observed"
"IT",1925,"32",32,0.00557,FALSE,"observed"
"IT",1925,"33",33,0.00563,FALSE,"observed"
"IT",1925,"34",34,0.00574,FALSE,"observed"
"IT",1925,"35",35,0.0058,FALSE,"observed"
"IT",1925,"36",36,0.00589,FALSE,"observed"
"IT",1925,"37",37,0.00604,FALSE,"observed"
"IT",1925,"38",38,0.0063,FALSE,"observed"
"IT",1925,"39",39,0.00657,FALSE,"observed"
"IT",1925,"40",40,0.00673,FALSE,"observed"
"IT",1925,"41",41,0.007,FALSE,"observed"
"IT",1925,"42",42,0.00733,FALSE,"observed"
"IT",1925,"43",43,0.00756,FALSE,"observed"
"IT",1925,"44",44,0.00795,FALSE,"observed"
"IT",1925,"45",45,0.00828,FALSE,"observed"
"IT",1925,"46",46,0.00849,FALSE,"observed"
"IT",1925,"47",47,0.00883,FALSE,"observed"
"IT",1925,"48",48,0.00903,FALSE,"observed"
"IT",1925,"49",49,0.00942,FALSE,"observed"
"IT",1925,"50",50,0.01054,FALSE,"observed"
"IT",1925,"51",51,0.01172,FALSE,"observed"
"IT",1925,"52",52,0.01227,FALSE,"observed"
"IT",1925,"53",53,0.01284,FALSE,"observed"
"IT",1925,"54",54,0.01337,FALSE,"observed"
"IT",1925,"55",55,0.0139,FALSE,"observed"
"IT",1925,"56",56,0.01516,FALSE,"observed"
"IT",1925,"57",57,0.01665,FALSE,"observed"
"IT",1925,"58",58,0.01767,FALSE,"observed"
"IT",1925,"59",59,0.01904,FALSE,"observed"
"IT",1925,"60",60,0.02136,FALSE,"observed"
"IT",1925,"61",61,0.02391,FALSE,"observed"
"IT",1925,"62",62,0.02653,FALSE,"observed"
"IT",1925,"63",63,0.02899,FALSE,"observed"
"IT",1925,"64",64,0.03084,FALSE,"observed"
"IT",1925,"65",65,0.03268,FALSE,"observed"
"IT",1925,"66",66,0.03549,FALSE,"observed"
"IT",1925,"67",67,0.03971,FALSE,"observed"
"IT",1925,"68",68,0.04499,FALSE,"observed"
"IT",1925,"69",69,0.05132,FALSE,"observed"
"IT",1925,"70",70,0.05934,FALSE,"observed"
"IT",1925,"71",71,0.06697,FALSE,"observed"
"IT",1925,"72",72,0.07223,FALSE,"observed"
"IT",1925,"73",73,0.07659,FALSE,"observed"
"IT",1925,"74",74,0.08191,FALSE,"observed"
"IT",1925,"75",75,0.09168,FALSE,"observed"
"IT",1925,"76",76,0.10333,FALSE,"observed"
"IT",1925,"77",77,0.11436,FALSE,"observed"
"IT",1925,"78",78,0.12949,FALSE,"observed"
"IT",1925,"79",79,0.14583,FALSE,"observed"
"IT",1925,"80",80,0.15387,FALSE,"observed"
"IT",1925,"81",81,0.17188,FALSE,"observed"
"IT",1925,"82",82,0.19072,FALSE,"observed"
"IT",1925,"83",83,0.21302,FALSE,"observed"
"IT",1925,"84",84,0.23123,FALSE,"observed"
"IT",1925,"85",85,0.25014,FALSE,"observed"
"IT",1925,"86",86,0.27746,FALSE,"observed"
"IT",1925,"87",87,0.3014,FALSE,"observed"
"IT",1925,"88",88,0.31291,FALSE,"observed"
"IT",1925,"89",89,0.32671,FALSE,"observed"
"IT",1925,"90",90,0.35812,FALSE,"observed"
"IT",1925,"91",91,0.39215,FALSE,"observed"
"IT",1925,"92",92,0.41822,FALSE,"observed"
"IT",1925,"93",93,0.43209,FALSE,"observed"
"IT",1925,"94",94,0.43233,FALSE,"observed"
"IT",1925,"95",95,0.50401,FALSE,"observed"
"IT",1925,"96",96,0.53183,FALSE,"observed"
"IT",1925,"97",97,0.5594,FALSE,"observed"
"IT",1925,"98",98,0.58657,FALSE,"observed"
"IT",1925,"99",99,0.61318,FALSE,"observed"
"IT",1925,"100",100,0.63908,FALSE,"observed"
"IT",1925,"101",101,0.66416,FALSE,"observed"
"IT",1925,"102",102,0.68832,FALSE,"observed"
"IT",1925,"103",103,0.71146,FALSE,"observed"
"IT",1925,"104",104,0.73352,FALSE,"observed"
"IT",1925,"105",105,0.75445,FALSE,"observed"
"IT",1925,"106",106,0.77422,FALSE,"observed"
"IT",1925,"107",107,0.79282,FALSE,"observed"
"IT",1925,"108",108,0.81025,FALSE,"observed"
"IT",1925,"109",109,0.82652,FALSE,"observed"
"IT",1925,"110+",110,0.84167,FALSE,"observed"
"IT",1926,"0",0,0.13558,FALSE,"observed"
"IT",1926,"1",1,0.05359,FALSE,"observed"
"IT",1926,"2",2,0.02043,FALSE,"observed"
"IT",1926,"3",3,0.01049,FALSE,"observed"
"IT",1926,"4",4,0.00722,FALSE,"observed"
"IT",1926,"5",5,0.00536,FALSE,"observed"
"IT",1926,"6",6,0.00432,FALSE,"observed"
"IT",1926,"7",7,0.00336,FALSE,"observed"
"IT",1926,"8",8,0.0027,FALSE,"observed"
"IT",1926,"9",9,0.00215,FALSE,"observed"
"IT",1926,"10",10,0.00222,FALSE,"observed"
"IT",1926,"11",11,0.00216,FALSE,"observed"
"IT",1926,"12",12,0.00219,FALSE,"observed"
"IT",1926,"13",13,0.00234,FALSE,"observed"
"IT",1926,"14",14,0.00273,FALSE,"observed"
"IT",1926,"15",15,0.00295,FALSE,"observed"
"IT",1926,"16",16,0.00355,FALSE,"observed"
"IT",1926,"17",17,0.00388,FALSE,"observed"
"IT",1926,"18",18,0.00472,FALSE,"observed"
"IT",1926,"19",19,0.00468,FALSE,"observed"
"IT",1926,"20",20,0.00522,FALSE,"observed"
"IT",1926,"21",21,0.00511,FALSE,"observed"
"IT",1926,"22",22,0.00539,FALSE,"observed"
"IT",1926,"23",23,0.00555,FALSE,"observed"
"IT",1926,"24",24,0.00541,FALSE,"observed"
"IT",1926,"25",25,0.00543,FALSE,"observed"
"IT",1926,"26",26,0.00541,FALSE,"observed"
"IT",1926,"27",27,0.00511,FALSE,"observed"
"IT",1926,"28",28,0.00549,FALSE,"observed"
"IT",1926,"29",29,0.00525,FALSE,"observed"
"IT",1926,"30",30,0.00574,FALSE,"observed"
"IT",1926,"31",31,0.0051,FALSE,"observed"
"IT",1926,"32",32,0.00541,FALSE,"observed"
"IT",1926,"33",33,0.00562,FALSE,"observed"
"IT",1926,"34",34,0.00545,FALSE,"observed"
"IT",1926,"35",35,0.00591,FALSE,"observed"
"IT",1926,"36",36,0.00611,FALSE,"observed"
"IT",1926,"37",37,0.00569,FALSE,"observed"
"IT",1926,"38",38,0.0065,FALSE,"observed"
"IT",1926,"39",39,0.00622,FALSE,"observed"
"IT",1926,"40",40,0.00719,FALSE,"observed"
"IT",1926,"41",41,0.00651,FALSE,"observed"
"IT",1926,"42",42,0.00735,FALSE,"observed"
"IT",1926,"43",43,0.00711,FALSE,"observed"
"IT",1926,"44",44,0.00732,FALSE,"observed"
"IT",1926,"45",45,0.00821,FALSE,"observed"
"IT",1926,"46",46,0.00832,FALSE,"observed"
"IT",1926,"47",47,0.00825,FALSE,"observed"
"IT",1926,"48",48,0.00911,FALSE,"observed"
"IT",1926,"49",49,0.00893,FALSE,"observed"
"IT",1926,"50",50,0.01146,FALSE,"observed"
"IT",1926,"51",51,0.01023,FALSE,"observed"
"IT",1926,"52",52,0.01161,FALSE,"observed"
"IT",1926,"53",53,0.01267,FALSE,"observed"
"IT",1926,"54",54,0.01334,FALSE,"observed"
"IT",1926,"55",55,0.01383,FALSE,"observed"
"IT",1926,"56",56,0.01594,FALSE,"observed"
"IT",1926,"57",57,0.01568,FALSE,"observed"
"IT",1926,"58",58,0.01811,FALSE,"observed"
"IT",1926,"59",59,0.01751,FALSE,"observed"
"IT",1926,"60",60,0.02501,FALSE,"observed"
"IT",1926,"61",61,0.02171,FALSE,"observed"
"IT",1926,"62",62,0.02625,FALSE,"observed"
"IT",1926,"63",63,0.02947,FALSE,"observed"
"IT",1926,"64",64,0.03063,FALSE,"observed"
"IT",1926,"65",65,0.03503,FALSE,"observed"
"IT",1926,"66",66,0.03608,FALSE,"observed"
"IT",1926,"67",67,0.03882,FALSE,"observed"
"IT",1926,"68",68,0.0438,FALSE,"observed"
"IT",1926,"69",69,0.04625,FALSE,"observed"
"IT",1926,"70",70,0.06604,FALSE,"observed"
"IT",1926,"71",71,0.05776,FALSE,"observed"
"IT",1926,"72",72,0.07225,FALSE,"observed"
"IT",1926,"73",73,0.07786,FALSE,"observed"
"IT",1926,"74",74,0.08762,FALSE,"observed"
"IT",1926,"75",75,0.104,FALSE,"observed"
"IT",1926,"76",76,0.11091,FALSE,"observed"
"IT",1926,"77",77,0.11075,FALSE,"observed"
"IT",1926,"78",78,0.13139,FALSE,"observed"
"IT",1926,"79",79,0.13271,FALSE,"observed"
"IT",1926,"80",80,0.17992,FALSE,"observed"
"IT",1926,"81",81,0.15906,FALSE,"observed"
"IT",1926,"82",82,0.19164,FALSE,"observed"
"IT",1926,"83",83,0.19955,FALSE,"observed"
"IT",1926,"84",84,0.22394,FALSE,"observed"
"IT",1926,"85",85,0.25375,FALSE,"observed"
"IT",1926,"86",86,0.29487,FALSE,"observed"
"IT",1926,"87",87,0.29598,FALSE,"observed"
"IT",1926,"88",88,0.32185,FALSE,"observed"
"IT",1926,"89",89,0.34257,FALSE,"observed"
"IT",1926,"90",90,0.40308,FALSE,"observed"
"IT",1926,"91",91,0.3561,FALSE,"observed"
"IT",1926,"92",92,0.41415,FALSE,"observed"
"IT",1926,"93",93,0.44365,FALSE,"observed"
"IT",1926,"94",94,0.43859,FALSE,"observed"
"IT",1926,"95",95,0.49651,FALSE,"observed"
"IT",1926,"96",96,0.52319,FALSE,"observed"
"IT",1926,"97",97,0.54966,FALSE,"observed"
"IT",1926,"98",98,0.57578,FALSE,"observed"
"IT",1926,"99",99,0.60143,FALSE,"observed"
"IT",1926,"100",100,0.62646,FALSE,"observed"
"IT",1926,"101",101,0.65078,FALSE,"observed"
"IT",1926,"102",102,0.67428,FALSE,"observed"
"IT",1926,"103",103,0.69688,FALSE,"observed"
"IT",1926,"104",104,0.71853,FALSE,"observed"
"IT",1926,"105",105,0.73917,FALSE,"observed"
"IT",1926,"106",106,0.75876,FALSE,"observed"
"IT",1926,"107",107,0.7773,FALSE,"observed"
"IT",1926,"108",108,0.79478,FALSE,"observed"
"IT",1926,"109",109,0.8112,FALSE,"observed"
"IT",1926,"110+",110,0.82657,FALSE,"observed"
"IT",1927,"0",0,0.13036,FALSE,"observed"
"IT",1927,"1",1,0.04543,FALSE,"observed"
"IT",1927,"2",2,0.01712,FALSE,"observed"
"IT",1927,"3",3,0.00935,FALSE,"observed"
"IT",1927,"4",4,0.00614,FALSE,"observed"
"IT",1927,"5",5,0.00453,FALSE,"observed"
"IT",1927,"6",6,0.00397,FALSE,"observed"
"IT",1927,"7",7,0.00314,FALSE,"observed"
"IT",1927,"8",8,0.00254,FALSE,"observed"
"IT",1927,"9",9,0.00223,FALSE,"observed"
"IT",1927,"10",10,0.00209,FALSE,"observed"
"IT",1927,"11",11,0.00191,FALSE,"observed"
"IT",1927,"12",12,0.00208,FALSE,"observed"
"IT",1927,"13",13,0.00214,FALSE,"observed"
"IT",1927,"14",14,0.00248,FALSE,"observed"
"IT",1927,"15",15,0.00293,FALSE,"observed"
"IT",1927,"16",16,0.00345,FALSE,"observed"
"IT",1927,"17",17,0.00393,FALSE,"observed"
"IT",1927,"18",18,0.00432,FALSE,"observed"
"IT",1927,"19",19,0.0047,FALSE,"observed"
"IT",1927,"20",20,0.00504,FALSE,"observed"
"IT",1927,"21",21,0.00485,FALSE,"observed"
"IT",1927,"22",22,0.00514,FALSE,"observed"
"IT",1927,"23",23,0.00546,FALSE,"observed"
"IT",1927,"24",24,0.00513,FALSE,"observed"
"IT",1927,"25",25,0.00512,FALSE,"observed"
"IT",1927,"26",26,0.00538,FALSE,"observed"
"IT",1927,"27",27,0.00502,FALSE,"observed"
"IT",1927,"28",28,0.00496,FALSE,"observed"
"IT",1927,"29",29,0.00469,FALSE,"observed"
"IT",1927,"30",30,0.00554,FALSE,"observed"
"IT",1927,"31",31,0.00482,FALSE,"observed"
"IT",1927,"32",32,0.00502,FALSE,"observed"
"IT",1927,"33",33,0.00531,FALSE,"observed"
"IT",1927,"34",34,0.00535,FALSE,"observed"
"IT",1927,"35",35,0.00558,FALSE,"observed"
"IT",1927,"36",36,0.00581,FALSE,"observed"
"IT",1927,"37",37,0.00572,FALSE,"observed"
"IT",1927,"38",38,0.006,FALSE,"observed"
"IT",1927,"39",39,0.0062,FALSE,"observed"
"IT",1927,"40",40,0.00694,FALSE,"observed"
"IT",1927,"41",41,0.00582,FALSE,"observed"
"IT",1927,"42",42,0.00677,FALSE,"observed"
"IT",1927,"43",43,0.00684,FALSE,"observed"
"IT",1927,"44",44,0.00697,FALSE,"observed"
"IT",1927,"45",45,0.00771,FALSE,"observed"
"IT",1927,"46",46,0.00766,FALSE,"observed"
"IT",1927,"47",47,0.00804,FALSE,"observed"
"IT",1927,"48",48,0.00854,FALSE,"observed"
"IT",1927,"49",49,0.00867,FALSE,"observed"
"IT",1927,"50",50,0.01032,FALSE,"observed"
"IT",1927,"51",51,0.00974,FALSE,"observed"
"IT",1927,"52",52,0.01113,FALSE,"observed"
"IT",1927,"53",53,0.01148,FALSE,"observed"
"IT",1927,"54",54,0.01284,FALSE,"observed"
"IT",1927,"55",55,0.01316,FALSE,"observed"
"IT",1927,"56",56,0.01482,FALSE,"observed"
"IT",1927,"57",57,0.01517,FALSE,"observed"
"IT",1927,"58",58,0.01677,FALSE,"observed"
"IT",1927,"59",59,0.01707,FALSE,"observed"
"IT",1927,"60",60,0.0226,FALSE,"observed"
"IT",1927,"61",61,0.02105,FALSE,"observed"
"IT",1927,"62",62,0.02398,FALSE,"observed"
"IT",1927,"63",63,0.02671,FALSE,"observed"
"IT",1927,"64",64,0.03019,FALSE,"observed"
"IT",1927,"65",65,0.03269,FALSE,"observed"
"IT",1927,"66",66,0.0353,FALSE,"observed"
"IT",1927,"67",67,0.03716,FALSE,"observed"
"IT",1927,"68",68,0.04299,FALSE,"observed"
"IT",1927,"69",69,0.0428,FALSE,"observed"
"IT",1927,"70",70,0.06018,FALSE,"observed"
"IT",1927,"71",71,0.056,FALSE,"observed"
"IT",1927,"72",72,0.06716,FALSE,"observed"
"IT",1927,"73",73,0.07249,FALSE,"observed"
"IT",1927,"74",74,0.08311,FALSE,"observed"
"IT",1927,"75",75,0.09327,FALSE,"observed"
"IT",1927,"76",76,0.10462,FALSE,"observed"
"IT",1927,"77",77,0.10866,FALSE,"observed"
"IT",1927,"78",78,0.11738,FALSE,"observed"
"IT",1927,"79",79,0.12808,FALSE,"observed"
"IT",1927,"80",80,0.16952,FALSE,"observed"
"IT",1927,"81",81,0.15144,FALSE,"observed"
"IT",1927,"82",82,0.18031,FALSE,"observed"
"IT",1927,"83",83,0.19547,FALSE,"observed"
"IT",1927,"84",84,0.21991,FALSE,"observed"
"IT",1927,"85",85,0.23455,FALSE,"observed"
"IT",1927,"86",86,0.2781,FALSE,"observed"
"IT",1927,"87",87,0.29671,FALSE,"observed"
"IT",1927,"88",88,0.30653,FALSE,"observed"
"IT",1927,"89",89,0.32181,FALSE,"observed"
"IT",1927,"90",90,0.42523,FALSE,"observed"
"IT",1927,"91",91,0.35307,FALSE,"observed"
"IT",1927,"92",92,0.4439,FALSE,"observed"
"IT",1927,"93",93,0.43555,FALSE,"observed"
"IT",1927,"94",94,0.47999,FALSE,"observed"
"IT",1927,"95",95,0.5026,FALSE,"observed"
"IT",1927,"96",96,0.53098,FALSE,"observed"
"IT",1927,"97",97,0.5591,FALSE,"observed"
"IT",1927,"98",98,0.58678,FALSE,"observed"
"IT",1927,"99",99,0.61387,FALSE,"observed"
"IT",1927,"100",100,0.64021,FALSE,"observed"
"IT",1927,"101",101,0.66568,FALSE,"observed"
"IT",1927,"102",102,0.69018,FALSE,"observed"
"IT",1927,"103",103,0.71361,FALSE,"observed"
"IT",1927,"104",104,0.73591,FALSE,"observed"
"IT",1927,"105",105,0.75702,FALSE,"observed"
"IT",1927,"106",106,0.77694,FALSE,"observed"
"IT",1927,"107",107,0.79563,FALSE,"observed"
"IT",1927,"108",108,0.81311,FALSE,"observed"
"IT",1927,"109",109,0.82941,FALSE,"observed"
"IT",1927,"110+",110,0.84454,FALSE,"observed"
"IT",1928,"0",0,0.12892,FALSE,"observed"
"IT",1928,"1",1,0.04664,FALSE,"observed"
"IT",1928,"2",2,0.01697,FALSE,"observed"
"IT",1928,"3",3,0.00907,FALSE,"observed"
"IT",1928,"4",4,0.00614,FALSE,"observed"
"IT",1928,"5",5,0.00438,FALSE,"observed"
"IT",1928,"6",6,0.0035,FALSE,"observed"
"IT",1928,"7",7,0.00304,FALSE,"observed"
"IT",1928,"8",8,0.00262,FALSE,"observed"
"IT",1928,"9",9,0.00242,FALSE,"observed"
"IT",1928,"10",10,0.002,FALSE,"observed"
"IT",1928,"11",11,0.00183,FALSE,"observed"
"IT",1928,"12",12,0.00183,FALSE,"observed"
"IT",1928,"13",13,0.00214,FALSE,"observed"
"IT",1928,"14",14,0.0024,FALSE,"observed"
"IT",1928,"15",15,0.00282,FALSE,"observed"
"IT",1928,"16",16,0.00327,FALSE,"observed"
"IT",1928,"17",17,0.00362,FALSE,"observed"
"IT",1928,"18",18,0.00414,FALSE,"observed"
"IT",1928,"19",19,0.00414,FALSE,"observed"
"IT",1928,"20",20,0.00497,FALSE,"observed"
"IT",1928,"21",21,0.00466,FALSE,"observed"
"IT",1928,"22",22,0.00521,FALSE,"observed"
"IT",1928,"23",23,0.0049,FALSE,"observed"
"IT",1928,"24",24,0.00514,FALSE,"observed"
"IT",1928,"25",25,0.00501,FALSE,"observed"
"IT",1928,"26",26,0.00487,FALSE,"observed"
"IT",1928,"27",27,0.00493,FALSE,"observed"
"IT",1928,"28",28,0.00498,FALSE,"observed"
"IT",1928,"29",29,0.00485,FALSE,"observed"
"IT",1928,"30",30,0.00528,FALSE,"observed"
"IT",1928,"31",31,0.00482,FALSE,"observed"
"IT",1928,"32",32,0.00515,FALSE,"observed"
"IT",1928,"33",33,0.00524,FALSE,"observed"
"IT",1928,"34",34,0.00543,FALSE,"observed"
"IT",1928,"35",35,0.00553,FALSE,"observed"
"IT",1928,"36",36,0.00561,FALSE,"observed"
"IT",1928,"37",37,0.00563,FALSE,"observed"
"IT",1928,"38",38,0.00607,FALSE,"observed"
"IT",1928,"39",39,0.00562,FALSE,"observed"
"IT",1928,"40",40,0.00671,FALSE,"observed"
"IT",1928,"41",41,0.00598,FALSE,"observed"
"IT",1928,"42",42,0.00707,FALSE,"observed"
"IT",1928,"43",43,0.00647,FALSE,"observed"
"IT",1928,"44",44,0.0072,FALSE,"observed"
"IT",1928,"45",45,0.00755,FALSE,"observed"
"IT",1928,"46",46,0.00746,FALSE,"observed"
"IT",1928,"47",47,0.00821,FALSE,"observed"
"IT",1928,"48",48,0.00833,FALSE,"observed"
"IT",1928,"49",49,0.0085,FALSE,"observed"
"IT",1928,"50",50,0.01014,FALSE,"observed"
"IT",1928,"51",51,0.01006,FALSE,"observed"
"IT",1928,"52",52,0.01164,FALSE,"observed"
"IT",1928,"53",53,0.01153,FALSE,"observed"
"IT",1928,"54",54,0.01303,FALSE,"observed"
"IT",1928,"55",55,0.01363,FALSE,"observed"
"IT",1928,"56",56,0.01495,FALSE,"observed"
"IT",1928,"57",57,0.01518,FALSE,"observed"
"IT",1928,"58",58,0.01722,FALSE,"observed"
"IT",1928,"59",59,0.01769,FALSE,"observed"
"IT",1928,"60",60,0.02158,FALSE,"observed"
"IT",1928,"61",61,0.02039,FALSE,"observed"
"IT",1928,"62",62,0.02551,FALSE,"observed"
"IT",1928,"63",63,0.02635,FALSE,"observed"
"IT",1928,"64",64,0.03032,FALSE,"observed"
"IT",1928,"65",65,0.03483,FALSE,"observed"
"IT",1928,"66",66,0.03424,FALSE,"observed"
"IT",1928,"67",67,0.03865,FALSE,"observed"
"IT",1928,"68",68,0.04382,FALSE,"observed"
"IT",1928,"69",69,0.0439,FALSE,"observed"
"IT",1928,"70",70,0.05906,FALSE,"observed"
"IT",1928,"71",71,0.05662,FALSE,"observed"
"IT",1928,"72",72,0.07118,FALSE,"observed"
"IT",1928,"73",73,0.07411,FALSE,"observed"
"IT",1928,"74",74,0.0839,FALSE,"observed"
"IT",1928,"75",75,0.09807,FALSE,"observed"
"IT",1928,"76",76,0.10344,FALSE,"observed"
"IT",1928,"77",77,0.11125,FALSE,"observed"
"IT",1928,"78",78,0.12979,FALSE,"observed"
"IT",1928,"79",79,0.12956,FALSE,"observed"
"IT",1928,"80",80,0.17668,FALSE,"observed"
"IT",1928,"81",81,0.1553,FALSE,"observed"
"IT",1928,"82",82,0.18861,FALSE,"observed"
"IT",1928,"83",83,0.19424,FALSE,"observed"
"IT",1928,"84",84,0.22807,FALSE,"observed"
"IT",1928,"85",85,0.24432,FALSE,"observed"
"IT",1928,"86",86,0.27368,FALSE,"observed"
"IT",1928,"87",87,0.29738,FALSE,"observed"
"IT",1928,"88",88,0.34037,FALSE,"observed"
"IT",1928,"89",89,0.35082,FALSE,"observed"
"IT",1928,"90",90,0.44166,FALSE,"observed"
"IT",1928,"91",91,0.38747,FALSE,"observed"
"IT",1928,"92",92,0.46314,FALSE,"observed"
"IT",1928,"93",93,0.46782,FALSE,"observed"
"IT",1928,"94",94,0.53227,FALSE,"observed"
"IT",1928,"95",95,0.52348,FALSE,"observed"
"IT",1928,"96",96,0.55245,FALSE,"observed"
"IT",1928,"97",97,0.58099,FALSE,"observed"
"IT",1928,"98",98,0.60892,FALSE,"observed"
"IT",1928,"99",99,0.63608,FALSE,"observed"
"IT",1928,"100",100,0.66233,FALSE,"observed"
"IT",1928,"101",101,0.68755,FALSE,"observed"
"IT",1928,"102",102,0.71164,FALSE,"observed"
"IT",1928,"103",103,0.73455,FALSE,"observed"
"IT",1928,"104",104,0.75622,FALSE,"observed"
"IT",1928,"105",105,0.77662,FALSE,"observed"
"IT",1928,"106",106,0.79574,FALSE,"observed"
"IT",1928,"107",107,0.8136,FALSE,"observed"
"IT",1928,"108",108,0.83021,FALSE,"observed"
"IT",1928,"109",109,0.8456,FALSE,"observed"
"IT",1928,"110+",110,0.85983,FALSE,"observed"
"IT",1929,"0",0,0.13287,FALSE,"observed"
"IT",1929,"1",1,0.04552,FALSE,"observed"
"IT",1929,"2",2,0.01632,FALSE,"observed"
"IT",1929,"3",3,0.00859,FALSE,"observed"
"IT",1929,"4",4,0.00583,FALSE,"observed"
"IT",1929,"5",5,0.00419,FALSE,"observed"
"IT",1929,"6",6,0.00342,FALSE,"observed"
"IT",1929,"7",7,0.00274,FALSE,"observed"
"IT",1929,"8",8,0.00254,FALSE,"observed"
"IT",1929,"9",9,0.00222,FALSE,"observed"
"IT",1929,"10",10,0.00207,FALSE,"observed"
"IT",1929,"11",11,0.00194,FALSE,"observed"
"IT",1929,"12",12,0.00185,FALSE,"observed"
"IT",1929,"13",13,0.00193,FALSE,"observed"
"IT",1929,"14",14,0.00233,FALSE,"observed"
"IT",1929,"15",15,0.00273,FALSE,"observed"
"IT",1929,"16",16,0.00304,FALSE,"observed"
"IT",1929,"17",17,0.0035,FALSE,"observed"
"IT",1929,"18",18,0.00403,FALSE,"observed"
"IT",1929,"19",19,0.00415,FALSE,"observed"
"IT",1929,"20",20,0.00444,FALSE,"observed"
"IT",1929,"21",21,0.00474,FALSE,"observed"
"IT",1929,"22",22,0.00477,FALSE,"observed"
"IT",1929,"23",23,0.00489,FALSE,"observed"
"IT",1929,"24",24,0.00493,FALSE,"observed"
"IT",1929,"25",25,0.00494,FALSE,"observed"
"IT",1929,"26",26,0.00471,FALSE,"observed"
"IT",1929,"27",27,0.00505,FALSE,"observed"
"IT",1929,"28",28,0.0051,FALSE,"observed"
"IT",1929,"29",29,0.0049,FALSE,"observed"
"IT",1929,"30",30,0.00517,FALSE,"observed"
"IT",1929,"31",31,0.00488,FALSE,"observed"
"IT",1929,"32",32,0.00526,FALSE,"observed"
"IT",1929,"33",33,0.00526,FALSE,"observed"
"IT",1929,"34",34,0.00537,FALSE,"observed"
"IT",1929,"35",35,0.00565,FALSE,"observed"
"IT",1929,"36",36,0.00588,FALSE,"observed"
"IT",1929,"37",37,0.00564,FALSE,"observed"
"IT",1929,"38",38,0.00636,FALSE,"observed"
"IT",1929,"39",39,0.00621,FALSE,"observed"
"IT",1929,"40",40,0.00675,FALSE,"observed"
"IT",1929,"41",41,0.00632,FALSE,"observed"
"IT",1929,"42",42,0.00701,FALSE,"observed"
"IT",1929,"43",43,0.00674,FALSE,"observed"
"IT",1929,"44",44,0.0075,FALSE,"observed"
"IT",1929,"45",45,0.00794,FALSE,"observed"
"IT",1929,"46",46,0.00808,FALSE,"observed"
"IT",1929,"47",47,0.0083,FALSE,"observed"
"IT",1929,"48",48,0.00918,FALSE,"observed"
"IT",1929,"49",49,0.00914,FALSE,"observed"
"IT",1929,"50",50,0.01096,FALSE,"observed"
"IT",1929,"51",51,0.01036,FALSE,"observed"
"IT",1929,"52",52,0.01188,FALSE,"observed"
"IT",1929,"53",53,0.01228,FALSE,"observed"
"IT",1929,"54",54,0.01331,FALSE,"observed"
"IT",1929,"55",55,0.01419,FALSE,"observed"
"IT",1929,"56",56,0.01572,FALSE,"observed"
"IT",1929,"57",57,0.01626,FALSE,"observed"
"IT",1929,"58",58,0.01789,FALSE,"observed"
"IT",1929,"59",59,0.01907,FALSE,"observed"
"IT",1929,"60",60,0.02299,FALSE,"observed"
"IT",1929,"61",61,0.02257,FALSE,"observed"
"IT",1929,"62",62,0.02646,FALSE,"observed"
"IT",1929,"63",63,0.02805,FALSE,"observed"
"IT",1929,"64",64,0.0309,FALSE,"observed"
"IT",1929,"65",65,0.03584,FALSE,"observed"
"IT",1929,"66",66,0.03781,FALSE,"observed"
"IT",1929,"67",67,0.04037,FALSE,"observed"
"IT",1929,"68",68,0.04596,FALSE,"observed"
"IT",1929,"69",69,0.04905,FALSE,"observed"
"IT",1929,"70",70,0.06306,FALSE,"observed"
"IT",1929,"71",71,0.0605,FALSE,"observed"
"IT",1929,"72",72,0.07471,FALSE,"observed"
"IT",1929,"73",73,0.07943,FALSE,"observed"
"IT",1929,"74",74,0.09008,FALSE,"observed"
"IT",1929,"75",75,0.10412,FALSE,"observed"
"IT",1929,"76",76,0.11482,FALSE,"observed"
"IT",1929,"77",77,0.12135,FALSE,"observed"
"IT",1929,"78",78,0.14169,FALSE,"observed"
"IT",1929,"79",79,0.14313,FALSE,"observed"
"IT",1929,"80",80,0.18163,FALSE,"observed"
"IT",1929,"81",81,0.17479,FALSE,"observed"
"IT",1929,"82",82,0.20565,FALSE,"observed"
"IT",1929,"83",83,0.21581,FALSE,"observed"
"IT",1929,"84",84,0.24561,FALSE,"observed"
"IT",1929,"85",85,0.26484,FALSE,"observed"
"IT",1929,"86",86,0.28763,FALSE,"observed"
"IT",1929,"87",87,0.31286,FALSE,"observed"
"IT",1929,"88",88,0.37684,FALSE,"observed"
"IT",1929,"89",89,0.45764,FALSE,"observed"
"IT",1929,"90",90,0.39886,FALSE,"observed"
"IT",1929,"91",91,0.4067,FALSE,"observed"
"IT",1929,"92",92,0.48144,FALSE,"observed"
"IT",1929,"93",93,0.49513,FALSE,"observed"
"IT",1929,"94",94,0.56013,FALSE,"observed"
"IT",1929,"95",95,0.55817,FALSE,"observed"
"IT",1929,"96",96,0.5876,FALSE,"observed"
"IT",1929,"97",97,0.61635,FALSE,"observed"
"IT",1929,"98",98,0.64425,FALSE,"observed"
"IT",1929,"99",99,0.67115,FALSE,"observed"
"IT",1929,"100",100,0.69691,FALSE,"observed"
"IT",1929,"101",101,0.72145,FALSE,"observed"
"IT",1929,"102",102,0.74468,FALSE,"observed"
"IT",1929,"103",103,0.76657,FALSE,"observed"
"IT",1929,"104",104,0.78708,FALSE,"observed"
"IT",1929,"105",105,0.80622,FALSE,"observed"
"IT",1929,"106",106,0.824,FALSE,"observed"
"IT",1929,"107",107,0.84045,FALSE,"observed"
"IT",1929,"108",108,0.85562,FALSE,"observed"
"IT",1929,"109",109,0.86956,FALSE,"observed"
"IT",1929,"110+",110,0.88233,FALSE,"observed"
"IT",1930,"0",0,0.11672,FALSE,"observed"
"IT",1930,"1",1,0.04044,FALSE,"observed"
"IT",1930,"2",2,0.01408,FALSE,"observed"
"IT",1930,"3",3,0.00772,FALSE,"observed"
"IT",1930,"4",4,0.00537,FALSE,"observed"
"IT",1930,"5",5,0.00384,FALSE,"observed"
"IT",1930,"6",6,0.00312,FALSE,"observed"
"IT",1930,"7",7,0.0025,FALSE,"observed"
"IT",1930,"8",8,0.00228,FALSE,"observed"
"IT",1930,"9",9,0.00213,FALSE,"observed"
"IT",1930,"10",10,0.0019,FALSE,"observed"
"IT",1930,"11",11,0.00176,FALSE,"observed"
"IT",1930,"12",12,0.0019,FALSE,"observed"
"IT",1930,"13",13,0.00194,FALSE,"observed"
"IT",1930,"14",14,0.00221,FALSE,"observed"
"IT",1930,"15",15,0.00256,FALSE,"observed"
"IT",1930,"16",16,0.00285,FALSE,"observed"
"IT",1930,"17",17,0.00321,FALSE,"observed"
"IT",1930,"18",18,0.00352,FALSE,"observed"
"IT",1930,"19",19,0.00383,FALSE,"observed"
"IT",1930,"20",20,0.00398,FALSE,"observed"
"IT",1930,"21",21,0.00412,FALSE,"observed"
"IT",1930,"22",22,0.00438,FALSE,"observed"
"IT",1930,"23",23,0.00431,FALSE,"observed"
"IT",1930,"24",24,0.00428,FALSE,"observed"
"IT",1930,"25",25,0.00444,FALSE,"observed"
"IT",1930,"26",26,0.00443,FALSE,"observed"
"IT",1930,"27",27,0.00431,FALSE,"observed"
"IT",1930,"28",28,0.00451,FALSE,"observed"
"IT",1930,"29",29,0.00446,FALSE,"observed"
"IT",1930,"30",30,0.0046,FALSE,"observed"
"IT",1930,"31",31,0.00428,FALSE,"observed"
"IT",1930,"32",32,0.00441,FALSE,"observed"
"IT",1930,"33",33,0.00487,FALSE,"observed"
"IT",1930,"34",34,0.00462,FALSE,"observed"
"IT",1930,"35",35,0.00508,FALSE,"observed"
"IT",1930,"36",36,0.00514,FALSE,"observed"
"IT",1930,"37",37,0.00534,FALSE,"observed"
"IT",1930,"38",38,0.00531,FALSE,"observed"
"IT",1930,"39",39,0.00535,FALSE,"observed"
"IT",1930,"40",40,0.00568,FALSE,"observed"
"IT",1930,"41",41,0.00558,FALSE,"observed"
"IT",1930,"42",42,0.00623,FALSE,"observed"
"IT",1930,"43",43,0.00626,FALSE,"observed"
"IT",1930,"44",44,0.00628,FALSE,"observed"
"IT",1930,"45",45,0.00708,FALSE,"observed"
"IT",1930,"46",46,0.00715,FALSE,"observed"
"IT",1930,"47",47,0.00736,FALSE,"observed"
"IT",1930,"48",48,0.00802,FALSE,"observed"
"IT",1930,"49",49,0.00834,FALSE,"observed"
"IT",1930,"50",50,0.00942,FALSE,"observed"
"IT",1930,"51",51,0.00945,FALSE,"observed"
"IT",1930,"52",52,0.01043,FALSE,"observed"
"IT",1930,"53",53,0.01094,FALSE,"observed"
"IT",1930,"54",54,0.01183,FALSE,"observed"
"IT",1930,"55",55,0.0123,FALSE,"observed"
"IT",1930,"56",56,0.01391,FALSE,"observed"
"IT",1930,"57",57,0.01514,FALSE,"observed"
"IT",1930,"58",58,0.01593,FALSE,"observed"
"IT",1930,"59",59,0.01653,FALSE,"observed"
"IT",1930,"60",60,0.01999,FALSE,"observed"
"IT",1930,"61",61,0.02018,FALSE,"observed"
"IT",1930,"62",62,0.02288,FALSE,"observed"
"IT",1930,"63",63,0.02475,FALSE,"observed"
"IT",1930,"64",64,0.02709,FALSE,"observed"
"IT",1930,"65",65,0.02995,FALSE,"observed"
"IT",1930,"66",66,0.03318,FALSE,"observed"
"IT",1930,"67",67,0.0371,FALSE,"observed"
"IT",1930,"68",68,0.03904,FALSE,"observed"
"IT",1930,"69",69,0.04221,FALSE,"observed"
"IT",1930,"70",70,0.0504,FALSE,"observed"
"IT",1930,"71",71,0.05356,FALSE,"observed"
"IT",1930,"72",72,0.06048,FALSE,"observed"
"IT",1930,"73",73,0.06613,FALSE,"observed"
"IT",1930,"74",74,0.07427,FALSE,"observed"
"IT",1930,"75",75,0.07975,FALSE,"observed"
"IT",1930,"76",76,0.08968,FALSE,"observed"
"IT",1930,"77",77,0.10038,FALSE,"observed"
"IT",1930,"78",78,0.11126,FALSE,"observed"
"IT",1930,"79",79,0.11316,FALSE,"observed"
"IT",1930,"80",80,0.12864,FALSE,"observed"
"IT",1930,"81",81,0.13737,FALSE,"observed"
"IT",1930,"82",82,0.15487,FALSE,"observed"
"IT",1930,"83",83,0.16583,FALSE,"observed"
"IT",1930,"84",84,0.18446,FALSE,"observed"
"IT",1930,"85",85,0.1978,FALSE,"observed"
"IT",1930,"86",86,0.2238,FALSE,"observed"
"IT",1930,"87",87,0.23164,FALSE,"observed"
"IT",1930,"88",88,0.26458,FALSE,"observed"
"IT",1930,"89",89,0.32298,FALSE,"observed"
"IT",1930,"90",90,0.25416,FALSE,"observed"
"IT",1930,"91",91,0.28496,FALSE,"observed"
"IT",1930,"92",92,0.31978,FALSE,"observed"
"IT",1930,"93",93,0.34663,FALSE,"observed"
"IT",1930,"94",94,0.34543,FALSE,"observed"
"IT",1930,"95",95,0.41334,FALSE,"observed"
"IT",1930,"96",96,0.43847,FALSE,"observed"
"IT",1930,"97",97,0.46387,FALSE,"observed"
"IT",1930,"98",98,0.48939,FALSE,"observed"
"IT",1930,"99",99,0.51491,FALSE,"observed"
"IT",1930,"100",100,0.5403,FALSE,"observed"
"IT",1930,"101",101,0.56542,FALSE,"observed"
"IT",1930,"102",102,0.59016,FALSE,"observed"
"IT",1930,"103",103,0.61441,FALSE,"observed"
"IT",1930,"104",104,0.63806,FALSE,"observed"
"IT",1930,"105",105,0.66102,FALSE,"observed"
"IT",1930,"106",106,0.68322,FALSE,"observed"
"IT",1930,"107",107,0.70458,FALSE,"observed"
"IT",1930,"108",108,0.72506,FALSE,"observed"
"IT",1930,"109",109,0.74462,FALSE,"observed"
"IT",1930,"110+",110,0.76323,FALSE,"observed"
"IT",1931,"0",0,0.11697,FALSE,"observed"
"IT",1931,"1",1,0.03958,FALSE,"observed"
"IT",1931,"2",2,0.01306,FALSE,"observed"
"IT",1931,"3",3,0.00742,FALSE,"observed"
"IT",1931,"4",4,0.00498,FALSE,"observed"
"IT",1931,"5",5,0.00361,FALSE,"observed"
"IT",1931,"6",6,0.00292,FALSE,"observed"
"IT",1931,"7",7,0.00251,FALSE,"observed"
"IT",1931,"8",8,0.00217,FALSE,"observed"
"IT",1931,"9",9,0.00186,FALSE,"observed"
"IT",1931,"10",10,0.00198,FALSE,"observed"
"IT",1931,"11",11,0.00179,FALSE,"observed"
"IT",1931,"12",12,0.00172,FALSE,"observed"
"IT",1931,"13",13,0.00183,FALSE,"observed"
"IT",1931,"14",14,0.00226,FALSE,"observed"
"IT",1931,"15",15,0.00254,FALSE,"observed"
"IT",1931,"16",16,0.00282,FALSE,"observed"
"IT",1931,"17",17,0.00327,FALSE,"observed"
"IT",1931,"18",18,0.00354,FALSE,"observed"
"IT",1931,"19",19,0.0038,FALSE,"observed"
"IT",1931,"20",20,0.00397,FALSE,"observed"
"IT",1931,"21",21,0.00421,FALSE,"observed"
"IT",1931,"22",22,0.00418,FALSE,"observed"
"IT",1931,"23",23,0.00435,FALSE,"observed"
"IT",1931,"24",24,0.00421,FALSE,"observed"
"IT",1931,"25",25,0.0044,FALSE,"observed"
"IT",1931,"26",26,0.00452,FALSE,"observed"
"IT",1931,"27",27,0.00438,FALSE,"observed"
"IT",1931,"28",28,0.00445,FALSE,"observed"
"IT",1931,"29",29,0.00431,FALSE,"observed"
"IT",1931,"30",30,0.00459,FALSE,"observed"
"IT",1931,"31",31,0.00459,FALSE,"observed"
"IT",1931,"32",32,0.00452,FALSE,"observed"
"IT",1931,"33",33,0.00474,FALSE,"observed"
"IT",1931,"34",34,0.00501,FALSE,"observed"
"IT",1931,"35",35,0.00496,FALSE,"observed"
"IT",1931,"36",36,0.0051,FALSE,"observed"
"IT",1931,"37",37,0.00534,FALSE,"observed"
"IT",1931,"38",38,0.00543,FALSE,"observed"
"IT",1931,"39",39,0.00587,FALSE,"observed"
"IT",1931,"40",40,0.006,FALSE,"observed"
"IT",1931,"41",41,0.00605,FALSE,"observed"
"IT",1931,"42",42,0.00635,FALSE,"observed"
"IT",1931,"43",43,0.00648,FALSE,"observed"
"IT",1931,"44",44,0.00684,FALSE,"observed"
"IT",1931,"45",45,0.00691,FALSE,"observed"
"IT",1931,"46",46,0.00776,FALSE,"observed"
"IT",1931,"47",47,0.008,FALSE,"observed"
"IT",1931,"48",48,0.00823,FALSE,"observed"
"IT",1931,"49",49,0.00904,FALSE,"observed"
"IT",1931,"50",50,0.00929,FALSE,"observed"
"IT",1931,"51",51,0.01014,FALSE,"observed"
"IT",1931,"52",52,0.01087,FALSE,"observed"
"IT",1931,"53",53,0.01138,FALSE,"observed"
"IT",1931,"54",54,0.01251,FALSE,"observed"
"IT",1931,"55",55,0.01332,FALSE,"observed"
"IT",1931,"56",56,0.01402,FALSE,"observed"
"IT",1931,"57",57,0.0158,FALSE,"observed"
"IT",1931,"58",58,0.01673,FALSE,"observed"
"IT",1931,"59",59,0.01818,FALSE,"observed"
"IT",1931,"60",60,0.01966,FALSE,"observed"
"IT",1931,"61",61,0.02189,FALSE,"observed"
"IT",1931,"62",62,0.02372,FALSE,"observed"
"IT",1931,"63",63,0.02622,FALSE,"observed"
"IT",1931,"64",64,0.02884,FALSE,"observed"
"IT",1931,"65",65,0.03227,FALSE,"observed"
"IT",1931,"66",66,0.03395,FALSE,"observed"
"IT",1931,"67",67,0.03897,FALSE,"observed"
"IT",1931,"68",68,0.04325,FALSE,"observed"
"IT",1931,"69",69,0.04674,FALSE,"observed"
"IT",1931,"70",70,0.05249,FALSE,"observed"
"IT",1931,"71",71,0.05679,FALSE,"observed"
"IT",1931,"72",72,0.06519,FALSE,"observed"
"IT",1931,"73",73,0.072,FALSE,"observed"
"IT",1931,"74",74,0.08172,FALSE,"observed"
"IT",1931,"75",75,0.09144,FALSE,"observed"
"IT",1931,"76",76,0.09717,FALSE,"observed"
"IT",1931,"77",77,0.11145,FALSE,"observed"
"IT",1931,"78",78,0.12349,FALSE,"observed"
"IT",1931,"79",79,0.13436,FALSE,"observed"
"IT",1931,"80",80,0.14757,FALSE,"observed"
"IT",1931,"81",81,0.15641,FALSE,"observed"
"IT",1931,"82",82,0.17694,FALSE,"observed"
"IT",1931,"83",83,0.18695,FALSE,"observed"
"IT",1931,"84",84,0.21307,FALSE,"observed"
"IT",1931,"85",85,0.23149,FALSE,"observed"
"IT",1931,"86",86,0.25384,FALSE,"observed"
"IT",1931,"87",87,0.27236,FALSE,"observed"
"IT",1931,"88",88,0.31643,FALSE,"observed"
"IT",1931,"89",89,0.35819,FALSE,"observed"
"IT",1931,"90",90,0.28144,FALSE,"observed"
"IT",1931,"91",91,0.32944,FALSE,"observed"
"IT",1931,"92",92,0.3744,FALSE,"observed"
"IT",1931,"93",93,0.39739,FALSE,"observed"
"IT",1931,"94",94,0.417,FALSE,"observed"
"IT",1931,"95",95,0.46895,FALSE,"observed"
"IT",1931,"96",96,0.49544,FALSE,"observed"
"IT",1931,"97",97,0.52182,FALSE,"observed"
"IT",1931,"98",98,0.54796,FALSE,"observed"
"IT",1931,"99",99,0.57371,FALSE,"observed"
"IT",1931,"100",100,0.59895,FALSE,"observed"
"IT",1931,"101",101,0.62356,FALSE,"observed"
"IT",1931,"102",102,0.64745,FALSE,"observed"
"IT",1931,"103",103,0.67053,FALSE,"observed"
"IT",1931,"104",104,0.69273,FALSE,"observed"
"IT",1931,"105",105,0.71401,FALSE,"observed"
"IT",1931,"106",106,0.73431,FALSE,"observed"
"IT",1931,"107",107,0.75362,FALSE,"observed"
"IT",1931,"108",108,0.77193,FALSE,"observed"
"IT",1931,"109",109,0.78922,FALSE,"observed"
"IT",1931,"110+",110,0.8055,FALSE,"observed"
"IT",1932,"0",0,0.11698,FALSE,"observed"
"IT",1932,"1",1,0.03975,FALSE,"observed"
"IT",1932,"2",2,0.0129,FALSE,"observed"
"IT",1932,"3",3,0.00696,FALSE,"observed"
"IT",1932,"4",4,0.00475,FALSE,"observed"
"IT",1932,"5",5,0.00358,FALSE,"observed"
"IT",1932,"6",6,0.00292,FALSE,"observed"
"IT",1932,"7",7,0.00242,FALSE,"observed"
"IT",1932,"8",8,0.00215,FALSE,"observed"
"IT",1932,"9",9,0.00193,FALSE,"observed"
"IT",1932,"10",10,0.00181,FALSE,"observed"
"IT",1932,"11",11,0.00189,FALSE,"observed"
"IT",1932,"12",12,0.0019,FALSE,"observed"
"IT",1932,"13",13,0.0019,FALSE,"observed"
"IT",1932,"14",14,0.00213,FALSE,"observed"
"IT",1932,"15",15,0.00246,FALSE,"observed"
"IT",1932,"16",16,0.00296,FALSE,"observed"
"IT",1932,"17",17,0.00331,FALSE,"observed"
"IT",1932,"18",18,0.00365,FALSE,"observed"
"IT",1932,"19",19,0.00388,FALSE,"observed"
"IT",1932,"20",20,0.00423,FALSE,"observed"
"IT",1932,"21",21,0.00435,FALSE,"observed"
"IT",1932,"22",22,0.00422,FALSE,"observed"
"IT",1932,"23",23,0.00416,FALSE,"observed"
"IT",1932,"24",24,0.00427,FALSE,"observed"
"IT",1932,"25",25,0.00435,FALSE,"observed"
"IT",1932,"26",26,0.00437,FALSE,"observed"
"IT",1932,"27",27,0.00435,FALSE,"observed"
"IT",1932,"28",28,0.00448,FALSE,"observed"
"IT",1932,"29",29,0.00459,FALSE,"observed"
"IT",1932,"30",30,0.00455,FALSE,"observed"
"IT",1932,"31",31,0.00448,FALSE,"observed"
"IT",1932,"32",32,0.0048,FALSE,"observed"
"IT",1932,"33",33,0.00478,FALSE,"observed"
"IT",1932,"34",34,0.00499,FALSE,"observed"
"IT",1932,"35",35,0.00503,FALSE,"observed"
"IT",1932,"36",36,0.00533,FALSE,"observed"
"IT",1932,"37",37,0.00533,FALSE,"observed"
"IT",1932,"38",38,0.00558,FALSE,"observed"
"IT",1932,"39",39,0.006,FALSE,"observed"
"IT",1932,"40",40,0.00609,FALSE,"observed"
"IT",1932,"41",41,0.00601,FALSE,"observed"
"IT",1932,"42",42,0.00645,FALSE,"observed"
"IT",1932,"43",43,0.00641,FALSE,"observed"
"IT",1932,"44",44,0.00688,FALSE,"observed"
"IT",1932,"45",45,0.00711,FALSE,"observed"
"IT",1932,"46",46,0.00734,FALSE,"observed"
"IT",1932,"47",47,0.00814,FALSE,"observed"
"IT",1932,"48",48,0.00844,FALSE,"observed"
"IT",1932,"49",49,0.00886,FALSE,"observed"
"IT",1932,"50",50,0.00981,FALSE,"observed"
"IT",1932,"51",51,0.00976,FALSE,"observed"
"IT",1932,"52",52,0.01087,FALSE,"observed"
"IT",1932,"53",53,0.01173,FALSE,"observed"
"IT",1932,"54",54,0.01232,FALSE,"observed"
"IT",1932,"55",55,0.01309,FALSE,"observed"
"IT",1932,"56",56,0.01502,FALSE,"observed"
"IT",1932,"57",57,0.01555,FALSE,"observed"
"IT",1932,"58",58,0.01718,FALSE,"observed"
"IT",1932,"59",59,0.01865,FALSE,"observed"
"IT",1932,"60",60,0.02108,FALSE,"observed"
"IT",1932,"61",61,0.0214,FALSE,"observed"
"IT",1932,"62",62,0.02417,FALSE,"observed"
"IT",1932,"63",63,0.02566,FALSE,"observed"
"IT",1932,"64",64,0.0289,FALSE,"observed"
"IT",1932,"65",65,0.03324,FALSE,"observed"
"IT",1932,"66",66,0.03567,FALSE,"observed"
"IT",1932,"67",67,0.03858,FALSE,"observed"
"IT",1932,"68",68,0.04368,FALSE,"observed"
"IT",1932,"69",69,0.04729,FALSE,"observed"
"IT",1932,"70",70,0.05332,FALSE,"observed"
"IT",1932,"71",71,0.05676,FALSE,"observed"
"IT",1932,"72",72,0.06577,FALSE,"observed"
"IT",1932,"73",73,0.07281,FALSE,"observed"
"IT",1932,"74",74,0.08162,FALSE,"observed"
"IT",1932,"75",75,0.09116,FALSE,"observed"
"IT",1932,"76",76,0.1022,FALSE,"observed"
"IT",1932,"77",77,0.10612,FALSE,"observed"
"IT",1932,"78",78,0.12245,FALSE,"observed"
"IT",1932,"79",79,0.13654,FALSE,"observed"
"IT",1932,"80",80,0.15099,FALSE,"observed"
"IT",1932,"81",81,0.15638,FALSE,"observed"
"IT",1932,"82",82,0.17239,FALSE,"observed"
"IT",1932,"83",83,0.19243,FALSE,"observed"
"IT",1932,"84",84,0.21043,FALSE,"observed"
"IT",1932,"85",85,0.23193,FALSE,"observed"
"IT",1932,"86",86,0.25095,FALSE,"observed"
"IT",1932,"87",87,0.26218,FALSE,"observed"
"IT",1932,"88",88,0.30229,FALSE,"observed"
"IT",1932,"89",89,0.36167,FALSE,"observed"
"IT",1932,"90",90,0.27953,FALSE,"observed"
"IT",1932,"91",91,0.31463,FALSE,"observed"
"IT",1932,"92",92,0.33658,FALSE,"observed"
"IT",1932,"93",93,0.38491,FALSE,"observed"
"IT",1932,"94",94,0.41886,FALSE,"observed"
"IT",1932,"95",95,0.44906,FALSE,"observed"
"IT",1932,"96",96,0.47423,FALSE,"observed"
"IT",1932,"97",97,0.49948,FALSE,"observed"
"IT",1932,"98",98,0.52468,FALSE,"observed"
"IT",1932,"99",99,0.5497,FALSE,"observed"
"IT",1932,"100",100,0.57443,FALSE,"observed"
"IT",1932,"101",101,0.59874,FALSE,"observed"
"IT",1932,"102",102,0.62254,FALSE,"observed"
"IT",1932,"103",103,0.64573,FALSE,"observed"
"IT",1932,"104",104,0.66823,FALSE,"observed"
"IT",1932,"105",105,0.68995,FALSE,"observed"
"IT",1932,"106",106,0.71085,FALSE,"observed"
"IT",1932,"107",107,0.73087,FALSE,"observed"
"IT",1932,"108",108,0.74998,FALSE,"observed"
"IT",1932,"109",109,0.76816,FALSE,"observed"
"IT",1932,"110+",110,0.78539,FALSE,"observed"
"IT",1933,"0",0,0.10772,FALSE,"observed"
"IT",1933,"1",1,0.03372,FALSE,"observed"
"IT",1933,"2",2,0.01202,FALSE,"observed"
"IT",1933,"3",3,0.007,FALSE,"observed"
"IT",1933,"4",4,0.00458,FALSE,"observed"
"IT",1933,"5",5,0.00353,FALSE,"observed"
"IT",1933,"6",6,0.00279,FALSE,"observed"
"IT",1933,"7",7,0.00232,FALSE,"observed"
"IT",1933,"8",8,0.00208,FALSE,"observed"
"IT",1933,"9",9,0.00192,FALSE,"observed"
"IT",1933,"10",10,0.00174,FALSE,"observed"
"IT",1933,"11",11,0.0017,FALSE,"observed"
"IT",1933,"12",12,0.00175,FALSE,"observed"
"IT",1933,"13",13,0.00179,FALSE,"observed"
"IT",1933,"14",14,0.00187,FALSE,"observed"
"IT",1933,"15",15,0.00223,FALSE,"observed"
"IT",1933,"16",16,0.00252,FALSE,"observed"
"IT",1933,"17",17,0.00303,FALSE,"observed"
"IT",1933,"18",18,0.00333,FALSE,"observed"
"IT",1933,"19",19,0.00355,FALSE,"observed"
"IT",1933,"20",20,0.00386,FALSE,"observed"
"IT",1933,"21",21,0.00409,FALSE,"observed"
"IT",1933,"22",22,0.00388,FALSE,"observed"
"IT",1933,"23",23,0.0041,FALSE,"observed"
"IT",1933,"24",24,0.00412,FALSE,"observed"
"IT",1933,"25",25,0.00414,FALSE,"observed"
"IT",1933,"26",26,0.00416,FALSE,"observed"
"IT",1933,"27",27,0.00424,FALSE,"observed"
"IT",1933,"28",28,0.00417,FALSE,"observed"
"IT",1933,"29",29,0.00419,FALSE,"observed"
"IT",1933,"30",30,0.00445,FALSE,"observed"
"IT",1933,"31",31,0.00458,FALSE,"observed"
"IT",1933,"32",32,0.00441,FALSE,"observed"
"IT",1933,"33",33,0.00467,FALSE,"observed"
"IT",1933,"34",34,0.0049,FALSE,"observed"
"IT",1933,"35",35,0.00509,FALSE,"observed"
"IT",1933,"36",36,0.00501,FALSE,"observed"
"IT",1933,"37",37,0.00517,FALSE,"observed"
"IT",1933,"38",38,0.00549,FALSE,"observed"
"IT",1933,"39",39,0.00554,FALSE,"observed"
"IT",1933,"40",40,0.00596,FALSE,"observed"
"IT",1933,"41",41,0.00608,FALSE,"observed"
"IT",1933,"42",42,0.00623,FALSE,"observed"
"IT",1933,"43",43,0.00619,FALSE,"observed"
"IT",1933,"44",44,0.00666,FALSE,"observed"
"IT",1933,"45",45,0.00708,FALSE,"observed"
"IT",1933,"46",46,0.00716,FALSE,"observed"
"IT",1933,"47",47,0.00761,FALSE,"observed"
"IT",1933,"48",48,0.00838,FALSE,"observed"
"IT",1933,"49",49,0.00838,FALSE,"observed"
"IT",1933,"50",50,0.00921,FALSE,"observed"
"IT",1933,"51",51,0.00976,FALSE,"observed"
"IT",1933,"52",52,0.01048,FALSE,"observed"
"IT",1933,"53",53,0.0112,FALSE,"observed"
"IT",1933,"54",54,0.01205,FALSE,"observed"
"IT",1933,"55",55,0.01255,FALSE,"observed"
"IT",1933,"56",56,0.01342,FALSE,"observed"
"IT",1933,"57",57,0.01511,FALSE,"observed"
"IT",1933,"58",58,0.01586,FALSE,"observed"
"IT",1933,"59",59,0.01754,FALSE,"observed"
"IT",1933,"60",60,0.01965,FALSE,"observed"
"IT",1933,"61",61,0.02103,FALSE,"observed"
"IT",1933,"62",62,0.02204,FALSE,"observed"
"IT",1933,"63",63,0.02536,FALSE,"observed"
"IT",1933,"64",64,0.0277,FALSE,"observed"
"IT",1933,"65",65,0.03102,FALSE,"observed"
"IT",1933,"66",66,0.03296,FALSE,"observed"
"IT",1933,"67",67,0.03705,FALSE,"observed"
"IT",1933,"68",68,0.03937,FALSE,"observed"
"IT",1933,"69",69,0.04503,FALSE,"observed"
"IT",1933,"70",70,0.05111,FALSE,"observed"
"IT",1933,"71",71,0.05522,FALSE,"observed"
"IT",1933,"72",72,0.05926,FALSE,"observed"
"IT",1933,"73",73,0.06843,FALSE,"observed"
"IT",1933,"74",74,0.07597,FALSE,"observed"
"IT",1933,"75",75,0.08351,FALSE,"observed"
"IT",1933,"76",76,0.09343,FALSE,"observed"
"IT",1933,"77",77,0.10351,FALSE,"observed"
"IT",1933,"78",78,0.10938,FALSE,"observed"
"IT",1933,"79",79,0.12543,FALSE,"observed"
"IT",1933,"80",80,0.13657,FALSE,"observed"
"IT",1933,"81",81,0.14954,FALSE,"observed"
"IT",1933,"82",82,0.1625,FALSE,"observed"
"IT",1933,"83",83,0.18006,FALSE,"observed"
"IT",1933,"84",84,0.20263,FALSE,"observed"
"IT",1933,"85",85,0.2119,FALSE,"observed"
"IT",1933,"86",86,0.23141,FALSE,"observed"
"IT",1933,"87",87,0.25846,FALSE,"observed"
"IT",1933,"88",88,0.2701,FALSE,"observed"
"IT",1933,"89",89,0.29958,FALSE,"observed"
"IT",1933,"90",90,0.31219,FALSE,"observed"
"IT",1933,"91",91,0.33581,FALSE,"observed"
"IT",1933,"92",92,0.34989,FALSE,"observed"
"IT",1933,"93",93,0.38644,FALSE,"observed"
"IT",1933,"94",94,0.41546,FALSE,"observed"
"IT",1933,"95",95,0.44262,FALSE,"observed"
"IT",1933,"96",96,0.46881,FALSE,"observed"
"IT",1933,"97",97,0.4951,FALSE,"observed"
"IT",1933,"98",98,0.52136,FALSE,"observed"
"IT",1933,"99",99,0.54744,FALSE,"observed"
"IT",1933,"100",100,0.57321,FALSE,"observed"
"IT",1933,"101",101,0.59853,FALSE,"observed"
"IT",1933,"102",102,0.62329,FALSE,"observed"
"IT",1933,"103",103,0.64738,FALSE,"observed"
"IT",1933,"104",104,0.67071,FALSE,"observed"
"IT",1933,"105",105,0.69319,FALSE,"observed"
"IT",1933,"106",106,0.71477,FALSE,"observed"
"IT",1933,"107",107,0.73539,FALSE,"observed"
"IT",1933,"108",108,0.75502,FALSE,"observed"
"IT",1933,"109",109,0.77363,FALSE,"observed"
"IT",1933,"110+",110,0.79122,FALSE,"observed"
"IT",1934,"0",0,0.10417,FALSE,"observed"
"IT",1934,"1",1,0.0356,FALSE,"observed"
"IT",1934,"2",2,0.01133,FALSE,"observed"
"IT",1934,"3",3,0.00645,FALSE,"observed"
"IT",1934,"4",4,0.0044,FALSE,"observed"
"IT",1934,"5",5,0.00331,FALSE,"observed"
"IT",1934,"6",6,0.00267,FALSE,"observed"
"IT",1934,"7",7,0.00231,FALSE,"observed"
"IT",1934,"8",8,0.00191,FALSE,"observed"
"IT",1934,"9",9,0.00184,FALSE,"observed"
"IT",1934,"10",10,0.00167,FALSE,"observed"
"IT",1934,"11",11,0.0017,FALSE,"observed"
"IT",1934,"12",12,0.00167,FALSE,"observed"
"IT",1934,"13",13,0.00185,FALSE,"observed"
"IT",1934,"14",14,0.00207,FALSE,"observed"
"IT",1934,"15",15,0.00229,FALSE,"observed"
"IT",1934,"16",16,0.00251,FALSE,"observed"
"IT",1934,"17",17,0.00293,FALSE,"observed"
"IT",1934,"18",18,0.00329,FALSE,"observed"
"IT",1934,"19",19,0.00359,FALSE,"observed"
"IT",1934,"20",20,0.00371,FALSE,"observed"
"IT",1934,"21",21,0.00386,FALSE,"observed"
"IT",1934,"22",22,0.004,FALSE,"observed"
"IT",1934,"23",23,0.00404,FALSE,"observed"
"IT",1934,"24",24,0.00392,FALSE,"observed"
"IT",1934,"25",25,0.00384,FALSE,"observed"
"IT",1934,"26",26,0.00402,FALSE,"observed"
"IT",1934,"27",27,0.00386,FALSE,"observed"
"IT",1934,"28",28,0.00399,FALSE,"observed"
"IT",1934,"29",29,0.004,FALSE,"observed"
"IT",1934,"30",30,0.00418,FALSE,"observed"
"IT",1934,"31",31,0.00422,FALSE,"observed"
"IT",1934,"32",32,0.00428,FALSE,"observed"
"IT",1934,"33",33,0.00449,FALSE,"observed"
"IT",1934,"34",34,0.00447,FALSE,"observed"
"IT",1934,"35",35,0.00468,FALSE,"observed"
"IT",1934,"36",36,0.00479,FALSE,"observed"
"IT",1934,"37",37,0.00498,FALSE,"observed"
"IT",1934,"38",38,0.00484,FALSE,"observed"
"IT",1934,"39",39,0.00521,FALSE,"observed"
"IT",1934,"40",40,0.00545,FALSE,"observed"
"IT",1934,"41",41,0.00547,FALSE,"observed"
"IT",1934,"42",42,0.00598,FALSE,"observed"
"IT",1934,"43",43,0.00591,FALSE,"observed"
"IT",1934,"44",44,0.00635,FALSE,"observed"
"IT",1934,"45",45,0.00645,FALSE,"observed"
"IT",1934,"46",46,0.00691,FALSE,"observed"
"IT",1934,"47",47,0.00695,FALSE,"observed"
"IT",1934,"48",48,0.00757,FALSE,"observed"
"IT",1934,"49",49,0.00801,FALSE,"observed"
"IT",1934,"50",50,0.00889,FALSE,"observed"
"IT",1934,"51",51,0.00903,FALSE,"observed"
"IT",1934,"52",52,0.01025,FALSE,"observed"
"IT",1934,"53",53,0.01043,FALSE,"observed"
"IT",1934,"54",54,0.01152,FALSE,"observed"
"IT",1934,"55",55,0.01244,FALSE,"observed"
"IT",1934,"56",56,0.01311,FALSE,"observed"
"IT",1934,"57",57,0.01461,FALSE,"observed"
"IT",1934,"58",58,0.01573,FALSE,"observed"
"IT",1934,"59",59,0.0166,FALSE,"observed"
"IT",1934,"60",60,0.01931,FALSE,"observed"
"IT",1934,"61",61,0.02072,FALSE,"observed"
"IT",1934,"62",62,0.02204,FALSE,"observed"
"IT",1934,"63",63,0.02437,FALSE,"observed"
"IT",1934,"64",64,0.02674,FALSE,"observed"
"IT",1934,"65",65,0.02967,FALSE,"observed"
"IT",1934,"66",66,0.03221,FALSE,"observed"
"IT",1934,"67",67,0.03606,FALSE,"observed"
"IT",1934,"68",68,0.04022,FALSE,"observed"
"IT",1934,"69",69,0.04208,FALSE,"observed"
"IT",1934,"70",70,0.04948,FALSE,"observed"
"IT",1934,"71",71,0.05344,FALSE,"observed"
"IT",1934,"72",72,0.05835,FALSE,"observed"
"IT",1934,"73",73,0.06359,FALSE,"observed"
"IT",1934,"74",74,0.07221,FALSE,"observed"
"IT",1934,"75",75,0.08296,FALSE,"observed"
"IT",1934,"76",76,0.08999,FALSE,"observed"
"IT",1934,"77",77,0.09871,FALSE,"observed"
"IT",1934,"78",78,0.11251,FALSE,"observed"
"IT",1934,"79",79,0.11616,FALSE,"observed"
"IT",1934,"80",80,0.13565,FALSE,"observed"
"IT",1934,"81",81,0.14331,FALSE,"observed"
"IT",1934,"82",82,0.16068,FALSE,"observed"
"IT",1934,"83",83,0.17364,FALSE,"observed"
"IT",1934,"84",84,0.18666,FALSE,"observed"
"IT",1934,"85",85,0.2078,FALSE,"observed"
"IT",1934,"86",86,0.21251,FALSE,"observed"
"IT",1934,"87",87,0.24167,FALSE,"observed"
"IT",1934,"88",88,0.27242,FALSE,"observed"
"IT",1934,"89",89,0.29082,FALSE,"observed"
"IT",1934,"90",90,0.30701,FALSE,"observed"
"IT",1934,"91",91,0.32289,FALSE,"observed"
"IT",1934,"92",92,0.33493,FALSE,"observed"
"IT",1934,"93",93,0.3455,FALSE,"observed"
"IT",1934,"94",94,0.37504,FALSE,"observed"
"IT",1934,"95",95,0.41685,FALSE,"observed"
"IT",1934,"96",96,0.44143,FALSE,"observed"
"IT",1934,"97",97,0.46625,FALSE,"observed"
"IT",1934,"98",98,0.49118,FALSE,"observed"
"IT",1934,"99",99,0.51609,FALSE,"observed"
"IT",1934,"100",100,0.54087,FALSE,"observed"
"IT",1934,"101",101,0.56539,FALSE,"observed"
"IT",1934,"102",102,0.58956,FALSE,"observed"
"IT",1934,"103",103,0.61326,FALSE,"observed"
"IT",1934,"104",104,0.63641,FALSE,"observed"
"IT",1934,"105",105,0.65891,FALSE,"observed"
"IT",1934,"106",106,0.6807,FALSE,"observed"
"IT",1934,"107",107,0.70171,FALSE,"observed"
"IT",1934,"108",108,0.7219,FALSE,"observed"
"IT",1934,"109",109,0.74121,FALSE,"observed"
"IT",1934,"110+",110,0.75963,FALSE,"observed"
"IT",1935,"0",0,0.10825,FALSE,"observed"
"IT",1935,"1",1,0.03561,FALSE,"observed"
"IT",1935,"2",2,0.01114,FALSE,"observed"
"IT",1935,"3",3,0.00626,FALSE,"observed"
"IT",1935,"4",4,0.00445,FALSE,"observed"
"IT",1935,"5",5,0.00341,FALSE,"observed"
"IT",1935,"6",6,0.00267,FALSE,"observed"
"IT",1935,"7",7,0.0023,FALSE,"observed"
"IT",1935,"8",8,0.00195,FALSE,"observed"
"IT",1935,"9",9,0.0018,FALSE,"observed"
"IT",1935,"10",10,0.00168,FALSE,"observed"
"IT",1935,"11",11,0.00166,FALSE,"observed"
"IT",1935,"12",12,0.00177,FALSE,"observed"
"IT",1935,"13",13,0.00181,FALSE,"observed"
"IT",1935,"14",14,0.0021,FALSE,"observed"
"IT",1935,"15",15,0.00236,FALSE,"observed"
"IT",1935,"16",16,0.00253,FALSE,"observed"
"IT",1935,"17",17,0.00276,FALSE,"observed"
"IT",1935,"18",18,0.00331,FALSE,"observed"
"IT",1935,"19",19,0.00356,FALSE,"observed"
"IT",1935,"20",20,0.00374,FALSE,"observed"
"IT",1935,"21",21,0.00388,FALSE,"observed"
"IT",1935,"22",22,0.00396,FALSE,"observed"
"IT",1935,"23",23,0.00407,FALSE,"observed"
"IT",1935,"24",24,0.00399,FALSE,"observed"
"IT",1935,"25",25,0.00404,FALSE,"observed"
"IT",1935,"26",26,0.00397,FALSE,"observed"
"IT",1935,"27",27,0.00414,FALSE,"observed"
"IT",1935,"28",28,0.00404,FALSE,"observed"
"IT",1935,"29",29,0.00425,FALSE,"observed"
"IT",1935,"30",30,0.00406,FALSE,"observed"
"IT",1935,"31",31,0.00413,FALSE,"observed"
"IT",1935,"32",32,0.00441,FALSE,"observed"
"IT",1935,"33",33,0.0045,FALSE,"observed"
"IT",1935,"34",34,0.00467,FALSE,"observed"
"IT",1935,"35",35,0.00476,FALSE,"observed"
"IT",1935,"36",36,0.00484,FALSE,"observed"
"IT",1935,"37",37,0.00518,FALSE,"observed"
"IT",1935,"38",38,0.00532,FALSE,"observed"
"IT",1935,"39",39,0.0054,FALSE,"observed"
"IT",1935,"40",40,0.0058,FALSE,"observed"
"IT",1935,"41",41,0.0057,FALSE,"observed"
"IT",1935,"42",42,0.00613,FALSE,"observed"
"IT",1935,"43",43,0.00629,FALSE,"observed"
"IT",1935,"44",44,0.00647,FALSE,"observed"
"IT",1935,"45",45,0.00695,FALSE,"observed"
"IT",1935,"46",46,0.00732,FALSE,"observed"
"IT",1935,"47",47,0.00784,FALSE,"observed"
"IT",1935,"48",48,0.00788,FALSE,"observed"
"IT",1935,"49",49,0.00835,FALSE,"observed"
"IT",1935,"50",50,0.00939,FALSE,"observed"
"IT",1935,"51",51,0.00967,FALSE,"observed"
"IT",1935,"52",52,0.00999,FALSE,"observed"
"IT",1935,"53",53,0.01105,FALSE,"observed"
"IT",1935,"54",54,0.01168,FALSE,"observed"
"IT",1935,"55",55,0.013,FALSE,"observed"
"IT",1935,"56",56,0.01383,FALSE,"observed"
"IT",1935,"57",57,0.01511,FALSE,"observed"
"IT",1935,"58",58,0.01636,FALSE,"observed"
"IT",1935,"59",59,0.01832,FALSE,"observed"
"IT",1935,"60",60,0.01963,FALSE,"observed"
"IT",1935,"61",61,0.02146,FALSE,"observed"
"IT",1935,"62",62,0.02383,FALSE,"observed"
"IT",1935,"63",63,0.02553,FALSE,"observed"
"IT",1935,"64",64,0.02735,FALSE,"observed"
"IT",1935,"65",65,0.03195,FALSE,"observed"
"IT",1935,"66",66,0.0344,FALSE,"observed"
"IT",1935,"67",67,0.03732,FALSE,"observed"
"IT",1935,"68",68,0.04272,FALSE,"observed"
"IT",1935,"69",69,0.04662,FALSE,"observed"
"IT",1935,"70",70,0.05123,FALSE,"observed"
"IT",1935,"71",71,0.05586,FALSE,"observed"
"IT",1935,"72",72,0.06336,FALSE,"observed"
"IT",1935,"73",73,0.06864,FALSE,"observed"
"IT",1935,"74",74,0.07497,FALSE,"observed"
"IT",1935,"75",75,0.08436,FALSE,"observed"
"IT",1935,"76",76,0.09712,FALSE,"observed"
"IT",1935,"77",77,0.10554,FALSE,"observed"
"IT",1935,"78",78,0.11995,FALSE,"observed"
"IT",1935,"79",79,0.12995,FALSE,"observed"
"IT",1935,"80",80,0.13585,FALSE,"observed"
"IT",1935,"81",81,0.15808,FALSE,"observed"
"IT",1935,"82",82,0.1714,FALSE,"observed"
"IT",1935,"83",83,0.19029,FALSE,"observed"
"IT",1935,"84",84,0.20158,FALSE,"observed"
"IT",1935,"85",85,0.22006,FALSE,"observed"
"IT",1935,"86",86,0.24338,FALSE,"observed"
"IT",1935,"87",87,0.26555,FALSE,"observed"
"IT",1935,"88",88,0.29145,FALSE,"observed"
"IT",1935,"89",89,0.31689,FALSE,"observed"
"IT",1935,"90",90,0.34081,FALSE,"observed"
"IT",1935,"91",91,0.35485,FALSE,"observed"
"IT",1935,"92",92,0.39257,FALSE,"observed"
"IT",1935,"93",93,0.40251,FALSE,"observed"
"IT",1935,"94",94,0.40678,FALSE,"observed"
"IT",1935,"95",95,0.4686,FALSE,"observed"
"IT",1935,"96",96,0.49597,FALSE,"observed"
"IT",1935,"97",97,0.52325,FALSE,"observed"
"IT",1935,"98",98,0.5503,FALSE,"observed"
"IT",1935,"99",99,0.57695,FALSE,"observed"
"IT",1935,"100",100,0.60306,FALSE,"observed"
"IT",1935,"101",101,0.62852,FALSE,"observed"
"IT",1935,"102",102,0.65321,FALSE,"observed"
"IT",1935,"103",103,0.67704,FALSE,"observed"
"IT",1935,"104",104,0.69992,FALSE,"observed"
"IT",1935,"105",105,0.72181,FALSE,"observed"
"IT",1935,"106",106,0.74264,FALSE,"observed"
"IT",1935,"107",107,0.76241,FALSE,"observed"
"IT",1935,"108",108,0.78108,FALSE,"observed"
"IT",1935,"109",109,0.79866,FALSE,"observed"
"IT",1935,"110+",110,0.81516,FALSE,"observed"
"IT",1936,"0",0,0.10462,FALSE,"observed"
"IT",1936,"1",1,0.03365,FALSE,"observed"
"IT",1936,"2",2,0.01106,FALSE,"observed"
"IT",1936,"3",3,0.00608,FALSE,"observed"
"IT",1936,"4",4,0.00395,FALSE,"observed"
"IT",1936,"5",5,0.00315,FALSE,"observed"
"IT",1936,"6",6,0.00248,FALSE,"observed"
"IT",1936,"7",7,0.00211,FALSE,"observed"
"IT",1936,"8",8,0.0019,FALSE,"observed"
"IT",1936,"9",9,0.00165,FALSE,"observed"
"IT",1936,"10",10,0.00164,FALSE,"observed"
"IT",1936,"11",11,0.00151,FALSE,"observed"
"IT",1936,"12",12,0.00161,FALSE,"observed"
"IT",1936,"13",13,0.00171,FALSE,"observed"
"IT",1936,"14",14,0.00195,FALSE,"observed"
"IT",1936,"15",15,0.00226,FALSE,"observed"
"IT",1936,"16",16,0.00252,FALSE,"observed"
"IT",1936,"17",17,0.0027,FALSE,"observed"
"IT",1936,"18",18,0.00305,FALSE,"observed"
"IT",1936,"19",19,0.00337,FALSE,"observed"
"IT",1936,"20",20,0.00365,FALSE,"observed"
"IT",1936,"21",21,0.00364,FALSE,"observed"
"IT",1936,"22",22,0.00376,FALSE,"observed"
"IT",1936,"23",23,0.0038,FALSE,"observed"
"IT",1936,"24",24,0.00397,FALSE,"observed"
"IT",1936,"25",25,0.0039,FALSE,"observed"
"IT",1936,"26",26,0.00384,FALSE,"observed"
"IT",1936,"27",27,0.00386,FALSE,"observed"
"IT",1936,"28",28,0.00364,FALSE,"observed"
"IT",1936,"29",29,0.00393,FALSE,"observed"
"IT",1936,"30",30,0.00406,FALSE,"observed"
"IT",1936,"31",31,0.00396,FALSE,"observed"
"IT",1936,"32",32,0.0042,FALSE,"observed"
"IT",1936,"33",33,0.00445,FALSE,"observed"
"IT",1936,"34",34,0.00458,FALSE,"observed"
"IT",1936,"35",35,0.00477,FALSE,"observed"
"IT",1936,"36",36,0.00478,FALSE,"observed"
"IT",1936,"37",37,0.00502,FALSE,"observed"
"IT",1936,"38",38,0.00529,FALSE,"observed"
"IT",1936,"39",39,0.00526,FALSE,"observed"
"IT",1936,"40",40,0.00538,FALSE,"observed"
"IT",1936,"41",41,0.00571,FALSE,"observed"
"IT",1936,"42",42,0.00607,FALSE,"observed"
"IT",1936,"43",43,0.00629,FALSE,"observed"
"IT",1936,"44",44,0.00662,FALSE,"observed"
"IT",1936,"45",45,0.00686,FALSE,"observed"
"IT",1936,"46",46,0.00712,FALSE,"observed"
"IT",1936,"47",47,0.00733,FALSE,"observed"
"IT",1936,"48",48,0.00821,FALSE,"observed"
"IT",1936,"49",49,0.00823,FALSE,"observed"
"IT",1936,"50",50,0.00894,FALSE,"observed"
"IT",1936,"51",51,0.00982,FALSE,"observed"
"IT",1936,"52",52,0.01042,FALSE,"observed"
"IT",1936,"53",53,0.01088,FALSE,"observed"
"IT",1936,"54",54,0.01221,FALSE,"observed"
"IT",1936,"55",55,0.01227,FALSE,"observed"
"IT",1936,"56",56,0.01405,FALSE,"observed"
"IT",1936,"57",57,0.01516,FALSE,"observed"
"IT",1936,"58",58,0.01643,FALSE,"observed"
"IT",1936,"59",59,0.018,FALSE,"observed"
"IT",1936,"60",60,0.02018,FALSE,"observed"
"IT",1936,"61",61,0.02011,FALSE,"observed"
"IT",1936,"62",62,0.02401,FALSE,"observed"
"IT",1936,"63",63,0.02575,FALSE,"observed"
"IT",1936,"64",64,0.0284,FALSE,"observed"
"IT",1936,"65",65,0.03083,FALSE,"observed"
"IT",1936,"66",66,0.03439,FALSE,"observed"
"IT",1936,"67",67,0.0376,FALSE,"observed"
"IT",1936,"68",68,0.04304,FALSE,"observed"
"IT",1936,"69",69,0.04647,FALSE,"observed"
"IT",1936,"70",70,0.05273,FALSE,"observed"
"IT",1936,"71",71,0.05585,FALSE,"observed"
"IT",1936,"72",72,0.06598,FALSE,"observed"
"IT",1936,"73",73,0.07106,FALSE,"observed"
"IT",1936,"74",74,0.07589,FALSE,"observed"
"IT",1936,"75",75,0.08444,FALSE,"observed"
"IT",1936,"76",76,0.09467,FALSE,"observed"
"IT",1936,"77",77,0.10741,FALSE,"observed"
"IT",1936,"78",78,0.11762,FALSE,"observed"
"IT",1936,"79",79,0.13046,FALSE,"observed"
"IT",1936,"80",80,0.14741,FALSE,"observed"
"IT",1936,"81",81,0.1494,FALSE,"observed"
"IT",1936,"82",82,0.17213,FALSE,"observed"
"IT",1936,"83",83,0.19235,FALSE,"observed"
"IT",1936,"84",84,0.21192,FALSE,"observed"
"IT",1936,"85",85,0.22264,FALSE,"observed"
"IT",1936,"86",86,0.23836,FALSE,"observed"
"IT",1936,"87",87,0.26602,FALSE,"observed"
"IT",1936,"88",88,0.27546,FALSE,"observed"
"IT",1936,"89",89,0.31095,FALSE,"observed"
"IT",1936,"90",90,0.33355,FALSE,"observed"
"IT",1936,"91",91,0.33196,FALSE,"observed"
"IT",1936,"92",92,0.37871,FALSE,"observed"
"IT",1936,"93",93,0.39862,FALSE,"observed"
"IT",1936,"94",94,0.44718,FALSE,"observed"
"IT",1936,"95",95,0.45371,FALSE,"observed"
"IT",1936,"96",96,0.47999,FALSE,"observed"
"IT",1936,"97",97,0.50636,FALSE,"observed"
"IT",1936,"98",98,0.53268,FALSE,"observed"
"IT",1936,"99",99,0.55881,FALSE,"observed"
"IT",1936,"100",100,0.5846,FALSE,"observed"
"IT",1936,"101",101,0.60992,FALSE,"observed"
"IT",1936,"102",102,0.63467,FALSE,"observed"
"IT",1936,"103",103,0.65871,FALSE,"observed"
"IT",1936,"104",104,0.68197,FALSE,"observed"
"IT",1936,"105",105,0.70435,FALSE,"observed"
"IT",1936,"106",106,0.72579,FALSE,"observed"
"IT",1936,"107",107,0.74625,FALSE,"observed"
"IT",1936,"108",108,0.76567,FALSE,"observed"
"IT",1936,"109",109,0.78405,FALSE,"observed"
"IT",1936,"110+",110,0.80137,FALSE,"observed"
"IT",1937,"0",0,0.11926,FALSE,"observed"
"IT",1937,"1",1,0.03886,FALSE,"observed"
"IT",1937,"2",2,0.01169,FALSE,"observed"
"IT",1937,"3",3,0.00633,FALSE,"observed"
"IT",1937,"4",4,0.00438,FALSE,"observed"
"IT",1937,"5",5,0.00313,FALSE,"observed"
"IT",1937,"6",6,0.00259,FALSE,"observed"
"IT",1937,"7",7,0.00225,FALSE,"observed"
"IT",1937,"8",8,0.00203,FALSE,"observed"
"IT",1937,"9",9,0.00184,FALSE,"observed"
"IT",1937,"10",10,0.00173,FALSE,"observed"
"IT",1937,"11",11,0.00167,FALSE,"observed"
"IT",1937,"12",12,0.00169,FALSE,"observed"
"IT",1937,"13",13,0.00172,FALSE,"observed"
"IT",1937,"14",14,0.00181,FALSE,"observed"
"IT",1937,"15",15,0.0019,FALSE,"observed"
"IT",1937,"16",16,0.00223,FALSE,"observed"
"IT",1937,"17",17,0.00247,FALSE,"observed"
"IT",1937,"18",18,0.00425,FALSE,"observed"
"IT",1937,"19",19,0.00473,FALSE,"observed"
"IT",1937,"20",20,0.00454,FALSE,"observed"
"IT",1937,"21",21,0.00377,FALSE,"observed"
"IT",1937,"22",22,0.00348,FALSE,"observed"
"IT",1937,"23",23,0.00361,FALSE,"observed"
"IT",1937,"24",24,0.00364,FALSE,"observed"
"IT",1937,"25",25,0.00396,FALSE,"observed"
"IT",1937,"26",26,0.0039,FALSE,"observed"
"IT",1937,"27",27,0.0039,FALSE,"observed"
"IT",1937,"28",28,0.00378,FALSE,"observed"
"IT",1937,"29",29,0.004,FALSE,"observed"
"IT",1937,"30",30,0.00404,FALSE,"observed"
"IT",1937,"31",31,0.0041,FALSE,"observed"
"IT",1937,"32",32,0.00415,FALSE,"observed"
"IT",1937,"33",33,0.00437,FALSE,"observed"
"IT",1937,"34",34,0.00447,FALSE,"observed"
"IT",1937,"35",35,0.0047,FALSE,"observed"
"IT",1937,"36",36,0.00481,FALSE,"observed"
"IT",1937,"37",37,0.00485,FALSE,"observed"
"IT",1937,"38",38,0.00516,FALSE,"observed"
"IT",1937,"39",39,0.00533,FALSE,"observed"
"IT",1937,"40",40,0.0055,FALSE,"observed"
"IT",1937,"41",41,0.00583,FALSE,"observed"
"IT",1937,"42",42,0.00612,FALSE,"observed"
"IT",1937,"43",43,0.00636,FALSE,"observed"
"IT",1937,"44",44,0.00665,FALSE,"observed"
"IT",1937,"45",45,0.00704,FALSE,"observed"
"IT",1937,"46",46,0.00747,FALSE,"observed"
"IT",1937,"47",47,0.00779,FALSE,"observed"
"IT",1937,"48",48,0.00812,FALSE,"observed"
"IT",1937,"49",49,0.00857,FALSE,"observed"
"IT",1937,"50",50,0.00915,FALSE,"observed"
"IT",1937,"51",51,0.00979,FALSE,"observed"
"IT",1937,"52",52,0.01029,FALSE,"observed"
"IT",1937,"53",53,0.01103,FALSE,"observed"
"IT",1937,"54",54,0.01193,FALSE,"observed"
"IT",1937,"55",55,0.01275,FALSE,"observed"
"IT",1937,"56",56,0.01413,FALSE,"observed"
"IT",1937,"57",57,0.01545,FALSE,"observed"
"IT",1937,"58",58,0.01659,FALSE,"observed"
"IT",1937,"59",59,0.01813,FALSE,"observed"
"IT",1937,"60",60,0.01927,FALSE,"observed"
"IT",1937,"61",61,0.02077,FALSE,"observed"
"IT",1937,"62",62,0.02412,FALSE,"observed"
"IT",1937,"63",63,0.02733,FALSE,"observed"
"IT",1937,"64",64,0.02891,FALSE,"observed"
"IT",1937,"65",65,0.03106,FALSE,"observed"
"IT",1937,"66",66,0.03379,FALSE,"observed"
"IT",1937,"67",67,0.03682,FALSE,"observed"
"IT",1937,"68",68,0.04231,FALSE,"observed"
"IT",1937,"69",69,0.04866,FALSE,"observed"
"IT",1937,"70",70,0.05263,FALSE,"observed"
"IT",1937,"71",71,0.05701,FALSE,"observed"
"IT",1937,"72",72,0.06434,FALSE,"observed"
"IT",1937,"73",73,0.07208,FALSE,"observed"
"IT",1937,"74",74,0.07946,FALSE,"observed"
"IT",1937,"75",75,0.08942,FALSE,"observed"
"IT",1937,"76",76,0.0984,FALSE,"observed"
"IT",1937,"77",77,0.10535,FALSE,"observed"
"IT",1937,"78",78,0.11499,FALSE,"observed"
"IT",1937,"79",79,0.13098,FALSE,"observed"
"IT",1937,"80",80,0.14244,FALSE,"observed"
"IT",1937,"81",81,0.15671,FALSE,"observed"
"IT",1937,"82",82,0.17789,FALSE,"observed"
"IT",1937,"83",83,0.19648,FALSE,"observed"
"IT",1937,"84",84,0.20701,FALSE,"observed"
"IT",1937,"85",85,0.21613,FALSE,"observed"
"IT",1937,"86",86,0.23004,FALSE,"observed"
"IT",1937,"87",87,0.26083,FALSE,"observed"
"IT",1937,"88",88,0.30937,FALSE,"observed"
"IT",1937,"89",89,0.3668,FALSE,"observed"
"IT",1937,"90",90,0.33973,FALSE,"observed"
"IT",1937,"91",91,0.35694,FALSE,"observed"
"IT",1937,"92",92,0.36311,FALSE,"observed"
"IT",1937,"93",93,0.39663,FALSE,"observed"
"IT",1937,"94",94,0.4369,FALSE,"observed"
"IT",1937,"95",95,0.47054,FALSE,"observed"
"IT",1937,"96",96,0.49786,FALSE,"observed"
"IT",1937,"97",97,0.52513,FALSE,"observed"
"IT",1937,"98",98,0.55219,FALSE,"observed"
"IT",1937,"99",99,0.57889,FALSE,"observed"
"IT",1937,"100",100,0.60508,FALSE,"observed"
"IT",1937,"101",101,0.63063,FALSE,"observed"
"IT",1937,"102",102,0.65542,FALSE,"observed"
"IT",1937,"103",103,0.67936,FALSE,"observed"
"IT",1937,"104",104,0.70236,FALSE,"observed"
"IT",1937,"105",105,0.72434,FALSE,"observed"
"IT",1937,"106",106,0.74527,FALSE,"observed"
"IT",1937,"107",107,0.76511,FALSE,"observed"
"IT",1937,"108",108,0.78384,FALSE,"observed"
"IT",1937,"109",109,0.80145,FALSE,"observed"
"IT",1937,"110+",110,0.81795,FALSE,"observed"
"IT",1938,"0",0,0.11536,FALSE,"observed"
"IT",1938,"1",1,0.0357,FALSE,"observed"
"IT",1938,"2",2,0.01461,FALSE,"observed"
"IT",1938,"3",3,0.00446,FALSE,"observed"
"IT",1938,"4",4,0.003,FALSE,"observed"
"IT",1938,"5",5,0.00301,FALSE,"observed"
"IT",1938,"6",6,0.00256,FALSE,"observed"
"IT",1938,"7",7,0.00211,FALSE,"observed"
"IT",1938,"8",8,0.00176,FALSE,"observed"
"IT",1938,"9",9,0.00153,FALSE,"observed"
"IT",1938,"10",10,0.00167,FALSE,"observed"
"IT",1938,"11",11,0.00161,FALSE,"observed"
"IT",1938,"12",12,0.00158,FALSE,"observed"
"IT",1938,"13",13,0.00167,FALSE,"observed"
"IT",1938,"14",14,0.00182,FALSE,"observed"
"IT",1938,"15",15,0.00247,FALSE,"observed"
"IT",1938,"16",16,0.0026,FALSE,"observed"
"IT",1938,"17",17,0.00278,FALSE,"observed"
"IT",1938,"18",18,0.00255,FALSE,"observed"
"IT",1938,"19",19,0.0034,FALSE,"observed"
"IT",1938,"20",20,0.00382,FALSE,"observed"
"IT",1938,"21",21,0.00408,FALSE,"observed"
"IT",1938,"22",22,0.00361,FALSE,"observed"
"IT",1938,"23",23,0.0034,FALSE,"observed"
"IT",1938,"24",24,0.00351,FALSE,"observed"
"IT",1938,"25",25,0.00375,FALSE,"observed"
"IT",1938,"26",26,0.00392,FALSE,"observed"
"IT",1938,"27",27,0.00373,FALSE,"observed"
"IT",1938,"28",28,0.00371,FALSE,"observed"
"IT",1938,"29",29,0.00367,FALSE,"observed"
"IT",1938,"30",30,0.00406,FALSE,"observed"
"IT",1938,"31",31,0.00402,FALSE,"observed"
"IT",1938,"32",32,0.00397,FALSE,"observed"
"IT",1938,"33",33,0.00396,FALSE,"observed"
"IT",1938,"34",34,0.00417,FALSE,"observed"
"IT",1938,"35",35,0.00445,FALSE,"observed"
"IT",1938,"36",36,0.00472,FALSE,"observed"
"IT",1938,"37",37,0.00485,FALSE,"observed"
"IT",1938,"38",38,0.00488,FALSE,"observed"
"IT",1938,"39",39,0.00515,FALSE,"observed"
"IT",1938,"40",40,0.00528,FALSE,"observed"
"IT",1938,"41",41,0.00548,FALSE,"observed"
"IT",1938,"42",42,0.00582,FALSE,"observed"
"IT",1938,"43",43,0.00609,FALSE,"observed"
"IT",1938,"44",44,0.0063,FALSE,"observed"
"IT",1938,"45",45,0.00699,FALSE,"observed"
"IT",1938,"46",46,0.00719,FALSE,"observed"
"IT",1938,"47",47,0.00742,FALSE,"observed"
"IT",1938,"48",48,0.00762,FALSE,"observed"
"IT",1938,"49",49,0.0079,FALSE,"observed"
"IT",1938,"50",50,0.00878,FALSE,"observed"
"IT",1938,"51",51,0.00939,FALSE,"observed"
"IT",1938,"52",52,0.01012,FALSE,"observed"
"IT",1938,"53",53,0.01077,FALSE,"observed"
"IT",1938,"54",54,0.01165,FALSE,"observed"
"IT",1938,"55",55,0.01253,FALSE,"observed"
"IT",1938,"56",56,0.01315,FALSE,"observed"
"IT",1938,"57",57,0.01462,FALSE,"observed"
"IT",1938,"58",58,0.01634,FALSE,"observed"
"IT",1938,"59",59,0.0178,FALSE,"observed"
"IT",1938,"60",60,0.01934,FALSE,"observed"
"IT",1938,"61",61,0.02024,FALSE,"observed"
"IT",1938,"62",62,0.02192,FALSE,"observed"
"IT",1938,"63",63,0.02576,FALSE,"observed"
"IT",1938,"64",64,0.02933,FALSE,"observed"
"IT",1938,"65",65,0.03078,FALSE,"observed"
"IT",1938,"66",66,0.03386,FALSE,"observed"
"IT",1938,"67",67,0.0379,FALSE,"observed"
"IT",1938,"68",68,0.04199,FALSE,"observed"
"IT",1938,"69",69,0.04751,FALSE,"observed"
"IT",1938,"70",70,0.04959,FALSE,"observed"
"IT",1938,"71",71,0.05442,FALSE,"observed"
"IT",1938,"72",72,0.06176,FALSE,"observed"
"IT",1938,"73",73,0.07382,FALSE,"observed"
"IT",1938,"74",74,0.08587,FALSE,"observed"
"IT",1938,"75",75,0.08573,FALSE,"observed"
"IT",1938,"76",76,0.09641,FALSE,"observed"
"IT",1938,"77",77,0.10937,FALSE,"observed"
"IT",1938,"78",78,0.1222,FALSE,"observed"
"IT",1938,"79",79,0.13875,FALSE,"observed"
"IT",1938,"80",80,0.13619,FALSE,"observed"
"IT",1938,"81",81,0.15116,FALSE,"observed"
"IT",1938,"82",82,0.1726,FALSE,"observed"
"IT",1938,"83",83,0.20651,FALSE,"observed"
"IT",1938,"84",84,0.24029,FALSE,"observed"
"IT",1938,"85",85,0.21349,FALSE,"observed"
"IT",1938,"86",86,0.23341,FALSE,"observed"
"IT",1938,"87",87,0.26586,FALSE,"observed"
"IT",1938,"88",88,0.31866,FALSE,"observed"
"IT",1938,"89",89,0.39215,FALSE,"observed"
"IT",1938,"90",90,0.30902,FALSE,"observed"
"IT",1938,"91",91,0.34794,FALSE,"observed"
"IT",1938,"92",92,0.39613,FALSE,"observed"
"IT",1938,"93",93,0.47145,FALSE,"observed"
"IT",1938,"94",94,0.57879,FALSE,"observed"
"IT",1938,"95",95,0.50747,FALSE,"observed"
"IT",1938,"96",96,0.5376,FALSE,"observed"
"IT",1938,"97",97,0.56738,FALSE,"observed"
"IT",1938,"98",98,0.59662,FALSE,"observed"
"IT",1938,"99",99,0.62512,FALSE,"observed"
"IT",1938,"100",100,0.65273,FALSE,"observed"
"IT",1938,"101",101,0.67929,FALSE,"observed"
"IT",1938,"102",102,0.7047,FALSE,"observed"
"IT",1938,"103",103,0.72886,FALSE,"observed"
"IT",1938,"104",104,0.7517,FALSE,"observed"
"IT",1938,"105",105,0.77319,FALSE,"observed"
"IT",1938,"106",106,0.79331,FALSE,"observed"
"IT",1938,"107",107,0.81205,FALSE,"observed"
"IT",1938,"108",108,0.82945,FALSE,"observed"
"IT",1938,"109",109,0.84553,FALSE,"observed"
"IT",1938,"110+",110,0.86035,FALSE,"observed"
"IT",1939,"0",0,0.10421,FALSE,"observed"
"IT",1939,"1",1,0.0318,FALSE,"observed"
"IT",1939,"2",2,0.00953,FALSE,"observed"
"IT",1939,"3",3,0.00518,FALSE,"observed"
"IT",1939,"4",4,0.00364,FALSE,"observed"
"IT",1939,"5",5,0.00275,FALSE,"observed"
"IT",1939,"6",6,0.00239,FALSE,"observed"
"IT",1939,"7",7,0.00192,FALSE,"observed"
"IT",1939,"8",8,0.00167,FALSE,"observed"
"IT",1939,"9",9,0.0016,FALSE,"observed"
"IT",1939,"10",10,0.00157,FALSE,"observed"
"IT",1939,"11",11,0.0015,FALSE,"observed"
"IT",1939,"12",12,0.00144,FALSE,"observed"
"IT",1939,"13",13,0.00145,FALSE,"observed"
"IT",1939,"14",14,0.00159,FALSE,"observed"
"IT",1939,"15",15,0.00229,FALSE,"observed"
"IT",1939,"16",16,0.00252,FALSE,"observed"
"IT",1939,"17",17,0.00256,FALSE,"observed"
"IT",1939,"18",18,0.00272,FALSE,"observed"
"IT",1939,"19",19,0.00264,FALSE,"observed"
"IT",1939,"20",20,0.00339,FALSE,"observed"
"IT",1939,"21",21,0.00347,FALSE,"observed"
"IT",1939,"22",22,0.00345,FALSE,"observed"
"IT",1939,"23",23,0.00322,FALSE,"observed"
"IT",1939,"24",24,0.00335,FALSE,"observed"
"IT",1939,"25",25,0.00348,FALSE,"observed"
"IT",1939,"26",26,0.00352,FALSE,"observed"
"IT",1939,"27",27,0.0038,FALSE,"observed"
"IT",1939,"28",28,0.00357,FALSE,"observed"
"IT",1939,"29",29,0.0034,FALSE,"observed"
"IT",1939,"30",30,0.00359,FALSE,"observed"
"IT",1939,"31",31,0.0037,FALSE,"observed"
"IT",1939,"32",32,0.00369,FALSE,"observed"
"IT",1939,"33",33,0.00386,FALSE,"observed"
"IT",1939,"34",34,0.00411,FALSE,"observed"
"IT",1939,"35",35,0.00437,FALSE,"observed"
"IT",1939,"36",36,0.00438,FALSE,"observed"
"IT",1939,"37",37,0.0045,FALSE,"observed"
"IT",1939,"38",38,0.00456,FALSE,"observed"
"IT",1939,"39",39,0.00461,FALSE,"observed"
"IT",1939,"40",40,0.00525,FALSE,"observed"
"IT",1939,"41",41,0.0054,FALSE,"observed"
"IT",1939,"42",42,0.00554,FALSE,"observed"
"IT",1939,"43",43,0.00585,FALSE,"observed"
"IT",1939,"44",44,0.00613,FALSE,"observed"
"IT",1939,"45",45,0.00651,FALSE,"observed"
"IT",1939,"46",46,0.0069,FALSE,"observed"
"IT",1939,"47",47,0.00734,FALSE,"observed"
"IT",1939,"48",48,0.00775,FALSE,"observed"
"IT",1939,"49",49,0.00797,FALSE,"observed"
"IT",1939,"50",50,0.00851,FALSE,"observed"
"IT",1939,"51",51,0.00881,FALSE,"observed"
"IT",1939,"52",52,0.00957,FALSE,"observed"
"IT",1939,"53",53,0.01087,FALSE,"observed"
"IT",1939,"54",54,0.01201,FALSE,"observed"
"IT",1939,"55",55,0.01194,FALSE,"observed"
"IT",1939,"56",56,0.01283,FALSE,"observed"
"IT",1939,"57",57,0.014,FALSE,"observed"
"IT",1939,"58",58,0.01588,FALSE,"observed"
"IT",1939,"59",59,0.01761,FALSE,"observed"
"IT",1939,"60",60,0.01978,FALSE,"observed"
"IT",1939,"61",61,0.02161,FALSE,"observed"
"IT",1939,"62",62,0.02265,FALSE,"observed"
"IT",1939,"63",63,0.02378,FALSE,"observed"
"IT",1939,"64",64,0.02659,FALSE,"observed"
"IT",1939,"65",65,0.02962,FALSE,"observed"
"IT",1939,"66",66,0.03258,FALSE,"observed"
"IT",1939,"67",67,0.037,FALSE,"observed"
"IT",1939,"68",68,0.04207,FALSE,"observed"
"IT",1939,"69",69,0.04647,FALSE,"observed"
"IT",1939,"70",70,0.05137,FALSE,"observed"
"IT",1939,"71",71,0.05731,FALSE,"observed"
"IT",1939,"72",72,0.06146,FALSE,"observed"
"IT",1939,"73",73,0.06801,FALSE,"observed"
"IT",1939,"74",74,0.07996,FALSE,"observed"
"IT",1939,"75",75,0.08486,FALSE,"observed"
"IT",1939,"76",76,0.09356,FALSE,"observed"
"IT",1939,"77",77,0.10866,FALSE,"observed"
"IT",1939,"78",78,0.1244,FALSE,"observed"
"IT",1939,"79",79,0.1384,FALSE,"observed"
"IT",1939,"80",80,0.14425,FALSE,"observed"
"IT",1939,"81",81,0.16041,FALSE,"observed"
"IT",1939,"82",82,0.17178,FALSE,"observed"
"IT",1939,"83",83,0.18781,FALSE,"observed"
"IT",1939,"84",84,0.21869,FALSE,"observed"
"IT",1939,"85",85,0.20887,FALSE,"observed"
"IT",1939,"86",86,0.23858,FALSE,"observed"
"IT",1939,"87",87,0.27615,FALSE,"observed"
"IT",1939,"88",88,0.30975,FALSE,"observed"
"IT",1939,"89",89,0.35209,FALSE,"observed"
"IT",1939,"90",90,0.31009,FALSE,"observed"
"IT",1939,"91",91,0.3542,FALSE,"observed"
"IT",1939,"92",92,0.39997,FALSE,"observed"
"IT",1939,"93",93,0.43627,FALSE,"observed"
"IT",1939,"94",94,0.52183,FALSE,"observed"
"IT",1939,"95",95,0.4794,FALSE,"observed"
"IT",1939,"96",96,0.5075,FALSE,"observed"
"IT",1939,"97",97,0.53551,FALSE,"observed"
"IT",1939,"98",98,0.56325,FALSE,"observed"
"IT",1939,"99",99,0.59057,FALSE,"observed"
"IT",1939,"100",100,0.6173,FALSE,"observed"
"IT",1939,"101",101,0.6433,FALSE,"observed"
"IT",1939,"102",102,0.66846,FALSE,"observed"
"IT",1939,"103",103,0.69266,FALSE,"observed"
"IT",1939,"104",104,0.71582,FALSE,"observed"
"IT",1939,"105",105,0.73788,FALSE,"observed"
"IT",1939,"106",106,0.75879,FALSE,"observed"
"IT",1939,"107",107,0.77851,FALSE,"observed"
"IT",1939,"108",108,0.79704,FALSE,"observed"
"IT",1939,"109",109,0.81439,FALSE,"observed"
"IT",1939,"110+",110,0.83056,FALSE,"observed"
"IT",1940,"0",0,0.10985,FALSE,"observed"
"IT",1940,"1",1,0.02895,FALSE,"observed"
"IT",1940,"2",2,0.00855,FALSE,"observed"
"IT",1940,"3",3,0.00495,FALSE,"observed"
"IT",1940,"4",4,0.00342,FALSE,"observed"
"IT",1940,"5",5,0.0025,FALSE,"observed"
"IT",1940,"6",6,0.00212,FALSE,"observed"
"IT",1940,"7",7,0.00181,FALSE,"observed"
"IT",1940,"8",8,0.00167,FALSE,"observed"
"IT",1940,"9",9,0.00156,FALSE,"observed"
"IT",1940,"10",10,0.00155,FALSE,"observed"
"IT",1940,"11",11,0.00146,FALSE,"observed"
"IT",1940,"12",12,0.00139,FALSE,"observed"
"IT",1940,"13",13,0.00145,FALSE,"observed"
"IT",1940,"14",14,0.00161,FALSE,"observed"
"IT",1940,"15",15,0.00209,FALSE,"observed"
"IT",1940,"16",16,0.00232,FALSE,"observed"
"IT",1940,"17",17,0.00251,FALSE,"observed"
"IT",1940,"18",18,0.00335,FALSE,"observed"
"IT",1940,"19",19,0.0039,FALSE,"observed"
"IT",1940,"20",20,0.00457,FALSE,"observed"
"IT",1940,"21",21,0.00566,FALSE,"observed"
"IT",1940,"22",22,0.00434,FALSE,"observed"
"IT",1940,"23",23,0.00389,FALSE,"observed"
"IT",1940,"24",24,0.00391,FALSE,"observed"
"IT",1940,"25",25,0.00449,FALSE,"observed"
"IT",1940,"26",26,0.00434,FALSE,"observed"
"IT",1940,"27",27,0.00403,FALSE,"observed"
"IT",1940,"28",28,0.0042,FALSE,"observed"
"IT",1940,"29",29,0.00411,FALSE,"observed"
"IT",1940,"30",30,0.00421,FALSE,"observed"
"IT",1940,"31",31,0.00407,FALSE,"observed"
"IT",1940,"32",32,0.00421,FALSE,"observed"
"IT",1940,"33",33,0.00413,FALSE,"observed"
"IT",1940,"34",34,0.00408,FALSE,"observed"
"IT",1940,"35",35,0.00443,FALSE,"observed"
"IT",1940,"36",36,0.00468,FALSE,"observed"
"IT",1940,"37",37,0.00469,FALSE,"observed"
"IT",1940,"38",38,0.00477,FALSE,"observed"
"IT",1940,"39",39,0.00481,FALSE,"observed"
"IT",1940,"40",40,0.00547,FALSE,"observed"
"IT",1940,"41",41,0.00571,FALSE,"observed"
"IT",1940,"42",42,0.00566,FALSE,"observed"
"IT",1940,"43",43,0.00559,FALSE,"observed"
"IT",1940,"44",44,0.00572,FALSE,"observed"
"IT",1940,"45",45,0.0067,FALSE,"observed"
"IT",1940,"46",46,0.00698,FALSE,"observed"
"IT",1940,"47",47,0.00723,FALSE,"observed"
"IT",1940,"48",48,0.00759,FALSE,"observed"
"IT",1940,"49",49,0.00799,FALSE,"observed"
"IT",1940,"50",50,0.00844,FALSE,"observed"
"IT",1940,"51",51,0.00908,FALSE,"observed"
"IT",1940,"52",52,0.0098,FALSE,"observed"
"IT",1940,"53",53,0.01048,FALSE,"observed"
"IT",1940,"54",54,0.01108,FALSE,"observed"
"IT",1940,"55",55,0.01261,FALSE,"observed"
"IT",1940,"56",56,0.01335,FALSE,"observed"
"IT",1940,"57",57,0.01419,FALSE,"observed"
"IT",1940,"58",58,0.01498,FALSE,"observed"
"IT",1940,"59",59,0.01627,FALSE,"observed"
"IT",1940,"60",60,0.01846,FALSE,"observed"
"IT",1940,"61",61,0.02077,FALSE,"observed"
"IT",1940,"62",62,0.02372,FALSE,"observed"
"IT",1940,"63",63,0.02588,FALSE,"observed"
"IT",1940,"64",64,0.02801,FALSE,"observed"
"IT",1940,"65",65,0.03009,FALSE,"observed"
"IT",1940,"66",66,0.03422,FALSE,"observed"
"IT",1940,"67",67,0.03714,FALSE,"observed"
"IT",1940,"68",68,0.04118,FALSE,"observed"
"IT",1940,"69",69,0.0457,FALSE,"observed"
"IT",1940,"70",70,0.05187,FALSE,"observed"
"IT",1940,"71",71,0.05835,FALSE,"observed"
"IT",1940,"72",72,0.06656,FALSE,"observed"
"IT",1940,"73",73,0.07291,FALSE,"observed"
"IT",1940,"74",74,0.08121,FALSE,"observed"
"IT",1940,"75",75,0.09134,FALSE,"observed"
"IT",1940,"76",76,0.10426,FALSE,"observed"
"IT",1940,"77",77,0.11526,FALSE,"observed"
"IT",1940,"78",78,0.13042,FALSE,"observed"
"IT",1940,"79",79,0.14397,FALSE,"observed"
"IT",1940,"80",80,0.14469,FALSE,"observed"
"IT",1940,"81",81,0.16314,FALSE,"observed"
"IT",1940,"82",82,0.19254,FALSE,"observed"
"IT",1940,"83",83,0.21407,FALSE,"observed"
"IT",1940,"84",84,0.23788,FALSE,"observed"
"IT",1940,"85",85,0.23858,FALSE,"observed"
"IT",1940,"86",86,0.26914,FALSE,"observed"
"IT",1940,"87",87,0.28872,FALSE,"observed"
"IT",1940,"88",88,0.32375,FALSE,"observed"
"IT",1940,"89",89,0.38235,FALSE,"observed"
"IT",1940,"90",90,0.34572,FALSE,"observed"
"IT",1940,"91",91,0.40153,FALSE,"observed"
"IT",1940,"92",92,0.44081,FALSE,"observed"
"IT",1940,"93",93,0.48698,FALSE,"observed"
"IT",1940,"94",94,0.54697,FALSE,"observed"
"IT",1940,"95",95,0.53481,FALSE,"observed"
"IT",1940,"96",96,0.56496,FALSE,"observed"
"IT",1940,"97",97,0.59453,FALSE,"observed"
"IT",1940,"98",98,0.62335,FALSE,"observed"
"IT",1940,"99",99,0.65123,FALSE,"observed"
"IT",1940,"100",100,0.67804,FALSE,"observed"
"IT",1940,"101",101,0.70365,FALSE,"observed"
"IT",1940,"102",102,0.728,FALSE,"observed"
"IT",1940,"103",103,0.751,FALSE,"observed"
"IT",1940,"104",104,0.77263,FALSE,"observed"
"IT",1940,"105",105,0.79287,FALSE,"observed"
"IT",1940,"106",106,0.81172,FALSE,"observed"
"IT",1940,"107",107,0.82922,FALSE,"observed"
"IT",1940,"108",108,0.84539,FALSE,"observed"
"IT",1940,"109",109,0.86028,FALSE,"observed"
"IT",1940,"110+",110,0.87396,FALSE,"observed"
"IT",1941,"0",0,0.11469,FALSE,"observed"
"IT",1941,"1",1,0.03298,FALSE,"observed"
"IT",1941,"2",2,0.0098,FALSE,"observed"
"IT",1941,"3",3,0.00539,FALSE,"observed"
"IT",1941,"4",4,0.00384,FALSE,"observed"
"IT",1941,"5",5,0.0028,FALSE,"observed"
"IT",1941,"6",6,0.00229,FALSE,"observed"
"IT",1941,"7",7,0.00209,FALSE,"observed"
"IT",1941,"8",8,0.00179,FALSE,"observed"
"IT",1941,"9",9,0.00161,FALSE,"observed"
"IT",1941,"10",10,0.00151,FALSE,"observed"
"IT",1941,"11",11,0.00159,FALSE,"observed"
"IT",1941,"12",12,0.00147,FALSE,"observed"
"IT",1941,"13",13,0.00158,FALSE,"observed"
"IT",1941,"14",14,0.0018,FALSE,"observed"
"IT",1941,"15",15,0.0022,FALSE,"observed"
"IT",1941,"16",16,0.00241,FALSE,"observed"
"IT",1941,"17",17,0.00265,FALSE,"observed"
"IT",1941,"18",18,0.00544,FALSE,"observed"
"IT",1941,"19",19,0.00646,FALSE,"observed"
"IT",1941,"20",20,0.00746,FALSE,"observed"
"IT",1941,"21",21,0.00746,FALSE,"observed"
"IT",1941,"22",22,0.00888,FALSE,"observed"
"IT",1941,"23",23,0.00762,FALSE,"observed"
"IT",1941,"24",24,0.00659,FALSE,"observed"
"IT",1941,"25",25,0.00606,FALSE,"observed"
"IT",1941,"26",26,0.0062,FALSE,"observed"
"IT",1941,"27",27,0.00639,FALSE,"observed"
"IT",1941,"28",28,0.00589,FALSE,"observed"
"IT",1941,"29",29,0.00585,FALSE,"observed"
"IT",1941,"30",30,0.00569,FALSE,"observed"
"IT",1941,"31",31,0.00555,FALSE,"observed"
"IT",1941,"32",32,0.00541,FALSE,"observed"
"IT",1941,"33",33,0.00556,FALSE,"observed"
"IT",1941,"34",34,0.00548,FALSE,"observed"
"IT",1941,"35",35,0.00544,FALSE,"observed"
"IT",1941,"36",36,0.00563,FALSE,"observed"
"IT",1941,"37",37,0.00566,FALSE,"observed"
"IT",1941,"38",38,0.00563,FALSE,"observed"
"IT",1941,"39",39,0.00592,FALSE,"observed"
"IT",1941,"40",40,0.00589,FALSE,"observed"
"IT",1941,"41",41,0.00591,FALSE,"observed"
"IT",1941,"42",42,0.00611,FALSE,"observed"
"IT",1941,"43",43,0.0066,FALSE,"observed"
"IT",1941,"44",44,0.00665,FALSE,"observed"
"IT",1941,"45",45,0.00684,FALSE,"observed"
"IT",1941,"46",46,0.00737,FALSE,"observed"
"IT",1941,"47",47,0.00732,FALSE,"observed"
"IT",1941,"48",48,0.00799,FALSE,"observed"
"IT",1941,"49",49,0.00852,FALSE,"observed"
"IT",1941,"50",50,0.00898,FALSE,"observed"
"IT",1941,"51",51,0.00932,FALSE,"observed"
"IT",1941,"52",52,0.01009,FALSE,"observed"
"IT",1941,"53",53,0.01066,FALSE,"observed"
"IT",1941,"54",54,0.01154,FALSE,"observed"
"IT",1941,"55",55,0.01222,FALSE,"observed"
"IT",1941,"56",56,0.01336,FALSE,"observed"
"IT",1941,"57",57,0.01448,FALSE,"observed"
"IT",1941,"58",58,0.01534,FALSE,"observed"
"IT",1941,"59",59,0.01745,FALSE,"observed"
"IT",1941,"60",60,0.0184,FALSE,"observed"
"IT",1941,"61",61,0.02093,FALSE,"observed"
"IT",1941,"62",62,0.02217,FALSE,"observed"
"IT",1941,"63",63,0.02478,FALSE,"observed"
"IT",1941,"64",64,0.02772,FALSE,"observed"
"IT",1941,"65",65,0.03098,FALSE,"observed"
"IT",1941,"66",66,0.03274,FALSE,"observed"
"IT",1941,"67",67,0.03793,FALSE,"observed"
"IT",1941,"68",68,0.04167,FALSE,"observed"
"IT",1941,"69",69,0.04669,FALSE,"observed"
"IT",1941,"70",70,0.05135,FALSE,"observed"
"IT",1941,"71",71,0.05913,FALSE,"observed"
"IT",1941,"72",72,0.06339,FALSE,"observed"
"IT",1941,"73",73,0.07179,FALSE,"observed"
"IT",1941,"74",74,0.0815,FALSE,"observed"
"IT",1941,"75",75,0.09179,FALSE,"observed"
"IT",1941,"76",76,0.10299,FALSE,"observed"
"IT",1941,"77",77,0.12042,FALSE,"observed"
"IT",1941,"78",78,0.13002,FALSE,"observed"
"IT",1941,"79",79,0.14084,FALSE,"observed"
"IT",1941,"80",80,0.15353,FALSE,"observed"
"IT",1941,"81",81,0.17084,FALSE,"observed"
"IT",1941,"82",82,0.19332,FALSE,"observed"
"IT",1941,"83",83,0.20706,FALSE,"observed"
"IT",1941,"84",84,0.23204,FALSE,"observed"
"IT",1941,"85",85,0.26181,FALSE,"observed"
"IT",1941,"86",86,0.27077,FALSE,"observed"
"IT",1941,"87",87,0.30054,FALSE,"observed"
"IT",1941,"88",88,0.3211,FALSE,"observed"
"IT",1941,"89",89,0.36133,FALSE,"observed"
"IT",1941,"90",90,0.37725,FALSE,"observed"
"IT",1941,"91",91,0.39853,FALSE,"observed"
"IT",1941,"92",92,0.41185,FALSE,"observed"
"IT",1941,"93",93,0.44725,FALSE,"observed"
"IT",1941,"94",94,0.50109,FALSE,"observed"
"IT",1941,"95",95,0.52382,FALSE,"observed"
"IT",1941,"96",96,0.55257,FALSE,"observed"
"IT",1941,"97",97,0.58087,FALSE,"observed"
"IT",1941,"98",98,0.60854,FALSE,"observed"
"IT",1941,"99",99,0.63543,FALSE,"observed"
"IT",1941,"100",100,0.66143,FALSE,"observed"
"IT",1941,"101",101,0.68641,FALSE,"observed"
"IT",1941,"102",102,0.71031,FALSE,"observed"
"IT",1941,"103",103,0.73305,FALSE,"observed"
"IT",1941,"104",104,0.75458,FALSE,"observed"
"IT",1941,"105",105,0.7749,FALSE,"observed"
"IT",1941,"106",106,0.79398,FALSE,"observed"
"IT",1941,"107",107,0.81183,FALSE,"observed"
"IT",1941,"108",108,0.82847,FALSE,"observed"
"IT",1941,"109",109,0.84394,FALSE,"observed"
"IT",1941,"110+",110,0.85826,FALSE,"observed"
"IT",1942,"0",0,0.12241,FALSE,"observed"
"IT",1942,"1",1,0.03047,FALSE,"observed"
"IT",1942,"2",2,0.00953,FALSE,"observed"
"IT",1942,"3",3,0.00507,FALSE,"observed"
"IT",1942,"4",4,0.00384,FALSE,"observed"
"IT",1942,"5",5,0.00295,FALSE,"observed"
"IT",1942,"6",6,0.00244,FALSE,"observed"
"IT",1942,"7",7,0.00207,FALSE,"observed"
"IT",1942,"8",8,0.00183,FALSE,"observed"
"IT",1942,"9",9,0.00177,FALSE,"observed"
"IT",1942,"10",10,0.00167,FALSE,"observed"
"IT",1942,"11",11,0.00167,FALSE,"observed"
"IT",1942,"12",12,0.00179,FALSE,"observed"
"IT",1942,"13",13,0.00177,FALSE,"observed"
"IT",1942,"14",14,0.00205,FALSE,"observed"
"IT",1942,"15",15,0.00233,FALSE,"observed"
"IT",1942,"16",16,0.00272,FALSE,"observed"
"IT",1942,"17",17,0.00309,FALSE,"observed"
"IT",1942,"18",18,0.00699,FALSE,"observed"
"IT",1942,"19",19,0.01015,FALSE,"observed"
"IT",1942,"20",20,0.01263,FALSE,"observed"
"IT",1942,"21",21,0.01451,FALSE,"observed"
"IT",1942,"22",22,0.01468,FALSE,"observed"
"IT",1942,"23",23,0.0179,FALSE,"observed"
"IT",1942,"24",24,0.01369,FALSE,"observed"
"IT",1942,"25",25,0.01027,FALSE,"observed"
"IT",1942,"26",26,0.00861,FALSE,"observed"
"IT",1942,"27",27,0.00808,FALSE,"observed"
"IT",1942,"28",28,0.00776,FALSE,"observed"
"IT",1942,"29",29,0.00679,FALSE,"observed"
"IT",1942,"30",30,0.00652,FALSE,"observed"
"IT",1942,"31",31,0.00581,FALSE,"observed"
"IT",1942,"32",32,0.00552,FALSE,"observed"
"IT",1942,"33",33,0.00527,FALSE,"observed"
"IT",1942,"34",34,0.00532,FALSE,"observed"
"IT",1942,"35",35,0.00518,FALSE,"observed"
"IT",1942,"36",36,0.00522,FALSE,"observed"
"IT",1942,"37",37,0.00532,FALSE,"observed"
"IT",1942,"38",38,0.00541,FALSE,"observed"
"IT",1942,"39",39,0.00555,FALSE,"observed"
"IT",1942,"40",40,0.0061,FALSE,"observed"
"IT",1942,"41",41,0.00585,FALSE,"observed"
"IT",1942,"42",42,0.0064,FALSE,"observed"
"IT",1942,"43",43,0.00643,FALSE,"observed"
"IT",1942,"44",44,0.00695,FALSE,"observed"
"IT",1942,"45",45,0.00736,FALSE,"observed"
"IT",1942,"46",46,0.00743,FALSE,"observed"
"IT",1942,"47",47,0.00791,FALSE,"observed"
"IT",1942,"48",48,0.00836,FALSE,"observed"
"IT",1942,"49",49,0.00881,FALSE,"observed"
"IT",1942,"50",50,0.00979,FALSE,"observed"
"IT",1942,"51",51,0.00985,FALSE,"observed"
"IT",1942,"52",52,0.01061,FALSE,"observed"
"IT",1942,"53",53,0.01116,FALSE,"observed"
"IT",1942,"54",54,0.01223,FALSE,"observed"
"IT",1942,"55",55,0.01303,FALSE,"observed"
"IT",1942,"56",56,0.01397,FALSE,"observed"
"IT",1942,"57",57,0.0151,FALSE,"observed"
"IT",1942,"58",58,0.01623,FALSE,"observed"
"IT",1942,"59",59,0.01775,FALSE,"observed"
"IT",1942,"60",60,0.02002,FALSE,"observed"
"IT",1942,"61",61,0.02065,FALSE,"observed"
"IT",1942,"62",62,0.02361,FALSE,"observed"
"IT",1942,"63",63,0.02631,FALSE,"observed"
"IT",1942,"64",64,0.02825,FALSE,"observed"
"IT",1942,"65",65,0.03208,FALSE,"observed"
"IT",1942,"66",66,0.03539,FALSE,"observed"
"IT",1942,"67",67,0.03734,FALSE,"observed"
"IT",1942,"68",68,0.04366,FALSE,"observed"
"IT",1942,"69",69,0.04803,FALSE,"observed"
"IT",1942,"70",70,0.05382,FALSE,"observed"
"IT",1942,"71",71,0.05806,FALSE,"observed"
"IT",1942,"72",72,0.06822,FALSE,"observed"
"IT",1942,"73",73,0.07251,FALSE,"observed"
"IT",1942,"74",74,0.08372,FALSE,"observed"
"IT",1942,"75",75,0.09406,FALSE,"observed"
"IT",1942,"76",76,0.10415,FALSE,"observed"
"IT",1942,"77",77,0.11814,FALSE,"observed"
"IT",1942,"78",78,0.1375,FALSE,"observed"
"IT",1942,"79",79,0.15062,FALSE,"observed"
"IT",1942,"80",80,0.15879,FALSE,"observed"
"IT",1942,"81",81,0.17112,FALSE,"observed"
"IT",1942,"82",82,0.19298,FALSE,"observed"
"IT",1942,"83",83,0.21576,FALSE,"observed"
"IT",1942,"84",84,0.23619,FALSE,"observed"
"IT",1942,"85",85,0.2606,FALSE,"observed"
"IT",1942,"86",86,0.289,FALSE,"observed"
"IT",1942,"87",87,0.29627,FALSE,"observed"
"IT",1942,"88",88,0.32701,FALSE,"observed"
"IT",1942,"89",89,0.3613,FALSE,"observed"
"IT",1942,"90",90,0.39394,FALSE,"observed"
"IT",1942,"91",91,0.40485,FALSE,"observed"
"IT",1942,"92",92,0.43347,FALSE,"observed"
"IT",1942,"93",93,0.47592,FALSE,"observed"
"IT",1942,"94",94,0.48671,FALSE,"observed"
"IT",1942,"95",95,0.53347,FALSE,"observed"
"IT",1942,"96",96,0.56268,FALSE,"observed"
"IT",1942,"97",97,0.5914,FALSE,"observed"
"IT",1942,"98",98,0.61946,FALSE,"observed"
"IT",1942,"99",99,0.64669,FALSE,"observed"
"IT",1942,"100",100,0.67297,FALSE,"observed"
"IT",1942,"101",101,0.69818,FALSE,"observed"
"IT",1942,"102",102,0.72223,FALSE,"observed"
"IT",1942,"103",103,0.74506,FALSE,"observed"
"IT",1942,"104",104,0.76661,FALSE,"observed"
"IT",1942,"105",105,0.78687,FALSE,"observed"
"IT",1942,"106",106,0.80582,FALSE,"observed"
"IT",1942,"107",107,0.82348,FALSE,"observed"
"IT",1942,"108",108,0.83987,FALSE,"observed"
"IT",1942,"109",109,0.85502,FALSE,"observed"
"IT",1942,"110+",110,0.86898,FALSE,"observed"
"IT",1943,"0",0,0.12131,FALSE,"observed"
"IT",1943,"1",1,0.03171,FALSE,"observed"
"IT",1943,"2",2,0.01044,FALSE,"observed"
"IT",1943,"3",3,0.00576,FALSE,"observed"
"IT",1943,"4",4,0.00407,FALSE,"observed"
"IT",1943,"5",5,0.00341,FALSE,"observed"
"IT",1943,"6",6,0.00311,FALSE,"observed"
"IT",1943,"7",7,0.00262,FALSE,"observed"
"IT",1943,"8",8,0.00258,FALSE,"observed"
"IT",1943,"9",9,0.00251,FALSE,"observed"
"IT",1943,"10",10,0.00257,FALSE,"observed"
"IT",1943,"11",11,0.00258,FALSE,"observed"
"IT",1943,"12",12,0.00257,FALSE,"observed"
"IT",1943,"13",13,0.0028,FALSE,"observed"
"IT",1943,"14",14,0.00307,FALSE,"observed"
"IT",1943,"15",15,0.00337,FALSE,"observed"
"IT",1943,"16",16,0.00391,FALSE,"observed"
"IT",1943,"17",17,0.00422,FALSE,"observed"
"IT",1943,"18",18,0.01164,FALSE,"observed"
"IT",1943,"19",19,0.01366,FALSE,"observed"
"IT",1943,"20",20,0.01482,FALSE,"observed"
"IT",1943,"21",21,0.01521,FALSE,"observed"
"IT",1943,"22",22,0.01602,FALSE,"observed"
"IT",1943,"23",23,0.01587,FALSE,"observed"
"IT",1943,"24",24,0.01962,FALSE,"observed"
"IT",1943,"25",25,0.01589,FALSE,"observed"
"IT",1943,"26",26,0.01247,FALSE,"observed"
"IT",1943,"27",27,0.01104,FALSE,"observed"
"IT",1943,"28",28,0.01103,FALSE,"observed"
"IT",1943,"29",29,0.01117,FALSE,"observed"
"IT",1943,"30",30,0.01075,FALSE,"observed"
"IT",1943,"31",31,0.01032,FALSE,"observed"
"IT",1943,"32",32,0.00938,FALSE,"observed"
"IT",1943,"33",33,0.00934,FALSE,"observed"
"IT",1943,"34",34,0.00908,FALSE,"observed"
"IT",1943,"35",35,0.00931,FALSE,"observed"
"IT",1943,"36",36,0.00898,FALSE,"observed"
"IT",1943,"37",37,0.00861,FALSE,"observed"
"IT",1943,"38",38,0.0085,FALSE,"observed"
"IT",1943,"39",39,0.0086,FALSE,"observed"
"IT",1943,"40",40,0.00883,FALSE,"observed"
"IT",1943,"41",41,0.00836,FALSE,"observed"
"IT",1943,"42",42,0.00873,FALSE,"observed"
"IT",1943,"43",43,0.0087,FALSE,"observed"
"IT",1943,"44",44,0.00892,FALSE,"observed"
"IT",1943,"45",45,0.00914,FALSE,"observed"
"IT",1943,"46",46,0.00956,FALSE,"observed"
"IT",1943,"47",47,0.00969,FALSE,"observed"
"IT",1943,"48",48,0.01005,FALSE,"observed"
"IT",1943,"49",49,0.01036,FALSE,"observed"
"IT",1943,"50",50,0.01124,FALSE,"observed"
"IT",1943,"51",51,0.01179,FALSE,"observed"
"IT",1943,"52",52,0.01168,FALSE,"observed"
"IT",1943,"53",53,0.01261,FALSE,"observed"
"IT",1943,"54",54,0.01334,FALSE,"observed"
"IT",1943,"55",55,0.01417,FALSE,"observed"
"IT",1943,"56",56,0.01518,FALSE,"observed"
"IT",1943,"57",57,0.0155,FALSE,"observed"
"IT",1943,"58",58,0.01731,FALSE,"observed"
"IT",1943,"59",59,0.01835,FALSE,"observed"
"IT",1943,"60",60,0.02051,FALSE,"observed"
"IT",1943,"61",61,0.02205,FALSE,"observed"
"IT",1943,"62",62,0.02331,FALSE,"observed"
"IT",1943,"63",63,0.0265,FALSE,"observed"
"IT",1943,"64",64,0.02879,FALSE,"observed"
"IT",1943,"65",65,0.03128,FALSE,"observed"
"IT",1943,"66",66,0.03507,FALSE,"observed"
"IT",1943,"67",67,0.0396,FALSE,"observed"
"IT",1943,"68",68,0.04173,FALSE,"observed"
"IT",1943,"69",69,0.0465,FALSE,"observed"
"IT",1943,"70",70,0.05408,FALSE,"observed"
"IT",1943,"71",71,0.05868,FALSE,"observed"
"IT",1943,"72",72,0.0651,FALSE,"observed"
"IT",1943,"73",73,0.07593,FALSE,"observed"
"IT",1943,"74",74,0.08067,FALSE,"observed"
"IT",1943,"75",75,0.0916,FALSE,"observed"
"IT",1943,"76",76,0.10258,FALSE,"observed"
"IT",1943,"77",77,0.11086,FALSE,"observed"
"IT",1943,"78",78,0.12787,FALSE,"observed"
"IT",1943,"79",79,0.15103,FALSE,"observed"
"IT",1943,"80",80,0.15988,FALSE,"observed"
"IT",1943,"81",81,0.16991,FALSE,"observed"
"IT",1943,"82",82,0.18719,FALSE,"observed"
"IT",1943,"83",83,0.21069,FALSE,"observed"
"IT",1943,"84",84,0.23513,FALSE,"observed"
"IT",1943,"85",85,0.25134,FALSE,"observed"
"IT",1943,"86",86,0.27621,FALSE,"observed"
"IT",1943,"87",87,0.30668,FALSE,"observed"
"IT",1943,"88",88,0.31381,FALSE,"observed"
"IT",1943,"89",89,0.34146,FALSE,"observed"
"IT",1943,"90",90,0.36968,FALSE,"observed"
"IT",1943,"91",91,0.38871,FALSE,"observed"
"IT",1943,"92",92,0.4299,FALSE,"observed"
"IT",1943,"93",93,0.44589,FALSE,"observed"
"IT",1943,"94",94,0.46953,FALSE,"observed"
"IT",1943,"95",95,0.5148,FALSE,"observed"
"IT",1943,"96",96,0.54322,FALSE,"observed"
"IT",1943,"97",97,0.57133,FALSE,"observed"
"IT",1943,"98",98,0.59895,FALSE,"observed"
"IT",1943,"99",99,0.62593,FALSE,"observed"
"IT",1943,"100",100,0.65212,FALSE,"observed"
"IT",1943,"101",101,0.6774,FALSE,"observed"
"IT",1943,"102",102,0.70167,FALSE,"observed"
"IT",1943,"103",103,0.72485,FALSE,"observed"
"IT",1943,"104",104,0.74688,FALSE,"observed"
"IT",1943,"105",105,0.76771,FALSE,"observed"
"IT",1943,"106",106,0.78732,FALSE,"observed"
"IT",1943,"107",107,0.8057,FALSE,"observed"
"IT",1943,"108",108,0.82287,FALSE,"observed"
"IT",1943,"109",109,0.83883,FALSE,"observed"
"IT",1943,"110+",110,0.85362,FALSE,"observed"
"IT",1944,"0",0,0.10721,FALSE,"observed"
"IT",1944,"1",1,0.02438,FALSE,"observed"
"IT",1944,"2",2,0.00862,FALSE,"observed"
"IT",1944,"3",3,0.00504,FALSE,"observed"
"IT",1944,"4",4,0.00382,FALSE,"observed"
"IT",1944,"5",5,0.00311,FALSE,"observed"
"IT",1944,"6",6,0.00285,FALSE,"observed"
"IT",1944,"7",7,0.00263,FALSE,"observed"
"IT",1944,"8",8,0.00254,FALSE,"observed"
"IT",1944,"9",9,0.00252,FALSE,"observed"
"IT",1944,"10",10,0.00247,FALSE,"observed"
"IT",1944,"11",11,0.00256,FALSE,"observed"
"IT",1944,"12",12,0.00263,FALSE,"observed"
"IT",1944,"13",13,0.00272,FALSE,"observed"
"IT",1944,"14",14,0.00322,FALSE,"observed"
"IT",1944,"15",15,0.00343,FALSE,"observed"
"IT",1944,"16",16,0.00411,FALSE,"observed"
"IT",1944,"17",17,0.00476,FALSE,"observed"
"IT",1944,"18",18,0.00797,FALSE,"observed"
"IT",1944,"19",19,0.01067,FALSE,"observed"
"IT",1944,"20",20,0.01194,FALSE,"observed"
"IT",1944,"21",21,0.01198,FALSE,"observed"
"IT",1944,"22",22,0.01197,FALSE,"observed"
"IT",1944,"23",23,0.01208,FALSE,"observed"
"IT",1944,"24",24,0.0114,FALSE,"observed"
"IT",1944,"25",25,0.01273,FALSE,"observed"
"IT",1944,"26",26,0.01021,FALSE,"observed"
"IT",1944,"27",27,0.00812,FALSE,"observed"
"IT",1944,"28",28,0.00744,FALSE,"observed"
"IT",1944,"29",29,0.00725,FALSE,"observed"
"IT",1944,"30",30,0.00729,FALSE,"observed"
"IT",1944,"31",31,0.00673,FALSE,"observed"
"IT",1944,"32",32,0.00684,FALSE,"observed"
"IT",1944,"33",33,0.00655,FALSE,"observed"
"IT",1944,"34",34,0.00655,FALSE,"observed"
"IT",1944,"35",35,0.00635,FALSE,"observed"
"IT",1944,"36",36,0.0069,FALSE,"observed"
"IT",1944,"37",37,0.00688,FALSE,"observed"
"IT",1944,"38",38,0.00713,FALSE,"observed"
"IT",1944,"39",39,0.00747,FALSE,"observed"
"IT",1944,"40",40,0.00773,FALSE,"observed"
"IT",1944,"41",41,0.00777,FALSE,"observed"
"IT",1944,"42",42,0.00818,FALSE,"observed"
"IT",1944,"43",43,0.00809,FALSE,"observed"
"IT",1944,"44",44,0.00887,FALSE,"observed"
"IT",1944,"45",45,0.00897,FALSE,"observed"
"IT",1944,"46",46,0.00954,FALSE,"observed"
"IT",1944,"47",47,0.00991,FALSE,"observed"
"IT",1944,"48",48,0.01025,FALSE,"observed"
"IT",1944,"49",49,0.01057,FALSE,"observed"
"IT",1944,"50",50,0.01144,FALSE,"observed"
"IT",1944,"51",51,0.01163,FALSE,"observed"
"IT",1944,"52",52,0.01247,FALSE,"observed"
"IT",1944,"53",53,0.01308,FALSE,"observed"
"IT",1944,"54",54,0.01409,FALSE,"observed"
"IT",1944,"55",55,0.01458,FALSE,"observed"
"IT",1944,"56",56,0.01588,FALSE,"observed"
"IT",1944,"57",57,0.01677,FALSE,"observed"
"IT",1944,"58",58,0.0175,FALSE,"observed"
"IT",1944,"59",59,0.0192,FALSE,"observed"
"IT",1944,"60",60,0.02148,FALSE,"observed"
"IT",1944,"61",61,0.02186,FALSE,"observed"
"IT",1944,"62",62,0.02501,FALSE,"observed"
"IT",1944,"63",63,0.02552,FALSE,"observed"
"IT",1944,"64",64,0.02957,FALSE,"observed"
"IT",1944,"65",65,0.03352,FALSE,"observed"
"IT",1944,"66",66,0.03549,FALSE,"observed"
"IT",1944,"67",67,0.03902,FALSE,"observed"
"IT",1944,"68",68,0.04498,FALSE,"observed"
"IT",1944,"69",69,0.04692,FALSE,"observed"
"IT",1944,"70",70,0.05626,FALSE,"observed"
"IT",1944,"71",71,0.06015,FALSE,"observed"
"IT",1944,"72",72,0.06743,FALSE,"observed"
"IT",1944,"73",73,0.07365,FALSE,"observed"
"IT",1944,"74",74,0.08531,FALSE,"observed"
"IT",1944,"75",75,0.09488,FALSE,"observed"
"IT",1944,"76",76,0.10382,FALSE,"observed"
"IT",1944,"77",77,0.11761,FALSE,"observed"
"IT",1944,"78",78,0.12879,FALSE,"observed"
"IT",1944,"79",79,0.14342,FALSE,"observed"
"IT",1944,"80",80,0.16215,FALSE,"observed"
"IT",1944,"81",81,0.17605,FALSE,"observed"
"IT",1944,"82",82,0.19206,FALSE,"observed"
"IT",1944,"83",83,0.20943,FALSE,"observed"
"IT",1944,"84",84,0.23932,FALSE,"observed"
"IT",1944,"85",85,0.26346,FALSE,"observed"
"IT",1944,"86",86,0.28138,FALSE,"observed"
"IT",1944,"87",87,0.29752,FALSE,"observed"
"IT",1944,"88",88,0.33082,FALSE,"observed"
"IT",1944,"89",89,0.3627,FALSE,"observed"
"IT",1944,"90",90,0.40704,FALSE,"observed"
"IT",1944,"91",91,0.41699,FALSE,"observed"
"IT",1944,"92",92,0.45342,FALSE,"observed"
"IT",1944,"93",93,0.5159,FALSE,"observed"
"IT",1944,"94",94,0.5338,FALSE,"observed"
"IT",1944,"95",95,0.54202,FALSE,"observed"
"IT",1944,"96",96,0.572,FALSE,"observed"
"IT",1944,"97",97,0.60144,FALSE,"observed"
"IT",1944,"98",98,0.63016,FALSE,"observed"
"IT",1944,"99",99,0.65798,FALSE,"observed"
"IT",1944,"100",100,0.68476,FALSE,"observed"
"IT",1944,"101",101,0.71036,FALSE,"observed"
"IT",1944,"102",102,0.73468,FALSE,"observed"
"IT",1944,"103",103,0.75767,FALSE,"observed"
"IT",1944,"104",104,0.77927,FALSE,"observed"
"IT",1944,"105",105,0.79946,FALSE,"observed"
"IT",1944,"106",106,0.81825,FALSE,"observed"
"IT",1944,"107",107,0.83564,FALSE,"observed"
"IT",1944,"108",108,0.85168,FALSE,"observed"
"IT",1944,"109",109,0.86642,FALSE,"observed"
"IT",1944,"110+",110,0.87991,FALSE,"observed"
"IT",1945,"0",0,0.11133,FALSE,"observed"
"IT",1945,"1",1,0.02725,FALSE,"observed"
"IT",1945,"2",2,0.00864,FALSE,"observed"
"IT",1945,"3",3,0.00477,FALSE,"observed"
"IT",1945,"4",4,0.00338,FALSE,"observed"
"IT",1945,"5",5,0.00277,FALSE,"observed"
"IT",1945,"6",6,0.00248,FALSE,"observed"
"IT",1945,"7",7,0.00232,FALSE,"observed"
"IT",1945,"8",8,0.00219,FALSE,"observed"
"IT",1945,"9",9,0.00209,FALSE,"observed"
"IT",1945,"10",10,0.00209,FALSE,"observed"
"IT",1945,"11",11,0.0021,FALSE,"observed"
"IT",1945,"12",12,0.00214,FALSE,"observed"
"IT",1945,"13",13,0.00233,FALSE,"observed"
"IT",1945,"14",14,0.00251,FALSE,"observed"
"IT",1945,"15",15,0.00287,FALSE,"observed"
"IT",1945,"16",16,0.00344,FALSE,"observed"
"IT",1945,"17",17,0.0039,FALSE,"observed"
"IT",1945,"18",18,0.00516,FALSE,"observed"
"IT",1945,"19",19,0.00664,FALSE,"observed"
"IT",1945,"20",20,0.00798,FALSE,"observed"
"IT",1945,"21",21,0.00852,FALSE,"observed"
"IT",1945,"22",22,0.00897,FALSE,"observed"
"IT",1945,"23",23,0.00881,FALSE,"observed"
"IT",1945,"24",24,0.00898,FALSE,"observed"
"IT",1945,"25",25,0.00835,FALSE,"observed"
"IT",1945,"26",26,0.00872,FALSE,"observed"
"IT",1945,"27",27,0.00715,FALSE,"observed"
"IT",1945,"28",28,0.00623,FALSE,"observed"
"IT",1945,"29",29,0.00569,FALSE,"observed"
"IT",1945,"30",30,0.00572,FALSE,"observed"
"IT",1945,"31",31,0.00544,FALSE,"observed"
"IT",1945,"32",32,0.00547,FALSE,"observed"
"IT",1945,"33",33,0.00538,FALSE,"observed"
"IT",1945,"34",34,0.00535,FALSE,"observed"
"IT",1945,"35",35,0.00543,FALSE,"observed"
"IT",1945,"36",36,0.00537,FALSE,"observed"
"IT",1945,"37",37,0.00553,FALSE,"observed"
"IT",1945,"38",38,0.00584,FALSE,"observed"
"IT",1945,"39",39,0.00597,FALSE,"observed"
"IT",1945,"40",40,0.00649,FALSE,"observed"
"IT",1945,"41",41,0.00634,FALSE,"observed"
"IT",1945,"42",42,0.00694,FALSE,"observed"
"IT",1945,"43",43,0.00707,FALSE,"observed"
"IT",1945,"44",44,0.00726,FALSE,"observed"
"IT",1945,"45",45,0.00768,FALSE,"observed"
"IT",1945,"46",46,0.00781,FALSE,"observed"
"IT",1945,"47",47,0.00842,FALSE,"observed"
"IT",1945,"48",48,0.00877,FALSE,"observed"
"IT",1945,"49",49,0.00859,FALSE,"observed"
"IT",1945,"50",50,0.00962,FALSE,"observed"
"IT",1945,"51",51,0.01017,FALSE,"observed"
"IT",1945,"52",52,0.01073,FALSE,"observed"
"IT",1945,"53",53,0.01135,FALSE,"observed"
"IT",1945,"54",54,0.01152,FALSE,"observed"
"IT",1945,"55",55,0.01272,FALSE,"observed"
"IT",1945,"56",56,0.01345,FALSE,"observed"
"IT",1945,"57",57,0.01423,FALSE,"observed"
"IT",1945,"58",58,0.01566,FALSE,"observed"
"IT",1945,"59",59,0.01638,FALSE,"observed"
"IT",1945,"60",60,0.01835,FALSE,"observed"
"IT",1945,"61",61,0.01941,FALSE,"observed"
"IT",1945,"62",62,0.02153,FALSE,"observed"
"IT",1945,"63",63,0.02369,FALSE,"observed"
"IT",1945,"64",64,0.02517,FALSE,"observed"
"IT",1945,"65",65,0.02873,FALSE,"observed"
"IT",1945,"66",66,0.03225,FALSE,"observed"
"IT",1945,"67",67,0.03513,FALSE,"observed"
"IT",1945,"68",68,0.03908,FALSE,"observed"
"IT",1945,"69",69,0.04316,FALSE,"observed"
"IT",1945,"70",70,0.04712,FALSE,"observed"
"IT",1945,"71",71,0.05305,FALSE,"observed"
"IT",1945,"72",72,0.0607,FALSE,"observed"
"IT",1945,"73",73,0.0661,FALSE,"observed"
"IT",1945,"74",74,0.07382,FALSE,"observed"
"IT",1945,"75",75,0.08533,FALSE,"observed"
"IT",1945,"76",76,0.09108,FALSE,"observed"
"IT",1945,"77",77,0.10316,FALSE,"observed"
"IT",1945,"78",78,0.11594,FALSE,"observed"
"IT",1945,"79",79,0.12913,FALSE,"observed"
"IT",1945,"80",80,0.14457,FALSE,"observed"
"IT",1945,"81",81,0.1584,FALSE,"observed"
"IT",1945,"82",82,0.17233,FALSE,"observed"
"IT",1945,"83",83,0.18932,FALSE,"observed"
"IT",1945,"84",84,0.20736,FALSE,"observed"
"IT",1945,"85",85,0.2348,FALSE,"observed"
"IT",1945,"86",86,0.25685,FALSE,"observed"
"IT",1945,"87",87,0.26936,FALSE,"observed"
"IT",1945,"88",88,0.29418,FALSE,"observed"
"IT",1945,"89",89,0.32219,FALSE,"observed"
"IT",1945,"90",90,0.35099,FALSE,"observed"
"IT",1945,"91",91,0.38241,FALSE,"observed"
"IT",1945,"92",92,0.39783,FALSE,"observed"
"IT",1945,"93",93,0.45064,FALSE,"observed"
"IT",1945,"94",94,0.43817,FALSE,"observed"
"IT",1945,"95",95,0.48634,FALSE,"observed"
"IT",1945,"96",96,0.51478,FALSE,"observed"
"IT",1945,"97",97,0.54306,FALSE,"observed"
"IT",1945,"98",98,0.571,FALSE,"observed"
"IT",1945,"99",99,0.59844,FALSE,"observed"
"IT",1945,"100",100,0.62521,FALSE,"observed"
"IT",1945,"101",101,0.65119,FALSE,"observed"
"IT",1945,"102",102,0.67626,FALSE,"observed"
"IT",1945,"103",103,0.70031,FALSE,"observed"
"IT",1945,"104",104,0.72328,FALSE,"observed"
"IT",1945,"105",105,0.7451,FALSE,"observed"
"IT",1945,"106",106,0.76573,FALSE,"observed"
"IT",1945,"107",107,0.78516,FALSE,"observed"
"IT",1945,"108",108,0.80338,FALSE,"observed"
"IT",1945,"109",109,0.8204,FALSE,"observed"
"IT",1945,"110+",110,0.83624,FALSE,"observed"
"IT",1946,"0",0,0.10426,FALSE,"observed"
"IT",1946,"1",1,0.02886,FALSE,"observed"
"IT",1946,"2",2,0.00979,FALSE,"observed"
"IT",1946,"3",3,0.005,FALSE,"observed"
"IT",1946,"4",4,0.00347,FALSE,"observed"
"IT",1946,"5",5,0.00256,FALSE,"observed"
"IT",1946,"6",6,0.0021,FALSE,"observed"
"IT",1946,"7",7,0.0019,FALSE,"observed"
"IT",1946,"8",8,0.00167,FALSE,"observed"
"IT",1946,"9",9,0.00165,FALSE,"observed"
"IT",1946,"10",10,0.00157,FALSE,"observed"
"IT",1946,"11",11,0.00149,FALSE,"observed"
"IT",1946,"12",12,0.00155,FALSE,"observed"
"IT",1946,"13",13,0.00159,FALSE,"observed"
"IT",1946,"14",14,0.00174,FALSE,"observed"
"IT",1946,"15",15,0.00207,FALSE,"observed"
"IT",1946,"16",16,0.00228,FALSE,"observed"
"IT",1946,"17",17,0.00248,FALSE,"observed"
"IT",1946,"18",18,0.0029,FALSE,"observed"
"IT",1946,"19",19,0.00312,FALSE,"observed"
"IT",1946,"20",20,0.00319,FALSE,"observed"
"IT",1946,"21",21,0.0035,FALSE,"observed"
"IT",1946,"22",22,0.00364,FALSE,"observed"
"IT",1946,"23",23,0.00357,FALSE,"observed"
"IT",1946,"24",24,0.00355,FALSE,"observed"
"IT",1946,"25",25,0.0036,FALSE,"observed"
"IT",1946,"26",26,0.00365,FALSE,"observed"
"IT",1946,"27",27,0.00344,FALSE,"observed"
"IT",1946,"28",28,0.00336,FALSE,"observed"
"IT",1946,"29",29,0.00341,FALSE,"observed"
"IT",1946,"30",30,0.00351,FALSE,"observed"
"IT",1946,"31",31,0.00336,FALSE,"observed"
"IT",1946,"32",32,0.00364,FALSE,"observed"
"IT",1946,"33",33,0.00363,FALSE,"observed"
"IT",1946,"34",34,0.00371,FALSE,"observed"
"IT",1946,"35",35,0.00378,FALSE,"observed"
"IT",1946,"36",36,0.00382,FALSE,"observed"
"IT",1946,"37",37,0.00387,FALSE,"observed"
"IT",1946,"38",38,0.00415,FALSE,"observed"
"IT",1946,"39",39,0.00422,FALSE,"observed"
"IT",1946,"40",40,0.00438,FALSE,"observed"
"IT",1946,"41",41,0.00458,FALSE,"observed"
"IT",1946,"42",42,0.00479,FALSE,"observed"
"IT",1946,"43",43,0.00499,FALSE,"observed"
"IT",1946,"44",44,0.00533,FALSE,"observed"
"IT",1946,"45",45,0.00588,FALSE,"observed"
"IT",1946,"46",46,0.00622,FALSE,"observed"
"IT",1946,"47",47,0.00648,FALSE,"observed"
"IT",1946,"48",48,0.00703,FALSE,"observed"
"IT",1946,"49",49,0.00728,FALSE,"observed"
"IT",1946,"50",50,0.00811,FALSE,"observed"
"IT",1946,"51",51,0.00798,FALSE,"observed"
"IT",1946,"52",52,0.0087,FALSE,"observed"
"IT",1946,"53",53,0.00944,FALSE,"observed"
"IT",1946,"54",54,0.0099,FALSE,"observed"
"IT",1946,"55",55,0.01053,FALSE,"observed"
"IT",1946,"56",56,0.01163,FALSE,"observed"
"IT",1946,"57",57,0.01207,FALSE,"observed"
"IT",1946,"58",58,0.01349,FALSE,"observed"
"IT",1946,"59",59,0.01449,FALSE,"observed"
"IT",1946,"60",60,0.01601,FALSE,"observed"
"IT",1946,"61",61,0.0172,FALSE,"observed"
"IT",1946,"62",62,0.01933,FALSE,"observed"
"IT",1946,"63",63,0.0211,FALSE,"observed"
"IT",1946,"64",64,0.02326,FALSE,"observed"
"IT",1946,"65",65,0.02544,FALSE,"observed"
"IT",1946,"66",66,0.02795,FALSE,"observed"
"IT",1946,"67",67,0.03154,FALSE,"observed"
"IT",1946,"68",68,0.03431,FALSE,"observed"
"IT",1946,"69",69,0.03951,FALSE,"observed"
"IT",1946,"70",70,0.04443,FALSE,"observed"
"IT",1946,"71",71,0.04628,FALSE,"observed"
"IT",1946,"72",72,0.05413,FALSE,"observed"
"IT",1946,"73",73,0.06125,FALSE,"observed"
"IT",1946,"74",74,0.06758,FALSE,"observed"
"IT",1946,"75",75,0.07543,FALSE,"observed"
"IT",1946,"76",76,0.08433,FALSE,"observed"
"IT",1946,"77",77,0.09085,FALSE,"observed"
"IT",1946,"78",78,0.1024,FALSE,"observed"
"IT",1946,"79",79,0.11363,FALSE,"observed"
"IT",1946,"80",80,0.13292,FALSE,"observed"
"IT",1946,"81",81,0.13598,FALSE,"observed"
"IT",1946,"82",82,0.15611,FALSE,"observed"
"IT",1946,"83",83,0.17372,FALSE,"observed"
"IT",1946,"84",84,0.18432,FALSE,"observed"
"IT",1946,"85",85,0.21111,FALSE,"observed"
"IT",1946,"86",86,0.2253,FALSE,"observed"
"IT",1946,"87",87,0.24025,FALSE,"observed"
"IT",1946,"88",88,0.26484,FALSE,"observed"
"IT",1946,"89",89,0.2919,FALSE,"observed"
"IT",1946,"90",90,0.32728,FALSE,"observed"
"IT",1946,"91",91,0.31621,FALSE,"observed"
"IT",1946,"92",92,0.35366,FALSE,"observed"
"IT",1946,"93",93,0.40543,FALSE,"observed"
"IT",1946,"94",94,0.37105,FALSE,"observed"
"IT",1946,"95",95,0.43837,FALSE,"observed"
"IT",1946,"96",96,0.46536,FALSE,"observed"
"IT",1946,"97",97,0.49249,FALSE,"observed"
"IT",1946,"98",98,0.5196,FALSE,"observed"
"IT",1946,"99",99,0.54655,FALSE,"observed"
"IT",1946,"100",100,0.57318,FALSE,"observed"
"IT",1946,"101",101,0.59934,FALSE,"observed"
"IT",1946,"102",102,0.62491,FALSE,"observed"
"IT",1946,"103",103,0.64977,FALSE,"observed"
"IT",1946,"104",104,0.67382,FALSE,"observed"
"IT",1946,"105",105,0.69696,FALSE,"observed"
"IT",1946,"106",106,0.71913,FALSE,"observed"
"IT",1946,"107",107,0.74027,FALSE,"observed"
"IT",1946,"108",108,0.76035,FALSE,"observed"
"IT",1946,"109",109,0.77933,FALSE,"observed"
"IT",1946,"110+",110,0.79722,FALSE,"observed"
"IT",1947,"0",0,0.08869,FALSE,"observed"
"IT",1947,"1",1,0.01877,FALSE,"observed"
"IT",1947,"2",2,0.00686,FALSE,"observed"
"IT",1947,"3",3,0.00384,FALSE,"observed"
"IT",1947,"4",4,0.00262,FALSE,"observed"
"IT",1947,"5",5,0.00205,FALSE,"observed"
"IT",1947,"6",6,0.00179,FALSE,"observed"
"IT",1947,"7",7,0.00154,FALSE,"observed"
"IT",1947,"8",8,0.00142,FALSE,"observed"
"IT",1947,"9",9,0.00138,FALSE,"observed"
"IT",1947,"10",10,0.00132,FALSE,"observed"
"IT",1947,"11",11,0.00131,FALSE,"observed"
"IT",1947,"12",12,0.00137,FALSE,"observed"
"IT",1947,"13",13,0.00139,FALSE,"observed"
"IT",1947,"14",14,0.00156,FALSE,"observed"
"IT",1947,"15",15,0.00167,FALSE,"observed"
"IT",1947,"16",16,0.00206,FALSE,"observed"
"IT",1947,"17",17,0.00222,FALSE,"observed"
"IT",1947,"18",18,0.00245,FALSE,"observed"
"IT",1947,"19",19,0.00266,FALSE,"observed"
"IT",1947,"20",20,0.00299,FALSE,"observed"
"IT",1947,"21",21,0.00295,FALSE,"observed"
"IT",1947,"22",22,0.00311,FALSE,"observed"
"IT",1947,"23",23,0.00326,FALSE,"observed"
"IT",1947,"24",24,0.00321,FALSE,"observed"
"IT",1947,"25",25,0.00316,FALSE,"observed"
"IT",1947,"26",26,0.00334,FALSE,"observed"
"IT",1947,"27",27,0.00321,FALSE,"observed"
"IT",1947,"28",28,0.00312,FALSE,"observed"
"IT",1947,"29",29,0.00309,FALSE,"observed"
"IT",1947,"30",30,0.00329,FALSE,"observed"
"IT",1947,"31",31,0.00315,FALSE,"observed"
"IT",1947,"32",32,0.0033,FALSE,"observed"
"IT",1947,"33",33,0.00329,FALSE,"observed"
"IT",1947,"34",34,0.00326,FALSE,"observed"
"IT",1947,"35",35,0.00349,FALSE,"observed"
"IT",1947,"36",36,0.00356,FALSE,"observed"
"IT",1947,"37",37,0.00384,FALSE,"observed"
"IT",1947,"38",38,0.00376,FALSE,"observed"
"IT",1947,"39",39,0.00403,FALSE,"observed"
"IT",1947,"40",40,0.00422,FALSE,"observed"
"IT",1947,"41",41,0.00441,FALSE,"observed"
"IT",1947,"42",42,0.00473,FALSE,"observed"
"IT",1947,"43",43,0.00512,FALSE,"observed"
"IT",1947,"44",44,0.00527,FALSE,"observed"
"IT",1947,"45",45,0.00554,FALSE,"observed"
"IT",1947,"46",46,0.00616,FALSE,"observed"
"IT",1947,"47",47,0.00629,FALSE,"observed"
"IT",1947,"48",48,0.00681,FALSE,"observed"
"IT",1947,"49",49,0.00731,FALSE,"observed"
"IT",1947,"50",50,0.00755,FALSE,"observed"
"IT",1947,"51",51,0.00792,FALSE,"observed"
"IT",1947,"52",52,0.00872,FALSE,"observed"
"IT",1947,"53",53,0.00957,FALSE,"observed"
"IT",1947,"54",54,0.00985,FALSE,"observed"
"IT",1947,"55",55,0.01089,FALSE,"observed"
"IT",1947,"56",56,0.01139,FALSE,"observed"
"IT",1947,"57",57,0.01227,FALSE,"observed"
"IT",1947,"58",58,0.01316,FALSE,"observed"
"IT",1947,"59",59,0.01427,FALSE,"observed"
"IT",1947,"60",60,0.01623,FALSE,"observed"
"IT",1947,"61",61,0.01694,FALSE,"observed"
"IT",1947,"62",62,0.01953,FALSE,"observed"
"IT",1947,"63",63,0.02098,FALSE,"observed"
"IT",1947,"64",64,0.02314,FALSE,"observed"
"IT",1947,"65",65,0.0257,FALSE,"observed"
"IT",1947,"66",66,0.02778,FALSE,"observed"
"IT",1947,"67",67,0.03077,FALSE,"observed"
"IT",1947,"68",68,0.0361,FALSE,"observed"
"IT",1947,"69",69,0.03901,FALSE,"observed"
"IT",1947,"70",70,0.04479,FALSE,"observed"
"IT",1947,"71",71,0.04932,FALSE,"observed"
"IT",1947,"72",72,0.05219,FALSE,"observed"
"IT",1947,"73",73,0.06097,FALSE,"observed"
"IT",1947,"74",74,0.06766,FALSE,"observed"
"IT",1947,"75",75,0.07539,FALSE,"observed"
"IT",1947,"76",76,0.08214,FALSE,"observed"
"IT",1947,"77",77,0.09138,FALSE,"observed"
"IT",1947,"78",78,0.10035,FALSE,"observed"
"IT",1947,"79",79,0.11468,FALSE,"observed"
"IT",1947,"80",80,0.12889,FALSE,"observed"
"IT",1947,"81",81,0.13902,FALSE,"observed"
"IT",1947,"82",82,0.15366,FALSE,"observed"
"IT",1947,"83",83,0.16902,FALSE,"observed"
"IT",1947,"84",84,0.18718,FALSE,"observed"
"IT",1947,"85",85,0.19649,FALSE,"observed"
"IT",1947,"86",86,0.22449,FALSE,"observed"
"IT",1947,"87",87,0.23554,FALSE,"observed"
"IT",1947,"88",88,0.27236,FALSE,"observed"
"IT",1947,"89",89,0.28444,FALSE,"observed"
"IT",1947,"90",90,0.29131,FALSE,"observed"
"IT",1947,"91",91,0.34609,FALSE,"observed"
"IT",1947,"92",92,0.37437,FALSE,"observed"
"IT",1947,"93",93,0.36943,FALSE,"observed"
"IT",1947,"94",94,0.43092,FALSE,"observed"
"IT",1947,"95",95,0.43418,FALSE,"observed"
"IT",1947,"96",96,0.46115,FALSE,"observed"
"IT",1947,"97",97,0.48829,FALSE,"observed"
"IT",1947,"98",98,0.51545,FALSE,"observed"
"IT",1947,"99",99,0.54247,FALSE,"observed"
"IT",1947,"100",100,0.56921,FALSE,"observed"
"IT",1947,"101",101,0.5955,FALSE,"observed"
"IT",1947,"102",102,0.62123,FALSE,"observed"
"IT",1947,"103",103,0.64627,FALSE,"observed"
"IT",1947,"104",104,0.67051,FALSE,"observed"
"IT",1947,"105",105,0.69386,FALSE,"observed"
"IT",1947,"106",106,0.71625,FALSE,"observed"
"IT",1947,"107",107,0.73761,FALSE,"observed"
"IT",1947,"108",108,0.75792,FALSE,"observed"
"IT",1947,"109",109,0.77713,FALSE,"observed"
"IT",1947,"110+",110,0.79523,FALSE,"observed"
"IT",1948,"0",0,0.07644,FALSE,"observed"
"IT",1948,"1",1,0.01458,FALSE,"observed"
"IT",1948,"2",2,0.00536,FALSE,"observed"
"IT",1948,"3",3,0.003,FALSE,"observed"
"IT",1948,"4",4,0.00216,FALSE,"observed"
"IT",1948,"5",5,0.00172,FALSE,"observed"
"IT",1948,"6",6,0.00143,FALSE,"observed"
"IT",1948,"7",7,0.00127,FALSE,"observed"
"IT",1948,"8",8,0.00106,FALSE,"observed"
"IT",1948,"9",9,0.00108,FALSE,"observed"
"IT",1948,"10",10,0.00107,FALSE,"observed"
"IT",1948,"11",11,0.00103,FALSE,"observed"
"IT",1948,"12",12,0.00111,FALSE,"observed"
"IT",1948,"13",13,0.00115,FALSE,"observed"
"IT",1948,"14",14,0.00127,FALSE,"observed"
"IT",1948,"15",15,0.00135,FALSE,"observed"
"IT",1948,"16",16,0.00158,FALSE,"observed"
"IT",1948,"17",17,0.00175,FALSE,"observed"
"IT",1948,"18",18,0.00181,FALSE,"observed"
"IT",1948,"19",19,0.00203,FALSE,"observed"
"IT",1948,"20",20,0.00215,FALSE,"observed"
"IT",1948,"21",21,0.00216,FALSE,"observed"
"IT",1948,"22",22,0.00233,FALSE,"observed"
"IT",1948,"23",23,0.00247,FALSE,"observed"
"IT",1948,"24",24,0.00244,FALSE,"observed"
"IT",1948,"25",25,0.00243,FALSE,"observed"
"IT",1948,"26",26,0.00256,FALSE,"observed"
"IT",1948,"27",27,0.00265,FALSE,"observed"
"IT",1948,"28",28,0.0026,FALSE,"observed"
"IT",1948,"29",29,0.0025,FALSE,"observed"
"IT",1948,"30",30,0.00257,FALSE,"observed"
"IT",1948,"31",31,0.0026,FALSE,"observed"
"IT",1948,"32",32,0.00278,FALSE,"observed"
"IT",1948,"33",33,0.00264,FALSE,"observed"
"IT",1948,"34",34,0.00282,FALSE,"observed"
"IT",1948,"35",35,0.00292,FALSE,"observed"
"IT",1948,"36",36,0.00313,FALSE,"observed"
"IT",1948,"37",37,0.00327,FALSE,"observed"
"IT",1948,"38",38,0.0034,FALSE,"observed"
"IT",1948,"39",39,0.00344,FALSE,"observed"
"IT",1948,"40",40,0.00373,FALSE,"observed"
"IT",1948,"41",41,0.00402,FALSE,"observed"
"IT",1948,"42",42,0.00423,FALSE,"observed"
"IT",1948,"43",43,0.0046,FALSE,"observed"
"IT",1948,"44",44,0.00488,FALSE,"observed"
"IT",1948,"45",45,0.00529,FALSE,"observed"
"IT",1948,"46",46,0.00568,FALSE,"observed"
"IT",1948,"47",47,0.00594,FALSE,"observed"
"IT",1948,"48",48,0.00611,FALSE,"observed"
"IT",1948,"49",49,0.00676,FALSE,"observed"
"IT",1948,"50",50,0.00744,FALSE,"observed"
"IT",1948,"51",51,0.00782,FALSE,"observed"
"IT",1948,"52",52,0.00846,FALSE,"observed"
"IT",1948,"53",53,0.00884,FALSE,"observed"
"IT",1948,"54",54,0.00973,FALSE,"observed"
"IT",1948,"55",55,0.01034,FALSE,"observed"
"IT",1948,"56",56,0.01121,FALSE,"observed"
"IT",1948,"57",57,0.01201,FALSE,"observed"
"IT",1948,"58",58,0.01323,FALSE,"observed"
"IT",1948,"59",59,0.01388,FALSE,"observed"
"IT",1948,"60",60,0.01556,FALSE,"observed"
"IT",1948,"61",61,0.01678,FALSE,"observed"
"IT",1948,"62",62,0.01857,FALSE,"observed"
"IT",1948,"63",63,0.02058,FALSE,"observed"
"IT",1948,"64",64,0.02285,FALSE,"observed"
"IT",1948,"65",65,0.02505,FALSE,"observed"
"IT",1948,"66",66,0.02742,FALSE,"observed"
"IT",1948,"67",67,0.02969,FALSE,"observed"
"IT",1948,"68",68,0.03384,FALSE,"observed"
"IT",1948,"69",69,0.0383,FALSE,"observed"
"IT",1948,"70",70,0.04184,FALSE,"observed"
"IT",1948,"71",71,0.04859,FALSE,"observed"
"IT",1948,"72",72,0.0534,FALSE,"observed"
"IT",1948,"73",73,0.0569,FALSE,"observed"
"IT",1948,"74",74,0.06566,FALSE,"observed"
"IT",1948,"75",75,0.07385,FALSE,"observed"
"IT",1948,"76",76,0.08113,FALSE,"observed"
"IT",1948,"77",77,0.08747,FALSE,"observed"
"IT",1948,"78",78,0.10312,FALSE,"observed"
"IT",1948,"79",79,0.10843,FALSE,"observed"
"IT",1948,"80",80,0.12152,FALSE,"observed"
"IT",1948,"81",81,0.12954,FALSE,"observed"
"IT",1948,"82",82,0.14476,FALSE,"observed"
"IT",1948,"83",83,0.15743,FALSE,"observed"
"IT",1948,"84",84,0.17475,FALSE,"observed"
"IT",1948,"85",85,0.19068,FALSE,"observed"
"IT",1948,"86",86,0.2101,FALSE,"observed"
"IT",1948,"87",87,0.22432,FALSE,"observed"
"IT",1948,"88",88,0.25697,FALSE,"observed"
"IT",1948,"89",89,0.27387,FALSE,"observed"
"IT",1948,"90",90,0.28575,FALSE,"observed"
"IT",1948,"91",91,0.30862,FALSE,"observed"
"IT",1948,"92",92,0.33198,FALSE,"observed"
"IT",1948,"93",93,0.3577,FALSE,"observed"
"IT",1948,"94",94,0.36651,FALSE,"observed"
"IT",1948,"95",95,0.41308,FALSE,"observed"
"IT",1948,"96",96,0.43951,FALSE,"observed"
"IT",1948,"97",97,0.46623,FALSE,"observed"
"IT",1948,"98",98,0.4931,FALSE,"observed"
"IT",1948,"99",99,0.51996,FALSE,"observed"
"IT",1948,"100",100,0.54665,FALSE,"observed"
"IT",1948,"101",101,0.57304,FALSE,"observed"
"IT",1948,"102",102,0.59898,FALSE,"observed"
"IT",1948,"103",103,0.62436,FALSE,"observed"
"IT",1948,"104",104,0.64904,FALSE,"observed"
"IT",1948,"105",105,0.67293,FALSE,"observed"
"IT",1948,"106",106,0.69594,FALSE,"observed"
"IT",1948,"107",107,0.71801,FALSE,"observed"
"IT",1948,"108",108,0.73907,FALSE,"observed"
"IT",1948,"109",109,0.75909,FALSE,"observed"
"IT",1948,"110+",110,0.77804,FALSE,"observed"
"IT",1949,"0",0,0.07433,FALSE,"observed"
"IT",1949,"1",1,0.01463,FALSE,"observed"
"IT",1949,"2",2,0.00502,FALSE,"observed"
"IT",1949,"3",3,0.00293,FALSE,"observed"
"IT",1949,"4",4,0.0021,FALSE,"observed"
"IT",1949,"5",5,0.00158,FALSE,"observed"
"IT",1949,"6",6,0.00135,FALSE,"observed"
"IT",1949,"7",7,0.00113,FALSE,"observed"
"IT",1949,"8",8,0.00098,FALSE,"observed"
"IT",1949,"9",9,0.00096,FALSE,"observed"
"IT",1949,"10",10,0.00094,FALSE,"observed"
"IT",1949,"11",11,0.00091,FALSE,"observed"
"IT",1949,"12",12,0.00093,FALSE,"observed"
"IT",1949,"13",13,0.00097,FALSE,"observed"
"IT",1949,"14",14,0.00108,FALSE,"observed"
"IT",1949,"15",15,0.00125,FALSE,"observed"
"IT",1949,"16",16,0.00127,FALSE,"observed"
"IT",1949,"17",17,0.00146,FALSE,"observed"
"IT",1949,"18",18,0.00149,FALSE,"observed"
"IT",1949,"19",19,0.00162,FALSE,"observed"
"IT",1949,"20",20,0.0018,FALSE,"observed"
"IT",1949,"21",21,0.00178,FALSE,"observed"
"IT",1949,"22",22,0.00183,FALSE,"observed"
"IT",1949,"23",23,0.00197,FALSE,"observed"
"IT",1949,"24",24,0.00199,FALSE,"observed"
"IT",1949,"25",25,0.00206,FALSE,"observed"
"IT",1949,"26",26,0.00205,FALSE,"observed"
"IT",1949,"27",27,0.00214,FALSE,"observed"
"IT",1949,"28",28,0.00207,FALSE,"observed"
"IT",1949,"29",29,0.00215,FALSE,"observed"
"IT",1949,"30",30,0.00223,FALSE,"observed"
"IT",1949,"31",31,0.00223,FALSE,"observed"
"IT",1949,"32",32,0.00239,FALSE,"observed"
"IT",1949,"33",33,0.00244,FALSE,"observed"
"IT",1949,"34",34,0.00238,FALSE,"observed"
"IT",1949,"35",35,0.00251,FALSE,"observed"
"IT",1949,"36",36,0.0027,FALSE,"observed"
"IT",1949,"37",37,0.00279,FALSE,"observed"
"IT",1949,"38",38,0.00293,FALSE,"observed"
"IT",1949,"39",39,0.00314,FALSE,"observed"
"IT",1949,"40",40,0.00331,FALSE,"observed"
"IT",1949,"41",41,0.00356,FALSE,"observed"
"IT",1949,"42",42,0.00382,FALSE,"observed"
"IT",1949,"43",43,0.004,FALSE,"observed"
"IT",1949,"44",44,0.00452,FALSE,"observed"
"IT",1949,"45",45,0.00491,FALSE,"observed"
"IT",1949,"46",46,0.00507,FALSE,"observed"
"IT",1949,"47",47,0.00547,FALSE,"observed"
"IT",1949,"48",48,0.0062,FALSE,"observed"
"IT",1949,"49",49,0.00656,FALSE,"observed"
"IT",1949,"50",50,0.00709,FALSE,"observed"
"IT",1949,"51",51,0.00759,FALSE,"observed"
"IT",1949,"52",52,0.00802,FALSE,"observed"
"IT",1949,"53",53,0.00818,FALSE,"observed"
"IT",1949,"54",54,0.00961,FALSE,"observed"
"IT",1949,"55",55,0.01028,FALSE,"observed"
"IT",1949,"56",56,0.011,FALSE,"observed"
"IT",1949,"57",57,0.01178,FALSE,"observed"
"IT",1949,"58",58,0.01276,FALSE,"observed"
"IT",1949,"59",59,0.0141,FALSE,"observed"
"IT",1949,"60",60,0.01504,FALSE,"observed"
"IT",1949,"61",61,0.01628,FALSE,"observed"
"IT",1949,"62",62,0.01851,FALSE,"observed"
"IT",1949,"63",63,0.01995,FALSE,"observed"
"IT",1949,"64",64,0.02235,FALSE,"observed"
"IT",1949,"65",65,0.02451,FALSE,"observed"
"IT",1949,"66",66,0.02698,FALSE,"observed"
"IT",1949,"67",67,0.03073,FALSE,"observed"
"IT",1949,"68",68,0.0325,FALSE,"observed"
"IT",1949,"69",69,0.03744,FALSE,"observed"
"IT",1949,"70",70,0.04383,FALSE,"observed"
"IT",1949,"71",71,0.04808,FALSE,"observed"
"IT",1949,"72",72,0.05389,FALSE,"observed"
"IT",1949,"73",73,0.05997,FALSE,"observed"
"IT",1949,"74",74,0.06263,FALSE,"observed"
"IT",1949,"75",75,0.07297,FALSE,"observed"
"IT",1949,"76",76,0.08459,FALSE,"observed"
"IT",1949,"77",77,0.09069,FALSE,"observed"
"IT",1949,"78",78,0.0969,FALSE,"observed"
"IT",1949,"79",79,0.1147,FALSE,"observed"
"IT",1949,"80",80,0.12337,FALSE,"observed"
"IT",1949,"81",81,0.13341,FALSE,"observed"
"IT",1949,"82",82,0.14989,FALSE,"observed"
"IT",1949,"83",83,0.16714,FALSE,"observed"
"IT",1949,"84",84,0.17666,FALSE,"observed"
"IT",1949,"85",85,0.19499,FALSE,"observed"
"IT",1949,"86",86,0.22009,FALSE,"observed"
"IT",1949,"87",87,0.2342,FALSE,"observed"
"IT",1949,"88",88,0.24981,FALSE,"observed"
"IT",1949,"89",89,0.27811,FALSE,"observed"
"IT",1949,"90",90,0.30088,FALSE,"observed"
"IT",1949,"91",91,0.31318,FALSE,"observed"
"IT",1949,"92",92,0.33739,FALSE,"observed"
"IT",1949,"93",93,0.3547,FALSE,"observed"
"IT",1949,"94",94,0.36807,FALSE,"observed"
"IT",1949,"95",95,0.42095,FALSE,"observed"
"IT",1949,"96",96,0.44725,FALSE,"observed"
"IT",1949,"97",97,0.47376,FALSE,"observed"
"IT",1949,"98",98,0.50033,FALSE,"observed"
"IT",1949,"99",99,0.52681,FALSE,"observed"
"IT",1949,"100",100,0.55307,FALSE,"observed"
"IT",1949,"101",101,0.57896,FALSE,"observed"
"IT",1949,"102",102,0.60436,FALSE,"observed"
"IT",1949,"103",103,0.62915,FALSE,"observed"
"IT",1949,"104",104,0.65324,FALSE,"observed"
"IT",1949,"105",105,0.67654,FALSE,"observed"
"IT",1949,"106",106,0.69897,FALSE,"observed"
"IT",1949,"107",107,0.72047,FALSE,"observed"
"IT",1949,"108",108,0.741,FALSE,"observed"
"IT",1949,"109",109,0.76052,FALSE,"observed"
"IT",1949,"110+",110,0.77902,FALSE,"observed"
"IT",1950,"0",0,0.06684,FALSE,"observed"
"IT",1950,"1",1,0.01126,FALSE,"observed"
"IT",1950,"2",2,0.00379,FALSE,"observed"
"IT",1950,"3",3,0.00222,FALSE,"observed"
"IT",1950,"4",4,0.0016,FALSE,"observed"
"IT",1950,"5",5,0.00126,FALSE,"observed"
"IT",1950,"6",6,0.00106,FALSE,"observed"
"IT",1950,"7",7,0.00095,FALSE,"observed"
"IT",1950,"8",8,8e-04,FALSE,"observed"
"IT",1950,"9",9,0.00073,FALSE,"observed"
"IT",1950,"10",10,0.00073,FALSE,"observed"
"IT",1950,"11",11,0.00076,FALSE,"observed"
"IT",1950,"12",12,0.00073,FALSE,"observed"
"IT",1950,"13",13,0.00078,FALSE,"observed"
"IT",1950,"14",14,0.00085,FALSE,"observed"
"IT",1950,"15",15,0.00096,FALSE,"observed"
"IT",1950,"16",16,0.00109,FALSE,"observed"
"IT",1950,"17",17,0.00119,FALSE,"observed"
"IT",1950,"18",18,0.0013,FALSE,"observed"
"IT",1950,"19",19,0.0014,FALSE,"observed"
"IT",1950,"20",20,0.00144,FALSE,"observed"
"IT",1950,"21",21,0.00159,FALSE,"observed"
"IT",1950,"22",22,0.00161,FALSE,"observed"
"IT",1950,"23",23,0.00179,FALSE,"observed"
"IT",1950,"24",24,0.00168,FALSE,"observed"
"IT",1950,"25",25,0.00175,FALSE,"observed"
"IT",1950,"26",26,0.00183,FALSE,"observed"
"IT",1950,"27",27,0.00185,FALSE,"observed"
"IT",1950,"28",28,0.00189,FALSE,"observed"
"IT",1950,"29",29,0.00192,FALSE,"observed"
"IT",1950,"30",30,0.00203,FALSE,"observed"
"IT",1950,"31",31,0.00201,FALSE,"observed"
"IT",1950,"32",32,0.00204,FALSE,"observed"
"IT",1950,"33",33,0.00211,FALSE,"observed"
"IT",1950,"34",34,0.00226,FALSE,"observed"
"IT",1950,"35",35,0.00233,FALSE,"observed"
"IT",1950,"36",36,0.00241,FALSE,"observed"
"IT",1950,"37",37,0.00262,FALSE,"observed"
"IT",1950,"38",38,0.00279,FALSE,"observed"
"IT",1950,"39",39,0.00299,FALSE,"observed"
"IT",1950,"40",40,0.0032,FALSE,"observed"
"IT",1950,"41",41,0.00334,FALSE,"observed"
"IT",1950,"42",42,0.00368,FALSE,"observed"
"IT",1950,"43",43,0.00383,FALSE,"observed"
"IT",1950,"44",44,0.00436,FALSE,"observed"
"IT",1950,"45",45,0.00474,FALSE,"observed"
"IT",1950,"46",46,0.00507,FALSE,"observed"
"IT",1950,"47",47,0.00514,FALSE,"observed"
"IT",1950,"48",48,0.00575,FALSE,"observed"
"IT",1950,"49",49,0.00647,FALSE,"observed"
"IT",1950,"50",50,0.00666,FALSE,"observed"
"IT",1950,"51",51,0.00721,FALSE,"observed"
"IT",1950,"52",52,0.00817,FALSE,"observed"
"IT",1950,"53",53,0.00861,FALSE,"observed"
"IT",1950,"54",54,0.00933,FALSE,"observed"
"IT",1950,"55",55,0.01004,FALSE,"observed"
"IT",1950,"56",56,0.01083,FALSE,"observed"
"IT",1950,"57",57,0.01188,FALSE,"observed"
"IT",1950,"58",58,0.01252,FALSE,"observed"
"IT",1950,"59",59,0.01385,FALSE,"observed"
"IT",1950,"60",60,0.01498,FALSE,"observed"
"IT",1950,"61",61,0.01582,FALSE,"observed"
"IT",1950,"62",62,0.01804,FALSE,"observed"
"IT",1950,"63",63,0.01969,FALSE,"observed"
"IT",1950,"64",64,0.02097,FALSE,"observed"
"IT",1950,"65",65,0.02422,FALSE,"observed"
"IT",1950,"66",66,0.0262,FALSE,"observed"
"IT",1950,"67",67,0.02819,FALSE,"observed"
"IT",1950,"68",68,0.0328,FALSE,"observed"
"IT",1950,"69",69,0.03465,FALSE,"observed"
"IT",1950,"70",70,0.03986,FALSE,"observed"
"IT",1950,"71",71,0.04464,FALSE,"observed"
"IT",1950,"72",72,0.04993,FALSE,"observed"
"IT",1950,"73",73,0.05575,FALSE,"observed"
"IT",1950,"74",74,0.06301,FALSE,"observed"
"IT",1950,"75",75,0.06672,FALSE,"observed"
"IT",1950,"76",76,0.07626,FALSE,"observed"
"IT",1950,"77",77,0.08578,FALSE,"observed"
"IT",1950,"78",78,0.09342,FALSE,"observed"
"IT",1950,"79",79,0.1012,FALSE,"observed"
"IT",1950,"80",80,0.11893,FALSE,"observed"
"IT",1950,"81",81,0.12484,FALSE,"observed"
"IT",1950,"82",82,0.14103,FALSE,"observed"
"IT",1950,"83",83,0.15161,FALSE,"observed"
"IT",1950,"84",84,0.17342,FALSE,"observed"
"IT",1950,"85",85,0.18377,FALSE,"observed"
"IT",1950,"86",86,0.20053,FALSE,"observed"
"IT",1950,"87",87,0.21855,FALSE,"observed"
"IT",1950,"88",88,0.23915,FALSE,"observed"
"IT",1950,"89",89,0.25422,FALSE,"observed"
"IT",1950,"90",90,0.29385,FALSE,"observed"
"IT",1950,"91",91,0.29865,FALSE,"observed"
"IT",1950,"92",92,0.33509,FALSE,"observed"
"IT",1950,"93",93,0.33334,FALSE,"observed"
"IT",1950,"94",94,0.38862,FALSE,"observed"
"IT",1950,"95",95,0.39912,FALSE,"observed"
"IT",1950,"96",96,0.42438,FALSE,"observed"
"IT",1950,"97",97,0.44991,FALSE,"observed"
"IT",1950,"98",98,0.47556,FALSE,"observed"
"IT",1950,"99",99,0.50122,FALSE,"observed"
"IT",1950,"100",100,0.52675,FALSE,"observed"
"IT",1950,"101",101,0.55203,FALSE,"observed"
"IT",1950,"102",102,0.57695,FALSE,"observed"
"IT",1950,"103",103,0.60141,FALSE,"observed"
"IT",1950,"104",104,0.62531,FALSE,"observed"
"IT",1950,"105",105,0.64857,FALSE,"observed"
"IT",1950,"106",106,0.67112,FALSE,"observed"
"IT",1950,"107",107,0.69288,FALSE,"observed"
"IT",1950,"108",108,0.71382,FALSE,"observed"
"IT",1950,"109",109,0.73389,FALSE,"observed"
"IT",1950,"110+",110,0.75305,FALSE,"observed"
"IT",1951,"0",0,0.06751,FALSE,"observed"
"IT",1951,"1",1,0.01104,FALSE,"observed"
"IT",1951,"2",2,0.00349,FALSE,"observed"
"IT",1951,"3",3,0.00207,FALSE,"observed"
"IT",1951,"4",4,0.00155,FALSE,"observed"
"IT",1951,"5",5,0.00118,FALSE,"observed"
"IT",1951,"6",6,0.00099,FALSE,"observed"
"IT",1951,"7",7,0.00089,FALSE,"observed"
"IT",1951,"8",8,0.00078,FALSE,"observed"
"IT",1951,"9",9,0.00071,FALSE,"observed"
"IT",1951,"10",10,7e-04,FALSE,"observed"
"IT",1951,"11",11,0.00071,FALSE,"observed"
"IT",1951,"12",12,0.00073,FALSE,"observed"
"IT",1951,"13",13,0.00081,FALSE,"observed"
"IT",1951,"14",14,8e-04,FALSE,"observed"
"IT",1951,"15",15,0.00093,FALSE,"observed"
"IT",1951,"16",16,0.00109,FALSE,"observed"
"IT",1951,"17",17,0.00115,FALSE,"observed"
"IT",1951,"18",18,0.00125,FALSE,"observed"
"IT",1951,"19",19,0.00132,FALSE,"observed"
"IT",1951,"20",20,0.00136,FALSE,"observed"
"IT",1951,"21",21,0.00149,FALSE,"observed"
"IT",1951,"22",22,0.00153,FALSE,"observed"
"IT",1951,"23",23,0.00163,FALSE,"observed"
"IT",1951,"24",24,0.0017,FALSE,"observed"
"IT",1951,"25",25,0.00169,FALSE,"observed"
"IT",1951,"26",26,0.00177,FALSE,"observed"
"IT",1951,"27",27,0.00186,FALSE,"observed"
"IT",1951,"28",28,0.0019,FALSE,"observed"
"IT",1951,"29",29,0.0018,FALSE,"observed"
"IT",1951,"30",30,0.00195,FALSE,"observed"
"IT",1951,"31",31,0.00203,FALSE,"observed"
"IT",1951,"32",32,0.00213,FALSE,"observed"
"IT",1951,"33",33,0.00208,FALSE,"observed"
"IT",1951,"34",34,0.00221,FALSE,"observed"
"IT",1951,"35",35,0.00227,FALSE,"observed"
"IT",1951,"36",36,0.00245,FALSE,"observed"
"IT",1951,"37",37,0.00255,FALSE,"observed"
"IT",1951,"38",38,0.00268,FALSE,"observed"
"IT",1951,"39",39,0.0029,FALSE,"observed"
"IT",1951,"40",40,0.003,FALSE,"observed"
"IT",1951,"41",41,0.00338,FALSE,"observed"
"IT",1951,"42",42,0.00365,FALSE,"observed"
"IT",1951,"43",43,0.00398,FALSE,"observed"
"IT",1951,"44",44,0.00424,FALSE,"observed"
"IT",1951,"45",45,0.00462,FALSE,"observed"
"IT",1951,"46",46,0.00501,FALSE,"observed"
"IT",1951,"47",47,0.00559,FALSE,"observed"
"IT",1951,"48",48,0.00615,FALSE,"observed"
"IT",1951,"49",49,0.00647,FALSE,"observed"
"IT",1951,"50",50,0.00702,FALSE,"observed"
"IT",1951,"51",51,0.0075,FALSE,"observed"
"IT",1951,"52",52,0.00823,FALSE,"observed"
"IT",1951,"53",53,0.00879,FALSE,"observed"
"IT",1951,"54",54,0.00949,FALSE,"observed"
"IT",1951,"55",55,0.00984,FALSE,"observed"
"IT",1951,"56",56,0.01119,FALSE,"observed"
"IT",1951,"57",57,0.01226,FALSE,"observed"
"IT",1951,"58",58,0.0134,FALSE,"observed"
"IT",1951,"59",59,0.01449,FALSE,"observed"
"IT",1951,"60",60,0.01533,FALSE,"observed"
"IT",1951,"61",61,0.01679,FALSE,"observed"
"IT",1951,"62",62,0.01864,FALSE,"observed"
"IT",1951,"63",63,0.02005,FALSE,"observed"
"IT",1951,"64",64,0.02258,FALSE,"observed"
"IT",1951,"65",65,0.02482,FALSE,"observed"
"IT",1951,"66",66,0.02698,FALSE,"observed"
"IT",1951,"67",67,0.03103,FALSE,"observed"
"IT",1951,"68",68,0.03343,FALSE,"observed"
"IT",1951,"69",69,0.03949,FALSE,"observed"
"IT",1951,"70",70,0.04128,FALSE,"observed"
"IT",1951,"71",71,0.04761,FALSE,"observed"
"IT",1951,"72",72,0.05433,FALSE,"observed"
"IT",1951,"73",73,0.05938,FALSE,"observed"
"IT",1951,"74",74,0.06707,FALSE,"observed"
"IT",1951,"75",75,0.0774,FALSE,"observed"
"IT",1951,"76",76,0.08145,FALSE,"observed"
"IT",1951,"77",77,0.09124,FALSE,"observed"
"IT",1951,"78",78,0.10551,FALSE,"observed"
"IT",1951,"79",79,0.11431,FALSE,"observed"
"IT",1951,"80",80,0.12451,FALSE,"observed"
"IT",1951,"81",81,0.14424,FALSE,"observed"
"IT",1951,"82",82,0.15232,FALSE,"observed"
"IT",1951,"83",83,0.17268,FALSE,"observed"
"IT",1951,"84",84,0.18823,FALSE,"observed"
"IT",1951,"85",85,0.20918,FALSE,"observed"
"IT",1951,"86",86,0.22895,FALSE,"observed"
"IT",1951,"87",87,0.25036,FALSE,"observed"
"IT",1951,"88",88,0.26642,FALSE,"observed"
"IT",1951,"89",89,0.28735,FALSE,"observed"
"IT",1951,"90",90,0.30585,FALSE,"observed"
"IT",1951,"91",91,0.34047,FALSE,"observed"
"IT",1951,"92",92,0.36454,FALSE,"observed"
"IT",1951,"93",93,0.39049,FALSE,"observed"
"IT",1951,"94",94,0.42051,FALSE,"observed"
"IT",1951,"95",95,0.4444,FALSE,"observed"
"IT",1951,"96",96,0.47157,FALSE,"observed"
"IT",1951,"97",97,0.49877,FALSE,"observed"
"IT",1951,"98",98,0.52585,FALSE,"observed"
"IT",1951,"99",99,0.55265,FALSE,"observed"
"IT",1951,"100",100,0.57904,FALSE,"observed"
"IT",1951,"101",101,0.60489,FALSE,"observed"
"IT",1951,"102",102,0.63009,FALSE,"observed"
"IT",1951,"103",103,0.65453,FALSE,"observed"
"IT",1951,"104",104,0.67813,FALSE,"observed"
"IT",1951,"105",105,0.70082,FALSE,"observed"
"IT",1951,"106",106,0.72255,FALSE,"observed"
"IT",1951,"107",107,0.74327,FALSE,"observed"
"IT",1951,"108",108,0.76296,FALSE,"observed"
"IT",1951,"109",109,0.78159,FALSE,"observed"
"IT",1951,"110+",110,0.79917,FALSE,"observed"
"IT",1952,"0",0,0.06591,FALSE,"observed"
"IT",1952,"1",1,0.01006,FALSE,"observed"
"IT",1952,"2",2,0.00341,FALSE,"observed"
"IT",1952,"3",3,0.00198,FALSE,"observed"
"IT",1952,"4",4,0.00152,FALSE,"observed"
"IT",1952,"5",5,0.00118,FALSE,"observed"
"IT",1952,"6",6,0.00096,FALSE,"observed"
"IT",1952,"7",7,0.00081,FALSE,"observed"
"IT",1952,"8",8,0.00075,FALSE,"observed"
"IT",1952,"9",9,0.00069,FALSE,"observed"
"IT",1952,"10",10,0.00066,FALSE,"observed"
"IT",1952,"11",11,0.00063,FALSE,"observed"
"IT",1952,"12",12,0.00068,FALSE,"observed"
"IT",1952,"13",13,0.00073,FALSE,"observed"
"IT",1952,"14",14,0.00075,FALSE,"observed"
"IT",1952,"15",15,8e-04,FALSE,"observed"
"IT",1952,"16",16,0.00098,FALSE,"observed"
"IT",1952,"17",17,0.00101,FALSE,"observed"
"IT",1952,"18",18,0.00107,FALSE,"observed"
"IT",1952,"19",19,0.00114,FALSE,"observed"
"IT",1952,"20",20,0.00122,FALSE,"observed"
"IT",1952,"21",21,0.00128,FALSE,"observed"
"IT",1952,"22",22,0.00137,FALSE,"observed"
"IT",1952,"23",23,0.00135,FALSE,"observed"
"IT",1952,"24",24,0.00144,FALSE,"observed"
"IT",1952,"25",25,0.00139,FALSE,"observed"
"IT",1952,"26",26,0.00151,FALSE,"observed"
"IT",1952,"27",27,0.0015,FALSE,"observed"
"IT",1952,"28",28,0.0016,FALSE,"observed"
"IT",1952,"29",29,0.00164,FALSE,"observed"
"IT",1952,"30",30,0.00168,FALSE,"observed"
"IT",1952,"31",31,0.00183,FALSE,"observed"
"IT",1952,"32",32,0.00182,FALSE,"observed"
"IT",1952,"33",33,0.00189,FALSE,"observed"
"IT",1952,"34",34,0.0019,FALSE,"observed"
"IT",1952,"35",35,0.0021,FALSE,"observed"
"IT",1952,"36",36,0.00221,FALSE,"observed"
"IT",1952,"37",37,0.00226,FALSE,"observed"
"IT",1952,"38",38,0.0024,FALSE,"observed"
"IT",1952,"39",39,0.00271,FALSE,"observed"
"IT",1952,"40",40,0.00277,FALSE,"observed"
"IT",1952,"41",41,0.00299,FALSE,"observed"
"IT",1952,"42",42,0.00328,FALSE,"observed"
"IT",1952,"43",43,0.00356,FALSE,"observed"
"IT",1952,"44",44,0.00408,FALSE,"observed"
"IT",1952,"45",45,0.00451,FALSE,"observed"
"IT",1952,"46",46,0.00463,FALSE,"observed"
"IT",1952,"47",47,0.00517,FALSE,"observed"
"IT",1952,"48",48,0.00567,FALSE,"observed"
"IT",1952,"49",49,0.00625,FALSE,"observed"
"IT",1952,"50",50,0.00672,FALSE,"observed"
"IT",1952,"51",51,0.0074,FALSE,"observed"
"IT",1952,"52",52,0.00788,FALSE,"observed"
"IT",1952,"53",53,0.00835,FALSE,"observed"
"IT",1952,"54",54,0.00945,FALSE,"observed"
"IT",1952,"55",55,0.01012,FALSE,"observed"
"IT",1952,"56",56,0.0109,FALSE,"observed"
"IT",1952,"57",57,0.012,FALSE,"observed"
"IT",1952,"58",58,0.01315,FALSE,"observed"
"IT",1952,"59",59,0.01438,FALSE,"observed"
"IT",1952,"60",60,0.0156,FALSE,"observed"
"IT",1952,"61",61,0.01668,FALSE,"observed"
"IT",1952,"62",62,0.01853,FALSE,"observed"
"IT",1952,"63",63,0.02001,FALSE,"observed"
"IT",1952,"64",64,0.02205,FALSE,"observed"
"IT",1952,"65",65,0.02516,FALSE,"observed"
"IT",1952,"66",66,0.02736,FALSE,"observed"
"IT",1952,"67",67,0.03014,FALSE,"observed"
"IT",1952,"68",68,0.03359,FALSE,"observed"
"IT",1952,"69",69,0.03616,FALSE,"observed"
"IT",1952,"70",70,0.04303,FALSE,"observed"
"IT",1952,"71",71,0.04478,FALSE,"observed"
"IT",1952,"72",72,0.05226,FALSE,"observed"
"IT",1952,"73",73,0.05988,FALSE,"observed"
"IT",1952,"74",74,0.06489,FALSE,"observed"
"IT",1952,"75",75,0.07398,FALSE,"observed"
"IT",1952,"76",76,0.08399,FALSE,"observed"
"IT",1952,"77",77,0.08884,FALSE,"observed"
"IT",1952,"78",78,0.10123,FALSE,"observed"
"IT",1952,"79",79,0.11796,FALSE,"observed"
"IT",1952,"80",80,0.12517,FALSE,"observed"
"IT",1952,"81",81,0.14037,FALSE,"observed"
"IT",1952,"82",82,0.16001,FALSE,"observed"
"IT",1952,"83",83,0.167,FALSE,"observed"
"IT",1952,"84",84,0.18834,FALSE,"observed"
"IT",1952,"85",85,0.21044,FALSE,"observed"
"IT",1952,"86",86,0.22657,FALSE,"observed"
"IT",1952,"87",87,0.24528,FALSE,"observed"
"IT",1952,"88",88,0.26633,FALSE,"observed"
"IT",1952,"89",89,0.29509,FALSE,"observed"
"IT",1952,"90",90,0.31658,FALSE,"observed"
"IT",1952,"91",91,0.33578,FALSE,"observed"
"IT",1952,"92",92,0.36486,FALSE,"observed"
"IT",1952,"93",93,0.38631,FALSE,"observed"
"IT",1952,"94",94,0.40772,FALSE,"observed"
"IT",1952,"95",95,0.44837,FALSE,"observed"
"IT",1952,"96",96,0.47636,FALSE,"observed"
"IT",1952,"97",97,0.50444,FALSE,"observed"
"IT",1952,"98",98,0.53243,FALSE,"observed"
"IT",1952,"99",99,0.56018,FALSE,"observed"
"IT",1952,"100",100,0.58751,FALSE,"observed"
"IT",1952,"101",101,0.61427,FALSE,"observed"
"IT",1952,"102",102,0.64033,FALSE,"observed"
"IT",1952,"103",103,0.66557,FALSE,"observed"
"IT",1952,"104",104,0.68989,FALSE,"observed"
"IT",1952,"105",105,0.71318,FALSE,"observed"
"IT",1952,"106",106,0.7354,FALSE,"observed"
"IT",1952,"107",107,0.75649,FALSE,"observed"
"IT",1952,"108",108,0.77642,FALSE,"observed"
"IT",1952,"109",109,0.79517,FALSE,"observed"
"IT",1952,"110+",110,0.81274,FALSE,"observed"
"IT",1953,"0",0,0.06051,FALSE,"observed"
"IT",1953,"1",1,0.00803,FALSE,"observed"
"IT",1953,"2",2,0.00304,FALSE,"observed"
"IT",1953,"3",3,0.00178,FALSE,"observed"
"IT",1953,"4",4,0.0014,FALSE,"observed"
"IT",1953,"5",5,0.00108,FALSE,"observed"
"IT",1953,"6",6,0.00095,FALSE,"observed"
"IT",1953,"7",7,0.00086,FALSE,"observed"
"IT",1953,"8",8,0.00069,FALSE,"observed"
"IT",1953,"9",9,0.00068,FALSE,"observed"
"IT",1953,"10",10,0.00065,FALSE,"observed"
"IT",1953,"11",11,0.00058,FALSE,"observed"
"IT",1953,"12",12,0.00062,FALSE,"observed"
"IT",1953,"13",13,0.00065,FALSE,"observed"
"IT",1953,"14",14,0.00075,FALSE,"observed"
"IT",1953,"15",15,0.00079,FALSE,"observed"
"IT",1953,"16",16,0.00086,FALSE,"observed"
"IT",1953,"17",17,0.00094,FALSE,"observed"
"IT",1953,"18",18,0.00099,FALSE,"observed"
"IT",1953,"19",19,0.00109,FALSE,"observed"
"IT",1953,"20",20,0.00119,FALSE,"observed"
"IT",1953,"21",21,0.00115,FALSE,"observed"
"IT",1953,"22",22,0.00128,FALSE,"observed"
"IT",1953,"23",23,0.0013,FALSE,"observed"
"IT",1953,"24",24,0.00127,FALSE,"observed"
"IT",1953,"25",25,0.00137,FALSE,"observed"
"IT",1953,"26",26,0.00136,FALSE,"observed"
"IT",1953,"27",27,0.00143,FALSE,"observed"
"IT",1953,"28",28,0.00154,FALSE,"observed"
"IT",1953,"29",29,0.00157,FALSE,"observed"
"IT",1953,"30",30,0.00151,FALSE,"observed"
"IT",1953,"31",31,0.00168,FALSE,"observed"
"IT",1953,"32",32,0.00169,FALSE,"observed"
"IT",1953,"33",33,0.00185,FALSE,"observed"
"IT",1953,"34",34,0.00196,FALSE,"observed"
"IT",1953,"35",35,0.00188,FALSE,"observed"
"IT",1953,"36",36,0.00201,FALSE,"observed"
"IT",1953,"37",37,0.00219,FALSE,"observed"
"IT",1953,"38",38,0.00238,FALSE,"observed"
"IT",1953,"39",39,0.00247,FALSE,"observed"
"IT",1953,"40",40,0.00267,FALSE,"observed"
"IT",1953,"41",41,0.00296,FALSE,"observed"
"IT",1953,"42",42,0.00323,FALSE,"observed"
"IT",1953,"43",43,0.00353,FALSE,"observed"
"IT",1953,"44",44,0.00374,FALSE,"observed"
"IT",1953,"45",45,0.0043,FALSE,"observed"
"IT",1953,"46",46,0.00447,FALSE,"observed"
"IT",1953,"47",47,0.00503,FALSE,"observed"
"IT",1953,"48",48,0.0056,FALSE,"observed"
"IT",1953,"49",49,0.0059,FALSE,"observed"
"IT",1953,"50",50,0.0069,FALSE,"observed"
"IT",1953,"51",51,0.00727,FALSE,"observed"
"IT",1953,"52",52,0.00757,FALSE,"observed"
"IT",1953,"53",53,0.00857,FALSE,"observed"
"IT",1953,"54",54,0.00922,FALSE,"observed"
"IT",1953,"55",55,0.00985,FALSE,"observed"
"IT",1953,"56",56,0.01088,FALSE,"observed"
"IT",1953,"57",57,0.0116,FALSE,"observed"
"IT",1953,"58",58,0.01301,FALSE,"observed"
"IT",1953,"59",59,0.01386,FALSE,"observed"
"IT",1953,"60",60,0.01557,FALSE,"observed"
"IT",1953,"61",61,0.01683,FALSE,"observed"
"IT",1953,"62",62,0.01841,FALSE,"observed"
"IT",1953,"63",63,0.02061,FALSE,"observed"
"IT",1953,"64",64,0.02225,FALSE,"observed"
"IT",1953,"65",65,0.02482,FALSE,"observed"
"IT",1953,"66",66,0.0273,FALSE,"observed"
"IT",1953,"67",67,0.03021,FALSE,"observed"
"IT",1953,"68",68,0.03397,FALSE,"observed"
"IT",1953,"69",69,0.03771,FALSE,"observed"
"IT",1953,"70",70,0.04205,FALSE,"observed"
"IT",1953,"71",71,0.04852,FALSE,"observed"
"IT",1953,"72",72,0.05028,FALSE,"observed"
"IT",1953,"73",73,0.06084,FALSE,"observed"
"IT",1953,"74",74,0.0671,FALSE,"observed"
"IT",1953,"75",75,0.0744,FALSE,"observed"
"IT",1953,"76",76,0.08473,FALSE,"observed"
"IT",1953,"77",77,0.09483,FALSE,"observed"
"IT",1953,"78",78,0.09756,FALSE,"observed"
"IT",1953,"79",79,0.11292,FALSE,"observed"
"IT",1953,"80",80,0.12559,FALSE,"observed"
"IT",1953,"81",81,0.13942,FALSE,"observed"
"IT",1953,"82",82,0.1534,FALSE,"observed"
"IT",1953,"83",83,0.17619,FALSE,"observed"
"IT",1953,"84",84,0.18633,FALSE,"observed"
"IT",1953,"85",85,0.2088,FALSE,"observed"
"IT",1953,"86",86,0.22453,FALSE,"observed"
"IT",1953,"87",87,0.24525,FALSE,"observed"
"IT",1953,"88",88,0.26207,FALSE,"observed"
"IT",1953,"89",89,0.28737,FALSE,"observed"
"IT",1953,"90",90,0.30959,FALSE,"observed"
"IT",1953,"91",91,0.32962,FALSE,"observed"
"IT",1953,"92",92,0.34781,FALSE,"observed"
"IT",1953,"93",93,0.35894,FALSE,"observed"
"IT",1953,"94",94,0.40861,FALSE,"observed"
"IT",1953,"95",95,0.4397,FALSE,"observed"
"IT",1953,"96",96,0.46701,FALSE,"observed"
"IT",1953,"97",97,0.49446,FALSE,"observed"
"IT",1953,"98",98,0.52189,FALSE,"observed"
"IT",1953,"99",99,0.54914,FALSE,"observed"
"IT",1953,"100",100,0.57606,FALSE,"observed"
"IT",1953,"101",101,0.6025,FALSE,"observed"
"IT",1953,"102",102,0.62833,FALSE,"observed"
"IT",1953,"103",103,0.65343,FALSE,"observed"
"IT",1953,"104",104,0.67769,FALSE,"observed"
"IT",1953,"105",105,0.70102,FALSE,"observed"
"IT",1953,"106",106,0.72334,FALSE,"observed"
"IT",1953,"107",107,0.74462,FALSE,"observed"
"IT",1953,"108",108,0.76479,FALSE,"observed"
"IT",1953,"109",109,0.78385,FALSE,"observed"
"IT",1953,"110+",110,0.80178,FALSE,"observed"
"IT",1954,"0",0,0.05637,FALSE,"observed"
"IT",1954,"1",1,0.00647,FALSE,"observed"
"IT",1954,"2",2,0.00249,FALSE,"observed"
"IT",1954,"3",3,0.00165,FALSE,"observed"
"IT",1954,"4",4,0.00122,FALSE,"observed"
"IT",1954,"5",5,0.00092,FALSE,"observed"
"IT",1954,"6",6,0.00081,FALSE,"observed"
"IT",1954,"7",7,0.00072,FALSE,"observed"
"IT",1954,"8",8,0.00064,FALSE,"observed"
"IT",1954,"9",9,0.00059,FALSE,"observed"
"IT",1954,"10",10,6e-04,FALSE,"observed"
"IT",1954,"11",11,0.00058,FALSE,"observed"
"IT",1954,"12",12,0.00058,FALSE,"observed"
"IT",1954,"13",13,0.00063,FALSE,"observed"
"IT",1954,"14",14,0.00072,FALSE,"observed"
"IT",1954,"15",15,0.00081,FALSE,"observed"
"IT",1954,"16",16,0.00085,FALSE,"observed"
"IT",1954,"17",17,9e-04,FALSE,"observed"
"IT",1954,"18",18,0.00093,FALSE,"observed"
"IT",1954,"19",19,0.00107,FALSE,"observed"
"IT",1954,"20",20,0.00117,FALSE,"observed"
"IT",1954,"21",21,0.00115,FALSE,"observed"
"IT",1954,"22",22,0.00121,FALSE,"observed"
"IT",1954,"23",23,0.00116,FALSE,"observed"
"IT",1954,"24",24,0.00135,FALSE,"observed"
"IT",1954,"25",25,0.0013,FALSE,"observed"
"IT",1954,"26",26,0.00143,FALSE,"observed"
"IT",1954,"27",27,0.00139,FALSE,"observed"
"IT",1954,"28",28,0.00148,FALSE,"observed"
"IT",1954,"29",29,0.00152,FALSE,"observed"
"IT",1954,"30",30,0.00161,FALSE,"observed"
"IT",1954,"31",31,0.00154,FALSE,"observed"
"IT",1954,"32",32,0.00155,FALSE,"observed"
"IT",1954,"33",33,0.00173,FALSE,"observed"
"IT",1954,"34",34,0.00186,FALSE,"observed"
"IT",1954,"35",35,0.00183,FALSE,"observed"
"IT",1954,"36",36,0.00199,FALSE,"observed"
"IT",1954,"37",37,0.00204,FALSE,"observed"
"IT",1954,"38",38,0.0023,FALSE,"observed"
"IT",1954,"39",39,0.00239,FALSE,"observed"
"IT",1954,"40",40,0.00266,FALSE,"observed"
"IT",1954,"41",41,0.00267,FALSE,"observed"
"IT",1954,"42",42,0.00316,FALSE,"observed"
"IT",1954,"43",43,0.00322,FALSE,"observed"
"IT",1954,"44",44,0.0035,FALSE,"observed"
"IT",1954,"45",45,0.00397,FALSE,"observed"
"IT",1954,"46",46,0.00431,FALSE,"observed"
"IT",1954,"47",47,0.00467,FALSE,"observed"
"IT",1954,"48",48,0.00497,FALSE,"observed"
"IT",1954,"49",49,0.00559,FALSE,"observed"
"IT",1954,"50",50,0.0062,FALSE,"observed"
"IT",1954,"51",51,0.00683,FALSE,"observed"
"IT",1954,"52",52,0.00744,FALSE,"observed"
"IT",1954,"53",53,0.008,FALSE,"observed"
"IT",1954,"54",54,0.00858,FALSE,"observed"
"IT",1954,"55",55,0.00979,FALSE,"observed"
"IT",1954,"56",56,0.01051,FALSE,"observed"
"IT",1954,"57",57,0.01093,FALSE,"observed"
"IT",1954,"58",58,0.01192,FALSE,"observed"
"IT",1954,"59",59,0.01278,FALSE,"observed"
"IT",1954,"60",60,0.01441,FALSE,"observed"
"IT",1954,"61",61,0.01577,FALSE,"observed"
"IT",1954,"62",62,0.01751,FALSE,"observed"
"IT",1954,"63",63,0.01892,FALSE,"observed"
"IT",1954,"64",64,0.02078,FALSE,"observed"
"IT",1954,"65",65,0.02273,FALSE,"observed"
"IT",1954,"66",66,0.02485,FALSE,"observed"
"IT",1954,"67",67,0.02796,FALSE,"observed"
"IT",1954,"68",68,0.03021,FALSE,"observed"
"IT",1954,"69",69,0.03424,FALSE,"observed"
"IT",1954,"70",70,0.03856,FALSE,"observed"
"IT",1954,"71",71,0.04162,FALSE,"observed"
"IT",1954,"72",72,0.04841,FALSE,"observed"
"IT",1954,"73",73,0.05048,FALSE,"observed"
"IT",1954,"74",74,0.0597,FALSE,"observed"
"IT",1954,"75",75,0.06659,FALSE,"observed"
"IT",1954,"76",76,0.07426,FALSE,"observed"
"IT",1954,"77",77,0.08113,FALSE,"observed"
"IT",1954,"78",78,0.09298,FALSE,"observed"
"IT",1954,"79",79,0.09529,FALSE,"observed"
"IT",1954,"80",80,0.11349,FALSE,"observed"
"IT",1954,"81",81,0.12593,FALSE,"observed"
"IT",1954,"82",82,0.13644,FALSE,"observed"
"IT",1954,"83",83,0.1523,FALSE,"observed"
"IT",1954,"84",84,0.17183,FALSE,"observed"
"IT",1954,"85",85,0.18413,FALSE,"observed"
"IT",1954,"86",86,0.20002,FALSE,"observed"
"IT",1954,"87",87,0.21731,FALSE,"observed"
"IT",1954,"88",88,0.24008,FALSE,"observed"
"IT",1954,"89",89,0.25454,FALSE,"observed"
"IT",1954,"90",90,0.28248,FALSE,"observed"
"IT",1954,"91",91,0.29063,FALSE,"observed"
"IT",1954,"92",92,0.3182,FALSE,"observed"
"IT",1954,"93",93,0.34955,FALSE,"observed"
"IT",1954,"94",94,0.3486,FALSE,"observed"
"IT",1954,"95",95,0.39824,FALSE,"observed"
"IT",1954,"96",96,0.42409,FALSE,"observed"
"IT",1954,"97",97,0.4503,FALSE,"observed"
"IT",1954,"98",98,0.47672,FALSE,"observed"
"IT",1954,"99",99,0.50322,FALSE,"observed"
"IT",1954,"100",100,0.52965,FALSE,"observed"
"IT",1954,"101",101,0.55587,FALSE,"observed"
"IT",1954,"102",102,0.58174,FALSE,"observed"
"IT",1954,"103",103,0.60715,FALSE,"observed"
"IT",1954,"104",104,0.63197,FALSE,"observed"
"IT",1954,"105",105,0.6561,FALSE,"observed"
"IT",1954,"106",106,0.67946,FALSE,"observed"
"IT",1954,"107",107,0.70195,FALSE,"observed"
"IT",1954,"108",108,0.72352,FALSE,"observed"
"IT",1954,"109",109,0.74411,FALSE,"observed"
"IT",1954,"110+",110,0.76369,FALSE,"observed"
"IT",1955,"0",0,0.05261,FALSE,"observed"
"IT",1955,"1",1,0.00559,FALSE,"observed"
"IT",1955,"2",2,0.00237,FALSE,"observed"
"IT",1955,"3",3,0.00153,FALSE,"observed"
"IT",1955,"4",4,0.00121,FALSE,"observed"
"IT",1955,"5",5,0.00097,FALSE,"observed"
"IT",1955,"6",6,0.00083,FALSE,"observed"
"IT",1955,"7",7,0.00073,FALSE,"observed"
"IT",1955,"8",8,0.00062,FALSE,"observed"
"IT",1955,"9",9,0.00055,FALSE,"observed"
"IT",1955,"10",10,0.00054,FALSE,"observed"
"IT",1955,"11",11,0.00055,FALSE,"observed"
"IT",1955,"12",12,6e-04,FALSE,"observed"
"IT",1955,"13",13,0.00064,FALSE,"observed"
"IT",1955,"14",14,0.00071,FALSE,"observed"
"IT",1955,"15",15,0.00073,FALSE,"observed"
"IT",1955,"16",16,0.00085,FALSE,"observed"
"IT",1955,"17",17,0.00092,FALSE,"observed"
"IT",1955,"18",18,0.00101,FALSE,"observed"
"IT",1955,"19",19,0.00113,FALSE,"observed"
"IT",1955,"20",20,0.00111,FALSE,"observed"
"IT",1955,"21",21,0.00118,FALSE,"observed"
"IT",1955,"22",22,0.00116,FALSE,"observed"
"IT",1955,"23",23,0.00122,FALSE,"observed"
"IT",1955,"24",24,0.00131,FALSE,"observed"
"IT",1955,"25",25,0.00129,FALSE,"observed"
"IT",1955,"26",26,0.00136,FALSE,"observed"
"IT",1955,"27",27,0.00137,FALSE,"observed"
"IT",1955,"28",28,0.00139,FALSE,"observed"
"IT",1955,"29",29,0.00151,FALSE,"observed"
"IT",1955,"30",30,0.00168,FALSE,"observed"
"IT",1955,"31",31,0.0016,FALSE,"observed"
"IT",1955,"32",32,0.00164,FALSE,"observed"
"IT",1955,"33",33,0.00168,FALSE,"observed"
"IT",1955,"34",34,0.00192,FALSE,"observed"
"IT",1955,"35",35,0.00198,FALSE,"observed"
"IT",1955,"36",36,0.00196,FALSE,"observed"
"IT",1955,"37",37,0.00208,FALSE,"observed"
"IT",1955,"38",38,0.00211,FALSE,"observed"
"IT",1955,"39",39,0.00228,FALSE,"observed"
"IT",1955,"40",40,0.00267,FALSE,"observed"
"IT",1955,"41",41,0.00264,FALSE,"observed"
"IT",1955,"42",42,0.0029,FALSE,"observed"
"IT",1955,"43",43,0.00328,FALSE,"observed"
"IT",1955,"44",44,0.00343,FALSE,"observed"
"IT",1955,"45",45,0.00369,FALSE,"observed"
"IT",1955,"46",46,0.00423,FALSE,"observed"
"IT",1955,"47",47,0.00464,FALSE,"observed"
"IT",1955,"48",48,0.00504,FALSE,"observed"
"IT",1955,"49",49,0.00563,FALSE,"observed"
"IT",1955,"50",50,0.00608,FALSE,"observed"
"IT",1955,"51",51,0.00684,FALSE,"observed"
"IT",1955,"52",52,0.00749,FALSE,"observed"
"IT",1955,"53",53,0.00786,FALSE,"observed"
"IT",1955,"54",54,0.00858,FALSE,"observed"
"IT",1955,"55",55,0.00916,FALSE,"observed"
"IT",1955,"56",56,0.01015,FALSE,"observed"
"IT",1955,"57",57,0.01129,FALSE,"observed"
"IT",1955,"58",58,0.01196,FALSE,"observed"
"IT",1955,"59",59,0.01266,FALSE,"observed"
"IT",1955,"60",60,0.01471,FALSE,"observed"
"IT",1955,"61",61,0.01574,FALSE,"observed"
"IT",1955,"62",62,0.01748,FALSE,"observed"
"IT",1955,"63",63,0.019,FALSE,"observed"
"IT",1955,"64",64,0.02035,FALSE,"observed"
"IT",1955,"65",65,0.02273,FALSE,"observed"
"IT",1955,"66",66,0.02505,FALSE,"observed"
"IT",1955,"67",67,0.02763,FALSE,"observed"
"IT",1955,"68",68,0.03034,FALSE,"observed"
"IT",1955,"69",69,0.03294,FALSE,"observed"
"IT",1955,"70",70,0.03803,FALSE,"observed"
"IT",1955,"71",71,0.04244,FALSE,"observed"
"IT",1955,"72",72,0.04556,FALSE,"observed"
"IT",1955,"73",73,0.05341,FALSE,"observed"
"IT",1955,"74",74,0.0569,FALSE,"observed"
"IT",1955,"75",75,0.0653,FALSE,"observed"
"IT",1955,"76",76,0.07446,FALSE,"observed"
"IT",1955,"77",77,0.08105,FALSE,"observed"
"IT",1955,"78",78,0.09305,FALSE,"observed"
"IT",1955,"79",79,0.1043,FALSE,"observed"
"IT",1955,"80",80,0.1111,FALSE,"observed"
"IT",1955,"81",81,0.12333,FALSE,"observed"
"IT",1955,"82",82,0.13694,FALSE,"observed"
"IT",1955,"83",83,0.1492,FALSE,"observed"
"IT",1955,"84",84,0.16261,FALSE,"observed"
"IT",1955,"85",85,0.18311,FALSE,"observed"
"IT",1955,"86",86,0.19861,FALSE,"observed"
"IT",1955,"87",87,0.20946,FALSE,"observed"
"IT",1955,"88",88,0.23203,FALSE,"observed"
"IT",1955,"89",89,0.25707,FALSE,"observed"
"IT",1955,"90",90,0.2812,FALSE,"observed"
"IT",1955,"91",91,0.28907,FALSE,"observed"
"IT",1955,"92",92,0.31957,FALSE,"observed"
"IT",1955,"93",93,0.33241,FALSE,"observed"
"IT",1955,"94",94,0.36751,FALSE,"observed"
"IT",1955,"95",95,0.3942,FALSE,"observed"
"IT",1955,"96",96,0.42032,FALSE,"observed"
"IT",1955,"97",97,0.44687,FALSE,"observed"
"IT",1955,"98",98,0.47371,FALSE,"observed"
"IT",1955,"99",99,0.50067,FALSE,"observed"
"IT",1955,"100",100,0.52762,FALSE,"observed"
"IT",1955,"101",101,0.5544,FALSE,"observed"
"IT",1955,"102",102,0.58086,FALSE,"observed"
"IT",1955,"103",103,0.60685,FALSE,"observed"
"IT",1955,"104",104,0.63226,FALSE,"observed"
"IT",1955,"105",105,0.65696,FALSE,"observed"
"IT",1955,"106",106,0.68085,FALSE,"observed"
"IT",1955,"107",107,0.70383,FALSE,"observed"
"IT",1955,"108",108,0.72584,FALSE,"observed"
"IT",1955,"109",109,0.74682,FALSE,"observed"
"IT",1955,"110+",110,0.76672,FALSE,"observed"
"IT",1956,"0",0,0.05054,FALSE,"observed"
"IT",1956,"1",1,0.0052,FALSE,"observed"
"IT",1956,"2",2,0.00222,FALSE,"observed"
"IT",1956,"3",3,0.00142,FALSE,"observed"
"IT",1956,"4",4,0.00109,FALSE,"observed"
"IT",1956,"5",5,0.00087,FALSE,"observed"
"IT",1956,"6",6,8e-04,FALSE,"observed"
"IT",1956,"7",7,0.00074,FALSE,"observed"
"IT",1956,"8",8,0.00062,FALSE,"observed"
"IT",1956,"9",9,0.00059,FALSE,"observed"
"IT",1956,"10",10,0.00056,FALSE,"observed"
"IT",1956,"11",11,0.00052,FALSE,"observed"
"IT",1956,"12",12,0.00058,FALSE,"observed"
"IT",1956,"13",13,0.00058,FALSE,"observed"
"IT",1956,"14",14,0.00068,FALSE,"observed"
"IT",1956,"15",15,0.00077,FALSE,"observed"
"IT",1956,"16",16,0.00079,FALSE,"observed"
"IT",1956,"17",17,0.00088,FALSE,"observed"
"IT",1956,"18",18,0.00098,FALSE,"observed"
"IT",1956,"19",19,0.00097,FALSE,"observed"
"IT",1956,"20",20,0.0011,FALSE,"observed"
"IT",1956,"21",21,0.00109,FALSE,"observed"
"IT",1956,"22",22,0.00108,FALSE,"observed"
"IT",1956,"23",23,0.00114,FALSE,"observed"
"IT",1956,"24",24,0.00121,FALSE,"observed"
"IT",1956,"25",25,0.00126,FALSE,"observed"
"IT",1956,"26",26,0.00124,FALSE,"observed"
"IT",1956,"27",27,0.00131,FALSE,"observed"
"IT",1956,"28",28,0.00142,FALSE,"observed"
"IT",1956,"29",29,0.00128,FALSE,"observed"
"IT",1956,"30",30,0.00146,FALSE,"observed"
"IT",1956,"31",31,0.00149,FALSE,"observed"
"IT",1956,"32",32,0.00167,FALSE,"observed"
"IT",1956,"33",33,0.00168,FALSE,"observed"
"IT",1956,"34",34,0.00173,FALSE,"observed"
"IT",1956,"35",35,0.00193,FALSE,"observed"
"IT",1956,"36",36,0.00198,FALSE,"observed"
"IT",1956,"37",37,0.00202,FALSE,"observed"
"IT",1956,"38",38,0.00212,FALSE,"observed"
"IT",1956,"39",39,0.0023,FALSE,"observed"
"IT",1956,"40",40,0.00255,FALSE,"observed"
"IT",1956,"41",41,0.00277,FALSE,"observed"
"IT",1956,"42",42,0.00302,FALSE,"observed"
"IT",1956,"43",43,0.00323,FALSE,"observed"
"IT",1956,"44",44,0.00352,FALSE,"observed"
"IT",1956,"45",45,0.00396,FALSE,"observed"
"IT",1956,"46",46,0.00441,FALSE,"observed"
"IT",1956,"47",47,0.0048,FALSE,"observed"
"IT",1956,"48",48,0.00539,FALSE,"observed"
"IT",1956,"49",49,0.00587,FALSE,"observed"
"IT",1956,"50",50,0.00642,FALSE,"observed"
"IT",1956,"51",51,0.00711,FALSE,"observed"
"IT",1956,"52",52,0.00778,FALSE,"observed"
"IT",1956,"53",53,0.0085,FALSE,"observed"
"IT",1956,"54",54,0.00954,FALSE,"observed"
"IT",1956,"55",55,0.0103,FALSE,"observed"
"IT",1956,"56",56,0.01102,FALSE,"observed"
"IT",1956,"57",57,0.01188,FALSE,"observed"
"IT",1956,"58",58,0.01333,FALSE,"observed"
"IT",1956,"59",59,0.01456,FALSE,"observed"
"IT",1956,"60",60,0.01549,FALSE,"observed"
"IT",1956,"61",61,0.017,FALSE,"observed"
"IT",1956,"62",62,0.01909,FALSE,"observed"
"IT",1956,"63",63,0.02134,FALSE,"observed"
"IT",1956,"64",64,0.02264,FALSE,"observed"
"IT",1956,"65",65,0.02482,FALSE,"observed"
"IT",1956,"66",66,0.02736,FALSE,"observed"
"IT",1956,"67",67,0.03023,FALSE,"observed"
"IT",1956,"68",68,0.0342,FALSE,"observed"
"IT",1956,"69",69,0.03793,FALSE,"observed"
"IT",1956,"70",70,0.04201,FALSE,"observed"
"IT",1956,"71",71,0.04711,FALSE,"observed"
"IT",1956,"72",72,0.05243,FALSE,"observed"
"IT",1956,"73",73,0.05921,FALSE,"observed"
"IT",1956,"74",74,0.06781,FALSE,"observed"
"IT",1956,"75",75,0.07079,FALSE,"observed"
"IT",1956,"76",76,0.08383,FALSE,"observed"
"IT",1956,"77",77,0.09468,FALSE,"observed"
"IT",1956,"78",78,0.10433,FALSE,"observed"
"IT",1956,"79",79,0.11911,FALSE,"observed"
"IT",1956,"80",80,0.13266,FALSE,"observed"
"IT",1956,"81",81,0.14004,FALSE,"observed"
"IT",1956,"82",82,0.15874,FALSE,"observed"
"IT",1956,"83",83,0.17809,FALSE,"observed"
"IT",1956,"84",84,0.19419,FALSE,"observed"
"IT",1956,"85",85,0.21351,FALSE,"observed"
"IT",1956,"86",86,0.24114,FALSE,"observed"
"IT",1956,"87",87,0.25139,FALSE,"observed"
"IT",1956,"88",88,0.27677,FALSE,"observed"
"IT",1956,"89",89,0.30863,FALSE,"observed"
"IT",1956,"90",90,0.32666,FALSE,"observed"
"IT",1956,"91",91,0.35686,FALSE,"observed"
"IT",1956,"92",92,0.38384,FALSE,"observed"
"IT",1956,"93",93,0.38683,FALSE,"observed"
"IT",1956,"94",94,0.41254,FALSE,"observed"
"IT",1956,"95",95,0.46584,FALSE,"observed"
"IT",1956,"96",96,0.49456,FALSE,"observed"
"IT",1956,"97",97,0.52323,FALSE,"observed"
"IT",1956,"98",98,0.55168,FALSE,"observed"
"IT",1956,"99",99,0.57974,FALSE,"observed"
"IT",1956,"100",100,0.60723,FALSE,"observed"
"IT",1956,"101",101,0.634,FALSE,"observed"
"IT",1956,"102",102,0.65993,FALSE,"observed"
"IT",1956,"103",103,0.6849,FALSE,"observed"
"IT",1956,"104",104,0.70882,FALSE,"observed"
"IT",1956,"105",105,0.73161,FALSE,"observed"
"IT",1956,"106",106,0.75323,FALSE,"observed"
"IT",1956,"107",107,0.77364,FALSE,"observed"
"IT",1956,"108",108,0.79282,FALSE,"observed"
"IT",1956,"109",109,0.81078,FALSE,"observed"
"IT",1956,"110+",110,0.82753,FALSE,"observed"
"IT",1957,"0",0,0.05244,FALSE,"observed"
"IT",1957,"1",1,0.00553,FALSE,"observed"
"IT",1957,"2",2,0.00224,FALSE,"observed"
"IT",1957,"3",3,0.00159,FALSE,"observed"
"IT",1957,"4",4,0.00118,FALSE,"observed"
"IT",1957,"5",5,9e-04,FALSE,"observed"
"IT",1957,"6",6,0.00077,FALSE,"observed"
"IT",1957,"7",7,0.00075,FALSE,"observed"
"IT",1957,"8",8,0.00065,FALSE,"observed"
"IT",1957,"9",9,0.00063,FALSE,"observed"
"IT",1957,"10",10,0.00063,FALSE,"observed"
"IT",1957,"11",11,0.00062,FALSE,"observed"
"IT",1957,"12",12,0.00059,FALSE,"observed"
"IT",1957,"13",13,0.00063,FALSE,"observed"
"IT",1957,"14",14,0.00071,FALSE,"observed"
"IT",1957,"15",15,0.00079,FALSE,"observed"
"IT",1957,"16",16,0.00081,FALSE,"observed"
"IT",1957,"17",17,0.00095,FALSE,"observed"
"IT",1957,"18",18,0.00103,FALSE,"observed"
"IT",1957,"19",19,0.00105,FALSE,"observed"
"IT",1957,"20",20,0.00117,FALSE,"observed"
"IT",1957,"21",21,0.00111,FALSE,"observed"
"IT",1957,"22",22,0.00113,FALSE,"observed"
"IT",1957,"23",23,0.0012,FALSE,"observed"
"IT",1957,"24",24,0.0012,FALSE,"observed"
"IT",1957,"25",25,0.00128,FALSE,"observed"
"IT",1957,"26",26,0.00133,FALSE,"observed"
"IT",1957,"27",27,0.00138,FALSE,"observed"
"IT",1957,"28",28,0.0013,FALSE,"observed"
"IT",1957,"29",29,0.00136,FALSE,"observed"
"IT",1957,"30",30,0.00149,FALSE,"observed"
"IT",1957,"31",31,0.00147,FALSE,"observed"
"IT",1957,"32",32,0.00165,FALSE,"observed"
"IT",1957,"33",33,0.00162,FALSE,"observed"
"IT",1957,"34",34,0.00183,FALSE,"observed"
"IT",1957,"35",35,0.00188,FALSE,"observed"
"IT",1957,"36",36,0.00209,FALSE,"observed"
"IT",1957,"37",37,0.00229,FALSE,"observed"
"IT",1957,"38",38,0.0023,FALSE,"observed"
"IT",1957,"39",39,0.00234,FALSE,"observed"
"IT",1957,"40",40,0.00272,FALSE,"observed"
"IT",1957,"41",41,0.00286,FALSE,"observed"
"IT",1957,"42",42,0.00292,FALSE,"observed"
"IT",1957,"43",43,0.00315,FALSE,"observed"
"IT",1957,"44",44,0.00341,FALSE,"observed"
"IT",1957,"45",45,0.00382,FALSE,"observed"
"IT",1957,"46",46,0.00425,FALSE,"observed"
"IT",1957,"47",47,0.00459,FALSE,"observed"
"IT",1957,"48",48,0.00515,FALSE,"observed"
"IT",1957,"49",49,0.00587,FALSE,"observed"
"IT",1957,"50",50,0.0065,FALSE,"observed"
"IT",1957,"51",51,0.00702,FALSE,"observed"
"IT",1957,"52",52,0.00775,FALSE,"observed"
"IT",1957,"53",53,0.00834,FALSE,"observed"
"IT",1957,"54",54,0.00928,FALSE,"observed"
"IT",1957,"55",55,0.01005,FALSE,"observed"
"IT",1957,"56",56,0.01094,FALSE,"observed"
"IT",1957,"57",57,0.01195,FALSE,"observed"
"IT",1957,"58",58,0.01315,FALSE,"observed"
"IT",1957,"59",59,0.01446,FALSE,"observed"
"IT",1957,"60",60,0.01554,FALSE,"observed"
"IT",1957,"61",61,0.01694,FALSE,"observed"
"IT",1957,"62",62,0.01849,FALSE,"observed"
"IT",1957,"63",63,0.0207,FALSE,"observed"
"IT",1957,"64",64,0.02259,FALSE,"observed"
"IT",1957,"65",65,0.0251,FALSE,"observed"
"IT",1957,"66",66,0.02728,FALSE,"observed"
"IT",1957,"67",67,0.0299,FALSE,"observed"
"IT",1957,"68",68,0.03329,FALSE,"observed"
"IT",1957,"69",69,0.03693,FALSE,"observed"
"IT",1957,"70",70,0.04116,FALSE,"observed"
"IT",1957,"71",71,0.04452,FALSE,"observed"
"IT",1957,"72",72,0.05046,FALSE,"observed"
"IT",1957,"73",73,0.05556,FALSE,"observed"
"IT",1957,"74",74,0.06033,FALSE,"observed"
"IT",1957,"75",75,0.07029,FALSE,"observed"
"IT",1957,"76",76,0.07406,FALSE,"observed"
"IT",1957,"77",77,0.08535,FALSE,"observed"
"IT",1957,"78",78,0.09695,FALSE,"observed"
"IT",1957,"79",79,0.1055,FALSE,"observed"
"IT",1957,"80",80,0.1152,FALSE,"observed"
"IT",1957,"81",81,0.12982,FALSE,"observed"
"IT",1957,"82",82,0.13655,FALSE,"observed"
"IT",1957,"83",83,0.15625,FALSE,"observed"
"IT",1957,"84",84,0.17356,FALSE,"observed"
"IT",1957,"85",85,0.19156,FALSE,"observed"
"IT",1957,"86",86,0.20929,FALSE,"observed"
"IT",1957,"87",87,0.23248,FALSE,"observed"
"IT",1957,"88",88,0.23868,FALSE,"observed"
"IT",1957,"89",89,0.27039,FALSE,"observed"
"IT",1957,"90",90,0.28214,FALSE,"observed"
"IT",1957,"91",91,0.32055,FALSE,"observed"
"IT",1957,"92",92,0.33526,FALSE,"observed"
"IT",1957,"93",93,0.36512,FALSE,"observed"
"IT",1957,"94",94,0.39231,FALSE,"observed"
"IT",1957,"95",95,0.41946,FALSE,"observed"
"IT",1957,"96",96,0.44704,FALSE,"observed"
"IT",1957,"97",97,0.47491,FALSE,"observed"
"IT",1957,"98",98,0.50289,FALSE,"observed"
"IT",1957,"99",99,0.53082,FALSE,"observed"
"IT",1957,"100",100,0.55852,FALSE,"observed"
"IT",1957,"101",101,0.58584,FALSE,"observed"
"IT",1957,"102",102,0.61261,FALSE,"observed"
"IT",1957,"103",103,0.63869,FALSE,"observed"
"IT",1957,"104",104,0.66397,FALSE,"observed"
"IT",1957,"105",105,0.68834,FALSE,"observed"
"IT",1957,"106",106,0.71169,FALSE,"observed"
"IT",1957,"107",107,0.73398,FALSE,"observed"
"IT",1957,"108",108,0.75513,FALSE,"observed"
"IT",1957,"109",109,0.77512,FALSE,"observed"
"IT",1957,"110+",110,0.79394,FALSE,"observed"
"IT",1958,"0",0,0.04978,FALSE,"observed"
"IT",1958,"1",1,0.00538,FALSE,"observed"
"IT",1958,"2",2,0.00217,FALSE,"observed"
"IT",1958,"3",3,0.00139,FALSE,"observed"
"IT",1958,"4",4,0.00105,FALSE,"observed"
"IT",1958,"5",5,9e-04,FALSE,"observed"
"IT",1958,"6",6,0.00079,FALSE,"observed"
"IT",1958,"7",7,0.00069,FALSE,"observed"
"IT",1958,"8",8,0.00062,FALSE,"observed"
"IT",1958,"9",9,0.00051,FALSE,"observed"
"IT",1958,"10",10,0.00049,FALSE,"observed"
"IT",1958,"11",11,0.00047,FALSE,"observed"
"IT",1958,"12",12,0.00054,FALSE,"observed"
"IT",1958,"13",13,0.00053,FALSE,"observed"
"IT",1958,"14",14,0.00063,FALSE,"observed"
"IT",1958,"15",15,0.00067,FALSE,"observed"
"IT",1958,"16",16,8e-04,FALSE,"observed"
"IT",1958,"17",17,0.00088,FALSE,"observed"
"IT",1958,"18",18,0.00092,FALSE,"observed"
"IT",1958,"19",19,0.00098,FALSE,"observed"
"IT",1958,"20",20,0.00104,FALSE,"observed"
"IT",1958,"21",21,0.00105,FALSE,"observed"
"IT",1958,"22",22,0.00101,FALSE,"observed"
"IT",1958,"23",23,0.00112,FALSE,"observed"
"IT",1958,"24",24,0.00112,FALSE,"observed"
"IT",1958,"25",25,0.00117,FALSE,"observed"
"IT",1958,"26",26,0.00114,FALSE,"observed"
"IT",1958,"27",27,0.00125,FALSE,"observed"
"IT",1958,"28",28,0.00132,FALSE,"observed"
"IT",1958,"29",29,0.00128,FALSE,"observed"
"IT",1958,"30",30,0.00135,FALSE,"observed"
"IT",1958,"31",31,0.00149,FALSE,"observed"
"IT",1958,"32",32,0.00145,FALSE,"observed"
"IT",1958,"33",33,0.00146,FALSE,"observed"
"IT",1958,"34",34,0.00167,FALSE,"observed"
"IT",1958,"35",35,0.00172,FALSE,"observed"
"IT",1958,"36",36,0.00185,FALSE,"observed"
"IT",1958,"37",37,0.00192,FALSE,"observed"
"IT",1958,"38",38,0.00209,FALSE,"observed"
"IT",1958,"39",39,0.00216,FALSE,"observed"
"IT",1958,"40",40,0.00236,FALSE,"observed"
"IT",1958,"41",41,0.00251,FALSE,"observed"
"IT",1958,"42",42,0.00284,FALSE,"observed"
"IT",1958,"43",43,0.00304,FALSE,"observed"
"IT",1958,"44",44,0.00335,FALSE,"observed"
"IT",1958,"45",45,0.00351,FALSE,"observed"
"IT",1958,"46",46,0.00399,FALSE,"observed"
"IT",1958,"47",47,0.00429,FALSE,"observed"
"IT",1958,"48",48,0.00482,FALSE,"observed"
"IT",1958,"49",49,0.0052,FALSE,"observed"
"IT",1958,"50",50,0.00597,FALSE,"observed"
"IT",1958,"51",51,0.00648,FALSE,"observed"
"IT",1958,"52",52,0.00705,FALSE,"observed"
"IT",1958,"53",53,0.00791,FALSE,"observed"
"IT",1958,"54",54,0.00854,FALSE,"observed"
"IT",1958,"55",55,0.00938,FALSE,"observed"
"IT",1958,"56",56,0.01018,FALSE,"observed"
"IT",1958,"57",57,0.01114,FALSE,"observed"
"IT",1958,"58",58,0.01203,FALSE,"observed"
"IT",1958,"59",59,0.01317,FALSE,"observed"
"IT",1958,"60",60,0.01476,FALSE,"observed"
"IT",1958,"61",61,0.0157,FALSE,"observed"
"IT",1958,"62",62,0.01727,FALSE,"observed"
"IT",1958,"63",63,0.01869,FALSE,"observed"
"IT",1958,"64",64,0.02085,FALSE,"observed"
"IT",1958,"65",65,0.02307,FALSE,"observed"
"IT",1958,"66",66,0.02513,FALSE,"observed"
"IT",1958,"67",67,0.02744,FALSE,"observed"
"IT",1958,"68",68,0.03027,FALSE,"observed"
"IT",1958,"69",69,0.03272,FALSE,"observed"
"IT",1958,"70",70,0.03687,FALSE,"observed"
"IT",1958,"71",71,0.04099,FALSE,"observed"
"IT",1958,"72",72,0.04505,FALSE,"observed"
"IT",1958,"73",73,0.05091,FALSE,"observed"
"IT",1958,"74",74,0.05648,FALSE,"observed"
"IT",1958,"75",75,0.06229,FALSE,"observed"
"IT",1958,"76",76,0.07336,FALSE,"observed"
"IT",1958,"77",77,0.07463,FALSE,"observed"
"IT",1958,"78",78,0.08888,FALSE,"observed"
"IT",1958,"79",79,0.09918,FALSE,"observed"
"IT",1958,"80",80,0.10812,FALSE,"observed"
"IT",1958,"81",81,0.12103,FALSE,"observed"
"IT",1958,"82",82,0.13636,FALSE,"observed"
"IT",1958,"83",83,0.14258,FALSE,"observed"
"IT",1958,"84",84,0.1592,FALSE,"observed"
"IT",1958,"85",85,0.17784,FALSE,"observed"
"IT",1958,"86",86,0.19273,FALSE,"observed"
"IT",1958,"87",87,0.21441,FALSE,"observed"
"IT",1958,"88",88,0.23204,FALSE,"observed"
"IT",1958,"89",89,0.25007,FALSE,"observed"
"IT",1958,"90",90,0.25692,FALSE,"observed"
"IT",1958,"91",91,0.29373,FALSE,"observed"
"IT",1958,"92",92,0.31902,FALSE,"observed"
"IT",1958,"93",93,0.32823,FALSE,"observed"
"IT",1958,"94",94,0.36411,FALSE,"observed"
"IT",1958,"95",95,0.38983,FALSE,"observed"
"IT",1958,"96",96,0.41588,FALSE,"observed"
"IT",1958,"97",97,0.44235,FALSE,"observed"
"IT",1958,"98",98,0.46911,FALSE,"observed"
"IT",1958,"99",99,0.49599,FALSE,"observed"
"IT",1958,"100",100,0.52286,FALSE,"observed"
"IT",1958,"101",101,0.54954,FALSE,"observed"
"IT",1958,"102",102,0.57591,FALSE,"observed"
"IT",1958,"103",103,0.60182,FALSE,"observed"
"IT",1958,"104",104,0.62714,FALSE,"observed"
"IT",1958,"105",105,0.65176,FALSE,"observed"
"IT",1958,"106",106,0.67558,FALSE,"observed"
"IT",1958,"107",107,0.69851,FALSE,"observed"
"IT",1958,"108",108,0.72048,FALSE,"observed"
"IT",1958,"109",109,0.74143,FALSE,"observed"
"IT",1958,"110+",110,0.76134,FALSE,"observed"
"IT",1959,"0",0,0.04792,FALSE,"observed"
"IT",1959,"1",1,0.00468,FALSE,"observed"
"IT",1959,"2",2,0.00205,FALSE,"observed"
"IT",1959,"3",3,0.00139,FALSE,"observed"
"IT",1959,"4",4,0.00097,FALSE,"observed"
"IT",1959,"5",5,0.00087,FALSE,"observed"
"IT",1959,"6",6,7e-04,FALSE,"observed"
"IT",1959,"7",7,0.00058,FALSE,"observed"
"IT",1959,"8",8,6e-04,FALSE,"observed"
"IT",1959,"9",9,0.00055,FALSE,"observed"
"IT",1959,"10",10,5e-04,FALSE,"observed"
"IT",1959,"11",11,5e-04,FALSE,"observed"
"IT",1959,"12",12,0.00054,FALSE,"observed"
"IT",1959,"13",13,0.00056,FALSE,"observed"
"IT",1959,"14",14,0.00056,FALSE,"observed"
"IT",1959,"15",15,7e-04,FALSE,"observed"
"IT",1959,"16",16,0.00077,FALSE,"observed"
"IT",1959,"17",17,0.00083,FALSE,"observed"
"IT",1959,"18",18,0.00095,FALSE,"observed"
"IT",1959,"19",19,0.00095,FALSE,"observed"
"IT",1959,"20",20,0.001,FALSE,"observed"
"IT",1959,"21",21,0.001,FALSE,"observed"
"IT",1959,"22",22,0.00106,FALSE,"observed"
"IT",1959,"23",23,0.00116,FALSE,"observed"
"IT",1959,"24",24,0.00112,FALSE,"observed"
"IT",1959,"25",25,0.0012,FALSE,"observed"
"IT",1959,"26",26,0.00117,FALSE,"observed"
"IT",1959,"27",27,0.00116,FALSE,"observed"
"IT",1959,"28",28,0.00123,FALSE,"observed"
"IT",1959,"29",29,0.00125,FALSE,"observed"
"IT",1959,"30",30,0.00134,FALSE,"observed"
"IT",1959,"31",31,0.00146,FALSE,"observed"
"IT",1959,"32",32,0.00155,FALSE,"observed"
"IT",1959,"33",33,0.00159,FALSE,"observed"
"IT",1959,"34",34,0.00162,FALSE,"observed"
"IT",1959,"35",35,0.00169,FALSE,"observed"
"IT",1959,"36",36,0.00185,FALSE,"observed"
"IT",1959,"37",37,0.00195,FALSE,"observed"
"IT",1959,"38",38,0.00214,FALSE,"observed"
"IT",1959,"39",39,0.00222,FALSE,"observed"
"IT",1959,"40",40,0.00242,FALSE,"observed"
"IT",1959,"41",41,0.00254,FALSE,"observed"
"IT",1959,"42",42,0.00274,FALSE,"observed"
"IT",1959,"43",43,0.003,FALSE,"observed"
"IT",1959,"44",44,0.00311,FALSE,"observed"
"IT",1959,"45",45,0.00348,FALSE,"observed"
"IT",1959,"46",46,0.00393,FALSE,"observed"
"IT",1959,"47",47,0.00426,FALSE,"observed"
"IT",1959,"48",48,0.00462,FALSE,"observed"
"IT",1959,"49",49,0.00508,FALSE,"observed"
"IT",1959,"50",50,0.00565,FALSE,"observed"
"IT",1959,"51",51,0.00658,FALSE,"observed"
"IT",1959,"52",52,0.00694,FALSE,"observed"
"IT",1959,"53",53,0.00767,FALSE,"observed"
"IT",1959,"54",54,0.00851,FALSE,"observed"
"IT",1959,"55",55,0.00906,FALSE,"observed"
"IT",1959,"56",56,0.0101,FALSE,"observed"
"IT",1959,"57",57,0.01104,FALSE,"observed"
"IT",1959,"58",58,0.01196,FALSE,"observed"
"IT",1959,"59",59,0.01327,FALSE,"observed"
"IT",1959,"60",60,0.01431,FALSE,"observed"
"IT",1959,"61",61,0.01564,FALSE,"observed"
"IT",1959,"62",62,0.01692,FALSE,"observed"
"IT",1959,"63",63,0.01854,FALSE,"observed"
"IT",1959,"64",64,0.02044,FALSE,"observed"
"IT",1959,"65",65,0.02211,FALSE,"observed"
"IT",1959,"66",66,0.02459,FALSE,"observed"
"IT",1959,"67",67,0.02679,FALSE,"observed"
"IT",1959,"68",68,0.0291,FALSE,"observed"
"IT",1959,"69",69,0.03228,FALSE,"observed"
"IT",1959,"70",70,0.03544,FALSE,"observed"
"IT",1959,"71",71,0.03914,FALSE,"observed"
"IT",1959,"72",72,0.04368,FALSE,"observed"
"IT",1959,"73",73,0.04838,FALSE,"observed"
"IT",1959,"74",74,0.0546,FALSE,"observed"
"IT",1959,"75",75,0.06058,FALSE,"observed"
"IT",1959,"76",76,0.06739,FALSE,"observed"
"IT",1959,"77",77,0.07521,FALSE,"observed"
"IT",1959,"78",78,0.08102,FALSE,"observed"
"IT",1959,"79",79,0.09434,FALSE,"observed"
"IT",1959,"80",80,0.10484,FALSE,"observed"
"IT",1959,"81",81,0.11373,FALSE,"observed"
"IT",1959,"82",82,0.13055,FALSE,"observed"
"IT",1959,"83",83,0.14275,FALSE,"observed"
"IT",1959,"84",84,0.15429,FALSE,"observed"
"IT",1959,"85",85,0.16812,FALSE,"observed"
"IT",1959,"86",86,0.18513,FALSE,"observed"
"IT",1959,"87",87,0.2028,FALSE,"observed"
"IT",1959,"88",88,0.22135,FALSE,"observed"
"IT",1959,"89",89,0.24125,FALSE,"observed"
"IT",1959,"90",90,0.25518,FALSE,"observed"
"IT",1959,"91",91,0.2866,FALSE,"observed"
"IT",1959,"92",92,0.30817,FALSE,"observed"
"IT",1959,"93",93,0.32491,FALSE,"observed"
"IT",1959,"94",94,0.33583,FALSE,"observed"
"IT",1959,"95",95,0.3773,FALSE,"observed"
"IT",1959,"96",96,0.40321,FALSE,"observed"
"IT",1959,"97",97,0.42969,FALSE,"observed"
"IT",1959,"98",98,0.45658,FALSE,"observed"
"IT",1959,"99",99,0.48374,FALSE,"observed"
"IT",1959,"100",100,0.51102,FALSE,"observed"
"IT",1959,"101",101,0.53824,FALSE,"observed"
"IT",1959,"102",102,0.56526,FALSE,"observed"
"IT",1959,"103",103,0.59192,FALSE,"observed"
"IT",1959,"104",104,0.61807,FALSE,"observed"
"IT",1959,"105",105,0.64357,FALSE,"observed"
"IT",1959,"106",106,0.66831,FALSE,"observed"
"IT",1959,"107",107,0.69217,FALSE,"observed"
"IT",1959,"108",108,0.71508,FALSE,"observed"
"IT",1959,"109",109,0.73694,FALSE,"observed"
"IT",1959,"110+",110,0.75772,FALSE,"observed"
"IT",1960,"0",0,0.04549,FALSE,"observed"
"IT",1960,"1",1,0.00433,FALSE,"observed"
"IT",1960,"2",2,0.00183,FALSE,"observed"
"IT",1960,"3",3,0.00124,FALSE,"observed"
"IT",1960,"4",4,0.00097,FALSE,"observed"
"IT",1960,"5",5,0.00074,FALSE,"observed"
"IT",1960,"6",6,0.00069,FALSE,"observed"
"IT",1960,"7",7,0.00058,FALSE,"observed"
"IT",1960,"8",8,0.00053,FALSE,"observed"
"IT",1960,"9",9,0.00045,FALSE,"observed"
"IT",1960,"10",10,0.00049,FALSE,"observed"
"IT",1960,"11",11,0.00045,FALSE,"observed"
"IT",1960,"12",12,0.00048,FALSE,"observed"
"IT",1960,"13",13,0.00054,FALSE,"observed"
"IT",1960,"14",14,0.00056,FALSE,"observed"
"IT",1960,"15",15,6e-04,FALSE,"observed"
"IT",1960,"16",16,0.00077,FALSE,"observed"
"IT",1960,"17",17,0.00082,FALSE,"observed"
"IT",1960,"18",18,0.00091,FALSE,"observed"
"IT",1960,"19",19,0.001,FALSE,"observed"
"IT",1960,"20",20,0.00102,FALSE,"observed"
"IT",1960,"21",21,0.00094,FALSE,"observed"
"IT",1960,"22",22,0.00098,FALSE,"observed"
"IT",1960,"23",23,0.00109,FALSE,"observed"
"IT",1960,"24",24,0.0012,FALSE,"observed"
"IT",1960,"25",25,0.00125,FALSE,"observed"
"IT",1960,"26",26,0.00121,FALSE,"observed"
"IT",1960,"27",27,0.00116,FALSE,"observed"
"IT",1960,"28",28,0.0012,FALSE,"observed"
"IT",1960,"29",29,0.00131,FALSE,"observed"
"IT",1960,"30",30,0.00139,FALSE,"observed"
"IT",1960,"31",31,0.00136,FALSE,"observed"
"IT",1960,"32",32,0.00145,FALSE,"observed"
"IT",1960,"33",33,0.00152,FALSE,"observed"
"IT",1960,"34",34,0.0016,FALSE,"observed"
"IT",1960,"35",35,0.00171,FALSE,"observed"
"IT",1960,"36",36,0.0018,FALSE,"observed"
"IT",1960,"37",37,0.00189,FALSE,"observed"
"IT",1960,"38",38,0.00202,FALSE,"observed"
"IT",1960,"39",39,0.00224,FALSE,"observed"
"IT",1960,"40",40,0.0025,FALSE,"observed"
"IT",1960,"41",41,0.00263,FALSE,"observed"
"IT",1960,"42",42,0.00272,FALSE,"observed"
"IT",1960,"43",43,0.00297,FALSE,"observed"
"IT",1960,"44",44,0.00334,FALSE,"observed"
"IT",1960,"45",45,0.00369,FALSE,"observed"
"IT",1960,"46",46,0.00401,FALSE,"observed"
"IT",1960,"47",47,0.0044,FALSE,"observed"
"IT",1960,"48",48,0.00487,FALSE,"observed"
"IT",1960,"49",49,0.00514,FALSE,"observed"
"IT",1960,"50",50,0.00593,FALSE,"observed"
"IT",1960,"51",51,0.00635,FALSE,"observed"
"IT",1960,"52",52,0.0071,FALSE,"observed"
"IT",1960,"53",53,0.00759,FALSE,"observed"
"IT",1960,"54",54,0.00869,FALSE,"observed"
"IT",1960,"55",55,0.00938,FALSE,"observed"
"IT",1960,"56",56,0.01041,FALSE,"observed"
"IT",1960,"57",57,0.0114,FALSE,"observed"
"IT",1960,"58",58,0.01245,FALSE,"observed"
"IT",1960,"59",59,0.01313,FALSE,"observed"
"IT",1960,"60",60,0.01488,FALSE,"observed"
"IT",1960,"61",61,0.01586,FALSE,"observed"
"IT",1960,"62",62,0.01804,FALSE,"observed"
"IT",1960,"63",63,0.01925,FALSE,"observed"
"IT",1960,"64",64,0.02069,FALSE,"observed"
"IT",1960,"65",65,0.02301,FALSE,"observed"
"IT",1960,"66",66,0.02566,FALSE,"observed"
"IT",1960,"67",67,0.02816,FALSE,"observed"
"IT",1960,"68",68,0.03031,FALSE,"observed"
"IT",1960,"69",69,0.03416,FALSE,"observed"
"IT",1960,"70",70,0.03727,FALSE,"observed"
"IT",1960,"71",71,0.04092,FALSE,"observed"
"IT",1960,"72",72,0.04595,FALSE,"observed"
"IT",1960,"73",73,0.05028,FALSE,"observed"
"IT",1960,"74",74,0.05527,FALSE,"observed"
"IT",1960,"75",75,0.06406,FALSE,"observed"
"IT",1960,"76",76,0.07095,FALSE,"observed"
"IT",1960,"77",77,0.07805,FALSE,"observed"
"IT",1960,"78",78,0.09088,FALSE,"observed"
"IT",1960,"79",79,0.09358,FALSE,"observed"
"IT",1960,"80",80,0.11243,FALSE,"observed"
"IT",1960,"81",81,0.12271,FALSE,"observed"
"IT",1960,"82",82,0.13462,FALSE,"observed"
"IT",1960,"83",83,0.1519,FALSE,"observed"
"IT",1960,"84",84,0.1675,FALSE,"observed"
"IT",1960,"85",85,0.17813,FALSE,"observed"
"IT",1960,"86",86,0.20054,FALSE,"observed"
"IT",1960,"87",87,0.21918,FALSE,"observed"
"IT",1960,"88",88,0.23797,FALSE,"observed"
"IT",1960,"89",89,0.25729,FALSE,"observed"
"IT",1960,"90",90,0.29431,FALSE,"observed"
"IT",1960,"91",91,0.30426,FALSE,"observed"
"IT",1960,"92",92,0.33838,FALSE,"observed"
"IT",1960,"93",93,0.36945,FALSE,"observed"
"IT",1960,"94",94,0.38905,FALSE,"observed"
"IT",1960,"95",95,0.41206,FALSE,"observed"
"IT",1960,"96",96,0.43988,FALSE,"observed"
"IT",1960,"97",97,0.46807,FALSE,"observed"
"IT",1960,"98",98,0.49645,FALSE,"observed"
"IT",1960,"99",99,0.52485,FALSE,"observed"
"IT",1960,"100",100,0.55307,FALSE,"observed"
"IT",1960,"101",101,0.58096,FALSE,"observed"
"IT",1960,"102",102,0.60833,FALSE,"observed"
"IT",1960,"103",103,0.63505,FALSE,"observed"
"IT",1960,"104",104,0.66096,FALSE,"observed"
"IT",1960,"105",105,0.68596,FALSE,"observed"
"IT",1960,"106",106,0.70993,FALSE,"observed"
"IT",1960,"107",107,0.7328,FALSE,"observed"
"IT",1960,"108",108,0.75451,FALSE,"observed"
"IT",1960,"109",109,0.77501,FALSE,"observed"
"IT",1960,"110+",110,0.79429,FALSE,"observed"
"IT",1961,"0",0,0.04311,FALSE,"observed"
"IT",1961,"1",1,0.00367,FALSE,"observed"
"IT",1961,"2",2,0.00164,FALSE,"observed"
"IT",1961,"3",3,0.00116,FALSE,"observed"
"IT",1961,"4",4,0.00084,FALSE,"observed"
"IT",1961,"5",5,0.00077,FALSE,"observed"
"IT",1961,"6",6,0.00067,FALSE,"observed"
"IT",1961,"7",7,0.00054,FALSE,"observed"
"IT",1961,"8",8,0.00046,FALSE,"observed"
"IT",1961,"9",9,0.00047,FALSE,"observed"
"IT",1961,"10",10,0.00046,FALSE,"observed"
"IT",1961,"11",11,0.00049,FALSE,"observed"
"IT",1961,"12",12,5e-04,FALSE,"observed"
"IT",1961,"13",13,0.00051,FALSE,"observed"
"IT",1961,"14",14,6e-04,FALSE,"observed"
"IT",1961,"15",15,0.00064,FALSE,"observed"
"IT",1961,"16",16,0.00079,FALSE,"observed"
"IT",1961,"17",17,0.00087,FALSE,"observed"
"IT",1961,"18",18,0.00096,FALSE,"observed"
"IT",1961,"19",19,0.00101,FALSE,"observed"
"IT",1961,"20",20,0.00102,FALSE,"observed"
"IT",1961,"21",21,0.00107,FALSE,"observed"
"IT",1961,"22",22,0.001,FALSE,"observed"
"IT",1961,"23",23,0.00113,FALSE,"observed"
"IT",1961,"24",24,0.00114,FALSE,"observed"
"IT",1961,"25",25,0.00113,FALSE,"observed"
"IT",1961,"26",26,0.00116,FALSE,"observed"
"IT",1961,"27",27,0.0012,FALSE,"observed"
"IT",1961,"28",28,0.00126,FALSE,"observed"
"IT",1961,"29",29,0.00123,FALSE,"observed"
"IT",1961,"30",30,0.0013,FALSE,"observed"
"IT",1961,"31",31,0.00143,FALSE,"observed"
"IT",1961,"32",32,0.00139,FALSE,"observed"
"IT",1961,"33",33,0.00162,FALSE,"observed"
"IT",1961,"34",34,0.00157,FALSE,"observed"
"IT",1961,"35",35,0.00164,FALSE,"observed"
"IT",1961,"36",36,0.00183,FALSE,"observed"
"IT",1961,"37",37,0.00199,FALSE,"observed"
"IT",1961,"38",38,0.00202,FALSE,"observed"
"IT",1961,"39",39,0.00218,FALSE,"observed"
"IT",1961,"40",40,0.00242,FALSE,"observed"
"IT",1961,"41",41,0.00252,FALSE,"observed"
"IT",1961,"42",42,0.00286,FALSE,"observed"
"IT",1961,"43",43,0.00292,FALSE,"observed"
"IT",1961,"44",44,0.00322,FALSE,"observed"
"IT",1961,"45",45,0.00357,FALSE,"observed"
"IT",1961,"46",46,0.00388,FALSE,"observed"
"IT",1961,"47",47,0.00415,FALSE,"observed"
"IT",1961,"48",48,0.00456,FALSE,"observed"
"IT",1961,"49",49,0.00516,FALSE,"observed"
"IT",1961,"50",50,0.00574,FALSE,"observed"
"IT",1961,"51",51,0.00615,FALSE,"observed"
"IT",1961,"52",52,0.00691,FALSE,"observed"
"IT",1961,"53",53,0.00767,FALSE,"observed"
"IT",1961,"54",54,0.00826,FALSE,"observed"
"IT",1961,"55",55,0.00906,FALSE,"observed"
"IT",1961,"56",56,0.0101,FALSE,"observed"
"IT",1961,"57",57,0.01091,FALSE,"observed"
"IT",1961,"58",58,0.01216,FALSE,"observed"
"IT",1961,"59",59,0.01341,FALSE,"observed"
"IT",1961,"60",60,0.01458,FALSE,"observed"
"IT",1961,"61",61,0.0157,FALSE,"observed"
"IT",1961,"62",62,0.01699,FALSE,"observed"
"IT",1961,"63",63,0.01853,FALSE,"observed"
"IT",1961,"64",64,0.0205,FALSE,"observed"
"IT",1961,"65",65,0.02171,FALSE,"observed"
"IT",1961,"66",66,0.02426,FALSE,"observed"
"IT",1961,"67",67,0.02724,FALSE,"observed"
"IT",1961,"68",68,0.02902,FALSE,"observed"
"IT",1961,"69",69,0.03231,FALSE,"observed"
"IT",1961,"70",70,0.03532,FALSE,"observed"
"IT",1961,"71",71,0.03842,FALSE,"observed"
"IT",1961,"72",72,0.04296,FALSE,"observed"
"IT",1961,"73",73,0.04812,FALSE,"observed"
"IT",1961,"74",74,0.05424,FALSE,"observed"
"IT",1961,"75",75,0.05911,FALSE,"observed"
"IT",1961,"76",76,0.06732,FALSE,"observed"
"IT",1961,"77",77,0.07468,FALSE,"observed"
"IT",1961,"78",78,0.0805,FALSE,"observed"
"IT",1961,"79",79,0.09195,FALSE,"observed"
"IT",1961,"80",80,0.10225,FALSE,"observed"
"IT",1961,"81",81,0.11697,FALSE,"observed"
"IT",1961,"82",82,0.12698,FALSE,"observed"
"IT",1961,"83",83,0.13968,FALSE,"observed"
"IT",1961,"84",84,0.15544,FALSE,"observed"
"IT",1961,"85",85,0.17487,FALSE,"observed"
"IT",1961,"86",86,0.18519,FALSE,"observed"
"IT",1961,"87",87,0.20637,FALSE,"observed"
"IT",1961,"88",88,0.22773,FALSE,"observed"
"IT",1961,"89",89,0.24277,FALSE,"observed"
"IT",1961,"90",90,0.26435,FALSE,"observed"
"IT",1961,"91",91,0.29768,FALSE,"observed"
"IT",1961,"92",92,0.30714,FALSE,"observed"
"IT",1961,"93",93,0.31611,FALSE,"observed"
"IT",1961,"94",94,0.36237,FALSE,"observed"
"IT",1961,"95",95,0.39129,FALSE,"observed"
"IT",1961,"96",96,0.41872,FALSE,"observed"
"IT",1961,"97",97,0.44668,FALSE,"observed"
"IT",1961,"98",98,0.47499,FALSE,"observed"
"IT",1961,"99",99,0.50349,FALSE,"observed"
"IT",1961,"100",100,0.53199,FALSE,"observed"
"IT",1961,"101",101,0.56031,FALSE,"observed"
"IT",1961,"102",102,0.58827,FALSE,"observed"
"IT",1961,"103",103,0.61571,FALSE,"observed"
"IT",1961,"104",104,0.64246,FALSE,"observed"
"IT",1961,"105",105,0.66839,FALSE,"observed"
"IT",1961,"106",106,0.69337,FALSE,"observed"
"IT",1961,"107",107,0.71729,FALSE,"observed"
"IT",1961,"108",108,0.74007,FALSE,"observed"
"IT",1961,"109",109,0.76166,FALSE,"observed"
"IT",1961,"110+",110,0.78201,FALSE,"observed"
"IT",1962,"0",0,0.04371,FALSE,"observed"
"IT",1962,"1",1,0.00366,FALSE,"observed"
"IT",1962,"2",2,0.00173,FALSE,"observed"
"IT",1962,"3",3,0.0011,FALSE,"observed"
"IT",1962,"4",4,0.00084,FALSE,"observed"
"IT",1962,"5",5,0.00069,FALSE,"observed"
"IT",1962,"6",6,0.00064,FALSE,"observed"
"IT",1962,"7",7,0.00056,FALSE,"observed"
"IT",1962,"8",8,0.00052,FALSE,"observed"
"IT",1962,"9",9,0.00048,FALSE,"observed"
"IT",1962,"10",10,0.00044,FALSE,"observed"
"IT",1962,"11",11,0.00044,FALSE,"observed"
"IT",1962,"12",12,0.00048,FALSE,"observed"
"IT",1962,"13",13,0.00049,FALSE,"observed"
"IT",1962,"14",14,0.00057,FALSE,"observed"
"IT",1962,"15",15,0.00063,FALSE,"observed"
"IT",1962,"16",16,0.00073,FALSE,"observed"
"IT",1962,"17",17,0.00087,FALSE,"observed"
"IT",1962,"18",18,0.00099,FALSE,"observed"
"IT",1962,"19",19,0.0011,FALSE,"observed"
"IT",1962,"20",20,0.00101,FALSE,"observed"
"IT",1962,"21",21,0.001,FALSE,"observed"
"IT",1962,"22",22,0.00103,FALSE,"observed"
"IT",1962,"23",23,0.00113,FALSE,"observed"
"IT",1962,"24",24,0.00115,FALSE,"observed"
"IT",1962,"25",25,0.00116,FALSE,"observed"
"IT",1962,"26",26,0.00114,FALSE,"observed"
"IT",1962,"27",27,0.00117,FALSE,"observed"
"IT",1962,"28",28,0.00121,FALSE,"observed"
"IT",1962,"29",29,0.00128,FALSE,"observed"
"IT",1962,"30",30,0.00128,FALSE,"observed"
"IT",1962,"31",31,0.00138,FALSE,"observed"
"IT",1962,"32",32,0.00147,FALSE,"observed"
"IT",1962,"33",33,0.00154,FALSE,"observed"
"IT",1962,"34",34,0.00169,FALSE,"observed"
"IT",1962,"35",35,0.0017,FALSE,"observed"
"IT",1962,"36",36,0.00178,FALSE,"observed"
"IT",1962,"37",37,0.00207,FALSE,"observed"
"IT",1962,"38",38,0.00213,FALSE,"observed"
"IT",1962,"39",39,0.00217,FALSE,"observed"
"IT",1962,"40",40,0.00249,FALSE,"observed"
"IT",1962,"41",41,0.00267,FALSE,"observed"
"IT",1962,"42",42,0.00281,FALSE,"observed"
"IT",1962,"43",43,0.00313,FALSE,"observed"
"IT",1962,"44",44,0.00317,FALSE,"observed"
"IT",1962,"45",45,0.00354,FALSE,"observed"
"IT",1962,"46",46,0.00402,FALSE,"observed"
"IT",1962,"47",47,0.00431,FALSE,"observed"
"IT",1962,"48",48,0.00485,FALSE,"observed"
"IT",1962,"49",49,0.00531,FALSE,"observed"
"IT",1962,"50",50,0.00597,FALSE,"observed"
"IT",1962,"51",51,0.00634,FALSE,"observed"
"IT",1962,"52",52,0.00705,FALSE,"observed"
"IT",1962,"53",53,0.00774,FALSE,"observed"
"IT",1962,"54",54,0.00868,FALSE,"observed"
"IT",1962,"55",55,0.00974,FALSE,"observed"
"IT",1962,"56",56,0.01036,FALSE,"observed"
"IT",1962,"57",57,0.01199,FALSE,"observed"
"IT",1962,"58",58,0.01277,FALSE,"observed"
"IT",1962,"59",59,0.01407,FALSE,"observed"
"IT",1962,"60",60,0.01509,FALSE,"observed"
"IT",1962,"61",61,0.01678,FALSE,"observed"
"IT",1962,"62",62,0.01844,FALSE,"observed"
"IT",1962,"63",63,0.0195,FALSE,"observed"
"IT",1962,"64",64,0.02185,FALSE,"observed"
"IT",1962,"65",65,0.02428,FALSE,"observed"
"IT",1962,"66",66,0.02544,FALSE,"observed"
"IT",1962,"67",67,0.02797,FALSE,"observed"
"IT",1962,"68",68,0.03156,FALSE,"observed"
"IT",1962,"69",69,0.03502,FALSE,"observed"
"IT",1962,"70",70,0.03939,FALSE,"observed"
"IT",1962,"71",71,0.04178,FALSE,"observed"
"IT",1962,"72",72,0.04726,FALSE,"observed"
"IT",1962,"73",73,0.05106,FALSE,"observed"
"IT",1962,"74",74,0.05746,FALSE,"observed"
"IT",1962,"75",75,0.06502,FALSE,"observed"
"IT",1962,"76",76,0.07098,FALSE,"observed"
"IT",1962,"77",77,0.08152,FALSE,"observed"
"IT",1962,"78",78,0.08931,FALSE,"observed"
"IT",1962,"79",79,0.0983,FALSE,"observed"
"IT",1962,"80",80,0.11404,FALSE,"observed"
"IT",1962,"81",81,0.12065,FALSE,"observed"
"IT",1962,"82",82,0.14089,FALSE,"observed"
"IT",1962,"83",83,0.1503,FALSE,"observed"
"IT",1962,"84",84,0.16869,FALSE,"observed"
"IT",1962,"85",85,0.18847,FALSE,"observed"
"IT",1962,"86",86,0.20742,FALSE,"observed"
"IT",1962,"87",87,0.21876,FALSE,"observed"
"IT",1962,"88",88,0.24615,FALSE,"observed"
"IT",1962,"89",89,0.26862,FALSE,"observed"
"IT",1962,"90",90,0.2941,FALSE,"observed"
"IT",1962,"91",91,0.31193,FALSE,"observed"
"IT",1962,"92",92,0.33546,FALSE,"observed"
"IT",1962,"93",93,0.36811,FALSE,"observed"
"IT",1962,"94",94,0.39292,FALSE,"observed"
"IT",1962,"95",95,0.42294,FALSE,"observed"
"IT",1962,"96",96,0.45148,FALSE,"observed"
"IT",1962,"97",97,0.48033,FALSE,"observed"
"IT",1962,"98",98,0.5093,FALSE,"observed"
"IT",1962,"99",99,0.53821,FALSE,"observed"
"IT",1962,"100",100,0.56686,FALSE,"observed"
"IT",1962,"101",101,0.59508,FALSE,"observed"
"IT",1962,"102",102,0.62269,FALSE,"observed"
"IT",1962,"103",103,0.64954,FALSE,"observed"
"IT",1962,"104",104,0.6755,FALSE,"observed"
"IT",1962,"105",105,0.70043,FALSE,"observed"
"IT",1962,"106",106,0.72426,FALSE,"observed"
"IT",1962,"107",107,0.7469,FALSE,"observed"
"IT",1962,"108",108,0.76829,FALSE,"observed"
"IT",1962,"109",109,0.78842,FALSE,"observed"
"IT",1962,"110+",110,0.80725,FALSE,"observed"
"IT",1963,"0",0,0.04193,FALSE,"observed"
"IT",1963,"1",1,0.00324,FALSE,"observed"
"IT",1963,"2",2,0.00151,FALSE,"observed"
"IT",1963,"3",3,0.00106,FALSE,"observed"
"IT",1963,"4",4,9e-04,FALSE,"observed"
"IT",1963,"5",5,0.00069,FALSE,"observed"
"IT",1963,"6",6,0.00063,FALSE,"observed"
"IT",1963,"7",7,6e-04,FALSE,"observed"
"IT",1963,"8",8,0.00051,FALSE,"observed"
"IT",1963,"9",9,0.00048,FALSE,"observed"
"IT",1963,"10",10,0.00045,FALSE,"observed"
"IT",1963,"11",11,0.00049,FALSE,"observed"
"IT",1963,"12",12,0.00048,FALSE,"observed"
"IT",1963,"13",13,5e-04,FALSE,"observed"
"IT",1963,"14",14,0.00053,FALSE,"observed"
"IT",1963,"15",15,0.00072,FALSE,"observed"
"IT",1963,"16",16,0.00083,FALSE,"observed"
"IT",1963,"17",17,0.00094,FALSE,"observed"
"IT",1963,"18",18,0.00103,FALSE,"observed"
"IT",1963,"19",19,0.00116,FALSE,"observed"
"IT",1963,"20",20,0.00113,FALSE,"observed"
"IT",1963,"21",21,0.0011,FALSE,"observed"
"IT",1963,"22",22,0.00105,FALSE,"observed"
"IT",1963,"23",23,0.00118,FALSE,"observed"
"IT",1963,"24",24,0.00116,FALSE,"observed"
"IT",1963,"25",25,0.00121,FALSE,"observed"
"IT",1963,"26",26,0.00123,FALSE,"observed"
"IT",1963,"27",27,0.0012,FALSE,"observed"
"IT",1963,"28",28,0.0013,FALSE,"observed"
"IT",1963,"29",29,0.00126,FALSE,"observed"
"IT",1963,"30",30,0.00137,FALSE,"observed"
"IT",1963,"31",31,0.00141,FALSE,"observed"
"IT",1963,"32",32,0.00143,FALSE,"observed"
"IT",1963,"33",33,0.00152,FALSE,"observed"
"IT",1963,"34",34,0.00158,FALSE,"observed"
"IT",1963,"35",35,0.00171,FALSE,"observed"
"IT",1963,"36",36,0.00195,FALSE,"observed"
"IT",1963,"37",37,0.00201,FALSE,"observed"
"IT",1963,"38",38,0.00222,FALSE,"observed"
"IT",1963,"39",39,0.00243,FALSE,"observed"
"IT",1963,"40",40,0.00244,FALSE,"observed"
"IT",1963,"41",41,0.00275,FALSE,"observed"
"IT",1963,"42",42,0.00297,FALSE,"observed"
"IT",1963,"43",43,0.00308,FALSE,"observed"
"IT",1963,"44",44,0.00342,FALSE,"observed"
"IT",1963,"45",45,0.00366,FALSE,"observed"
"IT",1963,"46",46,0.00405,FALSE,"observed"
"IT",1963,"47",47,0.00457,FALSE,"observed"
"IT",1963,"48",48,0.00491,FALSE,"observed"
"IT",1963,"49",49,0.00528,FALSE,"observed"
"IT",1963,"50",50,0.00564,FALSE,"observed"
"IT",1963,"51",51,0.00654,FALSE,"observed"
"IT",1963,"52",52,0.0072,FALSE,"observed"
"IT",1963,"53",53,0.00807,FALSE,"observed"
"IT",1963,"54",54,0.00845,FALSE,"observed"
"IT",1963,"55",55,0.00944,FALSE,"observed"
"IT",1963,"56",56,0.01038,FALSE,"observed"
"IT",1963,"57",57,0.01124,FALSE,"observed"
"IT",1963,"58",58,0.01255,FALSE,"observed"
"IT",1963,"59",59,0.01399,FALSE,"observed"
"IT",1963,"60",60,0.0153,FALSE,"observed"
"IT",1963,"61",61,0.01688,FALSE,"observed"
"IT",1963,"62",62,0.01827,FALSE,"observed"
"IT",1963,"63",63,0.01981,FALSE,"observed"
"IT",1963,"64",64,0.0217,FALSE,"observed"
"IT",1963,"65",65,0.02456,FALSE,"observed"
"IT",1963,"66",66,0.02663,FALSE,"observed"
"IT",1963,"67",67,0.02842,FALSE,"observed"
"IT",1963,"68",68,0.03182,FALSE,"observed"
"IT",1963,"69",69,0.03454,FALSE,"observed"
"IT",1963,"70",70,0.03886,FALSE,"observed"
"IT",1963,"71",71,0.04238,FALSE,"observed"
"IT",1963,"72",72,0.04713,FALSE,"observed"
"IT",1963,"73",73,0.05229,FALSE,"observed"
"IT",1963,"74",74,0.05737,FALSE,"observed"
"IT",1963,"75",75,0.06398,FALSE,"observed"
"IT",1963,"76",76,0.07057,FALSE,"observed"
"IT",1963,"77",77,0.07794,FALSE,"observed"
"IT",1963,"78",78,0.08958,FALSE,"observed"
"IT",1963,"79",79,0.10056,FALSE,"observed"
"IT",1963,"80",80,0.10905,FALSE,"observed"
"IT",1963,"81",81,0.12564,FALSE,"observed"
"IT",1963,"82",82,0.13113,FALSE,"observed"
"IT",1963,"83",83,0.1538,FALSE,"observed"
"IT",1963,"84",84,0.1659,FALSE,"observed"
"IT",1963,"85",85,0.18381,FALSE,"observed"
"IT",1963,"86",86,0.20762,FALSE,"observed"
"IT",1963,"87",87,0.22463,FALSE,"observed"
"IT",1963,"88",88,0.23192,FALSE,"observed"
"IT",1963,"89",89,0.26803,FALSE,"observed"
"IT",1963,"90",90,0.28996,FALSE,"observed"
"IT",1963,"91",91,0.31318,FALSE,"observed"
"IT",1963,"92",92,0.32931,FALSE,"observed"
"IT",1963,"93",93,0.38071,FALSE,"observed"
"IT",1963,"94",94,0.39721,FALSE,"observed"
"IT",1963,"95",95,0.42279,FALSE,"observed"
"IT",1963,"96",96,0.45158,FALSE,"observed"
"IT",1963,"97",97,0.48067,FALSE,"observed"
"IT",1963,"98",98,0.50986,FALSE,"observed"
"IT",1963,"99",99,0.53897,FALSE,"observed"
"IT",1963,"100",100,0.56781,FALSE,"observed"
"IT",1963,"101",101,0.59619,FALSE,"observed"
"IT",1963,"102",102,0.62393,FALSE,"observed"
"IT",1963,"103",103,0.65089,FALSE,"observed"
"IT",1963,"104",104,0.67693,FALSE,"observed"
"IT",1963,"105",105,0.70192,FALSE,"observed"
"IT",1963,"106",106,0.72578,FALSE,"observed"
"IT",1963,"107",107,0.74844,FALSE,"observed"
"IT",1963,"108",108,0.76983,FALSE,"observed"
"IT",1963,"109",109,0.78994,FALSE,"observed"
"IT",1963,"110+",110,0.80875,FALSE,"observed"
"IT",1964,"0",0,0.0382,FALSE,"observed"
"IT",1964,"1",1,0.00283,FALSE,"observed"
"IT",1964,"2",2,0.00134,FALSE,"observed"
"IT",1964,"3",3,0.00093,FALSE,"observed"
"IT",1964,"4",4,0.00081,FALSE,"observed"
"IT",1964,"5",5,6e-04,FALSE,"observed"
"IT",1964,"6",6,0.00057,FALSE,"observed"
"IT",1964,"7",7,0.00053,FALSE,"observed"
"IT",1964,"8",8,0.00045,FALSE,"observed"
"IT",1964,"9",9,0.00042,FALSE,"observed"
"IT",1964,"10",10,0.00043,FALSE,"observed"
"IT",1964,"11",11,0.00042,FALSE,"observed"
"IT",1964,"12",12,0.00045,FALSE,"observed"
"IT",1964,"13",13,0.00044,FALSE,"observed"
"IT",1964,"14",14,0.00049,FALSE,"observed"
"IT",1964,"15",15,0.00062,FALSE,"observed"
"IT",1964,"16",16,0.00073,FALSE,"observed"
"IT",1964,"17",17,0.00079,FALSE,"observed"
"IT",1964,"18",18,0.00096,FALSE,"observed"
"IT",1964,"19",19,0.00095,FALSE,"observed"
"IT",1964,"20",20,0.00093,FALSE,"observed"
"IT",1964,"21",21,0.00096,FALSE,"observed"
"IT",1964,"22",22,0.00095,FALSE,"observed"
"IT",1964,"23",23,0.00111,FALSE,"observed"
"IT",1964,"24",24,0.00105,FALSE,"observed"
"IT",1964,"25",25,0.00104,FALSE,"observed"
"IT",1964,"26",26,0.00108,FALSE,"observed"
"IT",1964,"27",27,0.00103,FALSE,"observed"
"IT",1964,"28",28,0.00112,FALSE,"observed"
"IT",1964,"29",29,0.00116,FALSE,"observed"
"IT",1964,"30",30,0.0012,FALSE,"observed"
"IT",1964,"31",31,0.00131,FALSE,"observed"
"IT",1964,"32",32,0.00134,FALSE,"observed"
"IT",1964,"33",33,0.00152,FALSE,"observed"
"IT",1964,"34",34,0.00149,FALSE,"observed"
"IT",1964,"35",35,0.00163,FALSE,"observed"
"IT",1964,"36",36,0.00177,FALSE,"observed"
"IT",1964,"37",37,0.00187,FALSE,"observed"
"IT",1964,"38",38,0.00206,FALSE,"observed"
"IT",1964,"39",39,0.00224,FALSE,"observed"
"IT",1964,"40",40,0.0024,FALSE,"observed"
"IT",1964,"41",41,0.00259,FALSE,"observed"
"IT",1964,"42",42,0.00273,FALSE,"observed"
"IT",1964,"43",43,0.00307,FALSE,"observed"
"IT",1964,"44",44,0.00325,FALSE,"observed"
"IT",1964,"45",45,0.0035,FALSE,"observed"
"IT",1964,"46",46,0.00376,FALSE,"observed"
"IT",1964,"47",47,0.00407,FALSE,"observed"
"IT",1964,"48",48,0.00479,FALSE,"observed"
"IT",1964,"49",49,0.00528,FALSE,"observed"
"IT",1964,"50",50,0.00568,FALSE,"observed"
"IT",1964,"51",51,0.00615,FALSE,"observed"
"IT",1964,"52",52,0.00679,FALSE,"observed"
"IT",1964,"53",53,0.00731,FALSE,"observed"
"IT",1964,"54",54,0.00804,FALSE,"observed"
"IT",1964,"55",55,0.00893,FALSE,"observed"
"IT",1964,"56",56,0.00992,FALSE,"observed"
"IT",1964,"57",57,0.01089,FALSE,"observed"
"IT",1964,"58",58,0.0119,FALSE,"observed"
"IT",1964,"59",59,0.0133,FALSE,"observed"
"IT",1964,"60",60,0.01465,FALSE,"observed"
"IT",1964,"61",61,0.016,FALSE,"observed"
"IT",1964,"62",62,0.01721,FALSE,"observed"
"IT",1964,"63",63,0.01896,FALSE,"observed"
"IT",1964,"64",64,0.02054,FALSE,"observed"
"IT",1964,"65",65,0.02261,FALSE,"observed"
"IT",1964,"66",66,0.02476,FALSE,"observed"
"IT",1964,"67",67,0.02759,FALSE,"observed"
"IT",1964,"68",68,0.02896,FALSE,"observed"
"IT",1964,"69",69,0.03335,FALSE,"observed"
"IT",1964,"70",70,0.03617,FALSE,"observed"
"IT",1964,"71",71,0.04007,FALSE,"observed"
"IT",1964,"72",72,0.04453,FALSE,"observed"
"IT",1964,"73",73,0.04831,FALSE,"observed"
"IT",1964,"74",74,0.05313,FALSE,"observed"
"IT",1964,"75",75,0.05874,FALSE,"observed"
"IT",1964,"76",76,0.06646,FALSE,"observed"
"IT",1964,"77",77,0.07402,FALSE,"observed"
"IT",1964,"78",78,0.07975,FALSE,"observed"
"IT",1964,"79",79,0.09161,FALSE,"observed"
"IT",1964,"80",80,0.10143,FALSE,"observed"
"IT",1964,"81",81,0.11066,FALSE,"observed"
"IT",1964,"82",82,0.12753,FALSE,"observed"
"IT",1964,"83",83,0.13368,FALSE,"observed"
"IT",1964,"84",84,0.1516,FALSE,"observed"
"IT",1964,"85",85,0.16513,FALSE,"observed"
"IT",1964,"86",86,0.18076,FALSE,"observed"
"IT",1964,"87",87,0.20477,FALSE,"observed"
"IT",1964,"88",88,0.21994,FALSE,"observed"
"IT",1964,"89",89,0.23101,FALSE,"observed"
"IT",1964,"90",90,0.2611,FALSE,"observed"
"IT",1964,"91",91,0.2745,FALSE,"observed"
"IT",1964,"92",92,0.29417,FALSE,"observed"
"IT",1964,"93",93,0.32309,FALSE,"observed"
"IT",1964,"94",94,0.34956,FALSE,"observed"
"IT",1964,"95",95,0.37657,FALSE,"observed"
"IT",1964,"96",96,0.40296,FALSE,"observed"
"IT",1964,"97",97,0.42992,FALSE,"observed"
"IT",1964,"98",98,0.4573,FALSE,"observed"
"IT",1964,"99",99,0.48496,FALSE,"observed"
"IT",1964,"100",100,0.51271,FALSE,"observed"
"IT",1964,"101",101,0.54041,FALSE,"observed"
"IT",1964,"102",102,0.56788,FALSE,"observed"
"IT",1964,"103",103,0.59496,FALSE,"observed"
"IT",1964,"104",104,0.6215,FALSE,"observed"
"IT",1964,"105",105,0.64736,FALSE,"observed"
"IT",1964,"106",106,0.67241,FALSE,"observed"
"IT",1964,"107",107,0.69654,FALSE,"observed"
"IT",1964,"108",108,0.71967,FALSE,"observed"
"IT",1964,"109",109,0.74172,FALSE,"observed"
"IT",1964,"110+",110,0.76263,FALSE,"observed"
"IT",1965,"0",0,0.03638,FALSE,"observed"
"IT",1965,"1",1,0.00257,FALSE,"observed"
"IT",1965,"2",2,0.00129,FALSE,"observed"
"IT",1965,"3",3,0.00091,FALSE,"observed"
"IT",1965,"4",4,7e-04,FALSE,"observed"
"IT",1965,"5",5,0.00059,FALSE,"observed"
"IT",1965,"6",6,0.00053,FALSE,"observed"
"IT",1965,"7",7,0.00051,FALSE,"observed"
"IT",1965,"8",8,0.00043,FALSE,"observed"
"IT",1965,"9",9,0.00044,FALSE,"observed"
"IT",1965,"10",10,4e-04,FALSE,"observed"
"IT",1965,"11",11,0.00038,FALSE,"observed"
"IT",1965,"12",12,0.00042,FALSE,"observed"
"IT",1965,"13",13,0.00041,FALSE,"observed"
"IT",1965,"14",14,0.00055,FALSE,"observed"
"IT",1965,"15",15,0.00062,FALSE,"observed"
"IT",1965,"16",16,0.00068,FALSE,"observed"
"IT",1965,"17",17,0.00081,FALSE,"observed"
"IT",1965,"18",18,0.00087,FALSE,"observed"
"IT",1965,"19",19,0.00092,FALSE,"observed"
"IT",1965,"20",20,0.00087,FALSE,"observed"
"IT",1965,"21",21,0.00084,FALSE,"observed"
"IT",1965,"22",22,0.00093,FALSE,"observed"
"IT",1965,"23",23,0.00094,FALSE,"observed"
"IT",1965,"24",24,0.00097,FALSE,"observed"
"IT",1965,"25",25,0.00098,FALSE,"observed"
"IT",1965,"26",26,0.00096,FALSE,"observed"
"IT",1965,"27",27,0.00098,FALSE,"observed"
"IT",1965,"28",28,0.00109,FALSE,"observed"
"IT",1965,"29",29,0.00106,FALSE,"observed"
"IT",1965,"30",30,0.00114,FALSE,"observed"
"IT",1965,"31",31,0.00123,FALSE,"observed"
"IT",1965,"32",32,0.00131,FALSE,"observed"
"IT",1965,"33",33,0.00137,FALSE,"observed"
"IT",1965,"34",34,0.00146,FALSE,"observed"
"IT",1965,"35",35,0.00169,FALSE,"observed"
"IT",1965,"36",36,0.00171,FALSE,"observed"
"IT",1965,"37",37,0.00191,FALSE,"observed"
"IT",1965,"38",38,0.0021,FALSE,"observed"
"IT",1965,"39",39,0.00235,FALSE,"observed"
"IT",1965,"40",40,0.00244,FALSE,"observed"
"IT",1965,"41",41,0.00262,FALSE,"observed"
"IT",1965,"42",42,0.00278,FALSE,"observed"
"IT",1965,"43",43,0.00309,FALSE,"observed"
"IT",1965,"44",44,0.00327,FALSE,"observed"
"IT",1965,"45",45,0.00365,FALSE,"observed"
"IT",1965,"46",46,0.00388,FALSE,"observed"
"IT",1965,"47",47,0.00415,FALSE,"observed"
"IT",1965,"48",48,0.00479,FALSE,"observed"
"IT",1965,"49",49,0.00525,FALSE,"observed"
"IT",1965,"50",50,0.00565,FALSE,"observed"
"IT",1965,"51",51,0.00639,FALSE,"observed"
"IT",1965,"52",52,0.00664,FALSE,"observed"
"IT",1965,"53",53,0.00756,FALSE,"observed"
"IT",1965,"54",54,0.00824,FALSE,"observed"
"IT",1965,"55",55,0.00894,FALSE,"observed"
"IT",1965,"56",56,0.00963,FALSE,"observed"
"IT",1965,"57",57,0.01098,FALSE,"observed"
"IT",1965,"58",58,0.01193,FALSE,"observed"
"IT",1965,"59",59,0.01345,FALSE,"observed"
"IT",1965,"60",60,0.01491,FALSE,"observed"
"IT",1965,"61",61,0.01632,FALSE,"observed"
"IT",1965,"62",62,0.0183,FALSE,"observed"
"IT",1965,"63",63,0.01951,FALSE,"observed"
"IT",1965,"64",64,0.02134,FALSE,"observed"
"IT",1965,"65",65,0.02346,FALSE,"observed"
"IT",1965,"66",66,0.02591,FALSE,"observed"
"IT",1965,"67",67,0.02924,FALSE,"observed"
"IT",1965,"68",68,0.0315,FALSE,"observed"
"IT",1965,"69",69,0.03369,FALSE,"observed"
"IT",1965,"70",70,0.03847,FALSE,"observed"
"IT",1965,"71",71,0.04208,FALSE,"observed"
"IT",1965,"72",72,0.0466,FALSE,"observed"
"IT",1965,"73",73,0.05192,FALSE,"observed"
"IT",1965,"74",74,0.05589,FALSE,"observed"
"IT",1965,"75",75,0.06288,FALSE,"observed"
"IT",1965,"76",76,0.06788,FALSE,"observed"
"IT",1965,"77",77,0.07768,FALSE,"observed"
"IT",1965,"78",78,0.08672,FALSE,"observed"
"IT",1965,"79",79,0.09438,FALSE,"observed"
"IT",1965,"80",80,0.10791,FALSE,"observed"
"IT",1965,"81",81,0.11836,FALSE,"observed"
"IT",1965,"82",82,0.12939,FALSE,"observed"
"IT",1965,"83",83,0.14746,FALSE,"observed"
"IT",1965,"84",84,0.15635,FALSE,"observed"
"IT",1965,"85",85,0.17745,FALSE,"observed"
"IT",1965,"86",86,0.19331,FALSE,"observed"
"IT",1965,"87",87,0.21032,FALSE,"observed"
"IT",1965,"88",88,0.23488,FALSE,"observed"
"IT",1965,"89",89,0.27145,FALSE,"observed"
"IT",1965,"90",90,0.27147,FALSE,"observed"
"IT",1965,"91",91,0.29771,FALSE,"observed"
"IT",1965,"92",92,0.33637,FALSE,"observed"
"IT",1965,"93",93,0.35628,FALSE,"observed"
"IT",1965,"94",94,0.37374,FALSE,"observed"
"IT",1965,"95",95,0.40988,FALSE,"observed"
"IT",1965,"96",96,0.43836,FALSE,"observed"
"IT",1965,"97",97,0.46725,FALSE,"observed"
"IT",1965,"98",98,0.49634,FALSE,"observed"
"IT",1965,"99",99,0.52546,FALSE,"observed"
"IT",1965,"100",100,0.55441,FALSE,"observed"
"IT",1965,"101",101,0.583,FALSE,"observed"
"IT",1965,"102",102,0.61106,FALSE,"observed"
"IT",1965,"103",103,0.63841,FALSE,"observed"
"IT",1965,"104",104,0.66491,FALSE,"observed"
"IT",1965,"105",105,0.69042,FALSE,"observed"
"IT",1965,"106",106,0.71485,FALSE,"observed"
"IT",1965,"107",107,0.7381,FALSE,"observed"
"IT",1965,"108",108,0.76011,FALSE,"observed"
"IT",1965,"109",109,0.78084,FALSE,"observed"
"IT",1965,"110+",110,0.80027,FALSE,"observed"
"IT",1966,"0",0,0.03541,FALSE,"observed"
"IT",1966,"1",1,0.00237,FALSE,"observed"
"IT",1966,"2",2,0.00111,FALSE,"observed"
"IT",1966,"3",3,0.00077,FALSE,"observed"
"IT",1966,"4",4,0.00066,FALSE,"observed"
"IT",1966,"5",5,0.00059,FALSE,"observed"
"IT",1966,"6",6,0.00049,FALSE,"observed"
"IT",1966,"7",7,0.00042,FALSE,"observed"
"IT",1966,"8",8,0.00041,FALSE,"observed"
"IT",1966,"9",9,4e-04,FALSE,"observed"
"IT",1966,"10",10,0.00033,FALSE,"observed"
"IT",1966,"11",11,0.00039,FALSE,"observed"
"IT",1966,"12",12,4e-04,FALSE,"observed"
"IT",1966,"13",13,0.00043,FALSE,"observed"
"IT",1966,"14",14,5e-04,FALSE,"observed"
"IT",1966,"15",15,0.00062,FALSE,"observed"
"IT",1966,"16",16,7e-04,FALSE,"observed"
"IT",1966,"17",17,0.00077,FALSE,"observed"
"IT",1966,"18",18,0.00078,FALSE,"observed"
"IT",1966,"19",19,0.00088,FALSE,"observed"
"IT",1966,"20",20,0.00086,FALSE,"observed"
"IT",1966,"21",21,0.00076,FALSE,"observed"
"IT",1966,"22",22,0.00092,FALSE,"observed"
"IT",1966,"23",23,0.00089,FALSE,"observed"
"IT",1966,"24",24,0.00096,FALSE,"observed"
"IT",1966,"25",25,0.00085,FALSE,"observed"
"IT",1966,"26",26,0.00094,FALSE,"observed"
"IT",1966,"27",27,0.00094,FALSE,"observed"
"IT",1966,"28",28,0.00101,FALSE,"observed"
"IT",1966,"29",29,0.00107,FALSE,"observed"
"IT",1966,"30",30,0.00109,FALSE,"observed"
"IT",1966,"31",31,0.00116,FALSE,"observed"
"IT",1966,"32",32,0.00121,FALSE,"observed"
"IT",1966,"33",33,0.00131,FALSE,"observed"
"IT",1966,"34",34,0.00141,FALSE,"observed"
"IT",1966,"35",35,0.00149,FALSE,"observed"
"IT",1966,"36",36,0.00156,FALSE,"observed"
"IT",1966,"37",37,0.00176,FALSE,"observed"
"IT",1966,"38",38,0.00187,FALSE,"observed"
"IT",1966,"39",39,0.00194,FALSE,"observed"
"IT",1966,"40",40,0.00225,FALSE,"observed"
"IT",1966,"41",41,0.00242,FALSE,"observed"
"IT",1966,"42",42,0.00271,FALSE,"observed"
"IT",1966,"43",43,0.00286,FALSE,"observed"
"IT",1966,"44",44,0.00316,FALSE,"observed"
"IT",1966,"45",45,0.0035,FALSE,"observed"
"IT",1966,"46",46,0.00388,FALSE,"observed"
"IT",1966,"47",47,0.00404,FALSE,"observed"
"IT",1966,"48",48,0.00456,FALSE,"observed"
"IT",1966,"49",49,0.00484,FALSE,"observed"
"IT",1966,"50",50,0.00552,FALSE,"observed"
"IT",1966,"51",51,0.006,FALSE,"observed"
"IT",1966,"52",52,0.00623,FALSE,"observed"
"IT",1966,"53",53,0.00708,FALSE,"observed"
"IT",1966,"54",54,0.008,FALSE,"observed"
"IT",1966,"55",55,0.00877,FALSE,"observed"
"IT",1966,"56",56,0.00949,FALSE,"observed"
"IT",1966,"57",57,0.01017,FALSE,"observed"
"IT",1966,"58",58,0.01166,FALSE,"observed"
"IT",1966,"59",59,0.01283,FALSE,"observed"
"IT",1966,"60",60,0.01385,FALSE,"observed"
"IT",1966,"61",61,0.01551,FALSE,"observed"
"IT",1966,"62",62,0.01722,FALSE,"observed"
"IT",1966,"63",63,0.01861,FALSE,"observed"
"IT",1966,"64",64,0.02003,FALSE,"observed"
"IT",1966,"65",65,0.02191,FALSE,"observed"
"IT",1966,"66",66,0.02399,FALSE,"observed"
"IT",1966,"67",67,0.02701,FALSE,"observed"
"IT",1966,"68",68,0.0296,FALSE,"observed"
"IT",1966,"69",69,0.03304,FALSE,"observed"
"IT",1966,"70",70,0.03535,FALSE,"observed"
"IT",1966,"71",71,0.03942,FALSE,"observed"
"IT",1966,"72",72,0.0444,FALSE,"observed"
"IT",1966,"73",73,0.04832,FALSE,"observed"
"IT",1966,"74",74,0.0531,FALSE,"observed"
"IT",1966,"75",75,0.05744,FALSE,"observed"
"IT",1966,"76",76,0.06411,FALSE,"observed"
"IT",1966,"77",77,0.07098,FALSE,"observed"
"IT",1966,"78",78,0.07984,FALSE,"observed"
"IT",1966,"79",79,0.08985,FALSE,"observed"
"IT",1966,"80",80,0.1005,FALSE,"observed"
"IT",1966,"81",81,0.10977,FALSE,"observed"
"IT",1966,"82",82,0.12239,FALSE,"observed"
"IT",1966,"83",83,0.13343,FALSE,"observed"
"IT",1966,"84",84,0.15305,FALSE,"observed"
"IT",1966,"85",85,0.15972,FALSE,"observed"
"IT",1966,"86",86,0.17999,FALSE,"observed"
"IT",1966,"87",87,0.19766,FALSE,"observed"
"IT",1966,"88",88,0.21534,FALSE,"observed"
"IT",1966,"89",89,0.24138,FALSE,"observed"
"IT",1966,"90",90,0.26365,FALSE,"observed"
"IT",1966,"91",91,0.2674,FALSE,"observed"
"IT",1966,"92",92,0.29897,FALSE,"observed"
"IT",1966,"93",93,0.33215,FALSE,"observed"
"IT",1966,"94",94,0.35711,FALSE,"observed"
"IT",1966,"95",95,0.37809,FALSE,"observed"
"IT",1966,"96",96,0.40489,FALSE,"observed"
"IT",1966,"97",97,0.43227,FALSE,"observed"
"IT",1966,"98",98,0.46007,FALSE,"observed"
"IT",1966,"99",99,0.48812,FALSE,"observed"
"IT",1966,"100",100,0.51625,FALSE,"observed"
"IT",1966,"101",101,0.54429,FALSE,"observed"
"IT",1966,"102",102,0.57207,FALSE,"observed"
"IT",1966,"103",103,0.59942,FALSE,"observed"
"IT",1966,"104",104,0.62619,FALSE,"observed"
"IT",1966,"105",105,0.65223,FALSE,"observed"
"IT",1966,"106",106,0.67742,FALSE,"observed"
"IT",1966,"107",107,0.70165,FALSE,"observed"
"IT",1966,"108",108,0.72482,FALSE,"observed"
"IT",1966,"109",109,0.74688,FALSE,"observed"
"IT",1966,"110+",110,0.76776,FALSE,"observed"
"IT",1967,"0",0,0.03363,FALSE,"observed"
"IT",1967,"1",1,0.00213,FALSE,"observed"
"IT",1967,"2",2,0.00109,FALSE,"observed"
"IT",1967,"3",3,0.00076,FALSE,"observed"
"IT",1967,"4",4,0.00063,FALSE,"observed"
"IT",1967,"5",5,0.00053,FALSE,"observed"
"IT",1967,"6",6,0.00049,FALSE,"observed"
"IT",1967,"7",7,0.00043,FALSE,"observed"
"IT",1967,"8",8,0.00039,FALSE,"observed"
"IT",1967,"9",9,0.00036,FALSE,"observed"
"IT",1967,"10",10,0.00039,FALSE,"observed"
"IT",1967,"11",11,4e-04,FALSE,"observed"
"IT",1967,"12",12,0.00039,FALSE,"observed"
"IT",1967,"13",13,0.00041,FALSE,"observed"
"IT",1967,"14",14,0.00046,FALSE,"observed"
"IT",1967,"15",15,0.00062,FALSE,"observed"
"IT",1967,"16",16,0.00067,FALSE,"observed"
"IT",1967,"17",17,0.00074,FALSE,"observed"
"IT",1967,"18",18,0.00087,FALSE,"observed"
"IT",1967,"19",19,0.00085,FALSE,"observed"
"IT",1967,"20",20,0.00079,FALSE,"observed"
"IT",1967,"21",21,9e-04,FALSE,"observed"
"IT",1967,"22",22,9e-04,FALSE,"observed"
"IT",1967,"23",23,0.00099,FALSE,"observed"
"IT",1967,"24",24,0.00097,FALSE,"observed"
"IT",1967,"25",25,0.00099,FALSE,"observed"
"IT",1967,"26",26,0.00098,FALSE,"observed"
"IT",1967,"27",27,0.00091,FALSE,"observed"
"IT",1967,"28",28,0.00096,FALSE,"observed"
"IT",1967,"29",29,0.00107,FALSE,"observed"
"IT",1967,"30",30,0.00101,FALSE,"observed"
"IT",1967,"31",31,0.00113,FALSE,"observed"
"IT",1967,"32",32,0.00117,FALSE,"observed"
"IT",1967,"33",33,0.00132,FALSE,"observed"
"IT",1967,"34",34,0.00137,FALSE,"observed"
"IT",1967,"35",35,0.00152,FALSE,"observed"
"IT",1967,"36",36,0.00161,FALSE,"observed"
"IT",1967,"37",37,0.00169,FALSE,"observed"
"IT",1967,"38",38,0.00187,FALSE,"observed"
"IT",1967,"39",39,0.0021,FALSE,"observed"
"IT",1967,"40",40,0.00246,FALSE,"observed"
"IT",1967,"41",41,0.00237,FALSE,"observed"
"IT",1967,"42",42,0.00269,FALSE,"observed"
"IT",1967,"43",43,0.00285,FALSE,"observed"
"IT",1967,"44",44,0.00317,FALSE,"observed"
"IT",1967,"45",45,0.00343,FALSE,"observed"
"IT",1967,"46",46,0.00377,FALSE,"observed"
"IT",1967,"47",47,0.00413,FALSE,"observed"
"IT",1967,"48",48,0.00448,FALSE,"observed"
"IT",1967,"49",49,0.00493,FALSE,"observed"
"IT",1967,"50",50,0.00572,FALSE,"observed"
"IT",1967,"51",51,0.00607,FALSE,"observed"
"IT",1967,"52",52,0.00648,FALSE,"observed"
"IT",1967,"53",53,0.00723,FALSE,"observed"
"IT",1967,"54",54,0.00798,FALSE,"observed"
"IT",1967,"55",55,0.0087,FALSE,"observed"
"IT",1967,"56",56,0.0096,FALSE,"observed"
"IT",1967,"57",57,0.01058,FALSE,"observed"
"IT",1967,"58",58,0.01145,FALSE,"observed"
"IT",1967,"59",59,0.01281,FALSE,"observed"
"IT",1967,"60",60,0.01389,FALSE,"observed"
"IT",1967,"61",61,0.01517,FALSE,"observed"
"IT",1967,"62",62,0.01676,FALSE,"observed"
"IT",1967,"63",63,0.01869,FALSE,"observed"
"IT",1967,"64",64,0.02031,FALSE,"observed"
"IT",1967,"65",65,0.02267,FALSE,"observed"
"IT",1967,"66",66,0.02393,FALSE,"observed"
"IT",1967,"67",67,0.02667,FALSE,"observed"
"IT",1967,"68",68,0.03011,FALSE,"observed"
"IT",1967,"69",69,0.03367,FALSE,"observed"
"IT",1967,"70",70,0.03734,FALSE,"observed"
"IT",1967,"71",71,0.03941,FALSE,"observed"
"IT",1967,"72",72,0.04414,FALSE,"observed"
"IT",1967,"73",73,0.04958,FALSE,"observed"
"IT",1967,"74",74,0.05549,FALSE,"observed"
"IT",1967,"75",75,0.05942,FALSE,"observed"
"IT",1967,"76",76,0.06415,FALSE,"observed"
"IT",1967,"77",77,0.07253,FALSE,"observed"
"IT",1967,"78",78,0.0812,FALSE,"observed"
"IT",1967,"79",79,0.0897,FALSE,"observed"
"IT",1967,"80",80,0.10166,FALSE,"observed"
"IT",1967,"81",81,0.11263,FALSE,"observed"
"IT",1967,"82",82,0.12452,FALSE,"observed"
"IT",1967,"83",83,0.13803,FALSE,"observed"
"IT",1967,"84",84,0.14751,FALSE,"observed"
"IT",1967,"85",85,0.16869,FALSE,"observed"
"IT",1967,"86",86,0.17868,FALSE,"observed"
"IT",1967,"87",87,0.20416,FALSE,"observed"
"IT",1967,"88",88,0.22404,FALSE,"observed"
"IT",1967,"89",89,0.23709,FALSE,"observed"
"IT",1967,"90",90,0.26689,FALSE,"observed"
"IT",1967,"91",91,0.29385,FALSE,"observed"
"IT",1967,"92",92,0.31544,FALSE,"observed"
"IT",1967,"93",93,0.33897,FALSE,"observed"
"IT",1967,"94",94,0.36428,FALSE,"observed"
"IT",1967,"95",95,0.38869,FALSE,"observed"
"IT",1967,"96",96,0.41648,FALSE,"observed"
"IT",1967,"97",97,0.44484,FALSE,"observed"
"IT",1967,"98",98,0.4736,FALSE,"observed"
"IT",1967,"99",99,0.50258,FALSE,"observed"
"IT",1967,"100",100,0.53159,FALSE,"observed"
"IT",1967,"101",101,0.56043,FALSE,"observed"
"IT",1967,"102",102,0.58892,FALSE,"observed"
"IT",1967,"103",103,0.61687,FALSE,"observed"
"IT",1967,"104",104,0.64412,FALSE,"observed"
"IT",1967,"105",105,0.67052,FALSE,"observed"
"IT",1967,"106",106,0.69593,FALSE,"observed"
"IT",1967,"107",107,0.72024,FALSE,"observed"
"IT",1967,"108",108,0.74336,FALSE,"observed"
"IT",1967,"109",109,0.76524,FALSE,"observed"
"IT",1967,"110+",110,0.78582,FALSE,"observed"
"IT",1968,"0",0,0.03309,FALSE,"observed"
"IT",1968,"1",1,0.00206,FALSE,"observed"
"IT",1968,"2",2,0.00104,FALSE,"observed"
"IT",1968,"3",3,8e-04,FALSE,"observed"
"IT",1968,"4",4,0.00065,FALSE,"observed"
"IT",1968,"5",5,0.00055,FALSE,"observed"
"IT",1968,"6",6,0.00047,FALSE,"observed"
"IT",1968,"7",7,4e-04,FALSE,"observed"
"IT",1968,"8",8,0.00041,FALSE,"observed"
"IT",1968,"9",9,0.00042,FALSE,"observed"
"IT",1968,"10",10,0.00038,FALSE,"observed"
"IT",1968,"11",11,0.00036,FALSE,"observed"
"IT",1968,"12",12,4e-04,FALSE,"observed"
"IT",1968,"13",13,0.00044,FALSE,"observed"
"IT",1968,"14",14,0.00057,FALSE,"observed"
"IT",1968,"15",15,0.00061,FALSE,"observed"
"IT",1968,"16",16,0.00076,FALSE,"observed"
"IT",1968,"17",17,0.00071,FALSE,"observed"
"IT",1968,"18",18,0.00085,FALSE,"observed"
"IT",1968,"19",19,0.00084,FALSE,"observed"
"IT",1968,"20",20,0.00075,FALSE,"observed"
"IT",1968,"21",21,0.00086,FALSE,"observed"
"IT",1968,"22",22,0.00086,FALSE,"observed"
"IT",1968,"23",23,0.00092,FALSE,"observed"
"IT",1968,"24",24,0.00087,FALSE,"observed"
"IT",1968,"25",25,0.00091,FALSE,"observed"
"IT",1968,"26",26,0.00089,FALSE,"observed"
"IT",1968,"27",27,0.00091,FALSE,"observed"
"IT",1968,"28",28,0.00092,FALSE,"observed"
"IT",1968,"29",29,0.00101,FALSE,"observed"
"IT",1968,"30",30,0.00107,FALSE,"observed"
"IT",1968,"31",31,0.00107,FALSE,"observed"
"IT",1968,"32",32,0.00122,FALSE,"observed"
"IT",1968,"33",33,0.00132,FALSE,"observed"
"IT",1968,"34",34,0.00133,FALSE,"observed"
"IT",1968,"35",35,0.0015,FALSE,"observed"
"IT",1968,"36",36,0.00156,FALSE,"observed"
"IT",1968,"37",37,0.00167,FALSE,"observed"
"IT",1968,"38",38,0.00195,FALSE,"observed"
"IT",1968,"39",39,0.00196,FALSE,"observed"
"IT",1968,"40",40,0.00229,FALSE,"observed"
"IT",1968,"41",41,0.00238,FALSE,"observed"
"IT",1968,"42",42,0.00266,FALSE,"observed"
"IT",1968,"43",43,0.00297,FALSE,"observed"
"IT",1968,"44",44,0.00328,FALSE,"observed"
"IT",1968,"45",45,0.00359,FALSE,"observed"
"IT",1968,"46",46,0.00392,FALSE,"observed"
"IT",1968,"47",47,0.00417,FALSE,"observed"
"IT",1968,"48",48,0.00457,FALSE,"observed"
"IT",1968,"49",49,0.00505,FALSE,"observed"
"IT",1968,"50",50,0.00559,FALSE,"observed"
"IT",1968,"51",51,0.00591,FALSE,"observed"
"IT",1968,"52",52,0.00674,FALSE,"observed"
"IT",1968,"53",53,0.00745,FALSE,"observed"
"IT",1968,"54",54,0.00795,FALSE,"observed"
"IT",1968,"55",55,0.00864,FALSE,"observed"
"IT",1968,"56",56,0.00984,FALSE,"observed"
"IT",1968,"57",57,0.01076,FALSE,"observed"
"IT",1968,"58",58,0.01169,FALSE,"observed"
"IT",1968,"59",59,0.01278,FALSE,"observed"
"IT",1968,"60",60,0.01433,FALSE,"observed"
"IT",1968,"61",61,0.01551,FALSE,"observed"
"IT",1968,"62",62,0.01702,FALSE,"observed"
"IT",1968,"63",63,0.01885,FALSE,"observed"
"IT",1968,"64",64,0.02049,FALSE,"observed"
"IT",1968,"65",65,0.02331,FALSE,"observed"
"IT",1968,"66",66,0.02504,FALSE,"observed"
"IT",1968,"67",67,0.02713,FALSE,"observed"
"IT",1968,"68",68,0.02951,FALSE,"observed"
"IT",1968,"69",69,0.03402,FALSE,"observed"
"IT",1968,"70",70,0.0388,FALSE,"observed"
"IT",1968,"71",71,0.0416,FALSE,"observed"
"IT",1968,"72",72,0.04564,FALSE,"observed"
"IT",1968,"73",73,0.05052,FALSE,"observed"
"IT",1968,"74",74,0.05562,FALSE,"observed"
"IT",1968,"75",75,0.06305,FALSE,"observed"
"IT",1968,"76",76,0.06957,FALSE,"observed"
"IT",1968,"77",77,0.07334,FALSE,"observed"
"IT",1968,"78",78,0.08339,FALSE,"observed"
"IT",1968,"79",79,0.09227,FALSE,"observed"
"IT",1968,"80",80,0.10882,FALSE,"observed"
"IT",1968,"81",81,0.11524,FALSE,"observed"
"IT",1968,"82",82,0.13037,FALSE,"observed"
"IT",1968,"83",83,0.14442,FALSE,"observed"
"IT",1968,"84",84,0.15944,FALSE,"observed"
"IT",1968,"85",85,0.17099,FALSE,"observed"
"IT",1968,"86",86,0.19743,FALSE,"observed"
"IT",1968,"87",87,0.20727,FALSE,"observed"
"IT",1968,"88",88,0.23955,FALSE,"observed"
"IT",1968,"89",89,0.25651,FALSE,"observed"
"IT",1968,"90",90,0.27872,FALSE,"observed"
"IT",1968,"91",91,0.30945,FALSE,"observed"
"IT",1968,"92",92,0.33113,FALSE,"observed"
"IT",1968,"93",93,0.33994,FALSE,"observed"
"IT",1968,"94",94,0.3814,FALSE,"observed"
"IT",1968,"95",95,0.40645,FALSE,"observed"
"IT",1968,"96",96,0.43486,FALSE,"observed"
"IT",1968,"97",97,0.46372,FALSE,"observed"
"IT",1968,"98",98,0.49284,FALSE,"observed"
"IT",1968,"99",99,0.52205,FALSE,"observed"
"IT",1968,"100",100,0.55113,FALSE,"observed"
"IT",1968,"101",101,0.5799,FALSE,"observed"
"IT",1968,"102",102,0.60818,FALSE,"observed"
"IT",1968,"103",103,0.63578,FALSE,"observed"
"IT",1968,"104",104,0.66256,FALSE,"observed"
"IT",1968,"105",105,0.68837,FALSE,"observed"
"IT",1968,"106",106,0.71309,FALSE,"observed"
"IT",1968,"107",107,0.73664,FALSE,"observed"
"IT",1968,"108",108,0.75894,FALSE,"observed"
"IT",1968,"109",109,0.77995,FALSE,"observed"
"IT",1968,"110+",110,0.79964,FALSE,"observed"
"IT",1969,"0",0,0.03181,FALSE,"observed"
"IT",1969,"1",1,0.00197,FALSE,"observed"
"IT",1969,"2",2,0.00106,FALSE,"observed"
"IT",1969,"3",3,0.00072,FALSE,"observed"
"IT",1969,"4",4,6e-04,FALSE,"observed"
"IT",1969,"5",5,0.00055,FALSE,"observed"
"IT",1969,"6",6,0.00045,FALSE,"observed"
"IT",1969,"7",7,0.00037,FALSE,"observed"
"IT",1969,"8",8,0.00039,FALSE,"observed"
"IT",1969,"9",9,0.00038,FALSE,"observed"
"IT",1969,"10",10,0.00036,FALSE,"observed"
"IT",1969,"11",11,0.00034,FALSE,"observed"
"IT",1969,"12",12,0.00037,FALSE,"observed"
"IT",1969,"13",13,0.00043,FALSE,"observed"
"IT",1969,"14",14,0.00059,FALSE,"observed"
"IT",1969,"15",15,0.00065,FALSE,"observed"
"IT",1969,"16",16,0.00074,FALSE,"observed"
"IT",1969,"17",17,0.00075,FALSE,"observed"
"IT",1969,"18",18,0.00088,FALSE,"observed"
"IT",1969,"19",19,0.00088,FALSE,"observed"
"IT",1969,"20",20,0.00075,FALSE,"observed"
"IT",1969,"21",21,0.00093,FALSE,"observed"
"IT",1969,"22",22,0.00092,FALSE,"observed"
"IT",1969,"23",23,0.00093,FALSE,"observed"
"IT",1969,"24",24,0.00088,FALSE,"observed"
"IT",1969,"25",25,0.00092,FALSE,"observed"
"IT",1969,"26",26,0.00091,FALSE,"observed"
"IT",1969,"27",27,0.00099,FALSE,"observed"
"IT",1969,"28",28,0.00094,FALSE,"observed"
"IT",1969,"29",29,0.00098,FALSE,"observed"
"IT",1969,"30",30,0.00106,FALSE,"observed"
"IT",1969,"31",31,0.0011,FALSE,"observed"
"IT",1969,"32",32,0.00115,FALSE,"observed"
"IT",1969,"33",33,0.00125,FALSE,"observed"
"IT",1969,"34",34,0.00138,FALSE,"observed"
"IT",1969,"35",35,0.00149,FALSE,"observed"
"IT",1969,"36",36,0.00151,FALSE,"observed"
"IT",1969,"37",37,0.00171,FALSE,"observed"
"IT",1969,"38",38,0.00192,FALSE,"observed"
"IT",1969,"39",39,0.00205,FALSE,"observed"
"IT",1969,"40",40,0.00234,FALSE,"observed"
"IT",1969,"41",41,0.0025,FALSE,"observed"
"IT",1969,"42",42,0.00267,FALSE,"observed"
"IT",1969,"43",43,0.00305,FALSE,"observed"
"IT",1969,"44",44,0.00329,FALSE,"observed"
"IT",1969,"45",45,0.00369,FALSE,"observed"
"IT",1969,"46",46,0.0038,FALSE,"observed"
"IT",1969,"47",47,0.00435,FALSE,"observed"
"IT",1969,"48",48,0.0047,FALSE,"observed"
"IT",1969,"49",49,0.00519,FALSE,"observed"
"IT",1969,"50",50,0.00591,FALSE,"observed"
"IT",1969,"51",51,0.00618,FALSE,"observed"
"IT",1969,"52",52,0.00677,FALSE,"observed"
"IT",1969,"53",53,0.00747,FALSE,"observed"
"IT",1969,"54",54,0.00809,FALSE,"observed"
"IT",1969,"55",55,0.00916,FALSE,"observed"
"IT",1969,"56",56,0.00988,FALSE,"observed"
"IT",1969,"57",57,0.01112,FALSE,"observed"
"IT",1969,"58",58,0.01184,FALSE,"observed"
"IT",1969,"59",59,0.01329,FALSE,"observed"
"IT",1969,"60",60,0.01478,FALSE,"observed"
"IT",1969,"61",61,0.01638,FALSE,"observed"
"IT",1969,"62",62,0.01805,FALSE,"observed"
"IT",1969,"63",63,0.01967,FALSE,"observed"
"IT",1969,"64",64,0.02175,FALSE,"observed"
"IT",1969,"65",65,0.02403,FALSE,"observed"
"IT",1969,"66",66,0.0264,FALSE,"observed"
"IT",1969,"67",67,0.02876,FALSE,"observed"
"IT",1969,"68",68,0.03116,FALSE,"observed"
"IT",1969,"69",69,0.03494,FALSE,"observed"
"IT",1969,"70",70,0.04012,FALSE,"observed"
"IT",1969,"71",71,0.04402,FALSE,"observed"
"IT",1969,"72",72,0.04929,FALSE,"observed"
"IT",1969,"73",73,0.05321,FALSE,"observed"
"IT",1969,"74",74,0.05828,FALSE,"observed"
"IT",1969,"75",75,0.06422,FALSE,"observed"
"IT",1969,"76",76,0.06933,FALSE,"observed"
"IT",1969,"77",77,0.07494,FALSE,"observed"
"IT",1969,"78",78,0.07943,FALSE,"observed"
"IT",1969,"79",79,0.08824,FALSE,"observed"
"IT",1969,"80",80,0.09873,FALSE,"observed"
"IT",1969,"81",81,0.10894,FALSE,"observed"
"IT",1969,"82",82,0.12117,FALSE,"observed"
"IT",1969,"83",83,0.13095,FALSE,"observed"
"IT",1969,"84",84,0.1462,FALSE,"observed"
"IT",1969,"85",85,0.16377,FALSE,"observed"
"IT",1969,"86",86,0.17494,FALSE,"observed"
"IT",1969,"87",87,0.1933,FALSE,"observed"
"IT",1969,"88",88,0.20172,FALSE,"observed"
"IT",1969,"89",89,0.23172,FALSE,"observed"
"IT",1969,"90",90,0.24781,FALSE,"observed"
"IT",1969,"91",91,0.26488,FALSE,"observed"
"IT",1969,"92",92,0.29511,FALSE,"observed"
"IT",1969,"93",93,0.31967,FALSE,"observed"
"IT",1969,"94",94,0.33116,FALSE,"observed"
"IT",1969,"95",95,0.36346,FALSE,"observed"
"IT",1969,"96",96,0.38929,FALSE,"observed"
"IT",1969,"97",97,0.4158,FALSE,"observed"
"IT",1969,"98",98,0.44284,FALSE,"observed"
"IT",1969,"99",99,0.47026,FALSE,"observed"
"IT",1969,"100",100,0.49791,FALSE,"observed"
"IT",1969,"101",101,0.52562,FALSE,"observed"
"IT",1969,"102",102,0.55322,FALSE,"observed"
"IT",1969,"103",103,0.58055,FALSE,"observed"
"IT",1969,"104",104,0.60744,FALSE,"observed"
"IT",1969,"105",105,0.63375,FALSE,"observed"
"IT",1969,"106",106,0.65933,FALSE,"observed"
"IT",1969,"107",107,0.68407,FALSE,"observed"
"IT",1969,"108",108,0.70785,FALSE,"observed"
"IT",1969,"109",109,0.73059,FALSE,"observed"
"IT",1969,"110+",110,0.75222,FALSE,"observed"
"IT",1970,"0",0,0.02988,FALSE,"observed"
"IT",1970,"1",1,0.00179,FALSE,"observed"
"IT",1970,"2",2,0.00096,FALSE,"observed"
"IT",1970,"3",3,0.00071,FALSE,"observed"
"IT",1970,"4",4,0.00057,FALSE,"observed"
"IT",1970,"5",5,0.00051,FALSE,"observed"
"IT",1970,"6",6,0.00046,FALSE,"observed"
"IT",1970,"7",7,0.00044,FALSE,"observed"
"IT",1970,"8",8,0.00036,FALSE,"observed"
"IT",1970,"9",9,0.00035,FALSE,"observed"
"IT",1970,"10",10,0.00033,FALSE,"observed"
"IT",1970,"11",11,0.00034,FALSE,"observed"
"IT",1970,"12",12,0.00039,FALSE,"observed"
"IT",1970,"13",13,0.00046,FALSE,"observed"
"IT",1970,"14",14,0.00055,FALSE,"observed"
"IT",1970,"15",15,6e-04,FALSE,"observed"
"IT",1970,"16",16,0.00073,FALSE,"observed"
"IT",1970,"17",17,0.00087,FALSE,"observed"
"IT",1970,"18",18,0.00088,FALSE,"observed"
"IT",1970,"19",19,0.00087,FALSE,"observed"
"IT",1970,"20",20,0.00076,FALSE,"observed"
"IT",1970,"21",21,0.00088,FALSE,"observed"
"IT",1970,"22",22,0.00089,FALSE,"observed"
"IT",1970,"23",23,0.00089,FALSE,"observed"
"IT",1970,"24",24,0.00089,FALSE,"observed"
"IT",1970,"25",25,0.00093,FALSE,"observed"
"IT",1970,"26",26,0.00091,FALSE,"observed"
"IT",1970,"27",27,0.00097,FALSE,"observed"
"IT",1970,"28",28,9e-04,FALSE,"observed"
"IT",1970,"29",29,9e-04,FALSE,"observed"
"IT",1970,"30",30,0.001,FALSE,"observed"
"IT",1970,"31",31,0.00107,FALSE,"observed"
"IT",1970,"32",32,0.00111,FALSE,"observed"
"IT",1970,"33",33,0.00117,FALSE,"observed"
"IT",1970,"34",34,0.00127,FALSE,"observed"
"IT",1970,"35",35,0.0014,FALSE,"observed"
"IT",1970,"36",36,0.00145,FALSE,"observed"
"IT",1970,"37",37,0.00167,FALSE,"observed"
"IT",1970,"38",38,0.00169,FALSE,"observed"
"IT",1970,"39",39,0.00188,FALSE,"observed"
"IT",1970,"40",40,0.0021,FALSE,"observed"
"IT",1970,"41",41,0.00229,FALSE,"observed"
"IT",1970,"42",42,0.00263,FALSE,"observed"
"IT",1970,"43",43,0.00294,FALSE,"observed"
"IT",1970,"44",44,0.00304,FALSE,"observed"
"IT",1970,"45",45,0.0035,FALSE,"observed"
"IT",1970,"46",46,0.00378,FALSE,"observed"
"IT",1970,"47",47,0.00417,FALSE,"observed"
"IT",1970,"48",48,0.00451,FALSE,"observed"
"IT",1970,"49",49,0.00491,FALSE,"observed"
"IT",1970,"50",50,0.00542,FALSE,"observed"
"IT",1970,"51",51,0.00591,FALSE,"observed"
"IT",1970,"52",52,0.00641,FALSE,"observed"
"IT",1970,"53",53,0.00703,FALSE,"observed"
"IT",1970,"54",54,0.00785,FALSE,"observed"
"IT",1970,"55",55,0.00842,FALSE,"observed"
"IT",1970,"56",56,0.00934,FALSE,"observed"
"IT",1970,"57",57,0.01039,FALSE,"observed"
"IT",1970,"58",58,0.01126,FALSE,"observed"
"IT",1970,"59",59,0.0122,FALSE,"observed"
"IT",1970,"60",60,0.0137,FALSE,"observed"
"IT",1970,"61",61,0.01479,FALSE,"observed"
"IT",1970,"62",62,0.0166,FALSE,"observed"
"IT",1970,"63",63,0.01763,FALSE,"observed"
"IT",1970,"64",64,0.02028,FALSE,"observed"
"IT",1970,"65",65,0.0211,FALSE,"observed"
"IT",1970,"66",66,0.02364,FALSE,"observed"
"IT",1970,"67",67,0.02622,FALSE,"observed"
"IT",1970,"68",68,0.02862,FALSE,"observed"
"IT",1970,"69",69,0.03089,FALSE,"observed"
"IT",1970,"70",70,0.03485,FALSE,"observed"
"IT",1970,"71",71,0.0395,FALSE,"observed"
"IT",1970,"72",72,0.0447,FALSE,"observed"
"IT",1970,"73",73,0.04888,FALSE,"observed"
"IT",1970,"74",74,0.05306,FALSE,"observed"
"IT",1970,"75",75,0.05982,FALSE,"observed"
"IT",1970,"76",76,0.06564,FALSE,"observed"
"IT",1970,"77",77,0.07276,FALSE,"observed"
"IT",1970,"78",78,0.07992,FALSE,"observed"
"IT",1970,"79",79,0.08687,FALSE,"observed"
"IT",1970,"80",80,0.09787,FALSE,"observed"
"IT",1970,"81",81,0.10807,FALSE,"observed"
"IT",1970,"82",82,0.12096,FALSE,"observed"
"IT",1970,"83",83,0.13057,FALSE,"observed"
"IT",1970,"84",84,0.14462,FALSE,"observed"
"IT",1970,"85",85,0.16122,FALSE,"observed"
"IT",1970,"86",86,0.17496,FALSE,"observed"
"IT",1970,"87",87,0.19228,FALSE,"observed"
"IT",1970,"88",88,0.20956,FALSE,"observed"
"IT",1970,"89",89,0.21804,FALSE,"observed"
"IT",1970,"90",90,0.25876,FALSE,"observed"
"IT",1970,"91",91,0.27631,FALSE,"observed"
"IT",1970,"92",92,0.3055,FALSE,"observed"
"IT",1970,"93",93,0.32752,FALSE,"observed"
"IT",1970,"94",94,0.36809,FALSE,"observed"
"IT",1970,"95",95,0.37237,FALSE,"observed"
"IT",1970,"96",96,0.39925,FALSE,"observed"
"IT",1970,"97",97,0.42677,FALSE,"observed"
"IT",1970,"98",98,0.45477,FALSE,"observed"
"IT",1970,"99",99,0.48308,FALSE,"observed"
"IT",1970,"100",100,0.51152,FALSE,"observed"
"IT",1970,"101",101,0.53991,FALSE,"observed"
"IT",1970,"102",102,0.56807,FALSE,"observed"
"IT",1970,"103",103,0.59583,FALSE,"observed"
"IT",1970,"104",104,0.62302,FALSE,"observed"
"IT",1970,"105",105,0.64948,FALSE,"observed"
"IT",1970,"106",106,0.67509,FALSE,"observed"
"IT",1970,"107",107,0.69972,FALSE,"observed"
"IT",1970,"108",108,0.72328,FALSE,"observed"
"IT",1970,"109",109,0.74569,FALSE,"observed"
"IT",1970,"110+",110,0.7669,FALSE,"observed"
"IT",1971,"0",0,0.0295,FALSE,"observed"
"IT",1971,"1",1,0.0015,FALSE,"observed"
"IT",1971,"2",2,0.00094,FALSE,"observed"
"IT",1971,"3",3,0.00065,FALSE,"observed"
"IT",1971,"4",4,0.00057,FALSE,"observed"
"IT",1971,"5",5,0.00049,FALSE,"observed"
"IT",1971,"6",6,0.00045,FALSE,"observed"
"IT",1971,"7",7,0.00041,FALSE,"observed"
"IT",1971,"8",8,0.00038,FALSE,"observed"
"IT",1971,"9",9,0.00032,FALSE,"observed"
"IT",1971,"10",10,0.00033,FALSE,"observed"
"IT",1971,"11",11,0.00033,FALSE,"observed"
"IT",1971,"12",12,0.00036,FALSE,"observed"
"IT",1971,"13",13,0.00042,FALSE,"observed"
"IT",1971,"14",14,0.00052,FALSE,"observed"
"IT",1971,"15",15,0.00058,FALSE,"observed"
"IT",1971,"16",16,0.00067,FALSE,"observed"
"IT",1971,"17",17,0.00082,FALSE,"observed"
"IT",1971,"18",18,0.00088,FALSE,"observed"
"IT",1971,"19",19,0.00083,FALSE,"observed"
"IT",1971,"20",20,0.00085,FALSE,"observed"
"IT",1971,"21",21,9e-04,FALSE,"observed"
"IT",1971,"22",22,0.00086,FALSE,"observed"
"IT",1971,"23",23,0.00084,FALSE,"observed"
"IT",1971,"24",24,0.00089,FALSE,"observed"
"IT",1971,"25",25,0.00091,FALSE,"observed"
"IT",1971,"26",26,9e-04,FALSE,"observed"
"IT",1971,"27",27,0.00082,FALSE,"observed"
"IT",1971,"28",28,0.00096,FALSE,"observed"
"IT",1971,"29",29,0.00099,FALSE,"observed"
"IT",1971,"30",30,0.00095,FALSE,"observed"
"IT",1971,"31",31,0.00097,FALSE,"observed"
"IT",1971,"32",32,0.00107,FALSE,"observed"
"IT",1971,"33",33,0.00116,FALSE,"observed"
"IT",1971,"34",34,0.00115,FALSE,"observed"
"IT",1971,"35",35,0.00133,FALSE,"observed"
"IT",1971,"36",36,0.00143,FALSE,"observed"
"IT",1971,"37",37,0.00165,FALSE,"observed"
"IT",1971,"38",38,0.00186,FALSE,"observed"
"IT",1971,"39",39,0.00193,FALSE,"observed"
"IT",1971,"40",40,0.00206,FALSE,"observed"
"IT",1971,"41",41,0.00228,FALSE,"observed"
"IT",1971,"42",42,0.00239,FALSE,"observed"
"IT",1971,"43",43,0.00282,FALSE,"observed"
"IT",1971,"44",44,0.00304,FALSE,"observed"
"IT",1971,"45",45,0.0035,FALSE,"observed"
"IT",1971,"46",46,0.00377,FALSE,"observed"
"IT",1971,"47",47,0.00397,FALSE,"observed"
"IT",1971,"48",48,0.00447,FALSE,"observed"
"IT",1971,"49",49,0.00482,FALSE,"observed"
"IT",1971,"50",50,0.00543,FALSE,"observed"
"IT",1971,"51",51,0.00592,FALSE,"observed"
"IT",1971,"52",52,0.00654,FALSE,"observed"
"IT",1971,"53",53,0.00667,FALSE,"observed"
"IT",1971,"54",54,0.00783,FALSE,"observed"
"IT",1971,"55",55,0.00836,FALSE,"observed"
"IT",1971,"56",56,0.00926,FALSE,"observed"
"IT",1971,"57",57,0.00993,FALSE,"observed"
"IT",1971,"58",58,0.01104,FALSE,"observed"
"IT",1971,"59",59,0.01229,FALSE,"observed"
"IT",1971,"60",60,0.01321,FALSE,"observed"
"IT",1971,"61",61,0.01442,FALSE,"observed"
"IT",1971,"62",62,0.01611,FALSE,"observed"
"IT",1971,"63",63,0.01815,FALSE,"observed"
"IT",1971,"64",64,0.01938,FALSE,"observed"
"IT",1971,"65",65,0.02126,FALSE,"observed"
"IT",1971,"66",66,0.02298,FALSE,"observed"
"IT",1971,"67",67,0.02534,FALSE,"observed"
"IT",1971,"68",68,0.02775,FALSE,"observed"
"IT",1971,"69",69,0.03032,FALSE,"observed"
"IT",1971,"70",70,0.03277,FALSE,"observed"
"IT",1971,"71",71,0.03682,FALSE,"observed"
"IT",1971,"72",72,0.04255,FALSE,"observed"
"IT",1971,"73",73,0.04793,FALSE,"observed"
"IT",1971,"74",74,0.05336,FALSE,"observed"
"IT",1971,"75",75,0.05693,FALSE,"observed"
"IT",1971,"76",76,0.06408,FALSE,"observed"
"IT",1971,"77",77,0.07149,FALSE,"observed"
"IT",1971,"78",78,0.0793,FALSE,"observed"
"IT",1971,"79",79,0.0872,FALSE,"observed"
"IT",1971,"80",80,0.09735,FALSE,"observed"
"IT",1971,"81",81,0.10835,FALSE,"observed"
"IT",1971,"82",82,0.11868,FALSE,"observed"
"IT",1971,"83",83,0.13315,FALSE,"observed"
"IT",1971,"84",84,0.14545,FALSE,"observed"
"IT",1971,"85",85,0.16007,FALSE,"observed"
"IT",1971,"86",86,0.17451,FALSE,"observed"
"IT",1971,"87",87,0.19209,FALSE,"observed"
"IT",1971,"88",88,0.2082,FALSE,"observed"
"IT",1971,"89",89,0.23411,FALSE,"observed"
"IT",1971,"90",90,0.24296,FALSE,"observed"
"IT",1971,"91",91,0.2768,FALSE,"observed"
"IT",1971,"92",92,0.29334,FALSE,"observed"
"IT",1971,"93",93,0.32385,FALSE,"observed"
"IT",1971,"94",94,0.33832,FALSE,"observed"
"IT",1971,"95",95,0.37047,FALSE,"observed"
"IT",1971,"96",96,0.39729,FALSE,"observed"
"IT",1971,"97",97,0.42476,FALSE,"observed"
"IT",1971,"98",98,0.45274,FALSE,"observed"
"IT",1971,"99",99,0.48106,FALSE,"observed"
"IT",1971,"100",100,0.50954,FALSE,"observed"
"IT",1971,"101",101,0.538,FALSE,"observed"
"IT",1971,"102",102,0.56625,FALSE,"observed"
"IT",1971,"103",103,0.59412,FALSE,"observed"
"IT",1971,"104",104,0.62144,FALSE,"observed"
"IT",1971,"105",105,0.64805,FALSE,"observed"
"IT",1971,"106",106,0.67381,FALSE,"observed"
"IT",1971,"107",107,0.6986,FALSE,"observed"
"IT",1971,"108",108,0.72232,FALSE,"observed"
"IT",1971,"109",109,0.74489,FALSE,"observed"
"IT",1971,"110+",110,0.76626,FALSE,"observed"
"IT",1972,"0",0,0.02753,FALSE,"observed"
"IT",1972,"1",1,0.00139,FALSE,"observed"
"IT",1972,"2",2,0.00081,FALSE,"observed"
"IT",1972,"3",3,0.00059,FALSE,"observed"
"IT",1972,"4",4,0.00054,FALSE,"observed"
"IT",1972,"5",5,0.00044,FALSE,"observed"
"IT",1972,"6",6,0.00044,FALSE,"observed"
"IT",1972,"7",7,4e-04,FALSE,"observed"
"IT",1972,"8",8,0.00038,FALSE,"observed"
"IT",1972,"9",9,0.00034,FALSE,"observed"
"IT",1972,"10",10,0.00033,FALSE,"observed"
"IT",1972,"11",11,0.00035,FALSE,"observed"
"IT",1972,"12",12,0.00035,FALSE,"observed"
"IT",1972,"13",13,0.00038,FALSE,"observed"
"IT",1972,"14",14,5e-04,FALSE,"observed"
"IT",1972,"15",15,0.00062,FALSE,"observed"
"IT",1972,"16",16,0.00073,FALSE,"observed"
"IT",1972,"17",17,0.00076,FALSE,"observed"
"IT",1972,"18",18,0.00095,FALSE,"observed"
"IT",1972,"19",19,0.00087,FALSE,"observed"
"IT",1972,"20",20,0.00086,FALSE,"observed"
"IT",1972,"21",21,0.00094,FALSE,"observed"
"IT",1972,"22",22,9e-04,FALSE,"observed"
"IT",1972,"23",23,0.00081,FALSE,"observed"
"IT",1972,"24",24,0.00089,FALSE,"observed"
"IT",1972,"25",25,0.00083,FALSE,"observed"
"IT",1972,"26",26,0.00086,FALSE,"observed"
"IT",1972,"27",27,0.00092,FALSE,"observed"
"IT",1972,"28",28,0.00095,FALSE,"observed"
"IT",1972,"29",29,0.00093,FALSE,"observed"
"IT",1972,"30",30,0.00098,FALSE,"observed"
"IT",1972,"31",31,0.001,FALSE,"observed"
"IT",1972,"32",32,0.00108,FALSE,"observed"
"IT",1972,"33",33,0.00119,FALSE,"observed"
"IT",1972,"34",34,0.00126,FALSE,"observed"
"IT",1972,"35",35,0.00133,FALSE,"observed"
"IT",1972,"36",36,0.00142,FALSE,"observed"
"IT",1972,"37",37,0.00154,FALSE,"observed"
"IT",1972,"38",38,0.00165,FALSE,"observed"
"IT",1972,"39",39,0.002,FALSE,"observed"
"IT",1972,"40",40,0.00212,FALSE,"observed"
"IT",1972,"41",41,0.00225,FALSE,"observed"
"IT",1972,"42",42,0.00244,FALSE,"observed"
"IT",1972,"43",43,0.00272,FALSE,"observed"
"IT",1972,"44",44,0.00304,FALSE,"observed"
"IT",1972,"45",45,0.00328,FALSE,"observed"
"IT",1972,"46",46,0.00378,FALSE,"observed"
"IT",1972,"47",47,0.00426,FALSE,"observed"
"IT",1972,"48",48,0.0045,FALSE,"observed"
"IT",1972,"49",49,0.00505,FALSE,"observed"
"IT",1972,"50",50,0.00536,FALSE,"observed"
"IT",1972,"51",51,0.00608,FALSE,"observed"
"IT",1972,"52",52,0.00642,FALSE,"observed"
"IT",1972,"53",53,0.00718,FALSE,"observed"
"IT",1972,"54",54,0.00766,FALSE,"observed"
"IT",1972,"55",55,0.00819,FALSE,"observed"
"IT",1972,"56",56,0.00928,FALSE,"observed"
"IT",1972,"57",57,0.00987,FALSE,"observed"
"IT",1972,"58",58,0.01089,FALSE,"observed"
"IT",1972,"59",59,0.01222,FALSE,"observed"
"IT",1972,"60",60,0.01343,FALSE,"observed"
"IT",1972,"61",61,0.01414,FALSE,"observed"
"IT",1972,"62",62,0.01606,FALSE,"observed"
"IT",1972,"63",63,0.01703,FALSE,"observed"
"IT",1972,"64",64,0.01972,FALSE,"observed"
"IT",1972,"65",65,0.0212,FALSE,"observed"
"IT",1972,"66",66,0.02315,FALSE,"observed"
"IT",1972,"67",67,0.02521,FALSE,"observed"
"IT",1972,"68",68,0.02772,FALSE,"observed"
"IT",1972,"69",69,0.03051,FALSE,"observed"
"IT",1972,"70",70,0.03318,FALSE,"observed"
"IT",1972,"71",71,0.03608,FALSE,"observed"
"IT",1972,"72",72,0.04086,FALSE,"observed"
"IT",1972,"73",73,0.04654,FALSE,"observed"
"IT",1972,"74",74,0.05324,FALSE,"observed"
"IT",1972,"75",75,0.05816,FALSE,"observed"
"IT",1972,"76",76,0.06263,FALSE,"observed"
"IT",1972,"77",77,0.06987,FALSE,"observed"
"IT",1972,"78",78,0.07821,FALSE,"observed"
"IT",1972,"79",79,0.08535,FALSE,"observed"
"IT",1972,"80",80,0.09304,FALSE,"observed"
"IT",1972,"81",81,0.10349,FALSE,"observed"
"IT",1972,"82",82,0.11557,FALSE,"observed"
"IT",1972,"83",83,0.12693,FALSE,"observed"
"IT",1972,"84",84,0.14127,FALSE,"observed"
"IT",1972,"85",85,0.1561,FALSE,"observed"
"IT",1972,"86",86,0.16836,FALSE,"observed"
"IT",1972,"87",87,0.18367,FALSE,"observed"
"IT",1972,"88",88,0.20222,FALSE,"observed"
"IT",1972,"89",89,0.22107,FALSE,"observed"
"IT",1972,"90",90,0.24263,FALSE,"observed"
"IT",1972,"91",91,0.25448,FALSE,"observed"
"IT",1972,"92",92,0.2937,FALSE,"observed"
"IT",1972,"93",93,0.30854,FALSE,"observed"
"IT",1972,"94",94,0.33618,FALSE,"observed"
"IT",1972,"95",95,0.36003,FALSE,"observed"
"IT",1972,"96",96,0.38655,FALSE,"observed"
"IT",1972,"97",97,0.41378,FALSE,"observed"
"IT",1972,"98",98,0.44157,FALSE,"observed"
"IT",1972,"99",99,0.46976,FALSE,"observed"
"IT",1972,"100",100,0.49817,FALSE,"observed"
"IT",1972,"101",101,0.52662,FALSE,"observed"
"IT",1972,"102",102,0.55493,FALSE,"observed"
"IT",1972,"103",103,0.58292,FALSE,"observed"
"IT",1972,"104",104,0.6104,FALSE,"observed"
"IT",1972,"105",105,0.63723,FALSE,"observed"
"IT",1972,"106",106,0.66325,FALSE,"observed"
"IT",1972,"107",107,0.68835,FALSE,"observed"
"IT",1972,"108",108,0.71241,FALSE,"observed"
"IT",1972,"109",109,0.73535,FALSE,"observed"
"IT",1972,"110+",110,0.75711,FALSE,"observed"
"IT",1973,"0",0,0.02647,FALSE,"observed"
"IT",1973,"1",1,0.00121,FALSE,"observed"
"IT",1973,"2",2,0.00075,FALSE,"observed"
"IT",1973,"3",3,0.00061,FALSE,"observed"
"IT",1973,"4",4,5e-04,FALSE,"observed"
"IT",1973,"5",5,0.00048,FALSE,"observed"
"IT",1973,"6",6,0.00042,FALSE,"observed"
"IT",1973,"7",7,0.00036,FALSE,"observed"
"IT",1973,"8",8,0.00035,FALSE,"observed"
"IT",1973,"9",9,0.00035,FALSE,"observed"
"IT",1973,"10",10,0.00036,FALSE,"observed"
"IT",1973,"11",11,0.00034,FALSE,"observed"
"IT",1973,"12",12,0.00036,FALSE,"observed"
"IT",1973,"13",13,0.00038,FALSE,"observed"
"IT",1973,"14",14,0.00049,FALSE,"observed"
"IT",1973,"15",15,0.00061,FALSE,"observed"
"IT",1973,"16",16,0.00066,FALSE,"observed"
"IT",1973,"17",17,0.00081,FALSE,"observed"
"IT",1973,"18",18,0.00087,FALSE,"observed"
"IT",1973,"19",19,0.00088,FALSE,"observed"
"IT",1973,"20",20,0.00076,FALSE,"observed"
"IT",1973,"21",21,0.00083,FALSE,"observed"
"IT",1973,"22",22,0.00082,FALSE,"observed"
"IT",1973,"23",23,0.00091,FALSE,"observed"
"IT",1973,"24",24,0.00085,FALSE,"observed"
"IT",1973,"25",25,0.00088,FALSE,"observed"
"IT",1973,"26",26,0.00086,FALSE,"observed"
"IT",1973,"27",27,0.00084,FALSE,"observed"
"IT",1973,"28",28,8e-04,FALSE,"observed"
"IT",1973,"29",29,0.001,FALSE,"observed"
"IT",1973,"30",30,0.00097,FALSE,"observed"
"IT",1973,"31",31,0.00104,FALSE,"observed"
"IT",1973,"32",32,0.00098,FALSE,"observed"
"IT",1973,"33",33,0.00113,FALSE,"observed"
"IT",1973,"34",34,0.00114,FALSE,"observed"
"IT",1973,"35",35,0.00127,FALSE,"observed"
"IT",1973,"36",36,0.00138,FALSE,"observed"
"IT",1973,"37",37,0.00147,FALSE,"observed"
"IT",1973,"38",38,0.00167,FALSE,"observed"
"IT",1973,"39",39,0.00185,FALSE,"observed"
"IT",1973,"40",40,0.00209,FALSE,"observed"
"IT",1973,"41",41,0.00222,FALSE,"observed"
"IT",1973,"42",42,0.00236,FALSE,"observed"
"IT",1973,"43",43,0.00269,FALSE,"observed"
"IT",1973,"44",44,0.00294,FALSE,"observed"
"IT",1973,"45",45,0.0034,FALSE,"observed"
"IT",1973,"46",46,0.00368,FALSE,"observed"
"IT",1973,"47",47,0.00414,FALSE,"observed"
"IT",1973,"48",48,0.00455,FALSE,"observed"
"IT",1973,"49",49,0.00493,FALSE,"observed"
"IT",1973,"50",50,0.00516,FALSE,"observed"
"IT",1973,"51",51,0.00589,FALSE,"observed"
"IT",1973,"52",52,0.0065,FALSE,"observed"
"IT",1973,"53",53,0.00699,FALSE,"observed"
"IT",1973,"54",54,0.00772,FALSE,"observed"
"IT",1973,"55",55,0.00836,FALSE,"observed"
"IT",1973,"56",56,0.00892,FALSE,"observed"
"IT",1973,"57",57,0.00997,FALSE,"observed"
"IT",1973,"58",58,0.01076,FALSE,"observed"
"IT",1973,"59",59,0.012,FALSE,"observed"
"IT",1973,"60",60,0.0132,FALSE,"observed"
"IT",1973,"61",61,0.01448,FALSE,"observed"
"IT",1973,"62",62,0.0158,FALSE,"observed"
"IT",1973,"63",63,0.01783,FALSE,"observed"
"IT",1973,"64",64,0.01899,FALSE,"observed"
"IT",1973,"65",65,0.02129,FALSE,"observed"
"IT",1973,"66",66,0.02315,FALSE,"observed"
"IT",1973,"67",67,0.02568,FALSE,"observed"
"IT",1973,"68",68,0.02817,FALSE,"observed"
"IT",1973,"69",69,0.03122,FALSE,"observed"
"IT",1973,"70",70,0.03455,FALSE,"observed"
"IT",1973,"71",71,0.03722,FALSE,"observed"
"IT",1973,"72",72,0.04045,FALSE,"observed"
"IT",1973,"73",73,0.04614,FALSE,"observed"
"IT",1973,"74",74,0.05334,FALSE,"observed"
"IT",1973,"75",75,0.05967,FALSE,"observed"
"IT",1973,"76",76,0.06708,FALSE,"observed"
"IT",1973,"77",77,0.07238,FALSE,"observed"
"IT",1973,"78",78,0.0811,FALSE,"observed"
"IT",1973,"79",79,0.09049,FALSE,"observed"
"IT",1973,"80",80,0.1001,FALSE,"observed"
"IT",1973,"81",81,0.10912,FALSE,"observed"
"IT",1973,"82",82,0.12141,FALSE,"observed"
"IT",1973,"83",83,0.13768,FALSE,"observed"
"IT",1973,"84",84,0.1498,FALSE,"observed"
"IT",1973,"85",85,0.16491,FALSE,"observed"
"IT",1973,"86",86,0.18366,FALSE,"observed"
"IT",1973,"87",87,0.20146,FALSE,"observed"
"IT",1973,"88",88,0.21896,FALSE,"observed"
"IT",1973,"89",89,0.24369,FALSE,"observed"
"IT",1973,"90",90,0.26323,FALSE,"observed"
"IT",1973,"91",91,0.29574,FALSE,"observed"
"IT",1973,"92",92,0.30607,FALSE,"observed"
"IT",1973,"93",93,0.34927,FALSE,"observed"
"IT",1973,"94",94,0.35964,FALSE,"observed"
"IT",1973,"95",95,0.39408,FALSE,"observed"
"IT",1973,"96",96,0.42283,FALSE,"observed"
"IT",1973,"97",97,0.45215,FALSE,"observed"
"IT",1973,"98",98,0.48182,FALSE,"observed"
"IT",1973,"99",99,0.51165,FALSE,"observed"
"IT",1973,"100",100,0.54142,FALSE,"observed"
"IT",1973,"101",101,0.57092,FALSE,"observed"
"IT",1973,"102",102,0.59995,FALSE,"observed"
"IT",1973,"103",103,0.62831,FALSE,"observed"
"IT",1973,"104",104,0.65584,FALSE,"observed"
"IT",1973,"105",105,0.68237,FALSE,"observed"
"IT",1973,"106",106,0.7078,FALSE,"observed"
"IT",1973,"107",107,0.732,FALSE,"observed"
"IT",1973,"108",108,0.75491,FALSE,"observed"
"IT",1973,"109",109,0.77647,FALSE,"observed"
"IT",1973,"110+",110,0.79666,FALSE,"observed"
"IT",1974,"0",0,0.02335,FALSE,"observed"
"IT",1974,"1",1,0.00106,FALSE,"observed"
"IT",1974,"2",2,0.00061,FALSE,"observed"
"IT",1974,"3",3,0.00049,FALSE,"observed"
"IT",1974,"4",4,0.00041,FALSE,"observed"
"IT",1974,"5",5,0.00038,FALSE,"observed"
"IT",1974,"6",6,0.00036,FALSE,"observed"
"IT",1974,"7",7,0.00037,FALSE,"observed"
"IT",1974,"8",8,0.00032,FALSE,"observed"
"IT",1974,"9",9,0.00031,FALSE,"observed"
"IT",1974,"10",10,0.00027,FALSE,"observed"
"IT",1974,"11",11,3e-04,FALSE,"observed"
"IT",1974,"12",12,0.00033,FALSE,"observed"
"IT",1974,"13",13,0.00034,FALSE,"observed"
"IT",1974,"14",14,4e-04,FALSE,"observed"
"IT",1974,"15",15,0.00054,FALSE,"observed"
"IT",1974,"16",16,0.00064,FALSE,"observed"
"IT",1974,"17",17,0.00068,FALSE,"observed"
"IT",1974,"18",18,0.00079,FALSE,"observed"
"IT",1974,"19",19,8e-04,FALSE,"observed"
"IT",1974,"20",20,7e-04,FALSE,"observed"
"IT",1974,"21",21,0.00075,FALSE,"observed"
"IT",1974,"22",22,0.00076,FALSE,"observed"
"IT",1974,"23",23,0.00073,FALSE,"observed"
"IT",1974,"24",24,0.00074,FALSE,"observed"
"IT",1974,"25",25,0.00074,FALSE,"observed"
"IT",1974,"26",26,0.00077,FALSE,"observed"
"IT",1974,"27",27,0.00076,FALSE,"observed"
"IT",1974,"28",28,0.00078,FALSE,"observed"
"IT",1974,"29",29,8e-04,FALSE,"observed"
"IT",1974,"30",30,0.00084,FALSE,"observed"
"IT",1974,"31",31,0.00095,FALSE,"observed"
"IT",1974,"32",32,0.00099,FALSE,"observed"
"IT",1974,"33",33,0.00104,FALSE,"observed"
"IT",1974,"34",34,0.00116,FALSE,"observed"
"IT",1974,"35",35,0.00124,FALSE,"observed"
"IT",1974,"36",36,0.00136,FALSE,"observed"
"IT",1974,"37",37,0.00139,FALSE,"observed"
"IT",1974,"38",38,0.00155,FALSE,"observed"
"IT",1974,"39",39,0.00165,FALSE,"observed"
"IT",1974,"40",40,0.00193,FALSE,"observed"
"IT",1974,"41",41,0.00218,FALSE,"observed"
"IT",1974,"42",42,0.00222,FALSE,"observed"
"IT",1974,"43",43,0.00264,FALSE,"observed"
"IT",1974,"44",44,0.0029,FALSE,"observed"
"IT",1974,"45",45,0.00322,FALSE,"observed"
"IT",1974,"46",46,0.00382,FALSE,"observed"
"IT",1974,"47",47,0.0041,FALSE,"observed"
"IT",1974,"48",48,0.00441,FALSE,"observed"
"IT",1974,"49",49,0.00498,FALSE,"observed"
"IT",1974,"50",50,0.00533,FALSE,"observed"
"IT",1974,"51",51,0.00571,FALSE,"observed"
"IT",1974,"52",52,0.00643,FALSE,"observed"
"IT",1974,"53",53,0.00686,FALSE,"observed"
"IT",1974,"54",54,0.00756,FALSE,"observed"
"IT",1974,"55",55,0.00819,FALSE,"observed"
"IT",1974,"56",56,0.00899,FALSE,"observed"
"IT",1974,"57",57,0.0096,FALSE,"observed"
"IT",1974,"58",58,0.01075,FALSE,"observed"
"IT",1974,"59",59,0.01159,FALSE,"observed"
"IT",1974,"60",60,0.01313,FALSE,"observed"
"IT",1974,"61",61,0.01404,FALSE,"observed"
"IT",1974,"62",62,0.01549,FALSE,"observed"
"IT",1974,"63",63,0.01675,FALSE,"observed"
"IT",1974,"64",64,0.01868,FALSE,"observed"
"IT",1974,"65",65,0.02075,FALSE,"observed"
"IT",1974,"66",66,0.02315,FALSE,"observed"
"IT",1974,"67",67,0.02508,FALSE,"observed"
"IT",1974,"68",68,0.02684,FALSE,"observed"
"IT",1974,"69",69,0.03003,FALSE,"observed"
"IT",1974,"70",70,0.03303,FALSE,"observed"
"IT",1974,"71",71,0.03663,FALSE,"observed"
"IT",1974,"72",72,0.04062,FALSE,"observed"
"IT",1974,"73",73,0.04336,FALSE,"observed"
"IT",1974,"74",74,0.04888,FALSE,"observed"
"IT",1974,"75",75,0.05676,FALSE,"observed"
"IT",1974,"76",76,0.06445,FALSE,"observed"
"IT",1974,"77",77,0.07113,FALSE,"observed"
"IT",1974,"78",78,0.07503,FALSE,"observed"
"IT",1974,"79",79,0.08493,FALSE,"observed"
"IT",1974,"80",80,0.09437,FALSE,"observed"
"IT",1974,"81",81,0.10393,FALSE,"observed"
"IT",1974,"82",82,0.11545,FALSE,"observed"
"IT",1974,"83",83,0.12805,FALSE,"observed"
"IT",1974,"84",84,0.14312,FALSE,"observed"
"IT",1974,"85",85,0.15571,FALSE,"observed"
"IT",1974,"86",86,0.17498,FALSE,"observed"
"IT",1974,"87",87,0.18793,FALSE,"observed"
"IT",1974,"88",88,0.20612,FALSE,"observed"
"IT",1974,"89",89,0.2315,FALSE,"observed"
"IT",1974,"90",90,0.25233,FALSE,"observed"
"IT",1974,"91",91,0.27149,FALSE,"observed"
"IT",1974,"92",92,0.2974,FALSE,"observed"
"IT",1974,"93",93,0.30927,FALSE,"observed"
"IT",1974,"94",94,0.3627,FALSE,"observed"
"IT",1974,"95",95,0.37556,FALSE,"observed"
"IT",1974,"96",96,0.40361,FALSE,"observed"
"IT",1974,"97",97,0.43233,FALSE,"observed"
"IT",1974,"98",98,0.46153,FALSE,"observed"
"IT",1974,"99",99,0.49103,FALSE,"observed"
"IT",1974,"100",100,0.52062,FALSE,"observed"
"IT",1974,"101",101,0.55009,FALSE,"observed"
"IT",1974,"102",102,0.57924,FALSE,"observed"
"IT",1974,"103",103,0.60787,FALSE,"observed"
"IT",1974,"104",104,0.63581,FALSE,"observed"
"IT",1974,"105",105,0.66288,FALSE,"observed"
"IT",1974,"106",106,0.68894,FALSE,"observed"
"IT",1974,"107",107,0.71387,FALSE,"observed"
"IT",1974,"108",108,0.73759,FALSE,"observed"
"IT",1974,"109",109,0.76002,FALSE,"observed"
"IT",1974,"110+",110,0.78112,FALSE,"observed"
"IT",1975,"0",0,0.02089,FALSE,"observed"
"IT",1975,"1",1,0.00096,FALSE,"observed"
"IT",1975,"2",2,0.00061,FALSE,"observed"
"IT",1975,"3",3,0.00048,FALSE,"observed"
"IT",1975,"4",4,0.00045,FALSE,"observed"
"IT",1975,"5",5,0.00036,FALSE,"observed"
"IT",1975,"6",6,0.00041,FALSE,"observed"
"IT",1975,"7",7,3e-04,FALSE,"observed"
"IT",1975,"8",8,0.00033,FALSE,"observed"
"IT",1975,"9",9,0.00029,FALSE,"observed"
"IT",1975,"10",10,0.00028,FALSE,"observed"
"IT",1975,"11",11,0.00029,FALSE,"observed"
"IT",1975,"12",12,0.00033,FALSE,"observed"
"IT",1975,"13",13,0.00034,FALSE,"observed"
"IT",1975,"14",14,0.00045,FALSE,"observed"
"IT",1975,"15",15,0.00054,FALSE,"observed"
"IT",1975,"16",16,0.00065,FALSE,"observed"
"IT",1975,"17",17,0.00069,FALSE,"observed"
"IT",1975,"18",18,0.00085,FALSE,"observed"
"IT",1975,"19",19,0.00082,FALSE,"observed"
"IT",1975,"20",20,0.00083,FALSE,"observed"
"IT",1975,"21",21,0.00081,FALSE,"observed"
"IT",1975,"22",22,0.00079,FALSE,"observed"
"IT",1975,"23",23,0.00079,FALSE,"observed"
"IT",1975,"24",24,0.00074,FALSE,"observed"
"IT",1975,"25",25,0.00075,FALSE,"observed"
"IT",1975,"26",26,0.00075,FALSE,"observed"
"IT",1975,"27",27,0.00076,FALSE,"observed"
"IT",1975,"28",28,0.00081,FALSE,"observed"
"IT",1975,"29",29,8e-04,FALSE,"observed"
"IT",1975,"30",30,0.00087,FALSE,"observed"
"IT",1975,"31",31,9e-04,FALSE,"observed"
"IT",1975,"32",32,0.00095,FALSE,"observed"
"IT",1975,"33",33,0.001,FALSE,"observed"
"IT",1975,"34",34,0.00107,FALSE,"observed"
"IT",1975,"35",35,0.00119,FALSE,"observed"
"IT",1975,"36",36,0.00135,FALSE,"observed"
"IT",1975,"37",37,0.00143,FALSE,"observed"
"IT",1975,"38",38,0.00153,FALSE,"observed"
"IT",1975,"39",39,0.00166,FALSE,"observed"
"IT",1975,"40",40,0.00184,FALSE,"observed"
"IT",1975,"41",41,0.00222,FALSE,"observed"
"IT",1975,"42",42,0.00237,FALSE,"observed"
"IT",1975,"43",43,0.00266,FALSE,"observed"
"IT",1975,"44",44,0.00289,FALSE,"observed"
"IT",1975,"45",45,0.00316,FALSE,"observed"
"IT",1975,"46",46,0.00356,FALSE,"observed"
"IT",1975,"47",47,0.00408,FALSE,"observed"
"IT",1975,"48",48,0.00444,FALSE,"observed"
"IT",1975,"49",49,0.00489,FALSE,"observed"
"IT",1975,"50",50,0.00551,FALSE,"observed"
"IT",1975,"51",51,0.00601,FALSE,"observed"
"IT",1975,"52",52,0.00641,FALSE,"observed"
"IT",1975,"53",53,0.007,FALSE,"observed"
"IT",1975,"54",54,0.00768,FALSE,"observed"
"IT",1975,"55",55,0.00824,FALSE,"observed"
"IT",1975,"56",56,0.00935,FALSE,"observed"
"IT",1975,"57",57,0.01003,FALSE,"observed"
"IT",1975,"58",58,0.01074,FALSE,"observed"
"IT",1975,"59",59,0.01199,FALSE,"observed"
"IT",1975,"60",60,0.01305,FALSE,"observed"
"IT",1975,"61",61,0.0143,FALSE,"observed"
"IT",1975,"62",62,0.01588,FALSE,"observed"
"IT",1975,"63",63,0.01743,FALSE,"observed"
"IT",1975,"64",64,0.01925,FALSE,"observed"
"IT",1975,"65",65,0.0211,FALSE,"observed"
"IT",1975,"66",66,0.02321,FALSE,"observed"
"IT",1975,"67",67,0.02638,FALSE,"observed"
"IT",1975,"68",68,0.02793,FALSE,"observed"
"IT",1975,"69",69,0.03133,FALSE,"observed"
"IT",1975,"70",70,0.03423,FALSE,"observed"
"IT",1975,"71",71,0.03774,FALSE,"observed"
"IT",1975,"72",72,0.04202,FALSE,"observed"
"IT",1975,"73",73,0.04592,FALSE,"observed"
"IT",1975,"74",74,0.05026,FALSE,"observed"
"IT",1975,"75",75,0.05694,FALSE,"observed"
"IT",1975,"76",76,0.06616,FALSE,"observed"
"IT",1975,"77",77,0.07422,FALSE,"observed"
"IT",1975,"78",78,0.08135,FALSE,"observed"
"IT",1975,"79",79,0.08878,FALSE,"observed"
"IT",1975,"80",80,0.09855,FALSE,"observed"
"IT",1975,"81",81,0.10803,FALSE,"observed"
"IT",1975,"82",82,0.12055,FALSE,"observed"
"IT",1975,"83",83,0.13389,FALSE,"observed"
"IT",1975,"84",84,0.14698,FALSE,"observed"
"IT",1975,"85",85,0.16193,FALSE,"observed"
"IT",1975,"86",86,0.17769,FALSE,"observed"
"IT",1975,"87",87,0.1953,FALSE,"observed"
"IT",1975,"88",88,0.21277,FALSE,"observed"
"IT",1975,"89",89,0.23576,FALSE,"observed"
"IT",1975,"90",90,0.25559,FALSE,"observed"
"IT",1975,"91",91,0.27485,FALSE,"observed"
"IT",1975,"92",92,0.30664,FALSE,"observed"
"IT",1975,"93",93,0.33148,FALSE,"observed"
"IT",1975,"94",94,0.34566,FALSE,"observed"
"IT",1975,"95",95,0.38008,FALSE,"observed"
"IT",1975,"96",96,0.40784,FALSE,"observed"
"IT",1975,"97",97,0.43624,FALSE,"observed"
"IT",1975,"98",98,0.46511,FALSE,"observed"
"IT",1975,"99",99,0.49425,FALSE,"observed"
"IT",1975,"100",100,0.52348,FALSE,"observed"
"IT",1975,"101",101,0.55258,FALSE,"observed"
"IT",1975,"102",102,0.58136,FALSE,"observed"
"IT",1975,"103",103,0.60964,FALSE,"observed"
"IT",1975,"104",104,0.63724,FALSE,"observed"
"IT",1975,"105",105,0.664,FALSE,"observed"
"IT",1975,"106",106,0.68977,FALSE,"observed"
"IT",1975,"107",107,0.71446,FALSE,"observed"
"IT",1975,"108",108,0.73795,FALSE,"observed"
"IT",1975,"109",109,0.76019,FALSE,"observed"
"IT",1975,"110+",110,0.78114,FALSE,"observed"
"IT",1976,"0",0,0.01923,FALSE,"observed"
"IT",1976,"1",1,0.00092,FALSE,"observed"
"IT",1976,"2",2,0.00056,FALSE,"observed"
"IT",1976,"3",3,0.00045,FALSE,"observed"
"IT",1976,"4",4,4e-04,FALSE,"observed"
"IT",1976,"5",5,0.00036,FALSE,"observed"
"IT",1976,"6",6,0.00035,FALSE,"observed"
"IT",1976,"7",7,0.00033,FALSE,"observed"
"IT",1976,"8",8,0.00035,FALSE,"observed"
"IT",1976,"9",9,0.00026,FALSE,"observed"
"IT",1976,"10",10,0.00029,FALSE,"observed"
"IT",1976,"11",11,0.00031,FALSE,"observed"
"IT",1976,"12",12,0.00032,FALSE,"observed"
"IT",1976,"13",13,0.00035,FALSE,"observed"
"IT",1976,"14",14,0.00039,FALSE,"observed"
"IT",1976,"15",15,5e-04,FALSE,"observed"
"IT",1976,"16",16,0.00061,FALSE,"observed"
"IT",1976,"17",17,0.00071,FALSE,"observed"
"IT",1976,"18",18,0.00075,FALSE,"observed"
"IT",1976,"19",19,0.00081,FALSE,"observed"
"IT",1976,"20",20,0.00077,FALSE,"observed"
"IT",1976,"21",21,8e-04,FALSE,"observed"
"IT",1976,"22",22,0.00081,FALSE,"observed"
"IT",1976,"23",23,7e-04,FALSE,"observed"
"IT",1976,"24",24,0.00075,FALSE,"observed"
"IT",1976,"25",25,0.00075,FALSE,"observed"
"IT",1976,"26",26,0.00069,FALSE,"observed"
"IT",1976,"27",27,0.00076,FALSE,"observed"
"IT",1976,"28",28,0.00075,FALSE,"observed"
"IT",1976,"29",29,8e-04,FALSE,"observed"
"IT",1976,"30",30,9e-04,FALSE,"observed"
"IT",1976,"31",31,0.00086,FALSE,"observed"
"IT",1976,"32",32,0.00096,FALSE,"observed"
"IT",1976,"33",33,0.00103,FALSE,"observed"
"IT",1976,"34",34,0.00107,FALSE,"observed"
"IT",1976,"35",35,0.0011,FALSE,"observed"
"IT",1976,"36",36,0.00131,FALSE,"observed"
"IT",1976,"37",37,0.00138,FALSE,"observed"
"IT",1976,"38",38,0.00158,FALSE,"observed"
"IT",1976,"39",39,0.00164,FALSE,"observed"
"IT",1976,"40",40,0.00186,FALSE,"observed"
"IT",1976,"41",41,0.00198,FALSE,"observed"
"IT",1976,"42",42,0.00235,FALSE,"observed"
"IT",1976,"43",43,0.00258,FALSE,"observed"
"IT",1976,"44",44,0.00295,FALSE,"observed"
"IT",1976,"45",45,0.00305,FALSE,"observed"
"IT",1976,"46",46,0.00352,FALSE,"observed"
"IT",1976,"47",47,0.00399,FALSE,"observed"
"IT",1976,"48",48,0.00453,FALSE,"observed"
"IT",1976,"49",49,0.0049,FALSE,"observed"
"IT",1976,"50",50,0.00546,FALSE,"observed"
"IT",1976,"51",51,0.00601,FALSE,"observed"
"IT",1976,"52",52,0.00659,FALSE,"observed"
"IT",1976,"53",53,0.00692,FALSE,"observed"
"IT",1976,"54",54,0.00754,FALSE,"observed"
"IT",1976,"55",55,0.00825,FALSE,"observed"
"IT",1976,"56",56,0.0093,FALSE,"observed"
"IT",1976,"57",57,0.00989,FALSE,"observed"
"IT",1976,"58",58,0.01049,FALSE,"observed"
"IT",1976,"59",59,0.01152,FALSE,"observed"
"IT",1976,"60",60,0.01311,FALSE,"observed"
"IT",1976,"61",61,0.01408,FALSE,"observed"
"IT",1976,"62",62,0.01547,FALSE,"observed"
"IT",1976,"63",63,0.01709,FALSE,"observed"
"IT",1976,"64",64,0.01855,FALSE,"observed"
"IT",1976,"65",65,0.02068,FALSE,"observed"
"IT",1976,"66",66,0.02298,FALSE,"observed"
"IT",1976,"67",67,0.02483,FALSE,"observed"
"IT",1976,"68",68,0.02798,FALSE,"observed"
"IT",1976,"69",69,0.03018,FALSE,"observed"
"IT",1976,"70",70,0.03372,FALSE,"observed"
"IT",1976,"71",71,0.0373,FALSE,"observed"
"IT",1976,"72",72,0.04178,FALSE,"observed"
"IT",1976,"73",73,0.04518,FALSE,"observed"
"IT",1976,"74",74,0.04935,FALSE,"observed"
"IT",1976,"75",75,0.05522,FALSE,"observed"
"IT",1976,"76",76,0.06183,FALSE,"observed"
"IT",1976,"77",77,0.07112,FALSE,"observed"
"IT",1976,"78",78,0.07913,FALSE,"observed"
"IT",1976,"79",79,0.08994,FALSE,"observed"
"IT",1976,"80",80,0.09348,FALSE,"observed"
"IT",1976,"81",81,0.10613,FALSE,"observed"
"IT",1976,"82",82,0.1176,FALSE,"observed"
"IT",1976,"83",83,0.13004,FALSE,"observed"
"IT",1976,"84",84,0.14303,FALSE,"observed"
"IT",1976,"85",85,0.15746,FALSE,"observed"
"IT",1976,"86",86,0.17643,FALSE,"observed"
"IT",1976,"87",87,0.19194,FALSE,"observed"
"IT",1976,"88",88,0.21238,FALSE,"observed"
"IT",1976,"89",89,0.23324,FALSE,"observed"
"IT",1976,"90",90,0.25446,FALSE,"observed"
"IT",1976,"91",91,0.27433,FALSE,"observed"
"IT",1976,"92",92,0.29674,FALSE,"observed"
"IT",1976,"93",93,0.31817,FALSE,"observed"
"IT",1976,"94",94,0.34611,FALSE,"observed"
"IT",1976,"95",95,0.37749,FALSE,"observed"
"IT",1976,"96",96,0.40552,FALSE,"observed"
"IT",1976,"97",97,0.43419,FALSE,"observed"
"IT",1976,"98",98,0.46335,FALSE,"observed"
"IT",1976,"99",99,0.49279,FALSE,"observed"
"IT",1976,"100",100,0.52231,FALSE,"observed"
"IT",1976,"101",101,0.5517,FALSE,"observed"
"IT",1976,"102",102,0.58076,FALSE,"observed"
"IT",1976,"103",103,0.6093,FALSE,"observed"
"IT",1976,"104",104,0.63714,FALSE,"observed"
"IT",1976,"105",105,0.66411,FALSE,"observed"
"IT",1976,"106",106,0.69008,FALSE,"observed"
"IT",1976,"107",107,0.71492,FALSE,"observed"
"IT",1976,"108",108,0.73854,FALSE,"observed"
"IT",1976,"109",109,0.76088,FALSE,"observed"
"IT",1976,"110+",110,0.7819,FALSE,"observed"
"IT",1977,"0",0,0.0179,FALSE,"observed"
"IT",1977,"1",1,0.00088,FALSE,"observed"
"IT",1977,"2",2,0.00051,FALSE,"observed"
"IT",1977,"3",3,0.00043,FALSE,"observed"
"IT",1977,"4",4,0.00035,FALSE,"observed"
"IT",1977,"5",5,0.00032,FALSE,"observed"
"IT",1977,"6",6,0.00035,FALSE,"observed"
"IT",1977,"7",7,0.00034,FALSE,"observed"
"IT",1977,"8",8,0.00029,FALSE,"observed"
"IT",1977,"9",9,0.00029,FALSE,"observed"
"IT",1977,"10",10,0.00026,FALSE,"observed"
"IT",1977,"11",11,0.00031,FALSE,"observed"
"IT",1977,"12",12,0.00029,FALSE,"observed"
"IT",1977,"13",13,0.00032,FALSE,"observed"
"IT",1977,"14",14,0.00043,FALSE,"observed"
"IT",1977,"15",15,0.00047,FALSE,"observed"
"IT",1977,"16",16,0.00061,FALSE,"observed"
"IT",1977,"17",17,0.00069,FALSE,"observed"
"IT",1977,"18",18,0.00071,FALSE,"observed"
"IT",1977,"19",19,8e-04,FALSE,"observed"
"IT",1977,"20",20,0.00077,FALSE,"observed"
"IT",1977,"21",21,8e-04,FALSE,"observed"
"IT",1977,"22",22,0.00074,FALSE,"observed"
"IT",1977,"23",23,0.00083,FALSE,"observed"
"IT",1977,"24",24,0.00071,FALSE,"observed"
"IT",1977,"25",25,0.00074,FALSE,"observed"
"IT",1977,"26",26,0.00067,FALSE,"observed"
"IT",1977,"27",27,0.00069,FALSE,"observed"
"IT",1977,"28",28,0.00075,FALSE,"observed"
"IT",1977,"29",29,0.00075,FALSE,"observed"
"IT",1977,"30",30,0.00082,FALSE,"observed"
"IT",1977,"31",31,0.00085,FALSE,"observed"
"IT",1977,"32",32,0.00082,FALSE,"observed"
"IT",1977,"33",33,0.00097,FALSE,"observed"
"IT",1977,"34",34,0.00108,FALSE,"observed"
"IT",1977,"35",35,0.00114,FALSE,"observed"
"IT",1977,"36",36,0.00132,FALSE,"observed"
"IT",1977,"37",37,0.00137,FALSE,"observed"
"IT",1977,"38",38,0.00141,FALSE,"observed"
"IT",1977,"39",39,0.00155,FALSE,"observed"
"IT",1977,"40",40,0.00174,FALSE,"observed"
"IT",1977,"41",41,0.00206,FALSE,"observed"
"IT",1977,"42",42,0.00222,FALSE,"observed"
"IT",1977,"43",43,0.00252,FALSE,"observed"
"IT",1977,"44",44,0.00277,FALSE,"observed"
"IT",1977,"45",45,0.00318,FALSE,"observed"
"IT",1977,"46",46,0.00333,FALSE,"observed"
"IT",1977,"47",47,0.00375,FALSE,"observed"
"IT",1977,"48",48,0.0042,FALSE,"observed"
"IT",1977,"49",49,0.00478,FALSE,"observed"
"IT",1977,"50",50,0.00526,FALSE,"observed"
"IT",1977,"51",51,0.0058,FALSE,"observed"
"IT",1977,"52",52,0.0065,FALSE,"observed"
"IT",1977,"53",53,0.00676,FALSE,"observed"
"IT",1977,"54",54,0.00728,FALSE,"observed"
"IT",1977,"55",55,0.00797,FALSE,"observed"
"IT",1977,"56",56,0.00911,FALSE,"observed"
"IT",1977,"57",57,0.00986,FALSE,"observed"
"IT",1977,"58",58,0.01087,FALSE,"observed"
"IT",1977,"59",59,0.01116,FALSE,"observed"
"IT",1977,"60",60,0.01236,FALSE,"observed"
"IT",1977,"61",61,0.01425,FALSE,"observed"
"IT",1977,"62",62,0.01491,FALSE,"observed"
"IT",1977,"63",63,0.01646,FALSE,"observed"
"IT",1977,"64",64,0.0181,FALSE,"observed"
"IT",1977,"65",65,0.01996,FALSE,"observed"
"IT",1977,"66",66,0.02202,FALSE,"observed"
"IT",1977,"67",67,0.02434,FALSE,"observed"
"IT",1977,"68",68,0.02689,FALSE,"observed"
"IT",1977,"69",69,0.03091,FALSE,"observed"
"IT",1977,"70",70,0.03284,FALSE,"observed"
"IT",1977,"71",71,0.03672,FALSE,"observed"
"IT",1977,"72",72,0.03963,FALSE,"observed"
"IT",1977,"73",73,0.04462,FALSE,"observed"
"IT",1977,"74",74,0.0496,FALSE,"observed"
"IT",1977,"75",75,0.05329,FALSE,"observed"
"IT",1977,"76",76,0.05986,FALSE,"observed"
"IT",1977,"77",77,0.06726,FALSE,"observed"
"IT",1977,"78",78,0.07684,FALSE,"observed"
"IT",1977,"79",79,0.08633,FALSE,"observed"
"IT",1977,"80",80,0.0925,FALSE,"observed"
"IT",1977,"81",81,0.10127,FALSE,"observed"
"IT",1977,"82",82,0.11377,FALSE,"observed"
"IT",1977,"83",83,0.1259,FALSE,"observed"
"IT",1977,"84",84,0.14132,FALSE,"observed"
"IT",1977,"85",85,0.15589,FALSE,"observed"
"IT",1977,"86",86,0.17437,FALSE,"observed"
"IT",1977,"87",87,0.19003,FALSE,"observed"
"IT",1977,"88",88,0.21119,FALSE,"observed"
"IT",1977,"89",89,0.23247,FALSE,"observed"
"IT",1977,"90",90,0.25253,FALSE,"observed"
"IT",1977,"91",91,0.27639,FALSE,"observed"
"IT",1977,"92",92,0.29942,FALSE,"observed"
"IT",1977,"93",93,0.32096,FALSE,"observed"
"IT",1977,"94",94,0.34953,FALSE,"observed"
"IT",1977,"95",95,0.3822,FALSE,"observed"
"IT",1977,"96",96,0.41139,FALSE,"observed"
"IT",1977,"97",97,0.44124,FALSE,"observed"
"IT",1977,"98",98,0.47155,FALSE,"observed"
"IT",1977,"99",99,0.50208,FALSE,"observed"
"IT",1977,"100",100,0.53261,FALSE,"observed"
"IT",1977,"101",101,0.5629,FALSE,"observed"
"IT",1977,"102",102,0.59273,FALSE,"observed"
"IT",1977,"103",103,0.62188,FALSE,"observed"
"IT",1977,"104",104,0.65018,FALSE,"observed"
"IT",1977,"105",105,0.67744,FALSE,"observed"
"IT",1977,"106",106,0.70353,FALSE,"observed"
"IT",1977,"107",107,0.72834,FALSE,"observed"
"IT",1977,"108",108,0.75178,FALSE,"observed"
"IT",1977,"109",109,0.77381,FALSE,"observed"
"IT",1977,"110+",110,0.7944,FALSE,"observed"
"IT",1978,"0",0,0.01696,FALSE,"observed"
"IT",1978,"1",1,0.00086,FALSE,"observed"
"IT",1978,"2",2,0.00051,FALSE,"observed"
"IT",1978,"3",3,0.00043,FALSE,"observed"
"IT",1978,"4",4,0.00035,FALSE,"observed"
"IT",1978,"5",5,0.00029,FALSE,"observed"
"IT",1978,"6",6,0.00034,FALSE,"observed"
"IT",1978,"7",7,0.00029,FALSE,"observed"
"IT",1978,"8",8,0.00028,FALSE,"observed"
"IT",1978,"9",9,0.00027,FALSE,"observed"
"IT",1978,"10",10,0.00028,FALSE,"observed"
"IT",1978,"11",11,0.00027,FALSE,"observed"
"IT",1978,"12",12,0.00027,FALSE,"observed"
"IT",1978,"13",13,0.00032,FALSE,"observed"
"IT",1978,"14",14,0.00044,FALSE,"observed"
"IT",1978,"15",15,0.00046,FALSE,"observed"
"IT",1978,"16",16,0.00057,FALSE,"observed"
"IT",1978,"17",17,0.00061,FALSE,"observed"
"IT",1978,"18",18,0.00072,FALSE,"observed"
"IT",1978,"19",19,0.00071,FALSE,"observed"
"IT",1978,"20",20,0.00066,FALSE,"observed"
"IT",1978,"21",21,0.00072,FALSE,"observed"
"IT",1978,"22",22,0.00077,FALSE,"observed"
"IT",1978,"23",23,0.00071,FALSE,"observed"
"IT",1978,"24",24,0.00068,FALSE,"observed"
"IT",1978,"25",25,0.00071,FALSE,"observed"
"IT",1978,"26",26,0.00074,FALSE,"observed"
"IT",1978,"27",27,0.00073,FALSE,"observed"
"IT",1978,"28",28,0.00071,FALSE,"observed"
"IT",1978,"29",29,0.00075,FALSE,"observed"
"IT",1978,"30",30,0.00079,FALSE,"observed"
"IT",1978,"31",31,0.00082,FALSE,"observed"
"IT",1978,"32",32,0.00083,FALSE,"observed"
"IT",1978,"33",33,0.00091,FALSE,"observed"
"IT",1978,"34",34,0.00108,FALSE,"observed"
"IT",1978,"35",35,0.00103,FALSE,"observed"
"IT",1978,"36",36,0.00125,FALSE,"observed"
"IT",1978,"37",37,0.00124,FALSE,"observed"
"IT",1978,"38",38,0.00146,FALSE,"observed"
"IT",1978,"39",39,0.00155,FALSE,"observed"
"IT",1978,"40",40,0.00173,FALSE,"observed"
"IT",1978,"41",41,0.0019,FALSE,"observed"
"IT",1978,"42",42,0.00222,FALSE,"observed"
"IT",1978,"43",43,0.00234,FALSE,"observed"
"IT",1978,"44",44,0.00269,FALSE,"observed"
"IT",1978,"45",45,0.00295,FALSE,"observed"
"IT",1978,"46",46,0.00325,FALSE,"observed"
"IT",1978,"47",47,0.00368,FALSE,"observed"
"IT",1978,"48",48,0.00416,FALSE,"observed"
"IT",1978,"49",49,0.00459,FALSE,"observed"
"IT",1978,"50",50,0.00542,FALSE,"observed"
"IT",1978,"51",51,0.00581,FALSE,"observed"
"IT",1978,"52",52,0.00618,FALSE,"observed"
"IT",1978,"53",53,0.00676,FALSE,"observed"
"IT",1978,"54",54,0.00747,FALSE,"observed"
"IT",1978,"55",55,0.00808,FALSE,"observed"
"IT",1978,"56",56,0.00884,FALSE,"observed"
"IT",1978,"57",57,0.00966,FALSE,"observed"
"IT",1978,"58",58,0.01037,FALSE,"observed"
"IT",1978,"59",59,0.01157,FALSE,"observed"
"IT",1978,"60",60,0.0123,FALSE,"observed"
"IT",1978,"61",61,0.01373,FALSE,"observed"
"IT",1978,"62",62,0.01505,FALSE,"observed"
"IT",1978,"63",63,0.01644,FALSE,"observed"
"IT",1978,"64",64,0.01747,FALSE,"observed"
"IT",1978,"65",65,0.01963,FALSE,"observed"
"IT",1978,"66",66,0.02125,FALSE,"observed"
"IT",1978,"67",67,0.02383,FALSE,"observed"
"IT",1978,"68",68,0.02677,FALSE,"observed"
"IT",1978,"69",69,0.02903,FALSE,"observed"
"IT",1978,"70",70,0.03339,FALSE,"observed"
"IT",1978,"71",71,0.03546,FALSE,"observed"
"IT",1978,"72",72,0.03951,FALSE,"observed"
"IT",1978,"73",73,0.04312,FALSE,"observed"
"IT",1978,"74",74,0.04852,FALSE,"observed"
"IT",1978,"75",75,0.05338,FALSE,"observed"
"IT",1978,"76",76,0.05827,FALSE,"observed"
"IT",1978,"77",77,0.06433,FALSE,"observed"
"IT",1978,"78",78,0.073,FALSE,"observed"
"IT",1978,"79",79,0.08218,FALSE,"observed"
"IT",1978,"80",80,0.0915,FALSE,"observed"
"IT",1978,"81",81,0.09944,FALSE,"observed"
"IT",1978,"82",82,0.10744,FALSE,"observed"
"IT",1978,"83",83,0.12232,FALSE,"observed"
"IT",1978,"84",84,0.13646,FALSE,"observed"
"IT",1978,"85",85,0.14888,FALSE,"observed"
"IT",1978,"86",86,0.16578,FALSE,"observed"
"IT",1978,"87",87,0.18452,FALSE,"observed"
"IT",1978,"88",88,0.2007,FALSE,"observed"
"IT",1978,"89",89,0.21858,FALSE,"observed"
"IT",1978,"90",90,0.24591,FALSE,"observed"
"IT",1978,"91",91,0.26324,FALSE,"observed"
"IT",1978,"92",92,0.28972,FALSE,"observed"
"IT",1978,"93",93,0.31284,FALSE,"observed"
"IT",1978,"94",94,0.32106,FALSE,"observed"
"IT",1978,"95",95,0.36425,FALSE,"observed"
"IT",1978,"96",96,0.39226,FALSE,"observed"
"IT",1978,"97",97,0.421,FALSE,"observed"
"IT",1978,"98",98,0.4503,FALSE,"observed"
"IT",1978,"99",99,0.47994,FALSE,"observed"
"IT",1978,"100",100,0.5097,FALSE,"observed"
"IT",1978,"101",101,0.53937,FALSE,"observed"
"IT",1978,"102",102,0.56873,FALSE,"observed"
"IT",1978,"103",103,0.59757,FALSE,"observed"
"IT",1978,"104",104,0.62569,FALSE,"observed"
"IT",1978,"105",105,0.65293,FALSE,"observed"
"IT",1978,"106",106,0.67913,FALSE,"observed"
"IT",1978,"107",107,0.70417,FALSE,"observed"
"IT",1978,"108",108,0.72796,FALSE,"observed"
"IT",1978,"109",109,0.75043,FALSE,"observed"
"IT",1978,"110+",110,0.77154,FALSE,"observed"
"IT",1979,"0",0,0.01538,FALSE,"observed"
"IT",1979,"1",1,0.00082,FALSE,"observed"
"IT",1979,"2",2,0.00048,FALSE,"observed"
"IT",1979,"3",3,0.00038,FALSE,"observed"
"IT",1979,"4",4,0.00032,FALSE,"observed"
"IT",1979,"5",5,3e-04,FALSE,"observed"
"IT",1979,"6",6,0.00026,FALSE,"observed"
"IT",1979,"7",7,0.00025,FALSE,"observed"
"IT",1979,"8",8,0.00028,FALSE,"observed"
"IT",1979,"9",9,0.00026,FALSE,"observed"
"IT",1979,"10",10,0.00026,FALSE,"observed"
"IT",1979,"11",11,3e-04,FALSE,"observed"
"IT",1979,"12",12,0.00027,FALSE,"observed"
"IT",1979,"13",13,0.00032,FALSE,"observed"
"IT",1979,"14",14,4e-04,FALSE,"observed"
"IT",1979,"15",15,0.00047,FALSE,"observed"
"IT",1979,"16",16,0.00063,FALSE,"observed"
"IT",1979,"17",17,0.00067,FALSE,"observed"
"IT",1979,"18",18,0.00072,FALSE,"observed"
"IT",1979,"19",19,0.00074,FALSE,"observed"
"IT",1979,"20",20,0.00079,FALSE,"observed"
"IT",1979,"21",21,0.00074,FALSE,"observed"
"IT",1979,"22",22,0.00074,FALSE,"observed"
"IT",1979,"23",23,0.00077,FALSE,"observed"
"IT",1979,"24",24,0.00076,FALSE,"observed"
"IT",1979,"25",25,0.00074,FALSE,"observed"
"IT",1979,"26",26,0.00073,FALSE,"observed"
"IT",1979,"27",27,0.00076,FALSE,"observed"
"IT",1979,"28",28,0.00071,FALSE,"observed"
"IT",1979,"29",29,0.00076,FALSE,"observed"
"IT",1979,"30",30,0.00082,FALSE,"observed"
"IT",1979,"31",31,0.00081,FALSE,"observed"
"IT",1979,"32",32,0.00085,FALSE,"observed"
"IT",1979,"33",33,0.00094,FALSE,"observed"
"IT",1979,"34",34,0.00102,FALSE,"observed"
"IT",1979,"35",35,0.00108,FALSE,"observed"
"IT",1979,"36",36,0.00114,FALSE,"observed"
"IT",1979,"37",37,0.00131,FALSE,"observed"
"IT",1979,"38",38,0.00136,FALSE,"observed"
"IT",1979,"39",39,0.00149,FALSE,"observed"
"IT",1979,"40",40,0.00169,FALSE,"observed"
"IT",1979,"41",41,0.00198,FALSE,"observed"
"IT",1979,"42",42,0.00193,FALSE,"observed"
"IT",1979,"43",43,0.00223,FALSE,"observed"
"IT",1979,"44",44,0.00259,FALSE,"observed"
"IT",1979,"45",45,0.00302,FALSE,"observed"
"IT",1979,"46",46,0.00326,FALSE,"observed"
"IT",1979,"47",47,0.00358,FALSE,"observed"
"IT",1979,"48",48,0.00405,FALSE,"observed"
"IT",1979,"49",49,0.00453,FALSE,"observed"
"IT",1979,"50",50,0.00505,FALSE,"observed"
"IT",1979,"51",51,0.0058,FALSE,"observed"
"IT",1979,"52",52,0.00616,FALSE,"observed"
"IT",1979,"53",53,0.00661,FALSE,"observed"
"IT",1979,"54",54,0.0073,FALSE,"observed"
"IT",1979,"55",55,0.00821,FALSE,"observed"
"IT",1979,"56",56,0.00848,FALSE,"observed"
"IT",1979,"57",57,0.00926,FALSE,"observed"
"IT",1979,"58",58,0.01025,FALSE,"observed"
"IT",1979,"59",59,0.01122,FALSE,"observed"
"IT",1979,"60",60,0.0128,FALSE,"observed"
"IT",1979,"61",61,0.01314,FALSE,"observed"
"IT",1979,"62",62,0.01466,FALSE,"observed"
"IT",1979,"63",63,0.01585,FALSE,"observed"
"IT",1979,"64",64,0.01723,FALSE,"observed"
"IT",1979,"65",65,0.01869,FALSE,"observed"
"IT",1979,"66",66,0.02118,FALSE,"observed"
"IT",1979,"67",67,0.02373,FALSE,"observed"
"IT",1979,"68",68,0.0254,FALSE,"observed"
"IT",1979,"69",69,0.028,FALSE,"observed"
"IT",1979,"70",70,0.03149,FALSE,"observed"
"IT",1979,"71",71,0.03484,FALSE,"observed"
"IT",1979,"72",72,0.03858,FALSE,"observed"
"IT",1979,"73",73,0.04244,FALSE,"observed"
"IT",1979,"74",74,0.04678,FALSE,"observed"
"IT",1979,"75",75,0.05201,FALSE,"observed"
"IT",1979,"76",76,0.05772,FALSE,"observed"
"IT",1979,"77",77,0.06326,FALSE,"observed"
"IT",1979,"78",78,0.0695,FALSE,"observed"
"IT",1979,"79",79,0.07884,FALSE,"observed"
"IT",1979,"80",80,0.08873,FALSE,"observed"
"IT",1979,"81",81,0.09944,FALSE,"observed"
"IT",1979,"82",82,0.10922,FALSE,"observed"
"IT",1979,"83",83,0.11841,FALSE,"observed"
"IT",1979,"84",84,0.13467,FALSE,"observed"
"IT",1979,"85",85,0.14749,FALSE,"observed"
"IT",1979,"86",86,0.15973,FALSE,"observed"
"IT",1979,"87",87,0.17521,FALSE,"observed"
"IT",1979,"88",88,0.19944,FALSE,"observed"
"IT",1979,"89",89,0.21789,FALSE,"observed"
"IT",1979,"90",90,0.24037,FALSE,"observed"
"IT",1979,"91",91,0.25607,FALSE,"observed"
"IT",1979,"92",92,0.2803,FALSE,"observed"
"IT",1979,"93",93,0.30788,FALSE,"observed"
"IT",1979,"94",94,0.33734,FALSE,"observed"
"IT",1979,"95",95,0.35682,FALSE,"observed"
"IT",1979,"96",96,0.38436,FALSE,"observed"
"IT",1979,"97",97,0.41268,FALSE,"observed"
"IT",1979,"98",98,0.4416,FALSE,"observed"
"IT",1979,"99",99,0.47092,FALSE,"observed"
"IT",1979,"100",100,0.50042,FALSE,"observed"
"IT",1979,"101",101,0.5299,FALSE,"observed"
"IT",1979,"102",102,0.55913,FALSE,"observed"
"IT",1979,"103",103,0.58791,FALSE,"observed"
"IT",1979,"104",104,0.61604,FALSE,"observed"
"IT",1979,"105",105,0.64334,FALSE,"observed"
"IT",1979,"106",106,0.66967,FALSE,"observed"
"IT",1979,"107",107,0.69489,FALSE,"observed"
"IT",1979,"108",108,0.7189,FALSE,"observed"
"IT",1979,"109",109,0.74162,FALSE,"observed"
"IT",1979,"110+",110,0.76301,FALSE,"observed"
"IT",1980,"0",0,0.01449,FALSE,"observed"
"IT",1980,"1",1,0.00084,FALSE,"observed"
"IT",1980,"2",2,0.00054,FALSE,"observed"
"IT",1980,"3",3,0.00043,FALSE,"observed"
"IT",1980,"4",4,0.00034,FALSE,"observed"
"IT",1980,"5",5,0.00033,FALSE,"observed"
"IT",1980,"6",6,0.00034,FALSE,"observed"
"IT",1980,"7",7,0.00032,FALSE,"observed"
"IT",1980,"8",8,0.00029,FALSE,"observed"
"IT",1980,"9",9,0.00032,FALSE,"observed"
"IT",1980,"10",10,0.00025,FALSE,"observed"
"IT",1980,"11",11,0.00031,FALSE,"observed"
"IT",1980,"12",12,0.00031,FALSE,"observed"
"IT",1980,"13",13,0.00035,FALSE,"observed"
"IT",1980,"14",14,0.00043,FALSE,"observed"
"IT",1980,"15",15,0.00052,FALSE,"observed"
"IT",1980,"16",16,0.00068,FALSE,"observed"
"IT",1980,"17",17,0.00073,FALSE,"observed"
"IT",1980,"18",18,0.00078,FALSE,"observed"
"IT",1980,"19",19,0.00076,FALSE,"observed"
"IT",1980,"20",20,0.00078,FALSE,"observed"
"IT",1980,"21",21,0.00078,FALSE,"observed"
"IT",1980,"22",22,0.00082,FALSE,"observed"
"IT",1980,"23",23,8e-04,FALSE,"observed"
"IT",1980,"24",24,0.00077,FALSE,"observed"
"IT",1980,"25",25,0.00074,FALSE,"observed"
"IT",1980,"26",26,0.00076,FALSE,"observed"
"IT",1980,"27",27,0.00077,FALSE,"observed"
"IT",1980,"28",28,0.00076,FALSE,"observed"
"IT",1980,"29",29,7e-04,FALSE,"observed"
"IT",1980,"30",30,0.00081,FALSE,"observed"
"IT",1980,"31",31,0.00087,FALSE,"observed"
"IT",1980,"32",32,0.00094,FALSE,"observed"
"IT",1980,"33",33,0.00097,FALSE,"observed"
"IT",1980,"34",34,0.00095,FALSE,"observed"
"IT",1980,"35",35,0.00105,FALSE,"observed"
"IT",1980,"36",36,0.00123,FALSE,"observed"
"IT",1980,"37",37,0.0013,FALSE,"observed"
"IT",1980,"38",38,0.0014,FALSE,"observed"
"IT",1980,"39",39,0.0016,FALSE,"observed"
"IT",1980,"40",40,0.00167,FALSE,"observed"
"IT",1980,"41",41,0.00192,FALSE,"observed"
"IT",1980,"42",42,0.00211,FALSE,"observed"
"IT",1980,"43",43,0.00219,FALSE,"observed"
"IT",1980,"44",44,0.00258,FALSE,"observed"
"IT",1980,"45",45,0.00288,FALSE,"observed"
"IT",1980,"46",46,0.00311,FALSE,"observed"
"IT",1980,"47",47,0.00371,FALSE,"observed"
"IT",1980,"48",48,0.00389,FALSE,"observed"
"IT",1980,"49",49,0.00442,FALSE,"observed"
"IT",1980,"50",50,0.00492,FALSE,"observed"
"IT",1980,"51",51,0.00533,FALSE,"observed"
"IT",1980,"52",52,0.00609,FALSE,"observed"
"IT",1980,"53",53,0.00656,FALSE,"observed"
"IT",1980,"54",54,0.00724,FALSE,"observed"
"IT",1980,"55",55,0.00804,FALSE,"observed"
"IT",1980,"56",56,0.0087,FALSE,"observed"
"IT",1980,"57",57,0.00941,FALSE,"observed"
"IT",1980,"58",58,0.01031,FALSE,"observed"
"IT",1980,"59",59,0.0113,FALSE,"observed"
"IT",1980,"60",60,0.01233,FALSE,"observed"
"IT",1980,"61",61,0.01345,FALSE,"observed"
"IT",1980,"62",62,0.0145,FALSE,"observed"
"IT",1980,"63",63,0.01609,FALSE,"observed"
"IT",1980,"64",64,0.0176,FALSE,"observed"
"IT",1980,"65",65,0.01918,FALSE,"observed"
"IT",1980,"66",66,0.02102,FALSE,"observed"
"IT",1980,"67",67,0.02314,FALSE,"observed"
"IT",1980,"68",68,0.02589,FALSE,"observed"
"IT",1980,"69",69,0.02846,FALSE,"observed"
"IT",1980,"70",70,0.0314,FALSE,"observed"
"IT",1980,"71",71,0.03461,FALSE,"observed"
"IT",1980,"72",72,0.03991,FALSE,"observed"
"IT",1980,"73",73,0.04306,FALSE,"observed"
"IT",1980,"74",74,0.0486,FALSE,"observed"
"IT",1980,"75",75,0.0526,FALSE,"observed"
"IT",1980,"76",76,0.05961,FALSE,"observed"
"IT",1980,"77",77,0.06446,FALSE,"observed"
"IT",1980,"78",78,0.07195,FALSE,"observed"
"IT",1980,"79",79,0.07951,FALSE,"observed"
"IT",1980,"80",80,0.0887,FALSE,"observed"
"IT",1980,"81",81,0.09929,FALSE,"observed"
"IT",1980,"82",82,0.10923,FALSE,"observed"
"IT",1980,"83",83,0.1212,FALSE,"observed"
"IT",1980,"84",84,0.13255,FALSE,"observed"
"IT",1980,"85",85,0.15144,FALSE,"observed"
"IT",1980,"86",86,0.16251,FALSE,"observed"
"IT",1980,"87",87,0.18001,FALSE,"observed"
"IT",1980,"88",88,0.19973,FALSE,"observed"
"IT",1980,"89",89,0.21838,FALSE,"observed"
"IT",1980,"90",90,0.24552,FALSE,"observed"
"IT",1980,"91",91,0.26269,FALSE,"observed"
"IT",1980,"92",92,0.29197,FALSE,"observed"
"IT",1980,"93",93,0.31603,FALSE,"observed"
"IT",1980,"94",94,0.32715,FALSE,"observed"
"IT",1980,"95",95,0.36835,FALSE,"observed"
"IT",1980,"96",96,0.3972,FALSE,"observed"
"IT",1980,"97",97,0.4268,FALSE,"observed"
"IT",1980,"98",98,0.45692,FALSE,"observed"
"IT",1980,"99",99,0.48735,FALSE,"observed"
"IT",1980,"100",100,0.51783,FALSE,"observed"
"IT",1980,"101",101,0.54814,FALSE,"observed"
"IT",1980,"102",102,0.57803,FALSE,"observed"
"IT",1980,"103",103,0.60727,FALSE,"observed"
"IT",1980,"104",104,0.63568,FALSE,"observed"
"IT",1980,"105",105,0.66306,FALSE,"observed"
"IT",1980,"106",106,0.68928,FALSE,"observed"
"IT",1980,"107",107,0.7142,FALSE,"observed"
"IT",1980,"108",108,0.73775,FALSE,"observed"
"IT",1980,"109",109,0.75987,FALSE,"observed"
"IT",1980,"110+",110,0.78053,FALSE,"observed"
"IT",1981,"0",0,0.01419,FALSE,"observed"
"IT",1981,"1",1,0.00075,FALSE,"observed"
"IT",1981,"2",2,0.00043,FALSE,"observed"
"IT",1981,"3",3,0.00037,FALSE,"observed"
"IT",1981,"4",4,0.00028,FALSE,"observed"
"IT",1981,"5",5,0.00027,FALSE,"observed"
"IT",1981,"6",6,0.00026,FALSE,"observed"
"IT",1981,"7",7,0.00024,FALSE,"observed"
"IT",1981,"8",8,0.00021,FALSE,"observed"
"IT",1981,"9",9,0.00025,FALSE,"observed"
"IT",1981,"10",10,0.00021,FALSE,"observed"
"IT",1981,"11",11,0.00021,FALSE,"observed"
"IT",1981,"12",12,0.00023,FALSE,"observed"
"IT",1981,"13",13,0.00029,FALSE,"observed"
"IT",1981,"14",14,0.00041,FALSE,"observed"
"IT",1981,"15",15,0.00042,FALSE,"observed"
"IT",1981,"16",16,0.00059,FALSE,"observed"
"IT",1981,"17",17,0.00069,FALSE,"observed"
"IT",1981,"18",18,0.00077,FALSE,"observed"
"IT",1981,"19",19,0.00074,FALSE,"observed"
"IT",1981,"20",20,8e-04,FALSE,"observed"
"IT",1981,"21",21,0.00076,FALSE,"observed"
"IT",1981,"22",22,0.00069,FALSE,"observed"
"IT",1981,"23",23,0.00076,FALSE,"observed"
"IT",1981,"24",24,0.00069,FALSE,"observed"
"IT",1981,"25",25,0.00073,FALSE,"observed"
"IT",1981,"26",26,0.00073,FALSE,"observed"
"IT",1981,"27",27,0.00072,FALSE,"observed"
"IT",1981,"28",28,0.00072,FALSE,"observed"
"IT",1981,"29",29,0.00073,FALSE,"observed"
"IT",1981,"30",30,0.00081,FALSE,"observed"
"IT",1981,"31",31,0.00072,FALSE,"observed"
"IT",1981,"32",32,0.00083,FALSE,"observed"
"IT",1981,"33",33,0.00085,FALSE,"observed"
"IT",1981,"34",34,0.00091,FALSE,"observed"
"IT",1981,"35",35,0.00094,FALSE,"observed"
"IT",1981,"36",36,0.0011,FALSE,"observed"
"IT",1981,"37",37,0.00115,FALSE,"observed"
"IT",1981,"38",38,0.00134,FALSE,"observed"
"IT",1981,"39",39,0.00147,FALSE,"observed"
"IT",1981,"40",40,0.0016,FALSE,"observed"
"IT",1981,"41",41,0.00178,FALSE,"observed"
"IT",1981,"42",42,0.00189,FALSE,"observed"
"IT",1981,"43",43,0.00214,FALSE,"observed"
"IT",1981,"44",44,0.00239,FALSE,"observed"
"IT",1981,"45",45,0.00274,FALSE,"observed"
"IT",1981,"46",46,0.00318,FALSE,"observed"
"IT",1981,"47",47,0.00348,FALSE,"observed"
"IT",1981,"48",48,0.00384,FALSE,"observed"
"IT",1981,"49",49,0.00425,FALSE,"observed"
"IT",1981,"50",50,0.00472,FALSE,"observed"
"IT",1981,"51",51,0.00513,FALSE,"observed"
"IT",1981,"52",52,0.00579,FALSE,"observed"
"IT",1981,"53",53,0.00659,FALSE,"observed"
"IT",1981,"54",54,0.00702,FALSE,"observed"
"IT",1981,"55",55,0.00789,FALSE,"observed"
"IT",1981,"56",56,0.00855,FALSE,"observed"
"IT",1981,"57",57,0.00942,FALSE,"observed"
"IT",1981,"58",58,0.00999,FALSE,"observed"
"IT",1981,"59",59,0.01101,FALSE,"observed"
"IT",1981,"60",60,0.0119,FALSE,"observed"
"IT",1981,"61",61,0.01353,FALSE,"observed"
"IT",1981,"62",62,0.01481,FALSE,"observed"
"IT",1981,"63",63,0.01568,FALSE,"observed"
"IT",1981,"64",64,0.01708,FALSE,"observed"
"IT",1981,"65",65,0.01873,FALSE,"observed"
"IT",1981,"66",66,0.02045,FALSE,"observed"
"IT",1981,"67",67,0.02237,FALSE,"observed"
"IT",1981,"68",68,0.02515,FALSE,"observed"
"IT",1981,"69",69,0.02715,FALSE,"observed"
"IT",1981,"70",70,0.03045,FALSE,"observed"
"IT",1981,"71",71,0.03382,FALSE,"observed"
"IT",1981,"72",72,0.03812,FALSE,"observed"
"IT",1981,"73",73,0.04177,FALSE,"observed"
"IT",1981,"74",74,0.04651,FALSE,"observed"
"IT",1981,"75",75,0.05184,FALSE,"observed"
"IT",1981,"76",76,0.0572,FALSE,"observed"
"IT",1981,"77",77,0.06371,FALSE,"observed"
"IT",1981,"78",78,0.07203,FALSE,"observed"
"IT",1981,"79",79,0.07773,FALSE,"observed"
"IT",1981,"80",80,0.08789,FALSE,"observed"
"IT",1981,"81",81,0.09753,FALSE,"observed"
"IT",1981,"82",82,0.10755,FALSE,"observed"
"IT",1981,"83",83,0.12014,FALSE,"observed"
"IT",1981,"84",84,0.13203,FALSE,"observed"
"IT",1981,"85",85,0.14599,FALSE,"observed"
"IT",1981,"86",86,0.16394,FALSE,"observed"
"IT",1981,"87",87,0.17781,FALSE,"observed"
"IT",1981,"88",88,0.19808,FALSE,"observed"
"IT",1981,"89",89,0.21163,FALSE,"observed"
"IT",1981,"90",90,0.23631,FALSE,"observed"
"IT",1981,"91",91,0.25966,FALSE,"observed"
"IT",1981,"92",92,0.2797,FALSE,"observed"
"IT",1981,"93",93,0.30575,FALSE,"observed"
"IT",1981,"94",94,0.32649,FALSE,"observed"
"IT",1981,"95",95,0.35833,FALSE,"observed"
"IT",1981,"96",96,0.38636,FALSE,"observed"
"IT",1981,"97",97,0.41518,FALSE,"observed"
"IT",1981,"98",98,0.44461,FALSE,"observed"
"IT",1981,"99",99,0.47442,FALSE,"observed"
"IT",1981,"100",100,0.5044,FALSE,"observed"
"IT",1981,"101",101,0.53431,FALSE,"observed"
"IT",1981,"102",102,0.56394,FALSE,"observed"
"IT",1981,"103",103,0.59305,FALSE,"observed"
"IT",1981,"104",104,0.62144,FALSE,"observed"
"IT",1981,"105",105,0.64894,FALSE,"observed"
"IT",1981,"106",106,0.67538,FALSE,"observed"
"IT",1981,"107",107,0.70064,FALSE,"observed"
"IT",1981,"108",108,0.72461,FALSE,"observed"
"IT",1981,"109",109,0.74722,FALSE,"observed"
"IT",1981,"110+",110,0.76844,FALSE,"observed"
"IT",1982,"0",0,0.01312,FALSE,"observed"
"IT",1982,"1",1,0.00067,FALSE,"observed"
"IT",1982,"2",2,0.00042,FALSE,"observed"
"IT",1982,"3",3,0.00033,FALSE,"observed"
"IT",1982,"4",4,0.00027,FALSE,"observed"
"IT",1982,"5",5,0.00027,FALSE,"observed"
"IT",1982,"6",6,0.00028,FALSE,"observed"
"IT",1982,"7",7,0.00023,FALSE,"observed"
"IT",1982,"8",8,0.00023,FALSE,"observed"
"IT",1982,"9",9,0.00022,FALSE,"observed"
"IT",1982,"10",10,0.00019,FALSE,"observed"
"IT",1982,"11",11,0.00022,FALSE,"observed"
"IT",1982,"12",12,0.00024,FALSE,"observed"
"IT",1982,"13",13,0.00028,FALSE,"observed"
"IT",1982,"14",14,0.00034,FALSE,"observed"
"IT",1982,"15",15,0.00045,FALSE,"observed"
"IT",1982,"16",16,0.00053,FALSE,"observed"
"IT",1982,"17",17,0.00068,FALSE,"observed"
"IT",1982,"18",18,0.00071,FALSE,"observed"
"IT",1982,"19",19,0.00071,FALSE,"observed"
"IT",1982,"20",20,7e-04,FALSE,"observed"
"IT",1982,"21",21,0.00069,FALSE,"observed"
"IT",1982,"22",22,0.00079,FALSE,"observed"
"IT",1982,"23",23,0.00071,FALSE,"observed"
"IT",1982,"24",24,7e-04,FALSE,"observed"
"IT",1982,"25",25,7e-04,FALSE,"observed"
"IT",1982,"26",26,0.00066,FALSE,"observed"
"IT",1982,"27",27,0.00075,FALSE,"observed"
"IT",1982,"28",28,0.00067,FALSE,"observed"
"IT",1982,"29",29,0.00076,FALSE,"observed"
"IT",1982,"30",30,7e-04,FALSE,"observed"
"IT",1982,"31",31,0.00074,FALSE,"observed"
"IT",1982,"32",32,0.00082,FALSE,"observed"
"IT",1982,"33",33,0.00082,FALSE,"observed"
"IT",1982,"34",34,0.00093,FALSE,"observed"
"IT",1982,"35",35,0.00097,FALSE,"observed"
"IT",1982,"36",36,0.00113,FALSE,"observed"
"IT",1982,"37",37,0.00117,FALSE,"observed"
"IT",1982,"38",38,0.00131,FALSE,"observed"
"IT",1982,"39",39,0.00135,FALSE,"observed"
"IT",1982,"40",40,0.00155,FALSE,"observed"
"IT",1982,"41",41,0.00184,FALSE,"observed"
"IT",1982,"42",42,0.00188,FALSE,"observed"
"IT",1982,"43",43,0.00211,FALSE,"observed"
"IT",1982,"44",44,0.00231,FALSE,"observed"
"IT",1982,"45",45,0.00266,FALSE,"observed"
"IT",1982,"46",46,0.00289,FALSE,"observed"
"IT",1982,"47",47,0.00328,FALSE,"observed"
"IT",1982,"48",48,0.00366,FALSE,"observed"
"IT",1982,"49",49,0.00407,FALSE,"observed"
"IT",1982,"50",50,0.00466,FALSE,"observed"
"IT",1982,"51",51,0.00499,FALSE,"observed"
"IT",1982,"52",52,0.00549,FALSE,"observed"
"IT",1982,"53",53,0.00593,FALSE,"observed"
"IT",1982,"54",54,0.00675,FALSE,"observed"
"IT",1982,"55",55,0.00744,FALSE,"observed"
"IT",1982,"56",56,0.00836,FALSE,"observed"
"IT",1982,"57",57,0.00928,FALSE,"observed"
"IT",1982,"58",58,0.0099,FALSE,"observed"
"IT",1982,"59",59,0.01069,FALSE,"observed"
"IT",1982,"60",60,0.01172,FALSE,"observed"
"IT",1982,"61",61,0.01306,FALSE,"observed"
"IT",1982,"62",62,0.014,FALSE,"observed"
"IT",1982,"63",63,0.01547,FALSE,"observed"
"IT",1982,"64",64,0.01669,FALSE,"observed"
"IT",1982,"65",65,0.01795,FALSE,"observed"
"IT",1982,"66",66,0.02005,FALSE,"observed"
"IT",1982,"67",67,0.02126,FALSE,"observed"
"IT",1982,"68",68,0.02377,FALSE,"observed"
"IT",1982,"69",69,0.02628,FALSE,"observed"
"IT",1982,"70",70,0.02994,FALSE,"observed"
"IT",1982,"71",71,0.03247,FALSE,"observed"
"IT",1982,"72",72,0.03582,FALSE,"observed"
"IT",1982,"73",73,0.04026,FALSE,"observed"
"IT",1982,"74",74,0.04533,FALSE,"observed"
"IT",1982,"75",75,0.05024,FALSE,"observed"
"IT",1982,"76",76,0.05598,FALSE,"observed"
"IT",1982,"77",77,0.06127,FALSE,"observed"
"IT",1982,"78",78,0.06876,FALSE,"observed"
"IT",1982,"79",79,0.07662,FALSE,"observed"
"IT",1982,"80",80,0.0831,FALSE,"observed"
"IT",1982,"81",81,0.09334,FALSE,"observed"
"IT",1982,"82",82,0.10335,FALSE,"observed"
"IT",1982,"83",83,0.11277,FALSE,"observed"
"IT",1982,"84",84,0.12717,FALSE,"observed"
"IT",1982,"85",85,0.13946,FALSE,"observed"
"IT",1982,"86",86,0.15205,FALSE,"observed"
"IT",1982,"87",87,0.171,FALSE,"observed"
"IT",1982,"88",88,0.18779,FALSE,"observed"
"IT",1982,"89",89,0.20041,FALSE,"observed"
"IT",1982,"90",90,0.22213,FALSE,"observed"
"IT",1982,"91",91,0.24224,FALSE,"observed"
"IT",1982,"92",92,0.26471,FALSE,"observed"
"IT",1982,"93",93,0.29079,FALSE,"observed"
"IT",1982,"94",94,0.30979,FALSE,"observed"
"IT",1982,"95",95,0.34061,FALSE,"observed"
"IT",1982,"96",96,0.36775,FALSE,"observed"
"IT",1982,"97",97,0.39576,FALSE,"observed"
"IT",1982,"98",98,0.42446,FALSE,"observed"
"IT",1982,"99",99,0.45365,FALSE,"observed"
"IT",1982,"100",100,0.48311,FALSE,"observed"
"IT",1982,"101",101,0.51263,FALSE,"observed"
"IT",1982,"102",102,0.54196,FALSE,"observed"
"IT",1982,"103",103,0.57089,FALSE,"observed"
"IT",1982,"104",104,0.59922,FALSE,"observed"
"IT",1982,"105",105,0.62674,FALSE,"observed"
"IT",1982,"106",106,0.6533,FALSE,"observed"
"IT",1982,"107",107,0.67874,FALSE,"observed"
"IT",1982,"108",108,0.70297,FALSE,"observed"
"IT",1982,"109",109,0.7259,FALSE,"observed"
"IT",1982,"110+",110,0.74747,FALSE,"observed"
"IT",1983,"0",0,0.01198,FALSE,"observed"
"IT",1983,"1",1,0.00072,FALSE,"observed"
"IT",1983,"2",2,0.00047,FALSE,"observed"
"IT",1983,"3",3,0.00036,FALSE,"observed"
"IT",1983,"4",4,0.00029,FALSE,"observed"
"IT",1983,"5",5,0.00023,FALSE,"observed"
"IT",1983,"6",6,0.00024,FALSE,"observed"
"IT",1983,"7",7,0.00022,FALSE,"observed"
"IT",1983,"8",8,0.00021,FALSE,"observed"
"IT",1983,"9",9,0.00021,FALSE,"observed"
"IT",1983,"10",10,0.00022,FALSE,"observed"
"IT",1983,"11",11,0.00022,FALSE,"observed"
"IT",1983,"12",12,0.00025,FALSE,"observed"
"IT",1983,"13",13,0.00027,FALSE,"observed"
"IT",1983,"14",14,0.00033,FALSE,"observed"
"IT",1983,"15",15,0.00043,FALSE,"observed"
"IT",1983,"16",16,0.00054,FALSE,"observed"
"IT",1983,"17",17,0.00065,FALSE,"observed"
"IT",1983,"18",18,0.00065,FALSE,"observed"
"IT",1983,"19",19,0.00073,FALSE,"observed"
"IT",1983,"20",20,0.00072,FALSE,"observed"
"IT",1983,"21",21,0.00074,FALSE,"observed"
"IT",1983,"22",22,0.00071,FALSE,"observed"
"IT",1983,"23",23,7e-04,FALSE,"observed"
"IT",1983,"24",24,0.00071,FALSE,"observed"
"IT",1983,"25",25,0.00071,FALSE,"observed"
"IT",1983,"26",26,0.00071,FALSE,"observed"
"IT",1983,"27",27,0.00072,FALSE,"observed"
"IT",1983,"28",28,0.00072,FALSE,"observed"
"IT",1983,"29",29,0.00074,FALSE,"observed"
"IT",1983,"30",30,0.00074,FALSE,"observed"
"IT",1983,"31",31,0.00075,FALSE,"observed"
"IT",1983,"32",32,0.00082,FALSE,"observed"
"IT",1983,"33",33,0.00082,FALSE,"observed"
"IT",1983,"34",34,0.00091,FALSE,"observed"
"IT",1983,"35",35,0.00096,FALSE,"observed"
"IT",1983,"36",36,0.00106,FALSE,"observed"
"IT",1983,"37",37,0.00114,FALSE,"observed"
"IT",1983,"38",38,0.00128,FALSE,"observed"
"IT",1983,"39",39,0.00148,FALSE,"observed"
"IT",1983,"40",40,0.0016,FALSE,"observed"
"IT",1983,"41",41,0.00166,FALSE,"observed"
"IT",1983,"42",42,0.00197,FALSE,"observed"
"IT",1983,"43",43,0.00208,FALSE,"observed"
"IT",1983,"44",44,0.00236,FALSE,"observed"
"IT",1983,"45",45,0.00253,FALSE,"observed"
"IT",1983,"46",46,0.00281,FALSE,"observed"
"IT",1983,"47",47,0.00315,FALSE,"observed"
"IT",1983,"48",48,0.00372,FALSE,"observed"
"IT",1983,"49",49,0.00412,FALSE,"observed"
"IT",1983,"50",50,0.00464,FALSE,"observed"
"IT",1983,"51",51,0.005,FALSE,"observed"
"IT",1983,"52",52,0.00566,FALSE,"observed"
"IT",1983,"53",53,0.00621,FALSE,"observed"
"IT",1983,"54",54,0.00721,FALSE,"observed"
"IT",1983,"55",55,0.00751,FALSE,"observed"
"IT",1983,"56",56,0.00837,FALSE,"observed"
"IT",1983,"57",57,0.00911,FALSE,"observed"
"IT",1983,"58",58,0.00999,FALSE,"observed"
"IT",1983,"59",59,0.01113,FALSE,"observed"
"IT",1983,"60",60,0.01176,FALSE,"observed"
"IT",1983,"61",61,0.01301,FALSE,"observed"
"IT",1983,"62",62,0.01453,FALSE,"observed"
"IT",1983,"63",63,0.01566,FALSE,"observed"
"IT",1983,"64",64,0.01738,FALSE,"observed"
"IT",1983,"65",65,0.01861,FALSE,"observed"
"IT",1983,"66",66,0.02042,FALSE,"observed"
"IT",1983,"67",67,0.0222,FALSE,"observed"
"IT",1983,"68",68,0.02434,FALSE,"observed"
"IT",1983,"69",69,0.02709,FALSE,"observed"
"IT",1983,"70",70,0.02943,FALSE,"observed"
"IT",1983,"71",71,0.03304,FALSE,"observed"
"IT",1983,"72",72,0.037,FALSE,"observed"
"IT",1983,"73",73,0.04138,FALSE,"observed"
"IT",1983,"74",74,0.04535,FALSE,"observed"
"IT",1983,"75",75,0.05191,FALSE,"observed"
"IT",1983,"76",76,0.05762,FALSE,"observed"
"IT",1983,"77",77,0.06344,FALSE,"observed"
"IT",1983,"78",78,0.07199,FALSE,"observed"
"IT",1983,"79",79,0.07919,FALSE,"observed"
"IT",1983,"80",80,0.08849,FALSE,"observed"
"IT",1983,"81",81,0.09802,FALSE,"observed"
"IT",1983,"82",82,0.10951,FALSE,"observed"
"IT",1983,"83",83,0.11941,FALSE,"observed"
"IT",1983,"84",84,0.1339,FALSE,"observed"
"IT",1983,"85",85,0.14715,FALSE,"observed"
"IT",1983,"86",86,0.16356,FALSE,"observed"
"IT",1983,"87",87,0.17584,FALSE,"observed"
"IT",1983,"88",88,0.20234,FALSE,"observed"
"IT",1983,"89",89,0.2189,FALSE,"observed"
"IT",1983,"90",90,0.2398,FALSE,"observed"
"IT",1983,"91",91,0.26038,FALSE,"observed"
"IT",1983,"92",92,0.28301,FALSE,"observed"
"IT",1983,"93",93,0.31855,FALSE,"observed"
"IT",1983,"94",94,0.3357,FALSE,"observed"
"IT",1983,"95",95,0.3663,FALSE,"observed"
"IT",1983,"96",96,0.39517,FALSE,"observed"
"IT",1983,"97",97,0.42482,FALSE,"observed"
"IT",1983,"98",98,0.45505,FALSE,"observed"
"IT",1983,"99",99,0.48562,FALSE,"observed"
"IT",1983,"100",100,0.51629,FALSE,"observed"
"IT",1983,"101",101,0.54682,FALSE,"observed"
"IT",1983,"102",102,0.57696,FALSE,"observed"
"IT",1983,"103",103,0.6065,FALSE,"observed"
"IT",1983,"104",104,0.63522,FALSE,"observed"
"IT",1983,"105",105,0.66294,FALSE,"observed"
"IT",1983,"106",106,0.6895,FALSE,"observed"
"IT",1983,"107",107,0.71478,FALSE,"observed"
"IT",1983,"108",108,0.73868,FALSE,"observed"
"IT",1983,"109",109,0.76114,FALSE,"observed"
"IT",1983,"110+",110,0.78213,FALSE,"observed"
"IT",1984,"0",0,0.01118,FALSE,"observed"
"IT",1984,"1",1,0.00052,FALSE,"observed"
"IT",1984,"2",2,0.00038,FALSE,"observed"
"IT",1984,"3",3,0.00033,FALSE,"observed"
"IT",1984,"4",4,0.00028,FALSE,"observed"
"IT",1984,"5",5,0.00021,FALSE,"observed"
"IT",1984,"6",6,0.00022,FALSE,"observed"
"IT",1984,"7",7,0.00022,FALSE,"observed"
"IT",1984,"8",8,0.00022,FALSE,"observed"
"IT",1984,"9",9,0.00019,FALSE,"observed"
"IT",1984,"10",10,2e-04,FALSE,"observed"
"IT",1984,"11",11,0.00021,FALSE,"observed"
"IT",1984,"12",12,2e-04,FALSE,"observed"
"IT",1984,"13",13,0.00026,FALSE,"observed"
"IT",1984,"14",14,3e-04,FALSE,"observed"
"IT",1984,"15",15,0.00044,FALSE,"observed"
"IT",1984,"16",16,5e-04,FALSE,"observed"
"IT",1984,"17",17,0.00056,FALSE,"observed"
"IT",1984,"18",18,0.00063,FALSE,"observed"
"IT",1984,"19",19,0.00064,FALSE,"observed"
"IT",1984,"20",20,0.00063,FALSE,"observed"
"IT",1984,"21",21,0.00072,FALSE,"observed"
"IT",1984,"22",22,0.00075,FALSE,"observed"
"IT",1984,"23",23,0.00068,FALSE,"observed"
"IT",1984,"24",24,0.00072,FALSE,"observed"
"IT",1984,"25",25,0.00065,FALSE,"observed"
"IT",1984,"26",26,0.00066,FALSE,"observed"
"IT",1984,"27",27,0.00062,FALSE,"observed"
"IT",1984,"28",28,0.00069,FALSE,"observed"
"IT",1984,"29",29,0.00072,FALSE,"observed"
"IT",1984,"30",30,0.00073,FALSE,"observed"
"IT",1984,"31",31,0.00074,FALSE,"observed"
"IT",1984,"32",32,8e-04,FALSE,"observed"
"IT",1984,"33",33,0.00088,FALSE,"observed"
"IT",1984,"34",34,0.00088,FALSE,"observed"
"IT",1984,"35",35,0.00089,FALSE,"observed"
"IT",1984,"36",36,0.00101,FALSE,"observed"
"IT",1984,"37",37,0.00106,FALSE,"observed"
"IT",1984,"38",38,0.00124,FALSE,"observed"
"IT",1984,"39",39,0.00133,FALSE,"observed"
"IT",1984,"40",40,0.00152,FALSE,"observed"
"IT",1984,"41",41,0.00171,FALSE,"observed"
"IT",1984,"42",42,0.00188,FALSE,"observed"
"IT",1984,"43",43,0.00196,FALSE,"observed"
"IT",1984,"44",44,0.00221,FALSE,"observed"
"IT",1984,"45",45,0.00248,FALSE,"observed"
"IT",1984,"46",46,0.00277,FALSE,"observed"
"IT",1984,"47",47,0.00303,FALSE,"observed"
"IT",1984,"48",48,0.00343,FALSE,"observed"
"IT",1984,"49",49,0.00388,FALSE,"observed"
"IT",1984,"50",50,0.00431,FALSE,"observed"
"IT",1984,"51",51,0.00481,FALSE,"observed"
"IT",1984,"52",52,0.00528,FALSE,"observed"
"IT",1984,"53",53,0.00584,FALSE,"observed"
"IT",1984,"54",54,0.00658,FALSE,"observed"
"IT",1984,"55",55,0.00722,FALSE,"observed"
"IT",1984,"56",56,0.00799,FALSE,"observed"
"IT",1984,"57",57,0.00875,FALSE,"observed"
"IT",1984,"58",58,0.00958,FALSE,"observed"
"IT",1984,"59",59,0.01044,FALSE,"observed"
"IT",1984,"60",60,0.01154,FALSE,"observed"
"IT",1984,"61",61,0.01242,FALSE,"observed"
"IT",1984,"62",62,0.01362,FALSE,"observed"
"IT",1984,"63",63,0.01478,FALSE,"observed"
"IT",1984,"64",64,0.0166,FALSE,"observed"
"IT",1984,"65",65,0.01802,FALSE,"observed"
"IT",1984,"66",66,0.0192,FALSE,"observed"
"IT",1984,"67",67,0.021,FALSE,"observed"
"IT",1984,"68",68,0.02355,FALSE,"observed"
"IT",1984,"69",69,0.02557,FALSE,"observed"
"IT",1984,"70",70,0.02801,FALSE,"observed"
"IT",1984,"71",71,0.03064,FALSE,"observed"
"IT",1984,"72",72,0.03471,FALSE,"observed"
"IT",1984,"73",73,0.03852,FALSE,"observed"
"IT",1984,"74",74,0.04264,FALSE,"observed"
"IT",1984,"75",75,0.04731,FALSE,"observed"
"IT",1984,"76",76,0.05354,FALSE,"observed"
"IT",1984,"77",77,0.05848,FALSE,"observed"
"IT",1984,"78",78,0.06435,FALSE,"observed"
"IT",1984,"79",79,0.07324,FALSE,"observed"
"IT",1984,"80",80,0.08168,FALSE,"observed"
"IT",1984,"81",81,0.08913,FALSE,"observed"
"IT",1984,"82",82,0.09959,FALSE,"observed"
"IT",1984,"83",83,0.11057,FALSE,"observed"
"IT",1984,"84",84,0.12042,FALSE,"observed"
"IT",1984,"85",85,0.13501,FALSE,"observed"
"IT",1984,"86",86,0.14993,FALSE,"observed"
"IT",1984,"87",87,0.16218,FALSE,"observed"
"IT",1984,"88",88,0.17768,FALSE,"observed"
"IT",1984,"89",89,0.19816,FALSE,"observed"
"IT",1984,"90",90,0.22002,FALSE,"observed"
"IT",1984,"91",91,0.23131,FALSE,"observed"
"IT",1984,"92",92,0.24777,FALSE,"observed"
"IT",1984,"93",93,0.28308,FALSE,"observed"
"IT",1984,"94",94,0.29803,FALSE,"observed"
"IT",1984,"95",95,0.32886,FALSE,"observed"
"IT",1984,"96",96,0.35535,FALSE,"observed"
"IT",1984,"97",97,0.38281,FALSE,"observed"
"IT",1984,"98",98,0.41106,FALSE,"observed"
"IT",1984,"99",99,0.43994,FALSE,"observed"
"IT",1984,"100",100,0.46924,FALSE,"observed"
"IT",1984,"101",101,0.49875,FALSE,"observed"
"IT",1984,"102",102,0.52825,FALSE,"observed"
"IT",1984,"103",103,0.55752,FALSE,"observed"
"IT",1984,"104",104,0.58636,FALSE,"observed"
"IT",1984,"105",105,0.61456,FALSE,"observed"
"IT",1984,"106",106,0.64195,FALSE,"observed"
"IT",1984,"107",107,0.66836,FALSE,"observed"
"IT",1984,"108",108,0.69367,FALSE,"observed"
"IT",1984,"109",109,0.71777,FALSE,"observed"
"IT",1984,"110+",110,0.74057,FALSE,"observed"
"IT",1985,"0",0,0.01032,FALSE,"observed"
"IT",1985,"1",1,0.00055,FALSE,"observed"
"IT",1985,"2",2,0.00037,FALSE,"observed"
"IT",1985,"3",3,0.00031,FALSE,"observed"
"IT",1985,"4",4,0.00027,FALSE,"observed"
"IT",1985,"5",5,2e-04,FALSE,"observed"
"IT",1985,"6",6,0.00021,FALSE,"observed"
"IT",1985,"7",7,2e-04,FALSE,"observed"
"IT",1985,"8",8,0.00021,FALSE,"observed"
"IT",1985,"9",9,2e-04,FALSE,"observed"
"IT",1985,"10",10,0.00021,FALSE,"observed"
"IT",1985,"11",11,0.00019,FALSE,"observed"
"IT",1985,"12",12,0.00023,FALSE,"observed"
"IT",1985,"13",13,0.00023,FALSE,"observed"
"IT",1985,"14",14,0.00032,FALSE,"observed"
"IT",1985,"15",15,0.00037,FALSE,"observed"
"IT",1985,"16",16,0.00052,FALSE,"observed"
"IT",1985,"17",17,0.00064,FALSE,"observed"
"IT",1985,"18",18,0.00065,FALSE,"observed"
"IT",1985,"19",19,0.00067,FALSE,"observed"
"IT",1985,"20",20,0.00068,FALSE,"observed"
"IT",1985,"21",21,0.00069,FALSE,"observed"
"IT",1985,"22",22,0.00065,FALSE,"observed"
"IT",1985,"23",23,7e-04,FALSE,"observed"
"IT",1985,"24",24,0.00068,FALSE,"observed"
"IT",1985,"25",25,7e-04,FALSE,"observed"
"IT",1985,"26",26,0.00065,FALSE,"observed"
"IT",1985,"27",27,0.00068,FALSE,"observed"
"IT",1985,"28",28,0.00065,FALSE,"observed"
"IT",1985,"29",29,0.00068,FALSE,"observed"
"IT",1985,"30",30,0.00075,FALSE,"observed"
"IT",1985,"31",31,0.00068,FALSE,"observed"
"IT",1985,"32",32,0.00076,FALSE,"observed"
"IT",1985,"33",33,0.00082,FALSE,"observed"
"IT",1985,"34",34,0.00085,FALSE,"observed"
"IT",1985,"35",35,0.00102,FALSE,"observed"
"IT",1985,"36",36,0.00093,FALSE,"observed"
"IT",1985,"37",37,0.00103,FALSE,"observed"
"IT",1985,"38",38,0.00129,FALSE,"observed"
"IT",1985,"39",39,0.00134,FALSE,"observed"
"IT",1985,"40",40,0.00149,FALSE,"observed"
"IT",1985,"41",41,0.00164,FALSE,"observed"
"IT",1985,"42",42,0.00173,FALSE,"observed"
"IT",1985,"43",43,0.00199,FALSE,"observed"
"IT",1985,"44",44,0.00213,FALSE,"observed"
"IT",1985,"45",45,0.00234,FALSE,"observed"
"IT",1985,"46",46,0.00258,FALSE,"observed"
"IT",1985,"47",47,0.00306,FALSE,"observed"
"IT",1985,"48",48,0.00332,FALSE,"observed"
"IT",1985,"49",49,0.00359,FALSE,"observed"
"IT",1985,"50",50,0.00412,FALSE,"observed"
"IT",1985,"51",51,0.00477,FALSE,"observed"
"IT",1985,"52",52,0.0051,FALSE,"observed"
"IT",1985,"53",53,0.00568,FALSE,"observed"
"IT",1985,"54",54,0.00616,FALSE,"observed"
"IT",1985,"55",55,0.00725,FALSE,"observed"
"IT",1985,"56",56,0.00776,FALSE,"observed"
"IT",1985,"57",57,0.00878,FALSE,"observed"
"IT",1985,"58",58,0.00943,FALSE,"observed"
"IT",1985,"59",59,0.01048,FALSE,"observed"
"IT",1985,"60",60,0.01152,FALSE,"observed"
"IT",1985,"61",61,0.01255,FALSE,"observed"
"IT",1985,"62",62,0.01319,FALSE,"observed"
"IT",1985,"63",63,0.01483,FALSE,"observed"
"IT",1985,"64",64,0.01621,FALSE,"observed"
"IT",1985,"65",65,0.0177,FALSE,"observed"
"IT",1985,"66",66,0.01961,FALSE,"observed"
"IT",1985,"67",67,0.0215,FALSE,"observed"
"IT",1985,"68",68,0.02321,FALSE,"observed"
"IT",1985,"69",69,0.02517,FALSE,"observed"
"IT",1985,"70",70,0.02779,FALSE,"observed"
"IT",1985,"71",71,0.03096,FALSE,"observed"
"IT",1985,"72",72,0.0339,FALSE,"observed"
"IT",1985,"73",73,0.03808,FALSE,"observed"
"IT",1985,"74",74,0.04245,FALSE,"observed"
"IT",1985,"75",75,0.04763,FALSE,"observed"
"IT",1985,"76",76,0.05315,FALSE,"observed"
"IT",1985,"77",77,0.0594,FALSE,"observed"
"IT",1985,"78",78,0.06618,FALSE,"observed"
"IT",1985,"79",79,0.07359,FALSE,"observed"
"IT",1985,"80",80,0.08175,FALSE,"observed"
"IT",1985,"81",81,0.08992,FALSE,"observed"
"IT",1985,"82",82,0.0996,FALSE,"observed"
"IT",1985,"83",83,0.11139,FALSE,"observed"
"IT",1985,"84",84,0.12337,FALSE,"observed"
"IT",1985,"85",85,0.13614,FALSE,"observed"
"IT",1985,"86",86,0.14978,FALSE,"observed"
"IT",1985,"87",87,0.16818,FALSE,"observed"
"IT",1985,"88",88,0.17967,FALSE,"observed"
"IT",1985,"89",89,0.19854,FALSE,"observed"
"IT",1985,"90",90,0.22168,FALSE,"observed"
"IT",1985,"91",91,0.23916,FALSE,"observed"
"IT",1985,"92",92,0.26902,FALSE,"observed"
"IT",1985,"93",93,0.29288,FALSE,"observed"
"IT",1985,"94",94,0.31045,FALSE,"observed"
"IT",1985,"95",95,0.34054,FALSE,"observed"
"IT",1985,"96",96,0.36832,FALSE,"observed"
"IT",1985,"97",97,0.39707,FALSE,"observed"
"IT",1985,"98",98,0.42659,FALSE,"observed"
"IT",1985,"99",99,0.45668,FALSE,"observed"
"IT",1985,"100",100,0.48713,FALSE,"observed"
"IT",1985,"101",101,0.51768,FALSE,"observed"
"IT",1985,"102",102,0.54811,FALSE,"observed"
"IT",1985,"103",103,0.57818,FALSE,"observed"
"IT",1985,"104",104,0.60766,FALSE,"observed"
"IT",1985,"105",105,0.63636,FALSE,"observed"
"IT",1985,"106",106,0.66408,FALSE,"observed"
"IT",1985,"107",107,0.69067,FALSE,"observed"
"IT",1985,"108",108,0.71601,FALSE,"observed"
"IT",1985,"109",109,0.74,FALSE,"observed"
"IT",1985,"110+",110,0.76257,FALSE,"observed"
"IT",1986,"0",0,0.00996,FALSE,"observed"
"IT",1986,"1",1,5e-04,FALSE,"observed"
"IT",1986,"2",2,0.00033,FALSE,"observed"
"IT",1986,"3",3,0.00025,FALSE,"observed"
"IT",1986,"4",4,0.00021,FALSE,"observed"
"IT",1986,"5",5,0.00019,FALSE,"observed"
"IT",1986,"6",6,0.00021,FALSE,"observed"
"IT",1986,"7",7,2e-04,FALSE,"observed"
"IT",1986,"8",8,0.00018,FALSE,"observed"
"IT",1986,"9",9,0.00017,FALSE,"observed"
"IT",1986,"10",10,2e-04,FALSE,"observed"
"IT",1986,"11",11,0.00021,FALSE,"observed"
"IT",1986,"12",12,0.00016,FALSE,"observed"
"IT",1986,"13",13,0.00027,FALSE,"observed"
"IT",1986,"14",14,0.00031,FALSE,"observed"
"IT",1986,"15",15,0.00034,FALSE,"observed"
"IT",1986,"16",16,0.00048,FALSE,"observed"
"IT",1986,"17",17,0.00055,FALSE,"observed"
"IT",1986,"18",18,0.00057,FALSE,"observed"
"IT",1986,"19",19,0.00059,FALSE,"observed"
"IT",1986,"20",20,0.00067,FALSE,"observed"
"IT",1986,"21",21,0.00066,FALSE,"observed"
"IT",1986,"22",22,0.00067,FALSE,"observed"
"IT",1986,"23",23,0.00067,FALSE,"observed"
"IT",1986,"24",24,0.00063,FALSE,"observed"
"IT",1986,"25",25,0.00069,FALSE,"observed"
"IT",1986,"26",26,0.00068,FALSE,"observed"
"IT",1986,"27",27,0.00068,FALSE,"observed"
"IT",1986,"28",28,0.00069,FALSE,"observed"
"IT",1986,"29",29,0.00067,FALSE,"observed"
"IT",1986,"30",30,0.00074,FALSE,"observed"
"IT",1986,"31",31,0.00074,FALSE,"observed"
"IT",1986,"32",32,0.00074,FALSE,"observed"
"IT",1986,"33",33,0.00082,FALSE,"observed"
"IT",1986,"34",34,0.00082,FALSE,"observed"
"IT",1986,"35",35,0.00097,FALSE,"observed"
"IT",1986,"36",36,0.00098,FALSE,"observed"
"IT",1986,"37",37,0.00111,FALSE,"observed"
"IT",1986,"38",38,0.00113,FALSE,"observed"
"IT",1986,"39",39,0.00129,FALSE,"observed"
"IT",1986,"40",40,0.00144,FALSE,"observed"
"IT",1986,"41",41,0.00168,FALSE,"observed"
"IT",1986,"42",42,0.00184,FALSE,"observed"
"IT",1986,"43",43,0.00206,FALSE,"observed"
"IT",1986,"44",44,0.00215,FALSE,"observed"
"IT",1986,"45",45,0.00244,FALSE,"observed"
"IT",1986,"46",46,0.00263,FALSE,"observed"
"IT",1986,"47",47,0.00286,FALSE,"observed"
"IT",1986,"48",48,0.00324,FALSE,"observed"
"IT",1986,"49",49,0.00363,FALSE,"observed"
"IT",1986,"50",50,0.00398,FALSE,"observed"
"IT",1986,"51",51,0.00435,FALSE,"observed"
"IT",1986,"52",52,0.00499,FALSE,"observed"
"IT",1986,"53",53,0.00548,FALSE,"observed"
"IT",1986,"54",54,0.00621,FALSE,"observed"
"IT",1986,"55",55,0.00683,FALSE,"observed"
"IT",1986,"56",56,0.00773,FALSE,"observed"
"IT",1986,"57",57,0.0084,FALSE,"observed"
"IT",1986,"58",58,0.00925,FALSE,"observed"
"IT",1986,"59",59,0.01008,FALSE,"observed"
"IT",1986,"60",60,0.01104,FALSE,"observed"
"IT",1986,"61",61,0.01245,FALSE,"observed"
"IT",1986,"62",62,0.01335,FALSE,"observed"
"IT",1986,"63",63,0.01412,FALSE,"observed"
"IT",1986,"64",64,0.01571,FALSE,"observed"
"IT",1986,"65",65,0.01774,FALSE,"observed"
"IT",1986,"66",66,0.01898,FALSE,"observed"
"IT",1986,"67",67,0.0212,FALSE,"observed"
"IT",1986,"68",68,0.02312,FALSE,"observed"
"IT",1986,"69",69,0.02447,FALSE,"observed"
"IT",1986,"70",70,0.02738,FALSE,"observed"
"IT",1986,"71",71,0.0296,FALSE,"observed"
"IT",1986,"72",72,0.03315,FALSE,"observed"
"IT",1986,"73",73,0.03729,FALSE,"observed"
"IT",1986,"74",74,0.04165,FALSE,"observed"
"IT",1986,"75",75,0.045,FALSE,"observed"
"IT",1986,"76",76,0.0506,FALSE,"observed"
"IT",1986,"77",77,0.05609,FALSE,"observed"
"IT",1986,"78",78,0.06392,FALSE,"observed"
"IT",1986,"79",79,0.07129,FALSE,"observed"
"IT",1986,"80",80,0.07963,FALSE,"observed"
"IT",1986,"81",81,0.08788,FALSE,"observed"
"IT",1986,"82",82,0.09805,FALSE,"observed"
"IT",1986,"83",83,0.10891,FALSE,"observed"
"IT",1986,"84",84,0.1206,FALSE,"observed"
"IT",1986,"85",85,0.13419,FALSE,"observed"
"IT",1986,"86",86,0.14512,FALSE,"observed"
"IT",1986,"87",87,0.16237,FALSE,"observed"
"IT",1986,"88",88,0.17854,FALSE,"observed"
"IT",1986,"89",89,0.19532,FALSE,"observed"
"IT",1986,"90",90,0.21176,FALSE,"observed"
"IT",1986,"91",91,0.24086,FALSE,"observed"
"IT",1986,"92",92,0.25529,FALSE,"observed"
"IT",1986,"93",93,0.2774,FALSE,"observed"
"IT",1986,"94",94,0.30646,FALSE,"observed"
"IT",1986,"95",95,0.33175,FALSE,"observed"
"IT",1986,"96",96,0.35901,FALSE,"observed"
"IT",1986,"97",97,0.38728,FALSE,"observed"
"IT",1986,"98",98,0.41639,FALSE,"observed"
"IT",1986,"99",99,0.44615,FALSE,"observed"
"IT",1986,"100",100,0.47634,FALSE,"observed"
"IT",1986,"101",101,0.50673,FALSE,"observed"
"IT",1986,"102",102,0.5371,FALSE,"observed"
"IT",1986,"103",103,0.56721,FALSE,"observed"
"IT",1986,"104",104,0.59682,FALSE,"observed"
"IT",1986,"105",105,0.62574,FALSE,"observed"
"IT",1986,"106",106,0.65377,FALSE,"observed"
"IT",1986,"107",107,0.68075,FALSE,"observed"
"IT",1986,"108",108,0.70654,FALSE,"observed"
"IT",1986,"109",109,0.73103,FALSE,"observed"
"IT",1986,"110+",110,0.75414,FALSE,"observed"
"IT",1987,"0",0,0.00974,FALSE,"observed"
"IT",1987,"1",1,6e-04,FALSE,"observed"
"IT",1987,"2",2,0.00031,FALSE,"observed"
"IT",1987,"3",3,0.00027,FALSE,"observed"
"IT",1987,"4",4,0.00026,FALSE,"observed"
"IT",1987,"5",5,2e-04,FALSE,"observed"
"IT",1987,"6",6,2e-04,FALSE,"observed"
"IT",1987,"7",7,0.00018,FALSE,"observed"
"IT",1987,"8",8,0.00019,FALSE,"observed"
"IT",1987,"9",9,0.00017,FALSE,"observed"
"IT",1987,"10",10,0.00019,FALSE,"observed"
"IT",1987,"11",11,0.00016,FALSE,"observed"
"IT",1987,"12",12,2e-04,FALSE,"observed"
"IT",1987,"13",13,0.00022,FALSE,"observed"
"IT",1987,"14",14,0.00026,FALSE,"observed"
"IT",1987,"15",15,0.00031,FALSE,"observed"
"IT",1987,"16",16,0.00049,FALSE,"observed"
"IT",1987,"17",17,0.00051,FALSE,"observed"
"IT",1987,"18",18,0.00062,FALSE,"observed"
"IT",1987,"19",19,0.00061,FALSE,"observed"
"IT",1987,"20",20,0.00065,FALSE,"observed"
"IT",1987,"21",21,0.00064,FALSE,"observed"
"IT",1987,"22",22,0.00067,FALSE,"observed"
"IT",1987,"23",23,0.00073,FALSE,"observed"
"IT",1987,"24",24,7e-04,FALSE,"observed"
"IT",1987,"25",25,0.00071,FALSE,"observed"
"IT",1987,"26",26,0.00073,FALSE,"observed"
"IT",1987,"27",27,0.00069,FALSE,"observed"
"IT",1987,"28",28,0.00072,FALSE,"observed"
"IT",1987,"29",29,0.00071,FALSE,"observed"
"IT",1987,"30",30,0.00068,FALSE,"observed"
"IT",1987,"31",31,0.00078,FALSE,"observed"
"IT",1987,"32",32,0.00081,FALSE,"observed"
"IT",1987,"33",33,0.00079,FALSE,"observed"
"IT",1987,"34",34,0.00081,FALSE,"observed"
"IT",1987,"35",35,0.00096,FALSE,"observed"
"IT",1987,"36",36,0.00099,FALSE,"observed"
"IT",1987,"37",37,0.00104,FALSE,"observed"
"IT",1987,"38",38,0.00114,FALSE,"observed"
"IT",1987,"39",39,0.00125,FALSE,"observed"
"IT",1987,"40",40,0.00141,FALSE,"observed"
"IT",1987,"41",41,0.00156,FALSE,"observed"
"IT",1987,"42",42,0.00172,FALSE,"observed"
"IT",1987,"43",43,0.00199,FALSE,"observed"
"IT",1987,"44",44,0.00212,FALSE,"observed"
"IT",1987,"45",45,0.00224,FALSE,"observed"
"IT",1987,"46",46,0.00251,FALSE,"observed"
"IT",1987,"47",47,0.00279,FALSE,"observed"
"IT",1987,"48",48,0.00317,FALSE,"observed"
"IT",1987,"49",49,0.00341,FALSE,"observed"
"IT",1987,"50",50,0.00383,FALSE,"observed"
"IT",1987,"51",51,0.00425,FALSE,"observed"
"IT",1987,"52",52,0.00491,FALSE,"observed"
"IT",1987,"53",53,0.00541,FALSE,"observed"
"IT",1987,"54",54,0.00599,FALSE,"observed"
"IT",1987,"55",55,0.00654,FALSE,"observed"
"IT",1987,"56",56,0.00723,FALSE,"observed"
"IT",1987,"57",57,0.00818,FALSE,"observed"
"IT",1987,"58",58,0.00889,FALSE,"observed"
"IT",1987,"59",59,0.00986,FALSE,"observed"
"IT",1987,"60",60,0.01074,FALSE,"observed"
"IT",1987,"61",61,0.01197,FALSE,"observed"
"IT",1987,"62",62,0.0131,FALSE,"observed"
"IT",1987,"63",63,0.01426,FALSE,"observed"
"IT",1987,"64",64,0.0152,FALSE,"observed"
"IT",1987,"65",65,0.01656,FALSE,"observed"
"IT",1987,"66",66,0.01819,FALSE,"observed"
"IT",1987,"67",67,0.02037,FALSE,"observed"
"IT",1987,"68",68,0.02173,FALSE,"observed"
"IT",1987,"69",69,0.02371,FALSE,"observed"
"IT",1987,"70",70,0.02607,FALSE,"observed"
"IT",1987,"71",71,0.02872,FALSE,"observed"
"IT",1987,"72",72,0.03131,FALSE,"observed"
"IT",1987,"73",73,0.03529,FALSE,"observed"
"IT",1987,"74",74,0.03875,FALSE,"observed"
"IT",1987,"75",75,0.04351,FALSE,"observed"
"IT",1987,"76",76,0.0481,FALSE,"observed"
"IT",1987,"77",77,0.05409,FALSE,"observed"
"IT",1987,"78",78,0.06042,FALSE,"observed"
"IT",1987,"79",79,0.06765,FALSE,"observed"
"IT",1987,"80",80,0.07456,FALSE,"observed"
"IT",1987,"81",81,0.08257,FALSE,"observed"
"IT",1987,"82",82,0.09184,FALSE,"observed"
"IT",1987,"83",83,0.10216,FALSE,"observed"
"IT",1987,"84",84,0.11399,FALSE,"observed"
"IT",1987,"85",85,0.12442,FALSE,"observed"
"IT",1987,"86",86,0.13806,FALSE,"observed"
"IT",1987,"87",87,0.15361,FALSE,"observed"
"IT",1987,"88",88,0.16839,FALSE,"observed"
"IT",1987,"89",89,0.18988,FALSE,"observed"
"IT",1987,"90",90,0.20215,FALSE,"observed"
"IT",1987,"91",91,0.22708,FALSE,"observed"
"IT",1987,"92",92,0.24336,FALSE,"observed"
"IT",1987,"93",93,0.26665,FALSE,"observed"
"IT",1987,"94",94,0.28465,FALSE,"observed"
"IT",1987,"95",95,0.31798,FALSE,"observed"
"IT",1987,"96",96,0.34481,FALSE,"observed"
"IT",1987,"97",97,0.37273,FALSE,"observed"
"IT",1987,"98",98,0.40161,FALSE,"observed"
"IT",1987,"99",99,0.43125,FALSE,"observed"
"IT",1987,"100",100,0.46144,FALSE,"observed"
"IT",1987,"101",101,0.49197,FALSE,"observed"
"IT",1987,"102",102,0.5226,FALSE,"observed"
"IT",1987,"103",103,0.55308,FALSE,"observed"
"IT",1987,"104",104,0.5832,FALSE,"observed"
"IT",1987,"105",105,0.61272,FALSE,"observed"
"IT",1987,"106",106,0.64144,FALSE,"observed"
"IT",1987,"107",107,0.66918,FALSE,"observed"
"IT",1987,"108",108,0.69578,FALSE,"observed"
"IT",1987,"109",109,0.72113,FALSE,"observed"
"IT",1987,"110+",110,0.74512,FALSE,"observed"
"IT",1988,"0",0,0.00936,FALSE,"observed"
"IT",1988,"1",1,0.00051,FALSE,"observed"
"IT",1988,"2",2,0.00034,FALSE,"observed"
"IT",1988,"3",3,0.00027,FALSE,"observed"
"IT",1988,"4",4,0.00021,FALSE,"observed"
"IT",1988,"5",5,0.00022,FALSE,"observed"
"IT",1988,"6",6,0.00017,FALSE,"observed"
"IT",1988,"7",7,0.00019,FALSE,"observed"
"IT",1988,"8",8,0.00014,FALSE,"observed"
"IT",1988,"9",9,0.00017,FALSE,"observed"
"IT",1988,"10",10,0.00014,FALSE,"observed"
"IT",1988,"11",11,0.00017,FALSE,"observed"
"IT",1988,"12",12,0.00021,FALSE,"observed"
"IT",1988,"13",13,2e-04,FALSE,"observed"
"IT",1988,"14",14,0.00027,FALSE,"observed"
"IT",1988,"15",15,0.00035,FALSE,"observed"
"IT",1988,"16",16,0.00049,FALSE,"observed"
"IT",1988,"17",17,0.00056,FALSE,"observed"
"IT",1988,"18",18,0.00056,FALSE,"observed"
"IT",1988,"19",19,0.00061,FALSE,"observed"
"IT",1988,"20",20,0.00067,FALSE,"observed"
"IT",1988,"21",21,0.00071,FALSE,"observed"
"IT",1988,"22",22,0.00073,FALSE,"observed"
"IT",1988,"23",23,0.00071,FALSE,"observed"
"IT",1988,"24",24,0.00075,FALSE,"observed"
"IT",1988,"25",25,0.00077,FALSE,"observed"
"IT",1988,"26",26,0.00075,FALSE,"observed"
"IT",1988,"27",27,0.00076,FALSE,"observed"
"IT",1988,"28",28,8e-04,FALSE,"observed"
"IT",1988,"29",29,0.00074,FALSE,"observed"
"IT",1988,"30",30,0.00077,FALSE,"observed"
"IT",1988,"31",31,0.00079,FALSE,"observed"
"IT",1988,"32",32,0.00083,FALSE,"observed"
"IT",1988,"33",33,0.00083,FALSE,"observed"
"IT",1988,"34",34,0.00088,FALSE,"observed"
"IT",1988,"35",35,0.00088,FALSE,"observed"
"IT",1988,"36",36,0.00102,FALSE,"observed"
"IT",1988,"37",37,0.00108,FALSE,"observed"
"IT",1988,"38",38,0.00109,FALSE,"observed"
"IT",1988,"39",39,0.00122,FALSE,"observed"
"IT",1988,"40",40,0.00134,FALSE,"observed"
"IT",1988,"41",41,0.0015,FALSE,"observed"
"IT",1988,"42",42,0.00166,FALSE,"observed"
"IT",1988,"43",43,0.00182,FALSE,"observed"
"IT",1988,"44",44,0.00209,FALSE,"observed"
"IT",1988,"45",45,0.00228,FALSE,"observed"
"IT",1988,"46",46,0.00258,FALSE,"observed"
"IT",1988,"47",47,0.00272,FALSE,"observed"
"IT",1988,"48",48,0.00304,FALSE,"observed"
"IT",1988,"49",49,0.00334,FALSE,"observed"
"IT",1988,"50",50,0.00362,FALSE,"observed"
"IT",1988,"51",51,0.00407,FALSE,"observed"
"IT",1988,"52",52,0.00451,FALSE,"observed"
"IT",1988,"53",53,0.00505,FALSE,"observed"
"IT",1988,"54",54,0.00569,FALSE,"observed"
"IT",1988,"55",55,0.00639,FALSE,"observed"
"IT",1988,"56",56,0.00703,FALSE,"observed"
"IT",1988,"57",57,0.00787,FALSE,"observed"
"IT",1988,"58",58,0.00852,FALSE,"observed"
"IT",1988,"59",59,0.00943,FALSE,"observed"
"IT",1988,"60",60,0.01063,FALSE,"observed"
"IT",1988,"61",61,0.01167,FALSE,"observed"
"IT",1988,"62",62,0.0129,FALSE,"observed"
"IT",1988,"63",63,0.01397,FALSE,"observed"
"IT",1988,"64",64,0.01507,FALSE,"observed"
"IT",1988,"65",65,0.01634,FALSE,"observed"
"IT",1988,"66",66,0.01793,FALSE,"observed"
"IT",1988,"67",67,0.01969,FALSE,"observed"
"IT",1988,"68",68,0.02144,FALSE,"observed"
"IT",1988,"69",69,0.02374,FALSE,"observed"
"IT",1988,"70",70,0.02617,FALSE,"observed"
"IT",1988,"71",71,0.0278,FALSE,"observed"
"IT",1988,"72",72,0.03087,FALSE,"observed"
"IT",1988,"73",73,0.034,FALSE,"observed"
"IT",1988,"74",74,0.03877,FALSE,"observed"
"IT",1988,"75",75,0.04166,FALSE,"observed"
"IT",1988,"76",76,0.04761,FALSE,"observed"
"IT",1988,"77",77,0.0522,FALSE,"observed"
"IT",1988,"78",78,0.05821,FALSE,"observed"
"IT",1988,"79",79,0.06685,FALSE,"observed"
"IT",1988,"80",80,0.07446,FALSE,"observed"
"IT",1988,"81",81,0.08131,FALSE,"observed"
"IT",1988,"82",82,0.09099,FALSE,"observed"
"IT",1988,"83",83,0.10238,FALSE,"observed"
"IT",1988,"84",84,0.11376,FALSE,"observed"
"IT",1988,"85",85,0.12413,FALSE,"observed"
"IT",1988,"86",86,0.13962,FALSE,"observed"
"IT",1988,"87",87,0.15297,FALSE,"observed"
"IT",1988,"88",88,0.16858,FALSE,"observed"
"IT",1988,"89",89,0.189,FALSE,"observed"
"IT",1988,"90",90,0.20905,FALSE,"observed"
"IT",1988,"91",91,0.22134,FALSE,"observed"
"IT",1988,"92",92,0.24522,FALSE,"observed"
"IT",1988,"93",93,0.26992,FALSE,"observed"
"IT",1988,"94",94,0.29936,FALSE,"observed"
"IT",1988,"95",95,0.3222,FALSE,"observed"
"IT",1988,"96",96,0.34977,FALSE,"observed"
"IT",1988,"97",97,0.37847,FALSE,"observed"
"IT",1988,"98",98,0.40813,FALSE,"observed"
"IT",1988,"99",99,0.43855,FALSE,"observed"
"IT",1988,"100",100,0.46949,FALSE,"observed"
"IT",1988,"101",101,0.50073,FALSE,"observed"
"IT",1988,"102",102,0.53201,FALSE,"observed"
"IT",1988,"103",103,0.56306,FALSE,"observed"
"IT",1988,"104",104,0.59366,FALSE,"observed"
"IT",1988,"105",105,0.62356,FALSE,"observed"
"IT",1988,"106",106,0.65256,FALSE,"observed"
"IT",1988,"107",107,0.68046,FALSE,"observed"
"IT",1988,"108",108,0.70713,FALSE,"observed"
"IT",1988,"109",109,0.73244,FALSE,"observed"
"IT",1988,"110+",110,0.75629,FALSE,"observed"
"IT",1989,"0",0,0.00862,FALSE,"observed"
"IT",1989,"1",1,0.00042,FALSE,"observed"
"IT",1989,"2",2,0.00033,FALSE,"observed"
"IT",1989,"3",3,0.00023,FALSE,"observed"
"IT",1989,"4",4,2e-04,FALSE,"observed"
"IT",1989,"5",5,0.00018,FALSE,"observed"
"IT",1989,"6",6,0.00017,FALSE,"observed"
"IT",1989,"7",7,0.00016,FALSE,"observed"
"IT",1989,"8",8,0.00016,FALSE,"observed"
"IT",1989,"9",9,0.00016,FALSE,"observed"
"IT",1989,"10",10,0.00015,FALSE,"observed"
"IT",1989,"11",11,0.00016,FALSE,"observed"
"IT",1989,"12",12,0.00018,FALSE,"observed"
"IT",1989,"13",13,0.00019,FALSE,"observed"
"IT",1989,"14",14,0.00027,FALSE,"observed"
"IT",1989,"15",15,0.00034,FALSE,"observed"
"IT",1989,"16",16,0.00051,FALSE,"observed"
"IT",1989,"17",17,0.00058,FALSE,"observed"
"IT",1989,"18",18,0.00065,FALSE,"observed"
"IT",1989,"19",19,0.00061,FALSE,"observed"
"IT",1989,"20",20,0.00065,FALSE,"observed"
"IT",1989,"21",21,0.00072,FALSE,"observed"
"IT",1989,"22",22,0.00073,FALSE,"observed"
"IT",1989,"23",23,0.00071,FALSE,"observed"
"IT",1989,"24",24,0.00073,FALSE,"observed"
"IT",1989,"25",25,8e-04,FALSE,"observed"
"IT",1989,"26",26,0.00083,FALSE,"observed"
"IT",1989,"27",27,0.00082,FALSE,"observed"
"IT",1989,"28",28,0.00086,FALSE,"observed"
"IT",1989,"29",29,0.00089,FALSE,"observed"
"IT",1989,"30",30,9e-04,FALSE,"observed"
"IT",1989,"31",31,0.00086,FALSE,"observed"
"IT",1989,"32",32,0.00088,FALSE,"observed"
"IT",1989,"33",33,0.00094,FALSE,"observed"
"IT",1989,"34",34,0.00097,FALSE,"observed"
"IT",1989,"35",35,0.00103,FALSE,"observed"
"IT",1989,"36",36,9e-04,FALSE,"observed"
"IT",1989,"37",37,0.00103,FALSE,"observed"
"IT",1989,"38",38,0.00112,FALSE,"observed"
"IT",1989,"39",39,0.00125,FALSE,"observed"
"IT",1989,"40",40,0.00137,FALSE,"observed"
"IT",1989,"41",41,0.00149,FALSE,"observed"
"IT",1989,"42",42,0.0015,FALSE,"observed"
"IT",1989,"43",43,0.00173,FALSE,"observed"
"IT",1989,"44",44,0.00194,FALSE,"observed"
"IT",1989,"45",45,0.00221,FALSE,"observed"
"IT",1989,"46",46,0.00248,FALSE,"observed"
"IT",1989,"47",47,0.0027,FALSE,"observed"
"IT",1989,"48",48,0.00296,FALSE,"observed"
"IT",1989,"49",49,0.00328,FALSE,"observed"
"IT",1989,"50",50,0.00364,FALSE,"observed"
"IT",1989,"51",51,0.00406,FALSE,"observed"
"IT",1989,"52",52,0.00435,FALSE,"observed"
"IT",1989,"53",53,0.0049,FALSE,"observed"
"IT",1989,"54",54,0.00534,FALSE,"observed"
"IT",1989,"55",55,0.00618,FALSE,"observed"
"IT",1989,"56",56,0.00671,FALSE,"observed"
"IT",1989,"57",57,0.00735,FALSE,"observed"
"IT",1989,"58",58,0.00816,FALSE,"observed"
"IT",1989,"59",59,0.00905,FALSE,"observed"
"IT",1989,"60",60,0.00981,FALSE,"observed"
"IT",1989,"61",61,0.01114,FALSE,"observed"
"IT",1989,"62",62,0.01221,FALSE,"observed"
"IT",1989,"63",63,0.01345,FALSE,"observed"
"IT",1989,"64",64,0.01499,FALSE,"observed"
"IT",1989,"65",65,0.01605,FALSE,"observed"
"IT",1989,"66",66,0.01713,FALSE,"observed"
"IT",1989,"67",67,0.01887,FALSE,"observed"
"IT",1989,"68",68,0.02077,FALSE,"observed"
"IT",1989,"69",69,0.0228,FALSE,"observed"
"IT",1989,"70",70,0.02513,FALSE,"observed"
"IT",1989,"71",71,0.02786,FALSE,"observed"
"IT",1989,"72",72,0.03072,FALSE,"observed"
"IT",1989,"73",73,0.03321,FALSE,"observed"
"IT",1989,"74",74,0.03635,FALSE,"observed"
"IT",1989,"75",75,0.04032,FALSE,"observed"
"IT",1989,"76",76,0.04464,FALSE,"observed"
"IT",1989,"77",77,0.05046,FALSE,"observed"
"IT",1989,"78",78,0.05552,FALSE,"observed"
"IT",1989,"79",79,0.06335,FALSE,"observed"
"IT",1989,"80",80,0.06944,FALSE,"observed"
"IT",1989,"81",81,0.07962,FALSE,"observed"
"IT",1989,"82",82,0.08591,FALSE,"observed"
"IT",1989,"83",83,0.0971,FALSE,"observed"
"IT",1989,"84",84,0.10654,FALSE,"observed"
"IT",1989,"85",85,0.12064,FALSE,"observed"
"IT",1989,"86",86,0.13142,FALSE,"observed"
"IT",1989,"87",87,0.14625,FALSE,"observed"
"IT",1989,"88",88,0.1651,FALSE,"observed"
"IT",1989,"89",89,0.17704,FALSE,"observed"
"IT",1989,"90",90,0.19728,FALSE,"observed"
"IT",1989,"91",91,0.21782,FALSE,"observed"
"IT",1989,"92",92,0.2415,FALSE,"observed"
"IT",1989,"93",93,0.25077,FALSE,"observed"
"IT",1989,"94",94,0.29294,FALSE,"observed"
"IT",1989,"95",95,0.30989,FALSE,"observed"
"IT",1989,"96",96,0.33683,FALSE,"observed"
"IT",1989,"97",97,0.36496,FALSE,"observed"
"IT",1989,"98",98,0.39414,FALSE,"observed"
"IT",1989,"99",99,0.42416,FALSE,"observed"
"IT",1989,"100",100,0.45482,FALSE,"observed"
"IT",1989,"101",101,0.48589,FALSE,"observed"
"IT",1989,"102",102,0.51712,FALSE,"observed"
"IT",1989,"103",103,0.54827,FALSE,"observed"
"IT",1989,"104",104,0.57908,FALSE,"observed"
"IT",1989,"105",105,0.60931,FALSE,"observed"
"IT",1989,"106",106,0.63875,FALSE,"observed"
"IT",1989,"107",107,0.6672,FALSE,"observed"
"IT",1989,"108",108,0.6945,FALSE,"observed"
"IT",1989,"109",109,0.72049,FALSE,"observed"
"IT",1989,"110+",110,0.74509,FALSE,"observed"
"IT",1990,"0",0,0.00819,FALSE,"observed"
"IT",1990,"1",1,0.00043,FALSE,"observed"
"IT",1990,"2",2,0.00028,FALSE,"observed"
"IT",1990,"3",3,0.00023,FALSE,"observed"
"IT",1990,"4",4,0.00022,FALSE,"observed"
"IT",1990,"5",5,2e-04,FALSE,"observed"
"IT",1990,"6",6,0.00015,FALSE,"observed"
"IT",1990,"7",7,0.00017,FALSE,"observed"
"IT",1990,"8",8,0.00015,FALSE,"observed"
"IT",1990,"9",9,0.00018,FALSE,"observed"
"IT",1990,"10",10,0.00015,FALSE,"observed"
"IT",1990,"11",11,0.00016,FALSE,"observed"
"IT",1990,"12",12,0.00018,FALSE,"observed"
"IT",1990,"13",13,0.00021,FALSE,"observed"
"IT",1990,"14",14,0.00027,FALSE,"observed"
"IT",1990,"15",15,0.00041,FALSE,"observed"
"IT",1990,"16",16,0.00054,FALSE,"observed"
"IT",1990,"17",17,6e-04,FALSE,"observed"
"IT",1990,"18",18,0.00062,FALSE,"observed"
"IT",1990,"19",19,0.00064,FALSE,"observed"
"IT",1990,"20",20,0.00066,FALSE,"observed"
"IT",1990,"21",21,0.00078,FALSE,"observed"
"IT",1990,"22",22,0.00071,FALSE,"observed"
"IT",1990,"23",23,0.00075,FALSE,"observed"
"IT",1990,"24",24,8e-04,FALSE,"observed"
"IT",1990,"25",25,0.00088,FALSE,"observed"
"IT",1990,"26",26,0.00089,FALSE,"observed"
"IT",1990,"27",27,9e-04,FALSE,"observed"
"IT",1990,"28",28,0.00095,FALSE,"observed"
"IT",1990,"29",29,0.00093,FALSE,"observed"
"IT",1990,"30",30,0.00093,FALSE,"observed"
"IT",1990,"31",31,0.00096,FALSE,"observed"
"IT",1990,"32",32,0.00096,FALSE,"observed"
"IT",1990,"33",33,0.00102,FALSE,"observed"
"IT",1990,"34",34,0.00097,FALSE,"observed"
"IT",1990,"35",35,0.00104,FALSE,"observed"
"IT",1990,"36",36,0.0011,FALSE,"observed"
"IT",1990,"37",37,0.00117,FALSE,"observed"
"IT",1990,"38",38,0.00122,FALSE,"observed"
"IT",1990,"39",39,0.00127,FALSE,"observed"
"IT",1990,"40",40,0.00141,FALSE,"observed"
"IT",1990,"41",41,0.00147,FALSE,"observed"
"IT",1990,"42",42,0.00166,FALSE,"observed"
"IT",1990,"43",43,0.00175,FALSE,"observed"
"IT",1990,"44",44,0.00195,FALSE,"observed"
"IT",1990,"45",45,0.0021,FALSE,"observed"
"IT",1990,"46",46,0.00234,FALSE,"observed"
"IT",1990,"47",47,0.00263,FALSE,"observed"
"IT",1990,"48",48,0.00292,FALSE,"observed"
"IT",1990,"49",49,0.00308,FALSE,"observed"
"IT",1990,"50",50,0.00349,FALSE,"observed"
"IT",1990,"51",51,0.00379,FALSE,"observed"
"IT",1990,"52",52,0.00413,FALSE,"observed"
"IT",1990,"53",53,0.00469,FALSE,"observed"
"IT",1990,"54",54,0.00521,FALSE,"observed"
"IT",1990,"55",55,0.00579,FALSE,"observed"
"IT",1990,"56",56,0.00649,FALSE,"observed"
"IT",1990,"57",57,0.00734,FALSE,"observed"
"IT",1990,"58",58,0.00812,FALSE,"observed"
"IT",1990,"59",59,0.00875,FALSE,"observed"
"IT",1990,"60",60,0.00986,FALSE,"observed"
"IT",1990,"61",61,0.0108,FALSE,"observed"
"IT",1990,"62",62,0.01185,FALSE,"observed"
"IT",1990,"63",63,0.01297,FALSE,"observed"
"IT",1990,"64",64,0.01434,FALSE,"observed"
"IT",1990,"65",65,0.01567,FALSE,"observed"
"IT",1990,"66",66,0.0176,FALSE,"observed"
"IT",1990,"67",67,0.01862,FALSE,"observed"
"IT",1990,"68",68,0.02038,FALSE,"observed"
"IT",1990,"69",69,0.02228,FALSE,"observed"
"IT",1990,"70",70,0.02432,FALSE,"observed"
"IT",1990,"71",71,0.0275,FALSE,"observed"
"IT",1990,"72",72,0.03038,FALSE,"observed"
"IT",1990,"73",73,0.03336,FALSE,"observed"
"IT",1990,"74",74,0.03678,FALSE,"observed"
"IT",1990,"75",75,0.04032,FALSE,"observed"
"IT",1990,"76",76,0.045,FALSE,"observed"
"IT",1990,"77",77,0.04921,FALSE,"observed"
"IT",1990,"78",78,0.05591,FALSE,"observed"
"IT",1990,"79",79,0.06171,FALSE,"observed"
"IT",1990,"80",80,0.0695,FALSE,"observed"
"IT",1990,"81",81,0.07642,FALSE,"observed"
"IT",1990,"82",82,0.08698,FALSE,"observed"
"IT",1990,"83",83,0.09828,FALSE,"observed"
"IT",1990,"84",84,0.10759,FALSE,"observed"
"IT",1990,"85",85,0.12086,FALSE,"observed"
"IT",1990,"86",86,0.13341,FALSE,"observed"
"IT",1990,"87",87,0.14861,FALSE,"observed"
"IT",1990,"88",88,0.16524,FALSE,"observed"
"IT",1990,"89",89,0.18139,FALSE,"observed"
"IT",1990,"90",90,0.2028,FALSE,"observed"
"IT",1990,"91",91,0.2201,FALSE,"observed"
"IT",1990,"92",92,0.2443,FALSE,"observed"
"IT",1990,"93",93,0.26251,FALSE,"observed"
"IT",1990,"94",94,0.27921,FALSE,"observed"
"IT",1990,"95",95,0.31842,FALSE,"observed"
"IT",1990,"96",96,0.3465,FALSE,"observed"
"IT",1990,"97",97,0.37579,FALSE,"observed"
"IT",1990,"98",98,0.40611,FALSE,"observed"
"IT",1990,"99",99,0.43723,FALSE,"observed"
"IT",1990,"100",100,0.46893,FALSE,"observed"
"IT",1990,"101",101,0.50095,FALSE,"observed"
"IT",1990,"102",102,0.53301,FALSE,"observed"
"IT",1990,"103",103,0.56484,FALSE,"observed"
"IT",1990,"104",104,0.59619,FALSE,"observed"
"IT",1990,"105",105,0.6268,FALSE,"observed"
"IT",1990,"106",106,0.65645,FALSE,"observed"
"IT",1990,"107",107,0.68494,FALSE,"observed"
"IT",1990,"108",108,0.71211,FALSE,"observed"
"IT",1990,"109",109,0.73785,FALSE,"observed"
"IT",1990,"110+",110,0.76205,FALSE,"observed"
"IT",1991,"0",0,0.00846,FALSE,"observed"
"IT",1991,"1",1,5e-04,FALSE,"observed"
"IT",1991,"2",2,0.00032,FALSE,"observed"
"IT",1991,"3",3,0.00025,FALSE,"observed"
"IT",1991,"4",4,2e-04,FALSE,"observed"
"IT",1991,"5",5,0.00024,FALSE,"observed"
"IT",1991,"6",6,0.00019,FALSE,"observed"
"IT",1991,"7",7,0.00016,FALSE,"observed"
"IT",1991,"8",8,0.00019,FALSE,"observed"
"IT",1991,"9",9,0.00013,FALSE,"observed"
"IT",1991,"10",10,0.00014,FALSE,"observed"
"IT",1991,"11",11,0.00017,FALSE,"observed"
"IT",1991,"12",12,0.00018,FALSE,"observed"
"IT",1991,"13",13,0.00022,FALSE,"observed"
"IT",1991,"14",14,0.00029,FALSE,"observed"
"IT",1991,"15",15,0.00032,FALSE,"observed"
"IT",1991,"16",16,0.00054,FALSE,"observed"
"IT",1991,"17",17,0.00061,FALSE,"observed"
"IT",1991,"18",18,0.00067,FALSE,"observed"
"IT",1991,"19",19,0.00068,FALSE,"observed"
"IT",1991,"20",20,0.00075,FALSE,"observed"
"IT",1991,"21",21,0.00078,FALSE,"observed"
"IT",1991,"22",22,0.00076,FALSE,"observed"
"IT",1991,"23",23,0.00083,FALSE,"observed"
"IT",1991,"24",24,0.00081,FALSE,"observed"
"IT",1991,"25",25,9e-04,FALSE,"observed"
"IT",1991,"26",26,0.00095,FALSE,"observed"
"IT",1991,"27",27,0.001,FALSE,"observed"
"IT",1991,"28",28,0.00102,FALSE,"observed"
"IT",1991,"29",29,0.00105,FALSE,"observed"
"IT",1991,"30",30,0.00105,FALSE,"observed"
"IT",1991,"31",31,0.00109,FALSE,"observed"
"IT",1991,"32",32,0.00113,FALSE,"observed"
"IT",1991,"33",33,0.00111,FALSE,"observed"
"IT",1991,"34",34,0.00107,FALSE,"observed"
"IT",1991,"35",35,0.0011,FALSE,"observed"
"IT",1991,"36",36,0.00108,FALSE,"observed"
"IT",1991,"37",37,0.00106,FALSE,"observed"
"IT",1991,"38",38,0.00121,FALSE,"observed"
"IT",1991,"39",39,0.0013,FALSE,"observed"
"IT",1991,"40",40,0.00138,FALSE,"observed"
"IT",1991,"41",41,0.00138,FALSE,"observed"
"IT",1991,"42",42,0.00168,FALSE,"observed"
"IT",1991,"43",43,0.00172,FALSE,"observed"
"IT",1991,"44",44,0.0019,FALSE,"observed"
"IT",1991,"45",45,0.00209,FALSE,"observed"
"IT",1991,"46",46,0.0024,FALSE,"observed"
"IT",1991,"47",47,0.00279,FALSE,"observed"
"IT",1991,"48",48,0.00294,FALSE,"observed"
"IT",1991,"49",49,0.00316,FALSE,"observed"
"IT",1991,"50",50,0.00349,FALSE,"observed"
"IT",1991,"51",51,0.00375,FALSE,"observed"
"IT",1991,"52",52,0.00415,FALSE,"observed"
"IT",1991,"53",53,0.00462,FALSE,"observed"
"IT",1991,"54",54,0.00513,FALSE,"observed"
"IT",1991,"55",55,0.00584,FALSE,"observed"
"IT",1991,"56",56,0.00636,FALSE,"observed"
"IT",1991,"57",57,0.00718,FALSE,"observed"
"IT",1991,"58",58,0.00784,FALSE,"observed"
"IT",1991,"59",59,0.0088,FALSE,"observed"
"IT",1991,"60",60,0.00952,FALSE,"observed"
"IT",1991,"61",61,0.01056,FALSE,"observed"
"IT",1991,"62",62,0.0118,FALSE,"observed"
"IT",1991,"63",63,0.01312,FALSE,"observed"
"IT",1991,"64",64,0.01417,FALSE,"observed"
"IT",1991,"65",65,0.01563,FALSE,"observed"
"IT",1991,"66",66,0.01704,FALSE,"observed"
"IT",1991,"67",67,0.01853,FALSE,"observed"
"IT",1991,"68",68,0.01994,FALSE,"observed"
"IT",1991,"69",69,0.02212,FALSE,"observed"
"IT",1991,"70",70,0.02458,FALSE,"observed"
"IT",1991,"71",71,0.02725,FALSE,"observed"
"IT",1991,"72",72,0.03004,FALSE,"observed"
"IT",1991,"73",73,0.03271,FALSE,"observed"
"IT",1991,"74",74,0.03631,FALSE,"observed"
"IT",1991,"75",75,0.03963,FALSE,"observed"
"IT",1991,"76",76,0.04369,FALSE,"observed"
"IT",1991,"77",77,0.04913,FALSE,"observed"
"IT",1991,"78",78,0.05414,FALSE,"observed"
"IT",1991,"79",79,0.06091,FALSE,"observed"
"IT",1991,"80",80,0.06762,FALSE,"observed"
"IT",1991,"81",81,0.07716,FALSE,"observed"
"IT",1991,"82",82,0.08492,FALSE,"observed"
"IT",1991,"83",83,0.09628,FALSE,"observed"
"IT",1991,"84",84,0.1061,FALSE,"observed"
"IT",1991,"85",85,0.11973,FALSE,"observed"
"IT",1991,"86",86,0.13271,FALSE,"observed"
"IT",1991,"87",87,0.14921,FALSE,"observed"
"IT",1991,"88",88,0.16371,FALSE,"observed"
"IT",1991,"89",89,0.18243,FALSE,"observed"
"IT",1991,"90",90,0.20324,FALSE,"observed"
"IT",1991,"91",91,0.21915,FALSE,"observed"
"IT",1991,"92",92,0.24241,FALSE,"observed"
"IT",1991,"93",93,0.26837,FALSE,"observed"
"IT",1991,"94",94,0.2806,FALSE,"observed"
"IT",1991,"95",95,0.3201,FALSE,"observed"
"IT",1991,"96",96,0.34866,FALSE,"observed"
"IT",1991,"97",97,0.37846,FALSE,"observed"
"IT",1991,"98",98,0.40929,FALSE,"observed"
"IT",1991,"99",99,0.44095,FALSE,"observed"
"IT",1991,"100",100,0.47317,FALSE,"observed"
"IT",1991,"101",101,0.5057,FALSE,"observed"
"IT",1991,"102",102,0.53824,FALSE,"observed"
"IT",1991,"103",103,0.57052,FALSE,"observed"
"IT",1991,"104",104,0.60226,FALSE,"observed"
"IT",1991,"105",105,0.6332,FALSE,"observed"
"IT",1991,"106",106,0.66312,FALSE,"observed"
"IT",1991,"107",107,0.69181,FALSE,"observed"
"IT",1991,"108",108,0.71912,FALSE,"observed"
"IT",1991,"109",109,0.74492,FALSE,"observed"
"IT",1991,"110+",110,0.76913,FALSE,"observed"
"IT",1992,"0",0,0.00828,FALSE,"observed"
"IT",1992,"1",1,5e-04,FALSE,"observed"
"IT",1992,"2",2,0.00034,FALSE,"observed"
"IT",1992,"3",3,0.00024,FALSE,"observed"
"IT",1992,"4",4,0.00019,FALSE,"observed"
"IT",1992,"5",5,2e-04,FALSE,"observed"
"IT",1992,"6",6,0.00016,FALSE,"observed"
"IT",1992,"7",7,0.00017,FALSE,"observed"
"IT",1992,"8",8,0.00018,FALSE,"observed"
"IT",1992,"9",9,0.00015,FALSE,"observed"
"IT",1992,"10",10,0.00017,FALSE,"observed"
"IT",1992,"11",11,0.00017,FALSE,"observed"
"IT",1992,"12",12,0.00021,FALSE,"observed"
"IT",1992,"13",13,0.00019,FALSE,"observed"
"IT",1992,"14",14,0.00034,FALSE,"observed"
"IT",1992,"15",15,0.00038,FALSE,"observed"
"IT",1992,"16",16,0.00051,FALSE,"observed"
"IT",1992,"17",17,6e-04,FALSE,"observed"
"IT",1992,"18",18,0.00068,FALSE,"observed"
"IT",1992,"19",19,0.00065,FALSE,"observed"
"IT",1992,"20",20,0.00074,FALSE,"observed"
"IT",1992,"21",21,0.00074,FALSE,"observed"
"IT",1992,"22",22,0.00074,FALSE,"observed"
"IT",1992,"23",23,0.00078,FALSE,"observed"
"IT",1992,"24",24,8e-04,FALSE,"observed"
"IT",1992,"25",25,0.00078,FALSE,"observed"
"IT",1992,"26",26,0.00084,FALSE,"observed"
"IT",1992,"27",27,0.00093,FALSE,"observed"
"IT",1992,"28",28,0.00096,FALSE,"observed"
"IT",1992,"29",29,0.00101,FALSE,"observed"
"IT",1992,"30",30,0.00117,FALSE,"observed"
"IT",1992,"31",31,0.00114,FALSE,"observed"
"IT",1992,"32",32,0.00108,FALSE,"observed"
"IT",1992,"33",33,0.00111,FALSE,"observed"
"IT",1992,"34",34,0.00112,FALSE,"observed"
"IT",1992,"35",35,0.00112,FALSE,"observed"
"IT",1992,"36",36,0.00107,FALSE,"observed"
"IT",1992,"37",37,0.00123,FALSE,"observed"
"IT",1992,"38",38,0.00119,FALSE,"observed"
"IT",1992,"39",39,0.00127,FALSE,"observed"
"IT",1992,"40",40,0.00131,FALSE,"observed"
"IT",1992,"41",41,0.00137,FALSE,"observed"
"IT",1992,"42",42,0.00155,FALSE,"observed"
"IT",1992,"43",43,0.00174,FALSE,"observed"
"IT",1992,"44",44,0.00185,FALSE,"observed"
"IT",1992,"45",45,0.00208,FALSE,"observed"
"IT",1992,"46",46,0.00226,FALSE,"observed"
"IT",1992,"47",47,0.00248,FALSE,"observed"
"IT",1992,"48",48,0.00297,FALSE,"observed"
"IT",1992,"49",49,0.00335,FALSE,"observed"
"IT",1992,"50",50,0.00325,FALSE,"observed"
"IT",1992,"51",51,0.00362,FALSE,"observed"
"IT",1992,"52",52,0.00398,FALSE,"observed"
"IT",1992,"53",53,0.00453,FALSE,"observed"
"IT",1992,"54",54,0.00504,FALSE,"observed"
"IT",1992,"55",55,0.00559,FALSE,"observed"
"IT",1992,"56",56,0.006,FALSE,"observed"
"IT",1992,"57",57,0.00672,FALSE,"observed"
"IT",1992,"58",58,0.0075,FALSE,"observed"
"IT",1992,"59",59,0.00838,FALSE,"observed"
"IT",1992,"60",60,0.00937,FALSE,"observed"
"IT",1992,"61",61,0.01009,FALSE,"observed"
"IT",1992,"62",62,0.01114,FALSE,"observed"
"IT",1992,"63",63,0.01222,FALSE,"observed"
"IT",1992,"64",64,0.01366,FALSE,"observed"
"IT",1992,"65",65,0.01503,FALSE,"observed"
"IT",1992,"66",66,0.01644,FALSE,"observed"
"IT",1992,"67",67,0.01845,FALSE,"observed"
"IT",1992,"68",68,0.01967,FALSE,"observed"
"IT",1992,"69",69,0.02129,FALSE,"observed"
"IT",1992,"70",70,0.02353,FALSE,"observed"
"IT",1992,"71",71,0.02583,FALSE,"observed"
"IT",1992,"72",72,0.0286,FALSE,"observed"
"IT",1992,"73",73,0.03228,FALSE,"observed"
"IT",1992,"74",74,0.03523,FALSE,"observed"
"IT",1992,"75",75,0.03899,FALSE,"observed"
"IT",1992,"76",76,0.04242,FALSE,"observed"
"IT",1992,"77",77,0.04706,FALSE,"observed"
"IT",1992,"78",78,0.05245,FALSE,"observed"
"IT",1992,"79",79,0.05851,FALSE,"observed"
"IT",1992,"80",80,0.06578,FALSE,"observed"
"IT",1992,"81",81,0.07276,FALSE,"observed"
"IT",1992,"82",82,0.08132,FALSE,"observed"
"IT",1992,"83",83,0.09152,FALSE,"observed"
"IT",1992,"84",84,0.10233,FALSE,"observed"
"IT",1992,"85",85,0.11418,FALSE,"observed"
"IT",1992,"86",86,0.12764,FALSE,"observed"
"IT",1992,"87",87,0.1412,FALSE,"observed"
"IT",1992,"88",88,0.15686,FALSE,"observed"
"IT",1992,"89",89,0.1702,FALSE,"observed"
"IT",1992,"90",90,0.19304,FALSE,"observed"
"IT",1992,"91",91,0.21202,FALSE,"observed"
"IT",1992,"92",92,0.23124,FALSE,"observed"
"IT",1992,"93",93,0.26131,FALSE,"observed"
"IT",1992,"94",94,0.2789,FALSE,"observed"
"IT",1992,"95",95,0.30608,FALSE,"observed"
"IT",1992,"96",96,0.33373,FALSE,"observed"
"IT",1992,"97",97,0.36268,FALSE,"observed"
"IT",1992,"98",98,0.39276,FALSE,"observed"
"IT",1992,"99",99,0.42378,FALSE,"observed"
"IT",1992,"100",100,0.4555,FALSE,"observed"
"IT",1992,"101",101,0.48766,FALSE,"observed"
"IT",1992,"102",102,0.52,FALSE,"observed"
"IT",1992,"103",103,0.55225,FALSE,"observed"
"IT",1992,"104",104,0.58412,FALSE,"observed"
"IT",1992,"105",105,0.61535,FALSE,"observed"
"IT",1992,"106",106,0.6457,FALSE,"observed"
"IT",1992,"107",107,0.67496,FALSE,"observed"
"IT",1992,"108",108,0.70295,FALSE,"observed"
"IT",1992,"109",109,0.72952,FALSE,"observed"
"IT",1992,"110+",110,0.75457,FALSE,"observed"
"IT",1993,"0",0,0.00698,FALSE,"observed"
"IT",1993,"1",1,0.00048,FALSE,"observed"
"IT",1993,"2",2,0.00042,FALSE,"observed"
"IT",1993,"3",3,0.00036,FALSE,"observed"
"IT",1993,"4",4,0.00023,FALSE,"observed"
"IT",1993,"5",5,0.00021,FALSE,"observed"
"IT",1993,"6",6,0.00024,FALSE,"observed"
"IT",1993,"7",7,0.00018,FALSE,"observed"
"IT",1993,"8",8,0.00018,FALSE,"observed"
"IT",1993,"9",9,0.00019,FALSE,"observed"
"IT",1993,"10",10,0.00017,FALSE,"observed"
"IT",1993,"11",11,2e-04,FALSE,"observed"
"IT",1993,"12",12,0.00017,FALSE,"observed"
"IT",1993,"13",13,0.00022,FALSE,"observed"
"IT",1993,"14",14,0.00028,FALSE,"observed"
"IT",1993,"15",15,0.00033,FALSE,"observed"
"IT",1993,"16",16,0.00048,FALSE,"observed"
"IT",1993,"17",17,0.00054,FALSE,"observed"
"IT",1993,"18",18,0.00056,FALSE,"observed"
"IT",1993,"19",19,0.00065,FALSE,"observed"
"IT",1993,"20",20,0.00063,FALSE,"observed"
"IT",1993,"21",21,0.00067,FALSE,"observed"
"IT",1993,"22",22,7e-04,FALSE,"observed"
"IT",1993,"23",23,0.00067,FALSE,"observed"
"IT",1993,"24",24,0.00071,FALSE,"observed"
"IT",1993,"25",25,0.00068,FALSE,"observed"
"IT",1993,"26",26,0.00081,FALSE,"observed"
"IT",1993,"27",27,0.00078,FALSE,"observed"
"IT",1993,"28",28,0.00093,FALSE,"observed"
"IT",1993,"29",29,0.00102,FALSE,"observed"
"IT",1993,"30",30,0.00103,FALSE,"observed"
"IT",1993,"31",31,0.00108,FALSE,"observed"
"IT",1993,"32",32,0.00111,FALSE,"observed"
"IT",1993,"33",33,0.0011,FALSE,"observed"
"IT",1993,"34",34,0.00111,FALSE,"observed"
"IT",1993,"35",35,0.00104,FALSE,"observed"
"IT",1993,"36",36,0.00119,FALSE,"observed"
"IT",1993,"37",37,0.00111,FALSE,"observed"
"IT",1993,"38",38,0.00125,FALSE,"observed"
"IT",1993,"39",39,0.00124,FALSE,"observed"
"IT",1993,"40",40,0.00131,FALSE,"observed"
"IT",1993,"41",41,0.00142,FALSE,"observed"
"IT",1993,"42",42,0.00154,FALSE,"observed"
"IT",1993,"43",43,0.00172,FALSE,"observed"
"IT",1993,"44",44,0.00179,FALSE,"observed"
"IT",1993,"45",45,0.00193,FALSE,"observed"
"IT",1993,"46",46,0.00224,FALSE,"observed"
"IT",1993,"47",47,0.00244,FALSE,"observed"
"IT",1993,"48",48,0.00271,FALSE,"observed"
"IT",1993,"49",49,0.00305,FALSE,"observed"
"IT",1993,"50",50,0.00334,FALSE,"observed"
"IT",1993,"51",51,0.0036,FALSE,"observed"
"IT",1993,"52",52,0.00397,FALSE,"observed"
"IT",1993,"53",53,0.00448,FALSE,"observed"
"IT",1993,"54",54,0.00488,FALSE,"observed"
"IT",1993,"55",55,0.00533,FALSE,"observed"
"IT",1993,"56",56,0.00583,FALSE,"observed"
"IT",1993,"57",57,0.00672,FALSE,"observed"
"IT",1993,"58",58,0.00726,FALSE,"observed"
"IT",1993,"59",59,0.00779,FALSE,"observed"
"IT",1993,"60",60,0.00897,FALSE,"observed"
"IT",1993,"61",61,0.00985,FALSE,"observed"
"IT",1993,"62",62,0.01072,FALSE,"observed"
"IT",1993,"63",63,0.012,FALSE,"observed"
"IT",1993,"64",64,0.01333,FALSE,"observed"
"IT",1993,"65",65,0.01476,FALSE,"observed"
"IT",1993,"66",66,0.01615,FALSE,"observed"
"IT",1993,"67",67,0.01785,FALSE,"observed"
"IT",1993,"68",68,0.0193,FALSE,"observed"
"IT",1993,"69",69,0.02138,FALSE,"observed"
"IT",1993,"70",70,0.02268,FALSE,"observed"
"IT",1993,"71",71,0.02554,FALSE,"observed"
"IT",1993,"72",72,0.0278,FALSE,"observed"
"IT",1993,"73",73,0.03126,FALSE,"observed"
"IT",1993,"74",74,0.03552,FALSE,"observed"
"IT",1993,"75",75,0.03849,FALSE,"observed"
"IT",1993,"76",76,0.04252,FALSE,"observed"
"IT",1993,"77",77,0.04742,FALSE,"observed"
"IT",1993,"78",78,0.05166,FALSE,"observed"
"IT",1993,"79",79,0.05871,FALSE,"observed"
"IT",1993,"80",80,0.06503,FALSE,"observed"
"IT",1993,"81",81,0.07231,FALSE,"observed"
"IT",1993,"82",82,0.08107,FALSE,"observed"
"IT",1993,"83",83,0.09112,FALSE,"observed"
"IT",1993,"84",84,0.10099,FALSE,"observed"
"IT",1993,"85",85,0.11291,FALSE,"observed"
"IT",1993,"86",86,0.12655,FALSE,"observed"
"IT",1993,"87",87,0.138,FALSE,"observed"
"IT",1993,"88",88,0.15495,FALSE,"observed"
"IT",1993,"89",89,0.1724,FALSE,"observed"
"IT",1993,"90",90,0.1938,FALSE,"observed"
"IT",1993,"91",91,0.20799,FALSE,"observed"
"IT",1993,"92",92,0.23672,FALSE,"observed"
"IT",1993,"93",93,0.25542,FALSE,"observed"
"IT",1993,"94",94,0.2725,FALSE,"observed"
"IT",1993,"95",95,0.30422,FALSE,"observed"
"IT",1993,"96",96,0.33171,FALSE,"observed"
"IT",1993,"97",97,0.36051,FALSE,"observed"
"IT",1993,"98",98,0.39044,FALSE,"observed"
"IT",1993,"99",99,0.42133,FALSE,"observed"
"IT",1993,"100",100,0.45294,FALSE,"observed"
"IT",1993,"101",101,0.48502,FALSE,"observed"
"IT",1993,"102",102,0.5173,FALSE,"observed"
"IT",1993,"103",103,0.54952,FALSE,"observed"
"IT",1993,"104",104,0.58139,FALSE,"observed"
"IT",1993,"105",105,0.61265,FALSE,"observed"
"IT",1993,"106",106,0.64307,FALSE,"observed"
"IT",1993,"107",107,0.67242,FALSE,"observed"
"IT",1993,"108",108,0.70053,FALSE,"observed"
"IT",1993,"109",109,0.72723,FALSE,"observed"
"IT",1993,"110+",110,0.75243,FALSE,"observed"
"IT",1994,"0",0,0.00647,FALSE,"observed"
"IT",1994,"1",1,0.00041,FALSE,"observed"
"IT",1994,"2",2,0.00035,FALSE,"observed"
"IT",1994,"3",3,3e-04,FALSE,"observed"
"IT",1994,"4",4,0.00024,FALSE,"observed"
"IT",1994,"5",5,2e-04,FALSE,"observed"
"IT",1994,"6",6,0.00019,FALSE,"observed"
"IT",1994,"7",7,0.00018,FALSE,"observed"
"IT",1994,"8",8,0.00015,FALSE,"observed"
"IT",1994,"9",9,0.00018,FALSE,"observed"
"IT",1994,"10",10,0.00016,FALSE,"observed"
"IT",1994,"11",11,0.00014,FALSE,"observed"
"IT",1994,"12",12,0.00016,FALSE,"observed"
"IT",1994,"13",13,0.00017,FALSE,"observed"
"IT",1994,"14",14,0.00029,FALSE,"observed"
"IT",1994,"15",15,0.00032,FALSE,"observed"
"IT",1994,"16",16,0.00045,FALSE,"observed"
"IT",1994,"17",17,0.00057,FALSE,"observed"
"IT",1994,"18",18,0.00057,FALSE,"observed"
"IT",1994,"19",19,0.00061,FALSE,"observed"
"IT",1994,"20",20,0.00063,FALSE,"observed"
"IT",1994,"21",21,0.00063,FALSE,"observed"
"IT",1994,"22",22,0.00057,FALSE,"observed"
"IT",1994,"23",23,0.00063,FALSE,"observed"
"IT",1994,"24",24,0.00066,FALSE,"observed"
"IT",1994,"25",25,0.00067,FALSE,"observed"
"IT",1994,"26",26,0.00074,FALSE,"observed"
"IT",1994,"27",27,0.00078,FALSE,"observed"
"IT",1994,"28",28,0.00091,FALSE,"observed"
"IT",1994,"29",29,0.00094,FALSE,"observed"
"IT",1994,"30",30,0.00106,FALSE,"observed"
"IT",1994,"31",31,0.00117,FALSE,"observed"
"IT",1994,"32",32,0.00121,FALSE,"observed"
"IT",1994,"33",33,0.00119,FALSE,"observed"
"IT",1994,"34",34,0.00121,FALSE,"observed"
"IT",1994,"35",35,0.00119,FALSE,"observed"
"IT",1994,"36",36,0.00116,FALSE,"observed"
"IT",1994,"37",37,0.00119,FALSE,"observed"
"IT",1994,"38",38,0.00124,FALSE,"observed"
"IT",1994,"39",39,0.00129,FALSE,"observed"
"IT",1994,"40",40,0.00139,FALSE,"observed"
"IT",1994,"41",41,0.00145,FALSE,"observed"
"IT",1994,"42",42,0.00155,FALSE,"observed"
"IT",1994,"43",43,0.00168,FALSE,"observed"
"IT",1994,"44",44,0.00181,FALSE,"observed"
"IT",1994,"45",45,0.002,FALSE,"observed"
"IT",1994,"46",46,0.0022,FALSE,"observed"
"IT",1994,"47",47,0.00236,FALSE,"observed"
"IT",1994,"48",48,0.00272,FALSE,"observed"
"IT",1994,"49",49,0.00297,FALSE,"observed"
"IT",1994,"50",50,0.00344,FALSE,"observed"
"IT",1994,"51",51,0.00369,FALSE,"observed"
"IT",1994,"52",52,0.004,FALSE,"observed"
"IT",1994,"53",53,0.00424,FALSE,"observed"
"IT",1994,"54",54,0.00473,FALSE,"observed"
"IT",1994,"55",55,0.00532,FALSE,"observed"
"IT",1994,"56",56,0.00576,FALSE,"observed"
"IT",1994,"57",57,0.00625,FALSE,"observed"
"IT",1994,"58",58,0.00714,FALSE,"observed"
"IT",1994,"59",59,0.00781,FALSE,"observed"
"IT",1994,"60",60,0.00858,FALSE,"observed"
"IT",1994,"61",61,0.00947,FALSE,"observed"
"IT",1994,"62",62,0.01063,FALSE,"observed"
"IT",1994,"63",63,0.01165,FALSE,"observed"
"IT",1994,"64",64,0.0131,FALSE,"observed"
"IT",1994,"65",65,0.01421,FALSE,"observed"
"IT",1994,"66",66,0.01603,FALSE,"observed"
"IT",1994,"67",67,0.01733,FALSE,"observed"
"IT",1994,"68",68,0.01904,FALSE,"observed"
"IT",1994,"69",69,0.02106,FALSE,"observed"
"IT",1994,"70",70,0.02289,FALSE,"observed"
"IT",1994,"71",71,0.02502,FALSE,"observed"
"IT",1994,"72",72,0.02754,FALSE,"observed"
"IT",1994,"73",73,0.03042,FALSE,"observed"
"IT",1994,"74",74,0.0341,FALSE,"observed"
"IT",1994,"75",75,0.03853,FALSE,"observed"
"IT",1994,"76",76,0.04202,FALSE,"observed"
"IT",1994,"77",77,0.04659,FALSE,"observed"
"IT",1994,"78",78,0.05188,FALSE,"observed"
"IT",1994,"79",79,0.05712,FALSE,"observed"
"IT",1994,"80",80,0.06265,FALSE,"observed"
"IT",1994,"81",81,0.07002,FALSE,"observed"
"IT",1994,"82",82,0.07883,FALSE,"observed"
"IT",1994,"83",83,0.08738,FALSE,"observed"
"IT",1994,"84",84,0.10017,FALSE,"observed"
"IT",1994,"85",85,0.11013,FALSE,"observed"
"IT",1994,"86",86,0.12396,FALSE,"observed"
"IT",1994,"87",87,0.13879,FALSE,"observed"
"IT",1994,"88",88,0.1527,FALSE,"observed"
"IT",1994,"89",89,0.16904,FALSE,"observed"
"IT",1994,"90",90,0.19236,FALSE,"observed"
"IT",1994,"91",91,0.21085,FALSE,"observed"
"IT",1994,"92",92,0.23262,FALSE,"observed"
"IT",1994,"93",93,0.25703,FALSE,"observed"
"IT",1994,"94",94,0.27032,FALSE,"observed"
"IT",1994,"95",95,0.30568,FALSE,"observed"
"IT",1994,"96",96,0.33396,FALSE,"observed"
"IT",1994,"97",97,0.3636,FALSE,"observed"
"IT",1994,"98",98,0.39444,FALSE,"observed"
"IT",1994,"99",99,0.42626,FALSE,"observed"
"IT",1994,"100",100,0.4588,FALSE,"observed"
"IT",1994,"101",101,0.4918,FALSE,"observed"
"IT",1994,"102",102,0.52496,FALSE,"observed"
"IT",1994,"103",103,0.558,FALSE,"observed"
"IT",1994,"104",104,0.5906,FALSE,"observed"
"IT",1994,"105",105,0.6225,FALSE,"observed"
"IT",1994,"106",106,0.65343,FALSE,"observed"
"IT",1994,"107",107,0.68317,FALSE,"observed"
"IT",1994,"108",108,0.71153,FALSE,"observed"
"IT",1994,"109",109,0.73837,FALSE,"observed"
"IT",1994,"110+",110,0.76358,FALSE,"observed"
"IT",1995,"0",0,0.00619,FALSE,"observed"
"IT",1995,"1",1,0.00045,FALSE,"observed"
"IT",1995,"2",2,0.00032,FALSE,"observed"
"IT",1995,"3",3,0.00025,FALSE,"observed"
"IT",1995,"4",4,0.00016,FALSE,"observed"
"IT",1995,"5",5,0.00022,FALSE,"observed"
"IT",1995,"6",6,0.00022,FALSE,"observed"
"IT",1995,"7",7,0.00018,FALSE,"observed"
"IT",1995,"8",8,0.00017,FALSE,"observed"
"IT",1995,"9",9,0.00012,FALSE,"observed"
"IT",1995,"10",10,0.00016,FALSE,"observed"
"IT",1995,"11",11,0.00016,FALSE,"observed"
"IT",1995,"12",12,0.00017,FALSE,"observed"
"IT",1995,"13",13,0.00021,FALSE,"observed"
"IT",1995,"14",14,0.00029,FALSE,"observed"
"IT",1995,"15",15,0.00032,FALSE,"observed"
"IT",1995,"16",16,0.00043,FALSE,"observed"
"IT",1995,"17",17,0.00048,FALSE,"observed"
"IT",1995,"18",18,0.00063,FALSE,"observed"
"IT",1995,"19",19,0.00063,FALSE,"observed"
"IT",1995,"20",20,0.00067,FALSE,"observed"
"IT",1995,"21",21,0.00068,FALSE,"observed"
"IT",1995,"22",22,0.00069,FALSE,"observed"
"IT",1995,"23",23,0.00067,FALSE,"observed"
"IT",1995,"24",24,0.00071,FALSE,"observed"
"IT",1995,"25",25,0.00066,FALSE,"observed"
"IT",1995,"26",26,0.00069,FALSE,"observed"
"IT",1995,"27",27,0.00079,FALSE,"observed"
"IT",1995,"28",28,8e-04,FALSE,"observed"
"IT",1995,"29",29,0.00094,FALSE,"observed"
"IT",1995,"30",30,0.00107,FALSE,"observed"
"IT",1995,"31",31,0.00115,FALSE,"observed"
"IT",1995,"32",32,0.00123,FALSE,"observed"
"IT",1995,"33",33,0.00118,FALSE,"observed"
"IT",1995,"34",34,0.00127,FALSE,"observed"
"IT",1995,"35",35,0.00126,FALSE,"observed"
"IT",1995,"36",36,0.00124,FALSE,"observed"
"IT",1995,"37",37,0.00129,FALSE,"observed"
"IT",1995,"38",38,0.00133,FALSE,"observed"
"IT",1995,"39",39,0.0013,FALSE,"observed"
"IT",1995,"40",40,0.0014,FALSE,"observed"
"IT",1995,"41",41,0.00144,FALSE,"observed"
"IT",1995,"42",42,0.00149,FALSE,"observed"
"IT",1995,"43",43,0.00162,FALSE,"observed"
"IT",1995,"44",44,0.00186,FALSE,"observed"
"IT",1995,"45",45,0.00201,FALSE,"observed"
"IT",1995,"46",46,0.00213,FALSE,"observed"
"IT",1995,"47",47,0.00234,FALSE,"observed"
"IT",1995,"48",48,0.00256,FALSE,"observed"
"IT",1995,"49",49,0.00303,FALSE,"observed"
"IT",1995,"50",50,0.00323,FALSE,"observed"
"IT",1995,"51",51,0.00359,FALSE,"observed"
"IT",1995,"52",52,0.00387,FALSE,"observed"
"IT",1995,"53",53,0.00414,FALSE,"observed"
"IT",1995,"54",54,0.00445,FALSE,"observed"
"IT",1995,"55",55,0.00513,FALSE,"observed"
"IT",1995,"56",56,0.00578,FALSE,"observed"
"IT",1995,"57",57,0.00611,FALSE,"observed"
"IT",1995,"58",58,0.0069,FALSE,"observed"
"IT",1995,"59",59,0.00741,FALSE,"observed"
"IT",1995,"60",60,0.00831,FALSE,"observed"
"IT",1995,"61",61,0.00945,FALSE,"observed"
"IT",1995,"62",62,0.01034,FALSE,"observed"
"IT",1995,"63",63,0.01105,FALSE,"observed"
"IT",1995,"64",64,0.01234,FALSE,"observed"
"IT",1995,"65",65,0.01399,FALSE,"observed"
"IT",1995,"66",66,0.01551,FALSE,"observed"
"IT",1995,"67",67,0.01721,FALSE,"observed"
"IT",1995,"68",68,0.01863,FALSE,"observed"
"IT",1995,"69",69,0.02032,FALSE,"observed"
"IT",1995,"70",70,0.02283,FALSE,"observed"
"IT",1995,"71",71,0.02453,FALSE,"observed"
"IT",1995,"72",72,0.02683,FALSE,"observed"
"IT",1995,"73",73,0.02996,FALSE,"observed"
"IT",1995,"74",74,0.03265,FALSE,"observed"
"IT",1995,"75",75,0.03706,FALSE,"observed"
"IT",1995,"76",76,0.04209,FALSE,"observed"
"IT",1995,"77",77,0.04465,FALSE,"observed"
"IT",1995,"78",78,0.04969,FALSE,"observed"
"IT",1995,"79",79,0.05607,FALSE,"observed"
"IT",1995,"80",80,0.06112,FALSE,"observed"
"IT",1995,"81",81,0.06791,FALSE,"observed"
"IT",1995,"82",82,0.07551,FALSE,"observed"
"IT",1995,"83",83,0.08756,FALSE,"observed"
"IT",1995,"84",84,0.09497,FALSE,"observed"
"IT",1995,"85",85,0.10784,FALSE,"observed"
"IT",1995,"86",86,0.11975,FALSE,"observed"
"IT",1995,"87",87,0.13662,FALSE,"observed"
"IT",1995,"88",88,0.15008,FALSE,"observed"
"IT",1995,"89",89,0.16592,FALSE,"observed"
"IT",1995,"90",90,0.1826,FALSE,"observed"
"IT",1995,"91",91,0.20407,FALSE,"observed"
"IT",1995,"92",92,0.22978,FALSE,"observed"
"IT",1995,"93",93,0.24747,FALSE,"observed"
"IT",1995,"94",94,0.27598,FALSE,"observed"
"IT",1995,"95",95,0.29967,FALSE,"observed"
"IT",1995,"96",96,0.32758,FALSE,"observed"
"IT",1995,"97",97,0.35689,FALSE,"observed"
"IT",1995,"98",98,0.38743,FALSE,"observed"
"IT",1995,"99",99,0.41899,FALSE,"observed"
"IT",1995,"100",100,0.45135,FALSE,"observed"
"IT",1995,"101",101,0.48422,FALSE,"observed"
"IT",1995,"102",102,0.51733,FALSE,"observed"
"IT",1995,"103",103,0.55038,FALSE,"observed"
"IT",1995,"104",104,0.58308,FALSE,"observed"
"IT",1995,"105",105,0.61514,FALSE,"observed"
"IT",1995,"106",106,0.64629,FALSE,"observed"
"IT",1995,"107",107,0.67632,FALSE,"observed"
"IT",1995,"108",108,0.70501,FALSE,"observed"
"IT",1995,"109",109,0.73222,FALSE,"observed"
"IT",1995,"110+",110,0.75782,FALSE,"observed"
"IT",1996,"0",0,0.00615,FALSE,"observed"
"IT",1996,"1",1,0.00043,FALSE,"observed"
"IT",1996,"2",2,0.00025,FALSE,"observed"
"IT",1996,"3",3,0.00021,FALSE,"observed"
"IT",1996,"4",4,0.00022,FALSE,"observed"
"IT",1996,"5",5,0.00019,FALSE,"observed"
"IT",1996,"6",6,0.00015,FALSE,"observed"
"IT",1996,"7",7,0.00019,FALSE,"observed"
"IT",1996,"8",8,0.00016,FALSE,"observed"
"IT",1996,"9",9,0.00015,FALSE,"observed"
"IT",1996,"10",10,0.00014,FALSE,"observed"
"IT",1996,"11",11,0.00017,FALSE,"observed"
"IT",1996,"12",12,0.00017,FALSE,"observed"
"IT",1996,"13",13,0.00021,FALSE,"observed"
"IT",1996,"14",14,3e-04,FALSE,"observed"
"IT",1996,"15",15,0.00035,FALSE,"observed"
"IT",1996,"16",16,0.00041,FALSE,"observed"
"IT",1996,"17",17,0.00049,FALSE,"observed"
"IT",1996,"18",18,6e-04,FALSE,"observed"
"IT",1996,"19",19,0.00057,FALSE,"observed"
"IT",1996,"20",20,0.00059,FALSE,"observed"
"IT",1996,"21",21,0.00062,FALSE,"observed"
"IT",1996,"22",22,0.00065,FALSE,"observed"
"IT",1996,"23",23,0.00063,FALSE,"observed"
"IT",1996,"24",24,0.00071,FALSE,"observed"
"IT",1996,"25",25,0.00069,FALSE,"observed"
"IT",1996,"26",26,0.00073,FALSE,"observed"
"IT",1996,"27",27,0.00076,FALSE,"observed"
"IT",1996,"28",28,8e-04,FALSE,"observed"
"IT",1996,"29",29,0.00086,FALSE,"observed"
"IT",1996,"30",30,0.00097,FALSE,"observed"
"IT",1996,"31",31,0.00095,FALSE,"observed"
"IT",1996,"32",32,0.00118,FALSE,"observed"
"IT",1996,"33",33,0.00118,FALSE,"observed"
"IT",1996,"34",34,0.00126,FALSE,"observed"
"IT",1996,"35",35,0.00121,FALSE,"observed"
"IT",1996,"36",36,0.00124,FALSE,"observed"
"IT",1996,"37",37,0.00124,FALSE,"observed"
"IT",1996,"38",38,0.00135,FALSE,"observed"
"IT",1996,"39",39,0.00119,FALSE,"observed"
"IT",1996,"40",40,0.00135,FALSE,"observed"
"IT",1996,"41",41,0.00139,FALSE,"observed"
"IT",1996,"42",42,0.0014,FALSE,"observed"
"IT",1996,"43",43,0.00159,FALSE,"observed"
"IT",1996,"44",44,0.00178,FALSE,"observed"
"IT",1996,"45",45,0.00187,FALSE,"observed"
"IT",1996,"46",46,0.00211,FALSE,"observed"
"IT",1996,"47",47,0.00225,FALSE,"observed"
"IT",1996,"48",48,0.00263,FALSE,"observed"
"IT",1996,"49",49,0.00283,FALSE,"observed"
"IT",1996,"50",50,0.00316,FALSE,"observed"
"IT",1996,"51",51,0.00335,FALSE,"observed"
"IT",1996,"52",52,0.00385,FALSE,"observed"
"IT",1996,"53",53,0.00416,FALSE,"observed"
"IT",1996,"54",54,0.00447,FALSE,"observed"
"IT",1996,"55",55,0.00491,FALSE,"observed"
"IT",1996,"56",56,0.00532,FALSE,"observed"
"IT",1996,"57",57,0.00583,FALSE,"observed"
"IT",1996,"58",58,0.00672,FALSE,"observed"
"IT",1996,"59",59,0.00748,FALSE,"observed"
"IT",1996,"60",60,0.0082,FALSE,"observed"
"IT",1996,"61",61,0.00897,FALSE,"observed"
"IT",1996,"62",62,0.01011,FALSE,"observed"
"IT",1996,"63",63,0.01066,FALSE,"observed"
"IT",1996,"64",64,0.01197,FALSE,"observed"
"IT",1996,"65",65,0.01356,FALSE,"observed"
"IT",1996,"66",66,0.0151,FALSE,"observed"
"IT",1996,"67",67,0.01643,FALSE,"observed"
"IT",1996,"68",68,0.01825,FALSE,"observed"
"IT",1996,"69",69,0.02,FALSE,"observed"
"IT",1996,"70",70,0.0219,FALSE,"observed"
"IT",1996,"71",71,0.02422,FALSE,"observed"
"IT",1996,"72",72,0.02629,FALSE,"observed"
"IT",1996,"73",73,0.02892,FALSE,"observed"
"IT",1996,"74",74,0.0318,FALSE,"observed"
"IT",1996,"75",75,0.03494,FALSE,"observed"
"IT",1996,"76",76,0.0402,FALSE,"observed"
"IT",1996,"77",77,0.04521,FALSE,"observed"
"IT",1996,"78",78,0.04998,FALSE,"observed"
"IT",1996,"79",79,0.05399,FALSE,"observed"
"IT",1996,"80",80,0.06001,FALSE,"observed"
"IT",1996,"81",81,0.06658,FALSE,"observed"
"IT",1996,"82",82,0.07364,FALSE,"observed"
"IT",1996,"83",83,0.08233,FALSE,"observed"
"IT",1996,"84",84,0.09335,FALSE,"observed"
"IT",1996,"85",85,0.10426,FALSE,"observed"
"IT",1996,"86",86,0.11808,FALSE,"observed"
"IT",1996,"87",87,0.13066,FALSE,"observed"
"IT",1996,"88",88,0.14788,FALSE,"observed"
"IT",1996,"89",89,0.16414,FALSE,"observed"
"IT",1996,"90",90,0.18136,FALSE,"observed"
"IT",1996,"91",91,0.19633,FALSE,"observed"
"IT",1996,"92",92,0.22029,FALSE,"observed"
"IT",1996,"93",93,0.23804,FALSE,"observed"
"IT",1996,"94",94,0.25247,FALSE,"observed"
"IT",1996,"95",95,0.29027,FALSE,"observed"
"IT",1996,"96",96,0.31742,FALSE,"observed"
"IT",1996,"97",97,0.34599,FALSE,"observed"
"IT",1996,"98",98,0.37583,FALSE,"observed"
"IT",1996,"99",99,0.40678,FALSE,"observed"
"IT",1996,"100",100,0.43861,FALSE,"observed"
"IT",1996,"101",101,0.47106,FALSE,"observed"
"IT",1996,"102",102,0.50388,FALSE,"observed"
"IT",1996,"103",103,0.53676,FALSE,"observed"
"IT",1996,"104",104,0.56943,FALSE,"observed"
"IT",1996,"105",105,0.60159,FALSE,"observed"
"IT",1996,"106",106,0.63297,FALSE,"observed"
"IT",1996,"107",107,0.66334,FALSE,"observed"
"IT",1996,"108",108,0.69248,FALSE,"observed"
"IT",1996,"109",109,0.72021,FALSE,"observed"
"IT",1996,"110+",110,0.7464,FALSE,"observed"
"IT",1997,"0",0,0.00549,FALSE,"observed"
"IT",1997,"1",1,0.00042,FALSE,"observed"
"IT",1997,"2",2,0.00029,FALSE,"observed"
"IT",1997,"3",3,0.00028,FALSE,"observed"
"IT",1997,"4",4,2e-04,FALSE,"observed"
"IT",1997,"5",5,0.00017,FALSE,"observed"
"IT",1997,"6",6,0.00019,FALSE,"observed"
"IT",1997,"7",7,0.00016,FALSE,"observed"
"IT",1997,"8",8,0.00013,FALSE,"observed"
"IT",1997,"9",9,0.00013,FALSE,"observed"
"IT",1997,"10",10,0.00012,FALSE,"observed"
"IT",1997,"11",11,0.00018,FALSE,"observed"
"IT",1997,"12",12,0.00014,FALSE,"observed"
"IT",1997,"13",13,0.00016,FALSE,"observed"
"IT",1997,"14",14,0.00027,FALSE,"observed"
"IT",1997,"15",15,0.00029,FALSE,"observed"
"IT",1997,"16",16,0.00037,FALSE,"observed"
"IT",1997,"17",17,0.00047,FALSE,"observed"
"IT",1997,"18",18,0.00051,FALSE,"observed"
"IT",1997,"19",19,0.00059,FALSE,"observed"
"IT",1997,"20",20,0.00057,FALSE,"observed"
"IT",1997,"21",21,0.00059,FALSE,"observed"
"IT",1997,"22",22,0.00066,FALSE,"observed"
"IT",1997,"23",23,0.00065,FALSE,"observed"
"IT",1997,"24",24,0.00066,FALSE,"observed"
"IT",1997,"25",25,0.00064,FALSE,"observed"
"IT",1997,"26",26,0.00063,FALSE,"observed"
"IT",1997,"27",27,0.00065,FALSE,"observed"
"IT",1997,"28",28,0.00076,FALSE,"observed"
"IT",1997,"29",29,7e-04,FALSE,"observed"
"IT",1997,"30",30,0.00079,FALSE,"observed"
"IT",1997,"31",31,0.00083,FALSE,"observed"
"IT",1997,"32",32,0.00084,FALSE,"observed"
"IT",1997,"33",33,0.00098,FALSE,"observed"
"IT",1997,"34",34,0.00101,FALSE,"observed"
"IT",1997,"35",35,0.00107,FALSE,"observed"
"IT",1997,"36",36,0.00104,FALSE,"observed"
"IT",1997,"37",37,0.00111,FALSE,"observed"
"IT",1997,"38",38,0.00113,FALSE,"observed"
"IT",1997,"39",39,0.00116,FALSE,"observed"
"IT",1997,"40",40,0.00123,FALSE,"observed"
"IT",1997,"41",41,0.00139,FALSE,"observed"
"IT",1997,"42",42,0.00148,FALSE,"observed"
"IT",1997,"43",43,0.00155,FALSE,"observed"
"IT",1997,"44",44,0.00171,FALSE,"observed"
"IT",1997,"45",45,0.00186,FALSE,"observed"
"IT",1997,"46",46,0.002,FALSE,"observed"
"IT",1997,"47",47,0.0023,FALSE,"observed"
"IT",1997,"48",48,0.00243,FALSE,"observed"
"IT",1997,"49",49,0.0027,FALSE,"observed"
"IT",1997,"50",50,0.003,FALSE,"observed"
"IT",1997,"51",51,0.00342,FALSE,"observed"
"IT",1997,"52",52,0.00372,FALSE,"observed"
"IT",1997,"53",53,0.0042,FALSE,"observed"
"IT",1997,"54",54,0.00457,FALSE,"observed"
"IT",1997,"55",55,0.00496,FALSE,"observed"
"IT",1997,"56",56,0.00525,FALSE,"observed"
"IT",1997,"57",57,0.00575,FALSE,"observed"
"IT",1997,"58",58,0.00636,FALSE,"observed"
"IT",1997,"59",59,0.00707,FALSE,"observed"
"IT",1997,"60",60,0.00789,FALSE,"observed"
"IT",1997,"61",61,0.00878,FALSE,"observed"
"IT",1997,"62",62,0.00966,FALSE,"observed"
"IT",1997,"63",63,0.01088,FALSE,"observed"
"IT",1997,"64",64,0.01176,FALSE,"observed"
"IT",1997,"65",65,0.013,FALSE,"observed"
"IT",1997,"66",66,0.01405,FALSE,"observed"
"IT",1997,"67",67,0.01599,FALSE,"observed"
"IT",1997,"68",68,0.01768,FALSE,"observed"
"IT",1997,"69",69,0.01953,FALSE,"observed"
"IT",1997,"70",70,0.02179,FALSE,"observed"
"IT",1997,"71",71,0.02381,FALSE,"observed"
"IT",1997,"72",72,0.02587,FALSE,"observed"
"IT",1997,"73",73,0.02896,FALSE,"observed"
"IT",1997,"74",74,0.03121,FALSE,"observed"
"IT",1997,"75",75,0.03473,FALSE,"observed"
"IT",1997,"76",76,0.03884,FALSE,"observed"
"IT",1997,"77",77,0.04414,FALSE,"observed"
"IT",1997,"78",78,0.0496,FALSE,"observed"
"IT",1997,"79",79,0.05404,FALSE,"observed"
"IT",1997,"80",80,0.06013,FALSE,"observed"
"IT",1997,"81",81,0.06573,FALSE,"observed"
"IT",1997,"82",82,0.07363,FALSE,"observed"
"IT",1997,"83",83,0.0823,FALSE,"observed"
"IT",1997,"84",84,0.09232,FALSE,"observed"
"IT",1997,"85",85,0.10447,FALSE,"observed"
"IT",1997,"86",86,0.11722,FALSE,"observed"
"IT",1997,"87",87,0.13197,FALSE,"observed"
"IT",1997,"88",88,0.14408,FALSE,"observed"
"IT",1997,"89",89,0.16583,FALSE,"observed"
"IT",1997,"90",90,0.18438,FALSE,"observed"
"IT",1997,"91",91,0.20243,FALSE,"observed"
"IT",1997,"92",92,0.22295,FALSE,"observed"
"IT",1997,"93",93,0.24651,FALSE,"observed"
"IT",1997,"94",94,0.26439,FALSE,"observed"
"IT",1997,"95",95,0.2978,FALSE,"observed"
"IT",1997,"96",96,0.32606,FALSE,"observed"
"IT",1997,"97",97,0.35577,FALSE,"observed"
"IT",1997,"98",98,0.38675,FALSE,"observed"
"IT",1997,"99",99,0.41881,FALSE,"observed"
"IT",1997,"100",100,0.4517,FALSE,"observed"
"IT",1997,"101",101,0.48514,FALSE,"observed"
"IT",1997,"102",102,0.51882,FALSE,"observed"
"IT",1997,"103",103,0.55245,FALSE,"observed"
"IT",1997,"104",104,0.5857,FALSE,"observed"
"IT",1997,"105",105,0.61828,FALSE,"observed"
"IT",1997,"106",106,0.6499,FALSE,"observed"
"IT",1997,"107",107,0.68033,FALSE,"observed"
"IT",1997,"108",108,0.70937,FALSE,"observed"
"IT",1997,"109",109,0.73683,FALSE,"observed"
"IT",1997,"110+",110,0.76262,FALSE,"observed"
"IT",1998,"0",0,0.0054,FALSE,"observed"
"IT",1998,"1",1,0.00029,FALSE,"observed"
"IT",1998,"2",2,0.00021,FALSE,"observed"
"IT",1998,"3",3,0.00021,FALSE,"observed"
"IT",1998,"4",4,0.00014,FALSE,"observed"
"IT",1998,"5",5,0.00011,FALSE,"observed"
"IT",1998,"6",6,0.00014,FALSE,"observed"
"IT",1998,"7",7,0.00013,FALSE,"observed"
"IT",1998,"8",8,0.00012,FALSE,"observed"
"IT",1998,"9",9,0.00016,FALSE,"observed"
"IT",1998,"10",10,0.00013,FALSE,"observed"
"IT",1998,"11",11,0.00015,FALSE,"observed"
"IT",1998,"12",12,0.00016,FALSE,"observed"
"IT",1998,"13",13,0.00019,FALSE,"observed"
"IT",1998,"14",14,0.00024,FALSE,"observed"
"IT",1998,"15",15,0.00031,FALSE,"observed"
"IT",1998,"16",16,0.00041,FALSE,"observed"
"IT",1998,"17",17,0.00041,FALSE,"observed"
"IT",1998,"18",18,0.00057,FALSE,"observed"
"IT",1998,"19",19,0.00059,FALSE,"observed"
"IT",1998,"20",20,6e-04,FALSE,"observed"
"IT",1998,"21",21,0.00065,FALSE,"observed"
"IT",1998,"22",22,0.00065,FALSE,"observed"
"IT",1998,"23",23,0.00071,FALSE,"observed"
"IT",1998,"24",24,0.00068,FALSE,"observed"
"IT",1998,"25",25,0.00067,FALSE,"observed"
"IT",1998,"26",26,0.00061,FALSE,"observed"
"IT",1998,"27",27,0.00067,FALSE,"observed"
"IT",1998,"28",28,0.00067,FALSE,"observed"
"IT",1998,"29",29,0.00071,FALSE,"observed"
"IT",1998,"30",30,0.00069,FALSE,"observed"
"IT",1998,"31",31,0.00078,FALSE,"observed"
"IT",1998,"32",32,0.00079,FALSE,"observed"
"IT",1998,"33",33,0.00084,FALSE,"observed"
"IT",1998,"34",34,0.00086,FALSE,"observed"
"IT",1998,"35",35,0.00088,FALSE,"observed"
"IT",1998,"36",36,0.00096,FALSE,"observed"
"IT",1998,"37",37,0.00107,FALSE,"observed"
"IT",1998,"38",38,0.00109,FALSE,"observed"
"IT",1998,"39",39,0.00118,FALSE,"observed"
"IT",1998,"40",40,0.00133,FALSE,"observed"
"IT",1998,"41",41,0.00134,FALSE,"observed"
"IT",1998,"42",42,0.00139,FALSE,"observed"
"IT",1998,"43",43,0.0016,FALSE,"observed"
"IT",1998,"44",44,0.00169,FALSE,"observed"
"IT",1998,"45",45,0.00181,FALSE,"observed"
"IT",1998,"46",46,0.0021,FALSE,"observed"
"IT",1998,"47",47,0.00227,FALSE,"observed"
"IT",1998,"48",48,0.00231,FALSE,"observed"
"IT",1998,"49",49,0.00268,FALSE,"observed"
"IT",1998,"50",50,0.00297,FALSE,"observed"
"IT",1998,"51",51,0.0032,FALSE,"observed"
"IT",1998,"52",52,0.00377,FALSE,"observed"
"IT",1998,"53",53,0.00407,FALSE,"observed"
"IT",1998,"54",54,0.00445,FALSE,"observed"
"IT",1998,"55",55,0.00492,FALSE,"observed"
"IT",1998,"56",56,0.00534,FALSE,"observed"
"IT",1998,"57",57,0.00576,FALSE,"observed"
"IT",1998,"58",58,0.00621,FALSE,"observed"
"IT",1998,"59",59,0.00698,FALSE,"observed"
"IT",1998,"60",60,0.00776,FALSE,"observed"
"IT",1998,"61",61,0.00872,FALSE,"observed"
"IT",1998,"62",62,0.00941,FALSE,"observed"
"IT",1998,"63",63,0.01049,FALSE,"observed"
"IT",1998,"64",64,0.01185,FALSE,"observed"
"IT",1998,"65",65,0.01301,FALSE,"observed"
"IT",1998,"66",66,0.01395,FALSE,"observed"
"IT",1998,"67",67,0.01578,FALSE,"observed"
"IT",1998,"68",68,0.01764,FALSE,"observed"
"IT",1998,"69",69,0.01935,FALSE,"observed"
"IT",1998,"70",70,0.02181,FALSE,"observed"
"IT",1998,"71",71,0.02374,FALSE,"observed"
"IT",1998,"72",72,0.02678,FALSE,"observed"
"IT",1998,"73",73,0.02877,FALSE,"observed"
"IT",1998,"74",74,0.0318,FALSE,"observed"
"IT",1998,"75",75,0.03498,FALSE,"observed"
"IT",1998,"76",76,0.03838,FALSE,"observed"
"IT",1998,"77",77,0.04318,FALSE,"observed"
"IT",1998,"78",78,0.04913,FALSE,"observed"
"IT",1998,"79",79,0.05559,FALSE,"observed"
"IT",1998,"80",80,0.06089,FALSE,"observed"
"IT",1998,"81",81,0.06738,FALSE,"observed"
"IT",1998,"82",82,0.07395,FALSE,"observed"
"IT",1998,"83",83,0.08329,FALSE,"observed"
"IT",1998,"84",84,0.09321,FALSE,"observed"
"IT",1998,"85",85,0.10347,FALSE,"observed"
"IT",1998,"86",86,0.1194,FALSE,"observed"
"IT",1998,"87",87,0.13029,FALSE,"observed"
"IT",1998,"88",88,0.14771,FALSE,"observed"
"IT",1998,"89",89,0.16399,FALSE,"observed"
"IT",1998,"90",90,0.18457,FALSE,"observed"
"IT",1998,"91",91,0.20415,FALSE,"observed"
"IT",1998,"92",92,0.22866,FALSE,"observed"
"IT",1998,"93",93,0.24862,FALSE,"observed"
"IT",1998,"94",94,0.27494,FALSE,"observed"
"IT",1998,"95",95,0.29996,FALSE,"observed"
"IT",1998,"96",96,0.3283,FALSE,"observed"
"IT",1998,"97",97,0.35807,FALSE,"observed"
"IT",1998,"98",98,0.38912,FALSE,"observed"
"IT",1998,"99",99,0.42122,FALSE,"observed"
"IT",1998,"100",100,0.45413,FALSE,"observed"
"IT",1998,"101",101,0.48758,FALSE,"observed"
"IT",1998,"102",102,0.52126,FALSE,"observed"
"IT",1998,"103",103,0.55487,FALSE,"observed"
"IT",1998,"104",104,0.58808,FALSE,"observed"
"IT",1998,"105",105,0.6206,FALSE,"observed"
"IT",1998,"106",106,0.65216,FALSE,"observed"
"IT",1998,"107",107,0.68252,FALSE,"observed"
"IT",1998,"108",108,0.71146,FALSE,"observed"
"IT",1998,"109",109,0.73882,FALSE,"observed"
"IT",1998,"110+",110,0.7645,FALSE,"observed"
"IT",1999,"0",0,0.00515,FALSE,"observed"
"IT",1999,"1",1,0.00031,FALSE,"observed"
"IT",1999,"2",2,0.00017,FALSE,"observed"
"IT",1999,"3",3,0.00016,FALSE,"observed"
"IT",1999,"4",4,0.00013,FALSE,"observed"
"IT",1999,"5",5,0.00014,FALSE,"observed"
"IT",1999,"6",6,0.00014,FALSE,"observed"
"IT",1999,"7",7,0.00011,FALSE,"observed"
"IT",1999,"8",8,8e-05,FALSE,"observed"
"IT",1999,"9",9,1e-04,FALSE,"observed"
"IT",1999,"10",10,1e-04,FALSE,"observed"
"IT",1999,"11",11,0.00013,FALSE,"observed"
"IT",1999,"12",12,0.00016,FALSE,"observed"
"IT",1999,"13",13,0.00016,FALSE,"observed"
"IT",1999,"14",14,0.00024,FALSE,"observed"
"IT",1999,"15",15,0.00033,FALSE,"observed"
"IT",1999,"16",16,0.00031,FALSE,"observed"
"IT",1999,"17",17,4e-04,FALSE,"observed"
"IT",1999,"18",18,0.00056,FALSE,"observed"
"IT",1999,"19",19,0.00053,FALSE,"observed"
"IT",1999,"20",20,0.00061,FALSE,"observed"
"IT",1999,"21",21,0.00061,FALSE,"observed"
"IT",1999,"22",22,0.00062,FALSE,"observed"
"IT",1999,"23",23,0.00065,FALSE,"observed"
"IT",1999,"24",24,0.00057,FALSE,"observed"
"IT",1999,"25",25,0.00063,FALSE,"observed"
"IT",1999,"26",26,0.00062,FALSE,"observed"
"IT",1999,"27",27,0.00062,FALSE,"observed"
"IT",1999,"28",28,0.00065,FALSE,"observed"
"IT",1999,"29",29,0.00063,FALSE,"observed"
"IT",1999,"30",30,0.00073,FALSE,"observed"
"IT",1999,"31",31,0.00076,FALSE,"observed"
"IT",1999,"32",32,0.00069,FALSE,"observed"
"IT",1999,"33",33,0.00078,FALSE,"observed"
"IT",1999,"34",34,8e-04,FALSE,"observed"
"IT",1999,"35",35,0.00087,FALSE,"observed"
"IT",1999,"36",36,9e-04,FALSE,"observed"
"IT",1999,"37",37,0.00099,FALSE,"observed"
"IT",1999,"38",38,0.00108,FALSE,"observed"
"IT",1999,"39",39,0.0011,FALSE,"observed"
"IT",1999,"40",40,0.00117,FALSE,"observed"
"IT",1999,"41",41,0.00135,FALSE,"observed"
"IT",1999,"42",42,0.0014,FALSE,"observed"
"IT",1999,"43",43,0.00145,FALSE,"observed"
"IT",1999,"44",44,0.0017,FALSE,"observed"
"IT",1999,"45",45,0.00181,FALSE,"observed"
"IT",1999,"46",46,0.00196,FALSE,"observed"
"IT",1999,"47",47,0.00211,FALSE,"observed"
"IT",1999,"48",48,0.00236,FALSE,"observed"
"IT",1999,"49",49,0.00253,FALSE,"observed"
"IT",1999,"50",50,0.00284,FALSE,"observed"
"IT",1999,"51",51,0.00318,FALSE,"observed"
"IT",1999,"52",52,0.00355,FALSE,"observed"
"IT",1999,"53",53,0.00389,FALSE,"observed"
"IT",1999,"54",54,0.00433,FALSE,"observed"
"IT",1999,"55",55,0.00487,FALSE,"observed"
"IT",1999,"56",56,0.00526,FALSE,"observed"
"IT",1999,"57",57,0.00558,FALSE,"observed"
"IT",1999,"58",58,0.0061,FALSE,"observed"
"IT",1999,"59",59,0.00676,FALSE,"observed"
"IT",1999,"60",60,0.00739,FALSE,"observed"
"IT",1999,"61",61,0.00837,FALSE,"observed"
"IT",1999,"62",62,0.00889,FALSE,"observed"
"IT",1999,"63",63,0.00987,FALSE,"observed"
"IT",1999,"64",64,0.01112,FALSE,"observed"
"IT",1999,"65",65,0.01231,FALSE,"observed"
"IT",1999,"66",66,0.01363,FALSE,"observed"
"IT",1999,"67",67,0.01491,FALSE,"observed"
"IT",1999,"68",68,0.01654,FALSE,"observed"
"IT",1999,"69",69,0.0188,FALSE,"observed"
"IT",1999,"70",70,0.0199,FALSE,"observed"
"IT",1999,"71",71,0.02309,FALSE,"observed"
"IT",1999,"72",72,0.02555,FALSE,"observed"
"IT",1999,"73",73,0.02776,FALSE,"observed"
"IT",1999,"74",74,0.03069,FALSE,"observed"
"IT",1999,"75",75,0.03414,FALSE,"observed"
"IT",1999,"76",76,0.03781,FALSE,"observed"
"IT",1999,"77",77,0.04152,FALSE,"observed"
"IT",1999,"78",78,0.04637,FALSE,"observed"
"IT",1999,"79",79,0.05255,FALSE,"observed"
"IT",1999,"80",80,0.05988,FALSE,"observed"
"IT",1999,"81",81,0.06663,FALSE,"observed"
"IT",1999,"82",82,0.07396,FALSE,"observed"
"IT",1999,"83",83,0.08289,FALSE,"observed"
"IT",1999,"84",84,0.09073,FALSE,"observed"
"IT",1999,"85",85,0.10229,FALSE,"observed"
"IT",1999,"86",86,0.11463,FALSE,"observed"
"IT",1999,"87",87,0.13018,FALSE,"observed"
"IT",1999,"88",88,0.14096,FALSE,"observed"
"IT",1999,"89",89,0.16293,FALSE,"observed"
"IT",1999,"90",90,0.1775,FALSE,"observed"
"IT",1999,"91",91,0.20333,FALSE,"observed"
"IT",1999,"92",92,0.21894,FALSE,"observed"
"IT",1999,"93",93,0.2411,FALSE,"observed"
"IT",1999,"94",94,0.27273,FALSE,"observed"
"IT",1999,"95",95,0.29132,FALSE,"observed"
"IT",1999,"96",96,0.31883,FALSE,"observed"
"IT",1999,"97",97,0.34779,FALSE,"observed"
"IT",1999,"98",98,0.37808,FALSE,"observed"
"IT",1999,"99",99,0.40949,FALSE,"observed"
"IT",1999,"100",100,0.4418,FALSE,"observed"
"IT",1999,"101",101,0.47475,FALSE,"observed"
"IT",1999,"102",102,0.50805,FALSE,"observed"
"IT",1999,"103",103,0.54141,FALSE,"observed"
"IT",1999,"104",104,0.57452,FALSE,"observed"
"IT",1999,"105",105,0.60707,FALSE,"observed"
"IT",1999,"106",106,0.63879,FALSE,"observed"
"IT",1999,"107",107,0.66942,FALSE,"observed"
"IT",1999,"108",108,0.69875,FALSE,"observed"
"IT",1999,"109",109,0.7266,FALSE,"observed"
"IT",1999,"110+",110,0.75283,FALSE,"observed"
"IT",2000,"0",0,0.00455,FALSE,"observed"
"IT",2000,"1",1,0.00031,FALSE,"observed"
"IT",2000,"2",2,0.00019,FALSE,"observed"
"IT",2000,"3",3,0.00014,FALSE,"observed"
"IT",2000,"4",4,0.00014,FALSE,"observed"
"IT",2000,"5",5,0.00013,FALSE,"observed"
"IT",2000,"6",6,0.00014,FALSE,"observed"
"IT",2000,"7",7,0.00011,FALSE,"observed"
"IT",2000,"8",8,0.00014,FALSE,"observed"
"IT",2000,"9",9,0.00012,FALSE,"observed"
"IT",2000,"10",10,9e-05,FALSE,"observed"
"IT",2000,"11",11,0.00015,FALSE,"observed"
"IT",2000,"12",12,0.00017,FALSE,"observed"
"IT",2000,"13",13,0.00016,FALSE,"observed"
"IT",2000,"14",14,2e-04,FALSE,"observed"
"IT",2000,"15",15,0.00029,FALSE,"observed"
"IT",2000,"16",16,0.00032,FALSE,"observed"
"IT",2000,"17",17,4e-04,FALSE,"observed"
"IT",2000,"18",18,0.00055,FALSE,"observed"
"IT",2000,"19",19,0.00051,FALSE,"observed"
"IT",2000,"20",20,0.00063,FALSE,"observed"
"IT",2000,"21",21,0.00062,FALSE,"observed"
"IT",2000,"22",22,0.00063,FALSE,"observed"
"IT",2000,"23",23,0.00062,FALSE,"observed"
"IT",2000,"24",24,0.00057,FALSE,"observed"
"IT",2000,"25",25,0.00065,FALSE,"observed"
"IT",2000,"26",26,0.00063,FALSE,"observed"
"IT",2000,"27",27,0.00064,FALSE,"observed"
"IT",2000,"28",28,0.00067,FALSE,"observed"
"IT",2000,"29",29,0.00068,FALSE,"observed"
"IT",2000,"30",30,0.00065,FALSE,"observed"
"IT",2000,"31",31,0.00066,FALSE,"observed"
"IT",2000,"32",32,0.00069,FALSE,"observed"
"IT",2000,"33",33,0.00076,FALSE,"observed"
"IT",2000,"34",34,0.00077,FALSE,"observed"
"IT",2000,"35",35,0.00083,FALSE,"observed"
"IT",2000,"36",36,0.00089,FALSE,"observed"
"IT",2000,"37",37,0.00095,FALSE,"observed"
"IT",2000,"38",38,0.0011,FALSE,"observed"
"IT",2000,"39",39,0.00108,FALSE,"observed"
"IT",2000,"40",40,0.0012,FALSE,"observed"
"IT",2000,"41",41,0.00122,FALSE,"observed"
"IT",2000,"42",42,0.00133,FALSE,"observed"
"IT",2000,"43",43,0.00145,FALSE,"observed"
"IT",2000,"44",44,0.00164,FALSE,"observed"
"IT",2000,"45",45,0.0017,FALSE,"observed"
"IT",2000,"46",46,0.00195,FALSE,"observed"
"IT",2000,"47",47,0.00211,FALSE,"observed"
"IT",2000,"48",48,0.00232,FALSE,"observed"
"IT",2000,"49",49,0.00248,FALSE,"observed"
"IT",2000,"50",50,0.00281,FALSE,"observed"
"IT",2000,"51",51,0.00304,FALSE,"observed"
"IT",2000,"52",52,0.00342,FALSE,"observed"
"IT",2000,"53",53,0.00375,FALSE,"observed"
"IT",2000,"54",54,0.00423,FALSE,"observed"
"IT",2000,"55",55,0.0045,FALSE,"observed"
"IT",2000,"56",56,0.00526,FALSE,"observed"
"IT",2000,"57",57,0.00553,FALSE,"observed"
"IT",2000,"58",58,0.00606,FALSE,"observed"
"IT",2000,"59",59,0.00631,FALSE,"observed"
"IT",2000,"60",60,0.00686,FALSE,"observed"
"IT",2000,"61",61,0.00794,FALSE,"observed"
"IT",2000,"62",62,0.00881,FALSE,"observed"
"IT",2000,"63",63,0.00946,FALSE,"observed"
"IT",2000,"64",64,0.01073,FALSE,"observed"
"IT",2000,"65",65,0.01165,FALSE,"observed"
"IT",2000,"66",66,0.0128,FALSE,"observed"
"IT",2000,"67",67,0.01441,FALSE,"observed"
"IT",2000,"68",68,0.01594,FALSE,"observed"
"IT",2000,"69",69,0.01741,FALSE,"observed"
"IT",2000,"70",70,0.01927,FALSE,"observed"
"IT",2000,"71",71,0.02158,FALSE,"observed"
"IT",2000,"72",72,0.02419,FALSE,"observed"
"IT",2000,"73",73,0.02653,FALSE,"observed"
"IT",2000,"74",74,0.02968,FALSE,"observed"
"IT",2000,"75",75,0.033,FALSE,"observed"
"IT",2000,"76",76,0.03719,FALSE,"observed"
"IT",2000,"77",77,0.03973,FALSE,"observed"
"IT",2000,"78",78,0.04492,FALSE,"observed"
"IT",2000,"79",79,0.04967,FALSE,"observed"
"IT",2000,"80",80,0.05696,FALSE,"observed"
"IT",2000,"81",81,0.06347,FALSE,"observed"
"IT",2000,"82",82,0.07035,FALSE,"observed"
"IT",2000,"83",83,0.07946,FALSE,"observed"
"IT",2000,"84",84,0.08882,FALSE,"observed"
"IT",2000,"85",85,0.0999,FALSE,"observed"
"IT",2000,"86",86,0.11296,FALSE,"observed"
"IT",2000,"87",87,0.12414,FALSE,"observed"
"IT",2000,"88",88,0.14069,FALSE,"observed"
"IT",2000,"89",89,0.15493,FALSE,"observed"
"IT",2000,"90",90,0.17121,FALSE,"observed"
"IT",2000,"91",91,0.19412,FALSE,"observed"
"IT",2000,"92",92,0.21646,FALSE,"observed"
"IT",2000,"93",93,0.23966,FALSE,"observed"
"IT",2000,"94",94,0.26105,FALSE,"observed"
"IT",2000,"95",95,0.28545,FALSE,"observed"
"IT",2000,"96",96,0.31273,FALSE,"observed"
"IT",2000,"97",97,0.3415,FALSE,"observed"
"IT",2000,"98",98,0.37163,FALSE,"observed"
"IT",2000,"99",99,0.40292,FALSE,"observed"
"IT",2000,"100",100,0.43517,FALSE,"observed"
"IT",2000,"101",101,0.46811,FALSE,"observed"
"IT",2000,"102",102,0.50146,FALSE,"observed"
"IT",2000,"103",103,0.53492,FALSE,"observed"
"IT",2000,"104",104,0.56819,FALSE,"observed"
"IT",2000,"105",105,0.60095,FALSE,"observed"
"IT",2000,"106",106,0.63293,FALSE,"observed"
"IT",2000,"107",107,0.66386,FALSE,"observed"
"IT",2000,"108",108,0.69352,FALSE,"observed"
"IT",2000,"109",109,0.72171,FALSE,"observed"
"IT",2000,"110+",110,0.74831,FALSE,"observed"
"IT",2001,"0",0,0.00468,FALSE,"observed"
"IT",2001,"1",1,3e-04,FALSE,"observed"
"IT",2001,"2",2,0.00022,FALSE,"observed"
"IT",2001,"3",3,0.00017,FALSE,"observed"
"IT",2001,"4",4,0.00016,FALSE,"observed"
"IT",2001,"5",5,0.00012,FALSE,"observed"
"IT",2001,"6",6,0.00012,FALSE,"observed"
"IT",2001,"7",7,9e-05,FALSE,"observed"
"IT",2001,"8",8,1e-04,FALSE,"observed"
"IT",2001,"9",9,0.00011,FALSE,"observed"
"IT",2001,"10",10,1e-04,FALSE,"observed"
"IT",2001,"11",11,0.00013,FALSE,"observed"
"IT",2001,"12",12,0.00012,FALSE,"observed"
"IT",2001,"13",13,0.00015,FALSE,"observed"
"IT",2001,"14",14,2e-04,FALSE,"observed"
"IT",2001,"15",15,3e-04,FALSE,"observed"
"IT",2001,"16",16,0.00035,FALSE,"observed"
"IT",2001,"17",17,4e-04,FALSE,"observed"
"IT",2001,"18",18,0.00048,FALSE,"observed"
"IT",2001,"19",19,0.00054,FALSE,"observed"
"IT",2001,"20",20,0.00055,FALSE,"observed"
"IT",2001,"21",21,6e-04,FALSE,"observed"
"IT",2001,"22",22,0.00057,FALSE,"observed"
"IT",2001,"23",23,0.00061,FALSE,"observed"
"IT",2001,"24",24,0.00061,FALSE,"observed"
"IT",2001,"25",25,6e-04,FALSE,"observed"
"IT",2001,"26",26,0.00062,FALSE,"observed"
"IT",2001,"27",27,0.00057,FALSE,"observed"
"IT",2001,"28",28,0.00064,FALSE,"observed"
"IT",2001,"29",29,0.00063,FALSE,"observed"
"IT",2001,"30",30,0.00066,FALSE,"observed"
"IT",2001,"31",31,0.00067,FALSE,"observed"
"IT",2001,"32",32,7e-04,FALSE,"observed"
"IT",2001,"33",33,0.00072,FALSE,"observed"
"IT",2001,"34",34,0.00077,FALSE,"observed"
"IT",2001,"35",35,0.00082,FALSE,"observed"
"IT",2001,"36",36,0.00087,FALSE,"observed"
"IT",2001,"37",37,0.00096,FALSE,"observed"
"IT",2001,"38",38,0.001,FALSE,"observed"
"IT",2001,"39",39,0.0011,FALSE,"observed"
"IT",2001,"40",40,0.00116,FALSE,"observed"
"IT",2001,"41",41,0.0013,FALSE,"observed"
"IT",2001,"42",42,0.00135,FALSE,"observed"
"IT",2001,"43",43,0.00145,FALSE,"observed"
"IT",2001,"44",44,0.00162,FALSE,"observed"
"IT",2001,"45",45,0.00166,FALSE,"observed"
"IT",2001,"46",46,0.00191,FALSE,"observed"
"IT",2001,"47",47,0.00209,FALSE,"observed"
"IT",2001,"48",48,0.00225,FALSE,"observed"
"IT",2001,"49",49,0.00247,FALSE,"observed"
"IT",2001,"50",50,0.00271,FALSE,"observed"
"IT",2001,"51",51,0.00303,FALSE,"observed"
"IT",2001,"52",52,0.00331,FALSE,"observed"
"IT",2001,"53",53,0.00375,FALSE,"observed"
"IT",2001,"54",54,0.00398,FALSE,"observed"
"IT",2001,"55",55,0.00452,FALSE,"observed"
"IT",2001,"56",56,0.00477,FALSE,"observed"
"IT",2001,"57",57,0.00555,FALSE,"observed"
"IT",2001,"58",58,0.00581,FALSE,"observed"
"IT",2001,"59",59,0.00659,FALSE,"observed"
"IT",2001,"60",60,0.00684,FALSE,"observed"
"IT",2001,"61",61,0.00756,FALSE,"observed"
"IT",2001,"62",62,0.00841,FALSE,"observed"
"IT",2001,"63",63,0.00935,FALSE,"observed"
"IT",2001,"64",64,0.01014,FALSE,"observed"
"IT",2001,"65",65,0.01127,FALSE,"observed"
"IT",2001,"66",66,0.01244,FALSE,"observed"
"IT",2001,"67",67,0.01417,FALSE,"observed"
"IT",2001,"68",68,0.01533,FALSE,"observed"
"IT",2001,"69",69,0.01683,FALSE,"observed"
"IT",2001,"70",70,0.01848,FALSE,"observed"
"IT",2001,"71",71,0.02083,FALSE,"observed"
"IT",2001,"72",72,0.02282,FALSE,"observed"
"IT",2001,"73",73,0.02574,FALSE,"observed"
"IT",2001,"74",74,0.02887,FALSE,"observed"
"IT",2001,"75",75,0.03184,FALSE,"observed"
"IT",2001,"76",76,0.03545,FALSE,"observed"
"IT",2001,"77",77,0.03999,FALSE,"observed"
"IT",2001,"78",78,0.04353,FALSE,"observed"
"IT",2001,"79",79,0.04851,FALSE,"observed"
"IT",2001,"80",80,0.05443,FALSE,"observed"
"IT",2001,"81",81,0.0615,FALSE,"observed"
"IT",2001,"82",82,0.0704,FALSE,"observed"
"IT",2001,"83",83,0.07694,FALSE,"observed"
"IT",2001,"84",84,0.08543,FALSE,"observed"
"IT",2001,"85",85,0.09458,FALSE,"observed"
"IT",2001,"86",86,0.1061,FALSE,"observed"
"IT",2001,"87",87,0.1212,FALSE,"observed"
"IT",2001,"88",88,0.13519,FALSE,"observed"
"IT",2001,"89",89,0.15148,FALSE,"observed"
"IT",2001,"90",90,0.16752,FALSE,"observed"
"IT",2001,"91",91,0.19135,FALSE,"observed"
"IT",2001,"92",92,0.20897,FALSE,"observed"
"IT",2001,"93",93,0.23853,FALSE,"observed"
"IT",2001,"94",94,0.25818,FALSE,"observed"
"IT",2001,"95",95,0.28055,FALSE,"observed"
"IT",2001,"96",96,0.30787,FALSE,"observed"
"IT",2001,"97",97,0.33675,FALSE,"observed"
"IT",2001,"98",98,0.36704,FALSE,"observed"
"IT",2001,"99",99,0.39856,FALSE,"observed"
"IT",2001,"100",100,0.43109,FALSE,"observed"
"IT",2001,"101",101,0.46437,FALSE,"observed"
"IT",2001,"102",102,0.4981,FALSE,"observed"
"IT",2001,"103",103,0.53198,FALSE,"observed"
"IT",2001,"104",104,0.56568,FALSE,"observed"
"IT",2001,"105",105,0.5989,FALSE,"observed"
"IT",2001,"106",106,0.63132,FALSE,"observed"
"IT",2001,"107",107,0.66268,FALSE,"observed"
"IT",2001,"108",108,0.69275,FALSE,"observed"
"IT",2001,"109",109,0.72133,FALSE,"observed"
"IT",2001,"110+",110,0.74827,FALSE,"observed"
"IT",2002,"0",0,0.00444,FALSE,"observed"
"IT",2002,"1",1,3e-04,FALSE,"observed"
"IT",2002,"2",2,0.00021,FALSE,"observed"
"IT",2002,"3",3,0.00018,FALSE,"observed"
"IT",2002,"4",4,0.00015,FALSE,"observed"
"IT",2002,"5",5,0.00013,FALSE,"observed"
"IT",2002,"6",6,0.00015,FALSE,"observed"
"IT",2002,"7",7,0.00013,FALSE,"observed"
"IT",2002,"8",8,0.00013,FALSE,"observed"
"IT",2002,"9",9,0.00012,FALSE,"observed"
"IT",2002,"10",10,0.00012,FALSE,"observed"
"IT",2002,"11",11,1e-04,FALSE,"observed"
"IT",2002,"12",12,0.00015,FALSE,"observed"
"IT",2002,"13",13,0.00014,FALSE,"observed"
"IT",2002,"14",14,2e-04,FALSE,"observed"
"IT",2002,"15",15,0.00028,FALSE,"observed"
"IT",2002,"16",16,0.00034,FALSE,"observed"
"IT",2002,"17",17,0.00035,FALSE,"observed"
"IT",2002,"18",18,0.00053,FALSE,"observed"
"IT",2002,"19",19,0.00048,FALSE,"observed"
"IT",2002,"20",20,0.00053,FALSE,"observed"
"IT",2002,"21",21,0.00054,FALSE,"observed"
"IT",2002,"22",22,0.00061,FALSE,"observed"
"IT",2002,"23",23,0.00059,FALSE,"observed"
"IT",2002,"24",24,0.00058,FALSE,"observed"
"IT",2002,"25",25,0.00058,FALSE,"observed"
"IT",2002,"26",26,0.00063,FALSE,"observed"
"IT",2002,"27",27,0.00056,FALSE,"observed"
"IT",2002,"28",28,0.00065,FALSE,"observed"
"IT",2002,"29",29,6e-04,FALSE,"observed"
"IT",2002,"30",30,0.00062,FALSE,"observed"
"IT",2002,"31",31,0.00061,FALSE,"observed"
"IT",2002,"32",32,0.00068,FALSE,"observed"
"IT",2002,"33",33,0.00067,FALSE,"observed"
"IT",2002,"34",34,0.00077,FALSE,"observed"
"IT",2002,"35",35,0.00077,FALSE,"observed"
"IT",2002,"36",36,8e-04,FALSE,"observed"
"IT",2002,"37",37,0.00088,FALSE,"observed"
"IT",2002,"38",38,0.00097,FALSE,"observed"
"IT",2002,"39",39,0.00103,FALSE,"observed"
"IT",2002,"40",40,0.00115,FALSE,"observed"
"IT",2002,"41",41,0.00126,FALSE,"observed"
"IT",2002,"42",42,0.00133,FALSE,"observed"
"IT",2002,"43",43,0.00143,FALSE,"observed"
"IT",2002,"44",44,0.00151,FALSE,"observed"
"IT",2002,"45",45,0.00175,FALSE,"observed"
"IT",2002,"46",46,0.00187,FALSE,"observed"
"IT",2002,"47",47,0.00196,FALSE,"observed"
"IT",2002,"48",48,0.00228,FALSE,"observed"
"IT",2002,"49",49,0.00245,FALSE,"observed"
"IT",2002,"50",50,0.00253,FALSE,"observed"
"IT",2002,"51",51,0.00287,FALSE,"observed"
"IT",2002,"52",52,0.00316,FALSE,"observed"
"IT",2002,"53",53,0.00353,FALSE,"observed"
"IT",2002,"54",54,0.004,FALSE,"observed"
"IT",2002,"55",55,0.00438,FALSE,"observed"
"IT",2002,"56",56,0.00468,FALSE,"observed"
"IT",2002,"57",57,0.00529,FALSE,"observed"
"IT",2002,"58",58,0.00589,FALSE,"observed"
"IT",2002,"59",59,0.0063,FALSE,"observed"
"IT",2002,"60",60,0.00677,FALSE,"observed"
"IT",2002,"61",61,0.00732,FALSE,"observed"
"IT",2002,"62",62,0.00797,FALSE,"observed"
"IT",2002,"63",63,0.00888,FALSE,"observed"
"IT",2002,"64",64,0.01001,FALSE,"observed"
"IT",2002,"65",65,0.01084,FALSE,"observed"
"IT",2002,"66",66,0.01233,FALSE,"observed"
"IT",2002,"67",67,0.01333,FALSE,"observed"
"IT",2002,"68",68,0.01486,FALSE,"observed"
"IT",2002,"69",69,0.0163,FALSE,"observed"
"IT",2002,"70",70,0.01783,FALSE,"observed"
"IT",2002,"71",71,0.02019,FALSE,"observed"
"IT",2002,"72",72,0.02262,FALSE,"observed"
"IT",2002,"73",73,0.02501,FALSE,"observed"
"IT",2002,"74",74,0.02786,FALSE,"observed"
"IT",2002,"75",75,0.03138,FALSE,"observed"
"IT",2002,"76",76,0.03479,FALSE,"observed"
"IT",2002,"77",77,0.03892,FALSE,"observed"
"IT",2002,"78",78,0.04324,FALSE,"observed"
"IT",2002,"79",79,0.04756,FALSE,"observed"
"IT",2002,"80",80,0.05341,FALSE,"observed"
"IT",2002,"81",81,0.05983,FALSE,"observed"
"IT",2002,"82",82,0.06921,FALSE,"observed"
"IT",2002,"83",83,0.07616,FALSE,"observed"
"IT",2002,"84",84,0.08532,FALSE,"observed"
"IT",2002,"85",85,0.09644,FALSE,"observed"
"IT",2002,"86",86,0.10487,FALSE,"observed"
"IT",2002,"87",87,0.11861,FALSE,"observed"
"IT",2002,"88",88,0.13447,FALSE,"observed"
"IT",2002,"89",89,0.15084,FALSE,"observed"
"IT",2002,"90",90,0.17082,FALSE,"observed"
"IT",2002,"91",91,0.18858,FALSE,"observed"
"IT",2002,"92",92,0.20961,FALSE,"observed"
"IT",2002,"93",93,0.23029,FALSE,"observed"
"IT",2002,"94",94,0.26261,FALSE,"observed"
"IT",2002,"95",95,0.28063,FALSE,"observed"
"IT",2002,"96",96,0.3082,FALSE,"observed"
"IT",2002,"97",97,0.33735,FALSE,"observed"
"IT",2002,"98",98,0.36794,FALSE,"observed"
"IT",2002,"99",99,0.39977,FALSE,"observed"
"IT",2002,"100",100,0.43262,FALSE,"observed"
"IT",2002,"101",101,0.46621,FALSE,"observed"
"IT",2002,"102",102,0.50025,FALSE,"observed"
"IT",2002,"103",103,0.53442,FALSE,"observed"
"IT",2002,"104",104,0.56838,FALSE,"observed"
"IT",2002,"105",105,0.60182,FALSE,"observed"
"IT",2002,"106",106,0.63443,FALSE,"observed"
"IT",2002,"107",107,0.66594,FALSE,"observed"
"IT",2002,"108",108,0.6961,FALSE,"observed"
"IT",2002,"109",109,0.72473,FALSE,"observed"
"IT",2002,"110+",110,0.75168,FALSE,"observed"
"IT",2003,"0",0,0.00375,FALSE,"observed"
"IT",2003,"1",1,0.00025,FALSE,"observed"
"IT",2003,"2",2,0.00016,FALSE,"observed"
"IT",2003,"3",3,0.00015,FALSE,"observed"
"IT",2003,"4",4,0.00013,FALSE,"observed"
"IT",2003,"5",5,1e-04,FALSE,"observed"
"IT",2003,"6",6,0.00011,FALSE,"observed"
"IT",2003,"7",7,0.00011,FALSE,"observed"
"IT",2003,"8",8,9e-05,FALSE,"observed"
"IT",2003,"9",9,9e-05,FALSE,"observed"
"IT",2003,"10",10,9e-05,FALSE,"observed"
"IT",2003,"11",11,1e-04,FALSE,"observed"
"IT",2003,"12",12,0.00011,FALSE,"observed"
"IT",2003,"13",13,0.00013,FALSE,"observed"
"IT",2003,"14",14,0.00018,FALSE,"observed"
"IT",2003,"15",15,0.00021,FALSE,"observed"
"IT",2003,"16",16,0.00032,FALSE,"observed"
"IT",2003,"17",17,0.00039,FALSE,"observed"
"IT",2003,"18",18,0.00048,FALSE,"observed"
"IT",2003,"19",19,0.00042,FALSE,"observed"
"IT",2003,"20",20,0.00049,FALSE,"observed"
"IT",2003,"21",21,5e-04,FALSE,"observed"
"IT",2003,"22",22,0.00047,FALSE,"observed"
"IT",2003,"23",23,5e-04,FALSE,"observed"
"IT",2003,"24",24,0.00049,FALSE,"observed"
"IT",2003,"25",25,5e-04,FALSE,"observed"
"IT",2003,"26",26,0.00051,FALSE,"observed"
"IT",2003,"27",27,0.00058,FALSE,"observed"
"IT",2003,"28",28,0.00049,FALSE,"observed"
"IT",2003,"29",29,0.00053,FALSE,"observed"
"IT",2003,"30",30,0.00054,FALSE,"observed"
"IT",2003,"31",31,0.00055,FALSE,"observed"
"IT",2003,"32",32,0.00059,FALSE,"observed"
"IT",2003,"33",33,0.00065,FALSE,"observed"
"IT",2003,"34",34,0.00063,FALSE,"observed"
"IT",2003,"35",35,0.00073,FALSE,"observed"
"IT",2003,"36",36,0.00077,FALSE,"observed"
"IT",2003,"37",37,0.00081,FALSE,"observed"
"IT",2003,"38",38,0.00096,FALSE,"observed"
"IT",2003,"39",39,0.00098,FALSE,"observed"
"IT",2003,"40",40,0.00108,FALSE,"observed"
"IT",2003,"41",41,0.00116,FALSE,"observed"
"IT",2003,"42",42,0.00124,FALSE,"observed"
"IT",2003,"43",43,0.00126,FALSE,"observed"
"IT",2003,"44",44,0.00154,FALSE,"observed"
"IT",2003,"45",45,0.00165,FALSE,"observed"
"IT",2003,"46",46,0.00179,FALSE,"observed"
"IT",2003,"47",47,0.00198,FALSE,"observed"
"IT",2003,"48",48,0.00221,FALSE,"observed"
"IT",2003,"49",49,0.00237,FALSE,"observed"
"IT",2003,"50",50,0.00258,FALSE,"observed"
"IT",2003,"51",51,0.00289,FALSE,"observed"
"IT",2003,"52",52,0.00322,FALSE,"observed"
"IT",2003,"53",53,0.00354,FALSE,"observed"
"IT",2003,"54",54,0.00375,FALSE,"observed"
"IT",2003,"55",55,0.00431,FALSE,"observed"
"IT",2003,"56",56,0.00471,FALSE,"observed"
"IT",2003,"57",57,0.00523,FALSE,"observed"
"IT",2003,"58",58,0.0057,FALSE,"observed"
"IT",2003,"59",59,0.00631,FALSE,"observed"
"IT",2003,"60",60,0.00687,FALSE,"observed"
"IT",2003,"61",61,0.00759,FALSE,"observed"
"IT",2003,"62",62,0.00805,FALSE,"observed"
"IT",2003,"63",63,0.00871,FALSE,"observed"
"IT",2003,"64",64,0.00972,FALSE,"observed"
"IT",2003,"65",65,0.01074,FALSE,"observed"
"IT",2003,"66",66,0.01168,FALSE,"observed"
"IT",2003,"67",67,0.01307,FALSE,"observed"
"IT",2003,"68",68,0.01455,FALSE,"observed"
"IT",2003,"69",69,0.01634,FALSE,"observed"
"IT",2003,"70",70,0.01772,FALSE,"observed"
"IT",2003,"71",71,0.01991,FALSE,"observed"
"IT",2003,"72",72,0.02218,FALSE,"observed"
"IT",2003,"73",73,0.02474,FALSE,"observed"
"IT",2003,"74",74,0.02803,FALSE,"observed"
"IT",2003,"75",75,0.032,FALSE,"observed"
"IT",2003,"76",76,0.03475,FALSE,"observed"
"IT",2003,"77",77,0.03908,FALSE,"observed"
"IT",2003,"78",78,0.04383,FALSE,"observed"
"IT",2003,"79",79,0.04876,FALSE,"observed"
"IT",2003,"80",80,0.05494,FALSE,"observed"
"IT",2003,"81",81,0.06276,FALSE,"observed"
"IT",2003,"82",82,0.06961,FALSE,"observed"
"IT",2003,"83",83,0.07956,FALSE,"observed"
"IT",2003,"84",84,0.08881,FALSE,"observed"
"IT",2003,"85",85,0.0998,FALSE,"observed"
"IT",2003,"86",86,0.11277,FALSE,"observed"
"IT",2003,"87",87,0.12732,FALSE,"observed"
"IT",2003,"88",88,0.14167,FALSE,"observed"
"IT",2003,"89",89,0.15905,FALSE,"observed"
"IT",2003,"90",90,0.17691,FALSE,"observed"
"IT",2003,"91",91,0.2002,FALSE,"observed"
"IT",2003,"92",92,0.22187,FALSE,"observed"
"IT",2003,"93",93,0.24815,FALSE,"observed"
"IT",2003,"94",94,0.27142,FALSE,"observed"
"IT",2003,"95",95,0.29993,FALSE,"observed"
"IT",2003,"96",96,0.32954,FALSE,"observed"
"IT",2003,"97",97,0.36071,FALSE,"observed"
"IT",2003,"98",98,0.39325,FALSE,"observed"
"IT",2003,"99",99,0.42691,FALSE,"observed"
"IT",2003,"100",100,0.4614,FALSE,"observed"
"IT",2003,"101",101,0.4964,FALSE,"observed"
"IT",2003,"102",102,0.53157,FALSE,"observed"
"IT",2003,"103",103,0.56655,FALSE,"observed"
"IT",2003,"104",104,0.60099,FALSE,"observed"
"IT",2003,"105",105,0.63456,FALSE,"observed"
"IT",2003,"106",106,0.66696,FALSE,"observed"
"IT",2003,"107",107,0.69793,FALSE,"observed"
"IT",2003,"108",108,0.72726,FALSE,"observed"
"IT",2003,"109",109,0.7548,FALSE,"observed"
"IT",2003,"110+",110,0.78045,FALSE,"observed"
"IT",2004,"0",0,0.00382,FALSE,"observed"
"IT",2004,"1",1,0.00026,FALSE,"observed"
"IT",2004,"2",2,0.00016,FALSE,"observed"
"IT",2004,"3",3,0.00012,FALSE,"observed"
"IT",2004,"4",4,0.00012,FALSE,"observed"
"IT",2004,"5",5,9e-05,FALSE,"observed"
"IT",2004,"6",6,9e-05,FALSE,"observed"
"IT",2004,"7",7,8e-05,FALSE,"observed"
"IT",2004,"8",8,9e-05,FALSE,"observed"
"IT",2004,"9",9,8e-05,FALSE,"observed"
"IT",2004,"10",10,8e-05,FALSE,"observed"
"IT",2004,"11",11,0.00011,FALSE,"observed"
"IT",2004,"12",12,8e-05,FALSE,"observed"
"IT",2004,"13",13,0.00012,FALSE,"observed"
"IT",2004,"14",14,0.00018,FALSE,"observed"
"IT",2004,"15",15,0.00021,FALSE,"observed"
"IT",2004,"16",16,0.00029,FALSE,"observed"
"IT",2004,"17",17,0.00036,FALSE,"observed"
"IT",2004,"18",18,0.00044,FALSE,"observed"
"IT",2004,"19",19,0.00046,FALSE,"observed"
"IT",2004,"20",20,0.00047,FALSE,"observed"
"IT",2004,"21",21,0.00052,FALSE,"observed"
"IT",2004,"22",22,0.00044,FALSE,"observed"
"IT",2004,"23",23,0.00051,FALSE,"observed"
"IT",2004,"24",24,0.00046,FALSE,"observed"
"IT",2004,"25",25,0.00048,FALSE,"observed"
"IT",2004,"26",26,0.00049,FALSE,"observed"
"IT",2004,"27",27,5e-04,FALSE,"observed"
"IT",2004,"28",28,0.00051,FALSE,"observed"
"IT",2004,"29",29,5e-04,FALSE,"observed"
"IT",2004,"30",30,0.00053,FALSE,"observed"
"IT",2004,"31",31,0.00058,FALSE,"observed"
"IT",2004,"32",32,0.00055,FALSE,"observed"
"IT",2004,"33",33,0.00057,FALSE,"observed"
"IT",2004,"34",34,6e-04,FALSE,"observed"
"IT",2004,"35",35,0.00064,FALSE,"observed"
"IT",2004,"36",36,0.00072,FALSE,"observed"
"IT",2004,"37",37,0.00075,FALSE,"observed"
"IT",2004,"38",38,0.00079,FALSE,"observed"
"IT",2004,"39",39,0.00093,FALSE,"observed"
"IT",2004,"40",40,0.00103,FALSE,"observed"
"IT",2004,"41",41,0.00117,FALSE,"observed"
"IT",2004,"42",42,0.00116,FALSE,"observed"
"IT",2004,"43",43,0.00133,FALSE,"observed"
"IT",2004,"44",44,0.00141,FALSE,"observed"
"IT",2004,"45",45,0.00155,FALSE,"observed"
"IT",2004,"46",46,0.00177,FALSE,"observed"
"IT",2004,"47",47,0.00181,FALSE,"observed"
"IT",2004,"48",48,0.00209,FALSE,"observed"
"IT",2004,"49",49,0.00223,FALSE,"observed"
"IT",2004,"50",50,0.00252,FALSE,"observed"
"IT",2004,"51",51,0.00273,FALSE,"observed"
"IT",2004,"52",52,0.00307,FALSE,"observed"
"IT",2004,"53",53,0.00325,FALSE,"observed"
"IT",2004,"54",54,0.00362,FALSE,"observed"
"IT",2004,"55",55,0.00399,FALSE,"observed"
"IT",2004,"56",56,0.00423,FALSE,"observed"
"IT",2004,"57",57,0.00487,FALSE,"observed"
"IT",2004,"58",58,0.00525,FALSE,"observed"
"IT",2004,"59",59,0.00593,FALSE,"observed"
"IT",2004,"60",60,0.0065,FALSE,"observed"
"IT",2004,"61",61,0.00714,FALSE,"observed"
"IT",2004,"62",62,0.00789,FALSE,"observed"
"IT",2004,"63",63,0.00822,FALSE,"observed"
"IT",2004,"64",64,0.00895,FALSE,"observed"
"IT",2004,"65",65,0.01006,FALSE,"observed"
"IT",2004,"66",66,0.011,FALSE,"observed"
"IT",2004,"67",67,0.01232,FALSE,"observed"
"IT",2004,"68",68,0.01366,FALSE,"observed"
"IT",2004,"69",69,0.01534,FALSE,"observed"
"IT",2004,"70",70,0.01686,FALSE,"observed"
"IT",2004,"71",71,0.01831,FALSE,"observed"
"IT",2004,"72",72,0.02052,FALSE,"observed"
"IT",2004,"73",73,0.02264,FALSE,"observed"
"IT",2004,"74",74,0.02572,FALSE,"observed"
"IT",2004,"75",75,0.02857,FALSE,"observed"
"IT",2004,"76",76,0.03199,FALSE,"observed"
"IT",2004,"77",77,0.03542,FALSE,"observed"
"IT",2004,"78",78,0.03984,FALSE,"observed"
"IT",2004,"79",79,0.04476,FALSE,"observed"
"IT",2004,"80",80,0.04999,FALSE,"observed"
"IT",2004,"81",81,0.0558,FALSE,"observed"
"IT",2004,"82",82,0.06307,FALSE,"observed"
"IT",2004,"83",83,0.06976,FALSE,"observed"
"IT",2004,"84",84,0.08003,FALSE,"observed"
"IT",2004,"85",85,0.08893,FALSE,"observed"
"IT",2004,"86",86,0.10061,FALSE,"observed"
"IT",2004,"87",87,0.11105,FALSE,"observed"
"IT",2004,"88",88,0.12676,FALSE,"observed"
"IT",2004,"89",89,0.13934,FALSE,"observed"
"IT",2004,"90",90,0.15837,FALSE,"observed"
"IT",2004,"91",91,0.17358,FALSE,"observed"
"IT",2004,"92",92,0.19699,FALSE,"observed"
"IT",2004,"93",93,0.20946,FALSE,"observed"
"IT",2004,"94",94,0.23912,FALSE,"observed"
"IT",2004,"95",95,0.26055,FALSE,"observed"
"IT",2004,"96",96,0.2865,FALSE,"observed"
"IT",2004,"97",97,0.31405,FALSE,"observed"
"IT",2004,"98",98,0.3431,FALSE,"observed"
"IT",2004,"99",99,0.3735,FALSE,"observed"
"IT",2004,"100",100,0.40507,FALSE,"observed"
"IT",2004,"101",101,0.43756,FALSE,"observed"
"IT",2004,"102",102,0.47073,FALSE,"observed"
"IT",2004,"103",103,0.50427,FALSE,"observed"
"IT",2004,"104",104,0.53788,FALSE,"observed"
"IT",2004,"105",105,0.57125,FALSE,"observed"
"IT",2004,"106",106,0.60408,FALSE,"observed"
"IT",2004,"107",107,0.63608,FALSE,"observed"
"IT",2004,"108",108,0.66699,FALSE,"observed"
"IT",2004,"109",109,0.69659,FALSE,"observed"
"IT",2004,"110+",110,0.7247,FALSE,"observed"
"IT",2005,"0",0,0.0036,FALSE,"observed"
"IT",2005,"1",1,0.00021,FALSE,"observed"
"IT",2005,"2",2,0.00014,FALSE,"observed"
"IT",2005,"3",3,0.00015,FALSE,"observed"
"IT",2005,"4",4,0.00012,FALSE,"observed"
"IT",2005,"5",5,0.00011,FALSE,"observed"
"IT",2005,"6",6,1e-04,FALSE,"observed"
"IT",2005,"7",7,1e-04,FALSE,"observed"
"IT",2005,"8",8,7e-05,FALSE,"observed"
"IT",2005,"9",9,1e-04,FALSE,"observed"
"IT",2005,"10",10,9e-05,FALSE,"observed"
"IT",2005,"11",11,6e-05,FALSE,"observed"
"IT",2005,"12",12,0.00013,FALSE,"observed"
"IT",2005,"13",13,0.00012,FALSE,"observed"
"IT",2005,"14",14,0.00017,FALSE,"observed"
"IT",2005,"15",15,0.00021,FALSE,"observed"
"IT",2005,"16",16,0.00025,FALSE,"observed"
"IT",2005,"17",17,3e-04,FALSE,"observed"
"IT",2005,"18",18,0.00039,FALSE,"observed"
"IT",2005,"19",19,0.00044,FALSE,"observed"
"IT",2005,"20",20,0.00045,FALSE,"observed"
"IT",2005,"21",21,0.00042,FALSE,"observed"
"IT",2005,"22",22,0.00049,FALSE,"observed"
"IT",2005,"23",23,0.00046,FALSE,"observed"
"IT",2005,"24",24,0.00052,FALSE,"observed"
"IT",2005,"25",25,0.00049,FALSE,"observed"
"IT",2005,"26",26,0.00045,FALSE,"observed"
"IT",2005,"27",27,0.00057,FALSE,"observed"
"IT",2005,"28",28,5e-04,FALSE,"observed"
"IT",2005,"29",29,5e-04,FALSE,"observed"
"IT",2005,"30",30,0.00049,FALSE,"observed"
"IT",2005,"31",31,5e-04,FALSE,"observed"
"IT",2005,"32",32,0.00054,FALSE,"observed"
"IT",2005,"33",33,0.00058,FALSE,"observed"
"IT",2005,"34",34,0.00058,FALSE,"observed"
"IT",2005,"35",35,0.00062,FALSE,"observed"
"IT",2005,"36",36,0.00071,FALSE,"observed"
"IT",2005,"37",37,0.00071,FALSE,"observed"
"IT",2005,"38",38,0.00082,FALSE,"observed"
"IT",2005,"39",39,0.00083,FALSE,"observed"
"IT",2005,"40",40,0.00097,FALSE,"observed"
"IT",2005,"41",41,0.00108,FALSE,"observed"
"IT",2005,"42",42,0.00122,FALSE,"observed"
"IT",2005,"43",43,0.00123,FALSE,"observed"
"IT",2005,"44",44,0.0014,FALSE,"observed"
"IT",2005,"45",45,0.00151,FALSE,"observed"
"IT",2005,"46",46,0.00165,FALSE,"observed"
"IT",2005,"47",47,0.0018,FALSE,"observed"
"IT",2005,"48",48,0.00204,FALSE,"observed"
"IT",2005,"49",49,0.00221,FALSE,"observed"
"IT",2005,"50",50,0.00236,FALSE,"observed"
"IT",2005,"51",51,0.00268,FALSE,"observed"
"IT",2005,"52",52,0.00299,FALSE,"observed"
"IT",2005,"53",53,0.00319,FALSE,"observed"
"IT",2005,"54",54,0.00352,FALSE,"observed"
"IT",2005,"55",55,0.00392,FALSE,"observed"
"IT",2005,"56",56,0.00423,FALSE,"observed"
"IT",2005,"57",57,0.00469,FALSE,"observed"
"IT",2005,"58",58,0.00533,FALSE,"observed"
"IT",2005,"59",59,0.00564,FALSE,"observed"
"IT",2005,"60",60,0.00643,FALSE,"observed"
"IT",2005,"61",61,0.0072,FALSE,"observed"
"IT",2005,"62",62,0.00758,FALSE,"observed"
"IT",2005,"63",63,0.00819,FALSE,"observed"
"IT",2005,"64",64,0.00883,FALSE,"observed"
"IT",2005,"65",65,0.00998,FALSE,"observed"
"IT",2005,"66",66,0.01079,FALSE,"observed"
"IT",2005,"67",67,0.01201,FALSE,"observed"
"IT",2005,"68",68,0.01311,FALSE,"observed"
"IT",2005,"69",69,0.01499,FALSE,"observed"
"IT",2005,"70",70,0.01634,FALSE,"observed"
"IT",2005,"71",71,0.01842,FALSE,"observed"
"IT",2005,"72",72,0.02045,FALSE,"observed"
"IT",2005,"73",73,0.02248,FALSE,"observed"
"IT",2005,"74",74,0.02526,FALSE,"observed"
"IT",2005,"75",75,0.02824,FALSE,"observed"
"IT",2005,"76",76,0.03166,FALSE,"observed"
"IT",2005,"77",77,0.03598,FALSE,"observed"
"IT",2005,"78",78,0.04038,FALSE,"observed"
"IT",2005,"79",79,0.04439,FALSE,"observed"
"IT",2005,"80",80,0.05086,FALSE,"observed"
"IT",2005,"81",81,0.05733,FALSE,"observed"
"IT",2005,"82",82,0.0639,FALSE,"observed"
"IT",2005,"83",83,0.07267,FALSE,"observed"
"IT",2005,"84",84,0.08138,FALSE,"observed"
"IT",2005,"85",85,0.0925,FALSE,"observed"
"IT",2005,"86",86,0.10512,FALSE,"observed"
"IT",2005,"87",87,0.11692,FALSE,"observed"
"IT",2005,"88",88,0.13054,FALSE,"observed"
"IT",2005,"89",89,0.14915,FALSE,"observed"
"IT",2005,"90",90,0.16365,FALSE,"observed"
"IT",2005,"91",91,0.18407,FALSE,"observed"
"IT",2005,"92",92,0.20366,FALSE,"observed"
"IT",2005,"93",93,0.23121,FALSE,"observed"
"IT",2005,"94",94,0.25063,FALSE,"observed"
"IT",2005,"95",95,0.27909,FALSE,"observed"
"IT",2005,"96",96,0.30741,FALSE,"observed"
"IT",2005,"97",97,0.33739,FALSE,"observed"
"IT",2005,"98",98,0.36888,FALSE,"observed"
"IT",2005,"99",99,0.40166,FALSE,"observed"
"IT",2005,"100",100,0.43548,FALSE,"observed"
"IT",2005,"101",101,0.47004,FALSE,"observed"
"IT",2005,"102",102,0.50501,FALSE,"observed"
"IT",2005,"103",103,0.54005,FALSE,"observed"
"IT",2005,"104",104,0.57481,FALSE,"observed"
"IT",2005,"105",105,0.60893,FALSE,"observed"
"IT",2005,"106",106,0.64211,FALSE,"observed"
"IT",2005,"107",107,0.67406,FALSE,"observed"
"IT",2005,"108",108,0.70453,FALSE,"observed"
"IT",2005,"109",109,0.73334,FALSE,"observed"
"IT",2005,"110+",110,0.76034,FALSE,"observed"
"IT",2006,"0",0,0.00346,FALSE,"observed"
"IT",2006,"1",1,0.00024,FALSE,"observed"
"IT",2006,"2",2,0.00013,FALSE,"observed"
"IT",2006,"3",3,0.00011,FALSE,"observed"
"IT",2006,"4",4,0.00015,FALSE,"observed"
"IT",2006,"5",5,9e-05,FALSE,"observed"
"IT",2006,"6",6,0.00011,FALSE,"observed"
"IT",2006,"7",7,8e-05,FALSE,"observed"
"IT",2006,"8",8,8e-05,FALSE,"observed"
"IT",2006,"9",9,8e-05,FALSE,"observed"
"IT",2006,"10",10,6e-05,FALSE,"observed"
"IT",2006,"11",11,8e-05,FALSE,"observed"
"IT",2006,"12",12,8e-05,FALSE,"observed"
"IT",2006,"13",13,1e-04,FALSE,"observed"
"IT",2006,"14",14,0.00015,FALSE,"observed"
"IT",2006,"15",15,2e-04,FALSE,"observed"
"IT",2006,"16",16,0.00028,FALSE,"observed"
"IT",2006,"17",17,0.00037,FALSE,"observed"
"IT",2006,"18",18,0.00039,FALSE,"observed"
"IT",2006,"19",19,0.00038,FALSE,"observed"
"IT",2006,"20",20,0.00038,FALSE,"observed"
"IT",2006,"21",21,0.00044,FALSE,"observed"
"IT",2006,"22",22,0.00047,FALSE,"observed"
"IT",2006,"23",23,0.00044,FALSE,"observed"
"IT",2006,"24",24,0.00046,FALSE,"observed"
"IT",2006,"25",25,0.00047,FALSE,"observed"
"IT",2006,"26",26,0.00041,FALSE,"observed"
"IT",2006,"27",27,0.00047,FALSE,"observed"
"IT",2006,"28",28,0.00049,FALSE,"observed"
"IT",2006,"29",29,0.00049,FALSE,"observed"
"IT",2006,"30",30,0.00048,FALSE,"observed"
"IT",2006,"31",31,5e-04,FALSE,"observed"
"IT",2006,"32",32,0.00057,FALSE,"observed"
"IT",2006,"33",33,0.00055,FALSE,"observed"
"IT",2006,"34",34,0.00058,FALSE,"observed"
"IT",2006,"35",35,0.00062,FALSE,"observed"
"IT",2006,"36",36,0.00066,FALSE,"observed"
"IT",2006,"37",37,0.00076,FALSE,"observed"
"IT",2006,"38",38,0.00072,FALSE,"observed"
"IT",2006,"39",39,0.00085,FALSE,"observed"
"IT",2006,"40",40,0.00094,FALSE,"observed"
"IT",2006,"41",41,0.00103,FALSE,"observed"
"IT",2006,"42",42,0.00112,FALSE,"observed"
"IT",2006,"43",43,0.00127,FALSE,"observed"
"IT",2006,"44",44,0.0014,FALSE,"observed"
"IT",2006,"45",45,0.00154,FALSE,"observed"
"IT",2006,"46",46,0.00166,FALSE,"observed"
"IT",2006,"47",47,0.00181,FALSE,"observed"
"IT",2006,"48",48,0.0019,FALSE,"observed"
"IT",2006,"49",49,0.00215,FALSE,"observed"
"IT",2006,"50",50,0.0023,FALSE,"observed"
"IT",2006,"51",51,0.00262,FALSE,"observed"
"IT",2006,"52",52,0.00293,FALSE,"observed"
"IT",2006,"53",53,0.00311,FALSE,"observed"
"IT",2006,"54",54,0.00348,FALSE,"observed"
"IT",2006,"55",55,0.00383,FALSE,"observed"
"IT",2006,"56",56,0.00418,FALSE,"observed"
"IT",2006,"57",57,0.0045,FALSE,"observed"
"IT",2006,"58",58,0.0052,FALSE,"observed"
"IT",2006,"59",59,0.00559,FALSE,"observed"
"IT",2006,"60",60,0.00629,FALSE,"observed"
"IT",2006,"61",61,0.00677,FALSE,"observed"
"IT",2006,"62",62,0.00743,FALSE,"observed"
"IT",2006,"63",63,0.00804,FALSE,"observed"
"IT",2006,"64",64,0.00868,FALSE,"observed"
"IT",2006,"65",65,0.0095,FALSE,"observed"
"IT",2006,"66",66,0.0105,FALSE,"observed"
"IT",2006,"67",67,0.01148,FALSE,"observed"
"IT",2006,"68",68,0.0127,FALSE,"observed"
"IT",2006,"69",69,0.01381,FALSE,"observed"
"IT",2006,"70",70,0.01543,FALSE,"observed"
"IT",2006,"71",71,0.0171,FALSE,"observed"
"IT",2006,"72",72,0.01983,FALSE,"observed"
"IT",2006,"73",73,0.02152,FALSE,"observed"
"IT",2006,"74",74,0.02371,FALSE,"observed"
"IT",2006,"75",75,0.02689,FALSE,"observed"
"IT",2006,"76",76,0.03043,FALSE,"observed"
"IT",2006,"77",77,0.03387,FALSE,"observed"
"IT",2006,"78",78,0.03822,FALSE,"observed"
"IT",2006,"79",79,0.043,FALSE,"observed"
"IT",2006,"80",80,0.04852,FALSE,"observed"
"IT",2006,"81",81,0.05494,FALSE,"observed"
"IT",2006,"82",82,0.0621,FALSE,"observed"
"IT",2006,"83",83,0.07056,FALSE,"observed"
"IT",2006,"84",84,0.07774,FALSE,"observed"
"IT",2006,"85",85,0.088,FALSE,"observed"
"IT",2006,"86",86,0.10155,FALSE,"observed"
"IT",2006,"87",87,0.11228,FALSE,"observed"
"IT",2006,"88",88,0.12554,FALSE,"observed"
"IT",2006,"89",89,0.1396,FALSE,"observed"
"IT",2006,"90",90,0.158,FALSE,"observed"
"IT",2006,"91",91,0.17546,FALSE,"observed"
"IT",2006,"92",92,0.19594,FALSE,"observed"
"IT",2006,"93",93,0.21433,FALSE,"observed"
"IT",2006,"94",94,0.24147,FALSE,"observed"
"IT",2006,"95",95,0.26517,FALSE,"observed"
"IT",2006,"96",96,0.29212,FALSE,"observed"
"IT",2006,"97",97,0.32075,FALSE,"observed"
"IT",2006,"98",98,0.35092,FALSE,"observed"
"IT",2006,"99",99,0.38245,FALSE,"observed"
"IT",2006,"100",100,0.41514,FALSE,"observed"
"IT",2006,"101",101,0.44871,FALSE,"observed"
"IT",2006,"102",102,0.48287,FALSE,"observed"
"IT",2006,"103",103,0.5173,FALSE,"observed"
"IT",2006,"104",104,0.55167,FALSE,"observed"
"IT",2006,"105",105,0.58565,FALSE,"observed"
"IT",2006,"106",106,0.61892,FALSE,"observed"
"IT",2006,"107",107,0.65118,FALSE,"observed"
"IT",2006,"108",108,0.68218,FALSE,"observed"
"IT",2006,"109",109,0.7117,FALSE,"observed"
"IT",2006,"110+",110,0.73958,FALSE,"observed"
"IT",2007,"0",0,0.00332,FALSE,"observed"
"IT",2007,"1",1,0.00022,FALSE,"observed"
"IT",2007,"2",2,0.00015,FALSE,"observed"
"IT",2007,"3",3,0.00012,FALSE,"observed"
"IT",2007,"4",4,1e-04,FALSE,"observed"
"IT",2007,"5",5,8e-05,FALSE,"observed"
"IT",2007,"6",6,1e-04,FALSE,"observed"
"IT",2007,"7",7,9e-05,FALSE,"observed"
"IT",2007,"8",8,1e-04,FALSE,"observed"
"IT",2007,"9",9,7e-05,FALSE,"observed"
"IT",2007,"10",10,1e-04,FALSE,"observed"
"IT",2007,"11",11,9e-05,FALSE,"observed"
"IT",2007,"12",12,9e-05,FALSE,"observed"
"IT",2007,"13",13,0.00011,FALSE,"observed"
"IT",2007,"14",14,0.00018,FALSE,"observed"
"IT",2007,"15",15,0.00025,FALSE,"observed"
"IT",2007,"16",16,0.00032,FALSE,"observed"
"IT",2007,"17",17,0.00031,FALSE,"observed"
"IT",2007,"18",18,4e-04,FALSE,"observed"
"IT",2007,"19",19,0.00041,FALSE,"observed"
"IT",2007,"20",20,0.00043,FALSE,"observed"
"IT",2007,"21",21,4e-04,FALSE,"observed"
"IT",2007,"22",22,0.00047,FALSE,"observed"
"IT",2007,"23",23,0.00042,FALSE,"observed"
"IT",2007,"24",24,0.00042,FALSE,"observed"
"IT",2007,"25",25,0.00046,FALSE,"observed"
"IT",2007,"26",26,0.00047,FALSE,"observed"
"IT",2007,"27",27,0.00045,FALSE,"observed"
"IT",2007,"28",28,0.00045,FALSE,"observed"
"IT",2007,"29",29,0.00048,FALSE,"observed"
"IT",2007,"30",30,0.00048,FALSE,"observed"
"IT",2007,"31",31,0.00045,FALSE,"observed"
"IT",2007,"32",32,0.00049,FALSE,"observed"
"IT",2007,"33",33,0.00052,FALSE,"observed"
"IT",2007,"34",34,0.00052,FALSE,"observed"
"IT",2007,"35",35,0.00062,FALSE,"observed"
"IT",2007,"36",36,0.00064,FALSE,"observed"
"IT",2007,"37",37,0.00072,FALSE,"observed"
"IT",2007,"38",38,0.00075,FALSE,"observed"
"IT",2007,"39",39,0.00085,FALSE,"observed"
"IT",2007,"40",40,0.00088,FALSE,"observed"
"IT",2007,"41",41,0.00101,FALSE,"observed"
"IT",2007,"42",42,0.00112,FALSE,"observed"
"IT",2007,"43",43,0.00127,FALSE,"observed"
"IT",2007,"44",44,0.00132,FALSE,"observed"
"IT",2007,"45",45,0.00151,FALSE,"observed"
"IT",2007,"46",46,0.00164,FALSE,"observed"
"IT",2007,"47",47,0.00179,FALSE,"observed"
"IT",2007,"48",48,0.00187,FALSE,"observed"
"IT",2007,"49",49,0.00218,FALSE,"observed"
"IT",2007,"50",50,0.00231,FALSE,"observed"
"IT",2007,"51",51,0.00258,FALSE,"observed"
"IT",2007,"52",52,0.00282,FALSE,"observed"
"IT",2007,"53",53,0.00311,FALSE,"observed"
"IT",2007,"54",54,0.00339,FALSE,"observed"
"IT",2007,"55",55,0.00361,FALSE,"observed"
"IT",2007,"56",56,0.00401,FALSE,"observed"
"IT",2007,"57",57,0.00457,FALSE,"observed"
"IT",2007,"58",58,0.00481,FALSE,"observed"
"IT",2007,"59",59,0.00535,FALSE,"observed"
"IT",2007,"60",60,0.00619,FALSE,"observed"
"IT",2007,"61",61,0.00674,FALSE,"observed"
"IT",2007,"62",62,0.00703,FALSE,"observed"
"IT",2007,"63",63,0.00813,FALSE,"observed"
"IT",2007,"64",64,0.00858,FALSE,"observed"
"IT",2007,"65",65,0.00965,FALSE,"observed"
"IT",2007,"66",66,0.01017,FALSE,"observed"
"IT",2007,"67",67,0.01131,FALSE,"observed"
"IT",2007,"68",68,0.01242,FALSE,"observed"
"IT",2007,"69",69,0.01355,FALSE,"observed"
"IT",2007,"70",70,0.01507,FALSE,"observed"
"IT",2007,"71",71,0.01713,FALSE,"observed"
"IT",2007,"72",72,0.01882,FALSE,"observed"
"IT",2007,"73",73,0.0212,FALSE,"observed"
"IT",2007,"74",74,0.02358,FALSE,"observed"
"IT",2007,"75",75,0.02654,FALSE,"observed"
"IT",2007,"76",76,0.02991,FALSE,"observed"
"IT",2007,"77",77,0.03344,FALSE,"observed"
"IT",2007,"78",78,0.03736,FALSE,"observed"
"IT",2007,"79",79,0.04302,FALSE,"observed"
"IT",2007,"80",80,0.049,FALSE,"observed"
"IT",2007,"81",81,0.05418,FALSE,"observed"
"IT",2007,"82",82,0.0623,FALSE,"observed"
"IT",2007,"83",83,0.07065,FALSE,"observed"
"IT",2007,"84",84,0.07809,FALSE,"observed"
"IT",2007,"85",85,0.0896,FALSE,"observed"
"IT",2007,"86",86,0.1011,FALSE,"observed"
"IT",2007,"87",87,0.11506,FALSE,"observed"
"IT",2007,"88",88,0.12954,FALSE,"observed"
"IT",2007,"89",89,0.14231,FALSE,"observed"
"IT",2007,"90",90,0.16019,FALSE,"observed"
"IT",2007,"91",91,0.17721,FALSE,"observed"
"IT",2007,"92",92,0.20019,FALSE,"observed"
"IT",2007,"93",93,0.2213,FALSE,"observed"
"IT",2007,"94",94,0.24228,FALSE,"observed"
"IT",2007,"95",95,0.27232,FALSE,"observed"
"IT",2007,"96",96,0.30032,FALSE,"observed"
"IT",2007,"97",97,0.33003,FALSE,"observed"
"IT",2007,"98",98,0.36128,FALSE,"observed"
"IT",2007,"99",99,0.39389,FALSE,"observed"
"IT",2007,"100",100,0.4276,FALSE,"observed"
"IT",2007,"101",101,0.46211,FALSE,"observed"
"IT",2007,"102",102,0.49711,FALSE,"observed"
"IT",2007,"103",103,0.53225,FALSE,"observed"
"IT",2007,"104",104,0.56717,FALSE,"observed"
"IT",2007,"105",105,0.60152,FALSE,"observed"
"IT",2007,"106",106,0.63498,FALSE,"observed"
"IT",2007,"107",107,0.66726,FALSE,"observed"
"IT",2007,"108",108,0.6981,FALSE,"observed"
"IT",2007,"109",109,0.72731,FALSE,"observed"
"IT",2007,"110+",110,0.75473,FALSE,"observed"
"IT",2008,"0",0,0.00335,FALSE,"observed"
"IT",2008,"1",1,2e-04,FALSE,"observed"
"IT",2008,"2",2,0.00017,FALSE,"observed"
"IT",2008,"3",3,0.00016,FALSE,"observed"
"IT",2008,"4",4,9e-05,FALSE,"observed"
"IT",2008,"5",5,8e-05,FALSE,"observed"
"IT",2008,"6",6,9e-05,FALSE,"observed"
"IT",2008,"7",7,7e-05,FALSE,"observed"
"IT",2008,"8",8,7e-05,FALSE,"observed"
"IT",2008,"9",9,7e-05,FALSE,"observed"
"IT",2008,"10",10,8e-05,FALSE,"observed"
"IT",2008,"11",11,8e-05,FALSE,"observed"
"IT",2008,"12",12,9e-05,FALSE,"observed"
"IT",2008,"13",13,0.00012,FALSE,"observed"
"IT",2008,"14",14,0.00015,FALSE,"observed"
"IT",2008,"15",15,2e-04,FALSE,"observed"
"IT",2008,"16",16,0.00026,FALSE,"observed"
"IT",2008,"17",17,0.00032,FALSE,"observed"
"IT",2008,"18",18,0.00039,FALSE,"observed"
"IT",2008,"19",19,0.00041,FALSE,"observed"
"IT",2008,"20",20,4e-04,FALSE,"observed"
"IT",2008,"21",21,0.00038,FALSE,"observed"
"IT",2008,"22",22,0.00045,FALSE,"observed"
"IT",2008,"23",23,0.00033,FALSE,"observed"
"IT",2008,"24",24,4e-04,FALSE,"observed"
"IT",2008,"25",25,0.00042,FALSE,"observed"
"IT",2008,"26",26,0.00036,FALSE,"observed"
"IT",2008,"27",27,0.00042,FALSE,"observed"
"IT",2008,"28",28,0.00044,FALSE,"observed"
"IT",2008,"29",29,0.00046,FALSE,"observed"
"IT",2008,"30",30,0.00052,FALSE,"observed"
"IT",2008,"31",31,0.00045,FALSE,"observed"
"IT",2008,"32",32,0.00046,FALSE,"observed"
"IT",2008,"33",33,0.00053,FALSE,"observed"
"IT",2008,"34",34,0.00056,FALSE,"observed"
"IT",2008,"35",35,0.00055,FALSE,"observed"
"IT",2008,"36",36,0.00062,FALSE,"observed"
"IT",2008,"37",37,0.00066,FALSE,"observed"
"IT",2008,"38",38,0.00074,FALSE,"observed"
"IT",2008,"39",39,0.00079,FALSE,"observed"
"IT",2008,"40",40,0.00085,FALSE,"observed"
"IT",2008,"41",41,0.00097,FALSE,"observed"
"IT",2008,"42",42,0.00102,FALSE,"observed"
"IT",2008,"43",43,0.00116,FALSE,"observed"
"IT",2008,"44",44,0.00133,FALSE,"observed"
"IT",2008,"45",45,0.00143,FALSE,"observed"
"IT",2008,"46",46,0.00162,FALSE,"observed"
"IT",2008,"47",47,0.00178,FALSE,"observed"
"IT",2008,"48",48,0.00186,FALSE,"observed"
"IT",2008,"49",49,0.00212,FALSE,"observed"
"IT",2008,"50",50,0.00227,FALSE,"observed"
"IT",2008,"51",51,0.0025,FALSE,"observed"
"IT",2008,"52",52,0.00272,FALSE,"observed"
"IT",2008,"53",53,0.00312,FALSE,"observed"
"IT",2008,"54",54,0.00331,FALSE,"observed"
"IT",2008,"55",55,0.00371,FALSE,"observed"
"IT",2008,"56",56,0.00404,FALSE,"observed"
"IT",2008,"57",57,0.00453,FALSE,"observed"
"IT",2008,"58",58,0.0049,FALSE,"observed"
"IT",2008,"59",59,0.00519,FALSE,"observed"
"IT",2008,"60",60,0.00593,FALSE,"observed"
"IT",2008,"61",61,0.00656,FALSE,"observed"
"IT",2008,"62",62,0.00705,FALSE,"observed"
"IT",2008,"63",63,0.00777,FALSE,"observed"
"IT",2008,"64",64,0.00861,FALSE,"observed"
"IT",2008,"65",65,0.00936,FALSE,"observed"
"IT",2008,"66",66,0.01017,FALSE,"observed"
"IT",2008,"67",67,0.01098,FALSE,"observed"
"IT",2008,"68",68,0.012,FALSE,"observed"
"IT",2008,"69",69,0.01321,FALSE,"observed"
"IT",2008,"70",70,0.01492,FALSE,"observed"
"IT",2008,"71",71,0.01649,FALSE,"observed"
"IT",2008,"72",72,0.01799,FALSE,"observed"
"IT",2008,"73",73,0.02062,FALSE,"observed"
"IT",2008,"74",74,0.0233,FALSE,"observed"
"IT",2008,"75",75,0.02583,FALSE,"observed"
"IT",2008,"76",76,0.0292,FALSE,"observed"
"IT",2008,"77",77,0.03257,FALSE,"observed"
"IT",2008,"78",78,0.03679,FALSE,"observed"
"IT",2008,"79",79,0.04214,FALSE,"observed"
"IT",2008,"80",80,0.04873,FALSE,"observed"
"IT",2008,"81",81,0.0538,FALSE,"observed"
"IT",2008,"82",82,0.06179,FALSE,"observed"
"IT",2008,"83",83,0.07038,FALSE,"observed"
"IT",2008,"84",84,0.07836,FALSE,"observed"
"IT",2008,"85",85,0.08794,FALSE,"observed"
"IT",2008,"86",86,0.10059,FALSE,"observed"
"IT",2008,"87",87,0.11419,FALSE,"observed"
"IT",2008,"88",88,0.1303,FALSE,"observed"
"IT",2008,"89",89,0.14739,FALSE,"observed"
"IT",2008,"90",90,0.16125,FALSE,"observed"
"IT",2008,"91",91,0.17926,FALSE,"observed"
"IT",2008,"92",92,0.20191,FALSE,"observed"
"IT",2008,"93",93,0.22485,FALSE,"observed"
"IT",2008,"94",94,0.25056,FALSE,"observed"
"IT",2008,"95",95,0.27573,FALSE,"observed"
"IT",2008,"96",96,0.30431,FALSE,"observed"
"IT",2008,"97",97,0.3346,FALSE,"observed"
"IT",2008,"98",98,0.36645,FALSE,"observed"
"IT",2008,"99",99,0.39964,FALSE,"observed"
"IT",2008,"100",100,0.4339,FALSE,"observed"
"IT",2008,"101",101,0.46892,FALSE,"observed"
"IT",2008,"102",102,0.50436,FALSE,"observed"
"IT",2008,"103",103,0.53986,FALSE,"observed"
"IT",2008,"104",104,0.57505,FALSE,"observed"
"IT",2008,"105",105,0.60959,FALSE,"observed"
"IT",2008,"106",106,0.64314,FALSE,"observed"
"IT",2008,"107",107,0.67541,FALSE,"observed"
"IT",2008,"108",108,0.70615,FALSE,"observed"
"IT",2008,"109",109,0.73517,FALSE,"observed"
"IT",2008,"110+",110,0.76234,FALSE,"observed"
"IT",2009,"0",0,0.00344,FALSE,"observed"
"IT",2009,"1",1,0.00023,FALSE,"observed"
"IT",2009,"2",2,0.00014,FALSE,"observed"
"IT",2009,"3",3,9e-05,FALSE,"observed"
"IT",2009,"4",4,0.00011,FALSE,"observed"
"IT",2009,"5",5,8e-05,FALSE,"observed"
"IT",2009,"6",6,8e-05,FALSE,"observed"
"IT",2009,"7",7,0.00011,FALSE,"observed"
"IT",2009,"8",8,7e-05,FALSE,"observed"
"IT",2009,"9",9,9e-05,FALSE,"observed"
"IT",2009,"10",10,7e-05,FALSE,"observed"
"IT",2009,"11",11,0.00011,FALSE,"observed"
"IT",2009,"12",12,0.00011,FALSE,"observed"
"IT",2009,"13",13,1e-04,FALSE,"observed"
"IT",2009,"14",14,0.00015,FALSE,"observed"
"IT",2009,"15",15,0.00018,FALSE,"observed"
"IT",2009,"16",16,0.00028,FALSE,"observed"
"IT",2009,"17",17,0.00027,FALSE,"observed"
"IT",2009,"18",18,0.00034,FALSE,"observed"
"IT",2009,"19",19,0.00037,FALSE,"observed"
"IT",2009,"20",20,0.00043,FALSE,"observed"
"IT",2009,"21",21,0.00037,FALSE,"observed"
"IT",2009,"22",22,0.00046,FALSE,"observed"
"IT",2009,"23",23,0.00039,FALSE,"observed"
"IT",2009,"24",24,0.00039,FALSE,"observed"
"IT",2009,"25",25,0.00041,FALSE,"observed"
"IT",2009,"26",26,0.00041,FALSE,"observed"
"IT",2009,"27",27,0.00041,FALSE,"observed"
"IT",2009,"28",28,0.00038,FALSE,"observed"
"IT",2009,"29",29,0.00043,FALSE,"observed"
"IT",2009,"30",30,0.00043,FALSE,"observed"
"IT",2009,"31",31,0.00048,FALSE,"observed"
"IT",2009,"32",32,0.00045,FALSE,"observed"
"IT",2009,"33",33,0.00046,FALSE,"observed"
"IT",2009,"34",34,0.00051,FALSE,"observed"
"IT",2009,"35",35,0.00059,FALSE,"observed"
"IT",2009,"36",36,0.00057,FALSE,"observed"
"IT",2009,"37",37,0.00063,FALSE,"observed"
"IT",2009,"38",38,0.00068,FALSE,"observed"
"IT",2009,"39",39,0.00073,FALSE,"observed"
"IT",2009,"40",40,0.00084,FALSE,"observed"
"IT",2009,"41",41,0.00097,FALSE,"observed"
"IT",2009,"42",42,0.00102,FALSE,"observed"
"IT",2009,"43",43,0.00116,FALSE,"observed"
"IT",2009,"44",44,0.00123,FALSE,"observed"
"IT",2009,"45",45,0.00146,FALSE,"observed"
"IT",2009,"46",46,0.00152,FALSE,"observed"
"IT",2009,"47",47,0.00166,FALSE,"observed"
"IT",2009,"48",48,0.00186,FALSE,"observed"
"IT",2009,"49",49,0.00217,FALSE,"observed"
"IT",2009,"50",50,0.00234,FALSE,"observed"
"IT",2009,"51",51,0.00254,FALSE,"observed"
"IT",2009,"52",52,0.00278,FALSE,"observed"
"IT",2009,"53",53,0.00298,FALSE,"observed"
"IT",2009,"54",54,0.00338,FALSE,"observed"
"IT",2009,"55",55,0.00357,FALSE,"observed"
"IT",2009,"56",56,0.00401,FALSE,"observed"
"IT",2009,"57",57,0.00444,FALSE,"observed"
"IT",2009,"58",58,0.00462,FALSE,"observed"
"IT",2009,"59",59,0.00532,FALSE,"observed"
"IT",2009,"60",60,0.00565,FALSE,"observed"
"IT",2009,"61",61,0.00641,FALSE,"observed"
"IT",2009,"62",62,0.0069,FALSE,"observed"
"IT",2009,"63",63,0.0078,FALSE,"observed"
"IT",2009,"64",64,0.00879,FALSE,"observed"
"IT",2009,"65",65,0.00926,FALSE,"observed"
"IT",2009,"66",66,0.01008,FALSE,"observed"
"IT",2009,"67",67,0.01098,FALSE,"observed"
"IT",2009,"68",68,0.01199,FALSE,"observed"
"IT",2009,"69",69,0.01322,FALSE,"observed"
"IT",2009,"70",70,0.01435,FALSE,"observed"
"IT",2009,"71",71,0.01639,FALSE,"observed"
"IT",2009,"72",72,0.01807,FALSE,"observed"
"IT",2009,"73",73,0.02038,FALSE,"observed"
"IT",2009,"74",74,0.02281,FALSE,"observed"
"IT",2009,"75",75,0.02552,FALSE,"observed"
"IT",2009,"76",76,0.02826,FALSE,"observed"
"IT",2009,"77",77,0.03268,FALSE,"observed"
"IT",2009,"78",78,0.03637,FALSE,"observed"
"IT",2009,"79",79,0.04107,FALSE,"observed"
"IT",2009,"80",80,0.04649,FALSE,"observed"
"IT",2009,"81",81,0.05352,FALSE,"observed"
"IT",2009,"82",82,0.0607,FALSE,"observed"
"IT",2009,"83",83,0.06867,FALSE,"observed"
"IT",2009,"84",84,0.07787,FALSE,"observed"
"IT",2009,"85",85,0.08852,FALSE,"observed"
"IT",2009,"86",86,0.10006,FALSE,"observed"
"IT",2009,"87",87,0.11282,FALSE,"observed"
"IT",2009,"88",88,0.12701,FALSE,"observed"
"IT",2009,"89",89,0.14582,FALSE,"observed"
"IT",2009,"90",90,0.1612,FALSE,"observed"
"IT",2009,"91",91,0.18294,FALSE,"observed"
"IT",2009,"92",92,0.20193,FALSE,"observed"
"IT",2009,"93",93,0.22436,FALSE,"observed"
"IT",2009,"94",94,0.24245,FALSE,"observed"
"IT",2009,"95",95,0.27443,FALSE,"observed"
"IT",2009,"96",96,0.30308,FALSE,"observed"
"IT",2009,"97",97,0.33347,FALSE,"observed"
"IT",2009,"98",98,0.36543,FALSE,"observed"
"IT",2009,"99",99,0.39874,FALSE,"observed"
"IT",2009,"100",100,0.43314,FALSE,"observed"
"IT",2009,"101",101,0.46831,FALSE,"observed"
"IT",2009,"102",102,0.50391,FALSE,"observed"
"IT",2009,"103",103,0.53958,FALSE,"observed"
"IT",2009,"104",104,0.57493,FALSE,"observed"
"IT",2009,"105",105,0.60962,FALSE,"observed"
"IT",2009,"106",106,0.64331,FALSE,"observed"
"IT",2009,"107",107,0.67571,FALSE,"observed"
"IT",2009,"108",108,0.70656,FALSE,"observed"
"IT",2009,"109",109,0.73568,FALSE,"observed"
"IT",2009,"110+",110,0.76291,FALSE,"observed"
"IT",2010,"0",0,0.00319,FALSE,"observed"
"IT",2010,"1",1,0.00021,FALSE,"observed"
"IT",2010,"2",2,0.00013,FALSE,"observed"
"IT",2010,"3",3,0.00013,FALSE,"observed"
"IT",2010,"4",4,0.00011,FALSE,"observed"
"IT",2010,"5",5,8e-05,FALSE,"observed"
"IT",2010,"6",6,8e-05,FALSE,"observed"
"IT",2010,"7",7,8e-05,FALSE,"observed"
"IT",2010,"8",8,6e-05,FALSE,"observed"
"IT",2010,"9",9,7e-05,FALSE,"observed"
"IT",2010,"10",10,7e-05,FALSE,"observed"
"IT",2010,"11",11,1e-04,FALSE,"observed"
"IT",2010,"12",12,1e-04,FALSE,"observed"
"IT",2010,"13",13,9e-05,FALSE,"observed"
"IT",2010,"14",14,0.00012,FALSE,"observed"
"IT",2010,"15",15,0.00016,FALSE,"observed"
"IT",2010,"16",16,0.00024,FALSE,"observed"
"IT",2010,"17",17,0.00024,FALSE,"observed"
"IT",2010,"18",18,0.00033,FALSE,"observed"
"IT",2010,"19",19,0.00034,FALSE,"observed"
"IT",2010,"20",20,0.00033,FALSE,"observed"
"IT",2010,"21",21,0.00035,FALSE,"observed"
"IT",2010,"22",22,0.00033,FALSE,"observed"
"IT",2010,"23",23,0.00031,FALSE,"observed"
"IT",2010,"24",24,0.00038,FALSE,"observed"
"IT",2010,"25",25,0.00034,FALSE,"observed"
"IT",2010,"26",26,0.00036,FALSE,"observed"
"IT",2010,"27",27,0.00037,FALSE,"observed"
"IT",2010,"28",28,0.00035,FALSE,"observed"
"IT",2010,"29",29,0.00041,FALSE,"observed"
"IT",2010,"30",30,0.00039,FALSE,"observed"
"IT",2010,"31",31,0.00044,FALSE,"observed"
"IT",2010,"32",32,0.00044,FALSE,"observed"
"IT",2010,"33",33,5e-04,FALSE,"observed"
"IT",2010,"34",34,0.00052,FALSE,"observed"
"IT",2010,"35",35,0.00054,FALSE,"observed"
"IT",2010,"36",36,0.00057,FALSE,"observed"
"IT",2010,"37",37,0.00063,FALSE,"observed"
"IT",2010,"38",38,0.00067,FALSE,"observed"
"IT",2010,"39",39,0.00071,FALSE,"observed"
"IT",2010,"40",40,0.00083,FALSE,"observed"
"IT",2010,"41",41,0.00086,FALSE,"observed"
"IT",2010,"42",42,0.00096,FALSE,"observed"
"IT",2010,"43",43,0.00116,FALSE,"observed"
"IT",2010,"44",44,0.00119,FALSE,"observed"
"IT",2010,"45",45,0.00134,FALSE,"observed"
"IT",2010,"46",46,0.00148,FALSE,"observed"
"IT",2010,"47",47,0.00164,FALSE,"observed"
"IT",2010,"48",48,0.00178,FALSE,"observed"
"IT",2010,"49",49,0.00205,FALSE,"observed"
"IT",2010,"50",50,0.00217,FALSE,"observed"
"IT",2010,"51",51,0.00236,FALSE,"observed"
"IT",2010,"52",52,0.00271,FALSE,"observed"
"IT",2010,"53",53,0.00291,FALSE,"observed"
"IT",2010,"54",54,0.00331,FALSE,"observed"
"IT",2010,"55",55,0.00347,FALSE,"observed"
"IT",2010,"56",56,0.004,FALSE,"observed"
"IT",2010,"57",57,0.00414,FALSE,"observed"
"IT",2010,"58",58,0.00458,FALSE,"observed"
"IT",2010,"59",59,0.00501,FALSE,"observed"
"IT",2010,"60",60,0.00562,FALSE,"observed"
"IT",2010,"61",61,0.00601,FALSE,"observed"
"IT",2010,"62",62,0.00665,FALSE,"observed"
"IT",2010,"63",63,0.00741,FALSE,"observed"
"IT",2010,"64",64,0.00821,FALSE,"observed"
"IT",2010,"65",65,0.00887,FALSE,"observed"
"IT",2010,"66",66,0.0101,FALSE,"observed"
"IT",2010,"67",67,0.01069,FALSE,"observed"
"IT",2010,"68",68,0.01159,FALSE,"observed"
"IT",2010,"69",69,0.01248,FALSE,"observed"
"IT",2010,"70",70,0.0142,FALSE,"observed"
"IT",2010,"71",71,0.01552,FALSE,"observed"
"IT",2010,"72",72,0.0174,FALSE,"observed"
"IT",2010,"73",73,0.01903,FALSE,"observed"
"IT",2010,"74",74,0.02205,FALSE,"observed"
"IT",2010,"75",75,0.02445,FALSE,"observed"
"IT",2010,"76",76,0.02764,FALSE,"observed"
"IT",2010,"77",77,0.03068,FALSE,"observed"
"IT",2010,"78",78,0.03493,FALSE,"observed"
"IT",2010,"79",79,0.03975,FALSE,"observed"
"IT",2010,"80",80,0.04575,FALSE,"observed"
"IT",2010,"81",81,0.05197,FALSE,"observed"
"IT",2010,"82",82,0.05911,FALSE,"observed"
"IT",2010,"83",83,0.06675,FALSE,"observed"
"IT",2010,"84",84,0.07545,FALSE,"observed"
"IT",2010,"85",85,0.08544,FALSE,"observed"
"IT",2010,"86",86,0.09708,FALSE,"observed"
"IT",2010,"87",87,0.10844,FALSE,"observed"
"IT",2010,"88",88,0.12557,FALSE,"observed"
"IT",2010,"89",89,0.13903,FALSE,"observed"
"IT",2010,"90",90,0.16078,FALSE,"observed"
"IT",2010,"91",91,0.17986,FALSE,"observed"
"IT",2010,"92",92,0.1979,FALSE,"observed"
"IT",2010,"93",93,0.21667,FALSE,"observed"
"IT",2010,"94",94,0.24275,FALSE,"observed"
"IT",2010,"95",95,0.26949,FALSE,"observed"
"IT",2010,"96",96,0.29796,FALSE,"observed"
"IT",2010,"97",97,0.32821,FALSE,"observed"
"IT",2010,"98",98,0.3601,FALSE,"observed"
"IT",2010,"99",99,0.39339,FALSE,"observed"
"IT",2010,"100",100,0.42783,FALSE,"observed"
"IT",2010,"101",101,0.46311,FALSE,"observed"
"IT",2010,"102",102,0.49887,FALSE,"observed"
"IT",2010,"103",103,0.53475,FALSE,"observed"
"IT",2010,"104",104,0.57037,FALSE,"observed"
"IT",2010,"105",105,0.60537,FALSE,"observed"
"IT",2010,"106",106,0.63939,FALSE,"observed"
"IT",2010,"107",107,0.67214,FALSE,"observed"
"IT",2010,"108",108,0.70336,FALSE,"observed"
"IT",2010,"109",109,0.73284,FALSE,"observed"
"IT",2010,"110+",110,0.76043,FALSE,"observed"
"IT",2011,"0",0,0.00309,FALSE,"observed"
"IT",2011,"1",1,0.00019,FALSE,"observed"
"IT",2011,"2",2,0.00012,FALSE,"observed"
"IT",2011,"3",3,0.00011,FALSE,"observed"
"IT",2011,"4",4,9e-05,FALSE,"observed"
"IT",2011,"5",5,1e-04,FALSE,"observed"
"IT",2011,"6",6,8e-05,FALSE,"observed"
"IT",2011,"7",7,7e-05,FALSE,"observed"
"IT",2011,"8",8,9e-05,FALSE,"observed"
"IT",2011,"9",9,9e-05,FALSE,"observed"
"IT",2011,"10",10,8e-05,FALSE,"observed"
"IT",2011,"11",11,7e-05,FALSE,"observed"
"IT",2011,"12",12,9e-05,FALSE,"observed"
"IT",2011,"13",13,9e-05,FALSE,"observed"
"IT",2011,"14",14,0.00013,FALSE,"observed"
"IT",2011,"15",15,0.00019,FALSE,"observed"
"IT",2011,"16",16,0.00023,FALSE,"observed"
"IT",2011,"17",17,0.00022,FALSE,"observed"
"IT",2011,"18",18,3e-04,FALSE,"observed"
"IT",2011,"19",19,0.00028,FALSE,"observed"
"IT",2011,"20",20,0.00038,FALSE,"observed"
"IT",2011,"21",21,0.00033,FALSE,"observed"
"IT",2011,"22",22,0.00034,FALSE,"observed"
"IT",2011,"23",23,0.00037,FALSE,"observed"
"IT",2011,"24",24,4e-04,FALSE,"observed"
"IT",2011,"25",25,0.00038,FALSE,"observed"
"IT",2011,"26",26,0.00033,FALSE,"observed"
"IT",2011,"27",27,0.00036,FALSE,"observed"
"IT",2011,"28",28,0.00035,FALSE,"observed"
"IT",2011,"29",29,0.00039,FALSE,"observed"
"IT",2011,"30",30,0.00039,FALSE,"observed"
"IT",2011,"31",31,4e-04,FALSE,"observed"
"IT",2011,"32",32,0.00045,FALSE,"observed"
"IT",2011,"33",33,0.00044,FALSE,"observed"
"IT",2011,"34",34,0.00051,FALSE,"observed"
"IT",2011,"35",35,0.00051,FALSE,"observed"
"IT",2011,"36",36,0.00055,FALSE,"observed"
"IT",2011,"37",37,0.00052,FALSE,"observed"
"IT",2011,"38",38,0.00067,FALSE,"observed"
"IT",2011,"39",39,0.00073,FALSE,"observed"
"IT",2011,"40",40,8e-04,FALSE,"observed"
"IT",2011,"41",41,0.00083,FALSE,"observed"
"IT",2011,"42",42,0.00097,FALSE,"observed"
"IT",2011,"43",43,0.00104,FALSE,"observed"
"IT",2011,"44",44,0.00117,FALSE,"observed"
"IT",2011,"45",45,0.00129,FALSE,"observed"
"IT",2011,"46",46,0.00154,FALSE,"observed"
"IT",2011,"47",47,0.00155,FALSE,"observed"
"IT",2011,"48",48,0.00188,FALSE,"observed"
"IT",2011,"49",49,0.00198,FALSE,"observed"
"IT",2011,"50",50,0.00222,FALSE,"observed"
"IT",2011,"51",51,0.0023,FALSE,"observed"
"IT",2011,"52",52,0.00264,FALSE,"observed"
"IT",2011,"53",53,0.00289,FALSE,"observed"
"IT",2011,"54",54,0.00329,FALSE,"observed"
"IT",2011,"55",55,0.0035,FALSE,"observed"
"IT",2011,"56",56,0.00377,FALSE,"observed"
"IT",2011,"57",57,0.00428,FALSE,"observed"
"IT",2011,"58",58,0.0047,FALSE,"observed"
"IT",2011,"59",59,0.00508,FALSE,"observed"
"IT",2011,"60",60,0.00561,FALSE,"observed"
"IT",2011,"61",61,0.00604,FALSE,"observed"
"IT",2011,"62",62,0.00669,FALSE,"observed"
"IT",2011,"63",63,0.00734,FALSE,"observed"
"IT",2011,"64",64,0.00788,FALSE,"observed"
"IT",2011,"65",65,0.00913,FALSE,"observed"
"IT",2011,"66",66,0.00992,FALSE,"observed"
"IT",2011,"67",67,0.01072,FALSE,"observed"
"IT",2011,"68",68,0.01173,FALSE,"observed"
"IT",2011,"69",69,0.01277,FALSE,"observed"
"IT",2011,"70",70,0.01377,FALSE,"observed"
"IT",2011,"71",71,0.01541,FALSE,"observed"
"IT",2011,"72",72,0.0169,FALSE,"observed"
"IT",2011,"73",73,0.01888,FALSE,"observed"
"IT",2011,"74",74,0.02119,FALSE,"observed"
"IT",2011,"75",75,0.02385,FALSE,"observed"
"IT",2011,"76",76,0.02684,FALSE,"observed"
"IT",2011,"77",77,0.03068,FALSE,"observed"
"IT",2011,"78",78,0.03465,FALSE,"observed"
"IT",2011,"79",79,0.03941,FALSE,"observed"
"IT",2011,"80",80,0.04491,FALSE,"observed"
"IT",2011,"81",81,0.05077,FALSE,"observed"
"IT",2011,"82",82,0.05732,FALSE,"observed"
"IT",2011,"83",83,0.06611,FALSE,"observed"
"IT",2011,"84",84,0.07496,FALSE,"observed"
"IT",2011,"85",85,0.08459,FALSE,"observed"
"IT",2011,"86",86,0.09646,FALSE,"observed"
"IT",2011,"87",87,0.10939,FALSE,"observed"
"IT",2011,"88",88,0.1235,FALSE,"observed"
"IT",2011,"89",89,0.13868,FALSE,"observed"
"IT",2011,"90",90,0.1576,FALSE,"observed"
"IT",2011,"91",91,0.1798,FALSE,"observed"
"IT",2011,"92",92,0.19924,FALSE,"observed"
"IT",2011,"93",93,0.2208,FALSE,"observed"
"IT",2011,"94",94,0.24275,FALSE,"observed"
"IT",2011,"95",95,0.27012,FALSE,"observed"
"IT",2011,"96",96,0.29885,FALSE,"observed"
"IT",2011,"97",97,0.32938,FALSE,"observed"
"IT",2011,"98",98,0.36155,FALSE,"observed"
"IT",2011,"99",99,0.39512,FALSE,"observed"
"IT",2011,"100",100,0.42984,FALSE,"observed"
"IT",2011,"101",101,0.46537,FALSE,"observed"
"IT",2011,"102",102,0.50137,FALSE,"observed"
"IT",2011,"103",103,0.53745,FALSE,"observed"
"IT",2011,"104",104,0.57325,FALSE,"observed"
"IT",2011,"105",105,0.60838,FALSE,"observed"
"IT",2011,"106",106,0.6425,FALSE,"observed"
"IT",2011,"107",107,0.6753,FALSE,"observed"
"IT",2011,"108",108,0.70653,FALSE,"observed"
"IT",2011,"109",109,0.73597,FALSE,"observed"
"IT",2011,"110+",110,0.7635,FALSE,"observed"
"IT",2012,"0",0,0.00299,FALSE,"observed"
"IT",2012,"1",1,0.00022,FALSE,"observed"
"IT",2012,"2",2,0.00014,FALSE,"observed"
"IT",2012,"3",3,8e-05,FALSE,"observed"
"IT",2012,"4",4,9e-05,FALSE,"observed"
"IT",2012,"5",5,9e-05,FALSE,"observed"
"IT",2012,"6",6,7e-05,FALSE,"observed"
"IT",2012,"7",7,7e-05,FALSE,"observed"
"IT",2012,"8",8,6e-05,FALSE,"observed"
"IT",2012,"9",9,6e-05,FALSE,"observed"
"IT",2012,"10",10,8e-05,FALSE,"observed"
"IT",2012,"11",11,6e-05,FALSE,"observed"
"IT",2012,"12",12,1e-04,FALSE,"observed"
"IT",2012,"13",13,1e-04,FALSE,"observed"
"IT",2012,"14",14,1e-04,FALSE,"observed"
"IT",2012,"15",15,0.00014,FALSE,"observed"
"IT",2012,"16",16,0.00018,FALSE,"observed"
"IT",2012,"17",17,2e-04,FALSE,"observed"
"IT",2012,"18",18,0.00029,FALSE,"observed"
"IT",2012,"19",19,0.00028,FALSE,"observed"
"IT",2012,"20",20,0.00027,FALSE,"observed"
"IT",2012,"21",21,0.00032,FALSE,"observed"
"IT",2012,"22",22,0.00034,FALSE,"observed"
"IT",2012,"23",23,0.00032,FALSE,"observed"
"IT",2012,"24",24,0.00033,FALSE,"observed"
"IT",2012,"25",25,0.00039,FALSE,"observed"
"IT",2012,"26",26,0.00034,FALSE,"observed"
"IT",2012,"27",27,0.00031,FALSE,"observed"
"IT",2012,"28",28,0.00038,FALSE,"observed"
"IT",2012,"29",29,0.00034,FALSE,"observed"
"IT",2012,"30",30,4e-04,FALSE,"observed"
"IT",2012,"31",31,0.00038,FALSE,"observed"
"IT",2012,"32",32,0.00045,FALSE,"observed"
"IT",2012,"33",33,0.00041,FALSE,"observed"
"IT",2012,"34",34,0.00048,FALSE,"observed"
"IT",2012,"35",35,0.00055,FALSE,"observed"
"IT",2012,"36",36,0.00055,FALSE,"observed"
"IT",2012,"37",37,0.00054,FALSE,"observed"
"IT",2012,"38",38,7e-04,FALSE,"observed"
"IT",2012,"39",39,0.00072,FALSE,"observed"
"IT",2012,"40",40,8e-04,FALSE,"observed"
"IT",2012,"41",41,0.00081,FALSE,"observed"
"IT",2012,"42",42,0.00101,FALSE,"observed"
"IT",2012,"43",43,0.00105,FALSE,"observed"
"IT",2012,"44",44,0.00112,FALSE,"observed"
"IT",2012,"45",45,0.00132,FALSE,"observed"
"IT",2012,"46",46,0.00145,FALSE,"observed"
"IT",2012,"47",47,0.00157,FALSE,"observed"
"IT",2012,"48",48,0.00176,FALSE,"observed"
"IT",2012,"49",49,0.002,FALSE,"observed"
"IT",2012,"50",50,0.0022,FALSE,"observed"
"IT",2012,"51",51,0.00233,FALSE,"observed"
"IT",2012,"52",52,0.00261,FALSE,"observed"
"IT",2012,"53",53,0.00285,FALSE,"observed"
"IT",2012,"54",54,0.00318,FALSE,"observed"
"IT",2012,"55",55,0.0034,FALSE,"observed"
"IT",2012,"56",56,0.00388,FALSE,"observed"
"IT",2012,"57",57,0.0041,FALSE,"observed"
"IT",2012,"58",58,0.00455,FALSE,"observed"
"IT",2012,"59",59,0.00502,FALSE,"observed"
"IT",2012,"60",60,0.0055,FALSE,"observed"
"IT",2012,"61",61,0.00603,FALSE,"observed"
"IT",2012,"62",62,0.00675,FALSE,"observed"
"IT",2012,"63",63,0.00723,FALSE,"observed"
"IT",2012,"64",64,0.0079,FALSE,"observed"
"IT",2012,"65",65,0.0088,FALSE,"observed"
"IT",2012,"66",66,0.00997,FALSE,"observed"
"IT",2012,"67",67,0.01074,FALSE,"observed"
"IT",2012,"68",68,0.01172,FALSE,"observed"
"IT",2012,"69",69,0.01268,FALSE,"observed"
"IT",2012,"70",70,0.01392,FALSE,"observed"
"IT",2012,"71",71,0.01513,FALSE,"observed"
"IT",2012,"72",72,0.01683,FALSE,"observed"
"IT",2012,"73",73,0.01893,FALSE,"observed"
"IT",2012,"74",74,0.02113,FALSE,"observed"
"IT",2012,"75",75,0.02386,FALSE,"observed"
"IT",2012,"76",76,0.02706,FALSE,"observed"
"IT",2012,"77",77,0.03015,FALSE,"observed"
"IT",2012,"78",78,0.03417,FALSE,"observed"
"IT",2012,"79",79,0.03951,FALSE,"observed"
"IT",2012,"80",80,0.04503,FALSE,"observed"
"IT",2012,"81",81,0.0514,FALSE,"observed"
"IT",2012,"82",82,0.05894,FALSE,"observed"
"IT",2012,"83",83,0.06625,FALSE,"observed"
"IT",2012,"84",84,0.07603,FALSE,"observed"
"IT",2012,"85",85,0.08572,FALSE,"observed"
"IT",2012,"86",86,0.0982,FALSE,"observed"
"IT",2012,"87",87,0.11175,FALSE,"observed"
"IT",2012,"88",88,0.12658,FALSE,"observed"
"IT",2012,"89",89,0.14239,FALSE,"observed"
"IT",2012,"90",90,0.15932,FALSE,"observed"
"IT",2012,"91",91,0.18164,FALSE,"observed"
"IT",2012,"92",92,0.20437,FALSE,"observed"
"IT",2012,"93",93,0.22503,FALSE,"observed"
"IT",2012,"94",94,0.25047,FALSE,"observed"
"IT",2012,"95",95,0.27916,FALSE,"observed"
"IT",2012,"96",96,0.30911,FALSE,"observed"
"IT",2012,"97",97,0.34089,FALSE,"observed"
"IT",2012,"98",98,0.37431,FALSE,"observed"
"IT",2012,"99",99,0.4091,FALSE,"observed"
"IT",2012,"100",100,0.44495,FALSE,"observed"
"IT",2012,"101",101,0.48151,FALSE,"observed"
"IT",2012,"102",102,0.51839,FALSE,"observed"
"IT",2012,"103",103,0.55518,FALSE,"observed"
"IT",2012,"104",104,0.59147,FALSE,"observed"
"IT",2012,"105",105,0.62688,FALSE,"observed"
"IT",2012,"106",106,0.66106,FALSE,"observed"
"IT",2012,"107",107,0.6937,FALSE,"observed"
"IT",2012,"108",108,0.72457,FALSE,"observed"
"IT",2012,"109",109,0.75349,FALSE,"observed"
"IT",2012,"110+",110,0.78033,FALSE,"observed"
"IT",2013,"0",0,0.00292,FALSE,"observed"
"IT",2013,"1",1,2e-04,FALSE,"observed"
"IT",2013,"2",2,0.00015,FALSE,"observed"
"IT",2013,"3",3,1e-04,FALSE,"observed"
"IT",2013,"4",4,8e-05,FALSE,"observed"
"IT",2013,"5",5,6e-05,FALSE,"observed"
"IT",2013,"6",6,6e-05,FALSE,"observed"
"IT",2013,"7",7,9e-05,FALSE,"observed"
"IT",2013,"8",8,6e-05,FALSE,"observed"
"IT",2013,"9",9,8e-05,FALSE,"observed"
"IT",2013,"10",10,7e-05,FALSE,"observed"
"IT",2013,"11",11,7e-05,FALSE,"observed"
"IT",2013,"12",12,5e-05,FALSE,"observed"
"IT",2013,"13",13,1e-04,FALSE,"observed"
"IT",2013,"14",14,0.00012,FALSE,"observed"
"IT",2013,"15",15,0.00015,FALSE,"observed"
"IT",2013,"16",16,0.00017,FALSE,"observed"
"IT",2013,"17",17,0.00022,FALSE,"observed"
"IT",2013,"18",18,0.00024,FALSE,"observed"
"IT",2013,"19",19,0.00026,FALSE,"observed"
"IT",2013,"20",20,3e-04,FALSE,"observed"
"IT",2013,"21",21,0.00027,FALSE,"observed"
"IT",2013,"22",22,0.00025,FALSE,"observed"
"IT",2013,"23",23,0.00032,FALSE,"observed"
"IT",2013,"24",24,0.00032,FALSE,"observed"
"IT",2013,"25",25,0.00034,FALSE,"observed"
"IT",2013,"26",26,0.00035,FALSE,"observed"
"IT",2013,"27",27,0.00034,FALSE,"observed"
"IT",2013,"28",28,0.00033,FALSE,"observed"
"IT",2013,"29",29,0.00032,FALSE,"observed"
"IT",2013,"30",30,0.00038,FALSE,"observed"
"IT",2013,"31",31,0.00039,FALSE,"observed"
"IT",2013,"32",32,0.00042,FALSE,"observed"
"IT",2013,"33",33,0.00042,FALSE,"observed"
"IT",2013,"34",34,0.00046,FALSE,"observed"
"IT",2013,"35",35,0.00048,FALSE,"observed"
"IT",2013,"36",36,0.00055,FALSE,"observed"
"IT",2013,"37",37,0.00058,FALSE,"observed"
"IT",2013,"38",38,0.00061,FALSE,"observed"
"IT",2013,"39",39,0.00066,FALSE,"observed"
"IT",2013,"40",40,0.00075,FALSE,"observed"
"IT",2013,"41",41,8e-04,FALSE,"observed"
"IT",2013,"42",42,0.00092,FALSE,"observed"
"IT",2013,"43",43,0.00101,FALSE,"observed"
"IT",2013,"44",44,0.00116,FALSE,"observed"
"IT",2013,"45",45,0.00125,FALSE,"observed"
"IT",2013,"46",46,0.00134,FALSE,"observed"
"IT",2013,"47",47,0.00147,FALSE,"observed"
"IT",2013,"48",48,0.00166,FALSE,"observed"
"IT",2013,"49",49,0.00194,FALSE,"observed"
"IT",2013,"50",50,0.00212,FALSE,"observed"
"IT",2013,"51",51,0.00228,FALSE,"observed"
"IT",2013,"52",52,0.00267,FALSE,"observed"
"IT",2013,"53",53,0.00277,FALSE,"observed"
"IT",2013,"54",54,0.00295,FALSE,"observed"
"IT",2013,"55",55,0.00347,FALSE,"observed"
"IT",2013,"56",56,0.00364,FALSE,"observed"
"IT",2013,"57",57,0.00418,FALSE,"observed"
"IT",2013,"58",58,0.00443,FALSE,"observed"
"IT",2013,"59",59,0.00466,FALSE,"observed"
"IT",2013,"60",60,0.00527,FALSE,"observed"
"IT",2013,"61",61,0.00584,FALSE,"observed"
"IT",2013,"62",62,0.00653,FALSE,"observed"
"IT",2013,"63",63,0.00701,FALSE,"observed"
"IT",2013,"64",64,0.00767,FALSE,"observed"
"IT",2013,"65",65,0.00854,FALSE,"observed"
"IT",2013,"66",66,0.00941,FALSE,"observed"
"IT",2013,"67",67,0.01054,FALSE,"observed"
"IT",2013,"68",68,0.01124,FALSE,"observed"
"IT",2013,"69",69,0.01237,FALSE,"observed"
"IT",2013,"70",70,0.01405,FALSE,"observed"
"IT",2013,"71",71,0.01488,FALSE,"observed"
"IT",2013,"72",72,0.01644,FALSE,"observed"
"IT",2013,"73",73,0.01802,FALSE,"observed"
"IT",2013,"74",74,0.01988,FALSE,"observed"
"IT",2013,"75",75,0.02272,FALSE,"observed"
"IT",2013,"76",76,0.02527,FALSE,"observed"
"IT",2013,"77",77,0.02909,FALSE,"observed"
"IT",2013,"78",78,0.0324,FALSE,"observed"
"IT",2013,"79",79,0.03767,FALSE,"observed"
"IT",2013,"80",80,0.04344,FALSE,"observed"
"IT",2013,"81",81,0.0491,FALSE,"observed"
"IT",2013,"82",82,0.05568,FALSE,"observed"
"IT",2013,"83",83,0.0631,FALSE,"observed"
"IT",2013,"84",84,0.07113,FALSE,"observed"
"IT",2013,"85",85,0.08169,FALSE,"observed"
"IT",2013,"86",86,0.09314,FALSE,"observed"
"IT",2013,"87",87,0.10612,FALSE,"observed"
"IT",2013,"88",88,0.11916,FALSE,"observed"
"IT",2013,"89",89,0.13493,FALSE,"observed"
"IT",2013,"90",90,0.15174,FALSE,"observed"
"IT",2013,"91",91,0.17247,FALSE,"observed"
"IT",2013,"92",92,0.19131,FALSE,"observed"
"IT",2013,"93",93,0.21551,FALSE,"observed"
"IT",2013,"94",94,0.2421,FALSE,"observed"
"IT",2013,"95",95,0.26425,FALSE,"observed"
"IT",2013,"96",96,0.29277,FALSE,"observed"
"IT",2013,"97",97,0.32314,FALSE,"observed"
"IT",2013,"98",98,0.3552,FALSE,"observed"
"IT",2013,"99",99,0.38874,FALSE,"observed"
"IT",2013,"100",100,0.42349,FALSE,"observed"
"IT",2013,"101",101,0.45914,FALSE,"observed"
"IT",2013,"102",102,0.49533,FALSE,"observed"
"IT",2013,"103",103,0.53168,FALSE,"observed"
"IT",2013,"104",104,0.5678,FALSE,"observed"
"IT",2013,"105",105,0.6033,FALSE,"observed"
"IT",2013,"106",106,0.63783,FALSE,"observed"
"IT",2013,"107",107,0.67107,FALSE,"observed"
"IT",2013,"108",108,0.70274,FALSE,"observed"
"IT",2013,"109",109,0.73264,FALSE,"observed"
"IT",2013,"110+",110,0.76059,FALSE,"observed"
"IT",2014,"0",0,0.00275,FALSE,"observed"
"IT",2014,"1",1,0.00016,FALSE,"observed"
"IT",2014,"2",2,0.00013,FALSE,"observed"
"IT",2014,"3",3,0.00012,FALSE,"observed"
"IT",2014,"4",4,9e-05,FALSE,"observed"
"IT",2014,"5",5,7e-05,FALSE,"observed"
"IT",2014,"6",6,9e-05,FALSE,"observed"
"IT",2014,"7",7,6e-05,FALSE,"observed"
"IT",2014,"8",8,6e-05,FALSE,"observed"
"IT",2014,"9",9,6e-05,FALSE,"observed"
"IT",2014,"10",10,4e-05,FALSE,"observed"
"IT",2014,"11",11,7e-05,FALSE,"observed"
"IT",2014,"12",12,7e-05,FALSE,"observed"
"IT",2014,"13",13,9e-05,FALSE,"observed"
"IT",2014,"14",14,0.00013,FALSE,"observed"
"IT",2014,"15",15,0.00014,FALSE,"observed"
"IT",2014,"16",16,0.00016,FALSE,"observed"
"IT",2014,"17",17,2e-04,FALSE,"observed"
"IT",2014,"18",18,0.00026,FALSE,"observed"
"IT",2014,"19",19,0.00024,FALSE,"observed"
"IT",2014,"20",20,0.00024,FALSE,"observed"
"IT",2014,"21",21,0.00026,FALSE,"observed"
"IT",2014,"22",22,0.00031,FALSE,"observed"
"IT",2014,"23",23,0.00027,FALSE,"observed"
"IT",2014,"24",24,0.00029,FALSE,"observed"
"IT",2014,"25",25,0.00032,FALSE,"observed"
"IT",2014,"26",26,0.00032,FALSE,"observed"
"IT",2014,"27",27,0.00031,FALSE,"observed"
"IT",2014,"28",28,0.00032,FALSE,"observed"
"IT",2014,"29",29,0.00033,FALSE,"observed"
"IT",2014,"30",30,0.00037,FALSE,"observed"
"IT",2014,"31",31,0.00034,FALSE,"observed"
"IT",2014,"32",32,0.00037,FALSE,"observed"
"IT",2014,"33",33,0.00041,FALSE,"observed"
"IT",2014,"34",34,0.00043,FALSE,"observed"
"IT",2014,"35",35,5e-04,FALSE,"observed"
"IT",2014,"36",36,0.00052,FALSE,"observed"
"IT",2014,"37",37,0.00059,FALSE,"observed"
"IT",2014,"38",38,0.00063,FALSE,"observed"
"IT",2014,"39",39,0.00066,FALSE,"observed"
"IT",2014,"40",40,0.00069,FALSE,"observed"
"IT",2014,"41",41,8e-04,FALSE,"observed"
"IT",2014,"42",42,0.00086,FALSE,"observed"
"IT",2014,"43",43,0.001,FALSE,"observed"
"IT",2014,"44",44,0.00108,FALSE,"observed"
"IT",2014,"45",45,0.00114,FALSE,"observed"
"IT",2014,"46",46,0.00132,FALSE,"observed"
"IT",2014,"47",47,0.00145,FALSE,"observed"
"IT",2014,"48",48,0.00164,FALSE,"observed"
"IT",2014,"49",49,0.00186,FALSE,"observed"
"IT",2014,"50",50,0.00208,FALSE,"observed"
"IT",2014,"51",51,0.00222,FALSE,"observed"
"IT",2014,"52",52,0.00248,FALSE,"observed"
"IT",2014,"53",53,0.00272,FALSE,"observed"
"IT",2014,"54",54,0.00306,FALSE,"observed"
"IT",2014,"55",55,0.00323,FALSE,"observed"
"IT",2014,"56",56,0.00353,FALSE,"observed"
"IT",2014,"57",57,0.00394,FALSE,"observed"
"IT",2014,"58",58,0.00439,FALSE,"observed"
"IT",2014,"59",59,0.00478,FALSE,"observed"
"IT",2014,"60",60,0.00523,FALSE,"observed"
"IT",2014,"61",61,0.0058,FALSE,"observed"
"IT",2014,"62",62,0.00637,FALSE,"observed"
"IT",2014,"63",63,0.00706,FALSE,"observed"
"IT",2014,"64",64,0.00753,FALSE,"observed"
"IT",2014,"65",65,0.00828,FALSE,"observed"
"IT",2014,"66",66,0.00935,FALSE,"observed"
"IT",2014,"67",67,0.01022,FALSE,"observed"
"IT",2014,"68",68,0.01119,FALSE,"observed"
"IT",2014,"69",69,0.01239,FALSE,"observed"
"IT",2014,"70",70,0.0135,FALSE,"observed"
"IT",2014,"71",71,0.01487,FALSE,"observed"
"IT",2014,"72",72,0.01619,FALSE,"observed"
"IT",2014,"73",73,0.0177,FALSE,"observed"
"IT",2014,"74",74,0.01969,FALSE,"observed"
"IT",2014,"75",75,0.02173,FALSE,"observed"
"IT",2014,"76",76,0.0249,FALSE,"observed"
"IT",2014,"77",77,0.02769,FALSE,"observed"
"IT",2014,"78",78,0.03176,FALSE,"observed"
"IT",2014,"79",79,0.03641,FALSE,"observed"
"IT",2014,"80",80,0.04131,FALSE,"observed"
"IT",2014,"81",81,0.04717,FALSE,"observed"
"IT",2014,"82",82,0.05422,FALSE,"observed"
"IT",2014,"83",83,0.06105,FALSE,"observed"
"IT",2014,"84",84,0.07109,FALSE,"observed"
"IT",2014,"85",85,0.07887,FALSE,"observed"
"IT",2014,"86",86,0.09,FALSE,"observed"
"IT",2014,"87",87,0.10195,FALSE,"observed"
"IT",2014,"88",88,0.11719,FALSE,"observed"
"IT",2014,"89",89,0.13291,FALSE,"observed"
"IT",2014,"90",90,0.14962,FALSE,"observed"
"IT",2014,"91",91,0.16859,FALSE,"observed"
"IT",2014,"92",92,0.18734,FALSE,"observed"
"IT",2014,"93",93,0.20921,FALSE,"observed"
"IT",2014,"94",94,0.23164,FALSE,"observed"
"IT",2014,"95",95,0.25774,FALSE,"observed"
"IT",2014,"96",96,0.28567,FALSE,"observed"
"IT",2014,"97",97,0.31546,FALSE,"observed"
"IT",2014,"98",98,0.34696,FALSE,"observed"
"IT",2014,"99",99,0.37998,FALSE,"observed"
"IT",2014,"100",100,0.41426,FALSE,"observed"
"IT",2014,"101",101,0.44952,FALSE,"observed"
"IT",2014,"102",102,0.4854,FALSE,"observed"
"IT",2014,"103",103,0.52155,FALSE,"observed"
"IT",2014,"104",104,0.55758,FALSE,"observed"
"IT",2014,"105",105,0.5931,FALSE,"observed"
"IT",2014,"106",106,0.62776,FALSE,"observed"
"IT",2014,"107",107,0.66124,FALSE,"observed"
"IT",2014,"108",108,0.69324,FALSE,"observed"
"IT",2014,"109",109,0.72354,FALSE,"observed"
"IT",2014,"110+",110,0.75196,FALSE,"observed"
"IT",2015,"0",0,0.00286,FALSE,"observed"
"IT",2015,"1",1,0.00019,FALSE,"observed"
"IT",2015,"2",2,0.00012,FALSE,"observed"
"IT",2015,"3",3,1e-04,FALSE,"observed"
"IT",2015,"4",4,9e-05,FALSE,"observed"
"IT",2015,"5",5,6e-05,FALSE,"observed"
"IT",2015,"6",6,6e-05,FALSE,"observed"
"IT",2015,"7",7,5e-05,FALSE,"observed"
"IT",2015,"8",8,6e-05,FALSE,"observed"
"IT",2015,"9",9,7e-05,FALSE,"observed"
"IT",2015,"10",10,5e-05,FALSE,"observed"
"IT",2015,"11",11,7e-05,FALSE,"observed"
"IT",2015,"12",12,7e-05,FALSE,"observed"
"IT",2015,"13",13,9e-05,FALSE,"observed"
"IT",2015,"14",14,0.00011,FALSE,"observed"
"IT",2015,"15",15,0.00015,FALSE,"observed"
"IT",2015,"16",16,0.00018,FALSE,"observed"
"IT",2015,"17",17,0.00023,FALSE,"observed"
"IT",2015,"18",18,0.00025,FALSE,"observed"
"IT",2015,"19",19,0.00028,FALSE,"observed"
"IT",2015,"20",20,0.00026,FALSE,"observed"
"IT",2015,"21",21,0.00031,FALSE,"observed"
"IT",2015,"22",22,0.00029,FALSE,"observed"
"IT",2015,"23",23,0.00027,FALSE,"observed"
"IT",2015,"24",24,3e-04,FALSE,"observed"
"IT",2015,"25",25,0.00032,FALSE,"observed"
"IT",2015,"26",26,0.00034,FALSE,"observed"
"IT",2015,"27",27,0.00032,FALSE,"observed"
"IT",2015,"28",28,0.00031,FALSE,"observed"
"IT",2015,"29",29,3e-04,FALSE,"observed"
"IT",2015,"30",30,0.00035,FALSE,"observed"
"IT",2015,"31",31,0.00042,FALSE,"observed"
"IT",2015,"32",32,0.00039,FALSE,"observed"
"IT",2015,"33",33,4e-04,FALSE,"observed"
"IT",2015,"34",34,0.00048,FALSE,"observed"
"IT",2015,"35",35,0.00046,FALSE,"observed"
"IT",2015,"36",36,0.00053,FALSE,"observed"
"IT",2015,"37",37,0.00053,FALSE,"observed"
"IT",2015,"38",38,0.00059,FALSE,"observed"
"IT",2015,"39",39,0.00071,FALSE,"observed"
"IT",2015,"40",40,0.00075,FALSE,"observed"
"IT",2015,"41",41,8e-04,FALSE,"observed"
"IT",2015,"42",42,0.00088,FALSE,"observed"
"IT",2015,"43",43,0.00101,FALSE,"observed"
"IT",2015,"44",44,0.00105,FALSE,"observed"
"IT",2015,"45",45,0.00127,FALSE,"observed"
"IT",2015,"46",46,0.00139,FALSE,"observed"
"IT",2015,"47",47,0.00157,FALSE,"observed"
"IT",2015,"48",48,0.00167,FALSE,"observed"
"IT",2015,"49",49,0.00186,FALSE,"observed"
"IT",2015,"50",50,0.00209,FALSE,"observed"
"IT",2015,"51",51,0.00234,FALSE,"observed"
"IT",2015,"52",52,0.00253,FALSE,"observed"
"IT",2015,"53",53,0.00278,FALSE,"observed"
"IT",2015,"54",54,0.00303,FALSE,"observed"
"IT",2015,"55",55,0.00336,FALSE,"observed"
"IT",2015,"56",56,0.00363,FALSE,"observed"
"IT",2015,"57",57,0.00419,FALSE,"observed"
"IT",2015,"58",58,0.00428,FALSE,"observed"
"IT",2015,"59",59,0.00487,FALSE,"observed"
"IT",2015,"60",60,0.00546,FALSE,"observed"
"IT",2015,"61",61,0.00589,FALSE,"observed"
"IT",2015,"62",62,0.00641,FALSE,"observed"
"IT",2015,"63",63,0.00718,FALSE,"observed"
"IT",2015,"64",64,0.00788,FALSE,"observed"
"IT",2015,"65",65,0.00839,FALSE,"observed"
"IT",2015,"66",66,0.00934,FALSE,"observed"
"IT",2015,"67",67,0.01023,FALSE,"observed"
"IT",2015,"68",68,0.01124,FALSE,"observed"
"IT",2015,"69",69,0.01252,FALSE,"observed"
"IT",2015,"70",70,0.01369,FALSE,"observed"
"IT",2015,"71",71,0.01518,FALSE,"observed"
"IT",2015,"72",72,0.01696,FALSE,"observed"
"IT",2015,"73",73,0.01869,FALSE,"observed"
"IT",2015,"74",74,0.02042,FALSE,"observed"
"IT",2015,"75",75,0.02275,FALSE,"observed"
"IT",2015,"76",76,0.02569,FALSE,"observed"
"IT",2015,"77",77,0.02875,FALSE,"observed"
"IT",2015,"78",78,0.03306,FALSE,"observed"
"IT",2015,"79",79,0.03755,FALSE,"observed"
"IT",2015,"80",80,0.04309,FALSE,"observed"
"IT",2015,"81",81,0.04867,FALSE,"observed"
"IT",2015,"82",82,0.05711,FALSE,"observed"
"IT",2015,"83",83,0.06527,FALSE,"observed"
"IT",2015,"84",84,0.07476,FALSE,"observed"
"IT",2015,"85",85,0.08506,FALSE,"observed"
"IT",2015,"86",86,0.09482,FALSE,"observed"
"IT",2015,"87",87,0.11056,FALSE,"observed"
"IT",2015,"88",88,0.12517,FALSE,"observed"
"IT",2015,"89",89,0.14286,FALSE,"observed"
"IT",2015,"90",90,0.16317,FALSE,"observed"
"IT",2015,"91",91,0.18219,FALSE,"observed"
"IT",2015,"92",92,0.20248,FALSE,"observed"
"IT",2015,"93",93,0.22782,FALSE,"observed"
"IT",2015,"94",94,0.25251,FALSE,"observed"
"IT",2015,"95",95,0.28368,FALSE,"observed"
"IT",2015,"96",96,0.31461,FALSE,"observed"
"IT",2015,"97",97,0.34738,FALSE,"observed"
"IT",2015,"98",98,0.38178,FALSE,"observed"
"IT",2015,"99",99,0.41752,FALSE,"observed"
"IT",2015,"100",100,0.45428,FALSE,"observed"
"IT",2015,"101",101,0.49166,FALSE,"observed"
"IT",2015,"102",102,0.52925,FALSE,"observed"
"IT",2015,"103",103,0.56661,FALSE,"observed"
"IT",2015,"104",104,0.60333,FALSE,"observed"
"IT",2015,"105",105,0.63901,FALSE,"observed"
"IT",2015,"106",106,0.67329,FALSE,"observed"
"IT",2015,"107",107,0.70589,FALSE,"observed"
"IT",2015,"108",108,0.73656,FALSE,"observed"
"IT",2015,"109",109,0.76515,FALSE,"observed"
"IT",2015,"110+",110,0.79155,FALSE,"observed"
"IT",2016,"0",0,0.00282,FALSE,"observed"
"IT",2016,"1",1,0.00017,FALSE,"observed"
"IT",2016,"2",2,8e-05,FALSE,"observed"
"IT",2016,"3",3,9e-05,FALSE,"observed"
"IT",2016,"4",4,6e-05,FALSE,"observed"
"IT",2016,"5",5,7e-05,FALSE,"observed"
"IT",2016,"6",6,9e-05,FALSE,"observed"
"IT",2016,"7",7,6e-05,FALSE,"observed"
"IT",2016,"8",8,8e-05,FALSE,"observed"
"IT",2016,"9",9,8e-05,FALSE,"observed"
"IT",2016,"10",10,1e-04,FALSE,"observed"
"IT",2016,"11",11,6e-05,FALSE,"observed"
"IT",2016,"12",12,8e-05,FALSE,"observed"
"IT",2016,"13",13,0.00012,FALSE,"observed"
"IT",2016,"14",14,0.00011,FALSE,"observed"
"IT",2016,"15",15,0.00011,FALSE,"observed"
"IT",2016,"16",16,0.00017,FALSE,"observed"
"IT",2016,"17",17,2e-04,FALSE,"observed"
"IT",2016,"18",18,0.00023,FALSE,"observed"
"IT",2016,"19",19,0.00022,FALSE,"observed"
"IT",2016,"20",20,0.00026,FALSE,"observed"
"IT",2016,"21",21,0.00029,FALSE,"observed"
"IT",2016,"22",22,0.00029,FALSE,"observed"
"IT",2016,"23",23,0.00028,FALSE,"observed"
"IT",2016,"24",24,0.00028,FALSE,"observed"
"IT",2016,"25",25,3e-04,FALSE,"observed"
"IT",2016,"26",26,3e-04,FALSE,"observed"
"IT",2016,"27",27,3e-04,FALSE,"observed"
"IT",2016,"28",28,0.00032,FALSE,"observed"
"IT",2016,"29",29,0.00032,FALSE,"observed"
"IT",2016,"30",30,0.00035,FALSE,"observed"
"IT",2016,"31",31,0.00032,FALSE,"observed"
"IT",2016,"32",32,0.00038,FALSE,"observed"
"IT",2016,"33",33,0.00042,FALSE,"observed"
"IT",2016,"34",34,0.00048,FALSE,"observed"
"IT",2016,"35",35,0.00044,FALSE,"observed"
"IT",2016,"36",36,0.00055,FALSE,"observed"
"IT",2016,"37",37,0.00056,FALSE,"observed"
"IT",2016,"38",38,0.00058,FALSE,"observed"
"IT",2016,"39",39,0.00065,FALSE,"observed"
"IT",2016,"40",40,0.00072,FALSE,"observed"
"IT",2016,"41",41,0.00077,FALSE,"observed"
"IT",2016,"42",42,0.00086,FALSE,"observed"
"IT",2016,"43",43,0.00094,FALSE,"observed"
"IT",2016,"44",44,0.0011,FALSE,"observed"
"IT",2016,"45",45,0.00119,FALSE,"observed"
"IT",2016,"46",46,0.00129,FALSE,"observed"
"IT",2016,"47",47,0.00148,FALSE,"observed"
"IT",2016,"48",48,0.00157,FALSE,"observed"
"IT",2016,"49",49,0.0017,FALSE,"observed"
"IT",2016,"50",50,0.00197,FALSE,"observed"
"IT",2016,"51",51,0.00216,FALSE,"observed"
"IT",2016,"52",52,0.00245,FALSE,"observed"
"IT",2016,"53",53,0.00256,FALSE,"observed"
"IT",2016,"54",54,0.00307,FALSE,"observed"
"IT",2016,"55",55,0.00304,FALSE,"observed"
"IT",2016,"56",56,0.00363,FALSE,"observed"
"IT",2016,"57",57,0.00398,FALSE,"observed"
"IT",2016,"58",58,0.0044,FALSE,"observed"
"IT",2016,"59",59,0.00464,FALSE,"observed"
"IT",2016,"60",60,0.00511,FALSE,"observed"
"IT",2016,"61",61,0.00559,FALSE,"observed"
"IT",2016,"62",62,0.00613,FALSE,"observed"
"IT",2016,"63",63,0.00669,FALSE,"observed"
"IT",2016,"64",64,0.00722,FALSE,"observed"
"IT",2016,"65",65,0.00823,FALSE,"observed"
"IT",2016,"66",66,0.00914,FALSE,"observed"
"IT",2016,"67",67,0.00989,FALSE,"observed"
"IT",2016,"68",68,0.01085,FALSE,"observed"
"IT",2016,"69",69,0.01169,FALSE,"observed"
"IT",2016,"70",70,0.01297,FALSE,"observed"
"IT",2016,"71",71,0.01464,FALSE,"observed"
"IT",2016,"72",72,0.01619,FALSE,"observed"
"IT",2016,"73",73,0.01805,FALSE,"observed"
"IT",2016,"74",74,0.01996,FALSE,"observed"
"IT",2016,"75",75,0.02171,FALSE,"observed"
"IT",2016,"76",76,0.0244,FALSE,"observed"
"IT",2016,"77",77,0.02711,FALSE,"observed"
"IT",2016,"78",78,0.03049,FALSE,"observed"
"IT",2016,"79",79,0.03472,FALSE,"observed"
"IT",2016,"80",80,0.04034,FALSE,"observed"
"IT",2016,"81",81,0.04513,FALSE,"observed"
"IT",2016,"82",82,0.05267,FALSE,"observed"
"IT",2016,"83",83,0.06037,FALSE,"observed"
"IT",2016,"84",84,0.06894,FALSE,"observed"
"IT",2016,"85",85,0.0796,FALSE,"observed"
"IT",2016,"86",86,0.09003,FALSE,"observed"
"IT",2016,"87",87,0.10085,FALSE,"observed"
"IT",2016,"88",88,0.11526,FALSE,"observed"
"IT",2016,"89",89,0.13433,FALSE,"observed"
"IT",2016,"90",90,0.14822,FALSE,"observed"
"IT",2016,"91",91,0.16794,FALSE,"observed"
"IT",2016,"92",92,0.1895,FALSE,"observed"
"IT",2016,"93",93,0.21262,FALSE,"observed"
"IT",2016,"94",94,0.23452,FALSE,"observed"
"IT",2016,"95",95,0.26239,FALSE,"observed"
"IT",2016,"96",96,0.2913,FALSE,"observed"
"IT",2016,"97",97,0.32212,FALSE,"observed"
"IT",2016,"98",98,0.35467,FALSE,"observed"
"IT",2016,"99",99,0.38875,FALSE,"observed"
"IT",2016,"100",100,0.42406,FALSE,"observed"
"IT",2016,"101",101,0.4603,FALSE,"observed"
"IT",2016,"102",102,0.49707,FALSE,"observed"
"IT",2016,"103",103,0.534,FALSE,"observed"
"IT",2016,"104",104,0.57066,FALSE,"observed"
"IT",2016,"105",105,0.60666,FALSE,"observed"
"IT",2016,"106",106,0.64163,FALSE,"observed"
"IT",2016,"107",107,0.67524,FALSE,"observed"
"IT",2016,"108",108,0.7072,FALSE,"observed"
"IT",2016,"109",109,0.7373,FALSE,"observed"
"IT",2016,"110+",110,0.76539,FALSE,"observed"
"IT",2017,"0",0,0.00287,FALSE,"observed"
"IT",2017,"1",1,2e-04,FALSE,"observed"
"IT",2017,"2",2,0.00014,FALSE,"observed"
"IT",2017,"3",3,1e-04,FALSE,"observed"
"IT",2017,"4",4,8e-05,FALSE,"observed"
"IT",2017,"5",5,8e-05,FALSE,"observed"
"IT",2017,"6",6,9e-05,FALSE,"observed"
"IT",2017,"7",7,7e-05,FALSE,"observed"
"IT",2017,"8",8,6e-05,FALSE,"observed"
"IT",2017,"9",9,8e-05,FALSE,"observed"
"IT",2017,"10",10,9e-05,FALSE,"observed"
"IT",2017,"11",11,9e-05,FALSE,"observed"
"IT",2017,"12",12,9e-05,FALSE,"observed"
"IT",2017,"13",13,1e-04,FALSE,"observed"
"IT",2017,"14",14,0.00014,FALSE,"observed"
"IT",2017,"15",15,0.00014,FALSE,"observed"
"IT",2017,"16",16,0.00021,FALSE,"observed"
"IT",2017,"17",17,0.00024,FALSE,"observed"
"IT",2017,"18",18,0.00028,FALSE,"observed"
"IT",2017,"19",19,0.00026,FALSE,"observed"
"IT",2017,"20",20,0.00034,FALSE,"observed"
"IT",2017,"21",21,0.00031,FALSE,"observed"
"IT",2017,"22",22,0.00035,FALSE,"observed"
"IT",2017,"23",23,0.00032,FALSE,"observed"
"IT",2017,"24",24,0.00032,FALSE,"observed"
"IT",2017,"25",25,0.00035,FALSE,"observed"
"IT",2017,"26",26,0.00031,FALSE,"observed"
"IT",2017,"27",27,0.00034,FALSE,"observed"
"IT",2017,"28",28,0.00032,FALSE,"observed"
"IT",2017,"29",29,0.00036,FALSE,"observed"
"IT",2017,"30",30,0.00041,FALSE,"observed"
"IT",2017,"31",31,0.00041,FALSE,"observed"
"IT",2017,"32",32,4e-04,FALSE,"observed"
"IT",2017,"33",33,0.00043,FALSE,"observed"
"IT",2017,"34",34,0.00046,FALSE,"observed"
"IT",2017,"35",35,0.00045,FALSE,"observed"
"IT",2017,"36",36,0.00052,FALSE,"observed"
"IT",2017,"37",37,0.00058,FALSE,"observed"
"IT",2017,"38",38,0.00063,FALSE,"observed"
"IT",2017,"39",39,0.00072,FALSE,"observed"
"IT",2017,"40",40,0.00072,FALSE,"observed"
"IT",2017,"41",41,0.00085,FALSE,"observed"
"IT",2017,"42",42,0.00094,FALSE,"observed"
"IT",2017,"43",43,0.00099,FALSE,"observed"
"IT",2017,"44",44,0.00109,FALSE,"observed"
"IT",2017,"45",45,0.00122,FALSE,"observed"
"IT",2017,"46",46,0.00137,FALSE,"observed"
"IT",2017,"47",47,0.00152,FALSE,"observed"
"IT",2017,"48",48,0.00166,FALSE,"observed"
"IT",2017,"49",49,0.00181,FALSE,"observed"
"IT",2017,"50",50,0.002,FALSE,"observed"
"IT",2017,"51",51,0.00217,FALSE,"observed"
"IT",2017,"52",52,0.00248,FALSE,"observed"
"IT",2017,"53",53,0.00267,FALSE,"observed"
"IT",2017,"54",54,0.00288,FALSE,"observed"
"IT",2017,"55",55,0.00328,FALSE,"observed"
"IT",2017,"56",56,0.00358,FALSE,"observed"
"IT",2017,"57",57,0.00392,FALSE,"observed"
"IT",2017,"58",58,0.00418,FALSE,"observed"
"IT",2017,"59",59,0.00472,FALSE,"observed"
"IT",2017,"60",60,0.00531,FALSE,"observed"
"IT",2017,"61",61,0.00575,FALSE,"observed"
"IT",2017,"62",62,0.00624,FALSE,"observed"
"IT",2017,"63",63,0.00687,FALSE,"observed"
"IT",2017,"64",64,0.0076,FALSE,"observed"
"IT",2017,"65",65,0.00813,FALSE,"observed"
"IT",2017,"66",66,0.00888,FALSE,"observed"
"IT",2017,"67",67,0.01004,FALSE,"observed"
"IT",2017,"68",68,0.0108,FALSE,"observed"
"IT",2017,"69",69,0.01215,FALSE,"observed"
"IT",2017,"70",70,0.01337,FALSE,"observed"
"IT",2017,"71",71,0.01474,FALSE,"observed"
"IT",2017,"72",72,0.0165,FALSE,"observed"
"IT",2017,"73",73,0.01827,FALSE,"observed"
"IT",2017,"74",74,0.0205,FALSE,"observed"
"IT",2017,"75",75,0.02261,FALSE,"observed"
"IT",2017,"76",76,0.0252,FALSE,"observed"
"IT",2017,"77",77,0.02799,FALSE,"observed"
"IT",2017,"78",78,0.03155,FALSE,"observed"
"IT",2017,"79",79,0.03548,FALSE,"observed"
"IT",2017,"80",80,0.04068,FALSE,"observed"
"IT",2017,"81",81,0.04746,FALSE,"observed"
"IT",2017,"82",82,0.05431,FALSE,"observed"
"IT",2017,"83",83,0.06179,FALSE,"observed"
"IT",2017,"84",84,0.07119,FALSE,"observed"
"IT",2017,"85",85,0.08243,FALSE,"observed"
"IT",2017,"86",86,0.09443,FALSE,"observed"
"IT",2017,"87",87,0.10725,FALSE,"observed"
"IT",2017,"88",88,0.12235,FALSE,"observed"
"IT",2017,"89",89,0.1397,FALSE,"observed"
"IT",2017,"90",90,0.15732,FALSE,"observed"
"IT",2017,"91",91,0.17924,FALSE,"observed"
"IT",2017,"92",92,0.19717,FALSE,"observed"
"IT",2017,"93",93,0.22578,FALSE,"observed"
"IT",2017,"94",94,0.24904,FALSE,"observed"
"IT",2017,"95",95,0.27807,FALSE,"observed"
"IT",2017,"96",96,0.30868,FALSE,"observed"
"IT",2017,"97",97,0.34117,FALSE,"observed"
"IT",2017,"98",98,0.37533,FALSE,"observed"
"IT",2017,"99",99,0.4109,FALSE,"observed"
"IT",2017,"100",100,0.44755,FALSE,"observed"
"IT",2017,"101",101,0.4849,FALSE,"observed"
"IT",2017,"102",102,0.52254,FALSE,"observed"
"IT",2017,"103",103,0.56004,FALSE,"observed"
"IT",2017,"104",104,0.59698,FALSE,"observed"
"IT",2017,"105",105,0.63295,FALSE,"observed"
"IT",2017,"106",106,0.66758,FALSE,"observed"
"IT",2017,"107",107,0.70057,FALSE,"observed"
"IT",2017,"108",108,0.73167,FALSE,"observed"
"IT",2017,"109",109,0.76071,FALSE,"observed"
"IT",2017,"110+",110,0.78755,FALSE,"observed"
"IT",2018,"0",0,0.00285,FALSE,"observed"
"IT",2018,"1",1,0.00021,FALSE,"observed"
"IT",2018,"2",2,0.00013,FALSE,"observed"
"IT",2018,"3",3,9e-05,FALSE,"observed"
"IT",2018,"4",4,9e-05,FALSE,"observed"
"IT",2018,"5",5,9e-05,FALSE,"observed"
"IT",2018,"6",6,6e-05,FALSE,"observed"
"IT",2018,"7",7,5e-05,FALSE,"observed"
"IT",2018,"8",8,6e-05,FALSE,"observed"
"IT",2018,"9",9,6e-05,FALSE,"observed"
"IT",2018,"10",10,6e-05,FALSE,"observed"
"IT",2018,"11",11,7e-05,FALSE,"observed"
"IT",2018,"12",12,9e-05,FALSE,"observed"
"IT",2018,"13",13,8e-05,FALSE,"observed"
"IT",2018,"14",14,1e-04,FALSE,"observed"
"IT",2018,"15",15,0.00013,FALSE,"observed"
"IT",2018,"16",16,0.00017,FALSE,"observed"
"IT",2018,"17",17,0.00018,FALSE,"observed"
"IT",2018,"18",18,0.00027,FALSE,"observed"
"IT",2018,"19",19,0.00029,FALSE,"observed"
"IT",2018,"20",20,0.00026,FALSE,"observed"
"IT",2018,"21",21,0.00029,FALSE,"observed"
"IT",2018,"22",22,0.00027,FALSE,"observed"
"IT",2018,"23",23,3e-04,FALSE,"observed"
"IT",2018,"24",24,0.00028,FALSE,"observed"
"IT",2018,"25",25,0.00031,FALSE,"observed"
"IT",2018,"26",26,0.00035,FALSE,"observed"
"IT",2018,"27",27,0.00031,FALSE,"observed"
"IT",2018,"28",28,0.00034,FALSE,"observed"
"IT",2018,"29",29,0.00032,FALSE,"observed"
"IT",2018,"30",30,0.00031,FALSE,"observed"
"IT",2018,"31",31,0.00037,FALSE,"observed"
"IT",2018,"32",32,0.00042,FALSE,"observed"
"IT",2018,"33",33,0.00042,FALSE,"observed"
"IT",2018,"34",34,0.00043,FALSE,"observed"
"IT",2018,"35",35,0.00046,FALSE,"observed"
"IT",2018,"36",36,0.00049,FALSE,"observed"
"IT",2018,"37",37,0.00057,FALSE,"observed"
"IT",2018,"38",38,0.00058,FALSE,"observed"
"IT",2018,"39",39,0.00066,FALSE,"observed"
"IT",2018,"40",40,0.00074,FALSE,"observed"
"IT",2018,"41",41,0.00078,FALSE,"observed"
"IT",2018,"42",42,0.00087,FALSE,"observed"
"IT",2018,"43",43,0.00088,FALSE,"observed"
"IT",2018,"44",44,0.0011,FALSE,"observed"
"IT",2018,"45",45,0.00113,FALSE,"observed"
"IT",2018,"46",46,0.0013,FALSE,"observed"
"IT",2018,"47",47,0.00143,FALSE,"observed"
"IT",2018,"48",48,0.00155,FALSE,"observed"
"IT",2018,"49",49,0.00173,FALSE,"observed"
"IT",2018,"50",50,0.00191,FALSE,"observed"
"IT",2018,"51",51,0.00211,FALSE,"observed"
"IT",2018,"52",52,0.00235,FALSE,"observed"
"IT",2018,"53",53,0.00252,FALSE,"observed"
"IT",2018,"54",54,0.00291,FALSE,"observed"
"IT",2018,"55",55,0.00312,FALSE,"observed"
"IT",2018,"56",56,0.00339,FALSE,"observed"
"IT",2018,"57",57,0.00375,FALSE,"observed"
"IT",2018,"58",58,0.00417,FALSE,"observed"
"IT",2018,"59",59,0.00461,FALSE,"observed"
"IT",2018,"60",60,0.00518,FALSE,"observed"
"IT",2018,"61",61,0.00539,FALSE,"observed"
"IT",2018,"62",62,0.00597,FALSE,"observed"
"IT",2018,"63",63,0.00669,FALSE,"observed"
"IT",2018,"64",64,0.00731,FALSE,"observed"
"IT",2018,"65",65,0.00799,FALSE,"observed"
"IT",2018,"66",66,0.00879,FALSE,"observed"
"IT",2018,"67",67,0.00958,FALSE,"observed"
"IT",2018,"68",68,0.01048,FALSE,"observed"
"IT",2018,"69",69,0.01134,FALSE,"observed"
"IT",2018,"70",70,0.01268,FALSE,"observed"
"IT",2018,"71",71,0.0143,FALSE,"observed"
"IT",2018,"72",72,0.01578,FALSE,"observed"
"IT",2018,"73",73,0.01736,FALSE,"observed"
"IT",2018,"74",74,0.01953,FALSE,"observed"
"IT",2018,"75",75,0.02165,FALSE,"observed"
"IT",2018,"76",76,0.02437,FALSE,"observed"
"IT",2018,"77",77,0.02662,FALSE,"observed"
"IT",2018,"78",78,0.02985,FALSE,"observed"
"IT",2018,"79",79,0.03428,FALSE,"observed"
"IT",2018,"80",80,0.03868,FALSE,"observed"
"IT",2018,"81",81,0.04441,FALSE,"observed"
"IT",2018,"82",82,0.05077,FALSE,"observed"
"IT",2018,"83",83,0.05796,FALSE,"observed"
"IT",2018,"84",84,0.06706,FALSE,"observed"
"IT",2018,"85",85,0.07723,FALSE,"observed"
"IT",2018,"86",86,0.08926,FALSE,"observed"
"IT",2018,"87",87,0.10144,FALSE,"observed"
"IT",2018,"88",88,0.11482,FALSE,"observed"
"IT",2018,"89",89,0.13156,FALSE,"observed"
"IT",2018,"90",90,0.14875,FALSE,"observed"
"IT",2018,"91",91,0.16799,FALSE,"observed"
"IT",2018,"92",92,0.1879,FALSE,"observed"
"IT",2018,"93",93,0.21127,FALSE,"observed"
"IT",2018,"94",94,0.23985,FALSE,"observed"
"IT",2018,"95",95,0.26393,FALSE,"observed"
"IT",2018,"96",96,0.29355,FALSE,"observed"
"IT",2018,"97",97,0.32512,FALSE,"observed"
"IT",2018,"98",98,0.35849,FALSE,"observed"
"IT",2018,"99",99,0.3934,FALSE,"observed"
"IT",2018,"100",100,0.42958,FALSE,"observed"
"IT",2018,"101",101,0.46665,FALSE,"observed"
"IT",2018,"102",102,0.50422,FALSE,"observed"
"IT",2018,"103",103,0.54187,FALSE,"observed"
"IT",2018,"104",104,0.57915,FALSE,"observed"
"IT",2018,"105",105,0.61566,FALSE,"observed"
"IT",2018,"106",106,0.65101,FALSE,"observed"
"IT",2018,"107",107,0.68485,FALSE,"observed"
"IT",2018,"108",108,0.71691,FALSE,"observed"
"IT",2018,"109",109,0.74697,FALSE,"observed"
"IT",2018,"110+",110,0.77489,FALSE,"observed"
"IT",2019,"0",0,0.00249,FALSE,"observed"
"IT",2019,"1",1,0.00016,FALSE,"observed"
"IT",2019,"2",2,0.00011,FALSE,"observed"
"IT",2019,"3",3,1e-04,FALSE,"observed"
"IT",2019,"4",4,8e-05,FALSE,"observed"
"IT",2019,"5",5,4e-05,FALSE,"observed"
"IT",2019,"6",6,7e-05,FALSE,"observed"
"IT",2019,"7",7,4e-05,FALSE,"observed"
"IT",2019,"8",8,5e-05,FALSE,"observed"
"IT",2019,"9",9,6e-05,FALSE,"observed"
"IT",2019,"10",10,7e-05,FALSE,"observed"
"IT",2019,"11",11,7e-05,FALSE,"observed"
"IT",2019,"12",12,5e-05,FALSE,"observed"
"IT",2019,"13",13,7e-05,FALSE,"observed"
"IT",2019,"14",14,9e-05,FALSE,"observed"
"IT",2019,"15",15,0.00012,FALSE,"observed"
"IT",2019,"16",16,0.00016,FALSE,"observed"
"IT",2019,"17",17,0.00019,FALSE,"observed"
"IT",2019,"18",18,0.00021,FALSE,"observed"
"IT",2019,"19",19,0.00027,FALSE,"observed"
"IT",2019,"20",20,0.00025,FALSE,"observed"
"IT",2019,"21",21,0.00028,FALSE,"observed"
"IT",2019,"22",22,0.00028,FALSE,"observed"
"IT",2019,"23",23,0.00029,FALSE,"observed"
"IT",2019,"24",24,0.00027,FALSE,"observed"
"IT",2019,"25",25,0.00031,FALSE,"observed"
"IT",2019,"26",26,0.00032,FALSE,"observed"
"IT",2019,"27",27,3e-04,FALSE,"observed"
"IT",2019,"28",28,0.00034,FALSE,"observed"
"IT",2019,"29",29,0.00031,FALSE,"observed"
"IT",2019,"30",30,0.00032,FALSE,"observed"
"IT",2019,"31",31,0.00032,FALSE,"observed"
"IT",2019,"32",32,0.00038,FALSE,"observed"
"IT",2019,"33",33,0.00038,FALSE,"observed"
"IT",2019,"34",34,0.00042,FALSE,"observed"
"IT",2019,"35",35,0.00043,FALSE,"observed"
"IT",2019,"36",36,5e-04,FALSE,"observed"
"IT",2019,"37",37,0.00052,FALSE,"observed"
"IT",2019,"38",38,0.00056,FALSE,"observed"
"IT",2019,"39",39,0.00063,FALSE,"observed"
"IT",2019,"40",40,7e-04,FALSE,"observed"
"IT",2019,"41",41,0.00078,FALSE,"observed"
"IT",2019,"42",42,0.00089,FALSE,"observed"
"IT",2019,"43",43,0.00094,FALSE,"observed"
"IT",2019,"44",44,0.00103,FALSE,"observed"
"IT",2019,"45",45,0.00116,FALSE,"observed"
"IT",2019,"46",46,0.00127,FALSE,"observed"
"IT",2019,"47",47,0.00135,FALSE,"observed"
"IT",2019,"48",48,0.00149,FALSE,"observed"
"IT",2019,"49",49,0.00171,FALSE,"observed"
"IT",2019,"50",50,0.00187,FALSE,"observed"
"IT",2019,"51",51,0.00202,FALSE,"observed"
"IT",2019,"52",52,0.00219,FALSE,"observed"
"IT",2019,"53",53,0.00256,FALSE,"observed"
"IT",2019,"54",54,0.00271,FALSE,"observed"
"IT",2019,"55",55,0.00295,FALSE,"observed"
"IT",2019,"56",56,0.00349,FALSE,"observed"
"IT",2019,"57",57,0.00369,FALSE,"observed"
"IT",2019,"58",58,0.00407,FALSE,"observed"
"IT",2019,"59",59,0.00449,FALSE,"observed"
"IT",2019,"60",60,0.00493,FALSE,"observed"
"IT",2019,"61",61,0.00521,FALSE,"observed"
"IT",2019,"62",62,0.00609,FALSE,"observed"
"IT",2019,"63",63,0.00644,FALSE,"observed"
"IT",2019,"64",64,0.00723,FALSE,"observed"
"IT",2019,"65",65,0.00767,FALSE,"observed"
"IT",2019,"66",66,0.00868,FALSE,"observed"
"IT",2019,"67",67,0.0093,FALSE,"observed"
"IT",2019,"68",68,0.01036,FALSE,"observed"
"IT",2019,"69",69,0.01141,FALSE,"observed"
"IT",2019,"70",70,0.01236,FALSE,"observed"
"IT",2019,"71",71,0.01402,FALSE,"observed"
"IT",2019,"72",72,0.01546,FALSE,"observed"
"IT",2019,"73",73,0.01749,FALSE,"observed"
"IT",2019,"74",74,0.01941,FALSE,"observed"
"IT",2019,"75",75,0.02153,FALSE,"observed"
"IT",2019,"76",76,0.02391,FALSE,"observed"
"IT",2019,"77",77,0.0262,FALSE,"observed"
"IT",2019,"78",78,0.03009,FALSE,"observed"
"IT",2019,"79",79,0.03408,FALSE,"observed"
"IT",2019,"80",80,0.03814,FALSE,"observed"
"IT",2019,"81",81,0.04428,FALSE,"observed"
"IT",2019,"82",82,0.04996,FALSE,"observed"
"IT",2019,"83",83,0.05803,FALSE,"observed"
"IT",2019,"84",84,0.06638,FALSE,"observed"
"IT",2019,"85",85,0.07665,FALSE,"observed"
"IT",2019,"86",86,0.08816,FALSE,"observed"
"IT",2019,"87",87,0.10147,FALSE,"observed"
"IT",2019,"88",88,0.11625,FALSE,"observed"
"IT",2019,"89",89,0.13307,FALSE,"observed"
"IT",2019,"90",90,0.14748,FALSE,"observed"
"IT",2019,"91",91,0.16887,FALSE,"observed"
"IT",2019,"92",92,0.1876,FALSE,"observed"
"IT",2019,"93",93,0.2116,FALSE,"observed"
"IT",2019,"94",94,0.23356,FALSE,"observed"
"IT",2019,"95",95,0.26366,FALSE,"observed"
"IT",2019,"96",96,0.29324,FALSE,"observed"
"IT",2019,"97",97,0.32477,FALSE,"observed"
"IT",2019,"98",98,0.35808,FALSE,"observed"
"IT",2019,"99",99,0.39295,FALSE,"observed"
"IT",2019,"100",100,0.42906,FALSE,"observed"
"IT",2019,"101",101,0.46608,FALSE,"observed"
"IT",2019,"102",102,0.50361,FALSE,"observed"
"IT",2019,"103",103,0.54122,FALSE,"observed"
"IT",2019,"104",104,0.57849,FALSE,"observed"
"IT",2019,"105",105,0.61499,FALSE,"observed"
"IT",2019,"106",106,0.65034,FALSE,"observed"
"IT",2019,"107",107,0.6842,FALSE,"observed"
"IT",2019,"108",108,0.71628,FALSE,"observed"
"IT",2019,"109",109,0.74638,FALSE,"observed"
"IT",2019,"110+",110,0.77434,FALSE,"observed"
"IT",2020,"0",0,0.00246,FALSE,"observed"
"IT",2020,"1",1,0.00015,FALSE,"observed"
"IT",2020,"2",2,0.00011,FALSE,"observed"
"IT",2020,"3",3,7e-05,FALSE,"observed"
"IT",2020,"4",4,8e-05,FALSE,"observed"
"IT",2020,"5",5,6e-05,FALSE,"observed"
"IT",2020,"6",6,7e-05,FALSE,"observed"
"IT",2020,"7",7,5e-05,FALSE,"observed"
"IT",2020,"8",8,5e-05,FALSE,"observed"
"IT",2020,"9",9,5e-05,FALSE,"observed"
"IT",2020,"10",10,6e-05,FALSE,"observed"
"IT",2020,"11",11,7e-05,FALSE,"observed"
"IT",2020,"12",12,8e-05,FALSE,"observed"
"IT",2020,"13",13,8e-05,FALSE,"observed"
"IT",2020,"14",14,1e-04,FALSE,"observed"
"IT",2020,"15",15,0.00013,FALSE,"observed"
"IT",2020,"16",16,0.00012,FALSE,"observed"
"IT",2020,"17",17,0.00017,FALSE,"observed"
"IT",2020,"18",18,0.00021,FALSE,"observed"
"IT",2020,"19",19,0.00022,FALSE,"observed"
"IT",2020,"20",20,0.00025,FALSE,"observed"
"IT",2020,"21",21,0.00025,FALSE,"observed"
"IT",2020,"22",22,0.00029,FALSE,"observed"
"IT",2020,"23",23,0.00023,FALSE,"observed"
"IT",2020,"24",24,0.00026,FALSE,"observed"
"IT",2020,"25",25,0.00028,FALSE,"observed"
"IT",2020,"26",26,3e-04,FALSE,"observed"
"IT",2020,"27",27,0.00027,FALSE,"observed"
"IT",2020,"28",28,0.00032,FALSE,"observed"
"IT",2020,"29",29,0.00031,FALSE,"observed"
"IT",2020,"30",30,0.00036,FALSE,"observed"
"IT",2020,"31",31,0.00032,FALSE,"observed"
"IT",2020,"32",32,0.00041,FALSE,"observed"
"IT",2020,"33",33,0.00041,FALSE,"observed"
"IT",2020,"34",34,0.00043,FALSE,"observed"
"IT",2020,"35",35,5e-04,FALSE,"observed"
"IT",2020,"36",36,0.00051,FALSE,"observed"
"IT",2020,"37",37,0.00059,FALSE,"observed"
"IT",2020,"38",38,6e-04,FALSE,"observed"
"IT",2020,"39",39,0.00067,FALSE,"observed"
"IT",2020,"40",40,0.00077,FALSE,"observed"
"IT",2020,"41",41,0.00077,FALSE,"observed"
"IT",2020,"42",42,0.00088,FALSE,"observed"
"IT",2020,"43",43,0.00105,FALSE,"observed"
"IT",2020,"44",44,0.00105,FALSE,"observed"
"IT",2020,"45",45,0.00119,FALSE,"observed"
"IT",2020,"46",46,0.00139,FALSE,"observed"
"IT",2020,"47",47,0.00149,FALSE,"observed"
"IT",2020,"48",48,0.0017,FALSE,"observed"
"IT",2020,"49",49,0.00172,FALSE,"observed"
"IT",2020,"50",50,0.00207,FALSE,"observed"
"IT",2020,"51",51,0.00223,FALSE,"observed"
"IT",2020,"52",52,0.00243,FALSE,"observed"
"IT",2020,"53",53,0.00276,FALSE,"observed"
"IT",2020,"54",54,0.00306,FALSE,"observed"
"IT",2020,"55",55,0.00332,FALSE,"observed"
"IT",2020,"56",56,0.00368,FALSE,"observed"
"IT",2020,"57",57,0.00401,FALSE,"observed"
"IT",2020,"58",58,0.00447,FALSE,"observed"
"IT",2020,"59",59,0.00488,FALSE,"observed"
"IT",2020,"60",60,0.00559,FALSE,"observed"
"IT",2020,"61",61,0.00607,FALSE,"observed"
"IT",2020,"62",62,0.00661,FALSE,"observed"
"IT",2020,"63",63,0.00737,FALSE,"observed"
"IT",2020,"64",64,0.00842,FALSE,"observed"
"IT",2020,"65",65,0.00888,FALSE,"observed"
"IT",2020,"66",66,0.0098,FALSE,"observed"
"IT",2020,"67",67,0.01098,FALSE,"observed"
"IT",2020,"68",68,0.01179,FALSE,"observed"
"IT",2020,"69",69,0.01322,FALSE,"observed"
"IT",2020,"70",70,0.01469,FALSE,"observed"
"IT",2020,"71",71,0.01633,FALSE,"observed"
"IT",2020,"72",72,0.01841,FALSE,"observed"
"IT",2020,"73",73,0.02028,FALSE,"observed"
"IT",2020,"74",74,0.02274,FALSE,"observed"
"IT",2020,"75",75,0.02519,FALSE,"observed"
"IT",2020,"76",76,0.02848,FALSE,"observed"
"IT",2020,"77",77,0.03174,FALSE,"observed"
"IT",2020,"78",78,0.03546,FALSE,"observed"
"IT",2020,"79",79,0.03946,FALSE,"observed"
"IT",2020,"80",80,0.04555,FALSE,"observed"
"IT",2020,"81",81,0.0502,FALSE,"observed"
"IT",2020,"82",82,0.05875,FALSE,"observed"
"IT",2020,"83",83,0.06679,FALSE,"observed"
"IT",2020,"84",84,0.07808,FALSE,"observed"
"IT",2020,"85",85,0.08818,FALSE,"observed"
"IT",2020,"86",86,0.10115,FALSE,"observed"
"IT",2020,"87",87,0.11552,FALSE,"observed"
"IT",2020,"88",88,0.1341,FALSE,"observed"
"IT",2020,"89",89,0.15158,FALSE,"observed"
"IT",2020,"90",90,0.17225,FALSE,"observed"
"IT",2020,"91",91,0.19241,FALSE,"observed"
"IT",2020,"92",92,0.21789,FALSE,"observed"
"IT",2020,"93",93,0.24057,FALSE,"observed"
"IT",2020,"94",94,0.26933,FALSE,"observed"
"IT",2020,"95",95,0.29857,FALSE,"observed"
"IT",2020,"96",96,0.33084,FALSE,"observed"
"IT",2020,"97",97,0.36494,FALSE,"observed"
"IT",2020,"98",98,0.4006,FALSE,"observed"
"IT",2020,"99",99,0.43751,FALSE,"observed"
"IT",2020,"100",100,0.47529,FALSE,"observed"
"IT",2020,"101",101,0.51351,FALSE,"observed"
"IT",2020,"102",102,0.55173,FALSE,"observed"
"IT",2020,"103",103,0.58948,FALSE,"observed"
"IT",2020,"104",104,0.62634,FALSE,"observed"
"IT",2020,"105",105,0.6619,FALSE,"observed"
"IT",2020,"106",106,0.69582,FALSE,"observed"
"IT",2020,"107",107,0.72782,FALSE,"observed"
"IT",2020,"108",108,0.7577,FALSE,"observed"
"IT",2020,"109",109,0.78531,FALSE,"observed"
"IT",2020,"110+",110,0.81062,FALSE,"observed"
"IT",2021,"0",0,0.00258,FALSE,"observed"
"IT",2021,"1",1,0.00017,FALSE,"observed"
"IT",2021,"2",2,0.00012,FALSE,"observed"
"IT",2021,"3",3,9e-05,FALSE,"observed"
"IT",2021,"4",4,7e-05,FALSE,"observed"
"IT",2021,"5",5,7e-05,FALSE,"observed"
"IT",2021,"6",6,6e-05,FALSE,"observed"
"IT",2021,"7",7,6e-05,FALSE,"observed"
"IT",2021,"8",8,7e-05,FALSE,"observed"
"IT",2021,"9",9,4e-05,FALSE,"observed"
"IT",2021,"10",10,7e-05,FALSE,"observed"
"IT",2021,"11",11,5e-05,FALSE,"observed"
"IT",2021,"12",12,8e-05,FALSE,"observed"
"IT",2021,"13",13,8e-05,FALSE,"observed"
"IT",2021,"14",14,0.00011,FALSE,"observed"
"IT",2021,"15",15,0.00012,FALSE,"observed"
"IT",2021,"16",16,0.00016,FALSE,"observed"
"IT",2021,"17",17,0.00021,FALSE,"observed"
"IT",2021,"18",18,0.00028,FALSE,"observed"
"IT",2021,"19",19,0.00023,FALSE,"observed"
"IT",2021,"20",20,0.00025,FALSE,"observed"
"IT",2021,"21",21,0.00024,FALSE,"observed"
"IT",2021,"22",22,0.00025,FALSE,"observed"
"IT",2021,"23",23,3e-04,FALSE,"observed"
"IT",2021,"24",24,3e-04,FALSE,"observed"
"IT",2021,"25",25,0.00033,FALSE,"observed"
"IT",2021,"26",26,3e-04,FALSE,"observed"
"IT",2021,"27",27,0.00037,FALSE,"observed"
"IT",2021,"28",28,0.00035,FALSE,"observed"
"IT",2021,"29",29,0.00037,FALSE,"observed"
"IT",2021,"30",30,0.00034,FALSE,"observed"
"IT",2021,"31",31,0.00039,FALSE,"observed"
"IT",2021,"32",32,0.00044,FALSE,"observed"
"IT",2021,"33",33,0.00047,FALSE,"observed"
"IT",2021,"34",34,0.00044,FALSE,"observed"
"IT",2021,"35",35,5e-04,FALSE,"observed"
"IT",2021,"36",36,0.00054,FALSE,"observed"
"IT",2021,"37",37,0.00059,FALSE,"observed"
"IT",2021,"38",38,0.00065,FALSE,"observed"
"IT",2021,"39",39,0.00071,FALSE,"observed"
"IT",2021,"40",40,0.00076,FALSE,"observed"
"IT",2021,"41",41,0.00086,FALSE,"observed"
"IT",2021,"42",42,0.00092,FALSE,"observed"
"IT",2021,"43",43,0.00099,FALSE,"observed"
"IT",2021,"44",44,0.00114,FALSE,"observed"
"IT",2021,"45",45,0.00123,FALSE,"observed"
"IT",2021,"46",46,0.00133,FALSE,"observed"
"IT",2021,"47",47,0.00142,FALSE,"observed"
"IT",2021,"48",48,0.00167,FALSE,"observed"
"IT",2021,"49",49,0.00185,FALSE,"observed"
"IT",2021,"50",50,0.00199,FALSE,"observed"
"IT",2021,"51",51,0.0023,FALSE,"observed"
"IT",2021,"52",52,0.00245,FALSE,"observed"
"IT",2021,"53",53,0.00279,FALSE,"observed"
"IT",2021,"54",54,0.00302,FALSE,"observed"
"IT",2021,"55",55,0.00326,FALSE,"observed"
"IT",2021,"56",56,0.00366,FALSE,"observed"
"IT",2021,"57",57,0.00399,FALSE,"observed"
"IT",2021,"58",58,0.00437,FALSE,"observed"
"IT",2021,"59",59,0.00503,FALSE,"observed"
"IT",2021,"60",60,0.00534,FALSE,"observed"
"IT",2021,"61",61,0.00598,FALSE,"observed"
"IT",2021,"62",62,0.00671,FALSE,"observed"
"IT",2021,"63",63,0.0073,FALSE,"observed"
"IT",2021,"64",64,0.00801,FALSE,"observed"
"IT",2021,"65",65,0.00875,FALSE,"observed"
"IT",2021,"66",66,0.00964,FALSE,"observed"
"IT",2021,"67",67,0.0108,FALSE,"observed"
"IT",2021,"68",68,0.01173,FALSE,"observed"
"IT",2021,"69",69,0.01305,FALSE,"observed"
"IT",2021,"70",70,0.01402,FALSE,"observed"
"IT",2021,"71",71,0.01563,FALSE,"observed"
"IT",2021,"72",72,0.01737,FALSE,"observed"
"IT",2021,"73",73,0.01937,FALSE,"observed"
"IT",2021,"74",74,0.02131,FALSE,"observed"
"IT",2021,"75",75,0.02405,FALSE,"observed"
"IT",2021,"76",76,0.02707,FALSE,"observed"
"IT",2021,"77",77,0.03028,FALSE,"observed"
"IT",2021,"78",78,0.03374,FALSE,"observed"
"IT",2021,"79",79,0.03774,FALSE,"observed"
"IT",2021,"80",80,0.04154,FALSE,"observed"
"IT",2021,"81",81,0.04741,FALSE,"observed"
"IT",2021,"82",82,0.05404,FALSE,"observed"
"IT",2021,"83",83,0.06164,FALSE,"observed"
"IT",2021,"84",84,0.07026,FALSE,"observed"
"IT",2021,"85",85,0.08191,FALSE,"observed"
"IT",2021,"86",86,0.09305,FALSE,"observed"
"IT",2021,"87",87,0.1078,FALSE,"observed"
"IT",2021,"88",88,0.12371,FALSE,"observed"
"IT",2021,"89",89,0.14182,FALSE,"observed"
"IT",2021,"90",90,0.15878,FALSE,"observed"
"IT",2021,"91",91,0.18096,FALSE,"observed"
"IT",2021,"92",92,0.1972,FALSE,"observed"
"IT",2021,"93",93,0.22289,FALSE,"observed"
"IT",2021,"94",94,0.24462,FALSE,"observed"
"IT",2021,"95",95,0.27533,FALSE,"observed"
"IT",2021,"96",96,0.30532,FALSE,"observed"
"IT",2021,"97",97,0.33716,FALSE,"observed"
"IT",2021,"98",98,0.37066,FALSE,"observed"
"IT",2021,"99",99,0.40556,FALSE,"observed"
"IT",2021,"100",100,0.44157,FALSE,"observed"
"IT",2021,"101",101,0.47834,FALSE,"observed"
"IT",2021,"102",102,0.51548,FALSE,"observed"
"IT",2021,"103",103,0.55257,FALSE,"observed"
"IT",2021,"104",104,0.58921,FALSE,"observed"
"IT",2021,"105",105,0.62499,FALSE,"observed"
"IT",2021,"106",106,0.65956,FALSE,"observed"
"IT",2021,"107",107,0.6926,FALSE,"observed"
"IT",2021,"108",108,0.72385,FALSE,"observed"
"IT",2021,"109",109,0.75313,FALSE,"observed"
"IT",2021,"110+",110,0.78029,FALSE,"observed"
"IT",2022,"0",0,0.00249,FALSE,"observed"
"IT",2022,"1",1,0.00017,FALSE,"observed"
"IT",2022,"2",2,1e-04,FALSE,"observed"
"IT",2022,"3",3,6e-05,FALSE,"observed"
"IT",2022,"4",4,8e-05,FALSE,"observed"
"IT",2022,"5",5,7e-05,FALSE,"observed"
"IT",2022,"6",6,6e-05,FALSE,"observed"
"IT",2022,"7",7,7e-05,FALSE,"observed"
"IT",2022,"8",8,8e-05,FALSE,"observed"
"IT",2022,"9",9,6e-05,FALSE,"observed"
"IT",2022,"10",10,6e-05,FALSE,"observed"
"IT",2022,"11",11,6e-05,FALSE,"observed"
"IT",2022,"12",12,8e-05,FALSE,"observed"
"IT",2022,"13",13,7e-05,FALSE,"observed"
"IT",2022,"14",14,0.00011,FALSE,"observed"
"IT",2022,"15",15,0.00015,FALSE,"observed"
"IT",2022,"16",16,0.00018,FALSE,"observed"
"IT",2022,"17",17,0.00018,FALSE,"observed"
"IT",2022,"18",18,0.00026,FALSE,"observed"
"IT",2022,"19",19,0.00027,FALSE,"observed"
"IT",2022,"20",20,0.00025,FALSE,"observed"
"IT",2022,"21",21,0.00032,FALSE,"observed"
"IT",2022,"22",22,0.00032,FALSE,"observed"
"IT",2022,"23",23,0.00028,FALSE,"observed"
"IT",2022,"24",24,0.00028,FALSE,"observed"
"IT",2022,"25",25,0.00029,FALSE,"observed"
"IT",2022,"26",26,0.00033,FALSE,"observed"
"IT",2022,"27",27,0.00031,FALSE,"observed"
"IT",2022,"28",28,0.00032,FALSE,"observed"
"IT",2022,"29",29,0.00036,FALSE,"observed"
"IT",2022,"30",30,0.00036,FALSE,"observed"
"IT",2022,"31",31,0.00039,FALSE,"observed"
"IT",2022,"32",32,0.00039,FALSE,"observed"
"IT",2022,"33",33,0.00045,FALSE,"observed"
"IT",2022,"34",34,0.00049,FALSE,"observed"
"IT",2022,"35",35,0.00049,FALSE,"observed"
"IT",2022,"36",36,0.00056,FALSE,"observed"
"IT",2022,"37",37,0.00053,FALSE,"observed"
"IT",2022,"38",38,0.00059,FALSE,"observed"
"IT",2022,"39",39,0.00067,FALSE,"observed"
"IT",2022,"40",40,0.00072,FALSE,"observed"
"IT",2022,"41",41,0.00085,FALSE,"observed"
"IT",2022,"42",42,0.00096,FALSE,"observed"
"IT",2022,"43",43,0.00099,FALSE,"observed"
"IT",2022,"44",44,0.00112,FALSE,"observed"
"IT",2022,"45",45,0.00121,FALSE,"observed"
"IT",2022,"46",46,0.00137,FALSE,"observed"
"IT",2022,"47",47,0.00145,FALSE,"observed"
"IT",2022,"48",48,0.00158,FALSE,"observed"
"IT",2022,"49",49,0.00168,FALSE,"observed"
"IT",2022,"50",50,0.00189,FALSE,"observed"
"IT",2022,"51",51,0.00209,FALSE,"observed"
"IT",2022,"52",52,0.0024,FALSE,"observed"
"IT",2022,"53",53,0.00259,FALSE,"observed"
"IT",2022,"54",54,0.0028,FALSE,"observed"
"IT",2022,"55",55,0.00314,FALSE,"observed"
"IT",2022,"56",56,0.00356,FALSE,"observed"
"IT",2022,"57",57,0.00373,FALSE,"observed"
"IT",2022,"58",58,0.00415,FALSE,"observed"
"IT",2022,"59",59,0.00473,FALSE,"observed"
"IT",2022,"60",60,0.00516,FALSE,"observed"
"IT",2022,"61",61,0.00557,FALSE,"observed"
"IT",2022,"62",62,0.00615,FALSE,"observed"
"IT",2022,"63",63,0.00687,FALSE,"observed"
"IT",2022,"64",64,0.00748,FALSE,"observed"
"IT",2022,"65",65,0.00839,FALSE,"observed"
"IT",2022,"66",66,0.00921,FALSE,"observed"
"IT",2022,"67",67,0.01004,FALSE,"observed"
"IT",2022,"68",68,0.01088,FALSE,"observed"
"IT",2022,"69",69,0.01216,FALSE,"observed"
"IT",2022,"70",70,0.01356,FALSE,"observed"
"IT",2022,"71",71,0.01516,FALSE,"observed"
"IT",2022,"72",72,0.01653,FALSE,"observed"
"IT",2022,"73",73,0.0182,FALSE,"observed"
"IT",2022,"74",74,0.02075,FALSE,"observed"
"IT",2022,"75",75,0.02277,FALSE,"observed"
"IT",2022,"76",76,0.0261,FALSE,"observed"
"IT",2022,"77",77,0.02977,FALSE,"observed"
"IT",2022,"78",78,0.03336,FALSE,"observed"
"IT",2022,"79",79,0.03766,FALSE,"observed"
"IT",2022,"80",80,0.04138,FALSE,"observed"
"IT",2022,"81",81,0.04724,FALSE,"observed"
"IT",2022,"82",82,0.05428,FALSE,"observed"
"IT",2022,"83",83,0.06139,FALSE,"observed"
"IT",2022,"84",84,0.07069,FALSE,"observed"
"IT",2022,"85",85,0.0812,FALSE,"observed"
"IT",2022,"86",86,0.09552,FALSE,"observed"
"IT",2022,"87",87,0.10955,FALSE,"observed"
"IT",2022,"88",88,0.12697,FALSE,"observed"
"IT",2022,"89",89,0.14619,FALSE,"observed"
"IT",2022,"90",90,0.17044,FALSE,"observed"
"IT",2022,"91",91,0.18995,FALSE,"observed"
"IT",2022,"92",92,0.21506,FALSE,"observed"
"IT",2022,"93",93,0.23833,FALSE,"observed"
"IT",2022,"94",94,0.26814,FALSE,"observed"
"IT",2022,"95",95,0.29668,FALSE,"observed"
"IT",2022,"96",96,0.32982,FALSE,"observed"
"IT",2022,"97",97,0.36485,FALSE,"observed"
"IT",2022,"98",98,0.40147,FALSE,"observed"
"IT",2022,"99",99,0.43935,FALSE,"observed"
"IT",2022,"100",100,0.47808,FALSE,"observed"
"IT",2022,"101",101,0.51721,FALSE,"observed"
"IT",2022,"102",102,0.55626,FALSE,"observed"
"IT",2022,"103",103,0.59475,FALSE,"observed"
"IT",2022,"104",104,0.63222,FALSE,"observed"
"IT",2022,"105",105,0.66827,FALSE,"observed"
"IT",2022,"106",106,0.70254,FALSE,"observed"
"IT",2022,"107",107,0.73476,FALSE,"observed"
"IT",2022,"108",108,0.76472,FALSE,"observed"
"IT",2022,"109",109,0.79232,FALSE,"observed"
"IT",2022,"110+",110,0.81749,FALSE,"observed"
"IT",2023,"0",0,0.00229430382786138,TRUE,"age_specific_log_linear_mx"
"IT",2023,"1",1,0.000152876236983031,TRUE,"age_specific_log_linear_mx"
"IT",2023,"2",2,9.64245940342969e-05,TRUE,"age_specific_log_linear_mx"
"IT",2023,"3",3,7.28430156349962e-05,TRUE,"age_specific_log_linear_mx"
"IT",2023,"4",4,6.50528783814525e-05,TRUE,"age_specific_log_linear_mx"
"IT",2023,"5",5,5.46305772378656e-05,TRUE,"age_specific_log_linear_mx"
"IT",2023,"6",6,5.58582689714102e-05,TRUE,"age_specific_log_linear_mx"
"IT",2023,"7",7,4.80220998831225e-05,TRUE,"age_specific_log_linear_mx"
"IT",2023,"8",8,5.12367511833662e-05,TRUE,"age_specific_log_linear_mx"
"IT",2023,"9",9,5.55965219103809e-05,TRUE,"age_specific_log_linear_mx"
"IT",2023,"10",10,5.78043697453497e-05,TRUE,"age_specific_log_linear_mx"
"IT",2023,"11",11,5.64083893519698e-05,TRUE,"age_specific_log_linear_mx"
"IT",2023,"12",12,5.9823018229331e-05,TRUE,"age_specific_log_linear_mx"
"IT",2023,"13",13,7.05128390342237e-05,TRUE,"age_specific_log_linear_mx"
"IT",2023,"14",14,8.83521469242488e-05,TRUE,"age_specific_log_linear_mx"
"IT",2023,"15",15,0.000105290559811804,TRUE,"age_specific_log_linear_mx"
"IT",2023,"16",16,0.000140528861631204,TRUE,"age_specific_log_linear_mx"
"IT",2023,"17",17,0.000155049644867911,TRUE,"age_specific_log_linear_mx"
"IT",2023,"18",18,0.000193139531377162,TRUE,"age_specific_log_linear_mx"
"IT",2023,"19",19,0.000207022686847375,TRUE,"age_specific_log_linear_mx"
"IT",2023,"20",20,0.000205319558426393,TRUE,"age_specific_log_linear_mx"
"IT",2023,"21",21,0.00022871039140417,TRUE,"age_specific_log_linear_mx"
"IT",2023,"22",22,0.000233868731939786,TRUE,"age_specific_log_linear_mx"
"IT",2023,"23",23,0.000222807709173075,TRUE,"age_specific_log_linear_mx"
"IT",2023,"24",24,0.000228988965025103,TRUE,"age_specific_log_linear_mx"
"IT",2023,"25",25,0.000251097942573012,TRUE,"age_specific_log_linear_mx"
"IT",2023,"26",26,0.000257792560457993,TRUE,"age_specific_log_linear_mx"
"IT",2023,"27",27,0.000245422638679338,TRUE,"age_specific_log_linear_mx"
"IT",2023,"28",28,0.000255064811966181,TRUE,"age_specific_log_linear_mx"
"IT",2023,"29",29,0.000261946793625041,TRUE,"age_specific_log_linear_mx"
"IT",2023,"30",30,0.000286200532155764,TRUE,"age_specific_log_linear_mx"
"IT",2023,"31",31,0.000300433895139824,TRUE,"age_specific_log_linear_mx"
"IT",2023,"32",32,0.00032402693000811,TRUE,"age_specific_log_linear_mx"
"IT",2023,"33",33,0.000341131163653918,TRUE,"age_specific_log_linear_mx"
"IT",2023,"34",34,0.000382973816491436,TRUE,"age_specific_log_linear_mx"
"IT",2023,"35",35,0.000383415367156065,TRUE,"age_specific_log_linear_mx"
"IT",2023,"36",36,0.000439427907539032,TRUE,"age_specific_log_linear_mx"
"IT",2023,"37",37,0.000452923744185632,TRUE,"age_specific_log_linear_mx"
"IT",2023,"38",38,0.000491917851825019,TRUE,"age_specific_log_linear_mx"
"IT",2023,"39",39,0.000563521623966,TRUE,"age_specific_log_linear_mx"
"IT",2023,"40",40,0.000608675223736,TRUE,"age_specific_log_linear_mx"
"IT",2023,"41",41,0.000679003011720239,TRUE,"age_specific_log_linear_mx"
"IT",2023,"42",42,0.000784040118719406,TRUE,"age_specific_log_linear_mx"
"IT",2023,"43",43,0.000842387421715749,TRUE,"age_specific_log_linear_mx"
"IT",2023,"44",44,0.000945034751044823,TRUE,"age_specific_log_linear_mx"
"IT",2023,"45",45,0.00105461748262583,TRUE,"age_specific_log_linear_mx"
"IT",2023,"46",46,0.00117678094160777,TRUE,"age_specific_log_linear_mx"
"IT",2023,"47",47,0.00129176147666475,TRUE,"age_specific_log_linear_mx"
"IT",2023,"48",48,0.00140934449290005,TRUE,"age_specific_log_linear_mx"
"IT",2023,"49",49,0.00158491873420733,TRUE,"age_specific_log_linear_mx"
"IT",2023,"50",50,0.00177522106393272,TRUE,"age_specific_log_linear_mx"
"IT",2023,"51",51,0.00191574175552745,TRUE,"age_specific_log_linear_mx"
"IT",2023,"52",52,0.00216375683825653,TRUE,"age_specific_log_linear_mx"
"IT",2023,"53",53,0.00234147924049872,TRUE,"age_specific_log_linear_mx"
"IT",2023,"54",54,0.00259973923440378,TRUE,"age_specific_log_linear_mx"
"IT",2023,"55",55,0.00280815254953289,TRUE,"age_specific_log_linear_mx"
"IT",2023,"56",56,0.00317804770239333,TRUE,"age_specific_log_linear_mx"
"IT",2023,"57",57,0.00343917845918544,TRUE,"age_specific_log_linear_mx"
"IT",2023,"58",58,0.00375448589444911,TRUE,"age_specific_log_linear_mx"
"IT",2023,"59",59,0.00418002364138207,TRUE,"age_specific_log_linear_mx"
"IT",2023,"60",60,0.0046805615454978,TRUE,"age_specific_log_linear_mx"
"IT",2023,"61",61,0.0049823560979683,TRUE,"age_specific_log_linear_mx"
"IT",2023,"62",62,0.00556095976485364,TRUE,"age_specific_log_linear_mx"
"IT",2023,"63",63,0.00613943342964101,TRUE,"age_specific_log_linear_mx"
"IT",2023,"64",64,0.00668627637168725,TRUE,"age_specific_log_linear_mx"
"IT",2023,"65",65,0.00732372648653361,TRUE,"age_specific_log_linear_mx"
"IT",2023,"66",66,0.00814503109681552,TRUE,"age_specific_log_linear_mx"
"IT",2023,"67",67,0.00879801240898969,TRUE,"age_specific_log_linear_mx"
"IT",2023,"68",68,0.00955673350579442,TRUE,"age_specific_log_linear_mx"
"IT",2023,"69",69,0.0105022956892413,TRUE,"age_specific_log_linear_mx"
"IT",2023,"70",70,0.0116302266631771,TRUE,"age_specific_log_linear_mx"
"IT",2023,"71",71,0.0128977715446339,TRUE,"age_specific_log_linear_mx"
"IT",2023,"72",72,0.0141736513003671,TRUE,"age_specific_log_linear_mx"
"IT",2023,"73",73,0.0157184253158702,TRUE,"age_specific_log_linear_mx"
"IT",2023,"74",74,0.0175549522742286,TRUE,"age_specific_log_linear_mx"
"IT",2023,"75",75,0.0193840194357143,TRUE,"age_specific_log_linear_mx"
"IT",2023,"76",76,0.0219575008460088,TRUE,"age_specific_log_linear_mx"
"IT",2023,"77",77,0.0246194225094949,TRUE,"age_specific_log_linear_mx"
"IT",2023,"78",78,0.0280194130378286,TRUE,"age_specific_log_linear_mx"
"IT",2023,"79",79,0.0322735574511103,TRUE,"age_specific_log_linear_mx"
"IT",2023,"80",80,0.0366172140481164,TRUE,"age_specific_log_linear_mx"
"IT",2023,"81",81,0.0421516754928254,TRUE,"age_specific_log_linear_mx"
"IT",2023,"82",82,0.0486676163200801,TRUE,"age_specific_log_linear_mx"
"IT",2023,"83",83,0.0559900076928966,TRUE,"age_specific_log_linear_mx"
"IT",2023,"84",84,0.0649286400295216,TRUE,"age_specific_log_linear_mx"
"IT",2023,"85",85,0.0749877888374483,TRUE,"age_specific_log_linear_mx"
"IT",2023,"86",86,0.0868314489000815,TRUE,"age_specific_log_linear_mx"
"IT",2023,"87",87,0.09978694900876,TRUE,"age_specific_log_linear_mx"
"IT",2023,"88",88,0.114639051946003,TRUE,"age_specific_log_linear_mx"
"IT",2023,"89",89,0.132418670837389,TRUE,"age_specific_log_linear_mx"
"IT",2023,"90",90,0.15053855699984,TRUE,"age_specific_log_linear_mx"
"IT",2023,"91",91,0.170550760374436,TRUE,"age_specific_log_linear_mx"
"IT",2023,"92",92,0.190793135153575,TRUE,"age_specific_log_linear_mx"
"IT",2023,"93",93,0.21461236978391,TRUE,"age_specific_log_linear_mx"
"IT",2023,"94",94,0.239797799541484,TRUE,"age_specific_log_linear_mx"
"IT",2023,"95",95,0.269437555989128,TRUE,"age_specific_log_linear_mx"
"IT",2023,"96",96,0.30051934388342,TRUE,"age_specific_log_linear_mx"
"IT",2023,"97",97,0.333645976576177,TRUE,"age_specific_log_linear_mx"
"IT",2023,"98",98,0.368602766261698,TRUE,"age_specific_log_linear_mx"
"IT",2023,"99",99,0.405114380316847,TRUE,"age_specific_log_linear_mx"
"IT",2023,"100",100,0.442827141414559,TRUE,"age_specific_log_linear_mx"
"IT",2023,"101",101,0.48134341033254,TRUE,"age_specific_log_linear_mx"
"IT",2023,"102",102,0.520208835099336,TRUE,"age_specific_log_linear_mx"
"IT",2023,"103",103,0.558958992846326,TRUE,"age_specific_log_linear_mx"
"IT",2023,"104",104,0.597124810359649,TRUE,"age_specific_log_linear_mx"
"IT",2023,"105",105,0.634266142467165,TRUE,"age_specific_log_linear_mx"
"IT",2023,"106",106,0.66998355661586,TRUE,"age_specific_log_linear_mx"
"IT",2023,"107",107,0.703944181050582,TRUE,"age_specific_log_linear_mx"
"IT",2023,"108",108,0.735872539019237,TRUE,"age_specific_log_linear_mx"
"IT",2023,"109",109,0.765590560679544,TRUE,"age_specific_log_linear_mx"
"IT",2023,"110+",110,0.792964878469482,TRUE,"age_specific_log_linear_mx"
"IT",2024,"0",0,0.00223234545763381,TRUE,"age_specific_log_linear_mx"
"IT",2024,"1",1,0.000148888762612308,TRUE,"age_specific_log_linear_mx"
"IT",2024,"2",2,9.36713565785129e-05,TRUE,"age_specific_log_linear_mx"
"IT",2024,"3",3,7.03752930042956e-05,TRUE,"age_specific_log_linear_mx"
"IT",2024,"4",4,6.28284315410254e-05,TRUE,"age_specific_log_linear_mx"
"IT",2024,"5",5,5.285517351398e-05,TRUE,"age_specific_log_linear_mx"
"IT",2024,"6",6,5.39556797464158e-05,TRUE,"age_specific_log_linear_mx"
"IT",2024,"7",7,4.63064736190529e-05,TRUE,"age_specific_log_linear_mx"
"IT",2024,"8",8,4.96881139635375e-05,TRUE,"age_specific_log_linear_mx"
"IT",2024,"9",9,5.41038457488378e-05,TRUE,"age_specific_log_linear_mx"
"IT",2024,"10",10,5.65783035037649e-05,TRUE,"age_specific_log_linear_mx"
"IT",2024,"11",11,5.47591112842472e-05,TRUE,"age_specific_log_linear_mx"
"IT",2024,"12",12,5.79027058613955e-05,TRUE,"age_specific_log_linear_mx"
"IT",2024,"13",13,6.83915472359378e-05,TRUE,"age_specific_log_linear_mx"
"IT",2024,"14",14,8.52781003929249e-05,TRUE,"age_specific_log_linear_mx"
"IT",2024,"15",15,0.000101063494738026,TRUE,"age_specific_log_linear_mx"
"IT",2024,"16",16,0.000135157117181951,TRUE,"age_specific_log_linear_mx"
"IT",2024,"17",17,0.000148767048922661,TRUE,"age_specific_log_linear_mx"
"IT",2024,"18",18,0.000185102102153117,TRUE,"age_specific_log_linear_mx"
"IT",2024,"19",19,0.000199191456320472,TRUE,"age_specific_log_linear_mx"
"IT",2024,"20",20,0.00019656823572201,TRUE,"age_specific_log_linear_mx"
"IT",2024,"21",21,0.000220198944595712,TRUE,"age_specific_log_linear_mx"
"IT",2024,"22",22,0.000224940058406004,TRUE,"age_specific_log_linear_mx"
"IT",2024,"23",23,0.000213977748126054,TRUE,"age_specific_log_linear_mx"
"IT",2024,"24",24,0.000219987975523909,TRUE,"age_specific_log_linear_mx"
"IT",2024,"25",25,0.000242069984942744,TRUE,"age_specific_log_linear_mx"
"IT",2024,"26",26,0.00024921525781822,TRUE,"age_specific_log_linear_mx"
"IT",2024,"27",27,0.000236188074774768,TRUE,"age_specific_log_linear_mx"
"IT",2024,"28",28,0.000245850898781887,TRUE,"age_specific_log_linear_mx"
"IT",2024,"29",29,0.000252618297681552,TRUE,"age_specific_log_linear_mx"
"IT",2024,"30",30,0.000276920396370518,TRUE,"age_specific_log_linear_mx"
"IT",2024,"31",31,0.000291281761870402,TRUE,"age_specific_log_linear_mx"
"IT",2024,"32",32,0.000314510813719278,TRUE,"age_specific_log_linear_mx"
"IT",2024,"33",33,0.000331263235563737,TRUE,"age_specific_log_linear_mx"
"IT",2024,"34",34,0.000373137893960526,TRUE,"age_specific_log_linear_mx"
"IT",2024,"35",35,0.000372097057678594,TRUE,"age_specific_log_linear_mx"
"IT",2024,"36",36,0.000428108726653498,TRUE,"age_specific_log_linear_mx"
"IT",2024,"37",37,0.000440274022258151,TRUE,"age_specific_log_linear_mx"
"IT",2024,"38",38,0.000477811819399783,TRUE,"age_specific_log_linear_mx"
"IT",2024,"39",39,0.000549364392784532,TRUE,"age_specific_log_linear_mx"
"IT",2024,"40",40,0.000592665260434442,TRUE,"age_specific_log_linear_mx"
"IT",2024,"41",41,0.000661975975544841,TRUE,"age_specific_log_linear_mx"
"IT",2024,"42",42,0.000767224102228556,TRUE,"age_specific_log_linear_mx"
"IT",2024,"43",43,0.000823378091014331,TRUE,"age_specific_log_linear_mx"
"IT",2024,"44",44,0.000924570902342912,TRUE,"age_specific_log_linear_mx"
"IT",2024,"45",45,0.00103280563591659,TRUE,"age_specific_log_linear_mx"
"IT",2024,"46",46,0.00115288468331848,TRUE,"age_specific_log_linear_mx"
"IT",2024,"47",47,0.00126657606409314,TRUE,"age_specific_log_linear_mx"
"IT",2024,"48",48,0.00138070888772486,TRUE,"age_specific_log_linear_mx"
"IT",2024,"49",49,0.00155427218435778,TRUE,"age_specific_log_linear_mx"
"IT",2024,"50",50,0.00174380282878486,TRUE,"age_specific_log_linear_mx"
"IT",2024,"51",51,0.00187951024046176,TRUE,"age_specific_log_linear_mx"
"IT",2024,"52",52,0.00212456711275442,TRUE,"age_specific_log_linear_mx"
"IT",2024,"53",53,0.00229785332273525,TRUE,"age_specific_log_linear_mx"
"IT",2024,"54",54,0.00255199477040573,TRUE,"age_specific_log_linear_mx"
"IT",2024,"55",55,0.00275437222060818,TRUE,"age_specific_log_linear_mx"
"IT",2024,"56",56,0.0031229536680254,TRUE,"age_specific_log_linear_mx"
"IT",2024,"57",57,0.00337420418911915,TRUE,"age_specific_log_linear_mx"
"IT",2024,"58",58,0.00368399736118103,TRUE,"age_specific_log_linear_mx"
"IT",2024,"59",59,0.00410652955233239,TRUE,"age_specific_log_linear_mx"
"IT",2024,"60",60,0.00460290211612457,TRUE,"age_specific_log_linear_mx"
"IT",2024,"61",61,0.00488956657739591,TRUE,"age_specific_log_linear_mx"
"IT",2024,"62",62,0.00546511442038489,TRUE,"age_specific_log_linear_mx"
"IT",2024,"63",63,0.00603652915215681,TRUE,"age_specific_log_linear_mx"
"IT",2024,"64",64,0.00657095829784209,TRUE,"age_specific_log_linear_mx"
"IT",2024,"65",65,0.00719485085694148,TRUE,"age_specific_log_linear_mx"
"IT",2024,"66",66,0.00800671513123752,TRUE,"age_specific_log_linear_mx"
"IT",2024,"67",67,0.00863767405150432,TRUE,"age_specific_log_linear_mx"
"IT",2024,"68",68,0.00937662387586622,TRUE,"age_specific_log_linear_mx"
"IT",2024,"69",69,0.0103026346086689,TRUE,"age_specific_log_linear_mx"
"IT",2024,"70",70,0.0114122480669467,TRUE,"age_specific_log_linear_mx"
"IT",2024,"71",71,0.012652013740867,TRUE,"age_specific_log_linear_mx"
"IT",2024,"72",72,0.013893510064497,TRUE,"age_specific_log_linear_mx"
"IT",2024,"73",73,0.0154064868272991,TRUE,"age_specific_log_linear_mx"
"IT",2024,"74",74,0.0172029956844694,TRUE,"age_specific_log_linear_mx"
"IT",2024,"75",75,0.0189803312036837,TRUE,"age_specific_log_linear_mx"
"IT",2024,"76",76,0.0215156526273724,TRUE,"age_specific_log_linear_mx"
"IT",2024,"77",77,0.0241290343296647,TRUE,"age_specific_log_linear_mx"
"IT",2024,"78",78,0.0274846556525495,TRUE,"age_specific_log_linear_mx"
"IT",2024,"79",79,0.0317021526321355,TRUE,"age_specific_log_linear_mx"
"IT",2024,"80",80,0.0359655579224989,TRUE,"age_specific_log_linear_mx"
"IT",2024,"81",81,0.0414533720151036,TRUE,"age_specific_log_linear_mx"
"IT",2024,"82",82,0.0479106763845041,TRUE,"age_specific_log_linear_mx"
"IT",2024,"83",83,0.0551879297684854,TRUE,"age_specific_log_linear_mx"
"IT",2024,"84",84,0.0641168929664704,TRUE,"age_specific_log_linear_mx"
"IT",2024,"85",85,0.0741534240080135,TRUE,"age_specific_log_linear_mx"
"IT",2024,"86",86,0.0859891662019408,TRUE,"age_specific_log_linear_mx"
"IT",2024,"87",87,0.0989452429142538,TRUE,"age_specific_log_linear_mx"
"IT",2024,"88",88,0.113789290271048,TRUE,"age_specific_log_linear_mx"
"IT",2024,"89",89,0.131671035129902,TRUE,"age_specific_log_linear_mx"
"IT",2024,"90",90,0.14983127224544,TRUE,"age_specific_log_linear_mx"
"IT",2024,"91",91,0.169836485099448,TRUE,"age_specific_log_linear_mx"
"IT",2024,"92",92,0.190052780997975,TRUE,"age_specific_log_linear_mx"
"IT",2024,"93",93,0.213946211830286,TRUE,"age_specific_log_linear_mx"
"IT",2024,"94",94,0.239194400964616,TRUE,"age_specific_log_linear_mx"
"IT",2024,"95",95,0.269071219743021,TRUE,"age_specific_log_linear_mx"
"IT",2024,"96",96,0.300328569602664,TRUE,"age_specific_log_linear_mx"
"IT",2024,"97",97,0.333655351988271,TRUE,"age_specific_log_linear_mx"
"IT",2024,"98",98,0.368833179514585,TRUE,"age_specific_log_linear_mx"
"IT",2024,"99",99,0.405582592186873,TRUE,"age_specific_log_linear_mx"
"IT",2024,"100",100,0.443542972461063,TRUE,"age_specific_log_linear_mx"
"IT",2024,"101",101,0.482310208480664,TRUE,"age_specific_log_linear_mx"
"IT",2024,"102",102,0.521421316288825,TRUE,"age_specific_log_linear_mx"
"IT",2024,"103",103,0.560403991148613,TRUE,"age_specific_log_linear_mx"
"IT",2024,"104",104,0.598781540636179,TRUE,"age_specific_log_linear_mx"
"IT",2024,"105",105,0.636107397059844,TRUE,"age_specific_log_linear_mx"
"IT",2024,"106",106,0.671977025992052,TRUE,"age_specific_log_linear_mx"
"IT",2024,"107",107,0.706054587878186,TRUE,"age_specific_log_linear_mx"
"IT",2024,"108",108,0.738062854117967,TRUE,"age_specific_log_linear_mx"
"IT",2024,"109",109,0.767824835632777,TRUE,"age_specific_log_linear_mx"
"IT",2024,"110+",110,0.795208034520915,TRUE,"age_specific_log_linear_mx"
"IT",2025,"0",0,0.00217206029197257,TRUE,"age_specific_log_linear_mx"
"IT",2025,"1",1,0.000145005293626405,TRUE,"age_specific_log_linear_mx"
"IT",2025,"2",2,9.09967330548256e-05,TRUE,"age_specific_log_linear_mx"
"IT",2025,"3",3,6.79911700835886e-05,TRUE,"age_specific_log_linear_mx"
"IT",2025,"4",4,6.06800484178234e-05,TRUE,"age_specific_log_linear_mx"
"IT",2025,"5",5,5.11374674850879e-05,TRUE,"age_specific_log_linear_mx"
"IT",2025,"6",6,5.2117894637728e-05,TRUE,"age_specific_log_linear_mx"
"IT",2025,"7",7,4.46521394160364e-05,TRUE,"age_specific_log_linear_mx"
"IT",2025,"8",8,4.81862844975816e-05,TRUE,"age_specific_log_linear_mx"
"IT",2025,"9",9,5.26512455137502e-05,TRUE,"age_specific_log_linear_mx"
"IT",2025,"10",10,5.53782428813985e-05,TRUE,"age_specific_log_linear_mx"
"IT",2025,"11",11,5.31580550887659e-05,TRUE,"age_specific_log_linear_mx"
"IT",2025,"12",12,5.60440353112685e-05,TRUE,"age_specific_log_linear_mx"
"IT",2025,"13",13,6.6334071885197e-05,TRUE,"age_specific_log_linear_mx"
"IT",2025,"14",14,8.23110095203565e-05,TRUE,"age_specific_log_linear_mx"
"IT",2025,"15",15,9.70061322393893e-05,TRUE,"age_specific_log_linear_mx"
"IT",2025,"16",16,0.000129990708761848,TRUE,"age_specific_log_linear_mx"
"IT",2025,"17",17,0.000142739023130376,TRUE,"age_specific_log_linear_mx"
"IT",2025,"18",18,0.000177399147534404,TRUE,"age_specific_log_linear_mx"
"IT",2025,"19",19,0.000191656464686508,TRUE,"age_specific_log_linear_mx"
"IT",2025,"20",20,0.000188189920098213,TRUE,"age_specific_log_linear_mx"
"IT",2025,"21",21,0.000212004250892913,TRUE,"age_specific_log_linear_mx"
"IT",2025,"22",22,0.000216352265033548,TRUE,"age_specific_log_linear_mx"
"IT",2025,"23",23,0.000205497722062797,TRUE,"age_specific_log_linear_mx"
"IT",2025,"24",24,0.000211340792643881,TRUE,"age_specific_log_linear_mx"
"IT",2025,"25",25,0.000233366617861243,TRUE,"age_specific_log_linear_mx"
"IT",2025,"26",26,0.000240923340142403,TRUE,"age_specific_log_linear_mx"
"IT",2025,"27",27,0.000227300981547583,TRUE,"age_specific_log_linear_mx"
"IT",2025,"28",28,0.000236969827260519,TRUE,"age_specific_log_linear_mx"
"IT",2025,"29",29,0.000243622009799721,TRUE,"age_specific_log_linear_mx"
"IT",2025,"30",30,0.000267941171696592,TRUE,"age_specific_log_linear_mx"
"IT",2025,"31",31,0.000282408430509609,TRUE,"age_specific_log_linear_mx"
"IT",2025,"32",32,0.000305274169476858,TRUE,"age_specific_log_linear_mx"
"IT",2025,"33",33,0.00032168075780811,TRUE,"age_specific_log_linear_mx"
"IT",2025,"34",34,0.000363554587582128,TRUE,"age_specific_log_linear_mx"
"IT",2025,"35",35,0.000361112861385936,TRUE,"age_specific_log_linear_mx"
"IT",2025,"36",36,0.000417081115451455,TRUE,"age_specific_log_linear_mx"
"IT",2025,"37",37,0.000427977594824272,TRUE,"age_specific_log_linear_mx"
"IT",2025,"38",38,0.000464110285713605,TRUE,"age_specific_log_linear_mx"
"IT",2025,"39",39,0.000535562830642554,TRUE,"age_specific_log_linear_mx"
"IT",2025,"40",40,0.000577076406642395,TRUE,"age_specific_log_linear_mx"
"IT",2025,"41",41,0.000645375918272207,TRUE,"age_specific_log_linear_mx"
"IT",2025,"42",42,0.000750768754029887,TRUE,"age_specific_log_linear_mx"
"IT",2025,"43",43,0.00080479772523381,TRUE,"age_specific_log_linear_mx"
"IT",2025,"44",44,0.000904550179254353,TRUE,"age_specific_log_linear_mx"
"IT",2025,"45",45,0.00101144490694881,TRUE,"age_specific_log_linear_mx"
"IT",2025,"46",46,0.00112947367350666,TRUE,"age_specific_log_linear_mx"
"IT",2025,"47",47,0.00124188169032231,TRUE,"age_specific_log_linear_mx"
"IT",2025,"48",48,0.00135265511182411,TRUE,"age_specific_log_linear_mx"
"IT",2025,"49",49,0.00152421822704778,TRUE,"age_specific_log_linear_mx"
"IT",2025,"50",50,0.00171294064015982,TRUE,"age_specific_log_linear_mx"
"IT",2025,"51",51,0.00184396395485363,TRUE,"age_specific_log_linear_mx"
"IT",2025,"52",52,0.00208608718724358,TRUE,"age_specific_log_linear_mx"
"IT",2025,"53",53,0.00225504023331885,TRUE,"age_specific_log_linear_mx"
"IT",2025,"54",54,0.00250512713813461,TRUE,"age_specific_log_linear_mx"
"IT",2025,"55",55,0.00270162186556423,TRUE,"age_specific_log_linear_mx"
"IT",2025,"56",56,0.00306881473342534,TRUE,"age_specific_log_linear_mx"
"IT",2025,"57",57,0.00331045743772358,TRUE,"age_specific_log_linear_mx"
"IT",2025,"58",58,0.00361483221371381,TRUE,"age_specific_log_linear_mx"
"IT",2025,"59",59,0.00403432765241571,TRUE,"age_specific_log_linear_mx"
"IT",2025,"60",60,0.00452653120457383,TRUE,"age_specific_log_linear_mx"
"IT",2025,"61",61,0.00479850513385349,TRUE,"age_specific_log_linear_mx"
"IT",2025,"62",62,0.00537092100839632,TRUE,"age_specific_log_linear_mx"
"IT",2025,"63",63,0.00593534967394695,TRUE,"age_specific_log_linear_mx"
"IT",2025,"64",64,0.00645762911249273,TRUE,"age_specific_log_linear_mx"
"IT",2025,"65",65,0.00706824305206041,TRUE,"age_specific_log_linear_mx"
"IT",2025,"66",66,0.00787074799724854,TRUE,"age_specific_log_linear_mx"
"IT",2025,"67",67,0.00848025776183223,TRUE,"age_specific_log_linear_mx"
"IT",2025,"68",68,0.00919990865667197,TRUE,"age_specific_log_linear_mx"
"IT",2025,"69",69,0.0101067693217282,TRUE,"age_specific_log_linear_mx"
"IT",2025,"70",70,0.0111983549171818,TRUE,"age_specific_log_linear_mx"
"IT",2025,"71",71,0.0124109386761225,TRUE,"age_specific_log_linear_mx"
"IT",2025,"72",72,0.0136189058007432,TRUE,"age_specific_log_linear_mx"
"IT",2025,"73",73,0.0151007388838174,TRUE,"age_specific_log_linear_mx"
"IT",2025,"74",74,0.016858095419281,TRUE,"age_specific_log_linear_mx"
"IT",2025,"75",75,0.0185850501128666,TRUE,"age_specific_log_linear_mx"
"IT",2025,"76",76,0.0210826956687059,TRUE,"age_specific_log_linear_mx"
"IT",2025,"77",77,0.0236484140705411,TRUE,"age_specific_log_linear_mx"
"IT",2025,"78",78,0.0269601042434173,TRUE,"age_specific_log_linear_mx"
"IT",2025,"79",79,0.0311408645617605,TRUE,"age_specific_log_linear_mx"
"IT",2025,"80",80,0.0353254989573179,TRUE,"age_specific_log_linear_mx"
"IT",2025,"81",81,0.0407666369445993,TRUE,"age_specific_log_linear_mx"
"IT",2025,"82",82,0.0471655093301454,TRUE,"age_specific_log_linear_mx"
"IT",2025,"83",83,0.0543973419120939,TRUE,"age_specific_log_linear_mx"
"IT",2025,"84",84,0.0633152944802887,TRUE,"age_specific_log_linear_mx"
"IT",2025,"85",85,0.0733283428856915,TRUE,"age_specific_log_linear_mx"
"IT",2025,"86",86,0.0851550538171207,TRUE,"age_specific_log_linear_mx"
"IT",2025,"87",87,0.0981106366374753,TRUE,"age_specific_log_linear_mx"
"IT",2025,"88",88,0.112945827452302,TRUE,"age_specific_log_linear_mx"
"IT",2025,"89",89,0.130927620573009,TRUE,"age_specific_log_linear_mx"
"IT",2025,"90",90,0.149127310571411,TRUE,"age_specific_log_linear_mx"
"IT",2025,"91",91,0.169125201245708,TRUE,"age_specific_log_linear_mx"
"IT",2025,"92",92,0.18931529971448,TRUE,"age_specific_log_linear_mx"
"IT",2025,"93",93,0.213282121634544,TRUE,"age_specific_log_linear_mx"
"IT",2025,"94",94,0.238592520707946,TRUE,"age_specific_log_linear_mx"
"IT",2025,"95",95,0.268705381579835,TRUE,"age_specific_log_linear_mx"
"IT",2025,"96",96,0.300137916428342,TRUE,"age_specific_log_linear_mx"
"IT",2025,"97",97,0.333664727663813,TRUE,"age_specific_log_linear_mx"
"IT",2025,"98",98,0.369063736798586,TRUE,"age_specific_log_linear_mx"
"IT",2025,"99",99,0.406051345193837,TRUE,"age_specific_log_linear_mx"
"IT",2025,"100",100,0.444259960650025,TRUE,"age_specific_log_linear_mx"
"IT",2025,"101",101,0.483278948482856,TRUE,"age_specific_log_linear_mx"
"IT",2025,"102",102,0.522636623479212,TRUE,"age_specific_log_linear_mx"
"IT",2025,"103",103,0.56185272500238,TRUE,"age_specific_log_linear_mx"
"IT",2025,"104",104,0.600442867531642,TRUE,"age_specific_log_linear_mx"
"IT",2025,"105",105,0.637953996756491,TRUE,"age_specific_log_linear_mx"
"IT",2025,"106",106,0.673976426737924,TRUE,"age_specific_log_linear_mx"
"IT",2025,"107",107,0.708171321652015,TRUE,"age_specific_log_linear_mx"
"IT",2025,"108",108,0.74025968866127,TRUE,"age_specific_log_linear_mx"
"IT",2025,"109",109,0.770065631022419,TRUE,"age_specific_log_linear_mx"
"IT",2025,"110+",110,0.797457536060286,TRUE,"age_specific_log_linear_mx"
