country,year,age,age_num,mx,log_mx,mx_hat_baseline,log_mx_hat_baseline,baseline_residual
ES,2004,20,20.0,0.00047,-7.66277786326017,0.00042882324528153705,-7.754465739598784,0.09168787633861353
ES,2004,21,21.0,0.00046,-7.6842840684811335,0.00040793121377043126,-7.804411991473551,0.1201279229924177
ES,2004,22,22.0,0.00048,-7.641724454062337,0.00042046475144158474,-7.774149907411816,0.1324254533494793
ES,2004,23,23.0,0.00051,-7.5810998322459024,0.00042672928836641884,-7.759360730879532,0.1782608986336296
ES,2004,24,24.0,0.00047,-7.66277786326017,0.00043356168166967536,-7.743476484276957,0.08069862101678638
ES,2004,25,25.0,0.00051,-7.5810998322459024,0.0004400142817892013,-7.7287033729669155,0.147603540721013
ES,2004,26,26.0,0.00048,-7.641724454062337,0.0004279362378646316,-7.756536350432441,0.11481189637010392
ES,2004,27,27.0,0.00053,-7.542633551418106,0.00046079092513165085,-7.682566142501233,0.1399325910831264
ES,2004,28,28.0,0.00059,-7.435388021064509,0.0004501054635879671,-7.706028639129935,0.2706406180654257
ES,2004,29,29.0,0.00055,-7.505592279737757,0.00048548221858754257,-7.630367895852023,0.12477561611426591
ES,2004,30,30.0,0.00058,-7.4524824544238095,0.000506979210404143,-7.5870405603338575,0.13455810591004802
ES,2004,31,31.0,0.00067,-7.308232845579262,0.0005365109958743972,-7.5304235005315165,0.22219065495225454
ES,2004,32,32.0,0.00065,-7.338538195074591,0.0005502361717367071,-7.5051629687472605,0.1666247736726696
ES,2004,33,33.0,0.00074,-7.208860371766058,0.0006009399054378803,-7.417015619380441,0.20815524761438287
ES,2004,34,34.0,0.00078,-7.156216638280637,0.0006518078936171766,-7.33576068114446,0.17954404286382264
ES,2004,35,35.0,0.00088,-7.035588650492022,0.0007227755868285615,-7.232411775648712,0.19682312515669054
ES,2004,36,36.0,0.00093,-6.980325971816972,0.0007835194814832284,-7.15171463178909,0.17138865997211727
ES,2004,37,37.0,0.00113,-6.785537646257888,0.0008540385472659565,-7.065534227880596,0.2799965816227079
ES,2004,38,38.0,0.00111,-6.803395263657894,0.0009424617819070389,-6.967015189165024,0.16361992550713023
ES,2004,39,39.0,0.00133,-6.622576336748475,0.0010410424430389574,-6.8675327187693345,0.24495638202085956
ES,2004,40,40.0,0.00126,-6.676643558018751,0.0011682235866608578,-6.752270985960234,0.07562742794148303
ES,2004,41,41.0,0.00142,-6.557098407368968,0.0012844660976401101,-6.657412135191913,0.1003137278229449
ES,2004,42,42.0,0.00154,-6.475972862556599,0.001412762924578165,-6.562207970971543,0.08623510841494397
ES,2004,43,43.0,0.00166,-6.400937676613685,0.0015776684611466059,-6.451807179300242,0.05086950268655688
ES,2004,44,44.0,0.00193,-6.250235276065343,0.0017499611135179804,-6.348161712140469,0.09792643607512641
ES,2004,45,45.0,0.00215,-6.142287436842565,0.0019448371540838577,-6.242577030823652,0.10028959398108661
ES,2004,46,46.0,0.00223,-6.10575369351011,0.0021311779949876016,-6.151080402846246,0.045326709336135806
ES,2004,47,47.0,0.0025,-5.991464547107982,0.0023762209705878376,-6.0422438807169145,0.05077933360893283
ES,2004,48,48.0,0.0028,-5.8781358618009785,0.002619397145314446,-5.944811084893782,0.06667522309280383
ES,2004,49,49.0,0.00281,-5.874570795636482,0.0028561634344910544,-5.858276011180231,-0.01629478445625132
ES,2004,50,50.0,0.00322,-5.73837391942582,0.0031520335408272322,-5.75970746591773,0.02133354649190977
ES,2004,51,51.0,0.00352,-5.649294289372131,0.0034733858722857634,-5.662625405061569,0.013331115689438455
ES,2004,52,52.0,0.00365,-5.613028111387737,0.0037435882171788937,-5.587710711143415,-0.025317400244322386
ES,2004,53,53.0,0.0039,-5.546778725846536,0.004033100563730781,-5.51321982818463,-0.033558897661906784
ES,2004,54,54.0,0.00415,-5.48464694473953,0.004383806183911071,-5.4298379401880075,-0.05480900455152238
ES,2004,55,55.0,0.00451,-5.40145812546755,0.0046577253653807315,-5.369228069030461,-0.03223005643708898
ES,2004,56,56.0,0.00499,-5.30031936921871,0.005032710258095953,-5.291796621274217,-0.008522747944493148
ES,2004,57,57.0,0.00525,-5.249527202378605,0.005502966446401462,-5.202467978251568,-0.04705922412703689
ES,2004,58,58.0,0.00554,-5.195760778222945,0.005860195056383034,-5.139572389874995,-0.056188388347949925
ES,2004,59,59.0,0.00629,-5.068794208269788,0.006367630665364556,-5.05652783065147,-0.012266377618317392
ES,2004,60,60.0,0.0068,-4.990832666800076,0.006941763466215882,-4.970199434981595,-0.02063323181848098
ES,2004,61,61.0,0.00728,-4.922624416773543,0.007317746073967399,-4.917452911816411,-0.005171504957131923
ES,2004,62,62.0,0.00756,-4.884884088790695,0.007898267016676726,-4.841111908550807,-0.04377218023988849
ES,2004,63,63.0,0.00837,-4.783101394480753,0.00848348405894276,-4.769634057549143,-0.013467336931610063
ES,2004,64,64.0,0.00937,-4.670242182731807,0.009199642867058277,-4.688590614478625,0.018348431746818328
ES,2004,65,65.0,0.01027,-4.57852825504167,0.010089283958926838,-4.596281412553333,0.017753157511663176
ES,2004,66,66.0,0.01185,-4.435427411400997,0.010917506066824251,-4.517387716907506,0.08196030550650946
ES,2004,67,67.0,0.01252,-4.380427913310185,0.012001715006804465,-4.422705722172126,0.042277808861941324
ES,2004,68,68.0,0.0134,-4.312500572025272,0.01313808919525351,-4.332239695430509,0.019739123405237535
ES,2004,69,69.0,0.01481,-4.21245265070243,0.014549982949123776,-4.23016545724685,0.01771280654442009
ES,2004,70,70.0,0.01658,-4.099558129274988,0.01599114079034498,-4.135720410694582,0.03616228141959432
ES,2004,71,71.0,0.01812,-4.0107389783673035,0.017709387764778678,-4.033660397814389,0.022921419447085256
ES,2004,72,72.0,0.02043,-3.8907508701526066,0.019841482574024637,-3.9199804534039586,0.029229583251352054
ES,2004,73,73.0,0.02261,-3.7893629926922583,0.021963656091187937,-3.8183661875287473,0.029003194836489055
ES,2004,74,74.0,0.02507,-3.686083366811935,0.024858967511306975,-3.6945367258896904,0.008453359077755351
ES,2004,75,75.0,0.02872,-3.550161534802114,0.02787562896642509,-3.580002485638473,0.02984095083635907
ES,2004,76,76.0,0.03205,-3.440458095615458,0.031185474038815397,-3.4678028682597017,0.027344772644243953
ES,2004,77,77.0,0.03626,-3.317040073655432,0.03527966217617768,-3.34444862339456,0.027408549739127874
ES,2004,78,78.0,0.04058,-3.2044799445844685,0.03960587988572587,-3.228777689781283,0.024297745196814713
ES,2004,79,79.0,0.04531,-3.09422752030309,0.04485504471833128,-3.1043192170182876,0.010091696715197607
ES,2004,80,80.0,0.05131,-2.9698696140282634,0.051282584071296954,-2.97040407623338,0.0005344622051164372
ES,2004,81,81.0,0.05758,-2.854579993798107,0.05751531092443473,-2.8557040896775554,0.0011240958794482836
ES,2004,82,82.0,0.06558,-2.7244845075656348,0.06501295569013714,-2.733168710637953,0.008684203072318208
ES,2004,83,83.0,0.07477,-2.593338543970313,0.07343777001255374,-2.611316897883729,0.01797835391341618
ES,2004,84,84.0,0.08367,-2.4808747886746296,0.08220830994481894,-2.4984988878104706,0.017624099135840954
ES,2004,85,85.0,0.09575,-2.3460146509213815,0.09309670253235953,-2.3741165138831932,0.02810186296181172
ES,2005,20,20.0,0.00047,-7.66277786326017,0.000415420185311279,-7.786220055234665,0.1234421919744948
ES,2005,21,21.0,0.00049,-7.621105166859602,0.0003967467664165853,-7.8322123487697075,0.2111071819101058
ES,2005,22,22.0,0.00046,-7.6842840684811335,0.0004086136058377115,-7.802740577462328,0.1184565089811942
ES,2005,23,23.0,0.00047,-7.66277786326017,0.0004149492837760346,-7.787354252970145,0.12457638970997476
ES,2005,24,24.0,0.00046,-7.6842840684811335,0.000422131001803637,-7.770194861287632,0.08591079280649883
ES,2005,25,25.0,0.00049,-7.621105166859602,0.0004290653925442174,-7.7539012204795545,0.13279605361995284
ES,2005,26,26.0,0.00045,-7.706262975199909,0.0004178996408989369,-7.7802692478098,0.0740062726098909
ES,2005,27,27.0,0.00049,-7.621105166859602,0.0004491311820254144,-7.708195548026571,0.08709038116696899
ES,2005,28,28.0,0.00043,-7.751725349276666,0.00043969789832384794,-7.729422661584594,-0.022302687692072
ES,2005,29,29.0,0.0005,-7.600902459542082,0.0004747108361341617,-7.652804705336255,0.051902245794172686
ES,2005,30,30.0,0.00052,-7.5616817463888015,0.0004960050532526399,-7.608924443281889,0.04724269689308791
ES,2005,31,31.0,0.00062,-7.385791079925137,0.0005246172008968124,-7.5528417024742724,0.1670506225491355
ES,2005,32,32.0,0.0007,-7.264430222920869,0.0005383954224683113,-7.526917281771847,0.26248705885097756
ES,2005,33,33.0,0.00069,-7.278818960372969,0.0005881815615984788,-7.438474879499128,0.15965591912615906
ES,2005,34,34.0,0.00076,-7.182192124683898,0.0006385567901667207,-7.356299943351001,0.17410781866710323
ES,2005,35,35.0,0.00089,-7.024289095238089,0.0007057793660890661,-7.256207881934997,0.2319187866969079
ES,2005,36,36.0,0.0009,-7.013115794639964,0.0007649737889448815,-7.17566898754187,0.16255319290190684
ES,2005,37,37.0,0.001,-6.907755278982137,0.0008345728218835444,-7.088590554579147,0.18083527559701018
ES,2005,38,38.0,0.00114,-6.776727016575733,0.0009203156392772872,-6.990793860590826,0.21406684401509324
ES,2005,39,39.0,0.00119,-6.733801971858699,0.001016498774516044,-6.891391130488293,0.15758915862959366
ES,2005,40,40.0,0.00129,-6.653113060608557,0.0011407029018858509,-6.776110625981829,0.12299756537327244
ES,2005,41,41.0,0.00142,-6.557098407368968,0.001253948131553463,-6.681458200024413,0.12435979265544539
ES,2005,42,42.0,0.00153,-6.482487543577793,0.001379608363861594,-6.58595561439344,0.10346807081564702
ES,2005,43,43.0,0.0016,-6.437751649736401,0.0015417245719875844,-6.474853637183062,0.037101987446661155
ES,2005,44,44.0,0.00187,-6.281816848115642,0.0017088186307451236,-6.3719530064341425,0.09013615831850075
ES,2005,45,45.0,0.00198,-6.224658434275693,0.0019012555589445572,-6.265240790558329,0.040582356282635956
ES,2005,46,46.0,0.00218,-6.12843040218114,0.0020843083736370813,-6.1733181940430315,0.044887791861891735
ES,2005,47,47.0,0.00239,-6.036461913038718,0.002326601767014701,-6.063346545098229,0.026884632059511304
ES,2005,48,48.0,0.00254,-5.975591197951692,0.0025670070220535977,-5.965014641587098,-0.01057655636459387
ES,2005,49,49.0,0.00281,-5.874570795636482,0.002801418895256655,-5.877629241848593,0.0030584462121110434
ES,2005,50,50.0,0.00311,-5.773132552790995,0.0030942378140497682,-5.778213666808416,0.005081114017420951
ES,2005,51,51.0,0.00326,-5.726028083603521,0.0034127523482410126,-5.680236173002598,-0.045791910600923025
ES,2005,52,52.0,0.00362,-5.621281253144457,0.003683677833792928,-5.603843614523558,-0.01743763862089942
ES,2005,53,53.0,0.00382,-5.567504856363653,0.003972248682708009,-5.5284229258194895,-0.03908193054416387
ES,2005,54,54.0,0.00426,-5.458486118700858,0.004322043605598328,-5.444026931730771,-0.014459186970086968
ES,2005,55,55.0,0.00453,-5.397033339487194,0.004597336859857828,-5.38227808664876,-0.014755252838434707
ES,2005,56,56.0,0.00479,-5.341224867559313,0.004975539339356767,-5.303221504326554,-0.03800336323275921
ES,2005,57,57.0,0.00525,-5.249527202378605,0.005439227259057808,-5.2141182761713685,-0.03540892620723657
ES,2005,58,58.0,0.00567,-5.172566161242476,0.005796215333060428,-5.150550103202014,-0.022016058040462028
ES,2005,59,59.0,0.0064,-5.051457288616511,0.006301425948579672,-5.066979330151527,0.015522041535016129
ES,2005,60,60.0,0.00687,-4.980591172747879,0.0068706309306547884,-4.980499338441519,-9.183430635939516e-05
ES,2005,61,61.0,0.00724,-4.928134072584512,0.007249312469102478,-4.926848646460312,-0.0012854261242001286
ES,2005,62,62.0,0.0079,-4.840892519509161,0.007829592180615918,-4.849844854548381,0.008952335039220216
ES,2005,63,63.0,0.00846,-4.772406105364005,0.008411903056363539,-4.778107545653699,0.005701440289694659
ES,2005,64,64.0,0.00912,-4.697285474895897,0.009118414049350045,-4.697459388115507,0.00017391321961035544
ES,2005,65,65.0,0.01031,-4.574640980953268,0.009995971657800178,-4.6055731013675745,0.03093212041430604
ES,2005,66,66.0,0.01115,-4.496315781076009,0.010816346614034831,-4.526696713779062,0.030380932703052643
ES,2005,67,67.0,0.01246,-4.38523176562283,0.011883950470994943,-4.432566489095363,0.04733472347253276
ES,2005,68,68.0,0.01324,-4.324512728473275,0.01299702855321863,-4.343034520476687,0.018521792003411974
ES,2005,69,69.0,0.01508,-4.194385916402327,0.014388922568557014,-4.241296634509587,0.04691071810726033
ES,2005,70,70.0,0.01647,-4.106214734792588,0.015804769780511194,-4.147443499664796,0.04122876487220761
ES,2005,71,71.0,0.01824,-4.004138294335951,0.017492001983628266,-4.046011532029442,0.041873237693490495
ES,2005,72,72.0,0.02039,-3.8927106943957734,0.01957421547362694,-3.933542115884049,0.040831421488275677
ES,2005,73,73.0,0.02248,-3.7951292539566466,0.021664286601793495,-3.8320901529364617,0.03696089897981514
ES,2005,74,74.0,0.02581,-3.6569932652516144,0.02450200179864601,-3.7090004587020307,0.05200719345041627
ES,2005,75,75.0,0.02838,-3.5620706072502406,0.027463484979019653,-3.594897975587065,0.032827368336824314
ES,2005,76,76.0,0.03196,-3.4432701580840632,0.030714925436094925,-3.4830065719747627,0.039736413890699485
ES,2005,77,77.0,0.03628,-3.316488653735201,0.03473674653949124,-3.3599571742677488,0.04346852053254757
ES,2005,78,78.0,0.04112,-3.1912606578352274,0.03900087606777342,-3.2441711698285447,0.05291051199331731
ES,2005,79,79.0,0.0473,-3.0512449834842497,0.044180394574045226,-3.119474149974248,0.06822916648999833
ES,2005,80,80.0,0.05285,-2.9402975666658904,0.050484914907691615,-2.9860807020241213,0.045783135358230975
ES,2005,81,81.0,0.05972,-2.8180883063111475,0.05667045781407314,-2.8705022302365735,0.05241392392542599
ES,2005,82,82.0,0.06748,-2.6959240213043696,0.0640872498737858,-2.747509844766054,0.05158582346168439
ES,2005,83,83.0,0.07667,-2.568244781411334,0.07244459541751255,-2.624933210409806,0.05668842899847215
ES,2005,84,84.0,0.08541,-2.4602920890240814,0.08120538866706221,-2.5107736711215694,0.05048158209748799
ES,2005,85,85.0,0.09614,-2.341949816516322,0.09203914750835858,-2.3855412760443224,0.043591459528000254
ES,2006,20,20.0,0.00044,-7.728735831051967,0.00038440134567364355,-7.863823380162392,0.1350875491104251
ES,2006,21,21.0,0.00044,-7.728735831051967,0.00037068692286893314,-7.900152725287308,0.17141689423534068
ES,2006,22,22.0,0.00045,-7.706262975199909,0.0003810376483087181,-7.872612373260822,0.16634939806091342
ES,2006,23,23.0,0.00039,-7.849363818840582,0.0003875108542638948,-7.855766698559574,0.00640287971899145
ES,2006,24,24.0,0.00041,-7.799353398265921,0.00039544809359412107,-7.835491021862356,0.03613762359643502
ES,2006,25,25.0,0.00042,-7.77525584668686,0.0004034405531345365,-7.815481409151393,0.04022556246453313
ES,2006,26,26.0,0.00047,-7.66277786326017,0.00039435095628789616,-7.838269293150738,0.17549142989056765
ES,2006,27,27.0,0.00045,-7.706262975199909,0.00042186280345022015,-7.770830407095611,0.06456743189570169
ES,2006,28,28.0,0.00043,-7.751725349276666,0.0004152646452101212,-7.7865945416758775,0.03486919239921171
ES,2006,29,29.0,0.00045,-7.706262975199909,0.0004493819857131809,-7.707637284211892,0.0013743090119833212
ES,2006,30,30.0,0.00052,-7.5616817463888015,0.00047017492896052815,-7.662405743227699,0.1007239968388971
ES,2006,31,31.0,0.00055,-7.505592279737757,0.0004966481118942784,-7.607628806992853,0.1020365272550956
ES,2006,32,32.0,0.00059,-7.435388021064509,0.0005105193944193136,-7.580081930054136,0.14469390898962686
ES,2006,33,33.0,0.00058,-7.4524824544238095,0.0005581301060968151,-7.4909184577136525,0.03843600328984298
ES,2006,34,34.0,0.00068,-7.293417759794122,0.0006072954367995888,-7.406495169003697,0.11307740920957521
ES,2006,35,35.0,0.00074,-7.208860371766058,0.0006659057583308657,-7.314362401444231,0.10550202967817235
ES,2006,36,36.0,0.00084,-7.082108666126914,0.0007214768633422565,-7.23421024770422,0.15210158157730547
ES,2006,37,37.0,0.00092,-6.991136887921188,0.0007888478055120277,-7.144937151147133,0.15380026322594453
ES,2006,38,38.0,0.00102,-6.887952651685957,0.0008683586202849932,-7.0489057716194194,0.1609531199334624
ES,2006,39,39.0,0.00122,-6.708904420236972,0.0009589247855979966,-6.949697916190003,0.24079349595303157
ES,2006,40,40.0,0.00123,-6.700741109597811,0.0010761434200115265,-6.834371536151326,0.1336304265535153
ES,2006,41,41.0,0.00127,-6.668738378511637,0.001182382764029721,-6.740223584982706,0.07148520647106871
ES,2006,42,42.0,0.00143,-6.550080834710321,0.0013018203859825833,-6.6439916971063955,0.09391086239607471
ES,2006,43,43.0,0.00166,-6.400937676613685,0.0014572908988211202,-6.5311761156776935,0.13023843906400856
ES,2006,44,44.0,0.00186,-6.287178791257027,0.0016122964237956423,-6.430095766073302,0.1429169748162753
ES,2006,45,45.0,0.00189,-6.271178449910586,0.0017988134863737885,-6.320628005667659,0.04944955575707333
ES,2006,46,46.0,0.00213,-6.151633299260803,0.0019740571269702863,-6.227664398688333,0.07603109942752972
ES,2006,47,47.0,0.00224,-6.101279413115189,0.002209655515926957,-6.114918650748442,0.013639237633253032
ES,2006,48,48.0,0.00257,-5.9638493800750085,0.0024433396961389253,-6.014389447605449,0.0505400675304406
ES,2006,49,49.0,0.0026,-5.952243833954701,0.0026720055021208604,-5.924925964132889,-0.027317869821811946
ES,2006,50,50.0,0.00302,-5.802498447595359,0.0029574130542177556,-5.82344036094869,0.020941913353331287
ES,2006,51,51.0,0.00329,-5.716867714204857,0.0032689888957397233,-5.723274548082871,0.0064068338780138845
ES,2006,52,52.0,0.00358,-5.632392478569528,0.0035412684913421165,-5.64327028513403,0.010877806564502102
ES,2006,53,53.0,0.00388,-5.551920125346955,0.0038273704627675514,-5.5655772748281285,0.01365714948117347
ES,2006,54,54.0,0.00418,-5.477444032445472,0.00417474107611423,-5.478702940299685,0.0012589078542131205
ES,2006,55,55.0,0.00432,-5.444499876726118,0.004453029649253895,-5.4141705943997716,-0.030329282326346352
ES,2006,56,56.0,0.00486,-5.326716841069735,0.004838539309802458,-5.331142399298382,0.004425558228646764
ES,2006,57,57.0,0.00524,-5.251433780649187,0.005286546641338692,-5.242590055105049,-0.00884372554413737
ES,2006,58,58.0,0.00555,-5.193957351223794,0.005642781423577389,-5.177378174826943,-0.016579176396851025
ES,2006,59,59.0,0.0061,-5.099466507802871,0.00614251258238984,-5.0925214051559236,-0.006945102646947809
ES,2006,60,60.0,0.00674,-4.999695354057922,0.006699844693810876,-5.005670932882105,0.005975578824183536
ES,2006,61,61.0,0.00685,-4.983506626708003,0.007084750848271463,-4.949810572545137,-0.03369605416286614
ES,2006,62,62.0,0.00772,-4.863940914945452,0.0076642623048778285,-4.871187013314992,0.007246098369539489
ES,2006,63,63.0,0.0081,-4.815891217303744,0.00823949993970878,-4.798815623830829,-0.01707559347291454
ES,2006,64,64.0,0.0091,-4.699480865459333,0.008922906973686225,-4.719133491571093,0.01965262611176044
ES,2006,65,65.0,0.00991,-4.61421093064024,0.009771544364802579,-4.628280753280064,0.014069822639823926
ES,2006,66,66.0,0.01052,-4.554477071672573,0.01057305321351043,-4.54944666428211,-0.005030407390463232
ES,2006,67,67.0,0.0116,-4.456750180869818,0.011600989390368412,-4.456664892233858,-8.528863595991254e-05
ES,2006,68,68.0,0.01288,-4.352079558305929,0.012658635639536354,-4.369415637462558,0.017336079156629047
ES,2006,69,69.0,0.0141,-4.261580481598014,0.014002775043916367,-4.268499751586758,0.006919269988744148
ES,2006,70,70.0,0.01519,-4.187117962374455,0.01535839313646475,-4.1760931702463955,-0.011024792128059957
ES,2006,71,71.0,0.0172,-4.06284589516273,0.016971903089580992,-4.0761960616759785,0.013350166513248496
ES,2006,72,72.0,0.01945,-3.939908208917682,0.018936102086683435,-3.966685015642008,0.026776806724326363
ES,2006,73,73.0,0.02075,-3.87520903230543,0.02094972625120696,-3.8656296994675254,-0.009579332837904353
ES,2006,74,74.0,0.02362,-3.745661468212921,0.02365104690564538,-3.74434789840045,-0.0013135698124711048
ES,2006,75,75.0,0.0265,-3.6306105459899607,0.026481720609763913,-3.631300572314172,0.0006900263242113347
ES,2006,76,76.0,0.02943,-3.5257407167367556,0.02959462854591594,-3.5201624021628204,-0.005578314573935206
ES,2006,77,77.0,0.03386,-3.3855209022771477,0.033444831773348234,-3.397858010373639,0.012337108096491356
ES,2006,78,78.0,0.03786,-3.2738601332009605,0.03756093287070568,-3.2817907881372532,0.007930654936292747
ES,2006,79,79.0,0.04297,-3.1472530811952333,0.04257403192026712,-3.156510790912287,0.009257709717053864
ES,2006,80,80.0,0.04871,-3.0218709311636855,0.048587339269162796,-3.0243922908789806,0.0025213597152951017
ES,2006,81,81.0,0.05463,-2.9071720965745107,0.05465760487760948,-2.9066669180004636,-0.0005051785740470827
ES,2006,82,82.0,0.06139,-2.790508323542732,0.06188003611903791,-2.7825576695825824,-0.007950653960149712
ES,2006,83,83.0,0.06942,-2.667580268548497,0.07007356448054776,-2.6582096676131415,-0.009370600935355355
ES,2006,84,84.0,0.07888,-2.539827568687757,0.07880556921396996,-2.540771609311498,0.0009440406237408716
ES,2006,85,85.0,0.09028,-2.404839327032802,0.08950490277666663,-2.413461875574116,0.008622548541314057
ES,2007,20,20.0,0.00042,-7.77525584668686,0.00037010376559537653,-7.901727144088997,0.12647129740213714
ES,2007,21,21.0,0.00034,-7.986564940354067,0.00035858787162742627,-7.933336818816883,-0.053228121537183704
ES,2007,22,22.0,0.0004,-7.824046010856292,0.0003682531939972057,-7.906739829211204,0.08269381835491174
ES,2007,23,23.0,0.00039,-7.849363818840582,0.0003747762545429482,-7.889181364615163,0.03981754577458041
ES,2007,24,24.0,0.00041,-7.799353398265921,0.0003830352249149785,-7.867383601955321,0.06803020368940071
ES,2007,25,25.0,0.00041,-7.799353398265921,0.00039148670649146567,-7.845558998431838,0.04620560016591746
ES,2007,26,26.0,0.00045,-7.706262975199909,0.00038333616654365605,-7.866598234318951,0.16033525911904167
ES,2007,27,27.0,0.00042,-7.77525584668686,0.00040915228810992717,-7.801423128656705,0.026167281969844858
ES,2007,28,28.0,0.00044,-7.728735831051967,0.00040382902202565005,-7.814518982390736,0.08578315133876924
ES,2007,29,29.0,0.00047,-7.66277786326017,0.000437506436235198,-7.734419140880078,0.07164127761990802
ES,2007,30,30.0,0.0005,-7.600902459542082,0.00045805211357863876,-7.688527595216925,0.08762513567484298
ES,2007,31,31.0,0.00051,-7.5810998322459024,0.00048353422838617893,-7.63438845263727,0.053288620391367836
ES,2007,32,32.0,0.00049,-7.621105166859602,0.0004974332804606918,-7.606049119985877,-0.01505604687372486
ES,2007,33,33.0,0.00058,-7.4524824544238095,0.0005440151535787574,-7.516533455652994,0.06405100122918483
ES,2007,34,34.0,0.00064,-7.354042381610556,0.000592587506885366,-7.431012004914456,0.07696962330390011
ES,2007,35,35.0,0.00069,-7.278818960372969,0.0006472572149087992,-7.342766792374594,0.06394783200162468
ES,2007,36,36.0,0.00079,-7.143477612503207,0.0007011396087252915,-7.262803534231906,0.1193259217286986
ES,2007,37,37.0,0.00084,-7.082108666126914,0.0007674336751887834,-7.172458498929198,0.09034983280228381
ES,2007,38,38.0,0.00097,-6.938214486466846,0.0008440579949738987,-7.077289351304994,0.13907486483814857
ES,2007,39,39.0,0.00112,-6.794426593675134,0.0009320009924286092,-6.978176678441686,0.18375008476655275
ES,2007,40,40.0,0.00121,-6.717134919373487,0.0010459519080192783,-6.862827891433401,0.14569297205991383
ES,2007,41,41.0,0.00133,-6.622576336748475,0.00114892754566904,-6.768926340703413,0.1463500039549377
ES,2007,42,42.0,0.00159,-6.444021262749997,0.0012654363950171043,-6.672338239995189,0.22831697724519184
ES,2007,43,43.0,0.00158,-6.450330431943262,0.0014177478557854965,-6.558685683477913,0.10835525153465131
ES,2007,44,44.0,0.00169,-6.383026750047155,0.0015671534206862575,-6.458494413134579,0.07546766308742381
ES,2007,45,45.0,0.00194,-6.2450673059069,0.0017508029580432976,-6.347680763110866,0.1026134572039652
ES,2007,46,46.0,0.00199,-6.219620640245736,0.0019223465152985125,-6.25420869576711,0.03458805552137356
ES,2007,47,47.0,0.00229,-6.079203461415989,0.0021546909084687203,-6.1401079956583935,0.06090453424240483
ES,2007,48,48.0,0.00242,-6.023987738813542,0.0023851206563641624,-6.038505566250938,0.014517827437396491
ES,2007,49,49.0,0.00264,-5.936976361823913,0.0026109866948306024,-5.948027085091763,0.01105072326785006
ES,2007,50,50.0,0.00297,-5.819193326167529,0.0028927999101974883,-5.845530418809874,0.026337092642345183
ES,2007,51,51.0,0.00314,-5.763532479061975,0.003200988002473954,-5.744295766057057,-0.019236713004917583
ES,2007,52,52.0,0.00349,-5.657853542767802,0.0034737261608028076,-5.662527439600326,0.004673896832524171
ES,2007,53,53.0,0.00389,-5.549346121351782,0.003758540506589259,-5.583724560076301,0.03437843872451918
ES,2007,54,54.0,0.0042,-5.472670753692815,0.004104629768087366,-5.495639730623259,0.02296897693044464
ES,2007,55,55.0,0.00438,-5.430706554593782,0.004384201181600997,-5.429747840425604,-0.0009587141681786093
ES,2007,56,56.0,0.00464,-5.373040912743973,0.004773002143208422,-5.344779791930944,-0.02826112081302945
ES,2007,57,57.0,0.00511,-5.276555874766524,0.005213538308640393,-5.256496515791853,-0.02005935897467115
ES,2007,58,58.0,0.0057,-5.1672891041416324,0.00556932286783002,-5.190481800147436,0.02319269600580398
ES,2007,59,59.0,0.00582,-5.14645501723879,0.00606635765039938,-5.104996911612172,-0.041458105626618114
ES,2007,60,60.0,0.00682,-4.987895807126766,0.00661797739183977,-5.017965485650569,0.0300696785238026
ES,2007,61,61.0,0.00706,-4.953310227476987,0.0070057372547687475,-4.961025857797797,0.0077156303208099075
ES,2007,62,62.0,0.00745,-4.899541246590669,0.007584783906271884,-4.8816111562022595,-0.017930090388409425
ES,2007,63,63.0,0.00809,-4.8171265479117364,0.008156582059882676,-4.808930062965114,-0.008196484946622284
ES,2007,64,64.0,0.00914,-4.695094893516078,0.008828944862890169,-4.729719766082739,0.03462487256666069
ES,2007,65,65.0,0.00947,-4.65962637178415,0.009663766078936471,-4.639371843490697,-0.020254528293452978
ES,2007,66,66.0,0.01055,-4.5516294190600615,0.01045621841015962,-4.560558414378032,0.008928995317970312
ES,2007,67,67.0,0.01189,-4.432057568279447,0.011465241869446342,-4.468435266562797,0.036377698283350135
ES,2007,68,68.0,0.01303,-4.3405008878453835,0.01249657144258036,-4.382300956890352,0.04180006904496825
ES,2007,69,69.0,0.01427,-4.249595847493392,0.013817953415367977,-4.281786560221841,0.032190712728448645
ES,2007,70,70.0,0.01557,-4.16240929313623,0.015144974496091144,-4.190086518486451,0.02767722535022088
ES,2007,71,71.0,0.01685,-4.0834046221837665,0.01672352144814582,-4.090939080573989,0.007534458390222376
ES,2007,72,72.0,0.019,-3.9633162998156966,0.018632032721855495,-3.982872990183547,0.01955669036785057
ES,2007,73,73.0,0.02098,-3.864185676013986,0.020609329691894933,-3.8820114080489914,0.01782573203500526
ES,2007,74,74.0,0.02422,-3.720576540857191,0.0232462224460566,-3.7616126355877615,0.04103609473057057
ES,2007,75,75.0,0.02675,-3.6212208056401214,0.026015033943678656,-3.649080679467373,0.027859873827251747
ES,2007,76,76.0,0.0297,-3.516608233173483,0.029062389120137318,-3.5383104108629215,0.021702177689438606
ES,2007,77,77.0,0.03313,-3.4073160626703327,0.03283140007912008,-3.4163699020447305,0.009053839374397743
ES,2007,78,78.0,0.03794,-3.2717493144752687,0.03687707020662581,-3.300165324701379,0.028416010226110178
ES,2007,79,79.0,0.04258,-3.1563706195168035,0.04181080065091817,-3.174600584050111,0.018229964533307275
ES,2007,80,80.0,0.04857,-3.0247492226244836,0.047686601746241196,-3.0431048063666886,0.018355583742204917
ES,2007,81,81.0,0.05533,-2.8944400220721187,0.05370061508882739,-2.9243308233648087,0.02989080129268995
ES,2007,82,82.0,0.0625,-2.772588722239781,0.06082976426401272,-2.7996760659814983,0.027087343741717174
ES,2007,83,83.0,0.07149,-2.6381976992033764,0.06894384987730846,-2.6744628755694198,0.03626517636604332
ES,2007,84,84.0,0.08041,-2.5206167324220794,0.07765933704012723,-2.5554234914118443,0.03480675898976493
ES,2007,85,85.0,0.09149,-2.391525602290693,0.08829258730260295,-2.427099123904032,0.03557352161333904
ES,2008,20,20.0,0.00038,-7.875339305243843,0.00035126045865411116,-7.953982562231882,0.07864325698803931
ES,2008,21,21.0,0.00034,-7.986564940354067,0.00034255253032059444,-7.979085538823645,-0.007479401530422258
ES,2008,22,22.0,0.00034,-7.986564940354067,0.0003513284206012636,-7.953789100737199,-0.032775839616868474
ES,2008,23,23.0,0.00035,-7.957577403480815,0.0003579032141152352,-7.935247959748586,-0.022329443732228782
ES,2008,24,24.0,0.00045,-7.706262975199909,0.00036655873230869785,-7.911351797611048,0.20508882241113913
ES,2008,25,25.0,0.00039,-7.849363818840582,0.00037558528601125396,-7.887024986021436,0.037661167180853994
ES,2008,26,26.0,0.00036,-7.929406526514119,0.0003686534643615612,-7.905653476145505,-0.023753050368613415
ES,2008,27,27.0,0.00042,-7.77525584668686,0.0003922546565144297,-7.8435992951292315,0.06834344844237172
ES,2008,28,28.0,0.00043,-7.751725349276666,0.0003885780271901755,-7.85301656613431,0.10129121685764453
ES,2008,29,29.0,0.00043,-7.751725349276666,0.00042164723927615844,-7.7713415193950155,0.019616170118349707
ES,2008,30,30.0,0.00044,-7.728735831051967,0.0004418500137711755,-7.7245400688331785,-0.004195762218788701
ES,2008,31,31.0,0.00045,-7.706262975199909,0.00046602083698444913,-7.671280210279391,-0.03498276492051833
ES,2008,32,32.0,0.00049,-7.621105166859602,0.0004799405234450312,-7.641848371229271,0.020743204369669144
ES,2008,33,33.0,0.00054,-7.523941418405954,0.0005251392129304238,-7.551847163036813,0.02790574463085882
ES,2008,34,34.0,0.00061,-7.402051600796917,0.0005728929119961861,-7.46481174877467,0.06276014797775264
ES,2008,35,35.0,0.00068,-7.293417759794122,0.0006224009543208169,-7.381926051809467,0.08850829201534527
ES,2008,36,36.0,0.00078,-7.156216638280637,0.0006740385778242241,-7.30222321156202,0.1460065732813831
ES,2008,37,37.0,0.00079,-7.143477612503207,0.0007388612820072792,-7.210400365045512,0.06692275254230484
ES,2008,38,38.0,0.00085,-7.070274208479912,0.0008116673902400066,-7.116419919649964,0.04614571117005184
ES,2008,39,39.0,0.00099,-6.917805614835639,0.0008961179897146416,-7.017438468709669,0.09963285387402987
ES,2008,40,40.0,0.00113,-6.785537646257888,0.0010057127441330037,-6.902058790690972,0.11652114443308381
ES,2008,41,41.0,0.00123,-6.700741109597811,0.0011043515642007629,-6.808496935986322,0.10775582638851144
ES,2008,42,42.0,0.00134,-6.615085665019317,0.0012169375899755246,-6.711417748152409,0.09633208313309272
ES,2008,43,43.0,0.00151,-6.495645628155304,0.001364985723586919,-6.596611309310591,0.10096568115528637
ES,2008,44,44.0,0.00169,-6.383026750047155,0.0015069828285284804,-6.497645753876166,0.11461900382901113
ES,2008,45,45.0,0.00189,-6.271178449910586,0.0016867079394034716,-6.3849766146482,0.11379816473761384
ES,2008,46,46.0,0.00203,-6.1997194859284415,0.0018532701224666477,-6.2908035665521425,0.09108408062370099
ES,2008,47,47.0,0.00228,-6.083579836015788,0.0020811495216257695,-6.174834883298463,0.09125504728267586
ES,2008,48,48.0,0.00239,-6.036461913038718,0.0023071255783429674,-6.0717528676599395,0.03529095462122189
ES,2008,49,49.0,0.00276,-5.892524599253078,0.0025291422226343544,-5.979875076167604,0.08735047691452547
ES,2008,50,50.0,0.00306,-5.789340363017848,0.0028060302302985365,-5.875984523910672,0.08664416089282412
ES,2008,51,51.0,0.00315,-5.7603528261445955,0.0031095528783813766,-5.773276332135953,0.012923505991357054
ES,2008,52,52.0,0.00353,-5.646457408036931,0.0033827171302929135,-5.689076007727411,0.04261859969047954
ES,2008,53,53.0,0.00374,-5.588669667555696,0.003665674124734655,-5.608743024750093,0.020073357194396735
ES,2008,54,54.0,0.00403,-5.513988903023545,0.004009898435370086,-5.518989365822298,0.0050004627987529915
ES,2008,55,55.0,0.00434,-5.4398809308698235,0.004291052828363159,-5.451223161614566,0.011342230744742388
ES,2008,56,56.0,0.00458,-5.386056280856043,0.00468410336762244,-5.363580765253095,-0.022475515602947915
ES,2008,57,57.0,0.00499,-5.30031936921871,0.005114536827509279,-5.275668435485202,-0.024650933733507685
ES,2008,58,58.0,0.00561,-5.183204559447532,0.00546961579440167,-5.208546903698523,0.025342344250991466
ES,2008,59,59.0,0.00575,-5.158555424172878,0.005962913535385172,-5.122196069133254,-0.03635935503962351
ES,2008,60,60.0,0.00651,-5.034415822761659,0.006506750033231555,-5.034915174263022,0.0004993515013627103
ES,2008,61,61.0,0.00687,-4.980591172747879,0.006898249249680987,-4.976487631504607,-0.00410354124327128
ES,2008,62,62.0,0.0075,-4.892852258439873,0.007476561881787151,-4.895982234135579,0.0031299756957068325
ES,2008,63,63.0,0.00791,-4.839627497202574,0.00804363508659373,-4.822874172770837,-0.01675332443173705
ES,2008,64,64.0,0.00835,-4.785493740119373,0.008701025695921261,-4.744314364187892,-0.041179375931480244
ES,2008,65,65.0,0.00929,-4.6788167261563895,0.009517125703303042,-4.654662397688412,-0.024154328467977493
ES,2008,66,66.0,0.0101,-4.595219855134923,0.01029725987187295,-4.575877450996294,-0.0193424041386292
ES,2008,67,67.0,0.01104,-4.506230238133188,0.0112806963129045,-4.484662304950014,-0.021567933183174404
ES,2008,68,68.0,0.01193,-4.428699042872313,0.012276540717068156,-4.40006509651268,-0.028633946359632567
ES,2008,69,69.0,0.01384,-4.280192328792613,0.013567145153540495,-4.300104206520905,0.019911877728292282
ES,2008,70,70.0,0.01528,-4.1812104952437625,0.01485560231935079,-4.209378224315959,0.028167729072196224
ES,2008,71,71.0,0.0164,-4.110473944151984,0.01638704315599948,-4.111264307870564,0.0007903637185799894
ES,2008,72,72.0,0.01836,-3.9975808937897925,0.01822082182569038,-4.005190282476536,0.007609388686743657
ES,2008,73,73.0,0.0201,-3.907035463917107,0.02014909733871917,-3.904595788678762,-0.002439675238345096
ES,2008,74,74.0,0.0228,-3.780994743021742,0.02269945441222477,-3.785414389487373,0.0044196464656307555
ES,2008,75,75.0,0.02565,-3.6632117073653587,0.025385098764390844,-3.67359293993087,0.010381232565511489
ES,2008,76,76.0,0.02882,-3.546685688410761,0.028344284532865412,-3.5633298729121474,0.016644184501386494
ES,2008,77,77.0,0.03227,-3.4336172729182666,0.03200410748433446,-3.4418910255342556,0.00827375261598906
ES,2008,78,78.0,0.03631,-3.3156620935558925,0.035954641769858915,-3.32549708576868,0.009834992212787608
ES,2008,79,79.0,0.0413,-3.18689277901515,0.040780967545144195,-3.1995397881451364,0.012647009129986397
ES,2008,80,80.0,0.04725,-3.0523026250423855,0.04647212926755145,-3.068902516673476,0.016599891631090546
ES,2008,81,81.0,0.05309,-2.935766692386557,0.05240868882711797,-2.9486828840898998,0.012916191703342683
ES,2008,82,82.0,0.06167,-2.7859576899787357,0.05941098901372902,-2.823276069492842,0.037318379514106326
ES,2008,83,83.0,0.06851,-2.6807755589673294,0.06741618874115701,-2.6968701008667066,0.0160945418993772
ES,2008,84,84.0,0.0787,-2.5421121235587796,0.07610638807890058,-2.57562307441939,0.0335109508606104
ES,2008,85,85.0,0.08855,-2.4241879147532943,0.08664812530722683,-2.445899898285648,0.021711983532353596
ES,2009,20,20.0,0.00029,-8.145629634983754,0.00033578233673241703,-7.999047415262907,-0.14658221972084728
ES,2009,21,21.0,0.00033,-8.016417903503749,0.00032930076590624856,-8.018539042722988,0.0021211392192395095
ES,2009,22,22.0,0.00032,-8.047189562170502,0.0003373585674794074,-7.994364194801859,-0.05282536736864252
ES,2009,23,23.0,0.00035,-7.957577403480815,0.00034396329811070835,-7.974975597821461,0.01739819434064671
ES,2009,24,24.0,0.00033,-8.016417903503749,0.00035291977794937445,-7.949269784791758,-0.06714811871199089
ES,2009,25,25.0,0.0004,-7.824046010856292,0.00036239163022053347,-7.922785079480107,0.09873906862381521
ES,2009,26,26.0,0.00041,-7.799353398265921,0.0003564435938713828,-7.939334552587994,0.13998115432207303
ES,2009,27,27.0,0.00037,-7.902007552326004,0.0003782437065107643,-7.879971843872394,-0.022035708453610248
ES,2009,28,28.0,0.00041,-7.799353398265921,0.0003758889813314382,-7.886216720589297,0.08686332232337612
ES,2009,29,29.0,0.00041,-7.799353398265921,0.0004084327746774592,-7.803183223479781,0.0038298252138604383
ES,2009,30,30.0,0.00039,-7.849363818840582,0.0004283383767937144,-7.755597074756708,-0.09376674408387409
ES,2009,31,31.0,0.00045,-7.706262975199909,0.00045142762044406035,-7.703095507052107,-0.0031674681478017774
ES,2009,32,32.0,0.00044,-7.728735831051967,0.00046534965203846266,-7.672721495074399,-0.056014335977567775
ES,2009,33,33.0,0.0005,-7.600902459542082,0.0005093874890457565,-7.58230155589768,-0.018600903644402145
ES,2009,34,34.0,0.00058,-7.4524824544238095,0.0005564348273124542,-7.493960505854402,0.0414780514305928
ES,2009,35,35.0,0.0006,-7.418580902748128,0.0006017329398475466,-7.415696832600292,-0.002884070147835871
ES,2009,36,36.0,0.00069,-7.278818960372969,0.000651509502684085,-7.336218575651434,0.05739961527846482
ES,2009,37,37.0,0.0007,-7.264430222920869,0.00071507632625986,-7.2431212709538535,-0.021308951967015766
ES,2009,38,38.0,0.00086,-7.05857816871672,0.0007847338381434942,-7.150165957365415,0.09158778864869443
ES,2009,39,39.0,0.00084,-7.082108666126914,0.0008662840753069568,-7.051297671660136,-0.03081099446677804
ES,2009,40,40.0,0.00105,-6.8589651148127055,0.000972256058657516,-6.935891353363862,0.07692623855115688
ES,2009,41,41.0,0.0012,-6.725433722188183,0.001067300782288793,-6.842622451084075,0.1171887288958926
ES,2009,42,42.0,0.00126,-6.676643558018751,0.0011766077700066358,-6.745119751776499,0.06847619375774805
ES,2009,43,43.0,0.00136,-6.600270579234176,0.0013210634673518735,-6.629318209666566,0.029047630432390115
ES,2009,44,44.0,0.00147,-6.522492878191493,0.0014569505300802458,-6.531409705619176,0.008916827427683849
ES,2009,45,45.0,0.0018,-6.319968614080018,0.001633320205037421,-6.41714040029816,0.0971717862181416
ES,2009,46,46.0,0.00194,-6.2450673059069,0.0017956955674450152,-6.322362829346814,0.07729552343991397
ES,2009,47,47.0,0.00218,-6.12843040218114,0.0020197466317189317,-6.204783205278117,0.07635280309697734
ES,2009,48,48.0,0.00225,-6.0968250627658085,0.002241914253303061,-6.100425200691089,0.0036001379252805776
ES,2009,49,49.0,0.00261,-5.948405057647535,0.0024606231457204135,-6.007340649847287,0.05893559219975231
ES,2009,50,50.0,0.00284,-5.863951226809022,0.00273329341929793,-5.902248016182539,0.03829678937351666
ES,2009,51,51.0,0.003,-5.809142990314028,0.00303279982778264,-5.798269050547089,-0.010873939766939067
ES,2009,52,52.0,0.0032,-5.744604469176456,0.003306148436977273,-5.711971381324074,-0.03263308785238195
ES,2009,53,53.0,0.00363,-5.618522630705377,0.0035874313155962356,-5.630318843558076,0.011796212852698496
ES,2009,54,54.0,0.00417,-5.479839243171427,0.003929960149991632,-5.539125993103616,0.05928674993218852
ES,2009,55,55.0,0.0042,-5.472670753692815,0.004212312947813643,-5.469743388369395,-0.0029273653234200836
ES,2009,56,56.0,0.00461,-5.37952742197358,0.0046087682634562005,-5.3797946456451005,0.00026722367152043347
ES,2009,57,57.0,0.00507,-5.284414461379045,0.005030669418840303,-5.292202218469025,0.007787757089979586
ES,2009,58,58.0,0.00528,-5.243829181263967,0.005385063517966696,-5.22412617309206,-0.0197030081719074
ES,2009,59,59.0,0.00581,-5.148174708118317,0.0058751214295308975,-5.137028550309189,-0.011146157809127644
ES,2009,60,60.0,0.00611,-5.097828505798633,0.006412330417170155,-5.049532514500415,-0.048295991298218155
ES,2009,61,61.0,0.00657,-5.025241446485618,0.00680687736848513,-4.98982180017954,-0.03541964630607808
ES,2009,62,62.0,0.00753,-4.888860237170335,0.007384472520402165,-4.908375791358518,0.019515554188182627
ES,2009,63,63.0,0.00772,-4.863940914945452,0.007947486892236205,-4.8348995144746425,-0.02904140047080972
ES,2009,64,64.0,0.00836,-4.784296851885527,0.008592198107579635,-4.756900684267797,-0.027396167617729894
ES,2009,65,65.0,0.0095,-4.656463480375642,0.009392451846072033,-4.667848907378158,0.011385427002515769
ES,2009,66,66.0,0.00998,-4.607172188658764,0.010162116680802214,-4.589088523805839,-0.018083664852925452
ES,2009,67,67.0,0.01105,-4.505324851018375,0.011123932232138822,-4.498656434669714,-0.006668416348660777
ES,2009,68,68.0,0.01191,-4.430376895614928,0.012089900843990392,-4.415384815878697,-0.01499207973623129
ES,2009,69,69.0,0.01323,-4.325268300855273,0.013354508073643244,-4.315901267719123,-0.00936703313614995
ES,2009,70,70.0,0.0142,-4.254513314374922,0.014610492991491246,-4.226015310360267,-0.028498004014655187
ES,2009,71,71.0,0.01598,-4.136417338644009,0.01610230743228751,-4.1287926984852525,-0.00762464015875608
ES,2009,72,72.0,0.01814,-4.009635834295146,0.017873490856520076,-4.024436621573545,0.014800787278399063
ES,2009,73,73.0,0.01976,-3.9240955866624154,0.019760456916302085,-3.9240724636351145,-2.3123027300897547e-05
ES,2009,74,74.0,0.02217,-3.809015255353917,0.022238262847259254,-3.805940922036277,-0.0030743333176399545
ES,2009,75,75.0,0.02492,-3.6920845850628847,0.02485410844428773,-3.694732210354947,0.0026476252920621945
ES,2009,76,76.0,0.02758,-3.5906644066169813,0.02773925969149773,-3.5849065518525136,-0.0057578547644676625
ES,2009,77,77.0,0.03124,-3.4660559540106517,0.03130741416538788,-3.463900335192773,-0.002155618817878846
ES,2009,78,78.0,0.03502,-3.351835952124431,0.03517769401260511,-3.347343090069965,-0.004492862054465974
ES,2009,79,79.0,0.0402,-3.2138882833571616,0.039913237109986156,-3.2210472529630416,0.007158969605880028
ES,2009,80,80.0,0.04607,-3.0775933000343114,0.045449641160834095,-3.091150353640992,0.01355705360668047
ES,2009,81,81.0,0.0521,-2.954590330222816,0.05131952479449736,-2.969683998932729,0.015093668709913022
ES,2009,82,82.0,0.05898,-2.830556875595007,0.058214045988460174,-2.843628613354653,0.013071737759646318
ES,2009,83,83.0,0.06667,-2.7080002023521685,0.06612595161138818,-2.7161939978087264,0.00819379545655785
ES,2009,84,84.0,0.07462,-2.595346711189125,0.07479209286673749,-2.593043109927171,-0.002303601261953947
ES,2009,85,85.0,0.08491,-2.466163406970865,0.08525456574622525,-2.462113607112171,-0.004049799858693692
ES,2010,20,20.0,0.00032,-8.047189562170502,0.0003080499841259431,-8.085248502034476,0.03805893986397457
ES,2010,21,21.0,0.00026,-8.254828926948747,0.00030536382851726723,-8.094006611888883,-0.160822315059864
ES,2010,22,22.0,0.00032,-8.047189562170502,0.00031216546711566526,-8.071977167417668,0.024787605247166056
ES,2010,23,23.0,0.0003,-8.111728083308073,0.0003187933288330342,-8.05096753713594,-0.060760546172133445
ES,2010,24,24.0,0.0003,-8.111728083308073,0.0003282286193118539,-8.021800182281737,-0.08992790102633563
ES,2010,25,25.0,0.00034,-7.986564940354067,0.0003384318523758515,-7.991187808255638,0.004622867901570515
ES,2010,26,26.0,0.00028,-8.180720954795024,0.0003342034930692425,-8.00376048982516,-0.17696046496986462
ES,2010,27,27.0,0.00032,-8.047189562170502,0.0003528222774257214,-7.949546091194446,-0.09764347097605519
ES,2010,28,28.0,0.00033,-8.016417903503749,0.0003527599575807367,-7.949722739193942,-0.06669516430980682
ES,2010,29,29.0,0.00037,-7.902007552326004,0.0003842985755576228,-7.864090766989929,-0.037916785336074454
ES,2010,30,30.0,0.00039,-7.849363818840582,0.0004036333548412056,-7.815003629586395,-0.034360189254186935
ES,2010,31,31.0,0.00038,-7.875339305243843,0.00042477432161095255,-7.76395253804875,-0.11138676719509277
ES,2010,32,32.0,0.00044,-7.728735831051967,0.0004386642183473777,-7.731776316037672,0.003040484985704417
ES,2010,33,33.0,0.00046,-7.6842840684811335,0.0004805614651399853,-7.640555418609001,-0.04372864987213276
ES,2010,34,34.0,0.0005,-7.600902459542082,0.0005262590802781289,-7.549716918431263,-0.05118554111081952
ES,2010,35,35.0,0.00055,-7.505592279737757,0.0005640913461188016,-7.480294358376966,-0.025297921360791342
ES,2010,36,36.0,0.00062,-7.385791079925137,0.0006104918040250133,-7.401245689524084,0.0154546095989474
ES,2010,37,37.0,0.00067,-7.308232845579262,0.0006716920563678355,-7.305710571922118,-0.0025222736571439697
ES,2010,38,38.0,0.00074,-7.208860371766058,0.0007356793837731402,-7.21471615401875,0.005855782252691455
ES,2010,39,39.0,0.00083,-7.09408485717363,0.0008119560593430918,-7.11606433337631,0.021979476202679926
ES,2010,40,40.0,0.00096,-6.9485772735023925,0.0009113285692630923,-7.000607056944714,0.052029783442321786
ES,2010,41,41.0,0.00105,-6.8589651148127055,0.0009998567684435316,-6.907898520797224,0.048933405984518785
ES,2010,42,42.0,0.00121,-6.717134919373487,0.0011031498193064882,-6.8095857190076785,0.09245079963419123
ES,2010,43,43.0,0.00133,-6.622576336748475,0.0012409467030082757,-6.691880720492322,0.06930438374384718
ES,2010,44,44.0,0.00152,-6.489044944123952,0.001365828371786387,-6.595994168636211,0.10694922451225874
ES,2010,45,45.0,0.00163,-6.419175264163466,0.001535861175569515,-6.478664028829816,0.05948876466634978
ES,2010,46,46.0,0.00189,-6.271178449910586,0.0016905013915381264,-6.382730112664867,0.11155166275428119
ES,2010,47,47.0,0.00207,-6.18020667170486,0.0019072954331796185,-6.262069043974935,0.08186237227007531
ES,2010,48,48.0,0.00219,-6.123853735153728,0.002122267262345187,-6.155270298396388,0.03141656324266062
ES,2010,49,49.0,0.00248,-5.999496718805246,0.0023346870313547424,-6.0598774305256455,0.06038071172039938
ES,2010,50,50.0,0.00271,-5.910806644090528,0.0025993719315825893,-5.952485427912098,0.04167878382157042
ES,2010,51,51.0,0.00302,-5.802498447595359,0.0028912229599818004,-5.846075696824901,0.04357724922954187
ES,2010,52,52.0,0.00338,-5.68987956948721,0.003164481125456991,-5.755766178229653,0.06588660874244301
ES,2010,53,53.0,0.00352,-5.649294289372131,0.0034423890211996645,-5.671589565731612,0.02229527635948081
ES,2010,54,54.0,0.00388,-5.551920125346955,0.0037814649306282602,-5.577643796642633,0.025723671295677875
ES,2010,55,55.0,0.00414,-5.487059491144914,0.004065700184012729,-5.505169303825571,0.018109812680656923
ES,2010,56,56.0,0.00458,-5.386056280856043,0.004468024435612815,-5.410808928763098,0.02475264790705456
ES,2010,57,57.0,0.00504,-5.29034919689886,0.004874058026099913,-5.323828418618165,0.03347922171930495
ES,2010,58,58.0,0.00526,-5.2476242522325185,0.005226954115226525,-5.253926557704552,0.006302305472033254
ES,2010,59,59.0,0.0058,-5.149897361429764,0.005710775436739189,-5.16540046125283,0.01550309982306608
ES,2010,60,60.0,0.0061,-5.099466507802871,0.006235522520746437,-5.077492898911424,-0.021973608891447505
ES,2010,61,61.0,0.00629,-5.068794208269788,0.006635457211494579,-5.015327704529948,-0.05346650373983941
ES,2010,62,62.0,0.00707,-4.9518947990736555,0.007211469945694605,-4.9320824725019685,-0.019812326571686967
ES,2010,63,63.0,0.00768,-4.869135731822556,0.0077667625278819135,-4.857901864509022,-0.011233867313534596
ES,2010,64,64.0,0.00817,-4.8072863701102255,0.008387807743434,-4.78097608663504,-0.02631028347518516
ES,2010,65,65.0,0.00879,-4.734140567285052,0.00915850460614506,-4.693072366227506,-0.04106820105754583
ES,2010,66,66.0,0.00975,-4.630487993972381,0.009908533062754245,-4.614358967555363,-0.01612902641701819
ES,2010,67,67.0,0.01056,-4.550682000704022,0.01083011361046186,-4.5254247276769055,-0.025257273027116334
ES,2010,68,68.0,0.01166,-4.451591098059791,0.011740760041088474,-4.4446887272323385,-0.006902370827452486
ES,2010,69,69.0,0.01244,-4.386838191671104,0.01295701097242675,-4.346118249501929,-0.04071994216917485
ES,2010,70,70.0,0.014,-4.268697949366879,0.01415285213379967,-4.257839110978105,-0.010858838388774217
ES,2010,71,71.0,0.01545,-4.170146275638382,0.015571368447686735,-4.1623214069734935,-0.00782486866488874
ES,2010,72,72.0,0.01757,-4.041562376783132,0.017227446135275385,-4.061251461408797,0.01968908462566521
ES,2010,73,73.0,0.01924,-3.9507638337445767,0.019037817273319695,-3.9613278951967894,0.01056406145221267
ES,2010,74,74.0,0.02071,-3.8771386035746445,0.02138202751987146,-3.8452045453337833,-0.03193405824086115
ES,2010,75,75.0,0.02391,-3.733458497511904,0.023869163272975582,-3.7351678927449243,0.0017093952330204942
ES,2010,76,76.0,0.02631,-3.6378061839299356,0.02661769871284872,-3.6261789193070437,-0.011627264622891875
ES,2010,77,77.0,0.02975,-3.5149261469904984,0.03001673412615508,-3.5060002486297495,-0.008925898360748974
ES,2010,78,78.0,0.03383,-3.38640729618952,0.03373799497905204,-3.3891306292657712,0.0027233330762510555
ES,2010,79,79.0,0.03826,-3.26335031497003,0.038304525670598506,-3.262187226053121,-0.001163088916908972
ES,2010,80,80.0,0.04393,-3.125157820994449,0.043556055965172445,-3.1337065275975857,0.008548706603136669
ES,2010,81,81.0,0.05012,-2.9933351489542694,0.04929880615492475,-3.00985541415115,0.016520265196880768
ES,2010,82,82.0,0.05598,-2.8827607948948297,0.05599127370464186,-2.882559427092054,-0.00020136780277590915
ES,2010,83,83.0,0.06442,-2.742331135079084,0.0637263469470804,-2.7531571920727163,0.01082605699363226
ES,2010,84,84.0,0.07206,-2.63025617366219,0.07234097646507567,-2.6263645542761913,-0.0038916193859988013
ES,2010,85,85.0,0.08265,-2.4931404547151037,0.08265106558516305,-2.49312756205577,-1.2892659333907375e-05
ES,2011,20,20.0,0.0003,-8.111728083308073,0.0002976676767264233,-8.11953287250378,0.0078047891957080395
ES,2011,21,21.0,0.00032,-8.047189562170502,0.0002963344067830027,-8.124021988685211,0.07683242651470934
ES,2011,22,22.0,0.00028,-8.180720954795024,0.00030267654651985345,-8.102845825877111,-0.07787512891791337
ES,2011,23,23.0,0.00026,-8.254828926948747,0.0003093022916000172,-8.081191469312603,-0.17363745763614347
ES,2011,24,24.0,0.00029,-8.145629634983754,0.0003188954120021543,-8.050647371000158,-0.09498226398359577
ES,2011,25,25.0,0.00032,-8.047189562170502,0.0003293487567104276,-8.018393317864422,-0.02879624430607919
ES,2011,26,26.0,0.00029,-8.145629634983754,0.0003257487015417447,-8.02938432802484,-0.11624530695891444
ES,2011,27,27.0,0.00033,-8.016417903503749,0.00034319301483423,-7.977217543604708,-0.03920035989904047
ES,2011,28,28.0,0.00033,-8.016417903503749,0.0003439615423639358,-7.974980702294128,-0.04143720120962069
ES,2011,29,29.0,0.00035,-7.957577403480815,0.0003751009942400682,-7.888315250279923,-0.06926215320089124
ES,2011,30,30.0,0.00041,-7.799353398265921,0.0003942082908404859,-7.838631131400651,0.03927773313473004
ES,2011,31,31.0,0.00041,-7.799353398265921,0.00041461634664807643,-7.788156931223977,-0.01119646704194377
ES,2011,32,32.0,0.0004,-7.824046010856292,0.00042848110168261185,-7.755263924323501,-0.06878208653279128
ES,2011,33,33.0,0.00045,-7.706262975199909,0.0004695553075138991,-7.663724465372361,-0.0425385098275477
ES,2011,34,34.0,0.00047,-7.66277786326017,0.000514717338331201,-7.57189266558733,-0.09088519767283998
ES,2011,35,35.0,0.00052,-7.5616817463888015,0.0005497832536321429,-7.505986441714579,-0.05569530467422279
ES,2011,36,36.0,0.00057,-7.469874197135678,0.0005949051178085714,-7.427108631002625,-0.04276556613305349
ES,2011,37,37.0,0.00066,-7.3232707229438025,0.0006551777841071723,-7.3306039330406065,0.007333210096803988
ES,2011,38,38.0,0.00069,-7.278818960372969,0.0007170324837092704,-7.240389413357046,-0.03842954701592305
ES,2011,39,39.0,0.00081,-7.1184763102977895,0.0007913076827364229,-7.14182368639029,0.023347376092500483
ES,2011,40,40.0,0.0009,-7.013115794639964,0.0008881711095421549,-7.026346142608766,0.013230347968802292
ES,2011,41,41.0,0.00097,-6.938214486466846,0.0009742325955525144,-6.933860478362287,-0.004354008104558993
ES,2011,42,42.0,0.00113,-6.785537646257888,0.0010752248482006077,-6.835225478156803,0.04968783189891557
ES,2011,43,43.0,0.00133,-6.622576336748475,0.00121044958989606,-6.716763426487945,0.09418708973946988
ES,2011,44,44.0,0.0014,-6.571283042360924,0.0013311912557967573,-6.621681056581195,0.05039801422027157
ES,2011,45,45.0,0.00152,-6.489044944123952,0.0014987354723547909,-6.503133544843981,0.014088600720028488
ES,2011,46,46.0,0.00172,-6.365430988156775,0.0016503964937425106,-6.406739720699,0.041308732542225
ES,2011,47,47.0,0.00201,-6.209620556911153,0.0018643308517379787,-6.284853082901627,0.07523252599047403
ES,2011,48,48.0,0.00216,-6.137647057286063,0.00207647487970433,-6.1770835923881044,0.03943653510204115
ES,2011,49,49.0,0.00243,-6.01986402162968,0.0022864093807035894,-6.080772647970115,0.060908626340435035
ES,2011,50,50.0,0.00269,-5.9182140853683896,0.0025479500943008573,-5.972466127688186,0.05425204231979652
ES,2011,51,51.0,0.00298,-5.815831978464824,0.0028367688051634666,-5.865089619192572,0.049257640727748075
ES,2011,52,52.0,0.00338,-5.68987956948721,0.003109838492555529,-5.77318448579366,0.08330491630645032
ES,2011,53,53.0,0.00346,-5.666486689912504,0.0033863454264048266,-5.688003984406898,0.021517294494394434
ES,2011,54,54.0,0.00382,-5.567504856363653,0.0037239762044384904,-5.592963309373314,0.02545845300966043
ES,2011,55,55.0,0.00392,-5.5416636251797655,0.004008816999356261,-5.519259093817807,-0.022404531361958746
ES,2011,56,56.0,0.00467,-5.366596207301331,0.004413249114807401,-5.42314410007103,0.05654789276969918
ES,2011,57,57.0,0.0049,-5.318520073865556,0.0048131334361475025,-5.336406964934209,0.017886891068653377
ES,2011,58,58.0,0.00518,-5.262950222710745,0.005165367997614169,-5.265778930620567,0.00282870790982237
ES,2011,59,59.0,0.00575,-5.158555424172878,0.0056466959428112164,-5.176684693762468,0.018129269589589825
ES,2011,60,60.0,0.00612,-5.0961931824579025,0.006166564169757689,-5.088613456824475,-0.007579725633427792
ES,2011,61,61.0,0.00642,-5.048337161280267,0.006568485089028152,-5.025472053129884,-0.02286510815038323
ES,2011,62,62.0,0.00704,-4.956147108812186,0.007143794336190432,-4.941511224149538,-0.014635884662647314
ES,2011,63,63.0,0.00768,-4.869135731822556,0.0076960313990186635,-4.867050485712987,-0.002085246109569283
ES,2011,64,64.0,0.00805,-4.822083187551665,0.00830787442429947,-4.790551488116271,-0.031531699435394245
ES,2011,65,65.0,0.00886,-4.7262085143651476,0.009067085695064099,-4.703104379048875,-0.023104135316272867
ES,2011,66,66.0,0.00933,-4.674520264122885,0.009809444160891426,-4.6244096674697195,-0.050110596653165196
ES,2011,67,67.0,0.01043,-4.563069009969456,0.010715423139612714,-4.536071160438495,-0.02699784953096085
ES,2011,68,68.0,0.01139,-4.475019501523046,0.011604716831976496,-4.456343640072478,-0.018675861450567766
ES,2011,69,69.0,0.01261,-4.373265129005309,0.01280222476061729,-4.3581363137364475,-0.015128815268861118
ES,2011,70,70.0,0.01372,-4.288900656684398,0.013974846442164441,-4.270496248039666,-0.018404408644732584
ES,2011,71,71.0,0.01489,-4.207065432286219,0.015365099166441836,-4.175656629372886,-0.031408802913333034
ES,2011,72,72.0,0.01692,-4.079258924804059,0.016977036162870895,-4.075893662046297,-0.0033652627577627214
ES,2011,73,73.0,0.01896,-3.9654237821552614,0.018757805302269445,-3.9761453303996546,0.010721548244393198
ES,2011,74,74.0,0.02097,-3.8646624340683084,0.021050716327937972,-3.8608206896019657,-0.003841744466342778
ES,2011,75,75.0,0.02271,-3.7849499228646697,0.023488362463659443,-3.751250194803492,-0.03369972806117749
ES,2011,76,76.0,0.02612,-3.645053974573907,0.026184333833222013,-3.6425939923525394,-0.0024599822213673406
ES,2011,77,77.0,0.02932,-3.5294854019636865,0.02951831213697826,-3.522744457816159,-0.006740944147527461
ES,2011,78,78.0,0.03295,-3.412764018033621,0.03318190441973606,-3.4057505992504438,-0.007013418783177183
ES,2011,79,79.0,0.03761,-3.2804853064998922,0.037682870827618946,-3.2785496424836147,-0.0019356640162775385
ES,2011,80,80.0,0.04276,-3.1521521928252927,0.042825044175892946,-3.1506322032279916,-0.0015199895973010413
ES,2011,81,81.0,0.04952,-3.0053786506057962,0.04851740834866858,-3.0258326104163706,0.020453959810574407
ES,2011,82,82.0,0.05516,-2.897517226057036,0.055130994657239224,-2.898043204511027,0.0005259784539912715
ES,2011,83,83.0,0.06319,-2.761609218196773,0.06279634567750082,-2.767858397049792,0.006249178853019011
ES,2011,84,84.0,0.07163,-2.636241298355777,0.07138858171080807,-2.6396173424418614,0.0033760440860843843
ES,2011,85,85.0,0.08235,-2.4967768223584876,0.08163782335967426,-2.505462602840376,0.008685780481888283
ES,2012,20,20.0,0.00027,-8.2170885989659,0.00028390019514870846,-8.166887807100208,-0.050200791865691485
ES,2012,21,21.0,0.00026,-8.254828926948747,0.00028430003402849397,-8.165480419615122,-0.0893485073336251
ES,2012,22,22.0,0.00028,-8.180720954795024,0.0002900425727010801,-8.145482843340657,-0.03523811145436717
ES,2012,23,23.0,0.00028,-8.180720954795024,0.00029665581440883713,-8.122937965219656,-0.05778298957536876
ES,2012,24,24.0,0.00027,-8.2170885989659,0.0003064388741937348,-8.090492254145223,-0.12659634482067617
ES,2012,25,25.0,0.0003,-8.111728083308073,0.0003172023535069834,-8.055970648600011,-0.05575743470806138
ES,2012,26,26.0,0.00031,-8.078938260485081,0.0003144212246148035,-8.064776991371001,-0.01416126911408
ES,2012,27,27.0,0.00032,-8.047189562170502,0.0003303233769899475,-8.015438453049416,-0.031751109121085364
ES,2012,28,28.0,0.00027,-8.2170885989659,0.00033216856087332183,-8.009868004416802,-0.20722059454909747
ES,2012,29,29.0,0.00037,-7.902007552326004,0.00036275783445836407,-7.921775069029024,0.019767516703019794
ES,2012,30,30.0,0.00037,-7.902007552326004,0.0003815508694050194,-7.871266375617627,-0.030741176708376727
ES,2012,31,31.0,0.00041,-7.799353398265921,0.00040098401242839106,-7.8215890007083875,0.022235602442466806
ES,2012,32,32.0,0.00042,-7.77525584668686,0.00041480337630646536,-7.787705942041099,0.012450095354239465
ES,2012,33,33.0,0.00043,-7.751725349276666,0.00045476649285703974,-7.695726473258806,-0.0559988760178598
ES,2012,34,34.0,0.00047,-7.66277786326017,0.0004991905414058903,-7.602522688592789,-0.06025517466738162
ES,2012,35,35.0,0.0005,-7.600902459542082,0.0005306152540693802,-7.541473367956607,-0.059429091585474936
ES,2012,36,36.0,0.00055,-7.505592279737757,0.0005740284758978838,-7.462831553297027,-0.042760726440730146
ES,2012,37,37.0,0.00064,-7.354042381610556,0.00063303323552432,-7.364987632420669,0.010945250810112661
ES,2012,38,38.0,0.00067,-7.308232845579262,0.0006920513920448981,-7.275850339143349,-0.032382506435912894
ES,2012,39,39.0,0.00075,-7.195437351433918,0.0007636480609163467,-7.177403528181912,-0.0180338232520052
ES,2012,40,40.0,0.00086,-7.05857816871672,0.0008571496872940195,-7.061897990331454,0.0033198216147338755
ES,2012,41,41.0,0.00092,-6.991136887921188,0.0009399158898287698,-6.969720165609265,-0.021416722311923486
ES,2012,42,42.0,0.00101,-6.897804948128969,0.0010378125147808737,-6.870640132150873,-0.027164815978095724
ES,2012,43,43.0,0.00124,-6.6926438993651916,0.0011695544571069063,-6.7511324085889814,0.0584885092237899
ES,2012,44,44.0,0.00141,-6.56416557459206,0.0012847889610859888,-6.657160806740515,0.0929952321484544
ES,2012,45,45.0,0.00152,-6.489044944123952,0.001448927266541809,-6.536931812526754,0.04788686840280221
ES,2012,46,46.0,0.00165,-6.406979991069647,0.0015965619463622896,-6.439902745207797,0.03292275413814938
ES,2012,47,47.0,0.0019,-6.2659013928097425,0.0018065735345528936,-6.316323302667859,0.0504219098581169
ES,2012,48,48.0,0.00222,-6.110248083097949,0.0020148450583021642,-6.2072129806828436,0.09696489758489424
ES,2012,49,49.0,0.00236,-6.049093659944618,0.0022213637887389796,-6.109633952462985,0.060540292518366456
ES,2012,50,50.0,0.00241,-6.028128531479574,0.0024785928871455896,-6.000064264044069,-0.028064267435504497
ES,2012,51,51.0,0.00287,-5.853443249210607,0.0027632371553135064,-5.891352404182274,0.03790915497166658
ES,2012,52,52.0,0.00311,-5.773132552790995,0.003035912185654166,-5.797243344223406,0.02411079143241146
ES,2012,53,53.0,0.00347,-5.663600685023369,0.003310433168234159,-5.710676231619444,0.0470755465960746
ES,2012,54,54.0,0.00366,-5.610292131568862,0.003646005008625457,-5.614123228994997,0.0038310974261355213
ES,2012,55,55.0,0.00392,-5.5416636251797655,0.00393155415676955,-5.538720471536761,-0.002943153643004237
ES,2012,56,56.0,0.00432,-5.444499876726118,0.0043386938657689845,-5.440181928752933,-0.004317947973184744
ES,2012,57,57.0,0.00488,-5.322610059117081,0.004730232360485512,-5.353780952846506,0.031170893729425053
ES,2012,58,58.0,0.00515,-5.268758564306492,0.0050814943412665235,-5.282149898982168,0.013391334675675992
ES,2012,59,59.0,0.00554,-5.195760778222945,0.005559367567605831,-5.192270924022791,-0.003489854200153353
ES,2012,60,60.0,0.00607,-5.10439667391073,0.0060725685216184285,-5.103973613229266,-0.00042306068146391596
ES,2012,61,61.0,0.00659,-5.0222019304677215,0.006477090732617149,-5.039483830446998,0.017281899979276538
ES,2012,62,62.0,0.00711,-4.946253035166987,0.007051361286416341,-4.9545345905256655,0.00828155535867836
ES,2012,63,63.0,0.00756,-4.884884088790695,0.007599392836686136,-4.879686924790939,-0.005197163999755894
ES,2012,64,64.0,0.00805,-4.822083187551665,0.00819871853561371,-4.803777413068988,-0.018305774482676895
ES,2012,65,65.0,0.0087,-4.744432253321599,0.008942313042050514,-4.716960993725577,-0.027471259596022257
ES,2012,66,66.0,0.00941,-4.6659823253848485,0.009674206165581423,-4.638292093501686,-0.02769023188316222
ES,2012,67,67.0,0.01032,-4.5736715189287205,0.010559002806693163,-4.550776436347286,-0.022895082581434245
ES,2012,68,68.0,0.01143,-4.471513801175417,0.011419397108685938,-4.472441868732269,0.0009280675568517083
ES,2012,69,69.0,0.01244,-4.386838191671104,0.012591464168625974,-4.374736141530013,-0.012102050141090892
ES,2012,70,70.0,0.01362,-4.296215978260771,0.013732653861652013,-4.287978788612048,-0.008237189648722776
ES,2012,71,71.0,0.0151,-4.193060535161258,0.015084677757930922,-4.19407576835394,0.0010152331926818192
ES,2012,72,72.0,0.01619,-4.123361511292593,0.016637134710483906,-4.0961180512955435,-0.02724345999704969
ES,2012,73,73.0,0.01869,-3.9797666575146655,0.018377801910318597,-3.996611760592582,0.016845103077916423
ES,2012,74,74.0,0.02096,-3.865139419529296,0.020601521874998394,-3.882390328488298,0.017250908959002054
ES,2012,75,75.0,0.02358,-3.747356383872912,0.022972355761617328,-3.7734637093501653,0.02610732547725325
ES,2012,76,76.0,0.0256,-3.6651629274966204,0.025597332211704182,-3.665267143407215,0.00010421591059461832
ES,2012,77,77.0,0.02938,-3.5274411082364057,0.028843453559706776,-3.545872224785111,0.01843111654870544
ES,2012,78,78.0,0.03312,-3.4076179494650782,0.032428851886924265,-3.428706762097984,0.02108881263290563
ES,2012,79,79.0,0.0374,-3.286084574561651,0.03684077384947312,-3.3011500621296235,0.015065487567972546
ES,2012,80,80.0,0.04303,-3.145857732131629,0.04183547484565783,-3.1740106188589805,0.0281528867273515
ES,2012,81,81.0,0.04857,-3.0247492226244836,0.0474584376097255,-3.047900948665462,0.02315172604097837
ES,2012,82,82.0,0.05608,-2.8809760362558023,0.05396443756127071,-2.91943001304635,0.03845397679054763
ES,2012,83,83.0,0.06475,-2.73722157840249,0.061534069285287436,-2.788164285437079,0.05094270703458914
ES,2012,84,84.0,0.07274,-2.620863839423294,0.070093681818261,-2.6579226199842183,0.037058780560924376
ES,2012,85,85.0,0.08344,-2.48362746828962,0.0802586887954734,-2.5225002512382737,0.038872782948653484
ES,2013,20,20.0,0.00024,-8.334871634622283,0.00026363693166620673,-8.240937660194444,-0.09393397442783957
ES,2013,21,21.0,0.00025,-8.294049640102028,0.00026645377204582743,-8.230309792647537,-0.06373984745449057
ES,2013,22,22.0,0.00025,-8.294049640102028,0.00027133531001814835,-8.212155195577209,-0.08189444452481887
ES,2013,23,23.0,0.00023,-8.377431249041079,0.00027790873454246667,-8.188217791186295,-0.18921345785478394
ES,2013,24,24.0,0.00024,-8.334871634622283,0.0002879284660607105,-8.152798490413824,-0.18207314420845933
ES,2013,25,25.0,0.00027,-8.2170885989659,0.0002991004559073913,-8.114731068065437,-0.10235753090046273
ES,2013,26,26.0,0.00028,-8.180720954795024,0.00029749260126430907,-8.120121202987647,-0.06059975180737709
ES,2013,27,27.0,0.0003,-8.111728083308073,0.0003111593961270702,-8.075205249342746,-0.03652283396532674
ES,2013,28,28.0,0.00028,-8.180720954795024,0.00031453286985684613,-8.064421972636895,-0.1162989821581295
ES,2013,29,29.0,0.00032,-8.047189562170502,0.0003442656868830673,-7.9740968531059355,-0.07309270906456611
ES,2013,30,30.0,0.00034,-7.986564940354067,0.0003625679126053348,-7.922298756098285,-0.06426618425578212
ES,2013,31,31.0,0.00032,-8.047189562170502,0.00038055973860562744,-7.873867392708186,-0.17332216946231593
ES,2013,32,32.0,0.00035,-7.957577403480815,0.00039428515357511505,-7.838436170401502,-0.11914123307931224
ES,2013,33,33.0,0.00041,-7.799353398265921,0.0004325690247646582,-7.745768649494661,-0.05358474877125996
ES,2013,34,34.0,0.00044,-7.728735831051967,0.000475844487149687,-7.650419464782156,-0.07831636626981098
ES,2013,35,35.0,0.00046,-7.6842840684811335,0.0005019726206296311,-7.5969649803383605,-0.087319088142773
ES,2013,36,36.0,0.00053,-7.542633551418106,0.000542842032044669,-7.518692197399719,-0.023941354018386818
ES,2013,37,37.0,0.00056,-7.487573774235079,0.0005998960864388301,-7.4187541070157375,-0.06881966721934152
ES,2013,38,38.0,0.0006,-7.418580902748128,0.000654721047910133,-7.331301294095346,-0.08727960865278206
ES,2013,39,39.0,0.00073,-7.222466023821838,0.0007223213503846001,-7.233040434456608,0.010574410634770715
ES,2013,40,40.0,0.00074,-7.208860371766058,0.0008107983959656714,-7.117491121723769,-0.09136925004228935
ES,2013,41,41.0,0.00086,-7.05857816871672,0.0008886610450726435,-7.025794671788483,-0.032783496928237454
ES,2013,42,42.0,0.00103,-6.878196476740593,0.0009819023141524978,-6.926018730981034,0.047822254240441175
ES,2013,43,43.0,0.0011,-6.812445099177812,0.001108357743602317,-6.804875869482118,-0.0075692296956937355
ES,2013,44,44.0,0.00126,-6.676643558018751,0.0012154496385865126,-6.712641197739005,0.035997639720254604
ES,2013,45,45.0,0.00147,-6.522492878191493,0.0013743383881305315,-6.589782835932831,0.06728995774133839
ES,2013,46,46.0,0.0016,-6.437751649736401,0.001515878066253294,-6.491760426228058,0.05400877649165725
ES,2013,47,47.0,0.00185,-6.292569639891903,0.0017198229814012614,-6.365533911243139,0.07296427135123551
ES,2013,48,48.0,0.00204,-6.194805471126012,0.0019221192907412142,-6.254326904417688,0.05952143329167647
ES,2013,49,49.0,0.0023,-6.074846156047033,0.0021233400212724305,-6.154764948335297,0.0799187922882636
ES,2013,50,50.0,0.00256,-5.967748020490665,0.00237390258257723,-6.043220018776798,0.07547199828613227
ES,2013,51,51.0,0.00278,-5.885304351279592,0.002652056125491217,-5.932420043424237,0.047115692144645394
ES,2013,52,52.0,0.00315,-5.7603528261445955,0.0029238189439994822,-5.83486465966858,0.07451183352398427
ES,2013,53,53.0,0.00334,-5.701784471993528,0.0031951243378487365,-5.746129275525281,0.04434480353175285
ES,2013,54,54.0,0.0036,-5.626821433520073,0.0035273393544990738,-5.647211416167569,0.020389982647496474
ES,2013,55,55.0,0.004,-5.521460917862246,0.0038137107451989174,-5.569152614952892,0.047691697090646024
ES,2013,56,56.0,0.00443,-5.419355694925093,0.004224626939829799,-5.4668243203366576,0.0474686254115646
ES,2013,57,57.0,0.0047,-5.360192770266124,0.004603451166015856,-5.380949003304835,0.020756233038710548
ES,2013,58,58.0,0.00496,-5.306349538245301,0.0049530610092331714,-5.307749507819519,0.001399969574218396
ES,2013,59,59.0,0.00548,-5.206650178022213,0.005425509742149847,-5.216643422283129,0.009993244260916079
ES,2013,60,60.0,0.00608,-5.102750583004061,0.005928449333838201,-5.127992595305215,0.025242012301153416
ES,2013,61,61.0,0.00639,-5.053021010592694,0.006336717904051226,-5.0613943253249625,0.008373314732268433
ES,2013,62,62.0,0.00671,-5.004156327998547,0.006909213366474771,-4.974899487556214,-0.029256840442332788
ES,2013,63,63.0,0.00762,-4.876978909283582,0.007450703839819991,-4.899446775909541,0.022467866625959232
ES,2013,64,64.0,0.00812,-4.813425124808551,0.00803089696936592,-4.82445905497454,0.01103393016598897
ES,2013,65,65.0,0.00878,-4.735278871335112,0.008750636331151938,-4.7386288576966225,0.0033499863615107373
ES,2013,66,66.0,0.00934,-4.673449026741386,0.009466459379993904,-4.660000319202335,-0.013448707539050808
ES,2013,67,67.0,0.00994,-4.611188258313654,0.010318969601118635,-4.573771368766395,-0.0374168895472593
ES,2013,68,68.0,0.01071,-4.53657739452248,0.011135523237030251,-4.497614989073246,-0.038962405449233906
ES,2013,69,69.0,0.01227,-4.400598020259317,0.012268827017644698,-4.400693622413026,9.560215370907343e-05
ES,2013,70,70.0,0.01346,-4.308032954765555,0.013362318506505589,-4.315316585024012,0.007283630258456242
ES,2013,71,71.0,0.01431,-4.246796685413777,0.014656400535257116,-4.222878142326012,-0.023918543087765087
ES,2013,72,72.0,0.01567,-4.156007222614208,0.01611921353867023,-4.127743331017507,-0.028263891596700397
ES,2013,73,73.0,0.01766,-4.0364530838063235,0.017798955119615895,-4.028615524552252,-0.007837559254071813
ES,2013,74,74.0,0.01989,-3.917538186116256,0.01991824363146639,-3.916119201824111,-0.0014189842921452644
ES,2013,75,75.0,0.02269,-3.785830980190387,0.022188094364139002,-3.8081994238624164,0.022368443672029503
ES,2013,76,76.0,0.02459,-3.7054154227540357,0.024705692392414286,-3.700721600668968,-0.004693822085067634
ES,2013,77,77.0,0.02746,-3.5950248786423122,0.02781895728400944,-3.5820375739941,-0.012987304648212294
ES,2013,78,78.0,0.03105,-3.4721564706026493,0.03128539916794314,-3.4646037705292003,-0.007552700073448992
ES,2013,79,79.0,0.03568,-3.333164971270328,0.035561531975414604,-3.3364907878410532,0.0033258165707250598
ES,2013,80,80.0,0.04044,-3.2079358848298662,0.04033370075906675,-3.2105679123660713,0.0026320275362050616
ES,2013,81,81.0,0.04584,-3.082598206575653,0.0458486443348515,-3.082409648113701,-0.00018855846195187098
ES,2013,82,82.0,0.05206,-2.955358379415718,0.052189550249442364,-2.9528729909258864,-0.002485388489831486
ES,2013,83,83.0,0.06015,-2.810913836561449,0.059610889791288986,-2.8199170069821733,0.009003170420724071
ES,2013,84,84.0,0.06765,-2.69340792436534,0.06811574104102229,-2.6865469465599534,-0.006860977805386526
ES,2013,85,85.0,0.07714,-2.5621333262020554,0.07814866061475312,-2.549142360908313,-0.012990965293742551
ES,2014,20,20.0,0.00027,-8.2170885989659,0.00025130662714286956,-8.288836742322458,0.0717481433565581
ES,2014,21,21.0,0.00027,-8.2170885989659,0.0002555111229073174,-8.272244615384261,0.055156016418361986
ES,2014,22,22.0,0.00028,-8.180720954795024,0.00025988218928152515,-8.255282147785776,0.07456119299075148
ES,2014,23,23.0,0.00027,-8.2170885989659,0.00026641801731904614,-8.230443989006018,0.013355390040118209
ES,2014,24,24.0,0.00025,-8.294049640102028,0.0002765548941934978,-8.193101224361442,-0.10094841574058577
ES,2014,25,25.0,0.00025,-8.294049640102028,0.0002879452518785903,-8.152740193542959,-0.14130944655906852
ES,2014,26,26.0,0.00026,-8.254828926948747,0.00028703093589668575,-8.155920557432854,-0.09890836951589321
ES,2014,27,27.0,0.00028,-8.180720954795024,0.00029935950505510404,-8.113865348783314,-0.06685560601171048
ES,2014,28,28.0,0.00028,-8.180720954795024,0.0003036271289663135,-8.099710158838398,-0.08101079595662597
ES,2014,29,29.0,0.00028,-8.180720954795024,0.0003328092173740758,-8.007941152964234,-0.17277980183079045
ES,2014,30,30.0,0.00034,-7.986564940354067,0.00035079484015163677,-7.955309006378194,-0.03125593397587334
ES,2014,31,31.0,0.00038,-7.875339305243843,0.000367905802348911,-7.907683624439695,0.03234431919585212
ES,2014,32,32.0,0.00036,-7.929406526514119,0.00038155674600846086,-7.871250973849062,-0.05815555266505701
ES,2014,33,33.0,0.00042,-7.77525584668686,0.0004187910762775606,-7.778138387032633,0.002882540345773066
ES,2014,34,34.0,0.00043,-7.751725349276666,0.0004613279165097654,-7.6814014521932865,-0.07032389708337927
ES,2014,35,35.0,0.00043,-7.751725349276666,0.0004842740072107454,-7.632859680838401,-0.11886566843826518
ES,2014,36,36.0,0.00044,-7.728735831051967,0.0005235774428479566,-7.554825605742793,-0.17391022530917422
ES,2014,37,37.0,0.0005,-7.600902459542082,0.0005793910593291565,-7.453532903660825,-0.1473695558812569
ES,2014,38,38.0,0.00058,-7.4524824544238095,0.000631653423119848,-7.367169695372827,-0.08531275905098212
ES,2014,39,39.0,0.00062,-7.385791079925137,0.00069678816442497,-7.269029118183083,-0.11676196174205433
ES,2014,40,40.0,0.00077,-7.1691200431165445,0.000782159800596666,-7.153451489706205,-0.01566855341033957
ES,2014,41,41.0,0.00086,-7.05857816871672,0.0008570053329043101,-7.062066416627034,0.0034882479103135466
ES,2014,42,42.0,0.00094,-6.969630682700225,0.0009473515310334161,-6.961840328764956,-0.007790353935268612
ES,2014,43,43.0,0.0011,-6.812445099177812,0.0010704889420063382,-6.83963977973442,0.02719468055660812
ES,2014,44,44.0,0.00124,-6.6926438993651916,0.0011726036746257335,-6.748528639697185,0.055884740331993754
ES,2014,45,45.0,0.00147,-6.522492878191493,0.0013281484177958677,-6.623969473784167,0.10147659559267463
ES,2014,46,46.0,0.00155,-6.469500348050982,0.0014658726894153707,-6.525304521433715,0.055804173382733246
ES,2014,47,47.0,0.00175,-6.348139491046714,0.0016659400005299173,-6.397365749973694,0.049226258926979405
ES,2014,48,48.0,0.00201,-6.209620556911153,0.0018644251491660773,-6.284802504409446,0.07518194749829288
ES,2014,49,49.0,0.00224,-6.101279413115189,0.002062249517504506,-6.183957893189029,0.08267848007383982
ES,2014,50,50.0,0.0024,-6.032286541628237,0.002308550869223116,-6.07113528064246,0.03884873901422292
ES,2014,51,51.0,0.0027,-5.914503505971854,0.002582532920223389,-5.958984609627376,0.0444811036555226
ES,2014,52,52.0,0.00299,-5.812481891579542,0.0028535256634172226,-5.859199974365006,0.04671808278546408
ES,2014,53,53.0,0.00317,-5.754023691092947,0.0031226850769172994,-5.769062045689898,0.015038354596950576
ES,2014,54,54.0,0.00355,-5.640807675494813,0.0034526456703994654,-5.668614480841164,0.027806805346351382
ES,2014,55,55.0,0.00398,-5.526473459685791,0.0037393719103557465,-5.588837620066484,0.062364160380693257
ES,2014,56,56.0,0.00423,-5.46555328592395,0.004152445140252545,-5.484057927821759,0.01850464189780876
ES,2014,57,57.0,0.00452,-5.399243285137997,0.00452325852269743,-5.398522632769103,-0.0007206523688942923
ES,2014,58,58.0,0.00498,-5.302325387945576,0.00487171819398115,-5.324308592205344,0.021983204259767852
ES,2014,59,59.0,0.00547,-5.2084766625482475,0.00534064551009676,-5.232408751275087,0.023932088726839496
ES,2014,60,60.0,0.00594,-5.126046145607583,0.0058370528840153615,-5.143529252665264,0.017483107057680414
ES,2014,61,61.0,0.00644,-5.045226738865875,0.006247542393514174,-5.075567109601651,0.030340370735776112
ES,2014,62,62.0,0.00695,-4.969013619405437,0.0068187950390402935,-4.988072503229229,0.019058883823792172
ES,2014,63,63.0,0.00728,-4.922624416773543,0.00735607763616126,-4.912228418168342,-0.01039599860520024
ES,2014,64,64.0,0.00784,-4.848516444619821,0.007924175862099644,-4.837836956790436,-0.010679487829385437
ES,2014,65,65.0,0.00861,-4.754830960542498,0.008628844326225184,-4.752644696385283,-0.002186264157215234
ES,2014,66,66.0,0.00931,-4.6766661876931614,0.009334460790017766,-4.674042265840171,-0.0026239218529902075
ES,2014,67,67.0,0.01001,-4.604170685655008,0.010166618512641397,-4.5886456205096,-0.015525065145408412
ES,2014,68,68.0,0.01094,-4.515329481988302,0.010955669438689704,-4.51389819975155,-0.0014312822367523736
ES,2014,69,69.0,0.01173,-4.445605616316753,0.012064546170160857,-4.4174841960157805,-0.02812142030097231
ES,2014,70,70.0,0.01333,-4.3177381447915195,0.013128103851893343,-4.333000014508594,0.015261869717074106
ES,2014,71,71.0,0.01426,-4.250296863995987,0.01438586815326021,-4.24150893251292,-0.008787931483067446
ES,2014,72,72.0,0.01568,-4.155369264059876,0.015792816167337406,-4.148200115297634,-0.007169148762241839
ES,2014,73,73.0,0.01724,-4.06052301374659,0.017434275901600217,-4.049317131027541,-0.01120588271904932
ES,2014,74,74.0,0.01942,-3.941451816118958,0.01948838379416882,-3.9379366937770195,-0.0035151223419385147
ES,2014,75,75.0,0.02218,-3.8085642970599163,0.02169511432405661,-3.8306681901418074,0.02210389308189109
ES,2014,76,76.0,0.02424,-3.719751117781023,0.02414554748430371,-3.7236552850616125,0.003904167280589288
ES,2014,77,77.0,0.02783,-3.5816407034443376,0.027175726880082407,-3.6054310982154805,0.023790394771142864
ES,2014,78,78.0,0.03033,-3.4956179572816475,0.030567322928813066,-3.487823718755279,-0.007794238526368513
ES,2014,79,79.0,0.03497,-3.3532647279068524,0.03475781274382528,-3.359350905080735,0.00608617717388249
ES,2014,80,80.0,0.03986,-3.2223819641974885,0.03939111619403622,-3.2342149654108043,0.011833001213315875
ES,2014,81,81.0,0.04456,-3.1109186833631086,0.04483655242435259,-3.104731569899267,-0.006187113463841598
ES,2014,82,82.0,0.05143,-2.9675336191953123,0.051072680564450024,-2.974505551655193,0.006971932459880481
ES,2014,83,83.0,0.05805,-2.8464505708382366,0.058399016683960324,-2.840456226893129,-0.005994343945107783
ES,2014,84,84.0,0.06707,-2.702018428870491,0.06686614010555872,-2.7050625669456605,0.003044138075169567
ES,2014,85,85.0,0.07634,-2.5725582316650533,0.07681342986841758,-2.566375786037797,-0.006182445627256339
ES,2015,20,20.0,0.00022,-8.421883011611913,0.00025439725290488807,-8.276613524886452,-0.1452694867254607
ES,2015,21,21.0,0.00023,-8.377431249041079,0.00025826008518394563,-8.261543398707886,-0.11588785033319304
ES,2015,22,22.0,0.00022,-8.421883011611913,0.00026275810146965915,-8.244276715306114,-0.1776062963057985
ES,2015,23,23.0,0.00027,-8.2170885989659,0.0002693043467837873,-8.219668417230617,0.002579818264717204
ES,2015,24,24.0,0.00026,-8.254828926948747,0.000279413863000252,-8.182816495334889,-0.0720124316138584
ES,2015,25,25.0,0.00028,-8.180720954795024,0.00029075174545141615,-8.143040763311237,-0.037680191483786984
ES,2015,26,26.0,0.00026,-8.254828926948747,0.00028966512842065566,-8.14678503178159,-0.10804389516715673
ES,2015,27,27.0,0.00029,-8.145629634983754,0.0003023274675133961,-8.103999798535467,-0.041629836448286994
ES,2015,28,28.0,0.0003,-8.111728083308073,0.0003063736640542323,-8.090705076617606,-0.021023006690466417
ES,2015,29,29.0,0.00033,-8.016417903503749,0.0003356960127067943,-7.999304531597843,-0.017113371905906227
ES,2015,30,30.0,0.00028,-8.180720954795024,0.00035376234095500634,-7.9468852235234415,-0.23383573127158286
ES,2015,31,31.0,0.00034,-7.986564940354067,0.0003710943683058207,-7.899054165691072,-0.08751077466299506
ES,2015,32,32.0,0.00037,-7.902007552326004,0.0003847652821053127,-7.862877066462124,-0.039130485863879905
ES,2015,33,33.0,0.00037,-7.902007552326004,0.00042226475690254644,-7.769878054627606,-0.132129497698398
ES,2015,34,34.0,0.00042,-7.77525584668686,0.0004649897222001249,-7.6734952554166185,-0.10176059127024129
ES,2015,35,35.0,0.00045,-7.706262975199909,0.0004887302659148529,-7.623699824124659,-0.08256315107524959
ES,2015,36,36.0,0.00052,-7.5616817463888015,0.0005284275575169135,-7.545604833918794,-0.016076912470007088
ES,2015,37,37.0,0.00053,-7.542633551418106,0.0005845560948649167,-7.444657810972839,-0.0979757404452668
ES,2015,38,38.0,0.00059,-7.435388021064509,0.0006374615797059825,-7.3580165498757,-0.07737147118880916
ES,2015,39,39.0,0.00062,-7.385791079925137,0.0007032168301756733,-7.2598452781827945,-0.1259458017423425
ES,2015,40,40.0,0.00069,-7.278818960372969,0.0007893704132292395,-7.14427487551236,-0.1345440848606092
ES,2015,41,41.0,0.00081,-7.1184763102977895,0.0008649746626945216,-7.0528103431440385,-0.06566596715375095
ES,2015,42,42.0,0.00094,-6.969630682700225,0.0009560511645842129,-6.952699126905434,-0.01693155579479111
ES,2015,43,43.0,0.00107,-6.840096630508322,0.001080027812504514,-6.8307684858585995,-0.009328144649722425
ES,2015,44,44.0,0.00114,-6.776727016575733,0.0011833917072986086,-6.739370635268112,-0.03735638130762098
ES,2015,45,45.0,0.00134,-6.615085665019317,0.0013397858486214414,-6.61524549225262,0.00015982723330321136
ES,2015,46,46.0,0.00144,-6.543112165394228,0.001478474437421775,-6.5167445083567,-0.02636765703752797
ES,2015,47,47.0,0.00171,-6.371261908467568,0.0016795276559219878,-6.389242682288355,0.017980773820786666
ES,2015,48,48.0,0.00192,-6.255430092942447,0.0018789812617494303,-6.277025531059592,0.021595438117144816
ES,2015,49,49.0,0.00208,-6.175387385268911,0.00207766993529297,-6.176508236604987,0.0011208513360765338
ES,2015,50,50.0,0.00239,-6.036461913038718,0.0023250547961202383,-6.064011671996785,0.02754975895806755
ES,2015,51,51.0,0.00272,-5.907123398674231,0.0026000992001028417,-5.952205680796833,0.04508228212260246
ES,2015,52,52.0,0.00298,-5.815831978464824,0.0028713013461170193,-5.85298992127645,0.037157942811625766
ES,2015,53,53.0,0.00327,-5.722965294072975,0.0031410130504356064,-5.763209903567781,0.04024460949480613
ES,2015,54,54.0,0.00353,-5.646457408036931,0.0034715548580370723,-5.663152699494226,0.01669529145729509
ES,2015,55,55.0,0.00394,-5.536574555672295,0.0037582033621881535,-5.583814264982366,0.047239709310071376
ES,2015,56,56.0,0.00424,-5.463192009738271,0.004170746938556419,-5.479660137255873,0.016468127517602404
ES,2015,57,57.0,0.0048,-5.339139361068292,0.004543588897965899,-5.39403807305442,0.05489871198612839
ES,2015,58,58.0,0.00511,-5.276555874766524,0.004892347980682992,-5.320082931086239,0.04352705631971521
ES,2015,59,59.0,0.00569,-5.169045030843898,0.005362174766771835,-5.228385646120298,0.05934061527640022
ES,2015,60,60.0,0.00606,-5.1060454789009135,0.005860241283915259,-5.139564501511305,0.03351902261039186
ES,2015,61,61.0,0.00624,-5.076775096600801,0.006270178844077639,-5.071950400967765,-0.00482469563303578
ES,2015,62,62.0,0.00709,-4.949069938438101,0.006841755539695891,-4.984710922428393,0.03564098399029181
ES,2015,63,63.0,0.00736,-4.911695346241352,0.007380110181571875,-4.908966710728917,-0.0027286355124349626
ES,2015,64,64.0,0.00785,-4.84724174718782,0.007951274157824215,-4.8344230917335596,-0.012818655454260863
ES,2015,65,65.0,0.00848,-4.7700448291783255,0.008659762010891619,-4.749068038206706,-0.020976790971619863
ES,2015,66,66.0,0.00941,-4.6659823253848485,0.009367969155267025,-4.670458945255439,0.004476619870590781
ES,2015,67,67.0,0.01026,-4.579502439239514,0.010205281418393691,-4.584849906579859,0.005347467340345524
ES,2015,68,68.0,0.01121,-4.490949041898069,0.011001287825579959,-4.509742937983792,0.01879389608572346
ES,2015,69,69.0,0.01209,-4.415376614355436,0.012116350447428693,-4.413199461885109,-0.002177152470326682
ES,2015,70,70.0,0.01353,-4.30284583679944,0.013187479328304094,-4.328487435269045,0.025641598469604787
ES,2015,71,71.0,0.01464,-4.223997770448972,0.01445442620953267,-4.236754599249277,0.012756828800305264
ES,2015,72,72.0,0.01588,-4.142694823163147,0.01587547501741589,-4.14297981229414,0.00028498913099284096
ES,2015,73,73.0,0.01749,-4.046125989951626,0.017526621022679736,-4.044034352611332,-0.0020916373402943833
ES,2015,74,74.0,0.01932,-3.946614450197765,0.019597188713365653,-3.932369156024709,-0.014245294173055978
ES,2015,75,75.0,0.02172,-3.829521783916402,0.021819865651458405,-3.8249344557245633,-0.004587328191838935
ES,2015,76,76.0,0.02504,-3.6872807327502395,0.02428727059685584,-3.7178029096404956,0.03052217689025616
ES,2015,77,77.0,0.0289,-3.543913683863751,0.027338443577673337,-3.5994613777020854,0.05554769383833458
ES,2015,78,78.0,0.03184,-3.4470319180059548,0.030748985025998113,-3.4818982925589768,0.034866374553021995
ES,2015,79,79.0,0.03594,-3.325904397626724,0.034961168563220235,-3.3535173030320267,0.0276129054053027
ES,2015,80,80.0,0.04085,-3.197848457676125,0.039629537287275834,-3.22818054766739,0.030332089991265132
ES,2015,81,81.0,0.04719,-3.053573273243841,0.04509268195533812,-3.0990353082705933,0.04546203502675228
ES,2015,82,82.0,0.05366,-2.925087433984659,0.05135539905244962,-2.9689852059252844,0.043897771940625496
ES,2015,83,83.0,0.06138,-2.790671229790547,0.05870590931825457,-2.835214887398009,0.04454365760746182
ES,2015,84,84.0,0.06987,-2.661118906417778,0.06718282640894974,-2.7003376235045278,0.039218717086749955
ES,2015,85,85.0,0.08088,-2.5147887042699213,0.0771519795529254,-2.5619780420066722,0.047189337736750936
ES,2016,20,20.0,0.00023,-8.377431249041079,0.00024176964536798266,-8.32752516377646,-0.04990608526461848
ES,2016,21,21.0,0.00019,-8.568486485803788,0.00024700161989308413,-8.306115663086207,-0.26237082271758183
ES,2016,22,22.0,0.00026,-8.254828926948747,0.00025098532498286024,-8.29011608674545,0.03528715979670238
ES,2016,23,23.0,0.00026,-8.254828926948747,0.0002574846677408842,-8.264550382387071,0.009721455438324256
ES,2016,24,24.0,0.00023,-8.377431249041079,0.00026769721187347185,-8.225654022608111,-0.15177722643296754
ES,2016,25,25.0,0.00022,-8.421883011611913,0.00027923958185810334,-8.18344042829156,-0.23844258332035295
ES,2016,26,26.0,0.00029,-8.145629634983754,0.0002788501702001388,-8.184835944764405,0.03920630978065098
ES,2016,27,27.0,0.0003,-8.111728083308073,0.0002901561360417768,-8.145091379725052,0.03336329641697944
ES,2016,28,28.0,0.00027,-8.2170885989659,0.0002950951615764183,-8.12821267202774,-0.08887592693815982
ES,2016,29,29.0,0.00032,-8.047189562170502,0.0003238346768213121,-8.035277429121553,-0.011912133048948448
ES,2016,30,30.0,0.00039,-7.849363818840582,0.00034156532292245044,-7.981971614895784,0.13260779605520145
ES,2016,31,31.0,0.00036,-7.929406526514119,0.0003579929624291323,-7.934997229775979,0.005590703261860064
ES,2016,32,32.0,0.00033,-8.016417903503749,0.0003715765276695387,-7.897755718602132,-0.11866218490161717
ES,2016,33,33.0,0.0004,-7.824046010856292,0.00040798357204837877,-7.80428364895806,-0.019762361898232328
ES,2016,34,34.0,0.00043,-7.751725349276666,0.0004499267263917707,-7.706425818698701,-0.04529953057796465
ES,2016,35,35.0,0.00044,-7.728735831051967,0.00047043531968181894,-7.661852079840938,-0.06688375121102919
ES,2016,36,36.0,0.00049,-7.621105166859602,0.0005085175596964734,-7.584010810728773,-0.037094356130828565
ES,2016,37,37.0,0.00052,-7.5616817463888015,0.0005633418168306099,-7.481623979366036,-0.08005776702276535
ES,2016,38,38.0,0.00053,-7.542633551418106,0.0006136162333712957,-7.396140852310568,-0.14649269910753837
ES,2016,39,39.0,0.00064,-7.354042381610556,0.0006768252597178044,-7.29809742809064,-0.055944953519916574
ES,2016,40,40.0,0.00075,-7.195437351433918,0.0007597683841794606,-7.182496928790554,-0.01294042264336337
ES,2016,41,41.0,0.00083,-7.09408485717363,0.0008322619216900598,-7.09136335696162,-0.0027215002120106746
ES,2016,42,42.0,0.00082,-7.106206217705975,0.0009203342099572201,-6.990773682195743,-0.11543253551023192
ES,2016,43,43.0,0.00095,-6.959048573369688,0.001040848709715119,-6.867718831596743,-0.09132974177294528
ES,2016,44,44.0,0.0011,-6.812445099177812,0.0011391018523300394,-6.777515175925028,-0.034929923252784434
ES,2016,45,45.0,0.00127,-6.668738378511637,0.0012919762466750753,-6.651582258717144,-0.017156119794493385
ES,2016,46,46.0,0.00135,-6.607650686531799,0.001426689832853188,-6.552398320207169,-0.0552523663246296
ES,2016,47,47.0,0.00159,-6.444021262749997,0.001623653296688843,-6.4230765472948645,-0.020944715455132545
ES,2016,48,48.0,0.00192,-6.255430092942447,0.001819091900326887,-6.30941785827768,0.05398776533523275
ES,2016,49,49.0,0.00197,-6.22972173623224,0.002014191836786771,-6.207537237589953,-0.022184498642286776
ES,2016,50,50.0,0.00232,-6.066188093303919,0.002257081590965283,-6.093682631616143,0.027494538312224037
ES,2016,51,51.0,0.00262,-5.944580961209131,0.0025277113400363586,-5.980440994329342,0.03586003312021102
ES,2016,52,52.0,0.00296,-5.822566010646168,0.0027979849624788595,-5.878855777135398,0.056289766489230786
ES,2016,53,53.0,0.00323,-5.735273141747572,0.003065376117263916,-5.78758500349659,0.052311861749017474
ES,2016,54,54.0,0.00347,-5.663600685023369,0.003393471348551438,-5.685901884893841,0.022301199870471855
ES,2016,55,55.0,0.00371,-5.596723402362794,0.003680387124441926,-5.60473733547488,0.008013933112086313
ES,2016,56,56.0,0.0042,-5.472670753692815,0.004095044755910833,-5.497977632332475,0.02530687863966019
ES,2016,57,57.0,0.00457,-5.3882420740760235,0.004459507364705475,-5.4127169753949795,0.02447490131895602
ES,2016,58,58.0,0.0049,-5.318520073865556,0.004806993319949197,-5.337683479721956,0.019163405856399862
ES,2016,59,59.0,0.00532,-5.236281975628584,0.005273070138690744,-5.24514251704479,0.008860541416205514
ES,2016,60,60.0,0.00588,-5.136198517071602,0.0057642610117948825,-5.156078318768985,0.01987980169738357
ES,2016,61,61.0,0.00638,-5.054587181625439,0.006176431719467139,-5.087014565939285,0.03242738431384584
ES,2016,62,62.0,0.00662,-5.01765990903322,0.006746628100887465,-4.998712439518941,-0.018947469514279724
ES,2016,63,63.0,0.00745,-4.899541246590669,0.007280525470009734,-4.922552239431997,0.02301099284132846
ES,2016,64,64.0,0.00811,-4.8146574108548155,0.00783901272062356,-4.848642381041372,0.03398497018655622
ES,2016,65,65.0,0.00864,-4.7513526961661725,0.00853171069922169,-4.763965386680955,0.012612690514782088
ES,2016,66,66.0,0.00939,-4.668109985761966,0.009229189519376882,-4.685384043707799,0.017274057945833476
ES,2016,67,67.0,0.0098,-4.62537289330561,0.010045207167416373,-4.600659656993975,-0.024713236311635356
ES,2016,68,68.0,0.01108,-4.502613597662999,0.010812523188149143,-4.527050262157732,0.024436664494732696
ES,2016,69,69.0,0.01184,-4.436271649526278,0.011902032930238558,-4.431046058981372,-0.005225590544905678
ES,2016,70,70.0,0.01259,-4.374852430925881,0.012941927511714883,-4.347283043373807,-0.02756938755207461
ES,2016,71,71.0,0.01438,-4.241916926689236,0.014171007155498272,-4.256557151199988,0.01464022451075131
ES,2016,72,72.0,0.01559,-4.161125595912452,0.015534014087530896,-4.164723202101425,0.0035976061889728683
ES,2016,73,73.0,0.01718,-4.064009362426027,0.01714518397794327,-4.0660379624194745,0.0020285999934470667
ES,2016,74,74.0,0.01939,-3.9429978097275766,0.019147965032511444,-3.955558833622779,0.012561023895202528
ES,2016,75,75.0,0.02162,-3.8341364667710747,0.021304938710799835,-3.8488163687863435,0.014679902015268809
ES,2016,76,76.0,0.02377,-3.7393309976100344,0.023702399735686715,-3.742178981296634,0.0028479836865997754
ES,2016,77,77.0,0.02689,-3.6160008087013638,0.0266670592749186,-3.624326210275297,0.008325401573933355
ES,2016,78,78.0,0.02983,-3.5122406804554798,0.029999377957719755,-3.5065786322776242,-0.005662048177855539
ES,2016,79,79.0,0.03451,-3.366506141872225,0.034121923594590424,-3.377815180615139,0.011309038742914002
ES,2016,80,80.0,0.03776,-3.276504937704837,0.03864588977119478,-3.2533148544628476,-0.023190083241989345
ES,2016,81,81.0,0.04327,-3.1402957247453434,0.04403541241167522,-3.1227611412258156,-0.017534583519527747
ES,2016,82,82.0,0.05008,-2.994133552190294,0.05018805035956782,-2.9919783212666844,-0.0021552309236096967
ES,2016,83,83.0,0.05722,-2.8608517913601728,0.057438188182195274,-2.857045897528732,-0.0038058938314406987
ES,2016,84,84.0,0.06597,-2.7185551857473573,0.0658735843572815,-2.7200177621840593,0.001462576436702001
ES,2016,85,85.0,0.07588,-2.5786021339153233,0.0757516279860477,-2.5802953432586127,0.0016932093432893147
ES,2017,20,20.0,0.00024,-8.334871634622283,0.000248984341071754,-8.298120550739085,-0.03675108388319792
ES,2017,21,21.0,0.00024,-8.334871634622283,0.0002534427927539639,-8.280372430009864,-0.054499204612419305
ES,2017,22,22.0,0.00023,-8.377431249041079,0.00025771892081037417,-8.263641021152646,-0.11379022788843329
ES,2017,23,23.0,0.00026,-8.254828926948747,0.0002642464736635953,-8.23862827800081,-0.016200648947936713
ES,2017,24,24.0,0.00027,-8.2170885989659,0.00027440300602951374,-8.200912707254496,-0.016175891711403878
ES,2017,25,25.0,0.0003,-8.111728083308073,0.00028583177232981144,-8.160107128844013,0.04837904553594008
ES,2017,26,26.0,0.00028,-8.180720954795024,0.00028504622595102065,-8.162859194528654,-0.017861760266370652
ES,2017,27,27.0,0.0003,-8.111728083308073,0.0002971247552620949,-8.121358455970936,0.009630372662863707
ES,2017,28,28.0,0.0003,-8.111728083308073,0.0003015575378945842,-8.106549721216432,-0.00517836209164102
ES,2017,29,29.0,0.00033,-8.016417903503749,0.0003306332307841035,-8.014500861040469,-0.0019170424632797278
ES,2017,30,30.0,0.00033,-8.016417903503749,0.00034855760098647076,-7.961707058820296,-0.054710844683453
ES,2017,31,31.0,0.00032,-8.047189562170502,0.0003655023342467854,-7.914237892346721,-0.1329516698237807
ES,2017,32,32.0,0.00038,-7.875339305243843,0.0003791376808830406,-7.877611144752175,0.0022718395083316523
ES,2017,33,33.0,0.00041,-7.799353398265921,0.0004161718445316381,-7.784412295183856,-0.014941103082064977
ES,2017,34,34.0,0.00041,-7.799353398265921,0.00045856597367735394,-7.687406386373916,-0.11194701189200451
ES,2017,35,35.0,0.00047,-7.66277786326017,0.0004809165488989422,-7.639816797923108,-0.022961065337062436
ES,2017,36,36.0,0.00048,-7.641724454062337,0.0005199234393628091,-7.561828989223093,-0.07989546483924403
ES,2017,37,37.0,0.00056,-7.487573774235079,0.0005754986151966013,-7.460273736066568,-0.027300038168511342
ES,2017,38,38.0,0.00064,-7.354042381610556,0.0006272773848148853,-7.374121715137651,0.02007933352709479
ES,2017,39,39.0,0.0006,-7.418580902748128,0.0006919447468595896,-7.27600445111306,-0.14257645163506805
ES,2017,40,40.0,0.00074,-7.208860371766058,0.0007767272223090634,-7.160421334473755,-0.04843903729230359
ES,2017,41,41.0,0.00073,-7.222466023821838,0.0008510015461662741,-7.069096612510912,-0.1533694113109254
ES,2017,42,42.0,0.00083,-7.09408485717363,0.0009407968988944108,-6.96878327706853,-0.12530158010510029
ES,2017,43,43.0,0.00097,-6.938214486466846,0.0010633002896964494,-6.846377726856928,-0.09183675960991788
ES,2017,44,44.0,0.00104,-6.868534565828856,0.0011644756839914725,-6.7554843499300485,-0.1130502158988076
ES,2017,45,45.0,0.0012,-6.725433722188183,0.001319377118247738,-6.630595533869666,-0.09483818831851654
ES,2017,46,46.0,0.00134,-6.615085665019317,0.0014563731993858578,-6.531806043792038,-0.08327962122727861
ES,2017,47,47.0,0.00164,-6.41305903714603,0.0016556933711965593,-6.403535402484646,-0.009523634661383618
ES,2017,48,48.0,0.00182,-6.3089187778934335,0.0018534448497073992,-6.290709290492509,-0.01820948740092465
ES,2017,49,49.0,0.00196,-6.234810805739711,0.002050613884450034,-6.189616074830483,-0.045194730909227765
ES,2017,50,50.0,0.00229,-6.079203461415989,0.002296094089664869,-6.076545821545273,-0.0026576398707156557
ES,2017,51,51.0,0.00257,-5.9638493800750085,0.0025692702791620266,-5.964133358462305,0.00028397838729610214
ES,2017,52,52.0,0.00284,-5.863951226809022,0.002840098201863867,-5.863916649285752,-3.4577523270407085e-05
ES,2017,53,53.0,0.00297,-5.819193326167529,0.0031088360627716132,-5.773506879185911,-0.045686446981617834
ES,2017,54,54.0,0.00338,-5.68987956948721,0.0034383525693966782,-5.672762826553245,-0.0171167429339647
ES,2017,55,55.0,0.00371,-5.596723402362794,0.003725132075845853,-5.592652971176271,-0.004070431186522505
ES,2017,56,56.0,0.00414,-5.487059491144914,0.004138598195442846,-5.487398148617461,0.00033865747254679945
ES,2017,57,57.0,0.0045,-5.403677882205863,0.004507877952604495,-5.401928756683858,-0.001749125522005457
ES,2017,58,58.0,0.00485,-5.328776574032745,0.0048561075538609945,-5.3275180768168005,-0.0012584972159448427
ES,2017,59,59.0,0.0053,-5.240048458424061,0.005324351333679138,-5.2354643900782545,-0.004584068345806713
ES,2017,60,60.0,0.00572,-5.163786473590431,0.005819502102523005,-5.146540570293022,-0.01724590329740927
ES,2017,61,61.0,0.00618,-5.086437007512537,0.006230404122500441,-5.078314081111529,-0.008122926401008534
ES,2017,62,62.0,0.00673,-5.001180135325501,0.006801407523871204,-4.990625699414714,-0.01055443591078653
ES,2017,63,63.0,0.0075,-4.892852258439873,0.00733787668417281,-4.914705758290716,0.021853499850843505
ES,2017,64,64.0,0.00769,-4.867834495464584,0.007903655823805231,-4.840429864043717,-0.027404631420867354
ES,2017,65,65.0,0.00863,-4.7525107738868,0.008605435429563216,-4.755361248674032,0.0028504747872322156
ES,2017,66,66.0,0.00931,-4.6766661876931614,0.00930909054416465,-4.676763878376164,9.769068300258255e-05
ES,2017,67,67.0,0.0101,-4.595219855134923,0.010137351070827458,-4.591528550565662,-0.0036913045692612556
ES,2017,68,68.0,0.01093,-4.51624397679369,0.010921147688886294,-4.517054214473104,0.0008102376794143495
ES,2017,69,69.0,0.01163,-4.454167312451564,0.012025347708898225,-4.420738547907465,-0.03342876454409893
ES,2017,70,70.0,0.01296,-4.345887588058009,0.013083185538809555,-4.336427419882356,-0.009460168175652761
ES,2017,71,71.0,0.01411,-4.260871513117414,0.014334014132010457,-4.245119955502534,-0.01575155761488034
ES,2017,72,72.0,0.01538,-4.174687314904639,0.015730322611961473,-4.152165052779513,-0.022522262125125536
ES,2017,73,73.0,0.01713,-4.066923966646108,0.017364462957412317,-4.053329519989805,-0.013594446656303383
ES,2017,74,74.0,0.01934,-3.945579788956989,0.019406147845614303,-3.9421653638563496,-0.0034144251006393844
ES,2017,75,75.0,0.02072,-3.8766558615908546,0.021600839694025823,-3.8350230903242024,-0.04163277126665221
ES,2017,76,76.0,0.02334,-3.7575866521237273,0.02403845844985013,-3.7281002957534604,-0.029486356370266975
ES,2017,77,77.0,0.02646,-3.632121120295327,0.027052787336291434,-3.609965235142794,-0.022155885152533195
ES,2017,78,78.0,0.03013,-3.5022339258399273,0.0304300639614995,-3.492324213153038,-0.00990971268688945
ES,2017,79,79.0,0.03435,-3.3711532603137786,0.03460415017095134,-3.3637816569742194,-0.007371603339559218
ES,2017,80,80.0,0.03857,-3.2552805067620008,0.039210988941181454,-3.23879824133869,-0.01648226542331077
ES,2017,81,81.0,0.04409,-3.121522279612291,0.044642988848615145,-3.109058008656367,-0.01246427095592395
ES,2017,82,82.0,0.05015,-2.9927367645741927,0.050858989963768884,-2.978698378332648,-0.014038386241544742
ES,2017,83,83.0,0.05728,-2.8598037563297467,0.05816699728370978,-2.844437142063292,-0.015366614266454803
ES,2017,84,84.0,0.06635,-2.7128115182039205,0.06662660760014327,-2.708651267704404,-0.004160250499516405
ES,2017,85,85.0,0.07617,-2.5747875945974403,0.07655728678833124,-2.569715971489302,-0.005071623108138468
ES,2018,20,20.0,0.00022,-8.421883011611913,0.00023861381434020891,-8.340664152490247,-0.08121885912166604
ES,2018,21,21.0,0.00024,-8.334871634622283,0.0002441766493739846,-8.317618621768794,-0.017253012853489125
ES,2018,22,22.0,0.00022,-8.421883011611913,0.00024803367039971365,-8.301946053274117,-0.11993695833779583
ES,2018,23,23.0,0.00026,-8.254828926948747,0.00025451945856001763,-8.27613326690032,0.021304339951573326
ES,2018,24,24.0,0.00029,-8.145629634983754,0.00026475404630135784,-8.236709290119444,0.09107965513569027
ES,2018,25,25.0,0.00025,-8.294049640102028,0.00027634332170640817,-8.19386654604754,-0.10018309405448811
ES,2018,26,26.0,0.00032,-8.047189562170502,0.0002761252723633033,-8.194655909847645,0.14746634767714362
ES,2018,27,27.0,0.00025,-8.294049640102028,0.0002870953798867724,-8.155696063315146,-0.13835357678688176
ES,2018,28,28.0,0.00034,-7.986564940354067,0.00029225249490124196,-8.137892420775167,0.15132748042109956
ES,2018,29,29.0,0.00037,-7.902007552326004,0.0003208422105227491,-8.044561111691413,0.14255355936540948
ES,2018,30,30.0,0.00037,-7.902007552326004,0.00033848644424533457,-7.991026512956415,0.08901896063041104
ES,2018,31,31.0,0.00037,-7.902007552326004,0.00035468757971754666,-7.9442732131001605,0.04226566077415672
ES,2018,32,32.0,0.00035,-7.957577403480815,0.00036824686919915587,-7.906757004492961,-0.05082039898785329
ES,2018,33,33.0,0.00038,-7.875339305243843,0.0004043770388446845,-7.813162850756603,-0.06217645448723985
ES,2018,34,34.0,0.00046,-7.6842840684811335,0.0004461192108309737,-7.714924352800828,0.03064028431969401
ES,2018,35,35.0,0.00048,-7.641724454062337,0.00046582608628902987,-7.671698198885439,0.02997374482310189
ES,2018,36,36.0,0.00049,-7.621105166859602,0.0005035022340964154,-7.593922408682601,-0.027182758177001
ES,2018,37,37.0,0.0005,-7.600902459542082,0.0005579930785558795,-7.491163999681615,-0.10973845986046715
ES,2018,38,38.0,0.00056,-7.487573774235079,0.0006076085246348453,-7.40597975732981,-0.08159401690526913
ES,2018,39,39.0,0.00063,-7.369790738578696,0.0006701765805357205,-7.307969327264875,-0.06182141131382135
ES,2018,40,40.0,0.00071,-7.250245587928913,0.0007523107704566304,-7.1923610607963,-0.05788452713261272
ES,2018,41,41.0,0.00078,-7.156216638280637,0.0008240223526689214,-7.1013129013973435,-0.05490373688329342
ES,2018,42,42.0,0.00083,-7.09408485717363,0.0009113352294518734,-7.000599748752402,-0.0934851084212287
ES,2018,43,43.0,0.00098,-6.927957986299656,0.0010309704163501984,-6.877254768490717,-0.05070321780893927
ES,2018,44,44.0,0.00095,-6.959048573369688,0.0011279434006312543,-6.787359303910507,-0.17168926945918095
ES,2018,45,45.0,0.00114,-6.776727016575733,0.0012799172564587629,-6.660959846531677,-0.11576717004405612
ES,2018,46,46.0,0.00132,-6.630123542383857,0.0014136225923544407,-6.561599654945555,-0.06852388743830229
ES,2018,47,47.0,0.00152,-6.489044944123952,0.00160953783465923,-6.431808200413019,-0.05723674371093335
ES,2018,48,48.0,0.00169,-6.383026750047155,0.0018039483520219935,-6.317777487451103,-0.06524926259605213
ES,2018,49,49.0,0.00195,-6.239925906406482,0.0019981270199741262,-6.215545027215865,-0.024380879190617044
ES,2018,50,50.0,0.00218,-6.12843040218114,0.0022398644113751135,-6.1013399455833515,-0.027090456597788304
ES,2018,51,51.0,0.00244,-6.0157572396770265,0.0025093593314617422,-5.9877278048489435,-0.028029434828082955
ES,2018,52,52.0,0.00262,-5.944580961209131,0.0027793697339820616,-5.885531091378127,-0.059049869831004465
ES,2018,53,53.0,0.00299,-5.812481891579542,0.003046153621741151,-5.793875591854076,-0.018606299725465902
ES,2018,54,54.0,0.00346,-5.666486689912504,0.003373606710552611,-5.691772866396894,0.025286176484390133
ES,2018,55,55.0,0.00374,-5.588669667555696,0.0036605676662082114,-5.610137043538744,0.02146737598304771
ES,2018,56,56.0,0.00407,-5.504112279527633,0.004075732033973449,-5.502704908183803,-0.001407371343829844
ES,2018,57,57.0,0.00444,-5.417100902538004,0.004438061836311622,-5.417537521195297,0.00043661865729305305
ES,2018,58,58.0,0.00491,-5.316481337175707,0.004785208266867954,-5.3422257300781215,0.025744392902414148
ES,2018,59,59.0,0.00526,-5.2476242522325185,0.005250315883966473,-5.2494670358140825,0.0018427835815639781
ES,2018,60,60.0,0.00579,-5.151622987397233,0.005739747198932644,-5.1603401116183365,0.00871712422110349
ES,2018,61,61.0,0.00639,-5.053021010592694,0.006152466376673125,-5.090902240700079,0.0378812301073852
ES,2018,62,62.0,0.00693,-4.971895465780325,0.006722293607058807,-5.002325872106056,0.030430406325730353
ES,2018,63,63.0,0.00743,-4.902229420252469,0.007255044085609226,-4.926058316081509,0.023828895829039354
ES,2018,64,64.0,0.00802,-4.825816857103714,0.00781029912932242,-4.852312015054471,0.026495157950757076
ES,2018,65,65.0,0.00849,-4.768866278658881,0.008498972455507767,-4.767810010380681,-0.0010562682781998234
ES,2018,66,66.0,0.00941,-4.6659823253848485,0.009193709038709004,-4.689235828965416,0.02325350358056788
ES,2018,67,67.0,0.01001,-4.604170685655008,0.010004305303976887,-4.6047397482420225,0.0005690625870142796
ES,2018,68,68.0,0.0106,-4.546901277864116,0.01076433592082772,-4.5315168387980655,-0.015384439066050248
ES,2018,69,69.0,0.01192,-4.429537617344933,0.01184734119700334,-4.435651808136961,0.006114190792027685
ES,2018,70,70.0,0.01288,-4.352079558305929,0.012879302571599471,-4.352133707939737,5.414963380800941e-05
ES,2018,71,71.0,0.0143,-4.247495741716276,0.014098770525734218,-4.261667682156311,0.014171940440035335
ES,2018,72,72.0,0.01512,-4.19173690823075,0.015447090453279997,-4.1703346135489054,-0.021402294681844403
ES,2018,73,73.0,0.01672,-4.0911496713255815,0.017048099802833918,-4.071716529977598,-0.01943314134798335
ES,2018,74,74.0,0.01869,-3.9797666575146655,0.019033713168597137,-3.961543494868818,-0.018223162645847335
ES,2018,75,75.0,0.02051,-3.886842706897848,0.02117403359899479,-3.8549796782578825,-0.031863028639965485
ES,2018,76,76.0,0.02359,-3.7469323855625536,0.02355375977705868,-3.748469820432031,0.0015374348694772166
ES,2018,77,77.0,0.02578,-3.6581562814710957,0.02649648527091666,-3.630743186072431,-0.027413095398664655
ES,2018,78,78.0,0.02967,-3.5176188446794066,0.029808908261327115,-3.512947995199063,-0.004670849480343353
ES,2018,79,79.0,0.03375,-3.388774861663598,0.033908626095669844,-3.384085839865044,-0.004689021798554016
ES,2018,80,80.0,0.03903,-3.2434246977896133,0.03839602368392496,-3.259801374647904,0.016376676858290917
ES,2018,81,81.0,0.04372,-3.1299496156737994,0.04376660609005431,-3.1288841704234676,-0.001065445250331809
ES,2018,82,82.0,0.04919,-3.0120649281748886,0.04989111965768388,-2.9979122548337833,-0.01415267334110526
ES,2018,83,83.0,0.05611,-2.8804412292192563,0.057115489949476406,-2.8626799215352627,-0.017761307683993532
ES,2018,84,84.0,0.06538,-2.7275388776860727,0.06553986461402543,-2.7250967014135496,-0.002442176272523078
ES,2018,85,85.0,0.07398,-2.603960492577829,0.07539437799951652,-2.585022569088766,-0.018937923489063202
ES,2019,20,20.0,0.00021,-8.468403027246806,0.00022782480054878696,-8.386933643040441,-0.08146938420636474
ES,2019,21,21.0,0.00022,-8.421883011611913,0.00023448316467135615,-8.358126765101384,-0.06375624651052902
ES,2019,22,22.0,0.00022,-8.421883011611913,0.00023791293555378725,-8.343605768221055,-0.07827724339085762
ES,2019,23,23.0,0.00025,-8.294049640102028,0.00024434659425064586,-8.316922872341374,0.022873232239346564
ES,2019,24,24.0,0.00026,-8.254828926948747,0.0002546448138768941,-8.275640870531623,0.02081194358287597
ES,2019,25,25.0,0.0003,-8.111728083308073,0.00026638110482360606,-8.230582549652855,0.11885446634478214
ES,2019,26,26.0,0.00026,-8.254828926948747,0.00026673968923453354,-8.229237321820815,-0.025591605127932127
ES,2019,27,27.0,0.0003,-8.111728083308073,0.00027657157938988056,-8.193040893868563,0.08131281056049033
ES,2019,28,28.0,0.00028,-8.180720954795024,0.0002824581796029974,-8.171980055139857,-0.008740899655167667
ES,2019,29,29.0,0.0003,-8.111728083308073,0.00031052256606933055,-8.077253982679764,-0.03447410062830869
ES,2019,30,30.0,0.00033,-8.016417903503749,0.0003278633311087926,-8.022913709861436,0.006495806357687428
ES,2019,31,31.0,0.00037,-7.902007552326004,0.00034328863236597634,-7.976938970877368,0.07493141855136454
ES,2019,32,32.0,0.00036,-7.929406526514119,0.00035675709856654715,-7.938455403931295,0.009048877417176193
ES,2019,33,33.0,0.00035,-7.957577403480815,0.00039192842425582355,-7.844431326029735,-0.11314607745107974
ES,2019,34,34.0,0.00041,-7.799353398265921,0.00043296559470106075,-7.744852291083953,-0.054501107181967434
ES,2019,35,35.0,0.00042,-7.77525584668686,0.0004499510706,-7.706371713111661,-0.06888413357519863
ES,2019,36,36.0,0.00044,-7.728735831051967,0.00048623111122880275,-7.628826509588084,-0.09990932146388332
ES,2019,37,37.0,0.00052,-7.5616817463888015,0.0005395583763320694,-7.524759574611764,-0.036922171777037605
ES,2019,38,38.0,0.00057,-7.469874197135678,0.0005869165762452699,-7.4406278670686055,-0.02924633006707289
ES,2019,39,39.0,0.00065,-7.338538195074591,0.0006472786816108714,-7.3427336272810155,0.004195432206424599
ES,2019,40,40.0,0.00063,-7.369790738578696,0.0007266264703521965,-7.2270980084083245,-0.14269273017037154
ES,2019,41,41.0,0.00068,-7.293417759794122,0.0007956504255968898,-7.136350632403568,-0.15706712739055373
ES,2019,42,42.0,0.00079,-7.143477612503207,0.0008803397483628202,-7.035202647315812,-0.10827496518739554
ES,2019,43,43.0,0.00088,-7.035588650492022,0.0009969240559381503,-6.9108359634833025,-0.12475268700871922
ES,2019,44,44.0,0.00091,-7.002065958453378,0.001089511545535509,-6.8220258065402835,-0.18004015191309453
ES,2019,45,45.0,0.00111,-6.803395263657894,0.001238340120371051,-6.693983408711384,-0.10941185494650973
ES,2019,46,46.0,0.00125,-6.684611727667927,0.001368551312642085,-6.594002534649699,-0.09060919301822778
ES,2019,47,47.0,0.00149,-6.508979159024769,0.0015607995188545614,-6.462557076923897,-0.04642208210087251
ES,2019,48,48.0,0.00167,-6.394931652553473,0.001751616389337317,-6.3472162662999665,-0.047715386253506686
ES,2019,49,49.0,0.00191,-6.260652036923599,0.0019425673809237677,-6.243744788589834,-0.01690724833376489
ES,2019,50,50.0,0.00207,-6.18020667170486,0.00218027232017086,-6.128305492473113,-0.05190117923174675
ES,2019,51,51.0,0.00239,-6.036461913038718,0.002445786310012768,-6.0133886085700095,-0.023073304468708145
ES,2019,52,52.0,0.00266,-5.9294291561885295,0.0027147959478651933,-5.9090384857447456,-0.020390670443783954
ES,2019,53,53.0,0.00293,-5.832752855953161,0.0029794154418751073,-5.816028158151395,-0.016724697801765664
ES,2019,54,54.0,0.00334,-5.701784471993528,0.0033045738008841475,-5.712447769853571,0.010663297860043386
ES,2019,55,55.0,0.00358,-5.632392478569528,0.003591618515361927,-5.629152338146053,-0.003240140423475424
ES,2019,56,56.0,0.00407,-5.504112279527633,0.004008443750937103,-5.5193522050264985,0.015239925498865325
ES,2019,57,57.0,0.00432,-5.444499876726118,0.004363358272992,-5.4345132720094025,-0.00998660471671542
ES,2019,58,58.0,0.00454,-5.39482826692888,0.004709274334132677,-5.358221452009955,-0.036606814918925146
ES,2019,59,59.0,0.00515,-5.268758564306492,0.0051709647265761665,-5.26469600698444,-0.004062557322051852
ES,2019,60,60.0,0.00563,-5.179645836830538,0.005654247813667471,-5.175348190875079,-0.004297645955459117
ES,2019,61,61.0,0.00622,-5.079985372231049,0.0060688093420063795,-5.104592847680973,0.024607475449923477
ES,2019,62,62.0,0.0067,-5.005647752585217,0.006637295358743555,-5.0150507239637845,0.009402971378567493
ES,2019,63,63.0,0.00717,-4.9378496243706085,0.007166018277058956,-4.938405109578073,0.0005554852074647343
ES,2019,64,64.0,0.00786,-4.845968672541022,0.007710017801297189,-4.865234782551304,0.01926611001028178
ES,2019,65,65.0,0.00845,-4.773588837613055,0.00838468030643842,-4.781349011274787,0.007760173661732317
ES,2019,66,66.0,0.00914,-4.695094893516078,0.009069845496352475,-4.702800049580945,0.0077051560648673245
ES,2019,67,67.0,0.00999,-4.606170686321675,0.009861589092186667,-4.61910795781719,0.012937271495514935
ES,2019,68,68.0,0.01022,-4.583408694206579,0.010596345805606422,-4.547246072619145,-0.036162621587433996
ES,2019,69,69.0,0.01143,-4.471513801175417,0.011656735124904201,-4.4518711437093765,-0.01964265746604088
ES,2019,70,70.0,0.01224,-4.403046001897957,0.01266116906618523,-4.369215523228916,-0.03383047866904132
ES,2019,71,71.0,0.01368,-4.291820366787733,0.013847305311085318,-4.279664627655015,-0.012155739132717613
ES,2019,72,72.0,0.01526,-4.182520253125826,0.015144839526726028,-4.190095430351345,0.007575177225518814
ES,2019,73,73.0,0.01655,-4.101369177159065,0.016710569763597652,-4.091713839792895,-0.00965533736617008
ES,2019,74,74.0,0.01838,-3.996492162054596,0.018636770778526778,-3.9826187262280777,-0.013873435826518232
ES,2019,75,75.0,0.02026,-3.8991067801615995,0.020719416426951364,-3.8766840267099125,-0.022422753451686983
ES,2019,76,76.0,0.02217,-3.809015255353917,0.023037700107637164,-3.7706232698541027,-0.038391985499814485
ES,2019,77,77.0,0.02489,-3.6932891626026363,0.025904441695375133,-3.653340830950137,-0.039948331652499114
ES,2019,78,78.0,0.02783,-3.5816407034443376,0.029147737954899392,-3.535377969371663,-0.04626273407267467
ES,2019,79,79.0,0.03084,-3.478942730287008,0.03316804969566775,-3.4061682249882272,-0.07277450529878093
ES,2019,80,80.0,0.03659,-3.3079802999510215,0.03752890199634196,-3.282643922955387,-0.025336376995634513
ES,2019,81,81.0,0.04164,-3.178694035235369,0.04283299037184508,-3.150446670230022,-0.02824736500534719
ES,2019,82,82.0,0.04732,-3.050822239871951,0.04885938273464009,-3.0188088465798657,-0.03201339329208519
ES,2019,83,83.0,0.05352,-2.927699863162164,0.055993460637452766,-2.8825203693968415,-0.04517949376532249
ES,2019,84,84.0,0.06157,-2.787580540059018,0.06437805947234791,-2.742982395343506,-0.044598144715512156
ES,2019,85,85.0,0.07079,-2.648037531196039,0.07414966785459588,-2.601669689779828,-0.046367841416210975
ES,2022,20,20.0,0.00025,-8.294049640102028,0.0002484975512507846,-8.300077566597734,0.006027926495706382
ES,2022,21,21.0,0.00031,-8.078938260485081,0.000253008932447975,-8.282085763741522,0.2031475032564405
ES,2022,22,22.0,0.00028,-8.180720954795024,0.0002572652094441075,-8.265403061794295,0.0846821069992707
ES,2022,23,23.0,0.00027,-8.2170885989659,0.000263790978515627,-8.240353516462848,0.02326491749694881
ES,2022,24,24.0,0.00032,-8.047189562170502,0.0002739515317545114,-8.202559358630227,0.15536979645972515
ES,2022,25,25.0,0.00027,-8.2170885989659,0.0002853882368562806,-8.161660070111948,-0.055428528853951775
ES,2022,26,26.0,0.00026,-8.254828926948747,0.0002846296059927225,-8.164321851040347,-0.09050707590840013
ES,2022,27,27.0,0.00028,-8.180720954795024,0.00029665580583429306,-8.12293799412367,-0.05778296067135358
ES,2022,28,28.0,0.0003,-8.111728083308073,0.00030112307405122195,-8.107991492894534,-0.0037365904135384653
ES,2022,29,29.0,0.00034,-7.986564940354067,0.0003301763541403934,-8.015883639762,0.029318699407933302
ES,2022,30,30.0,0.00035,-7.957577403480815,0.00034808781755626473,-7.9630557607249175,0.005478357244102838
ES,2022,31,31.0,0.00035,-7.957577403480815,0.0003649976932418836,-7.9156195242870036,-0.04195787919381111
ES,2022,32,32.0,0.00039,-7.849363818840582,0.00037862970533228044,-7.878951861273081,0.029588042432498796
ES,2022,33,33.0,0.00047,-7.66277786326017,0.00041562180756990886,-7.785734827618461,0.1229569643582904
ES,2022,34,34.0,0.00054,-7.523941418405954,0.00045798587295009925,-7.688672219412928,0.16473080100697413
ES,2022,35,35.0,0.00048,-7.641724454062337,0.000480211776656827,-7.641283349994653,-0.00044110406768371746
ES,2022,36,36.0,0.00052,-7.5616817463888015,0.0005191564401053399,-7.563305294196232,0.0016235478074309029
ES,2022,37,37.0,0.00056,-7.487573774235079,0.0005746814356896305,-7.461694695583019,-0.02587907865205974
ES,2022,38,38.0,0.00059,-7.435388021064509,0.0006263587971311752,-7.375587192700181,-0.05980082836432832
ES,2022,39,39.0,0.00065,-7.338538195074591,0.000690928064517744,-7.277474843063293,-0.0610633520112982
ES,2022,40,40.0,0.00075,-7.195437351433918,0.0007755868653794728,-7.161890569525824,-0.03354678190809324
ES,2022,41,41.0,0.00082,-7.106206217705975,0.0008497413324930536,-7.070578569507085,-0.03562764819888997
ES,2022,42,42.0,0.00087,-7.047017346315645,0.0009394209883032905,-6.970246842377733,-0.07677050393791163
ES,2022,43,43.0,0.00096,-6.9485772735023925,0.0010617911017876272,-6.847798078159078,-0.10077919534331414
ES,2022,44,44.0,0.00103,-6.878196476740593,0.0011627695162495138,-6.7569506054388855,-0.12124587130170728
ES,2022,45,45.0,0.00113,-6.785537646257888,0.0013175355440370158,-6.63199229951645,-0.1535453467414376
ES,2022,46,46.0,0.00127,-6.668738378511637,0.0014543785877654926,-6.533176557032897,-0.13556182147874019
ES,2022,47,47.0,0.0013,-6.645391014514646,0.0016535414497781224,-6.404835957953312,-0.2405550565613348
ES,2022,48,48.0,0.00155,-6.469500348050982,0.0018511384810117164,-6.2919544340283755,-0.17754591402260633
ES,2022,49,49.0,0.00173,-6.359633870472449,0.0020481694973666564,-6.19080881284343,-0.1688250576290189
ES,2022,50,50.0,0.00199,-6.219620640245736,0.002293476805365335,-6.077686357182749,-0.14193428306298728
ES,2022,51,51.0,0.0023,-6.074846156047033,0.0025664832339395293,-5.965218708640805,-0.1096274474062282
ES,2022,52,52.0,0.00254,-5.975591197951692,0.0028372757821795314,-5.864910918793021,-0.11068027915867074
ES,2022,53,53.0,0.00289,-5.846498776857796,0.003105924554356203,-5.77444384484164,-0.07205493201615631
ES,2022,54,54.0,0.0031,-5.7763531674910364,0.0034353471599258534,-5.673637292933998,-0.10271587455703823
ES,2022,55,55.0,0.00347,-5.663600685023369,0.0037221372627233686,-5.593457242687819,-0.07014344233555025
ES,2022,56,56.0,0.00395,-5.534039700069107,0.004135685173692434,-5.488102263219489,-0.045937436849617264
ES,2022,57,57.0,0.00438,-5.430706554593782,0.004504642426826183,-5.4026467635856115,-0.028059791008170798
ES,2022,58,58.0,0.00464,-5.373040912743973,0.0048528232383896214,-5.328194632385467,-0.04484628035850591
ES,2022,59,59.0,0.00528,-5.243829181263967,0.005320922889881538,-5.236108515132083,-0.007720666131883824
ES,2022,60,60.0,0.00587,-5.137900645142132,0.0058158091583933634,-5.147175352495377,0.009274707353244871
ES,2022,61,61.0,0.00626,-5.07357509387013,0.006226797399305277,-5.078893139464182,0.005318045594052023
ES,2022,62,62.0,0.00679,-4.992304337411532,0.006797747918182624,-4.991163910157655,-0.0011404272538770854
ES,2022,63,63.0,0.00751,-4.891519813206093,0.007334045695860992,-4.915227978665068,0.023708165458974584
ES,2022,64,64.0,0.00821,-4.8024023555178,0.007899337009864121,-4.8409764458328866,0.03857409031508663
ES,2022,65,65.0,0.00916,-4.692909100296098,0.008600508971934984,-4.755933894690769,0.06302479439467135
ES,2022,66,66.0,0.00955,-4.651214124489498,0.009303751332325987,-4.677337591087048,0.02612346659755005
ES,2022,67,67.0,0.01042,-4.564028242656916,0.010131192289128645,-4.592136268819409,0.028108026162493083
ES,2022,68,68.0,0.0111,-4.500810170663849,0.010913884438443336,-4.517719498652078,0.016909327988229528
ES,2022,69,69.0,0.01252,-4.380427913310185,0.012017100986571055,-4.421424561445857,0.040996648135672054
ES,2022,70,70.0,0.01331,-4.319239646575117,0.013073736442596821,-4.3371499128905535,0.017910266315436907
ES,2022,71,71.0,0.01457,-4.228790658775024,0.01432310724095552,-4.245881154887471,0.01709049611244673
ES,2022,72,72.0,0.01582,-4.146480316642629,0.01571718063598731,-4.153000856921775,0.006520540279145948
ES,2022,73,73.0,0.01736,-4.053586569749933,0.01734978218497591,-4.054175326848136,0.0005887570982032742
ES,2022,74,74.0,0.01908,-3.9591146129619967,0.019388856939069294,-3.9430567625189306,-0.01605785044306618
ES,2022,75,75.0,0.02164,-3.8332118250038563,0.021581019053425764,-3.8359410981435484,0.0027292731396921788
ES,2022,76,76.0,0.02371,-3.741858378904823,0.02401594489124855,-3.729037298761862,-0.01282108014296135
ES,2022,77,77.0,0.02636,-3.6359075693478307,0.02702694288628687,-3.6109210258564564,-0.024986543491374302
ES,2022,78,78.0,0.02971,-3.5162715895076206,0.030401208682694778,-3.4932729120611707,-0.0229986774464499
ES,2022,79,79.0,0.03375,-3.388774861663598,0.034571845077925364,-3.364715654244752,-0.02405920741884593
ES,2022,80,80.0,0.03785,-3.274124299098679,0.03917312357201367,-3.239764390495685,-0.03435990860299398
ES,2022,81,81.0,0.04218,-3.1658091039315086,0.04460229263786497,-3.109970016840847,-0.05583908709066154
ES,2022,82,82.0,0.04872,-3.0216656555804953,0.050814058464904964,-2.9795822212484113,-0.04208343433208395
ES,2022,83,83.0,0.05566,-2.888493522884392,0.05811820563062604,-2.8452763142833892,-0.04321720860100298
ES,2022,84,84.0,0.06443,-2.742175915831586,0.06657622403874554,-2.709407761589416,-0.032768154242170056
ES,2022,85,85.0,0.07429,-2.599778925818422,0.0765034012280336,-2.5704200786408142,-0.02935884717760784
ES,2023,20,20.0,0.00025,-8.294049640102028,0.00021512730102054274,-8.444280607287368,0.15023096718534035
ES,2023,21,21.0,0.00026,-8.254828926948747,0.000223001280098487,-8.408333046168671,0.15350411921992446
ES,2023,22,22.0,0.00027,-8.2170885989659,0.00022594039757321005,-8.395239321026382,0.178150722060483
ES,2023,23,23.0,0.00026,-8.254828926948747,0.00023230067767809854,-8.36747800093819,0.11264907398944324
ES,2023,24,24.0,0.00029,-8.145629634983754,0.00024264935493987515,-8.323893140513965,0.17826350553021086
ES,2023,25,25.0,0.00031,-8.078938260485081,0.00025453077471172884,-8.276088807037723,0.19715054655264197
ES,2023,26,26.0,0.00027,-8.2170885989659,0.000255548602692239,-8.272097940609822,0.05500934164392213
ES,2023,27,27.0,0.0003,-8.111728083308073,0.00026406202824246324,-8.239326526951794,0.12759844364372164
ES,2023,28,28.0,0.0003,-8.111728083308073,0.0002707732833549697,-8.214228680009704,0.10250059670163125
ES,2023,29,29.0,0.00032,-8.047189562170502,0.00029819172047949936,-8.11777392101071,0.07058435884020753
ES,2023,30,30.0,0.00034,-7.986564940354067,0.0003151584322605227,-8.06243508602319,0.0758701456691222
ES,2023,31,31.0,0.00036,-7.929406526514119,0.0003296677249781535,-8.017425304767645,0.08801877825352644
ES,2023,32,32.0,0.00039,-7.849363818840582,0.0003430128039353857,-7.977742782237369,0.1283789633967869
ES,2023,33,33.0,0.00044,-7.728735831051967,0.0003770299799953854,-7.883185851143834,0.1544500200918666
ES,2023,34,34.0,0.00044,-7.728735831051967,0.0004171997898738197,-7.781945338495934,0.053209507443966686
ES,2023,35,35.0,0.00048,-7.641724454062337,0.0004310241294852043,-7.749346484543157,0.10762203048081975
ES,2023,36,36.0,0.00047,-7.66277786326017,0.0004656449738325161,-7.672087072928981,0.009309209668811214
ES,2023,37,37.0,0.00057,-7.469874197135678,0.0005175531488078854,-7.5663983350879365,0.09652413795225812
ES,2023,38,38.0,0.0006,-7.418580902748128,0.0005622459603903139,-7.4835711518722,0.06499024912407148
ES,2023,39,39.0,0.00058,-7.4524824544238095,0.0006199814996064803,-7.3858209197147255,-0.06666153470908398
ES,2023,40,40.0,0.00071,-7.250245587928913,0.0006960066104216454,-7.2701513999427085,0.019905812013795376
ES,2023,41,41.0,0.00077,-7.1691200431165445,0.0007618378512916623,-7.17977681850189,0.010656775385345263
ES,2023,42,42.0,0.00078,-7.156216638280637,0.0008433825585064872,-7.0780898968437285,-0.07812674143690845
ES,2023,43,43.0,0.0009,-7.013115794639964,0.0009562827727140406,-6.952456901291546,-0.060658893348417564
ES,2023,44,44.0,0.00102,-6.887952651685957,0.0010436909192479478,-6.864991887714637,-0.022960763971320297
ES,2023,45,45.0,0.00104,-6.868534565828856,0.00118867836144351,-6.734913209690526,-0.13362135613833015
ES,2023,46,46.0,0.00121,-6.717134919373487,0.0013146785994531452,-6.6341630542879075,-0.08297186508557974
ES,2023,47,47.0,0.00129,-6.653113060608557,0.0015024358243147138,-6.500667605069641,-0.15244545553891609
ES,2023,48,48.0,0.00146,-6.529318843261892,0.0016888574502658216,-6.383703043613571,-0.14561579964832116
ES,2023,49,49.0,0.00165,-6.406979991069647,0.0018758452658089722,-6.278695912711903,-0.12828407835774414
ES,2023,50,50.0,0.00181,-6.3144284337044025,0.002108608734963664,-6.161726916288194,-0.15270151741620897
ES,2023,51,51.0,0.00211,-6.161067331494162,0.0023692237290427174,-6.045192917976504,-0.11587441351765815
ES,2023,52,52.0,0.00224,-6.101279413115189,0.0026368405664399922,-5.93817383364356,-0.16310557947162874
ES,2023,53,53.0,0.00262,-5.944580961209131,0.002898724936305221,-5.843484315812173,-0.10109664539695817
ES,2023,54,54.0,0.00295,-5.825950108630408,0.003220970734941288,-5.738072494380253,-0.08787761425015539
ES,2023,55,55.0,0.00331,-5.710807089593166,0.0035079616963910164,-5.6527201234625375,-0.05808696613062825
ES,2023,56,56.0,0.00364,-5.615771597333488,0.003926585479955552,-5.5399850653734335,-0.07578653196005458
ES,2023,57,57.0,0.00407,-5.504112279527633,0.004272512479167677,-5.4555532221671665,-0.04855905736046662
ES,2023,58,58.0,0.00455,-5.392628046019278,0.0046168309881034495,-5.378046742559318,-0.014581303459960004
ES,2023,59,59.0,0.00484,-5.3308405582535965,0.00507427826785122,-5.283570977398833,-0.047269580854763404
ES,2023,60,60.0,0.00533,-5.234404040804384,0.005550044211666674,-5.193949385189455,-0.040454655614929
ES,2023,61,61.0,0.00587,-5.137900645142132,0.005966700699589768,-5.121561150977944,-0.016339494164188118
ES,2023,62,62.0,0.00657,-5.025241446485618,0.006533437493086993,-5.030822058721423,0.0055806122358053045
ES,2023,63,63.0,0.00707,-4.9518947990736555,0.0070571931719081975,-4.95370787424637,0.0018130751727145622
ES,2023,64,64.0,0.00764,-4.874357675803708,0.0075875129462520344,-4.881251416337411,0.006893740533703507
ES,2023,65,65.0,0.00831,-4.79029567011478,0.008245155921102754,-4.7981294121605735,0.007833742045793457
ES,2023,66,66.0,0.0088,-4.733003557497976,0.008918640912276036,-4.719611708093422,-0.01339184940455418
ES,2023,67,67.0,0.01011,-4.594230245949757,0.009687527070462535,-4.63691608993625,0.04268584398649278
ES,2023,68,68.0,0.0107,-4.537511537514277,0.010391770599356743,-4.566741074592214,0.02922953707793674
ES,2023,69,69.0,0.01178,-4.441352100758697,0.011424745893710153,-4.4719735836999615,0.030621482941264766
ES,2023,70,70.0,0.0124,-4.390058806371146,0.012395931922361719,-4.390386930975417,0.0003281246042714514
ES,2023,71,71.0,0.01354,-4.302107011498008,0.013541851757972215,-4.30197025881273,-0.00013675268527801876
ES,2023,72,72.0,0.01452,-4.232228269585487,0.014778420672898002,-4.214587224861814,-0.017641044723673005
ES,2023,73,73.0,0.01623,-4.1208938974556375,0.016301490288705877,-4.1164987465938125,-0.004395150861824959
ES,2023,74,74.0,0.01833,-3.9992162171305234,0.018156264578527124,-4.008739621982137,0.009523404851613737
ES,2023,75,75.0,0.01984,-3.9200551771254104,0.020169481017346273,-3.9035846577711313,-0.016470519354279123
ES,2023,76,76.0,0.02245,-3.7964646647938736,0.02241375329677952,-3.798080522070342,0.001615857276468624
ES,2023,77,77.0,0.02469,-3.701356975625049,0.0251889814440482,-3.6813486243677165,-0.020008351257332357
ES,2023,78,78.0,0.02777,-3.5837989776634287,0.02834859101483598,-3.5631779496964966,-0.020621027966932104
ES,2023,79,79.0,0.03127,-3.465096107512387,0.03227257762602451,-3.433537399255928,-0.03155870825645879
ES,2023,80,80.0,0.03421,-3.375237279992624,0.03648130823786264,-3.3109552526355093,-0.06428202735711475
ES,2023,81,81.0,0.03957,-3.229684023584804,0.04170344697300792,-3.1771714923704204,-0.052512531214383706
ES,2023,82,82.0,0.04452,-3.111816752574793,0.04761019622651404,-3.0447083342443158,-0.0671084183304771
ES,2023,83,83.0,0.05106,-2.974753867168799,0.05463334547825406,-2.9071108596017554,-0.06764300756704378
ES,2023,84,84.0,0.05867,-2.8358267560443684,0.06296664482836448,-2.7651501399660647,-0.07067661607830367
ES,2023,85,85.0,0.06829,-2.6839919360091393,0.07263543928727519,-2.6223023318023055,-0.06168960420683378
ES,2024,20,20.0,0.0001729154306827,-8.662707922972107,0.0001851437494250795,-8.594378010693397,-0.06832991227870977
ES,2024,21,21.0,0.0001860730179065,-8.58937139189649,0.00019554094917133885,-8.539740741795335,-0.04963065010115564
ES,2024,22,22.0,0.0001858310403781,-8.590672682146788,0.00019737941945829158,-8.530382694463508,-0.06028998768328009
ES,2024,23,23.0,0.0001985524118403,-8.524457453191589,0.00020350932019779866,-8.499798754632607,-0.02465869855898184
ES,2024,24,24.0,0.0002119251627321,-8.459277351594201,0.00021386052792143485,-8.450186494101287,-0.009090857492914495
ES,2024,25,25.0,0.0002142114299273,-8.448547040369139,0.00022595044132365908,-8.395194868917217,-0.05335217145192139
ES,2024,26,26.0,0.0002103495760157,-8.466739763543277,0.00022843030039715074,-8.384279425246138,-0.08246033829713895
ES,2024,27,27.0,0.0002224474995205,-8.410819441411498,0.00023393377575551383,-8.360472492253166,-0.05034694915833171
ES,2024,28,28.0,0.0002236225066513,-8.405551165884301,0.00024242737938799961,-8.324808358877004,-0.0807428070072973
ES,2024,29,29.0,0.0002538400411785,-8.278806248467081,0.0002681862081144977,-8.223829012322254,-0.0549772361448273
ES,2024,30,30.0,0.0002620812616443,-8.24685594334481,0.0002841874265158505,-8.165876584955369,-0.08097935838944181
ES,2024,31,31.0,0.0002680176884012,-8.224457578134405,0.0002965210220678597,-8.12339244130506,-0.10106513682934448
ES,2024,32,32.0,0.0002745240669677,-8.200471625201509,0.00030949400822776157,-8.080571825549601,-0.11989979965190756
ES,2024,33,33.0,0.0003067875360318,-8.089355115007631,0.0003406618455005249,-7.984620228119978,-0.10473488688765364
ES,2024,34,34.0,0.0003392473050191,-7.988781203218653,0.000378599728105134,-7.879031037347962,-0.10975016587069053
ES,2024,35,35.0,0.0003448202452217,-7.972487305058246,0.00038516962077909754,-7.8618267472482755,-0.11066055780997086
ES,2024,36,36.0,0.0003619507130714,-7.924002507144456,0.0004157961862270787,-7.785315354715474,-0.13868715242898233
ES,2024,37,37.0,0.0004083806589922,-7.803310830796658,0.00046411333369416143,-7.6753817819118755,-0.1279290488847824
ES,2024,38,38.0,0.0004422102022678,-7.723725218192872,0.0005024728231021066,-7.595969002872494,-0.1277562153203773
ES,2024,39,39.0,0.0004783115907988,-7.64524817424779,0.0005538616177324224,-7.498595689905683,-0.14665248434210731
ES,2024,40,40.0,0.0005591457292165,-7.489100422511735,0.0006218339642142803,-7.382837439421785,-0.10626298308994997
ES,2024,41,41.0,0.000617255989001,-7.390226727070787,0.0006799858329177844,-7.293438593955586,-0.09678813311520074
ES,2024,42,42.0,0.0006792273037222,-7.2945547239485675,0.0007538319569241191,-7.190341083596163,-0.10421364035240455
ES,2024,43,43.0,0.0007908980478137,-7.142341488751849,0.0008575820487277034,-7.0613936998541,-0.080947788897749
ES,2024,44,44.0,0.0008509265173918,-7.069184781659925,0.0009326790586071353,-6.977449404925743,-0.09173537673418242
ES,2024,45,45.0,0.0009840512020183,-6.923832627694329,0.001067921484707473,-6.842041057338086,-0.08179157035624307
ES,2024,46,46.0,0.001115715091453,-6.798259742013133,0.001183502023754491,-6.739277419037476,-0.0589823229756572
ES,2024,47,47.0,0.0012708523550064,-6.668067457954845,0.001359801680656976,-6.600416412913732,-0.06765104504111363
ES,2024,48,48.0,0.0014739884293682,-6.519783335063848,0.001535035274661513,-6.479201917971505,-0.04058141709234331
ES,2024,49,49.0,0.001665255826835,-6.397776517601893,0.001711858876784642,-6.370175436444945,-0.02760108115694848
ES,2024,50,50.0,0.0018764661958361,-6.278364954027293,0.001931993958605275,-6.249202670212603,-0.029162283814690326
ES,2024,51,51.0,0.0021954295045046,-6.121377577562683,0.002179987560705676,-6.128436108295733,0.007058530733050183
ES,2024,52,52.0,0.0024213333752846,-6.023436909025566,0.002443237188563339,-6.014431402363563,-0.009005506662003171
ES,2024,53,53.0,0.002701610040252,-5.913907372490287,0.0026977239407217535,-5.915346846401317,0.0014394739110299426
ES,2024,54,54.0,0.0030254730889433,-5.800687806688341,0.0030120284816573203,-5.805141513027671,0.004453706339329955
ES,2024,55,55.0,0.0033380308967474,-5.702374197719603,0.0032981109937122353,-5.714405400555907,0.012031202836303656
ES,2024,56,56.0,0.0037465946488192,-5.586907945214853,0.0037201600036572084,-5.593988599886251,0.007080654671398179
ES,2024,57,57.0,0.0041092905493426,-5.494504881105532,0.00404359045375924,-5.510622255514332,0.016117374408800345
ES,2024,58,58.0,0.0044434035816717,-5.416334623756014,0.004383373788891546,-5.429936579664148,0.0136019559081344
ES,2024,59,59.0,0.0048802718964659,-5.322554344180273,0.004829687618406902,-5.332973488687266,0.010419144506992772
ES,2024,60,60.0,0.0053121236515539,-5.237763589301461,0.005286307314541298,-5.242635327043626,0.004871737742164761
ES,2024,61,61.0,0.0057663746017191,-5.155711714529855,0.00570750538406035,-5.165973236230002,0.010261521700146936
ES,2024,62,62.0,0.0062961817561106,-5.067811899778227,0.006269233055277012,-5.07210125155151,0.004289351773283379
ES,2024,63,63.0,0.0067604543589096,-4.996665178329497,0.0067801188174545736,-4.993760652485074,-0.0029045258444231337
ES,2024,64,64.0,0.0072314317639628,-4.929318231440135,0.0072760099997765115,-4.923172643976393,-0.00614558746374172
ES,2024,65,65.0,0.007850362109028,-4.847195619713109,0.007890863640566763,-4.8420496899668,-0.005145929746309008
ES,2024,66,66.0,0.0083974263460279,-4.779830007456702,0.008534710877580455,-4.763613798226847,-0.01621620922985567
ES,2024,67,67.0,0.0091134360643405,-4.698005463812949,0.009246350869041648,-4.6835263059378,-0.014479157875149085
ES,2024,68,68.0,0.0097484168595867,-4.630650380532088,0.009874827575944765,-4.617766429011212,-0.012883951520875847
ES,2024,69,69.0,0.0106589140049293,-4.541358741144318,0.010839170376064517,-4.524588819472864,-0.016769921671453858
ES,2024,70,70.0,0.0114433894080344,-4.470343059985742,0.011727719683589155,-4.445800035590986,-0.024543024394755975
ES,2024,71,71.0,0.0125434777507005,-4.378554449635191,0.012773890071399407,-4.360352029531921,-0.01820242010327
ES,2024,72,72.0,0.0135419058628736,-4.301966263436451,0.013860794513175926,-4.278690962680381,-0.02327530075606976
ES,2024,73,73.0,0.0149597182019846,-4.202394143378955,0.01527756810205911,-4.181369663534767,-0.021024479844188093
ES,2024,74,74.0,0.0166815761471899,-4.093450393278936,0.016956444732463327,-4.077107297216736,-0.01634309606219997
ES,2024,75,75.0,0.0184141965054458,-3.994633362649268,0.018798218436515756,-3.973993177651746,-0.02064018499752196
ES,2024,76,76.0,0.0205128826868839,-3.8867021664628596,0.020859497528474668,-3.8699459175004574,-0.016756248962402243
ES,2024,77,77.0,0.0229501578529083,-3.774430464376871,0.023408525580069436,-3.7546549819459485,-0.01977548243092242
ES,2024,78,78.0,0.0257962267571065,-3.6575270474746535,0.026359134954243912,-3.635940386493139,-0.021586660981514516
ES,2024,79,79.0,0.0293931871438081,-3.526992361293446,0.03004159783165026,-3.5051722633659192,-0.021820097927526927
ES,2024,80,80.0,0.0333854498251056,-3.399635107894405,0.033875742792159685,-3.3850560725788466,-0.014579035315558375
ES,2024,81,81.0,0.0380978484698985,-3.267597469050345,0.03888604403987569,-3.2471198577710667,-0.020477611279278385
ES,2024,82,82.0,0.0435271568247778,-3.134370240855966,0.044489747671645846,-3.1124965057548746,-0.021873735101091363
ES,2024,83,83.0,0.0500452148373388,-2.994828385437188,0.05122780032697273,-2.9714729191581495,-0.023355466279038506
ES,2024,84,84.0,0.0579030012137751,-2.8489860613117424,0.059417230876851565,-2.8231710125773377,-0.025815048734404655
ES,2024,85,85.0,0.0672026739980257,-2.7000422406074125,0.06881694334021216,-2.676305294882362,-0.023736945725050695
ES,2025,20,20.0,0.0001646739450103,-8.711543129953863,0.00017759551350219284,-8.636001989537267,-0.07554114041659687
ES,2025,21,21.0,0.0001783827485878,-8.631579043235215,0.00018854349791770983,-8.576181819512646,-0.05539722372256861
ES,2025,22,22.0,0.0001778190522716,-8.63474408499193,0.0001901191219477569,-8.567859724639835,-0.06688436035209477
ES,2025,23,23.0,0.000190832604877,-8.564113928449704,0.00019617704113728682,-8.536493035329006,-0.027620893120698042
ES,2025,24,24.0,0.0002043109078621,-8.49586766617047,0.00020650017508702258,-8.485209297684502,-0.01065836848596824
ES,2025,25,25.0,0.0002060987292662,-8.48715523570453,0.00021860927757871916,-8.42822454223167,-0.05893069347285973
ES,2025,26,26.0,0.000202129101905,-8.506603946370634,0.00022143337086677332,-8.41538882245899,-0.09121512391164366
ES,2025,27,27.0,0.0002139107889562,-8.449951503895008,0.0002262052335905963,-8.394067857544622,-0.05588364635038623
ES,2025,28,28.0,0.0002148681199173,-8.445486113774228,0.0002351061239832682,-8.35547355433867,-0.09001255943555897
ES,2025,29,29.0,0.0002447782829087,-8.315157724869639,0.00026041358472595556,-8.253239480304133,-0.06191824456550599
ES,2025,30,30.0,0.0002521846302351,-8.285349079053823,0.0002761511300440171,-8.194562269487058,-0.09078680956676521
ES,2025,31,31.0,0.0002573199441095,-8.265190328623815,0.00028793421666562115,-8.152778518274342,-0.11241181034947267
ES,2025,32,32.0,0.0002631588297823,-8.24275279254805,0.0003007931712510921,-8.109087668104088,-0.1336651244439615
ES,2025,33,33.0,0.0002945974580496,-8.129900682453622,0.0003312128587743179,-8.012749311405148,-0.11715137104847351
ES,2025,34,34.0,0.0003261193048424,-8.028247277772474,0.0003685426272983549,-7.905954175146206,-0.12229310262626747
ES,2025,35,35.0,0.0003303261913847,-8.015429932965889,0.00037334075632079397,-7.893018999538781,-0.12241093342710752
ES,2025,36,36.0,0.0003457985710889,-7.969654116913038,0.0004029431622723293,-7.816715042509268,-0.1529390744037693
ES,2025,37,37.0,0.000391122842393,-7.846488872403355,0.00045029649189169625,-7.705604321289591,-0.1408845511137642
ES,2025,38,38.0,0.0004231236781909,-7.767846038223678,0.0004870526151884285,-7.6271384013162296,-0.14070763690744847
ES,2025,39,39.0,0.000457188163891,-7.690415514631131,0.0005368082449471713,-7.529869612985168,-0.16054590164596316
ES,2025,40,40.0,0.000536405621954,-7.530619925713092,0.0006027025561551575,-7.414086756310954,-0.11653316940213809
ES,2025,41,41.0,0.0005927176212811,-7.430792459089226,0.0006588870097926018,-7.324958495229582,-0.10583396385964328
ES,2025,42,42.0,0.0006525138512672,-7.334678190997027,0.0007307275983638069,-7.221469810120122,-0.11320838087690532
ES,2025,43,43.0,0.0007620862646334,-7.179450800504875,0.0008320622476480513,-7.091603303057032,-0.08784749744784293
ES,2025,44,44.0,0.0008186652316471,-7.107835310240951,0.0009040414475237842,-7.008635349592398,-0.09919996064855319
ES,2025,45,45.0,0.000949179209408,-6.959912936921096,0.0010366623403914395,-6.871749014723658,-0.08816392219743818
ES,2025,46,46.0,0.0010790355607235,-6.831687636137535,0.0011495013823402775,-6.768427011203886,-0.06326062493364937
ES,2025,47,47.0,0.0012299238367701,-6.700803032840137,0.0013227027924394112,-6.628078065768393,-0.07272496707174447
ES,2025,48,48.0,0.0014316609919674,-6.548919975923351,0.0014949163774460226,-6.505685008522612,-0.043234967400739066
ES,2025,49,49.0,0.0016213491418447,-6.424496672718516,0.0016689778457707348,-6.395543908344562,-0.028952764373953777
ES,2025,50,50.0,0.0018291942780906,-6.303879694279187,0.001885691193812761,-6.2734608442254585,-0.030418850053728796
ES,2025,51,51.0,0.002149971927384,-6.142300493958507,0.002130240197369003,-6.151520536900875,0.009220042942368778
ES,2025,52,52.0,0.0023718755586779,-6.044074261837583,0.0023921119875155526,-6.0355786264664335,-0.00849563537114939
ES,2025,53,53.0,0.0026514786919676,-5.932637797637521,0.0026444947075118315,-5.93527526877927,0.002637471141748726
ES,2025,54,54.0,0.0029738823606666,-5.817886987655716,0.00295652516298902,-5.823740631666035,0.005853644010318959
ES,2025,55,55.0,0.003287321028354,-5.717682323004578,0.0032421728635994317,-5.731511537040939,0.013829214036361392
ES,2025,56,56.0,0.0036954487414913,-5.600653286356081,0.0036648624010885817,-5.608964488389632,0.008311202033550735
ES,2025,57,57.0,0.0040549990557502,-5.5078048242754045,0.003982308427875318,-5.525893620820993,0.01808879654558826
ES,2025,58,58.0,0.0043873750976183,-5.429024158374673,0.004320749864041015,-5.444326312150197,0.015302153775524019
ES,2025,59,59.0,0.0048203224432436,-5.334914456218622,0.004763972246883214,-5.346673453097317,0.011758996878694639
ES,2025,60,60.0,0.0052439877888114,-5.2506730416853395,0.00521541519925767,-5.256136577350068,0.005463535664728347
ES,2025,61,61.0,0.0057005007216833,-5.167201262090508,0.005637642540996435,-5.178289290039029,0.011088027948520818
ES,2025,62,62.0,0.0062259602818026,-5.0790275863915815,0.006197876700816895,-5.0835485131966935,0.004520926805112069
ES,2025,63,63.0,0.006679396385863,-5.008727656914174,0.006705227631719366,-5.004867813276764,-0.0038598436374099876
ES,2025,64,64.0,0.0071397741842082,-4.94207412999238,0.007191913923184956,-4.934797950295875,-0.0072761796965048475
ES,2025,65,65.0,0.007747507946871,-4.860384042569305,0.007795338445609951,-4.8542293591198895,-0.006154683449415721
ES,2025,66,66.0,0.008279689064228,-4.793949863919555,0.00843120011241419,-4.775816155011428,-0.0181337089081266
ES,2025,67,67.0,0.00897966829388,-4.712792335670978,0.009127605096439844,-4.6964519302372985,-0.016340405433679983
ES,2025,68,68.0,0.009596159953574,-4.6463922653676635,0.00973608269976705,-4.631916429108762,-0.014475836258901253
ES,2025,69,69.0,0.0104833218915376,-4.557969675931649,0.010682165385769205,-4.539179714524874,-0.01878996140677547
ES,2025,70,70.0,0.0112379800168541,-4.488456164470069,0.011548880000456096,-4.461166816373677,-0.027289348096392274
ES,2025,71,71.0,0.0123157644658811,-4.396875173341053,0.012568745526495468,-4.3765420603661624,-0.02033311297489071
ES,2025,72,72.0,0.0132725514126067,-4.3220571798950616,0.013616571027565595,-4.296467770048294,-0.025589409846767275
ES,2025,73,73.0,0.0146602233257333,-4.22261734896072,0.015005188769386191,-4.199359219736671,-0.023258129224049462
ES,2025,74,74.0,0.0163412432677183,-4.114063105069117,0.016637991560522876,-4.096066550361652,-0.017996554707464973
ES,2025,75,75.0,0.0180222643043643,-4.016147379625721,0.018434739395622412,-3.9935183837874644,-0.022628995838256838
ES,2025,76,76.0,0.0200753695724348,-3.9082616097329725,0.02044789911903116,-3.8898751343363913,-0.018386475396581226
ES,2025,77,77.0,0.0224486967384104,-3.796522718220126,0.022937462306382966,-3.774983796487152,-0.021538921732974003
ES,2025,78,78.0,0.0252325142212191,-3.6796218692442015,0.025832591065120765,-3.656118364666812,-0.023503504577389478
ES,2025,79,79.0,0.0287625928483336,-3.5486795955221306,0.029450701449682135,-3.5250375508428236,-0.023642044679307084
ES,2025,80,80.0,0.0326770464621635,-3.4210823906094068,0.03318672932964796,-3.4056052019551304,-0.015477188654276386
ES,2025,81,81.0,0.0373089371258031,-3.288522379804192,0.03813901683122332,-3.266517457033485,-0.02200492277070687
ES,2025,82,82.0,0.042645670594304,-3.15482952029533,0.0436612169497288,-3.131295054915564,-0.023534465379766
ES,2025,83,83.0,0.0490746587149208,-3.014412493200986,0.05032157524482878,-2.9893213625324573,-0.02509113066852864
ES,2025,84,84.0,0.0568538089750416,-2.867272060589536,0.05846886073264063,-2.839260961632229,-0.028011098957307023
ES,2025,85,85.0,0.0660776559674981,-2.7169246230454043,0.06779403787021558,-2.6912810249199426,-0.025643598125461686
FR,2004,20,20.0,0.00059,-7.435388021064509,0.0006476105093590179,-7.342221108128451,-0.0931669129360575
FR,2004,21,21.0,0.00059,-7.435388021064509,0.0006380538661049312,-7.357087848551911,-0.07830017251259758
FR,2004,22,22.0,0.00059,-7.435388021064509,0.0006482972406970864,-7.341161262005421,-0.0942267590590875
FR,2004,23,23.0,0.00061,-7.402051600796917,0.0006702151804045757,-7.307911732358683,-0.09413986843823441
FR,2004,24,24.0,0.00059,-7.435388021064509,0.0006681017013758393,-7.311070148447492,-0.12431787261701732
FR,2004,25,25.0,0.00058,-7.4524824544238095,0.0006732516280326495,-7.30339140810594,-0.14909104631786985
FR,2004,26,26.0,0.0006,-7.418580902748128,0.0006930655816398261,-7.27438592885102,-0.14419497389710845
FR,2004,27,27.0,0.0006,-7.418580902748128,0.0007031844839738103,-7.2598912767204,-0.15868962602772818
FR,2004,28,28.0,0.00059,-7.435388021064509,0.0007314852331962272,-7.220433524726,-0.2149544963385086
FR,2004,29,29.0,0.00066,-7.3232707229438025,0.000734989916597202,-7.215653777760914,-0.10761694518288856
FR,2004,30,30.0,0.00072,-7.236259345954173,0.0007582011591977769,-7.184561826001941,-0.05169751995223226
FR,2004,31,31.0,0.00073,-7.222466023821838,0.0008017475686799207,-7.128716751912077,-0.09374927190976035
FR,2004,32,32.0,0.00072,-7.236259345954173,0.0008472218262368401,-7.073548001217572,-0.16271134473660087
FR,2004,33,33.0,0.00089,-7.024289095238089,0.0008966451612372822,-7.016850358074357,-0.007438737163732334
FR,2004,34,34.0,0.00086,-7.05857816871672,0.0009516278762462766,-6.957336485884799,-0.10124168283192159
FR,2004,35,35.0,0.001,-6.907755278982137,0.0010585561854283309,-6.850849388563454,-0.056905890418683214
FR,2004,36,36.0,0.00105,-6.8589651148127055,0.0011715866714431995,-6.749396319446865,-0.10956879536584019
FR,2004,37,37.0,0.0012,-6.725433722188183,0.0012785445382831027,-6.662032927482274,-0.06340079470590876
FR,2004,38,38.0,0.00128,-6.660895201050611,0.0013966553036018656,-6.573674969595216,-0.0872202314553947
FR,2004,39,39.0,0.00137,-6.5929445391421035,0.0015276875979610897,-6.4840000607370305,-0.10894447840507304
FR,2004,40,40.0,0.00151,-6.495645628155304,0.0016417675906407365,-6.411981818383371,-0.08366380977193355
FR,2004,41,41.0,0.00169,-6.383026750047155,0.0018205433614801277,-6.3086202721868885,-0.07440647786026666
FR,2004,42,42.0,0.00188,-6.276483502140279,0.0019815647001489747,-6.2238684937603805,-0.05261500837989885
FR,2004,43,43.0,0.0022,-6.119297918617867,0.002169461460686196,-6.133276317029218,0.013978398411351733
FR,2004,44,44.0,0.00235,-6.05333995082607,0.0024144555789784353,-6.026281450426693,-0.027058500399376406
FR,2004,45,45.0,0.00252,-5.983496377458805,0.002635745756134468,-5.938589117625378,-0.04490725983342703
FR,2004,46,46.0,0.00282,-5.871018394032115,0.0028881071476906913,-5.8471539576388505,-0.0238644363932643
FR,2004,47,47.0,0.00311,-5.773132552790995,0.0031560799929800606,-5.758424530001578,-0.014708022789416297
FR,2004,48,48.0,0.00344,-5.6722838075968305,0.003433463692494255,-5.674185704447802,0.0019018968509714185
FR,2004,49,49.0,0.0036,-5.626821433520073,0.0037401402129531624,-5.588632178164004,-0.03818925535606876
FR,2004,50,50.0,0.00411,-5.4943322504739935,0.004086973707454037,-5.499950507634774,0.005618257160780793
FR,2004,51,51.0,0.00431,-5.44681737486648,0.004410920310483407,-5.423671924111078,-0.023145450755402308
FR,2004,52,52.0,0.00442,-5.42161558289253,0.004692574379592929,-5.361773938890195,-0.059841644002334604
FR,2004,53,53.0,0.00493,-5.312416290927538,0.005062901369710455,-5.285815566786434,-0.026600724141103704
FR,2004,54,54.0,0.00517,-5.2648825904617995,0.0054226202474157575,-5.2171761398676715,-0.047706450594128036
FR,2004,55,55.0,0.00543,-5.215816145036293,0.005806933107168148,-5.148702712002787,-0.06711343303350681
FR,2004,56,56.0,0.00566,-5.1743313867670455,0.006133407945753149,-5.094004738040852,-0.0803266487261931
FR,2004,57,57.0,0.00623,-5.0783789461827755,0.006647966746421822,-5.013444223483946,-0.06493472269882972
FR,2004,58,58.0,0.00667,-5.010135419054604,0.0070620633080090795,-4.953018016915575,-0.057117402139029494
FR,2004,59,59.0,0.0074,-4.9062752787720125,0.007540332608722362,-4.887488985372555,-0.018786293399457143
FR,2004,60,60.0,0.00772,-4.863940914945452,0.008121223340570586,-4.813274478450546,-0.05066643649490654
FR,2004,61,61.0,0.00811,-4.8146574108548155,0.008602251183822126,-4.755731344416589,-0.058926066438226066
FR,2004,62,62.0,0.00868,-4.746733750309878,0.009134798604091113,-4.695664136019049,-0.0510696142908289
FR,2004,63,63.0,0.00935,-4.672378935681541,0.009728220826347635,-4.632724253939115,-0.03965468174242659
FR,2004,64,64.0,0.00985,-4.62028382379814,0.0103603513901342,-4.56976912475938,-0.050514699038759936
FR,2004,65,65.0,0.01072,-4.535644123339481,0.011193647132107104,-4.492408881958988,-0.043235241380493505
FR,2004,66,66.0,0.0114,-4.474141923581687,0.011876984662692247,-4.433152813536136,-0.04098911004555106
FR,2004,67,67.0,0.01208,-4.416204086475468,0.01276617008476783,-4.360956568974623,-0.05524751750084533
FR,2004,68,68.0,0.0136,-4.29768548624013,0.013980411935444878,-4.270098076555876,-0.027587409684254105
FR,2004,69,69.0,0.01449,-4.234296522649546,0.015050255049810186,-4.196360341099607,-0.03793618154993972
FR,2004,70,70.0,0.01616,-4.125216225889187,0.01641019631850172,-4.109852410606072,-0.015363815283115478
FR,2004,71,71.0,0.01763,-4.038153282572358,0.01788332213676436,-4.023886724663333,-0.014266557909024868
FR,2004,72,72.0,0.01921,-3.9523243022016716,0.019806076245854613,-3.9217665072562538,-0.030557794945417882
FR,2004,73,73.0,0.02145,-3.842030633608111,0.02163215052774863,-3.833574620577533,-0.008456013030578191
FR,2004,74,74.0,0.02398,-3.7305351293827687,0.02385579818953545,-3.735727980522052,0.005192851139283139
FR,2004,75,75.0,0.02554,-3.667509428377744,0.02643314381004763,-3.6331366088946324,-0.03437281948311144
FR,2004,76,76.0,0.02938,-3.5274411082364057,0.029467247990830895,-3.5244758700056287,-0.0029652382307769898
FR,2004,77,77.0,0.03209,-3.4392108238603716,0.03276246290483743,-3.4184718425778184,-0.020738981282553137
FR,2004,78,78.0,0.03541,-3.3407610128583247,0.036492525860652325,-3.310647810303155,-0.030113202555169583
FR,2004,79,79.0,0.04002,-3.21837594982655,0.04089755177316288,-3.1966850765718666,-0.02169087325468322
FR,2004,80,80.0,0.04598,-3.0795487596471016,0.04679914086014011,-3.0618904339163544,-0.017658325730747215
FR,2004,81,81.0,0.05075,-2.9808436610602405,0.05243662230813273,-2.948150032761152,-0.032693628299088395
FR,2004,82,82.0,0.05739,-2.857885206861866,0.05881878063606666,-2.833294076501859,-0.02459113036000682
FR,2004,83,83.0,0.06494,-2.734291512307437,0.06630235569610414,-2.713529851560227,-0.020761660747210087
FR,2004,84,84.0,0.07331,-2.613058253746642,0.07426731635609932,-2.6000843115730032,-0.012973942173638786
FR,2004,85,85.0,0.0823,-2.497384171299113,0.08372899611084442,-2.4801699324370463,-0.017214238862066633
FR,2005,20,20.0,0.00058,-7.4524824544238095,0.0006273691567975225,-7.373975423764333,-0.07850703065947684
FR,2005,21,21.0,0.00057,-7.469874197135678,0.0006205600347101498,-7.384888205848068,-0.08498599128761075
FR,2005,22,22.0,0.00058,-7.4524824544238095,0.0006300244485837198,-7.369751932055933,-0.0827305223678767
FR,2005,23,23.0,0.00065,-7.338538195074591,0.0006517136664074116,-7.335905254449296,-0.002632940625295177
FR,2005,24,24.0,0.00057,-7.469874197135678,0.0006504874679478003,-7.337788525458167,-0.13208567167751095
FR,2005,25,25.0,0.00058,-7.4524824544238095,0.0006564990865484028,-7.328589255618579,-0.12389319880523075
FR,2005,26,26.0,0.00063,-7.369790738578696,0.0006768107770726231,-7.298118826228379,-0.07167191235031733
FR,2005,27,27.0,0.00056,-7.487573774235079,0.0006853912723625279,-7.285520682245738,-0.20205309198934085
FR,2005,28,28.0,0.00059,-7.435388021064509,0.0007145714631576609,-7.2438275471806595,-0.19156047388384945
FR,2005,29,29.0,0.00064,-7.354042381610556,0.0007186827127740008,-7.2380905872451455,-0.1159517943654107
FR,2005,30,30.0,0.00068,-7.293417759794122,0.0007417890095420635,-7.206445708949973,-0.08697205084414872
FR,2005,31,31.0,0.00077,-7.1691200431165445,0.0007839738021048019,-7.151134953854833,-0.017985089261711273
FR,2005,32,32.0,0.00077,-7.1691200431165445,0.0008289901254972838,-7.095302314242159,-0.07381772887438576
FR,2005,33,33.0,0.00081,-7.1184763102977895,0.0008776088030831915,-7.038309618193043,-0.08016669210474614
FR,2005,34,34.0,0.00087,-7.047017346315645,0.0009322815020185916,-6.97787574809134,-0.06914159822430488
FR,2005,35,35.0,0.00092,-6.991136887921188,0.0010336640129192372,-6.874645494849738,-0.11649139307144996
FR,2005,36,36.0,0.00106,-6.849486370858162,0.0011438555343060868,-6.773350675199646,-0.07613569565851552
FR,2005,37,37.0,0.00108,-6.830794237846009,0.001249403234355926,-6.685089254180825,-0.14570498366518336
FR,2005,38,38.0,0.00124,-6.6926438993651916,0.00136383643693591,-6.597453641021018,-0.09519025834417327
FR,2005,39,39.0,0.00135,-6.607650686531799,0.0014916707590112107,-6.507858472455989,-0.09979221407581029
FR,2005,40,40.0,0.00154,-6.475972862556599,0.001603091288559735,-6.435821458404966,-0.040151404151632875
FR,2005,41,41.0,0.00159,-6.444021262749997,0.001777288595420519,-6.332666337019389,-0.11135492573060812
FR,2005,42,42.0,0.00176,-6.342441469932076,0.0019350615636198787,-6.247616137182278,-0.09482533274979854
FR,2005,43,43.0,0.00193,-6.250235276065343,0.00212003480090433,-6.156322774912039,-0.09391250115330418
FR,2005,44,44.0,0.00223,-6.10575369351011,0.0023576904907164167,-6.050072744720366,-0.05568094878974339
FR,2005,45,45.0,0.00249,-5.995472568505521,0.002576681682727205,-5.961252877360056,-0.034219691145465525
FR,2005,46,46.0,0.00277,-5.88890795878289,0.0028245908723019803,-5.869391748835636,-0.01951620994725367
FR,2005,47,47.0,0.00306,-5.789340363017848,0.003090176115519523,-5.779527194382893,-0.009813168634955183
FR,2005,48,48.0,0.00343,-5.675195017804288,0.0033647915606706447,-5.694389261141118,0.01919424333682951
FR,2005,49,49.0,0.00378,-5.578031269350641,0.0036684523500817383,-5.607985408832366,0.02995413948172576
FR,2005,50,50.0,0.00405,-5.509038397863689,0.004012034905984082,-5.51845670852546,0.009418310661771123
FR,2005,51,51.0,0.00428,-5.453802269388432,0.004333920618384938,-5.4412826920521065,-0.012519577336325582
FR,2005,52,52.0,0.00444,-5.417100902538004,0.004617476929275483,-5.377906842270338,-0.0391940602676657
FR,2005,53,53.0,0.00482,-5.334981350919628,0.004986511736744135,-5.301018664421294,-0.03396268649833445
FR,2005,54,54.0,0.00522,-5.2552578770875895,0.005346222023214961,-5.231365131410435,-0.023892745677154714
FR,2005,55,55.0,0.00541,-5.219506186123747,0.005731644852815546,-5.161752729621085,-0.05775345650266139
FR,2005,56,56.0,0.00581,-5.148174708118317,0.006063733247771709,-5.105429621093189,-0.04274508702512758
FR,2005,57,57.0,0.00637,-5.056155809398065,0.006570965368704599,-5.025094521403746,-0.031061287994319287
FR,2005,58,58.0,0.00673,-5.001180135325501,0.0069849619739773714,-4.963995730242594,-0.03718440508290666
FR,2005,59,59.0,0.00722,-4.930900326077402,0.007461935224976533,-4.8979404848726125,-0.03295984120478934
FR,2005,60,60.0,0.00782,-4.851070724424917,0.008038004831198408,-4.82357438191047,-0.027496342514447214
FR,2005,61,61.0,0.00798,-4.8308168675204195,0.008521805230585693,-4.76512707906049,-0.06568978845992923
FR,2005,62,62.0,0.00871,-4.743283488117726,0.009055372219130985,-4.704397082016624,-0.038886406101101834
FR,2005,63,63.0,0.00912,-4.697285474895897,0.009646137121678213,-4.641197742043671,-0.05608773285222579
FR,2005,64,64.0,0.00992,-4.613202357685355,0.010268874024477338,-4.578637898396262,-0.03456445928909346
FR,2005,65,65.0,0.01056,-4.550682000704022,0.011090120957588783,-4.501700570773229,-0.048981429930792686
FR,2005,66,66.0,0.01149,-4.466278187121473,0.011766934870925495,-4.442461810407692,-0.023816376713781118
FR,2005,67,67.0,0.01235,-4.394099215908151,0.0126409044795401,-4.3708173358978595,-0.02328188001029119
FR,2005,68,68.0,0.01337,-4.314741887868285,0.013830307467876,-4.280892901602054,-0.03384898626623123
FR,2005,69,69.0,0.01464,-4.223997770448972,0.01488365692976942,-4.207491518362344,-0.016506252086627704
FR,2005,70,70.0,0.01572,-4.152821491981077,0.01621894136680394,-4.121575499576285,-0.031245992404791423
FR,2005,71,71.0,0.01804,-4.015163764347659,0.017663801281277938,-4.036237858878386,0.02107409453072684
FR,2005,72,72.0,0.01935,-3.945062859506346,0.01953928607285538,-3.9353281697363443,-0.009734689770001914
FR,2005,73,73.0,0.02105,-3.8608547188537465,0.021337299532490417,-3.8472985859852473,-0.013556132868499216
FR,2005,74,74.0,0.02374,-3.740593889800615,0.023513237622691686,-3.7501917133343925,0.009597823533777472
FR,2005,75,75.0,0.0256,-3.6651629274966204,0.026042327111251137,-3.648032098843224,-0.017130828653396435
FR,2005,76,76.0,0.02851,-3.5575003760575563,0.02902262520424619,-3.5396795737206896,-0.01782080233686667
FR,2005,77,77.0,0.03215,-3.4373428282985086,0.032258284227655934,-3.4339803934510074,-0.0033624348475012056
FR,2005,78,78.0,0.03572,-3.3320445229738387,0.03593508041224606,-3.3260412903504166,-0.006003232623422061
FR,2005,79,79.0,0.04017,-3.2146348306109465,0.04028242499360057,-3.211840009527827,-0.0027948210831194586
FR,2005,80,80.0,0.04603,-3.078461921152987,0.04607120890773582,-3.077567059707096,-0.0008948614458912374
FR,2005,81,81.0,0.0521,-2.954590330222816,0.05166637100040554,-2.96294817332017,0.008357843097354323
FR,2005,82,82.0,0.05861,-2.836849948493799,0.05798127237686656,-2.84763521062996,0.010785262136161045
FR,2005,83,83.0,0.06598,-2.7184036131817018,0.06540568065739452,-2.727146164086304,0.008742550904602187
FR,2005,84,84.0,0.07449,-2.597090390793952,0.0733612732582006,-2.612359094884102,0.01526870409015002
FR,2005,85,85.0,0.08511,-2.4638107414932673,0.08277785586545494,-2.4915946945981755,0.02778395310490822
FR,2006,20,20.0,0.00051,-7.5810998322459024,0.0005805243862341491,-7.45157874869206,-0.1295210835538425
FR,2006,21,21.0,0.00051,-7.5810998322459024,0.0005797992805330337,-7.452828582365668,-0.12827124988023453
FR,2006,22,22.0,0.0005,-7.600902459542082,0.0005875062181866823,-7.4396237278544275,-0.16127873168765472
FR,2006,23,23.0,0.00055,-7.505592279737757,0.000608619244517845,-7.404317700038725,-0.10127457969903286
FR,2006,24,24.0,0.00059,-7.435388021064509,0.0006093701434098469,-7.403084686032891,-0.0323033350316182
FR,2006,25,25.0,0.00051,-7.5810998322459024,0.0006172913481529755,-7.390169444290417,-0.19093038795548534
FR,2006,26,26.0,0.00059,-7.435388021064509,0.0006386724252512321,-7.356118871569317,-0.07926914949519226
FR,2006,27,27.0,0.00057,-7.469874197135678,0.0006437786891465669,-7.348155541314778,-0.12171865582090025
FR,2006,28,28.0,0.0006,-7.418580902748128,0.0006748639605888904,-7.300999427271943,-0.11758147547618503
FR,2006,29,29.0,0.00059,-7.435388021064509,0.0006803364068833707,-7.292923166120783,-0.14246485494372596
FR,2006,30,30.0,0.00061,-7.402051600796917,0.0007031593581114065,-7.259927008895782,-0.14212459190113513
FR,2006,31,31.0,0.00071,-7.250245587928913,0.0007421775495053049,-7.205922058373414,-0.04432352955549934
FR,2006,32,32.0,0.00073,-7.222466023821838,0.0007860682301275946,-7.148466962524448,-0.07399906129738998
FR,2006,33,33.0,0.00077,-7.1691200431165445,0.0008327698900406801,-7.090753196407568,-0.07836684670897665
FR,2006,34,34.0,0.00086,-7.05857816871672,0.0008866404847730709,-7.028070973744036,-0.03050719497268428
FR,2006,35,35.0,0.00092,-6.991136887921188,0.000975266282147794,-6.932800014358972,-0.05833687356221606
FR,2006,36,36.0,0.00107,-6.840096630508322,0.0010788151371122325,-6.831891935361996,-0.00820469514632638
FR,2006,37,37.0,0.00106,-6.849486370858162,0.0011809502703394171,-6.741435850748811,-0.10805052010935068
FR,2006,38,38.0,0.00122,-6.708904420236972,0.001286840162362213,-6.6555655520496115,-0.05333886818736033
FR,2006,39,39.0,0.0013,-6.645391014514646,0.0014071832634020055,-6.5661652581576995,-0.07922575635694695
FR,2006,40,40.0,0.00145,-6.536191722549654,0.001512362367983169,-6.494082368574463,-0.04210935397519133
FR,2006,41,41.0,0.00157,-6.45667965962192,0.001675855124349071,-6.391431721977682,-0.06524793764423809
FR,2006,42,42.0,0.00175,-6.348139491046714,0.001825954856203246,-6.305652219895233,-0.04248727115148121
FR,2006,43,43.0,0.0019,-6.2659013928097425,0.0020039295453136265,-6.21264525340667,-0.05325613940307239
FR,2006,44,44.0,0.00213,-6.151633299260803,0.0022245169137356208,-6.108215504359526,-0.04341779490127706
FR,2006,45,45.0,0.00237,-6.044865323835097,0.002437846789810314,-6.016640092469386,-0.028225231365711423
FR,2006,46,46.0,0.00278,-5.885304351279592,0.0026751817594596558,-5.923737953480938,0.03843360220134606
FR,2006,47,47.0,0.00294,-5.829345697631547,0.002934848926726662,-5.831099300033106,0.0017536024015587515
FR,2006,48,48.0,0.00322,-5.73837391942582,0.0032026904168118695,-5.743764067159469,0.005390147733648654
FR,2006,49,49.0,0.00355,-5.640807675494813,0.0034989857747741706,-5.655282131116662,0.014474455621849458
FR,2006,50,50.0,0.004,-5.521460917862246,0.0038346258813912186,-5.563683402665735,0.04222248480348867
FR,2006,51,51.0,0.00445,-5.4148511828039885,0.004151352612450761,-5.484321067132379,0.06946988432839074
FR,2006,52,52.0,0.0045,-5.403677882205863,0.0044389673301874315,-5.417333512880811,0.013655630674947794
FR,2006,53,53.0,0.00486,-5.326716841069735,0.004804640710572838,-5.338173013429933,0.011456172360198025
FR,2006,54,54.0,0.0051,-5.2785147392518565,0.005164013767337326,-5.266041139979349,-0.01247359927250713
FR,2006,55,55.0,0.00545,-5.212139670306985,0.005551732502231825,-5.193645237372097,-0.018494432934887506
FR,2006,56,56.0,0.00588,-5.136198517071602,0.005896770115235898,-5.1333505160650175,-0.002848001006584333
FR,2006,57,57.0,0.00627,-5.071978924337308,0.006386516548362696,-5.053566300337427,-0.01841262399988075
FR,2006,58,58.0,0.00646,-5.042125961187627,0.006800060281808556,-4.990823801867523,-0.05130215932010351
FR,2006,59,59.0,0.00693,-4.971895465780325,0.007273755397971064,-4.923482559877009,-0.048412905903316705
FR,2006,60,60.0,0.00751,-4.891519813206093,0.007838200677735791,-4.848745976351056,-0.04277383685503722
FR,2006,61,61.0,0.00786,-4.845968672541022,0.00832835763301993,-4.7880890051453155,-0.05787966739570649
FR,2006,62,62.0,0.00852,-4.765338938140912,0.00886415873965276,-4.725739240783234,-0.03959969735767821
FR,2006,63,63.0,0.00926,-4.682051230324049,0.009448438207138485,-4.661905820220801,-0.02014541010324855
FR,2006,64,64.0,0.00972,-4.63356966050979,0.010048700042464661,-4.600312001851848,-0.03325765865794139
FR,2006,65,65.0,0.01039,-4.566911473871001,0.010841128072181249,-4.524408222685719,-0.04250325118528231
FR,2006,66,66.0,0.01092,-4.517159308665378,0.011502259773071108,-4.46521176091074,-0.05194754775463828
FR,2006,67,67.0,0.012,-4.422848629194137,0.012339920055180751,-4.394915739036355,-0.027932890157781998
FR,2006,68,68.0,0.01323,-4.325268300855273,0.013470219158304863,-4.3072740185879255,-0.017994282267347117
FR,2006,69,69.0,0.01392,-4.274428624075863,0.014484232493808511,-4.234694635439515,-0.03973398863634792
FR,2006,70,70.0,0.01515,-4.189754747026759,0.015760867208316206,-4.150225170157885,-0.03952957686887437
FR,2006,71,71.0,0.01681,-4.085781331561613,0.01713859418836416,-4.066422388524923,-0.019358943036690057
FR,2006,72,72.0,0.01848,-3.9910662127685987,0.01890231137360336,-3.9684710694943033,-0.02259514327429546
FR,2006,73,73.0,0.02032,-3.896149656271856,0.020633524304865612,-3.880838132516311,-0.015311523755544787
FR,2006,74,74.0,0.02239,-3.7991408483714735,0.022696622524474633,-3.7855391530328113,-0.013601695338662179
FR,2006,75,75.0,0.02449,-3.7094904080180604,0.02511136627835388,-3.6844346955703315,-0.025055712447728862
FR,2006,76,76.0,0.028,-3.575550768806933,0.027964053311281795,-3.5768354039087473,0.0012846351018143132
FR,2006,77,77.0,0.03055,-3.4883905933645325,0.03105854741071576,-3.4718812295568977,-0.01650936380763479
FR,2006,78,78.0,0.03418,-3.376114601294692,0.03460832881605685,-3.363660908659125,-0.012453692635566949
FR,2006,79,79.0,0.03792,-3.272276601595316,0.03881778929405088,-3.248876650465866,-0.023399951129449814
FR,2006,80,80.0,0.04394,-3.124930212025673,0.044339531161606306,-3.115878648561955,-0.009051563463717827
FR,2006,81,81.0,0.0486,-3.024131748075689,0.049831256011114565,-2.9991128610840603,-0.025018886991628797
FR,2006,82,82.0,0.05541,-2.892995196102879,0.055984353143164946,-2.8826830354464885,-0.01031216065639029
FR,2006,83,83.0,0.06234,-2.775152004642946,0.0632650255623088,-2.7604226212896394,-0.014729383353306424
FR,2006,84,84.0,0.07039,-2.653704071362097,0.07119326675569547,-2.6423570330740307,-0.011347038288066269
FR,2006,85,85.0,0.07977,-2.528607785059099,0.08049861544649373,-2.5195152941279693,-0.009092490931129849
FR,2007,20,20.0,0.00054,-7.523941418405954,0.0005589321259754758,-7.489482512618665,-0.034458905787289495
FR,2007,21,21.0,0.00054,-7.523941418405954,0.0005608748977933752,-7.486012675895243,-0.037928742510710656
FR,2007,22,22.0,0.00049,-7.621105166859602,0.0005677943959101295,-7.473751183804809,-0.14735398305479297
FR,2007,23,23.0,0.00057,-7.469874197135678,0.0005886184564725079,-7.4377323660943135,-0.03214183104136481
FR,2007,24,24.0,0.00052,-7.5616817463888015,0.0005902423951929083,-7.434977266125856,-0.12670448026294512
FR,2007,25,25.0,0.00057,-7.469874197135678,0.0005990011538416108,-7.420247033570862,-0.049627163564816
FR,2007,26,26.0,0.00061,-7.402051600796917,0.0006208333852605431,-7.3844478127375295,-0.01760378805938778
FR,2007,27,27.0,0.00061,-7.402051600796917,0.0006243819591262186,-7.378748262875872,-0.02330333792104522
FR,2007,28,28.0,0.0006,-7.418580902748128,0.0006562794505828211,-7.328923867986802,-0.08965703476132614
FR,2007,29,29.0,0.0006,-7.418580902748128,0.0006623575627853048,-7.319705022788969,-0.09887587995915936
FR,2007,30,30.0,0.00061,-7.402051600796917,0.0006850293589188123,-7.286048860885009,-0.11600273991190857
FR,2007,31,31.0,0.00062,-7.385791079925137,0.0007225805155219942,-7.232681704017831,-0.1531093759073059
FR,2007,32,32.0,0.0007,-7.264430222920869,0.0007659189888820153,-7.174434152456189,-0.0899960704646805
FR,2007,33,33.0,0.00071,-7.250245587928913,0.0008117093750675755,-7.11636819434691,-0.13387739358200346
FR,2007,34,34.0,0.0008,-7.1308988302963465,0.0008651671699431781,-7.052587809654796,-0.07831102064155093
FR,2007,35,35.0,0.00087,-7.047017346315645,0.000947954165706125,-6.961204405289335,-0.08581294102630999
FR,2007,36,36.0,0.00098,-6.927957986299656,0.0010484051000856128,-6.8604852218896815,-0.06747276440997485
FR,2007,37,37.0,0.00109,-6.821577582741084,0.001148892092808069,-6.7689571985308765,-0.05262038421020776
FR,2007,38,38.0,0.00116,-6.759335273863864,0.001250828519372397,-6.6839491317351865,-0.07538614212867767
FR,2007,39,39.0,0.0012,-6.725433722188183,0.0013676736879855848,-6.594644020409382,-0.13078970177880045
FR,2007,40,40.0,0.00135,-6.607650686531799,0.0014699326084172,-6.522538723856538,-0.08511196267526078
FR,2007,41,41.0,0.00154,-6.475972862556599,0.0016284372315722147,-6.420134477698388,-0.05583838485821069
FR,2007,42,42.0,0.00171,-6.371261908467568,0.0017749220672664467,-6.333998762784026,-0.03726314568354194
FR,2007,43,43.0,0.0018,-6.319968614080018,0.0019495536672272423,-6.24015482120689,-0.07981379287312862
FR,2007,44,44.0,0.00205,-6.18991548583182,0.0021622322293118747,-6.136614151420803,-0.053301334411017365
FR,2007,45,45.0,0.00237,-6.044865323835097,0.0023727803928468754,-6.043692849912592,-0.0011724739225051906
FR,2007,46,46.0,0.0025,-5.991464547107982,0.002605105122251521,-5.950282250559715,-0.04118229654826688
FR,2007,47,47.0,0.00279,-5.881713683148863,0.002861845321393599,-5.856288644943057,-0.025425038205805883
FR,2007,48,48.0,0.00306,-5.789340363017848,0.0031263778348744214,-5.767880185804958,-0.021460177212889953
FR,2007,49,49.0,0.00356,-5.637994734118198,0.003419081770634645,-5.678383252075536,0.040388517957337555
FR,2007,50,50.0,0.00373,-5.591347045326413,0.003750847515029841,-5.5857734605269185,-0.005573584799494213
FR,2007,51,51.0,0.00411,-5.4943322504739935,0.004064996954811257,-5.505342285106566,0.011010034632572108
FR,2007,52,52.0,0.00449,-5.405902577227974,0.004354303261534709,-5.436590667347106,0.030688090119132205
FR,2007,53,53.0,0.00479,-5.341224867559313,0.004718235902682348,-5.3563202986781056,0.015095431118792746
FR,2007,54,54.0,0.00508,-5.282444017391747,0.0050772884463423885,-5.282977930302923,0.0005339129111767704
FR,2007,55,55.0,0.00548,-5.206650178022213,0.005465921880914397,-5.209222483397929,0.0025723053757165104
FR,2007,56,56.0,0.0057,-5.1672891041416324,0.005816899397925403,-5.14698790869758,-0.020301195444052844
FR,2007,57,57.0,0.00632,-5.064036070823371,0.006298317397465204,-5.067472761024231,0.0034366902008597933
FR,2007,58,58.0,0.00656,-5.026764676026139,0.006711536100239245,-5.0039274271880165,-0.022837248838122548
FR,2007,59,59.0,0.00691,-4.974785641202558,0.007183575306319999,-4.935958066333257,-0.038827574869300996
FR,2007,60,60.0,0.00754,-4.887533096962272,0.00774242348123046,-4.86104052911952,-0.026492567842752557
FR,2007,61,61.0,0.00771,-4.8652370914068985,0.008235474555173766,-4.799304290397975,-0.06593280100892329
FR,2007,62,62.0,0.00852,-4.765338938140912,0.008772237415252352,-4.736163383670502,-0.029175554470410425
FR,2007,63,63.0,0.00915,-4.694001399694707,0.00935335422515698,-4.672020259355086,-0.021981140339621064
FR,2007,64,64.0,0.00959,-4.64703439008679,0.00994288283854997,-4.610898276363494,-0.036136113723296504
FR,2007,65,65.0,0.01012,-4.5932416151228175,0.010721552480355313,-4.535499312896352,-0.05774230222646537
FR,2007,66,66.0,0.01089,-4.519910342037268,0.011375157011783621,-4.476323511006662,-0.043586831030606454
FR,2007,67,67.0,0.01151,-4.464539056248346,0.012195526029852355,-4.406686113365294,-0.057852942883052094
FR,2007,68,68.0,0.0131,-4.3351430487750315,0.013297764534214593,-4.320159338015719,-0.014983710759312707
FR,2007,69,69.0,0.01373,-4.288172059202258,0.014293056142736424,-4.247981444074598,-0.04019061512765987
FR,2007,70,70.0,0.01509,-4.193723006202379,0.01554185582992392,-4.1642185183979405,-0.029504487804438817
FR,2007,71,71.0,0.01613,-4.1270743868450195,0.016887773043915692,-4.081165407422933,-0.04590897942208638
FR,2007,72,72.0,0.01782,-4.027433856939473,0.018598784608335577,-3.9846590440358423,-0.042774812903631165
FR,2007,73,73.0,0.0195,-3.937340813412436,0.020298265476390336,-3.897219841097777,-0.04012097231465894
FR,2007,74,74.0,0.02163,-3.8336740390171697,0.022308134522881443,-3.802803890220123,-0.03087014879704686
FR,2007,75,75.0,0.02391,-3.733458497511904,0.02466882933062361,-3.7022148027235326,-0.03124369478837119
FR,2007,76,76.0,0.0266,-3.6268440631944836,0.027461138680887037,-3.5949834126088485,-0.03186065058563514
FR,2007,77,77.0,0.02969,-3.5169449902064684,0.030488883987453957,-3.490393121227989,-0.026551868978479387
FR,2007,78,78.0,0.03367,-3.391148045809154,0.03397822348760375,-3.382035445223251,-0.009112600585903241
FR,2007,79,79.0,0.03753,-3.2826146658352076,0.038121896768492015,-3.26696644360369,-0.01564822223151774
FR,2007,80,80.0,0.04345,-3.136144427270736,0.04351754172841752,-3.134591164049663,-0.0015532632210728536
FR,2007,81,81.0,0.04838,-3.028668773800256,0.04895876986263428,-3.0167767664484053,-0.011892007351850697
FR,2007,82,82.0,0.05391,-2.92043928951856,0.0550341470005094,-2.8998014318454044,-0.020637857673155402
FR,2007,83,83.0,0.06105,-2.7960620784254235,0.06224507711553202,-2.7766758292459177,-0.01938624917950582
FR,2007,84,84.0,0.06925,-2.670032133914689,0.07015775602047349,-2.657008915174377,-0.013023218740312092
FR,2007,85,85.0,0.07825,-2.5478464495618747,0.07940828727318693,-2.533152542457885,-0.014693907103989545
FR,2008,20,20.0,0.00046,-7.6842840684811335,0.0005304748915775843,-7.54173793076155,-0.14254613771958358
FR,2008,21,21.0,0.00052,-7.5616817463888015,0.0005357936802504245,-7.531761395902005,-0.029920350486796643
FR,2008,22,22.0,0.00055,-7.505592279737757,0.0005416987865769007,-7.520800455330804,0.015208175593046214
FR,2008,23,23.0,0.00055,-7.505592279737757,0.0005621178900887844,-7.483798961227737,-0.021793318510020754
FR,2008,24,24.0,0.00056,-7.487573774235079,0.0005648527604342042,-7.478945461781583,-0.008628312453495823
FR,2008,25,25.0,0.00057,-7.469874197135678,0.0005746709044169728,-7.4617130211604605,-0.008161175975217816
FR,2008,26,26.0,0.00056,-7.487573774235079,0.000597053965273454,-7.423503054564084,-0.06407071967099487
FR,2008,27,27.0,0.00059,-7.435388021064509,0.0005985955303885766,-7.420924429348399,-0.014463591716110002
FR,2008,28,28.0,0.00059,-7.435388021064509,0.0006314944203706266,-7.367421451730376,-0.06796656933413292
FR,2008,29,29.0,0.00062,-7.385791079925137,0.000638347723899473,-7.356627401303906,-0.029163678621230815
FR,2008,30,30.0,0.00061,-7.402051600796917,0.0006607986792314459,-7.322061334501262,-0.07999026629565531
FR,2008,31,31.0,0.00063,-7.369790738578696,0.0006964089755467651,-7.269573461659951,-0.1002172769187446
FR,2008,32,32.0,0.0007,-7.264430222920869,0.0007389846535802335,-7.210233403699583,-0.054196819221286496
FR,2008,33,33.0,0.00072,-7.236259345954173,0.0007835451265412644,-7.151681901730728,-0.08457744422344504
FR,2008,34,34.0,0.00082,-7.106206217705975,0.0008364134133663535,-7.086387553515009,-0.019818664190966118
FR,2008,35,35.0,0.00084,-7.082108666126914,0.0009115504065428147,-7.000363664724208,-0.08174500140270613
FR,2008,36,36.0,0.00097,-6.938214486466846,0.0010078812747865216,-6.899904899219796,-0.038309587247050025
FR,2008,37,37.0,0.001,-6.907755278982137,0.001106117586475964,-6.80689906464719,-0.10085621433494651
FR,2008,38,38.0,0.00113,-6.785537646257888,0.001202828153992144,-6.723079700080156,-0.06245794617773193
FR,2008,39,39.0,0.00127,-6.668738378511637,0.0013150168356254538,-6.633905810677365,-0.03483256783427269
FR,2008,40,40.0,0.00135,-6.607650686531799,0.0014133823419294326,-6.561769623114109,-0.04588106341769027
FR,2008,41,41.0,0.00153,-6.482487543577793,0.00156525727898909,-6.459705072981298,-0.022782470596495408
FR,2008,42,42.0,0.00162,-6.425329129737844,0.0017068968392555284,-6.373078270941247,-0.0522508587965973
FR,2008,43,43.0,0.00181,-6.3144284337044025,0.0018770001395328028,-6.278080447039567,-0.0363479866648353
FR,2008,44,44.0,0.00207,-6.18020667170486,0.0020792136863262405,-6.17576549216239,-0.004441179542469698
FR,2008,45,45.0,0.00214,-6.1469494499483766,0.0022859154473605465,-6.080988701449926,-0.06596074849845035
FR,2008,46,46.0,0.0025,-5.991464547107982,0.002511494910273164,-5.986877121344747,-0.004587425763234343
FR,2008,47,47.0,0.00273,-5.903453669785269,0.00276416816823994,-5.891015532583127,-0.012438137202141597
FR,2008,48,48.0,0.00306,-5.789340363017848,0.0030241431397431177,-5.801127487213959,0.011787124196111165
FR,2008,49,49.0,0.00343,-5.675195017804288,0.003311906600624228,-5.710231243151377,0.03503622534708839
FR,2008,50,50.0,0.00369,-5.6021288209297015,0.0036383406537423978,-5.6162275656277165,0.014098744698014976
FR,2008,51,51.0,0.00414,-5.487059491144914,0.003948881711420201,-5.534322851185461,0.047263360040546765
FR,2008,52,52.0,0.00443,-5.419355694925093,0.0042402237687842615,-5.463139235474191,0.043783540549098277
FR,2008,53,53.0,0.0047,-5.360192770266124,0.00460165727428911,-5.381338763351898,0.021145993085773362
FR,2008,54,54.0,0.00495,-5.308367702401538,0.004960108986004317,-5.306327565501962,-0.0020401368995761615
FR,2008,55,55.0,0.00553,-5.197567463447894,0.00534979089124391,-5.2306978045868915,0.03313034113899782
FR,2008,56,56.0,0.00588,-5.136198517071602,0.005708557683702999,-5.165788882019731,0.029590364948129277
FR,2008,57,57.0,0.00603,-5.111008268243043,0.006178716712849629,-5.08664468071758,-0.024363587525463082
FR,2008,58,58.0,0.00648,-5.039034768617954,0.0065913800887016484,-5.021992530739103,-0.01704223787885084
FR,2008,59,59.0,0.00673,-5.001180135325501,0.007061080288217785,-4.9531572238543395,-0.04802291147116122
FR,2008,60,60.0,0.0073,-4.919880930827792,0.007612297724967626,-4.8779902177319725,-0.041890713095819265
FR,2008,61,61.0,0.00804,-4.823326195791262,0.008109118870012423,-4.814766064104786,-0.008560131686476069
FR,2008,62,62.0,0.00837,-4.783101394480753,0.008647072439681418,-4.750534461603822,-0.032566932876931354
FR,2008,63,63.0,0.00898,-4.712755396668029,0.009223835139579847,-4.685964369160809,-0.026791027507219844
FR,2008,64,64.0,0.00964,-4.641834170359683,0.009798824255137272,-4.625492874468647,-0.016341295891035834
FR,2008,65,65.0,0.01024,-4.5814536593707755,0.010558860992352549,-4.550789867094067,-0.03066379227670879
FR,2008,66,66.0,0.0109,-4.518992489747039,0.011202228495904727,-4.491642547624924,-0.0273499421221155
FR,2008,67,67.0,0.01143,-4.471513801175417,0.011999225754277941,-4.42291315175251,-0.04860064942290698
FR,2008,68,68.0,0.01236,-4.393289826952592,0.013063626971636105,-4.337923477638047,-0.05536634931454465
FR,2008,69,69.0,0.01359,-4.298421050819084,0.014033624339805652,-4.266299090373662,-0.032121960445421927
FR,2008,70,70.0,0.01457,-4.228790658775024,0.015244900516248706,-4.183510224227448,-0.04528043454757569
FR,2008,71,71.0,0.01622,-4.12151023029487,0.01654798999944202,-4.101490634719508,-0.020019595575361926
FR,2008,72,72.0,0.01766,-4.0364530838063235,0.01818830750148698,-4.006976336328831,-0.029476747477492182
FR,2008,73,73.0,0.01944,-3.940422479949844,0.01984497957989369,-3.9198042217275475,-0.02061825822229668
FR,2008,74,74.0,0.02148,-3.8406330093414733,0.02178343099826207,-3.8266056441197343,-0.014027365221739085
FR,2008,75,75.0,0.02416,-3.7230569059155227,0.024071491519692838,-3.7267270631870297,0.0036701572715069908
FR,2008,76,76.0,0.02641,-3.6340125526730964,0.026782599501711607,-3.6200028746580744,-0.014009678015022065
FR,2008,77,77.0,0.02965,-3.5182931535384028,0.0297206186108537,-3.5159142447175142,-0.0023789088208885367
FR,2008,78,78.0,0.03289,-3.4145866187811715,0.03312830565518996,-3.407367206290552,-0.007219412490619526
FR,2008,79,79.0,0.03743,-3.2852827570657994,0.0371829242844473,-3.2919056476987154,0.00662289063291599
FR,2008,80,80.0,0.04236,-3.1615507582489313,0.042409246005215534,-3.1603888743564506,-0.0011618838924807307
FR,2008,81,81.0,0.04839,-3.02846209817691,0.047780922636454476,-3.0411288271734964,0.012666728996586496
FR,2008,82,82.0,0.05448,-2.90992161714088,0.053750546995980183,-2.923401435356748,0.013479818215868189
FR,2008,83,83.0,0.06123,-2.7931180134922737,0.06086584770790004,-2.7990830545432046,0.005965041050930875
FR,2008,84,84.0,0.06931,-2.669166083052244,0.06875481571108492,-2.6772084981819226,0.008042415129678737
FR,2008,85,85.0,0.0778,-2.553613847797791,0.0779292966293731,-2.551953316839501,-0.0016605309582899963
FR,2009,20,20.0,0.00046,-7.6842840684811335,0.0005070997725001463,-7.5868027837925744,-0.0974812846885591
FR,2009,21,21.0,0.00054,-7.523941418405954,0.0005150663143812284,-7.5712148998013475,0.047273481395393446
FR,2009,22,22.0,0.00048,-7.641724454062337,0.000520159246815739,-7.561375549395464,-0.08034890466687283
FR,2009,23,23.0,0.00054,-7.523941418405954,0.0005402240487835298,-7.523526599300612,-0.0004148191053419126
FR,2009,24,24.0,0.00055,-7.505592279737757,0.0005438356618350853,-7.516863448962293,0.011271169224535527
FR,2009,25,25.0,0.00056,-7.487573774235079,0.0005544837182086388,-7.497473114619131,0.00989934038405238
FR,2009,26,26.0,0.0006,-7.418580902748128,0.0005772794282180078,-7.4571841310065725,0.03860322825844431
FR,2009,27,27.0,0.00056,-7.487573774235079,0.0005772142875928435,-7.457296978091561,-0.03027679614351797
FR,2009,28,28.0,0.00064,-7.354042381610556,0.0006108729207002454,-7.4006216061853625,0.04657922457480623
FR,2009,29,29.0,0.00056,-7.487573774235079,0.0006183418454936024,-7.388469105388672,-0.09910466884640723
FR,2009,30,30.0,0.00062,-7.385791079925137,0.0006405916596757445,-7.353118340424792,-0.032672739500345216
FR,2009,31,31.0,0.00061,-7.402051600796917,0.0006746012661606646,-7.301388758432668,-0.10066284236424927
FR,2009,32,32.0,0.00071,-7.250245587928913,0.0007165184738660887,-7.241106527544711,-0.00913906038420187
FR,2009,33,33.0,0.00075,-7.195437351433918,0.0007600424320546312,-7.182136294591595,-0.01330105684232219
FR,2009,34,34.0,0.00083,-7.09408485717363,0.0008123849038499286,-7.115536310594742,0.02145145342111121
FR,2009,35,35.0,0.00092,-6.991136887921188,0.0008812806313042773,-7.034134445515034,0.04299755759384549
FR,2009,36,36.0,0.00094,-6.969630682700225,0.0009741938365314279,-6.9339002633092095,-0.03573041939101529
FR,2009,37,37.0,0.00104,-6.868534565828856,0.0010705101477233216,-6.839619970555532,-0.028914595273324295
FR,2009,38,38.0,0.0011,-6.812445099177812,0.0011629147176039707,-6.756825737795607,-0.055619361382205135
FR,2009,39,39.0,0.00126,-6.676643558018751,0.0012712367752215695,-6.667765013627832,-0.008878544390918286
FR,2009,40,40.0,0.00139,-6.578451531839537,0.0013663638580269483,-6.5956021857869995,0.017150653947462402
FR,2009,41,41.0,0.00151,-6.495645628155304,0.0015127431992703554,-6.493830588079051,-0.001815040076253105
FR,2009,42,42.0,0.0017,-6.3771270279199666,0.0016503295651408177,-6.406780274565336,0.029653246645369613
FR,2009,43,43.0,0.00183,-6.303439312128807,0.0018166023788403801,-6.310787347395543,0.007348035266735664
FR,2009,44,44.0,0.00204,-6.194805471126012,0.0020101831454849032,-6.2095294439054,0.014723972779388639
FR,2009,45,45.0,0.00221,-6.114762763452475,0.0022135615775316668,-6.113152487099886,-0.0016102763525891461
FR,2009,46,46.0,0.00236,-6.049093659944618,0.0024334716366309944,-6.018436384139419,-0.030657275805198836
FR,2009,47,47.0,0.00274,-5.899797358582158,0.0026826132814070933,-5.920963854562781,0.021166495980622813
FR,2009,48,48.0,0.00291,-5.839602197798736,0.0029386651826244455,-5.829799820245109,-0.009802377553627117
FR,2009,49,49.0,0.00322,-5.73837391942582,0.00322218100865511,-5.73769681683106,-0.0006771025947598375
FR,2009,50,50.0,0.00362,-5.621281253144457,0.003544029019594775,-5.6424910578995835,0.02120980475512635
FR,2009,51,51.0,0.00401,-5.518964037663659,0.00385141151886865,-5.559315569596597,0.040351531932937945
FR,2009,52,52.0,0.00433,-5.442187736967739,0.004144245186822956,-5.486034609070854,0.04384687210311533
FR,2009,53,53.0,0.00468,-5.3644571690525815,0.004503436161451185,-5.40291458215988,0.03845741310729878
FR,2009,54,54.0,0.00507,-5.284414461379045,0.004861228025794946,-5.32646419278328,0.042049731404234514
FR,2009,55,55.0,0.00552,-5.199377418693133,0.0052516233988846705,-5.24921803134172,0.04984061264858752
FR,2009,56,56.0,0.00588,-5.136198517071602,0.0056167461343009555,-5.182002762411736,0.045804245340134386
FR,2009,57,57.0,0.00637,-5.056155809398065,0.006077399041849743,-5.103178463701402,0.047022654303336964
FR,2009,58,58.0,0.00664,-5.014643315493794,0.006489486973664517,-5.03757180013264,0.02292848463884578
FR,2009,59,59.0,0.00697,-4.9661400542097045,0.006957119849343383,-4.967989705030274,0.0018496508205698703
FR,2009,60,60.0,0.00725,-4.926753810115554,0.007501835478090816,-4.892607557969366,-0.03414625214618816
FR,2009,61,61.0,0.00774,-4.861353591380501,0.008001708218530365,-4.828100232779718,-0.033253358600783045
FR,2009,62,62.0,0.0082,-4.803621124711929,0.008540565813853875,-4.76292801882676,-0.04069310588516917
FR,2009,63,63.0,0.00891,-4.720581037499419,0.009113579628958758,-4.697989710864614,-0.022591326634804787
FR,2009,64,64.0,0.00935,-4.672378935681541,0.009676266013208402,-4.638079194548552,-0.0342997411329895
FR,2009,65,65.0,0.01021,-4.584387646805562,0.010420540456413243,-4.563976376783812,-0.020411270021750028
FR,2009,66,66.0,0.0109,-4.518992489747039,0.011055208325016806,-4.504853620434469,-0.014138869312570357
FR,2009,67,67.0,0.01133,-4.480301203942222,0.01183247650909904,-4.436907281472211,-0.0433939224700115
FR,2009,68,68.0,0.01254,-4.378831743777362,0.012865021050300988,-4.353243197004064,-0.02558854677329858
FR,2009,69,69.0,0.01315,-4.331333520358363,0.013813676158650343,-4.28209615157188,-0.04923736878648377
FR,2009,70,70.0,0.01439,-4.241221758082861,0.014993367980677531,-4.200147310271756,-0.0410744478111047
FR,2009,71,71.0,0.01535,-4.176639804948931,0.016260457717772004,-4.119019025334197,-0.05762077961473455
FR,2009,72,72.0,0.01747,-4.047270154836172,0.01784159633047098,-4.02622267542584,-0.02104747941033125
FR,2009,73,73.0,0.01884,-3.97177300983392,0.019462205050735627,-3.9392808966839,-0.032492113150019986
FR,2009,74,74.0,0.02066,-3.8795558152906446,0.02134085055337717,-3.847132176668639,-0.03242363862200559
FR,2009,75,75.0,0.02325,-3.7614501469487718,0.023567978450626872,-3.7478663336111064,-0.01358381333766534
FR,2009,76,76.0,0.02599,-3.650043430328738,0.026210909713735183,-3.6415795535984405,-0.008463876730297581
FR,2009,77,77.0,0.02845,-3.5596071184097973,0.02907363426888209,-3.5379235543760315,-0.021683564033765812
FR,2009,78,78.0,0.03171,-3.451123190431881,0.03241243250186611,-3.429213210591837,-0.021909979840043725
FR,2009,79,79.0,0.03622,-3.3181438265268697,0.03639175239687315,-3.3134131125166206,-0.004730714010249049
FR,2009,80,80.0,0.04115,-3.1905313518590583,0.041476150183297575,-3.1826367113239664,-0.007894640535091924
FR,2009,81,81.0,0.04703,-3.05696958302518,0.04678793342902126,-3.0621299420163255,0.0051603589911453085
FR,2009,82,82.0,0.05325,-2.9327574743926026,0.05266764392704866,-2.943753979218559,0.010996504825956599
FR,2009,83,83.0,0.05975,-2.817586088170517,0.05970097354170967,-2.8184069514852244,0.0008208633147073208
FR,2009,84,84.0,0.06799,-2.6883946434437687,0.06756747615414059,-2.694628533689704,0.006233890245935125
FR,2009,85,85.0,0.07816,-2.5489972712476097,0.07667596176477062,-2.5681670256660243,0.01916975441841462
FR,2010,20,20.0,0.00045,-7.706262975199909,0.00046521826725336076,-7.673003870564143,-0.03325910463576598
FR,2010,21,21.0,0.00043,-7.751725349276666,0.0004776260427663509,-7.646682468967244,-0.10504288030942188
FR,2010,22,22.0,0.0005,-7.600902459542082,0.0004813150455017845,-7.638988522011273,0.03808606246919055
FR,2010,23,23.0,0.00053,-7.542633551418106,0.0005006924394937332,-7.599518538615091,0.05688498719698476
FR,2010,24,24.0,0.00052,-7.5616817463888015,0.0005057875459795968,-7.589393846452272,0.02771210006347058
FR,2010,25,25.0,0.00051,-7.5810998322459024,0.000517823636686647,-7.565875843394662,-0.015223988851240655
FR,2010,26,26.0,0.00053,-7.542633551418106,0.0005412603977309482,-7.521610068243739,-0.02102348317436764
FR,2010,27,27.0,0.00056,-7.487573774235079,0.0005384202195717874,-7.526871225413614,0.03929745117853489
FR,2010,28,28.0,0.00063,-7.369790738578696,0.0005732849758727851,-7.464127624790008,0.09433688621131164
FR,2010,29,29.0,0.0006,-7.418580902748128,0.0005818041674508582,-7.44937664889882,0.030795746150691805
FR,2010,30,30.0,0.00061,-7.402051600796917,0.0006036446293084306,-7.412524895254479,0.010473294457561622
FR,2010,31,31.0,0.00061,-7.402051600796917,0.0006347712949185722,-7.362245789429311,-0.0398058113676063
FR,2010,32,32.0,0.00067,-7.308232845579262,0.0006754297868131745,-7.3001613485079835,-0.008071497071278522
FR,2010,33,33.0,0.00074,-7.208860371766058,0.0007170319502761137,-7.240390157302916,0.0315297855368577
FR,2010,34,34.0,0.00076,-7.182192124683898,0.0007683288524494749,-7.171292723171602,-0.010899401512295626
FR,2010,35,35.0,0.00081,-7.1184763102977895,0.0008261518436182116,-7.098731971291707,-0.01974433900608208
FR,2010,36,36.0,0.00096,-6.9485772735023925,0.0009128605957149128,-6.99892737718186,0.05035010367946757
FR,2010,37,37.0,0.00101,-6.897804948128969,0.0010055614150280344,-6.902209271523796,0.004404323394827436
FR,2010,38,38.0,0.00111,-6.803395263657894,0.0010902198188007337,-6.821375934448942,0.017980670791048148
FR,2010,39,39.0,0.00121,-6.717134919373487,0.0011915126133828357,-6.732531675344006,0.015396755970519038
FR,2010,40,40.0,0.00125,-6.684611727667927,0.001280739172299805,-6.660317889367851,-0.0242938383000757
FR,2010,41,41.0,0.00152,-6.489044944123952,0.0014171511459626419,-6.5591066577922,0.07006171366824798
FR,2010,42,42.0,0.00157,-6.45667965962192,0.0015472962256325921,-6.471246241796516,0.014566582174595943
FR,2010,43,43.0,0.0017,-6.3771270279199666,0.0017064333307299849,-6.373349858221299,-0.003777169698667926
FR,2010,44,44.0,0.00195,-6.239925906406482,0.0018844601212635982,-6.274113906922435,0.03418800051595294
FR,2010,45,45.0,0.00209,-6.170591213005418,0.0020814799671111674,-6.174676115631542,0.004084902626124709
FR,2010,46,46.0,0.00233,-6.061887011404528,0.002290915711200709,-6.078803667457472,0.016916656052944568
FR,2010,47,47.0,0.00262,-5.944580961209131,0.0025332563898176896,-5.978249693259599,0.03366873205046783
FR,2010,48,48.0,0.00287,-5.853443249210607,0.002781833829232734,-5.884644917950408,0.03120166873980068
FR,2010,49,49.0,0.00315,-5.7603528261445955,0.003057267922830227,-5.790233597509419,0.029880771364823033
FR,2010,50,50.0,0.00349,-5.657853542767802,0.0033703844209360687,-5.6927284696291425,0.03487492686134086
FR,2010,51,51.0,0.00392,-5.5416636251797655,0.0036716202993959954,-5.607122215874409,0.06545859069464388
FR,2010,52,52.0,0.0042,-5.472670753692815,0.003966665720840221,-5.529829405976433,0.057158652283618494
FR,2010,53,53.0,0.00472,-5.355946479384673,0.004321359166503393,-5.444185304333416,0.08823882494874358
FR,2010,54,54.0,0.00496,-5.306349538245301,0.004677544452803162,-5.364981996322297,0.05863245807699613
FR,2010,55,55.0,0.00536,-5.228791303899427,0.005068836642418329,-5.284643946797897,0.05585264289847025
FR,2010,56,56.0,0.00584,-5.1430244821420015,0.005445220402093012,-5.2130170455297336,0.06999256338773208
FR,2010,57,57.0,0.00616,-5.089678501436708,0.005888201571505405,-5.1348046638505425,0.04512616241383416
FR,2010,58,58.0,0.00654,-5.02981811351303,0.006298950890650285,-5.067372184745132,0.03755407123210208
FR,2010,59,59.0,0.00686,-4.982047837244343,0.006762506889879406,-4.996361615973915,0.014313778729571958
FR,2010,60,60.0,0.00743,-4.902229420252469,0.007294986538016484,-4.920567942380375,0.01833852212790532
FR,2010,61,61.0,0.00781,-4.8523503151305425,0.007800198186138182,-4.853606137130127,0.0012558219995844055
FR,2010,62,62.0,0.00818,-4.806063128367481,0.00834047841814973,-4.786634699970211,-0.019428428397270103
FR,2010,63,63.0,0.00874,-4.739845089314693,0.008906338534035435,-4.720992060898993,-0.018853028415700024
FR,2010,64,64.0,0.0093,-4.677740878822926,0.00944608794826539,-4.662154596915795,-0.015586281907131294
FR,2010,65,65.0,0.0102,-4.585367558691911,0.010160985579978635,-4.589199835633161,0.003832276941249546
FR,2010,66,66.0,0.0107,-4.537511537514277,0.010779338659927458,-4.530124064183993,-0.007387473330283889
FR,2010,67,67.0,0.01162,-4.4550275275583715,0.01151994296732826,-4.463675574479402,0.008648046921030605
FR,2010,68,68.0,0.0122,-4.406319327242926,0.01249349577173885,-4.382547108357706,-0.023772218885220298
FR,2010,69,69.0,0.01316,-4.330573353084966,0.013402511913593361,-4.312313133354686,-0.018260219730279914
FR,2010,70,70.0,0.01396,-4.271559181647911,0.014523734424413641,-4.231971110889594,-0.03958807075831672
FR,2010,71,71.0,0.0154,-4.173387769562553,0.0157243040673637,-4.152547733822438,-0.020840035740115503
FR,2010,72,72.0,0.01694,-4.078077589758228,0.017196704450065055,-4.063037515261092,-0.015040074497136402
FR,2010,73,73.0,0.01815,-4.009084718271278,0.018750472474455424,-3.976536328245575,-0.032548390025702645
FR,2010,74,74.0,0.02015,-3.904550990589445,0.02051916810966252,-3.8863957999661447,-0.0181551906233004
FR,2010,75,75.0,0.02237,-3.8000345034800986,0.022634001413205967,-3.788302016001084,-0.011732487479014786
FR,2010,76,76.0,0.02555,-3.6671179623324237,0.025151143379782585,-3.6828519210529707,0.015733958720546948
FR,2010,77,77.0,0.02766,-3.587767952745525,0.02787504408124894,-3.580023467813008,-0.007744484932517004
FR,2010,78,78.0,0.03146,-3.459038381352005,0.03108590587589342,-3.471000749787643,0.011962368435638027
FR,2010,79,79.0,0.03509,-3.349839089387013,0.034924975141525816,-3.3545530856067,0.004713996219686933
FR,2010,80,80.0,0.0411,-3.191747157479948,0.03974811401064213,-3.2251928852805603,0.03344572780061217
FR,2010,81,81.0,0.04632,-3.0721814457173973,0.04494564729005757,-3.102301357234747,0.030119911517349607
FR,2010,82,82.0,0.05157,-2.9648151709192696,0.050656648518856935,-2.98268479295596,0.01786962203669029
FR,2010,83,83.0,0.0585,-2.8387285247443264,0.05753452102067358,-2.855370145749214,0.016641621004887863
FR,2010,84,84.0,0.06671,-2.707400412260713,0.06535312778291107,-2.727949978038724,0.020549565778011036
FR,2010,85,85.0,0.07503,-2.5898672454244998,0.07433443463297572,-2.599180980609623,0.009313735185123129
FR,2011,20,20.0,0.00047,-7.66277786326017,0.00044953886680735477,-7.7072882410334485,0.044510377773278265
FR,2011,21,21.0,0.00049,-7.621105166859602,0.0004635029326640648,-7.67669784576357,0.05559267890396846
FR,2011,22,22.0,0.00048,-7.641724454062337,0.0004666844706001607,-7.669857180470717,0.028132726408379938
FR,2011,23,23.0,0.00048,-7.641724454062337,0.0004857859463029242,-7.629742470791754,-0.011981983270582752
FR,2011,24,24.0,0.0005,-7.600902459542082,0.0004914054362440449,-7.618241035170693,0.017338575628611075
FR,2011,25,25.0,0.00053,-7.542633551418106,0.0005039258856421643,-7.5930813530034476,0.050447801585341345
FR,2011,26,26.0,0.00054,-7.523941418405954,0.0005275674115120477,-7.5472339064434175,0.02329248803746342
FR,2011,27,27.0,0.00056,-7.487573774235079,0.0005237255984819478,-7.554542677823876,0.06696890358879681
FR,2011,28,28.0,0.00061,-7.402051600796917,0.0005589863029455211,-7.489385587890194,0.08733398709327655
FR,2011,29,29.0,0.00054,-7.523941418405954,0.0005678796007691921,-7.473601132188814,-0.05034028621714004
FR,2011,30,30.0,0.00062,-7.385791079925137,0.000589549190473449,-7.436152397068734,0.05036131714359726
FR,2011,31,31.0,0.00062,-7.385791079925137,0.0006195914909782555,-7.386450182604538,0.0006591026794007249
FR,2011,32,32.0,0.00064,-7.354042381610556,0.0006597504128631209,-7.323648956793813,-0.030393424816743675
FR,2011,33,33.0,0.00067,-7.308232845579262,0.0007006099788111731,-7.263559204066277,-0.04467364151298536
FR,2011,34,34.0,0.00073,-7.222466023821838,0.0007514781154690043,-7.1934684703276695,-0.028997553494168216
FR,2011,35,35.0,0.00082,-7.106206217705975,0.0008051966258722841,-7.12442405462932,0.018217836923344777
FR,2011,36,36.0,0.00086,-7.05857816871672,0.0008895540229305555,-7.024790318660401,-0.03378785005631979
FR,2011,37,37.0,0.00101,-6.897804948128969,0.0009808386051851012,-6.927102632642285,0.029297684513315936
FR,2011,38,38.0,0.00107,-6.840096630508322,0.0010625865583652387,-6.847049193787238,0.006952563278916024
FR,2011,39,39.0,0.00114,-6.776727016575733,0.001161211957467256,-6.758291028357986,-0.018435988217746946
FR,2011,40,40.0,0.00124,-6.6926438993651916,0.0012481947456288165,-6.686056975031903,-0.006586924333288557
FR,2011,41,41.0,0.00137,-6.5929445391421035,0.001380832618026507,-6.585068615357263,-0.007875923784840921
FR,2011,42,42.0,0.00161,-6.4315210999857655,0.0015081281981925913,-6.496886000945641,0.06536490095987535
FR,2011,43,43.0,0.00169,-6.383026750047155,0.0016644965656944116,-6.398232564216921,0.015205814169766185
FR,2011,44,44.0,0.00185,-6.292569639891903,0.0018366706148026449,-6.299800794867419,0.007231154975515963
FR,2011,45,45.0,0.00204,-6.194805471126012,0.0020311652585062647,-6.199145631645707,0.004340160519695324
FR,2011,46,46.0,0.00225,-6.0968250627658085,0.0022365667819919145,-6.102813275491605,0.005988212725796416
FR,2011,47,47.0,0.00245,-6.011667254425501,0.0024761911347033153,-6.001033732186291,-0.010633522239210436
FR,2011,48,48.0,0.00273,-5.903453669785269,0.0027218099098085904,-5.906458211942124,0.0030045421568551944
FR,2011,49,49.0,0.00309,-5.779584188072483,0.002994048437416061,-5.811128814953888,0.03154462688140569
FR,2011,50,50.0,0.00332,-5.70779049605374,0.003303710099664645,-5.7127091694052305,0.0049186733514909875
FR,2011,51,51.0,0.00385,-5.559682130682444,0.0036024679085272177,-5.626136138242081,0.06645400755963671
FR,2011,52,52.0,0.00415,-5.48464694473953,0.0038981713768281726,-5.5472477135404406,0.0626007688009107
FR,2011,53,53.0,0.00442,-5.42161558289253,0.004251005554346545,-5.460599723008703,0.038984140116173016
FR,2011,54,54.0,0.00495,-5.308367702401538,0.004606432839388569,-5.380301509052978,0.07193380665143945
FR,2011,55,55.0,0.00539,-5.223209894061231,0.004997918582139821,-5.298733736790132,0.07552384272890134
FR,2011,56,56.0,0.00564,-5.177871213472169,0.005378465240235908,-5.225352216837666,0.047481003365496655
FR,2011,57,57.0,0.00589,-5.134499281318642,0.005814600423472262,-5.147383210166587,0.012883928847944759
FR,2011,58,58.0,0.0064,-5.051457288616511,0.00622473406727011,-5.079224557661147,0.027767269044636222
FR,2011,59,59.0,0.00688,-4.979136627036885,0.006686626123074936,-5.007645848483553,0.028509221446667787
FR,2011,60,60.0,0.00725,-4.926753810115554,0.0072143116241703675,-4.931688500293426,0.004934690177871737
FR,2011,61,61.0,0.00761,-4.8782921071085426,0.007721470253527976,-4.863750485730063,-0.014541621378479697
FR,2011,62,62.0,0.0081,-4.815891217303744,0.008262207695986953,-4.796063451617781,-0.019827765685962895
FR,2011,63,63.0,0.00854,-4.762994271181658,0.008825229400559407,-4.730140682102959,-0.03285358907869984
FR,2011,64,64.0,0.00919,-4.689639342614542,0.00935606953277028,-4.6717299983970255,-0.01790934421751622
FR,2011,65,65.0,0.00985,-4.62028382379814,0.010059560044132124,-4.599231848454529,-0.021051975343610252
FR,2011,66,66.0,0.01014,-4.5912672808191,0.010671541388236994,-4.540174764098349,-0.051092516720750325
FR,2011,67,67.0,0.01119,-4.492734756658304,0.011397947231124542,-4.474322007240992,-0.018412749417311858
FR,2011,68,68.0,0.01186,-4.434583885412557,0.012348730419933167,-4.394202021197845,-0.04038186421471224
FR,2011,69,69.0,0.01248,-4.383627916040855,0.013242403687070211,-4.3243311975892045,-0.059296718451650854
FR,2011,70,70.0,0.01394,-4.272992873649759,0.014341064008097348,-4.244628247951155,-0.028364625698603874
FR,2011,71,71.0,0.01476,-4.215834459809811,0.01551600889350355,-4.1658829562218305,-0.049951503587980284
FR,2011,72,72.0,0.01643,-4.10864634693296,0.016946741324191657,-4.077679715898592,-0.03096663103436814
FR,2011,73,73.0,0.01808,-4.012948924018107,0.018474686827376345,-3.99135376344844,-0.021595160569666927
FR,2011,74,74.0,0.01926,-3.9497248726121574,0.020201226790132462,-3.902011944234327,-0.047712928377830366
FR,2011,75,75.0,0.02177,-3.827222403735681,0.022272905971457917,-3.8043843180596517,-0.022838085676029074
FR,2011,76,76.0,0.02348,-3.7516062840222415,0.024741655604718388,-3.6992669940984664,-0.05233928992377512
FR,2011,77,77.0,0.02685,-3.617489458027263,0.02741218443566007,-3.5967676769994177,-0.0207217810278455
FR,2011,78,78.0,0.03,-3.506557897319982,0.030573528694140237,-3.4876207197723157,-0.018937177547666106
FR,2011,79,79.0,0.03403,-3.380512790469323,0.034358167967763184,-3.3709155020371937,-0.009597288432129147
FR,2011,80,80.0,0.03875,-3.2506245231827813,0.03908101182933722,-3.242118560910966,-0.008505962271815104
FR,2011,81,81.0,0.04393,-3.125157820994449,0.04423324808747148,-3.1182785534999673,-0.0068792674944817556
FR,2011,82,82.0,0.04969,-3.001951573367908,0.04987833342707505,-2.9981685703749332,-0.0037830029929746267
FR,2011,83,83.0,0.0564,-2.875286120478124,0.056694881214577164,-2.87007135072629,-0.005214769751833881
FR,2011,84,84.0,0.0631,-2.7630345094349695,0.06449273054863439,-2.741202766204394,-0.021831743230575462
FR,2011,85,85.0,0.07221,-2.6281767385190467,0.07342314828179904,-2.611516021394229,-0.016660717124817648
FR,2012,20,20.0,0.00045,-7.706262975199909,0.00042874716333689305,-7.754643175629876,0.04838020042996671
FR,2012,21,21.0,0.00045,-7.706262975199909,0.00044467971491813523,-7.718156276693481,0.01189330149357204
FR,2012,22,22.0,0.00047,-7.66277786326017,0.00044720466798253813,-7.712494197934262,0.04971633467409209
FR,2012,23,23.0,0.00044,-7.728735831051967,0.0004659235622968577,-7.671488966698807,-0.05724686435315984
FR,2012,24,24.0,0.00046,-7.6842840684811335,0.0004722103955960612,-7.658085918315758,-0.02619815016537519
FR,2012,25,25.0,0.0005,-7.600902459542082,0.0004853410667626321,-7.630658683739036,0.02975622419695423
FR,2012,26,26.0,0.00053,-7.542633551418106,0.0005092219579368681,-7.582626569789581,0.03999301837147495
FR,2012,27,27.0,0.00051,-7.5810998322459024,0.0005040860414662013,-7.592763587268584,0.011663755022681244
FR,2012,28,28.0,0.00054,-7.523941418405954,0.0005398210349948147,-7.524272890012867,0.0003314716069127144
FR,2012,29,29.0,0.00053,-7.542633551418106,0.0005491928237232789,-7.507060950937914,-0.03557260048019195
FR,2012,30,30.0,0.00057,-7.469874197135678,0.0005706196734284102,-7.468787641285711,-0.001086555849967752
FR,2012,31,31.0,0.00057,-7.469874197135678,0.0005992196982282265,-7.419882252088948,-0.0499919450467301
FR,2012,32,32.0,0.00065,-7.338538195074591,0.0006386902425813863,-7.356090974511411,0.01755277943682021
FR,2012,33,33.0,0.00066,-7.3232707229438025,0.0006785440135082937,-7.295561211952721,-0.02770951099108121
FR,2012,34,34.0,0.00067,-7.308232845579262,0.0007288092694368653,-7.224098493333128,-0.08413435224613419
FR,2012,35,35.0,0.00069,-7.278818960372969,0.0007771237290157627,-7.159910980871349,-0.11890797950162035
FR,2012,36,36.0,0.00076,-7.182192124683898,0.000858337446974138,-7.060513240954803,-0.12167888372909452
FR,2012,37,37.0,0.00091,-7.002065958453378,0.0009476869497545722,-6.961486332022347,-0.040579626431030746
FR,2012,38,38.0,0.00101,-6.897804948128969,0.001025566516987846,-6.882510119573541,-0.015294828555427742
FR,2012,39,39.0,0.00112,-6.794426593675134,0.0011206225833246659,-6.793870870149608,-0.0005557235255251314
FR,2012,40,40.0,0.00117,-6.750751530172472,0.0012045986684359707,-6.721608822754591,-0.029142707417880942
FR,2012,41,41.0,0.00138,-6.5856717798130235,0.0013321936925554394,-6.6209283026042405,0.03525652279121694
FR,2012,42,42.0,0.00149,-6.508979159024769,0.001455653039080609,-6.532300654939711,0.02332149591494126
FR,2012,43,43.0,0.00157,-6.45667965962192,0.0016082614207950621,-6.432601546317958,-0.024078113303962034
FR,2012,44,44.0,0.0018,-6.319968614080018,0.0017726484611237053,-6.335280545026738,0.015311930946720231
FR,2012,45,45.0,0.002,-6.214608098422191,0.001963662554325317,-6.232943899328481,0.01833580090628928
FR,2012,46,46.0,0.00221,-6.114762763452475,0.0021636118521609995,-6.135976300000402,0.02121353654792646
FR,2012,47,47.0,0.00243,-6.01986402162968,0.002399478271938302,-6.032503951952523,0.01263993032284283
FR,2012,48,48.0,0.00271,-5.910806644090528,0.002641026530114619,-5.936587600236863,0.025780956146335576
FR,2012,49,49.0,0.00294,-5.829345697631547,0.0029088713669290106,-5.839990119446758,0.010644421815210414
FR,2012,50,50.0,0.0033,-5.713832810509703,0.003213780510275939,-5.740307305761114,0.02647449525141088
FR,2012,51,51.0,0.00362,-5.621281253144457,0.0035090886354742354,-5.652398923231782,0.031117670087325244
FR,2012,52,52.0,0.00392,-5.5416636251797655,0.0038055050167431197,-5.571306571970187,0.02964294679042112
FR,2012,53,53.0,0.0044,-5.426150738057921,0.004155710068950921,-5.4832719702212485,0.05712123216332721
FR,2012,54,54.0,0.00475,-5.349610660935587,0.004509985102560532,-5.401461428674661,0.051850767739074044
FR,2012,55,55.0,0.00524,-5.251433780649187,0.004901592559591255,-5.318195114509087,0.06676133385990024
FR,2012,56,56.0,0.00554,-5.195760778222945,0.005287604107089167,-5.242390045519569,0.0466292672966242
FR,2012,57,57.0,0.00603,-5.111008268243043,0.005714450150049479,-5.164757198078884,0.0537489298358409
FR,2012,58,58.0,0.00643,-5.046780740732609,0.00612365875061216,-5.095595526022748,0.04881478529013972
FR,2012,59,59.0,0.00683,-4.9864306053994385,0.006583214818331776,-5.0232320787438764,0.03680147334443795
FR,2012,60,60.0,0.00735,-4.913054965757392,0.0071043453806796854,-4.947048656698217,0.03399369094082516
FR,2012,61,61.0,0.00781,-4.8523503151305425,0.007614033181691324,-4.877762263047177,0.025411947916634148
FR,2012,62,62.0,0.00814,-4.810965098967688,0.008155303574834119,-4.809086817993908,-0.0018782809737798445
FR,2012,63,63.0,0.00867,-4.747886488189686,0.008714411572862712,-4.742777121180911,-0.005109367008775401
FR,2012,64,64.0,0.00915,-4.694001399694707,0.00923314156921462,-4.684955923349743,-0.009045476344963888
FR,2012,65,65.0,0.00991,-4.61421093064024,0.009921129898320323,-4.613088463131231,-0.0011224675090089065
FR,2012,66,66.0,0.00999,-4.606170686321675,0.010524418081295029,-4.554057190130316,-0.05211349619135852
FR,2012,67,67.0,0.01144,-4.4706392930304855,0.011231563628978111,-4.489027283149783,0.01838799011929737
FR,2012,68,68.0,0.01215,-4.41042610919558,0.01215152928719153,-4.410300249857636,-0.00012585933794362347
FR,2012,69,69.0,0.01287,-4.352856257374102,0.013024396513109273,-4.34093102538277,-0.011925231991331664
FR,2012,70,70.0,0.0139,-4.275866438845491,0.014092524654639015,-4.262110788523538,-0.013755650321953361
FR,2012,71,71.0,0.01504,-4.197041960460443,0.015232833300476012,-4.184302095202884,-0.012739865257558769
FR,2012,72,72.0,0.0159,-4.141436169755951,0.016607446412284885,-4.097904105147839,-0.04353206460811254
FR,2012,73,73.0,0.0183,-4.000854219134761,0.018100418966797625,-4.011820193641367,0.010965974506605747
FR,2012,74,74.0,0.01904,-3.961213249618918,0.01977015932072484,-3.9235815831206593,-0.037631666498258554
FR,2012,75,75.0,0.02139,-3.8448317558878227,0.02178360116049003,-3.826597832606325,-0.018233923281497866
FR,2012,76,76.0,0.02422,-3.720576540857191,0.024186996011256495,-3.721940145153142,0.0013636042959510597
FR,2012,77,77.0,0.02672,-3.622342930313692,0.02678547692940741,-3.6198954439683697,-0.002447486345322325
FR,2012,78,78.0,0.0299,-3.5098967985854963,0.02987967240039411,-3.510576882619856,0.0006800840343594849
FR,2012,79,79.0,0.03475,-3.3595757069713357,0.03359036793594941,-3.3935159216832025,0.03394021471186681
FR,2012,80,80.0,0.0394,-3.233989462678249,0.0381779568192355,-3.265496976541955,0.031507513863706205
FR,2012,81,81.0,0.0444,-3.114515809543958,0.043267786060390064,-3.1403468917490587,0.025831082205100664
FR,2012,82,82.0,0.05053,-2.98518805967832,0.04882292123732241,-3.019555378910256,0.03436731923193603
FR,2012,83,83.0,0.05821,-2.843698117698493,0.055555251044311645,-2.890377239113577,0.0466791214150839
FR,2012,84,84.0,0.06485,-2.735678368219684,0.06332291280108766,-2.759508043746751,0.02382967552706683
FR,2012,85,85.0,0.07478,-2.5932048094331694,0.07218278692182319,-2.628553669792127,0.035348860358957346
FR,2013,20,20.0,0.00041,-7.799353398265921,0.00039814550512556304,-7.828693028724111,0.02933963045819077
FR,2013,21,21.0,0.00039,-7.849363818840582,0.00041676599792571606,-7.782985649725896,-0.06637816911468608
FR,2013,22,22.0,0.00045,-7.706262975199909,0.00041836071201058314,-7.779166550170813,0.07290357497090394
FR,2013,23,23.0,0.00043,-7.751725349276666,0.00043647965521750697,-7.736768792665446,-0.014956556611219973
FR,2013,24,24.0,0.00045,-7.706262975199909,0.0004436865760573764,-7.720392154584358,0.014129179384449131
FR,2013,25,25.0,0.00048,-7.641724454062337,0.0004576439384334112,-7.689419103204461,0.04769464914212396
FR,2013,26,26.0,0.00051,-7.5810998322459024,0.0004818051487240822,-7.637970781406227,0.056870949160324535
FR,2013,27,27.0,0.00045,-7.706262975199909,0.0004748410775162359,-7.652530383561913,-0.0537325916379956
FR,2013,28,28.0,0.00053,-7.542633551418106,0.0005111605351801031,-7.5788268582329605,0.03619330681485433
FR,2013,29,29.0,0.00051,-7.5810998322459024,0.0005211968611860441,-7.559382735014826,-0.021717097231076288
FR,2013,30,30.0,0.00057,-7.469874197135678,0.0005422301466881543,-7.519820021766368,0.04994582463069008
FR,2013,31,31.0,0.00057,-7.469874197135678,0.0005686982140361537,-7.4721606440887465,0.002286446953068122
FR,2013,32,32.0,0.0006,-7.418580902748128,0.0006070974701929019,-7.406821202871814,-0.011759699876313867
FR,2013,33,33.0,0.00064,-7.354042381610556,0.0006454238093470304,-7.345603388188576,-0.008438993421980179
FR,2013,34,34.0,0.00072,-7.236259345954173,0.0006947244474392821,-7.271995269522495,0.035735923568322114
FR,2013,35,35.0,0.00072,-7.236259345954173,0.0007351745578661917,-7.215402593253102,-0.020856752701071457
FR,2013,36,36.0,0.00086,-7.05857816871672,0.0008117047558775857,-7.116373885057495,0.05779571634077474
FR,2013,37,37.0,0.00092,-6.991136887921188,0.0008980787428262585,-7.015252806617416,0.024115918696227645
FR,2013,38,38.0,0.00097,-6.938214486466846,0.000970245840731241,-6.937961074525538,-0.0002534119413075686
FR,2013,39,39.0,0.00101,-6.897804948128969,0.0010599773103427317,-6.849507776424304,-0.04829717170466452
FR,2013,40,40.0,0.00122,-6.708904420236972,0.0011394586997209573,-6.777201954146906,0.06829753390993432
FR,2013,41,41.0,0.0013,-6.645391014514646,0.0012595474253352323,-6.677002808783459,0.03161179426881233
FR,2013,42,42.0,0.00146,-6.529318843261892,0.0013772324647464427,-6.587679253769871,0.05836041050797913
FR,2013,43,43.0,0.00157,-6.45667965962192,0.001524109449238014,-6.486345007211095,0.02966534758917483
FR,2013,44,44.0,0.00171,-6.371261908467568,0.001676979641537832,-6.390760936025229,0.019499027557660753
FR,2013,45,45.0,0.00188,-6.276483502140279,0.0018625757773092927,-6.285794922734557,0.00931142059427792
FR,2013,46,46.0,0.00221,-6.114762763452475,0.002054271528924618,-6.187833981020663,0.07307121756818802
FR,2013,47,47.0,0.00237,-6.044865323835097,0.002284256796927883,-6.081714560527803,0.03684923669270557
FR,2013,48,48.0,0.00262,-5.944580961209131,0.002519483083811075,-5.983701523971708,0.03912056276257658
FR,2013,49,49.0,0.00286,-5.856933654150375,0.002780509442642931,-5.88512111531907,0.028187461168694306
FR,2013,50,50.0,0.00319,-5.747734362185384,0.003078037499722838,-5.783463060493842,0.03572869830845793
FR,2013,51,51.0,0.00349,-5.657853542767802,0.003367897682146361,-5.693466562473746,0.035613019705944104
FR,2013,52,52.0,0.00372,-5.5940316106970815,0.0036649965410778455,-5.60892788741536,0.014896276718278756
FR,2013,53,53.0,0.00407,-5.504112279527633,0.004010958598940953,-5.518725014127085,0.014612734599452004
FR,2013,54,54.0,0.00465,-5.370888059382872,0.004363199694688218,-5.434549615847233,0.06366155646436145
FR,2013,55,55.0,0.00495,-5.308367702401538,0.004754673461870857,-5.348627257925218,0.040259555523679325
FR,2013,56,56.0,0.00534,-5.232529626010034,0.0051485897482200895,-5.269032437103293,0.0365028110932597
FR,2013,57,57.0,0.00592,-5.129418830086223,0.005561289636876249,-5.1919252485372125,0.06250641845098936
FR,2013,58,58.0,0.00626,-5.07357509387013,0.005968885007937817,-5.121195134860099,0.04762004098996897
FR,2013,59,59.0,0.0068,-4.990832666800076,0.00642470491421493,-5.047604577004214,0.05677191020413819
FR,2013,60,60.0,0.00719,-4.935064107249182,0.006935739216364079,-4.971067638774166,0.036003531524984034
FR,2013,61,61.0,0.00782,-4.851070724424917,0.007449020304980094,-4.899672757925141,0.04860203350022374
FR,2013,62,62.0,0.00813,-4.812194355422418,0.007990901356231605,-4.829451715024456,0.01725735960203867
FR,2013,63,63.0,0.00858,-4.758321365482266,0.008543906225541738,-4.762536972299513,0.004215606817246531
FR,2013,64,64.0,0.00904,-4.706096104578052,0.009044146145990568,-4.705637565255294,-0.0004585393227571899
FR,2013,65,65.0,0.00985,-4.62028382379814,0.009708472441757885,-4.634756327102277,0.014472503304137518
FR,2013,66,66.0,0.01031,-4.574640980953268,0.01029841359171252,-4.575765415830965,0.001124434877696423
FR,2013,67,67.0,0.01085,-4.523590198995668,0.010976241391562946,-4.512022215568892,-0.011567983426776784
FR,2013,68,68.0,0.01193,-4.428699042872313,0.011849455400762907,-4.435473370198613,0.0067743273263003445
FR,2013,69,69.0,0.01303,-4.3405008878453835,0.012690666128146538,-4.366888506265783,0.02638761842039994
FR,2013,70,70.0,0.01389,-4.2765861222158845,0.01371248448356478,-4.289448584935501,0.012862462719616552
FR,2013,71,71.0,0.01471,-4.219227744368791,0.014800349713880934,-4.213104469174956,-0.006123275193834488
FR,2013,72,72.0,0.01651,-4.1037890210501,0.016090449449985646,-4.1295293848698025,0.02574036381970224
FR,2013,73,73.0,0.01773,-4.032497158896021,0.017530308924234673,-4.043823957601037,0.011326798705016294
FR,2013,74,74.0,0.01933,-3.9460969857618977,0.019114454377324206,-3.9573104564564723,0.011213470694574568
FR,2013,75,75.0,0.02131,-3.8485788328716115,0.02103992307777547,-3.861333547118576,0.012754714246964394
FR,2013,76,76.0,0.02343,-3.753738026462433,0.023344482870657365,-3.757394602414895,0.003656575952462049
FR,2013,77,77.0,0.02579,-3.6577684590888837,0.025834078328676405,-3.6560607931773585,-0.001707665911525158
FR,2013,78,78.0,0.02855,-3.556098342880118,0.0288261046463574,-3.5464738910510722,-0.00962445182904581
FR,2013,79,79.0,0.03274,-3.4191577070391483,0.03242399164308787,-3.4288566473946323,0.00969894035548391
FR,2013,80,80.0,0.03855,-3.2557991789727985,0.03680747718582285,-3.302054270049046,0.04625509107624737
FR,2013,81,81.0,0.04335,-3.1384485757555862,0.041800139957256885,-3.1748555911972978,0.03640701544171154
FR,2013,82,82.0,0.04904,-3.0151189873541813,0.0472171381077914,-3.0529983567897925,0.03787936943561121
FR,2013,83,83.0,0.0553,-2.8949823704538478,0.053818932922768174,-2.9221299606586713,0.02714759020482349
FR,2013,84,84.0,0.06259,-2.7711497580455267,0.061536033183498894,-2.788132370322486,0.016982612276959408
FR,2013,85,85.0,0.07233,-2.6265162981209476,0.07028507694357888,-2.655195779462166,0.028679481341218338
FR,2014,20,20.0,0.00039,-7.849363818840582,0.00037952423195351803,-7.876592110852126,0.027228292011543864
FR,2014,21,21.0,0.00035,-7.957577403480815,0.00039965036824951875,-7.8249204724626225,-0.1326569310181922
FR,2014,22,22.0,0.0004,-7.824046010856292,0.0004007016180069447,-7.82229350237938,-0.0017525084769118848
FR,2014,23,23.0,0.0004,-7.824046010856292,0.0004184324919999218,-7.7789949904851685,-0.04505102037112341
FR,2014,24,24.0,0.00042,-7.77525584668686,0.0004261603438360647,-7.760694888531976,-0.014560958154883785
FR,2014,25,25.0,0.00047,-7.66277786326017,0.00044057572136807336,-7.727428228681984,0.06465036542181402
FR,2014,26,26.0,0.00048,-7.641724454062337,0.0004648619231886311,-7.6737701358514325,0.032045681789095504
FR,2014,27,27.0,0.00048,-7.641724454062337,0.0004568339947768854,-7.69119048300248,0.0494660289401434
FR,2014,28,28.0,0.00052,-7.5616817463888015,0.0004934371590742052,-7.614115044434465,0.052433298045663435
FR,2014,29,29.0,0.00056,-7.487573774235079,0.0005038524781241675,-7.593227034873125,0.10565326063804559
FR,2014,30,30.0,0.00059,-7.435388021064509,0.0005246231975302244,-7.552830272046277,0.1174422509817683
FR,2014,31,31.0,0.00052,-7.5616817463888015,0.0005497885128258021,-7.505976875820256,-0.05570487056854567
FR,2014,32,32.0,0.00065,-7.338538195074591,0.0005874990045564629,-7.439636006319374,0.10109781124478268
FR,2014,33,33.0,0.00062,-7.385791079925137,0.000624866128402659,-7.377973125726548,-0.007817954198588772
FR,2014,34,34.0,0.00067,-7.308232845579262,0.0006735305137300945,-7.302977256933626,-0.005255588645636244
FR,2014,35,35.0,0.00068,-7.293417759794122,0.0007092536813874043,-7.251297293753142,-0.04212046604097974
FR,2014,36,36.0,0.00076,-7.182192124683898,0.0007828986617509011,-7.152507293400569,-0.029684831283328883
FR,2014,37,37.0,0.00089,-7.024289095238089,0.0008673815447871913,-7.050031603262504,0.02574250802441469
FR,2014,38,38.0,0.00095,-6.959048573369688,0.0009360614089342737,-6.9738294758030195,0.014780902433331633
FR,2014,39,39.0,0.00112,-6.794426593675134,0.0010225083946536703,-6.885496460150779,0.09106986647564508
FR,2014,40,40.0,0.0011,-6.812445099177812,0.0010992113376105085,-6.813162322129342,0.0007172229515299833
FR,2014,41,41.0,0.00121,-6.717134919373487,0.0012146800701384956,-6.71327455362201,-0.0038603657514775236
FR,2014,42,42.0,0.00131,-6.6377281417690766,0.0013287709635276743,-6.623500851553794,-0.014227290215282906
FR,2014,43,43.0,0.00148,-6.515713191206113,0.0014720358307002258,-6.521108917463397,0.005395726257283684
FR,2014,44,44.0,0.0017,-6.3771270279199666,0.0016178642269593646,-6.426648377983409,0.049521350063442604
FR,2014,45,45.0,0.00188,-6.276483502140279,0.0017999766964402742,-6.3199815605858936,0.04349805844561416
FR,2014,46,46.0,0.00209,-6.170591213005418,0.001986505773737467,-6.22137807622632,0.05078686322090231
FR,2014,47,47.0,0.00226,-6.092390465697942,0.0022126898004258253,-6.113546399258357,0.021155933560415008
FR,2014,48,48.0,0.00254,-5.975591197951692,0.002443858530000211,-6.014177123963465,0.03858592601177335
FR,2014,49,49.0,0.00272,-5.907123398674231,0.002700511552111609,-5.914314060172802,0.00719066149857106
FR,2014,50,50.0,0.00296,-5.822566010646168,0.0029933014933460652,-5.811378322359505,-0.011187688286662834
FR,2014,51,51.0,0.00322,-5.73837391942582,0.003279608810871612,-5.720031128676885,-0.0183427907489353
FR,2014,52,52.0,0.00374,-5.588669667555696,0.0035768841664303953,-5.633263202111786,0.04459353455608994
FR,2014,53,53.0,0.00385,-5.559682130682444,0.003920022896348076,-5.5416577842917025,-0.018024346390741464
FR,2014,54,54.0,0.00447,-5.410366870356659,0.004270806129197315,-5.455952680520828,0.04558581016416863
FR,2014,55,55.0,0.0048,-5.339139361068292,0.004661992891992768,-5.36831226303881,0.029172901970517806
FR,2014,56,56.0,0.00519,-5.261021581804339,0.005060621158660676,-5.286266044588395,0.025244462784055344
FR,2014,57,57.0,0.00556,-5.192157170719646,0.005464411338365602,-5.20949887800148,0.01734170728183404
FR,2014,58,58.0,0.006,-5.115995809754082,0.005870859582941808,-5.137754219245924,0.02175840949184149
FR,2014,59,59.0,0.00651,-5.034415822761659,0.006324211564350167,-5.063369905996172,0.028954083234513206
FR,2014,60,60.0,0.00693,-4.971895465780325,0.006828813795300842,-4.986604296134215,0.014708830353889368
FR,2014,61,61.0,0.00756,-4.884884088790695,0.007344191559444053,-4.9138455422018295,0.028961453411134208
FR,2014,62,62.0,0.00806,-4.8208417224636,0.007886327376966436,-4.842624730697471,0.02178300823387147
FR,2014,63,63.0,0.00848,-4.7700448291783255,0.008435396019268562,-4.775318614558314,0.00527378537998846
FR,2014,64,64.0,0.009,-4.710530701645918,0.008923960157468998,-4.71901546707119,0.008484765425272656
FR,2014,65,65.0,0.00937,-4.670242182731807,0.009573349202862848,-4.6487721657909375,-0.02147001694086903
FR,2014,66,66.0,0.01007,-4.598194572251666,0.010154814383335835,-4.589807362468801,-0.00838720978286478
FR,2014,67,67.0,0.01055,-4.5516294190600615,0.010814186226363872,-4.526896467312096,-0.024732951747965082
FR,2014,68,68.0,0.01179,-4.440503564432857,0.011658070629995505,-4.451756580876917,0.011253016444059405
FR,2014,69,69.0,0.01252,-4.380427913310185,0.01247936149176493,-4.383679079868537,0.0032511665583525584
FR,2014,70,70.0,0.01343,-4.310264268446991,0.013472132121388243,-4.307132014420083,-0.003132254026907866
FR,2014,71,71.0,0.01424,-4.251700372998307,0.014527160273345958,-4.231735259361864,-0.019965113636443377
FR,2014,72,72.0,0.01562,-4.159203134570597,0.015764634521643166,-4.149986169149929,-0.009216965420668188
FR,2014,73,73.0,0.01707,-4.070432742175788,0.01717113394418106,-4.064525564076327,-0.005907178099461063
FR,2014,74,74.0,0.0183,-4.000854219134761,0.018701941286275954,-3.979127948409381,-0.02172627072538047
FR,2014,75,75.0,0.0205,-3.8873303928377747,0.02057245336397363,-3.883802313397967,-0.0035280794398078186
FR,2014,76,76.0,0.02255,-3.7920202130334495,0.02281520026627716,-3.7803282868075394,-0.011691926225910088
FR,2014,77,77.0,0.02483,-3.6957026794620615,0.025236742329746324,-3.679454317398739,-0.016248362063322475
FR,2014,78,78.0,0.02744,-3.5957534761244525,0.028164475216535836,-3.569693839277151,-0.026059636847301615
FR,2014,79,79.0,0.03096,-3.4750592302606105,0.03169118334713319,-3.451716764634314,-0.023342465626296605
FR,2014,80,80.0,0.03579,-3.3300867542042027,0.03594729923983383,-3.325701323093779,-0.0043854311104238874
FR,2014,81,81.0,0.04158,-3.1801359965522704,0.04087741728743296,-3.1971775129828637,0.017041516430593262
FR,2014,82,82.0,0.04677,-3.062513307244342,0.04620667931072116,-3.074630917519099,0.012117610274756885
FR,2014,83,83.0,0.05284,-2.9404867993280126,0.05272480871656049,-2.942669180569627,0.002182381241614184
FR,2014,84,84.0,0.06062,-2.80313040735248,0.06040713869515283,-2.806647990708193,0.003517583355713061
FR,2014,85,85.0,0.06887,-2.6755346094255303,0.06908420165019082,-2.67242920459165,-0.003105404833880332
FR,2015,20,20.0,0.00038,-7.875339305243843,0.0003841917068304105,-7.8643688934161196,-0.010970411827723403
FR,2015,21,21.0,0.00044,-7.728735831051967,0.0004039500784682281,-7.814219255786247,0.08548342473427972
FR,2015,22,22.0,0.00035,-7.957577403480815,0.0004051358682732554,-7.81128806989972,-0.14628933358109464
FR,2015,23,23.0,0.00041,-7.799353398265921,0.00042296572155705876,-7.768219418709767,-0.031133979556154046
FR,2015,24,24.0,0.00044,-7.728735831051967,0.00043056590365541275,-7.750410159505423,0.021674328453455516
FR,2015,25,25.0,0.00044,-7.728735831051967,0.00044486984645711656,-7.717728798450262,-0.011007032601705546
FR,2015,26,26.0,0.00046,-7.6842840684811335,0.00046912813860167086,-7.66463461020017,-0.01964945828096365
FR,2015,27,27.0,0.00047,-7.66277786326017,0.0004613632184135954,-7.681324932754634,0.018547069494463386
FR,2015,28,28.0,0.00049,-7.621105166859602,0.0004979006682332658,-7.605109962213672,-0.01599520464592974
FR,2015,29,29.0,0.00056,-7.487573774235079,0.0005082229069052688,-7.584590413506733,0.09701663927165427
FR,2015,30,30.0,0.00053,-7.542633551418106,0.0005290611754647467,-7.544406489191525,0.0017729377734188034
FR,2015,31,31.0,0.00065,-7.338538195074591,0.0005545534198327153,-7.497347417071633,0.15880922199704184
FR,2015,32,32.0,0.00057,-7.469874197135678,0.0005924393228255105,-7.431262098932436,-0.03861209820324252
FR,2015,33,33.0,0.00062,-7.385791079925137,0.0006300491074258406,-7.369712793321521,-0.016078286603615766
FR,2015,34,34.0,0.0007,-7.264430222920869,0.0006788766845980251,-7.295071060156958,0.03064083723608846
FR,2015,35,35.0,0.00072,-7.236259345954173,0.000715780188786195,-7.242137437039401,0.00587809108522741
FR,2015,36,36.0,0.00083,-7.09408485717363,0.00079015097625668,-7.14328652157657,0.049201664402939826
FR,2015,37,37.0,0.00087,-7.047017346315645,0.0008751138983155246,-7.041156510574518,-0.005860835741127168
FR,2015,38,38.0,0.00093,-6.980325971816972,0.0009446686467617435,-6.964676330305892,-0.015649641511080503
FR,2015,39,39.0,0.00101,-6.897804948128969,0.0010319422011276097,-6.8763126201504905,-0.021492327978478443
FR,2015,40,40.0,0.00112,-6.794426593675134,0.0011093448003003526,-6.803985707935497,0.009559114260363266
FR,2015,41,41.0,0.00127,-6.668738378511637,0.0012259754328356278,-6.704018480139014,0.035280101627376936
FR,2015,42,42.0,0.00129,-6.653113060608557,0.0013409732137768715,-6.614359649694271,-0.038753410914285524
FR,2015,43,43.0,0.0016,-6.437751649736401,0.0014851527893223364,-6.512237623587576,0.07448597385117495
FR,2015,44,44.0,0.00169,-6.383026750047155,0.001632748686660793,-6.417490373554336,0.034463623507180685
FR,2015,45,45.0,0.00194,-6.2450673059069,0.0018157483557004878,-6.311257579054346,0.06619027314744574
FR,2015,46,46.0,0.00207,-6.18020667170486,0.0020035832766848007,-6.212818063149305,0.032611391444445026
FR,2015,47,47.0,0.00236,-6.049093659944618,0.0022307368288231096,-6.105423331573019,0.056329671628400746
FR,2015,48,48.0,0.00251,-5.987472525838444,0.0024629384485029097,-6.0064001506136115,0.018927624775167295
FR,2015,49,49.0,0.00267,-5.925676806569979,0.0027207045578670546,-5.90686440358876,-0.018812402981218668
FR,2015,50,50.0,0.00301,-5.805815200221352,0.003014700731147507,-5.80425471371383,-0.0015604865075227181
FR,2015,51,51.0,0.00328,-5.7199118565860845,0.0033019165715261816,-5.713252199846342,-0.006659656739742559
FR,2015,52,52.0,0.00352,-5.649294289372131,0.0035991659208269022,-5.62705314902323,-0.02224114034890068
FR,2015,53,53.0,0.00387,-5.554500771940447,0.003943030684218363,-5.535805642169586,-0.018695129770860852
FR,2015,54,54.0,0.00441,-5.423880589523383,0.004294196155910219,-5.45049089917389,0.026610309650507702
FR,2015,55,55.0,0.00483,-5.3329088113176555,0.004685470656893728,-5.363288907954692,0.030380096637036225
FR,2015,56,56.0,0.00525,-5.249527202378605,0.005082925720096132,-5.281868254022509,0.032341051643903995
FR,2015,57,57.0,0.00574,-5.160296068650662,0.005488971847691519,-5.205014318286798,0.04471824963613624
FR,2015,58,58.0,0.00609,-5.1011071972603315,0.005895720335581849,-5.1335285581268195,0.03242136086648806
FR,2015,59,59.0,0.0066,-5.0206856299497575,0.0063497057810659105,-5.059346800841383,0.038661170891625574
FR,2015,60,60.0,0.00713,-4.943444044555933,0.006855942085599703,-4.982639544980256,0.039195500424323626
FR,2015,61,61.0,0.00752,-4.890189141020389,0.0073708014515732456,-4.910228833567944,0.020039692547555
FR,2015,62,62.0,0.00801,-4.827064517901869,0.007912882512275883,-4.839263149896635,0.012198631994766451
FR,2015,63,63.0,0.00864,-4.7513526961661725,0.008462954733017454,-4.7720569071188885,0.020704210952716018
FR,2015,64,64.0,0.00908,-4.701681086368935,0.008954477414479661,-4.715601602014314,0.013920515645379439
FR,2015,65,65.0,0.00974,-4.631514161327694,0.009607651107111625,-4.64519550761236,0.013681346284666773
FR,2015,66,66.0,0.01023,-4.582430699018602,0.010191267611545776,-4.586224041884069,0.0037933428654675083
FR,2015,67,67.0,0.01071,-4.53657739452248,0.010855311784713264,-4.523100753382356,-0.013476641140123924
FR,2015,68,68.0,0.01172,-4.44645849483327,0.011706613750009233,-4.447601319109159,0.001142824275889076
FR,2015,69,69.0,0.01244,-4.386838191671104,0.012532946955629612,-4.379394345737866,-0.007443845933237547
FR,2015,70,70.0,0.01378,-4.2845370133966245,0.013533063560688265,-4.302619435180534,0.01808242178390973
FR,2015,71,71.0,0.01484,-4.210429041242903,0.014596391678839785,-4.226980926098221,0.016551884855318555
FR,2015,72,72.0,0.016,-4.135166556742356,0.01584714587032597,-4.144765866146435,0.009599309404078937
FR,2015,73,73.0,0.01729,-4.057626979286938,0.01726208526628343,-4.059242785660118,0.0016158063731799288
FR,2015,74,74.0,0.01914,-3.955974892957329,0.018806355445601265,-3.9735604106570706,0.017585517699741704
FR,2015,75,75.0,0.02079,-3.8732831771122154,0.02069074916213043,-3.8780685789807228,0.0047854018685074
FR,2015,76,76.0,0.02336,-3.7567301210221107,0.02294911486056577,-3.7744759113864226,0.017745790364311897
FR,2015,77,77.0,0.02541,-3.6726124816500643,0.02538784921229522,-3.673484596885344,0.0008721152352797468
FR,2015,78,78.0,0.02838,-3.5620706072502406,0.028331857150696953,-3.5637684130808487,0.001697805830608079
FR,2015,79,79.0,0.03206,-3.4401461318007303,0.03187659738928396,-3.4458831625856057,0.005737030784875419
FR,2015,80,80.0,0.03649,-3.3107170285337806,0.03616487607471088,-3.3196669053503647,0.008949876816584101
FR,2015,81,81.0,0.04244,-3.1596639652363545,0.04111093019490715,-3.19148125135419,0.03181728611783541
FR,2015,82,82.0,0.04828,-3.030737882752806,0.046462461509067375,-3.0691105717891904,0.038372689036384244
FR,2015,83,83.0,0.05504,-2.899695085357049,0.0530018828242848,-2.937427841074507,0.037732755717458044
FR,2015,84,84.0,0.06262,-2.7706705630838777,0.06069323436960925,-2.8019230472670604,0.031252484183182716
FR,2015,85,85.0,0.07115,-2.6429649544462754,0.06938868531552397,-2.6680314605605253,0.025066506114249876
FR,2016,20,20.0,0.00036,-7.929406526514119,0.0003651214455072583,-7.915280532306128,-0.014125994207990544
FR,2016,21,21.0,0.00037,-7.902007552326004,0.0003863404740478008,-7.858791520164566,-0.0432160321614381
FR,2016,22,22.0,0.0004,-7.824046010856292,0.0003869839102659138,-7.8571274413390535,0.033081430482761576
FR,2016,23,23.0,0.00044,-7.728735831051967,0.0004044018954077238,-7.813101383866222,0.08436555281425484
FR,2016,24,24.0,0.0004,-7.824046010856292,0.0004125109996286471,-7.793247686778646,-0.03079832407764549
FR,2016,25,25.0,0.00043,-7.751725349276666,0.00042725545710170705,-7.758128463430583,0.006403114153917144
FR,2016,26,26.0,0.00049,-7.621105166859602,0.00045161273643121093,-7.702685523182983,0.08158035632338123
FR,2016,27,27.0,0.00049,-7.621105166859602,0.0004427893034917689,-7.72241651394422,0.10131134708461786
FR,2016,28,28.0,0.00049,-7.621105166859602,0.00047957150166567133,-7.642617557623806,0.021512390764204525
FR,2016,29,29.0,0.00051,-7.5810998322459024,0.0004902655813031784,-7.620563311030443,0.039463478784540484
FR,2016,30,30.0,0.0005,-7.600902459542082,0.0005108202041955932,-7.579492880563867,-0.021409578978214938
FR,2016,31,31.0,0.00057,-7.469874197135678,0.0005349750320854064,-7.5332904811565395,0.06341628402086119
FR,2016,32,32.0,0.00059,-7.435388021064509,0.000572132041710934,-7.466140751072444,0.03075273000793466
FR,2016,33,33.0,0.00064,-7.354042381610556,0.0006087405619617246,-7.404118387651975,0.05007600604141871
FR,2016,34,34.0,0.00068,-7.293417759794122,0.0006568849799080698,-7.32800162343904,0.03458386364491872
FR,2016,35,35.0,0.0007,-7.264430222920869,0.0006889859405437588,-7.280289692755679,0.015859469834810014
FR,2016,36,36.0,0.00074,-7.208860371766058,0.0007603798108598307,-7.181692498386549,-0.027167873379509544
FR,2016,37,37.0,0.00087,-7.047017346315645,0.0008433549110880596,-7.0781226789677145,0.031105332652069606
FR,2016,38,38.0,0.0009,-7.013115794639964,0.0009093316919229227,-7.00280063274076,-0.010315161899203673
FR,2016,39,39.0,0.00101,-6.897804948128969,0.000993213640972552,-6.914564770058336,0.01675982192936676
FR,2016,40,40.0,0.00104,-6.868534565828856,0.0010677434728951721,-6.842207761213691,-0.02632680461516479
FR,2016,41,41.0,0.00114,-6.776727016575733,0.0011796098934251996,-6.7425714939565955,-0.03415552261913746
FR,2016,42,42.0,0.00132,-6.630123542383857,0.0012908760210672,-6.652434204984581,0.022310662600723674
FR,2016,43,43.0,0.0015,-6.502290170873972,0.00143127736767381,-6.549187969325719,0.04689779845174691
FR,2016,44,44.0,0.0016,-6.437751649736401,0.001571641107415199,-6.4556349142112515,0.017883264474850336
FR,2016,45,45.0,0.0018,-6.319968614080018,0.0017509542647566765,-6.34759434551887,0.027625731438852164
FR,2016,46,46.0,0.00194,-6.2450673059069,0.0019334063665690678,-6.248471874999774,0.003404569092873899
FR,2016,47,47.0,0.00227,-6.087975447488826,0.0021565248975763773,-6.139257196579528,0.05128174909070271
FR,2016,48,48.0,0.00242,-6.023987738813542,0.0023844364357864366,-6.0387924778316995,0.014804739018157598
FR,2016,49,49.0,0.00273,-5.903453669785269,0.0026375801168782138,-5.937893404573726,0.03443973478845752
FR,2016,50,50.0,0.00294,-5.829345697631547,0.0029265656593973587,-5.833925673333187,0.004579975701640038
FR,2016,51,51.0,0.00309,-5.779584188072483,0.0032099898193771155,-5.741487513378851,-0.03809667469363198
FR,2016,52,52.0,0.00332,-5.70779049605374,0.0035072640973608325,-5.652919004882179,-0.05487149117156065
FR,2016,53,53.0,0.00375,-5.585999438999818,0.0038480808245497477,-5.560180742098394,-0.0258186969014238
FR,2016,54,54.0,0.00417,-5.479839243171427,0.004197609490861007,-5.473240084573505,-0.006599158597921928
FR,2016,55,55.0,0.00456,-5.390432655455842,0.004588454699146959,-5.384211978447206,-0.006220677008636599
FR,2016,56,56.0,0.00516,-5.266818699488666,0.004990666808945353,-5.300185749099111,0.03336704961044479
FR,2016,57,57.0,0.00566,-5.1743313867670455,0.00538739549927148,-5.223693220627357,0.04936183386031168
FR,2016,58,58.0,0.00602,-5.112668019661407,0.005792860275134008,-5.151129106762536,0.03846108710112883
FR,2016,59,59.0,0.00652,-5.0328809030435755,0.006244191097816068,-5.076103671765875,0.04322276872229924
FR,2016,60,60.0,0.00716,-4.939245298009583,0.006743654015000371,-4.999153362237936,0.059908064228353375
FR,2016,61,61.0,0.00761,-4.8782921071085426,0.0072605986233377235,-4.925292998539463,0.04700089143092079
FR,2016,62,62.0,0.00819,-4.804841381117159,0.007802862175738362,-4.853264666987183,0.0484232858700242
FR,2016,63,63.0,0.00872,-4.742136041061249,0.008348758483189719,-4.785642435821969,0.043506394760719935
FR,2016,64,64.0,0.00912,-4.697285474895897,0.008828052078869629,-4.7298208913221265,0.0325354164262297
FR,2016,65,65.0,0.00977,-4.628438812927445,0.00946558342386752,-4.660092856086609,0.03165404315916387
FR,2016,66,66.0,0.01028,-4.577555018955118,0.010040291409025496,-4.601149140336429,0.02359412138131134
FR,2016,67,67.0,0.01075,-4.532849524408466,0.010685041526420209,-4.538910503796472,0.006060979388005983
FR,2016,68,68.0,0.01139,-4.475019501523046,0.011505746839234941,-4.464908643283099,-0.01011085823994673
FR,2016,69,69.0,0.01255,-4.378034613404344,0.012311260558701713,-4.397240942834129,0.019206329429785285
FR,2016,70,70.0,0.0136,-4.29768548624013,0.013281076940757645,-4.321415043285296,0.023729557045165883
FR,2016,71,71.0,0.01458,-4.228104552401625,0.014310188998639027,-4.246783478048932,0.018678925647306777
FR,2016,72,72.0,0.01588,-4.142694823163147,0.015506294263746109,-4.16650925595372,0.023814432790572937
FR,2016,73,73.0,0.0172,-4.06284589516273,0.016886405391569433,-4.08124639546826,0.018400500305530088
FR,2016,74,74.0,0.01854,-3.987824718844428,0.018375259927754684,-3.9967500882551406,0.008925369410712758
FR,2016,75,75.0,0.0205,-3.8873303928377747,0.020202468237940707,-3.901950492042503,0.014620099204728287
FR,2016,76,76.0,0.02204,-3.8148962946974234,0.022396468628950686,-3.798851983042561,-0.01604431165486231
FR,2016,77,77.0,0.02498,-3.6896797742847056,0.024764368091528,-3.6983494294585557,0.0086696551738501
FR,2016,78,78.0,0.02818,-3.569142772511603,0.027641175479101655,-3.588448752799496,0.01930598028789321
FR,2016,79,79.0,0.03132,-3.4634984078595346,0.031111397738488013,-3.4701810401687174,0.006682632309182868
FR,2016,80,80.0,0.03509,-3.349839089387013,0.03526722515685143,-3.344801212145822,-0.00503787724119098
FR,2016,81,81.0,0.0402,-3.2138882833571616,0.04014701914499939,-3.2152070843094123,0.001318800952250676
FR,2016,82,82.0,0.04585,-3.082380080279663,0.04540633314259733,-3.0921036871305905,0.009723606850927435
FR,2016,83,83.0,0.05356,-2.9269527581591652,0.05185733693635677,-2.95925885120523,0.0323060930460648
FR,2016,84,84.0,0.06122,-2.793281345464871,0.059510459858088206,-2.821603185946592,0.02832184048172115
FR,2016,85,85.0,0.06968,-2.6638419464378895,0.06812924187974641,-2.6863487618124657,0.022506815374576217
FR,2017,20,20.0,0.00039,-7.849363818840582,0.00037601710662404784,-7.885875919268754,0.03651210042817166
FR,2017,21,21.0,0.00042,-7.77525584668686,0.00039641524917507766,-7.833048287088225,0.05779244040136522
FR,2017,22,22.0,0.00041,-7.799353398265921,0.00039736616366522885,-7.830652375746251,0.03129897748033006
FR,2017,23,23.0,0.00041,-7.799353398265921,0.00041502189525282306,-7.78717927947996,-0.01217411878596053
FR,2017,24,24.0,0.00039,-7.849363818840582,0.00042284436780702113,-7.768506371425031,-0.08085744741555168
FR,2017,25,25.0,0.00044,-7.728735831051967,0.0004373419546338595,-7.734795163983037,0.006059332931069861
FR,2017,26,26.0,0.00044,-7.728735831051967,0.0004616475794823291,-7.6807087729472325,-0.04802705810473462
FR,2017,27,27.0,0.00044,-7.728735831051967,0.000453423681564751,-7.698683590190105,-0.030052240861862423
FR,2017,28,28.0,0.00049,-7.621105166859602,0.0004900737799771002,-7.620954606812497,-0.00015056004710434223
FR,2017,29,29.0,0.00051,-7.5810998322459024,0.0005005581696180116,-7.59978674294936,0.018686910703457293
FR,2017,30,30.0,0.00049,-7.621105166859602,0.000521277345681429,-7.559228324488379,-0.061876842371222374
FR,2017,31,31.0,0.00056,-7.487573774235079,0.0005461968348879838,-7.512531143727282,0.02495736949220273
FR,2017,32,32.0,0.0006,-7.418580902748128,0.0005837742680185583,-7.4459961772224865,0.02741527447435832
FR,2017,33,33.0,0.00061,-7.402051600796917,0.0006209580479941376,-7.384247033877771,-0.017804566919146225
FR,2017,34,34.0,0.00065,-7.338538195074591,0.0006694981265533521,-7.308982191114255,-0.02955600396033553
FR,2017,35,35.0,0.00074,-7.208860371766058,0.0007043364452105824,-7.258254410837849,0.04939403907179063
FR,2017,36,36.0,0.00077,-7.1691200431165445,0.0007774348770183228,-7.159510676880869,-0.009609366235675765
FR,2017,37,37.0,0.00084,-7.082108666126914,0.0008615543333548943,-7.056772435668246,-0.025336230458668396
FR,2017,38,38.0,0.00088,-7.035588650492022,0.0009295764593854188,-6.980781495567843,-0.05480715492417865
FR,2017,39,39.0,0.00095,-6.959048573369688,0.001015400875651103,-6.892471793080756,-0.06657678028893166
FR,2017,40,40.0,0.00106,-6.849486370858162,0.0010915766424476603,-6.820132166896892,-0.029354203961269754
FR,2017,41,41.0,0.00114,-6.776727016575733,0.0012061705780547765,-6.720304749505888,-0.05642226706984488
FR,2017,42,42.0,0.00132,-6.630123542383857,0.0013195773278205417,-6.6304437998573675,0.000320257473510388
FR,2017,43,43.0,0.00148,-6.515713191206113,0.0014621506713497993,-6.5278468645859045,0.012133673379791432
FR,2017,44,44.0,0.0015,-6.502290170873972,0.0016066498792911903,-6.433604088216272,-0.06868608265769982
FR,2017,45,45.0,0.00174,-6.3538701657556995,0.0017880893692616355,-6.326607620671393,-0.02726254508430692
FR,2017,46,46.0,0.00195,-6.239925906406482,0.0019736323557882486,-6.227879598584643,-0.012046307821838909
FR,2017,47,47.0,0.00213,-6.151633299260803,0.0021990802993588883,-6.11971605176931,-0.03191724749149305
FR,2017,48,48.0,0.00237,-6.044865323835097,0.0024294657298891153,-6.020083910046528,-0.024781413788568685
FR,2017,49,49.0,0.0026,-5.952243833954701,0.002685274714273597,-5.919972241814256,-0.03227159214044484
FR,2017,50,50.0,0.00287,-5.853443249210607,0.0029771498471549067,-5.8167888632623175,-0.036654385948289736
FR,2017,51,51.0,0.00317,-5.754023691092947,0.003262766324899929,-5.725179877511813,-0.028843813581134192
FR,2017,52,52.0,0.00344,-5.6722838075968305,0.003560052891617876,-5.6379798770325324,-0.034303930564298035
FR,2017,53,53.0,0.00383,-5.564890475789582,0.0039026377130184356,-5.5461026177877155,-0.018787858001866553
FR,2017,54,54.0,0.00404,-5.511510587009078,0.0042531260458075594,-5.460101026232909,-0.051409560776169094
FR,2017,55,55.0,0.00444,-5.417100902538004,0.004644239641217036,-5.372127614148597,-0.04497328838940717
FR,2017,56,56.0,0.00499,-5.30031936921871,0.005043745766085952,-5.289606265384097,-0.01071310383461288
FR,2017,57,57.0,0.0054,-5.221356325411908,0.0054458305384434596,-5.212905001916235,-0.008451323495672902
FR,2017,58,58.0,0.0059,-5.132802928070463,0.005852047354381769,-5.1409637038573806,0.00816077578691754
FR,2017,59,59.0,0.00644,-5.045226738865875,0.006304916552401317,-5.06642554479934,0.021198805933464904
FR,2017,60,60.0,0.00697,-4.9661400542097045,0.006808280998844341,-4.9896156137619725,0.02347555955226799
FR,2017,61,61.0,0.00769,-4.867834495464584,0.00732404495820559,-4.9165925137117075,0.048758018247123225
FR,2017,62,62.0,0.00826,-4.79633069144925,0.007866217718865507,-4.845177926882957,0.048847235433706615
FR,2017,63,63.0,0.00861,-4.754830960542498,0.008414524537815521,-4.777795954680688,0.02296499413818953
FR,2017,64,64.0,0.00902,-4.708310944907605,0.008900851129179392,-4.721608374324472,0.013297429416867068
FR,2017,65,65.0,0.00975,-4.630487993972381,0.009547377991223575,-4.651488718079687,0.02100072410730558
FR,2017,66,66.0,0.01039,-4.566911473871001,0.010127214488355988,-4.592528975004794,0.025617501133792686
FR,2017,67,67.0,0.01096,-4.513502997462267,0.010783054580600665,-4.529779397368158,0.016276399905891026
FR,2017,68,68.0,0.0115,-4.4654082436129325,0.01162133558612334,-4.454912595598471,-0.010495648014461345
FR,2017,69,69.0,0.01255,-4.378034613404344,0.01243881526970917,-4.386933431760222,0.008898818355878468
FR,2017,70,70.0,0.01356,-4.300630996469888,0.013426036702326836,-4.3105594197938455,0.009928423323957603
FR,2017,71,71.0,0.01439,-4.241221758082861,0.014474796963082896,-4.235346282351478,-0.0058754757313828065
FR,2017,72,72.0,0.01575,-4.150914913710495,0.015702252483505014,-4.153951106631808,0.0030361929213134076
FR,2017,73,73.0,0.01699,-4.075130343298296,0.017102374712512712,-4.06853795303859,-0.006592390259705816
FR,2017,74,74.0,0.01846,-3.992149049907431,0.018623023922079342,-3.983356618488711,-0.008792431418719993
FR,2017,75,75.0,0.02025,-3.899600485429589,0.020483057180079655,-3.888157213580362,-0.011443271849227
FR,2017,76,76.0,0.02264,-3.7880370256471547,0.022714011516302906,-3.7847732974993873,-0.0032637281477674307
FR,2017,77,77.0,0.02475,-3.698929789967438,0.025122574506288277,-3.6839884543260526,-0.014941335641385223
FR,2017,78,78.0,0.02805,-3.5737666470134317,0.028038005954175074,-3.57419433367491,0.0004276866614780772
FR,2017,79,79.0,0.03072,-3.4828413707026655,0.031551078191310186,-3.4561475165277984,-0.026693854174867138
FR,2017,80,80.0,0.03443,-3.3688270016317046,0.03578291983439317,-3.3302845990216645,-0.03854240261004005
FR,2017,81,81.0,0.03957,-3.229684023584804,0.04070094566708665,-3.2015039517399635,-0.028180071844840615
FR,2017,82,82.0,0.04523,-3.095994695492385,0.046013348297971025,-3.078823744196554,-0.017170951295831127
FR,2017,83,83.0,0.05191,-2.9582438291429995,0.05251533295495745,-2.94665009573979,-0.011593733403209683
FR,2017,84,84.0,0.0611,-2.7952434128045875,0.06019074407070187,-2.8102366914669368,0.01499327866234923
FR,2017,85,85.0,0.06867,-2.678442856349552,0.06885383255683959,-2.675769390043155,-0.0026734663063971986
FR,2018,20,20.0,0.00035,-7.957577403480815,0.00036035549738799123,-7.928419521019914,-0.029157882460900453
FR,2018,21,21.0,0.00043,-7.751725349276666,0.000381921877724455,-7.870294478847154,0.11856912957048849
FR,2018,22,22.0,0.00038,-7.875339305243843,0.0003824328759278764,-7.868957407867722,-0.0063818973761211595
FR,2018,23,23.0,0.0004,-7.824046010856292,0.00039974477844793047,-7.824684268379471,0.0006382575231791421
FR,2018,24,24.0,0.00043,-7.751725349276666,0.00040797569586612935,-7.8043029542899784,0.052577605013312656
FR,2018,25,25.0,0.00046,-7.6842840684811335,0.0004228239830722591,-7.768554581186564,0.08427051270543018
FR,2018,26,26.0,0.00043,-7.751725349276666,0.0004471996189218846,-7.712505488266224,-0.039219861010441726
FR,2018,27,27.0,0.00041,-7.799353398265921,0.00043811847314325166,-7.733021197534312,-0.06633220073160828
FR,2018,28,28.0,0.00044,-7.728735831051967,0.00047495176503947035,-7.652297306371233,-0.07643852468073398
FR,2018,29,29.0,0.00056,-7.487573774235079,0.00048573517324498015,-7.629846993600304,0.14227321936522497
FR,2018,30,30.0,0.00051,-7.5810998322459024,0.0005062156576301479,-7.588547778624498,0.0074479463785959155
FR,2018,31,31.0,0.00052,-7.5616817463888015,0.000530035557269515,-7.542566464480721,-0.019115281908080206
FR,2018,32,32.0,0.00057,-7.469874197135678,0.0005670052262180177,-7.475142036963273,0.005267839827594933
FR,2018,33,33.0,0.00062,-7.385791079925137,0.0006033593574241798,-7.4129975894505185,0.027206509525381506
FR,2018,34,34.0,0.00069,-7.278818960372969,0.0006513260752332762,-7.336500157541167,0.05768119716819786
FR,2018,35,35.0,0.00072,-7.236259345954173,0.000682235390847651,-7.29013581180018,0.053876465846006916
FR,2018,36,36.0,0.0008,-7.1308988302963465,0.0007528804585592949,-7.1916040963403765,0.060705266044029926
FR,2018,37,37.0,0.00088,-7.035588650492022,0.0008353475440555588,-7.087662699283293,0.05207404879127164
FR,2018,38,38.0,0.00089,-7.024289095238089,0.000900428733277448,-7.012639537760002,-0.011649557478087047
FR,2018,39,39.0,0.00102,-6.887952651685957,0.0009834569737038846,-6.924436669232571,0.03648401754661368
FR,2018,40,40.0,0.00108,-6.830794237846009,0.0010572628862562255,-6.8520718932194375,0.02127765537342885
FR,2018,41,41.0,0.00118,-6.7422408405045635,0.0011679315060310514,-6.752521038392319,0.010280197887755804
FR,2018,42,42.0,0.00127,-6.668738378511637,0.0012782539018166908,-6.662260271541239,-0.006478106970398301
FR,2018,43,43.0,0.00144,-6.543112165394228,0.001417693666610931,-6.558723906219694,0.015611740825465681
FR,2018,44,44.0,0.00163,-6.419175264163466,0.001556245573338026,-6.465479042196731,0.046303778033264464
FR,2018,45,45.0,0.00179,-6.325539659129474,0.0017346112860043578,-6.356971933333403,0.03143227420392947
FR,2018,46,46.0,0.00191,-6.260652036923599,0.0019156980424526466,-6.25767320973816,-0.002978827185438959
FR,2018,47,47.0,0.00208,-6.175387385268911,0.0021377768401125504,-6.147988849697683,-0.027398535571228066
FR,2018,48,48.0,0.0023,-6.074846156047033,0.0023645865159782117,-6.047152107005123,-0.027694049041910418
FR,2018,49,49.0,0.00264,-5.936976361823913,0.0026165432719101995,-5.945901194199638,0.008924832375725167
FR,2018,50,50.0,0.00282,-5.871018394032115,0.0029042416075146273,-5.841582987300396,-0.02943540673171885
FR,2018,51,51.0,0.00314,-5.763532479061975,0.0031866842465624627,-5.748774323898452,-0.014758155163522524
FR,2018,52,52.0,0.00334,-5.701784471993528,0.0034839299753242556,-5.659594319124907,-0.0421901528686206
FR,2018,53,53.0,0.00371,-5.596723402362794,0.003823950109886528,-5.56647133045588,-0.030252071906913258
FR,2018,54,54.0,0.00405,-5.509038397863689,0.004173037604308321,-5.479111066076558,-0.029927331787130917
FR,2018,55,55.0,0.00439,-5.428426051895057,0.004563745155505995,-5.38961168651107,-0.038814365383987415
FR,2018,56,56.0,0.00497,-5.3043354388736,0.004967130226048629,-5.304913024950439,0.0005775860768393315
FR,2018,57,57.0,0.00534,-5.232529626010034,0.005361487807300178,-5.228513766427675,-0.004015859582358949
FR,2018,58,58.0,0.00572,-5.163786473590431,0.005766607322365743,-5.155671357118701,-0.008115116471730133
FR,2018,59,59.0,0.00628,-5.07038529850203,0.006217246279892214,-5.080428190535168,0.010042892033137463
FR,2018,60,60.0,0.00675,-4.9982127740976985,0.006714975113716557,-5.003415155087287,0.005202380989588917
FR,2018,61,61.0,0.00735,-4.913054965757392,0.007232426574685488,-4.929180673300258,0.016125707542865797
FR,2018,62,62.0,0.00805,-4.822083187551665,0.007774717938554693,-4.856878099574298,0.034794912022633184
FR,2018,63,63.0,0.0086,-4.755993075722675,0.00831953834996534,-4.78914851247148,0.033155436748804945
FR,2018,64,64.0,0.00912,-4.697285474895897,0.008795715726268624,-4.733490525335226,0.03620505043932898
FR,2018,65,65.0,0.00956,-4.650167551918827,0.009429261683955113,-4.663937479786336,0.013769927867508969
FR,2018,66,66.0,0.01032,-4.5736715189287205,0.010001692747193938,-4.605000925594046,0.0313294066653258
FR,2018,67,67.0,0.01085,-4.523590198995668,0.010641534398884153,-4.542990595044519,0.019400396048850688
FR,2018,68,68.0,0.01193,-4.428699042872313,0.011454470140075347,-4.469375219923433,0.04067617705111992
FR,2018,69,69.0,0.01242,-4.388447202476804,0.012254688359463792,-4.401846691989718,0.013399489512913476
FR,2018,70,70.0,0.01315,-4.331333520358363,0.013216810883995215,-4.326265707851227,-0.005067812507136615
FR,2018,71,71.0,0.01445,-4.237060864423696,0.014237242890207542,-4.251894009005255,0.014833144581559488
FR,2018,72,72.0,0.01553,-4.164981641821542,0.015419525741226832,-4.172120667401201,0.007139025579658842
FR,2018,73,73.0,0.01701,-4.073953872574367,0.016790786543727867,-4.086924963026384,0.012971090452016831
FR,2018,74,74.0,0.01868,-3.9803018461814403,0.01826561863202998,-4.00273474950118,0.02243290331973924
FR,2018,75,75.0,0.0202,-3.902072674574978,0.02007833709636249,-3.908113801514042,0.00604112693906389
FR,2018,76,76.0,0.02198,-3.8176223300066616,0.022256018286051053,-3.8051428221779577,-0.012479507828703884
FR,2018,77,77.0,0.02476,-3.6985258311657416,0.024605964520350476,-3.7047664052556897,0.006240574089948048
FR,2018,78,78.0,0.02716,-3.6060099762916416,0.027465678296831404,-3.594818115720935,-0.011191860570706424
FR,2018,79,79.0,0.0309,-3.4769990950784373,0.030916919156202125,-3.476451699418623,-0.0005473956598143204
FR,2018,80,80.0,0.034,-3.3813947543659757,0.03503920392067395,-3.3512877323308787,-0.030107022035096964
FR,2018,81,81.0,0.03911,-3.2413770902147143,0.03990194882660377,-3.221330113507064,-0.0200469767076501
FR,2018,82,82.0,0.04324,-3.1409892862111297,0.045137692813407154,-3.0980376206976894,-0.04295166551344032
FR,2018,83,83.0,0.05033,-2.9891539581938686,0.05156599294532092,-2.9648928752117607,-0.02426108298210794
FR,2018,84,84.0,0.05802,-2.846967500288879,0.059208976105857916,-2.8266821251760823,-0.02028537511279671
FR,2018,85,85.0,0.06842,-2.6820900994326786,0.06780793960029702,-2.691075987642619,0.008985888209940285
FR,2019,20,20.0,0.00035,-7.957577403480815,0.0003440618873894075,-7.97468901157011,0.017111608089295238
FR,2019,21,21.0,0.00036,-7.929406526514119,0.0003667600926446258,-7.910802622179744,-0.018603904334375088
FR,2019,22,22.0,0.00038,-7.875339305243843,0.0003668281327194496,-7.91061712281466,0.03527781757081705
FR,2019,23,23.0,0.00039,-7.849363818840582,0.0003837674169819828,-7.865473873820525,0.016110054979942667
FR,2019,24,24.0,0.00039,-7.849363818840582,0.00039239776158840915,-7.843234534702157,-0.006129284138425284
FR,2019,25,25.0,0.00039,-7.849363818840582,0.00040758111707280036,-7.805270584791879,-0.044093234048703245
FR,2019,26,26.0,0.00051,-7.5810998322459024,0.0004319991660164977,-7.747086900239394,0.16598706799349117
FR,2019,27,27.0,0.00045,-7.706262975199909,0.00042205875317429583,-7.7703660280877305,0.06410305288782148
FR,2019,28,28.0,0.00051,-7.5810998322459024,0.0004590346131950479,-7.686384940735923,0.10528510849002082
FR,2019,29,29.0,0.00049,-7.621105166859602,0.00047011187268786,-7.662539864588654,0.04143469772905206
FR,2019,30,30.0,0.00055,-7.505592279737757,0.0004903285038196503,-7.62043497552952,0.11484269579176232
FR,2019,31,31.0,0.00055,-7.505592279737757,0.0005130012776463412,-7.575232222257929,0.0696399425201717
FR,2019,32,32.0,0.0006,-7.418580902748128,0.0005493139420778338,-7.506840436401607,0.0882595336534786
FR,2019,33,33.0,0.00063,-7.369790738578696,0.0005847851373828652,-7.44426606472365,0.07447532614495422
FR,2019,34,34.0,0.00066,-7.3232707229438025,0.0006321220307513911,-7.366428095824293,0.04315737288049082
FR,2019,35,35.0,0.00075,-7.195437351433918,0.0006589853027737987,-7.3248093260264024,0.12937197459248484
FR,2019,36,36.0,0.00078,-7.156216638280637,0.0007270551691685984,-7.22650819724586,0.07029155896522266
FR,2019,37,37.0,0.00087,-7.047017346315645,0.0008077497407496292,-7.121258274213442,0.07424092789779735
FR,2019,38,38.0,0.00094,-6.969630682700225,0.000869764869750081,-7.0472876474987975,0.07765696479857276
FR,2019,39,39.0,0.00099,-6.917805614835639,0.0009498552349460062,-6.959200969248712,0.04139535441307274
FR,2019,40,40.0,0.00103,-6.878196476740593,0.0010211673545607234,-6.886808840831462,0.008612364090868851
FR,2019,41,41.0,0.00114,-6.776727016575733,0.0011277184372873268,-6.787558769398544,0.010831752822810792
FR,2019,42,42.0,0.0012,-6.725433722188183,0.0012347791261684395,-6.696863170104649,-0.028570552083533762
FR,2019,43,43.0,0.00137,-6.5929445391421035,0.001370876310106961,-6.592305101212279,-0.0006394379298244601
FR,2019,44,44.0,0.00151,-6.495645628155304,0.0015032203911041929,-6.500145544826507,0.004499916671202975
FR,2019,45,45.0,0.00166,-6.400937676613685,0.00167826376108933,-6.38999549551311,-0.010942181100574544
FR,2019,46,46.0,0.00183,-6.303439312128807,0.0018546188245745648,-6.290076089442304,-0.013363222686503029
FR,2019,47,47.0,0.0021,-6.16581793425276,0.0020730429515951852,-6.178737726208561,0.012919791955800619
FR,2019,48,48.0,0.00228,-6.083579836015788,0.002295990620103388,-6.076590885853986,-0.006988950161801455
FR,2019,49,49.0,0.00252,-5.983496377458805,0.0025437880374862853,-5.974100955573607,-0.009395421885198374
FR,2019,50,50.0,0.00281,-5.874570795636482,0.002826973613132794,-5.8685485341901575,-0.006022261446324784
FR,2019,51,51.0,0.00304,-5.795897763564007,0.0031059516295084467,-5.774435127619518,-0.021462635944488717
FR,2019,52,52.0,0.00344,-5.6722838075968305,0.003402986966439139,-5.683101713491526,0.010817905894695556
FR,2019,53,53.0,0.00367,-5.607563616915658,0.0037401711867189845,-5.5886238967532,-0.01893972016245815
FR,2019,54,54.0,0.00385,-5.559682130682444,0.00408764622567482,-5.499785969533235,-0.059896161149208815
FR,2019,55,55.0,0.00432,-5.444499876726118,0.004477784074645297,-5.4086269811183785,-0.03587289560773943
FR,2019,56,56.0,0.00462,-5.37736057388849,0.0048851254078361534,-5.321560321793134,-0.05580025209535577
FR,2019,57,57.0,0.00494,-5.310389947782306,0.005271240699740069,-5.24548951724178,-0.06490043054052563
FR,2019,58,58.0,0.00557,-5.190360225042944,0.005675100088384073,-5.171667079050535,-0.01869314599240912
FR,2019,59,59.0,0.00616,-5.089678501436708,0.006123281326355492,-5.0956571617055255,0.005978660268817215
FR,2019,60,60.0,0.00664,-5.014643315493794,0.006614948714574717,-5.01842323434403,0.003779918850235653
FR,2019,61,61.0,0.0073,-4.919880930827792,0.00713408497903254,-4.942871280281151,0.02299034945335965
FR,2019,62,62.0,0.00769,-4.867834495464584,0.007676412591518319,-4.869602951432027,0.0017684559674426836
FR,2019,63,63.0,0.00844,-4.774772970374271,0.008217450255167989,-4.801495305968045,0.026722335593773572
FR,2019,64,64.0,0.00888,-4.7239537219780585,0.008682782016642685,-4.746413292832059,0.022459570854000077
FR,2019,65,65.0,0.00965,-4.6407973636312425,0.00930245922781842,-4.677476480680442,0.03667911704919913
FR,2019,66,66.0,0.01021,-4.584387646805562,0.00986694353030954,-4.618565146209575,0.034177499404012934
FR,2019,67,67.0,0.01091,-4.518075479137158,0.010489727808531463,-4.557358804619686,0.03928332548252822
FR,2019,68,68.0,0.01149,-4.466278187121473,0.011275709669129157,-4.485104453744512,0.01882626662303899
FR,2019,69,69.0,0.01245,-4.386034656071421,0.012057528678303663,-4.4180660275621335,0.03203137149071278
FR,2019,70,70.0,0.01328,-4.32149613493385,0.01299296108525841,-4.343347523140405,0.021851388206555633
FR,2019,71,71.0,0.01444,-4.237753145517457,0.013983307886948943,-4.26989095450396,0.032137808986502314
FR,2019,72,72.0,0.0154,-4.173387769562553,0.015117814169303008,-4.19188148420364,0.018493714641087067
FR,2019,73,73.0,0.0165,-4.104394898075602,0.016458350969883434,-4.106922272841681,0.0025273747660783386
FR,2019,74,74.0,0.01843,-3.993775507300405,0.01788469462357777,-4.023809980860439,0.03003447356003397
FR,2019,75,75.0,0.02013,-3.905544039330437,0.019647245080407803,-3.929818149966072,0.024274110635635004
FR,2019,76,76.0,0.02182,-3.824928298577212,0.02176839195598525,-3.8272962716000296,0.002367973022817438
FR,2019,77,77.0,0.02438,-3.7139921549290116,0.024056163176310846,-3.727364050133396,0.013371895204384199
FR,2019,78,78.0,0.027,-3.611918412977808,0.026856481516574923,-3.617248089893535,0.005329676915726722
FR,2019,79,79.0,0.02979,-3.513582512256946,0.03024168269503569,-3.4985340845418063,-0.015048427715139923
FR,2019,80,80.0,0.03429,-3.372901512507308,0.03424789141692685,-3.3741302806383615,0.0012287681310536591
FR,2019,81,81.0,0.03833,-3.261522399589673,0.03905077278304569,-3.2428926133136184,-0.018629786276054716
FR,2019,82,82.0,0.0427,-3.1535563587475584,0.04420425566835748,-3.118934212443772,-0.03462214630378657
FR,2019,83,83.0,0.04909,-3.014099930912176,0.05055298306587428,-2.9847333230733395,-0.0293666078388366
FR,2019,84,84.0,0.05689,-2.866635700219581,0.05815939668914172,-2.8445678191060386,-0.02206788111354241
FR,2019,85,85.0,0.06549,-2.7258578197521746,0.06668847641794677,-2.7077231083336812,-0.01813471141849332
FR,2022,20,20.0,0.00039,-7.849363818840582,0.0003752819547698109,-7.887832935127402,0.03846911628681937
FR,2022,21,21.0,0.00043,-7.751725349276666,0.00039573663906572394,-7.834761620819882,0.08303627154321624
FR,2022,22,22.0,0.00041,-7.799353398265921,0.00039666660484177156,-7.832414416387901,0.03306101812198037
FR,2022,23,23.0,0.00043,-7.751725349276666,0.0004143065008069962,-7.788904517941998,0.03717916866533244
FR,2022,24,24.0,0.00046,-7.6842840684811335,0.00042214866349548025,-7.770153022800762,0.08586895431962827
FR,2022,25,25.0,0.00045,-7.706262975199909,0.00043666331534417374,-7.736348105250973,0.030085130051063835
FR,2022,26,26.0,0.00042,-7.77525584668686,0.0004609728412195418,-7.682171429458925,-0.09308441722793503
FR,2022,27,27.0,0.00047,-7.66277786326017,0.00045270804689528775,-7.700263128342837,0.03748526508266714
FR,2022,28,28.0,0.0005,-7.600902459542082,0.0004893677145957924,-7.622396378490599,0.02149391894851682
FR,2022,29,29.0,0.0005,-7.600902459542082,0.0004998664867645536,-7.601169521670891,0.00026706212880878155
FR,2022,30,30.0,0.00053,-7.542633551418106,0.0005205747718203229,-7.560577026393001,0.01794347497489479
FR,2022,31,31.0,0.00055,-7.505592279737757,0.0005454427129746449,-7.513912775667564,0.008320495929806881
FR,2022,32,32.0,0.0006,-7.418580902748128,0.0005829921166517365,-7.447336893743393,0.028755990995264824
FR,2022,33,33.0,0.00066,-7.3232707229438025,0.000620137353652202,-7.385569566312376,0.06229884336857339
FR,2022,34,34.0,0.00069,-7.278818960372969,0.0006686511898585189,-7.3102480241532675,0.03142906378029853
FR,2022,35,35.0,0.00071,-7.250245587928913,0.0007033042562022585,-7.259720962909395,0.009475374980481455
FR,2022,36,36.0,0.00079,-7.143477612503207,0.000776287992826807,-7.160986981854008,0.01750936935080105
FR,2022,37,37.0,0.00085,-7.070274208479912,0.0008603309689074942,-7.058193395184698,-0.012080813295214377
FR,2022,38,38.0,0.00101,-6.897804948128969,0.0009282151836446867,-6.982246973130373,0.08444202500140374
FR,2022,39,39.0,0.0011,-6.812445099177812,0.0010139089355144745,-6.893942185030989,0.08149708585317672
FR,2022,40,40.0,0.00109,-6.821577582741084,0.0010899740373726203,-6.8216014019489615,2.3819207877195936e-05
FR,2022,41,41.0,0.0012,-6.725433722188183,0.0012043844089678357,-6.721786706502061,-0.0036470156861216907
FR,2022,42,42.0,0.00134,-6.615085665019317,0.001317647452814274,-6.631907365166571,0.01682170014725415
FR,2022,43,43.0,0.00145,-6.536191722549654,0.0014600753779115672,-6.529267215888055,-0.006924506661599494
FR,2022,44,44.0,0.00149,-6.508979159024769,0.001604295846283586,-6.435070343725109,-0.07390881529966009
FR,2022,45,45.0,0.00167,-6.394931652553473,0.0017855935708857534,-6.3280043863181765,-0.06692726623529666
FR,2022,46,46.0,0.00186,-6.287178791257027,0.001970929319208858,-6.229250111825502,-0.0579286794315248
FR,2022,47,47.0,0.00204,-6.194805471126012,0.0021962221324546907,-6.1210166072379755,-0.07378886388803618
FR,2022,48,48.0,0.00225,-6.0968250627658085,0.0024264425788590024,-6.021329053582395,-0.07549600918341337
FR,2022,49,49.0,0.00236,-6.049093659944618,0.0026820737943555836,-5.9211649798272035,-0.12792868011741465
FR,2022,50,50.0,0.00275,-5.896154367303657,0.002973756237290486,-5.817929398899794,-0.0782249684038625
FR,2022,51,51.0,0.00295,-5.825950108630408,0.0032592270019366383,-5.726265227690313,-0.09968488094009498
FR,2022,52,52.0,0.00332,-5.70779049605374,0.0035565149986844613,-5.638974146539802,-0.06881634951393778
FR,2022,53,53.0,0.00366,-5.610292131568862,0.0038989827880515585,-5.5470395834434445,-0.06325254812541736
FR,2022,54,54.0,0.00397,-5.528989184283038,0.004249408455758054,-5.460975492613662,-0.06801369166937565
FR,2022,55,55.0,0.00423,-5.46555328592395,0.004640505913247586,-5.372931885660145,-0.0926214002638055
FR,2022,56,56.0,0.00463,-5.3751984108839945,0.005040195641037249,-5.290310379986125,-0.08488803089786945
FR,2022,57,57.0,0.00513,-5.272649619799459,0.005441921797950325,-5.213623008817989,-0.05902661098147011
FR,2022,58,58.0,0.00551,-5.201190655817314,0.005848089458175388,-5.1416402594260475,-0.05955039639126625
FR,2022,59,59.0,0.00584,-5.1430244821420015,0.006300856705352582,-5.0670696698531685,-0.07595481228883294
FR,2022,60,60.0,0.00667,-5.010135419054604,0.0068039605946405655,-4.990250395964328,-0.019885023090276732
FR,2022,61,61.0,0.00715,-4.940642922276221,0.007319805136467897,-4.917171572064361,-0.023471350211860198
FR,2022,62,62.0,0.00797,-4.832070786180013,0.007861985175085337,-4.845716137625898,0.013645351445884302
FR,2022,63,63.0,0.00855,-4.761823996033468,0.008410131448841512,-4.778318175055039,0.016494179021571576
FR,2022,64,64.0,0.00929,-4.6788167261563895,0.008895987415373856,-4.722154956113641,0.043338229957251784
FR,2022,65,65.0,0.00991,-4.61421093064024,0.009541912288352468,-4.652061364096424,0.03785043345618355
FR,2022,66,66.0,0.01112,-4.499009990159701,0.010121406043026944,-4.593102687715678,0.09409269755597727
FR,2022,67,67.0,0.01159,-4.457612621630477,0.010776503512304391,-4.530387115621906,0.07277449399142899
FR,2022,68,68.0,0.01222,-4.404681325238688,0.01161360666666833,-4.4555778797774455,0.050896554538757854
FR,2022,69,69.0,0.01329,-4.320743406256983,0.012430285000307283,-4.387619445298614,0.06687603904163097
FR,2022,70,70.0,0.01426,-4.250296863995987,0.013416339988007555,-4.311281912802043,0.06098504880605571
FR,2022,71,71.0,0.01546,-4.169499235822861,0.014463782948999701,-4.236107481736415,0.06660824591355397
FR,2022,72,72.0,0.01642,-4.1092551749578545,0.015689133958858764,-4.15478691077407,0.0455317358162155
FR,2022,73,73.0,0.01795,-4.0201651640478495,0.0170879155223902,-4.069383759896922,0.049218595849072067
FR,2022,74,74.0,0.01958,-3.933246641879773,0.018606430780113,-3.984248017151292,0.051001375271519045
FR,2022,75,75.0,0.02108,-3.8594305553089754,0.02046426220171272,-3.889075221399708,0.029644666090732574
FR,2022,76,76.0,0.0236,-3.7465085669505727,0.022692738387228673,-3.785710300507789,0.03920173355721612
FR,2022,77,77.0,0.02644,-3.6328772639986515,0.025098574054403498,-3.684944245039715,0.05206698104106344
FR,2022,78,78.0,0.02881,-3.5470327298857,0.028011418942068895,-3.5751430325830427,0.028110302697342604
FR,2022,79,79.0,0.03193,-3.4442092722554465,0.03152162332791939,-3.457081513798331,0.012872241542884577
FR,2022,80,80.0,0.03588,-3.3275752417915414,0.03574836489186257,-3.3312507481786597,0.0036755063871183324
FR,2022,81,81.0,0.04071,-3.2012815164672497,0.04066384299306508,-3.2024159599244437,0.0011344434571940454
FR,2022,82,82.0,0.04534,-3.093565633902754,0.04597269769306818,-3.0797075871123174,-0.013858046790436784
FR,2022,83,83.0,0.0515,-2.966173471312447,0.05247128203215293,-2.947489267959887,-0.018684203352559603
FR,2022,84,84.0,0.05911,-2.828355164145859,0.06014522735960558,-2.8109931853519488,-0.017361978793910104
FR,2022,85,85.0,0.06705,-2.7023166692544494,0.06880536914464705,-2.6764734971946673,-0.025843172059782038
FR,2023,20,20.0,0.0004,-7.824046010856292,0.00032488607491293326,-8.032035975817035,0.20798996496074285
FR,2023,21,21.0,0.00038,-7.875339305243843,0.00034880103338515855,-7.961008903247031,0.08566959800318763
FR,2023,22,22.0,0.00042,-7.77525584668686,0.00034836817071231933,-7.962250675619987,0.1869948289331269
FR,2023,23,23.0,0.00039,-7.849363818840582,0.0003648482652647097,-7.916029002417341,0.06666518357675866
FR,2023,24,24.0,0.00043,-7.751725349276666,0.00037391322556173934,-7.891486804684501,0.13976145540783502
FR,2023,25,25.0,0.00042,-7.77525584668686,0.0003894493100593908,-7.8507768421767485,0.07552099548988878
FR,2023,26,26.0,0.00042,-7.77525584668686,0.0004138746039501494,-7.789947519028401,0.014691672341541562
FR,2023,27,27.0,0.00045,-7.706262975199909,0.0004029687021585835,-7.816651661170961,0.11038868597105189
FR,2023,28,28.0,0.00048,-7.641724454062337,0.0004400449990972137,-7.7286335656057705,0.0869091115434335
FR,2023,29,29.0,0.00046,-7.6842840684811335,0.0004514437385633782,-7.7030598029196,0.01877573443846625
FR,2023,30,30.0,0.0005,-7.600902459542082,0.0004713279830161053,-7.659956351691273,0.059053892149190546
FR,2023,31,31.0,0.00057,-7.469874197135678,0.0004926465608457965,-7.615718556148207,0.14584435901252846
FR,2023,32,32.0,0.00057,-7.469874197135678,0.0005281512723082392,-7.546127814707681,0.07625361757200277
FR,2023,33,33.0,0.00063,-7.369790738578696,0.0005625555968993599,-7.483020589837749,0.11322985125905305
FR,2023,34,34.0,0.00065,-7.338538195074591,0.0006091042374537356,-7.403521143236273,0.06498294816168215
FR,2023,35,35.0,0.0007,-7.264430222920869,0.000631265453136629,-7.367784097457898,0.10335387453702882
FR,2023,36,36.0,0.00076,-7.182192124683898,0.0006962729809014594,-7.269768760586757,0.08757663590285958
FR,2023,37,37.0,0.00089,-7.024289095238089,0.0007748066569101582,-7.162897034689615,0.13860793945152583
FR,2023,38,38.0,0.00096,-6.9485772735023925,0.0008332049294549665,-7.090230932302392,0.14165365879999925
FR,2023,39,39.0,0.00104,-6.868534565828856,0.0009097977265454248,-7.002288261682422,0.13375369585356545
FR,2023,40,40.0,0.00113,-6.785537646257888,0.0009781356145428498,-6.929862232365846,0.14432458610795784
FR,2023,41,41.0,0.00121,-6.717134919373487,0.0010797940445773661,-6.830984955496866,0.1138500361233783
FR,2023,42,42.0,0.00124,-6.6926438993651916,0.001182942358964289,-6.739750419632566,0.047106520267374385
FR,2023,43,43.0,0.00131,-6.6377281417690766,0.0013149902352826857,-6.633926039020523,-0.0038021027485539705
FR,2023,44,44.0,0.00147,-6.522492878191493,0.0014400007767266583,-6.543111626000861,0.02061874780936801
FR,2023,45,45.0,0.00165,-6.406979991069647,0.0016109595294416682,-6.430925296492252,0.023945305422604868
FR,2023,46,46.0,0.0017,-6.3771270279199666,0.0017816121736085704,-6.3302366090805124,-0.04689041883945411
FR,2023,47,47.0,0.0019,-6.2659013928097425,0.0019955247026892152,-6.216848254354304,-0.04905313845543802
FR,2023,48,48.0,0.00213,-6.151633299260803,0.0022137272111098765,-6.113077663167591,-0.03855563609321244
FR,2023,49,49.0,0.00237,-6.044865323835097,0.002456415563341225,-6.009052079695676,-0.035813244139420775
FR,2023,50,50.0,0.00265,-5.933195638984007,0.002734053539558058,-5.901969958005238,-0.031225680978768544
FR,2023,51,51.0,0.00277,-5.88890795878289,0.0030087233180448587,-5.806239437026012,-0.08266852175687767
FR,2023,52,52.0,0.00319,-5.747734362185384,0.0033052701759148403,-5.712237061390342,-0.03549730079504254
FR,2023,53,53.0,0.00351,-5.652139241504362,0.003638877389374516,-5.6160800544139775,-0.0360591870903848
FR,2023,54,54.0,0.00371,-5.596723402362794,0.003984232055634273,-5.525410694059917,-0.07131270830287662
FR,2023,55,55.0,0.00425,-5.4608362960458114,0.004373486480086962,-5.432194766434863,-0.028641529610948346
FR,2023,56,56.0,0.00447,-5.410366870356659,0.0047853640180648685,-5.342193182140069,-0.0681736882165902
FR,2023,57,57.0,0.00477,-5.345408974081887,0.005161492653431097,-5.266529467399544,-0.07887950668234289
FR,2023,58,58.0,0.00522,-5.2552578770875895,0.005563697523148382,-5.1914923695998985,-0.06376550748769105
FR,2023,59,59.0,0.00565,-5.176099733823787,0.006008788495998494,-5.114532132119918,-0.0615676017038691
FR,2023,60,60.0,0.0061,-5.099466507802871,0.006493040106069259,-5.037024428658406,-0.06244207914446509
FR,2023,61,61.0,0.00685,-4.983506626708003,0.007014052911613377,-4.959839583578122,-0.02366704312988066
FR,2023,62,62.0,0.00759,-4.880923687574598,0.007556295015824773,-4.885374286189666,0.004450598615068024
FR,2023,63,63.0,0.00809,-4.8171265479117364,0.0080926578176504,-4.816798070636342,-0.00032847727539486726
FR,2023,64,64.0,0.00866,-4.7490405564077935,0.008544820862758122,-4.762429926618166,0.013389370210372675
FR,2023,65,65.0,0.00952,-4.654360430178863,0.009147662639464918,-4.694256881566228,0.03989645138736542
FR,2023,66,66.0,0.01009,-4.596210444616619,0.009702450420343537,-4.635376804722052,0.039166360105432396
FR,2023,67,67.0,0.01111,-4.499909675330598,0.01030457882162676,-4.575166936738746,0.07525726140814815
FR,2023,68,68.0,0.0119,-4.431216878864653,0.011058018526022716,-4.504599455717581,0.0733825768529277
FR,2023,69,69.0,0.01285,-4.354411467640908,0.011817562960784381,-4.438168467552718,0.0837569999118104
FR,2023,70,70.0,0.01384,-4.280192328792613,0.01272077327463451,-4.364518930886907,0.08432660209429343
FR,2023,71,71.0,0.01456,-4.229477236213597,0.013674854293821063,-4.292196585661674,0.06271934944807711
FR,2023,72,72.0,0.0159,-4.141436169755951,0.014752049175192265,-4.2163732787141095,0.0749371089581583
FR,2023,73,73.0,0.01686,-4.082811326408428,0.016055445882409328,-4.131707179642598,0.04889585323417034
FR,2023,74,74.0,0.01808,-4.012948924018107,0.01742357897463544,-4.049930876614499,0.03698195259639192
FR,2023,75,75.0,0.02009,-3.907533100155294,0.019125767276773762,-3.956718781027291,0.049185680871996595
FR,2023,76,76.0,0.02241,-3.7982479911693012,0.02117882274226267,-3.854753523816269,0.05650553264696789
FR,2023,77,77.0,0.02417,-3.7226430842667453,0.02339175092012399,-3.755371843550975,0.0327287592842298
FR,2023,78,78.0,0.02745,-3.5953891110265976,0.02612015422222195,-3.6450480702183685,0.04965895919177088
FR,2023,79,79.0,0.03055,-3.4883905933645325,0.02942521677554706,-3.525903258809507,0.03751266544497467
FR,2023,80,80.0,0.03318,-3.4058079942198387,0.03329188483584044,-3.402441610318484,-0.003366383901354908
FR,2023,81,81.0,0.03727,-3.2895665654909703,0.038020969768274786,-3.269617435454017,-0.0199491300369532
FR,2023,82,82.0,0.04287,-3.149582998372251,0.04307408666719412,-3.144833700108222,-0.004749298264029367
FR,2023,83,83.0,0.04845,-3.0272229406453617,0.04932502041045269,-3.0093238132782534,-0.017899127367108303
FR,2023,84,84.0,0.05566,-2.888493522884392,0.056884319048636646,-2.8667355637285974,-0.021757959155794815
FR,2023,85,85.0,0.0631,-2.7630345094349695,0.06532661467230594,-2.7283557503561586,-0.034678759078810906
FR,2024,20,20.0,0.0003096107544641,-8.080194680210855,0.00027960480032068904,-8.182133379223066,0.10193869901221042
FR,2024,21,21.0,0.0003332390050787,-8.00665059246189,0.00030584974718510813,-8.092416598873694,0.08576600641180399
FR,2024,22,22.0,0.0003342767969496,-8.00354117481544,0.0003043311777419726,-8.097394049057113,0.09385287424167288
FR,2024,23,23.0,0.0003453339860151,-7.970998533809626,0.00031962895322352965,-8.048349756111758,0.07735122230213243
FR,2024,24,24.0,0.0003645380445299,-7.9168796373945804,0.0003295507619843223,-8.017780158271822,0.100900520877242
FR,2024,25,25.0,0.0003779721830874,-7.880689954768416,0.0003457194658711699,-7.969882904056242,0.08919294928782584
FR,2024,26,26.0,0.0003962680493123,-7.833419683495215,0.00036995506573339485,-7.902129003664717,0.06870932016950171
FR,2024,27,27.0,0.0003929785584677,-7.841755506189749,0.0003569918425404922,-7.937797626472333,0.09604212028258452
FR,2024,28,28.0,0.0004379062674588,-7.733505671724976,0.00039397888381802323,-7.839213244473069,0.10570757274809317
FR,2024,29,29.0,0.0004480029566329,-7.7107107259440575,0.0004060172570440928,-7.8091148942311435,0.09840416828708598
FR,2024,30,30.0,0.0004596947749809,-7.684947821366567,0.0004250100039447103,-7.763397850623452,0.07845002925688505
FR,2024,31,31.0,0.0004876148592275,-7.625984686605942,0.0004431130216034712,-7.721685692685622,0.0957010060796799
FR,2024,32,32.0,0.0005186311448338,-7.56431763106367,0.0004765409697302732,-7.648956858019914,0.08463922695624415
FR,2024,33,33.0,0.0005490048381337,-7.507403303863884,0.0005082917486793249,-7.584454966813893,0.07705166295000865
FR,2024,34,34.0,0.0005904011530444,-7.434708331691436,0.0005527488370917332,-7.500606842088302,0.0658985103968659
FR,2024,35,35.0,0.0006125116288738,-7.397942629809214,0.0005641082681055028,-7.480264360163017,0.08232173035380264
FR,2024,36,36.0,0.000672181070411,-7.304982803719891,0.0006217347255978693,-7.382997042373249,0.07801423865335799
FR,2024,37,37.0,0.0007656303756851,-7.174811042952844,0.0006948041980524861,-7.271880481513554,0.09706943856070982
FR,2024,38,38.0,0.0008166528641166,-7.11029644431815,0.0007446257734518728,-7.2026287833026865,0.0923323389845363
FR,2024,39,39.0,0.0008947272248574,-7.018991662838917,0.0008127694793369961,-7.115063031873379,0.0960713690344619
FR,2024,40,40.0,0.0009353052575206,-6.974637603326481,0.0008738967958391617,-7.042548271844922,0.06791066851844096
FR,2024,41,41.0,0.0010253935324666,-6.882678805961852,0.0009637807461741684,-6.944646730950562,0.06196792498870973
FR,2024,42,42.0,0.0011033826435159,-6.809374687251565,0.0010573372005292952,-6.852001606385,0.042626919133435415
FR,2024,43,43.0,0.0012260886529962,-6.703926133318793,0.0011792662716594525,-6.742862837583076,0.03893670426428297
FR,2024,44,44.0,0.0013252587746341,-6.626147537002187,0.0012868355411185626,-6.655569143211967,0.029421606209779405
FR,2024,45,45.0,0.001483811530819,-6.513141143098054,0.0014473034491818302,-6.538053144139813,0.02491200104175828
FR,2024,46,46.0,0.0016115997597691,-6.430527953710694,0.0016038456957376893,-6.435350973830081,0.004823020119387067
FR,2024,47,47.0,0.0018120121109775,-6.313317387621269,0.001806079035520195,-6.316597062198396,0.0032796745771266345
FR,2024,48,48.0,0.0020066984423385,-6.211264473402482,0.002012099574772788,-6.208576537525524,-0.002687935876957148
FR,2024,49,49.0,0.0022324898326444,-6.10463779947062,0.0022416757201794944,-6.100531603428718,-0.004106196041901988
FR,2024,50,50.0,0.0025046279633661,-5.989615073093466,0.0025050521859953127,-5.989445711929648,-0.0001693611638184933
FR,2024,51,51.0,0.0027395578667792,-5.899958734091828,0.0027684086253825626,-5.889482627345242,-0.010476106746586389
FR,2024,52,52.0,0.0030689240517557,-5.78642825055342,0.0030625890373596892,-5.7884946301103435,0.002066379556923792
FR,2024,53,53.0,0.0033934633279338,-5.685904248440279,0.0033865533523781918,-5.687942585003121,0.0020383365628422467
FR,2024,54,54.0,0.003745835487121,-5.5871105928704266,0.0037257775424405616,-5.592479712707335,0.005369119836908354
FR,2024,55,55.0,0.0041240475750413,-5.490920176753979,0.004111858990839685,-5.4938800435282324,0.002959866774253861
FR,2024,56,56.0,0.0045288104971557,-5.397295957377592,0.0045337914872406624,-5.396196716652887,-0.0010992407247050195
FR,2024,57,57.0,0.0049250508140324,-5.3134206868412805,0.0048849389024203105,-5.32159850074671,0.008177813905429154
FR,2024,58,58.0,0.0054081947946721,-5.219839921165298,0.005282360553187089,-5.243382206704728,0.023542285539430274
FR,2024,59,59.0,0.0058231011995307,-5.1459223070010465,0.005719152531427678,-5.163934643408351,0.018012336407304375
FR,2024,60,60.0,0.006381501206371,-5.054351910499628,0.006184492248579114,-5.085710370512577,0.03135846001294862
FR,2024,61,61.0,0.0070120044536873,-4.96013167677114,0.006709360293515295,-5.004251668830181,0.04411999205904049
FR,2024,62,62.0,0.0074975192167923,-4.893183084251057,0.007250727436936219,-4.926653479019753,0.0334703947686954
FR,2024,63,63.0,0.0080443628536554,-4.822783699479522,0.007774929807941792,-4.8568508488750455,0.0340671493955238
FR,2024,64,64.0,0.0084513787154371,-4.77342568933227,0.008194015942264446,-4.804351154257148,0.03092546492487802
FR,2024,65,65.0,0.009072463080038,-4.702511488321758,0.00875458987175473,-4.738177159372455,0.03566567105069751
FR,2024,66,66.0,0.0095938389657237,-4.646634160937473,0.009284778920486726,-4.679378894855477,0.03274473391800381
FR,2024,67,67.0,0.0101654647318267,-4.588759114124795,0.009835301687359061,-4.621777152740297,0.03301803861550123
FR,2024,68,68.0,0.0108020546956973,-4.528018913345521,0.01050793271772536,-4.555624810136579,0.027605896791057738
FR,2024,69,69.0,0.0115360598075738,-4.462277514023909,0.011211853598628587,-4.490783703325621,0.028506189301712226
FR,2024,70,70.0,0.0123897080840959,-4.3908891442243,0.012035050213068835,-4.419932035502475,0.029042891278175276
FR,2024,71,71.0,0.0131526871783996,-4.331129193067336,0.012899350001290484,-4.350578356380865,0.01944916331352875
FR,2024,72,72.0,0.0141520620445036,-4.257894937983359,0.013836060482470314,-4.280477016532676,0.022582078549317153
FR,2024,73,73.0,0.01534929807577,-4.176685533957352,0.015046978131034772,-4.196578096583552,0.019892562626200316
FR,2024,74,74.0,0.0165257488776953,-4.102835576407652,0.016272177167682752,-4.118298551849097,0.01546297544144526
FR,2024,75,75.0,0.0182085084650928,-4.005866296060548,0.017825463665899637,-4.027127300907905,0.021261004847357157
FR,2024,76,76.0,0.0200261886500752,-3.910714429483471,0.01971020180326994,-3.9266189192463843,0.015904489762913254
FR,2024,77,77.0,0.0221707681144202,-3.808980609385751,0.02173833034863414,-3.828678201129207,0.01969759174345631
FR,2024,78,78.0,0.024703943345298,-3.7007923984836415,0.02428708607806609,-3.717810507015011,0.017018108531369425
FR,2024,79,79.0,0.0277294356700307,-3.585260770443945,0.02739107296366914,-3.5975381229194983,0.012277352475553283
FR,2024,80,80.0,0.0309584361112154,-3.4751097447400823,0.030914114165309512,-3.476542430261821,0.001432685521738808
FR,2024,81,81.0,0.0353423127413997,-3.3426743716342453,0.0354523477592835,-3.3395658008546634,-0.0031085707795819317
FR,2024,82,82.0,0.04000435228444,-3.218767023676265,0.04025094200184908,-3.2126218716187807,-0.006145152057484449
FR,2024,83,83.0,0.0458948159037512,-3.081403111567604,0.046250367327702505,-3.0736858728346474,-0.0077172387329564884
FR,2024,84,84.0,0.0529638710851443,-2.938145275516646,0.0536777642734235,-2.9247564363398704,-0.01338883917677558
FR,2024,85,85.0,0.0609300300555724,-2.7980291214414947,0.06189234875735816,-2.782358713436215,-0.015670408005279857
FR,2025,20,20.0,0.0002999056601169,-8.112042599039961,0.0002682054254860219,-8.223757358066935,0.11171475902697381
FR,2025,21,21.0,0.0003240445390447,-8.03462958543221,0.00029490488522175914,-8.128857676591005,0.09422809115879538
FR,2025,22,22.0,0.0003248580436222,-8.032122259909345,0.00029313682476331753,-8.13487107923344,0.10274881932409485
FR,2025,23,23.0,0.0003356986808624,-7.9992965834992615,0.00030811297607527733,-8.085044036808156,0.08574745330889488
FR,2025,24,24.0,0.0003556892810626,-7.9414530142331134,0.0003182087443215538,-8.052802961855036,0.11134994762192285
FR,2025,25,25.0,0.0003689439713546,-7.9048657645999025,0.0003344869885460297,-8.002912577370694,0.09804681277079119
FR,2025,26,26.0,0.0003869568530214,-7.85719736205084,0.00035862316484352937,-7.933238400877569,0.07604103882672852
FR,2025,27,27.0,0.0003835484769689,-7.866044538447051,0.0003451977931404207,-7.971392991763789,0.10534845331673814
FR,2025,28,28.0,0.0004291558674613,-7.753690377608062,0.0003820808051447962,-7.869878439934734,0.116188062326672
FR,2025,29,29.0,0.0004392295125551,-7.730488473862808,0.00039424998813626996,-7.838525362213023,0.10803688835021497
FR,2025,30,30.0,0.0004501254154235,-7.70598431308869,0.0004129915046146409,-7.792083535155142,0.08609922206645226
FR,2025,31,31.0,0.0004779326650311,-7.6460407035314395,0.0004302811310981294,-7.751071769654902,0.10503106612346258
FR,2025,32,32.0,0.0005081312895418,-7.584770699796763,0.0004631439242944994,-7.677472700574401,0.09270200077763757
FR,2025,33,33.0,0.0005377047659229,-7.5282009106526795,0.0004941931871593083,-7.612584050099064,0.08438313944638409
FR,2025,34,34.0,0.0005784097158685,-7.455228089424529,0.0005380656496439129,-7.527529979886546,0.07230189046201652
FR,2025,35,35.0,0.0005983818931464,-7.421281390541225,0.0005467840559058721,-7.5114566124535225,0.09017522191229776
FR,2025,36,36.0,0.0006565639085389,-7.328490521603848,0.0006025157630717322,-7.414396730167044,0.08590620856319653
FR,2025,37,37.0,0.0007500609075621,-7.195356144648478,0.0006741195958417123,-7.302103020891269,0.10674687624279056
FR,2025,38,38.0,0.0007987881894884,-7.132414741849394,0.0007217742206581849,-7.233798181746422,0.10138343989702747
FR,2025,39,39.0,0.0008753001800963,-7.040943667472105,0.0007877443458454307,-7.146336954952864,0.10539328748075949
FR,2025,40,40.0,0.0009127494550391,-6.999049134482554,0.0008470103966314823,-7.073797588734091,0.07474845425153642
FR,2025,41,41.0,0.0009998549447783,-6.9079003447253635,0.0009338762415351079,-6.976166632224558,0.06826628749919461
FR,2025,42,42.0,0.0010742720046467,-6.836112051789193,0.0010249306441664366,-6.8831303329089595,0.04701828111976614
FR,2025,43,43.0,0.0011943180776278,-6.730179902815821,0.0011441738385595058,-6.773072440786009,0.04289253797018766
FR,2025,44,44.0,0.0012889506961817,-6.653926805421713,0.0012473236689319802,-6.6867550878786215,0.03282828245690883
FR,2025,45,45.0,0.0014441861178582,-6.54020935633365,0.0014049394102193026,-6.5677611015253845,0.027551745191734867
FR,2025,46,46.0,0.0015667771587674,-6.458734534548328,0.0015577690678232625,-6.464500565996491,0.005766031448162678
FR,2025,47,47.0,0.0017640766696247,-6.340127858835983,0.001756804552921763,-6.344258715053057,0.004130856217074097
FR,2025,48,48.0,0.001955141888594,-6.237292510892479,0.0019595123688889086,-6.235059628076631,-0.0022328828158473257
FR,2025,49,49.0,0.0021779482210582,-6.12937202837279,0.00218552309721288,-6.125900075328335,-0.003471953044455134
FR,2025,50,50.0,0.0024472399677472,-6.012794433229564,0.002445015330473855,-6.013703885942503,0.000909452712939185
FR,2025,51,51.0,0.0026781021440481,-5.922646890525641,0.002705233480609395,-5.912567055950384,-0.010079834575257074
FR,2025,52,52.0,0.0030081308212654,-5.806436382728087,0.0029985037815381576,-5.809641854213214,0.003205471485126843
FR,2025,53,53.0,0.0033305150527512,-5.704628316454176,0.0033197327131532033,-5.707871007381074,0.0032426909268981063
FR,2025,54,54.0,0.0036829737845019,-5.604034759518503,0.0036571218111005016,-5.611078831345699,0.007044071827196241
FR,2025,55,55.0,0.0040585309702447,-5.506934200833751,0.004042119159865652,-5.510986180013265,0.004051979179513943
FR,2025,56,56.0,0.0044635638490971,-5.411807762731788,0.004466399816037275,-5.411172605156268,-0.000635157575520573
FR,2025,57,57.0,0.0048579035556329,-5.327148301289034,0.004810905946886648,-5.33686986605337,0.009721564764336499
FR,2025,58,58.0,0.0053471429456431,-5.231192889570172,0.005206893078532173,-5.257771939190777,0.026579049620604422
FR,2025,59,59.0,0.0057565357412773,-5.157419419014223,0.005641334613769603,-5.177634607818402,0.02021518880417883
FR,2025,60,60.0,0.0063182214989615,-5.06431751881831,0.00610155500876883,-5.099211620819019,0.03489410200070875
FR,2025,61,61.0,0.0069576618481299,-4.967911802437395,0.006627234223769626,-5.016567722639207,0.04865592020181264
FR,2025,62,62.0,0.0074345725777801,-4.901614188579926,0.007168199722218672,-4.938100740664936,0.03648655208500973
FR,2025,63,63.0,0.0079812014475404,-4.830666321517148,0.007689050234441433,-4.867958009666736,0.03729168814958772
FR,2025,64,64.0,0.0083757164023463,-4.782418664350731,0.008099309558917769,-4.81597646057663,0.033557796225899494
FR,2025,65,65.0,0.0089896840446355,-4.711677576318051,0.008648608582207793,-4.750356828525544,0.03867925220749324
FR,2025,66,66.0,0.0095004892990145,-4.656411976542566,0.009172171172638608,-4.691581251640058,0.035169275097492125
FR,2025,67,67.0,0.0100587781218955,-4.599309580743406,0.009708992344984048,-4.634702777039795,0.03539319629638893
FR,2025,68,68.0,0.0106725877598176,-4.540076716380011,0.010360292486785421,-4.569774810234129,0.029698093854118035
FR,2025,69,69.0,0.0113898093769743,-4.475036237661839,0.011049450305353268,-4.505374598377631,0.03033836071579188
FR,2025,70,70.0,0.0122258777878706,-4.404200443510089,0.011851523950106765,-4.435298816285166,0.031098372775076655
FR,2025,71,71.0,0.0129565881883699,-4.346150879786458,0.012692190610472158,-4.366768387215107,0.020617507428648985
FR,2025,72,72.0,0.01392338632706,-4.274185383039237,0.013592272803854047,-4.298253823900589,0.024068440861352514
FR,2025,73,73.0,0.0150981346288249,-4.1931840773071825,0.014778709920106435,-4.2145676527854565,0.021383575478274075
FR,2025,74,74.0,0.0162324138307061,-4.120745182038285,0.015966574990151697,-4.137257804994014,0.016512622955728418
FR,2025,75,75.0,0.017886183197826,-4.023726752584269,0.017480793639926613,-4.046652507043624,0.022925754459355296
FR,2025,76,76.0,0.0196559847456833,-3.9293734198276984,0.019321281231191822,-3.9465481360823182,0.01717471625461986
FR,2025,77,77.0,0.0217613819615224,-3.827618349749883,0.021300877377771924,-3.8490070156704106,0.021388665920527572
FR,2025,78,78.0,0.0242447735085204,-3.7195542102494255,0.02380193295065078,-3.737988485188684,0.018434274939258533
FR,2025,79,79.0,0.027215534114296,-3.60396736155657,0.026852310478292778,-3.6174034103964026,0.013436048839832626
FR,2025,80,80.0,0.030335788896554,-3.495427111776236,0.030285338555215653,-3.497091559638105,0.0016644478618688119
FR,2025,81,81.0,0.034651299115367,-3.362420061542067,0.03477128417874461,-3.358963400117082,-0.0034566614249853522
FR,2025,82,82.0,0.039234814124097,-3.238190810916229,0.039501350381757984,-3.23142042077947,-0.006770390136759286
FR,2025,83,83.0,0.0450429735376213,-3.1001382774004966,0.045432193549730104,-3.0915343162089552,-0.008603961191541387
FR,2025,84,84.0,0.0520369904055504,-2.955800459340117,0.05282100288798607,-2.9408463853947615,-0.014954073945355528
FR,2025,85,85.0,0.0599189998761322,-2.814761630898247,0.0609723715101583,-2.7973344434737957,-0.01742718742445115
IT,2004,20,20.0,0.00047,-7.66277786326017,0.000466758159665062,-7.66969929382045,0.006921430560280051
IT,2004,21,21.0,0.00052,-7.5616817463888015,0.00046418675242287114,-7.6752236030428636,0.11354185665406202
IT,2004,22,22.0,0.00044,-7.728735831051967,0.00048785775571004957,-7.625486678801622,-0.10324915225034559
IT,2004,23,23.0,0.00051,-7.5810998322459024,0.000464032786579244,-7.675555347503241,0.09445551525733897
IT,2004,24,24.0,0.00046,-7.6842840684811335,0.0004719804222716112,-7.6585730514770765,-0.02571101700405709
IT,2004,25,25.0,0.00048,-7.641724454062337,0.0004894697170264417,-7.622187963021956,-0.019536491040381243
IT,2004,26,26.0,0.00049,-7.621105166859602,0.0004745931416505407,-7.65305266486656,0.031947498006958064
IT,2004,27,27.0,0.0005,-7.600902459542082,0.0004891827522436929,-7.622774411838025,0.02187195229594252
IT,2004,28,28.0,0.00051,-7.5810998322459024,0.0004831958750462596,-7.6350884481221195,0.05398861587621706
IT,2004,29,29.0,0.0005,-7.600902459542082,0.0004889734832724236,-7.62320229639647,0.022299836854387856
IT,2004,30,30.0,0.00053,-7.542633551418106,0.0005149984794733736,-7.571346609783783,0.028713058365676503
IT,2004,31,31.0,0.00058,-7.4524824544238095,0.0005342895961029917,-7.534572551203996,0.08209009678018653
IT,2004,32,32.0,0.00055,-7.505592279737757,0.0005634678925708558,-7.481400204686567,-0.024192075051190365
IT,2004,33,33.0,0.00057,-7.469874197135678,0.0005872066325784158,-7.4401337854647895,-0.02974041167088881
IT,2004,34,34.0,0.0006,-7.418580902748128,0.0006311564094323307,-7.36795685065206,-0.050624052096067906
IT,2004,35,35.0,0.00064,-7.354042381610556,0.0006867950725919906,-7.283474603410501,-0.07056777820005511
IT,2004,36,36.0,0.00072,-7.236259345954173,0.0007612551828863391,-7.180541930574065,-0.05571741538010855
IT,2004,37,37.0,0.00075,-7.195437351433918,0.000791081375580308,-7.142109718648246,-0.05332763278567132
IT,2004,38,38.0,0.00079,-7.143477612503207,0.0008712549851108276,-7.045575874114429,-0.09790173838877791
IT,2004,39,39.0,0.00093,-6.980325971816972,0.0009699972695497088,-6.938217301368015,-0.0421086704489575
IT,2004,40,40.0,0.00103,-6.878196476740593,0.0010615354961389708,-6.8480388377766905,-0.030157638963902222
IT,2004,41,41.0,0.00117,-6.750751530172472,0.0011761114019524705,-6.745541704440842,-0.005209825731630424
IT,2004,42,42.0,0.00116,-6.759335273863864,0.0013082827287528198,-6.639039895824179,-0.12029537803968537
IT,2004,43,43.0,0.00133,-6.622576336748475,0.0014166219651013264,-6.559480139257883,-0.0630961974905917
IT,2004,44,44.0,0.00141,-6.56416557459206,0.0015832456840944832,-6.448278308549986,-0.11588726604207444
IT,2004,45,45.0,0.00155,-6.469500348050982,0.001730797511662886,-6.359172987294907,-0.11032736075607463
IT,2004,46,46.0,0.00177,-6.336775732396399,0.0019114944591969846,-6.259869903499554,-0.0769058288968445
IT,2004,47,47.0,0.00181,-6.3144284337044025,0.0020489739031958887,-6.1904161461676885,-0.124012287536714
IT,2004,48,48.0,0.00209,-6.170591213005418,0.0022240725669642586,-6.1084152740954245,-0.06217593890999318
IT,2004,49,49.0,0.00223,-6.10575369351011,0.002459846228679845,-6.007656439658343,-0.09809725385176638
IT,2004,50,50.0,0.00252,-5.983496377458805,0.002679145809366979,-5.92225726311203,-0.0612391143467752
IT,2004,51,51.0,0.00273,-5.903453669785269,0.0028856905192785436,-5.84799105955778,-0.05546261022748844
IT,2004,52,52.0,0.00307,-5.786077717383031,0.003171503314350782,-5.753549571848843,-0.03252814553418748
IT,2004,53,53.0,0.00325,-5.729100282640491,0.003394664552574711,-5.685550329163979,-0.04354995347651247
IT,2004,54,54.0,0.00362,-5.621281253144457,0.0037140922522121093,-5.595620977315382,-0.025660275829075374
IT,2004,55,55.0,0.00399,-5.523964048080365,0.003970533884089692,-5.528854713705042,0.004890665624676771
IT,2004,56,56.0,0.00423,-5.46555328592395,0.004315274867451107,-5.445594256023365,-0.01995902990058518
IT,2004,57,57.0,0.00487,-5.324661341887639,0.004757890217202052,-5.347950940675245,0.02328959878760628
IT,2004,58,58.0,0.00525,-5.249527202378605,0.005143473099019762,-5.270026727499262,0.020499525120657225
IT,2004,59,59.0,0.00593,-5.127731065972503,0.005620037212145993,-5.181416993720168,0.05368592774766512
IT,2004,60,60.0,0.0065,-5.035953102080546,0.006250106706038148,-5.075156742413465,0.03920364033291879
IT,2004,61,61.0,0.00714,-4.9420425026306445,0.0066975248861565395,-5.006017240814222,0.06397473818357735
IT,2004,62,62.0,0.00789,-4.842159144124354,0.007299903836399225,-4.919894104010554,0.07773495988620027
IT,2004,63,63.0,0.00822,-4.801185069914048,0.007991702901656317,-4.8293514127943,0.028166342880251882
IT,2004,64,64.0,0.00895,-4.716101746695373,0.008766928843438668,-4.736768722818041,0.020666976122667435
IT,2004,65,65.0,0.01006,-4.599188114310544,0.009703083869887323,-4.635311519269506,0.03612340495896227
IT,2004,66,66.0,0.011,-4.509860006183766,0.010714044331963423,-4.536199843771669,0.026339837587903148
IT,2004,67,67.0,0.01232,-4.396531320876764,0.011782674976611314,-4.441125048726152,0.04459372784938864
IT,2004,68,68.0,0.01366,-4.293283424839493,0.013031512878519953,-4.340384787254546,0.04710136241505314
IT,2004,69,69.0,0.01534,-4.177291483043027,0.014410110809279866,-4.239825179251496,0.06253369620846883
IT,2004,70,70.0,0.01686,-4.082811326408428,0.01606222993920362,-4.131284729591551,0.048473403183122876
IT,2004,71,71.0,0.01831,-4.000307920295718,0.017988965496021792,-4.017996737063253,0.017688816767535087
IT,2004,72,72.0,0.02052,-3.8863552586795684,0.020243858852841513,-3.899903797950526,0.013548539270957782
IT,2004,73,73.0,0.02264,-3.7880370256471547,0.022515110636137637,-3.7935686113549263,0.005531585707771569
IT,2004,74,74.0,0.02572,-3.6604863796127183,0.02544937392966968,-3.67106413630117,0.010577756688451512
IT,2004,75,75.0,0.02857,-3.5553980627394552,0.02848517954523712,-3.558371342919314,0.0029732801798587616
IT,2004,76,76.0,0.03199,-3.4423319250207105,0.03223146565470476,-3.4348121093297657,-0.007519815690944842
IT,2004,77,77.0,0.03542,-3.3404786466274494,0.036263785688601426,-3.3169356751172443,-0.023542971510205124
IT,2004,78,78.0,0.03984,-3.2228838462657396,0.04092383424121126,-3.1960426413790013,-0.026841204886738357
IT,2004,79,79.0,0.04476,-3.1064403955384123,0.04646505626287332,-3.0690547271078983,-0.03738566843051405
IT,2004,80,80.0,0.04999,-2.995932293556658,0.0532089712273453,-2.9335282647583747,-0.06240402879828322
IT,2004,81,81.0,0.0558,-2.885981409594872,0.05977077054009606,-2.81723852447575,-0.06874288511912185
IT,2004,82,82.0,0.06307,-2.763510058306577,0.06793813337110241,-2.689157791294453,-0.07435226701212416
IT,2004,83,83.0,0.06976,-2.662694499381413,0.07656873682742298,-2.56956642095775,-0.09312807842366277
IT,2004,84,84.0,0.08003,-2.5253537146031824,0.08570042209927643,-2.4568975280780885,-0.06845618652509389
IT,2004,85,85.0,0.08893,-2.4199057355705884,0.09659367690084492,-2.3372419964190283,-0.08266373915156011
IT,2005,20,20.0,0.00045,-7.706262975199909,0.00045216942718743987,-7.7014536094563315,-0.004809365743577487
IT,2005,21,21.0,0.00042,-7.77525584668686,0.0004514599197619412,-7.70302396033902,-0.07223188634783995
IT,2005,22,22.0,0.00049,-7.621105166859602,0.0004741070827295539,-7.654077348852133,0.03297218199253127
IT,2005,23,23.0,0.00046,-7.6842840684811335,0.00045122300645630446,-7.703548869593854,0.019264801112720775
IT,2005,24,24.0,0.00052,-7.5616817463888015,0.0004595368477166652,-7.685291428487752,0.12360968209895073
IT,2005,25,25.0,0.00049,-7.621105166859602,0.0004772902266273924,-7.647385810534595,0.026280643674993165
IT,2005,26,26.0,0.00045,-7.706262975199909,0.00046346227760126586,-7.676785562243919,-0.029477412955990268
IT,2005,27,27.0,0.00057,-7.469874197135678,0.00047680458915045585,-7.648403817363363,0.17852962022768448
IT,2005,28,28.0,0.0005,-7.600902459542082,0.00047202317661951796,-7.658482470576779,0.057580011034696454
IT,2005,29,29.0,0.0005,-7.600902459542082,0.0004781246402123983,-7.645639105880702,0.0447366463386194
IT,2005,30,30.0,0.00049,-7.621105166859602,0.0005038507358765097,-7.593230492731815,-0.027874674127787102
IT,2005,31,31.0,0.0005,-7.600902459542082,0.0005224450468513055,-7.556990753146752,-0.04391170639533026
IT,2005,32,32.0,0.00054,-7.523941418405954,0.0005513424046814201,-7.503154517711153,-0.020786900694800714
IT,2005,33,33.0,0.00058,-7.4524824544238095,0.0005747398550264182,-7.461593045583476,0.009110591159666726
IT,2005,34,34.0,0.00058,-7.4524824544238095,0.0006183251458703122,-7.3884961128586015,-0.063986341565208
IT,2005,35,35.0,0.00062,-7.385791079925137,0.0006706449412520676,-7.307270709696786,-0.07852037022835123
IT,2005,36,36.0,0.00071,-7.250245587928913,0.0007432364802265057,-7.204496286326846,-0.04574930160206758
IT,2005,37,37.0,0.00071,-7.250245587928913,0.0007730506053516292,-7.165166045346798,-0.08507954258211559
IT,2005,38,38.0,0.00082,-7.106206217705975,0.0008507820730654139,-7.069354545540231,-0.03685167216574392
IT,2005,39,39.0,0.00083,-7.09408485717363,0.0009471285655778879,-6.962075713086973,-0.13200914408665732
IT,2005,40,40.0,0.00097,-6.938214486466846,0.0010365281395847135,-6.871878477798286,-0.06633600866855982
IT,2005,41,41.0,0.00108,-6.830794237846009,0.0011481678634310192,-6.769587769273342,-0.06120646857266632
IT,2005,42,42.0,0.00122,-6.708904420236972,0.0012775800974689274,-6.662787539246076,-0.04611688099089584
IT,2005,43,43.0,0.00123,-6.700741109597811,0.0013843471848494408,-6.582526597140704,-0.11821451245710701
IT,2005,44,44.0,0.0014,-6.571283042360924,0.0015460227665222705,-6.472069602843659,-0.09921343951726502
IT,2005,45,45.0,0.00151,-6.495645628155304,0.0016920123021850603,-6.381836747029585,-0.11380888112571963
IT,2005,46,46.0,0.00165,-6.406979991069647,0.0018694561959796971,-6.28210769469634,-0.1248722963733071
IT,2005,47,47.0,0.0018,-6.319968614080018,0.002006188129281281,-6.211518810549003,-0.1084498035310153
IT,2005,48,48.0,0.00204,-6.194805471126012,0.00217958926433382,-6.12861883078874,-0.06618664033727129
IT,2005,49,49.0,0.00221,-6.114762763452475,0.0024126979644207482,-6.027009670326706,-0.08775309312576951
IT,2005,50,50.0,0.00236,-6.049093659944618,0.002630020958000542,-5.940763464002716,-0.1083301959419023
IT,2005,51,51.0,0.00268,-5.921938484459372,0.0028353161606786336,-5.865601827498809,-0.056336656960563225
IT,2005,52,52.0,0.00299,-5.812481891579542,0.003120748271742009,-5.769682475228986,-0.0427994163505554
IT,2005,53,53.0,0.00319,-5.747734362185384,0.003343445466861061,-5.700753426798839,-0.046980935386545575
IT,2005,54,54.0,0.00352,-5.649294289372131,0.0036617651410296194,-5.609809968858145,-0.03948432051398587
IT,2005,55,55.0,0.00392,-5.5416636251797655,0.00391905497784709,-5.54190473132334,0.00024110614357475413
IT,2005,56,56.0,0.00423,-5.46555328592395,0.004266253919267685,-5.457019139075702,-0.00853414684824827
IT,2005,57,57.0,0.00469,-5.362322696523949,0.004702781021304067,-5.359601238595046,-0.002721457928903881
IT,2005,58,58.0,0.00533,-5.234404040804384,0.005087318315326322,-5.2810044408262815,0.04660040002189714
IT,2005,59,59.0,0.00564,-5.177871213472169,0.005561605278589538,-5.191868493220225,0.013997279748055647
IT,2005,60,60.0,0.00643,-5.046780740732609,0.006186061605727313,-5.085456645873389,0.038675905140780564
IT,2005,61,61.0,0.0072,-4.933674252960127,0.0066348914240222465,-5.015412975458123,0.0817387224979953
IT,2005,62,62.0,0.00758,-4.882242079327857,0.007236431723065265,-4.928627050008129,0.04638497068027192
IT,2005,63,63.0,0.00819,-4.804841381117159,0.007924271395680561,-4.837824900898856,0.032983519781697446
IT,2005,64,64.0,0.00883,-4.729600264366269,0.008689520701060157,-4.745637496454923,0.01603723208865393
IT,2005,65,65.0,0.00998,-4.607172188658764,0.00961334339993821,-4.644603208083748,0.03743101942498317
IT,2005,66,66.0,0.01079,-4.529135499712094,0.010614770115384189,-4.545508840643225,0.016373340931131075
IT,2005,67,67.0,0.01201,-4.422015642890245,0.011667059729254716,-4.450985815649389,0.02897017275914404
IT,2005,68,68.0,0.01311,-4.334379981206529,0.012891596521886147,-4.351179612300724,0.016799631094195355
IT,2005,69,69.0,0.01499,-4.200371966867631,0.014250598737061831,-4.250956356514234,0.05058438964660272
IT,2005,70,70.0,0.01634,-4.11413918955028,0.01587503041083981,-4.143007818561764,0.028868629011483904
IT,2005,71,71.0,0.01842,-3.9943182481549764,0.017768147850127904,-4.030347871278306,0.03602962312332991
IT,2005,72,72.0,0.02045,-3.8897723964933264,0.019971171696714262,-3.9134654604306167,0.023693063937290315
IT,2005,73,73.0,0.02248,-3.7951292539566466,0.022208224699351173,-3.8072925767626407,0.012163322805994081
IT,2005,74,74.0,0.02526,-3.678533162059792,0.025083930196037208,-3.6855278691135105,0.0069947070537184075
IT,2005,75,75.0,0.02824,-3.567015866357096,0.028064023291009682,-3.5732668328679056,0.006250966510809697
IT,2005,76,76.0,0.03166,-3.452701224529271,0.03174513438686586,-3.4500158130448266,-0.0026854114844443444
IT,2005,77,77.0,0.03598,-3.32479205045975,0.03570572546122539,-3.332444225990433,0.007652175530683092
IT,2005,78,78.0,0.04038,-3.209420666097446,0.040298697871747356,-3.211436121426263,0.002015455328816973
IT,2005,79,79.0,0.04439,-3.1147410601361933,0.045766190458394564,-3.0842096600638587,-0.03053140007233468
IT,2005,80,80.0,0.05086,-2.9786785189881635,0.052381338292230156,-2.949204890549116,-0.029473628439047328
IT,2005,81,81.0,0.05733,-2.858931232061846,0.058892786563518866,-2.832036665034768,-0.02689456702707771
IT,2005,82,82.0,0.0639,-2.750435917598648,0.06697077656435407,-2.703498925422554,-0.04693699217609426
IT,2005,83,83.0,0.07267,-2.6218266343535928,0.07553321894366384,-2.583182733483827,-0.03864390086976588
IT,2005,84,84.0,0.08138,-2.508625736408593,0.08465489790721131,-2.4691723113891872,-0.03945342501940585
IT,2005,85,85.0,0.0925,-2.3805466344637574,0.09549639713137396,-2.3486667585801575,-0.03187987588359986
IT,2006,20,20.0,0.00038,-7.875339305243843,0.00041840657346270085,-7.779056934384059,-0.0962823708597842
IT,2006,21,21.0,0.00044,-7.728735831051967,0.0004218063072491211,-7.77096433685662,0.04222850580465298
IT,2006,22,22.0,0.00047,-7.66277786326017,0.0004421111907896813,-7.723949144650628,0.061171281390457466
IT,2006,23,23.0,0.00044,-7.728735831051967,0.00042138598506361404,-7.771961315183283,0.043225484131315994
IT,2006,24,24.0,0.00046,-7.6842840684811335,0.0004304895153148202,-7.750587589062476,0.06630352058134203
IT,2006,25,25.0,0.00047,-7.66277786326017,0.00044878528164309914,-7.708965999206433,0.04618813594626303
IT,2006,26,26.0,0.00041,-7.799353398265921,0.0004373461340676891,-7.734785607584857,-0.064567790681064
IT,2006,27,27.0,0.00047,-7.66277786326017,0.0004478560579335588,-7.711038676432403,0.04826081317223263
IT,2006,28,28.0,0.00049,-7.621105166859602,0.0004457936635973846,-7.715654350668062,0.09454918380846067
IT,2006,29,29.0,0.00049,-7.621105166859602,0.00045261364157342377,-7.700471684756339,0.07936651789673732
IT,2006,30,30.0,0.00048,-7.641724454062337,0.00047761203720395143,-7.646711792677624,0.004987338615286774
IT,2006,31,31.0,0.0005,-7.600902459542082,0.0004945917626102662,-7.6117778576653325,0.010875398123250335
IT,2006,32,32.0,0.00057,-7.469874197135678,0.0005227960320784737,-7.556319165993442,0.08644496885776398
IT,2006,33,33.0,0.00055,-7.505592279737757,0.0005453751650973083,-7.514036623798001,0.008444344060243303
IT,2006,34,34.0,0.00058,-7.4524824544238095,0.0005880542581771622,-7.438691338511298,-0.01379111591251192
IT,2006,35,35.0,0.00062,-7.385791079925137,0.0006327562828166611,-7.36542522920602,-0.02036585071911734
IT,2006,36,36.0,0.00066,-7.3232707229438025,0.0007009755526590926,-7.263037546489195,-0.06023317645460757
IT,2006,37,37.0,0.00076,-7.182192124683898,0.0007306963006596337,-7.221512641914783,0.0393205172308857
IT,2006,38,38.0,0.00072,-7.236259345954173,0.000802750616854069,-7.127466456568825,-0.1087928893853487
IT,2006,39,39.0,0.00085,-7.070274208479912,0.0008934836710579617,-7.020382498788684,-0.04989170969122814
IT,2006,40,40.0,0.00094,-6.969630682700225,0.0009778645563422094,-6.930139387967783,-0.03949129473244195
IT,2006,41,41.0,0.00103,-6.878196476740593,0.001082639590723603,-6.828353154231635,-0.0498433225089574
IT,2006,42,42.0,0.00112,-6.794426593675134,0.001205544891707775,-6.720823621959031,-0.07360297171610242
IT,2006,43,43.0,0.00127,-6.668738378511637,0.0013085323993305175,-6.638849075635335,-0.029889302876302537
IT,2006,44,44.0,0.0014,-6.571283042360924,0.0014586960445788172,-6.5302123624828186,-0.04107067987810531
IT,2006,45,45.0,0.00154,-6.475972862556599,0.0016008445229585277,-6.437223962138915,-0.03874890041768442
IT,2006,46,46.0,0.00166,-6.400937676613685,0.0017705697361819711,-6.336453899341642,-0.06448377727204324
IT,2006,47,47.0,0.00181,-6.3144284337044025,0.00190534741643457,-6.263090916199216,-0.05133751750518645
IT,2006,48,48.0,0.0019,-6.2659013928097425,0.002074586054916474,-6.177993636807091,-0.0879077560026511
IT,2006,49,49.0,0.00215,-6.142287436842565,0.0023012417910094145,-6.0743063926110015,-0.06798104423156381
IT,2006,50,50.0,0.0023,-6.074846156047033,0.0025137235020333145,-5.98599015814299,-0.08885599790404264
IT,2006,51,51.0,0.00262,-5.944580961209131,0.0027158774207413647,-5.908640202579082,-0.03594075863004953
IT,2006,52,52.0,0.00293,-5.832752855953161,0.003000101535141897,-5.809109145839459,-0.02364371011370192
IT,2006,53,53.0,0.00311,-5.773132552790995,0.0032215013323421225,-5.737907775807478,-0.035224776983517
IT,2006,54,54.0,0.00348,-5.660722985195754,0.003536966014303621,-5.64448597742706,-0.01623700776869441
IT,2006,55,55.0,0.00383,-5.564890475789582,0.003796038564367643,-5.573797239074352,0.008906763284770136
IT,2006,56,56.0,0.00418,-5.477444032445472,0.004148783857599673,-5.48494003404753,0.007496001602057767
IT,2006,57,57.0,0.0045,-5.403677882205863,0.004570772653730394,-5.388073017528726,-0.015604864677136732
IT,2006,58,58.0,0.0052,-5.259096653394756,0.0049526498992906055,-5.307832512451211,0.048735859056455055
IT,2006,59,59.0,0.00559,-5.1867759918151295,0.005421349180453685,-5.217410568224621,0.030634576409491743
IT,2006,60,60.0,0.00629,-5.068794208269788,0.006032292003897442,-5.110628240313975,0.04183403204418745
IT,2006,61,61.0,0.00677,-4.995254192057954,0.0064842773497319605,-5.038374901542948,0.04312070948499436
IT,2006,62,62.0,0.00743,-4.902229420252469,0.0070836270392499925,-4.949969208774739,0.04773978852226968
IT,2006,63,63.0,0.00804,-4.823326195791262,0.007761862357359562,-4.858532979075986,0.03520678328472382
IT,2006,64,64.0,0.00868,-4.746733750309878,0.008503209488168304,-4.767311599910509,0.020577849600631026
IT,2006,65,65.0,0.0095,-4.656463480375642,0.009397506789975344,-4.667310859996237,0.010847379620595454
IT,2006,66,66.0,0.0105,-4.55638002181866,0.0103760107995718,-4.568258791146273,0.011878769327613448
IT,2006,67,67.0,0.01148,-4.467148888090716,0.011389262894205485,-4.4750842187878845,0.00793533069716812
IT,2006,68,68.0,0.0127,-4.3661532855175915,0.012555948655053,-4.3775607292865955,0.011407443769003933
IT,2006,69,69.0,0.01381,-4.282362311560936,0.01386816333227423,-4.278159473591405,-0.004202837969531359
IT,2006,70,70.0,0.01543,-4.171441612607068,0.015426669384558746,-4.171657489143364,0.0002158765362958448
IT,2006,71,71.0,0.0171,-4.0686768154735224,0.017239838165806504,-4.060532400924843,-0.008144414548679535
IT,2006,72,72.0,0.01983,-3.9205593364504323,0.019320117659335813,-3.9466083601885757,0.02604902373814344
IT,2006,73,73.0,0.02152,-3.8387725436885534,0.021475723458079785,-3.8408321232937044,0.0020595796051510185
IT,2006,74,74.0,0.02371,-3.741858378904823,0.02421276492099493,-3.7208753088119293,-0.020983070092893907
IT,2006,75,75.0,0.02689,-3.6160008087013638,0.027060790884557075,-3.609669429595013,-0.006331379106350621
IT,2006,76,76.0,0.03043,-3.4923263150732575,0.030587261631943707,-3.4871716432328843,-0.005154671840373215
IT,2006,77,77.0,0.03387,-3.385225612152457,0.0343777728302338,-3.3703450620963236,-0.014880550056133313
IT,2006,78,78.0,0.03822,-3.26439634017001,0.0388108380670016,-3.2490557397349713,-0.01534060043503871
IT,2006,79,79.0,0.043,-3.146555163288575,0.04410216957612634,-3.121246301001898,-0.02530886228667706
IT,2006,80,80.0,0.04852,-3.0257791949062876,0.05041248182018073,-2.9875164794039755,-0.038262715502312084
IT,2006,81,81.0,0.05494,-2.901513598315009,0.056800999714719684,-2.8682013527986583,-0.033312245516350814
IT,2006,82,82.0,0.0621,-2.779009290042704,0.06466425195157842,-2.7385467502390823,-0.04046253980362158
IT,2006,83,83.0,0.07056,-2.651291867283601,0.07306110079804067,-2.6164591906871624,-0.03483267659643863
IT,2006,84,84.0,0.07774,-2.55438535355806,0.0821531369510487,-2.499170249579116,-0.055215103978944136
IT,2006,85,85.0,0.088,-2.430418464503931,0.09286695902946449,-2.3765873581099513,-0.05383110639397959
IT,2007,20,20.0,0.00043,-7.751725349276666,0.0004028441891040489,-7.816960698310663,0.06523534903399764
IT,2007,21,21.0,0.0004,-7.824046010856292,0.00040803874273430174,-7.804148430386196,-0.019897580470096266
IT,2007,22,22.0,0.00047,-7.66277786326017,0.00042727761635327907,-7.758076600601009,0.09529873734083871
IT,2007,23,23.0,0.00042,-7.77525584668686,0.0004075381617349092,-7.805375981238872,0.030120134552012345
IT,2007,24,24.0,0.00042,-7.77525584668686,0.00041697671829313276,-7.782480169155441,0.007224322468581512
IT,2007,25,25.0,0.00046,-7.6842840684811335,0.00043548788159060615,-7.7390435884868785,0.05475952000574491
IT,2007,26,26.0,0.00047,-7.66277786326017,0.00042513042713101065,-7.7631145487530695,0.10033668549289931
IT,2007,27,27.0,0.00045,-7.706262975199909,0.0004343623788320796,-7.741631397993497,0.03536842279358776
IT,2007,28,28.0,0.00045,-7.706262975199909,0.00043351732749767873,-7.743578791382921,0.037315816183012274
IT,2007,29,29.0,0.00048,-7.641724454062337,0.00044065269105515834,-7.727253541424525,0.0855290873621879
IT,2007,30,30.0,0.00048,-7.641724454062337,0.0004652974661910048,-7.67283364466685,0.031109190604513337
IT,2007,31,31.0,0.00045,-7.706262975199909,0.00048153217655003117,-7.63853750330975,-0.0677254718901592
IT,2007,32,32.0,0.00049,-7.621105166859602,0.0005093952317804247,-7.582286355925183,-0.0388188109344183
IT,2007,33,33.0,0.00052,-7.5616817463888015,0.0005315827814294379,-7.539651621737343,-0.022030124651458927
IT,2007,34,34.0,0.00052,-7.5616817463888015,0.0005738123253534776,-7.463208174422057,-0.09847357196674444
IT,2007,35,35.0,0.00062,-7.385791079925137,0.0006150360831216333,-7.3938296201363825,0.008038540211245504
IT,2007,36,36.0,0.00064,-7.354042381610556,0.0006812161965119601,-7.291630833016881,-0.06241154859367537
IT,2007,37,37.0,0.00072,-7.236259345954173,0.0007108607560847439,-7.249033989696849,0.012774643742675451
IT,2007,38,38.0,0.00075,-7.195437351433918,0.0007802860020017185,-7.1558500362543995,-0.03958731517951808
IT,2007,39,39.0,0.00085,-7.070274208479912,0.0008683972722902128,-7.048861261040367,-0.02141294743954525
IT,2007,40,40.0,0.00088,-7.035588650492022,0.0009504302860297226,-6.958595743249858,-0.07699290724216379
IT,2007,41,41.0,0.00101,-6.897804948128969,0.0010520065799799975,-6.857055909952342,-0.04074903817662712
IT,2007,42,42.0,0.00112,-6.794426593675134,0.001171851661120309,-6.749170164847825,-0.04525642882730896
IT,2007,43,43.0,0.00127,-6.668738378511637,0.0012730258624941916,-6.666358643435554,-0.0023797350760830227
IT,2007,44,44.0,0.00132,-6.630123542383857,0.0014178537285479697,-6.558611009544094,-0.07151253283976278
IT,2007,45,45.0,0.00151,-6.495645628155304,0.0015581178078741596,-6.464276719582121,-0.03136890857318342
IT,2007,46,46.0,0.00164,-6.41305903714603,0.0017241894958056356,-6.362998196420419,-0.05006084072561112
IT,2007,47,47.0,0.00179,-6.325539659129474,0.0018579523939701934,-6.2882802611091675,-0.0372593980203062
IT,2007,48,48.0,0.00187,-6.281816848115642,0.0020251535473375186,-6.202109755452581,-0.0797070926630612
IT,2007,49,49.0,0.00218,-6.12843040218114,0.0022486898672718185,-6.097407513569875,-0.031022888611264676
IT,2007,50,50.0,0.00231,-6.0705077544484345,0.0024588040248800054,-6.008080216004174,-0.0624275384442603
IT,2007,51,51.0,0.00258,-5.959965880048611,0.0026593822485333984,-5.929661420553268,-0.030304459495343217
IT,2007,52,52.0,0.00282,-5.871018394032115,0.002942880838650385,-5.828366300305754,-0.04265209372636036
IT,2007,53,53.0,0.00311,-5.773132552790995,0.003163567093237115,-5.75605506105565,-0.017077491735344452
IT,2007,54,54.0,0.00339,-5.686925357589778,0.003477565608580685,-5.661422767750634,-0.025502589839144107
IT,2007,55,55.0,0.00361,-5.624047506637347,0.0037373649111211377,-5.589374485100184,-0.034673021537162896
IT,2007,56,56.0,0.00401,-5.518964037663659,0.0040925893076686,-5.498577426680092,-0.02038661098356709
IT,2007,57,57.0,0.00457,-5.3882420740760235,0.004507649311928697,-5.40197947821553,0.013737404139506637
IT,2007,58,58.0,0.00481,-5.3370581948644675,0.004888175576892771,-5.320936137771704,-0.016122057092763598
IT,2007,59,59.0,0.00535,-5.230658718074222,0.0053541352394814445,-5.22988607468087,-0.000772643393352368
IT,2007,60,60.0,0.00619,-5.084820192285632,0.005958581717520632,-5.122922793082439,0.038102600796806385
IT,2007,61,61.0,0.00674,-4.999695354057922,0.006411960614021262,-5.049590186795608,0.04989483273768602
IT,2007,62,62.0,0.00703,-4.957568573159564,0.007010169828235301,-4.960393351662007,0.002824778502443337
IT,2007,63,63.0,0.00813,-4.812194355422418,0.007683751164340116,-4.868647418210271,0.05645306278785345
IT,2007,64,64.0,0.00858,-4.758321365482266,0.008413666975352074,-4.7778978744221545,0.01957650893988827
IT,2007,65,65.0,0.00965,-4.6407973636312425,0.009293854067803097,-4.6784019502068706,0.03760458657562804
IT,2007,66,66.0,0.01017,-4.588313068921669,0.010261353362703441,-4.579370541242195,-0.008942527679473677
IT,2007,67,67.0,0.01131,-4.482067988854108,0.011255992864297371,-4.486854593116823,0.004786604262715599
IT,2007,68,68.0,0.01242,-4.388447202476804,0.012395199124554909,-4.390446048714389,0.001998846237584395
IT,2007,69,69.0,0.01355,-4.301368731656427,0.013685118434101737,-4.291446282226487,-0.009922449429939917
IT,2007,70,70.0,0.01507,-4.195049266343733,0.015212301984512918,-4.185650837383419,-0.00939842896031351
IT,2007,71,71.0,0.01713,-4.066923966646108,0.01698753532863508,-4.075275419822853,0.008351453176745238
IT,2007,72,72.0,0.01882,-3.9728351448249035,0.01900988190552634,-3.9627963347301147,-0.010038810094788797
IT,2007,73,73.0,0.0212,-3.8537540973041704,0.02112678036038915,-3.8572138318751703,0.003459734570999906
IT,2007,74,74.0,0.02358,-3.747356383872912,0.023798325783759434,-3.738140045999241,-0.009216337873671154
IT,2007,75,75.0,0.02654,-3.6291022500780756,0.026583899278243252,-3.6274495367482142,-0.0016527133298613883
IT,2007,76,76.0,0.02991,-3.5095624063402804,0.03003717036988011,-3.5053196519329854,-0.004242754407294935
IT,2007,77,77.0,0.03344,-3.398002490765636,0.033747229505215616,-3.388856953767415,-0.009145536998221182
IT,2007,78,78.0,0.03736,-3.2871546656214954,0.038104218686512994,-3.267430276299097,-0.019724389322398395
IT,2007,79,79.0,0.04302,-3.146090155142553,0.043311543146154464,-3.1393360941397215,-0.006754061002831602
IT,2007,80,80.0,0.049,-3.0159349808715104,0.04947790884948383,-3.0062289948916834,-0.00970598597982697
IT,2007,81,81.0,0.05418,-2.915443442325188,0.05580648162631606,-2.8858652581630033,-0.029578184162184495
IT,2007,82,82.0,0.0623,-2.7757938531887296,0.06356672441102636,-2.755665146637998,-0.0201287065507314
IT,2007,83,83.0,0.07065,-2.6500171698516004,0.07188322162046298,-2.6327123986434406,-0.017304771208159764
IT,2007,84,84.0,0.07809,-2.5498932713075533,0.08095821418487056,-2.5138221316794622,-0.03607113962809105
IT,2007,85,85.0,0.0896,-2.4123999590012524,0.09160910557151951,-2.390224606439867,-0.022175352561385253
IT,2008,20,20.0,0.0004,-7.824046010856292,0.00038233395005640925,-7.869216116453549,0.04517010559725687
IT,2008,21,21.0,0.00038,-7.875339305243843,0.0003897920561510106,-7.849897150392957,-0.025442154850885856
IT,2008,22,22.0,0.00045,-7.706262975199909,0.00040764010349034267,-7.805125872127004,0.09886289692709482
IT,2008,23,23.0,0.00033,-8.016417903503749,0.0003891901266194642,-7.851442576372295,-0.16497532713145358
IT,2008,24,24.0,0.0004,-7.824046010856292,0.000399040211755195,-7.826448364811168,0.002402353954876091
IT,2008,25,25.0,0.00042,-7.77525584668686,0.00041779921987008406,-7.780509576076477,0.005253729389616879
IT,2008,26,26.0,0.00036,-7.929406526514119,0.0004088469036993635,-7.802169790579624,-0.12723673593449458
IT,2008,27,27.0,0.00042,-7.77525584668686,0.0004164235925421288,-7.783807564466024,0.008551717779163859
IT,2008,28,28.0,0.00044,-7.728735831051967,0.00041714512500071237,-7.782076375126495,0.05334054407452804
IT,2008,29,29.0,0.00046,-7.6842840684811335,0.00042467944531708265,-7.764175919939462,0.07989185145832867
IT,2008,30,30.0,0.00052,-7.5616817463888015,0.0004488390856620125,-7.708846118283104,0.1471643718943021
IT,2008,31,31.0,0.00045,-7.706262975199909,0.0004640912985617365,-7.67542926095187,-0.030833714248038824
IT,2008,32,32.0,0.00046,-7.6842840684811335,0.0004914818203451894,-7.618085607168577,-0.06619846131255613
IT,2008,33,33.0,0.00053,-7.542633551418106,0.0005131382124391636,-7.574965329121161,0.032331777703054954
IT,2008,34,34.0,0.00056,-7.487573774235079,0.0005547417220097571,-7.497007918282271,0.009434144047191673
IT,2008,35,35.0,0.00055,-7.505592279737757,0.0005914171928243079,-7.432988879571256,-0.07260340016650169
IT,2008,36,36.0,0.00062,-7.385791079925137,0.0006548852618988914,-7.331050510346995,-0.05474056957814177
IT,2008,37,37.0,0.00066,-7.3232707229438025,0.000684394634416108,-7.2869758558131625,-0.03629486713064001
IT,2008,38,38.0,0.00074,-7.208860371766058,0.0007503426383694504,-7.194980604599369,-0.013879767166689483
IT,2008,39,39.0,0.00079,-7.143477612503207,0.0008349630786235373,-7.088123051308349,-0.05535456119485804
IT,2008,40,40.0,0.00085,-7.070274208479912,0.0009138659662471308,-6.9978266425074285,-0.07244756597248347
IT,2008,41,41.0,0.00097,-6.938214486466846,0.0010111909289056847,-6.896626505235251,-0.04158798123159446
IT,2008,42,42.0,0.00102,-6.887952651685957,0.0011269395616468644,-6.788249673005045,-0.09970297868091205
IT,2008,43,43.0,0.00116,-6.759335273863864,0.001225649625192875,-6.704284269268232,-0.05505100459563206
IT,2008,44,44.0,0.00133,-6.622576336748475,0.001363415472973422,-6.597762350285683,-0.024813986462792315
IT,2008,45,45.0,0.00143,-6.550080834710321,0.0015010767859362304,-6.501572571119455,-0.048508263590865575
IT,2008,46,46.0,0.00162,-6.425329129737844,0.0016622335529092788,-6.399593067205451,-0.0257360625323928
IT,2008,47,47.0,0.00178,-6.331141914678144,0.0017945389386092795,-6.323007148749237,-0.008134765928906162
IT,2008,48,48.0,0.00186,-6.287178791257027,0.001958929640170378,-6.235357056861582,-0.05182173439544524
IT,2008,49,49.0,0.00212,-6.156339190298216,0.002178202018488716,-6.129255504645716,-0.0270836856525003
IT,2008,50,50.0,0.00227,-6.087975447488826,0.0023850520735538847,-6.038534321104972,-0.04944112638385345
IT,2008,51,51.0,0.0025,-5.991464547107982,0.0025834179069875018,-5.958641986632164,-0.03282256047581811
IT,2008,52,52.0,0.00272,-5.907123398674231,0.00286577955903489,-5.854914868432839,-0.05220853024139149
IT,2008,53,53.0,0.00312,-5.769922277160746,0.00308540137194499,-5.781073525729442,0.011151248568696204
IT,2008,54,54.0,0.00331,-5.710807089593166,0.0033973063785585496,-5.6847724029496725,-0.026034686643493288
IT,2008,55,55.0,0.00371,-5.596723402362794,0.0036579594795499784,-5.6108498062891465,0.014126403926352893
IT,2008,56,56.0,0.00404,-5.511510587009078,0.004016363450752587,-5.517378400002244,0.005867812993165522
IT,2008,57,57.0,0.00453,-5.397033339487194,0.00442205217388504,-5.421151397908879,0.024118058421684907
IT,2008,58,58.0,0.0049,-5.318520073865556,0.004800663020565467,-5.339001241322791,0.02048116745723494
IT,2008,59,59.0,0.00519,-5.261021581804339,0.005262836009625111,-5.247085232201952,-0.01393634960238721
IT,2008,60,60.0,0.00593,-5.127731065972503,0.005858436723627448,-5.1398724816948915,0.012141415722388693
IT,2008,61,61.0,0.00656,-5.026764676026139,0.006313582837344968,-5.0650519605024185,0.03828728447627938
IT,2008,62,62.0,0.00705,-4.95472766215796,0.006910146573760498,-4.974764429595327,0.020036767437367153
IT,2008,63,63.0,0.00777,-4.857485114602581,0.007577351641703535,-4.882591528015994,0.02510641341341291
IT,2008,64,64.0,0.00861,-4.754830960542498,0.008291764609060873,-4.792492472527308,0.03766151198481005
IT,2008,65,65.0,0.00936,-4.671309988492636,0.00915282682847914,-4.693692504404585,0.022382515911949064
IT,2008,66,66.0,0.01017,-4.588313068921669,0.010105357220752783,-4.594689577860457,0.006376508938788383
IT,2008,67,67.0,0.01098,-4.511679842900753,0.011074815398420408,-4.50308163150404,-0.008598211396712685
IT,2008,68,68.0,0.012,-4.422848629194137,0.012176953290585516,-4.408210188336717,-0.01463844085741961
IT,2008,69,69.0,0.01321,-4.326781160447903,0.013436721246458673,-4.309763928525552,-0.017017231922351606
IT,2008,70,70.0,0.01492,-4.205052684206522,0.01492164339412531,-4.204942543212927,-0.00011014099359485385
IT,2008,71,71.0,0.01649,-4.10500114241063,0.016645745060785214,-4.095600647119428,-0.009400495291201239
IT,2008,72,72.0,0.01799,-4.017939231019695,0.01859033183865709,-3.985113627023104,-0.03282560399659129
IT,2008,73,73.0,0.02062,-3.881493800393323,0.020654992680457313,-3.879798212504941,-0.0016955878883821995
IT,2008,74,74.0,0.0233,-3.759301918410482,0.023238571878475663,-3.7619417998988522,0.0026398814883701327
IT,2008,75,75.0,0.02583,-3.656218671874388,0.025940189437454117,-3.6519617972117113,-0.004256874662676768
IT,2008,76,76.0,0.0292,-3.533586569707901,0.029294979845139908,-3.5303391139822113,-0.0032474557256896297
IT,2008,77,77.0,0.03257,-3.424363659693995,0.032896859645967606,-3.4143780772569405,-0.009985582437054497
IT,2008,78,78.0,0.03679,-3.302529209865454,0.037151094843423396,-3.292762037366398,-0.00976717249905601
IT,2008,79,79.0,0.04214,-3.1667578706060944,0.04224474556515458,-3.164275298234747,-0.0024825723713473025
IT,2008,80,80.0,0.04873,-3.0214604221267223,0.04821781573317041,-3.032026705198471,0.010566283071748561
IT,2008,81,81.0,0.0538,-2.9224818118143983,0.054463892550429625,-2.9102173188880944,-0.012264492926303827
IT,2008,82,82.0,0.06179,-2.784013739909249,0.06208411311987387,-2.779265150149342,-0.004748589759906885
IT,2008,83,83.0,0.07038,-2.653846147088698,0.07029042974408292,-2.6551196239407275,0.0012734768520297202
IT,2008,84,84.0,0.07836,-2.5464416859057972,0.07933929778134531,-2.534021714687008,-0.01241997121878935
IT,2008,85,85.0,0.08794,-2.431100515229473,0.0899028729517136,-2.409025380821483,-0.022075134407990138
IT,2009,20,20.0,0.00043,-7.751725349276666,0.00036548658979146316,-7.914280969484573,0.16255562020790748
IT,2009,21,21.0,0.00037,-7.902007552326004,0.0003747128141618703,-7.8893506542923,-0.012656898033704067
IT,2009,22,22.0,0.00046,-7.6842840684811335,0.00039143113194573355,-7.845700966191664,0.1614168977105308
IT,2009,23,23.0,0.00039,-7.849363818840582,0.0003740316215798316,-7.891170214445171,0.04180639560458843
IT,2009,24,24.0,0.00039,-7.849363818840582,0.00038419268322576844,-7.864366351991878,0.015002533151295516
IT,2009,25,25.0,0.00041,-7.799353398265921,0.00040312266223616153,-7.8162696695351475,0.01691627126922679
IT,2009,26,26.0,0.00041,-7.799353398265921,0.0003953058191116334,-7.8358508670221125,0.036497468756191864
IT,2009,27,27.0,0.00041,-7.799353398265921,0.0004015493519472568,-7.820180113209186,0.020826714943265046
IT,2009,28,28.0,0.00038,-7.875339305243843,0.0004035232183294631,-7.815276529581482,-0.06006277566236129
IT,2009,29,29.0,0.00043,-7.751725349276666,0.00041136995109254605,-7.796017624024228,0.04429227474756203
IT,2009,30,30.0,0.00043,-7.751725349276666,0.000435113725024361,-7.739903124206633,-0.011822225070032388
IT,2009,31,31.0,0.00048,-7.641724454062337,0.0004495585045814372,-7.707244557724587,0.0655201036622497
IT,2009,32,32.0,0.00045,-7.706262975199909,0.00047654007717283113,-7.648958731013706,-0.05730424418620306
IT,2009,33,33.0,0.00046,-7.6842840684811335,0.0004977464625222051,-7.605419721982028,-0.07886434649910523
IT,2009,34,34.0,0.00051,-7.5810998322459024,0.0005388050852539917,-7.526156675362003,-0.05494315688389939
IT,2009,35,35.0,0.00059,-7.435388021064509,0.0005717780534300371,-7.466759660362081,0.03137163929757225
IT,2009,36,36.0,0.00057,-7.469874197135678,0.000632996367466298,-7.365045874436409,-0.10482832269926945
IT,2009,37,37.0,0.00063,-7.369790738578696,0.0006623630345884182,-7.319696761721504,-0.05009397685719197
IT,2009,38,38.0,0.00068,-7.293417759794122,0.0007254440249918915,-7.22872664231482,-0.06469111747930167
IT,2009,39,39.0,0.00073,-7.222466023821838,0.0008071651576944375,-7.121982254258817,-0.10048376956302096
IT,2009,40,40.0,0.00084,-7.082108666126914,0.0008834647146195196,-7.031659205180319,-0.05044946094659508
IT,2009,41,41.0,0.00097,-6.938214486466846,0.0009772656683340107,-6.930752020333005,-0.007462466133841161
IT,2009,42,42.0,0.00102,-6.887952651685957,0.0010895923139232152,-6.821951676629134,-0.06600097505682267
IT,2009,43,43.0,0.00116,-6.759335273863864,0.0011862108999652985,-6.736991169624208,-0.02234410423965638
IT,2009,44,44.0,0.00123,-6.700741109597811,0.0013181496553666236,-6.631526302028693,-0.06921480756911791
IT,2009,45,45.0,0.00146,-6.529318843261892,0.001453564654856234,-6.533736356769415,0.004417513507522841
IT,2009,46,46.0,0.00152,-6.489044944123952,0.0016105938291633404,-6.431152330000123,-0.057892614123828956
IT,2009,47,47.0,0.00166,-6.400937676613685,0.001741592297468916,-6.352955470728891,-0.04798220588479385
IT,2009,48,48.0,0.00186,-6.287178791257027,0.0019035601367958772,-6.264029389892731,-0.023149401364295663
IT,2009,49,49.0,0.00217,-6.133028111429769,0.002119190551951467,-6.1567210783254,0.023692966895630718
IT,2009,50,50.0,0.00234,-6.057604349612527,0.002323227692609052,-6.064797813376839,0.007193463764312291
IT,2009,51,51.0,0.00254,-5.975591197951692,0.002519651438595458,-5.9836347050433,0.008043507091607616
IT,2009,52,52.0,0.00278,-5.885304351279592,0.0028009118838157768,-5.877810242029502,-0.007494109250089309
IT,2009,53,53.0,0.00298,-5.815831978464824,0.0030195443256157604,-5.802649344537425,-0.013182633927399046
IT,2009,54,54.0,0.00338,-5.68987956948721,0.003329580262502398,-5.70490903023099,0.015029460743780199
IT,2009,55,55.0,0.00357,-5.635189683190589,0.003590836723434994,-5.629370033043975,-0.005819650146613675
IT,2009,56,56.0,0.00401,-5.518964037663659,0.003951767703138781,-5.533592280394249,0.014628242730589491
IT,2009,57,57.0,0.00444,-5.417100902538004,0.004349540024822394,-5.437685180892702,0.020584278354697894
IT,2009,58,58.0,0.00462,-5.37736057388849,0.004726451777574421,-5.354580510716327,-0.022780063172162635
IT,2009,59,59.0,0.00532,-5.236281975628584,0.005185351160430354,-5.261917713377887,0.025635737749302834
IT,2009,60,60.0,0.00565,-5.176099733823787,0.005773424798574259,-5.154489821932285,-0.02160991189150252
IT,2009,61,61.0,0.00641,-5.049896008049559,0.00622995525010452,-5.07838612917735,0.028490121127791035
IT,2009,62,62.0,0.0069,-4.976233867378923,0.006825033791292343,-4.987157986818265,0.010924119439342128
IT,2009,63,63.0,0.0078,-4.853631545286591,0.007486777085483786,-4.894616869719799,0.04098532443320835
IT,2009,64,64.0,0.00879,-4.734140567285052,0.008188055830689659,-4.805078792607213,0.07093822532216087
IT,2009,65,65.0,0.00926,-4.682051230324049,0.009032925267771802,-4.706879014094331,0.02482778377028172
IT,2009,66,66.0,0.01008,-4.5972020163389145,0.00997273259646292,-4.607900650670002,0.010698634331087753
IT,2009,67,67.0,0.01098,-4.511679842900753,0.010920912376175502,-4.51707576122374,0.00539591832298747
IT,2009,68,68.0,0.01199,-4.4236823099427145,0.011991827442106964,-4.423529907702734,-0.00015240223998080893
IT,2009,69,69.0,0.01322,-4.3260244445585965,0.01322612829290022,-4.325560989723769,-0.0004634548348274592
IT,2009,70,70.0,0.01435,-4.244005336776507,0.014675444424587084,-4.221579629257235,-0.022425707519271754
IT,2009,71,71.0,0.01639,-4.111083886226399,0.016356514220206606,-4.113129037734117,0.0020451515077182236
IT,2009,72,72.0,0.01807,-4.013502174378,0.018235957154765815,-4.004359966120113,-0.009142208257887141
IT,2009,73,73.0,0.02038,-3.893201251187558,0.020256594432366614,-3.8992748874612935,0.00607363627373525
IT,2009,74,74.0,0.02281,-3.7805562426858406,0.022766426903641987,-3.782468332447757,0.00191208976191648
IT,2009,75,75.0,0.02552,-3.668292820505548,0.025397588062499032,-3.673101067635788,0.004808247130239973
IT,2009,76,76.0,0.02826,-3.5663079017257555,0.02866966187272385,-3.5519157929225775,-0.014392108803177983
IT,2009,77,77.0,0.03268,-3.4209920089903347,0.03218073211949662,-3.4363873869154573,0.015395377925122578
IT,2009,78,78.0,0.03637,-3.3140110199832393,0.036348292801815556,-3.3146080416676833,0.0005970216844439769
IT,2009,79,79.0,0.04107,-3.19247735101367,0.04134586911226481,-3.1857827630526523,-0.006694587961017628
IT,2009,80,80.0,0.04649,-3.068518043279644,0.04715691872035632,-3.0542745421659867,-0.014243501113657242
IT,2009,81,81.0,0.05352,-2.927699863162164,0.05333201701280413,-2.9312184337309235,0.0035185705687594826
IT,2009,82,82.0,0.0607,-2.8018115809166844,0.0608333151208427,-2.799617694011153,-0.0021938869055313504
IT,2009,83,83.0,0.06867,-2.678442856349552,0.06894518427683424,-2.6744435208827473,-0.003999335466804865
IT,2009,84,84.0,0.07787,-2.552714509393242,0.0779691728569789,-2.551441750194789,-0.001272759198453155
IT,2009,85,85.0,0.08852,-2.424526763799288,0.08845696736842314,-2.4252390896480063,0.000712325848718276
IT,2010,20,20.0,0.00033,-8.016417903503749,0.00033530095501487357,-8.000482056256143,-0.015935847247606105
IT,2010,21,21.0,0.00035,-7.957577403480815,0.00034747486606066395,-7.964818223458196,0.007240819977381463
IT,2010,22,22.0,0.00033,-8.016417903503749,0.0003622000266968532,-7.923313938807473,-0.09310396469627591
IT,2010,23,23.0,0.00031,-8.078938260485081,0.000346661362962841,-7.9671621537596495,-0.11177610672543192
IT,2010,24,24.0,0.00038,-7.875339305243843,0.00035731359318434,-7.936896749481857,0.061557444238014014
IT,2010,25,25.0,0.00034,-7.986564940354067,0.00037646992352512296,-7.884672398310678,-0.10189254204338916
IT,2010,26,26.0,0.00036,-7.929406526514119,0.00037064093126997475,-7.900276804259279,-0.029129722254840118
IT,2010,27,27.0,0.00037,-7.902007552326004,0.000374561570791983,-7.889754360531239,-0.01225319179476525
IT,2010,28,28.0,0.00035,-7.957577403480815,0.0003786938177238831,-7.878782548186127,-0.07879485529468777
IT,2010,29,29.0,0.00041,-7.799353398265921,0.00038706219489098977,-7.856925167534376,0.05757176926845542
IT,2010,30,30.0,0.00039,-7.849363818840582,0.0004100179252759728,-7.7993096790363206,-0.050054139804261766
IT,2010,31,31.0,0.00044,-7.728735831051967,0.0004230155625395049,-7.76810158872123,0.039365757669262536
IT,2010,32,32.0,0.00044,-7.728735831051967,0.0004492129295649309,-7.708013551976978,-0.020722279074989025
IT,2010,33,33.0,0.0005,-7.600902459542082,0.0004695791994145921,-7.663673584693349,0.06277112515126682
IT,2010,34,34.0,0.00052,-7.5616817463888015,0.0005095854082040096,-7.581913087938863,0.0202313415500619
IT,2010,35,35.0,0.00054,-7.523941418405954,0.0005360102970634358,-7.531357186138754,0.007415767732799949
IT,2010,36,36.0,0.00057,-7.469874197135678,0.000593144217733941,-7.4300729883090595,-0.03980120882661886
IT,2010,37,37.0,0.00063,-7.369790738578696,0.0006221769235345312,-7.382286062689769,0.01249532411107257
IT,2010,38,38.0,0.00067,-7.308232845579262,0.0006800958329139255,-7.293276838968155,-0.014956006611106964
IT,2010,39,39.0,0.00071,-7.250245587928913,0.0007565447170991734,-7.186748915974991,-0.0634966719539225
IT,2010,40,40.0,0.00083,-7.09408485717363,0.0008281014319214897,-7.096374908761171,0.002290051587540809
IT,2010,41,41.0,0.00086,-7.05857816871672,0.0009155110810992164,-6.996028090046154,-0.06255007867056683
IT,2010,42,42.0,0.00096,-6.9485772735023925,0.001021566910284261,-6.886417643860314,-0.06215962964207833
IT,2010,43,43.0,0.00116,-6.759335273863864,0.0011142723584167766,-6.7995536804499634,0.04021840658609932
IT,2010,44,44.0,0.00119,-6.733801971858699,0.0012357085298297823,-6.696110765045727,-0.03769120681297178
IT,2010,45,45.0,0.00134,-6.615085665019317,0.001366831508413651,-6.595259985301071,-0.019825679718245226
IT,2010,46,46.0,0.00148,-6.515713191206113,0.0015162431532185184,-6.491519613318176,-0.024193577887936968
IT,2010,47,47.0,0.00164,-6.41305903714603,0.0016446275900439354,-6.410241309425709,-0.0028177277203207396
IT,2010,48,48.0,0.00178,-6.331141914678144,0.0018019705054621057,-6.3188744875980305,-0.01226742708011308
IT,2010,49,49.0,0.00205,-6.18991548583182,0.0020107291550173698,-6.209257859003758,0.019342373171937766
IT,2010,50,50.0,0.00217,-6.133028111429769,0.0022093979417674467,-6.115035225106398,-0.017992886323370705
IT,2010,51,51.0,0.00236,-6.049093659944618,0.0024020293141946416,-6.031441351321112,-0.017652308623506308
IT,2010,52,52.0,0.00271,-5.910806644090528,0.002680893783010789,-5.921605038935081,0.010798394844553805
IT,2010,53,53.0,0.00291,-5.839602197798736,0.0028974620894721905,-5.843920066710961,0.004317868912225187
IT,2010,54,54.0,0.00331,-5.710807089593166,0.0032037706530921605,-5.743426833770007,0.032619744176841436
IT,2010,55,55.0,0.00347,-5.663600685023369,0.003465854913464327,-5.664795948500152,0.0011952634767826709
IT,2010,56,56.0,0.004,-5.521460917862246,0.0038310875383976446,-5.564606563512246,0.04314564565000012
IT,2010,57,57.0,0.00414,-5.487059491144914,0.004214133091002333,-5.469311381041842,-0.017748110103072534
IT,2010,58,58.0,0.00458,-5.386056280856043,0.004587679697145056,-5.384380895328819,-0.001675385527224016
IT,2010,59,59.0,0.00501,-5.296319363885364,0.005040300254733141,-5.290289624321527,-0.006029739563836678
IT,2010,60,60.0,0.00562,-5.181423615076537,0.005614233517497553,-5.182450206343294,0.00102659126675686
IT,2010,61,61.0,0.00601,-5.114330530435021,0.006073063940153577,-5.103892033527759,-0.01043849690726173
IT,2010,62,62.0,0.00665,-5.013138424314374,0.006665137682924758,-5.010864667961716,-0.0022737563526584736
IT,2010,63,63.0,0.00741,-4.904924839674141,0.007316529175901437,-4.917619219754179,0.012694380080037426
IT,2010,64,64.0,0.00821,-4.8024023555178,0.007993279163307757,-4.829154194974456,0.026751839456656157
IT,2010,65,65.0,0.00887,-4.725080482660649,0.008807933117745971,-4.732102472943679,0.007021990283029744
IT,2010,66,66.0,0.0101,-4.595219855134923,0.009723874834534888,-4.633171094419526,0.03795123928460331
IT,2010,67,67.0,0.01069,-4.5384465539451835,0.010632456158098939,-4.543844054230932,0.005397500285748258
IT,2010,68,68.0,0.01159,-4.457612621630477,0.011645518873043749,-4.452833819056376,-0.0047788025741013485
IT,2010,69,69.0,0.01248,-4.383627916040855,0.01283245241747645,-4.355777971506575,-0.027849944534279913
IT,2010,70,70.0,0.0142,-4.254513314374922,0.014215769109224053,-4.253403429875073,-0.0011098844998489454
IT,2010,71,71.0,0.01552,-4.165625764227064,0.015817193313050697,-4.146657746222358,-0.018968018004706266
IT,2010,72,72.0,0.0174,-4.051285072761654,0.01757681093921928,-4.0411748059553645,-0.010110266806289125
IT,2010,73,73.0,0.01903,-3.961738597674079,0.01951581104711158,-3.9365303190229683,-0.02520827865111075
IT,2010,74,74.0,0.02205,-3.814442677089282,0.021889855782634103,-3.8217319557452627,0.007289278655980613
IT,2010,75,75.0,0.02445,-3.7111250630612562,0.02439110530005326,-3.7135367500257654,0.0024116869645092187
IT,2010,76,76.0,0.02764,-3.588491280082668,0.02751048263055525,-3.5931881603771076,0.004696880294439598
IT,2010,77,77.0,0.03068,-3.484144302483082,0.03085404865802915,-3.478487300352434,-0.0056570021306479035
IT,2010,78,78.0,0.03493,-3.3544092201633964,0.03486068528554896,-3.3563955808634893,0.0019863607000929484
IT,2010,79,79.0,0.03975,-3.225145437881796,0.03967941513788438,-3.2269227361427317,0.0017772982609356447
IT,2010,80,80.0,0.04575,-3.0845634872606067,0.04519220258880551,-3.0968307161225805,0.012267228861973845
IT,2010,81,81.0,0.05197,-2.9570886499617863,0.05123205600780019,-2.971389848949345,0.01430119898755855
IT,2010,82,82.0,0.05911,-2.828355164145859,0.05851053194218855,-2.8385485077485537,0.01019334360269486
IT,2010,83,83.0,0.06675,-2.706800981701778,0.06644327418343364,-2.711406715146737,0.004605733444959181
IT,2010,84,84.0,0.07545,-2.5842850937682793,0.07541393591830593,-2.584763194543809,0.0004781007755298994
IT,2010,85,85.0,0.08544,-2.4599409037702524,0.08575567240814755,-2.456253044591605,-0.0036878591786475567
IT,2011,20,20.0,0.00038,-7.875339305243843,0.0003240001994047265,-8.034766426725447,0.15942712148160432
IT,2011,21,21.0,0.00033,-8.016417903503749,0.00033720024668955795,-7.994833600254522,-0.021584303249226444
IT,2011,22,22.0,0.00034,-7.986564940354067,0.00035119020128316,-7.954182597266917,-0.032382343087149934
IT,2011,23,23.0,0.00037,-7.902007552326004,0.00033634064541466466,-7.997386085936313,0.09537853361030901
IT,2011,24,24.0,0.0004,-7.824046010856292,0.0003471533522926261,-7.965743938200278,0.14169792734398623
IT,2011,25,25.0,0.00038,-7.875339305243843,0.00036636593270236777,-7.911877907919464,0.0365386026756207
IT,2011,26,26.0,0.00033,-8.016417903503749,0.00036126433326776324,-7.9259006424589575,-0.0905172610447913
IT,2011,27,27.0,0.00036,-7.929406526514119,0.0003643389971264161,-7.9174258129415005,-0.011980713572618207
IT,2011,28,28.0,0.00035,-7.957577403480815,0.0003692485692574166,-7.904040511286313,-0.05353689219450164
IT,2011,29,29.0,0.00039,-7.849363818840582,0.00037779847069608377,-7.88114965082437,0.031785831983787816
IT,2011,30,30.0,0.00039,-7.849363818840582,0.0004004437779939954,-7.822937180850576,-0.02642663799000644
IT,2011,31,31.0,0.0004,-7.824046010856292,0.0004128996462174283,-7.792305981896456,-0.03174002895983552
IT,2011,32,32.0,0.00045,-7.706262975199909,0.0004387849359475931,-7.731501160262807,0.02523818506289821
IT,2011,33,33.0,0.00044,-7.728735831051967,0.00045882456538420255,-7.6868426314567095,-0.04189319959525761
IT,2011,34,34.0,0.00051,-7.5810998322459024,0.0004984093477770765,-7.604088835094931,0.022989002849028495
IT,2011,35,35.0,0.00051,-7.5810998322459024,0.0005224144761791883,-7.557049269476368,-0.024050562769534878
IT,2011,36,36.0,0.00055,-7.505592279737757,0.0005780004389936502,-7.4559359297876,-0.04965634995015744
IT,2011,37,37.0,0.00052,-7.5616817463888015,0.00060688003411602,-7.407179423808257,-0.15450232258054442
IT,2011,38,38.0,0.00067,-7.308232845579262,0.0006628577815155585,-7.318950098306451,0.010717252727189042
IT,2011,39,39.0,0.00073,-7.222466023821838,0.0007373054737205504,-7.21250826898897,-0.009957754832867316
IT,2011,40,40.0,0.0008,-7.1308988302963465,0.000807058828626304,-7.122113994425223,-0.008784835871123775
IT,2011,41,41.0,0.00083,-7.09408485717363,0.0008920485062923795,-7.021990047611216,-0.07209480956241432
IT,2011,42,42.0,0.00097,-6.938214486466846,0.000995707116851719,-6.912057403009439,-0.02615708345740675
IT,2011,43,43.0,0.00104,-6.868534565828856,0.0010868883538740568,-6.824436386445586,-0.044098179383269986
IT,2011,44,44.0,0.00117,-6.750751530172472,0.0012043712252597298,-6.721797652990712,-0.028953877181760568
IT,2011,45,45.0,0.00129,-6.653113060608557,0.0013337916857180338,-6.619729501315236,-0.03338355929332071
IT,2011,46,46.0,0.00154,-6.475972862556599,0.001480272300430398,-6.515529221352309,0.039556358795709734
IT,2011,47,47.0,0.00155,-6.469500348050982,0.001607579980741053,-6.433025348352401,-0.03647499969858092
IT,2011,48,48.0,0.00188,-6.276483502140279,0.0017630891994373048,-6.340687781589747,0.06420427944946727
IT,2011,49,49.0,0.00198,-6.224658434275693,0.0019691504430117235,-6.230153076448228,0.00549464217253437
IT,2011,50,50.0,0.00222,-6.110248083097949,0.0021656907292397693,-6.135015924882486,0.024767841784536948
IT,2011,51,51.0,0.0023,-6.074846156047033,0.0023567887782817163,-6.050455273688783,-0.024390882358249932
IT,2011,52,52.0,0.00264,-5.936976361823913,0.0026346014876785758,-5.939023346499089,0.0020469846751760556
IT,2011,53,53.0,0.00289,-5.846498776857796,0.002850290142816611,-5.860334485386248,0.013835708528451285
IT,2011,54,54.0,0.00329,-5.716867714204857,0.0031550644777793473,-5.758746346500688,0.04187863229583133
IT,2011,55,55.0,0.0035,-5.654992310486769,0.0034173641600609276,-5.678885738492387,0.023893428005618667
IT,2011,56,56.0,0.00377,-5.580680277522218,0.0037841206849317742,-5.576941734820179,-0.003738542702039105
IT,2011,57,57.0,0.00428,-5.453802269388432,0.004161457409014272,-5.481889927357886,0.028087657969454227
IT,2011,58,58.0,0.0047,-5.360192770266124,0.004533625772972823,-5.396233268244835,0.03604049797871056
IT,2011,59,59.0,0.00508,-5.282444017391747,0.004983744031651683,-5.301573856831165,0.019129839439418816
IT,2011,60,60.0,0.00561,-5.183204559447532,0.005552145972445107,-5.193570764256345,0.010366204808812896
IT,2011,61,61.0,0.00604,-5.1093512670354135,0.006011768091354818,-5.114036382127695,0.004685115092281755
IT,2011,62,62.0,0.00669,-5.007141404842,0.006602589095949024,-5.020293419609286,0.013152014767285891
IT,2011,63,63.0,0.00734,-4.914416436355713,0.0072498982771048515,-4.926767840958144,0.012351404602431337
IT,2011,64,64.0,0.00788,-4.843427375112349,0.007917105584485301,-4.8387295964556865,-0.0046977786566628765
IT,2011,65,65.0,0.00913,-4.69618958437526,0.008720013562193419,-4.742134485765048,0.04594490138978813
IT,2011,66,66.0,0.00992,-4.613202357685355,0.009626632581508813,-4.643221794333883,0.030019436648527353
IT,2011,67,67.0,0.01072,-4.535644123339481,0.010519858871780788,-4.554490486992521,0.018846363653040044
IT,2011,68,68.0,0.01173,-4.445605616316753,0.011510579247864585,-4.464488731896515,0.01888311557976241
IT,2011,69,69.0,0.01277,-4.360656608937689,0.012679154199071509,-4.367796035741094,0.007139426803404625
IT,2011,70,70.0,0.01377,-4.285262966241573,0.014036972087359403,-4.266060566936634,-0.019202399304939277
IT,2011,71,71.0,0.01541,-4.172738629650112,0.015607667663011937,-4.159992968621751,-0.01274566102836161
IT,2011,72,72.0,0.0169,-4.080441657053109,0.017321322766005003,-4.055817006592864,-0.02462465046024498
IT,2011,73,73.0,0.01888,-3.9696521182647824,0.019228768649367574,-3.9513477542258335,-0.01830436403894886
IT,2011,74,74.0,0.02119,-3.854225906701929,0.02155067587072647,-3.837348100013445,-0.016877806688484043
IT,2011,75,75.0,0.02385,-3.735971061647787,0.02400197759866913,-3.7296190520843333,-0.00635200956345372
IT,2011,76,76.0,0.02684,-3.6178619668786562,0.027062582264626614,-3.6096032334226034,-0.00825873345605288
IT,2011,77,77.0,0.03068,-3.484144302483082,0.03034172322510028,-3.4952315095388435,0.011087207055761716
IT,2011,78,78.0,0.03465,-3.362457553346225,0.03428608984824997,-3.373015550848162,0.010557997501936978
IT,2011,79,79.0,0.03941,-3.2337356877752246,0.03903544682982631,-3.2432851525732254,0.009549464798000784
IT,2011,80,80.0,0.04491,-3.1030947918824903,0.044433730956242194,-3.113756391752986,0.010661599870495753
IT,2011,81,81.0,0.05077,-2.980449650022834,0.050420015731435626,-2.9873670452145653,0.006917395191731401
IT,2011,82,82.0,0.05732,-2.859105676022166,0.05761154570108658,-2.854032285167527,-0.00507339085463876
IT,2011,83,83.0,0.06611,-2.7164352576366504,0.06547362297469685,-2.726107920123813,0.009672662487162587
IT,2011,84,84.0,0.07496,-2.5908006410519704,0.07442108455692097,-2.5980159827094793,0.007215341657508922
IT,2011,85,85.0,0.08459,-2.469939222666214,0.08470436995071476,-2.468588085376211,-0.0013511372900030238
IT,2012,20,20.0,0.00027,-8.2170885989659,0.00030901480755588244,-8.082121361321875,-0.13496723764402496
IT,2012,21,21.0,0.00032,-8.047189562170502,0.00032350628011433645,-8.036292031184434,-0.010897530986067494
IT,2012,22,22.0,0.00034,-7.986564940354067,0.0003365312266799525,-7.996819614730462,0.010254674376395378
IT,2012,23,23.0,0.00032,-8.047189562170502,0.0003225886480443901,-8.039132581843365,-0.008056980327136642
IT,2012,24,24.0,0.00033,-8.016417903503749,0.00033359301653551127,-8.005588821345343,-0.010829082158405612
IT,2012,25,25.0,0.00039,-7.849363818840582,0.00035285433368175437,-7.9494552386550525,0.10009141981447023
IT,2012,26,26.0,0.00034,-7.986564940354067,0.0003487018475840155,-7.961293305805121,-0.025271634548945876
IT,2012,27,27.0,0.00031,-8.078938260485081,0.0003506763911207813,-7.955646722386208,-0.12329153809887305
IT,2012,28,28.0,0.00038,-7.875339305243843,0.0003565886029345511,-7.938927813408986,0.06358850816514305
IT,2012,29,29.0,0.00034,-7.986564940354067,0.0003653665471323176,-7.91460946957347,-0.07195547078059672
IT,2012,30,30.0,0.0004,-7.824046010856292,0.00038758614466397653,-7.855572425067552,0.031526414211260345
IT,2012,31,31.0,0.00038,-7.875339305243843,0.00039932375606757973,-7.825738051380867,-0.04960125386297598
IT,2012,32,32.0,0.00045,-7.706262975199909,0.00042477829754624123,-7.763943177980406,0.05768020278049679
IT,2012,33,33.0,0.00041,-7.799353398265921,0.0004443737193413641,-7.718844639343154,-0.08050875892276643
IT,2012,34,34.0,0.00048,-7.641724454062337,0.00048337449242578527,-7.634718858100389,-0.007005595961947719
IT,2012,35,35.0,0.00055,-7.505592279737757,0.0005042006794059537,-7.592536195718396,0.08694391598063866
IT,2012,36,36.0,0.00055,-7.505592279737757,0.0005577170226506536,-7.491658852082002,-0.013933427655755004
IT,2012,37,37.0,0.00054,-7.523941418405954,0.0005863679155347115,-7.4415631231883195,-0.08237829521763462
IT,2012,38,38.0,0.0007,-7.264430222920869,0.0006397641122931798,-7.354411024092754,0.089980801171885
IT,2012,39,39.0,0.00072,-7.236259345954173,0.0007115334623855165,-7.248088110780593,0.01182876482641948
IT,2012,40,40.0,0.0008,-7.1308988302963465,0.0007788704396628215,-7.157665842147911,0.026767011851564604
IT,2012,41,41.0,0.00081,-7.1184763102977895,0.0008606266813385753,-7.057849734858194,-0.0606265754395956
IT,2012,42,42.0,0.00101,-6.897804948128969,0.0009610615943766763,-6.947472057003509,0.049667108874539956
IT,2012,43,43.0,0.00105,-6.8589651148127055,0.0010501677469775062,-6.858805368546623,-0.00015974626608272757
IT,2012,44,44.0,0.00112,-6.794426593675134,0.0011623895879162498,-6.757277403150031,-0.03714919052510268
IT,2012,45,45.0,0.00132,-6.630123542383857,0.0012894651370913386,-6.65352776899801,0.023404226614152535
IT,2012,46,46.0,0.00145,-6.536191722549654,0.0014319870613407042,-6.548692245861106,0.01250052331145124
IT,2012,47,47.0,0.00157,-6.45667965962192,0.001557776853382249,-6.464495568118633,0.00781590849671332
IT,2012,48,48.0,0.00176,-6.342441469932076,0.001710760672114653,-6.370817169884486,0.028375699952409406
IT,2012,49,49.0,0.002,-6.214608098422191,0.0019131304855561357,-6.259014380941097,0.04440628251890555
IT,2012,50,50.0,0.0022,-6.119297918617867,0.002106738922892345,-6.1626140612383695,0.04331614262050287
IT,2012,51,51.0,0.00233,-6.061887011404528,0.0022956986510568643,-6.076718058678485,0.014831047273957232
IT,2012,52,52.0,0.00261,-5.948405057647535,0.0025719723966157585,-5.963082204928835,0.014677147281299874
IT,2012,53,53.0,0.00285,-5.860436284701578,0.0027863947234374607,-5.883006732598793,0.022570447897215296
IT,2012,54,54.0,0.00318,-5.750874082190052,0.0030890049390780864,-5.779906266122372,0.029032183932319988
IT,2012,55,55.0,0.0034,-5.683979847360021,0.0033515005226829545,-5.698347116211342,0.01436726885132078
IT,2012,56,56.0,0.00388,-5.551920125346955,0.0037201936206040626,-5.5939795635020815,0.04205943815512647
IT,2012,57,57.0,0.0041,-5.496768305271875,0.004089780755934615,-5.499263915270183,0.0024956099983084457
IT,2012,58,58.0,0.00455,-5.392628046019278,0.004460010152504585,-5.412604236606436,0.019976190587157383
IT,2012,59,59.0,0.00502,-5.294325345278499,0.0049066684686797195,-5.317160087091489,0.022834741812990167
IT,2012,60,60.0,0.0055,-5.2030071867437115,0.005467515772405485,-5.208930920661136,0.005923733917424734
IT,2012,61,61.0,0.00603,-5.111008268243043,0.0059281199338033375,-5.128048159444809,0.01703989120176619
IT,2012,62,62.0,0.00675,-4.9982127740976985,0.006517158662509478,-5.033316785985413,0.03510401188771439
IT,2012,63,63.0,0.00723,-4.929516242811464,0.007158861779170888,-4.939404280036096,0.009888037224632384
IT,2012,64,64.0,0.0079,-4.840892519509161,0.007813083947691441,-4.851955521408404,0.011063001899242586
IT,2012,65,65.0,0.0088,-4.733003557497976,0.008600016987432733,-4.75599110044175,0.02298754294377403
IT,2012,66,66.0,0.00997,-4.60817469500839,0.009493914919778334,-4.6571042203658495,0.04892952535745909
IT,2012,67,67.0,0.01074,-4.533780189901418,0.01036629332373374,-4.5691957629013125,0.035415572999894174
IT,2012,68,68.0,0.01172,-4.44645849483327,0.01132676284010438,-4.480586960556306,0.03412846572303607
IT,2012,69,69.0,0.01268,-4.3677293299730575,0.012470419694334017,-4.384395863534659,0.01666653356160186
IT,2012,70,70.0,0.01392,-4.274428624075863,0.013793702831665745,-4.283543107509017,0.009114483433153353
IT,2012,71,71.0,0.01513,-4.191075751181873,0.0153228192476375,-4.178412107602805,-0.012663643579068129
IT,2012,72,72.0,0.01683,-4.084592270779423,0.016974528266131987,-4.076041395842111,-0.008550874937311548
IT,2012,73,73.0,0.01893,-3.9670073137609054,0.018839224286791544,-3.971814184418761,0.004806870657855455
IT,2012,74,74.0,0.02113,-3.857061447354172,0.021090812942196027,-3.8589177388997773,0.0018562915456055151
IT,2012,75,75.0,0.02386,-3.735551862312367,0.023474687485433694,-3.7518325666310064,0.016280704318639483
IT,2012,76,76.0,0.02706,-3.609698656239495,0.02645589202866422,-3.632276384477279,0.022577728237783923
IT,2012,77,77.0,0.03015,-3.501570355808943,0.029648039518774632,-3.5183592765077956,0.01678892069885274
IT,2012,78,78.0,0.03417,-3.3764072128549367,0.033507978186127274,-3.395971713695702,0.01956450084076522
IT,2012,79,79.0,0.03951,-3.2312014745588375,0.03816312391243658,-3.265885572219234,0.034684097660396596
IT,2012,80,80.0,0.04503,-3.100426344668657,0.043406989286073214,-3.1371348073839753,0.03670846271531847
IT,2012,81,81.0,0.0514,-2.9681171065210177,0.04931951751576567,-3.0094353834636567,0.04131827694263901
IT,2012,82,82.0,0.05894,-2.831235301672588,0.05639250080873232,-2.87541909370285,0.04418379203026168
IT,2012,83,83.0,0.06625,-2.7143198141158056,0.06415753033105674,-2.7464138085111,0.032093994395294256
IT,2012,84,84.0,0.07603,-2.5766272797417917,0.0730711788424977,-2.616321260251836,0.03969398051004447
IT,2012,85,85.0,0.08572,-2.4566691083767607,0.08327343120773512,-2.485625733774109,0.028956625397348112
IT,2013,20,20.0,0.0003,-8.111728083308073,0.00028695899860436155,-8.15617121441611,0.04444313110803755
IT,2013,21,21.0,0.00027,-8.2170885989659,0.00030319893879555303,-8.10112140421685,-0.11596719474905015
IT,2013,22,22.0,0.00025,-8.294049640102028,0.0003148255232727517,-8.063491966967014,-0.23055767313501363
IT,2013,23,23.0,0.00032,-8.047189562170502,0.00030220275012789703,-8.104412407810004,0.05722284563950275
IT,2013,24,24.0,0.00032,-8.047189562170502,0.00031344236527546535,-8.067895057613944,0.020705495443442246
IT,2013,25,25.0,0.00034,-7.986564940354067,0.00033271787206581404,-8.008215658120477,0.021650717766410033
IT,2013,26,26.0,0.00035,-7.957577403480815,0.0003299275353644663,-8.016637517421767,0.05906011394095234
IT,2013,27,27.0,0.00034,-7.986564940354067,0.0003303316134978947,-8.015413518679537,0.028848578325470164
IT,2013,28,28.0,0.00033,-8.016417903503749,0.00033765638850457414,-7.99348178162908,-0.02293612187466909
IT,2013,29,29.0,0.00032,-8.047189562170502,0.0003467414163512403,-7.966931253650382,-0.08025830852011939
IT,2013,30,30.0,0.00038,-7.875339305243843,0.0003683029202494031,-7.90660480554821,0.031265500304367144
IT,2013,31,31.0,0.00039,-7.849363818840582,0.0003789840480366636,-7.878016443380665,0.028652624540082883
IT,2013,32,32.0,0.00042,-7.77525584668686,0.0004037666659676732,-7.814673406340809,0.03941755965394922
IT,2013,33,33.0,0.00042,-7.77525584668686,0.0004226835297361381,-7.768886815579009,-0.006369031107850809
IT,2013,34,34.0,0.00046,-7.6842840684811335,0.0004607681203289602,-7.682615634289757,-0.0016684341913766332
IT,2013,35,35.0,0.00048,-7.641724454062337,0.0004769839058029676,-7.648027808100149,0.006303354037812348
IT,2013,36,36.0,0.00055,-7.505592279737757,0.0005274167651840347,-7.5475194961846945,0.04192721644693709
IT,2013,37,37.0,0.00058,-7.4524824544238095,0.0005556735381377207,-7.495329597783388,0.04284714335957851
IT,2013,38,38.0,0.00061,-7.402051600796917,0.0006052542265368523,-7.409861979044751,0.007810378247834038
IT,2013,39,39.0,0.00066,-7.3232707229438025,0.0006730270627249549,-7.303725017055289,-0.019545705888513787
IT,2013,40,40.0,0.00075,-7.195437351433918,0.000736752182850734,-7.213258973540226,0.017821622106308332
IT,2013,41,41.0,0.0008,-7.1308988302963465,0.0008136955809897718,-7.113924241037412,-0.01697458925893436
IT,2013,42,42.0,0.00092,-6.991136887921188,0.0009092862054769078,-7.00285065583367,0.011713767912481465
IT,2013,43,43.0,0.00101,-6.897804948128969,0.0009952179202695499,-6.91254882943976,0.01474388131079074
IT,2013,44,44.0,0.00116,-6.759335273863864,0.0010996560893045944,-6.812757794148522,0.05342252028465744
IT,2013,45,45.0,0.00125,-6.684611727667927,0.001223085160299514,-6.706378792404086,0.021767064736159192
IT,2013,46,46.0,0.00134,-6.615085665019317,0.0013596201402587531,-6.600549926881367,-0.014535738137949394
IT,2013,47,47.0,0.00147,-6.522492878191493,0.0014829733642725935,-6.513706176693913,-0.008786701497579763
IT,2013,48,48.0,0.00166,-6.400937676613685,0.0016320292600979936,-6.41793109361933,0.016993417005645384
IT,2013,49,49.0,0.00194,-6.2450673059069,0.0018287083576723553,-6.304145376813409,0.05907807090650863
IT,2013,50,50.0,0.00212,-6.156339190298216,0.0020177549107831144,-6.205769815971098,0.04943062567288159
IT,2013,51,51.0,0.00228,-6.083579836015788,0.0022033294022953754,-6.117785697920448,0.03420586190466057
IT,2013,52,52.0,0.00267,-5.925676806569979,0.0024770089372820677,-6.0007035203740084,0.07502671380402948
IT,2013,53,53.0,0.00277,-5.88890795878289,0.002689339172026625,-5.91845977650463,0.02955181772173976
IT,2013,54,54.0,0.00295,-5.825950108630408,0.002988467833169523,-5.812994453294944,-0.012955655335464833
IT,2013,55,55.0,0.00347,-5.663600685023369,0.003251043492275865,-5.728779259627473,0.06517857460410337
IT,2013,56,56.0,0.00364,-5.615771597333488,0.0036223874459050637,-5.620621955085806,0.004850357752317791
IT,2013,57,57.0,0.00418,-5.477444032445472,0.003980165149376297,-5.526431965728512,0.04898793328303963
IT,2013,58,58.0,0.00443,-5.419355694925093,0.004347284657538084,-5.438203845443787,0.018848150518693707
IT,2013,59,59.0,0.00466,-5.368739830844582,0.004788526258533725,-5.3415325853518265,-0.02720724549275566
IT,2013,60,60.0,0.00527,-5.245724916428866,0.005337756193820333,-5.232949902737085,-0.012775013691781467
IT,2013,61,61.0,0.00584,-5.1430244821420015,0.005799644512115093,-5.1499586543227736,0.00693417218077208
IT,2013,62,62.0,0.00653,-5.031348335693798,0.006385779697487573,-5.053681683015961,0.022333347322163632
IT,2013,63,63.0,0.00701,-4.9604175779356385,0.0070187921710425,-4.959164131154698,-0.0012534467809404148
IT,2013,64,64.0,0.00767,-4.870438663602973,0.007653156029733112,-4.872637163313955,0.0021984997109827376
IT,2013,65,65.0,0.00854,-4.762994271181658,0.008415677324744632,-4.777658964412796,0.014664693231137171
IT,2013,66,66.0,0.00941,-4.6659823253848485,0.009290039762120186,-4.678812446066498,0.012830120681649682
IT,2013,67,67.0,0.01054,-4.552577735868921,0.01013064089878653,-4.592190695320421,0.03961295945150045
IT,2013,68,68.0,0.01124,-4.488276434516592,0.01104519175625964,-4.505760080897283,0.017483646380690665
IT,2013,69,69.0,0.01237,-4.39248109257774,0.012150884124217729,-4.410353344417673,0.017872251839932574
IT,2013,70,70.0,0.01405,-4.265132883202383,0.01342172113836654,-4.31088090392098,0.04574802071859718
IT,2013,71,71.0,0.01488,-4.207737249577191,0.014887780821479495,-4.207214481574876,-0.0005227680023143222
IT,2013,72,72.0,0.01644,-4.108037889354104,0.01644610388756159,-4.107666675564075,-0.0003712137900286905
IT,2013,73,73.0,0.01802,-4.0162730268019455,0.018245844046273507,-4.003817948378431,-0.012455078423514898
IT,2013,74,74.0,0.01988,-3.9180410777537094,0.02039130667711303,-3.8926466122355903,-0.02539446551811908
IT,2013,75,75.0,0.02272,-3.7845096851291866,0.02267327680714995,-3.7865682811432575,0.0020585960140708792
IT,2013,76,76.0,0.02527,-3.678137357582034,0.025534345728741404,-3.667730841739032,-0.010406515843002229
IT,2013,77,77.0,0.02909,-3.537360806475027,0.028594964996826826,-3.5545246257167844,0.017163819241757583
IT,2013,78,78.0,0.0324,-3.4295968561838532,0.03232647509443329,-3.4318687221269184,0.0022718659430651655
IT,2013,79,79.0,0.03767,-3.2788912572781874,0.03683796537062243,-3.301226297930664,0.02233504065247649
IT,2013,80,80.0,0.04344,-3.1363746033564572,0.04184880231849951,-3.173692100891066,0.03731749753460889
IT,2013,81,81.0,0.0491,-3.0138962441816624,0.047646596290043745,-3.0439440829118958,0.030047838730233423
IT,2013,82,82.0,0.05568,-2.888134262955973,0.0545377546334563,-2.9088620715823863,0.020727808626413324
IT,2013,83,83.0,0.0631,-2.7630345094349695,0.06215235745444718,-2.778166530056194,0.015132020621224651
IT,2013,84,84.0,0.07113,-2.643246090236713,0.07100921747131136,-2.6449455868275713,0.0016994965908581072
IT,2013,85,85.0,0.08169,-2.5048236836283593,0.0810841444253238,-2.512267843444148,0.007444159815788609
IT,2014,20,20.0,0.00024,-8.334871634622283,0.0002735379205477275,-8.204070296544124,-0.1308013380781592
IT,2014,21,21.0,0.00026,-8.254828926948747,0.0002907472494051785,-8.143056226953574,-0.11177269999517314
IT,2014,22,22.0,0.00031,-8.078938260485081,0.0003015366714503618,-8.106618919175581,0.027680658690499627
IT,2014,23,23.0,0.00027,-8.2170885989659,0.0002897075460761905,-8.146638605629727,-0.07044999333617241
IT,2014,24,24.0,0.00029,-8.145629634983754,0.00030106095916976284,-8.108197791561562,-0.0374318434221923
IT,2014,25,25.0,0.00032,-8.047189562170502,0.00032030887811873744,-8.046224783598,-0.0009647785725022118
IT,2014,26,26.0,0.00032,-8.047189562170502,0.0003183252586830338,-8.052436871866972,0.005247309696470026
IT,2014,27,27.0,0.00031,-8.078938260485081,0.00031780466716293594,-8.054073618120105,-0.02486464236497632
IT,2014,28,28.0,0.00032,-8.047189562170502,0.0003259488900649358,-8.028769967830584,-0.018419594339917467
IT,2014,29,29.0,0.00033,-8.016417903503749,0.00033520255954590933,-8.000775553508682,-0.015642349995067306
IT,2014,30,30.0,0.00037,-7.902007552326004,0.0003563436243099285,-7.939615055828119,0.03760750350211506
IT,2014,31,31.0,0.00034,-7.986564940354067,0.00036638250483679824,-7.911832675112175,-0.07473226524189247
IT,2014,32,32.0,0.00037,-7.902007552326004,0.0003907321739517658,-7.847488209788368,-0.05451934253763557
IT,2014,33,33.0,0.00041,-7.799353398265921,0.0004092204485499216,-7.801256553116981,0.0019031548510604068
IT,2014,34,34.0,0.00043,-7.751725349276666,0.00044671148386891615,-7.713597621700887,-0.038127727575778536
IT,2014,35,35.0,0.0005,-7.600902459542082,0.00046016634761573413,-7.683922508600189,0.08302004905810723
IT,2014,36,36.0,0.00052,-7.5616817463888015,0.0005086995938580432,-7.583652904527768,0.02197115813896655
IT,2014,37,37.0,0.00059,-7.435388021064509,0.0005366800804019298,-7.530108394428476,0.09472037336396699
IT,2014,38,38.0,0.00063,-7.369790738578696,0.0005839294540325128,-7.4457303803222326,0.07593964174353651
IT,2014,39,39.0,0.00066,-7.3232707229438025,0.000649236370203863,-7.339713700781763,0.01644297783796045
IT,2014,40,40.0,0.00069,-7.278818960372969,0.0007107290089558673,-7.249219341522662,-0.029599618850307152
IT,2014,41,41.0,0.0008,-7.1308988302963465,0.0007847102741089561,-7.150195985875963,0.019297155579616643
IT,2014,42,42.0,0.00086,-7.05857816871672,0.0008772906087400553,-7.038672253617592,-0.019905915099128535
IT,2014,43,43.0,0.001,-6.907755278982137,0.0009612147203235109,-6.9473127396920615,0.03955746070992472
IT,2014,44,44.0,0.00108,-6.830794237846009,0.0010608919779207704,-6.848645236106702,0.01785099826069292
IT,2014,45,45.0,0.00114,-6.776727016575733,0.0011819786411489796,-6.7405654302554225,-0.03616158632031041
IT,2014,46,46.0,0.00132,-6.630123542383857,0.0013147693577429062,-6.634094022087024,0.003970479703166774
IT,2014,47,47.0,0.00145,-6.536191722549654,0.0014365110095512334,-6.545538015424468,0.009346292874813145
IT,2014,48,48.0,0.00164,-6.41305903714603,0.0015830424320481332,-6.448406693611088,0.03534765646505811
IT,2014,49,49.0,0.00186,-6.287178791257027,0.0017760946859591128,-6.333338321667141,0.046159530410114336
IT,2014,50,50.0,0.00208,-6.175387385268911,0.0019622076690739803,-6.2336850778367605,0.05829769256784978
IT,2014,51,51.0,0.00222,-6.110248083097949,0.002145569492602646,-6.144350264123587,0.03410218102563789
IT,2014,52,52.0,0.00248,-5.999496718805246,0.0024174576834021136,-6.0250388350704345,0.02554211626518832
IT,2014,53,53.0,0.00272,-5.907123398674231,0.002628366977702964,-5.941392546669247,0.03426914799501635
IT,2014,54,54.0,0.00306,-5.789340363017848,0.002925185100821162,-5.834397517968538,0.0450571549506904
IT,2014,55,55.0,0.00323,-5.735273141747572,0.0031876724603892674,-5.748464264741065,0.013191122993492677
IT,2014,56,56.0,0.00353,-5.646457408036931,0.003560495485186275,-5.637855562570907,-0.008601845466023939
IT,2014,57,57.0,0.00394,-5.536574555672295,0.003910830219415781,-5.54400559519278,0.007431039520485072
IT,2014,58,58.0,0.00439,-5.428426051895057,0.004275890347618042,-5.454762929829611,0.02633687793455408
IT,2014,59,59.0,0.00478,-5.343314732478772,0.004713625535300394,-5.357297914343785,0.013983181865012462
IT,2014,60,60.0,0.00523,-5.253344000905305,0.005255466215672,-5.248486560097134,-0.004857440808171631
IT,2014,61,61.0,0.0058,-5.149897361429764,0.005718027140451661,-5.164131438599462,0.014234077169698267
IT,2014,62,62.0,0.00637,-5.056155809398065,0.006302211353453864,-5.066854698688976,0.010698889290910785
IT,2014,63,63.0,0.00706,-4.953310227476987,0.006929651376871379,-4.971945773413499,0.01863554593651262
IT,2014,64,64.0,0.00753,-4.888860237170335,0.007551454652080004,-4.886015065129851,-0.0028451720404838454
IT,2014,65,65.0,0.00828,-4.793912310584969,0.00829854730409134,-4.791674803101456,-0.002237507483513035
IT,2014,66,66.0,0.00935,-4.672378935681541,0.009160501135248382,-4.6928543927043345,0.020475457022793186
IT,2014,67,67.0,0.01022,-4.583408694206579,0.009981070328510325,-4.607064947063626,0.0236562528570472
IT,2014,68,68.0,0.01119,-4.492734756658304,0.010866796933809177,-4.522043291575587,0.029308534917283247
IT,2014,69,69.0,0.01239,-4.390865583341086,0.011948567072799258,-4.427143918020427,0.036278334679340496
IT,2014,70,70.0,0.0135,-4.305065593537753,0.013186465274708304,-4.328564333405562,0.023498739867808816
IT,2014,71,71.0,0.01487,-4.208409518510074,0.014612977550472134,-4.225845271761784,0.01743575325171065
IT,2014,72,72.0,0.01619,-4.123361511292593,0.016113087325389446,-4.128123459844201,0.004761948551608164
IT,2014,73,73.0,0.0177,-4.034190639402354,0.01787200861075977,-4.02451955485372,-0.009671084548633857
IT,2014,74,74.0,0.01969,-3.927644386331103,0.019951237565966038,-3.914464104188499,-0.013180282142604138
IT,2014,75,75.0,0.02173,-3.8290614847137987,0.022169516875100388,-3.8090370474226485,-0.02002443729115022
IT,2014,76,76.0,0.0249,-3.6928874755114753,0.02495541300689301,-3.6906645261316764,-0.002222949379798944
IT,2014,77,77.0,0.02769,-3.5866839417992664,0.02793379172935282,-3.577918149938165,-0.00876579186110149
IT,2014,78,78.0,0.03176,-3.449547642603202,0.031584503622836144,-3.455088670352997,0.0055410277497949245
IT,2014,79,79.0,0.03641,-3.312911816794795,0.036005397717421776,-3.3240864151703455,0.01117459837555046
IT,2014,80,80.0,0.04131,-3.1866506775734638,0.04087081035673874,-3.197339153935799,0.010688476362335386
IT,2014,81,81.0,0.04717,-3.053997181685967,0.04659481525338385,-3.0662660046974617,0.012268823011494678
IT,2014,82,82.0,0.05422,-2.9147054349116175,0.0533706327757946,-2.9304946323116927,0.015789197400075228
IT,2014,83,83.0,0.06105,-2.7960620784254235,0.06088881700370341,-2.7987057499671497,0.002643671541726178
IT,2014,84,84.0,0.07109,-2.6438085990407454,0.06970653496030048,-2.6634612072132784,0.019652608172533004
IT,2014,85,85.0,0.07887,-2.5399543515722374,0.07969875865127042,-2.529501268573632,-0.010453082998605367
IT,2015,20,20.0,0.00026,-8.254828926948747,0.00027690195178616016,-8.191847079108118,-0.06298184784062855
IT,2015,21,21.0,0.00031,-8.078938260485081,0.0002938753058731475,-8.132355010277198,0.05341674979211675
IT,2015,22,22.0,0.00029,-8.145629634983754,0.00030487354109499156,-8.09561348669592,-0.05001614828783474
IT,2015,23,23.0,0.00027,-8.2170885989659,0.0002928461905072696,-8.135863033854326,-0.08122556511157342
IT,2015,24,24.0,0.0003,-8.111728083308073,0.00030417326674149443,-8.097913062535008,-0.01381502077306429
IT,2015,25,25.0,0.00032,-8.047189562170502,0.00032343080772825335,-8.036525353366278,-0.010664208804223918
IT,2015,26,26.0,0.00034,-7.986564940354067,0.00032124665115940197,-8.04330134621571,0.05673640586164286
IT,2015,27,27.0,0.00032,-8.047189562170502,0.0003209555018793281,-8.044208067872258,-0.002981494298243348
IT,2015,28,28.0,0.00031,-8.078938260485081,0.00032889734222228846,-8.019764885609792,-0.0591733748752894
IT,2015,29,29.0,0.0003,-8.111728083308073,0.00033811011478746043,-7.992138932142289,-0.11958915116578339
IT,2015,30,30.0,0.00035,-7.957577403480815,0.00035935806429130974,-7.931191272973367,-0.02638613050744798
IT,2015,31,31.0,0.00042,-7.77525584668686,0.0003695578686790406,-7.9032032163635515,0.12794736967669174
IT,2015,32,32.0,0.00039,-7.849363818840582,0.0003940178668334685,-7.8391143024014305,-0.01024951643915184
IT,2015,33,33.0,0.0004,-7.824046010856292,0.0004126147451908886,-7.792996220711954,-0.03104979014433784
IT,2015,34,34.0,0.00048,-7.641724454062337,0.0004502572711387518,-7.705691424924219,0.06396697086188219
IT,2015,35,35.0,0.00046,-7.6842840684811335,0.0004644007691650361,-7.674762651886448,-0.009521416594685306
IT,2015,36,36.0,0.00053,-7.542633551418106,0.0005134118888508202,-7.57443213270377,0.031798581285663374
IT,2015,37,37.0,0.00053,-7.542633551418106,0.0005414643649399414,-7.52123330174049,-0.021400249677616223
IT,2015,38,38.0,0.00059,-7.435388021064509,0.0005892987809135822,-7.436577234825105,0.0011892137605959974
IT,2015,39,39.0,0.00071,-7.250245587928913,0.0006552263164032002,-7.330529860781475,0.08028427285256168
IT,2015,40,40.0,0.00075,-7.195437351433918,0.000717281111948637,-7.240042727328817,0.04460537589489899
IT,2015,41,41.0,0.0008,-7.1308988302963465,0.0007920073290093597,-7.140939912392968,0.010041082096621246
IT,2015,42,42.0,0.00088,-7.035588650492022,0.0008853468651175253,-7.029531051758069,-0.006057598733952396
IT,2015,43,43.0,0.00101,-6.897804948128969,0.0009697798744118116,-6.938441445816241,0.040636497687271955
IT,2015,44,44.0,0.00105,-6.8589651148127055,0.0010706522554705176,-6.839487231677628,-0.019477883135077256
IT,2015,45,45.0,0.00127,-6.668738378511637,0.00119233531099805,-6.731841448723875,0.06310307021223771
IT,2015,46,46.0,0.00139,-6.578451531839537,0.0013260721074649343,-6.625534009010009,0.04708247717047165
IT,2015,47,47.0,0.00157,-6.45667965962192,0.0014482274078359786,-6.537414947739129,0.08073528811720898
IT,2015,48,48.0,0.00167,-6.394931652553473,0.0015954017074394913,-6.440629720261234,0.04569806770776097
IT,2015,49,49.0,0.00186,-6.287178791257027,0.0017893753883459422,-6.3258886650831,0.038709873826072716
IT,2015,50,50.0,0.00209,-6.170591213005418,0.0019762355739207415,-6.226561469191085,0.055970256185667644
IT,2015,51,51.0,0.00234,-6.057604349612527,0.0021601635656976034,-6.137571335293044,0.07996698568051741
IT,2015,52,52.0,0.00253,-5.979535976242708,0.0024325169349347876,-6.018828781981878,0.039292805739170156
IT,2015,53,53.0,0.00278,-5.885304351279592,0.002643793650318727,-5.9355404045471305,0.05023605326753877
IT,2015,54,54.0,0.00303,-5.799192659460859,0.0029412055324630104,-5.828935736621601,0.02974307716074165
IT,2015,55,55.0,0.00336,-5.6958143050070245,0.003203725557496048,-5.743440909656947,0.0476266046499223
IT,2015,56,56.0,0.00363,-5.618522630705377,0.003576188280161472,-5.633457772005022,0.01493514129964435
IT,2015,57,57.0,0.00419,-5.47505454504809,0.003928407955813782,-5.5395210354780975,0.06446649043000718
IT,2015,58,58.0,0.00428,-5.453802269388432,0.004293997040640805,-5.450537268710507,-0.003265000677925123
IT,2015,59,59.0,0.00487,-5.324661341887639,0.004732627143594338,-5.353274809188996,0.02861346730135672
IT,2015,60,60.0,0.00546,-5.2103064892253235,0.005276344192056816,-5.244521808943175,0.034215319717851855
IT,2015,61,61.0,0.00589,-5.134499281318642,0.005738745021265044,-5.160514729965576,0.026015448646933947
IT,2015,62,62.0,0.00641,-5.049896008049559,0.00632343239428061,-5.06349311788814,0.013597109838581645
IT,2015,63,63.0,0.00718,-4.936455895922005,0.006952290773793418,-4.968684065974074,0.03222817005206924
IT,2015,64,64.0,0.00788,-4.843427375112349,0.007577278353481115,-4.882601200072975,0.039173824960625936
IT,2015,65,65.0,0.00839,-4.780714758503022,0.008328281514031553,-4.788098144922879,0.007383386419856919
IT,2015,66,66.0,0.00934,-4.673449026741386,0.009193385029113404,-4.6892710721196025,0.015822045378216743
IT,2015,67,67.0,0.01023,-4.582430699018602,0.010019027608105144,-4.603269233133886,0.020838534115283913
IT,2015,68,68.0,0.01124,-4.488276434516592,0.010912045263868655,-4.517888029807829,0.029611595291236803
IT,2015,69,69.0,0.01252,-4.380427913310185,0.01199987334432098,-4.422859183889756,0.04243127057957086
IT,2015,70,70.0,0.01369,-4.291089639681779,0.013246104706776533,-4.324051754166013,0.03296211448423403
IT,2015,71,71.0,0.01518,-4.187776507014653,0.01468261793133343,-4.221090938498142,0.03331443148348878
IT,2015,72,72.0,0.01696,-4.07689764861838,0.01619742245950476,-4.1229031568407075,0.04600550822232741
IT,2015,73,73.0,0.01869,-3.9797666575146655,0.017966672295584407,-4.019236776437511,0.039470118922845465
IT,2015,74,74.0,0.02042,-3.8912404662456175,0.020062626627992377,-3.9088965664361885,0.017656100190571067
IT,2015,75,75.0,0.02275,-3.783190133585178,0.022296996113822746,-3.8033033130054044,0.0201131794202265
IT,2015,76,76.0,0.02569,-3.661653467860345,0.025101889652687018,-3.6848121507105596,0.023158682850214607
IT,2015,77,77.0,0.02875,-3.5491175117387774,0.028101047396936252,-3.57194842942477,0.022830917685992436
IT,2015,78,78.0,0.03306,-3.409431186589259,0.031772210841424946,-3.449163244156695,0.03973205756743603
IT,2015,79,79.0,0.03755,-3.2820819007719932,0.03621605272064169,-3.3182528131216373,0.03617091234964409
IT,2015,80,80.0,0.04309,-3.1444643273543904,0.04111818753789915,-3.191304736192385,0.04684040883799456
IT,2015,81,81.0,0.04867,-3.022692455136774,0.04686098888922131,-3.060569743068788,0.037877287932013726
IT,2015,82,82.0,0.05711,-2.8627760463053655,0.05366607183313785,-2.9249742865817843,0.06219824027641874
IT,2015,83,83.0,0.06527,-2.729222766335011,0.061208793786025825,-2.79346441047203,0.06424164413701883
IT,2015,84,84.0,0.07476,-2.593472296394775,0.07003667372476222,-2.6587362637721457,0.0652639673773705
IT,2015,85,85.0,0.08506,-2.4643983891566497,0.0800500252155063,-2.5251035245425073,0.060705135385857645
IT,2016,20,20.0,0.00026,-8.254828926948747,0.0002631572704524116,-8.242758717998127,-0.012070208950619943
IT,2016,21,21.0,0.00029,-8.145629634983754,0.0002810642478706784,-8.176927274655519,0.0312976396717648
IT,2016,22,22.0,0.00029,-8.145629634983754,0.0002912137984039953,-8.141452858135255,-0.004176776848499486
IT,2016,23,23.0,0.00028,-8.180720954795024,0.0002799932677005251,-8.18074499901078,2.4044215756191534e-05
IT,2016,24,24.0,0.00028,-8.180720954795024,0.0002914183804583471,-8.140750589808231,-0.03997036498679307
IT,2016,25,25.0,0.0003,-8.111728083308073,0.0003106247337220455,-8.0769250183466,-0.034803064961472785
IT,2016,26,26.0,0.0003,-8.111728083308073,0.0003092525629178779,-8.081352259198523,-0.030375824109549754
IT,2016,27,27.0,0.0003,-8.111728083308073,0.00030803422868789935,-8.085299649061845,-0.02642843424622754
IT,2016,28,28.0,0.00032,-8.047189562170502,0.00031678967787505567,-8.057272481019925,0.010082918849423805
IT,2016,29,29.0,0.00032,-8.047189562170502,0.0003261634800763841,-8.028111829665999,-0.01907773250450262
IT,2016,30,30.0,0.00035,-7.957577403480815,0.0003469681169089145,-7.966277664345709,0.008700260864894283
IT,2016,31,31.0,0.00032,-8.047189562170502,0.000356510708587142,-7.939146280448458,-0.10804328172204336
IT,2016,32,32.0,0.00038,-7.875339305243843,0.00038051195782696985,-7.873992954541438,-0.0013463507024047416
IT,2016,33,33.0,0.00042,-7.77525584668686,0.00039865992809260466,-7.827401815042408,0.05214596835554808
IT,2016,34,34.0,0.00048,-7.641724454062337,0.0004356715221124001,-7.738621988206302,0.09689753414396485
IT,2016,35,35.0,0.00044,-7.728735831051967,0.0004470165642262444,-7.712914907602727,-0.015820923449240354
IT,2016,36,36.0,0.00055,-7.505592279737757,0.0004940676486752296,-7.612838109513748,0.10724582977599084
IT,2016,37,37.0,0.00056,-7.487573774235079,0.0005218139401399746,-7.558199470133687,0.07062569589860779
IT,2016,38,38.0,0.00058,-7.4524824544238095,0.0005672550468708587,-7.474701537259973,0.022219082836163473
IT,2016,39,39.0,0.00065,-7.338538195074591,0.000630635819200673,-7.36878201068932,0.030243815614729108
IT,2016,40,40.0,0.00072,-7.236259345954173,0.0006903824900128348,-7.278264780607011,0.04200543465283779
IT,2016,41,41.0,0.00077,-7.1691200431165445,0.0007620541618878983,-7.179492926210549,0.010372883094004415
IT,2016,42,42.0,0.00086,-7.05857816871672,0.0008522713405201515,-7.067605607048379,0.009027438331658644
IT,2016,43,43.0,0.00094,-6.969630682700225,0.0009346001272397839,-6.975391791554384,0.005761108854159147
IT,2016,44,44.0,0.0011,-6.812445099177812,0.0010305818097980472,-6.877631772334544,0.06518667315673188
IT,2016,45,45.0,0.00119,-6.733801971858699,0.0011497874092837065,-6.768178215188399,0.03437624332970035
IT,2016,46,46.0,0.00129,-6.653113060608557,0.0012796255014388914,-6.661187820860478,0.008074760251921553
IT,2016,47,47.0,0.00148,-6.515713191206113,0.0014000479222815757,-6.5712488127456385,0.055535621539525515
IT,2016,48,48.0,0.00157,-6.45667965962192,0.0015445509664469884,-6.473022047479322,0.016342387857402052
IT,2016,49,49.0,0.0017,-6.3771270279199666,0.0017347054211694786,-6.356917666068066,-0.02020936185190081
IT,2016,50,50.0,0.00197,-6.22972173623224,0.0019184601329613326,-6.256232428810443,0.02651069257820282
IT,2016,51,51.0,0.00216,-6.137647057286063,0.0021000236995308633,-6.165806648825553,0.02815959153948988
IT,2016,52,52.0,0.00245,-6.011667254425501,0.0023704045603318295,-6.044694637840827,0.03302738341532585
IT,2016,53,53.0,0.00256,-5.967748020490665,0.0025801299722511798,-5.959915504475939,-0.007832516014726565
IT,2016,54,54.0,0.00307,-5.786077717383031,0.00287505083824535,-5.8516849220212155,0.06560720463818459
IT,2016,55,55.0,0.00304,-5.795897763564007,0.003137390171773168,-5.764363980149461,-0.03153378341454616
IT,2016,56,56.0,0.00363,-5.618522630705377,0.003511277782749828,-5.651775267081623,0.03325263637624598
IT,2016,57,57.0,0.00398,-5.526473459685791,0.003855710673639961,-5.558199937818657,0.031726478132865665
IT,2016,58,58.0,0.0044,-5.426150738057921,0.0042190815477030665,-5.468137817346223,0.04198707928830192
IT,2016,59,59.0,0.00464,-5.373040912743973,0.004653983869210666,-5.370031680113487,-0.003009232630486025
IT,2016,60,60.0,0.00511,-5.276555874766524,0.005189927110093933,-5.261035626200855,-0.015520248565668915
IT,2016,61,61.0,0.00559,-5.1867759918151295,0.00565294350618951,-5.175578894937096,-0.011197096878033719
IT,2016,62,62.0,0.00613,-5.094560529034017,0.006235511695469311,-5.077494634978688,-0.01706589405532899
IT,2016,63,63.0,0.00669,-5.007141404842,0.00685847891267336,-4.982269594677154,-0.02487181016484552
IT,2016,64,64.0,0.00722,-4.930900326077402,0.00747029724062461,-4.896820489380787,-0.03407983669661441
IT,2016,65,65.0,0.00823,-4.799969264293159,0.00820513178191572,-4.802995493397128,0.0030262291039688805
IT,2016,66,66.0,0.00914,-4.695094893516078,0.009057191729819617,-4.704196170571962,0.00910127705588426
IT,2016,67,67.0,0.00989,-4.616231133347516,0.009861874828663133,-4.619078983548001,0.002847850200485169
IT,2016,68,68.0,0.01085,-4.523590198995668,0.010724811887147669,-4.535195353981769,0.011605154986100708
IT,2016,69,69.0,0.01169,-4.44902150349816,0.011787616107877581,-4.440705780986018,-0.0083157225121413
IT,2016,70,70.0,0.01297,-4.345116280653785,0.012999461281410257,-4.342847362270775,-0.002268918383009577
IT,2016,71,71.0,0.01464,-4.223997770448972,0.014394724546668836,-4.240893490448852,0.016895719999880043
IT,2016,72,72.0,0.01619,-4.123361511292593,0.01584903685663649,-4.1446465466479925,0.021285035355399273
IT,2016,73,73.0,0.01805,-4.014609594203247,0.017575658284651657,-4.041240386245653,0.026630792042406704
IT,2016,74,74.0,0.01996,-3.914025008098819,0.01960273377737735,-3.9320862440342585,0.018061235935439512
IT,2016,75,75.0,0.02171,-3.8299822950919364,0.02177080937288837,-3.8271852260671846,-0.0027970690247518526
IT,2016,76,76.0,0.0244,-3.713172146682981,0.024497401644880984,-3.709188222366698,-0.003983924316282916
IT,2016,77,77.0,0.02711,-3.607852615471563,0.027410934879752654,-3.5968132619979816,-0.011039353473581315
IT,2016,78,78.0,0.03049,-3.4903565179819735,0.030997659297644704,-3.4738435838753423,-0.01651293410663124
IT,2016,79,79.0,0.03472,-3.3604393891899877,0.035346684181816426,-3.3425506907047495,-0.01788869848523822
IT,2016,80,80.0,0.04034,-3.2104117464560713,0.04009759012985432,-3.2164390429878424,0.0060272965317711424
IT,2016,81,81.0,0.04513,-3.0982080651432273,0.045762258581106795,-3.08429557602401,-0.013912489119217497
IT,2016,82,82.0,0.05267,-2.943709245486839,0.052446199726944455,-2.9479674019231843,0.004258156436345306
IT,2016,83,83.0,0.06037,-2.8072629861738023,0.059887024265779056,-2.815295420602753,0.00803243442895063
IT,2016,84,84.0,0.06894,-2.6745187178934176,0.06867181661319521,-2.6784164024516772,0.003897684558259673
IT,2016,85,85.0,0.0796,-2.5307411861317997,0.07859707249946828,-2.5434208257944477,0.012679639662648068
IT,2017,20,20.0,0.00034,-7.986564940354067,0.00027101019849744994,-8.213354104960752,0.22678916460668486
IT,2017,21,21.0,0.00031,-8.078938260485081,0.0002883936872740792,-8.151184041579176,0.07224578109409485
IT,2017,22,22.0,0.00035,-7.957577403480815,0.00029902666960665043,-8.11497779254245,0.15740038906163623
IT,2017,23,23.0,0.00032,-8.047189562170502,0.0002873461720597155,-8.15482289462452,0.10763333245401796
IT,2017,24,24.0,0.00032,-8.047189562170502,0.0002987183880264664,-8.116009274454616,0.06881971228411388
IT,2017,25,25.0,0.00035,-7.957577403480815,0.0003179578538918066,-8.053591718899053,0.09601431541823846
IT,2017,26,26.0,0.00031,-8.078938260485081,0.00031612416037670983,-8.059375508962773,-0.01956275152230802
IT,2017,27,27.0,0.00034,-7.986564940354067,0.00031543222231930504,-8.06156672530773,0.07500178495366239
IT,2017,28,28.0,0.00032,-8.047189562170502,0.000323727148829181,-8.035609530208616,-0.01158003196188595
IT,2017,29,29.0,0.00036,-7.929406526514119,0.00033301092471003805,-8.007335261584915,0.07792873507079623
IT,2017,30,30.0,0.00041,-7.799353398265921,0.0003540709970608539,-7.946013108270221,0.14665971000430034
IT,2017,31,31.0,0.00041,-7.799353398265921,0.00036398898818680255,-7.9183869430192,0.11903354475327976
IT,2017,32,32.0,0.0004,-7.824046010856292,0.0003882549367248674,-7.853848380691481,0.029802369835189246
IT,2017,33,33.0,0.00043,-7.751725349276666,0.00040666107407745267,-7.807530461268204,0.05580511199153815
IT,2017,34,34.0,0.00046,-7.6842840684811335,0.0004440370487504823,-7.719602555881517,0.03531848740038335
IT,2017,35,35.0,0.00045,-7.706262975199909,0.0004569760270418236,-7.690879625684897,-0.015383349515012412
IT,2017,36,36.0,0.00052,-7.5616817463888015,0.0005051494216452381,-7.590656288008068,0.028974541619266603
IT,2017,37,37.0,0.00058,-7.4524824544238095,0.0005330745756286279,-7.536849226834218,0.08436677241040869
IT,2017,38,38.0,0.00063,-7.369790738578696,0.0005798840431082418,-7.452682400087056,0.08289166150836014
IT,2017,39,39.0,0.00072,-7.236259345954173,0.0006447234880969687,-7.3466890337117405,0.11042968775756723
IT,2017,40,40.0,0.00072,-7.236259345954173,0.0007057925612127366,-7.256189186290212,0.019929840336038396
IT,2017,41,41.0,0.00085,-7.070274208479912,0.0007792129534319306,-7.1572261817598415,0.08695197327992954
IT,2017,42,42.0,0.00094,-6.969630682700225,0.0008712207212369208,-7.045615201921166,0.07598451922094096
IT,2017,43,43.0,0.00099,-6.917805614835639,0.0009547598769819235,-6.954050686814569,0.036245071978930454
IT,2017,44,44.0,0.00109,-6.821577582741084,0.0010535383253209227,-6.855600946339565,0.03402336359848057
IT,2017,45,45.0,0.00122,-6.708904420236972,0.0011741726696309661,-6.747191490340922,0.038287070103949716
IT,2017,46,46.0,0.00137,-6.5929445391421035,0.0013062490827591563,-6.640595544445347,0.04765100530324329
IT,2017,47,47.0,0.00152,-6.489044944123952,0.0014276755197716031,-6.55170766793542,0.06266272381146809
IT,2017,48,48.0,0.00166,-6.400937676613685,0.0015737193010190022,-6.454313479694151,0.05337580308046608
IT,2017,49,49.0,0.00181,-6.3144284337044025,0.0017660735969199813,-6.3389965033085955,0.024568069604193
IT,2017,50,50.0,0.002,-6.214608098422191,0.0019516197332797036,-6.239095618739573,0.024487520317381772
IT,2017,51,51.0,0.00217,-6.133028111429769,0.0021345508845416355,-6.149499012958516,0.01647090152874675
IT,2017,52,52.0,0.00248,-5.999496718805246,0.002406082169764057,-6.029755509991181,0.03025879118593444
IT,2017,53,53.0,0.00267,-5.925676806569979,0.002616710249420201,-5.94583738016526,0.020160573595281228
IT,2017,54,54.0,0.00288,-5.8499649848342825,0.0029130755564053144,-5.838545863680619,-0.01141912115366317
IT,2017,55,55.0,0.00328,-5.7199118565860845,0.003175533542572085,-5.752279615850852,0.032367759264767315
IT,2017,56,56.0,0.00358,-5.632392478569528,0.003548622484384739,-5.6411957833666095,0.008803304797081246
IT,2017,57,57.0,0.00392,-5.5416636251797655,0.0038975321074441877,-5.547411719107535,0.0057480939277692045
IT,2017,58,58.0,0.00418,-5.477444032445472,0.004262188942333069,-5.457972414441068,-0.019471618004404334
IT,2017,59,59.0,0.00472,-5.355946479384673,0.004699244381207019,-5.360353553146952,0.004407073762279445
IT,2017,60,60.0,0.00531,-5.23816344372829,0.005239664142087174,-5.2514978777248915,0.013334433996601724
IT,2017,61,61.0,0.00575,-5.158555424172878,0.005702341436758209,-5.16687841010934,0.008322985936461968
IT,2017,62,62.0,0.00624,-5.076775096600801,0.006286141095456724,-5.069407894874462,-0.00736720172633909
IT,2017,63,63.0,0.00687,-4.980591172747879,0.006912505520309572,-4.974423113535873,-0.006168059212005694
IT,2017,64,64.0,0.0076,-4.879607031689852,0.007531899793463055,-4.888607972383133,0.009000940693280945
IT,2017,65,65.0,0.00813,-4.812194355422418,0.008276034458924404,-4.794391355390205,-0.017803000032212246
IT,2017,66,66.0,0.00888,-4.7239537219780585,0.00913560369648175,-4.695576005240327,-0.028377716737731262
IT,2017,67,67.0,0.01004,-4.6011781647185535,0.009952337038801728,-4.609947877119688,0.008769712401134555
IT,2017,68,68.0,0.0108,-4.528209144851963,0.010832555224800634,-4.525199306297141,-0.00300983855482162
IT,2017,69,69.0,0.01215,-4.41042610919558,0.011909745434841133,-4.430398269912112,0.01997216071653174
IT,2017,70,70.0,0.01337,-4.314741887868285,0.013141347275768007,-4.331991738779324,0.017249850911039033
IT,2017,71,71.0,0.01474,-4.217190392220947,0.014560304910882244,-4.229456294751398,0.012265902530451456
IT,2017,72,72.0,0.0165,-4.104394898075602,0.01604932642901879,-4.132088397326081,0.02769349925047848
IT,2017,73,73.0,0.01827,-4.0024949085922215,0.017800442831560757,-4.028531943815984,0.026037035223762217
IT,2017,74,74.0,0.0205,-3.8873303928377747,0.019867048493983342,-3.918692774267829,0.03136238143005432
IT,2017,75,75.0,0.02261,-3.7893629926922583,0.022073180761349474,-3.8133919476050435,0.024028954912785228
IT,2017,76,76.0,0.0252,-3.6809112844647593,0.02484473210040142,-3.6951095368235243,0.014198252358764929
IT,2017,77,77.0,0.02799,-3.5759079754547747,0.027807422796271013,-3.5824522868654785,0.006544311410703774
IT,2017,78,78.0,0.03155,-3.456181689994915,0.031442677125289135,-3.459589164750756,0.0034074747558410223
IT,2017,79,79.0,0.03548,-3.338786121540758,0.03584621963301854,-3.32851716706383,-0.010268954476928105
IT,2017,80,80.0,0.04068,-3.202018707801778,0.040683916775068114,-3.201922429863685,-9.627793809308116e-05
IT,2017,81,81.0,0.04746,-3.0478680279745194,0.04639366109313731,-3.0705924434545615,0.022724415480042115
IT,2017,82,82.0,0.05431,-2.9130469069353833,0.05314732743034284,-2.934687458989148,0.021640552053764583
IT,2017,83,83.0,0.06179,-2.784013739909249,0.06064690562222214,-2.802686665137313,0.018672925228063963
IT,2017,84,84.0,0.07119,-2.6424029198663552,0.0694568273962552,-2.667049907972022,0.02464698810566679
IT,2017,85,85.0,0.08243,-2.495805830657001,0.07943299411562915,-2.532841454025137,0.03703562336813615
IT,2018,20,20.0,0.00026,-8.254828926948747,0.0002597222657064107,-8.255897706711913,0.0010687797631661056
IT,2018,21,21.0,0.00029,-8.145629634983754,0.00027784970128369153,-8.188430233338106,0.04280059835435246
IT,2018,22,22.0,0.00027,-8.2170885989659,0.00028778904620864926,-8.153282824663922,-0.06380577430197754
IT,2018,23,23.0,0.0003,-8.111728083308073,0.0002767688481059497,-8.19232788352403,0.08059980021595692
IT,2018,24,24.0,0.00028,-8.180720954795024,0.000288214415282753,-8.151805857319564,-0.028915097475460172
IT,2018,25,25.0,0.00031,-8.078938260485081,0.0003074029482129007,-8.08735113610258,0.008412875617498372
IT,2018,26,26.0,0.00035,-7.957577403480815,0.0003062305757369989,-8.091172224281763,0.13359482080094853
IT,2018,27,27.0,0.00031,-8.078938260485081,0.0003047848827520525,-8.095904332651937,0.01696607216685564
IT,2018,28,28.0,0.00034,-7.986564940354067,0.00031373802682281685,-8.066952229767352,0.08038728941328532
IT,2018,29,29.0,0.00032,-8.047189562170502,0.0003231494939538005,-8.037395512235861,-0.009794049934640725
IT,2018,30,30.0,0.00031,-8.078938260485081,0.00034384053730671804,-7.97533256240634,-0.10360569807874143
IT,2018,31,31.0,0.00037,-7.902007552326004,0.00035321901166476924,-7.94842226377264,0.046414711446636225
IT,2018,32,32.0,0.00042,-7.77525584668686,0.0003771022298998407,-7.882994240432268,0.10773839374540817
IT,2018,33,33.0,0.00042,-7.77525584668686,0.0003951358149514072,-7.836281016840951,0.06102517015409159
IT,2018,34,34.0,0.00043,-7.751725349276666,0.0004319846415548876,-7.747120522308428,-0.0046048269682374965
IT,2018,35,35.0,0.00046,-7.6842840684811335,0.0004426367832260529,-7.722761026647228,0.0384769581660942
IT,2018,36,36.0,0.00049,-7.621105166859602,0.0004891948373448984,-7.622749707467576,0.0016445406079741431
IT,2018,37,37.0,0.00057,-7.469874197135678,0.0005168594948804036,-7.567739490449266,0.09786529331358729
IT,2018,38,38.0,0.00058,-7.4524824544238095,0.0005617012448109651,-7.484540442279215,0.03205798785540548
IT,2018,39,39.0,0.00066,-7.3232707229438025,0.0006244408742242633,-7.378653909863555,0.055383186919752525
IT,2018,40,40.0,0.00074,-7.208860371766058,0.0006836059433194873,-7.288128912612757,0.07926854084669888
IT,2018,41,41.0,0.00078,-7.156216638280637,0.0007545096645354657,-7.189442470646273,0.03322583236563581
IT,2018,42,42.0,0.00087,-7.047017346315645,0.000843937875246745,-7.077431673605037,0.030414327289392418
IT,2018,43,43.0,0.00088,-7.035588650492022,0.0009257301981621049,-6.984927728448358,-0.05066092204366335
IT,2018,44,44.0,0.0011,-6.812445099177812,0.0010204864023305275,-6.887475900320023,0.07503080114221117
IT,2018,45,45.0,0.00113,-6.785537646257888,0.0011390555748904076,-6.777555803002933,-0.007981843254954768
IT,2018,46,46.0,0.0013,-6.645391014514646,0.0012679052425637078,-6.670389155598864,0.024998141084217274
IT,2018,47,47.0,0.00143,-6.550080834710321,0.0013878764055378805,-6.579980465863793,0.02989963115347205
IT,2018,48,48.0,0.00155,-6.469500348050982,0.00153169291229065,-6.481381676652745,0.011881328601763386
IT,2018,49,49.0,0.00173,-6.359633870472449,0.0017208697356572947,-6.364925455693977,0.005291585221527839
IT,2018,50,50.0,0.00191,-6.260652036923599,0.00190382598203919,-6.263889742777652,0.003237705854052919
IT,2018,51,51.0,0.00211,-6.161067331494162,0.002084776842688367,-6.1730934593451545,0.012026127850992552
IT,2018,52,52.0,0.00235,-6.05333995082607,0.002354634060092494,-6.051369952083555,-0.001969998742514356
IT,2018,53,53.0,0.00252,-5.983496377458805,0.00256395037961965,-5.966206092833425,-0.01729028462538018
IT,2018,54,54.0,0.00291,-5.839602197798736,0.002858220920363666,-5.857555903524268,0.017953705725532565
IT,2018,55,55.0,0.00312,-5.769922277160746,0.003120494836752737,-5.769763688213325,-0.00015858894742137863
IT,2018,56,56.0,0.00339,-5.686925357589778,0.0034947181758333765,-5.656502542932952,-0.03042281465682617
IT,2018,57,57.0,0.00375,-5.585999438999818,0.003837168770696946,-5.563020483618974,-0.022978955380843935
IT,2018,58,58.0,0.00417,-5.479839243171427,0.004199960881341966,-5.472680067702388,-0.007159175469038992
IT,2018,59,59.0,0.00461,-5.37952742197358,0.004633901084104954,-5.37435619888278,-0.00517122309079987
IT,2018,60,60.0,0.00518,-5.262950222710745,0.00516785578097036,-5.265297419050206,0.002347196339461455
IT,2018,61,61.0,0.00539,-5.223209894061231,0.0056310093644270365,-5.17946656969789,-0.04374332436334072
IT,2018,62,62.0,0.00597,-5.121008351577626,0.006213020753534632,-5.081108067565803,-0.03990028401182322
IT,2018,63,63.0,0.00669,-5.007141404842,0.006834474664862333,-4.985775671326666,-0.021365733515334107
IT,2018,64,64.0,0.00731,-4.91851200522045,0.007442934220623251,-4.900490123393887,-0.018021881826562947
IT,2018,65,65.0,0.00799,-4.829564519203954,0.008173646700734323,-4.806840117096854,-0.022724402107099806
IT,2018,66,66.0,0.00879,-4.734140567285052,0.009022372473437415,-4.70804795582958,-0.02609261145547226
IT,2018,67,67.0,0.00958,-4.648077686999368,0.009821719453987764,-4.623159074796049,-0.02491861220331959
IT,2018,68,68.0,0.01048,-4.558286600089241,0.010677015515441904,-4.539661930622103,-0.018624669467138588
IT,2018,69,69.0,0.01134,-4.4794189806825315,0.011733450138128555,-4.445311530141607,-0.03410745054092423
IT,2018,70,70.0,0.01268,-4.3677293299730575,0.012936557940038269,-4.347698026836706,-0.02003130313635193
IT,2018,71,71.0,0.0143,-4.247495741716276,0.014321347518753793,-4.2460040214051755,-0.0014917203111002308
IT,2018,72,72.0,0.01578,-4.149011963564409,0.015760350450457605,-4.150257958095473,0.0012459945310636655
IT,2018,73,73.0,0.01736,-4.053586569749933,0.017476136559555887,-4.046918953803777,-0.006667615946155614
IT,2018,74,74.0,0.01953,-3.9358035340935498,0.019485768404394966,-3.9380709052802976,0.002267371186747802
IT,2018,75,75.0,0.02165,-3.8327498245336384,0.021637041786239573,-3.8333485355387236,0.0005987110050851285
IT,2018,76,76.0,0.02437,-3.7144024113450222,0.024343776155158647,-3.7154790615020947,0.0010766501570724785
IT,2018,77,77.0,0.02662,-3.626092466015171,0.02723560272678919,-3.6032302377951155,-0.02286222822005568
IT,2018,78,78.0,0.02985,-3.511570439143526,0.030800851391706588,-3.4802129467967813,-0.031357492346744564
IT,2018,79,79.0,0.03428,-3.3731931852525583,0.03512573065584603,-3.3488213499546546,-0.024371835297903655
IT,2018,80,80.0,0.03868,-3.2524326083970436,0.03983833803308507,-3.222925563172899,-0.0295070452241446
IT,2018,81,81.0,0.04441,-3.114290609678126,0.04548291103501701,-3.0904186052216622,-0.02387200445646398
IT,2018,82,82.0,0.05077,-2.980449650022834,0.052135908994698506,-2.953901335490283,-0.026548314532550688
IT,2018,83,83.0,0.05796,-2.8480021615296556,0.059550568024644535,-2.8209294446092836,-0.027072716920371942
IT,2018,84,84.0,0.06706,-2.702167537944055,0.06832392084841055,-2.6834953416811675,-0.018672196262887297
IT,2018,85,85.0,0.07723,-2.5609672964009644,0.07822640319719273,-2.548148051624601,-0.012819244776363536
IT,2019,20,20.0,0.00025,-8.294049640102028,0.0002479788253092399,-8.302167197262108,0.008117557160080224
IT,2019,21,21.0,0.00028,-8.180720954795024,0.00026681944169118553,-8.228938376670696,0.04821742187567146
IT,2019,22,22.0,0.00028,-8.180720954795024,0.0002760461379835442,-8.19494253961086,0.014221584815835797
IT,2019,23,23.0,0.00029,-8.145629634983754,0.0002657067000376949,-8.233117488965084,0.08748785398132952
IT,2019,24,24.0,0.00027,-8.2170885989659,0.00027720938418737245,-8.190737437731743,-0.026351161234156706
IT,2019,25,25.0,0.00031,-8.078938260485081,0.0002963210272835313,-8.124067139707895,0.04512887922281372
IT,2019,26,26.0,0.00032,-8.047189562170502,0.00029582170406599494,-8.125753636254933,0.07856407408443111
IT,2019,27,27.0,0.0003,-8.111728083308073,0.0002936126538509245,-8.133249163205356,0.021521079897283357
IT,2019,28,28.0,0.00034,-7.986564940354067,0.00030322366267071554,-8.101039864132042,0.11447492377797541
IT,2019,29,29.0,0.00031,-8.078938260485081,0.0003127556374924833,-8.07008838322421,-0.008849877260871608
IT,2019,30,30.0,0.00032,-8.047189562170502,0.0003330493904503577,-8.007219759311361,-0.0399698028591402
IT,2019,31,31.0,0.00032,-8.047189562170502,0.00034186726114464463,-7.981088021549848,-0.06610154062065376
IT,2019,32,32.0,0.00038,-7.875339305243843,0.0003653361607516705,-7.9146926398706015,0.039353334626758496
IT,2019,33,33.0,0.00038,-7.875339305243843,0.0003829716884108921,-7.867549492114083,-0.007789813129759793
IT,2019,34,34.0,0.00042,-7.77525584668686,0.00041924777658454215,-7.777048460591555,0.001792613904695095
IT,2019,35,35.0,0.00043,-7.751725349276666,0.00042755204219268927,-7.75743454087345,0.00570919159678418
IT,2019,36,36.0,0.0005,-7.600902459542082,0.0004724144864947219,-7.657653808373059,0.05675134883097677
IT,2019,37,37.0,0.00052,-7.5616817463888015,0.0004997837438615405,-7.6013350653794145,0.039653318990612973
IT,2019,38,38.0,0.00056,-7.487573774235079,0.0005425726567534264,-7.519188552018011,0.03161477778293165
IT,2019,39,39.0,0.00063,-7.369790738578696,0.0006031056255184642,-7.413418209879696,0.043627471300999865
IT,2019,40,40.0,0.0007,-7.264430222920869,0.0006602672634934159,-7.322865860224781,0.0584356373039121
IT,2019,41,41.0,0.00078,-7.156216638280637,0.0007285311299629404,-7.224480201652497,0.06826356337186024
IT,2019,42,42.0,0.00089,-7.024289095238089,0.0008152346499053092,-7.112034572168447,0.08774547693035828
IT,2019,43,43.0,0.00094,-6.969630682700225,0.0008951592492084758,-7.018508923440944,0.048878240740719114
IT,2019,44,44.0,0.00103,-6.878196476740593,0.0009857158761502288,-6.922142402949799,0.04394592620920612
IT,2019,45,45.0,0.00116,-6.759335273863864,0.0011020542231157508,-6.810579365182639,0.051244091318775276
IT,2019,46,46.0,0.00127,-6.668738378511637,0.0012274799464872122,-6.702792035303008,0.034053656791370734
IT,2019,47,47.0,0.00135,-6.607650686531799,0.0013458502057839153,-6.610729342374671,0.0030786558428719246
IT,2019,48,48.0,0.00149,-6.508979159024769,0.00148725899252763,-6.510820455501609,0.0018412964768392825
IT,2019,49,49.0,0.00171,-6.371261908467568,0.0016730194736819357,-6.393125217067946,0.021863308600377884
IT,2019,50,50.0,0.00187,-6.281816848115642,0.0018531742680414417,-6.290855289667413,0.00903844155177147
IT,2019,51,51.0,0.00202,-6.2046577675690235,0.0020319603483446307,-6.1987542630662205,-0.005903504502803081
IT,2019,52,52.0,0.00219,-6.123853735153728,0.002299928263191531,-6.074877346450174,-0.048976388703553475
IT,2019,53,53.0,0.00256,-5.967748020490665,0.0025077767906117325,-5.9883586591307445,0.02061063864007906
IT,2019,54,54.0,0.00271,-5.910806644090528,0.002799734166116116,-5.8782308069809455,-0.03257583710958212
IT,2019,55,55.0,0.00295,-5.825950108630408,0.003061718305669736,-5.7887789828206335,-0.037171125809774885
IT,2019,56,56.0,0.00349,-5.657853542767802,0.0034370221389527352,-5.673149839775647,0.015296297007845183
IT,2019,57,57.0,0.00369,-5.6021288209297015,0.0037725797246668745,-5.57999623443308,-0.022132586496621975
IT,2019,58,58.0,0.00407,-5.504112279527633,0.004133313929053017,-5.488675789634223,-0.01543648989341051
IT,2019,59,59.0,0.00449,-5.405902577227974,0.004563866171466873,-5.389585170053138,-0.016317407174835985
IT,2019,60,60.0,0.00493,-5.312416290927538,0.0050908753013258565,-5.280305498306949,-0.032110792620589024
IT,2019,61,61.0,0.00521,-5.257175423216862,0.00555444274597387,-5.193157176678785,-0.06401824653807697
IT,2019,62,62.0,0.00609,-5.1011071972603315,0.006134461869965159,-5.093832919423532,-0.00727427783679957
IT,2019,63,63.0,0.00644,-5.045226738865875,0.006750609615129198,-4.99812246482323,-0.04710427404264461
IT,2019,64,64.0,0.00723,-4.929516242811464,0.0073473697210195985,-4.9134128908907195,-0.016103351920744302
IT,2019,65,65.0,0.00767,-4.870438663602973,0.008063729454614161,-4.82037911799096,-0.050059545612012535
IT,2019,66,66.0,0.00868,-4.746733750309878,0.008900817287133963,-4.721612176445109,-0.02512157386476943
IT,2019,67,67.0,0.0093,-4.677740878822926,0.00968160791688961,-4.637527284371216,-0.04021359445171058
IT,2019,68,68.0,0.01036,-4.5698030421508005,0.010510388137789355,-4.555391164443182,-0.014411877707618537
IT,2019,69,69.0,0.01141,-4.473265115108153,0.011544676403514963,-4.461530865714023,-0.011734249394129925
IT,2019,70,70.0,0.01236,-4.393289826952592,0.012717454714862271,-4.364779842125884,-0.028509984826707857
IT,2019,71,71.0,0.01402,-4.267270397375693,0.014065912428063333,-4.26400096690388,-0.0032694304718132727
IT,2019,72,72.0,0.01546,-4.169499235822861,0.015451970012026587,-4.170018774897913,0.0005195390750518669
IT,2019,73,73.0,0.01749,-4.046125989951626,0.01713013195336132,-4.066916263619074,0.02079027366744768
IT,2019,74,74.0,0.01941,-3.941966881801218,0.019079398537712348,-3.959146136639557,0.01717925483833893
IT,2019,75,75.0,0.02153,-3.8383079676058656,0.021172483595082614,-3.8550528839907536,0.016744916384888064
IT,2019,76,76.0,0.02391,-3.733458497511904,0.023810407334468767,-3.7376325109241666,0.004174013412262756
IT,2019,77,77.0,0.0262,-3.6419958682150857,0.026627044140413367,-3.6258278826728216,-0.016167985542264063
IT,2019,78,78.0,0.03009,-3.503562388340183,0.030117679496434277,-3.502642920969381,-0.0009194673708021739
IT,2019,79,79.0,0.03408,-3.379044577021022,0.034358572261307854,-3.370903735077838,-0.008140841943184096
IT,2019,80,80.0,0.03814,-3.266491678809864,0.03893864364831956,-3.245768111480382,-0.02072356732948233
IT,2019,81,81.0,0.04428,-3.1172221711417007,0.044512683630021734,-3.1119811050282165,-0.005241066113484294
IT,2019,82,82.0,0.04996,-2.99653259372476,0.051057750342510456,-2.9747979272363656,-0.021734666488394616
IT,2019,83,83.0,0.05803,-2.84679516077962,0.05838070179517832,-2.8407698924708624,-0.006025268308757603
IT,2019,84,84.0,0.06638,-2.7123594726903084,0.06711276359307096,-2.701381035611124,-0.010978437079184555
IT,2019,85,85.0,0.07665,-2.568505673664314,0.07693493823330877,-2.5647951723156632,-0.0037105013486509186
IT,2022,20,20.0,0.00025,-8.294049640102028,0.00027048034587523446,-8.2153111208194,-0.0787385192826271
IT,2022,21,21.0,0.00032,-8.047189562170502,0.00028789999569166566,-8.152897375310834,0.10570781314033262
IT,2022,22,22.0,0.00032,-8.047189562170502,0.00029850023639642744,-8.1167398331841,0.06955027101359867
IT,2022,23,23.0,0.00028,-8.180720954795024,0.0002868508587813741,-8.156548133086558,-0.024172821708466685
IT,2022,24,24.0,0.00028,-8.180720954795024,0.00029822690774126276,-8.117655925830347,-0.0630650289646777
IT,2022,25,25.0,0.00029,-8.145629634983754,0.0003174644672184524,-8.055144660166988,-0.09048497481676598
IT,2022,26,26.0,0.00033,-8.016417903503749,0.0003156621173025606,-8.060838165474465,0.04442026197071591
IT,2022,27,27.0,0.00031,-8.078938260485081,0.0003149343783748103,-8.063146263460462,-0.01579199702461942
IT,2022,28,28.0,0.00032,-8.047189562170502,0.0003232607444996358,-8.037051301886718,-0.010138260283783396
IT,2022,29,29.0,0.00036,-7.929406526514119,0.0003325507625138797,-8.008718040306448,0.07931151379232926
IT,2022,30,30.0,0.00036,-7.929406526514119,0.0003535937827150328,-7.947361810174843,0.017955283660723964
IT,2022,31,31.0,0.00039,-7.849363818840582,0.0003634864366254006,-7.919768574959483,0.07040475611890074
IT,2022,32,32.0,0.00039,-7.849363818840582,0.0003877347457091424,-7.855189097212388,0.005825278371805354
IT,2022,33,33.0,0.00045,-7.706262975199909,0.0004061236071041862,-7.808852993702809,0.10259001850289984
IT,2022,34,34.0,0.00049,-7.621105166859602,0.0004434753275812413,-7.720868388920529,0.09976322206092725
IT,2022,35,35.0,0.00049,-7.621105166859602,0.00045630633908887505,-7.692346177756442,0.07124101089684043
IT,2022,36,36.0,0.00056,-7.487573774235079,0.0005044042172517071,-7.592132592981208,0.1045588187461286
IT,2022,37,37.0,0.00053,-7.542633551418106,0.0005323176361549472,-7.53827018635067,-0.004363365067436398
IT,2022,38,38.0,0.00059,-7.435388021064509,0.0005790348584367165,-7.454147877649586,0.01875985658507684
IT,2022,39,39.0,0.00067,-7.308232845579262,0.0006437761884914782,-7.348159425661973,0.039926580082711105
IT,2022,40,40.0,0.00072,-7.236259345954173,0.0007047563474495061,-7.257658421342281,0.021399075388107924
IT,2022,41,41.0,0.00085,-7.070274208479912,0.0007780590485739556,-7.1587081387560145,0.08843393027610258
IT,2022,42,42.0,0.00096,-6.9485772735023925,0.0008699465654452063,-7.047078767230369,0.09850149372797645
IT,2022,43,43.0,0.00099,-6.917805614835639,0.0009534047451568574,-6.95547103811672,0.03766542328108091
IT,2022,44,44.0,0.00112,-6.794426593675134,0.0010519947008981107,-6.857067201848402,0.06264060817326822
IT,2022,45,45.0,0.00121,-6.717134919373487,0.0011725337704281372,-6.7485882559877055,0.03145333661421823
IT,2022,46,46.0,0.00137,-6.5929445391421035,0.0013044600773032323,-6.641966057686206,0.04902151854410253
IT,2022,47,47.0,0.00145,-6.536191722549654,0.0014258199554605892,-6.553008223404086,0.016816500854431204
IT,2022,48,48.0,0.00158,-6.450330431943262,0.0015717610140312695,-6.455558623230018,0.005228191286756001
IT,2022,49,49.0,0.00168,-6.38896148556697,0.001763968389537284,-6.340189241321543,-0.04877224424542703
IT,2022,50,50.0,0.00189,-6.271178449910586,0.0019493951102951467,-6.240236154377049,-0.03094229553353678
IT,2022,51,51.0,0.00209,-6.170591213005418,0.00213223540613783,-6.150584363137016,-0.020006849868401844
IT,2022,52,52.0,0.0024,-6.032286541628237,0.0024036910645291697,-6.03074977949845,-0.0015367621297874834
IT,2022,53,53.0,0.00259,-5.95609740327069,0.002614259630037883,-5.946774345820989,-0.009323057449701189
IT,2022,54,54.0,0.0028,-5.8781358618009785,0.0029105292832440417,-5.8394203300613725,-0.03871553173960596
IT,2022,55,55.0,0.00314,-5.763532479061975,0.0031729805781857082,-5.7530838873624,-0.010448591699574905
IT,2022,56,56.0,0.00356,-5.637994734118198,0.0035461247269333394,-5.641899897968638,0.003905163850439486
IT,2022,57,57.0,0.00373,-5.591347045326413,0.003894734656905814,-5.5481297260092886,-0.04321731931712414
IT,2022,58,58.0,0.00415,-5.48464694473953,0.004259306309909887,-5.458648970009735,-0.025997974729794926
IT,2022,59,59.0,0.00473,-5.353830076478295,0.004696218454809142,-5.360997678200781,0.007167601722485983
IT,2022,60,60.0,0.00516,-5.266818699488666,0.005236339151977382,-5.252132659927247,-0.014686039561419229
IT,2022,61,61.0,0.00557,-5.190360225042944,0.005699040404157061,-5.167457468461993,-0.022902756580950978
IT,2022,62,62.0,0.00615,-5.09130319716371,0.006282758737079962,-5.069946105617403,-0.021357091546307494
IT,2022,63,63.0,0.00687,-4.980591172747879,0.00690889661149392,-4.974945333910225,-0.005645838837653905
IT,2022,64,64.0,0.00748,-4.895522486995751,0.007527784119076896,-4.889154554172302,-0.006367932823448719
IT,2022,65,65.0,0.00839,-4.780714758503022,0.00827129657745107,-4.794964001406942,0.01424924290392049
IT,2022,66,66.0,0.00921,-4.687465428714922,0.009130363987706959,-4.6961497179512115,0.008684289236289722
IT,2022,67,67.0,0.01004,-4.6011781647185535,0.009946290659349469,-4.610555595373436,0.009377430654882168
IT,2022,68,68.0,0.01088,-4.52082903755434,0.010825350893921106,-4.5258645904761154,0.005035552921775377
IT,2022,69,69.0,0.01216,-4.409603402444116,0.011901577990043195,-4.431084283450503,0.021480881006387342
IT,2022,70,70.0,0.01356,-4.300630996469888,0.013131856173283421,-4.332714231787522,0.03208323531763391
IT,2022,71,71.0,0.01516,-4.1890948987679115,0.014549225832968193,-4.230217494136335,0.04112259536842355
IT,2022,72,72.0,0.01653,-4.102578367149205,0.016035917939724913,-4.1329242014683425,0.030345834319137843
IT,2022,73,73.0,0.0182,-4.006333684899388,0.0177853934602604,-4.029377750674315,0.023044065774927347
IT,2022,74,74.0,0.02075,-3.87520903230543,0.01984934692427628,-3.91958417293041,0.04437514062498016
IT,2022,75,75.0,0.02277,-3.7823113989064887,0.02205292670692529,-3.8143099554243896,0.031998556517900845
IT,2022,76,76.0,0.0261,-3.6458199646534895,0.024821463414797063,-3.6960465398319258,0.05022657517843632
IT,2022,77,77.0,0.02977,-3.514254103954452,0.02778085741728509,-3.583408077579141,0.06915397362468889
IT,2022,78,78.0,0.03336,-3.400397701491591,0.03141286163702841,-3.460537863658889,0.060140162167297895
IT,2022,79,79.0,0.03766,-3.2791567557531307,0.03581275499209677,-3.3294511643343627,0.05029440858123202
IT,2022,80,80.0,0.04138,-3.18495760666474,0.04064462902514193,-3.20288857902068,0.01793097235593999
IT,2022,81,81.0,0.04724,-3.0525142876529756,0.04635136898281914,-3.0715044516390417,0.018990163986066122
IT,2022,82,82.0,0.05428,-2.9135994440154684,0.05310037429415673,-2.9355713019049112,0.02197185788944278
IT,2022,83,83.0,0.06139,-2.790508323542732,0.06059603377189627,-2.80352583735741,0.013017513814677972
IT,2022,84,84.0,0.07069,-2.649451158799274,0.06940430360052761,-2.667806401857034,0.018355243057759818
IT,2022,85,85.0,0.0812,-2.5108400318145048,0.07937708446190965,-2.5335455611766493,0.02270552936214454
IT,2023,20,20.0,0.0002053195584263,-8.490942970935404,0.0002341580691413689,-8.359514161509034,-0.13142880942636914
IT,2023,21,21.0,0.0002287103914041,-8.383054021133042,0.00025375415388858614,-8.279144657737984,-0.10390936339505785
IT,2023,22,22.0,0.0002338687319397,-8.36075057462837,0.0002621546155923523,-8.246576092416188,-0.11417448221218152
IT,2023,23,23.0,0.000222807709173,-8.409201449194676,0.00025260776264003377,-8.2836726175619,-0.12552883163277606
IT,2023,24,24.0,0.0002289889650251,-8.381836743234416,0.00026415098439375444,-8.238989707714085,-0.1428470355203313
IT,2023,25,25.0,0.000251097942573,-8.289667485490217,0.0002831387785098216,-8.169573397092764,-0.12009408839745284
IT,2023,26,26.0,0.0002577925604579,-8.26335532568047,0.0002834104790968421,-8.168614255043941,-0.09474107063652859
IT,2023,27,27.0,0.0002454226386793,-8.312528777785545,0.0002803323214357879,-8.179534796288586,-0.13299398149695918
IT,2023,28,28.0,0.0002550648119661,-8.27399288052725,0.0002906797276951583,-8.14328848900189,-0.1307043915253594
IT,2023,29,29.0,0.000261946793625,-8.247369152593434,0.0003003361166760536,-8.110608321555157,-0.13676083103827708
IT,2023,30,30.0,0.0002862005321557,-8.158817831459656,0.0003201435287218142,-8.046741135473114,-0.11207669598654135
IT,2023,31,31.0,0.0003004338951398,-8.11028281108464,0.00032830275051437194,-8.021574355440126,-0.0887084556445128
IT,2023,32,32.0,0.0003240269300081,-8.034683928317046,0.00035126135228124656,-7.953980018176676,-0.08070391014036993
IT,2023,33,33.0,0.0003411311636539,-7.983243510491018,0.00036841371812856497,-7.906304017228182,-0.07693949326283622
IT,2023,34,34.0,0.0003829738164914,-7.867543935372789,0.0004039814859120692,-7.814141508003535,-0.053402427369254823
IT,2023,35,35.0,0.000383415367156,-7.8663916468935735,0.00040956730372923626,-7.800409312304946,-0.0659823345886279
IT,2023,36,36.0,0.000439427907539,-7.73003688719721,0.0004524133197606578,-7.7009143717139565,-0.029122515483253508
IT,2023,37,37.0,0.0004529237441856,-7.699786781782314,0.00047940067600644505,-7.642973825855587,-0.05681295592672697
IT,2023,38,38.0,0.000491917851825,-7.617198823248013,0.000519766005638204,-7.562131836821605,-0.05506698642640817
IT,2023,39,39.0,0.000563521623966,-7.481304850835628,0.0005776713195612864,-7.456505502313406,-0.02479934852222243
IT,2023,40,40.0,0.000608675223736,-7.404225726864354,0.0006324437641442972,-7.365919251759165,-0.038306475105188476
IT,2023,41,41.0,0.0006790030117202,-7.294884994892293,0.0006975709090253805,-7.267906387750819,-0.02697860714147371
IT,2023,42,42.0,0.0007840401187194,-7.15105036708713,0.0007810106110725261,-7.154921821696364,0.003871454609233993
IT,2023,43,43.0,0.0008423874217157,-7.07927052874257,0.000858666579219158,-7.060129861249187,-0.0191406674933825
IT,2023,44,44.0,0.0009450347510448,-6.9642888575542825,0.0009442604927980528,-6.965108484124153,0.0008196265698705574
IT,2023,45,45.0,0.0010546174826258,-6.854577153510714,0.001057858004118135,-6.851509166161781,-0.003067987348932988
IT,2023,46,46.0,0.0011767809416077,-6.744972583907016,0.0011791604757509513,-6.742952554941216,-0.0020200289657994475
IT,2023,47,47.0,0.0012917614766647,-6.651748506249879,0.0012955242098069246,-6.648839870520415,-0.002908635729464315
IT,2023,48,48.0,0.0014093444929,-6.564630581343426,0.0014339717561990821,-6.547307232815213,-0.017323348528212712
IT,2023,49,49.0,0.0015849187342073,-6.447222144760838,0.0016155556250615512,-6.428076341190016,-0.019145803570822295
IT,2023,50,50.0,0.0017752210639327,-6.333830320748925,0.0017922621008626355,-6.324276713482494,-0.009553607266431285
IT,2023,51,51.0,0.0019157417555274,-6.257650391645192,0.001968352122204361,-6.230558572472715,-0.02709181917247694
IT,2023,52,52.0,0.0021637568382565,-6.135909291106117,0.002233885809743533,-6.10401269434899,-0.03189659675712697
IT,2023,53,53.0,0.0023414792404987,-6.056972395278464,0.0024398595158850044,-6.015814816791522,-0.041157578486942015
IT,2023,54,54.0,0.0025997392344037,-5.952344133444642,0.0027289031379061674,-5.903855531507627,-0.048488601937014764
IT,2023,55,55.0,0.0028081525495328,-5.875228467537522,0.002990404046390302,-5.812346768137118,-0.06288169940040422
IT,2023,56,56.0,0.0031780477023933,-5.751488200787281,0.003366833131172794,-5.693782700122582,-0.05770550066469937
IT,2023,57,57.0,0.0034391784591854,-5.672522656123113,0.0036940340315537814,-5.601036184590844,-0.07148647153226939
IT,2023,58,58.0,0.0037544858944491,-5.584803915403267,0.004052176721347481,-5.508501080183586,-0.07630283521968106
IT,2023,59,59.0,0.004180023641382,-5.477438376628452,0.00447853121337949,-5.408460140467531,-0.06897823616092147
IT,2023,60,60.0,0.0046805615454978,-5.3643371878963775,0.0049970542377260705,-5.298906692621325,-0.06543049527505218
IT,2023,61,61.0,0.0049823560979683,-5.301852387785963,0.0054609883999547125,-5.210125479975755,-0.09172690781020787
IT,2023,62,62.0,0.0055609597648536,-5.191984566038705,0.0060384721509108615,-5.109604254181171,-0.08238031185753414
IT,2023,63,63.0,0.006139433429641,-5.093022816383482,0.0066480930190510115,-5.013425229491527,-0.07959758689195517
IT,2023,64,64.0,0.0066862763716872,-5.0076981559595035,0.007230626999299134,-4.929429524676827,-0.07826863128267636
IT,2023,65,65.0,0.0073237264865336,-4.916635997687853,0.00792954581796385,-4.837159518876747,-0.07947647881110598
IT,2023,66,66.0,0.0081450310968155,-4.810347219032961,0.00875243059450698,-4.738423834957585,-0.0719233840753759
IT,2023,67,67.0,0.0087980124089896,-4.733229445623596,0.009510722653693095,-4.655335416490276,-0.07789402913332033
IT,2023,68,68.0,0.0095567335057944,-4.650509293800242,0.01030747244774885,-4.574886166416251,-0.07562312738399157
IT,2023,69,69.0,0.0105022956892413,-4.556161408645661,0.01131491733508477,-4.481633305704608,-0.07452810294105294
IT,2023,70,70.0,0.0116302266631771,-4.454147823116366,0.012451038450483988,-4.385951249872385,-0.06819657324398065
IT,2023,71,71.0,0.0128977715446339,-4.35070073101524,0.01375563668614767,-4.286306598061595,-0.06439413295364549
IT,2023,72,72.0,0.0141736513003671,-4.256370580253606,0.015078120349823148,-4.194510569408382,-0.061860010845223634
IT,2023,73,73.0,0.0157184253158702,-4.152921667744671,0.016710781477378554,-4.0917011704199915,-0.06122049732467971
IT,2023,74,74.0,0.0175549522742286,-4.042419188008068,0.01858748020064731,-3.9852670323936166,-0.05715215561445186
IT,2023,75,75.0,0.0193840194357143,-3.9433062928005294,0.020610522862295123,-3.8819535150519724,-0.061352777748556964
IT,2023,76,76.0,0.0219575008460088,-3.8186464736436254,0.023165532731007885,-3.765089763140406,-0.05355671050321931
IT,2023,77,77.0,0.0246194225094949,-3.7042196146546704,0.025891626179400346,-3.653835676090401,-0.05038393856426948
IT,2023,78,78.0,0.0280194130378286,-3.5748576862645436,0.029291939555701054,-3.5304429012942147,-0.04441478497032891
IT,2023,79,79.0,0.0322735574511103,-3.4335070387987234,0.033430958425248056,-3.398272909345539,-0.035234129453184604
IT,2023,80,80.0,0.0366172140481164,-3.3072368199614104,0.03785169791104204,-3.274079441160504,-0.0331573788009063
IT,2023,81,81.0,0.0421516754928254,-3.166480844604848,0.04333884525165189,-3.138705927168615,-0.027774917436232727
IT,2023,82,82.0,0.0486676163200801,-3.0227414327059914,0.04975235822960696,-3.0006974149008157,-0.02204401780517573
IT,2023,83,83.0,0.0559900076928966,-2.8825820382236556,0.056962599098679345,-2.8653603826757763,-0.017221655547879244
IT,2023,84,84.0,0.0649286400295216,-2.7344664578601865,0.0656413937178397,-2.7235487802336826,-0.010917677626503863
IT,2023,85,85.0,0.0749877888374483,-2.5904299942023985,0.0753638309759388,-2.5854278143381406,-0.005002179864257883
IT,2024,20,20.0,0.000196568235722,-8.534500931351527,0.0002015220879605152,-8.509611564915064,-0.024889366436463334
IT,2024,21,21.0,0.0002201989445957,-8.420979126622239,0.00022250692052364039,-8.410552353364647,-0.010426773257592004
IT,2024,22,22.0,0.000224940058406,-8.399676598336969,0.00022901582182603634,-8.381719465853314,-0.017957132483655158
IT,2024,23,23.0,0.000213977748126,-8.44963852906842,0.00022129954404522572,-8.415993371256317,-0.033645157812102866
IT,2024,24,24.0,0.0002199879755239,-8.42193766981519,0.00023281112363728623,-8.365283061301406,-0.056654608513783344
IT,2024,25,25.0,0.0002420699849427,-8.326283679638006,0.00025134615659969524,-8.288679458972258,-0.037604220665748755
IT,2024,26,26.0,0.0002492152578182,-8.297193545725445,0.00025333553067303973,-8.280795739680256,-0.016397806045189256
IT,2024,27,27.0,0.0002361880747747,-8.350882143304947,0.000248347703970398,-8.300680761589959,-0.050201381714988
IT,2024,28,28.0,0.0002458508987818,-8.3107853082993,0.00026024991739666525,-8.253868167869188,-0.05691714043011231
IT,2024,29,29.0,0.0002526182976815,-8.283630913294067,0.00027011482465597785,-8.2166634128667,-0.0669675004273671
IT,2024,30,30.0,0.0002769203963705,-8.191780470801653,0.00028868263143264804,-8.150182634405294,-0.04159783639635961
IT,2024,31,31.0,0.0002912817618704,-8.141219505398004,0.00029529329004427844,-8.12754149197754,-0.013678013420463486
IT,2024,32,32.0,0.0003145108137192,-8.064492098570057,0.0003169365184207683,-8.056809061488908,-0.007683037081148925
IT,2024,33,33.0,0.0003312632355637,-8.012597225043361,0.0003328767041998179,-8.007738394204326,-0.004858830839035377
IT,2024,34,34.0,0.0003731378939605,-7.893562517736419,0.0003666044049832232,-7.911227206855563,0.017664689119143873
IT,2024,35,35.0,0.0003720970576785,-7.8963558299837295,0.0003659954797642543,-7.912889575010064,0.016533745026334756
IT,2024,36,36.0,0.0004281087266534,-7.756133360406794,0.00040398102315278875,-7.814142653500449,0.058009293093654435
IT,2024,37,37.0,0.0004402740222581,-7.728113247038302,0.00042990028450039616,-7.751957272679526,0.023844025641223787
IT,2024,38,38.0,0.0004778118193997,-7.6462935862506445,0.00046450897045881756,-7.6745296878219,0.028236101571255112
IT,2024,39,39.0,0.0005493643927845,-7.5067485974982615,0.0005160637402453435,-7.569280272504363,0.06253167500610157
IT,2024,40,40.0,0.0005926652604344,-7.430880803281709,0.0005650449393895858,-7.4786052912382415,0.04772448795653261
IT,2024,41,41.0,0.0006619759755448,-7.320281293403615,0.0006226237443947156,-7.381568163204515,0.06128686980090059
IT,2024,42,42.0,0.0007672241022285,-7.172731619053659,0.0006980826807302012,-7.267173008448799,0.09444138939513991
IT,2024,43,43.0,0.0008233780910143,-7.102095056932066,0.0007700411062418823,-7.169066659811741,0.06697160287967474
IT,2024,44,44.0,0.0009245709023429,-6.9861808174408315,0.0008438245186011559,-7.077566001335259,0.09138518389442751
IT,2024,45,45.0,0.0010328056359165,-6.875476261517509,0.0009503910620494713,-6.958637013809342,0.08316075229183273
IT,2024,46,46.0,0.0011528846833184,-6.765488057164992,0.0010615056866089161,-6.848066919690785,0.08257886252579283
IT,2024,47,47.0,0.0012665760640931,-6.671438031823733,0.0011725332751771796,-6.748588678364506,0.07715064654077253
IT,2024,48,48.0,0.0013807088877248,-6.585158224947799,0.0013033647264234453,-6.642806107173147,0.05764788222534811
IT,2024,49,49.0,0.0015542721843577,-6.466747891564463,0.0014743237558606892,-6.519555864923057,0.05280797335859422
IT,2024,50,50.0,0.0017438028287848,-6.351687016776211,0.001642144174824107,-6.411752467406903,0.060065450630692574
IT,2024,51,51.0,0.0018795102404617,-6.276744046471719,0.0018111346298341744,-6.313801762791944,0.037057716320225254
IT,2024,52,52.0,0.0021245671127544,-6.154187209002781,0.002069868370061554,-6.180270263068992,0.02608305406621092
IT,2024,53,53.0,0.0022978533227352,-6.075779929819313,0.0022706767881158166,-6.087677347380666,0.011897417561352874
IT,2024,54,54.0,0.0025519947704057,-5.9708799627157605,0.0025518809860305158,-5.970924550155045,4.4587439284704544e-05
IT,2024,55,55.0,0.0027543722206081,-5.894565731451137,0.002811514296518151,-5.8740320452304875,-0.02053368622064955
IT,2024,56,56.0,0.0031229536680254,-5.768976036517983,0.0031898345311761234,-5.7477862346354,-0.021189801882583126
IT,2024,57,57.0,0.0033742041891191,-5.691595778278411,0.0034961069906020545,-5.656105217938009,-0.03549056034040188
IT,2024,58,58.0,0.003683997361181,-5.603756876881135,0.0038472721384170874,-5.560390917288416,-0.043365959592719605
IT,2024,59,59.0,0.0041065295523323,-5.495176998333044,0.004262656797311842,-5.457862651755963,-0.037314346577080215
IT,2024,60,60.0,0.0046029021161245,-5.381068279607879,0.004759595304217985,-5.347592634475496,-0.033475645132383214
IT,2024,61,61.0,0.0048895665773959,-5.3206516139029905,0.005223761382429588,-5.254537565227813,-0.06611404867517745
IT,2024,62,62.0,0.0054651144203848,-5.209370220631401,0.005794283522558533,-5.150883447011258,-0.05848677362014332
IT,2024,63,63.0,0.0060365291521568,-5.109926075889023,0.006387080455453699,-5.053478007730231,-0.056448068158792
IT,2024,64,64.0,0.006570958297842,-5.025095597481005,0.0069337758926055065,-4.971350752315809,-0.05374484516519651
IT,2024,65,65.0,0.0071948508569414,-4.93438966756628,0.007588815224346975,-4.8810797966829735,-0.05330987088330641
IT,2024,66,66.0,0.0080067151312375,-4.827474697989564,0.008375655588665628,-4.78242592509101,-0.04504877289855447
IT,2024,67,67.0,0.0086376740515043,-4.7516219394106995,0.009077598238906448,-4.701945632491826,-0.04967630691887326
IT,2024,68,68.0,0.0093766238758662,-4.6695355086996475,0.009794722871540462,-4.625911520835249,-0.04362398786439847
IT,2024,69,69.0,0.0103026346086689,-4.57535562920512,0.010734971081815575,-4.534248541477511,-0.041107087727609404
IT,2024,70,70.0,0.0114122480669467,-4.473068108490104,0.011779855651953752,-4.441364354487954,-0.031703754002149864
IT,2024,71,71.0,0.012652013740867,-4.369938887476488,0.01297555120462128,-4.344688368780785,-0.02525051869570305
IT,2024,72,72.0,0.013893510064497,-4.2763334497128405,0.014141885147247724,-4.2586143072269484,-0.017719142485892014
IT,2024,73,73.0,0.0154064868272991,-4.172966635699979,0.01566115106887852,-4.156572087360946,-0.016394548339032866
IT,2024,74,74.0,0.0172029956844694,-4.062671742626454,0.017359164346546472,-4.053634707628215,-0.00903703499823827
IT,2024,75,75.0,0.0189803312036837,-3.9643520358112108,0.019209275167914153,-3.952362034932587,-0.011990000878623785
IT,2024,76,76.0,0.0215156526273724,-3.838974579553097,0.021559145688361297,-3.8369551585705213,-0.0020194209825756815
IT,2024,77,77.0,0.0241290343296647,-3.724339419637722,0.024061504633538792,-3.727142033668633,0.002802614030910977
IT,2024,78,78.0,0.0274846556525495,-3.5941274063072286,0.02723628089368543,-3.603205338090857,0.009077931783628479
IT,2024,79,79.0,0.0317021526321355,-3.4513706940279216,0.03111990060961359,-3.46990777345553,0.018537079427608294
IT,2024,80,80.0,0.0359655579224989,-3.3251935228539358,0.03514825658993726,-3.3481802611038414,0.022986738249905603
IT,2024,81,81.0,0.0414533720151036,-3.183186049319965,0.04041095802425801,-3.2086542925692614,0.025468243249296307
IT,2024,82,82.0,0.0479106763845041,-3.0384169103720238,0.046491508944293505,-3.0684855864113745,0.030068676039350706
IT,2024,83,83.0,0.0551879297684854,-2.8970110132238562,0.0534118609649126,-2.9297224422321704,0.03271142900831414
IT,2024,84,84.0,0.0641168929664704,-2.747047408957723,0.06194120484333423,-2.7815696528449556,0.03452224388723257
IT,2024,85,85.0,0.0741534240080135,-2.6016190346873245,0.07140190156571521,-2.639430777418197,0.0378117427308724
IT,2025,20,20.0,0.0001881899200982,-8.57805889176808,0.00019330611378735396,-8.551235543758933,-0.026823348009147097
IT,2025,21,21.0,0.0002120042508929,-8.458904232111685,0.00021454448944944628,-8.446993431081959,-0.011910801029726414
IT,2025,22,22.0,0.0002163522650335,-8.438602622046126,0.0002205918280497856,-8.41919649602964,-0.01940612601648617
IT,2025,23,23.0,0.0002054977220627,-8.490075608942464,0.00021332629735889934,-8.452687651952715,-0.037387956989748616
IT,2025,24,24.0,0.0002113407926438,-8.462038596396296,0.00022479855567815392,-8.400305864884622,-0.06173273151167358
IT,2025,25,25.0,0.0002333666178612,-8.362899873785663,0.00024317988225453215,-8.32170913228671,-0.04119074149895319
IT,2025,26,26.0,0.0002409233401424,-8.33103176577063,0.00024557574200849647,-8.311905136893108,-0.019126628877522478
IT,2025,27,27.0,0.0002273009815475,-8.389235508824296,0.00024014296442179375,-8.334276126881413,-0.05495938194288286
IT,2025,28,28.0,0.0002369698272605,-8.347577736071024,0.0002523904251267275,-8.284533363330853,-0.06304437274017083
IT,2025,29,29.0,0.0002436220097997,-8.31989267399453,0.00026228630573819423,-8.246073880848579,-0.07381879314595174
IT,2025,30,30.0,0.0002679411716965,-8.224743110144104,0.00028051921885347686,-8.178868318936983,-0.04587479120712068
IT,2025,31,31.0,0.0002824084305096,-8.172156199711461,0.00028674203792557803,-8.156927568946822,-0.015228630764639206
IT,2025,32,32.0,0.0003052741694768,-8.094300268822797,0.0003080264493873706,-8.085324904043395,-0.00897536477940264
IT,2025,33,33.0,0.0003216807578081,-8.041950939595576,0.00032364365506035153,-8.035867477489496,-0.0060834621060799066
IT,2025,34,34.0,0.0003635545875821,-7.919581100100074,0.00035686594723107786,-7.938150344653807,0.0185692445537331
IT,2025,35,35.0,0.0003611128613859,-7.926320013073656,0.0003547554683798515,-7.94408182730057,0.017761814226913586
IT,2025,36,36.0,0.0004170811154514,-7.782229833616133,0.00039149322759371343,-7.8455423412942435,0.06331250767811092
IT,2025,37,37.0,0.0004279775948242,-7.7564397122942985,0.00041710197902078893,-7.782179812057241,0.02574009976294267
IT,2025,38,38.0,0.0004641102857136,-7.675388349252972,0.00045025382157728696,-7.705699086265635,0.030310737012662514
IT,2025,39,39.0,0.0005355628306425,-7.532192344160871,0.0005001741623045834,-7.6005541955838485,0.06836185142297779
IT,2025,40,40.0,0.0005770764066423,-7.457535879699082,0.0005476607083418918,-7.5098546081274105,0.05231872842832885
IT,2025,41,41.0,0.0006453759182722,-7.345677591914883,0.0006033047709388212,-7.4130880644785115,0.06741047256362886
IT,2025,42,42.0,0.0007507687540298,-7.194412871020165,0.0006766869937840746,-7.298301734972758,0.10388886395259256
IT,2025,43,43.0,0.0008047977252338,-7.124919585121551,0.000747126335715141,-7.199276263014673,0.07435667789312195
IT,2025,44,44.0,0.0009045501792543,-7.0080727773274365,0.000817915157644361,-7.108751946001914,0.10067916867447746
IT,2025,45,45.0,0.0010114449069488,-6.896375369524168,0.0009225721523349519,-6.9883449711949135,0.09196960167074586
IT,2025,46,46.0,0.0011294736735066,-6.78600353042294,0.0010310098585620475,-6.877216511857195,0.09121298143425438
IT,2025,47,47.0,0.0012418816903223,-6.691127557397576,0.0011405435508475576,-6.776250331219167,0.08512277382159095
IT,2025,48,48.0,0.0013526551118241,-6.605685868552134,0.0012693006522247541,-6.669289197724254,0.0636033291721203
IT,2025,49,49.0,0.0015242182270477,-6.486273638368054,0.0014373928361704235,-6.544924336822675,0.058650698454620454
IT,2025,50,50.0,0.0017129406401598,-6.3695437128034404,0.0016027880396024582,-6.436010641419759,0.0664669286163182
IT,2025,51,51.0,0.0018439639548536,-6.295837701298221,0.0017698044983664402,-6.336886191397086,0.041048490098865464
IT,2025,52,52.0,0.0020860871872435,-6.172465126899484,0.0020265559822765285,-6.201417487171862,0.028952360272378463
IT,2025,53,53.0,0.0022550402333188,-6.09458746436014,0.002225873692263601,-6.107605769758619,0.013018305398478702
IT,2025,54,54.0,0.0025051271381346,-5.98941579198689,0.002504856907595078,-5.989523668793409,0.00010787680651969112
IT,2025,55,55.0,0.0027016218655642,-5.913902995364742,0.0027638291662018966,-5.89113818171552,-0.022764813649222226
IT,2025,56,56.0,0.0030688147334253,-5.786463872248717,0.0031424198495518777,-5.7627621231387804,-0.02370174910993672
IT,2025,57,57.0,0.0033104574377235,-5.710668900433721,0.0034431222678559976,-5.67137658324467,-0.03929231718905157
IT,2025,58,58.0,0.0036148322137138,-5.622709838358997,0.0037923073343918527,-5.574780649774464,-0.04792918858453277
IT,2025,59,59.0,0.0040343276524157,-5.51291562003762,0.004204656757299788,-5.471562616166015,-0.04135300387160523
IT,2025,60,60.0,0.0045265312045738,-5.397799371319354,0.004695766669419951,-5.361093884781938,-0.03670548653741612
IT,2025,61,61.0,0.0047985051338534,-5.3394508400200325,0.0051598198182773725,-5.26685361903684,-0.07259722098319266
IT,2025,62,62.0,0.0053709210083963,-5.226755875224067,0.005728333039424063,-5.162330708656441,-0.06442516656762631
IT,2025,63,63.0,0.0059353496739469,-5.126829335394577,0.006316530655136974,-5.064585168521921,-0.06224416687265588
IT,2025,64,64.0,0.0064576291124927,-5.042493039002491,0.006853635355614608,-4.982976058635291,-0.05951698036720021
IT,2025,65,65.0,0.0070682430520604,-4.952143337444679,0.007496946566261166,-4.893259465836063,-0.05888387160861619
IT,2025,66,66.0,0.0078707479972485,-4.84460217694617,0.00827407387943289,-4.794628281875592,-0.049973895070578145
IT,2025,67,67.0,0.0084802577618322,-4.770014433197812,0.008961019663042882,-4.714871256791325,-0.055143176406486916
IT,2025,68,68.0,0.0091999086566719,-4.688561723599051,0.009657103495247009,-4.640061520932799,-0.048500202666251546
IT,2025,69,69.0,0.0101067693217282,-4.594549849764579,0.010579475414523289,-4.54883943652952,-0.0457104132350592
IT,2025,70,70.0,0.0111983549171818,-4.491988393863846,0.011600220931054284,-4.456731135270645,-0.035257258593200724
IT,2025,71,71.0,0.0124109386761225,-4.3891770439377265,0.01276716804711238,-4.360878399615027,-0.028298644322699573
IT,2025,72,72.0,0.0136189058007432,-4.296296319172068,0.013892708919977442,-4.276391114594862,-0.019905204577206348
IT,2025,73,73.0,0.0151007388838174,-4.193011603655285,0.015381932946692177,-4.17456164356285,-0.01844996009243527
IT,2025,74,74.0,0.016858095419281,-4.082924297244849,0.017033147835679073,-4.072593960773132,-0.010330336471717771
IT,2025,75,75.0,0.0185850501128666,-3.985397778821889,0.01883784800645896,-3.9718872410683055,-0.013510537753583574
IT,2025,76,76.0,0.0210826956687059,-3.859302685462571,0.021133741861534827,-3.8568843754064552,-0.0024183100561159243
IT,2025,77,77.0,0.0236484140705411,-3.744459224620777,0.023577301085403006,-3.7474708482098364,0.0030116235890593757
IT,2025,78,78.0,0.0269601042434173,-3.6133971263499087,0.02669221534328304,-3.62338331626453,0.009986189914621413
IT,2025,79,79.0,0.0311408645617605,-3.469234349257113,0.030507794796185286,-3.4897730609324342,0.020538711675321064
IT,2025,80,80.0,0.0353254989573179,-3.3431502257464616,0.03443336091597765,-3.368729390480125,0.025579164733663617
IT,2025,81,81.0,0.0407666369445993,-3.199891254035081,0.039634636186508886,-3.22805189183168,0.02816063779659883
IT,2025,82,82.0,0.0471655093301454,-3.054092388038058,0.04562569950538816,-3.0872841355720637,0.03319174753400578
IT,2025,83,83.0,0.0543973419120939,-2.9114399882240605,0.05246699962436225,-2.947570885606478,0.036130897382417704
IT,2025,84,84.0,0.0633152944802887,-2.75962836005526,0.06095254905269964,-2.7976596018998467,0.03803124184458673
IT,2025,85,85.0,0.0733283428856915,-2.61280807517225,0.0703405728850929,-2.6544065074557777,0.041598432283527664
