age,country,year,mx,age_num,log_mx,a_xr_initial,y_centered_initial,a_xr,b_x,k_t,log_mx_hat_baseline,mx_hat_baseline,baseline_residual
20,ES,2004,0.00047,20.0,-7.66277786326017,-8.188265254489172,0.5254873912290021,-8.188265254489172,0.027065368019014283,16.027844682755862,-7.754465739598784,0.00042882324528153705,0.09168787633861353
21,ES,2004,0.00046,21.0,-7.6842840684811335,-8.18419600720037,0.49991193871923656,-8.18419600720037,0.023695264288118734,16.027844682755862,-7.804411991473551,0.00040793121377043126,0.1201279229924177
22,ES,2004,0.00048,22.0,-7.641724454062337,-8.164730480475352,0.5230060264130154,-8.164730480475352,0.024368876838677903,16.027844682755862,-7.774149907411816,0.00042046475144158474,0.1324254533494793
23,ES,2004,0.00051,23.0,-7.5810998322459024,-8.14178359403389,0.5606837617879883,-8.14178359403389,0.023859905728048508,16.027844682755862,-7.759360730879532,0.00042672928836641884,0.1782608986336296
24,ES,2004,0.00047,24.0,-7.66277786326017,-8.1084794375383,0.4457015742781296,-8.1084794375383,0.022773052801918214,16.027844682755862,-7.743476484276957,0.00043356168166967536,0.08069862101678638
25,ES,2004,0.00051,25.0,-7.5810998322459024,-8.072934190365274,0.4918343581193714,-8.072934190365274,0.021477049735121993,16.027844682755862,-7.7287033729669155,0.0004400142817892013,0.147603540721013
26,ES,2004,0.00048,26.0,-7.641724454062337,-8.080754308309267,0.43902985424692975,-8.080754308309267,0.020228418997948437,16.027844682755862,-7.756536350432441,0.0004279362378646316,0.11481189637010392
27,ES,2004,0.00053,27.0,-7.542633551418106,-8.03269252567724,0.49005897425913325,-8.03269252567724,0.021844882459629948,16.027844682755862,-7.682566142501233,0.00046079092513165085,0.1399325910831264
28,ES,2004,0.00059,28.0,-7.435388021064509,-8.025617186039081,0.5902291649745726,-8.025617186039081,0.01993958347081985,16.027844682755862,-7.706028639129935,0.0004501054635879671,0.2706406180654257
29,ES,2004,0.00055,29.0,-7.505592279737757,-7.936879841552711,0.43128756181495387,-7.936879841552711,0.019123715743917843,16.027844682755862,-7.630367895852023,0.00048548221858754257,0.12477561611426591
30,ES,2004,0.00058,30.0,-7.4524824544238095,-7.885998910298966,0.4335164558751563,-7.885998910298966,0.018652436174824778,16.027844682755862,-7.5870405603338575,0.000506979210404143,0.13455810591004802
31,ES,2004,0.00067,31.0,-7.308232845579262,-7.836681246376088,0.528448400796826,-7.836681246376088,0.019107855853761156,16.027844682755862,-7.5304235005315165,0.0005365109958743972,0.22219065495225454
32,ES,2004,0.00065,32.0,-7.338538195074591,-7.802351248446023,0.46381305337143175,-7.802351248446023,0.018541998976225594,16.027844682755862,-7.5051629687472605,0.0005502361717367071,0.1666247736726696
33,ES,2004,0.00074,33.0,-7.208860371766058,-7.710173145939573,0.5013127741735142,-7.710173145939573,0.018290514561482833,16.027844682755862,-7.417015619380441,0.0006009399054378803,0.20815524761438287
34,ES,2004,0.00078,34.0,-7.156216638280637,-7.616350005870328,0.46013336758969103,-7.616350005870328,0.017506366593865882,16.027844682755862,-7.33576068114446,0.0006518078936171766,0.17954404286382264
35,ES,2004,0.00088,35.0,-7.035588650492022,-7.557493238012394,0.521904587520372,-7.557493238012394,0.02028229426963641,16.027844682755862,-7.232411775648712,0.0007227755868285615,0.19682312515669054
36,ES,2004,0.00093,36.0,-6.980325971816972,-7.478957959096904,0.4986319872799321,-7.478957959096904,0.02041717609479281,16.027844682755862,-7.15171463178909,0.0007835194814832284,0.17138865997211727
37,ES,2004,0.00113,37.0,-6.785537646257888,-7.380509472558332,0.5949718263004442,-7.380509472558332,0.019651752990632196,16.027844682755862,-7.065534227880596,0.0008540385472659565,0.2799965816227079
38,ES,2004,0.00111,38.0,-6.803395263657894,-7.29185847180832,0.4884632081504261,-7.29185847180832,0.0202674338985073,16.027844682755862,-6.967015189165024,0.0009424617819070389,0.16361992550713023
39,ES,2004,0.00133,39.0,-6.622576336748475,-7.193465343122429,0.570889006373954,-7.193465343122429,0.020335399475374303,16.027844682755862,-6.8675327187693345,0.0010410424430389574,0.24495638202085956
40,ES,2004,0.00126,40.0,-6.676643558018751,-7.077947167903955,0.4013036098852041,-7.077947167903955,0.020319399669134045,16.027844682755862,-6.752270985960234,0.0011682235866608578,0.07562742794148303
41,ES,2004,0.00142,41.0,-6.557098407368968,-6.985908311238438,0.42880990386947015,-6.985908311238438,0.020495343107482796,16.027844682755862,-6.657412135191913,0.0012844660976401101,0.1003137278229449
42,ES,2004,0.00154,42.0,-6.475972862556599,-6.886627376331624,0.41065451377502526,-6.886627376331624,0.020240987592618713,16.027844682755862,-6.562207970971543,0.001412762924578165,0.08623510841494397
43,ES,2004,0.00166,43.0,-6.400937676613685,-6.766647604902495,0.3657099282888101,-6.766647604902495,0.01964334143697972,16.027844682755862,-6.451807179300242,0.0015776684611466059,0.05086950268655688
44,ES,2004,0.00193,44.0,-6.250235276065343,-6.673177437295879,0.4229421612305364,-6.673177437295879,0.02027819283182161,16.027844682755862,-6.348161712140469,0.0017499611135179804,0.09792643607512641
45,ES,2004,0.00215,45.0,-6.142287436842565,-6.552189371118781,0.409901934276216,-6.552189371118781,0.019317153767295814,16.027844682755862,-6.242577030823652,0.0019448371540838577,0.10028959398108661
46,ES,2004,0.00223,46.0,-6.10575369351011,-6.454873535849522,0.3491198423394124,-6.454873535849522,0.018954085157196654,16.027844682755862,-6.151080402846246,0.0021311779949876016,0.045326709336135806
47,ES,2004,0.0025,47.0,-5.991464547107982,-6.3305299101334835,0.33906536302550183,-6.3305299101334835,0.01798657493397922,16.027844682755862,-6.0422438807169145,0.0023762209705878376,0.05077933360893283
48,ES,2004,0.0028,48.0,-5.8781358618009785,-6.220814296334984,0.3426784345340055,-6.220814296334984,0.017220232470692053,16.027844682755862,-5.944811084893782,0.002619397145314446,0.06667522309280383
49,ES,2004,0.00281,49.0,-5.874570795636482,-6.12266281679637,0.24809202115988782,-6.12266281679637,0.016495468408212678,16.027844682755862,-5.858276011180231,0.0028561634344910544,-0.01629478445625132
50,ES,2004,0.00322,50.0,-5.73837391942582,-6.01252289613826,0.2741489767124401,-6.01252289613826,0.015773513858200243,16.027844682755862,-5.75970746591773,0.0031520335408272322,0.02133354649190977
51,ES,2004,0.00352,51.0,-5.649294289372131,-5.903208218347992,0.2539139289758614,-5.903208218347992,0.015010303509196268,16.027844682755862,-5.662625405061569,0.0034733858722857634,0.013331115689438455
52,ES,2004,0.00365,52.0,-5.613028111387737,-5.8081042393910085,0.19507612800327134,-5.8081042393910085,0.01375066533335655,16.027844682755862,-5.587710711143415,0.0037435882171788937,-0.025317400244322386
53,ES,2004,0.0039,53.0,-5.546778725846536,-5.720911168614,0.17413244276746376,-5.720911168614,0.01295815778978835,16.027844682755862,-5.51321982818463,0.004033100563730781,-0.033558897661906784
54,ES,2004,0.00415,54.0,-5.48464694473953,-5.6236754556493525,0.1390285109098226,-5.6236754556493525,0.012093797968350164,16.027844682755862,-5.4298379401880075,0.004383806183911071,-0.05480900455152238
55,ES,2004,0.00451,55.0,-5.40145812546755,-5.5475059250876795,0.14604779962012948,-5.5475059250876795,0.011123008713019614,16.027844682755862,-5.369228069030461,0.0046577253653807315,-0.03223005643708898
56,ES,2004,0.00499,56.0,-5.30031936921871,-5.447873319087934,0.14755394986922443,-5.447873319087934,0.0097378469097369,16.027844682755862,-5.291796621274217,0.005032710258095953,-0.008522747944493148
57,ES,2004,0.00525,57.0,-5.249527202378605,-5.361624095608647,0.11209689323004213,-5.361624095608647,0.009929976269879456,16.027844682755862,-5.202467978251568,0.005502966446401462,-0.04705922412703689
58,ES,2004,0.00554,58.0,-5.195760778222945,-5.289540248432316,0.0937794702093715,-5.289540248432316,0.00935670774989911,16.027844682755862,-5.139572389874995,0.005860195056383034,-0.056188388347949925
59,ES,2004,0.00629,59.0,-5.068794208269788,-5.19930701899836,0.13051281072857268,-5.19930701899836,0.008908196402758034,16.027844682755862,-5.05652783065147,0.006367630665364556,-0.012266377618317392
60,ES,2004,0.0068,60.0,-4.990832666800076,-5.110907651640006,0.12007498483993029,-5.110907651640006,0.008778985536951035,16.027844682755862,-4.970199434981595,0.006941763466215882,-0.02063323181848098
61,ES,2004,0.00728,61.0,-4.922624416773543,-5.045809169822402,0.12318475304885901,-5.045809169822402,0.00800832928859658,16.027844682755862,-4.917452911816411,0.007317746073967399,-0.005171504957131923
62,ES,2004,0.00756,62.0,-4.884884088790695,-4.960413731356616,0.07552964256592087,-4.960413731356616,0.007443410213112718,16.027844682755862,-4.841111908550807,0.007898267016676726,-0.04377218023988849
63,ES,2004,0.00837,63.0,-4.783101394480753,-4.885391394955979,0.10229000047522607,-4.885391394955979,0.007222264733534511,16.027844682755862,-4.769634057549143,0.00848348405894276,-0.013467336931610063
64,ES,2004,0.00937,64.0,-4.670242182731807,-4.809747994957796,0.13950581222598935,-4.809747994957796,0.007559181092484768,16.027844682755862,-4.688590614478625,0.009199642867058277,0.018348431746818328
65,ES,2004,0.01027,65.0,-4.57852825504167,-4.723216287999865,0.14468803295819477,-4.723216287999865,0.007919647211399497,16.027844682755862,-4.596281412553333,0.010089283958926838,0.017753157511663176
66,ES,2004,0.01185,66.0,-4.435427411400997,-4.644559039801131,0.20913162840013477,-4.644559039801131,0.007934399503536919,16.027844682755862,-4.517387716907506,0.010917506066824251,0.08196030550650946
67,ES,2004,0.01252,67.0,-4.380427913310185,-4.557414841927601,0.17698692861741616,-4.557414841927601,0.008404693358453006,16.027844682755862,-4.422705722172126,0.012001715006804465,0.042277808861941324
68,ES,2004,0.0134,68.0,-4.312500572025272,-4.4797090952454734,0.16720852322020185,-4.4797090952454734,0.009200825359483569,16.027844682755862,-4.332239695430509,0.01313808919525351,0.019739123405237535
69,ES,2004,0.01481,69.0,-4.21245265070243,-4.382229805038305,0.16977715433587548,-4.382229805038305,0.009487510691631477,16.027844682755862,-4.23016545724685,0.014549982949123776,0.01771280654442009
70,ES,2004,0.01658,70.0,-4.099558129274988,-4.295870935322768,0.19631280604778034,-4.295870935322768,0.009992018752246168,16.027844682755862,-4.135720410694582,0.01599114079034498,0.03616228141959432
71,ES,2004,0.01812,71.0,-4.0107389783673035,-4.202390723867514,0.19165174550021025,-4.202390723867514,0.010527324752195758,16.027844682755862,-4.033660397814389,0.017709387764778678,0.022921419447085256
72,ES,2004,0.02043,72.0,-3.8907508701526066,-4.105247951290851,0.21449708113824428,-4.105247951290851,0.011559102396732036,16.027844682755862,-3.9199804534039586,0.019841482574024637,0.029229583251352054
73,ES,2004,0.02261,73.0,-3.7893629926922583,-4.0058509251784455,0.21648793248618725,-4.0058509251784455,0.01169743913549465,16.027844682755862,-3.8183661875287473,0.021963656091187937,0.029003194836489055
74,ES,2004,0.02507,74.0,-3.686083366811935,-3.8921275147904475,0.20604414797851245,-3.8921275147904475,0.012327970030389813,16.027844682755862,-3.6945367258896904,0.024858967511306975,0.008453359077755351
75,ES,2004,0.02872,75.0,-3.550161534802114,-3.783491560567625,0.2333300257655111,-3.783491560567625,0.012695972475206428,16.027844682755862,-3.580002485638473,0.02787562896642509,0.02984095083635907
76,ES,2004,0.03205,76.0,-3.440458095615458,-3.675502488423401,0.23504439280794331,-3.675502488423401,0.01295867437417588,16.027844682755862,-3.4678028682597017,0.031185474038815397,0.027344772644243953
77,ES,2004,0.03626,77.0,-3.317040073655432,-3.556312797152416,0.23927272349698425,-3.556312797152416,0.013218506789362525,16.027844682755862,-3.34444862339456,0.03527966217617768,0.027408549739127874
78,ES,2004,0.04058,78.0,-3.2044799445844685,-3.4390698671831883,0.2345899225987198,-3.4390698671831883,0.013120427703430103,16.027844682755862,-3.228777689781283,0.03960587988572587,0.024297745196814713
79,ES,2004,0.04531,79.0,-3.09422752030309,-3.311352573991767,0.21712505368867685,-3.311352573991767,0.012917105267199382,16.027844682755862,-3.1043192170182876,0.04485504471833128,0.010091696715197607
80,ES,2004,0.05131,80.0,-2.9698696140282634,-3.184564341600823,0.2146947275725597,-3.184564341600823,0.013361763206868073,16.027844682755862,-2.97040407623338,0.051282584071296954,0.0005344622051164372
81,ES,2004,0.05758,81.0,-2.854579993798107,-3.057863262918503,0.20328326912039607,-3.057863262918503,0.01261299801953086,16.027844682755862,-2.8557040896775554,0.05751531092443473,0.0011240958794482836
82,ES,2004,0.06558,82.0,-2.7244845075656348,-2.9290846642073762,0.20460015664174147,-2.9290846642073762,0.01222347467468327,16.027844682755862,-2.733168710637953,0.06501295569013714,0.008684203072318208
83,ES,2004,0.07477,83.0,-2.593338543970313,-2.7973309766042154,0.20399243263390243,-2.7973309766042154,0.011605682635583328,16.027844682755862,-2.611316897883729,0.07343777001255374,0.01797835391341618
84,ES,2004,0.08367,84.0,-2.4808747886746296,-2.666186175006246,0.18531138633161648,-2.666186175006246,0.010462248076074009,16.027844682755862,-2.4984988878104706,0.08220830994481894,0.017624099135840954
85,ES,2004,0.09575,85.0,-2.3460146509213815,-2.530191560187631,0.1841769092662493,-2.530191560187631,0.009737743869726704,16.027844682755862,-2.3741165138831932,0.09309670253235953,0.02810186296181172
20,ES,2005,0.00047,20.0,-7.66277786326017,-8.188265254489172,0.5254873912290021,-8.188265254489172,0.027065368019014283,14.854599389598459,-7.786220055234665,0.000415420185311279,0.1234421919744948
21,ES,2005,0.00049,21.0,-7.621105166859602,-8.18419600720037,0.5630908403407684,-8.18419600720037,0.023695264288118734,14.854599389598459,-7.8322123487697075,0.0003967467664165853,0.2111071819101058
22,ES,2005,0.00046,22.0,-7.6842840684811335,-8.164730480475352,0.4804464119942189,-8.164730480475352,0.024368876838677903,14.854599389598459,-7.802740577462328,0.0004086136058377115,0.1184565089811942
23,ES,2005,0.00047,23.0,-7.66277786326017,-8.14178359403389,0.47900573077372055,-8.14178359403389,0.023859905728048508,14.854599389598459,-7.787354252970145,0.0004149492837760346,0.12457638970997476
24,ES,2005,0.00046,24.0,-7.6842840684811335,-8.1084794375383,0.42419536905716626,-8.1084794375383,0.022773052801918214,14.854599389598459,-7.770194861287632,0.000422131001803637,0.08591079280649883
25,ES,2005,0.00049,25.0,-7.621105166859602,-8.072934190365274,0.4518290235056721,-8.072934190365274,0.021477049735121993,14.854599389598459,-7.7539012204795545,0.0004290653925442174,0.13279605361995284
26,ES,2005,0.00045,26.0,-7.706262975199909,-8.080754308309267,0.3744913331093578,-8.080754308309267,0.020228418997948437,14.854599389598459,-7.7802692478098,0.0004178996408989369,0.0740062726098909
27,ES,2005,0.00049,27.0,-7.621105166859602,-8.03269252567724,0.41158735881763775,-8.03269252567724,0.021844882459629948,14.854599389598459,-7.708195548026571,0.0004491311820254144,0.08709038116696899
28,ES,2005,0.00043,28.0,-7.751725349276666,-8.025617186039081,0.2738918367624157,-8.025617186039081,0.01993958347081985,14.854599389598459,-7.729422661584594,0.00043969789832384794,-0.022302687692072
29,ES,2005,0.0005,29.0,-7.600902459542082,-7.936879841552711,0.3359773820106291,-7.936879841552711,0.019123715743917843,14.854599389598459,-7.652804705336255,0.0004747108361341617,0.051902245794172686
30,ES,2005,0.00052,30.0,-7.5616817463888015,-7.885998910298966,0.3243171639101643,-7.885998910298966,0.018652436174824778,14.854599389598459,-7.608924443281889,0.0004960050532526399,0.04724269689308791
31,ES,2005,0.00062,31.0,-7.385791079925137,-7.836681246376088,0.45089016645095104,-7.836681246376088,0.019107855853761156,14.854599389598459,-7.5528417024742724,0.0005246172008968124,0.1670506225491355
32,ES,2005,0.0007,32.0,-7.264430222920869,-7.802351248446023,0.5379210255251534,-7.802351248446023,0.018541998976225594,14.854599389598459,-7.526917281771847,0.0005383954224683113,0.26248705885097756
33,ES,2005,0.00069,33.0,-7.278818960372969,-7.710173145939573,0.43135418556660365,-7.710173145939573,0.018290514561482833,14.854599389598459,-7.438474879499128,0.0005881815615984788,0.15965591912615906
34,ES,2005,0.00076,34.0,-7.182192124683898,-7.616350005870328,0.4341578811864304,-7.616350005870328,0.017506366593865882,14.854599389598459,-7.356299943351001,0.0006385567901667207,0.17410781866710323
35,ES,2005,0.00089,35.0,-7.024289095238089,-7.557493238012394,0.5332041427743048,-7.557493238012394,0.02028229426963641,14.854599389598459,-7.256207881934997,0.0007057793660890661,0.2319187866969079
36,ES,2005,0.0009,36.0,-7.013115794639964,-7.478957959096904,0.4658421644569408,-7.478957959096904,0.02041717609479281,14.854599389598459,-7.17566898754187,0.0007649737889448815,0.16255319290190684
37,ES,2005,0.001,37.0,-6.907755278982137,-7.380509472558332,0.4727541935761952,-7.380509472558332,0.019651752990632196,14.854599389598459,-7.088590554579147,0.0008345728218835444,0.18083527559701018
38,ES,2005,0.00114,38.0,-6.776727016575733,-7.29185847180832,0.515131455232587,-7.29185847180832,0.0202674338985073,14.854599389598459,-6.990793860590826,0.0009203156392772872,0.21406684401509324
39,ES,2005,0.00119,39.0,-6.733801971858699,-7.193465343122429,0.4596633712637299,-7.193465343122429,0.020335399475374303,14.854599389598459,-6.891391130488293,0.001016498774516044,0.15758915862959366
40,ES,2005,0.00129,40.0,-6.653113060608557,-7.077947167903955,0.42483410729539806,-7.077947167903955,0.020319399669134045,14.854599389598459,-6.776110625981829,0.0011407029018858509,0.12299756537327244
41,ES,2005,0.00142,41.0,-6.557098407368968,-6.985908311238438,0.42880990386947015,-6.985908311238438,0.020495343107482796,14.854599389598459,-6.681458200024413,0.001253948131553463,0.12435979265544539
42,ES,2005,0.00153,42.0,-6.482487543577793,-6.886627376331624,0.40413983275383103,-6.886627376331624,0.020240987592618713,14.854599389598459,-6.58595561439344,0.001379608363861594,0.10346807081564702
43,ES,2005,0.0016,43.0,-6.437751649736401,-6.766647604902495,0.32889595516609393,-6.766647604902495,0.01964334143697972,14.854599389598459,-6.474853637183062,0.0015417245719875844,0.037101987446661155
44,ES,2005,0.00187,44.0,-6.281816848115642,-6.673177437295879,0.39136058918023764,-6.673177437295879,0.02027819283182161,14.854599389598459,-6.3719530064341425,0.0017088186307451236,0.09013615831850075
45,ES,2005,0.00198,45.0,-6.224658434275693,-6.552189371118781,0.32753093684308787,-6.552189371118781,0.019317153767295814,14.854599389598459,-6.265240790558329,0.0019012555589445572,0.040582356282635956
46,ES,2005,0.00218,46.0,-6.12843040218114,-6.454873535849522,0.3264431336683824,-6.454873535849522,0.018954085157196654,14.854599389598459,-6.1733181940430315,0.0020843083736370813,0.044887791861891735
47,ES,2005,0.00239,47.0,-6.036461913038718,-6.3305299101334835,0.29406799709476594,-6.3305299101334835,0.01798657493397922,14.854599389598459,-6.063346545098229,0.002326601767014701,0.026884632059511304
48,ES,2005,0.00254,48.0,-5.975591197951692,-6.220814296334984,0.24522309838329193,-6.220814296334984,0.017220232470692053,14.854599389598459,-5.965014641587098,0.0025670070220535977,-0.01057655636459387
49,ES,2005,0.00281,49.0,-5.874570795636482,-6.12266281679637,0.24809202115988782,-6.12266281679637,0.016495468408212678,14.854599389598459,-5.877629241848593,0.002801418895256655,0.0030584462121110434
50,ES,2005,0.00311,50.0,-5.773132552790995,-6.01252289613826,0.2393903433472655,-6.01252289613826,0.015773513858200243,14.854599389598459,-5.778213666808416,0.0030942378140497682,0.005081114017420951
51,ES,2005,0.00326,51.0,-5.726028083603521,-5.903208218347992,0.17718013474447147,-5.903208218347992,0.015010303509196268,14.854599389598459,-5.680236173002598,0.0034127523482410126,-0.045791910600923025
52,ES,2005,0.00362,52.0,-5.621281253144457,-5.8081042393910085,0.18682298624655136,-5.8081042393910085,0.01375066533335655,14.854599389598459,-5.603843614523558,0.003683677833792928,-0.01743763862089942
53,ES,2005,0.00382,53.0,-5.567504856363653,-5.720911168614,0.15340631225034684,-5.720911168614,0.01295815778978835,14.854599389598459,-5.5284229258194895,0.003972248682708009,-0.03908193054416387
54,ES,2005,0.00426,54.0,-5.458486118700858,-5.6236754556493525,0.1651893369484947,-5.6236754556493525,0.012093797968350164,14.854599389598459,-5.444026931730771,0.004322043605598328,-0.014459186970086968
55,ES,2005,0.00453,55.0,-5.397033339487194,-5.5475059250876795,0.15047258560048515,-5.5475059250876795,0.011123008713019614,14.854599389598459,-5.38227808664876,0.004597336859857828,-0.014755252838434707
56,ES,2005,0.00479,56.0,-5.341224867559313,-5.447873319087934,0.10664845152862146,-5.447873319087934,0.0097378469097369,14.854599389598459,-5.303221504326554,0.004975539339356767,-0.03800336323275921
57,ES,2005,0.00525,57.0,-5.249527202378605,-5.361624095608647,0.11209689323004213,-5.361624095608647,0.009929976269879456,14.854599389598459,-5.2141182761713685,0.005439227259057808,-0.03540892620723657
58,ES,2005,0.00567,58.0,-5.172566161242476,-5.289540248432316,0.11697408718984015,-5.289540248432316,0.00935670774989911,14.854599389598459,-5.150550103202014,0.005796215333060428,-0.022016058040462028
59,ES,2005,0.0064,59.0,-5.051457288616511,-5.19930701899836,0.14784973038184912,-5.19930701899836,0.008908196402758034,14.854599389598459,-5.066979330151527,0.006301425948579672,0.015522041535016129
60,ES,2005,0.00687,60.0,-4.980591172747879,-5.110907651640006,0.13031647889212739,-5.110907651640006,0.008778985536951035,14.854599389598459,-4.980499338441519,0.0068706309306547884,-9.183430635939516e-05
61,ES,2005,0.00724,61.0,-4.928134072584512,-5.045809169822402,0.11767509723788994,-5.045809169822402,0.00800832928859658,14.854599389598459,-4.926848646460312,0.007249312469102478,-0.0012854261242001286
62,ES,2005,0.0079,62.0,-4.840892519509161,-4.960413731356616,0.1195212118474549,-4.960413731356616,0.007443410213112718,14.854599389598459,-4.849844854548381,0.007829592180615918,0.008952335039220216
63,ES,2005,0.00846,63.0,-4.772406105364005,-4.885391394955979,0.11298528959197451,-4.885391394955979,0.007222264733534511,14.854599389598459,-4.778107545653699,0.008411903056363539,0.005701440289694659
64,ES,2005,0.00912,64.0,-4.697285474895897,-4.809747994957796,0.11246252006189916,-4.809747994957796,0.007559181092484768,14.854599389598459,-4.697459388115507,0.009118414049350045,0.00017391321961035544
65,ES,2005,0.01031,65.0,-4.574640980953268,-4.723216287999865,0.14857530704659627,-4.723216287999865,0.007919647211399497,14.854599389598459,-4.6055731013675745,0.009995971657800178,0.03093212041430604
66,ES,2005,0.01115,66.0,-4.496315781076009,-4.644559039801131,0.14824325872512212,-4.644559039801131,0.007934399503536919,14.854599389598459,-4.526696713779062,0.010816346614034831,0.030380932703052643
67,ES,2005,0.01246,67.0,-4.38523176562283,-4.557414841927601,0.17218307630477092,-4.557414841927601,0.008404693358453006,14.854599389598459,-4.432566489095363,0.011883950470994943,0.04733472347253276
68,ES,2005,0.01324,68.0,-4.324512728473275,-4.4797090952454734,0.1551963667721985,-4.4797090952454734,0.009200825359483569,14.854599389598459,-4.343034520476687,0.01299702855321863,0.018521792003411974
69,ES,2005,0.01508,69.0,-4.194385916402327,-4.382229805038305,0.18784388863597812,-4.382229805038305,0.009487510691631477,14.854599389598459,-4.241296634509587,0.014388922568557014,0.04691071810726033
70,ES,2005,0.01647,70.0,-4.106214734792588,-4.295870935322768,0.18965620053018029,-4.295870935322768,0.009992018752246168,14.854599389598459,-4.147443499664796,0.015804769780511194,0.04122876487220761
71,ES,2005,0.01824,71.0,-4.004138294335951,-4.202390723867514,0.1982524295315624,-4.202390723867514,0.010527324752195758,14.854599389598459,-4.046011532029442,0.017492001983628266,0.041873237693490495
72,ES,2005,0.02039,72.0,-3.8927106943957734,-4.105247951290851,0.2125372568950774,-4.105247951290851,0.011559102396732036,14.854599389598459,-3.933542115884049,0.01957421547362694,0.040831421488275677
73,ES,2005,0.02248,73.0,-3.7951292539566466,-4.0058509251784455,0.21072167122179897,-4.0058509251784455,0.01169743913549465,14.854599389598459,-3.8320901529364617,0.021664286601793495,0.03696089897981514
74,ES,2005,0.02581,74.0,-3.6569932652516144,-3.8921275147904475,0.2351342495388331,-3.8921275147904475,0.012327970030389813,14.854599389598459,-3.7090004587020307,0.02450200179864601,0.05200719345041627
75,ES,2005,0.02838,75.0,-3.5620706072502406,-3.783491560567625,0.22142095331738432,-3.783491560567625,0.012695972475206428,14.854599389598459,-3.594897975587065,0.027463484979019653,0.032827368336824314
76,ES,2005,0.03196,76.0,-3.4432701580840632,-3.675502488423401,0.23223233033933788,-3.675502488423401,0.01295867437417588,14.854599389598459,-3.4830065719747627,0.030714925436094925,0.039736413890699485
77,ES,2005,0.03628,77.0,-3.316488653735201,-3.556312797152416,0.23982414341721503,-3.556312797152416,0.013218506789362525,14.854599389598459,-3.3599571742677488,0.03473674653949124,0.04346852053254757
78,ES,2005,0.04112,78.0,-3.1912606578352274,-3.4390698671831883,0.2478092093479609,-3.4390698671831883,0.013120427703430103,14.854599389598459,-3.2441711698285447,0.03900087606777342,0.05291051199331731
79,ES,2005,0.0473,79.0,-3.0512449834842497,-3.311352573991767,0.2601075905075172,-3.311352573991767,0.012917105267199382,14.854599389598459,-3.119474149974248,0.044180394574045226,0.06822916648999833
80,ES,2005,0.05285,80.0,-2.9402975666658904,-3.184564341600823,0.24426677493493276,-3.184564341600823,0.013361763206868073,14.854599389598459,-2.9860807020241213,0.050484914907691615,0.045783135358230975
81,ES,2005,0.05972,81.0,-2.8180883063111475,-3.057863262918503,0.2397749566073557,-3.057863262918503,0.01261299801953086,14.854599389598459,-2.8705022302365735,0.05667045781407314,0.05241392392542599
82,ES,2005,0.06748,82.0,-2.6959240213043696,-2.9290846642073762,0.23316064290300664,-2.9290846642073762,0.01222347467468327,14.854599389598459,-2.747509844766054,0.0640872498737858,0.05158582346168439
83,ES,2005,0.07667,83.0,-2.568244781411334,-2.7973309766042154,0.22908619519288154,-2.7973309766042154,0.011605682635583328,14.854599389598459,-2.624933210409806,0.07244459541751255,0.05668842899847215
84,ES,2005,0.08541,84.0,-2.4602920890240814,-2.666186175006246,0.20589408598216474,-2.666186175006246,0.010462248076074009,14.854599389598459,-2.5107736711215694,0.08120538866706221,0.05048158209748799
85,ES,2005,0.09614,85.0,-2.341949816516322,-2.530191560187631,0.18824174367130864,-2.530191560187631,0.009737743869726704,14.854599389598459,-2.3855412760443224,0.09203914750835858,0.043591459528000254
20,ES,2006,0.00044,20.0,-7.728735831051967,-8.188265254489172,0.45952942343720515,-8.188265254489172,0.027065368019014283,11.987343903797997,-7.863823380162392,0.00038440134567364355,0.1350875491104251
21,ES,2006,0.00044,21.0,-7.728735831051967,-8.18419600720037,0.45546017614840295,-8.18419600720037,0.023695264288118734,11.987343903797997,-7.900152725287308,0.00037068692286893314,0.17141689423534068
22,ES,2006,0.00045,22.0,-7.706262975199909,-8.164730480475352,0.45846750527544344,-8.164730480475352,0.024368876838677903,11.987343903797997,-7.872612373260822,0.0003810376483087181,0.16634939806091342
23,ES,2006,0.00039,23.0,-7.849363818840582,-8.14178359403389,0.2924197751933084,-8.14178359403389,0.023859905728048508,11.987343903797997,-7.855766698559574,0.0003875108542638948,0.00640287971899145
24,ES,2006,0.00041,24.0,-7.799353398265921,-8.1084794375383,0.30912603927237914,-8.1084794375383,0.022773052801918214,11.987343903797997,-7.835491021862356,0.00039544809359412107,0.03613762359643502
25,ES,2006,0.00042,25.0,-7.77525584668686,-8.072934190365274,0.29767834367841406,-8.072934190365274,0.021477049735121993,11.987343903797997,-7.815481409151393,0.0004034405531345365,0.04022556246453313
26,ES,2006,0.00047,26.0,-7.66277786326017,-8.080754308309267,0.4179764450490966,-8.080754308309267,0.020228418997948437,11.987343903797997,-7.838269293150738,0.00039435095628789616,0.17549142989056765
27,ES,2006,0.00045,27.0,-7.706262975199909,-8.03269252567724,0.32642955047733047,-8.03269252567724,0.021844882459629948,11.987343903797997,-7.770830407095611,0.00042186280345022015,0.06456743189570169
28,ES,2006,0.00043,28.0,-7.751725349276666,-8.025617186039081,0.2738918367624157,-8.025617186039081,0.01993958347081985,11.987343903797997,-7.7865945416758775,0.0004152646452101212,0.03486919239921171
29,ES,2006,0.00045,29.0,-7.706262975199909,-7.936879841552711,0.23061686635280232,-7.936879841552711,0.019123715743917843,11.987343903797997,-7.707637284211892,0.0004493819857131809,0.0013743090119833212
30,ES,2006,0.00052,30.0,-7.5616817463888015,-7.885998910298966,0.3243171639101643,-7.885998910298966,0.018652436174824778,11.987343903797997,-7.662405743227699,0.00047017492896052815,0.1007239968388971
31,ES,2006,0.00055,31.0,-7.505592279737757,-7.836681246376088,0.33108896663833054,-7.836681246376088,0.019107855853761156,11.987343903797997,-7.607628806992853,0.0004966481118942784,0.1020365272550956
32,ES,2006,0.00059,32.0,-7.435388021064509,-7.802351248446023,0.36696322738151377,-7.802351248446023,0.018541998976225594,11.987343903797997,-7.580081930054136,0.0005105193944193136,0.14469390898962686
33,ES,2006,0.00058,33.0,-7.4524824544238095,-7.710173145939573,0.25769069151576307,-7.710173145939573,0.018290514561482833,11.987343903797997,-7.4909184577136525,0.0005581301060968151,0.03843600328984298
34,ES,2006,0.00068,34.0,-7.293417759794122,-7.616350005870328,0.3229322460762063,-7.616350005870328,0.017506366593865882,11.987343903797997,-7.406495169003697,0.0006072954367995888,0.11307740920957521
35,ES,2006,0.00074,35.0,-7.208860371766058,-7.557493238012394,0.3486328662463354,-7.557493238012394,0.02028229426963641,11.987343903797997,-7.314362401444231,0.0006659057583308657,0.10550202967817235
36,ES,2006,0.00084,36.0,-7.082108666126914,-7.478957959096904,0.39684929296999005,-7.478957959096904,0.02041717609479281,11.987343903797997,-7.23421024770422,0.0007214768633422565,0.15210158157730547
37,ES,2006,0.00092,37.0,-6.991136887921188,-7.380509472558332,0.38937258463714386,-7.380509472558332,0.019651752990632196,11.987343903797997,-7.144937151147133,0.0007888478055120277,0.15380026322594453
38,ES,2006,0.00102,38.0,-6.887952651685957,-7.29185847180832,0.40390582012236287,-7.29185847180832,0.0202674338985073,11.987343903797997,-7.0489057716194194,0.0008683586202849932,0.1609531199334624
39,ES,2006,0.00122,39.0,-6.708904420236972,-7.193465343122429,0.48456092288545705,-7.193465343122429,0.020335399475374303,11.987343903797997,-6.949697916190003,0.0009589247855979966,0.24079349595303157
40,ES,2006,0.00123,40.0,-6.700741109597811,-7.077947167903955,0.37720605830614407,-7.077947167903955,0.020319399669134045,11.987343903797997,-6.834371536151326,0.0010761434200115265,0.1336304265535153
41,ES,2006,0.00127,41.0,-6.668738378511637,-6.985908311238438,0.3171699327268005,-6.985908311238438,0.020495343107482796,11.987343903797997,-6.740223584982706,0.001182382764029721,0.07148520647106871
42,ES,2006,0.00143,42.0,-6.550080834710321,-6.886627376331624,0.3365465416213036,-6.886627376331624,0.020240987592618713,11.987343903797997,-6.6439916971063955,0.0013018203859825833,0.09391086239607471
43,ES,2006,0.00166,43.0,-6.400937676613685,-6.766647604902495,0.3657099282888101,-6.766647604902495,0.01964334143697972,11.987343903797997,-6.5311761156776935,0.0014572908988211202,0.13023843906400856
44,ES,2006,0.00186,44.0,-6.287178791257027,-6.673177437295879,0.3859986460388525,-6.673177437295879,0.02027819283182161,11.987343903797997,-6.430095766073302,0.0016122964237956423,0.1429169748162753
45,ES,2006,0.00189,45.0,-6.271178449910586,-6.552189371118781,0.28101092120819526,-6.552189371118781,0.019317153767295814,11.987343903797997,-6.320628005667659,0.0017988134863737885,0.04944955575707333
46,ES,2006,0.00213,46.0,-6.151633299260803,-6.454873535849522,0.303240236588719,-6.454873535849522,0.018954085157196654,11.987343903797997,-6.227664398688333,0.0019740571269702863,0.07603109942752972
47,ES,2006,0.00224,47.0,-6.101279413115189,-6.3305299101334835,0.22925049701829447,-6.3305299101334835,0.01798657493397922,11.987343903797997,-6.114918650748442,0.002209655515926957,0.013639237633253032
48,ES,2006,0.00257,48.0,-5.9638493800750085,-6.220814296334984,0.2569649162599754,-6.220814296334984,0.017220232470692053,11.987343903797997,-6.014389447605449,0.0024433396961389253,0.0505400675304406
49,ES,2006,0.0026,49.0,-5.952243833954701,-6.12266281679637,0.17041898284166912,-6.12266281679637,0.016495468408212678,11.987343903797997,-5.924925964132889,0.0026720055021208604,-0.027317869821811946
50,ES,2006,0.00302,50.0,-5.802498447595359,-6.01252289613826,0.21002444854290125,-6.01252289613826,0.015773513858200243,11.987343903797997,-5.82344036094869,0.0029574130542177556,0.020941913353331287
51,ES,2006,0.00329,51.0,-5.716867714204857,-5.903208218347992,0.18634050414313563,-5.903208218347992,0.015010303509196268,11.987343903797997,-5.723274548082871,0.0032689888957397233,0.0064068338780138845
52,ES,2006,0.00358,52.0,-5.632392478569528,-5.8081042393910085,0.1757117608214802,-5.8081042393910085,0.01375066533335655,11.987343903797997,-5.64327028513403,0.0035412684913421165,0.010877806564502102
53,ES,2006,0.00388,53.0,-5.551920125346955,-5.720911168614,0.16899104326704517,-5.720911168614,0.01295815778978835,11.987343903797997,-5.5655772748281285,0.0038273704627675514,0.01365714948117347
54,ES,2006,0.00418,54.0,-5.477444032445472,-5.6236754556493525,0.14623142320388016,-5.6236754556493525,0.012093797968350164,11.987343903797997,-5.478702940299685,0.00417474107611423,0.0012589078542131205
55,ES,2006,0.00432,55.0,-5.444499876726118,-5.5475059250876795,0.10300604836156158,-5.5475059250876795,0.011123008713019614,11.987343903797997,-5.4141705943997716,0.004453029649253895,-0.030329282326346352
56,ES,2006,0.00486,56.0,-5.326716841069735,-5.447873319087934,0.12115647801819929,-5.447873319087934,0.0097378469097369,11.987343903797997,-5.331142399298382,0.004838539309802458,0.004425558228646764
57,ES,2006,0.00524,57.0,-5.251433780649187,-5.361624095608647,0.11019031495946052,-5.361624095608647,0.009929976269879456,11.987343903797997,-5.242590055105049,0.005286546641338692,-0.00884372554413737
58,ES,2006,0.00555,58.0,-5.193957351223794,-5.289540248432316,0.09558289720852198,-5.289540248432316,0.00935670774989911,11.987343903797997,-5.177378174826943,0.005642781423577389,-0.016579176396851025
59,ES,2006,0.0061,59.0,-5.099466507802871,-5.19930701899836,0.09984051119548898,-5.19930701899836,0.008908196402758034,11.987343903797997,-5.0925214051559236,0.00614251258238984,-0.006945102646947809
60,ES,2006,0.00674,60.0,-4.999695354057922,-5.110907651640006,0.1112122975820844,-5.110907651640006,0.008778985536951035,11.987343903797997,-5.005670932882105,0.006699844693810876,0.005975578824183536
61,ES,2006,0.00685,61.0,-4.983506626708003,-5.045809169822402,0.062302543114398645,-5.045809169822402,0.00800832928859658,11.987343903797997,-4.949810572545137,0.007084750848271463,-0.03369605416286614
62,ES,2006,0.00772,62.0,-4.863940914945452,-4.960413731356616,0.0964728164111639,-4.960413731356616,0.007443410213112718,11.987343903797997,-4.871187013314992,0.0076642623048778285,0.007246098369539489
63,ES,2006,0.0081,63.0,-4.815891217303744,-4.885391394955979,0.0695001776522357,-4.885391394955979,0.007222264733534511,11.987343903797997,-4.798815623830829,0.00823949993970878,-0.01707559347291454
64,ES,2006,0.0091,64.0,-4.699480865459333,-4.809747994957796,0.11026712949846296,-4.809747994957796,0.007559181092484768,11.987343903797997,-4.719133491571093,0.008922906973686225,0.01965262611176044
65,ES,2006,0.00991,65.0,-4.61421093064024,-4.723216287999865,0.10900535735962436,-4.723216287999865,0.007919647211399497,11.987343903797997,-4.628280753280064,0.009771544364802579,0.014069822639823926
66,ES,2006,0.01052,66.0,-4.554477071672573,-4.644559039801131,0.09008196812855829,-4.644559039801131,0.007934399503536919,11.987343903797997,-4.54944666428211,0.01057305321351043,-0.005030407390463232
67,ES,2006,0.0116,67.0,-4.456750180869818,-4.557414841927601,0.10066466105778282,-4.557414841927601,0.008404693358453006,11.987343903797997,-4.456664892233858,0.011600989390368412,-8.528863595991254e-05
68,ES,2006,0.01288,68.0,-4.352079558305929,-4.4797090952454734,0.12762953693954415,-4.4797090952454734,0.009200825359483569,11.987343903797997,-4.369415637462558,0.012658635639536354,0.017336079156629047
69,ES,2006,0.0141,69.0,-4.261580481598014,-4.382229805038305,0.12064932344029078,-4.382229805038305,0.009487510691631477,11.987343903797997,-4.268499751586758,0.014002775043916367,0.006919269988744148
70,ES,2006,0.01519,70.0,-4.187117962374455,-4.295870935322768,0.10875297294831299,-4.295870935322768,0.009992018752246168,11.987343903797997,-4.1760931702463955,0.01535839313646475,-0.011024792128059957
71,ES,2006,0.0172,71.0,-4.06284589516273,-4.202390723867514,0.1395448287047838,-4.202390723867514,0.010527324752195758,11.987343903797997,-4.0761960616759785,0.016971903089580992,0.013350166513248496
72,ES,2006,0.01945,72.0,-3.939908208917682,-4.105247951290851,0.16533974237316906,-4.105247951290851,0.011559102396732036,11.987343903797997,-3.966685015642008,0.018936102086683435,0.026776806724326363
73,ES,2006,0.02075,73.0,-3.87520903230543,-4.0058509251784455,0.13064189287301575,-4.0058509251784455,0.01169743913549465,11.987343903797997,-3.8656296994675254,0.02094972625120696,-0.009579332837904353
74,ES,2006,0.02362,74.0,-3.745661468212921,-3.8921275147904475,0.1464660465775265,-3.8921275147904475,0.012327970030389813,11.987343903797997,-3.74434789840045,0.02365104690564538,-0.0013135698124711048
75,ES,2006,0.0265,75.0,-3.6306105459899607,-3.783491560567625,0.15288101457766423,-3.783491560567625,0.012695972475206428,11.987343903797997,-3.631300572314172,0.026481720609763913,0.0006900263242113347
76,ES,2006,0.02943,76.0,-3.5257407167367556,-3.675502488423401,0.1497617716866455,-3.675502488423401,0.01295867437417588,11.987343903797997,-3.5201624021628204,0.02959462854591594,-0.005578314573935206
77,ES,2006,0.03386,77.0,-3.3855209022771477,-3.556312797152416,0.17079189487526847,-3.556312797152416,0.013218506789362525,11.987343903797997,-3.397858010373639,0.033444831773348234,0.012337108096491356
78,ES,2006,0.03786,78.0,-3.2738601332009605,-3.4390698671831883,0.16520973398222782,-3.4390698671831883,0.013120427703430103,11.987343903797997,-3.2817907881372532,0.03756093287070568,0.007930654936292747
79,ES,2006,0.04297,79.0,-3.1472530811952333,-3.311352573991767,0.16409949279653357,-3.311352573991767,0.012917105267199382,11.987343903797997,-3.156510790912287,0.04257403192026712,0.009257709717053864
80,ES,2006,0.04871,80.0,-3.0218709311636855,-3.184564341600823,0.1626934104371376,-3.184564341600823,0.013361763206868073,11.987343903797997,-3.0243922908789806,0.048587339269162796,0.0025213597152951017
81,ES,2006,0.05463,81.0,-2.9071720965745107,-3.057863262918503,0.1506911663439925,-3.057863262918503,0.01261299801953086,11.987343903797997,-2.9066669180004636,0.05465760487760948,-0.0005051785740470827
82,ES,2006,0.06139,82.0,-2.790508323542732,-2.9290846642073762,0.13857634066464408,-2.9290846642073762,0.01222347467468327,11.987343903797997,-2.7825576695825824,0.06188003611903791,-0.007950653960149712
83,ES,2006,0.06942,83.0,-2.667580268548497,-2.7973309766042154,0.12975070805571853,-2.7973309766042154,0.011605682635583328,11.987343903797997,-2.6582096676131415,0.07007356448054776,-0.009370600935355355
84,ES,2006,0.07888,84.0,-2.539827568687757,-2.666186175006246,0.12635860631848894,-2.666186175006246,0.010462248076074009,11.987343903797997,-2.540771609311498,0.07880556921396996,0.0009440406237408716
85,ES,2006,0.09028,85.0,-2.404839327032802,-2.530191560187631,0.12535223315482869,-2.530191560187631,0.009737743869726704,11.987343903797997,-2.413461875574116,0.08950490277666663,0.008622548541314057
20,ES,2007,0.00042,20.0,-7.77525584668686,-8.188265254489172,0.41300940780231254,-8.188265254489172,0.027065368019014283,10.58689134390758,-7.901727144088997,0.00037010376559537653,0.12647129740213714
21,ES,2007,0.00034,21.0,-7.986564940354067,-8.18419600720037,0.19763106684630305,-8.18419600720037,0.023695264288118734,10.58689134390758,-7.933336818816883,0.00035858787162742627,-0.053228121537183704
22,ES,2007,0.0004,22.0,-7.824046010856292,-8.164730480475352,0.3406844696190605,-8.164730480475352,0.024368876838677903,10.58689134390758,-7.906739829211204,0.0003682531939972057,0.08269381835491174
23,ES,2007,0.00039,23.0,-7.849363818840582,-8.14178359403389,0.2924197751933084,-8.14178359403389,0.023859905728048508,10.58689134390758,-7.889181364615163,0.0003747762545429482,0.03981754577458041
24,ES,2007,0.00041,24.0,-7.799353398265921,-8.1084794375383,0.30912603927237914,-8.1084794375383,0.022773052801918214,10.58689134390758,-7.867383601955321,0.0003830352249149785,0.06803020368940071
25,ES,2007,0.00041,25.0,-7.799353398265921,-8.072934190365274,0.27358079209935315,-8.072934190365274,0.021477049735121993,10.58689134390758,-7.845558998431838,0.00039148670649146567,0.04620560016591746
26,ES,2007,0.00045,26.0,-7.706262975199909,-8.080754308309267,0.3744913331093578,-8.080754308309267,0.020228418997948437,10.58689134390758,-7.866598234318951,0.00038333616654365605,0.16033525911904167
27,ES,2007,0.00042,27.0,-7.77525584668686,-8.03269252567724,0.2574366789903797,-8.03269252567724,0.021844882459629948,10.58689134390758,-7.801423128656705,0.00040915228810992717,0.026167281969844858
28,ES,2007,0.00044,28.0,-7.728735831051967,-8.025617186039081,0.2968813549871143,-8.025617186039081,0.01993958347081985,10.58689134390758,-7.814518982390736,0.00040382902202565005,0.08578315133876924
29,ES,2007,0.00047,29.0,-7.66277786326017,-7.936879841552711,0.2741019782925411,-7.936879841552711,0.019123715743917843,10.58689134390758,-7.734419140880078,0.000437506436235198,0.07164127761990802
30,ES,2007,0.0005,30.0,-7.600902459542082,-7.885998910298966,0.2850964507568836,-7.885998910298966,0.018652436174824778,10.58689134390758,-7.688527595216925,0.00045805211357863876,0.08762513567484298
31,ES,2007,0.00051,31.0,-7.5810998322459024,-7.836681246376088,0.25558141413018554,-7.836681246376088,0.019107855853761156,10.58689134390758,-7.63438845263727,0.00048353422838617893,0.053288620391367836
32,ES,2007,0.00049,32.0,-7.621105166859602,-7.802351248446023,0.18124608158642097,-7.802351248446023,0.018541998976225594,10.58689134390758,-7.606049119985877,0.0004974332804606918,-0.01505604687372486
33,ES,2007,0.00058,33.0,-7.4524824544238095,-7.710173145939573,0.25769069151576307,-7.710173145939573,0.018290514561482833,10.58689134390758,-7.516533455652994,0.0005440151535787574,0.06405100122918483
34,ES,2007,0.00064,34.0,-7.354042381610556,-7.616350005870328,0.2623076242597717,-7.616350005870328,0.017506366593865882,10.58689134390758,-7.431012004914456,0.000592587506885366,0.07696962330390011
35,ES,2007,0.00069,35.0,-7.278818960372969,-7.557493238012394,0.27867427763942487,-7.557493238012394,0.02028229426963641,10.58689134390758,-7.342766792374594,0.0006472572149087992,0.06394783200162468
36,ES,2007,0.00079,36.0,-7.143477612503207,-7.478957959096904,0.3354803465936973,-7.478957959096904,0.02041717609479281,10.58689134390758,-7.262803534231906,0.0007011396087252915,0.1193259217286986
37,ES,2007,0.00084,37.0,-7.082108666126914,-7.380509472558332,0.29840080643141764,-7.380509472558332,0.019651752990632196,10.58689134390758,-7.172458498929198,0.0007674336751887834,0.09034983280228381
38,ES,2007,0.00097,38.0,-6.938214486466846,-7.29185847180832,0.3536439853414741,-7.29185847180832,0.0202674338985073,10.58689134390758,-7.077289351304994,0.0008440579949738987,0.13907486483814857
39,ES,2007,0.00112,39.0,-6.794426593675134,-7.193465343122429,0.39903874944729534,-7.193465343122429,0.020335399475374303,10.58689134390758,-6.978176678441686,0.0009320009924286092,0.18375008476655275
40,ES,2007,0.00121,40.0,-6.717134919373487,-7.077947167903955,0.36081224853046745,-7.077947167903955,0.020319399669134045,10.58689134390758,-6.862827891433401,0.0010459519080192783,0.14569297205991383
41,ES,2007,0.00133,41.0,-6.622576336748475,-6.985908311238438,0.363331974489963,-6.985908311238438,0.020495343107482796,10.58689134390758,-6.768926340703413,0.00114892754566904,0.1463500039549377
42,ES,2007,0.00159,42.0,-6.444021262749997,-6.886627376331624,0.44260611358162727,-6.886627376331624,0.020240987592618713,10.58689134390758,-6.672338239995189,0.0012654363950171043,0.22831697724519184
43,ES,2007,0.00158,43.0,-6.450330431943262,-6.766647604902495,0.31631717295923334,-6.766647604902495,0.01964334143697972,10.58689134390758,-6.558685683477913,0.0014177478557854965,0.10835525153465131
44,ES,2007,0.00169,44.0,-6.383026750047155,-6.673177437295879,0.2901506872487243,-6.673177437295879,0.02027819283182161,10.58689134390758,-6.458494413134579,0.0015671534206862575,0.07546766308742381
45,ES,2007,0.00194,45.0,-6.2450673059069,-6.552189371118781,0.3071220652118809,-6.552189371118781,0.019317153767295814,10.58689134390758,-6.347680763110866,0.0017508029580432976,0.1026134572039652
46,ES,2007,0.00199,46.0,-6.219620640245736,-6.454873535849522,0.23525289560378582,-6.454873535849522,0.018954085157196654,10.58689134390758,-6.25420869576711,0.0019223465152985125,0.03458805552137356
47,ES,2007,0.00229,47.0,-6.079203461415989,-6.3305299101334835,0.2513264487174949,-6.3305299101334835,0.01798657493397922,10.58689134390758,-6.1401079956583935,0.0021546909084687203,0.06090453424240483
48,ES,2007,0.00242,48.0,-6.023987738813542,-6.220814296334984,0.19682655752144207,-6.220814296334984,0.017220232470692053,10.58689134390758,-6.038505566250938,0.0023851206563641624,0.014517827437396491
49,ES,2007,0.00264,49.0,-5.936976361823913,-6.12266281679637,0.1856864549724575,-6.12266281679637,0.016495468408212678,10.58689134390758,-5.948027085091763,0.0026109866948306024,0.01105072326785006
50,ES,2007,0.00297,50.0,-5.819193326167529,-6.01252289613826,0.19332956997073136,-6.01252289613826,0.015773513858200243,10.58689134390758,-5.845530418809874,0.0028927999101974883,0.026337092642345183
51,ES,2007,0.00314,51.0,-5.763532479061975,-5.903208218347992,0.13967573928601773,-5.903208218347992,0.015010303509196268,10.58689134390758,-5.744295766057057,0.003200988002473954,-0.019236713004917583
52,ES,2007,0.00349,52.0,-5.657853542767802,-5.8081042393910085,0.1502506966232069,-5.8081042393910085,0.01375066533335655,10.58689134390758,-5.662527439600326,0.0034737261608028076,0.004673896832524171
53,ES,2007,0.00389,53.0,-5.549346121351782,-5.720911168614,0.17156504726221833,-5.720911168614,0.01295815778978835,10.58689134390758,-5.583724560076301,0.003758540506589259,0.03437843872451918
54,ES,2007,0.0042,54.0,-5.472670753692815,-5.6236754556493525,0.1510047019565377,-5.6236754556493525,0.012093797968350164,10.58689134390758,-5.495639730623259,0.004104629768087366,0.02296897693044464
55,ES,2007,0.00438,55.0,-5.430706554593782,-5.5475059250876795,0.11679937049389721,-5.5475059250876795,0.011123008713019614,10.58689134390758,-5.429747840425604,0.004384201181600997,-0.0009587141681786093
56,ES,2007,0.00464,56.0,-5.373040912743973,-5.447873319087934,0.07483240634396093,-5.447873319087934,0.0097378469097369,10.58689134390758,-5.344779791930944,0.004773002143208422,-0.02826112081302945
57,ES,2007,0.00511,57.0,-5.276555874766524,-5.361624095608647,0.08506822084212295,-5.361624095608647,0.009929976269879456,10.58689134390758,-5.256496515791853,0.005213538308640393,-0.02005935897467115
58,ES,2007,0.0057,58.0,-5.1672891041416324,-5.289540248432316,0.12225114429068373,-5.289540248432316,0.00935670774989911,10.58689134390758,-5.190481800147436,0.00556932286783002,0.02319269600580398
59,ES,2007,0.00582,59.0,-5.14645501723879,-5.19930701899836,0.052852001759569944,-5.19930701899836,0.008908196402758034,10.58689134390758,-5.104996911612172,0.00606635765039938,-0.041458105626618114
60,ES,2007,0.00682,60.0,-4.987895807126766,-5.110907651640006,0.12301184451323977,-5.110907651640006,0.008778985536951035,10.58689134390758,-5.017965485650569,0.00661797739183977,0.0300696785238026
61,ES,2007,0.00706,61.0,-4.953310227476987,-5.045809169822402,0.092498942345415,-5.045809169822402,0.00800832928859658,10.58689134390758,-4.961025857797797,0.0070057372547687475,0.0077156303208099075
62,ES,2007,0.00745,62.0,-4.899541246590669,-4.960413731356616,0.0608724847659472,-4.960413731356616,0.007443410213112718,10.58689134390758,-4.8816111562022595,0.007584783906271884,-0.017930090388409425
63,ES,2007,0.00809,63.0,-4.8171265479117364,-4.885391394955979,0.06826484704424285,-4.885391394955979,0.007222264733534511,10.58689134390758,-4.808930062965114,0.008156582059882676,-0.008196484946622284
64,ES,2007,0.00914,64.0,-4.695094893516078,-4.809747994957796,0.11465310144171781,-4.809747994957796,0.007559181092484768,10.58689134390758,-4.729719766082739,0.008828944862890169,0.03462487256666069
65,ES,2007,0.00947,65.0,-4.65962637178415,-4.723216287999865,0.0635899162157143,-4.723216287999865,0.007919647211399497,10.58689134390758,-4.639371843490697,0.009663766078936471,-0.020254528293452978
66,ES,2007,0.01055,66.0,-4.5516294190600615,-4.644559039801131,0.09292962074106992,-4.644559039801131,0.007934399503536919,10.58689134390758,-4.560558414378032,0.01045621841015962,0.008928995317970312
67,ES,2007,0.01189,67.0,-4.432057568279447,-4.557414841927601,0.12535727364815408,-4.557414841927601,0.008404693358453006,10.58689134390758,-4.468435266562797,0.011465241869446342,0.036377698283350135
68,ES,2007,0.01303,68.0,-4.3405008878453835,-4.4797090952454734,0.13920820740009,-4.4797090952454734,0.009200825359483569,10.58689134390758,-4.382300956890352,0.01249657144258036,0.04180006904496825
69,ES,2007,0.01427,69.0,-4.249595847493392,-4.382229805038305,0.13263395754491292,-4.382229805038305,0.009487510691631477,10.58689134390758,-4.281786560221841,0.013817953415367977,0.032190712728448645
70,ES,2007,0.01557,70.0,-4.16240929313623,-4.295870935322768,0.13346164218653822,-4.295870935322768,0.009992018752246168,10.58689134390758,-4.190086518486451,0.015144974496091144,0.02767722535022088
71,ES,2007,0.01685,71.0,-4.0834046221837665,-4.202390723867514,0.11898610168374724,-4.202390723867514,0.010527324752195758,10.58689134390758,-4.090939080573989,0.01672352144814582,0.007534458390222376
72,ES,2007,0.019,72.0,-3.9633162998156966,-4.105247951290851,0.1419316514751543,-4.105247951290851,0.011559102396732036,10.58689134390758,-3.982872990183547,0.018632032721855495,0.01955669036785057
73,ES,2007,0.02098,73.0,-3.864185676013986,-4.0058509251784455,0.14166524916445944,-4.0058509251784455,0.01169743913549465,10.58689134390758,-3.8820114080489914,0.020609329691894933,0.01782573203500526
74,ES,2007,0.02422,74.0,-3.720576540857191,-3.8921275147904475,0.17155097393325658,-3.8921275147904475,0.012327970030389813,10.58689134390758,-3.7616126355877615,0.0232462224460566,0.04103609473057057
75,ES,2007,0.02675,75.0,-3.6212208056401214,-3.783491560567625,0.16227075492750354,-3.783491560567625,0.012695972475206428,10.58689134390758,-3.649080679467373,0.026015033943678656,0.027859873827251747
76,ES,2007,0.0297,76.0,-3.516608233173483,-3.675502488423401,0.15889425524991818,-3.675502488423401,0.01295867437417588,10.58689134390758,-3.5383104108629215,0.029062389120137318,0.021702177689438606
77,ES,2007,0.03313,77.0,-3.4073160626703327,-3.556312797152416,0.1489967344820835,-3.556312797152416,0.013218506789362525,10.58689134390758,-3.4163699020447305,0.03283140007912008,0.009053839374397743
78,ES,2007,0.03794,78.0,-3.2717493144752687,-3.4390698671831883,0.16732055270791957,-3.4390698671831883,0.013120427703430103,10.58689134390758,-3.300165324701379,0.03687707020662581,0.028416010226110178
79,ES,2007,0.04258,79.0,-3.1563706195168035,-3.311352573991767,0.15498195447496332,-3.311352573991767,0.012917105267199382,10.58689134390758,-3.174600584050111,0.04181080065091817,0.018229964533307275
80,ES,2007,0.04857,80.0,-3.0247492226244836,-3.184564341600823,0.1598151189763395,-3.184564341600823,0.013361763206868073,10.58689134390758,-3.0431048063666886,0.047686601746241196,0.018355583742204917
81,ES,2007,0.05533,81.0,-2.8944400220721187,-3.057863262918503,0.1634232408463845,-3.057863262918503,0.01261299801953086,10.58689134390758,-2.9243308233648087,0.05370061508882739,0.02989080129268995
82,ES,2007,0.0625,82.0,-2.772588722239781,-2.9290846642073762,0.1564959419675951,-2.9290846642073762,0.01222347467468327,10.58689134390758,-2.7996760659814983,0.06082976426401272,0.027087343741717174
83,ES,2007,0.07149,83.0,-2.6381976992033764,-2.7973309766042154,0.15913327740083894,-2.7973309766042154,0.011605682635583328,10.58689134390758,-2.6744628755694198,0.06894384987730846,0.03626517636604332
84,ES,2007,0.08041,84.0,-2.5206167324220794,-2.666186175006246,0.1455694425841667,-2.666186175006246,0.010462248076074009,10.58689134390758,-2.5554234914118443,0.07765933704012723,0.03480675898976493
85,ES,2007,0.09149,85.0,-2.391525602290693,-2.530191560187631,0.1386659578969378,-2.530191560187631,0.009737743869726704,10.58689134390758,-2.427099123904032,0.08829258730260295,0.03557352161333904
20,ES,2008,0.00038,20.0,-7.875339305243843,-8.188265254489172,0.31292594924532935,-8.188265254489172,0.027065368019014283,8.656179812249313,-7.953982562231882,0.00035126045865411116,0.07864325698803931
21,ES,2008,0.00034,21.0,-7.986564940354067,-8.18419600720037,0.19763106684630305,-8.18419600720037,0.023695264288118734,8.656179812249313,-7.979085538823645,0.00034255253032059444,-0.007479401530422258
22,ES,2008,0.00034,22.0,-7.986564940354067,-8.164730480475352,0.17816554012128538,-8.164730480475352,0.024368876838677903,8.656179812249313,-7.953789100737199,0.0003513284206012636,-0.032775839616868474
23,ES,2008,0.00035,23.0,-7.957577403480815,-8.14178359403389,0.18420619055307608,-8.14178359403389,0.023859905728048508,8.656179812249313,-7.935247959748586,0.0003579032141152352,-0.022329443732228782
24,ES,2008,0.00045,24.0,-7.706262975199909,-8.1084794375383,0.4022164623383908,-8.1084794375383,0.022773052801918214,8.656179812249313,-7.911351797611048,0.00036655873230869785,0.20508882241113913
25,ES,2008,0.00039,25.0,-7.849363818840582,-8.072934190365274,0.2235703715246915,-8.072934190365274,0.021477049735121993,8.656179812249313,-7.887024986021436,0.00037558528601125396,0.037661167180853994
26,ES,2008,0.00036,26.0,-7.929406526514119,-8.080754308309267,0.15134778179514807,-8.080754308309267,0.020228418997948437,8.656179812249313,-7.905653476145505,0.0003686534643615612,-0.023753050368613415
27,ES,2008,0.00042,27.0,-7.77525584668686,-8.03269252567724,0.2574366789903797,-8.03269252567724,0.021844882459629948,8.656179812249313,-7.8435992951292315,0.0003922546565144297,0.06834344844237172
28,ES,2008,0.00043,28.0,-7.751725349276666,-8.025617186039081,0.2738918367624157,-8.025617186039081,0.01993958347081985,8.656179812249313,-7.85301656613431,0.0003885780271901755,0.10129121685764453
29,ES,2008,0.00043,29.0,-7.751725349276666,-7.936879841552711,0.18515449227604552,-7.936879841552711,0.019123715743917843,8.656179812249313,-7.7713415193950155,0.00042164723927615844,0.019616170118349707
30,ES,2008,0.00044,30.0,-7.728735831051967,-7.885998910298966,0.15726307924699867,-7.885998910298966,0.018652436174824778,8.656179812249313,-7.7245400688331785,0.0004418500137711755,-0.004195762218788701
31,ES,2008,0.00045,31.0,-7.706262975199909,-7.836681246376088,0.130418271176179,-7.836681246376088,0.019107855853761156,8.656179812249313,-7.671280210279391,0.00046602083698444913,-0.03498276492051833
32,ES,2008,0.00049,32.0,-7.621105166859602,-7.802351248446023,0.18124608158642097,-7.802351248446023,0.018541998976225594,8.656179812249313,-7.641848371229271,0.0004799405234450312,0.020743204369669144
33,ES,2008,0.00054,33.0,-7.523941418405954,-7.710173145939573,0.1862317275336185,-7.710173145939573,0.018290514561482833,8.656179812249313,-7.551847163036813,0.0005251392129304238,0.02790574463085882
34,ES,2008,0.00061,34.0,-7.402051600796917,-7.616350005870328,0.2142984050734107,-7.616350005870328,0.017506366593865882,8.656179812249313,-7.46481174877467,0.0005728929119961861,0.06276014797775264
35,ES,2008,0.00068,35.0,-7.293417759794122,-7.557493238012394,0.26407547821827215,-7.557493238012394,0.02028229426963641,8.656179812249313,-7.381926051809467,0.0006224009543208169,0.08850829201534527
36,ES,2008,0.00078,36.0,-7.156216638280637,-7.478957959096904,0.3227413208162675,-7.478957959096904,0.02041717609479281,8.656179812249313,-7.30222321156202,0.0006740385778242241,0.1460065732813831
37,ES,2008,0.00079,37.0,-7.143477612503207,-7.380509472558332,0.2370318600551249,-7.380509472558332,0.019651752990632196,8.656179812249313,-7.210400365045512,0.0007388612820072792,0.06692275254230484
38,ES,2008,0.00085,38.0,-7.070274208479912,-7.29185847180832,0.22158426332840797,-7.29185847180832,0.0202674338985073,8.656179812249313,-7.116419919649964,0.0008116673902400066,0.04614571117005184
39,ES,2008,0.00099,39.0,-6.917805614835639,-7.193465343122429,0.2756597282867901,-7.193465343122429,0.020335399475374303,8.656179812249313,-7.017438468709669,0.0008961179897146416,0.09963285387402987
40,ES,2008,0.00113,40.0,-6.785537646257888,-7.077947167903955,0.29240952164606693,-7.077947167903955,0.020319399669134045,8.656179812249313,-6.902058790690972,0.0010057127441330037,0.11652114443308381
41,ES,2008,0.00123,41.0,-6.700741109597811,-6.985908311238438,0.28516720164062725,-6.985908311238438,0.020495343107482796,8.656179812249313,-6.808496935986322,0.0011043515642007629,0.10775582638851144
42,ES,2008,0.00134,42.0,-6.615085665019317,-6.886627376331624,0.27154171131230775,-6.886627376331624,0.020240987592618713,8.656179812249313,-6.711417748152409,0.0012169375899755246,0.09633208313309272
43,ES,2008,0.00151,43.0,-6.495645628155304,-6.766647604902495,0.27100197674719073,-6.766647604902495,0.01964334143697972,8.656179812249313,-6.596611309310591,0.001364985723586919,0.10096568115528637
44,ES,2008,0.00169,44.0,-6.383026750047155,-6.673177437295879,0.2901506872487243,-6.673177437295879,0.02027819283182161,8.656179812249313,-6.497645753876166,0.0015069828285284804,0.11461900382901113
45,ES,2008,0.00189,45.0,-6.271178449910586,-6.552189371118781,0.28101092120819526,-6.552189371118781,0.019317153767295814,8.656179812249313,-6.3849766146482,0.0016867079394034716,0.11379816473761384
46,ES,2008,0.00203,46.0,-6.1997194859284415,-6.454873535849522,0.2551540499210807,-6.454873535849522,0.018954085157196654,8.656179812249313,-6.2908035665521425,0.0018532701224666477,0.09108408062370099
47,ES,2008,0.00228,47.0,-6.083579836015788,-6.3305299101334835,0.24695007411769598,-6.3305299101334835,0.01798657493397922,8.656179812249313,-6.174834883298463,0.0020811495216257695,0.09125504728267586
48,ES,2008,0.00239,48.0,-6.036461913038718,-6.220814296334984,0.18435238329626635,-6.220814296334984,0.017220232470692053,8.656179812249313,-6.0717528676599395,0.0023071255783429674,0.03529095462122189
49,ES,2008,0.00276,49.0,-5.892524599253078,-6.12266281679637,0.230138217543292,-6.12266281679637,0.016495468408212678,8.656179812249313,-5.979875076167604,0.0025291422226343544,0.08735047691452547
50,ES,2008,0.00306,50.0,-5.789340363017848,-6.01252289613826,0.22318253312041225,-6.01252289613826,0.015773513858200243,8.656179812249313,-5.875984523910672,0.0028060302302985365,0.08664416089282412
51,ES,2008,0.00315,51.0,-5.7603528261445955,-5.903208218347992,0.14285539220339682,-5.903208218347992,0.015010303509196268,8.656179812249313,-5.773276332135953,0.0031095528783813766,0.012923505991357054
52,ES,2008,0.00353,52.0,-5.646457408036931,-5.8081042393910085,0.1616468313540773,-5.8081042393910085,0.01375066533335655,8.656179812249313,-5.689076007727411,0.0033827171302929135,0.04261859969047954
53,ES,2008,0.00374,53.0,-5.588669667555696,-5.720911168614,0.1322415010583038,-5.720911168614,0.01295815778978835,8.656179812249313,-5.608743024750093,0.003665674124734655,0.020073357194396735
54,ES,2008,0.00403,54.0,-5.513988903023545,-5.6236754556493525,0.10968655262580729,-5.6236754556493525,0.012093797968350164,8.656179812249313,-5.518989365822298,0.004009898435370086,0.0050004627987529915
55,ES,2008,0.00434,55.0,-5.4398809308698235,-5.5475059250876795,0.10762499421785598,-5.5475059250876795,0.011123008713019614,8.656179812249313,-5.451223161614566,0.004291052828363159,0.011342230744742388
56,ES,2008,0.00458,56.0,-5.386056280856043,-5.447873319087934,0.061817038231891,-5.447873319087934,0.0097378469097369,8.656179812249313,-5.363580765253095,0.00468410336762244,-0.022475515602947915
57,ES,2008,0.00499,57.0,-5.30031936921871,-5.361624095608647,0.061304726389937336,-5.361624095608647,0.009929976269879456,8.656179812249313,-5.275668435485202,0.005114536827509279,-0.024650933733507685
58,ES,2008,0.00561,58.0,-5.183204559447532,-5.289540248432316,0.1063356889847844,-5.289540248432316,0.00935670774989911,8.656179812249313,-5.208546903698523,0.00546961579440167,0.025342344250991466
59,ES,2008,0.00575,59.0,-5.158555424172878,-5.19930701899836,0.04075159482548241,-5.19930701899836,0.008908196402758034,8.656179812249313,-5.122196069133254,0.005962913535385172,-0.03635935503962351
60,ES,2008,0.00651,60.0,-5.034415822761659,-5.110907651640006,0.07649182887834716,-5.110907651640006,0.008778985536951035,8.656179812249313,-5.034915174263022,0.006506750033231555,0.0004993515013627103
61,ES,2008,0.00687,61.0,-4.980591172747879,-5.045809169822402,0.06521799707452303,-5.045809169822402,0.00800832928859658,8.656179812249313,-4.976487631504607,0.006898249249680987,-0.00410354124327128
62,ES,2008,0.0075,62.0,-4.892852258439873,-4.960413731356616,0.06756147291674353,-4.960413731356616,0.007443410213112718,8.656179812249313,-4.895982234135579,0.007476561881787151,0.0031299756957068325
63,ES,2008,0.00791,63.0,-4.839627497202574,-4.885391394955979,0.04576389775340495,-4.885391394955979,0.007222264733534511,8.656179812249313,-4.822874172770837,0.00804363508659373,-0.01675332443173705
64,ES,2008,0.00835,64.0,-4.785493740119373,-4.809747994957796,0.02425425483842325,-4.809747994957796,0.007559181092484768,8.656179812249313,-4.744314364187892,0.008701025695921261,-0.041179375931480244
65,ES,2008,0.00929,65.0,-4.6788167261563895,-4.723216287999865,0.044399561843475155,-4.723216287999865,0.007919647211399497,8.656179812249313,-4.654662397688412,0.009517125703303042,-0.024154328467977493
66,ES,2008,0.0101,66.0,-4.595219855134923,-4.644559039801131,0.04933918466620835,-4.644559039801131,0.007934399503536919,8.656179812249313,-4.575877450996294,0.01029725987187295,-0.0193424041386292
67,ES,2008,0.01104,67.0,-4.506230238133188,-4.557414841927601,0.05118460379441281,-4.557414841927601,0.008404693358453006,8.656179812249313,-4.484662304950014,0.0112806963129045,-0.021567933183174404
68,ES,2008,0.01193,68.0,-4.428699042872313,-4.4797090952454734,0.0510100523731607,-4.4797090952454734,0.009200825359483569,8.656179812249313,-4.40006509651268,0.012276540717068156,-0.028633946359632567
69,ES,2008,0.01384,69.0,-4.280192328792613,-4.382229805038305,0.10203747624569193,-4.382229805038305,0.009487510691631477,8.656179812249313,-4.300104206520905,0.013567145153540495,0.019911877728292282
70,ES,2008,0.01528,70.0,-4.1812104952437625,-4.295870935322768,0.11466044007900589,-4.295870935322768,0.009992018752246168,8.656179812249313,-4.209378224315959,0.01485560231935079,0.028167729072196224
71,ES,2008,0.0164,71.0,-4.110473944151984,-4.202390723867514,0.0919167797155298,-4.202390723867514,0.010527324752195758,8.656179812249313,-4.111264307870564,0.01638704315599948,0.0007903637185799894
72,ES,2008,0.01836,72.0,-3.9975808937897925,-4.105247951290851,0.10766705750105832,-4.105247951290851,0.011559102396732036,8.656179812249313,-4.005190282476536,0.01822082182569038,0.007609388686743657
73,ES,2008,0.0201,73.0,-3.907035463917107,-4.0058509251784455,0.09881546126133856,-4.0058509251784455,0.01169743913549465,8.656179812249313,-3.904595788678762,0.02014909733871917,-0.002439675238345096
74,ES,2008,0.0228,74.0,-3.780994743021742,-3.8921275147904475,0.1111327717687054,-3.8921275147904475,0.012327970030389813,8.656179812249313,-3.785414389487373,0.02269945441222477,0.0044196464656307555
75,ES,2008,0.02565,75.0,-3.6632117073653587,-3.783491560567625,0.1202798532022662,-3.783491560567625,0.012695972475206428,8.656179812249313,-3.67359293993087,0.025385098764390844,0.010381232565511489
76,ES,2008,0.02882,76.0,-3.546685688410761,-3.675502488423401,0.12881680001264018,-3.675502488423401,0.01295867437417588,8.656179812249313,-3.5633298729121474,0.028344284532865412,0.016644184501386494
77,ES,2008,0.03227,77.0,-3.4336172729182666,-3.556312797152416,0.12269552423414964,-3.556312797152416,0.013218506789362525,8.656179812249313,-3.4418910255342556,0.03200410748433446,0.00827375261598906
78,ES,2008,0.03631,78.0,-3.3156620935558925,-3.4390698671831883,0.12340777362729582,-3.4390698671831883,0.013120427703430103,8.656179812249313,-3.32549708576868,0.035954641769858915,0.009834992212787608
79,ES,2008,0.0413,79.0,-3.18689277901515,-3.311352573991767,0.12445979497661686,-3.311352573991767,0.012917105267199382,8.656179812249313,-3.1995397881451364,0.040780967545144195,0.012647009129986397
80,ES,2008,0.04725,80.0,-3.0523026250423855,-3.184564341600823,0.13226171655843766,-3.184564341600823,0.013361763206868073,8.656179812249313,-3.068902516673476,0.04647212926755145,0.016599891631090546
81,ES,2008,0.05309,81.0,-2.935766692386557,-3.057863262918503,0.12209657053194611,-3.057863262918503,0.01261299801953086,8.656179812249313,-2.9486828840898998,0.05240868882711797,0.012916191703342683
82,ES,2008,0.06167,82.0,-2.7859576899787357,-2.9290846642073762,0.1431269742286405,-2.9290846642073762,0.01222347467468327,8.656179812249313,-2.823276069492842,0.05941098901372902,0.037318379514106326
83,ES,2008,0.06851,83.0,-2.6807755589673294,-2.7973309766042154,0.11655541763688593,-2.7973309766042154,0.011605682635583328,8.656179812249313,-2.6968701008667066,0.06741618874115701,0.0160945418993772
84,ES,2008,0.0787,84.0,-2.5421121235587796,-2.666186175006246,0.12407405144746653,-2.666186175006246,0.010462248076074009,8.656179812249313,-2.57562307441939,0.07610638807890058,0.0335109508606104
85,ES,2008,0.08855,85.0,-2.4241879147532943,-2.530191560187631,0.10600364543433649,-2.530191560187631,0.009737743869726704,8.656179812249313,-2.445899898285648,0.08664812530722683,0.021711983532353596
20,ES,2009,0.00029,20.0,-8.145629634983754,-8.188265254489172,0.042635619505418276,-8.188265254489172,0.027065368019014283,6.991142300128128,-7.999047415262907,0.00033578233673241703,-0.14658221972084728
21,ES,2009,0.00033,21.0,-8.016417903503749,-8.18419600720037,0.16777810369662127,-8.18419600720037,0.023695264288118734,6.991142300128128,-8.018539042722988,0.00032930076590624856,0.0021211392192395095
22,ES,2009,0.00032,22.0,-8.047189562170502,-8.164730480475352,0.1175409183048508,-8.164730480475352,0.024368876838677903,6.991142300128128,-7.994364194801859,0.0003373585674794074,-0.05282536736864252
23,ES,2009,0.00035,23.0,-7.957577403480815,-8.14178359403389,0.18420619055307608,-8.14178359403389,0.023859905728048508,6.991142300128128,-7.974975597821461,0.00034396329811070835,0.01739819434064671
24,ES,2009,0.00033,24.0,-8.016417903503749,-8.1084794375383,0.09206153403455097,-8.1084794375383,0.022773052801918214,6.991142300128128,-7.949269784791758,0.00035291977794937445,-0.06714811871199089
25,ES,2009,0.0004,25.0,-7.824046010856292,-8.072934190365274,0.2488881795089819,-8.072934190365274,0.021477049735121993,6.991142300128128,-7.922785079480107,0.00036239163022053347,0.09873906862381521
26,ES,2009,0.00041,26.0,-7.799353398265921,-8.080754308309267,0.2814009100433461,-8.080754308309267,0.020228418997948437,6.991142300128128,-7.939334552587994,0.0003564435938713828,0.13998115432207303
27,ES,2009,0.00037,27.0,-7.902007552326004,-8.03269252567724,0.13068497335123563,-8.03269252567724,0.021844882459629948,6.991142300128128,-7.879971843872394,0.0003782437065107643,-0.022035708453610248
28,ES,2009,0.00041,28.0,-7.799353398265921,-8.025617186039081,0.2262637877731608,-8.025617186039081,0.01993958347081985,6.991142300128128,-7.886216720589297,0.0003758889813314382,0.08686332232337612
29,ES,2009,0.00041,29.0,-7.799353398265921,-7.936879841552711,0.13752644328679065,-7.936879841552711,0.019123715743917843,6.991142300128128,-7.803183223479781,0.0004084327746774592,0.0038298252138604383
30,ES,2009,0.00039,30.0,-7.849363818840582,-7.885998910298966,0.036635091458383506,-7.885998910298966,0.018652436174824778,6.991142300128128,-7.755597074756708,0.0004283383767937144,-0.09376674408387409
31,ES,2009,0.00045,31.0,-7.706262975199909,-7.836681246376088,0.130418271176179,-7.836681246376088,0.019107855853761156,6.991142300128128,-7.703095507052107,0.00045142762044406035,-0.0031674681478017774
32,ES,2009,0.00044,32.0,-7.728735831051967,-7.802351248446023,0.07361541739405553,-7.802351248446023,0.018541998976225594,6.991142300128128,-7.672721495074399,0.00046534965203846266,-0.056014335977567775
33,ES,2009,0.0005,33.0,-7.600902459542082,-7.710173145939573,0.10927068639749038,-7.710173145939573,0.018290514561482833,6.991142300128128,-7.58230155589768,0.0005093874890457565,-0.018600903644402145
34,ES,2009,0.00058,34.0,-7.4524824544238095,-7.616350005870328,0.16386755144651843,-7.616350005870328,0.017506366593865882,6.991142300128128,-7.493960505854402,0.0005564348273124542,0.0414780514305928
35,ES,2009,0.0006,35.0,-7.418580902748128,-7.557493238012394,0.1389123352642656,-7.557493238012394,0.02028229426963641,6.991142300128128,-7.415696832600292,0.0006017329398475466,-0.002884070147835871
36,ES,2009,0.00069,36.0,-7.278818960372969,-7.478957959096904,0.20013899872393548,-7.478957959096904,0.02041717609479281,6.991142300128128,-7.336218575651434,0.000651509502684085,0.05739961527846482
37,ES,2009,0.0007,37.0,-7.264430222920869,-7.380509472558332,0.11607924963746274,-7.380509472558332,0.019651752990632196,6.991142300128128,-7.2431212709538535,0.00071507632625986,-0.021308951967015766
38,ES,2009,0.00086,38.0,-7.05857816871672,-7.29185847180832,0.23328030309159953,-7.29185847180832,0.0202674338985073,6.991142300128128,-7.150165957365415,0.0007847338381434942,0.09158778864869443
39,ES,2009,0.00084,39.0,-7.082108666126914,-7.193465343122429,0.11135667699551455,-7.193465343122429,0.020335399475374303,6.991142300128128,-7.051297671660136,0.0008662840753069568,-0.03081099446677804
40,ES,2009,0.00105,40.0,-6.8589651148127055,-7.077947167903955,0.21898205309124918,-7.077947167903955,0.020319399669134045,6.991142300128128,-6.935891353363862,0.000972256058657516,0.07692623855115688
41,ES,2009,0.0012,41.0,-6.725433722188183,-6.985908311238438,0.2604745890502551,-6.985908311238438,0.020495343107482796,6.991142300128128,-6.842622451084075,0.001067300782288793,0.1171887288958926
42,ES,2009,0.00126,42.0,-6.676643558018751,-6.886627376331624,0.20998381831287372,-6.886627376331624,0.020240987592618713,6.991142300128128,-6.745119751776499,0.0011766077700066358,0.06847619375774805
43,ES,2009,0.00136,43.0,-6.600270579234176,-6.766647604902495,0.1663770256683188,-6.766647604902495,0.01964334143697972,6.991142300128128,-6.629318209666566,0.0013210634673518735,0.029047630432390115
44,ES,2009,0.00147,44.0,-6.522492878191493,-6.673177437295879,0.15068455910438683,-6.673177437295879,0.02027819283182161,6.991142300128128,-6.531409705619176,0.0014569505300802458,0.008916827427683849
45,ES,2009,0.0018,45.0,-6.319968614080018,-6.552189371118781,0.2322207570387631,-6.552189371118781,0.019317153767295814,6.991142300128128,-6.41714040029816,0.001633320205037421,0.0971717862181416
46,ES,2009,0.00194,46.0,-6.2450673059069,-6.454873535849522,0.20980622994262177,-6.454873535849522,0.018954085157196654,6.991142300128128,-6.322362829346814,0.0017956955674450152,0.07729552343991397
47,ES,2009,0.00218,47.0,-6.12843040218114,-6.3305299101334835,0.20209950795234377,-6.3305299101334835,0.01798657493397922,6.991142300128128,-6.204783205278117,0.0020197466317189317,0.07635280309697734
48,ES,2009,0.00225,48.0,-6.0968250627658085,-6.220814296334984,0.12398923356917546,-6.220814296334984,0.017220232470692053,6.991142300128128,-6.100425200691089,0.002241914253303061,0.0036001379252805776
49,ES,2009,0.00261,49.0,-5.948405057647535,-6.12266281679637,0.17425775914883523,-6.12266281679637,0.016495468408212678,6.991142300128128,-6.007340649847287,0.0024606231457204135,0.05893559219975231
50,ES,2009,0.00284,50.0,-5.863951226809022,-6.01252289613826,0.14857166932923782,-6.01252289613826,0.015773513858200243,6.991142300128128,-5.902248016182539,0.00273329341929793,0.03829678937351666
51,ES,2009,0.003,51.0,-5.809142990314028,-5.903208218347992,0.09406522803396467,-5.903208218347992,0.015010303509196268,6.991142300128128,-5.798269050547089,0.00303279982778264,-0.010873939766939067
52,ES,2009,0.0032,52.0,-5.744604469176456,-5.8081042393910085,0.06349977021455278,-5.8081042393910085,0.01375066533335655,6.991142300128128,-5.711971381324074,0.003306148436977273,-0.03263308785238195
53,ES,2009,0.00363,53.0,-5.618522630705377,-5.720911168614,0.1023885379086229,-5.720911168614,0.01295815778978835,6.991142300128128,-5.630318843558076,0.0035874313155962356,0.011796212852698496
54,ES,2009,0.00417,54.0,-5.479839243171427,-5.6236754556493525,0.14383621247792533,-5.6236754556493525,0.012093797968350164,6.991142300128128,-5.539125993103616,0.003929960149991632,0.05928674993218852
55,ES,2009,0.0042,55.0,-5.472670753692815,-5.5475059250876795,0.07483517139486473,-5.5475059250876795,0.011123008713019614,6.991142300128128,-5.469743388369395,0.004212312947813643,-0.0029273653234200836
56,ES,2009,0.00461,56.0,-5.37952742197358,-5.447873319087934,0.06834589711435424,-5.447873319087934,0.0097378469097369,6.991142300128128,-5.3797946456451005,0.0046087682634562005,0.00026722367152043347
57,ES,2009,0.00507,57.0,-5.284414461379045,-5.361624095608647,0.07720963422960203,-5.361624095608647,0.009929976269879456,6.991142300128128,-5.292202218469025,0.005030669418840303,0.007787757089979586
58,ES,2009,0.00528,58.0,-5.243829181263967,-5.289540248432316,0.04571106716834894,-5.289540248432316,0.00935670774989911,6.991142300128128,-5.22412617309206,0.005385063517966696,-0.0197030081719074
59,ES,2009,0.00581,59.0,-5.148174708118317,-5.19930701899836,0.05113231088004344,-5.19930701899836,0.008908196402758034,6.991142300128128,-5.137028550309189,0.0058751214295308975,-0.011146157809127644
60,ES,2009,0.00611,60.0,-5.097828505798633,-5.110907651640006,0.013079145841373041,-5.110907651640006,0.008778985536951035,6.991142300128128,-5.049532514500415,0.006412330417170155,-0.048295991298218155
61,ES,2009,0.00657,61.0,-5.025241446485618,-5.045809169822402,0.020567723336784027,-5.045809169822402,0.00800832928859658,6.991142300128128,-4.98982180017954,0.00680687736848513,-0.03541964630607808
62,ES,2009,0.00753,62.0,-4.888860237170335,-4.960413731356616,0.07155349418628099,-4.960413731356616,0.007443410213112718,6.991142300128128,-4.908375791358518,0.007384472520402165,0.019515554188182627
63,ES,2009,0.00772,63.0,-4.863940914945452,-4.885391394955979,0.021450480010527073,-4.885391394955979,0.007222264733534511,6.991142300128128,-4.8348995144746425,0.007947486892236205,-0.02904140047080972
64,ES,2009,0.00836,64.0,-4.784296851885527,-4.809747994957796,0.025451143072269033,-4.809747994957796,0.007559181092484768,6.991142300128128,-4.756900684267797,0.008592198107579635,-0.027396167617729894
65,ES,2009,0.0095,65.0,-4.656463480375642,-4.723216287999865,0.06675280762422275,-4.723216287999865,0.007919647211399497,6.991142300128128,-4.667848907378158,0.009392451846072033,0.011385427002515769
66,ES,2009,0.00998,66.0,-4.607172188658764,-4.644559039801131,0.03738685114236695,-4.644559039801131,0.007934399503536919,6.991142300128128,-4.589088523805839,0.010162116680802214,-0.018083664852925452
67,ES,2009,0.01105,67.0,-4.505324851018375,-4.557414841927601,0.05208999090922628,-4.557414841927601,0.008404693358453006,6.991142300128128,-4.498656434669714,0.011123932232138822,-0.006668416348660777
68,ES,2009,0.01191,68.0,-4.430376895614928,-4.4797090952454734,0.04933219963054558,-4.4797090952454734,0.009200825359483569,6.991142300128128,-4.415384815878697,0.012089900843990392,-0.01499207973623129
69,ES,2009,0.01323,69.0,-4.325268300855273,-4.382229805038305,0.056961504183032474,-4.382229805038305,0.009487510691631477,6.991142300128128,-4.315901267719123,0.013354508073643244,-0.00936703313614995
70,ES,2009,0.0142,70.0,-4.254513314374922,-4.295870935322768,0.04135762094784656,-4.295870935322768,0.009992018752246168,6.991142300128128,-4.226015310360267,0.014610492991491246,-0.028498004014655187
71,ES,2009,0.01598,71.0,-4.136417338644009,-4.202390723867514,0.06597338522350515,-4.202390723867514,0.010527324752195758,6.991142300128128,-4.1287926984852525,0.01610230743228751,-0.00762464015875608
72,ES,2009,0.01814,72.0,-4.009635834295146,-4.105247951290851,0.09561211699570471,-4.105247951290851,0.011559102396732036,6.991142300128128,-4.024436621573545,0.017873490856520076,0.014800787278399063
73,ES,2009,0.01976,73.0,-3.9240955866624154,-4.0058509251784455,0.08175533851603012,-4.0058509251784455,0.01169743913549465,6.991142300128128,-3.9240724636351145,0.019760456916302085,-2.3123027300897547e-05
74,ES,2009,0.02217,74.0,-3.809015255353917,-3.8921275147904475,0.08311225943653033,-3.8921275147904475,0.012327970030389813,6.991142300128128,-3.805940922036277,0.022238262847259254,-0.0030743333176399545
75,ES,2009,0.02492,75.0,-3.6920845850628847,-3.783491560567625,0.0914069755047402,-3.783491560567625,0.012695972475206428,6.991142300128128,-3.694732210354947,0.02485410844428773,0.0026476252920621945
76,ES,2009,0.02758,76.0,-3.5906644066169813,-3.675502488423401,0.08483808180641983,-3.675502488423401,0.01295867437417588,6.991142300128128,-3.5849065518525136,0.02773925969149773,-0.0057578547644676625
77,ES,2009,0.03124,77.0,-3.4660559540106517,-3.556312797152416,0.09025684314176452,-3.556312797152416,0.013218506789362525,6.991142300128128,-3.463900335192773,0.03130741416538788,-0.002155618817878846
78,ES,2009,0.03502,78.0,-3.351835952124431,-3.4390698671831883,0.0872339150587571,-3.4390698671831883,0.013120427703430103,6.991142300128128,-3.347343090069965,0.03517769401260511,-0.004492862054465974
79,ES,2009,0.0402,79.0,-3.2138882833571616,-3.311352573991767,0.09746429063460527,-3.311352573991767,0.012917105267199382,6.991142300128128,-3.2210472529630416,0.039913237109986156,0.007158969605880028
80,ES,2009,0.04607,80.0,-3.0775933000343114,-3.184564341600823,0.10697104156651172,-3.184564341600823,0.013361763206868073,6.991142300128128,-3.091150353640992,0.045449641160834095,0.01355705360668047
81,ES,2009,0.0521,81.0,-2.954590330222816,-3.057863262918503,0.10327293269568738,-3.057863262918503,0.01261299801953086,6.991142300128128,-2.969683998932729,0.05131952479449736,0.015093668709913022
82,ES,2009,0.05898,82.0,-2.830556875595007,-2.9290846642073762,0.09852778861236944,-2.9290846642073762,0.01222347467468327,6.991142300128128,-2.843628613354653,0.058214045988460174,0.013071737759646318
83,ES,2009,0.06667,83.0,-2.7080002023521685,-2.7973309766042154,0.08933077425204683,-2.7973309766042154,0.011605682635583328,6.991142300128128,-2.7161939978087264,0.06612595161138818,0.00819379545655785
84,ES,2009,0.07462,84.0,-2.595346711189125,-2.666186175006246,0.07083946381712103,-2.666186175006246,0.010462248076074009,6.991142300128128,-2.593043109927171,0.07479209286673749,-0.002303601261953947
85,ES,2009,0.08491,85.0,-2.466163406970865,-2.530191560187631,0.06402815321676592,-2.530191560187631,0.009737743869726704,6.991142300128128,-2.462113607112171,0.08525456574622525,-0.004049799858693692
20,ES,2010,0.00032,20.0,-8.047189562170502,-8.188265254489172,0.14107569231867068,-8.188265254489172,0.027065368019014283,3.8062202731669594,-8.085248502034476,0.0003080499841259431,0.03805893986397457
21,ES,2010,0.00026,21.0,-8.254828926948747,-8.18419600720037,-0.07063291974837682,-8.18419600720037,0.023695264288118734,3.8062202731669594,-8.094006611888883,0.00030536382851726723,-0.160822315059864
22,ES,2010,0.00032,22.0,-8.047189562170502,-8.164730480475352,0.1175409183048508,-8.164730480475352,0.024368876838677903,3.8062202731669594,-8.071977167417668,0.00031216546711566526,0.024787605247166056
23,ES,2010,0.0003,23.0,-8.111728083308073,-8.14178359403389,0.030055510725818024,-8.14178359403389,0.023859905728048508,3.8062202731669594,-8.05096753713594,0.0003187933288330342,-0.060760546172133445
24,ES,2010,0.0003,24.0,-8.111728083308073,-8.1084794375383,-0.0032486457697729065,-8.1084794375383,0.022773052801918214,3.8062202731669594,-8.021800182281737,0.0003282286193118539,-0.08992790102633563
25,ES,2010,0.00034,25.0,-7.986564940354067,-8.072934190365274,0.08636925001120677,-8.072934190365274,0.021477049735121993,3.8062202731669594,-7.991187808255638,0.0003384318523758515,0.004622867901570515
26,ES,2010,0.00028,26.0,-8.180720954795024,-8.080754308309267,-0.0999666464857576,-8.080754308309267,0.020228418997948437,3.8062202731669594,-8.00376048982516,0.0003342034930692425,-0.17696046496986462
27,ES,2010,0.00032,27.0,-8.047189562170502,-8.03269252567724,-0.014497036493262172,-8.03269252567724,0.021844882459629948,3.8062202731669594,-7.949546091194446,0.0003528222774257214,-0.09764347097605519
28,ES,2010,0.00033,28.0,-8.016417903503749,-8.025617186039081,0.009199282535332642,-8.025617186039081,0.01993958347081985,3.8062202731669594,-7.949722739193942,0.0003527599575807367,-0.06669516430980682
29,ES,2010,0.00037,29.0,-7.902007552326004,-7.936879841552711,0.03487228922670749,-7.936879841552711,0.019123715743917843,3.8062202731669594,-7.864090766989929,0.0003842985755576228,-0.037916785336074454
30,ES,2010,0.00039,30.0,-7.849363818840582,-7.885998910298966,0.036635091458383506,-7.885998910298966,0.018652436174824778,3.8062202731669594,-7.815003629586395,0.0004036333548412056,-0.034360189254186935
31,ES,2010,0.00038,31.0,-7.875339305243843,-7.836681246376088,-0.038658058867754974,-7.836681246376088,0.019107855853761156,3.8062202731669594,-7.76395253804875,0.00042477432161095255,-0.11138676719509277
32,ES,2010,0.00044,32.0,-7.728735831051967,-7.802351248446023,0.07361541739405553,-7.802351248446023,0.018541998976225594,3.8062202731669594,-7.731776316037672,0.0004386642183473777,0.003040484985704417
33,ES,2010,0.00046,33.0,-7.6842840684811335,-7.710173145939573,0.025889077458439047,-7.710173145939573,0.018290514561482833,3.8062202731669594,-7.640555418609001,0.0004805614651399853,-0.04372864987213276
34,ES,2010,0.0005,34.0,-7.600902459542082,-7.616350005870328,0.015447546328245743,-7.616350005870328,0.017506366593865882,3.8062202731669594,-7.549716918431263,0.0005262590802781289,-0.05118554111081952
35,ES,2010,0.00055,35.0,-7.505592279737757,-7.557493238012394,0.051900958274636366,-7.557493238012394,0.02028229426963641,3.8062202731669594,-7.480294358376966,0.0005640913461188016,-0.025297921360791342
36,ES,2010,0.00062,36.0,-7.385791079925137,-7.478957959096904,0.09316687917176747,-7.478957959096904,0.02041717609479281,3.8062202731669594,-7.401245689524084,0.0006104918040250133,0.0154546095989474
37,ES,2010,0.00067,37.0,-7.308232845579262,-7.380509472558332,0.07227662697907,-7.380509472558332,0.019651752990632196,3.8062202731669594,-7.305710571922118,0.0006716920563678355,-0.0025222736571439697
38,ES,2010,0.00074,38.0,-7.208860371766058,-7.29185847180832,0.08299810004226149,-7.29185847180832,0.0202674338985073,3.8062202731669594,-7.21471615401875,0.0007356793837731402,0.005855782252691455
39,ES,2010,0.00083,39.0,-7.09408485717363,-7.193465343122429,0.09938048594879856,-7.193465343122429,0.020335399475374303,3.8062202731669594,-7.11606433337631,0.0008119560593430918,0.021979476202679926
40,ES,2010,0.00096,40.0,-6.9485772735023925,-7.077947167903955,0.1293698944015622,-7.077947167903955,0.020319399669134045,3.8062202731669594,-7.000607056944714,0.0009113285692630923,0.052029783442321786
41,ES,2010,0.00105,41.0,-6.8589651148127055,-6.985908311238438,0.12694319642573237,-6.985908311238438,0.020495343107482796,3.8062202731669594,-6.907898520797224,0.0009998567684435316,0.048933405984518785
42,ES,2010,0.00121,42.0,-6.717134919373487,-6.886627376331624,0.16949245695813708,-6.886627376331624,0.020240987592618713,3.8062202731669594,-6.8095857190076785,0.0011031498193064882,0.09245079963419123
43,ES,2010,0.00133,43.0,-6.622576336748475,-6.766647604902495,0.14407126815402016,-6.766647604902495,0.01964334143697972,3.8062202731669594,-6.691880720492322,0.0012409467030082757,0.06930438374384718
44,ES,2010,0.00152,44.0,-6.489044944123952,-6.673177437295879,0.18413249317192726,-6.673177437295879,0.02027819283182161,3.8062202731669594,-6.595994168636211,0.001365828371786387,0.10694922451225874
45,ES,2010,0.00163,45.0,-6.419175264163466,-6.552189371118781,0.13301410695531501,-6.552189371118781,0.019317153767295814,3.8062202731669594,-6.478664028829816,0.001535861175569515,0.05948876466634978
46,ES,2010,0.00189,46.0,-6.271178449910586,-6.454873535849522,0.18369508593893613,-6.454873535849522,0.018954085157196654,3.8062202731669594,-6.382730112664867,0.0016905013915381264,0.11155166275428119
47,ES,2010,0.00207,47.0,-6.18020667170486,-6.3305299101334835,0.15032323842862372,-6.3305299101334835,0.01798657493397922,3.8062202731669594,-6.262069043974935,0.0019072954331796185,0.08186237227007531
48,ES,2010,0.00219,48.0,-6.123853735153728,-6.220814296334984,0.09696056118125629,-6.220814296334984,0.017220232470692053,3.8062202731669594,-6.155270298396388,0.002122267262345187,0.03141656324266062
49,ES,2010,0.00248,49.0,-5.999496718805246,-6.12266281679637,0.12316609799112399,-6.12266281679637,0.016495468408212678,3.8062202731669594,-6.0598774305256455,0.0023346870313547424,0.06038071172039938
50,ES,2010,0.00271,50.0,-5.910806644090528,-6.01252289613826,0.1017162520477326,-6.01252289613826,0.015773513858200243,3.8062202731669594,-5.952485427912098,0.0025993719315825893,0.04167878382157042
51,ES,2010,0.00302,51.0,-5.802498447595359,-5.903208218347992,0.10070977075263343,-5.903208218347992,0.015010303509196268,3.8062202731669594,-5.846075696824901,0.0028912229599818004,0.04357724922954187
52,ES,2010,0.00338,52.0,-5.68987956948721,-5.8081042393910085,0.11822466990379876,-5.8081042393910085,0.01375066533335655,3.8062202731669594,-5.755766178229653,0.003164481125456991,0.06588660874244301
53,ES,2010,0.00352,53.0,-5.649294289372131,-5.720911168614,0.07161687924186921,-5.720911168614,0.01295815778978835,3.8062202731669594,-5.671589565731612,0.0034423890211996645,0.02229527635948081
54,ES,2010,0.00388,54.0,-5.551920125346955,-5.6236754556493525,0.07175533030239745,-5.6236754556493525,0.012093797968350164,3.8062202731669594,-5.577643796642633,0.0037814649306282602,0.025723671295677875
55,ES,2010,0.00414,55.0,-5.487059491144914,-5.5475059250876795,0.060446433942765054,-5.5475059250876795,0.011123008713019614,3.8062202731669594,-5.505169303825571,0.004065700184012729,0.018109812680656923
56,ES,2010,0.00458,56.0,-5.386056280856043,-5.447873319087934,0.061817038231891,-5.447873319087934,0.0097378469097369,3.8062202731669594,-5.410808928763098,0.004468024435612815,0.02475264790705456
57,ES,2010,0.00504,57.0,-5.29034919689886,-5.361624095608647,0.07127489870978732,-5.361624095608647,0.009929976269879456,3.8062202731669594,-5.323828418618165,0.004874058026099913,0.03347922171930495
58,ES,2010,0.00526,58.0,-5.2476242522325185,-5.289540248432316,0.04191599619979769,-5.289540248432316,0.00935670774989911,3.8062202731669594,-5.253926557704552,0.005226954115226525,0.006302305472033254
59,ES,2010,0.0058,59.0,-5.149897361429764,-5.19930701899836,0.04940965756859672,-5.19930701899836,0.008908196402758034,3.8062202731669594,-5.16540046125283,0.005710775436739189,0.01550309982306608
60,ES,2010,0.0061,60.0,-5.099466507802871,-5.110907651640006,0.011441143837134682,-5.110907651640006,0.008778985536951035,3.8062202731669594,-5.077492898911424,0.006235522520746437,-0.021973608891447505
61,ES,2010,0.00629,61.0,-5.068794208269788,-5.045809169822402,-0.022985038447385975,-5.045809169822402,0.00800832928859658,3.8062202731669594,-5.015327704529948,0.006635457211494579,-0.05346650373983941
62,ES,2010,0.00707,62.0,-4.9518947990736555,-4.960413731356616,0.008518932282960634,-4.960413731356616,0.007443410213112718,3.8062202731669594,-4.9320824725019685,0.007211469945694605,-0.019812326571686967
63,ES,2010,0.00768,63.0,-4.869135731822556,-4.885391394955979,0.01625566313342297,-4.885391394955979,0.007222264733534511,3.8062202731669594,-4.857901864509022,0.0077667625278819135,-0.011233867313534596
64,ES,2010,0.00817,64.0,-4.8072863701102255,-4.809747994957796,0.0024616248475703983,-4.809747994957796,0.007559181092484768,3.8062202731669594,-4.78097608663504,0.008387807743434,-0.02631028347518516
65,ES,2010,0.00879,65.0,-4.734140567285052,-4.723216287999865,-0.010924279285187133,-4.723216287999865,0.007919647211399497,3.8062202731669594,-4.693072366227506,0.00915850460614506,-0.04106820105754583
66,ES,2010,0.00975,66.0,-4.630487993972381,-4.644559039801131,0.014071045828750073,-4.644559039801131,0.007934399503536919,3.8062202731669594,-4.614358967555363,0.009908533062754245,-0.01612902641701819
67,ES,2010,0.01056,67.0,-4.550682000704022,-4.557414841927601,0.0067328412235792,-4.557414841927601,0.008404693358453006,3.8062202731669594,-4.5254247276769055,0.01083011361046186,-0.025257273027116334
68,ES,2010,0.01166,68.0,-4.451591098059791,-4.4797090952454734,0.02811799718568242,-4.4797090952454734,0.009200825359483569,3.8062202731669594,-4.4446887272323385,0.011740760041088474,-0.006902370827452486
69,ES,2010,0.01244,69.0,-4.386838191671104,-4.382229805038305,-0.004608386632798833,-4.382229805038305,0.009487510691631477,3.8062202731669594,-4.346118249501929,0.01295701097242675,-0.04071994216917485
70,ES,2010,0.014,70.0,-4.268697949366879,-4.295870935322768,0.027172985955889573,-4.295870935322768,0.009992018752246168,3.8062202731669594,-4.257839110978105,0.01415285213379967,-0.010858838388774217
71,ES,2010,0.01545,71.0,-4.170146275638382,-4.202390723867514,0.03224444822913153,-4.202390723867514,0.010527324752195758,3.8062202731669594,-4.1623214069734935,0.015571368447686735,-0.00782486866488874
72,ES,2010,0.01757,72.0,-4.041562376783132,-4.105247951290851,0.06368557450771917,-4.105247951290851,0.011559102396732036,3.8062202731669594,-4.061251461408797,0.017227446135275385,0.01968908462566521
73,ES,2010,0.01924,73.0,-3.9507638337445767,-4.0058509251784455,0.05508709143386881,-4.0058509251784455,0.01169743913549465,3.8062202731669594,-3.9613278951967894,0.019037817273319695,0.01056406145221267
74,ES,2010,0.02071,74.0,-3.8771386035746445,-3.8921275147904475,0.014988911215803036,-3.8921275147904475,0.012327970030389813,3.8062202731669594,-3.8452045453337833,0.02138202751987146,-0.03193405824086115
75,ES,2010,0.02391,75.0,-3.733458497511904,-3.783491560567625,0.05003306305572108,-3.783491560567625,0.012695972475206428,3.8062202731669594,-3.7351678927449243,0.023869163272975582,0.0017093952330204942
76,ES,2010,0.02631,76.0,-3.6378061839299356,-3.675502488423401,0.037696304493465504,-3.675502488423401,0.01295867437417588,3.8062202731669594,-3.6261789193070437,0.02661769871284872,-0.011627264622891875
77,ES,2010,0.02975,77.0,-3.5149261469904984,-3.556312797152416,0.04138665016191778,-3.556312797152416,0.013218506789362525,3.8062202731669594,-3.5060002486297495,0.03001673412615508,-0.008925898360748974
78,ES,2010,0.03383,78.0,-3.38640729618952,-3.4390698671831883,0.05266257099366811,-3.4390698671831883,0.013120427703430103,3.8062202731669594,-3.3891306292657712,0.03373799497905204,0.0027233330762510555
79,ES,2010,0.03826,79.0,-3.26335031497003,-3.311352573991767,0.048002259021736826,-3.311352573991767,0.012917105267199382,3.8062202731669594,-3.262187226053121,0.038304525670598506,-0.001163088916908972
80,ES,2010,0.04393,80.0,-3.125157820994449,-3.184564341600823,0.05940652060637408,-3.184564341600823,0.013361763206868073,3.8062202731669594,-3.1337065275975857,0.043556055965172445,0.008548706603136669
81,ES,2010,0.05012,81.0,-2.9933351489542694,-3.057863262918503,0.06452811396423375,-3.057863262918503,0.01261299801953086,3.8062202731669594,-3.00985541415115,0.04929880615492475,0.016520265196880768
82,ES,2010,0.05598,82.0,-2.8827607948948297,-2.9290846642073762,0.046323869312546506,-2.9290846642073762,0.01222347467468327,3.8062202731669594,-2.882559427092054,0.05599127370464186,-0.00020136780277590915
83,ES,2010,0.06442,83.0,-2.742331135079084,-2.7973309766042154,0.05499984152513138,-2.7973309766042154,0.011605682635583328,3.8062202731669594,-2.7531571920727163,0.0637263469470804,0.01082605699363226
84,ES,2010,0.07206,84.0,-2.63025617366219,-2.666186175006246,0.035930001344055995,-2.666186175006246,0.010462248076074009,3.8062202731669594,-2.6263645542761913,0.07234097646507567,-0.0038916193859988013
85,ES,2010,0.08265,85.0,-2.4931404547151037,-2.530191560187631,0.0370511054725271,-2.530191560187631,0.009737743869726704,3.8062202731669594,-2.49312756205577,0.08265106558516305,-1.2892659333907375e-05
20,ES,2011,0.0003,20.0,-8.111728083308073,-8.188265254489172,0.0765371711810996,-8.188265254489172,0.027065368019014283,2.5394955626357953,-8.11953287250378,0.0002976676767264233,0.0078047891957080395
21,ES,2011,0.00032,21.0,-8.047189562170502,-8.18419600720037,0.13700644502986847,-8.18419600720037,0.023695264288118734,2.5394955626357953,-8.124021988685211,0.0002963344067830027,0.07683242651470934
22,ES,2011,0.00028,22.0,-8.180720954795024,-8.164730480475352,-0.015990474319671932,-8.164730480475352,0.024368876838677903,2.5394955626357953,-8.102845825877111,0.00030267654651985345,-0.07787512891791337
23,ES,2011,0.00026,23.0,-8.254828926948747,-8.14178359403389,-0.11304533291485619,-8.14178359403389,0.023859905728048508,2.5394955626357953,-8.081191469312603,0.0003093022916000172,-0.17363745763614347
24,ES,2011,0.00029,24.0,-8.145629634983754,-8.1084794375383,-0.037150197445454225,-8.1084794375383,0.022773052801918214,2.5394955626357953,-8.050647371000158,0.0003188954120021543,-0.09498226398359577
25,ES,2011,0.00032,25.0,-8.047189562170502,-8.072934190365274,0.02574462819477219,-8.072934190365274,0.021477049735121993,2.5394955626357953,-8.018393317864422,0.0003293487567104276,-0.02879624430607919
26,ES,2011,0.00029,26.0,-8.145629634983754,-8.080754308309267,-0.06487532667448725,-8.080754308309267,0.020228418997948437,2.5394955626357953,-8.02938432802484,0.0003257487015417447,-0.11624530695891444
27,ES,2011,0.00033,27.0,-8.016417903503749,-8.03269252567724,0.016274622173490627,-8.03269252567724,0.021844882459629948,2.5394955626357953,-7.977217543604708,0.00034319301483423,-0.03920035989904047
28,ES,2011,0.00033,28.0,-8.016417903503749,-8.025617186039081,0.009199282535332642,-8.025617186039081,0.01993958347081985,2.5394955626357953,-7.974980702294128,0.0003439615423639358,-0.04143720120962069
29,ES,2011,0.00035,29.0,-7.957577403480815,-7.936879841552711,-0.020697561928103347,-7.936879841552711,0.019123715743917843,2.5394955626357953,-7.888315250279923,0.0003751009942400682,-0.06926215320089124
30,ES,2011,0.00041,30.0,-7.799353398265921,-7.885998910298966,0.08664551203304516,-7.885998910298966,0.018652436174824778,2.5394955626357953,-7.838631131400651,0.0003942082908404859,0.03927773313473004
31,ES,2011,0.00041,31.0,-7.799353398265921,-7.836681246376088,0.037327848110167317,-7.836681246376088,0.019107855853761156,2.5394955626357953,-7.788156931223977,0.00041461634664807643,-0.01119646704194377
32,ES,2011,0.0004,32.0,-7.824046010856292,-7.802351248446023,-0.02169476241026924,-7.802351248446023,0.018541998976225594,2.5394955626357953,-7.755263924323501,0.00042848110168261185,-0.06878208653279128
33,ES,2011,0.00045,33.0,-7.706262975199909,-7.710173145939573,0.003910170739663599,-7.710173145939573,0.018290514561482833,2.5394955626357953,-7.663724465372361,0.0004695553075138991,-0.0425385098275477
34,ES,2011,0.00047,34.0,-7.66277786326017,-7.616350005870328,-0.04642785738984223,-7.616350005870328,0.017506366593865882,2.5394955626357953,-7.57189266558733,0.000514717338331201,-0.09088519767283998
35,ES,2011,0.00052,35.0,-7.5616817463888015,-7.557493238012394,-0.004188508376407718,-7.557493238012394,0.02028229426963641,2.5394955626357953,-7.505986441714579,0.0005497832536321429,-0.05569530467422279
36,ES,2011,0.00057,36.0,-7.469874197135678,-7.478957959096904,0.009083761961226067,-7.478957959096904,0.02041717609479281,2.5394955626357953,-7.427108631002625,0.0005949051178085714,-0.04276556613305349
37,ES,2011,0.00066,37.0,-7.3232707229438025,-7.380509472558332,0.05723874961452946,-7.380509472558332,0.019651752990632196,2.5394955626357953,-7.3306039330406065,0.0006551777841071723,0.007333210096803988
38,ES,2011,0.00069,38.0,-7.278818960372969,-7.29185847180832,0.013039511435350981,-7.29185847180832,0.0202674338985073,2.5394955626357953,-7.240389413357046,0.0007170324837092704,-0.03842954701592305
39,ES,2011,0.00081,39.0,-7.1184763102977895,-7.193465343122429,0.07498903282463942,-7.193465343122429,0.020335399475374303,2.5394955626357953,-7.14182368639029,0.0007913076827364229,0.023347376092500483
40,ES,2011,0.0009,40.0,-7.013115794639964,-7.077947167903955,0.06483137326399113,-7.077947167903955,0.020319399669134045,2.5394955626357953,-7.026346142608766,0.0008881711095421549,0.013230347968802292
41,ES,2011,0.00097,41.0,-6.938214486466846,-6.985908311238438,0.04769382477159212,-6.985908311238438,0.020495343107482796,2.5394955626357953,-6.933860478362287,0.0009742325955525144,-0.004354008104558993
42,ES,2011,0.00113,42.0,-6.785537646257888,-6.886627376331624,0.10108973007373656,-6.886627376331624,0.020240987592618713,2.5394955626357953,-6.835225478156803,0.0010752248482006077,0.04968783189891557
43,ES,2011,0.00133,43.0,-6.622576336748475,-6.766647604902495,0.14407126815402016,-6.766647604902495,0.01964334143697972,2.5394955626357953,-6.716763426487945,0.00121044958989606,0.09418708973946988
44,ES,2011,0.0014,44.0,-6.571283042360924,-6.673177437295879,0.10189439493495556,-6.673177437295879,0.02027819283182161,2.5394955626357953,-6.621681056581195,0.0013311912557967573,0.05039801422027157
45,ES,2011,0.00152,45.0,-6.489044944123952,-6.552189371118781,0.06314442699482914,-6.552189371118781,0.019317153767295814,2.5394955626357953,-6.503133544843981,0.0014987354723547909,0.014088600720028488
46,ES,2011,0.00172,46.0,-6.365430988156775,-6.454873535849522,0.08944254769274718,-6.454873535849522,0.018954085157196654,2.5394955626357953,-6.406739720699,0.0016503964937425106,0.041308732542225
47,ES,2011,0.00201,47.0,-6.209620556911153,-6.3305299101334835,0.12090935322233065,-6.3305299101334835,0.01798657493397922,2.5394955626357953,-6.284853082901627,0.0018643308517379787,0.07523252599047403
48,ES,2011,0.00216,48.0,-6.137647057286063,-6.220814296334984,0.08316723904892065,-6.220814296334984,0.017220232470692053,2.5394955626357953,-6.1770835923881044,0.00207647487970433,0.03943653510204115
49,ES,2011,0.00243,49.0,-6.01986402162968,-6.12266281679637,0.10279879516668977,-6.12266281679637,0.016495468408212678,2.5394955626357953,-6.080772647970115,0.0022864093807035894,0.060908626340435035
50,ES,2011,0.00269,50.0,-5.9182140853683896,-6.01252289613826,0.09430881076987063,-6.01252289613826,0.015773513858200243,2.5394955626357953,-5.972466127688186,0.0025479500943008573,0.05425204231979652
51,ES,2011,0.00298,51.0,-5.815831978464824,-5.903208218347992,0.08737623988316834,-5.903208218347992,0.015010303509196268,2.5394955626357953,-5.865089619192572,0.0028367688051634666,0.049257640727748075
52,ES,2011,0.00338,52.0,-5.68987956948721,-5.8081042393910085,0.11822466990379876,-5.8081042393910085,0.01375066533335655,2.5394955626357953,-5.77318448579366,0.003109838492555529,0.08330491630645032
53,ES,2011,0.00346,53.0,-5.666486689912504,-5.720911168614,0.05442447870149625,-5.720911168614,0.01295815778978835,2.5394955626357953,-5.688003984406898,0.0033863454264048266,0.021517294494394434
54,ES,2011,0.00382,54.0,-5.567504856363653,-5.6236754556493525,0.05617059928569912,-5.6236754556493525,0.012093797968350164,2.5394955626357953,-5.592963309373314,0.0037239762044384904,0.02545845300966043
55,ES,2011,0.00392,55.0,-5.5416636251797655,-5.5475059250876795,0.0058422999079139615,-5.5475059250876795,0.011123008713019614,2.5394955626357953,-5.519259093817807,0.004008816999356261,-0.022404531361958746
56,ES,2011,0.00467,56.0,-5.366596207301331,-5.447873319087934,0.08127711178660313,-5.447873319087934,0.0097378469097369,2.5394955626357953,-5.42314410007103,0.004413249114807401,0.05654789276969918
57,ES,2011,0.0049,57.0,-5.318520073865556,-5.361624095608647,0.04310402174309136,-5.361624095608647,0.009929976269879456,2.5394955626357953,-5.336406964934209,0.0048131334361475025,0.017886891068653377
58,ES,2011,0.00518,58.0,-5.262950222710745,-5.289540248432316,0.02659002572157121,-5.289540248432316,0.00935670774989911,2.5394955626357953,-5.265778930620567,0.005165367997614169,0.00282870790982237
59,ES,2011,0.00575,59.0,-5.158555424172878,-5.19930701899836,0.04075159482548241,-5.19930701899836,0.008908196402758034,2.5394955626357953,-5.176684693762468,0.0056466959428112164,0.018129269589589825
60,ES,2011,0.00612,60.0,-5.0961931824579025,-5.110907651640006,0.014714469182103507,-5.110907651640006,0.008778985536951035,2.5394955626357953,-5.088613456824475,0.006166564169757689,-0.007579725633427792
61,ES,2011,0.00642,61.0,-5.048337161280267,-5.045809169822402,-0.0025279914578657525,-5.045809169822402,0.00800832928859658,2.5394955626357953,-5.025472053129884,0.006568485089028152,-0.02286510815038323
62,ES,2011,0.00704,62.0,-4.956147108812186,-4.960413731356616,0.004266622544430554,-4.960413731356616,0.007443410213112718,2.5394955626357953,-4.941511224149538,0.007143794336190432,-0.014635884662647314
63,ES,2011,0.00768,63.0,-4.869135731822556,-4.885391394955979,0.01625566313342297,-4.885391394955979,0.007222264733534511,2.5394955626357953,-4.867050485712987,0.0076960313990186635,-0.002085246109569283
64,ES,2011,0.00805,64.0,-4.822083187551665,-4.809747994957796,-0.01233519259386906,-4.809747994957796,0.007559181092484768,2.5394955626357953,-4.790551488116271,0.00830787442429947,-0.031531699435394245
65,ES,2011,0.00886,65.0,-4.7262085143651476,-4.723216287999865,-0.0029922263652828462,-4.723216287999865,0.007919647211399497,2.5394955626357953,-4.703104379048875,0.009067085695064099,-0.023104135316272867
66,ES,2011,0.00933,66.0,-4.674520264122885,-4.644559039801131,-0.0299612243217533,-4.644559039801131,0.007934399503536919,2.5394955626357953,-4.6244096674697195,0.009809444160891426,-0.050110596653165196
67,ES,2011,0.01043,67.0,-4.563069009969456,-4.557414841927601,-0.005654168041854923,-4.557414841927601,0.008404693358453006,2.5394955626357953,-4.536071160438495,0.010715423139612714,-0.02699784953096085
68,ES,2011,0.01139,68.0,-4.475019501523046,-4.4797090952454734,0.00468959372242761,-4.4797090952454734,0.009200825359483569,2.5394955626357953,-4.456343640072478,0.011604716831976496,-0.018675861450567766
69,ES,2011,0.01261,69.0,-4.373265129005309,-4.382229805038305,0.008964676032996444,-4.382229805038305,0.009487510691631477,2.5394955626357953,-4.3581363137364475,0.01280222476061729,-0.015128815268861118
70,ES,2011,0.01372,70.0,-4.288900656684398,-4.295870935322768,0.0069702786383700754,-4.295870935322768,0.009992018752246168,2.5394955626357953,-4.270496248039666,0.013974846442164441,-0.018404408644732584
71,ES,2011,0.01489,71.0,-4.207065432286219,-4.202390723867514,-0.004674708418705542,-4.202390723867514,0.010527324752195758,2.5394955626357953,-4.175656629372886,0.015365099166441836,-0.031408802913333034
72,ES,2011,0.01692,72.0,-4.079258924804059,-4.105247951290851,0.025989026486791467,-4.105247951290851,0.011559102396732036,2.5394955626357953,-4.075893662046297,0.016977036162870895,-0.0033652627577627214
73,ES,2011,0.01896,73.0,-3.9654237821552614,-4.0058509251784455,0.040427143023184176,-4.0058509251784455,0.01169743913549465,2.5394955626357953,-3.9761453303996546,0.018757805302269445,0.010721548244393198
74,ES,2011,0.02097,74.0,-3.8646624340683084,-3.8921275147904475,0.027465080722139046,-3.8921275147904475,0.012327970030389813,2.5394955626357953,-3.8608206896019657,0.021050716327937972,-0.003841744466342778
75,ES,2011,0.02271,75.0,-3.7849499228646697,-3.783491560567625,-0.0014583622970447685,-3.783491560567625,0.012695972475206428,2.5394955626357953,-3.751250194803492,0.023488362463659443,-0.03369972806117749
76,ES,2011,0.02612,76.0,-3.645053974573907,-3.675502488423401,0.03044851384949432,-3.675502488423401,0.01295867437417588,2.5394955626357953,-3.6425939923525394,0.026184333833222013,-0.0024599822213673406
77,ES,2011,0.02932,77.0,-3.5294854019636865,-3.556312797152416,0.026827395188729675,-3.556312797152416,0.013218506789362525,2.5394955626357953,-3.522744457816159,0.02951831213697826,-0.006740944147527461
78,ES,2011,0.03295,78.0,-3.412764018033621,-3.4390698671831883,0.02630584914956735,-3.4390698671831883,0.013120427703430103,2.5394955626357953,-3.4057505992504438,0.03318190441973606,-0.007013418783177183
79,ES,2011,0.03761,79.0,-3.2804853064998922,-3.311352573991767,0.030867267491874628,-3.311352573991767,0.012917105267199382,2.5394955626357953,-3.2785496424836147,0.037682870827618946,-0.0019356640162775385
80,ES,2011,0.04276,80.0,-3.1521521928252927,-3.184564341600823,0.03241214877553045,-3.184564341600823,0.013361763206868073,2.5394955626357953,-3.1506322032279916,0.042825044175892946,-0.0015199895973010413
81,ES,2011,0.04952,81.0,-3.0053786506057962,-3.057863262918503,0.05248461231270696,-3.057863262918503,0.01261299801953086,2.5394955626357953,-3.0258326104163706,0.04851740834866858,0.020453959810574407
82,ES,2011,0.05516,82.0,-2.897517226057036,-2.9290846642073762,0.031567438150340354,-2.9290846642073762,0.01222347467468327,2.5394955626357953,-2.898043204511027,0.055130994657239224,0.0005259784539912715
83,ES,2011,0.06319,83.0,-2.761609218196773,-2.7973309766042154,0.035721758407442294,-2.7973309766042154,0.011605682635583328,2.5394955626357953,-2.767858397049792,0.06279634567750082,0.006249178853019011
84,ES,2011,0.07163,84.0,-2.636241298355777,-2.666186175006246,0.029944876650469077,-2.666186175006246,0.010462248076074009,2.5394955626357953,-2.6396173424418614,0.07138858171080807,0.0033760440860843843
85,ES,2011,0.08235,85.0,-2.4967768223584876,-2.530191560187631,0.03341473782914317,-2.530191560187631,0.009737743869726704,2.5394955626357953,-2.505462602840376,0.08163782335967426,0.008685780481888283
20,ES,2012,0.00027,20.0,-8.2170885989659,-8.188265254489172,-0.028823344476727186,-8.188265254489172,0.027065368019014283,0.7898450659878572,-8.166887807100208,0.00028390019514870846,-0.050200791865691485
21,ES,2012,0.00026,21.0,-8.254828926948747,-8.18419600720037,-0.07063291974837682,-8.18419600720037,0.023695264288118734,0.7898450659878572,-8.165480419615122,0.00028430003402849397,-0.0893485073336251
22,ES,2012,0.00028,22.0,-8.180720954795024,-8.164730480475352,-0.015990474319671932,-8.164730480475352,0.024368876838677903,0.7898450659878572,-8.145482843340657,0.0002900425727010801,-0.03523811145436717
23,ES,2012,0.00028,23.0,-8.180720954795024,-8.14178359403389,-0.03893736076113363,-8.14178359403389,0.023859905728048508,0.7898450659878572,-8.122937965219656,0.00029665581440883713,-0.05778298957536876
24,ES,2012,0.00027,24.0,-8.2170885989659,-8.1084794375383,-0.10860916142759969,-8.1084794375383,0.022773052801918214,0.7898450659878572,-8.090492254145223,0.0003064388741937348,-0.12659634482067617
25,ES,2012,0.0003,25.0,-8.111728083308073,-8.072934190365274,-0.03879389294279889,-8.072934190365274,0.021477049735121993,0.7898450659878572,-8.055970648600011,0.0003172023535069834,-0.05575743470806138
26,ES,2012,0.00031,26.0,-8.078938260485081,-8.080754308309267,0.0018160478241853184,-8.080754308309267,0.020228418997948437,0.7898450659878572,-8.064776991371001,0.0003144212246148035,-0.01416126911408
27,ES,2012,0.00032,27.0,-8.047189562170502,-8.03269252567724,-0.014497036493262172,-8.03269252567724,0.021844882459629948,0.7898450659878572,-8.015438453049416,0.0003303233769899475,-0.031751109121085364
28,ES,2012,0.00027,28.0,-8.2170885989659,-8.025617186039081,-0.19147141292681802,-8.025617186039081,0.01993958347081985,0.7898450659878572,-8.009868004416802,0.00033216856087332183,-0.20722059454909747
29,ES,2012,0.00037,29.0,-7.902007552326004,-7.936879841552711,0.03487228922670749,-7.936879841552711,0.019123715743917843,0.7898450659878572,-7.921775069029024,0.00036275783445836407,0.019767516703019794
30,ES,2012,0.00037,30.0,-7.902007552326004,-7.885998910298966,-0.016008642027038,-7.885998910298966,0.018652436174824778,0.7898450659878572,-7.871266375617627,0.0003815508694050194,-0.030741176708376727
31,ES,2012,0.00041,31.0,-7.799353398265921,-7.836681246376088,0.037327848110167317,-7.836681246376088,0.019107855853761156,0.7898450659878572,-7.8215890007083875,0.00040098401242839106,0.022235602442466806
32,ES,2012,0.00042,32.0,-7.77525584668686,-7.802351248446023,0.027095401759162918,-7.802351248446023,0.018541998976225594,0.7898450659878572,-7.787705942041099,0.00041480337630646536,0.012450095354239465
33,ES,2012,0.00043,33.0,-7.751725349276666,-7.710173145939573,-0.041552203337093196,-7.710173145939573,0.018290514561482833,0.7898450659878572,-7.695726473258806,0.00045476649285703974,-0.0559988760178598
34,ES,2012,0.00047,34.0,-7.66277786326017,-7.616350005870328,-0.04642785738984223,-7.616350005870328,0.017506366593865882,0.7898450659878572,-7.602522688592789,0.0004991905414058903,-0.06025517466738162
35,ES,2012,0.0005,35.0,-7.600902459542082,-7.557493238012394,-0.0434092215296884,-7.557493238012394,0.02028229426963641,0.7898450659878572,-7.541473367956607,0.0005306152540693802,-0.059429091585474936
36,ES,2012,0.00055,36.0,-7.505592279737757,-7.478957959096904,-0.026634320640853026,-7.478957959096904,0.02041717609479281,0.7898450659878572,-7.462831553297027,0.0005740284758978838,-0.042760726440730146
37,ES,2012,0.00064,37.0,-7.354042381610556,-7.380509472558332,0.026467090947775773,-7.380509472558332,0.019651752990632196,0.7898450659878572,-7.364987632420669,0.00063303323552432,0.010945250810112661
38,ES,2012,0.00067,38.0,-7.308232845579262,-7.29185847180832,-0.016374373770942086,-7.29185847180832,0.0202674338985073,0.7898450659878572,-7.275850339143349,0.0006920513920448981,-0.032382506435912894
39,ES,2012,0.00075,39.0,-7.195437351433918,-7.193465343122429,-0.0019720083114886933,-7.193465343122429,0.020335399475374303,0.7898450659878572,-7.177403528181912,0.0007636480609163467,-0.0180338232520052
40,ES,2012,0.00086,40.0,-7.05857816871672,-7.077947167903955,0.019368999187234337,-7.077947167903955,0.020319399669134045,0.7898450659878572,-7.061897990331454,0.0008571496872940195,0.0033198216147338755
41,ES,2012,0.00092,41.0,-6.991136887921188,-6.985908311238438,-0.00522857668275023,-6.985908311238438,0.020495343107482796,0.7898450659878572,-6.969720165609265,0.0009399158898287698,-0.021416722311923486
42,ES,2012,0.00101,42.0,-6.897804948128969,-6.886627376331624,-0.011177571797344577,-6.886627376331624,0.020240987592618713,0.7898450659878572,-6.870640132150873,0.0010378125147808737,-0.027164815978095724
43,ES,2012,0.00124,43.0,-6.6926438993651916,-6.766647604902495,0.07400370553730351,-6.766647604902495,0.01964334143697972,0.7898450659878572,-6.7511324085889814,0.0011695544571069063,0.0584885092237899
44,ES,2012,0.00141,44.0,-6.56416557459206,-6.673177437295879,0.10901186270381924,-6.673177437295879,0.02027819283182161,0.7898450659878572,-6.657160806740515,0.0012847889610859888,0.0929952321484544
45,ES,2012,0.00152,45.0,-6.489044944123952,-6.552189371118781,0.06314442699482914,-6.552189371118781,0.019317153767295814,0.7898450659878572,-6.536931812526754,0.001448927266541809,0.04788686840280221
46,ES,2012,0.00165,46.0,-6.406979991069647,-6.454873535849522,0.04789354477987473,-6.454873535849522,0.018954085157196654,0.7898450659878572,-6.439902745207797,0.0015965619463622896,0.03292275413814938
47,ES,2012,0.0019,47.0,-6.2659013928097425,-6.3305299101334835,0.06462851732374109,-6.3305299101334835,0.01798657493397922,0.7898450659878572,-6.316323302667859,0.0018065735345528936,0.0504219098581169
48,ES,2012,0.00222,48.0,-6.110248083097949,-6.220814296334984,0.11056621323703464,-6.220814296334984,0.017220232470692053,0.7898450659878572,-6.2072129806828436,0.0020148450583021642,0.09696489758489424
49,ES,2012,0.00236,49.0,-6.049093659944618,-6.12266281679637,0.07356915685175203,-6.12266281679637,0.016495468408212678,0.7898450659878572,-6.109633952462985,0.0022213637887389796,0.060540292518366456
50,ES,2012,0.00241,50.0,-6.028128531479574,-6.01252289613826,-0.01560563534131365,-6.01252289613826,0.015773513858200243,0.7898450659878572,-6.000064264044069,0.0024785928871455896,-0.028064267435504497
51,ES,2012,0.00287,51.0,-5.853443249210607,-5.903208218347992,0.04976496913738515,-5.903208218347992,0.015010303509196268,0.7898450659878572,-5.891352404182274,0.0027632371553135064,0.03790915497166658
52,ES,2012,0.00311,52.0,-5.773132552790995,-5.8081042393910085,0.03497168660001382,-5.8081042393910085,0.01375066533335655,0.7898450659878572,-5.797243344223406,0.003035912185654166,0.02411079143241146
53,ES,2012,0.00347,53.0,-5.663600685023369,-5.720911168614,0.057310483590630845,-5.720911168614,0.01295815778978835,0.7898450659878572,-5.710676231619444,0.003310433168234159,0.0470755465960746
54,ES,2012,0.00366,54.0,-5.610292131568862,-5.6236754556493525,0.013383324080490588,-5.6236754556493525,0.012093797968350164,0.7898450659878572,-5.614123228994997,0.003646005008625457,0.0038310974261355213
55,ES,2012,0.00392,55.0,-5.5416636251797655,-5.5475059250876795,0.0058422999079139615,-5.5475059250876795,0.011123008713019614,0.7898450659878572,-5.538720471536761,0.00393155415676955,-0.002943153643004237
56,ES,2012,0.00432,56.0,-5.444499876726118,-5.447873319087934,0.003373442361816359,-5.447873319087934,0.0097378469097369,0.7898450659878572,-5.440181928752933,0.0043386938657689845,-0.004317947973184744
57,ES,2012,0.00488,57.0,-5.322610059117081,-5.361624095608647,0.039014036491566095,-5.361624095608647,0.009929976269879456,0.7898450659878572,-5.353780952846506,0.004730232360485512,0.031170893729425053
58,ES,2012,0.00515,58.0,-5.268758564306492,-5.289540248432316,0.02078168412582393,-5.289540248432316,0.00935670774989911,0.7898450659878572,-5.282149898982168,0.0050814943412665235,0.013391334675675992
59,ES,2012,0.00554,59.0,-5.195760778222945,-5.19930701899836,0.0035462407754156544,-5.19930701899836,0.008908196402758034,0.7898450659878572,-5.192270924022791,0.005559367567605831,-0.003489854200153353
60,ES,2012,0.00607,60.0,-5.10439667391073,-5.110907651640006,0.00651097772927578,-5.110907651640006,0.008778985536951035,0.7898450659878572,-5.103973613229266,0.0060725685216184285,-0.00042306068146391596
61,ES,2012,0.00659,61.0,-5.0222019304677215,-5.045809169822402,0.02360723935468023,-5.045809169822402,0.00800832928859658,0.7898450659878572,-5.039483830446998,0.006477090732617149,0.017281899979276538
62,ES,2012,0.00711,62.0,-4.946253035166987,-4.960413731356616,0.014160696189629007,-4.960413731356616,0.007443410213112718,0.7898450659878572,-4.9545345905256655,0.007051361286416341,0.00828155535867836
63,ES,2012,0.00756,63.0,-4.884884088790695,-4.885391394955979,0.0005073061652840494,-4.885391394955979,0.007222264733534511,0.7898450659878572,-4.879686924790939,0.007599392836686136,-0.005197163999755894
64,ES,2012,0.00805,64.0,-4.822083187551665,-4.809747994957796,-0.01233519259386906,-4.809747994957796,0.007559181092484768,0.7898450659878572,-4.803777413068988,0.00819871853561371,-0.018305774482676895
65,ES,2012,0.0087,65.0,-4.744432253321599,-4.723216287999865,-0.02121596532173431,-4.723216287999865,0.007919647211399497,0.7898450659878572,-4.716960993725577,0.008942313042050514,-0.027471259596022257
66,ES,2012,0.00941,66.0,-4.6659823253848485,-4.644559039801131,-0.02142328558371709,-4.644559039801131,0.007934399503536919,0.7898450659878572,-4.638292093501686,0.009674206165581423,-0.02769023188316222
67,ES,2012,0.01032,67.0,-4.5736715189287205,-4.557414841927601,-0.016256677001119435,-4.557414841927601,0.008404693358453006,0.7898450659878572,-4.550776436347286,0.010559002806693163,-0.022895082581434245
68,ES,2012,0.01143,68.0,-4.471513801175417,-4.4797090952454734,0.008195294070056036,-4.4797090952454734,0.009200825359483569,0.7898450659878572,-4.472441868732269,0.011419397108685938,0.0009280675568517083
69,ES,2012,0.01244,69.0,-4.386838191671104,-4.382229805038305,-0.004608386632798833,-4.382229805038305,0.009487510691631477,0.7898450659878572,-4.374736141530013,0.012591464168625974,-0.012102050141090892
70,ES,2012,0.01362,70.0,-4.296215978260771,-4.295870935322768,-0.00034504293800274866,-4.295870935322768,0.009992018752246168,0.7898450659878572,-4.287978788612048,0.013732653861652013,-0.008237189648722776
71,ES,2012,0.0151,71.0,-4.193060535161258,-4.202390723867514,0.009330188706255349,-4.202390723867514,0.010527324752195758,0.7898450659878572,-4.19407576835394,0.015084677757930922,0.0010152331926818192
72,ES,2012,0.01619,72.0,-4.123361511292593,-4.105247951290851,-0.018113560001742357,-4.105247951290851,0.011559102396732036,0.7898450659878572,-4.0961180512955435,0.016637134710483906,-0.02724345999704969
73,ES,2012,0.01869,73.0,-3.9797666575146655,-4.0058509251784455,0.026084267663780025,-4.0058509251784455,0.01169743913549465,0.7898450659878572,-3.996611760592582,0.018377801910318597,0.016845103077916423
74,ES,2012,0.02096,74.0,-3.865139419529296,-3.8921275147904475,0.026988095261151646,-3.8921275147904475,0.012327970030389813,0.7898450659878572,-3.882390328488298,0.020601521874998394,0.017250908959002054
75,ES,2012,0.02358,75.0,-3.747356383872912,-3.783491560567625,0.03613517669471289,-3.783491560567625,0.012695972475206428,0.7898450659878572,-3.7734637093501653,0.022972355761617328,0.02610732547725325
76,ES,2012,0.0256,76.0,-3.6651629274966204,-3.675502488423401,0.010339560926780678,-3.675502488423401,0.01295867437417588,0.7898450659878572,-3.665267143407215,0.025597332211704182,0.00010421591059461832
77,ES,2012,0.02938,77.0,-3.5274411082364057,-3.556312797152416,0.02887168891601055,-3.556312797152416,0.013218506789362525,0.7898450659878572,-3.545872224785111,0.028843453559706776,0.01843111654870544
78,ES,2012,0.03312,78.0,-3.4076179494650782,-3.4390698671831883,0.03145191771811007,-3.4390698671831883,0.013120427703430103,0.7898450659878572,-3.428706762097984,0.032428851886924265,0.02108881263290563
79,ES,2012,0.0374,79.0,-3.286084574561651,-3.311352573991767,0.02526799943011593,-3.311352573991767,0.012917105267199382,0.7898450659878572,-3.3011500621296235,0.03684077384947312,0.015065487567972546
80,ES,2012,0.04303,80.0,-3.145857732131629,-3.184564341600823,0.03870660946919413,-3.184564341600823,0.013361763206868073,0.7898450659878572,-3.1740106188589805,0.04183547484565783,0.0281528867273515
81,ES,2012,0.04857,81.0,-3.0247492226244836,-3.057863262918503,0.03311404029401954,-3.057863262918503,0.01261299801953086,0.7898450659878572,-3.047900948665462,0.0474584376097255,0.02315172604097837
82,ES,2012,0.05608,82.0,-2.8809760362558023,-2.9290846642073762,0.04810862795157389,-2.9290846642073762,0.01222347467468327,0.7898450659878572,-2.91943001304635,0.05396443756127071,0.03845397679054763
83,ES,2012,0.06475,83.0,-2.73722157840249,-2.7973309766042154,0.06010939820172556,-2.7973309766042154,0.011605682635583328,0.7898450659878572,-2.788164285437079,0.061534069285287436,0.05094270703458914
84,ES,2012,0.07274,84.0,-2.620863839423294,-2.666186175006246,0.04532233558295218,-2.666186175006246,0.010462248076074009,0.7898450659878572,-2.6579226199842183,0.070093681818261,0.037058780560924376
85,ES,2012,0.08344,85.0,-2.48362746828962,-2.530191560187631,0.046564091898010584,-2.530191560187631,0.009737743869726704,0.7898450659878572,-2.5225002512382737,0.0802586887954734,0.038872782948653484
20,ES,2013,0.00024,20.0,-8.334871634622283,-8.188265254489172,-0.146606380133111,-8.188265254489172,0.027065368019014283,-1.9461182152877863,-8.240937660194444,0.00026363693166620673,-0.09393397442783957
21,ES,2013,0.00025,21.0,-8.294049640102028,-8.18419600720037,-0.1098536329016575,-8.18419600720037,0.023695264288118734,-1.9461182152877863,-8.230309792647537,0.00026645377204582743,-0.06373984745449057
22,ES,2013,0.00025,22.0,-8.294049640102028,-8.164730480475352,-0.12931915962667517,-8.164730480475352,0.024368876838677903,-1.9461182152877863,-8.212155195577209,0.00027133531001814835,-0.08189444452481887
23,ES,2013,0.00023,23.0,-8.377431249041079,-8.14178359403389,-0.2356476550071882,-8.14178359403389,0.023859905728048508,-1.9461182152877863,-8.188217791186295,0.00027790873454246667,-0.18921345785478394
24,ES,2013,0.00024,24.0,-8.334871634622283,-8.1084794375383,-0.2263921970839835,-8.1084794375383,0.022773052801918214,-1.9461182152877863,-8.152798490413824,0.0002879284660607105,-0.18207314420845933
25,ES,2013,0.00027,25.0,-8.2170885989659,-8.072934190365274,-0.14415440860062567,-8.072934190365274,0.021477049735121993,-1.9461182152877863,-8.114731068065437,0.0002991004559073913,-0.10235753090046273
26,ES,2013,0.00028,26.0,-8.180720954795024,-8.080754308309267,-0.0999666464857576,-8.080754308309267,0.020228418997948437,-1.9461182152877863,-8.120121202987647,0.00029749260126430907,-0.06059975180737709
27,ES,2013,0.0003,27.0,-8.111728083308073,-8.03269252567724,-0.07903555763083325,-8.03269252567724,0.021844882459629948,-1.9461182152877863,-8.075205249342746,0.0003111593961270702,-0.03652283396532674
28,ES,2013,0.00028,28.0,-8.180720954795024,-8.025617186039081,-0.1551037687559429,-8.025617186039081,0.01993958347081985,-1.9461182152877863,-8.064421972636895,0.00031453286985684613,-0.1162989821581295
29,ES,2013,0.00032,29.0,-8.047189562170502,-7.936879841552711,-0.11030972061779032,-7.936879841552711,0.019123715743917843,-1.9461182152877863,-7.9740968531059355,0.0003442656868830673,-0.07309270906456611
30,ES,2013,0.00034,30.0,-7.986564940354067,-7.885998910298966,-0.10056603005510123,-7.885998910298966,0.018652436174824778,-1.9461182152877863,-7.922298756098285,0.0003625679126053348,-0.06426618425578212
31,ES,2013,0.00032,31.0,-8.047189562170502,-7.836681246376088,-0.21050831579441365,-7.836681246376088,0.019107855853761156,-1.9461182152877863,-7.873867392708186,0.00038055973860562744,-0.17332216946231593
32,ES,2013,0.00035,32.0,-7.957577403480815,-7.802351248446023,-0.15522615503479198,-7.802351248446023,0.018541998976225594,-1.9461182152877863,-7.838436170401502,0.00039428515357511505,-0.11914123307931224
33,ES,2013,0.00041,33.0,-7.799353398265921,-7.710173145939573,-0.08918025232634808,-7.710173145939573,0.018290514561482833,-1.9461182152877863,-7.745768649494661,0.0004325690247646582,-0.05358474877125996
34,ES,2013,0.00044,34.0,-7.728735831051967,-7.616350005870328,-0.1123858251816392,-7.616350005870328,0.017506366593865882,-1.9461182152877863,-7.650419464782156,0.000475844487149687,-0.07831636626981098
35,ES,2013,0.00046,35.0,-7.6842840684811335,-7.557493238012394,-0.12679083046873973,-7.557493238012394,0.02028229426963641,-1.9461182152877863,-7.5969649803383605,0.0005019726206296311,-0.087319088142773
36,ES,2013,0.00053,36.0,-7.542633551418106,-7.478957959096904,-0.06367559232120179,-7.478957959096904,0.02041717609479281,-1.9461182152877863,-7.518692197399719,0.000542842032044669,-0.023941354018386818
37,ES,2013,0.00056,37.0,-7.487573774235079,-7.380509472558332,-0.10706430167674696,-7.380509472558332,0.019651752990632196,-1.9461182152877863,-7.4187541070157375,0.0005998960864388301,-0.06881966721934152
38,ES,2013,0.0006,38.0,-7.418580902748128,-7.29185847180832,-0.12672243093980828,-7.29185847180832,0.0202674338985073,-1.9461182152877863,-7.331301294095346,0.000654721047910133,-0.08727960865278206
39,ES,2013,0.00073,39.0,-7.222466023821838,-7.193465343122429,-0.029000680699408754,-7.193465343122429,0.020335399475374303,-1.9461182152877863,-7.233040434456608,0.0007223213503846001,0.010574410634770715
40,ES,2013,0.00074,40.0,-7.208860371766058,-7.077947167903955,-0.1309132038621037,-7.077947167903955,0.020319399669134045,-1.9461182152877863,-7.117491121723769,0.0008107983959656714,-0.09136925004228935
41,ES,2013,0.00086,41.0,-7.05857816871672,-6.985908311238438,-0.07266985747828247,-6.985908311238438,0.020495343107482796,-1.9461182152877863,-7.025794671788483,0.0008886610450726435,-0.032783496928237454
42,ES,2013,0.00103,42.0,-6.878196476740593,-6.886627376331624,0.008430899591031604,-6.886627376331624,0.020240987592618713,-1.9461182152877863,-6.926018730981034,0.0009819023141524978,0.047822254240441175
43,ES,2013,0.0011,43.0,-6.812445099177812,-6.766647604902495,-0.045797494275316986,-6.766647604902495,0.01964334143697972,-1.9461182152877863,-6.804875869482118,0.001108357743602317,-0.0075692296956937355
44,ES,2013,0.00126,44.0,-6.676643558018751,-6.673177437295879,-0.0034661207228712243,-6.673177437295879,0.02027819283182161,-1.9461182152877863,-6.712641197739005,0.0012154496385865126,0.035997639720254604
45,ES,2013,0.00147,45.0,-6.522492878191493,-6.552189371118781,0.02969649292728871,-6.552189371118781,0.019317153767295814,-1.9461182152877863,-6.589782835932831,0.0013743383881305315,0.06728995774133839
46,ES,2013,0.0016,46.0,-6.437751649736401,-6.454873535849522,0.017121886113121043,-6.454873535849522,0.018954085157196654,-1.9461182152877863,-6.491760426228058,0.001515878066253294,0.05400877649165725
47,ES,2013,0.00185,47.0,-6.292569639891903,-6.3305299101334835,0.03796027024158022,-6.3305299101334835,0.01798657493397922,-1.9461182152877863,-6.365533911243139,0.0017198229814012614,0.07296427135123551
48,ES,2013,0.00204,48.0,-6.194805471126012,-6.220814296334984,0.026008825208972297,-6.220814296334984,0.017220232470692053,-1.9461182152877863,-6.254326904417688,0.0019221192907412142,0.05952143329167647
49,ES,2013,0.0023,49.0,-6.074846156047033,-6.12266281679637,0.0478166607493371,-6.12266281679637,0.016495468408212678,-1.9461182152877863,-6.154764948335297,0.0021233400212724305,0.0799187922882636
50,ES,2013,0.00256,50.0,-5.967748020490665,-6.01252289613826,0.04477487564759475,-6.01252289613826,0.015773513858200243,-1.9461182152877863,-6.043220018776798,0.00237390258257723,0.07547199828613227
51,ES,2013,0.00278,51.0,-5.885304351279592,-5.903208218347992,0.017903867068400636,-5.903208218347992,0.015010303509196268,-1.9461182152877863,-5.932420043424237,0.002652056125491217,0.047115692144645394
52,ES,2013,0.00315,52.0,-5.7603528261445955,-5.8081042393910085,0.047751413246412966,-5.8081042393910085,0.01375066533335655,-1.9461182152877863,-5.83486465966858,0.0029238189439994822,0.07451183352398427
53,ES,2013,0.00334,53.0,-5.701784471993528,-5.720911168614,0.019126696620472394,-5.720911168614,0.01295815778978835,-1.9461182152877863,-5.746129275525281,0.0031951243378487365,0.04434480353175285
54,ES,2013,0.0036,54.0,-5.626821433520073,-5.6236754556493525,-0.003145977870720351,-5.6236754556493525,0.012093797968350164,-1.9461182152877863,-5.647211416167569,0.0035273393544990738,0.020389982647496474
55,ES,2013,0.004,55.0,-5.521460917862246,-5.5475059250876795,0.02604500722543346,-5.5475059250876795,0.011123008713019614,-1.9461182152877863,-5.569152614952892,0.0038137107451989174,0.047691697090646024
56,ES,2013,0.00443,56.0,-5.419355694925093,-5.447873319087934,0.028517624162841315,-5.447873319087934,0.0097378469097369,-1.9461182152877863,-5.4668243203366576,0.004224626939829799,0.0474686254115646
57,ES,2013,0.0047,57.0,-5.360192770266124,-5.361624095608647,0.0014313253425228822,-5.361624095608647,0.009929976269879456,-1.9461182152877863,-5.380949003304835,0.004603451166015856,0.020756233038710548
58,ES,2013,0.00496,58.0,-5.306349538245301,-5.289540248432316,-0.016809289812984574,-5.289540248432316,0.00935670774989911,-1.9461182152877863,-5.307749507819519,0.0049530610092331714,0.001399969574218396
59,ES,2013,0.00548,59.0,-5.206650178022213,-5.19930701899836,-0.007343159023852408,-5.19930701899836,0.008908196402758034,-1.9461182152877863,-5.216643422283129,0.005425509742149847,0.009993244260916079
60,ES,2013,0.00608,60.0,-5.102750583004061,-5.110907651640006,0.008157068635944675,-5.110907651640006,0.008778985536951035,-1.9461182152877863,-5.127992595305215,0.005928449333838201,0.025242012301153416
61,ES,2013,0.00639,61.0,-5.053021010592694,-5.045809169822402,-0.007211840770292355,-5.045809169822402,0.00800832928859658,-1.9461182152877863,-5.0613943253249625,0.006336717904051226,0.008373314732268433
62,ES,2013,0.00671,62.0,-5.004156327998547,-4.960413731356616,-0.043742596641930476,-4.960413731356616,0.007443410213112718,-1.9461182152877863,-4.974899487556214,0.006909213366474771,-0.029256840442332788
63,ES,2013,0.00762,63.0,-4.876978909283582,-4.885391394955979,0.008412485672397274,-4.885391394955979,0.007222264733534511,-1.9461182152877863,-4.899446775909541,0.007450703839819991,0.022467866625959232
64,ES,2013,0.00812,64.0,-4.813425124808551,-4.809747994957796,-0.0036771298507547456,-4.809747994957796,0.007559181092484768,-1.9461182152877863,-4.82445905497454,0.00803089696936592,0.01103393016598897
65,ES,2013,0.00878,65.0,-4.735278871335112,-4.723216287999865,-0.012062583335247012,-4.723216287999865,0.007919647211399497,-1.9461182152877863,-4.7386288576966225,0.008750636331151938,0.0033499863615107373
66,ES,2013,0.00934,66.0,-4.673449026741386,-4.644559039801131,-0.028889986940254353,-4.644559039801131,0.007934399503536919,-1.9461182152877863,-4.660000319202335,0.009466459379993904,-0.013448707539050808
67,ES,2013,0.00994,67.0,-4.611188258313654,-4.557414841927601,-0.05377341638605326,-4.557414841927601,0.008404693358453006,-1.9461182152877863,-4.573771368766395,0.010318969601118635,-0.0374168895472593
68,ES,2013,0.01071,68.0,-4.53657739452248,-4.4797090952454734,-0.05686829927700643,-4.4797090952454734,0.009200825359483569,-1.9461182152877863,-4.497614989073246,0.011135523237030251,-0.038962405449233906
69,ES,2013,0.01227,69.0,-4.400598020259317,-4.382229805038305,-0.018368215221012285,-4.382229805038305,0.009487510691631477,-1.9461182152877863,-4.400693622413026,0.012268827017644698,9.560215370907343e-05
70,ES,2013,0.01346,70.0,-4.308032954765555,-4.295870935322768,-0.012162019442786942,-4.295870935322768,0.009992018752246168,-1.9461182152877863,-4.315316585024012,0.013362318506505589,0.007283630258456242
71,ES,2013,0.01431,71.0,-4.246796685413777,-4.202390723867514,-0.044405961546263306,-4.202390723867514,0.010527324752195758,-1.9461182152877863,-4.222878142326012,0.014656400535257116,-0.023918543087765087
72,ES,2013,0.01567,72.0,-4.156007222614208,-4.105247951290851,-0.05075927132335689,-4.105247951290851,0.011559102396732036,-1.9461182152877863,-4.127743331017507,0.01611921353867023,-0.028263891596700397
73,ES,2013,0.01766,73.0,-4.0364530838063235,-4.0058509251784455,-0.030602158627877962,-4.0058509251784455,0.01169743913549465,-1.9461182152877863,-4.028615524552252,0.017798955119615895,-0.007837559254071813
74,ES,2013,0.01989,74.0,-3.917538186116256,-3.8921275147904475,-0.025410671325808654,-3.8921275147904475,0.012327970030389813,-1.9461182152877863,-3.916119201824111,0.01991824363146639,-0.0014189842921452644
75,ES,2013,0.02269,75.0,-3.785830980190387,-3.783491560567625,-0.0023394196227619624,-3.783491560567625,0.012695972475206428,-1.9461182152877863,-3.8081994238624164,0.022188094364139002,0.022368443672029503
76,ES,2013,0.02459,76.0,-3.7054154227540357,-3.675502488423401,-0.029912934330634577,-3.675502488423401,0.01295867437417588,-1.9461182152877863,-3.700721600668968,0.024705692392414286,-0.004693822085067634
77,ES,2013,0.02746,77.0,-3.5950248786423122,-3.556312797152416,-0.03871208148989602,-3.556312797152416,0.013218506789362525,-1.9461182152877863,-3.5820375739941,0.02781895728400944,-0.012987304648212294
78,ES,2013,0.03105,78.0,-3.4721564706026493,-3.4390698671831883,-0.033086603419461014,-3.4390698671831883,0.013120427703430103,-1.9461182152877863,-3.4646037705292003,0.03128539916794314,-0.007552700073448992
79,ES,2013,0.03568,79.0,-3.333164971270328,-3.311352573991767,-0.021812397278561324,-3.311352573991767,0.012917105267199382,-1.9461182152877863,-3.3364907878410532,0.035561531975414604,0.0033258165707250598
80,ES,2013,0.04044,80.0,-3.2079358848298662,-3.184564341600823,-0.023371543229043112,-3.184564341600823,0.013361763206868073,-1.9461182152877863,-3.2105679123660713,0.04033370075906675,0.0026320275362050616
81,ES,2013,0.04584,81.0,-3.082598206575653,-3.057863262918503,-0.02473494365714979,-3.057863262918503,0.01261299801953086,-1.9461182152877863,-3.082409648113701,0.0458486443348515,-0.00018855846195187098
82,ES,2013,0.05206,82.0,-2.955358379415718,-2.9290846642073762,-0.026273715208341653,-2.9290846642073762,0.01222347467468327,-1.9461182152877863,-2.9528729909258864,0.052189550249442364,-0.002485388489831486
83,ES,2013,0.06015,83.0,-2.810913836561449,-2.7973309766042154,-0.01358285995723385,-2.7973309766042154,0.011605682635583328,-1.9461182152877863,-2.8199170069821733,0.059610889791288986,0.009003170420724071
84,ES,2013,0.06765,84.0,-2.69340792436534,-2.666186175006246,-0.027221749359093828,-2.666186175006246,0.010462248076074009,-1.9461182152877863,-2.6865469465599534,0.06811574104102229,-0.006860977805386526
85,ES,2013,0.07714,85.0,-2.5621333262020554,-2.530191560187631,-0.031941766014424555,-2.530191560187631,0.009737743869726704,-1.9461182152877863,-2.549142360908313,0.07814866061475312,-0.012990965293742551
20,ES,2014,0.00027,20.0,-8.2170885989659,-8.188265254489172,-0.028823344476727186,-8.188265254489172,0.027065368019014283,-3.71587364940433,-8.288836742322458,0.00025130662714286956,0.0717481433565581
21,ES,2014,0.00027,21.0,-8.2170885989659,-8.18419600720037,-0.03289259176552939,-8.18419600720037,0.023695264288118734,-3.71587364940433,-8.272244615384261,0.0002555111229073174,0.055156016418361986
22,ES,2014,0.00028,22.0,-8.180720954795024,-8.164730480475352,-0.015990474319671932,-8.164730480475352,0.024368876838677903,-3.71587364940433,-8.255282147785776,0.00025988218928152515,0.07456119299075148
23,ES,2014,0.00027,23.0,-8.2170885989659,-8.14178359403389,-0.07530500493200876,-8.14178359403389,0.023859905728048508,-3.71587364940433,-8.230443989006018,0.00026641801731904614,0.013355390040118209
24,ES,2014,0.00025,24.0,-8.294049640102028,-8.1084794375383,-0.1855702025637278,-8.1084794375383,0.022773052801918214,-3.71587364940433,-8.193101224361442,0.0002765548941934978,-0.10094841574058577
25,ES,2014,0.00025,25.0,-8.294049640102028,-8.072934190365274,-0.2211154497367538,-8.072934190365274,0.021477049735121993,-3.71587364940433,-8.152740193542959,0.0002879452518785903,-0.14130944655906852
26,ES,2014,0.00026,26.0,-8.254828926948747,-8.080754308309267,-0.17407461863948015,-8.080754308309267,0.020228418997948437,-3.71587364940433,-8.155920557432854,0.00028703093589668575,-0.09890836951589321
27,ES,2014,0.00028,27.0,-8.180720954795024,-8.03269252567724,-0.1480284291177849,-8.03269252567724,0.021844882459629948,-3.71587364940433,-8.113865348783314,0.00029935950505510404,-0.06685560601171048
28,ES,2014,0.00028,28.0,-8.180720954795024,-8.025617186039081,-0.1551037687559429,-8.025617186039081,0.01993958347081985,-3.71587364940433,-8.099710158838398,0.0003036271289663135,-0.08101079595662597
29,ES,2014,0.00028,29.0,-8.180720954795024,-7.936879841552711,-0.24384111324231306,-7.936879841552711,0.019123715743917843,-3.71587364940433,-8.007941152964234,0.0003328092173740758,-0.17277980183079045
30,ES,2014,0.00034,30.0,-7.986564940354067,-7.885998910298966,-0.10056603005510123,-7.885998910298966,0.018652436174824778,-3.71587364940433,-7.955309006378194,0.00035079484015163677,-0.03125593397587334
31,ES,2014,0.00038,31.0,-7.875339305243843,-7.836681246376088,-0.038658058867754974,-7.836681246376088,0.019107855853761156,-3.71587364940433,-7.907683624439695,0.000367905802348911,0.03234431919585212
32,ES,2014,0.00036,32.0,-7.929406526514119,-7.802351248446023,-0.12705527806809602,-7.802351248446023,0.018541998976225594,-3.71587364940433,-7.871250973849062,0.00038155674600846086,-0.05815555266505701
33,ES,2014,0.00042,33.0,-7.77525584668686,-7.710173145939573,-0.06508270074728717,-7.710173145939573,0.018290514561482833,-3.71587364940433,-7.778138387032633,0.0004187910762775606,0.002882540345773066
34,ES,2014,0.00043,34.0,-7.751725349276666,-7.616350005870328,-0.13537534340633783,-7.616350005870328,0.017506366593865882,-3.71587364940433,-7.6814014521932865,0.0004613279165097654,-0.07032389708337927
35,ES,2014,0.00043,35.0,-7.751725349276666,-7.557493238012394,-0.19423211126427198,-7.557493238012394,0.02028229426963641,-3.71587364940433,-7.632859680838401,0.0004842740072107454,-0.11886566843826518
36,ES,2014,0.00044,36.0,-7.728735831051967,-7.478957959096904,-0.24977787195506274,-7.478957959096904,0.02041717609479281,-3.71587364940433,-7.554825605742793,0.0005235774428479566,-0.17391022530917422
37,ES,2014,0.0005,37.0,-7.600902459542082,-7.380509472558332,-0.2203929869837502,-7.380509472558332,0.019651752990632196,-3.71587364940433,-7.453532903660825,0.0005793910593291565,-0.1473695558812569
38,ES,2014,0.00058,38.0,-7.4524824544238095,-7.29185847180832,-0.1606239826154896,-7.29185847180832,0.0202674338985073,-3.71587364940433,-7.367169695372827,0.000631653423119848,-0.08531275905098212
39,ES,2014,0.00062,39.0,-7.385791079925137,-7.193465343122429,-0.19232573680270804,-7.193465343122429,0.020335399475374303,-3.71587364940433,-7.269029118183083,0.00069678816442497,-0.11676196174205433
40,ES,2014,0.00077,40.0,-7.1691200431165445,-7.077947167903955,-0.09117287521258977,-7.077947167903955,0.020319399669134045,-3.71587364940433,-7.153451489706205,0.000782159800596666,-0.01566855341033957
41,ES,2014,0.00086,41.0,-7.05857816871672,-6.985908311238438,-0.07266985747828247,-6.985908311238438,0.020495343107482796,-3.71587364940433,-7.062066416627034,0.0008570053329043101,0.0034882479103135466
42,ES,2014,0.00094,42.0,-6.969630682700225,-6.886627376331624,-0.08300330636860043,-6.886627376331624,0.020240987592618713,-3.71587364940433,-6.961840328764956,0.0009473515310334161,-0.007790353935268612
43,ES,2014,0.0011,43.0,-6.812445099177812,-6.766647604902495,-0.045797494275316986,-6.766647604902495,0.01964334143697972,-3.71587364940433,-6.83963977973442,0.0010704889420063382,0.02719468055660812
44,ES,2014,0.00124,44.0,-6.6926438993651916,-6.673177437295879,-0.01946646206931213,-6.673177437295879,0.02027819283182161,-3.71587364940433,-6.748528639697185,0.0011726036746257335,0.055884740331993754
45,ES,2014,0.00147,45.0,-6.522492878191493,-6.552189371118781,0.02969649292728871,-6.552189371118781,0.019317153767295814,-3.71587364940433,-6.623969473784167,0.0013281484177958677,0.10147659559267463
46,ES,2014,0.00155,46.0,-6.469500348050982,-6.454873535849522,-0.014626812201459671,-6.454873535849522,0.018954085157196654,-3.71587364940433,-6.525304521433715,0.0014658726894153707,0.055804173382733246
47,ES,2014,0.00175,47.0,-6.348139491046714,-6.3305299101334835,-0.017609580913230616,-6.3305299101334835,0.01798657493397922,-3.71587364940433,-6.397365749973694,0.0016659400005299173,0.049226258926979405
48,ES,2014,0.00201,48.0,-6.209620556911153,-6.220814296334984,0.011193739423831062,-6.220814296334984,0.017220232470692053,-3.71587364940433,-6.284802504409446,0.0018644251491660773,0.07518194749829288
49,ES,2014,0.00224,49.0,-6.101279413115189,-6.12266281679637,0.02138340368118108,-6.12266281679637,0.016495468408212678,-3.71587364940433,-6.183957893189029,0.002062249517504506,0.08267848007383982
50,ES,2014,0.0024,50.0,-6.032286541628237,-6.01252289613826,-0.019763645489977222,-6.01252289613826,0.015773513858200243,-3.71587364940433,-6.07113528064246,0.002308550869223116,0.03884873901422292
51,ES,2014,0.0027,51.0,-5.914503505971854,-5.903208218347992,-0.011295287623861228,-5.903208218347992,0.015010303509196268,-3.71587364940433,-5.958984609627376,0.002582532920223389,0.0444811036555226
52,ES,2014,0.00299,52.0,-5.812481891579542,-5.8081042393910085,-0.004377652188533254,-5.8081042393910085,0.01375066533335655,-3.71587364940433,-5.859199974365006,0.0028535256634172226,0.04671808278546408
53,ES,2014,0.00317,53.0,-5.754023691092947,-5.720911168614,-0.03311252247894725,-5.720911168614,0.01295815778978835,-3.71587364940433,-5.769062045689898,0.0031226850769172994,0.015038354596950576
54,ES,2014,0.00355,54.0,-5.640807675494813,-5.6236754556493525,-0.017132219845460206,-5.6236754556493525,0.012093797968350164,-3.71587364940433,-5.668614480841164,0.0034526456703994654,0.027806805346351382
55,ES,2014,0.00398,55.0,-5.526473459685791,-5.5475059250876795,0.021032465401888523,-5.5475059250876795,0.011123008713019614,-3.71587364940433,-5.588837620066484,0.0037393719103557465,0.062364160380693257
56,ES,2014,0.00423,56.0,-5.46555328592395,-5.447873319087934,-0.017679966836015915,-5.447873319087934,0.0097378469097369,-3.71587364940433,-5.484057927821759,0.004152445140252545,0.01850464189780876
57,ES,2014,0.00452,57.0,-5.399243285137997,-5.361624095608647,-0.03761918952934984,-5.361624095608647,0.009929976269879456,-3.71587364940433,-5.398522632769103,0.00452325852269743,-0.0007206523688942923
58,ES,2014,0.00498,58.0,-5.302325387945576,-5.289540248432316,-0.012785139513259658,-5.289540248432316,0.00935670774989911,-3.71587364940433,-5.324308592205344,0.00487171819398115,0.021983204259767852
59,ES,2014,0.00547,59.0,-5.2084766625482475,-5.19930701899836,-0.009169643549887141,-5.19930701899836,0.008908196402758034,-3.71587364940433,-5.232408751275087,0.00534064551009676,0.023932088726839496
60,ES,2014,0.00594,60.0,-5.126046145607583,-5.110907651640006,-0.015138493967577382,-5.110907651640006,0.008778985536951035,-3.71587364940433,-5.143529252665264,0.0058370528840153615,0.017483107057680414
61,ES,2014,0.00644,61.0,-5.045226738865875,-5.045809169822402,0.0005824309565269914,-5.045809169822402,0.00800832928859658,-3.71587364940433,-5.075567109601651,0.006247542393514174,0.030340370735776112
62,ES,2014,0.00695,62.0,-4.969013619405437,-4.960413731356616,-0.008599888048820503,-4.960413731356616,0.007443410213112718,-3.71587364940433,-4.988072503229229,0.0068187950390402935,0.019058883823792172
63,ES,2014,0.00728,63.0,-4.922624416773543,-4.885391394955979,-0.03723302181756338,-4.885391394955979,0.007222264733534511,-3.71587364940433,-4.912228418168342,0.00735607763616126,-0.01039599860520024
64,ES,2014,0.00784,64.0,-4.848516444619821,-4.809747994957796,-0.038768449662025084,-4.809747994957796,0.007559181092484768,-3.71587364940433,-4.837836956790436,0.007924175862099644,-0.010679487829385437
65,ES,2014,0.00861,65.0,-4.754830960542498,-4.723216287999865,-0.03161467254263339,-4.723216287999865,0.007919647211399497,-3.71587364940433,-4.752644696385283,0.008628844326225184,-0.002186264157215234
66,ES,2014,0.00931,66.0,-4.6766661876931614,-4.644559039801131,-0.032107147892030063,-4.644559039801131,0.007934399503536919,-3.71587364940433,-4.674042265840171,0.009334460790017766,-0.0026239218529902075
67,ES,2014,0.01001,67.0,-4.604170685655008,-4.557414841927601,-0.046755843727407154,-4.557414841927601,0.008404693358453006,-3.71587364940433,-4.5886456205096,0.010166618512641397,-0.015525065145408412
68,ES,2014,0.01094,68.0,-4.515329481988302,-4.4797090952454734,-0.035620386742828636,-4.4797090952454734,0.009200825359483569,-3.71587364940433,-4.51389819975155,0.010955669438689704,-0.0014312822367523736
69,ES,2014,0.01173,69.0,-4.445605616316753,-4.382229805038305,-0.06337581127844771,-4.382229805038305,0.009487510691631477,-3.71587364940433,-4.4174841960157805,0.012064546170160857,-0.02812142030097231
70,ES,2014,0.01333,70.0,-4.3177381447915195,-4.295870935322768,-0.021867209468751092,-4.295870935322768,0.009992018752246168,-3.71587364940433,-4.333000014508594,0.013128103851893343,0.015261869717074106
71,ES,2014,0.01426,71.0,-4.250296863995987,-4.202390723867514,-0.047906140128473496,-4.202390723867514,0.010527324752195758,-3.71587364940433,-4.24150893251292,0.01438586815326021,-0.008787931483067446
72,ES,2014,0.01568,72.0,-4.155369264059876,-4.105247951290851,-0.05012131276902476,-4.105247951290851,0.011559102396732036,-3.71587364940433,-4.148200115297634,0.015792816167337406,-0.007169148762241839
73,ES,2014,0.01724,73.0,-4.06052301374659,-4.0058509251784455,-0.05467208856814487,-4.0058509251784455,0.01169743913549465,-3.71587364940433,-4.049317131027541,0.017434275901600217,-0.01120588271904932
74,ES,2014,0.01942,74.0,-3.941451816118958,-3.8921275147904475,-0.04932430132851051,-3.8921275147904475,0.012327970030389813,-3.71587364940433,-3.9379366937770195,0.01948838379416882,-0.0035151223419385147
75,ES,2014,0.02218,75.0,-3.8085642970599163,-3.783491560567625,-0.02507273649229136,-3.783491560567625,0.012695972475206428,-3.71587364940433,-3.8306681901418074,0.02169511432405661,0.02210389308189109
76,ES,2014,0.02424,76.0,-3.719751117781023,-3.675502488423401,-0.04424862935762208,-3.675502488423401,0.01295867437417588,-3.71587364940433,-3.7236552850616125,0.02414554748430371,0.003904167280589288
77,ES,2014,0.02783,77.0,-3.5816407034443376,-3.556312797152416,-0.025327906291921387,-3.556312797152416,0.013218506789362525,-3.71587364940433,-3.6054310982154805,0.027175726880082407,0.023790394771142864
78,ES,2014,0.03033,78.0,-3.4956179572816475,-3.4390698671831883,-0.05654809009845918,-3.4390698671831883,0.013120427703430103,-3.71587364940433,-3.487823718755279,0.030567322928813066,-0.007794238526368513
79,ES,2014,0.03497,79.0,-3.3532647279068524,-3.311352573991767,-0.041912153915085515,-3.311352573991767,0.012917105267199382,-3.71587364940433,-3.359350905080735,0.03475781274382528,0.00608617717388249
80,ES,2014,0.03986,80.0,-3.2223819641974885,-3.184564341600823,-0.03781762259666532,-3.184564341600823,0.013361763206868073,-3.71587364940433,-3.2342149654108043,0.03939111619403622,0.011833001213315875
81,ES,2014,0.04456,81.0,-3.1109186833631086,-3.057863262918503,-0.05305542044460543,-3.057863262918503,0.01261299801953086,-3.71587364940433,-3.104731569899267,0.04483655242435259,-0.006187113463841598
82,ES,2014,0.05143,82.0,-2.9675336191953123,-2.9290846642073762,-0.0384489549879361,-2.9290846642073762,0.01222347467468327,-3.71587364940433,-2.974505551655193,0.051072680564450024,0.006971932459880481
83,ES,2014,0.05805,83.0,-2.8464505708382366,-2.7973309766042154,-0.049119594234021235,-2.7973309766042154,0.011605682635583328,-3.71587364940433,-2.840456226893129,0.058399016683960324,-0.005994343945107783
84,ES,2014,0.06707,84.0,-2.702018428870491,-2.666186175006246,-0.03583225386424482,-2.666186175006246,0.010462248076074009,-3.71587364940433,-2.7050625669456605,0.06686614010555872,0.003044138075169567
85,ES,2014,0.07634,85.0,-2.5725582316650533,-2.530191560187631,-0.04236667147742246,-2.530191560187631,0.009737743869726704,-3.71587364940433,-2.566375786037797,0.07681342986841758,-0.006182445627256339
20,ES,2015,0.00022,20.0,-8.421883011611913,-8.188265254489172,-0.23361775712274024,-8.188265254489172,0.027065368019014283,-3.2642552776379037,-8.276613524886452,0.00025439725290488807,-0.1452694867254607
21,ES,2015,0.00023,21.0,-8.377431249041079,-8.18419600720037,-0.19323524184070884,-8.18419600720037,0.023695264288118734,-3.2642552776379037,-8.261543398707886,0.00025826008518394563,-0.11588785033319304
22,ES,2015,0.00022,22.0,-8.421883011611913,-8.164730480475352,-0.2571525311365601,-8.164730480475352,0.024368876838677903,-3.2642552776379037,-8.244276715306114,0.00026275810146965915,-0.1776062963057985
23,ES,2015,0.00027,23.0,-8.2170885989659,-8.14178359403389,-0.07530500493200876,-8.14178359403389,0.023859905728048508,-3.2642552776379037,-8.219668417230617,0.0002693043467837873,0.002579818264717204
24,ES,2015,0.00026,24.0,-8.254828926948747,-8.1084794375383,-0.14634948941044712,-8.1084794375383,0.022773052801918214,-3.2642552776379037,-8.182816495334889,0.000279413863000252,-0.0720124316138584
25,ES,2015,0.00028,25.0,-8.180720954795024,-8.072934190365274,-0.10778676442975055,-8.072934190365274,0.021477049735121993,-3.2642552776379037,-8.143040763311237,0.00029075174545141615,-0.037680191483786984
26,ES,2015,0.00026,26.0,-8.254828926948747,-8.080754308309267,-0.17407461863948015,-8.080754308309267,0.020228418997948437,-3.2642552776379037,-8.14678503178159,0.00028966512842065566,-0.10804389516715673
27,ES,2015,0.00029,27.0,-8.145629634983754,-8.03269252567724,-0.11293710930651457,-8.03269252567724,0.021844882459629948,-3.2642552776379037,-8.103999798535467,0.0003023274675133961,-0.041629836448286994
28,ES,2015,0.0003,28.0,-8.111728083308073,-8.025617186039081,-0.08611089726899124,-8.025617186039081,0.01993958347081985,-3.2642552776379037,-8.090705076617606,0.0003063736640542323,-0.021023006690466417
29,ES,2015,0.00033,29.0,-8.016417903503749,-7.936879841552711,-0.07953806195103752,-7.936879841552711,0.019123715743917843,-3.2642552776379037,-7.999304531597843,0.0003356960127067943,-0.017113371905906227
30,ES,2015,0.00028,30.0,-8.180720954795024,-7.885998910298966,-0.29472204449605854,-7.885998910298966,0.018652436174824778,-3.2642552776379037,-7.9468852235234415,0.00035376234095500634,-0.23383573127158286
31,ES,2015,0.00034,31.0,-7.986564940354067,-7.836681246376088,-0.14988369397797907,-7.836681246376088,0.019107855853761156,-3.2642552776379037,-7.899054165691072,0.0003710943683058207,-0.08751077466299506
32,ES,2015,0.00037,32.0,-7.902007552326004,-7.802351248446023,-0.09965630387998115,-7.802351248446023,0.018541998976225594,-3.2642552776379037,-7.862877066462124,0.0003847652821053127,-0.039130485863879905
33,ES,2015,0.00037,33.0,-7.902007552326004,-7.710173145939573,-0.19183440638643123,-7.710173145939573,0.018290514561482833,-3.2642552776379037,-7.769878054627606,0.00042226475690254644,-0.132129497698398
34,ES,2015,0.00042,34.0,-7.77525584668686,-7.616350005870328,-0.1589058408165318,-7.616350005870328,0.017506366593865882,-3.2642552776379037,-7.6734952554166185,0.0004649897222001249,-0.10176059127024129
35,ES,2015,0.00045,35.0,-7.706262975199909,-7.557493238012394,-0.14876973718751518,-7.557493238012394,0.02028229426963641,-3.2642552776379037,-7.623699824124659,0.0004887302659148529,-0.08256315107524959
36,ES,2015,0.00052,36.0,-7.5616817463888015,-7.478957959096904,-0.08272378729189711,-7.478957959096904,0.02041717609479281,-3.2642552776379037,-7.545604833918794,0.0005284275575169135,-0.016076912470007088
37,ES,2015,0.00053,37.0,-7.542633551418106,-7.380509472558332,-0.1621240788597742,-7.380509472558332,0.019651752990632196,-3.2642552776379037,-7.444657810972839,0.0005845560948649167,-0.0979757404452668
38,ES,2015,0.00059,38.0,-7.435388021064509,-7.29185847180832,-0.143529549256189,-7.29185847180832,0.0202674338985073,-3.2642552776379037,-7.3580165498757,0.0006374615797059825,-0.07737147118880916
39,ES,2015,0.00062,39.0,-7.385791079925137,-7.193465343122429,-0.19232573680270804,-7.193465343122429,0.020335399475374303,-3.2642552776379037,-7.2598452781827945,0.0007032168301756733,-0.1259458017423425
40,ES,2015,0.00069,40.0,-7.278818960372969,-7.077947167903955,-0.2008717924690142,-7.077947167903955,0.020319399669134045,-3.2642552776379037,-7.14427487551236,0.0007893704132292395,-0.1345440848606092
41,ES,2015,0.00081,41.0,-7.1184763102977895,-6.985908311238438,-0.13256799905935157,-6.985908311238438,0.020495343107482796,-3.2642552776379037,-7.0528103431440385,0.0008649746626945216,-0.06566596715375095
42,ES,2015,0.00094,42.0,-6.969630682700225,-6.886627376331624,-0.08300330636860043,-6.886627376331624,0.020240987592618713,-3.2642552776379037,-6.952699126905434,0.0009560511645842129,-0.01693155579479111
43,ES,2015,0.00107,43.0,-6.840096630508322,-6.766647604902495,-0.07344902560582689,-6.766647604902495,0.01964334143697972,-3.2642552776379037,-6.8307684858585995,0.001080027812504514,-0.009328144649722425
44,ES,2015,0.00114,44.0,-6.776727016575733,-6.673177437295879,-0.10354957927985353,-6.673177437295879,0.02027819283182161,-3.2642552776379037,-6.739370635268112,0.0011833917072986086,-0.03735638130762098
45,ES,2015,0.00134,45.0,-6.615085665019317,-6.552189371118781,-0.0628962939005353,-6.552189371118781,0.019317153767295814,-3.2642552776379037,-6.61524549225262,0.0013397858486214414,0.00015982723330321136
46,ES,2015,0.00144,46.0,-6.543112165394228,-6.454873535849522,-0.08823862954470574,-6.454873535849522,0.018954085157196654,-3.2642552776379037,-6.5167445083567,0.001478474437421775,-0.02636765703752797
47,ES,2015,0.00171,47.0,-6.371261908467568,-6.3305299101334835,-0.04073199833408481,-6.3305299101334835,0.01798657493397922,-3.2642552776379037,-6.389242682288355,0.0016795276559219878,0.017980773820786666
48,ES,2015,0.00192,48.0,-6.255430092942447,-6.220814296334984,-0.03461579660746317,-6.220814296334984,0.017220232470692053,-3.2642552776379037,-6.277025531059592,0.0018789812617494303,0.021595438117144816
49,ES,2015,0.00208,49.0,-6.175387385268911,-6.12266281679637,-0.05272456847254059,-6.12266281679637,0.016495468408212678,-3.2642552776379037,-6.176508236604987,0.00207766993529297,0.0011208513360765338
50,ES,2015,0.00239,50.0,-6.036461913038718,-6.01252289613826,-0.02393901690045741,-6.01252289613826,0.015773513858200243,-3.2642552776379037,-6.064011671996785,0.0023250547961202383,0.02754975895806755
51,ES,2015,0.00272,51.0,-5.907123398674231,-5.903208218347992,-0.003915180326238499,-5.903208218347992,0.015010303509196268,-3.2642552776379037,-5.952205680796833,0.0026000992001028417,0.04508228212260246
52,ES,2015,0.00298,52.0,-5.815831978464824,-5.8081042393910085,-0.0077277390738155205,-5.8081042393910085,0.01375066533335655,-3.2642552776379037,-5.85298992127645,0.0028713013461170193,0.037157942811625766
53,ES,2015,0.00327,53.0,-5.722965294072975,-5.720911168614,-0.002054125458974987,-5.720911168614,0.01295815778978835,-3.2642552776379037,-5.763209903567781,0.0031410130504356064,0.04024460949480613
54,ES,2015,0.00353,54.0,-5.646457408036931,-5.6236754556493525,-0.02278195238757874,-5.6236754556493525,0.012093797968350164,-3.2642552776379037,-5.663152699494226,0.0034715548580370723,0.01669529145729509
55,ES,2015,0.00394,55.0,-5.536574555672295,-5.5475059250876795,0.01093136941538475,-5.5475059250876795,0.011123008713019614,-3.2642552776379037,-5.583814264982366,0.0037582033621881535,0.047239709310071376
56,ES,2015,0.00424,56.0,-5.463192009738271,-5.447873319087934,-0.015318690650336642,-5.447873319087934,0.0097378469097369,-3.2642552776379037,-5.479660137255873,0.004170746938556419,0.016468127517602404
57,ES,2015,0.0048,57.0,-5.339139361068292,-5.361624095608647,0.022484734540355156,-5.361624095608647,0.009929976269879456,-3.2642552776379037,-5.39403807305442,0.004543588897965899,0.05489871198612839
58,ES,2015,0.00511,58.0,-5.276555874766524,-5.289540248432316,0.01298437366579197,-5.289540248432316,0.00935670774989911,-3.2642552776379037,-5.320082931086239,0.004892347980682992,0.04352705631971521
59,ES,2015,0.00569,59.0,-5.169045030843898,-5.19930701899836,0.03026198815446257,-5.19930701899836,0.008908196402758034,-3.2642552776379037,-5.228385646120298,0.005362174766771835,0.05934061527640022
60,ES,2015,0.00606,60.0,-5.1060454789009135,-5.110907651640006,0.004862172739092507,-5.110907651640006,0.008778985536951035,-3.2642552776379037,-5.139564501511305,0.005860241283915259,0.03351902261039186
61,ES,2015,0.00624,61.0,-5.076775096600801,-5.045809169822402,-0.030965926778399044,-5.045809169822402,0.00800832928859658,-3.2642552776379037,-5.071950400967765,0.006270178844077639,-0.00482469563303578
62,ES,2015,0.00709,62.0,-4.949069938438101,-4.960413731356616,0.01134379291851495,-4.960413731356616,0.007443410213112718,-3.2642552776379037,-4.984710922428393,0.006841755539695891,0.03564098399029181
63,ES,2015,0.00736,63.0,-4.911695346241352,-4.885391394955979,-0.026303951285372662,-4.885391394955979,0.007222264733534511,-3.2642552776379037,-4.908966710728917,0.007380110181571875,-0.0027286355124349626
64,ES,2015,0.00785,64.0,-4.84724174718782,-4.809747994957796,-0.03749375223002449,-4.809747994957796,0.007559181092484768,-3.2642552776379037,-4.8344230917335596,0.007951274157824215,-0.012818655454260863
65,ES,2015,0.00848,65.0,-4.7700448291783255,-4.723216287999865,-0.0468285411784608,-4.723216287999865,0.007919647211399497,-3.2642552776379037,-4.749068038206706,0.008659762010891619,-0.020976790971619863
66,ES,2015,0.00941,66.0,-4.6659823253848485,-4.644559039801131,-0.02142328558371709,-4.644559039801131,0.007934399503536919,-3.2642552776379037,-4.670458945255439,0.009367969155267025,0.004476619870590781
67,ES,2015,0.01026,67.0,-4.579502439239514,-4.557414841927601,-0.022087597311912788,-4.557414841927601,0.008404693358453006,-3.2642552776379037,-4.584849906579859,0.010205281418393691,0.005347467340345524
68,ES,2015,0.01121,68.0,-4.490949041898069,-4.4797090952454734,-0.0112399466525952,-4.4797090952454734,0.009200825359483569,-3.2642552776379037,-4.509742937983792,0.011001287825579959,0.01879389608572346
69,ES,2015,0.01209,69.0,-4.415376614355436,-4.382229805038305,-0.03314680931713099,-4.382229805038305,0.009487510691631477,-3.2642552776379037,-4.413199461885109,0.012116350447428693,-0.002177152470326682
70,ES,2015,0.01353,70.0,-4.30284583679944,-4.295870935322768,-0.006974901476671569,-4.295870935322768,0.009992018752246168,-3.2642552776379037,-4.328487435269045,0.013187479328304094,0.025641598469604787
71,ES,2015,0.01464,71.0,-4.223997770448972,-4.202390723867514,-0.021607046581458178,-4.202390723867514,0.010527324752195758,-3.2642552776379037,-4.236754599249277,0.01445442620953267,0.012756828800305264
72,ES,2015,0.01588,72.0,-4.142694823163147,-4.105247951290851,-0.03744687187229623,-4.105247951290851,0.011559102396732036,-3.2642552776379037,-4.14297981229414,0.01587547501741589,0.00028498913099284096
73,ES,2015,0.01749,73.0,-4.046125989951626,-4.0058509251784455,-0.04027506477318088,-4.0058509251784455,0.01169743913549465,-3.2642552776379037,-4.044034352611332,0.017526621022679736,-0.0020916373402943833
74,ES,2015,0.01932,74.0,-3.946614450197765,-3.8921275147904475,-0.05448693540731764,-3.8921275147904475,0.012327970030389813,-3.2642552776379037,-3.932369156024709,0.019597188713365653,-0.014245294173055978
75,ES,2015,0.02172,75.0,-3.829521783916402,-3.783491560567625,-0.046030223348777266,-3.783491560567625,0.012695972475206428,-3.2642552776379037,-3.8249344557245633,0.021819865651458405,-0.004587328191838935
76,ES,2015,0.02504,76.0,-3.6872807327502395,-3.675502488423401,-0.011778244326838383,-3.675502488423401,0.01295867437417588,-3.2642552776379037,-3.7178029096404956,0.02428727059685584,0.03052217689025616
77,ES,2015,0.0289,77.0,-3.543913683863751,-3.556312797152416,0.012399113288665387,-3.556312797152416,0.013218506789362525,-3.2642552776379037,-3.5994613777020854,0.027338443577673337,0.05554769383833458
78,ES,2015,0.03184,78.0,-3.4470319180059548,-3.4390698671831883,-0.007962050822766464,-3.4390698671831883,0.013120427703430103,-3.2642552776379037,-3.4818982925589768,0.030748985025998113,0.034866374553021995
79,ES,2015,0.03594,79.0,-3.325904397626724,-3.311352573991767,-0.014551823634957106,-3.311352573991767,0.012917105267199382,-3.2642552776379037,-3.3535173030320267,0.034961168563220235,0.0276129054053027
80,ES,2015,0.04085,80.0,-3.197848457676125,-3.184564341600823,-0.013284116075301888,-3.184564341600823,0.013361763206868073,-3.2642552776379037,-3.22818054766739,0.039629537287275834,0.030332089991265132
81,ES,2015,0.04719,81.0,-3.053573273243841,-3.057863262918503,0.004289989674662209,-3.057863262918503,0.01261299801953086,-3.2642552776379037,-3.0990353082705933,0.04509268195533812,0.04546203502675228
82,ES,2015,0.05366,82.0,-2.925087433984659,-2.9290846642073762,0.003997230222717363,-2.9290846642073762,0.01222347467468327,-3.2642552776379037,-2.9689852059252844,0.05135539905244962,0.043897771940625496
83,ES,2015,0.06138,83.0,-2.790671229790547,-2.7973309766042154,0.00665974681366821,-2.7973309766042154,0.011605682635583328,-3.2642552776379037,-2.835214887398009,0.05870590931825457,0.04454365760746182
84,ES,2015,0.06987,84.0,-2.661118906417778,-2.666186175006246,0.005067268588468288,-2.666186175006246,0.010462248076074009,-3.2642552776379037,-2.7003376235045278,0.06718282640894974,0.039218717086749955
85,ES,2015,0.08088,85.0,-2.5147887042699213,-2.530191560187631,0.015402855917709513,-2.530191560187631,0.009737743869726704,-3.2642552776379037,-2.5619780420066722,0.0771519795529254,0.047189337736750936
20,ES,2016,0.00023,20.0,-8.377431249041079,-8.188265254489172,-0.18916599455190664,-8.188265254489172,0.027065368019014283,-5.145317410406291,-8.32752516377646,0.00024176964536798266,-0.04990608526461848
21,ES,2016,0.00019,21.0,-8.568486485803788,-8.18419600720037,-0.38429047860341825,-8.18419600720037,0.023695264288118734,-5.145317410406291,-8.306115663086207,0.00024700161989308413,-0.26237082271758183
22,ES,2016,0.00026,22.0,-8.254828926948747,-8.164730480475352,-0.09009844647339449,-8.164730480475352,0.024368876838677903,-5.145317410406291,-8.29011608674545,0.00025098532498286024,0.03528715979670238
23,ES,2016,0.00026,23.0,-8.254828926948747,-8.14178359403389,-0.11304533291485619,-8.14178359403389,0.023859905728048508,-5.145317410406291,-8.264550382387071,0.0002574846677408842,0.009721455438324256
24,ES,2016,0.00023,24.0,-8.377431249041079,-8.1084794375383,-0.26895181150277914,-8.1084794375383,0.022773052801918214,-5.145317410406291,-8.225654022608111,0.00026769721187347185,-0.15177722643296754
25,ES,2016,0.00022,25.0,-8.421883011611913,-8.072934190365274,-0.34894882124663873,-8.072934190365274,0.021477049735121993,-5.145317410406291,-8.18344042829156,0.00027923958185810334,-0.23844258332035295
26,ES,2016,0.00029,26.0,-8.145629634983754,-8.080754308309267,-0.06487532667448725,-8.080754308309267,0.020228418997948437,-5.145317410406291,-8.184835944764405,0.0002788501702001388,0.03920630978065098
27,ES,2016,0.0003,27.0,-8.111728083308073,-8.03269252567724,-0.07903555763083325,-8.03269252567724,0.021844882459629948,-5.145317410406291,-8.145091379725052,0.0002901561360417768,0.03336329641697944
28,ES,2016,0.00027,28.0,-8.2170885989659,-8.025617186039081,-0.19147141292681802,-8.025617186039081,0.01993958347081985,-5.145317410406291,-8.12821267202774,0.0002950951615764183,-0.08887592693815982
29,ES,2016,0.00032,29.0,-8.047189562170502,-7.936879841552711,-0.11030972061779032,-7.936879841552711,0.019123715743917843,-5.145317410406291,-8.035277429121553,0.0003238346768213121,-0.011912133048948448
30,ES,2016,0.00039,30.0,-7.849363818840582,-7.885998910298966,0.036635091458383506,-7.885998910298966,0.018652436174824778,-5.145317410406291,-7.981971614895784,0.00034156532292245044,0.13260779605520145
31,ES,2016,0.00036,31.0,-7.929406526514119,-7.836681246376088,-0.09272528013803072,-7.836681246376088,0.019107855853761156,-5.145317410406291,-7.934997229775979,0.0003579929624291323,0.005590703261860064
32,ES,2016,0.00033,32.0,-8.016417903503749,-7.802351248446023,-0.21406665505772615,-7.802351248446023,0.018541998976225594,-5.145317410406291,-7.897755718602132,0.0003715765276695387,-0.11866218490161717
33,ES,2016,0.0004,33.0,-7.824046010856292,-7.710173145939573,-0.11387286491671933,-7.710173145939573,0.018290514561482833,-5.145317410406291,-7.80428364895806,0.00040798357204837877,-0.019762361898232328
34,ES,2016,0.00043,34.0,-7.751725349276666,-7.616350005870328,-0.13537534340633783,-7.616350005870328,0.017506366593865882,-5.145317410406291,-7.706425818698701,0.0004499267263917707,-0.04529953057796465
35,ES,2016,0.00044,35.0,-7.728735831051967,-7.557493238012394,-0.17124259303957334,-7.557493238012394,0.02028229426963641,-5.145317410406291,-7.661852079840938,0.00047043531968181894,-0.06688375121102919
36,ES,2016,0.00049,36.0,-7.621105166859602,-7.478957959096904,-0.1421472077626973,-7.478957959096904,0.02041717609479281,-5.145317410406291,-7.584010810728773,0.0005085175596964734,-0.037094356130828565
37,ES,2016,0.00052,37.0,-7.5616817463888015,-7.380509472558332,-0.18117227383046952,-7.380509472558332,0.019651752990632196,-5.145317410406291,-7.481623979366036,0.0005633418168306099,-0.08005776702276535
38,ES,2016,0.00053,38.0,-7.542633551418106,-7.29185847180832,-0.2507750796097863,-7.29185847180832,0.0202674338985073,-5.145317410406291,-7.396140852310568,0.0006136162333712957,-0.14649269910753837
39,ES,2016,0.00064,39.0,-7.354042381610556,-7.193465343122429,-0.16057703848812732,-7.193465343122429,0.020335399475374303,-5.145317410406291,-7.29809742809064,0.0006768252597178044,-0.055944953519916574
40,ES,2016,0.00075,40.0,-7.195437351433918,-7.077947167903955,-0.11749018352996288,-7.077947167903955,0.020319399669134045,-5.145317410406291,-7.182496928790554,0.0007597683841794606,-0.01294042264336337
41,ES,2016,0.00083,41.0,-7.09408485717363,-6.985908311238438,-0.10817654593519244,-6.985908311238438,0.020495343107482796,-5.145317410406291,-7.09136335696162,0.0008322619216900598,-0.0027215002120106746
42,ES,2016,0.00082,42.0,-7.106206217705975,-6.886627376331624,-0.2195788413743509,-6.886627376331624,0.020240987592618713,-5.145317410406291,-6.990773682195743,0.0009203342099572201,-0.11543253551023192
43,ES,2016,0.00095,43.0,-6.959048573369688,-6.766647604902495,-0.1924009684671928,-6.766647604902495,0.01964334143697972,-5.145317410406291,-6.867718831596743,0.001040848709715119,-0.09132974177294528
44,ES,2016,0.0011,44.0,-6.812445099177812,-6.673177437295879,-0.13926766188193263,-6.673177437295879,0.02027819283182161,-5.145317410406291,-6.777515175925028,0.0011391018523300394,-0.034929923252784434
45,ES,2016,0.00127,45.0,-6.668738378511637,-6.552189371118781,-0.11654900739285612,-6.552189371118781,0.019317153767295814,-5.145317410406291,-6.651582258717144,0.0012919762466750753,-0.017156119794493385
46,ES,2016,0.00135,46.0,-6.607650686531799,-6.454873535849522,-0.15277715068227682,-6.454873535849522,0.018954085157196654,-5.145317410406291,-6.552398320207169,0.001426689832853188,-0.0552523663246296
47,ES,2016,0.00159,47.0,-6.444021262749997,-6.3305299101334835,-0.11349135261651355,-6.3305299101334835,0.01798657493397922,-5.145317410406291,-6.4230765472948645,0.001623653296688843,-0.020944715455132545
48,ES,2016,0.00192,48.0,-6.255430092942447,-6.220814296334984,-0.03461579660746317,-6.220814296334984,0.017220232470692053,-5.145317410406291,-6.30941785827768,0.001819091900326887,0.05398776533523275
49,ES,2016,0.00197,49.0,-6.22972173623224,-6.12266281679637,-0.10705891943586998,-6.12266281679637,0.016495468408212678,-5.145317410406291,-6.207537237589953,0.002014191836786771,-0.022184498642286776
50,ES,2016,0.00232,50.0,-6.066188093303919,-6.01252289613826,-0.05366519716565854,-6.01252289613826,0.015773513858200243,-5.145317410406291,-6.093682631616143,0.002257081590965283,0.027494538312224037
51,ES,2016,0.00262,51.0,-5.944580961209131,-5.903208218347992,-0.04137274286113879,-5.903208218347992,0.015010303509196268,-5.145317410406291,-5.980440994329342,0.0025277113400363586,0.03586003312021102
52,ES,2016,0.00296,52.0,-5.822566010646168,-5.8081042393910085,-0.014461771255159128,-5.8081042393910085,0.01375066533335655,-5.145317410406291,-5.878855777135398,0.0027979849624788595,0.056289766489230786
53,ES,2016,0.00323,53.0,-5.735273141747572,-5.720911168614,-0.014361973133572015,-5.720911168614,0.01295815778978835,-5.145317410406291,-5.78758500349659,0.003065376117263916,0.052311861749017474
54,ES,2016,0.00347,54.0,-5.663600685023369,-5.6236754556493525,-0.03992522937401688,-5.6236754556493525,0.012093797968350164,-5.145317410406291,-5.685901884893841,0.003393471348551438,0.022301199870471855
55,ES,2016,0.00371,55.0,-5.596723402362794,-5.5475059250876795,-0.04921747727511416,-5.5475059250876795,0.011123008713019614,-5.145317410406291,-5.60473733547488,0.003680387124441926,0.008013933112086313
56,ES,2016,0.0042,56.0,-5.472670753692815,-5.447873319087934,-0.024797434604880486,-5.447873319087934,0.0097378469097369,-5.145317410406291,-5.497977632332475,0.004095044755910833,0.02530687863966019
57,ES,2016,0.00457,57.0,-5.3882420740760235,-5.361624095608647,-0.026617978467376346,-5.361624095608647,0.009929976269879456,-5.145317410406291,-5.4127169753949795,0.004459507364705475,0.02447490131895602
58,ES,2016,0.0049,58.0,-5.318520073865556,-5.289540248432316,-0.028979825433239625,-5.289540248432316,0.00935670774989911,-5.145317410406291,-5.337683479721956,0.004806993319949197,0.019163405856399862
59,ES,2016,0.00532,59.0,-5.236281975628584,-5.19930701899836,-0.036974956630223765,-5.19930701899836,0.008908196402758034,-5.145317410406291,-5.24514251704479,0.005273070138690744,0.008860541416205514
60,ES,2016,0.00588,60.0,-5.136198517071602,-5.110907651640006,-0.025290865431595755,-5.110907651640006,0.008778985536951035,-5.145317410406291,-5.156078318768985,0.0057642610117948825,0.01987980169738357
61,ES,2016,0.00638,61.0,-5.054587181625439,-5.045809169822402,-0.008778011803037167,-5.045809169822402,0.00800832928859658,-5.145317410406291,-5.087014565939285,0.006176431719467139,0.03242738431384584
62,ES,2016,0.00662,62.0,-5.01765990903322,-4.960413731356616,-0.057246177676604226,-4.960413731356616,0.007443410213112718,-5.145317410406291,-4.998712439518941,0.006746628100887465,-0.018947469514279724
63,ES,2016,0.00745,63.0,-4.899541246590669,-4.885391394955979,-0.014149851634689625,-4.885391394955979,0.007222264733534511,-5.145317410406291,-4.922552239431997,0.007280525470009734,0.02301099284132846
64,ES,2016,0.00811,64.0,-4.8146574108548155,-4.809747994957796,-0.004909415897019542,-4.809747994957796,0.007559181092484768,-5.145317410406291,-4.848642381041372,0.00783901272062356,0.03398497018655622
65,ES,2016,0.00864,65.0,-4.7513526961661725,-4.723216287999865,-0.028136408166307803,-4.723216287999865,0.007919647211399497,-5.145317410406291,-4.763965386680955,0.00853171069922169,0.012612690514782088
66,ES,2016,0.00939,66.0,-4.668109985761966,-4.644559039801131,-0.02355094596083429,-4.644559039801131,0.007934399503536919,-5.145317410406291,-4.685384043707799,0.009229189519376882,0.017274057945833476
67,ES,2016,0.0098,67.0,-4.62537289330561,-4.557414841927601,-0.06795805137800937,-4.557414841927601,0.008404693358453006,-5.145317410406291,-4.600659656993975,0.010045207167416373,-0.024713236311635356
68,ES,2016,0.01108,68.0,-4.502613597662999,-4.4797090952454734,-0.02290450241752584,-4.4797090952454734,0.009200825359483569,-5.145317410406291,-4.527050262157732,0.010812523188149143,0.024436664494732696
69,ES,2016,0.01184,69.0,-4.436271649526278,-4.382229805038305,-0.05404184448797267,-4.382229805038305,0.009487510691631477,-5.145317410406291,-4.431046058981372,0.011902032930238558,-0.005225590544905678
70,ES,2016,0.01259,70.0,-4.374852430925881,-4.295870935322768,-0.07898149560311296,-4.295870935322768,0.009992018752246168,-5.145317410406291,-4.347283043373807,0.012941927511714883,-0.02756938755207461
71,ES,2016,0.01438,71.0,-4.241916926689236,-4.202390723867514,-0.03952620282172248,-4.202390723867514,0.010527324752195758,-5.145317410406291,-4.256557151199988,0.014171007155498272,0.01464022451075131
72,ES,2016,0.01559,72.0,-4.161125595912452,-4.105247951290851,-0.055877644621601164,-4.105247951290851,0.011559102396732036,-5.145317410406291,-4.164723202101425,0.015534014087530896,0.0035976061889728683
73,ES,2016,0.01718,73.0,-4.064009362426027,-4.0058509251784455,-0.05815843724758185,-4.0058509251784455,0.01169743913549465,-5.145317410406291,-4.0660379624194745,0.01714518397794327,0.0020285999934470667
74,ES,2016,0.01939,74.0,-3.9429978097275766,-3.8921275147904475,-0.050870294937129135,-3.8921275147904475,0.012327970030389813,-5.145317410406291,-3.955558833622779,0.019147965032511444,0.012561023895202528
75,ES,2016,0.02162,75.0,-3.8341364667710747,-3.783491560567625,-0.05064490620344975,-3.783491560567625,0.012695972475206428,-5.145317410406291,-3.8488163687863435,0.021304938710799835,0.014679902015268809
76,ES,2016,0.02377,76.0,-3.7393309976100344,-3.675502488423401,-0.0638285091866333,-3.675502488423401,0.01295867437417588,-5.145317410406291,-3.742178981296634,0.023702399735686715,0.0028479836865997754
77,ES,2016,0.02689,77.0,-3.6160008087013638,-3.556312797152416,-0.05968801154894754,-3.556312797152416,0.013218506789362525,-5.145317410406291,-3.624326210275297,0.0266670592749186,0.008325401573933355
78,ES,2016,0.02983,78.0,-3.5122406804554798,-3.4390698671831883,-0.07317081327229147,-3.4390698671831883,0.013120427703430103,-5.145317410406291,-3.5065786322776242,0.029999377957719755,-0.005662048177855539
79,ES,2016,0.03451,79.0,-3.366506141872225,-3.311352573991767,-0.055153567880458,-3.311352573991767,0.012917105267199382,-5.145317410406291,-3.377815180615139,0.034121923594590424,0.011309038742914002
80,ES,2016,0.03776,80.0,-3.276504937704837,-3.184564341600823,-0.09194059610401384,-3.184564341600823,0.013361763206868073,-5.145317410406291,-3.2533148544628476,0.03864588977119478,-0.023190083241989345
81,ES,2016,0.04327,81.0,-3.1402957247453434,-3.057863262918503,-0.08243246182684016,-3.057863262918503,0.01261299801953086,-5.145317410406291,-3.1227611412258156,0.04403541241167522,-0.017534583519527747
82,ES,2016,0.05008,82.0,-2.994133552190294,-2.9290846642073762,-0.06504888798291786,-2.9290846642073762,0.01222347467468327,-5.145317410406291,-2.9919783212666844,0.05018805035956782,-0.0021552309236096967
83,ES,2016,0.05722,83.0,-2.8608517913601728,-2.7973309766042154,-0.06352081475595739,-2.7973309766042154,0.011605682635583328,-5.145317410406291,-2.857045897528732,0.057438188182195274,-0.0038058938314406987
84,ES,2016,0.06597,84.0,-2.7185551857473573,-2.666186175006246,-0.05236901074111122,-2.666186175006246,0.010462248076074009,-5.145317410406291,-2.7200177621840593,0.0658735843572815,0.001462576436702001
85,ES,2016,0.07588,85.0,-2.5786021339153233,-2.530191560187631,-0.04841057372769253,-2.530191560187631,0.009737743869726704,-5.145317410406291,-2.5802953432586127,0.0757516279860477,0.0016932093432893147
20,ES,2017,0.00024,20.0,-8.334871634622283,-8.188265254489172,-0.146606380133111,-8.188265254489172,0.027065368019014283,-4.058887954996105,-8.298120550739085,0.000248984341071754,-0.03675108388319792
21,ES,2017,0.00024,21.0,-8.334871634622283,-8.18419600720037,-0.1506756274219132,-8.18419600720037,0.023695264288118734,-4.058887954996105,-8.280372430009864,0.0002534427927539639,-0.054499204612419305
22,ES,2017,0.00023,22.0,-8.377431249041079,-8.164730480475352,-0.2127007685657265,-8.164730480475352,0.024368876838677903,-4.058887954996105,-8.263641021152646,0.00025771892081037417,-0.11379022788843329
23,ES,2017,0.00026,23.0,-8.254828926948747,-8.14178359403389,-0.11304533291485619,-8.14178359403389,0.023859905728048508,-4.058887954996105,-8.23862827800081,0.0002642464736635953,-0.016200648947936713
24,ES,2017,0.00027,24.0,-8.2170885989659,-8.1084794375383,-0.10860916142759969,-8.1084794375383,0.022773052801918214,-4.058887954996105,-8.200912707254496,0.00027440300602951374,-0.016175891711403878
25,ES,2017,0.0003,25.0,-8.111728083308073,-8.072934190365274,-0.03879389294279889,-8.072934190365274,0.021477049735121993,-4.058887954996105,-8.160107128844013,0.00028583177232981144,0.04837904553594008
26,ES,2017,0.00028,26.0,-8.180720954795024,-8.080754308309267,-0.0999666464857576,-8.080754308309267,0.020228418997948437,-4.058887954996105,-8.162859194528654,0.00028504622595102065,-0.017861760266370652
27,ES,2017,0.0003,27.0,-8.111728083308073,-8.03269252567724,-0.07903555763083325,-8.03269252567724,0.021844882459629948,-4.058887954996105,-8.121358455970936,0.0002971247552620949,0.009630372662863707
28,ES,2017,0.0003,28.0,-8.111728083308073,-8.025617186039081,-0.08611089726899124,-8.025617186039081,0.01993958347081985,-4.058887954996105,-8.106549721216432,0.0003015575378945842,-0.00517836209164102
29,ES,2017,0.00033,29.0,-8.016417903503749,-7.936879841552711,-0.07953806195103752,-7.936879841552711,0.019123715743917843,-4.058887954996105,-8.014500861040469,0.0003306332307841035,-0.0019170424632797278
30,ES,2017,0.00033,30.0,-8.016417903503749,-7.885998910298966,-0.130418993204783,-7.885998910298966,0.018652436174824778,-4.058887954996105,-7.961707058820296,0.00034855760098647076,-0.054710844683453
31,ES,2017,0.00032,31.0,-8.047189562170502,-7.836681246376088,-0.21050831579441365,-7.836681246376088,0.019107855853761156,-4.058887954996105,-7.914237892346721,0.0003655023342467854,-0.1329516698237807
32,ES,2017,0.00038,32.0,-7.875339305243843,-7.802351248446023,-0.07298805679782028,-7.802351248446023,0.018541998976225594,-4.058887954996105,-7.877611144752175,0.0003791376808830406,0.0022718395083316523
33,ES,2017,0.00041,33.0,-7.799353398265921,-7.710173145939573,-0.08918025232634808,-7.710173145939573,0.018290514561482833,-4.058887954996105,-7.784412295183856,0.0004161718445316381,-0.014941103082064977
34,ES,2017,0.00041,34.0,-7.799353398265921,-7.616350005870328,-0.1830033923955927,-7.616350005870328,0.017506366593865882,-4.058887954996105,-7.687406386373916,0.00045856597367735394,-0.11194701189200451
35,ES,2017,0.00047,35.0,-7.66277786326017,-7.557493238012394,-0.10528462524777638,-7.557493238012394,0.02028229426963641,-4.058887954996105,-7.639816797923108,0.0004809165488989422,-0.022961065337062436
36,ES,2017,0.00048,36.0,-7.641724454062337,-7.478957959096904,-0.1627664949654326,-7.478957959096904,0.02041717609479281,-4.058887954996105,-7.561828989223093,0.0005199234393628091,-0.07989546483924403
37,ES,2017,0.00056,37.0,-7.487573774235079,-7.380509472558332,-0.10706430167674696,-7.380509472558332,0.019651752990632196,-4.058887954996105,-7.460273736066568,0.0005754986151966013,-0.027300038168511342
38,ES,2017,0.00064,38.0,-7.354042381610556,-7.29185847180832,-0.062183909802236315,-7.29185847180832,0.0202674338985073,-4.058887954996105,-7.374121715137651,0.0006272773848148853,0.02007933352709479
39,ES,2017,0.0006,39.0,-7.418580902748128,-7.193465343122429,-0.2251155596256993,-7.193465343122429,0.020335399475374303,-4.058887954996105,-7.27600445111306,0.0006919447468595896,-0.14257645163506805
40,ES,2017,0.00074,40.0,-7.208860371766058,-7.077947167903955,-0.1309132038621037,-7.077947167903955,0.020319399669134045,-4.058887954996105,-7.160421334473755,0.0007767272223090634,-0.04843903729230359
41,ES,2017,0.00073,41.0,-7.222466023821838,-6.985908311238438,-0.23655771258339975,-6.985908311238438,0.020495343107482796,-4.058887954996105,-7.069096612510912,0.0008510015461662741,-0.1533694113109254
42,ES,2017,0.00083,42.0,-7.09408485717363,-6.886627376331624,-0.207457480842006,-6.886627376331624,0.020240987592618713,-4.058887954996105,-6.96878327706853,0.0009407968988944108,-0.12530158010510029
43,ES,2017,0.00097,43.0,-6.938214486466846,-6.766647604902495,-0.17156688156435074,-6.766647604902495,0.01964334143697972,-4.058887954996105,-6.846377726856928,0.0010633002896964494,-0.09183675960991788
44,ES,2017,0.00104,44.0,-6.868534565828856,-6.673177437295879,-0.1953571285329767,-6.673177437295879,0.02027819283182161,-4.058887954996105,-6.7554843499300485,0.0011644756839914725,-0.1130502158988076
45,ES,2017,0.0012,45.0,-6.725433722188183,-6.552189371118781,-0.1732443510694015,-6.552189371118781,0.019317153767295814,-4.058887954996105,-6.630595533869666,0.001319377118247738,-0.09483818831851654
46,ES,2017,0.00134,46.0,-6.615085665019317,-6.454873535849522,-0.16021212916979444,-6.454873535849522,0.018954085157196654,-4.058887954996105,-6.531806043792038,0.0014563731993858578,-0.08327962122727861
47,ES,2017,0.00164,47.0,-6.41305903714603,-6.3305299101334835,-0.08252912701254633,-6.3305299101334835,0.01798657493397922,-4.058887954996105,-6.403535402484646,0.0016556933711965593,-0.009523634661383618
48,ES,2017,0.00182,48.0,-6.3089187778934335,-6.220814296334984,-0.08810448155844952,-6.220814296334984,0.017220232470692053,-4.058887954996105,-6.290709290492509,0.0018534448497073992,-0.01820948740092465
49,ES,2017,0.00196,49.0,-6.234810805739711,-6.12266281679637,-0.11214798894334077,-6.12266281679637,0.016495468408212678,-4.058887954996105,-6.189616074830483,0.002050613884450034,-0.045194730909227765
50,ES,2017,0.00229,50.0,-6.079203461415989,-6.01252289613826,-0.06668056527772848,-6.01252289613826,0.015773513858200243,-4.058887954996105,-6.076545821545273,0.002296094089664869,-0.0026576398707156557
51,ES,2017,0.00257,51.0,-5.9638493800750085,-5.903208218347992,-0.06064116172701617,-5.903208218347992,0.015010303509196268,-4.058887954996105,-5.964133358462305,0.0025692702791620266,0.00028397838729610214
52,ES,2017,0.00284,52.0,-5.863951226809022,-5.8081042393910085,-0.05584698741801386,-5.8081042393910085,0.01375066533335655,-4.058887954996105,-5.863916649285752,0.002840098201863867,-3.4577523270407085e-05
53,ES,2017,0.00297,53.0,-5.819193326167529,-5.720911168614,-0.09828215755352865,-5.720911168614,0.01295815778978835,-4.058887954996105,-5.773506879185911,0.0031088360627716132,-0.045686446981617834
54,ES,2017,0.00338,54.0,-5.68987956948721,-5.6236754556493525,-0.06620411383785729,-5.6236754556493525,0.012093797968350164,-4.058887954996105,-5.672762826553245,0.0034383525693966782,-0.0171167429339647
55,ES,2017,0.00371,55.0,-5.596723402362794,-5.5475059250876795,-0.04921747727511416,-5.5475059250876795,0.011123008713019614,-4.058887954996105,-5.592652971176271,0.003725132075845853,-0.004070431186522505
56,ES,2017,0.00414,56.0,-5.487059491144914,-5.447873319087934,-0.03918617205698016,-5.447873319087934,0.0097378469097369,-4.058887954996105,-5.487398148617461,0.004138598195442846,0.00033865747254679945
57,ES,2017,0.0045,57.0,-5.403677882205863,-5.361624095608647,-0.042053786597215925,-5.361624095608647,0.009929976269879456,-4.058887954996105,-5.401928756683858,0.004507877952604495,-0.001749125522005457
58,ES,2017,0.00485,58.0,-5.328776574032745,-5.289540248432316,-0.03923632560042911,-5.289540248432316,0.00935670774989911,-4.058887954996105,-5.3275180768168005,0.0048561075538609945,-0.0012584972159448427
59,ES,2017,0.0053,59.0,-5.240048458424061,-5.19930701899836,-0.040741439425700854,-5.19930701899836,0.008908196402758034,-4.058887954996105,-5.2354643900782545,0.005324351333679138,-0.004584068345806713
60,ES,2017,0.00572,60.0,-5.163786473590431,-5.110907651640006,-0.052878821950424815,-5.110907651640006,0.008778985536951035,-4.058887954996105,-5.146540570293022,0.005819502102523005,-0.01724590329740927
61,ES,2017,0.00618,61.0,-5.086437007512537,-5.045809169822402,-0.04062783769013567,-5.045809169822402,0.00800832928859658,-4.058887954996105,-5.078314081111529,0.006230404122500441,-0.008122926401008534
62,ES,2017,0.00673,62.0,-5.001180135325501,-4.960413731356616,-0.040766403968884646,-4.960413731356616,0.007443410213112718,-4.058887954996105,-4.990625699414714,0.006801407523871204,-0.01055443591078653
63,ES,2017,0.0075,63.0,-4.892852258439873,-4.885391394955979,-0.0074608634838932986,-4.885391394955979,0.007222264733534511,-4.058887954996105,-4.914705758290716,0.00733787668417281,0.021853499850843505
64,ES,2017,0.00769,64.0,-4.867834495464584,-4.809747994957796,-0.05808650050678832,-4.809747994957796,0.007559181092484768,-4.058887954996105,-4.840429864043717,0.007903655823805231,-0.027404631420867354
65,ES,2017,0.00863,65.0,-4.7525107738868,-4.723216287999865,-0.029294485886935284,-4.723216287999865,0.007919647211399497,-4.058887954996105,-4.755361248674032,0.008605435429563216,0.0028504747872322156
66,ES,2017,0.00931,66.0,-4.6766661876931614,-4.644559039801131,-0.032107147892030063,-4.644559039801131,0.007934399503536919,-4.058887954996105,-4.676763878376164,0.00930909054416465,9.769068300258255e-05
67,ES,2017,0.0101,67.0,-4.595219855134923,-4.557414841927601,-0.03780501320732199,-4.557414841927601,0.008404693358453006,-4.058887954996105,-4.591528550565662,0.010137351070827458,-0.0036913045692612556
68,ES,2017,0.01093,68.0,-4.51624397679369,-4.4797090952454734,-0.03653488154821627,-4.4797090952454734,0.009200825359483569,-4.058887954996105,-4.517054214473104,0.010921147688886294,0.0008102376794143495
69,ES,2017,0.01163,69.0,-4.454167312451564,-4.382229805038305,-0.0719375074132591,-4.382229805038305,0.009487510691631477,-4.058887954996105,-4.420738547907465,0.012025347708898225,-0.03342876454409893
70,ES,2017,0.01296,70.0,-4.345887588058009,-4.295870935322768,-0.05001665273524036,-4.295870935322768,0.009992018752246168,-4.058887954996105,-4.336427419882356,0.013083185538809555,-0.009460168175652761
71,ES,2017,0.01411,71.0,-4.260871513117414,-4.202390723867514,-0.05848078924990041,-4.202390723867514,0.010527324752195758,-4.058887954996105,-4.245119955502534,0.014334014132010457,-0.01575155761488034
72,ES,2017,0.01538,72.0,-4.174687314904639,-4.105247951290851,-0.069439363613788,-4.105247951290851,0.011559102396732036,-4.058887954996105,-4.152165052779513,0.015730322611961473,-0.022522262125125536
73,ES,2017,0.01713,73.0,-4.066923966646108,-4.0058509251784455,-0.06107304146766257,-4.0058509251784455,0.01169743913549465,-4.058887954996105,-4.053329519989805,0.017364462957412317,-0.013594446656303383
74,ES,2017,0.01934,74.0,-3.945579788956989,-3.8921275147904475,-0.053452274166541525,-3.8921275147904475,0.012327970030389813,-4.058887954996105,-3.9421653638563496,0.019406147845614303,-0.0034144251006393844
75,ES,2017,0.02072,75.0,-3.8766558615908546,-3.783491560567625,-0.0931643010232297,-3.783491560567625,0.012695972475206428,-4.058887954996105,-3.8350230903242024,0.021600839694025823,-0.04163277126665221
76,ES,2017,0.02334,76.0,-3.7575866521237273,-3.675502488423401,-0.08208416370032623,-3.675502488423401,0.01295867437417588,-4.058887954996105,-3.7281002957534604,0.02403845844985013,-0.029486356370266975
77,ES,2017,0.02646,77.0,-3.632121120295327,-3.556312797152416,-0.07580832314291097,-3.556312797152416,0.013218506789362525,-4.058887954996105,-3.609965235142794,0.027052787336291434,-0.022155885152533195
78,ES,2017,0.03013,78.0,-3.5022339258399273,-3.4390698671831883,-0.06316405865673902,-3.4390698671831883,0.013120427703430103,-4.058887954996105,-3.492324213153038,0.0304300639614995,-0.00990971268688945
79,ES,2017,0.03435,79.0,-3.3711532603137786,-3.311352573991767,-0.05980068632201174,-3.311352573991767,0.012917105267199382,-4.058887954996105,-3.3637816569742194,0.03460415017095134,-0.007371603339559218
80,ES,2017,0.03857,80.0,-3.2552805067620008,-3.184564341600823,-0.07071616516117762,-3.184564341600823,0.013361763206868073,-4.058887954996105,-3.23879824133869,0.039210988941181454,-0.01648226542331077
81,ES,2017,0.04409,81.0,-3.121522279612291,-3.057863262918503,-0.0636590166937876,-3.057863262918503,0.01261299801953086,-4.058887954996105,-3.109058008656367,0.044642988848615145,-0.01246427095592395
82,ES,2017,0.05015,82.0,-2.9927367645741927,-2.9290846642073762,-0.06365210036681646,-2.9290846642073762,0.01222347467468327,-4.058887954996105,-2.978698378332648,0.050858989963768884,-0.014038386241544742
83,ES,2017,0.05728,83.0,-2.8598037563297467,-2.7973309766042154,-0.062472779725531336,-2.7973309766042154,0.011605682635583328,-4.058887954996105,-2.844437142063292,0.05816699728370978,-0.015366614266454803
84,ES,2017,0.06635,84.0,-2.7128115182039205,-2.666186175006246,-0.04662534319767442,-2.666186175006246,0.010462248076074009,-4.058887954996105,-2.708651267704404,0.06662660760014327,-0.004160250499516405
85,ES,2017,0.07617,85.0,-2.5747875945974403,-2.530191560187631,-0.044596034409809526,-2.530191560187631,0.009737743869726704,-4.058887954996105,-2.569715971489302,0.07655728678833124,-0.005071623108138468
20,ES,2018,0.00022,20.0,-8.421883011611913,-8.188265254489172,-0.23361775712274024,-8.188265254489172,0.027065368019014283,-5.630771319791727,-8.340664152490247,0.00023861381434020891,-0.08121885912166604
21,ES,2018,0.00024,21.0,-8.334871634622283,-8.18419600720037,-0.1506756274219132,-8.18419600720037,0.023695264288118734,-5.630771319791727,-8.317618621768794,0.0002441766493739846,-0.017253012853489125
22,ES,2018,0.00022,22.0,-8.421883011611913,-8.164730480475352,-0.2571525311365601,-8.164730480475352,0.024368876838677903,-5.630771319791727,-8.301946053274117,0.00024803367039971365,-0.11993695833779583
23,ES,2018,0.00026,23.0,-8.254828926948747,-8.14178359403389,-0.11304533291485619,-8.14178359403389,0.023859905728048508,-5.630771319791727,-8.27613326690032,0.00025451945856001763,0.021304339951573326
24,ES,2018,0.00029,24.0,-8.145629634983754,-8.1084794375383,-0.037150197445454225,-8.1084794375383,0.022773052801918214,-5.630771319791727,-8.236709290119444,0.00026475404630135784,0.09107965513569027
25,ES,2018,0.00025,25.0,-8.294049640102028,-8.072934190365274,-0.2211154497367538,-8.072934190365274,0.021477049735121993,-5.630771319791727,-8.19386654604754,0.00027634332170640817,-0.10018309405448811
26,ES,2018,0.00032,26.0,-8.047189562170502,-8.080754308309267,0.033564746138765145,-8.080754308309267,0.020228418997948437,-5.630771319791727,-8.194655909847645,0.0002761252723633033,0.14746634767714362
27,ES,2018,0.00025,27.0,-8.294049640102028,-8.03269252567724,-0.26135711442478815,-8.03269252567724,0.021844882459629948,-5.630771319791727,-8.155696063315146,0.0002870953798867724,-0.13835357678688176
28,ES,2018,0.00034,28.0,-7.986564940354067,-8.025617186039081,0.03905224568501442,-8.025617186039081,0.01993958347081985,-5.630771319791727,-8.137892420775167,0.00029225249490124196,0.15132748042109956
29,ES,2018,0.00037,29.0,-7.902007552326004,-7.936879841552711,0.03487228922670749,-7.936879841552711,0.019123715743917843,-5.630771319791727,-8.044561111691413,0.0003208422105227491,0.14255355936540948
30,ES,2018,0.00037,30.0,-7.902007552326004,-7.885998910298966,-0.016008642027038,-7.885998910298966,0.018652436174824778,-5.630771319791727,-7.991026512956415,0.00033848644424533457,0.08901896063041104
31,ES,2018,0.00037,31.0,-7.902007552326004,-7.836681246376088,-0.06532630594991584,-7.836681246376088,0.019107855853761156,-5.630771319791727,-7.9442732131001605,0.00035468757971754666,0.04226566077415672
32,ES,2018,0.00035,32.0,-7.957577403480815,-7.802351248446023,-0.15522615503479198,-7.802351248446023,0.018541998976225594,-5.630771319791727,-7.906757004492961,0.00036824686919915587,-0.05082039898785329
33,ES,2018,0.00038,33.0,-7.875339305243843,-7.710173145939573,-0.16516615930427037,-7.710173145939573,0.018290514561482833,-5.630771319791727,-7.813162850756603,0.0004043770388446845,-0.06217645448723985
34,ES,2018,0.00046,34.0,-7.6842840684811335,-7.616350005870328,-0.06793406261080559,-7.616350005870328,0.017506366593865882,-5.630771319791727,-7.714924352800828,0.0004461192108309737,0.03064028431969401
35,ES,2018,0.00048,35.0,-7.641724454062337,-7.557493238012394,-0.08423121604994321,-7.557493238012394,0.02028229426963641,-5.630771319791727,-7.671698198885439,0.00046582608628902987,0.02997374482310189
36,ES,2018,0.00049,36.0,-7.621105166859602,-7.478957959096904,-0.1421472077626973,-7.478957959096904,0.02041717609479281,-5.630771319791727,-7.593922408682601,0.0005035022340964154,-0.027182758177001
37,ES,2018,0.0005,37.0,-7.600902459542082,-7.380509472558332,-0.2203929869837502,-7.380509472558332,0.019651752990632196,-5.630771319791727,-7.491163999681615,0.0005579930785558795,-0.10973845986046715
38,ES,2018,0.00056,38.0,-7.487573774235079,-7.29185847180832,-0.19571530242675905,-7.29185847180832,0.0202674338985073,-5.630771319791727,-7.40597975732981,0.0006076085246348453,-0.08159401690526913
39,ES,2018,0.00063,39.0,-7.369790738578696,-7.193465343122429,-0.17632539545626713,-7.193465343122429,0.020335399475374303,-5.630771319791727,-7.307969327264875,0.0006701765805357205,-0.06182141131382135
40,ES,2018,0.00071,40.0,-7.250245587928913,-7.077947167903955,-0.17229842002495843,-7.077947167903955,0.020319399669134045,-5.630771319791727,-7.1923610607963,0.0007523107704566304,-0.05788452713261272
41,ES,2018,0.00078,41.0,-7.156216638280637,-6.985908311238438,-0.170308327042199,-6.985908311238438,0.020495343107482796,-5.630771319791727,-7.1013129013973435,0.0008240223526689214,-0.05490373688329342
42,ES,2018,0.00083,42.0,-7.09408485717363,-6.886627376331624,-0.207457480842006,-6.886627376331624,0.020240987592618713,-5.630771319791727,-7.000599748752402,0.0009113352294518734,-0.0934851084212287
43,ES,2018,0.00098,43.0,-6.927957986299656,-6.766647604902495,-0.16131038139716125,-6.766647604902495,0.01964334143697972,-5.630771319791727,-6.877254768490717,0.0010309704163501984,-0.05070321780893927
44,ES,2018,0.00095,44.0,-6.959048573369688,-6.673177437295879,-0.28587113607380843,-6.673177437295879,0.02027819283182161,-5.630771319791727,-6.787359303910507,0.0011279434006312543,-0.17168926945918095
45,ES,2018,0.00114,45.0,-6.776727016575733,-6.552189371118781,-0.22453764545695165,-6.552189371118781,0.019317153767295814,-5.630771319791727,-6.660959846531677,0.0012799172564587629,-0.11576717004405612
46,ES,2018,0.00132,46.0,-6.630123542383857,-6.454873535849522,-0.17525000653433498,-6.454873535849522,0.018954085157196654,-5.630771319791727,-6.561599654945555,0.0014136225923544407,-0.06852388743830229
47,ES,2018,0.00152,47.0,-6.489044944123952,-6.3305299101334835,-0.15851503399046862,-6.3305299101334835,0.01798657493397922,-5.630771319791727,-6.431808200413019,0.00160953783465923,-0.05723674371093335
48,ES,2018,0.00169,48.0,-6.383026750047155,-6.220814296334984,-0.1622124537121712,-6.220814296334984,0.017220232470692053,-5.630771319791727,-6.317777487451103,0.0018039483520219935,-0.06524926259605213
49,ES,2018,0.00195,49.0,-6.239925906406482,-6.12266281679637,-0.11726308961011167,-6.12266281679637,0.016495468408212678,-5.630771319791727,-6.215545027215865,0.0019981270199741262,-0.024380879190617044
50,ES,2018,0.00218,50.0,-6.12843040218114,-6.01252289613826,-0.11590750604287958,-6.01252289613826,0.015773513858200243,-5.630771319791727,-6.1013399455833515,0.0022398644113751135,-0.027090456597788304
51,ES,2018,0.00244,51.0,-6.0157572396770265,-5.903208218347992,-0.1125490213290341,-5.903208218347992,0.015010303509196268,-5.630771319791727,-5.9877278048489435,0.0025093593314617422,-0.028029434828082955
52,ES,2018,0.00262,52.0,-5.944580961209131,-5.8081042393910085,-0.13647672181812265,-5.8081042393910085,0.01375066533335655,-5.630771319791727,-5.885531091378127,0.0027793697339820616,-0.059049869831004465
53,ES,2018,0.00299,53.0,-5.812481891579542,-5.720911168614,-0.09157072296554158,-5.720911168614,0.01295815778978835,-5.630771319791727,-5.793875591854076,0.003046153621741151,-0.018606299725465902
54,ES,2018,0.00346,54.0,-5.666486689912504,-5.6236754556493525,-0.042811234263151476,-5.6236754556493525,0.012093797968350164,-5.630771319791727,-5.691772866396894,0.003373606710552611,0.025286176484390133
55,ES,2018,0.00374,55.0,-5.588669667555696,-5.5475059250876795,-0.041163742468016906,-5.5475059250876795,0.011123008713019614,-5.630771319791727,-5.610137043538744,0.0036605676662082114,0.02146737598304771
56,ES,2018,0.00407,56.0,-5.504112279527633,-5.447873319087934,-0.05623896043969889,-5.447873319087934,0.0097378469097369,-5.630771319791727,-5.502704908183803,0.004075732033973449,-0.001407371343829844
57,ES,2018,0.00444,57.0,-5.417100902538004,-5.361624095608647,-0.05547680692935675,-5.361624095608647,0.009929976269879456,-5.630771319791727,-5.417537521195297,0.004438061836311622,0.00043661865729305305
58,ES,2018,0.00491,58.0,-5.316481337175707,-5.289540248432316,-0.026941088743391184,-5.289540248432316,0.00935670774989911,-5.630771319791727,-5.3422257300781215,0.004785208266867954,0.025744392902414148
59,ES,2018,0.00526,59.0,-5.2476242522325185,-5.19930701899836,-0.04831723323415815,-5.19930701899836,0.008908196402758034,-5.630771319791727,-5.2494670358140825,0.005250315883966473,0.0018427835815639781
60,ES,2018,0.00579,60.0,-5.151622987397233,-5.110907651640006,-0.04071533575722697,-5.110907651640006,0.008778985536951035,-5.630771319791727,-5.1603401116183365,0.005739747198932644,0.00871712422110349
61,ES,2018,0.00639,61.0,-5.053021010592694,-5.045809169822402,-0.007211840770292355,-5.045809169822402,0.00800832928859658,-5.630771319791727,-5.090902240700079,0.006152466376673125,0.0378812301073852
62,ES,2018,0.00693,62.0,-4.971895465780325,-4.960413731356616,-0.011481734423709256,-4.960413731356616,0.007443410213112718,-5.630771319791727,-5.002325872106056,0.006722293607058807,0.030430406325730353
63,ES,2018,0.00743,63.0,-4.902229420252469,-4.885391394955979,-0.016838025296490144,-4.885391394955979,0.007222264733534511,-5.630771319791727,-4.926058316081509,0.007255044085609226,0.023828895829039354
64,ES,2018,0.00802,64.0,-4.825816857103714,-4.809747994957796,-0.01606886214591796,-4.809747994957796,0.007559181092484768,-5.630771319791727,-4.852312015054471,0.00781029912932242,0.026495157950757076
65,ES,2018,0.00849,65.0,-4.768866278658881,-4.723216287999865,-0.045649990659016204,-4.723216287999865,0.007919647211399497,-5.630771319791727,-4.767810010380681,0.008498972455507767,-0.0010562682781998234
66,ES,2018,0.00941,66.0,-4.6659823253848485,-4.644559039801131,-0.02142328558371709,-4.644559039801131,0.007934399503536919,-5.630771319791727,-4.689235828965416,0.009193709038709004,0.02325350358056788
67,ES,2018,0.01001,67.0,-4.604170685655008,-4.557414841927601,-0.046755843727407154,-4.557414841927601,0.008404693358453006,-5.630771319791727,-4.6047397482420225,0.010004305303976887,0.0005690625870142796
68,ES,2018,0.0106,68.0,-4.546901277864116,-4.4797090952454734,-0.06719218261864235,-4.4797090952454734,0.009200825359483569,-5.630771319791727,-4.5315168387980655,0.01076433592082772,-0.015384439066050248
69,ES,2018,0.01192,69.0,-4.429537617344933,-4.382229805038305,-0.04730781230662817,-4.382229805038305,0.009487510691631477,-5.630771319791727,-4.435651808136961,0.01184734119700334,0.006114190792027685
70,ES,2018,0.01288,70.0,-4.352079558305929,-4.295870935322768,-0.05620862298316087,-4.295870935322768,0.009992018752246168,-5.630771319791727,-4.352133707939737,0.012879302571599471,5.414963380800941e-05
71,ES,2018,0.0143,71.0,-4.247495741716276,-4.202390723867514,-0.045105017848761975,-4.202390723867514,0.010527324752195758,-5.630771319791727,-4.261667682156311,0.014098770525734218,0.014171940440035335
72,ES,2018,0.01512,72.0,-4.19173690823075,-4.105247951290851,-0.086488956939899,-4.105247951290851,0.011559102396732036,-5.630771319791727,-4.1703346135489054,0.015447090453279997,-0.021402294681844403
73,ES,2018,0.01672,73.0,-4.0911496713255815,-4.0058509251784455,-0.08529874614713595,-4.0058509251784455,0.01169743913549465,-5.630771319791727,-4.071716529977598,0.017048099802833918,-0.01943314134798335
74,ES,2018,0.01869,74.0,-3.9797666575146655,-3.8921275147904475,-0.08763914272421802,-3.8921275147904475,0.012327970030389813,-5.630771319791727,-3.961543494868818,0.019033713168597137,-0.018223162645847335
75,ES,2018,0.02051,75.0,-3.886842706897848,-3.783491560567625,-0.10335114633022302,-3.783491560567625,0.012695972475206428,-5.630771319791727,-3.8549796782578825,0.02117403359899479,-0.031863028639965485
76,ES,2018,0.02359,76.0,-3.7469323855625536,-3.675502488423401,-0.07142989713915249,-3.675502488423401,0.01295867437417588,-5.630771319791727,-3.748469820432031,0.02355375977705868,0.0015374348694772166
77,ES,2018,0.02578,77.0,-3.6581562814710957,-3.556312797152416,-0.10184348431867951,-3.556312797152416,0.013218506789362525,-5.630771319791727,-3.630743186072431,0.02649648527091666,-0.027413095398664655
78,ES,2018,0.02967,78.0,-3.5176188446794066,-3.4390698671831883,-0.07854897749621825,-3.4390698671831883,0.013120427703430103,-5.630771319791727,-3.512947995199063,0.029808908261327115,-0.004670849480343353
79,ES,2018,0.03375,79.0,-3.388774861663598,-3.311352573991767,-0.07742228767183112,-3.311352573991767,0.012917105267199382,-5.630771319791727,-3.384085839865044,0.033908626095669844,-0.004689021798554016
80,ES,2018,0.03903,80.0,-3.2434246977896133,-3.184564341600823,-0.05886035618879015,-3.184564341600823,0.013361763206868073,-5.630771319791727,-3.259801374647904,0.03839602368392496,0.016376676858290917
81,ES,2018,0.04372,81.0,-3.1299496156737994,-3.057863262918503,-0.07208635275529618,-3.057863262918503,0.01261299801953086,-5.630771319791727,-3.1288841704234676,0.04376660609005431,-0.001065445250331809
82,ES,2018,0.04919,82.0,-3.0120649281748886,-2.9290846642073762,-0.08298026396751235,-2.9290846642073762,0.01222347467468327,-5.630771319791727,-2.9979122548337833,0.04989111965768388,-0.01415267334110526
83,ES,2018,0.05611,83.0,-2.8804412292192563,-2.7973309766042154,-0.0831102526150409,-2.7973309766042154,0.011605682635583328,-5.630771319791727,-2.8626799215352627,0.057115489949476406,-0.017761307683993532
84,ES,2018,0.06538,84.0,-2.7275388776860727,-2.666186175006246,-0.06135270267982662,-2.666186175006246,0.010462248076074009,-5.630771319791727,-2.7250967014135496,0.06553986461402543,-0.002442176272523078
85,ES,2018,0.07398,85.0,-2.603960492577829,-2.530191560187631,-0.07376893239019822,-2.530191560187631,0.009737743869726704,-5.630771319791727,-2.585022569088766,0.07539437799951652,-0.018937923489063202
20,ES,2019,0.00021,20.0,-8.468403027246806,-8.188265254489172,-0.28013777275763374,-8.188265254489172,0.027065368019014283,-7.34031727969481,-8.386933643040441,0.00022782480054878696,-0.08146938420636474
21,ES,2019,0.00022,21.0,-8.421883011611913,-8.18419600720037,-0.23768700441154245,-8.18419600720037,0.023695264288118734,-7.34031727969481,-8.358126765101384,0.00023448316467135615,-0.06375624651052902
22,ES,2019,0.00022,22.0,-8.421883011611913,-8.164730480475352,-0.2571525311365601,-8.164730480475352,0.024368876838677903,-7.34031727969481,-8.343605768221055,0.00023791293555378725,-0.07827724339085762
23,ES,2019,0.00025,23.0,-8.294049640102028,-8.14178359403389,-0.15226604606813687,-8.14178359403389,0.023859905728048508,-7.34031727969481,-8.316922872341374,0.00024434659425064586,0.022873232239346564
24,ES,2019,0.00026,24.0,-8.254828926948747,-8.1084794375383,-0.14634948941044712,-8.1084794375383,0.022773052801918214,-7.34031727969481,-8.275640870531623,0.0002546448138768941,0.02081194358287597
25,ES,2019,0.0003,25.0,-8.111728083308073,-8.072934190365274,-0.03879389294279889,-8.072934190365274,0.021477049735121993,-7.34031727969481,-8.230582549652855,0.00026638110482360606,0.11885446634478214
26,ES,2019,0.00026,26.0,-8.254828926948747,-8.080754308309267,-0.17407461863948015,-8.080754308309267,0.020228418997948437,-7.34031727969481,-8.229237321820815,0.00026673968923453354,-0.025591605127932127
27,ES,2019,0.0003,27.0,-8.111728083308073,-8.03269252567724,-0.07903555763083325,-8.03269252567724,0.021844882459629948,-7.34031727969481,-8.193040893868563,0.00027657157938988056,0.08131281056049033
28,ES,2019,0.00028,28.0,-8.180720954795024,-8.025617186039081,-0.1551037687559429,-8.025617186039081,0.01993958347081985,-7.34031727969481,-8.171980055139857,0.0002824581796029974,-0.008740899655167667
29,ES,2019,0.0003,29.0,-8.111728083308073,-7.936879841552711,-0.1748482417553614,-7.936879841552711,0.019123715743917843,-7.34031727969481,-8.077253982679764,0.00031052256606933055,-0.03447410062830869
30,ES,2019,0.00033,30.0,-8.016417903503749,-7.885998910298966,-0.130418993204783,-7.885998910298966,0.018652436174824778,-7.34031727969481,-8.022913709861436,0.0003278633311087926,0.006495806357687428
31,ES,2019,0.00037,31.0,-7.902007552326004,-7.836681246376088,-0.06532630594991584,-7.836681246376088,0.019107855853761156,-7.34031727969481,-7.976938970877368,0.00034328863236597634,0.07493141855136454
32,ES,2019,0.00036,32.0,-7.929406526514119,-7.802351248446023,-0.12705527806809602,-7.802351248446023,0.018541998976225594,-7.34031727969481,-7.938455403931295,0.00035675709856654715,0.009048877417176193
33,ES,2019,0.00035,33.0,-7.957577403480815,-7.710173145939573,-0.24740425754124207,-7.710173145939573,0.018290514561482833,-7.34031727969481,-7.844431326029735,0.00039192842425582355,-0.11314607745107974
34,ES,2019,0.00041,34.0,-7.799353398265921,-7.616350005870328,-0.1830033923955927,-7.616350005870328,0.017506366593865882,-7.34031727969481,-7.744852291083953,0.00043296559470106075,-0.054501107181967434
35,ES,2019,0.00042,35.0,-7.77525584668686,-7.557493238012394,-0.21776260867446595,-7.557493238012394,0.02028229426963641,-7.34031727969481,-7.706371713111661,0.0004499510706,-0.06888413357519863
36,ES,2019,0.00044,36.0,-7.728735831051967,-7.478957959096904,-0.24977787195506274,-7.478957959096904,0.02041717609479281,-7.34031727969481,-7.628826509588084,0.00048623111122880275,-0.09990932146388332
37,ES,2019,0.00052,37.0,-7.5616817463888015,-7.380509472558332,-0.18117227383046952,-7.380509472558332,0.019651752990632196,-7.34031727969481,-7.524759574611764,0.0005395583763320694,-0.036922171777037605
38,ES,2019,0.00057,38.0,-7.469874197135678,-7.29185847180832,-0.17801572532735843,-7.29185847180832,0.0202674338985073,-7.34031727969481,-7.4406278670686055,0.0005869165762452699,-0.02924633006707289
39,ES,2019,0.00065,39.0,-7.338538195074591,-7.193465343122429,-0.14507285195216202,-7.193465343122429,0.020335399475374303,-7.34031727969481,-7.3427336272810155,0.0006472786816108714,0.004195432206424599
40,ES,2019,0.00063,40.0,-7.369790738578696,-7.077947167903955,-0.2918435706747413,-7.077947167903955,0.020319399669134045,-7.34031727969481,-7.2270980084083245,0.0007266264703521965,-0.14269273017037154
41,ES,2019,0.00068,41.0,-7.293417759794122,-6.985908311238438,-0.30750944855568374,-6.985908311238438,0.020495343107482796,-7.34031727969481,-7.136350632403568,0.0007956504255968898,-0.15706712739055373
42,ES,2019,0.00079,42.0,-7.143477612503207,-6.886627376331624,-0.25685023617158276,-6.886627376331624,0.020240987592618713,-7.34031727969481,-7.035202647315812,0.0008803397483628202,-0.10827496518739554
43,ES,2019,0.00088,43.0,-7.035588650492022,-6.766647604902495,-0.2689410455895267,-6.766647604902495,0.01964334143697972,-7.34031727969481,-6.9108359634833025,0.0009969240559381503,-0.12475268700871922
44,ES,2019,0.00091,44.0,-7.002065958453378,-6.673177437295879,-0.32888852115749856,-6.673177437295879,0.02027819283182161,-7.34031727969481,-6.8220258065402835,0.001089511545535509,-0.18004015191309453
45,ES,2019,0.00111,45.0,-6.803395263657894,-6.552189371118781,-0.2512058925391125,-6.552189371118781,0.019317153767295814,-7.34031727969481,-6.693983408711384,0.001238340120371051,-0.10941185494650973
46,ES,2019,0.00125,46.0,-6.684611727667927,-6.454873535849522,-0.22973819181840494,-6.454873535849522,0.018954085157196654,-7.34031727969481,-6.594002534649699,0.001368551312642085,-0.09060919301822778
47,ES,2019,0.00149,47.0,-6.508979159024769,-6.3305299101334835,-0.17844924889128588,-6.3305299101334835,0.01798657493397922,-7.34031727969481,-6.462557076923897,0.0015607995188545614,-0.04642208210087251
48,ES,2019,0.00167,48.0,-6.394931652553473,-6.220814296334984,-0.17411735621848923,-6.220814296334984,0.017220232470692053,-7.34031727969481,-6.3472162662999665,0.001751616389337317,-0.047715386253506686
49,ES,2019,0.00191,49.0,-6.260652036923599,-6.12266281679637,-0.13798922012722858,-6.12266281679637,0.016495468408212678,-7.34031727969481,-6.243744788589834,0.0019425673809237677,-0.01690724833376489
50,ES,2019,0.00207,50.0,-6.18020667170486,-6.01252289613826,-0.16768377556659964,-6.01252289613826,0.015773513858200243,-7.34031727969481,-6.128305492473113,0.00218027232017086,-0.05190117923174675
51,ES,2019,0.00239,51.0,-6.036461913038718,-5.903208218347992,-0.13325369469072523,-5.903208218347992,0.015010303509196268,-7.34031727969481,-6.0133886085700095,0.002445786310012768,-0.023073304468708145
52,ES,2019,0.00266,52.0,-5.9294291561885295,-5.8081042393910085,-0.121324916797521,-5.8081042393910085,0.01375066533335655,-7.34031727969481,-5.9090384857447456,0.0027147959478651933,-0.020390670443783954
53,ES,2019,0.00293,53.0,-5.832752855953161,-5.720911168614,-0.11184168733916078,-5.720911168614,0.01295815778978835,-7.34031727969481,-5.816028158151395,0.0029794154418751073,-0.016724697801765664
54,ES,2019,0.00334,54.0,-5.701784471993528,-5.6236754556493525,-0.07810901634417533,-5.6236754556493525,0.012093797968350164,-7.34031727969481,-5.712447769853571,0.0033045738008841475,0.010663297860043386
55,ES,2019,0.00358,55.0,-5.632392478569528,-5.5475059250876795,-0.08488655348184881,-5.5475059250876795,0.011123008713019614,-7.34031727969481,-5.629152338146053,0.003591618515361927,-0.003240140423475424
56,ES,2019,0.00407,56.0,-5.504112279527633,-5.447873319087934,-0.05623896043969889,-5.447873319087934,0.0097378469097369,-7.34031727969481,-5.5193522050264985,0.004008443750937103,0.015239925498865325
57,ES,2019,0.00432,57.0,-5.444499876726118,-5.361624095608647,-0.08287578111747074,-5.361624095608647,0.009929976269879456,-7.34031727969481,-5.4345132720094025,0.004363358272992,-0.00998660471671542
58,ES,2019,0.00454,58.0,-5.39482826692888,-5.289540248432316,-0.1052880184965641,-5.289540248432316,0.00935670774989911,-7.34031727969481,-5.358221452009955,0.004709274334132677,-0.036606814918925146
59,ES,2019,0.00515,59.0,-5.268758564306492,-5.19930701899836,-0.06945154530813191,-5.19930701899836,0.008908196402758034,-7.34031727969481,-5.26469600698444,0.0051709647265761665,-0.004062557322051852
60,ES,2019,0.00563,60.0,-5.179645836830538,-5.110907651640006,-0.06873818519053199,-5.110907651640006,0.008778985536951035,-7.34031727969481,-5.175348190875079,0.005654247813667471,-0.004297645955459117
61,ES,2019,0.00622,61.0,-5.079985372231049,-5.045809169822402,-0.034176202408647605,-5.045809169822402,0.00800832928859658,-7.34031727969481,-5.104592847680973,0.0060688093420063795,0.024607475449923477
62,ES,2019,0.0067,62.0,-5.005647752585217,-4.960413731356616,-0.045234021228600874,-4.960413731356616,0.007443410213112718,-7.34031727969481,-5.0150507239637845,0.006637295358743555,0.009402971378567493
63,ES,2019,0.00717,63.0,-4.9378496243706085,-4.885391394955979,-0.05245822941462919,-4.885391394955979,0.007222264733534511,-7.34031727969481,-4.938405109578073,0.007166018277058956,0.0005554852074647343
64,ES,2019,0.00786,64.0,-4.845968672541022,-4.809747994957796,-0.03622067758322611,-4.809747994957796,0.007559181092484768,-7.34031727969481,-4.865234782551304,0.007710017801297189,0.01926611001028178
65,ES,2019,0.00845,65.0,-4.773588837613055,-4.723216287999865,-0.05037254961318993,-4.723216287999865,0.007919647211399497,-7.34031727969481,-4.781349011274787,0.00838468030643842,0.007760173661732317
66,ES,2019,0.00914,66.0,-4.695094893516078,-4.644559039801131,-0.05053585371494673,-4.644559039801131,0.007934399503536919,-7.34031727969481,-4.702800049580945,0.009069845496352475,0.0077051560648673245
67,ES,2019,0.00999,67.0,-4.606170686321675,-4.557414841927601,-0.048755844394073655,-4.557414841927601,0.008404693358453006,-7.34031727969481,-4.61910795781719,0.009861589092186667,0.012937271495514935
68,ES,2019,0.01022,68.0,-4.583408694206579,-4.4797090952454734,-0.10369959896110537,-4.4797090952454734,0.009200825359483569,-7.34031727969481,-4.547246072619145,0.010596345805606422,-0.036162621587433996
69,ES,2019,0.01143,69.0,-4.471513801175417,-4.382229805038305,-0.08928399613711235,-4.382229805038305,0.009487510691631477,-7.34031727969481,-4.4518711437093765,0.011656735124904201,-0.01964265746604088
70,ES,2019,0.01224,70.0,-4.403046001897957,-4.295870935322768,-0.10717506657518872,-4.295870935322768,0.009992018752246168,-7.34031727969481,-4.369215523228916,0.01266116906618523,-0.03383047866904132
71,ES,2019,0.01368,71.0,-4.291820366787733,-4.202390723867514,-0.08942964292021927,-4.202390723867514,0.010527324752195758,-7.34031727969481,-4.279664627655015,0.013847305311085318,-0.012155739132717613
72,ES,2019,0.01526,72.0,-4.182520253125826,-4.105247951290851,-0.07727230183497547,-4.105247951290851,0.011559102396732036,-7.34031727969481,-4.190095430351345,0.015144839526726028,0.007575177225518814
73,ES,2019,0.01655,73.0,-4.101369177159065,-4.0058509251784455,-0.0955182519806197,-4.0058509251784455,0.01169743913549465,-7.34031727969481,-4.091713839792895,0.016710569763597652,-0.00965533736617008
74,ES,2019,0.01838,74.0,-3.996492162054596,-3.8921275147904475,-0.1043646472641484,-3.8921275147904475,0.012327970030389813,-7.34031727969481,-3.9826187262280777,0.018636770778526778,-0.013873435826518232
75,ES,2019,0.02026,75.0,-3.8991067801615995,-3.783491560567625,-0.11561521959397458,-3.783491560567625,0.012695972475206428,-7.34031727969481,-3.8766840267099125,0.020719416426951364,-0.022422753451686983
76,ES,2019,0.02217,76.0,-3.809015255353917,-3.675502488423401,-0.13351276693051606,-3.675502488423401,0.01295867437417588,-7.34031727969481,-3.7706232698541027,0.023037700107637164,-0.038391985499814485
77,ES,2019,0.02489,77.0,-3.6932891626026363,-3.556312797152416,-0.13697636545022007,-3.556312797152416,0.013218506789362525,-7.34031727969481,-3.653340830950137,0.025904441695375133,-0.039948331652499114
78,ES,2019,0.02783,78.0,-3.5816407034443376,-3.4390698671831883,-0.1425708362611493,-3.4390698671831883,0.013120427703430103,-7.34031727969481,-3.535377969371663,0.029147737954899392,-0.04626273407267467
79,ES,2019,0.03084,79.0,-3.478942730287008,-3.311352573991767,-0.16759015629524132,-3.311352573991767,0.012917105267199382,-7.34031727969481,-3.4061682249882272,0.03316804969566775,-0.07277450529878093
80,ES,2019,0.03659,80.0,-3.3079802999510215,-3.184564341600823,-0.12341595835019836,-3.184564341600823,0.013361763206868073,-7.34031727969481,-3.282643922955387,0.03752890199634196,-0.025336376995634513
81,ES,2019,0.04164,81.0,-3.178694035235369,-3.057863262918503,-0.12083077231686579,-3.057863262918503,0.01261299801953086,-7.34031727969481,-3.150446670230022,0.04283299037184508,-0.02824736500534719
82,ES,2019,0.04732,82.0,-3.050822239871951,-2.9290846642073762,-0.12173757566457466,-2.9290846642073762,0.01222347467468327,-7.34031727969481,-3.0188088465798657,0.04885938273464009,-0.03201339329208519
83,ES,2019,0.05352,83.0,-2.927699863162164,-2.7973309766042154,-0.13036888655794865,-2.7973309766042154,0.011605682635583328,-7.34031727969481,-2.8825203693968415,0.055993460637452766,-0.04517949376532249
84,ES,2019,0.06157,84.0,-2.787580540059018,-2.666186175006246,-0.12139436505277201,-2.666186175006246,0.010462248076074009,-7.34031727969481,-2.742982395343506,0.06437805947234791,-0.044598144715512156
85,ES,2019,0.07079,85.0,-2.648037531196039,-2.530191560187631,-0.11784597100840832,-2.530191560187631,0.009737743869726704,-7.34031727969481,-2.601669689779828,0.07414966785459588,-0.046367841416210975
20,ES,2022,0.00025,20.0,-8.294049640102028,-8.188265254489172,-0.1057843856128553,-8.188265254489172,0.027065368019014283,-4.1311949658327105,-8.300077566597734,0.0002484975512507846,0.006027926495706382
21,ES,2022,0.00031,21.0,-8.078938260485081,-8.18419600720037,0.10525774671528865,-8.18419600720037,0.023695264288118734,-4.1311949658327105,-8.282085763741522,0.000253008932447975,0.2031475032564405
22,ES,2022,0.00028,22.0,-8.180720954795024,-8.164730480475352,-0.015990474319671932,-8.164730480475352,0.024368876838677903,-4.1311949658327105,-8.265403061794295,0.0002572652094441075,0.0846821069992707
23,ES,2022,0.00027,23.0,-8.2170885989659,-8.14178359403389,-0.07530500493200876,-8.14178359403389,0.023859905728048508,-4.1311949658327105,-8.240353516462848,0.000263790978515627,0.02326491749694881
24,ES,2022,0.00032,24.0,-8.047189562170502,-8.1084794375383,0.061289875367798174,-8.1084794375383,0.022773052801918214,-4.1311949658327105,-8.202559358630227,0.0002739515317545114,0.15536979645972515
25,ES,2022,0.00027,25.0,-8.2170885989659,-8.072934190365274,-0.14415440860062567,-8.072934190365274,0.021477049735121993,-4.1311949658327105,-8.161660070111948,0.0002853882368562806,-0.055428528853951775
26,ES,2022,0.00026,26.0,-8.254828926948747,-8.080754308309267,-0.17407461863948015,-8.080754308309267,0.020228418997948437,-4.1311949658327105,-8.164321851040347,0.0002846296059927225,-0.09050707590840013
27,ES,2022,0.00028,27.0,-8.180720954795024,-8.03269252567724,-0.1480284291177849,-8.03269252567724,0.021844882459629948,-4.1311949658327105,-8.12293799412367,0.00029665580583429306,-0.05778296067135358
28,ES,2022,0.0003,28.0,-8.111728083308073,-8.025617186039081,-0.08611089726899124,-8.025617186039081,0.01993958347081985,-4.1311949658327105,-8.107991492894534,0.00030112307405122195,-0.0037365904135384653
29,ES,2022,0.00034,29.0,-7.986564940354067,-7.936879841552711,-0.04968509880135574,-7.936879841552711,0.019123715743917843,-4.1311949658327105,-8.015883639762,0.0003301763541403934,0.029318699407933302
30,ES,2022,0.00035,30.0,-7.957577403480815,-7.885998910298966,-0.07157849318184883,-7.885998910298966,0.018652436174824778,-4.1311949658327105,-7.9630557607249175,0.00034808781755626473,0.005478357244102838
31,ES,2022,0.00035,31.0,-7.957577403480815,-7.836681246376088,-0.12089615710472668,-7.836681246376088,0.019107855853761156,-4.1311949658327105,-7.9156195242870036,0.0003649976932418836,-0.04195787919381111
32,ES,2022,0.00039,32.0,-7.849363818840582,-7.802351248446023,-0.04701257039455964,-7.802351248446023,0.018541998976225594,-4.1311949658327105,-7.878951861273081,0.00037862970533228044,0.029588042432498796
33,ES,2022,0.00047,33.0,-7.66277786326017,-7.710173145939573,0.047395282679402406,-7.710173145939573,0.018290514561482833,-4.1311949658327105,-7.785734827618461,0.00041562180756990886,0.1229569643582904
34,ES,2022,0.00054,34.0,-7.523941418405954,-7.616350005870328,0.09240858746437386,-7.616350005870328,0.017506366593865882,-4.1311949658327105,-7.688672219412928,0.00045798587295009925,0.16473080100697413
35,ES,2022,0.00048,35.0,-7.641724454062337,-7.557493238012394,-0.08423121604994321,-7.557493238012394,0.02028229426963641,-4.1311949658327105,-7.641283349994653,0.000480211776656827,-0.00044110406768371746
36,ES,2022,0.00052,36.0,-7.5616817463888015,-7.478957959096904,-0.08272378729189711,-7.478957959096904,0.02041717609479281,-4.1311949658327105,-7.563305294196232,0.0005191564401053399,0.0016235478074309029
37,ES,2022,0.00056,37.0,-7.487573774235079,-7.380509472558332,-0.10706430167674696,-7.380509472558332,0.019651752990632196,-4.1311949658327105,-7.461694695583019,0.0005746814356896305,-0.02587907865205974
38,ES,2022,0.00059,38.0,-7.435388021064509,-7.29185847180832,-0.143529549256189,-7.29185847180832,0.0202674338985073,-4.1311949658327105,-7.375587192700181,0.0006263587971311752,-0.05980082836432832
39,ES,2022,0.00065,39.0,-7.338538195074591,-7.193465343122429,-0.14507285195216202,-7.193465343122429,0.020335399475374303,-4.1311949658327105,-7.277474843063293,0.000690928064517744,-0.0610633520112982
40,ES,2022,0.00075,40.0,-7.195437351433918,-7.077947167903955,-0.11749018352996288,-7.077947167903955,0.020319399669134045,-4.1311949658327105,-7.161890569525824,0.0007755868653794728,-0.03354678190809324
41,ES,2022,0.00082,41.0,-7.106206217705975,-6.985908311238438,-0.12029790646753735,-6.985908311238438,0.020495343107482796,-4.1311949658327105,-7.070578569507085,0.0008497413324930536,-0.03562764819888997
42,ES,2022,0.00087,42.0,-7.047017346315645,-6.886627376331624,-0.16038996998402055,-6.886627376331624,0.020240987592618713,-4.1311949658327105,-6.970246842377733,0.0009394209883032905,-0.07677050393791163
43,ES,2022,0.00096,43.0,-6.9485772735023925,-6.766647604902495,-0.18192966859989745,-6.766647604902495,0.01964334143697972,-4.1311949658327105,-6.847798078159078,0.0010617911017876272,-0.10077919534331414
44,ES,2022,0.00103,44.0,-6.878196476740593,-6.673177437295879,-0.20501903944471334,-6.673177437295879,0.02027819283182161,-4.1311949658327105,-6.7569506054388855,0.0011627695162495138,-0.12124587130170728
45,ES,2022,0.00113,45.0,-6.785537646257888,-6.552189371118781,-0.2333482751391065,-6.552189371118781,0.019317153767295814,-4.1311949658327105,-6.63199229951645,0.0013175355440370158,-0.1535453467414376
46,ES,2022,0.00127,46.0,-6.668738378511637,-6.454873535849522,-0.21386484266211525,-6.454873535849522,0.018954085157196654,-4.1311949658327105,-6.533176557032897,0.0014543785877654926,-0.13556182147874019
47,ES,2022,0.0013,47.0,-6.645391014514646,-6.3305299101334835,-0.3148611043811629,-6.3305299101334835,0.01798657493397922,-4.1311949658327105,-6.404835957953312,0.0016535414497781224,-0.2405550565613348
48,ES,2022,0.00155,48.0,-6.469500348050982,-6.220814296334984,-0.2486860517159979,-6.220814296334984,0.017220232470692053,-4.1311949658327105,-6.2919544340283755,0.0018511384810117164,-0.17754591402260633
49,ES,2022,0.00173,49.0,-6.359633870472449,-6.12266281679637,-0.23697105367607918,-6.12266281679637,0.016495468408212678,-4.1311949658327105,-6.19080881284343,0.0020481694973666564,-0.1688250576290189
50,ES,2022,0.00199,50.0,-6.219620640245736,-6.01252289613826,-0.20709774410747617,-6.01252289613826,0.015773513858200243,-4.1311949658327105,-6.077686357182749,0.002293476805365335,-0.14193428306298728
51,ES,2022,0.0023,51.0,-6.074846156047033,-5.903208218347992,-0.17163793769904068,-5.903208218347992,0.015010303509196268,-4.1311949658327105,-5.965218708640805,0.0025664832339395293,-0.1096274474062282
52,ES,2022,0.00254,52.0,-5.975591197951692,-5.8081042393910085,-0.16748695856068352,-5.8081042393910085,0.01375066533335655,-4.1311949658327105,-5.864910918793021,0.0028372757821795314,-0.11068027915867074
53,ES,2022,0.00289,53.0,-5.846498776857796,-5.720911168614,-0.1255876082437961,-5.720911168614,0.01295815778978835,-4.1311949658327105,-5.77444384484164,0.003105924554356203,-0.07205493201615631
54,ES,2022,0.0031,54.0,-5.7763531674910364,-5.6236754556493525,-0.152677711841684,-5.6236754556493525,0.012093797968350164,-4.1311949658327105,-5.673637292933998,0.0034353471599258534,-0.10271587455703823
55,ES,2022,0.00347,55.0,-5.663600685023369,-5.5475059250876795,-0.11609475993568985,-5.5475059250876795,0.011123008713019614,-4.1311949658327105,-5.593457242687819,0.0037221372627233686,-0.07014344233555025
56,ES,2022,0.00395,56.0,-5.534039700069107,-5.447873319087934,-0.08616638098117235,-5.447873319087934,0.0097378469097369,-4.1311949658327105,-5.488102263219489,0.004135685173692434,-0.045937436849617264
57,ES,2022,0.00438,57.0,-5.430706554593782,-5.361624095608647,-0.0690824589851351,-5.361624095608647,0.009929976269879456,-4.1311949658327105,-5.4026467635856115,0.004504642426826183,-0.028059791008170798
58,ES,2022,0.00464,58.0,-5.373040912743973,-5.289540248432316,-0.08350066431165715,-5.289540248432316,0.00935670774989911,-4.1311949658327105,-5.328194632385467,0.0048528232383896214,-0.04484628035850591
59,ES,2022,0.00528,59.0,-5.243829181263967,-5.19930701899836,-0.0445221622656069,-5.19930701899836,0.008908196402758034,-4.1311949658327105,-5.236108515132083,0.005320922889881538,-0.007720666131883824
60,ES,2022,0.00587,60.0,-5.137900645142132,-5.110907651640006,-0.026992993502125806,-5.110907651640006,0.008778985536951035,-4.1311949658327105,-5.147175352495377,0.0058158091583933634,0.009274707353244871
61,ES,2022,0.00626,61.0,-5.07357509387013,-5.045809169822402,-0.027765924047728596,-5.045809169822402,0.00800832928859658,-4.1311949658327105,-5.078893139464182,0.006226797399305277,0.005318045594052023
62,ES,2022,0.00679,62.0,-4.992304337411532,-4.960413731356616,-0.031890606054916226,-4.960413731356616,0.007443410213112718,-4.1311949658327105,-4.991163910157655,0.006797747918182624,-0.0011404272538770854
63,ES,2022,0.00751,63.0,-4.891519813206093,-4.885391394955979,-0.006128418250114009,-4.885391394955979,0.007222264733534511,-4.1311949658327105,-4.915227978665068,0.007334045695860992,0.023708165458974584
64,ES,2022,0.00821,64.0,-4.8024023555178,-4.809747994957796,0.007345639439995999,-4.809747994957796,0.007559181092484768,-4.1311949658327105,-4.8409764458328866,0.007899337009864121,0.03857409031508663
65,ES,2022,0.00916,65.0,-4.692909100296098,-4.723216287999865,0.030307187703766836,-4.723216287999865,0.007919647211399497,-4.1311949658327105,-4.755933894690769,0.008600508971934984,0.06302479439467135
66,ES,2022,0.00955,66.0,-4.651214124489498,-4.644559039801131,-0.006655084688366841,-4.644559039801131,0.007934399503536919,-4.1311949658327105,-4.677337591087048,0.009303751332325987,0.02612346659755005
67,ES,2022,0.01042,67.0,-4.564028242656916,-4.557414841927601,-0.006613400729315266,-4.557414841927601,0.008404693358453006,-4.1311949658327105,-4.592136268819409,0.010131192289128645,0.028108026162493083
68,ES,2022,0.0111,68.0,-4.500810170663849,-4.4797090952454734,-0.02110107541837536,-4.4797090952454734,0.009200825359483569,-4.1311949658327105,-4.517719498652078,0.010913884438443336,0.016909327988229528
69,ES,2022,0.01252,69.0,-4.380427913310185,-4.382229805038305,0.0018018917281201752,-4.382229805038305,0.009487510691631477,-4.1311949658327105,-4.421424561445857,0.012017100986571055,0.040996648135672054
70,ES,2022,0.01331,70.0,-4.319239646575117,-4.295870935322768,-0.023368711252348184,-4.295870935322768,0.009992018752246168,-4.1311949658327105,-4.3371499128905535,0.013073736442596821,0.017910266315436907
71,ES,2022,0.01457,71.0,-4.228790658775024,-4.202390723867514,-0.026399934907510136,-4.202390723867514,0.010527324752195758,-4.1311949658327105,-4.245881154887471,0.01432310724095552,0.01709049611244673
72,ES,2022,0.01582,72.0,-4.146480316642629,-4.105247951290851,-0.0412323653517781,-4.105247951290851,0.011559102396732036,-4.1311949658327105,-4.153000856921775,0.01571718063598731,0.006520540279145948
73,ES,2022,0.01736,73.0,-4.053586569749933,-4.0058509251784455,-0.04773564457148716,-4.0058509251784455,0.01169743913549465,-4.1311949658327105,-4.054175326848136,0.01734978218497591,0.0005887570982032742
74,ES,2022,0.01908,74.0,-3.9591146129619967,-3.8921275147904475,-0.06698709817154924,-3.8921275147904475,0.012327970030389813,-4.1311949658327105,-3.9430567625189306,0.019388856939069294,-0.01605785044306618
75,ES,2022,0.02164,75.0,-3.8332118250038563,-3.783491560567625,-0.04972026443623134,-3.783491560567625,0.012695972475206428,-4.1311949658327105,-3.8359410981435484,0.021581019053425764,0.0027292731396921788
76,ES,2022,0.02371,76.0,-3.741858378904823,-3.675502488423401,-0.0663558904814221,-3.675502488423401,0.01295867437417588,-4.1311949658327105,-3.729037298761862,0.02401594489124855,-0.01282108014296135
77,ES,2022,0.02636,77.0,-3.6359075693478307,-3.556312797152416,-0.07959477219541444,-3.556312797152416,0.013218506789362525,-4.1311949658327105,-3.6109210258564564,0.02702694288628687,-0.024986543491374302
78,ES,2022,0.02971,78.0,-3.5162715895076206,-3.4390698671831883,-0.07720172232443234,-3.4390698671831883,0.013120427703430103,-4.1311949658327105,-3.4932729120611707,0.030401208682694778,-0.0229986774464499
79,ES,2022,0.03375,79.0,-3.388774861663598,-3.311352573991767,-0.07742228767183112,-3.311352573991767,0.012917105267199382,-4.1311949658327105,-3.364715654244752,0.034571845077925364,-0.02405920741884593
80,ES,2022,0.03785,80.0,-3.274124299098679,-3.184564341600823,-0.08955995749785606,-3.184564341600823,0.013361763206868073,-4.1311949658327105,-3.239764390495685,0.03917312357201367,-0.03435990860299398
81,ES,2022,0.04218,81.0,-3.1658091039315086,-3.057863262918503,-0.10794584101300542,-3.057863262918503,0.01261299801953086,-4.1311949658327105,-3.109970016840847,0.04460229263786497,-0.05583908709066154
82,ES,2022,0.04872,82.0,-3.0216656555804953,-2.9290846642073762,-0.09258099137311904,-2.9290846642073762,0.01222347467468327,-4.1311949658327105,-2.9795822212484113,0.050814058464904964,-0.04208343433208395
83,ES,2022,0.05566,83.0,-2.888493522884392,-2.7973309766042154,-0.09116254628017684,-2.7973309766042154,0.011605682635583328,-4.1311949658327105,-2.8452763142833892,0.05811820563062604,-0.04321720860100298
84,ES,2022,0.06443,84.0,-2.742175915831586,-2.666186175006246,-0.07598974082534005,-2.666186175006246,0.010462248076074009,-4.1311949658327105,-2.709407761589416,0.06657622403874554,-0.032768154242170056
85,ES,2022,0.07429,85.0,-2.599778925818422,-2.530191560187631,-0.06958736563079126,-2.530191560187631,0.009737743869726704,-4.1311949658327105,-2.5704200786408142,0.0765034012280336,-0.02935884717760784
20,ES,2023,0.00025,20.0,-8.294049640102028,-8.188265254489172,-0.1057843856128553,-8.188265254489172,0.027065368019014283,-9.459149146552763,-8.444280607287368,0.00021512730102054274,0.15023096718534035
21,ES,2023,0.00026,21.0,-8.254828926948747,-8.18419600720037,-0.07063291974837682,-8.18419600720037,0.023695264288118734,-9.459149146552763,-8.408333046168671,0.000223001280098487,0.15350411921992446
22,ES,2023,0.00027,22.0,-8.2170885989659,-8.164730480475352,-0.052358118490547056,-8.164730480475352,0.024368876838677903,-9.459149146552763,-8.395239321026382,0.00022594039757321005,0.178150722060483
23,ES,2023,0.00026,23.0,-8.254828926948747,-8.14178359403389,-0.11304533291485619,-8.14178359403389,0.023859905728048508,-9.459149146552763,-8.36747800093819,0.00023230067767809854,0.11264907398944324
24,ES,2023,0.00029,24.0,-8.145629634983754,-8.1084794375383,-0.037150197445454225,-8.1084794375383,0.022773052801918214,-9.459149146552763,-8.323893140513965,0.00024264935493987515,0.17826350553021086
25,ES,2023,0.00031,25.0,-8.078938260485081,-8.072934190365274,-0.006004070119807636,-8.072934190365274,0.021477049735121993,-9.459149146552763,-8.276088807037723,0.00025453077471172884,0.19715054655264197
26,ES,2023,0.00027,26.0,-8.2170885989659,-8.080754308309267,-0.13633429065663272,-8.080754308309267,0.020228418997948437,-9.459149146552763,-8.272097940609822,0.000255548602692239,0.05500934164392213
27,ES,2023,0.0003,27.0,-8.111728083308073,-8.03269252567724,-0.07903555763083325,-8.03269252567724,0.021844882459629948,-9.459149146552763,-8.239326526951794,0.00026406202824246324,0.12759844364372164
28,ES,2023,0.0003,28.0,-8.111728083308073,-8.025617186039081,-0.08611089726899124,-8.025617186039081,0.01993958347081985,-9.459149146552763,-8.214228680009704,0.0002707732833549697,0.10250059670163125
29,ES,2023,0.00032,29.0,-8.047189562170502,-7.936879841552711,-0.11030972061779032,-7.936879841552711,0.019123715743917843,-9.459149146552763,-8.11777392101071,0.00029819172047949936,0.07058435884020753
30,ES,2023,0.00034,30.0,-7.986564940354067,-7.885998910298966,-0.10056603005510123,-7.885998910298966,0.018652436174824778,-9.459149146552763,-8.06243508602319,0.0003151584322605227,0.0758701456691222
31,ES,2023,0.00036,31.0,-7.929406526514119,-7.836681246376088,-0.09272528013803072,-7.836681246376088,0.019107855853761156,-9.459149146552763,-8.017425304767645,0.0003296677249781535,0.08801877825352644
32,ES,2023,0.00039,32.0,-7.849363818840582,-7.802351248446023,-0.04701257039455964,-7.802351248446023,0.018541998976225594,-9.459149146552763,-7.977742782237369,0.0003430128039353857,0.1283789633967869
33,ES,2023,0.00044,33.0,-7.728735831051967,-7.710173145939573,-0.01856268511239456,-7.710173145939573,0.018290514561482833,-9.459149146552763,-7.883185851143834,0.0003770299799953854,0.1544500200918666
34,ES,2023,0.00044,34.0,-7.728735831051967,-7.616350005870328,-0.1123858251816392,-7.616350005870328,0.017506366593865882,-9.459149146552763,-7.781945338495934,0.0004171997898738197,0.053209507443966686
35,ES,2023,0.00048,35.0,-7.641724454062337,-7.557493238012394,-0.08423121604994321,-7.557493238012394,0.02028229426963641,-9.459149146552763,-7.749346484543157,0.0004310241294852043,0.10762203048081975
36,ES,2023,0.00047,36.0,-7.66277786326017,-7.478957959096904,-0.18381990416326577,-7.478957959096904,0.02041717609479281,-9.459149146552763,-7.672087072928981,0.0004656449738325161,0.009309209668811214
37,ES,2023,0.00057,37.0,-7.469874197135678,-7.380509472558332,-0.08936472457734634,-7.380509472558332,0.019651752990632196,-9.459149146552763,-7.5663983350879365,0.0005175531488078854,0.09652413795225812
38,ES,2023,0.0006,38.0,-7.418580902748128,-7.29185847180832,-0.12672243093980828,-7.29185847180832,0.0202674338985073,-9.459149146552763,-7.4835711518722,0.0005622459603903139,0.06499024912407148
39,ES,2023,0.00058,39.0,-7.4524824544238095,-7.193465343122429,-0.2590171113013806,-7.193465343122429,0.020335399475374303,-9.459149146552763,-7.3858209197147255,0.0006199814996064803,-0.06666153470908398
40,ES,2023,0.00071,40.0,-7.250245587928913,-7.077947167903955,-0.17229842002495843,-7.077947167903955,0.020319399669134045,-9.459149146552763,-7.2701513999427085,0.0006960066104216454,0.019905812013795376
41,ES,2023,0.00077,41.0,-7.1691200431165445,-6.985908311238438,-0.18321173187810658,-6.985908311238438,0.020495343107482796,-9.459149146552763,-7.17977681850189,0.0007618378512916623,0.010656775385345263
42,ES,2023,0.00078,42.0,-7.156216638280637,-6.886627376331624,-0.26958926194901256,-6.886627376331624,0.020240987592618713,-9.459149146552763,-7.0780898968437285,0.0008433825585064872,-0.07812674143690845
43,ES,2023,0.0009,43.0,-7.013115794639964,-6.766647604902495,-0.24646818973746853,-6.766647604902495,0.01964334143697972,-9.459149146552763,-6.952456901291546,0.0009562827727140406,-0.060658893348417564
44,ES,2023,0.00102,44.0,-6.887952651685957,-6.673177437295879,-0.21477521439007763,-6.673177437295879,0.02027819283182161,-9.459149146552763,-6.864991887714637,0.0010436909192479478,-0.022960763971320297
45,ES,2023,0.00104,45.0,-6.868534565828856,-6.552189371118781,-0.31634519471007483,-6.552189371118781,0.019317153767295814,-9.459149146552763,-6.734913209690526,0.00118867836144351,-0.13362135613833015
46,ES,2023,0.00121,46.0,-6.717134919373487,-6.454873535849522,-0.2622613835239651,-6.454873535849522,0.018954085157196654,-9.459149146552763,-6.6341630542879075,0.0013146785994531452,-0.08297186508557974
47,ES,2023,0.00129,47.0,-6.653113060608557,-6.3305299101334835,-0.32258315047507313,-6.3305299101334835,0.01798657493397922,-9.459149146552763,-6.500667605069641,0.0015024358243147138,-0.15244545553891609
48,ES,2023,0.00146,48.0,-6.529318843261892,-6.220814296334984,-0.3085045469269083,-6.220814296334984,0.017220232470692053,-9.459149146552763,-6.383703043613571,0.0016888574502658216,-0.14561579964832116
49,ES,2023,0.00165,49.0,-6.406979991069647,-6.12266281679637,-0.2843171742732773,-6.12266281679637,0.016495468408212678,-9.459149146552763,-6.278695912711903,0.0018758452658089722,-0.12828407835774414
50,ES,2023,0.00181,50.0,-6.3144284337044025,-6.01252289613826,-0.30190553756614236,-6.01252289613826,0.015773513858200243,-9.459149146552763,-6.161726916288194,0.002108608734963664,-0.15270151741620897
51,ES,2023,0.00211,51.0,-6.161067331494162,-5.903208218347992,-0.2578591131461696,-5.903208218347992,0.015010303509196268,-9.459149146552763,-6.045192917976504,0.0023692237290427174,-0.11587441351765815
52,ES,2023,0.00224,52.0,-6.101279413115189,-5.8081042393910085,-0.29317517372418056,-5.8081042393910085,0.01375066533335655,-9.459149146552763,-5.93817383364356,0.0026368405664399922,-0.16310557947162874
53,ES,2023,0.00262,53.0,-5.944580961209131,-5.720911168614,-0.22366979259513098,-5.720911168614,0.01295815778978835,-9.459149146552763,-5.843484315812173,0.002898724936305221,-0.10109664539695817
54,ES,2023,0.00295,54.0,-5.825950108630408,-5.6236754556493525,-0.20227465298105596,-5.6236754556493525,0.012093797968350164,-9.459149146552763,-5.738072494380253,0.003220970734941288,-0.08787761425015539
55,ES,2023,0.00331,55.0,-5.710807089593166,-5.5475059250876795,-0.16330116450548626,-5.5475059250876795,0.011123008713019614,-9.459149146552763,-5.6527201234625375,0.0035079616963910164,-0.05808696613062825
56,ES,2023,0.00364,56.0,-5.615771597333488,-5.447873319087934,-0.1678982782455538,-5.447873319087934,0.0097378469097369,-9.459149146552763,-5.5399850653734335,0.003926585479955552,-0.07578653196005458
57,ES,2023,0.00407,57.0,-5.504112279527633,-5.361624095608647,-0.142488183918986,-5.361624095608647,0.009929976269879456,-9.459149146552763,-5.4555532221671665,0.004272512479167677,-0.04855905736046662
58,ES,2023,0.00455,58.0,-5.392628046019278,-5.289540248432316,-0.10308779758696218,-5.289540248432316,0.00935670774989911,-9.459149146552763,-5.378046742559318,0.0046168309881034495,-0.014581303459960004
59,ES,2023,0.00484,59.0,-5.3308405582535965,-5.19930701899836,-0.13153353925523614,-5.19930701899836,0.008908196402758034,-9.459149146552763,-5.283570977398833,0.00507427826785122,-0.047269580854763404
60,ES,2023,0.00533,60.0,-5.234404040804384,-5.110907651640006,-0.12349638916437833,-5.110907651640006,0.008778985536951035,-9.459149146552763,-5.193949385189455,0.005550044211666674,-0.040454655614929
61,ES,2023,0.00587,61.0,-5.137900645142132,-5.045809169822402,-0.09209147531973016,-5.045809169822402,0.00800832928859658,-9.459149146552763,-5.121561150977944,0.005966700699589768,-0.016339494164188118
62,ES,2023,0.00657,62.0,-5.025241446485618,-4.960413731356616,-0.06482771512900154,-4.960413731356616,0.007443410213112718,-9.459149146552763,-5.030822058721423,0.006533437493086993,0.0055806122358053045
63,ES,2023,0.00707,63.0,-4.9518947990736555,-4.885391394955979,-0.06650340411767619,-4.885391394955979,0.007222264733534511,-9.459149146552763,-4.95370787424637,0.0070571931719081975,0.0018130751727145622
64,ES,2023,0.00764,64.0,-4.874357675803708,-4.809747994957796,-0.06460968084591201,-4.809747994957796,0.007559181092484768,-9.459149146552763,-4.881251416337411,0.0075875129462520344,0.006893740533703507
65,ES,2023,0.00831,65.0,-4.79029567011478,-4.723216287999865,-0.06707938211491538,-4.723216287999865,0.007919647211399497,-9.459149146552763,-4.7981294121605735,0.008245155921102754,0.007833742045793457
66,ES,2023,0.0088,66.0,-4.733003557497976,-4.644559039801131,-0.08844451769684447,-4.644559039801131,0.007934399503536919,-9.459149146552763,-4.719611708093422,0.008918640912276036,-0.01339184940455418
67,ES,2023,0.01011,67.0,-4.594230245949757,-4.557414841927601,-0.036815404022155995,-4.557414841927601,0.008404693358453006,-9.459149146552763,-4.63691608993625,0.009687527070462535,0.04268584398649278
68,ES,2023,0.0107,68.0,-4.537511537514277,-4.4797090952454734,-0.05780244226880349,-4.4797090952454734,0.009200825359483569,-9.459149146552763,-4.566741074592214,0.010391770599356743,0.02922953707793674
69,ES,2023,0.01178,69.0,-4.441352100758697,-4.382229805038305,-0.05912229572039163,-4.382229805038305,0.009487510691631477,-9.459149146552763,-4.4719735836999615,0.011424745893710153,0.030621482941264766
70,ES,2023,0.0124,70.0,-4.390058806371146,-4.295870935322768,-0.09418787104837723,-4.295870935322768,0.009992018752246168,-9.459149146552763,-4.390386930975417,0.012395931922361719,0.0003281246042714514
71,ES,2023,0.01354,71.0,-4.302107011498008,-4.202390723867514,-0.09971628763049445,-4.202390723867514,0.010527324752195758,-9.459149146552763,-4.30197025881273,0.013541851757972215,-0.00013675268527801876
72,ES,2023,0.01452,72.0,-4.232228269585487,-4.105247951290851,-0.12698031829463652,-4.105247951290851,0.011559102396732036,-9.459149146552763,-4.214587224861814,0.014778420672898002,-0.017641044723673005
73,ES,2023,0.01623,73.0,-4.1208938974556375,-4.0058509251784455,-0.11504297227719196,-4.0058509251784455,0.01169743913549465,-9.459149146552763,-4.1164987465938125,0.016301490288705877,-0.004395150861824959
74,ES,2023,0.01833,74.0,-3.9992162171305234,-3.8921275147904475,-0.10708870234007595,-3.8921275147904475,0.012327970030389813,-9.459149146552763,-4.008739621982137,0.018156264578527124,0.009523404851613737
75,ES,2023,0.01984,75.0,-3.9200551771254104,-3.783491560567625,-0.13656361655778548,-3.783491560567625,0.012695972475206428,-9.459149146552763,-3.9035846577711313,0.020169481017346273,-0.016470519354279123
76,ES,2023,0.02245,76.0,-3.7964646647938736,-3.675502488423401,-0.12096217637047246,-3.675502488423401,0.01295867437417588,-9.459149146552763,-3.798080522070342,0.02241375329677952,0.001615857276468624
77,ES,2023,0.02469,77.0,-3.701356975625049,-3.556312797152416,-0.14504417847263262,-3.556312797152416,0.013218506789362525,-9.459149146552763,-3.6813486243677165,0.0251889814440482,-0.020008351257332357
78,ES,2023,0.02777,78.0,-3.5837989776634287,-3.4390698671831883,-0.1447291104802404,-3.4390698671831883,0.013120427703430103,-9.459149146552763,-3.5631779496964966,0.02834859101483598,-0.020621027966932104
79,ES,2023,0.03127,79.0,-3.465096107512387,-3.311352573991767,-0.1537435335206201,-3.311352573991767,0.012917105267199382,-9.459149146552763,-3.433537399255928,0.03227257762602451,-0.03155870825645879
80,ES,2023,0.03421,80.0,-3.375237279992624,-3.184564341600823,-0.19067293839180088,-3.184564341600823,0.013361763206868073,-9.459149146552763,-3.3109552526355093,0.03648130823786264,-0.06428202735711475
81,ES,2023,0.03957,81.0,-3.229684023584804,-3.057863262918503,-0.17182076066630092,-3.057863262918503,0.01261299801953086,-9.459149146552763,-3.1771714923704204,0.04170344697300792,-0.052512531214383706
82,ES,2023,0.04452,82.0,-3.111816752574793,-2.9290846642073762,-0.1827320883674166,-2.9290846642073762,0.01222347467468327,-9.459149146552763,-3.0447083342443158,0.04761019622651404,-0.0671084183304771
83,ES,2023,0.05106,83.0,-2.974753867168799,-2.7973309766042154,-0.17742289056458382,-2.7973309766042154,0.011605682635583328,-9.459149146552763,-2.9071108596017554,0.05463334547825406,-0.06764300756704378
84,ES,2023,0.05867,84.0,-2.8358267560443684,-2.666186175006246,-0.1696405810381223,-2.666186175006246,0.010462248076074009,-9.459149146552763,-2.7651501399660647,0.06296664482836448,-0.07067661607830367
85,ES,2023,0.06829,85.0,-2.6839919360091393,-2.530191560187631,-0.15380037582150852,-2.530191560187631,0.009737743869726704,-9.459149146552763,-2.6223023318023055,0.07263543928727519,-0.06168960420683378
20,ES,2024,0.0001729154306827,20.0,-8.662707922972107,-8.188265254489172,-0.4744426684829346,-8.188265254489172,0.027065368019014283,-15.00488579792887,-8.594378010693397,0.0001851437494250795,-0.06832991227870977
21,ES,2024,0.0001860730179065,21.0,-8.58937139189649,-8.18419600720037,-0.40517538469612013,-8.18419600720037,0.023695264288118734,-15.00488579792887,-8.539740741795335,0.00019554094917133885,-0.04963065010115564
22,ES,2024,0.0001858310403781,22.0,-8.590672682146788,-8.164730480475352,-0.42594220167143604,-8.164730480475352,0.024368876838677903,-15.00488579792887,-8.530382694463508,0.00019737941945829158,-0.06028998768328009
23,ES,2024,0.0001985524118403,23.0,-8.524457453191589,-8.14178359403389,-0.38267385915769836,-8.14178359403389,0.023859905728048508,-15.00488579792887,-8.499798754632607,0.00020350932019779866,-0.02465869855898184
24,ES,2024,0.0002119251627321,24.0,-8.459277351594201,-8.1084794375383,-0.3507979140559012,-8.1084794375383,0.022773052801918214,-15.00488579792887,-8.450186494101287,0.00021386052792143485,-0.009090857492914495
25,ES,2024,0.0002142114299273,25.0,-8.448547040369139,-8.072934190365274,-0.3756128500038649,-8.072934190365274,0.021477049735121993,-15.00488579792887,-8.395194868917217,0.00022595044132365908,-0.05335217145192139
26,ES,2024,0.0002103495760157,26.0,-8.466739763543277,-8.080754308309267,-0.3859854552340103,-8.080754308309267,0.020228418997948437,-15.00488579792887,-8.384279425246138,0.00022843030039715074,-0.08246033829713895
27,ES,2024,0.0002224474995205,27.0,-8.410819441411498,-8.03269252567724,-0.37812691573425816,-8.03269252567724,0.021844882459629948,-15.00488579792887,-8.360472492253166,0.00023393377575551383,-0.05034694915833171
28,ES,2024,0.0002236225066513,28.0,-8.405551165884301,-8.025617186039081,-0.3799339798452195,-8.025617186039081,0.01993958347081985,-15.00488579792887,-8.324808358877004,0.00024242737938799961,-0.0807428070072973
29,ES,2024,0.0002538400411785,29.0,-8.278806248467081,-7.936879841552711,-0.3419264069143697,-7.936879841552711,0.019123715743917843,-15.00488579792887,-8.223829012322254,0.0002681862081144977,-0.0549772361448273
30,ES,2024,0.0002620812616443,30.0,-8.24685594334481,-7.885998910298966,-0.3608570330458445,-7.885998910298966,0.018652436174824778,-15.00488579792887,-8.165876584955369,0.0002841874265158505,-0.08097935838944181
31,ES,2024,0.0002680176884012,31.0,-8.224457578134405,-7.836681246376088,-0.3877763317583174,-7.836681246376088,0.019107855853761156,-15.00488579792887,-8.12339244130506,0.0002965210220678597,-0.10106513682934448
32,ES,2024,0.0002745240669677,32.0,-8.200471625201509,-7.802351248446023,-0.39812037675548595,-7.802351248446023,0.018541998976225594,-15.00488579792887,-8.080571825549601,0.00030949400822776157,-0.11989979965190756
33,ES,2024,0.0003067875360318,33.0,-8.089355115007631,-7.710173145939573,-0.3791819690680587,-7.710173145939573,0.018290514561482833,-15.00488579792887,-7.984620228119978,0.0003406618455005249,-0.10473488688765364
34,ES,2024,0.0003392473050191,34.0,-7.988781203218653,-7.616350005870328,-0.37243119734832497,-7.616350005870328,0.017506366593865882,-15.00488579792887,-7.879031037347962,0.000378599728105134,-0.10975016587069053
35,ES,2024,0.0003448202452217,35.0,-7.972487305058246,-7.557493238012394,-0.4149940670458525,-7.557493238012394,0.02028229426963641,-15.00488579792887,-7.8618267472482755,0.00038516962077909754,-0.11066055780997086
36,ES,2024,0.0003619507130714,36.0,-7.924002507144456,-7.478957959096904,-0.44504454804755156,-7.478957959096904,0.02041717609479281,-15.00488579792887,-7.785315354715474,0.0004157961862270787,-0.13868715242898233
37,ES,2024,0.0004083806589922,37.0,-7.803310830796658,-7.380509472558332,-0.4228013582383259,-7.380509472558332,0.019651752990632196,-15.00488579792887,-7.6753817819118755,0.00046411333369416143,-0.1279290488847824
38,ES,2024,0.0004422102022678,38.0,-7.723725218192872,-7.29185847180832,-0.4318667463845518,-7.29185847180832,0.0202674338985073,-15.00488579792887,-7.595969002872494,0.0005024728231021066,-0.1277562153203773
39,ES,2024,0.0004783115907988,39.0,-7.64524817424779,-7.193465343122429,-0.4517828311253611,-7.193465343122429,0.020335399475374303,-15.00488579792887,-7.498595689905683,0.0005538616177324224,-0.14665248434210731
40,ES,2024,0.0005591457292165,40.0,-7.489100422511735,-7.077947167903955,-0.41115325460777985,-7.077947167903955,0.020319399669134045,-15.00488579792887,-7.382837439421785,0.0006218339642142803,-0.10626298308994997
41,ES,2024,0.000617255989001,41.0,-7.390226727070787,-6.985908311238438,-0.40431841583234895,-6.985908311238438,0.020495343107482796,-15.00488579792887,-7.293438593955586,0.0006799858329177844,-0.09678813311520074
42,ES,2024,0.0006792273037222,42.0,-7.2945547239485675,-6.886627376331624,-0.40792734761694316,-6.886627376331624,0.020240987592618713,-15.00488579792887,-7.190341083596163,0.0007538319569241191,-0.10421364035240455
43,ES,2024,0.0007908980478137,43.0,-7.142341488751849,-6.766647604902495,-0.37569388384935376,-6.766647604902495,0.01964334143697972,-15.00488579792887,-7.0613936998541,0.0008575820487277034,-0.080947788897749
44,ES,2024,0.0008509265173918,44.0,-7.069184781659925,-6.673177437295879,-0.3960073443640457,-6.673177437295879,0.02027819283182161,-15.00488579792887,-6.977449404925743,0.0009326790586071353,-0.09173537673418242
45,ES,2024,0.0009840512020183,45.0,-6.923832627694329,-6.552189371118781,-0.3716432565755481,-6.552189371118781,0.019317153767295814,-15.00488579792887,-6.842041057338086,0.001067921484707473,-0.08179157035624307
46,ES,2024,0.001115715091453,46.0,-6.798259742013133,-6.454873535849522,-0.34338620616361126,-6.454873535849522,0.018954085157196654,-15.00488579792887,-6.739277419037476,0.001183502023754491,-0.0589823229756572
47,ES,2024,0.0012708523550064,47.0,-6.668067457954845,-6.3305299101334835,-0.3375375478213618,-6.3305299101334835,0.01798657493397922,-15.00488579792887,-6.600416412913732,0.001359801680656976,-0.06765104504111363
48,ES,2024,0.0014739884293682,48.0,-6.519783335063848,-6.220814296334984,-0.29896903872886416,-6.220814296334984,0.017220232470692053,-15.00488579792887,-6.479201917971505,0.001535035274661513,-0.04058141709234331
49,ES,2024,0.001665255826835,49.0,-6.397776517601893,-6.12266281679637,-0.2751137008055231,-6.12266281679637,0.016495468408212678,-15.00488579792887,-6.370175436444945,0.001711858876784642,-0.02760108115694848
50,ES,2024,0.0018764661958361,50.0,-6.278364954027293,-6.01252289613826,-0.26584205788903326,-6.01252289613826,0.015773513858200243,-15.00488579792887,-6.249202670212603,0.001931993958605275,-0.029162283814690326
51,ES,2024,0.0021954295045046,51.0,-6.121377577562683,-5.903208218347992,-0.2181693592146905,-5.903208218347992,0.015010303509196268,-15.00488579792887,-6.128436108295733,0.002179987560705676,0.007058530733050183
52,ES,2024,0.0024213333752846,52.0,-6.023436909025566,-5.8081042393910085,-0.21533266963455766,-5.8081042393910085,0.01375066533335655,-15.00488579792887,-6.014431402363563,0.002443237188563339,-0.009005506662003171
53,ES,2024,0.002701610040252,53.0,-5.913907372490287,-5.720911168614,-0.19299620387628647,-5.720911168614,0.01295815778978835,-15.00488579792887,-5.915346846401317,0.0026977239407217535,0.0014394739110299426
54,ES,2024,0.0030254730889433,54.0,-5.800687806688341,-5.6236754556493525,-0.1770123510389885,-5.6236754556493525,0.012093797968350164,-15.00488579792887,-5.805141513027671,0.0030120284816573203,0.004453706339329955
55,ES,2024,0.0033380308967474,55.0,-5.702374197719603,-5.5475059250876795,-0.1548682726319237,-5.5475059250876795,0.011123008713019614,-15.00488579792887,-5.714405400555907,0.0032981109937122353,0.012031202836303656
56,ES,2024,0.0037465946488192,56.0,-5.586907945214853,-5.447873319087934,-0.13903462612691886,-5.447873319087934,0.0097378469097369,-15.00488579792887,-5.593988599886251,0.0037201600036572084,0.007080654671398179
57,ES,2024,0.0041092905493426,57.0,-5.494504881105532,-5.361624095608647,-0.13288078549688453,-5.361624095608647,0.009929976269879456,-15.00488579792887,-5.510622255514332,0.00404359045375924,0.016117374408800345
58,ES,2024,0.0044434035816717,58.0,-5.416334623756014,-5.289540248432316,-0.12679437532369775,-5.289540248432316,0.00935670774989911,-15.00488579792887,-5.429936579664148,0.004383373788891546,0.0136019559081344
59,ES,2024,0.0048802718964659,59.0,-5.322554344180273,-5.19930701899836,-0.12324732518191261,-5.19930701899836,0.008908196402758034,-15.00488579792887,-5.332973488687266,0.004829687618406902,0.010419144506992772
60,ES,2024,0.0053121236515539,60.0,-5.237763589301461,-5.110907651640006,-0.1268559376614551,-5.110907651640006,0.008778985536951035,-15.00488579792887,-5.242635327043626,0.005286307314541298,0.004871737742164761
61,ES,2024,0.0057663746017191,61.0,-5.155711714529855,-5.045809169822402,-0.10990254470745331,-5.045809169822402,0.00800832928859658,-15.00488579792887,-5.165973236230002,0.00570750538406035,0.010261521700146936
62,ES,2024,0.0062961817561106,62.0,-5.067811899778227,-4.960413731356616,-0.10739816842161076,-4.960413731356616,0.007443410213112718,-15.00488579792887,-5.07210125155151,0.006269233055277012,0.004289351773283379
63,ES,2024,0.0067604543589096,63.0,-4.996665178329497,-4.885391394955979,-0.11127378337351779,-4.885391394955979,0.007222264733534511,-15.00488579792887,-4.993760652485074,0.0067801188174545736,-0.0029045258444231337
64,ES,2024,0.0072314317639628,64.0,-4.929318231440135,-4.809747994957796,-0.119570236482339,-4.809747994957796,0.007559181092484768,-15.00488579792887,-4.923172643976393,0.0072760099997765115,-0.00614558746374172
65,ES,2024,0.007850362109028,65.0,-4.847195619713109,-4.723216287999865,-0.12397933171324471,-4.723216287999865,0.007919647211399497,-15.00488579792887,-4.8420496899668,0.007890863640566763,-0.005145929746309008
66,ES,2024,0.0083974263460279,66.0,-4.779830007456702,-4.644559039801131,-0.135270967655571,-4.644559039801131,0.007934399503536919,-15.00488579792887,-4.763613798226847,0.008534710877580455,-0.01621620922985567
67,ES,2024,0.0091134360643405,67.0,-4.698005463812949,-4.557414841927601,-0.1405906218853481,-4.557414841927601,0.008404693358453006,-15.00488579792887,-4.6835263059378,0.009246350869041648,-0.014479157875149085
68,ES,2024,0.0097484168595867,68.0,-4.630650380532088,-4.4797090952454734,-0.15094128528661432,-4.4797090952454734,0.009200825359483569,-15.00488579792887,-4.617766429011212,0.009874827575944765,-0.012883951520875847
69,ES,2024,0.0106589140049293,69.0,-4.541358741144318,-4.382229805038305,-0.15912893610601309,-4.382229805038305,0.009487510691631477,-15.00488579792887,-4.524588819472864,0.010839170376064517,-0.016769921671453858
70,ES,2024,0.0114433894080344,70.0,-4.470343059985742,-4.295870935322768,-0.1744721246629739,-4.295870935322768,0.009992018752246168,-15.00488579792887,-4.445800035590986,0.011727719683589155,-0.024543024394755975
71,ES,2024,0.0125434777507005,71.0,-4.378554449635191,-4.202390723867514,-0.17616372576767692,-4.202390723867514,0.010527324752195758,-15.00488579792887,-4.360352029531921,0.012773890071399407,-0.01820242010327
72,ES,2024,0.0135419058628736,72.0,-4.301966263436451,-4.105247951290851,-0.19671831214559976,-4.105247951290851,0.011559102396732036,-15.00488579792887,-4.278690962680381,0.013860794513175926,-0.02327530075606976
73,ES,2024,0.0149597182019846,73.0,-4.202394143378955,-4.0058509251784455,-0.19654321820050935,-4.0058509251784455,0.01169743913549465,-15.00488579792887,-4.181369663534767,0.01527756810205911,-0.021024479844188093
74,ES,2024,0.0166815761471899,74.0,-4.093450393278936,-3.8921275147904475,-0.20132287848848884,-3.8921275147904475,0.012327970030389813,-15.00488579792887,-4.077107297216736,0.016956444732463327,-0.01634309606219997
75,ES,2024,0.0184141965054458,75.0,-3.994633362649268,-3.783491560567625,-0.2111418020816429,-3.783491560567625,0.012695972475206428,-15.00488579792887,-3.973993177651746,0.018798218436515756,-0.02064018499752196
76,ES,2024,0.0205128826868839,76.0,-3.8867021664628596,-3.675502488423401,-0.2111996780394585,-3.675502488423401,0.01295867437417588,-15.00488579792887,-3.8699459175004574,0.020859497528474668,-0.016756248962402243
77,ES,2024,0.0229501578529083,77.0,-3.774430464376871,-3.556312797152416,-0.2181176672244547,-3.556312797152416,0.013218506789362525,-15.00488579792887,-3.7546549819459485,0.023408525580069436,-0.01977548243092242
78,ES,2024,0.0257962267571065,78.0,-3.6575270474746535,-3.4390698671831883,-0.21845718029146521,-3.4390698671831883,0.013120427703430103,-15.00488579792887,-3.635940386493139,0.026359134954243912,-0.021586660981514516
79,ES,2024,0.0293931871438081,79.0,-3.526992361293446,-3.311352573991767,-0.21563978730167932,-3.311352573991767,0.012917105267199382,-15.00488579792887,-3.5051722633659192,0.03004159783165026,-0.021820097927526927
80,ES,2024,0.0333854498251056,80.0,-3.399635107894405,-3.184564341600823,-0.2150707662935818,-3.184564341600823,0.013361763206868073,-15.00488579792887,-3.3850560725788466,0.033875742792159685,-0.014579035315558375
81,ES,2024,0.0380978484698985,81.0,-3.267597469050345,-3.057863262918503,-0.2097342061318419,-3.057863262918503,0.01261299801953086,-15.00488579792887,-3.2471198577710667,0.03888604403987569,-0.020477611279278385
82,ES,2024,0.0435271568247778,82.0,-3.134370240855966,-2.9290846642073762,-0.2052855766485897,-2.9290846642073762,0.01222347467468327,-15.00488579792887,-3.1124965057548746,0.044489747671645846,-0.021873735101091363
83,ES,2024,0.0500452148373388,83.0,-2.994828385437188,-2.7973309766042154,-0.19749740883297262,-2.7973309766042154,0.011605682635583328,-15.00488579792887,-2.9714729191581495,0.05122780032697273,-0.023355466279038506
84,ES,2024,0.0579030012137751,84.0,-2.8489860613117424,-2.666186175006246,-0.18279988630549626,-2.666186175006246,0.010462248076074009,-15.00488579792887,-2.8231710125773377,0.059417230876851565,-0.025815048734404655
85,ES,2024,0.0672026739980257,85.0,-2.7000422406074125,-2.530191560187631,-0.16985068041978169,-2.530191560187631,0.009737743869726704,-15.00488579792887,-2.676305294882362,0.06881694334021216,-0.023736945725050695
20,ES,2025,0.0001646739450103,20.0,-8.711543129953863,-8.188265254489172,-0.5232778754646912,-8.188265254489172,0.027065368019014283,-16.542791316694665,-8.636001989537267,0.00017759551350219284,-0.07554114041659687
21,ES,2025,0.0001783827485878,21.0,-8.631579043235215,-8.18419600720037,-0.44738303603484475,-8.18419600720037,0.023695264288118734,-16.542791316694665,-8.576181819512646,0.00018854349791770983,-0.05539722372256861
22,ES,2025,0.0001778190522716,22.0,-8.63474408499193,-8.164730480475352,-0.47001360451657703,-8.164730480475352,0.024368876838677903,-16.542791316694665,-8.567859724639835,0.0001901191219477569,-0.06688436035209477
23,ES,2025,0.000190832604877,23.0,-8.564113928449704,-8.14178359403389,-0.4223303344158129,-8.14178359403389,0.023859905728048508,-16.542791316694665,-8.536493035329006,0.00019617704113728682,-0.027620893120698042
24,ES,2025,0.0002043109078621,24.0,-8.49586766617047,-8.1084794375383,-0.3873882286321706,-8.1084794375383,0.022773052801918214,-16.542791316694665,-8.485209297684502,0.00020650017508702258,-0.01065836848596824
25,ES,2025,0.0002060987292662,25.0,-8.48715523570453,-8.072934190365274,-0.4142210453392554,-8.072934190365274,0.021477049735121993,-16.542791316694665,-8.42822454223167,0.00021860927757871916,-0.05893069347285973
26,ES,2025,0.000202129101905,26.0,-8.506603946370634,-8.080754308309267,-0.4258496380613668,-8.080754308309267,0.020228418997948437,-16.542791316694665,-8.41538882245899,0.00022143337086677332,-0.09121512391164366
27,ES,2025,0.0002139107889562,27.0,-8.449951503895008,-8.03269252567724,-0.4172589782177685,-8.03269252567724,0.021844882459629948,-16.542791316694665,-8.394067857544622,0.0002262052335905963,-0.05588364635038623
28,ES,2025,0.0002148681199173,28.0,-8.445486113774228,-8.025617186039081,-0.4198689277351466,-8.025617186039081,0.01993958347081985,-16.542791316694665,-8.35547355433867,0.0002351061239832682,-0.09001255943555897
29,ES,2025,0.0002447782829087,29.0,-8.315157724869639,-7.936879841552711,-0.3782778833169278,-7.936879841552711,0.019123715743917843,-16.542791316694665,-8.253239480304133,0.00026041358472595556,-0.06191824456550599
30,ES,2025,0.0002521846302351,30.0,-8.285349079053823,-7.885998910298966,-0.3993501687548573,-7.885998910298966,0.018652436174824778,-16.542791316694665,-8.194562269487058,0.0002761511300440171,-0.09078680956676521
31,ES,2025,0.0002573199441095,31.0,-8.265190328623815,-7.836681246376088,-0.4285090822477269,-7.836681246376088,0.019107855853761156,-16.542791316694665,-8.152778518274342,0.00028793421666562115,-0.11241181034947267
32,ES,2025,0.0002631588297823,32.0,-8.24275279254805,-7.802351248446023,-0.44040154410202703,-7.802351248446023,0.018541998976225594,-16.542791316694665,-8.109087668104088,0.0003007931712510921,-0.1336651244439615
33,ES,2025,0.0002945974580496,33.0,-8.129900682453622,-7.710173145939573,-0.41972753651404915,-7.710173145939573,0.018290514561482833,-16.542791316694665,-8.012749311405148,0.0003312128587743179,-0.11715137104847351
34,ES,2025,0.0003261193048424,34.0,-8.028247277772474,-7.616350005870328,-0.41189727190214587,-7.616350005870328,0.017506366593865882,-16.542791316694665,-7.905954175146206,0.0003685426272983549,-0.12229310262626747
35,ES,2025,0.0003303261913847,35.0,-8.015429932965889,-7.557493238012394,-0.45793669495349487,-7.557493238012394,0.02028229426963641,-16.542791316694665,-7.893018999538781,0.00037334075632079397,-0.12241093342710752
36,ES,2025,0.0003457985710889,36.0,-7.969654116913038,-7.478957959096904,-0.4906961578161333,-7.478957959096904,0.02041717609479281,-16.542791316694665,-7.816715042509268,0.0004029431622723293,-0.1529390744037693
37,ES,2025,0.000391122842393,37.0,-7.846488872403355,-7.380509472558332,-0.4659793998450228,-7.380509472558332,0.019651752990632196,-16.542791316694665,-7.705604321289591,0.00045029649189169625,-0.1408845511137642
38,ES,2025,0.0004231236781909,38.0,-7.767846038223678,-7.29185847180832,-0.4759875664153581,-7.29185847180832,0.0202674338985073,-16.542791316694665,-7.6271384013162296,0.0004870526151884285,-0.14070763690744847
39,ES,2025,0.000457188163891,39.0,-7.690415514631131,-7.193465343122429,-0.49695017150870235,-7.193465343122429,0.020335399475374303,-16.542791316694665,-7.529869612985168,0.0005368082449471713,-0.16054590164596316
40,ES,2025,0.000536405621954,40.0,-7.530619925713092,-7.077947167903955,-0.45267275780913696,-7.077947167903955,0.020319399669134045,-16.542791316694665,-7.414086756310954,0.0006027025561551575,-0.11653316940213809
41,ES,2025,0.0005927176212811,41.0,-7.430792459089226,-6.985908311238438,-0.44488414785078767,-6.985908311238438,0.020495343107482796,-16.542791316694665,-7.324958495229582,0.0006588870097926018,-0.10583396385964328
42,ES,2025,0.0006525138512672,42.0,-7.334678190997027,-6.886627376331624,-0.448050814665403,-6.886627376331624,0.020240987592618713,-16.542791316694665,-7.221469810120122,0.0007307275983638069,-0.11320838087690532
43,ES,2025,0.0007620862646334,43.0,-7.179450800504875,-6.766647604902495,-0.4128031956023799,-6.766647604902495,0.01964334143697972,-16.542791316694665,-7.091603303057032,0.0008320622476480513,-0.08784749744784293
44,ES,2025,0.0008186652316471,44.0,-7.107835310240951,-6.673177437295879,-0.4346578729450714,-6.673177437295879,0.02027819283182161,-16.542791316694665,-7.008635349592398,0.0009040414475237842,-0.09919996064855319
45,ES,2025,0.000949179209408,45.0,-6.959912936921096,-6.552189371118781,-0.40772356580231506,-6.552189371118781,0.019317153767295814,-16.542791316694665,-6.871749014723658,0.0010366623403914395,-0.08816392219743818
46,ES,2025,0.0010790355607235,46.0,-6.831687636137535,-6.454873535849522,-0.376814100288013,-6.454873535849522,0.018954085157196654,-16.542791316694665,-6.768427011203886,0.0011495013823402775,-0.06326062493364937
47,ES,2025,0.0012299238367701,47.0,-6.700803032840137,-6.3305299101334835,-0.3702731227066538,-6.3305299101334835,0.01798657493397922,-16.542791316694665,-6.628078065768393,0.0013227027924394112,-0.07272496707174447
48,ES,2025,0.0014316609919674,48.0,-6.548919975923351,-6.220814296334984,-0.3281056795883668,-6.220814296334984,0.017220232470692053,-16.542791316694665,-6.505685008522612,0.0014949163774460226,-0.043234967400739066
49,ES,2025,0.0016213491418447,49.0,-6.424496672718516,-6.12266281679637,-0.30183385592214584,-6.12266281679637,0.016495468408212678,-16.542791316694665,-6.395543908344562,0.0016689778457707348,-0.028952764373953777
50,ES,2025,0.0018291942780906,50.0,-6.303879694279187,-6.01252289613826,-0.2913567981409271,-6.01252289613826,0.015773513858200243,-16.542791316694665,-6.2734608442254585,0.001885691193812761,-0.030418850053728796
51,ES,2025,0.002149971927384,51.0,-6.142300493958507,-5.903208218347992,-0.23909227561051427,-5.903208218347992,0.015010303509196268,-16.542791316694665,-6.151520536900875,0.002130240197369003,0.009220042942368778
52,ES,2025,0.0023718755586779,52.0,-6.044074261837583,-5.8081042393910085,-0.2359700224465744,-5.8081042393910085,0.01375066533335655,-16.542791316694665,-6.0355786264664335,0.0023921119875155526,-0.00849563537114939
53,ES,2025,0.0026514786919676,53.0,-5.932637797637521,-5.720911168614,-0.2117266290235209,-5.720911168614,0.01295815778978835,-16.542791316694665,-5.93527526877927,0.0026444947075118315,0.002637471141748726
54,ES,2025,0.0029738823606666,54.0,-5.817886987655716,-5.6236754556493525,-0.19421153200636354,-5.6236754556493525,0.012093797968350164,-16.542791316694665,-5.823740631666035,0.00295652516298902,0.005853644010318959
55,ES,2025,0.003287321028354,55.0,-5.717682323004578,-5.5475059250876795,-0.1701763979168982,-5.5475059250876795,0.011123008713019614,-16.542791316694665,-5.731511537040939,0.0032421728635994317,0.013829214036361392
56,ES,2025,0.0036954487414913,56.0,-5.600653286356081,-5.447873319087934,-0.15277996726814713,-5.447873319087934,0.0097378469097369,-16.542791316694665,-5.608964488389632,0.0036648624010885817,0.008311202033550735
57,ES,2025,0.0040549990557502,57.0,-5.5078048242754045,-5.361624095608647,-0.14618072866675735,-5.361624095608647,0.009929976269879456,-16.542791316694665,-5.525893620820993,0.003982308427875318,0.01808879654558826
58,ES,2025,0.0043873750976183,58.0,-5.429024158374673,-5.289540248432316,-0.13948390994235638,-5.289540248432316,0.00935670774989911,-16.542791316694665,-5.444326312150197,0.004320749864041015,0.015302153775524019
59,ES,2025,0.0048203224432436,59.0,-5.334914456218622,-5.19930701899836,-0.13560743722026203,-5.19930701899836,0.008908196402758034,-16.542791316694665,-5.346673453097317,0.004763972246883214,0.011758996878694639
60,ES,2025,0.0052439877888114,60.0,-5.2506730416853395,-5.110907651640006,-0.1397653900453335,-5.110907651640006,0.008778985536951035,-16.542791316694665,-5.256136577350068,0.00521541519925767,0.005463535664728347
61,ES,2025,0.0057005007216833,61.0,-5.167201262090508,-5.045809169822402,-0.12139209226810621,-5.045809169822402,0.00800832928859658,-16.542791316694665,-5.178289290039029,0.005637642540996435,0.011088027948520818
62,ES,2025,0.0062259602818026,62.0,-5.0790275863915815,-4.960413731356616,-0.11861385503496535,-4.960413731356616,0.007443410213112718,-16.542791316694665,-5.0835485131966935,0.006197876700816895,0.004520926805112069
63,ES,2025,0.006679396385863,63.0,-5.008727656914174,-4.885391394955979,-0.1233362619581948,-4.885391394955979,0.007222264733534511,-16.542791316694665,-5.004867813276764,0.006705227631719366,-0.0038598436374099876
64,ES,2025,0.0071397741842082,64.0,-4.94207412999238,-4.809747994957796,-0.13232613503458435,-4.809747994957796,0.007559181092484768,-16.542791316694665,-4.934797950295875,0.007191913923184956,-0.0072761796965048475
65,ES,2025,0.007747507946871,65.0,-4.860384042569305,-4.723216287999865,-0.13716775456944053,-4.723216287999865,0.007919647211399497,-16.542791316694665,-4.8542293591198895,0.007795338445609951,-0.006154683449415721
66,ES,2025,0.008279689064228,66.0,-4.793949863919555,-4.644559039801131,-0.14939082411842364,-4.644559039801131,0.007934399503536919,-16.542791316694665,-4.775816155011428,0.00843120011241419,-0.0181337089081266
67,ES,2025,0.00897966829388,67.0,-4.712792335670978,-4.557414841927601,-0.1553774937433774,-4.557414841927601,0.008404693358453006,-16.542791316694665,-4.6964519302372985,0.009127605096439844,-0.016340405433679983
68,ES,2025,0.009596159953574,68.0,-4.6463922653676635,-4.4797090952454734,-0.16668317012219003,-4.4797090952454734,0.009200825359483569,-16.542791316694665,-4.631916429108762,0.00973608269976705,-0.014475836258901253
69,ES,2025,0.0104833218915376,69.0,-4.557969675931649,-4.382229805038305,-0.1757398708933442,-4.382229805038305,0.009487510691631477,-16.542791316694665,-4.539179714524874,0.010682165385769205,-0.01878996140677547
70,ES,2025,0.0112379800168541,70.0,-4.488456164470069,-4.295870935322768,-0.19258522914730047,-4.295870935322768,0.009992018752246168,-16.542791316694665,-4.461166816373677,0.011548880000456096,-0.027289348096392274
71,ES,2025,0.0123157644658811,71.0,-4.396875173341053,-4.202390723867514,-0.19448444947353938,-4.202390723867514,0.010527324752195758,-16.542791316694665,-4.3765420603661624,0.012568745526495468,-0.02033311297489071
72,ES,2025,0.0132725514126067,72.0,-4.3220571798950616,-4.105247951290851,-0.2168092286042107,-4.105247951290851,0.011559102396732036,-16.542791316694665,-4.296467770048294,0.013616571027565595,-0.025589409846767275
73,ES,2025,0.0146602233257333,73.0,-4.22261734896072,-4.0058509251784455,-0.21676642378227484,-4.0058509251784455,0.01169743913549465,-16.542791316694665,-4.199359219736671,0.015005188769386191,-0.023258129224049462
74,ES,2025,0.0163412432677183,74.0,-4.114063105069117,-3.8921275147904475,-0.22193559027866927,-3.8921275147904475,0.012327970030389813,-16.542791316694665,-4.096066550361652,0.016637991560522876,-0.017996554707464973
75,ES,2025,0.0180222643043643,75.0,-4.016147379625721,-3.783491560567625,-0.2326558190580963,-3.783491560567625,0.012695972475206428,-16.542791316694665,-3.9935183837874644,0.018434739395622412,-0.022628995838256838
76,ES,2025,0.0200753695724348,76.0,-3.9082616097329725,-3.675502488423401,-0.23275912130957144,-3.675502488423401,0.01295867437417588,-16.542791316694665,-3.8898751343363913,0.02044789911903116,-0.018386475396581226
77,ES,2025,0.0224486967384104,77.0,-3.796522718220126,-3.556312797152416,-0.24020992106770978,-3.556312797152416,0.013218506789362525,-16.542791316694665,-3.774983796487152,0.022937462306382966,-0.021538921732974003
78,ES,2025,0.0252325142212191,78.0,-3.6796218692442015,-3.4390698671831883,-0.24055200206101324,-3.4390698671831883,0.013120427703430103,-16.542791316694665,-3.656118364666812,0.025832591065120765,-0.023503504577389478
79,ES,2025,0.0287625928483336,79.0,-3.5486795955221306,-3.311352573991767,-0.23732702153036378,-3.311352573991767,0.012917105267199382,-16.542791316694665,-3.5250375508428236,0.029450701449682135,-0.023642044679307084
80,ES,2025,0.0326770464621635,80.0,-3.4210823906094068,-3.184564341600823,-0.23651804900858364,-3.184564341600823,0.013361763206868073,-16.542791316694665,-3.4056052019551304,0.03318672932964796,-0.015477188654276386
81,ES,2025,0.0373089371258031,81.0,-3.288522379804192,-3.057863262918503,-0.23065911688568885,-3.057863262918503,0.01261299801953086,-16.542791316694665,-3.266517457033485,0.03813901683122332,-0.02200492277070687
82,ES,2025,0.042645670594304,82.0,-3.15482952029533,-2.9290846642073762,-0.22574485608795358,-2.9290846642073762,0.01222347467468327,-16.542791316694665,-3.131295054915564,0.0436612169497288,-0.023534465379766
83,ES,2025,0.0490746587149208,83.0,-3.014412493200986,-2.7973309766042154,-0.21708151659677055,-2.7973309766042154,0.011605682635583328,-16.542791316694665,-2.9893213625324573,0.05032157524482878,-0.02509113066852864
84,ES,2025,0.0568538089750416,84.0,-2.867272060589536,-2.666186175006246,-0.20108588558328977,-2.666186175006246,0.010462248076074009,-16.542791316694665,-2.839260961632229,0.05846886073264063,-0.028011098957307023
85,ES,2025,0.0660776559674981,85.0,-2.7169246230454043,-2.530191560187631,-0.18673306285777347,-2.530191560187631,0.009737743869726704,-16.542791316694665,-2.6912810249199426,0.06779403787021558,-0.025643598125461686
20,FR,2004,0.00059,20.0,-7.435388021064509,-7.77602062301884,0.3406326019543311,-7.77602062301884,0.027065368019014283,16.027844682755862,-7.342221108128451,0.0006476105093590179,-0.0931669129360575
21,FR,2004,0.00059,21.0,-7.435388021064509,-7.73687186427873,0.3014838432142213,-7.73687186427873,0.023695264288118734,16.027844682755862,-7.357087848551911,0.0006380538661049312,-0.07830017251259758
22,FR,2004,0.00059,22.0,-7.435388021064509,-7.7317418350689575,0.2963538140044486,-7.7317418350689575,0.024368876838677903,16.027844682755862,-7.341161262005421,0.0006482972406970864,-0.0942267590590875
23,FR,2004,0.00061,23.0,-7.402051600796917,-7.6903345955130415,0.2882829947161243,-7.6903345955130415,0.023859905728048508,16.027844682755862,-7.307911732358683,0.0006702151804045757,-0.09413986843823441
24,FR,2004,0.00059,24.0,-7.435388021064509,-7.676073101708835,0.24068508064432592,-7.676073101708835,0.022773052801918214,16.027844682755862,-7.311070148447492,0.0006681017013758393,-0.12431787261701732
25,FR,2004,0.00058,25.0,-7.4524824544238095,-7.647622225504298,0.19513977108048852,-7.647622225504298,0.021477049735121993,16.027844682755862,-7.30339140810594,0.0006732516280326495,-0.14909104631786985
26,FR,2004,0.0006,26.0,-7.418580902748128,-7.598603886727846,0.1800229839797174,-7.598603886727846,0.020228418997948437,16.027844682755862,-7.27438592885102,0.0006930655816398261,-0.14419497389710845
27,FR,2004,0.0006,27.0,-7.418580902748128,-7.610017659896407,0.19143675714827868,-7.610017659896407,0.021844882459629948,16.027844682755862,-7.2598912767204,0.0007031844839738103,-0.15868962602772818
28,FR,2004,0.00059,28.0,-7.435388021064509,-7.540022071635147,0.10463405057063824,-7.540022071635147,0.01993958347081985,16.027844682755862,-7.220433524726,0.0007314852331962272,-0.2149544963385086
29,FR,2004,0.00066,29.0,-7.3232707229438025,-7.522165723461602,0.1988950005177994,-7.522165723461602,0.019123715743917843,16.027844682755862,-7.215653777760914,0.000734989916597202,-0.10761694518288856
30,FR,2004,0.00072,30.0,-7.236259345954173,-7.483520175967049,0.24726083001287602,-7.483520175967049,0.018652436174824778,16.027844682755862,-7.184561826001941,0.0007582011591977769,-0.05169751995223226
31,FR,2004,0.00073,31.0,-7.222466023821838,-7.434974497756649,0.2125084739348111,-7.434974497756649,0.019107855853761156,16.027844682755862,-7.128716751912077,0.0008017475686799207,-0.09374927190976035
32,FR,2004,0.00072,32.0,-7.236259345954173,-7.370736280916335,0.1344769349621613,-7.370736280916335,0.018541998976225594,16.027844682755862,-7.073548001217572,0.0008472218262368401,-0.16271134473660087
33,FR,2004,0.00089,33.0,-7.024289095238089,-7.310007884633488,0.28571878939539896,-7.310007884633488,0.018290514561482833,16.027844682755862,-7.016850358074357,0.0008966451612372822,-0.007438737163732334
34,FR,2004,0.00086,34.0,-7.05857816871672,-7.237925810610667,0.1793476418939468,-7.237925810610667,0.017506366593865882,16.027844682755862,-6.957336485884799,0.0009516278762462766,-0.10124168283192159
35,FR,2004,0.001,35.0,-6.907755278982137,-7.175930850927135,0.2681755719449983,-7.175930850927135,0.02028229426963641,16.027844682755862,-6.850849388563454,0.0010585561854283309,-0.056905890418683214
36,FR,2004,0.00105,36.0,-6.8589651148127055,-7.07663964675468,0.2176745319419746,-7.07663964675468,0.02041717609479281,16.027844682755862,-6.749396319446865,0.0011715866714431995,-0.10956879536584019
37,FR,2004,0.0012,37.0,-6.725433722188183,-6.97700817216001,0.25157444997182754,-6.97700817216001,0.019651752990632196,16.027844682755862,-6.662032927482274,0.0012785445382831027,-0.06340079470590876
38,FR,2004,0.00128,38.0,-6.660895201050611,-6.898518252238512,0.23762305118790117,-6.898518252238512,0.0202674338985073,16.027844682755862,-6.573674969595216,0.0013966553036018656,-0.0872202314553947
39,FR,2004,0.00137,39.0,-6.5929445391421035,-6.809932685090125,0.2169881459480214,-6.809932685090125,0.020335399475374303,16.027844682755862,-6.4840000607370305,0.0015276875979610897,-0.10894447840507304
40,FR,2004,0.00151,40.0,-6.495645628155304,-6.737658000327092,0.2420123721717875,-6.737658000327092,0.020319399669134045,16.027844682755862,-6.411981818383371,0.0016417675906407365,-0.08366380977193355
41,FR,2004,0.00169,41.0,-6.383026750047155,-6.637116448233414,0.2540896981862586,-6.637116448233414,0.020495343107482796,16.027844682755862,-6.3086202721868885,0.0018205433614801277,-0.07440647786026666
42,FR,2004,0.00188,42.0,-6.276483502140279,-6.548287899120462,0.27180439698018244,-6.548287899120462,0.020240987592618713,16.027844682755862,-6.2238684937603805,0.0019815647001489747,-0.05261500837989885
43,FR,2004,0.0022,43.0,-6.119297918617867,-6.448116742631472,0.32881882401360496,-6.448116742631472,0.01964334143697972,16.027844682755862,-6.133276317029218,0.002169461460686196,0.013978398411351733
44,FR,2004,0.00235,44.0,-6.05333995082607,-6.351297175582103,0.2979572247560336,-6.351297175582103,0.02027819283182161,16.027844682755862,-6.026281450426693,0.0024144555789784353,-0.027058500399376406
45,FR,2004,0.00252,45.0,-5.983496377458805,-6.248201457920508,0.2647050804617024,-6.248201457920508,0.019317153767295814,16.027844682755862,-5.938589117625378,0.002635745756134468,-0.04490725983342703
46,FR,2004,0.00282,46.0,-5.871018394032115,-6.150947090642127,0.2799286966100123,-6.150947090642127,0.018954085157196654,16.027844682755862,-5.8471539576388505,0.0028881071476906913,-0.0238644363932643
47,FR,2004,0.00311,47.0,-5.773132552790995,-6.046710559418147,0.2735780066271527,-6.046710559418147,0.01798657493397922,16.027844682755862,-5.758424530001578,0.0031560799929800606,-0.014708022789416297
48,FR,2004,0.00344,48.0,-5.6722838075968305,-5.950188915889004,0.2779051082921731,-5.950188915889004,0.017220232470692053,16.027844682755862,-5.674185704447802,0.003433463692494255,0.0019018968509714185
49,FR,2004,0.0036,49.0,-5.626821433520073,-5.853018983780143,0.22619755026007038,-5.853018983780143,0.016495468408212678,16.027844682755862,-5.588632178164004,0.0037401402129531624,-0.03818925535606876
50,FR,2004,0.00411,50.0,-5.4943322504739935,-5.752765937855305,0.2584336873813111,-5.752765937855305,0.015773513858200243,16.027844682755862,-5.499950507634774,0.004086973707454037,0.005618257160780793
51,FR,2004,0.00431,51.0,-5.44681737486648,-5.664254737397501,0.21743736253102064,-5.664254737397501,0.015010303509196268,16.027844682755862,-5.423671924111078,0.004410920310483407,-0.023145450755402308
52,FR,2004,0.00442,52.0,-5.42161558289253,-5.582167467137789,0.16055188424525912,-5.582167467137789,0.01375066533335655,16.027844682755862,-5.361773938890195,0.004692574379592929,-0.059841644002334604
53,FR,2004,0.00493,53.0,-5.312416290927538,-5.493506907215805,0.18109061628826684,-5.493506907215805,0.01295815778978835,16.027844682755862,-5.285815566786434,0.005062901369710455,-0.026600724141103704
54,FR,2004,0.00517,54.0,-5.2648825904617995,-5.4110136553290165,0.14613106486721694,-5.4110136553290165,0.012093797968350164,16.027844682755862,-5.2171761398676715,0.0054226202474157575,-0.047706450594128036
55,FR,2004,0.00543,55.0,-5.215816145036293,-5.326980568060005,0.11116442302371166,-5.326980568060005,0.011123008713019614,16.027844682755862,-5.148702712002787,0.005806933107168148,-0.06711343303350681
56,FR,2004,0.00566,56.0,-5.1743313867670455,-5.25008143585457,0.07575004908752447,-5.25008143585457,0.0097378469097369,16.027844682755862,-5.094004738040852,0.006133407945753149,-0.0803266487261931
57,FR,2004,0.00623,57.0,-5.0783789461827755,-5.172600340841025,0.0942213946582493,-5.172600340841025,0.009929976269879456,16.027844682755862,-5.013444223483946,0.006647966746421822,-0.06493472269882972
58,FR,2004,0.00667,58.0,-5.010135419054604,-5.102985875472896,0.09285045641829193,-5.102985875472896,0.00935670774989911,16.027844682755862,-4.953018016915575,0.0070620633080090795,-0.057117402139029494
59,FR,2004,0.0074,59.0,-4.9062752787720125,-5.0302681737194455,0.12399289494743293,-5.0302681737194455,0.008908196402758034,16.027844682755862,-4.887488985372555,0.007540332608722362,-0.018786293399457143
60,FR,2004,0.00772,60.0,-4.863940914945452,-4.953982695108957,0.09004178016350473,-4.953982695108957,0.008778985536951035,16.027844682755862,-4.813274478450546,0.008121223340570586,-0.05066643649490654
61,FR,2004,0.00811,61.0,-4.8146574108548155,-4.88408760242258,0.06943019156776487,-4.88408760242258,0.00800832928859658,16.027844682755862,-4.755731344416589,0.008602251183822126,-0.058926066438226066
62,FR,2004,0.00868,62.0,-4.746733750309878,-4.814965958824859,0.06823220851498046,-4.814965958824859,0.007443410213112718,16.027844682755862,-4.695664136019049,0.009134798604091113,-0.0510696142908289
63,FR,2004,0.00935,63.0,-4.672378935681541,-4.748481591345951,0.07610265566440955,-4.748481591345951,0.007222264733534511,16.027844682755862,-4.632724253939115,0.009728220826347635,-0.03965468174242659
64,FR,2004,0.00985,64.0,-4.62028382379814,-4.690926505238551,0.07064268144041108,-4.690926505238551,0.007559181092484768,16.027844682755862,-4.56976912475938,0.0103603513901342,-0.050514699038759936
65,FR,2004,0.01072,65.0,-4.535644123339481,-4.619343757405519,0.08369963406603809,-4.619343757405519,0.007919647211399497,16.027844682755862,-4.492408881958988,0.011193647132107104,-0.043235241380493505
66,FR,2004,0.0114,66.0,-4.474141923581687,-4.560324136429761,0.08618221284807426,-4.560324136429761,0.007934399503536919,16.027844682755862,-4.433152813536136,0.011876984662692247,-0.04098911004555106
67,FR,2004,0.01208,67.0,-4.416204086475468,-4.495665688730098,0.0794616022546295,-4.495665688730098,0.008404693358453006,16.027844682755862,-4.360956568974623,0.01276617008476783,-0.05524751750084533
68,FR,2004,0.0136,68.0,-4.29768548624013,-4.417567476370841,0.11988199013071021,-4.417567476370841,0.009200825359483569,16.027844682755862,-4.270098076555876,0.013980411935444878,-0.027587409684254105
69,FR,2004,0.01449,69.0,-4.234296522649546,-4.348424688891062,0.11412816624151567,-4.348424688891062,0.009487510691631477,16.027844682755862,-4.196360341099607,0.015050255049810186,-0.03793618154993972
70,FR,2004,0.01616,70.0,-4.125216225889187,-4.270002935234258,0.14478670934507054,-4.270002935234258,0.009992018752246168,16.027844682755862,-4.109852410606072,0.01641019631850172,-0.015363815283115478
71,FR,2004,0.01763,71.0,-4.038153282572358,-4.192617050716458,0.15446376814410012,-4.192617050716458,0.010527324752195758,16.027844682755862,-4.023886724663333,0.01788332213676436,-0.014266557909024868
72,FR,2004,0.01921,72.0,-3.9523243022016716,-4.107034005143146,0.15470970294147435,-4.107034005143146,0.011559102396732036,16.027844682755862,-3.9217665072562538,0.019806076245854613,-0.030557794945417882
73,FR,2004,0.02145,73.0,-3.842030633608111,-4.021059358227231,0.17902872461912,-4.021059358227231,0.01169743913549465,16.027844682755862,-3.833574620577533,0.02163215052774863,-0.008456013030578191
74,FR,2004,0.02398,74.0,-3.7305351293827687,-3.933318769422809,0.20278364004004024,-3.933318769422809,0.012327970030389813,16.027844682755862,-3.735727980522052,0.02385579818953545,0.005192851139283139
75,FR,2004,0.02554,75.0,-3.667509428377744,-3.8366256838237844,0.1691162554460406,-3.8366256838237844,0.012695972475206428,16.027844682755862,-3.6331366088946324,0.02643314381004763,-0.03437281948311144
76,FR,2004,0.02938,76.0,-3.5274411082364057,-3.732175490169328,0.20473438193292237,-3.732175490169328,0.01295867437417588,16.027844682755862,-3.5244758700056287,0.029467247990830895,-0.0029652382307769898
77,FR,2004,0.03209,77.0,-3.4392108238603716,-3.630336016335675,0.19112519247530324,-3.630336016335675,0.013218506789362525,16.027844682755862,-3.4184718425778184,0.03276246290483743,-0.020738981282553137
78,FR,2004,0.03541,78.0,-3.3407610128583247,-3.5209399877050602,0.1801789748467355,-3.5209399877050602,0.013120427703430103,16.027844682755862,-3.310647810303155,0.036492525860652325,-0.030113202555169583
79,FR,2004,0.04002,79.0,-3.21837594982655,-3.403718433545346,0.18534248371879603,-3.403718433545346,0.012917105267199382,16.027844682755862,-3.1966850765718666,0.04089755177316288,-0.02169087325468322
80,FR,2004,0.04598,80.0,-3.0795487596471016,-3.2760506992837977,0.19650193963669604,-3.2760506992837977,0.013361763206868073,16.027844682755862,-3.0618904339163544,0.04679914086014011,-0.017658325730747215
81,FR,2004,0.05075,81.0,-2.9808436610602405,-3.1503092060021,0.1694655449418594,-3.1503092060021,0.01261299801953086,16.027844682755862,-2.948150032761152,0.05243662230813273,-0.032693628299088395
82,FR,2004,0.05739,82.0,-2.857885206861866,-3.0292100300712823,0.17132482320941644,-3.0292100300712823,0.01222347467468327,16.027844682755862,-2.833294076501859,0.05881878063606666,-0.02459113036000682
83,FR,2004,0.06494,83.0,-2.734291512307437,-2.8995439302807133,0.16525241797327617,-2.8995439302807133,0.011605682635583328,16.027844682755862,-2.713529851560227,0.06630235569610414,-0.020761660747210087
84,FR,2004,0.07331,84.0,-2.613058253746642,-2.7677715987687788,0.15471334502213674,-2.7677715987687788,0.010462248076074009,16.027844682755862,-2.6000843115730032,0.07426731635609932,-0.012973942173638786
85,FR,2004,0.0823,85.0,-2.497384171299113,-2.636244978741484,0.13886080744237095,-2.636244978741484,0.009737743869726704,16.027844682755862,-2.4801699324370463,0.08372899611084442,-0.017214238862066633
20,FR,2005,0.00058,20.0,-7.4524824544238095,-7.77602062301884,0.3235381685950305,-7.77602062301884,0.027065368019014283,14.854599389598459,-7.373975423764333,0.0006273691567975225,-0.07850703065947684
21,FR,2005,0.00057,21.0,-7.469874197135678,-7.73687186427873,0.26699766714305184,-7.73687186427873,0.023695264288118734,14.854599389598459,-7.384888205848068,0.0006205600347101498,-0.08498599128761075
22,FR,2005,0.00058,22.0,-7.4524824544238095,-7.7317418350689575,0.279259380645148,-7.7317418350689575,0.024368876838677903,14.854599389598459,-7.369751932055933,0.0006300244485837198,-0.0827305223678767
23,FR,2005,0.00065,23.0,-7.338538195074591,-7.6903345955130415,0.3517964004384506,-7.6903345955130415,0.023859905728048508,14.854599389598459,-7.335905254449296,0.0006517136664074116,-0.002632940625295177
24,FR,2005,0.00057,24.0,-7.469874197135678,-7.676073101708835,0.20619890457315648,-7.676073101708835,0.022773052801918214,14.854599389598459,-7.337788525458167,0.0006504874679478003,-0.13208567167751095
25,FR,2005,0.00058,25.0,-7.4524824544238095,-7.647622225504298,0.19513977108048852,-7.647622225504298,0.021477049735121993,14.854599389598459,-7.328589255618579,0.0006564990865484028,-0.12389319880523075
26,FR,2005,0.00063,26.0,-7.369790738578696,-7.598603886727846,0.22881314814914955,-7.598603886727846,0.020228418997948437,14.854599389598459,-7.298118826228379,0.0006768107770726231,-0.07167191235031733
27,FR,2005,0.00056,27.0,-7.487573774235079,-7.610017659896407,0.12244388566132791,-7.610017659896407,0.021844882459629948,14.854599389598459,-7.285520682245738,0.0006853912723625279,-0.20205309198934085
28,FR,2005,0.00059,28.0,-7.435388021064509,-7.540022071635147,0.10463405057063824,-7.540022071635147,0.01993958347081985,14.854599389598459,-7.2438275471806595,0.0007145714631576609,-0.19156047388384945
29,FR,2005,0.00064,29.0,-7.354042381610556,-7.522165723461602,0.16812334185104572,-7.522165723461602,0.019123715743917843,14.854599389598459,-7.2380905872451455,0.0007186827127740008,-0.1159517943654107
30,FR,2005,0.00068,30.0,-7.293417759794122,-7.483520175967049,0.19010241617292767,-7.483520175967049,0.018652436174824778,14.854599389598459,-7.206445708949973,0.0007417890095420635,-0.08697205084414872
31,FR,2005,0.00077,31.0,-7.1691200431165445,-7.434974497756649,0.26585445464010427,-7.434974497756649,0.019107855853761156,14.854599389598459,-7.151134953854833,0.0007839738021048019,-0.017985089261711273
32,FR,2005,0.00077,32.0,-7.1691200431165445,-7.370736280916335,0.2016162377997901,-7.370736280916335,0.018541998976225594,14.854599389598459,-7.095302314242159,0.0008289901254972838,-0.07381772887438576
33,FR,2005,0.00081,33.0,-7.1184763102977895,-7.310007884633488,0.19153157433569845,-7.310007884633488,0.018290514561482833,14.854599389598459,-7.038309618193043,0.0008776088030831915,-0.08016669210474614
34,FR,2005,0.00087,34.0,-7.047017346315645,-7.237925810610667,0.19090846429502228,-7.237925810610667,0.017506366593865882,14.854599389598459,-6.97787574809134,0.0009322815020185916,-0.06914159822430488
35,FR,2005,0.00092,35.0,-6.991136887921188,-7.175930850927135,0.18479396300594697,-7.175930850927135,0.02028229426963641,14.854599389598459,-6.874645494849738,0.0010336640129192372,-0.11649139307144996
36,FR,2005,0.00106,36.0,-6.849486370858162,-7.07663964675468,0.22715327589651846,-7.07663964675468,0.02041717609479281,14.854599389598459,-6.773350675199646,0.0011438555343060868,-0.07613569565851552
37,FR,2005,0.00108,37.0,-6.830794237846009,-6.97700817216001,0.14621393431400165,-6.97700817216001,0.019651752990632196,14.854599389598459,-6.685089254180825,0.001249403234355926,-0.14570498366518336
38,FR,2005,0.00124,38.0,-6.6926438993651916,-6.898518252238512,0.20587435287332045,-6.898518252238512,0.0202674338985073,14.854599389598459,-6.597453641021018,0.00136383643693591,-0.09519025834417327
39,FR,2005,0.00135,39.0,-6.607650686531799,-6.809932685090125,0.20228199855832596,-6.809932685090125,0.020335399475374303,14.854599389598459,-6.507858472455989,0.0014916707590112107,-0.09979221407581029
40,FR,2005,0.00154,40.0,-6.475972862556599,-6.737658000327092,0.26168513777049274,-6.737658000327092,0.020319399669134045,14.854599389598459,-6.435821458404966,0.001603091288559735,-0.040151404151632875
41,FR,2005,0.00159,41.0,-6.444021262749997,-6.637116448233414,0.19309518548341664,-6.637116448233414,0.020495343107482796,14.854599389598459,-6.332666337019389,0.001777288595420519,-0.11135492573060812
42,FR,2005,0.00176,42.0,-6.342441469932076,-6.548287899120462,0.20584642918838547,-6.548287899120462,0.020240987592618713,14.854599389598459,-6.247616137182278,0.0019350615636198787,-0.09482533274979854
43,FR,2005,0.00193,43.0,-6.250235276065343,-6.448116742631472,0.1978814665661286,-6.448116742631472,0.01964334143697972,14.854599389598459,-6.156322774912039,0.00212003480090433,-0.09391250115330418
44,FR,2005,0.00223,44.0,-6.10575369351011,-6.351297175582103,0.2455434820719935,-6.351297175582103,0.02027819283182161,14.854599389598459,-6.050072744720366,0.0023576904907164167,-0.05568094878974339
45,FR,2005,0.00249,45.0,-5.995472568505521,-6.248201457920508,0.2527288894149864,-6.248201457920508,0.019317153767295814,14.854599389598459,-5.961252877360056,0.002576681682727205,-0.034219691145465525
46,FR,2005,0.00277,46.0,-5.88890795878289,-6.150947090642127,0.262039131859237,-6.150947090642127,0.018954085157196654,14.854599389598459,-5.869391748835636,0.0028245908723019803,-0.01951620994725367
47,FR,2005,0.00306,47.0,-5.789340363017848,-6.046710559418147,0.25737019640029946,-6.046710559418147,0.01798657493397922,14.854599389598459,-5.779527194382893,0.003090176115519523,-0.009813168634955183
48,FR,2005,0.00343,48.0,-5.675195017804288,-5.950188915889004,0.2749938980847153,-5.950188915889004,0.017220232470692053,14.854599389598459,-5.694389261141118,0.0033647915606706447,0.01919424333682951
49,FR,2005,0.00378,49.0,-5.578031269350641,-5.853018983780143,0.27498771442950254,-5.853018983780143,0.016495468408212678,14.854599389598459,-5.607985408832366,0.0036684523500817383,0.02995413948172576
50,FR,2005,0.00405,50.0,-5.509038397863689,-5.752765937855305,0.24372753999161567,-5.752765937855305,0.015773513858200243,14.854599389598459,-5.51845670852546,0.004012034905984082,0.009418310661771123
51,FR,2005,0.00428,51.0,-5.453802269388432,-5.664254737397501,0.21045246800906892,-5.664254737397501,0.015010303509196268,14.854599389598459,-5.4412826920521065,0.004333920618384938,-0.012519577336325582
52,FR,2005,0.00444,52.0,-5.417100902538004,-5.582167467137789,0.16506656459978508,-5.582167467137789,0.01375066533335655,14.854599389598459,-5.377906842270338,0.004617476929275483,-0.0391940602676657
53,FR,2005,0.00482,53.0,-5.334981350919628,-5.493506907215805,0.15852555629617626,-5.493506907215805,0.01295815778978835,14.854599389598459,-5.301018664421294,0.004986511736744135,-0.03396268649833445
54,FR,2005,0.00522,54.0,-5.2552578770875895,-5.4110136553290165,0.15575577824142695,-5.4110136553290165,0.012093797968350164,14.854599389598459,-5.231365131410435,0.005346222023214961,-0.023892745677154714
55,FR,2005,0.00541,55.0,-5.219506186123747,-5.326980568060005,0.10747438193625847,-5.326980568060005,0.011123008713019614,14.854599389598459,-5.161752729621085,0.005731644852815546,-0.05775345650266139
56,FR,2005,0.00581,56.0,-5.148174708118317,-5.25008143585457,0.10190672773625309,-5.25008143585457,0.0097378469097369,14.854599389598459,-5.105429621093189,0.006063733247771709,-0.04274508702512758
57,FR,2005,0.00637,57.0,-5.056155809398065,-5.172600340841025,0.11644453144295941,-5.172600340841025,0.009929976269879456,14.854599389598459,-5.025094521403746,0.006570965368704599,-0.031061287994319287
58,FR,2005,0.00673,58.0,-5.001180135325501,-5.102985875472896,0.10180574014739552,-5.102985875472896,0.00935670774989911,14.854599389598459,-4.963995730242594,0.0069849619739773714,-0.03718440508290666
59,FR,2005,0.00722,59.0,-4.930900326077402,-5.0302681737194455,0.09936784764204365,-5.0302681737194455,0.008908196402758034,14.854599389598459,-4.8979404848726125,0.007461935224976533,-0.03295984120478934
60,FR,2005,0.00782,60.0,-4.851070724424917,-4.953982695108957,0.10291197068403957,-4.953982695108957,0.008778985536951035,14.854599389598459,-4.82357438191047,0.008038004831198408,-0.027496342514447214
61,FR,2005,0.00798,61.0,-4.8308168675204195,-4.88408760242258,0.05327073490216083,-4.88408760242258,0.00800832928859658,14.854599389598459,-4.76512707906049,0.008521805230585693,-0.06568978845992923
62,FR,2005,0.00871,62.0,-4.743283488117726,-4.814965958824859,0.07168247070713285,-4.814965958824859,0.007443410213112718,14.854599389598459,-4.704397082016624,0.009055372219130985,-0.038886406101101834
63,FR,2005,0.00912,63.0,-4.697285474895897,-4.748481591345951,0.05119611645005406,-4.748481591345951,0.007222264733534511,14.854599389598459,-4.641197742043671,0.009646137121678213,-0.05608773285222579
64,FR,2005,0.00992,64.0,-4.613202357685355,-4.690926505238551,0.07772414755319534,-4.690926505238551,0.007559181092484768,14.854599389598459,-4.578637898396262,0.010268874024477338,-0.03456445928909346
65,FR,2005,0.01056,65.0,-4.550682000704022,-4.619343757405519,0.06866175670149754,-4.619343757405519,0.007919647211399497,14.854599389598459,-4.501700570773229,0.011090120957588783,-0.048981429930792686
66,FR,2005,0.01149,66.0,-4.466278187121473,-4.560324136429761,0.09404594930828836,-4.560324136429761,0.007934399503536919,14.854599389598459,-4.442461810407692,0.011766934870925495,-0.023816376713781118
67,FR,2005,0.01235,67.0,-4.394099215908151,-4.495665688730098,0.10156647282194697,-4.495665688730098,0.008404693358453006,14.854599389598459,-4.3708173358978595,0.0126409044795401,-0.02328188001029119
68,FR,2005,0.01337,68.0,-4.314741887868285,-4.417567476370841,0.1028255885025553,-4.417567476370841,0.009200825359483569,14.854599389598459,-4.280892901602054,0.013830307467876,-0.03384898626623123
69,FR,2005,0.01464,69.0,-4.223997770448972,-4.348424688891062,0.12442691844209008,-4.348424688891062,0.009487510691631477,14.854599389598459,-4.207491518362344,0.01488365692976942,-0.016506252086627704
70,FR,2005,0.01572,70.0,-4.152821491981077,-4.270002935234258,0.11718144325318125,-4.270002935234258,0.009992018752246168,14.854599389598459,-4.121575499576285,0.01621894136680394,-0.031245992404791423
71,FR,2005,0.01804,71.0,-4.015163764347659,-4.192617050716458,0.17745328636879876,-4.192617050716458,0.010527324752195758,14.854599389598459,-4.036237858878386,0.017663801281277938,0.02107409453072684
72,FR,2005,0.01935,72.0,-3.945062859506346,-4.107034005143146,0.16197114563679982,-4.107034005143146,0.011559102396732036,14.854599389598459,-3.9353281697363443,0.01953928607285538,-0.009734689770001914
73,FR,2005,0.02105,73.0,-3.8608547188537465,-4.021059358227231,0.16020463937348461,-4.021059358227231,0.01169743913549465,14.854599389598459,-3.8472985859852473,0.021337299532490417,-0.013556132868499216
74,FR,2005,0.02374,74.0,-3.740593889800615,-3.933318769422809,0.19272487962219387,-3.933318769422809,0.012327970030389813,14.854599389598459,-3.7501917133343925,0.023513237622691686,0.009597823533777472
75,FR,2005,0.0256,75.0,-3.6651629274966204,-3.8366256838237844,0.171462756327164,-3.8366256838237844,0.012695972475206428,14.854599389598459,-3.648032098843224,0.026042327111251137,-0.017130828653396435
76,FR,2005,0.02851,76.0,-3.5575003760575563,-3.732175490169328,0.17467511411177172,-3.732175490169328,0.01295867437417588,14.854599389598459,-3.5396795737206896,0.02902262520424619,-0.01782080233686667
77,FR,2005,0.03215,77.0,-3.4373428282985086,-3.630336016335675,0.19299318803716625,-3.630336016335675,0.013218506789362525,14.854599389598459,-3.4339803934510074,0.032258284227655934,-0.0033624348475012056
78,FR,2005,0.03572,78.0,-3.3320445229738387,-3.5209399877050602,0.18889546473122154,-3.5209399877050602,0.013120427703430103,14.854599389598459,-3.3260412903504166,0.03593508041224606,-0.006003232623422061
79,FR,2005,0.04017,79.0,-3.2146348306109465,-3.403718433545346,0.1890836029343994,-3.403718433545346,0.012917105267199382,14.854599389598459,-3.211840009527827,0.04028242499360057,-0.0027948210831194586
80,FR,2005,0.04603,80.0,-3.078461921152987,-3.2760506992837977,0.19758877813081055,-3.2760506992837977,0.013361763206868073,14.854599389598459,-3.077567059707096,0.04607120890773582,-0.0008948614458912374
81,FR,2005,0.0521,81.0,-2.954590330222816,-3.1503092060021,0.19571887577928404,-3.1503092060021,0.01261299801953086,14.854599389598459,-2.96294817332017,0.05166637100040554,0.008357843097354323
82,FR,2005,0.05861,82.0,-2.836849948493799,-3.0292100300712823,0.1923600815774833,-3.0292100300712823,0.01222347467468327,14.854599389598459,-2.84763521062996,0.05798127237686656,0.010785262136161045
83,FR,2005,0.06598,83.0,-2.7184036131817018,-2.8995439302807133,0.18114031709901157,-2.8995439302807133,0.011605682635583328,14.854599389598459,-2.727146164086304,0.06540568065739452,0.008742550904602187
84,FR,2005,0.07449,84.0,-2.597090390793952,-2.7677715987687788,0.17068120797482678,-2.7677715987687788,0.010462248076074009,14.854599389598459,-2.612359094884102,0.0733612732582006,0.01526870409015002
85,FR,2005,0.08511,85.0,-2.4638107414932673,-2.636244978741484,0.1724342372482166,-2.636244978741484,0.009737743869726704,14.854599389598459,-2.4915946945981755,0.08277785586545494,0.02778395310490822
20,FR,2006,0.00051,20.0,-7.5810998322459024,-7.77602062301884,0.19492079077293756,-7.77602062301884,0.027065368019014283,11.987343903797997,-7.45157874869206,0.0005805243862341491,-0.1295210835538425
21,FR,2006,0.00051,21.0,-7.5810998322459024,-7.73687186427873,0.15577203203282775,-7.73687186427873,0.023695264288118734,11.987343903797997,-7.452828582365668,0.0005797992805330337,-0.12827124988023453
22,FR,2006,0.0005,22.0,-7.600902459542082,-7.7317418350689575,0.1308393755268753,-7.7317418350689575,0.024368876838677903,11.987343903797997,-7.4396237278544275,0.0005875062181866823,-0.16127873168765472
23,FR,2006,0.00055,23.0,-7.505592279737757,-7.6903345955130415,0.1847423157752841,-7.6903345955130415,0.023859905728048508,11.987343903797997,-7.404317700038725,0.000608619244517845,-0.10127457969903286
24,FR,2006,0.00059,24.0,-7.435388021064509,-7.676073101708835,0.24068508064432592,-7.676073101708835,0.022773052801918214,11.987343903797997,-7.403084686032891,0.0006093701434098469,-0.0323033350316182
25,FR,2006,0.00051,25.0,-7.5810998322459024,-7.647622225504298,0.0665223932583956,-7.647622225504298,0.021477049735121993,11.987343903797997,-7.390169444290417,0.0006172913481529755,-0.19093038795548534
26,FR,2006,0.00059,26.0,-7.435388021064509,-7.598603886727846,0.16321586566333668,-7.598603886727846,0.020228418997948437,11.987343903797997,-7.356118871569317,0.0006386724252512321,-0.07926914949519226
27,FR,2006,0.00057,27.0,-7.469874197135678,-7.610017659896407,0.14014346276072853,-7.610017659896407,0.021844882459629948,11.987343903797997,-7.348155541314778,0.0006437786891465669,-0.12171865582090025
28,FR,2006,0.0006,28.0,-7.418580902748128,-7.540022071635147,0.12144116888701895,-7.540022071635147,0.01993958347081985,11.987343903797997,-7.300999427271943,0.0006748639605888904,-0.11758147547618503
29,FR,2006,0.00059,29.0,-7.435388021064509,-7.522165723461602,0.08677770239709304,-7.522165723461602,0.019123715743917843,11.987343903797997,-7.292923166120783,0.0006803364068833707,-0.14246485494372596
30,FR,2006,0.00061,30.0,-7.402051600796917,-7.483520175967049,0.08146857517013206,-7.483520175967049,0.018652436174824778,11.987343903797997,-7.259927008895782,0.0007031593581114065,-0.14212459190113513
31,FR,2006,0.00071,31.0,-7.250245587928913,-7.434974497756649,0.1847289098277356,-7.434974497756649,0.019107855853761156,11.987343903797997,-7.205922058373414,0.0007421775495053049,-0.04432352955549934
32,FR,2006,0.00073,32.0,-7.222466023821838,-7.370736280916335,0.14827025709449693,-7.370736280916335,0.018541998976225594,11.987343903797997,-7.148466962524448,0.0007860682301275946,-0.07399906129738998
33,FR,2006,0.00077,33.0,-7.1691200431165445,-7.310007884633488,0.14088784151694345,-7.310007884633488,0.018290514561482833,11.987343903797997,-7.090753196407568,0.0008327698900406801,-0.07836684670897665
34,FR,2006,0.00086,34.0,-7.05857816871672,-7.237925810610667,0.1793476418939468,-7.237925810610667,0.017506366593865882,11.987343903797997,-7.028070973744036,0.0008866404847730709,-0.03050719497268428
35,FR,2006,0.00092,35.0,-6.991136887921188,-7.175930850927135,0.18479396300594697,-7.175930850927135,0.02028229426963641,11.987343903797997,-6.932800014358972,0.000975266282147794,-0.05833687356221606
36,FR,2006,0.00107,36.0,-6.840096630508322,-7.07663964675468,0.2365430162463582,-7.07663964675468,0.02041717609479281,11.987343903797997,-6.831891935361996,0.0010788151371122325,-0.00820469514632638
37,FR,2006,0.00106,37.0,-6.849486370858162,-6.97700817216001,0.12752180130184865,-6.97700817216001,0.019651752990632196,11.987343903797997,-6.741435850748811,0.0011809502703394171,-0.10805052010935068
38,FR,2006,0.00122,38.0,-6.708904420236972,-6.898518252238512,0.18961383200154014,-6.898518252238512,0.0202674338985073,11.987343903797997,-6.6555655520496115,0.001286840162362213,-0.05333886818736033
39,FR,2006,0.0013,39.0,-6.645391014514646,-6.809932685090125,0.16454167057547853,-6.809932685090125,0.020335399475374303,11.987343903797997,-6.5661652581576995,0.0014071832634020055,-0.07922575635694695
40,FR,2006,0.00145,40.0,-6.536191722549654,-6.737658000327092,0.20146627777743742,-6.737658000327092,0.020319399669134045,11.987343903797997,-6.494082368574463,0.001512362367983169,-0.04210935397519133
41,FR,2006,0.00157,41.0,-6.45667965962192,-6.637116448233414,0.1804367886114937,-6.637116448233414,0.020495343107482796,11.987343903797997,-6.391431721977682,0.001675855124349071,-0.06524793764423809
42,FR,2006,0.00175,42.0,-6.348139491046714,-6.548287899120462,0.20014840807374767,-6.548287899120462,0.020240987592618713,11.987343903797997,-6.305652219895233,0.001825954856203246,-0.04248727115148121
43,FR,2006,0.0019,43.0,-6.2659013928097425,-6.448116742631472,0.18221534982172916,-6.448116742631472,0.01964334143697972,11.987343903797997,-6.21264525340667,0.0020039295453136265,-0.05325613940307239
44,FR,2006,0.00213,44.0,-6.151633299260803,-6.351297175582103,0.19966387632130012,-6.351297175582103,0.02027819283182161,11.987343903797997,-6.108215504359526,0.0022245169137356208,-0.04341779490127706
45,FR,2006,0.00237,45.0,-6.044865323835097,-6.248201457920508,0.2033361340854105,-6.248201457920508,0.019317153767295814,11.987343903797997,-6.016640092469386,0.002437846789810314,-0.028225231365711423
46,FR,2006,0.00278,46.0,-5.885304351279592,-6.150947090642127,0.26564273936253535,-6.150947090642127,0.018954085157196654,11.987343903797997,-5.923737953480938,0.0026751817594596558,0.03843360220134606
47,FR,2006,0.00294,47.0,-5.829345697631547,-6.046710559418147,0.2173648617866002,-6.046710559418147,0.01798657493397922,11.987343903797997,-5.831099300033106,0.002934848926726662,0.0017536024015587515
48,FR,2006,0.00322,48.0,-5.73837391942582,-5.950188915889004,0.21181499646318347,-5.950188915889004,0.017220232470692053,11.987343903797997,-5.743764067159469,0.0032026904168118695,0.005390147733648654
49,FR,2006,0.00355,49.0,-5.640807675494813,-5.853018983780143,0.21221130828533052,-5.853018983780143,0.016495468408212678,11.987343903797997,-5.655282131116662,0.0034989857747741706,0.014474455621849458
50,FR,2006,0.004,50.0,-5.521460917862246,-5.752765937855305,0.23130501999305864,-5.752765937855305,0.015773513858200243,11.987343903797997,-5.563683402665735,0.0038346258813912186,0.04222248480348867
51,FR,2006,0.00445,51.0,-5.4148511828039885,-5.664254737397501,0.2494035545935125,-5.664254737397501,0.015010303509196268,11.987343903797997,-5.484321067132379,0.004151352612450761,0.06946988432839074
52,FR,2006,0.0045,52.0,-5.403677882205863,-5.582167467137789,0.1784895849319259,-5.582167467137789,0.01375066533335655,11.987343903797997,-5.417333512880811,0.0044389673301874315,0.013655630674947794
53,FR,2006,0.00486,53.0,-5.326716841069735,-5.493506907215805,0.16679006614606973,-5.493506907215805,0.01295815778978835,11.987343903797997,-5.338173013429933,0.004804640710572838,0.011456172360198025
54,FR,2006,0.0051,54.0,-5.2785147392518565,-5.4110136553290165,0.1324989160771599,-5.4110136553290165,0.012093797968350164,11.987343903797997,-5.266041139979349,0.005164013767337326,-0.01247359927250713
55,FR,2006,0.00545,55.0,-5.212139670306985,-5.326980568060005,0.11484089775302042,-5.326980568060005,0.011123008713019614,11.987343903797997,-5.193645237372097,0.005551732502231825,-0.018494432934887506
56,FR,2006,0.00588,56.0,-5.136198517071602,-5.25008143585457,0.11388291878296819,-5.25008143585457,0.0097378469097369,11.987343903797997,-5.1333505160650175,0.005896770115235898,-0.002848001006584333
57,FR,2006,0.00627,57.0,-5.071978924337308,-5.172600340841025,0.10062141650371714,-5.172600340841025,0.009929976269879456,11.987343903797997,-5.053566300337427,0.006386516548362696,-0.01841262399988075
58,FR,2006,0.00646,58.0,-5.042125961187627,-5.102985875472896,0.06085991428526949,-5.102985875472896,0.00935670774989911,11.987343903797997,-4.990823801867523,0.006800060281808556,-0.05130215932010351
59,FR,2006,0.00693,59.0,-4.971895465780325,-5.0302681737194455,0.05837270793912008,-5.0302681737194455,0.008908196402758034,11.987343903797997,-4.923482559877009,0.007273755397971064,-0.048412905903316705
60,FR,2006,0.00751,60.0,-4.891519813206093,-4.953982695108957,0.06246288190286364,-4.953982695108957,0.008778985536951035,11.987343903797997,-4.848745976351056,0.007838200677735791,-0.04277383685503722
61,FR,2006,0.00786,61.0,-4.845968672541022,-4.88408760242258,0.038118929881558294,-4.88408760242258,0.00800832928859658,11.987343903797997,-4.7880890051453155,0.00832835763301993,-0.05787966739570649
62,FR,2006,0.00852,62.0,-4.765338938140912,-4.814965958824859,0.0496270206839462,-4.814965958824859,0.007443410213112718,11.987343903797997,-4.725739240783234,0.00886415873965276,-0.03959969735767821
63,FR,2006,0.00926,63.0,-4.682051230324049,-4.748481591345951,0.0664303610219017,-4.748481591345951,0.007222264733534511,11.987343903797997,-4.661905820220801,0.009448438207138485,-0.02014541010324855
64,FR,2006,0.00972,64.0,-4.63356966050979,-4.690926505238551,0.057356844728761125,-4.690926505238551,0.007559181092484768,11.987343903797997,-4.600312001851848,0.010048700042464661,-0.03325765865794139
65,FR,2006,0.01039,65.0,-4.566911473871001,-4.619343757405519,0.05243228353451812,-4.619343757405519,0.007919647211399497,11.987343903797997,-4.524408222685719,0.010841128072181249,-0.04250325118528231
66,FR,2006,0.01092,66.0,-4.517159308665378,-4.560324136429761,0.04316482776438324,-4.560324136429761,0.007934399503536919,11.987343903797997,-4.46521176091074,0.011502259773071108,-0.05194754775463828
67,FR,2006,0.012,67.0,-4.422848629194137,-4.495665688730098,0.07281705953596074,-4.495665688730098,0.008404693358453006,11.987343903797997,-4.394915739036355,0.012339920055180751,-0.027932890157781998
68,FR,2006,0.01323,68.0,-4.325268300855273,-4.417567476370841,0.09229917551556799,-4.417567476370841,0.009200825359483569,11.987343903797997,-4.3072740185879255,0.013470219158304863,-0.017994282267347117
69,FR,2006,0.01392,69.0,-4.274428624075863,-4.348424688891062,0.07399606481519871,-4.348424688891062,0.009487510691631477,11.987343903797997,-4.234694635439515,0.014484232493808511,-0.03973398863634792
70,FR,2006,0.01515,70.0,-4.189754747026759,-4.270002935234258,0.08024818820749857,-4.270002935234258,0.009992018752246168,11.987343903797997,-4.150225170157885,0.015760867208316206,-0.03952957686887437
71,FR,2006,0.01681,71.0,-4.085781331561613,-4.192617050716458,0.10683571915484524,-4.192617050716458,0.010527324752195758,11.987343903797997,-4.066422388524923,0.01713859418836416,-0.019358943036690057
72,FR,2006,0.01848,72.0,-3.9910662127685987,-4.107034005143146,0.11596779237454724,-4.107034005143146,0.011559102396732036,11.987343903797997,-3.9684710694943033,0.01890231137360336,-0.02259514327429546
73,FR,2006,0.02032,73.0,-3.896149656271856,-4.021059358227231,0.12490970195537532,-4.021059358227231,0.01169743913549465,11.987343903797997,-3.880838132516311,0.020633524304865612,-0.015311523755544787
74,FR,2006,0.02239,74.0,-3.7991408483714735,-3.933318769422809,0.1341779210513354,-3.933318769422809,0.012327970030389813,11.987343903797997,-3.7855391530328113,0.022696622524474633,-0.013601695338662179
75,FR,2006,0.02449,75.0,-3.7094904080180604,-3.8366256838237844,0.12713527580572404,-3.8366256838237844,0.012695972475206428,11.987343903797997,-3.6844346955703315,0.02511136627835388,-0.025055712447728862
76,FR,2006,0.028,76.0,-3.575550768806933,-3.732175490169328,0.15662472136239503,-3.732175490169328,0.01295867437417588,11.987343903797997,-3.5768354039087473,0.027964053311281795,0.0012846351018143132
77,FR,2006,0.03055,77.0,-3.4883905933645325,-3.630336016335675,0.14194542297114232,-3.630336016335675,0.013218506789362525,11.987343903797997,-3.4718812295568977,0.03105854741071576,-0.01650936380763479
78,FR,2006,0.03418,78.0,-3.376114601294692,-3.5209399877050602,0.14482538641036813,-3.5209399877050602,0.013120427703430103,11.987343903797997,-3.363660908659125,0.03460832881605685,-0.012453692635566949
79,FR,2006,0.03792,79.0,-3.272276601595316,-3.403718433545346,0.1314418319500299,-3.403718433545346,0.012917105267199382,11.987343903797997,-3.248876650465866,0.03881778929405088,-0.023399951129449814
80,FR,2006,0.04394,80.0,-3.124930212025673,-3.2760506992837977,0.15112048725812466,-3.2760506992837977,0.013361763206868073,11.987343903797997,-3.115878648561955,0.044339531161606306,-0.009051563463717827
81,FR,2006,0.0486,81.0,-3.024131748075689,-3.1503092060021,0.12617745792641077,-3.1503092060021,0.01261299801953086,11.987343903797997,-2.9991128610840603,0.049831256011114565,-0.025018886991628797
82,FR,2006,0.05541,82.0,-2.892995196102879,-3.0292100300712823,0.1362148339684035,-3.0292100300712823,0.01222347467468327,11.987343903797997,-2.8826830354464885,0.055984353143164946,-0.01031216065639029
83,FR,2006,0.06234,83.0,-2.775152004642946,-2.8995439302807133,0.12439192563776746,-2.8995439302807133,0.011605682635583328,11.987343903797997,-2.7604226212896394,0.0632650255623088,-0.014729383353306424
84,FR,2006,0.07039,84.0,-2.653704071362097,-2.7677715987687788,0.1140675274066818,-2.7677715987687788,0.010462248076074009,11.987343903797997,-2.6423570330740307,0.07119326675569547,-0.011347038288066269
85,FR,2006,0.07977,85.0,-2.528607785059099,-2.636244978741484,0.10763719368238478,-2.636244978741484,0.009737743869726704,11.987343903797997,-2.5195152941279693,0.08049861544649373,-0.009092490931129849
20,FR,2007,0.00054,20.0,-7.523941418405954,-7.77602062301884,0.2520792046128859,-7.77602062301884,0.027065368019014283,10.58689134390758,-7.489482512618665,0.0005589321259754758,-0.034458905787289495
21,FR,2007,0.00054,21.0,-7.523941418405954,-7.73687186427873,0.2129304458727761,-7.73687186427873,0.023695264288118734,10.58689134390758,-7.486012675895243,0.0005608748977933752,-0.037928742510710656
22,FR,2007,0.00049,22.0,-7.621105166859602,-7.7317418350689575,0.1106366682093558,-7.7317418350689575,0.024368876838677903,10.58689134390758,-7.473751183804809,0.0005677943959101295,-0.14735398305479297
23,FR,2007,0.00057,23.0,-7.469874197135678,-7.6903345955130415,0.2204603983773632,-7.6903345955130415,0.023859905728048508,10.58689134390758,-7.4377323660943135,0.0005886184564725079,-0.03214183104136481
24,FR,2007,0.00052,24.0,-7.5616817463888015,-7.676073101708835,0.1143913553200333,-7.676073101708835,0.022773052801918214,10.58689134390758,-7.434977266125856,0.0005902423951929083,-0.12670448026294512
25,FR,2007,0.00057,25.0,-7.469874197135678,-7.647622225504298,0.1777480283686197,-7.647622225504298,0.021477049735121993,10.58689134390758,-7.420247033570862,0.0005990011538416108,-0.049627163564816
26,FR,2007,0.00061,26.0,-7.402051600796917,-7.598603886727846,0.19655228593092833,-7.598603886727846,0.020228418997948437,10.58689134390758,-7.3844478127375295,0.0006208333852605431,-0.01760378805938778
27,FR,2007,0.00061,27.0,-7.402051600796917,-7.610017659896407,0.20796605909948962,-7.610017659896407,0.021844882459629948,10.58689134390758,-7.378748262875872,0.0006243819591262186,-0.02330333792104522
28,FR,2007,0.0006,28.0,-7.418580902748128,-7.540022071635147,0.12144116888701895,-7.540022071635147,0.01993958347081985,10.58689134390758,-7.328923867986802,0.0006562794505828211,-0.08965703476132614
29,FR,2007,0.0006,29.0,-7.418580902748128,-7.522165723461602,0.10358482071347375,-7.522165723461602,0.019123715743917843,10.58689134390758,-7.319705022788969,0.0006623575627853048,-0.09887587995915936
30,FR,2007,0.00061,30.0,-7.402051600796917,-7.483520175967049,0.08146857517013206,-7.483520175967049,0.018652436174824778,10.58689134390758,-7.286048860885009,0.0006850293589188123,-0.11600273991190857
31,FR,2007,0.00062,31.0,-7.385791079925137,-7.434974497756649,0.04918341783151181,-7.434974497756649,0.019107855853761156,10.58689134390758,-7.232681704017831,0.0007225805155219942,-0.1531093759073059
32,FR,2007,0.0007,32.0,-7.264430222920869,-7.370736280916335,0.10630605799546533,-7.370736280916335,0.018541998976225594,10.58689134390758,-7.174434152456189,0.0007659189888820153,-0.0899960704646805
33,FR,2007,0.00071,33.0,-7.250245587928913,-7.310007884633488,0.05976229670457478,-7.310007884633488,0.018290514561482833,10.58689134390758,-7.11636819434691,0.0008117093750675755,-0.13387739358200346
34,FR,2007,0.0008,34.0,-7.1308988302963465,-7.237925810610667,0.10702698031432067,-7.237925810610667,0.017506366593865882,10.58689134390758,-7.052587809654796,0.0008651671699431781,-0.07831102064155093
35,FR,2007,0.00087,35.0,-7.047017346315645,-7.175930850927135,0.1289135046114902,-7.175930850927135,0.02028229426963641,10.58689134390758,-6.961204405289335,0.000947954165706125,-0.08581294102630999
36,FR,2007,0.00098,36.0,-6.927957986299656,-7.07663964675468,0.14868166045502385,-7.07663964675468,0.02041717609479281,10.58689134390758,-6.8604852218896815,0.0010484051000856128,-0.06747276440997485
37,FR,2007,0.00109,37.0,-6.821577582741084,-6.97700817216001,0.15543058941892607,-6.97700817216001,0.019651752990632196,10.58689134390758,-6.7689571985308765,0.001148892092808069,-0.05262038421020776
38,FR,2007,0.00116,38.0,-6.759335273863864,-6.898518252238512,0.13918297837464788,-6.898518252238512,0.0202674338985073,10.58689134390758,-6.6839491317351865,0.001250828519372397,-0.07538614212867767
39,FR,2007,0.0012,39.0,-6.725433722188183,-6.809932685090125,0.08449896290194214,-6.809932685090125,0.020335399475374303,10.58689134390758,-6.594644020409382,0.0013676736879855848,-0.13078970177880045
40,FR,2007,0.00135,40.0,-6.607650686531799,-6.737658000327092,0.13000731379529284,-6.737658000327092,0.020319399669134045,10.58689134390758,-6.522538723856538,0.0014699326084172,-0.08511196267526078
41,FR,2007,0.00154,41.0,-6.475972862556599,-6.637116448233414,0.16114358567681464,-6.637116448233414,0.020495343107482796,10.58689134390758,-6.420134477698388,0.0016284372315722147,-0.05583838485821069
42,FR,2007,0.00171,42.0,-6.371261908467568,-6.548287899120462,0.17702599065289348,-6.548287899120462,0.020240987592618713,10.58689134390758,-6.333998762784026,0.0017749220672664467,-0.03726314568354194
43,FR,2007,0.0018,43.0,-6.319968614080018,-6.448116742631472,0.1281481285514534,-6.448116742631472,0.01964334143697972,10.58689134390758,-6.24015482120689,0.0019495536672272423,-0.07981379287312862
44,FR,2007,0.00205,44.0,-6.18991548583182,-6.351297175582103,0.1613816897502831,-6.351297175582103,0.02027819283182161,10.58689134390758,-6.136614151420803,0.0021622322293118747,-0.053301334411017365
45,FR,2007,0.00237,45.0,-6.044865323835097,-6.248201457920508,0.2033361340854105,-6.248201457920508,0.019317153767295814,10.58689134390758,-6.043692849912592,0.0023727803928468754,-0.0011724739225051906
46,FR,2007,0.0025,46.0,-5.991464547107982,-6.150947090642127,0.15948254353414537,-6.150947090642127,0.018954085157196654,10.58689134390758,-5.950282250559715,0.002605105122251521,-0.04118229654826688
47,FR,2007,0.00279,47.0,-5.881713683148863,-6.046710559418147,0.16499687626928417,-6.046710559418147,0.01798657493397922,10.58689134390758,-5.856288644943057,0.002861845321393599,-0.025425038205805883
48,FR,2007,0.00306,48.0,-5.789340363017848,-5.950188915889004,0.16084855287115563,-5.950188915889004,0.017220232470692053,10.58689134390758,-5.767880185804958,0.0031263778348744214,-0.021460177212889953
49,FR,2007,0.00356,49.0,-5.637994734118198,-5.853018983780143,0.215024249661945,-5.853018983780143,0.016495468408212678,10.58689134390758,-5.678383252075536,0.003419081770634645,0.040388517957337555
50,FR,2007,0.00373,50.0,-5.591347045326413,-5.752765937855305,0.16141889252889197,-5.752765937855305,0.015773513858200243,10.58689134390758,-5.5857734605269185,0.003750847515029841,-0.005573584799494213
51,FR,2007,0.00411,51.0,-5.4943322504739935,-5.664254737397501,0.16992248692350742,-5.664254737397501,0.015010303509196268,10.58689134390758,-5.505342285106566,0.004064996954811257,0.011010034632572108
52,FR,2007,0.00449,52.0,-5.405902577227974,-5.582167467137789,0.17626488990981493,-5.582167467137789,0.01375066533335655,10.58689134390758,-5.436590667347106,0.004354303261534709,0.030688090119132205
53,FR,2007,0.00479,53.0,-5.341224867559313,-5.493506907215805,0.1522820396564919,-5.493506907215805,0.01295815778978835,10.58689134390758,-5.3563202986781056,0.004718235902682348,0.015095431118792746
54,FR,2007,0.00508,54.0,-5.282444017391747,-5.4110136553290165,0.12856963793726983,-5.4110136553290165,0.012093797968350164,10.58689134390758,-5.282977930302923,0.0050772884463423885,0.0005339129111767704
55,FR,2007,0.00548,55.0,-5.206650178022213,-5.326980568060005,0.12033039003779233,-5.326980568060005,0.011123008713019614,10.58689134390758,-5.209222483397929,0.005465921880914397,0.0025723053757165104
56,FR,2007,0.0057,56.0,-5.1672891041416324,-5.25008143585457,0.08279233171293754,-5.25008143585457,0.0097378469097369,10.58689134390758,-5.14698790869758,0.005816899397925403,-0.020301195444052844
57,FR,2007,0.00632,57.0,-5.064036070823371,-5.172600340841025,0.1085642700176539,-5.172600340841025,0.009929976269879456,10.58689134390758,-5.067472761024231,0.006298317397465204,0.0034366902008597933
58,FR,2007,0.00656,58.0,-5.026764676026139,-5.102985875472896,0.0762211994467572,-5.102985875472896,0.00935670774989911,10.58689134390758,-5.0039274271880165,0.006711536100239245,-0.022837248838122548
59,FR,2007,0.00691,59.0,-4.974785641202558,-5.0302681737194455,0.05548253251688706,-5.0302681737194455,0.008908196402758034,10.58689134390758,-4.935958066333257,0.007183575306319999,-0.038827574869300996
60,FR,2007,0.00754,60.0,-4.887533096962272,-4.953982695108957,0.06644959814668461,-4.953982695108957,0.008778985536951035,10.58689134390758,-4.86104052911952,0.00774242348123046,-0.026492567842752557
61,FR,2007,0.00771,61.0,-4.8652370914068985,-4.88408760242258,0.018850511015681803,-4.88408760242258,0.00800832928859658,10.58689134390758,-4.799304290397975,0.008235474555173766,-0.06593280100892329
62,FR,2007,0.00852,62.0,-4.765338938140912,-4.814965958824859,0.0496270206839462,-4.814965958824859,0.007443410213112718,10.58689134390758,-4.736163383670502,0.008772237415252352,-0.029175554470410425
63,FR,2007,0.00915,63.0,-4.694001399694707,-4.748481591345951,0.05448019165124407,-4.748481591345951,0.007222264733534511,10.58689134390758,-4.672020259355086,0.00935335422515698,-0.021981140339621064
64,FR,2007,0.00959,64.0,-4.64703439008679,-4.690926505238551,0.04389211515176061,-4.690926505238551,0.007559181092484768,10.58689134390758,-4.610898276363494,0.00994288283854997,-0.036136113723296504
65,FR,2007,0.01012,65.0,-4.5932416151228175,-4.619343757405519,0.026102142282701912,-4.619343757405519,0.007919647211399497,10.58689134390758,-4.535499312896352,0.010721552480355313,-0.05774230222646537
66,FR,2007,0.01089,66.0,-4.519910342037268,-4.560324136429761,0.04041379439249315,-4.560324136429761,0.007934399503536919,10.58689134390758,-4.476323511006662,0.011375157011783621,-0.043586831030606454
67,FR,2007,0.01151,67.0,-4.464539056248346,-4.495665688730098,0.031126632481751848,-4.495665688730098,0.008404693358453006,10.58689134390758,-4.406686113365294,0.012195526029852355,-0.057852942883052094
68,FR,2007,0.0131,68.0,-4.3351430487750315,-4.417567476370841,0.08242442759580904,-4.417567476370841,0.009200825359483569,10.58689134390758,-4.320159338015719,0.013297764534214593,-0.014983710759312707
69,FR,2007,0.01373,69.0,-4.288172059202258,-4.348424688891062,0.060252629688804404,-4.348424688891062,0.009487510691631477,10.58689134390758,-4.247981444074598,0.014293056142736424,-0.04019061512765987
70,FR,2007,0.01509,70.0,-4.193723006202379,-4.270002935234258,0.07627992903187852,-4.270002935234258,0.009992018752246168,10.58689134390758,-4.1642185183979405,0.01554185582992392,-0.029504487804438817
71,FR,2007,0.01613,71.0,-4.1270743868450195,-4.192617050716458,0.06554266387143848,-4.192617050716458,0.010527324752195758,10.58689134390758,-4.081165407422933,0.016887773043915692,-0.04590897942208638
72,FR,2007,0.01782,72.0,-4.027433856939473,-4.107034005143146,0.07960014820367256,-4.107034005143146,0.011559102396732036,10.58689134390758,-3.9846590440358423,0.018598784608335577,-0.042774812903631165
73,FR,2007,0.0195,73.0,-3.937340813412436,-4.021059358227231,0.08371854481479524,-4.021059358227231,0.01169743913549465,10.58689134390758,-3.897219841097777,0.020298265476390336,-0.04012097231465894
74,FR,2007,0.02163,74.0,-3.8336740390171697,-3.933318769422809,0.09964473040563915,-3.933318769422809,0.012327970030389813,10.58689134390758,-3.802803890220123,0.022308134522881443,-0.03087014879704686
75,FR,2007,0.02391,75.0,-3.733458497511904,-3.8366256838237844,0.1031671863118806,-3.8366256838237844,0.012695972475206428,10.58689134390758,-3.7022148027235326,0.02466882933062361,-0.03124369478837119
76,FR,2007,0.0266,76.0,-3.6268440631944836,-3.732175490169328,0.10533142697484443,-3.732175490169328,0.01295867437417588,10.58689134390758,-3.5949834126088485,0.027461138680887037,-0.03186065058563514
77,FR,2007,0.02969,77.0,-3.5169449902064684,-3.630336016335675,0.11339102612920637,-3.630336016335675,0.013218506789362525,10.58689134390758,-3.490393121227989,0.030488883987453957,-0.026551868978479387
78,FR,2007,0.03367,78.0,-3.391148045809154,-3.5209399877050602,0.12979194189590615,-3.5209399877050602,0.013120427703430103,10.58689134390758,-3.382035445223251,0.03397822348760375,-0.009112600585903241
79,FR,2007,0.03753,79.0,-3.2826146658352076,-3.403718433545346,0.12110376771013831,-3.403718433545346,0.012917105267199382,10.58689134390758,-3.26696644360369,0.038121896768492015,-0.01564822223151774
80,FR,2007,0.04345,80.0,-3.136144427270736,-3.2760506992837977,0.13990627201306172,-3.2760506992837977,0.013361763206868073,10.58689134390758,-3.134591164049663,0.04351754172841752,-0.0015532632210728536
81,FR,2007,0.04838,81.0,-3.028668773800256,-3.1503092060021,0.12164043220184384,-3.1503092060021,0.01261299801953086,10.58689134390758,-3.0167767664484053,0.04895876986263428,-0.011892007351850697
82,FR,2007,0.05391,82.0,-2.92043928951856,-3.0292100300712823,0.10877074055272251,-3.0292100300712823,0.01222347467468327,10.58689134390758,-2.8998014318454044,0.0550341470005094,-0.020637857673155402
83,FR,2007,0.06105,83.0,-2.7960620784254235,-2.8995439302807133,0.1034818518552898,-2.8995439302807133,0.011605682635583328,10.58689134390758,-2.7766758292459177,0.06224507711553202,-0.01938624917950582
84,FR,2007,0.06925,84.0,-2.670032133914689,-2.7677715987687788,0.09773946485408969,-2.7677715987687788,0.010462248076074009,10.58689134390758,-2.657008915174377,0.07015775602047349,-0.013023218740312092
85,FR,2007,0.07825,85.0,-2.5478464495618747,-2.636244978741484,0.08839852917960922,-2.636244978741484,0.009737743869726704,10.58689134390758,-2.533152542457885,0.07940828727318693,-0.014693907103989545
20,FR,2008,0.00046,20.0,-7.6842840684811335,-7.77602062301884,0.09173655453770646,-7.77602062301884,0.027065368019014283,8.656179812249313,-7.54173793076155,0.0005304748915775843,-0.14254613771958358
21,FR,2008,0.00052,21.0,-7.5616817463888015,-7.73687186427873,0.17519011788992866,-7.73687186427873,0.023695264288118734,8.656179812249313,-7.531761395902005,0.0005357936802504245,-0.029920350486796643
22,FR,2008,0.00055,22.0,-7.505592279737757,-7.7317418350689575,0.22614955533120007,-7.7317418350689575,0.024368876838677903,8.656179812249313,-7.520800455330804,0.0005416987865769007,0.015208175593046214
23,FR,2008,0.00055,23.0,-7.505592279737757,-7.6903345955130415,0.1847423157752841,-7.6903345955130415,0.023859905728048508,8.656179812249313,-7.483798961227737,0.0005621178900887844,-0.021793318510020754
24,FR,2008,0.00056,24.0,-7.487573774235079,-7.676073101708835,0.18849932747375586,-7.676073101708835,0.022773052801918214,8.656179812249313,-7.478945461781583,0.0005648527604342042,-0.008628312453495823
25,FR,2008,0.00057,25.0,-7.469874197135678,-7.647622225504298,0.1777480283686197,-7.647622225504298,0.021477049735121993,8.656179812249313,-7.4617130211604605,0.0005746709044169728,-0.008161175975217816
26,FR,2008,0.00056,26.0,-7.487573774235079,-7.598603886727846,0.11103011249276662,-7.598603886727846,0.020228418997948437,8.656179812249313,-7.423503054564084,0.000597053965273454,-0.06407071967099487
27,FR,2008,0.00059,27.0,-7.435388021064509,-7.610017659896407,0.17462963883189797,-7.610017659896407,0.021844882459629948,8.656179812249313,-7.420924429348399,0.0005985955303885766,-0.014463591716110002
28,FR,2008,0.00059,28.0,-7.435388021064509,-7.540022071635147,0.10463405057063824,-7.540022071635147,0.01993958347081985,8.656179812249313,-7.367421451730376,0.0006314944203706266,-0.06796656933413292
29,FR,2008,0.00062,29.0,-7.385791079925137,-7.522165723461602,0.136374643536465,-7.522165723461602,0.019123715743917843,8.656179812249313,-7.356627401303906,0.000638347723899473,-0.029163678621230815
30,FR,2008,0.00061,30.0,-7.402051600796917,-7.483520175967049,0.08146857517013206,-7.483520175967049,0.018652436174824778,8.656179812249313,-7.322061334501262,0.0006607986792314459,-0.07999026629565531
31,FR,2008,0.00063,31.0,-7.369790738578696,-7.434974497756649,0.06518375917795272,-7.434974497756649,0.019107855853761156,8.656179812249313,-7.269573461659951,0.0006964089755467651,-0.1002172769187446
32,FR,2008,0.0007,32.0,-7.264430222920869,-7.370736280916335,0.10630605799546533,-7.370736280916335,0.018541998976225594,8.656179812249313,-7.210233403699583,0.0007389846535802335,-0.054196819221286496
33,FR,2008,0.00072,33.0,-7.236259345954173,-7.310007884633488,0.07374853867931463,-7.310007884633488,0.018290514561482833,8.656179812249313,-7.151681901730728,0.0007835451265412644,-0.08457744422344504
34,FR,2008,0.00082,34.0,-7.106206217705975,-7.237925810610667,0.13171959290469193,-7.237925810610667,0.017506366593865882,8.656179812249313,-7.086387553515009,0.0008364134133663535,-0.019818664190966118
35,FR,2008,0.00084,35.0,-7.082108666126914,-7.175930850927135,0.09382218480022075,-7.175930850927135,0.02028229426963641,8.656179812249313,-7.000363664724208,0.0009115504065428147,-0.08174500140270613
36,FR,2008,0.00097,36.0,-6.938214486466846,-7.07663964675468,0.13842516028783436,-7.07663964675468,0.02041717609479281,8.656179812249313,-6.899904899219796,0.0010078812747865216,-0.038309587247050025
37,FR,2008,0.001,37.0,-6.907755278982137,-6.97700817216001,0.06925289317787353,-6.97700817216001,0.019651752990632196,8.656179812249313,-6.80689906464719,0.001106117586475964,-0.10085621433494651
38,FR,2008,0.00113,38.0,-6.785537646257888,-6.898518252238512,0.1129806059806242,-6.898518252238512,0.0202674338985073,8.656179812249313,-6.723079700080156,0.001202828153992144,-0.06245794617773193
39,FR,2008,0.00127,39.0,-6.668738378511637,-6.809932685090125,0.14119430657848753,-6.809932685090125,0.020335399475374303,8.656179812249313,-6.633905810677365,0.0013150168356254538,-0.03483256783427269
40,FR,2008,0.00135,40.0,-6.607650686531799,-6.737658000327092,0.13000731379529284,-6.737658000327092,0.020319399669134045,8.656179812249313,-6.561769623114109,0.0014133823419294326,-0.04588106341769027
41,FR,2008,0.00153,41.0,-6.482487543577793,-6.637116448233414,0.1546289046556204,-6.637116448233414,0.020495343107482796,8.656179812249313,-6.459705072981298,0.00156525727898909,-0.022782470596495408
42,FR,2008,0.00162,42.0,-6.425329129737844,-6.548287899120462,0.12295876938261774,-6.548287899120462,0.020240987592618713,8.656179812249313,-6.373078270941247,0.0017068968392555284,-0.0522508587965973
43,FR,2008,0.00181,43.0,-6.3144284337044025,-6.448116742631472,0.13368830892706907,-6.448116742631472,0.01964334143697972,8.656179812249313,-6.278080447039567,0.0018770001395328028,-0.0363479866648353
44,FR,2008,0.00207,44.0,-6.18020667170486,-6.351297175582103,0.17109050387724345,-6.351297175582103,0.02027819283182161,8.656179812249313,-6.17576549216239,0.0020792136863262405,-0.004441179542469698
45,FR,2008,0.00214,45.0,-6.1469494499483766,-6.248201457920508,0.10125200797213108,-6.248201457920508,0.019317153767295814,8.656179812249313,-6.080988701449926,0.0022859154473605465,-0.06596074849845035
46,FR,2008,0.0025,46.0,-5.991464547107982,-6.150947090642127,0.15948254353414537,-6.150947090642127,0.018954085157196654,8.656179812249313,-5.986877121344747,0.002511494910273164,-0.004587425763234343
47,FR,2008,0.00273,47.0,-5.903453669785269,-6.046710559418147,0.14325688963287853,-6.046710559418147,0.01798657493397922,8.656179812249313,-5.891015532583127,0.00276416816823994,-0.012438137202141597
48,FR,2008,0.00306,48.0,-5.789340363017848,-5.950188915889004,0.16084855287115563,-5.950188915889004,0.017220232470692053,8.656179812249313,-5.801127487213959,0.0030241431397431177,0.011787124196111165
49,FR,2008,0.00343,49.0,-5.675195017804288,-5.853018983780143,0.17782396597585493,-5.853018983780143,0.016495468408212678,8.656179812249313,-5.710231243151377,0.003311906600624228,0.03503622534708839
50,FR,2008,0.00369,50.0,-5.6021288209297015,-5.752765937855305,0.1506371169256031,-5.752765937855305,0.015773513858200243,8.656179812249313,-5.6162275656277165,0.0036383406537423978,0.014098744698014976
51,FR,2008,0.00414,51.0,-5.487059491144914,-5.664254737397501,0.17719524625258654,-5.664254737397501,0.015010303509196268,8.656179812249313,-5.534322851185461,0.003948881711420201,0.047263360040546765
52,FR,2008,0.00443,52.0,-5.419355694925093,-5.582167467137789,0.16281177221269605,-5.582167467137789,0.01375066533335655,8.656179812249313,-5.463139235474191,0.0042402237687842615,0.043783540549098277
53,FR,2008,0.0047,53.0,-5.360192770266124,-5.493506907215805,0.13331413694968042,-5.493506907215805,0.01295815778978835,8.656179812249313,-5.381338763351898,0.00460165727428911,0.021145993085773362
54,FR,2008,0.00495,54.0,-5.308367702401538,-5.4110136553290165,0.10264595292747813,-5.4110136553290165,0.012093797968350164,8.656179812249313,-5.306327565501962,0.004960108986004317,-0.0020401368995761615
55,FR,2008,0.00553,55.0,-5.197567463447894,-5.326980568060005,0.12941310461211142,-5.326980568060005,0.011123008713019614,8.656179812249313,-5.2306978045868915,0.00534979089124391,0.03313034113899782
56,FR,2008,0.00588,56.0,-5.136198517071602,-5.25008143585457,0.11388291878296819,-5.25008143585457,0.0097378469097369,8.656179812249313,-5.165788882019731,0.005708557683702999,0.029590364948129277
57,FR,2008,0.00603,57.0,-5.111008268243043,-5.172600340841025,0.06159207259798194,-5.172600340841025,0.009929976269879456,8.656179812249313,-5.08664468071758,0.006178716712849629,-0.024363587525463082
58,FR,2008,0.00648,58.0,-5.039034768617954,-5.102985875472896,0.0639511068549421,-5.102985875472896,0.00935670774989911,8.656179812249313,-5.021992530739103,0.0065913800887016484,-0.01704223787885084
59,FR,2008,0.00673,59.0,-5.001180135325501,-5.0302681737194455,0.029088038393944693,-5.0302681737194455,0.008908196402758034,8.656179812249313,-4.9531572238543395,0.007061080288217785,-0.04802291147116122
60,FR,2008,0.0073,60.0,-4.919880930827792,-4.953982695108957,0.03410176428116518,-4.953982695108957,0.008778985536951035,8.656179812249313,-4.8779902177319725,0.007612297724967626,-0.041890713095819265
61,FR,2008,0.00804,61.0,-4.823326195791262,-4.88408760242258,0.06076140663131824,-4.88408760242258,0.00800832928859658,8.656179812249313,-4.814766064104786,0.008109118870012423,-0.008560131686476069
62,FR,2008,0.00837,62.0,-4.783101394480753,-4.814965958824859,0.03186456434410534,-4.814965958824859,0.007443410213112718,8.656179812249313,-4.750534461603822,0.008647072439681418,-0.032566932876931354
63,FR,2008,0.00898,63.0,-4.712755396668029,-4.748481591345951,0.03572619467792215,-4.748481591345951,0.007222264733534511,8.656179812249313,-4.685964369160809,0.009223835139579847,-0.026791027507219844
64,FR,2008,0.00964,64.0,-4.641834170359683,-4.690926505238551,0.04909233487886766,-4.690926505238551,0.007559181092484768,8.656179812249313,-4.625492874468647,0.009798824255137272,-0.016341295891035834
65,FR,2008,0.01024,65.0,-4.5814536593707755,-4.619343757405519,0.03789009803474386,-4.619343757405519,0.007919647211399497,8.656179812249313,-4.550789867094067,0.010558860992352549,-0.03066379227670879
66,FR,2008,0.0109,66.0,-4.518992489747039,-4.560324136429761,0.041331646682722045,-4.560324136429761,0.007934399503536919,8.656179812249313,-4.491642547624924,0.011202228495904727,-0.0273499421221155
67,FR,2008,0.01143,67.0,-4.471513801175417,-4.495665688730098,0.02415188755468023,-4.495665688730098,0.008404693358453006,8.656179812249313,-4.42291315175251,0.011999225754277941,-0.04860064942290698
68,FR,2008,0.01236,68.0,-4.393289826952592,-4.417567476370841,0.024277649418248615,-4.417567476370841,0.009200825359483569,8.656179812249313,-4.337923477638047,0.013063626971636105,-0.05536634931454465
69,FR,2008,0.01359,69.0,-4.298421050819084,-4.348424688891062,0.05000363807197772,-4.348424688891062,0.009487510691631477,8.656179812249313,-4.266299090373662,0.014033624339805652,-0.032121960445421927
70,FR,2008,0.01457,70.0,-4.228790658775024,-4.270002935234258,0.041212276459233976,-4.270002935234258,0.009992018752246168,8.656179812249313,-4.183510224227448,0.015244900516248706,-0.04528043454757569
71,FR,2008,0.01622,71.0,-4.12151023029487,-4.192617050716458,0.07110682042158789,-4.192617050716458,0.010527324752195758,8.656179812249313,-4.101490634719508,0.01654798999944202,-0.020019595575361926
72,FR,2008,0.01766,72.0,-4.0364530838063235,-4.107034005143146,0.07058092133682248,-4.107034005143146,0.011559102396732036,8.656179812249313,-4.006976336328831,0.01818830750148698,-0.029476747477492182
73,FR,2008,0.01944,73.0,-3.940422479949844,-4.021059358227231,0.08063687827738697,-4.021059358227231,0.01169743913549465,8.656179812249313,-3.9198042217275475,0.01984497957989369,-0.02061825822229668
74,FR,2008,0.02148,74.0,-3.8406330093414733,-3.933318769422809,0.09268576008133556,-3.933318769422809,0.012327970030389813,8.656179812249313,-3.8266056441197343,0.02178343099826207,-0.014027365221739085
75,FR,2008,0.02416,75.0,-3.7230569059155227,-3.8366256838237844,0.1135687779082617,-3.8366256838237844,0.012695972475206428,8.656179812249313,-3.7267270631870297,0.024071491519692838,0.0036701572715069908
76,FR,2008,0.02641,76.0,-3.6340125526730964,-3.732175490169328,0.09816293749623162,-3.732175490169328,0.01295867437417588,8.656179812249313,-3.6200028746580744,0.026782599501711607,-0.014009678015022065
77,FR,2008,0.02965,77.0,-3.5182931535384028,-3.630336016335675,0.11204286279727205,-3.630336016335675,0.013218506789362525,8.656179812249313,-3.5159142447175142,0.0297206186108537,-0.0023789088208885367
78,FR,2008,0.03289,78.0,-3.4145866187811715,-3.5209399877050602,0.10635336892388869,-3.5209399877050602,0.013120427703430103,8.656179812249313,-3.407367206290552,0.03312830565518996,-0.007219412490619526
79,FR,2008,0.03743,79.0,-3.2852827570657994,-3.403718433545346,0.11843567647954645,-3.403718433545346,0.012917105267199382,8.656179812249313,-3.2919056476987154,0.0371829242844473,0.00662289063291599
80,FR,2008,0.04236,80.0,-3.1615507582489313,-3.2760506992837977,0.11449994103486638,-3.2760506992837977,0.013361763206868073,8.656179812249313,-3.1603888743564506,0.042409246005215534,-0.0011618838924807307
81,FR,2008,0.04839,81.0,-3.02846209817691,-3.1503092060021,0.12184710782518993,-3.1503092060021,0.01261299801953086,8.656179812249313,-3.0411288271734964,0.047780922636454476,0.012666728996586496
82,FR,2008,0.05448,82.0,-2.90992161714088,-3.0292100300712823,0.11928841293040238,-3.0292100300712823,0.01222347467468327,8.656179812249313,-2.923401435356748,0.053750546995980183,0.013479818215868189
83,FR,2008,0.06123,83.0,-2.7931180134922737,-2.8995439302807133,0.1064259167884396,-2.8995439302807133,0.011605682635583328,8.656179812249313,-2.7990830545432046,0.06086584770790004,0.005965041050930875
84,FR,2008,0.06931,84.0,-2.669166083052244,-2.7677715987687788,0.09860551571653486,-2.7677715987687788,0.010462248076074009,8.656179812249313,-2.6772084981819226,0.06875481571108492,0.008042415129678737
85,FR,2008,0.0778,85.0,-2.553613847797791,-2.636244978741484,0.0826311309436929,-2.636244978741484,0.009737743869726704,8.656179812249313,-2.551953316839501,0.0779292966293731,-0.0016605309582899963
20,FR,2009,0.00046,20.0,-7.6842840684811335,-7.77602062301884,0.09173655453770646,-7.77602062301884,0.027065368019014283,6.991142300128128,-7.5868027837925744,0.0005070997725001463,-0.0974812846885591
21,FR,2009,0.00054,21.0,-7.523941418405954,-7.73687186427873,0.2129304458727761,-7.73687186427873,0.023695264288118734,6.991142300128128,-7.5712148998013475,0.0005150663143812284,0.047273481395393446
22,FR,2009,0.00048,22.0,-7.641724454062337,-7.7317418350689575,0.09001738100662049,-7.7317418350689575,0.024368876838677903,6.991142300128128,-7.561375549395464,0.000520159246815739,-0.08034890466687283
23,FR,2009,0.00054,23.0,-7.523941418405954,-7.6903345955130415,0.16639317710708745,-7.6903345955130415,0.023859905728048508,6.991142300128128,-7.523526599300612,0.0005402240487835298,-0.0004148191053419126
24,FR,2009,0.00055,24.0,-7.505592279737757,-7.676073101708835,0.1704808219710774,-7.676073101708835,0.022773052801918214,6.991142300128128,-7.516863448962293,0.0005438356618350853,0.011271169224535527
25,FR,2009,0.00056,25.0,-7.487573774235079,-7.647622225504298,0.16004845126921907,-7.647622225504298,0.021477049735121993,6.991142300128128,-7.497473114619131,0.0005544837182086388,0.00989934038405238
26,FR,2009,0.0006,26.0,-7.418580902748128,-7.598603886727846,0.1800229839797174,-7.598603886727846,0.020228418997948437,6.991142300128128,-7.4571841310065725,0.0005772794282180078,0.03860322825844431
27,FR,2009,0.00056,27.0,-7.487573774235079,-7.610017659896407,0.12244388566132791,-7.610017659896407,0.021844882459629948,6.991142300128128,-7.457296978091561,0.0005772142875928435,-0.03027679614351797
28,FR,2009,0.00064,28.0,-7.354042381610556,-7.540022071635147,0.18597969002459092,-7.540022071635147,0.01993958347081985,6.991142300128128,-7.4006216061853625,0.0006108729207002454,0.04657922457480623
29,FR,2009,0.00056,29.0,-7.487573774235079,-7.522165723461602,0.03459194922652298,-7.522165723461602,0.019123715743917843,6.991142300128128,-7.388469105388672,0.0006183418454936024,-0.09910466884640723
30,FR,2009,0.00062,30.0,-7.385791079925137,-7.483520175967049,0.09772909604191238,-7.483520175967049,0.018652436174824778,6.991142300128128,-7.353118340424792,0.0006405916596757445,-0.032672739500345216
31,FR,2009,0.00061,31.0,-7.402051600796917,-7.434974497756649,0.032922896959731496,-7.434974497756649,0.019107855853761156,6.991142300128128,-7.301388758432668,0.0006746012661606646,-0.10066284236424927
32,FR,2009,0.00071,32.0,-7.250245587928913,-7.370736280916335,0.12049069298742143,-7.370736280916335,0.018541998976225594,6.991142300128128,-7.241106527544711,0.0007165184738660887,-0.00913906038420187
33,FR,2009,0.00075,33.0,-7.195437351433918,-7.310007884633488,0.11457053319957033,-7.310007884633488,0.018290514561482833,6.991142300128128,-7.182136294591595,0.0007600424320546312,-0.01330105684232219
34,FR,2009,0.00083,34.0,-7.09408485717363,-7.237925810610667,0.14384095343703684,-7.237925810610667,0.017506366593865882,6.991142300128128,-7.115536310594742,0.0008123849038499286,0.02145145342111121
35,FR,2009,0.00092,35.0,-6.991136887921188,-7.175930850927135,0.18479396300594697,-7.175930850927135,0.02028229426963641,6.991142300128128,-7.034134445515034,0.0008812806313042773,0.04299755759384549
36,FR,2009,0.00094,36.0,-6.969630682700225,-7.07663964675468,0.10700896405445537,-7.07663964675468,0.02041717609479281,6.991142300128128,-6.9339002633092095,0.0009741938365314279,-0.03573041939101529
37,FR,2009,0.00104,37.0,-6.868534565828856,-6.97700817216001,0.10847360633115422,-6.97700817216001,0.019651752990632196,6.991142300128128,-6.839619970555532,0.0010705101477233216,-0.028914595273324295
38,FR,2009,0.0011,38.0,-6.812445099177812,-6.898518252238512,0.08607315306069996,-6.898518252238512,0.0202674338985073,6.991142300128128,-6.756825737795607,0.0011629147176039707,-0.055619361382205135
39,FR,2009,0.00126,39.0,-6.676643558018751,-6.809932685090125,0.1332891270713743,-6.809932685090125,0.020335399475374303,6.991142300128128,-6.667765013627832,0.0012712367752215695,-0.008878544390918286
40,FR,2009,0.00139,40.0,-6.578451531839537,-6.737658000327092,0.1592064684875547,-6.737658000327092,0.020319399669134045,6.991142300128128,-6.5956021857869995,0.0013663638580269483,0.017150653947462402
41,FR,2009,0.00151,41.0,-6.495645628155304,-6.637116448233414,0.1414708200781094,-6.637116448233414,0.020495343107482796,6.991142300128128,-6.493830588079051,0.0015127431992703554,-0.001815040076253105
42,FR,2009,0.0017,42.0,-6.3771270279199666,-6.548287899120462,0.17116087120049528,-6.548287899120462,0.020240987592618713,6.991142300128128,-6.406780274565336,0.0016503295651408177,0.029653246645369613
43,FR,2009,0.00183,43.0,-6.303439312128807,-6.448116742631472,0.14467743050266435,-6.448116742631472,0.01964334143697972,6.991142300128128,-6.310787347395543,0.0018166023788403801,0.007348035266735664
44,FR,2009,0.00204,44.0,-6.194805471126012,-6.351297175582103,0.15649170445609162,-6.351297175582103,0.02027819283182161,6.991142300128128,-6.2095294439054,0.0020101831454849032,0.014723972779388639
45,FR,2009,0.00221,45.0,-6.114762763452475,-6.248201457920508,0.13343869446803236,-6.248201457920508,0.019317153767295814,6.991142300128128,-6.113152487099886,0.0022135615775316668,-0.0016102763525891461
46,FR,2009,0.00236,46.0,-6.049093659944618,-6.150947090642127,0.10185343069750896,-6.150947090642127,0.018954085157196654,6.991142300128128,-6.018436384139419,0.0024334716366309944,-0.030657275805198836
47,FR,2009,0.00274,47.0,-5.899797358582158,-6.046710559418147,0.14691320083598924,-6.046710559418147,0.01798657493397922,6.991142300128128,-5.920963854562781,0.0026826132814070933,0.021166495980622813
48,FR,2009,0.00291,48.0,-5.839602197798736,-5.950188915889004,0.11058671809026777,-5.950188915889004,0.017220232470692053,6.991142300128128,-5.829799820245109,0.0029386651826244455,-0.009802377553627117
49,FR,2009,0.00322,49.0,-5.73837391942582,-5.853018983780143,0.11464506435432309,-5.853018983780143,0.016495468408212678,6.991142300128128,-5.73769681683106,0.00322218100865511,-0.0006771025947598375
50,FR,2009,0.00362,50.0,-5.621281253144457,-5.752765937855305,0.1314846847108475,-5.752765937855305,0.015773513858200243,6.991142300128128,-5.6424910578995835,0.003544029019594775,0.02120980475512635
51,FR,2009,0.00401,51.0,-5.518964037663659,-5.664254737397501,0.14529069973384168,-5.664254737397501,0.015010303509196268,6.991142300128128,-5.559315569596597,0.00385141151886865,0.040351531932937945
52,FR,2009,0.00433,52.0,-5.442187736967739,-5.582167467137789,0.13997973017005005,-5.582167467137789,0.01375066533335655,6.991142300128128,-5.486034609070854,0.004144245186822956,0.04384687210311533
53,FR,2009,0.00468,53.0,-5.3644571690525815,-5.493506907215805,0.12904973816322318,-5.493506907215805,0.01295815778978835,6.991142300128128,-5.40291458215988,0.004503436161451185,0.03845741310729878
54,FR,2009,0.00507,54.0,-5.284414461379045,-5.4110136553290165,0.12659919394997132,-5.4110136553290165,0.012093797968350164,6.991142300128128,-5.32646419278328,0.004861228025794946,0.042049731404234514
55,FR,2009,0.00552,55.0,-5.199377418693133,-5.326980568060005,0.12760314936687234,-5.326980568060005,0.011123008713019614,6.991142300128128,-5.24921803134172,0.0052516233988846705,0.04984061264858752
56,FR,2009,0.00588,56.0,-5.136198517071602,-5.25008143585457,0.11388291878296819,-5.25008143585457,0.0097378469097369,6.991142300128128,-5.182002762411736,0.0056167461343009555,0.045804245340134386
57,FR,2009,0.00637,57.0,-5.056155809398065,-5.172600340841025,0.11644453144295941,-5.172600340841025,0.009929976269879456,6.991142300128128,-5.103178463701402,0.006077399041849743,0.047022654303336964
58,FR,2009,0.00664,58.0,-5.014643315493794,-5.102985875472896,0.08834255997910212,-5.102985875472896,0.00935670774989911,6.991142300128128,-5.03757180013264,0.006489486973664517,0.02292848463884578
59,FR,2009,0.00697,59.0,-4.9661400542097045,-5.0302681737194455,0.06412811950974096,-5.0302681737194455,0.008908196402758034,6.991142300128128,-4.967989705030274,0.006957119849343383,0.0018496508205698703
60,FR,2009,0.00725,60.0,-4.926753810115554,-4.953982695108957,0.027228884993403035,-4.953982695108957,0.008778985536951035,6.991142300128128,-4.892607557969366,0.007501835478090816,-0.03414625214618816
61,FR,2009,0.00774,61.0,-4.861353591380501,-4.88408760242258,0.02273401104207906,-4.88408760242258,0.00800832928859658,6.991142300128128,-4.828100232779718,0.008001708218530365,-0.033253358600783045
62,FR,2009,0.0082,62.0,-4.803621124711929,-4.814965958824859,0.011344834112929192,-4.814965958824859,0.007443410213112718,6.991142300128128,-4.76292801882676,0.008540565813853875,-0.04069310588516917
63,FR,2009,0.00891,63.0,-4.720581037499419,-4.748481591345951,0.027900553846532006,-4.748481591345951,0.007222264733534511,6.991142300128128,-4.697989710864614,0.009113579628958758,-0.022591326634804787
64,FR,2009,0.00935,64.0,-4.672378935681541,-4.690926505238551,0.018547569557009425,-4.690926505238551,0.007559181092484768,6.991142300128128,-4.638079194548552,0.009676266013208402,-0.0342997411329895
65,FR,2009,0.01021,65.0,-4.584387646805562,-4.619343757405519,0.03495611059995696,-4.619343757405519,0.007919647211399497,6.991142300128128,-4.563976376783812,0.010420540456413243,-0.020411270021750028
66,FR,2009,0.0109,66.0,-4.518992489747039,-4.560324136429761,0.041331646682722045,-4.560324136429761,0.007934399503536919,6.991142300128128,-4.504853620434469,0.011055208325016806,-0.014138869312570357
67,FR,2009,0.01133,67.0,-4.480301203942222,-4.495665688730098,0.015364484787875554,-4.495665688730098,0.008404693358453006,6.991142300128128,-4.436907281472211,0.01183247650909904,-0.0433939224700115
68,FR,2009,0.01254,68.0,-4.378831743777362,-4.417567476370841,0.03873573259347829,-4.417567476370841,0.009200825359483569,6.991142300128128,-4.353243197004064,0.012865021050300988,-0.02558854677329858
69,FR,2009,0.01315,69.0,-4.331333520358363,-4.348424688891062,0.017091168532698653,-4.348424688891062,0.009487510691631477,6.991142300128128,-4.28209615157188,0.013813676158650343,-0.04923736878648377
70,FR,2009,0.01439,70.0,-4.241221758082861,-4.270002935234258,0.028781177151397053,-4.270002935234258,0.009992018752246168,6.991142300128128,-4.200147310271756,0.014993367980677531,-0.0410744478111047
71,FR,2009,0.01535,71.0,-4.176639804948931,-4.192617050716458,0.015977245767526682,-4.192617050716458,0.010527324752195758,6.991142300128128,-4.119019025334197,0.016260457717772004,-0.05762077961473455
72,FR,2009,0.01747,72.0,-4.047270154836172,-4.107034005143146,0.0597638503069744,-4.107034005143146,0.011559102396732036,6.991142300128128,-4.02622267542584,0.01784159633047098,-0.02104747941033125
73,FR,2009,0.01884,73.0,-3.97177300983392,-4.021059358227231,0.04928634839331103,-4.021059358227231,0.01169743913549465,6.991142300128128,-3.9392808966839,0.019462205050735627,-0.032492113150019986
74,FR,2009,0.02066,74.0,-3.8795558152906446,-3.933318769422809,0.05376295413216425,-3.933318769422809,0.012327970030389813,6.991142300128128,-3.847132176668639,0.02134085055337717,-0.03242363862200559
75,FR,2009,0.02325,75.0,-3.7614501469487718,-3.8366256838237844,0.07517553687501266,-3.8366256838237844,0.012695972475206428,6.991142300128128,-3.7478663336111064,0.023567978450626872,-0.01358381333766534
76,FR,2009,0.02599,76.0,-3.650043430328738,-3.732175490169328,0.08213205984058991,-3.732175490169328,0.01295867437417588,6.991142300128128,-3.6415795535984405,0.026210909713735183,-0.008463876730297581
77,FR,2009,0.02845,77.0,-3.5596071184097973,-3.630336016335675,0.07072889792587755,-3.630336016335675,0.013218506789362525,6.991142300128128,-3.5379235543760315,0.02907363426888209,-0.021683564033765812
78,FR,2009,0.03171,78.0,-3.451123190431881,-3.5209399877050602,0.06981679727317935,-3.5209399877050602,0.013120427703430103,6.991142300128128,-3.429213210591837,0.03241243250186611,-0.021909979840043725
79,FR,2009,0.03622,79.0,-3.3181438265268697,-3.403718433545346,0.08557460701847619,-3.403718433545346,0.012917105267199382,6.991142300128128,-3.3134131125166206,0.03639175239687315,-0.004730714010249049
80,FR,2009,0.04115,80.0,-3.1905313518590583,-3.2760506992837977,0.08551934742473932,-3.2760506992837977,0.013361763206868073,6.991142300128128,-3.1826367113239664,0.041476150183297575,-0.007894640535091924
81,FR,2009,0.04703,81.0,-3.05696958302518,-3.1503092060021,0.09333962297691967,-3.1503092060021,0.01261299801953086,6.991142300128128,-3.0621299420163255,0.04678793342902126,0.0051603589911453085
82,FR,2009,0.05325,82.0,-2.9327574743926026,-3.0292100300712823,0.09645255567867972,-3.0292100300712823,0.01222347467468327,6.991142300128128,-2.943753979218559,0.05266764392704866,0.010996504825956599
83,FR,2009,0.05975,83.0,-2.817586088170517,-2.8995439302807133,0.0819578421101963,-2.8995439302807133,0.011605682635583328,6.991142300128128,-2.8184069514852244,0.05970097354170967,0.0008208633147073208
84,FR,2009,0.06799,84.0,-2.6883946434437687,-2.7677715987687788,0.0793769553250101,-2.7677715987687788,0.010462248076074009,6.991142300128128,-2.694628533689704,0.06756747615414059,0.006233890245935125
85,FR,2009,0.07816,85.0,-2.5489972712476097,-2.636244978741484,0.08724770749387423,-2.636244978741484,0.009737743869726704,6.991142300128128,-2.5681670256660243,0.07667596176477062,0.01916975441841462
20,FR,2010,0.00045,20.0,-7.706262975199909,-7.77602062301884,0.06975764781893101,-7.77602062301884,0.027065368019014283,3.8062202731669594,-7.673003870564143,0.00046521826725336076,-0.03325910463576598
21,FR,2010,0.00043,21.0,-7.751725349276666,-7.73687186427873,-0.014853484997935595,-7.73687186427873,0.023695264288118734,3.8062202731669594,-7.646682468967244,0.0004776260427663509,-0.10504288030942188
22,FR,2010,0.0005,22.0,-7.600902459542082,-7.7317418350689575,0.1308393755268753,-7.7317418350689575,0.024368876838677903,3.8062202731669594,-7.638988522011273,0.0004813150455017845,0.03808606246919055
23,FR,2010,0.00053,23.0,-7.542633551418106,-7.6903345955130415,0.14770104409493534,-7.6903345955130415,0.023859905728048508,3.8062202731669594,-7.599518538615091,0.0005006924394937332,0.05688498719698476
24,FR,2010,0.00052,24.0,-7.5616817463888015,-7.676073101708835,0.1143913553200333,-7.676073101708835,0.022773052801918214,3.8062202731669594,-7.589393846452272,0.0005057875459795968,0.02771210006347058
25,FR,2010,0.00051,25.0,-7.5810998322459024,-7.647622225504298,0.0665223932583956,-7.647622225504298,0.021477049735121993,3.8062202731669594,-7.565875843394662,0.000517823636686647,-0.015223988851240655
26,FR,2010,0.00053,26.0,-7.542633551418106,-7.598603886727846,0.05597033530973938,-7.598603886727846,0.020228418997948437,3.8062202731669594,-7.521610068243739,0.0005412603977309482,-0.02102348317436764
27,FR,2010,0.00056,27.0,-7.487573774235079,-7.610017659896407,0.12244388566132791,-7.610017659896407,0.021844882459629948,3.8062202731669594,-7.526871225413614,0.0005384202195717874,0.03929745117853489
28,FR,2010,0.00063,28.0,-7.369790738578696,-7.540022071635147,0.1702313330564511,-7.540022071635147,0.01993958347081985,3.8062202731669594,-7.464127624790008,0.0005732849758727851,0.09433688621131164
29,FR,2010,0.0006,29.0,-7.418580902748128,-7.522165723461602,0.10358482071347375,-7.522165723461602,0.019123715743917843,3.8062202731669594,-7.44937664889882,0.0005818041674508582,0.030795746150691805
30,FR,2010,0.00061,30.0,-7.402051600796917,-7.483520175967049,0.08146857517013206,-7.483520175967049,0.018652436174824778,3.8062202731669594,-7.412524895254479,0.0006036446293084306,0.010473294457561622
31,FR,2010,0.00061,31.0,-7.402051600796917,-7.434974497756649,0.032922896959731496,-7.434974497756649,0.019107855853761156,3.8062202731669594,-7.362245789429311,0.0006347712949185722,-0.0398058113676063
32,FR,2010,0.00067,32.0,-7.308232845579262,-7.370736280916335,0.06250343533707259,-7.370736280916335,0.018541998976225594,3.8062202731669594,-7.3001613485079835,0.0006754297868131745,-0.008071497071278522
33,FR,2010,0.00074,33.0,-7.208860371766058,-7.310007884633488,0.10114751286742951,-7.310007884633488,0.018290514561482833,3.8062202731669594,-7.240390157302916,0.0007170319502761137,0.0315297855368577
34,FR,2010,0.00076,34.0,-7.182192124683898,-7.237925810610667,0.05573368592676964,-7.237925810610667,0.017506366593865882,3.8062202731669594,-7.171292723171602,0.0007683288524494749,-0.010899401512295626
35,FR,2010,0.00081,35.0,-7.1184763102977895,-7.175930850927135,0.05745454062934563,-7.175930850927135,0.02028229426963641,3.8062202731669594,-7.098731971291707,0.0008261518436182116,-0.01974433900608208
36,FR,2010,0.00096,36.0,-6.9485772735023925,-7.07663964675468,0.12806237325228764,-7.07663964675468,0.02041717609479281,3.8062202731669594,-6.99892737718186,0.0009128605957149128,0.05035010367946757
37,FR,2010,0.00101,37.0,-6.897804948128969,-6.97700817216001,0.07920322403104141,-6.97700817216001,0.019651752990632196,3.8062202731669594,-6.902209271523796,0.0010055614150280344,0.004404323394827436
38,FR,2010,0.00111,38.0,-6.803395263657894,-6.898518252238512,0.09512298858061818,-6.898518252238512,0.0202674338985073,3.8062202731669594,-6.821375934448942,0.0010902198188007337,0.017980670791048148
39,FR,2010,0.00121,39.0,-6.717134919373487,-6.809932685090125,0.09279776571663767,-6.809932685090125,0.020335399475374303,3.8062202731669594,-6.732531675344006,0.0011915126133828357,0.015396755970519038
40,FR,2010,0.00125,40.0,-6.684611727667927,-6.737658000327092,0.05304627265916473,-6.737658000327092,0.020319399669134045,3.8062202731669594,-6.660317889367851,0.001280739172299805,-0.0242938383000757
41,FR,2010,0.00152,41.0,-6.489044944123952,-6.637116448233414,0.14807150410946157,-6.637116448233414,0.020495343107482796,3.8062202731669594,-6.5591066577922,0.0014171511459626419,0.07006171366824798
42,FR,2010,0.00157,42.0,-6.45667965962192,-6.548287899120462,0.0916082394985418,-6.548287899120462,0.020240987592618713,3.8062202731669594,-6.471246241796516,0.0015472962256325921,0.014566582174595943
43,FR,2010,0.0017,43.0,-6.3771270279199666,-6.448116742631472,0.07098971471150506,-6.448116742631472,0.01964334143697972,3.8062202731669594,-6.373349858221299,0.0017064333307299849,-0.003777169698667926
44,FR,2010,0.00195,44.0,-6.239925906406482,-6.351297175582103,0.11137126917562146,-6.351297175582103,0.02027819283182161,3.8062202731669594,-6.274113906922435,0.0018844601212635982,0.03418800051595294
45,FR,2010,0.00209,45.0,-6.170591213005418,-6.248201457920508,0.07761024491508994,-6.248201457920508,0.019317153767295814,3.8062202731669594,-6.174676115631542,0.0020814799671111674,0.004084902626124709
46,FR,2010,0.00233,46.0,-6.061887011404528,-6.150947090642127,0.08906007923759951,-6.150947090642127,0.018954085157196654,3.8062202731669594,-6.078803667457472,0.002290915711200709,0.016916656052944568
47,FR,2010,0.00262,47.0,-5.944580961209131,-6.046710559418147,0.10212959820901624,-6.046710559418147,0.01798657493397922,3.8062202731669594,-5.978249693259599,0.0025332563898176896,0.03366873205046783
48,FR,2010,0.00287,48.0,-5.853443249210607,-5.950188915889004,0.09674566667839635,-5.950188915889004,0.017220232470692053,3.8062202731669594,-5.884644917950408,0.002781833829232734,0.03120166873980068
49,FR,2010,0.00315,49.0,-5.7603528261445955,-5.853018983780143,0.09266615763554764,-5.853018983780143,0.016495468408212678,3.8062202731669594,-5.790233597509419,0.003057267922830227,0.029880771364823033
50,FR,2010,0.00349,50.0,-5.657853542767802,-5.752765937855305,0.09491239508750304,-5.752765937855305,0.015773513858200243,3.8062202731669594,-5.6927284696291425,0.0033703844209360687,0.03487492686134086
51,FR,2010,0.00392,51.0,-5.5416636251797655,-5.664254737397501,0.12259111221773544,-5.664254737397501,0.015010303509196268,3.8062202731669594,-5.607122215874409,0.0036716202993959954,0.06545859069464388
52,FR,2010,0.0042,52.0,-5.472670753692815,-5.582167467137789,0.10949671344497425,-5.582167467137789,0.01375066533335655,3.8062202731669594,-5.529829405976433,0.003966665720840221,0.057158652283618494
53,FR,2010,0.00472,53.0,-5.355946479384673,-5.493506907215805,0.13756042783113198,-5.493506907215805,0.01295815778978835,3.8062202731669594,-5.444185304333416,0.004321359166503393,0.08823882494874358
54,FR,2010,0.00496,54.0,-5.306349538245301,-5.4110136553290165,0.1046641170837157,-5.4110136553290165,0.012093797968350164,3.8062202731669594,-5.364981996322297,0.004677544452803162,0.05863245807699613
55,FR,2010,0.00536,55.0,-5.228791303899427,-5.326980568060005,0.09818926416057838,-5.326980568060005,0.011123008713019614,3.8062202731669594,-5.284643946797897,0.005068836642418329,0.05585264289847025
56,FR,2010,0.00584,56.0,-5.1430244821420015,-5.25008143585457,0.10705695371256851,-5.25008143585457,0.0097378469097369,3.8062202731669594,-5.2130170455297336,0.005445220402093012,0.06999256338773208
57,FR,2010,0.00616,57.0,-5.089678501436708,-5.172600340841025,0.08292183940431652,-5.172600340841025,0.009929976269879456,3.8062202731669594,-5.1348046638505425,0.005888201571505405,0.04512616241383416
58,FR,2010,0.00654,58.0,-5.02981811351303,-5.102985875472896,0.07316776195986652,-5.102985875472896,0.00935670774989911,3.8062202731669594,-5.067372184745132,0.006298950890650285,0.03755407123210208
59,FR,2010,0.00686,59.0,-4.982047837244343,-5.0302681737194455,0.0482203364751026,-5.0302681737194455,0.008908196402758034,3.8062202731669594,-4.996361615973915,0.006762506889879406,0.014313778729571958
60,FR,2010,0.00743,60.0,-4.902229420252469,-4.953982695108957,0.05175327485648751,-4.953982695108957,0.008778985536951035,3.8062202731669594,-4.920567942380375,0.007294986538016484,0.01833852212790532
61,FR,2010,0.00781,61.0,-4.8523503151305425,-4.88408760242258,0.03173728729203784,-4.88408760242258,0.00800832928859658,3.8062202731669594,-4.853606137130127,0.007800198186138182,0.0012558219995844055
62,FR,2010,0.00818,62.0,-4.806063128367481,-4.814965958824859,0.008902830457377497,-4.814965958824859,0.007443410213112718,3.8062202731669594,-4.786634699970211,0.00834047841814973,-0.019428428397270103
63,FR,2010,0.00874,63.0,-4.739845089314693,-4.748481591345951,0.008636502031257542,-4.748481591345951,0.007222264733534511,3.8062202731669594,-4.720992060898993,0.008906338534035435,-0.018853028415700024
64,FR,2010,0.0093,64.0,-4.677740878822926,-4.690926505238551,0.013185626415624263,-4.690926505238551,0.007559181092484768,3.8062202731669594,-4.662154596915795,0.00944608794826539,-0.015586281907131294
65,FR,2010,0.0102,65.0,-4.585367558691911,-4.619343757405519,0.03397619871360824,-4.619343757405519,0.007919647211399497,3.8062202731669594,-4.589199835633161,0.010160985579978635,0.003832276941249546
66,FR,2010,0.0107,66.0,-4.537511537514277,-4.560324136429761,0.022812598915484372,-4.560324136429761,0.007934399503536919,3.8062202731669594,-4.530124064183993,0.010779338659927458,-0.007387473330283889
67,FR,2010,0.01162,67.0,-4.4550275275583715,-4.495665688730098,0.04063816117172614,-4.495665688730098,0.008404693358453006,3.8062202731669594,-4.463675574479402,0.01151994296732826,0.008648046921030605
68,FR,2010,0.0122,68.0,-4.406319327242926,-4.417567476370841,0.011248149127914608,-4.417567476370841,0.009200825359483569,3.8062202731669594,-4.382547108357706,0.01249349577173885,-0.023772218885220298
69,FR,2010,0.01316,69.0,-4.330573353084966,-4.348424688891062,0.017851335806096102,-4.348424688891062,0.009487510691631477,3.8062202731669594,-4.312313133354686,0.013402511913593361,-0.018260219730279914
70,FR,2010,0.01396,70.0,-4.271559181647911,-4.270002935234258,-0.0015562464136529286,-4.270002935234258,0.009992018752246168,3.8062202731669594,-4.231971110889594,0.014523734424413641,-0.03958807075831672
71,FR,2010,0.0154,71.0,-4.173387769562553,-4.192617050716458,0.019229281153904765,-4.192617050716458,0.010527324752195758,3.8062202731669594,-4.152547733822438,0.0157243040673637,-0.020840035740115503
72,FR,2010,0.01694,72.0,-4.078077589758228,-4.107034005143146,0.028956415384917555,-4.107034005143146,0.011559102396732036,3.8062202731669594,-4.063037515261092,0.017196704450065055,-0.015040074497136402
73,FR,2010,0.01815,73.0,-4.009084718271278,-4.021059358227231,0.011974639955953492,-4.021059358227231,0.01169743913549465,3.8062202731669594,-3.976536328245575,0.018750472474455424,-0.032548390025702645
74,FR,2010,0.02015,74.0,-3.904550990589445,-3.933318769422809,0.02876777883336379,-3.933318769422809,0.012327970030389813,3.8062202731669594,-3.8863957999661447,0.02051916810966252,-0.0181551906233004
75,FR,2010,0.02237,75.0,-3.8000345034800986,-3.8366256838237844,0.0365911803436858,-3.8366256838237844,0.012695972475206428,3.8062202731669594,-3.788302016001084,0.022634001413205967,-0.011732487479014786
76,FR,2010,0.02555,76.0,-3.6671179623324237,-3.732175490169328,0.06505752783690433,-3.732175490169328,0.01295867437417588,3.8062202731669594,-3.6828519210529707,0.025151143379782585,0.015733958720546948
77,FR,2010,0.02766,77.0,-3.587767952745525,-3.630336016335675,0.04256806359014975,-3.630336016335675,0.013218506789362525,3.8062202731669594,-3.580023467813008,0.02787504408124894,-0.007744484932517004
78,FR,2010,0.03146,78.0,-3.459038381352005,-3.5209399877050602,0.06190160635305508,-3.5209399877050602,0.013120427703430103,3.8062202731669594,-3.471000749787643,0.03108590587589342,0.011962368435638027
79,FR,2010,0.03509,79.0,-3.349839089387013,-3.403718433545346,0.05387934415833273,-3.403718433545346,0.012917105267199382,3.8062202731669594,-3.3545530856067,0.034924975141525816,0.004713996219686933
80,FR,2010,0.0411,80.0,-3.191747157479948,-3.2760506992837977,0.08430354180384958,-3.2760506992837977,0.013361763206868073,3.8062202731669594,-3.2251928852805603,0.03974811401064213,0.03344572780061217
81,FR,2010,0.04632,81.0,-3.0721814457173973,-3.1503092060021,0.07812776028470259,-3.1503092060021,0.01261299801953086,3.8062202731669594,-3.102301357234747,0.04494564729005757,0.030119911517349607
82,FR,2010,0.05157,82.0,-2.9648151709192696,-3.0292100300712823,0.0643948591520127,-3.0292100300712823,0.01222347467468327,3.8062202731669594,-2.98268479295596,0.050656648518856935,0.01786962203669029
83,FR,2010,0.0585,83.0,-2.8387285247443264,-2.8995439302807133,0.06081540553638698,-2.8995439302807133,0.011605682635583328,3.8062202731669594,-2.855370145749214,0.05753452102067358,0.016641621004887863
84,FR,2010,0.06671,84.0,-2.707400412260713,-2.7677715987687788,0.06037118650806583,-2.7677715987687788,0.010462248076074009,3.8062202731669594,-2.727949978038724,0.06535312778291107,0.020549565778011036
85,FR,2010,0.07503,85.0,-2.5898672454244998,-2.636244978741484,0.04637773331698414,-2.636244978741484,0.009737743869726704,3.8062202731669594,-2.599180980609623,0.07433443463297572,0.009313735185123129
20,FR,2011,0.00047,20.0,-7.66277786326017,-7.77602062301884,0.11324275975866982,-7.77602062301884,0.027065368019014283,2.5394955626357953,-7.7072882410334485,0.00044953886680735477,0.044510377773278265
21,FR,2011,0.00049,21.0,-7.621105166859602,-7.73687186427873,0.11576669741912848,-7.73687186427873,0.023695264288118734,2.5394955626357953,-7.67669784576357,0.0004635029326640648,0.05559267890396846
22,FR,2011,0.00048,22.0,-7.641724454062337,-7.7317418350689575,0.09001738100662049,-7.7317418350689575,0.024368876838677903,2.5394955626357953,-7.669857180470717,0.0004666844706001607,0.028132726408379938
23,FR,2011,0.00048,23.0,-7.641724454062337,-7.6903345955130415,0.048610141450704525,-7.6903345955130415,0.023859905728048508,2.5394955626357953,-7.629742470791754,0.0004857859463029242,-0.011981983270582752
24,FR,2011,0.0005,24.0,-7.600902459542082,-7.676073101708835,0.07517064216675262,-7.676073101708835,0.022773052801918214,2.5394955626357953,-7.618241035170693,0.0004914054362440449,0.017338575628611075
25,FR,2011,0.00053,25.0,-7.542633551418106,-7.647622225504298,0.10498867408619184,-7.647622225504298,0.021477049735121993,2.5394955626357953,-7.5930813530034476,0.0005039258856421643,0.050447801585341345
26,FR,2011,0.00054,26.0,-7.523941418405954,-7.598603886727846,0.0746624683218915,-7.598603886727846,0.020228418997948437,2.5394955626357953,-7.5472339064434175,0.0005275674115120477,0.02329248803746342
27,FR,2011,0.00056,27.0,-7.487573774235079,-7.610017659896407,0.12244388566132791,-7.610017659896407,0.021844882459629948,2.5394955626357953,-7.554542677823876,0.0005237255984819478,0.06696890358879681
28,FR,2011,0.00061,28.0,-7.402051600796917,-7.540022071635147,0.13797047083822989,-7.540022071635147,0.01993958347081985,2.5394955626357953,-7.489385587890194,0.0005589863029455211,0.08733398709327655
29,FR,2011,0.00054,29.0,-7.523941418405954,-7.522165723461602,-0.0017756949443521464,-7.522165723461602,0.019123715743917843,2.5394955626357953,-7.473601132188814,0.0005678796007691921,-0.05034028621714004
30,FR,2011,0.00062,30.0,-7.385791079925137,-7.483520175967049,0.09772909604191238,-7.483520175967049,0.018652436174824778,2.5394955626357953,-7.436152397068734,0.000589549190473449,0.05036131714359726
31,FR,2011,0.00062,31.0,-7.385791079925137,-7.434974497756649,0.04918341783151181,-7.434974497756649,0.019107855853761156,2.5394955626357953,-7.386450182604538,0.0006195914909782555,0.0006591026794007249
32,FR,2011,0.00064,32.0,-7.354042381610556,-7.370736280916335,0.01669389930577836,-7.370736280916335,0.018541998976225594,2.5394955626357953,-7.323648956793813,0.0006597504128631209,-0.030393424816743675
33,FR,2011,0.00067,33.0,-7.308232845579262,-7.310007884633488,0.0017750390542259353,-7.310007884633488,0.018290514561482833,2.5394955626357953,-7.263559204066277,0.0007006099788111731,-0.04467364151298536
34,FR,2011,0.00073,34.0,-7.222466023821838,-7.237925810610667,0.015459786788829533,-7.237925810610667,0.017506366593865882,2.5394955626357953,-7.1934684703276695,0.0007514781154690043,-0.028997553494168216
35,FR,2011,0.00082,35.0,-7.106206217705975,-7.175930850927135,0.06972463322115985,-7.175930850927135,0.02028229426963641,2.5394955626357953,-7.12442405462932,0.0008051966258722841,0.018217836923344777
36,FR,2011,0.00086,36.0,-7.05857816871672,-7.07663964675468,0.018061478037959766,-7.07663964675468,0.02041717609479281,2.5394955626357953,-7.024790318660401,0.0008895540229305555,-0.03378785005631979
37,FR,2011,0.00101,37.0,-6.897804948128969,-6.97700817216001,0.07920322403104141,-6.97700817216001,0.019651752990632196,2.5394955626357953,-6.927102632642285,0.0009808386051851012,0.029297684513315936
38,FR,2011,0.00107,38.0,-6.840096630508322,-6.898518252238512,0.058421621730190054,-6.898518252238512,0.0202674338985073,2.5394955626357953,-6.847049193787238,0.0010625865583652387,0.006952563278916024
39,FR,2011,0.00114,39.0,-6.776727016575733,-6.809932685090125,0.033205668514391995,-6.809932685090125,0.020335399475374303,2.5394955626357953,-6.758291028357986,0.001161211957467256,-0.018435988217746946
40,FR,2011,0.00124,40.0,-6.6926438993651916,-6.737658000327092,0.04501410096190028,-6.737658000327092,0.020319399669134045,2.5394955626357953,-6.686056975031903,0.0012481947456288165,-0.006586924333288557
41,FR,2011,0.00137,41.0,-6.5929445391421035,-6.637116448233414,0.04417190909131019,-6.637116448233414,0.020495343107482796,2.5394955626357953,-6.585068615357263,0.001380832618026507,-0.007875923784840921
42,FR,2011,0.00161,42.0,-6.4315210999857655,-6.548287899120462,0.11676679913469634,-6.548287899120462,0.020240987592618713,2.5394955626357953,-6.496886000945641,0.0015081281981925913,0.06536490095987535
43,FR,2011,0.00169,43.0,-6.383026750047155,-6.448116742631472,0.06508999258431647,-6.448116742631472,0.01964334143697972,2.5394955626357953,-6.398232564216921,0.0016644965656944116,0.015205814169766185
44,FR,2011,0.00185,44.0,-6.292569639891903,-6.351297175582103,0.05872753569019995,-6.351297175582103,0.02027819283182161,2.5394955626357953,-6.299800794867419,0.0018366706148026449,0.007231154975515963
45,FR,2011,0.00204,45.0,-6.194805471126012,-6.248201457920508,0.053395986794495975,-6.248201457920508,0.019317153767295814,2.5394955626357953,-6.199145631645707,0.0020311652585062647,0.004340160519695324
46,FR,2011,0.00225,46.0,-6.0968250627658085,-6.150947090642127,0.05412202787631859,-6.150947090642127,0.018954085157196654,2.5394955626357953,-6.102813275491605,0.0022365667819919145,0.005988212725796416
47,FR,2011,0.00245,47.0,-6.011667254425501,-6.046710559418147,0.035043304992646185,-6.046710559418147,0.01798657493397922,2.5394955626357953,-6.001033732186291,0.0024761911347033153,-0.010633522239210436
48,FR,2011,0.00273,48.0,-5.903453669785269,-5.950188915889004,0.046735246103734696,-5.950188915889004,0.017220232470692053,2.5394955626357953,-5.906458211942124,0.0027218099098085904,0.0030045421568551944
49,FR,2011,0.00309,49.0,-5.779584188072483,-5.853018983780143,0.07343479570766043,-5.853018983780143,0.016495468408212678,2.5394955626357953,-5.811128814953888,0.002994048437416061,0.03154462688140569
50,FR,2011,0.00332,50.0,-5.70779049605374,-5.752765937855305,0.0449754418015651,-5.752765937855305,0.015773513858200243,2.5394955626357953,-5.7127091694052305,0.003303710099664645,0.0049186733514909875
51,FR,2011,0.00385,51.0,-5.559682130682444,-5.664254737397501,0.10457260671505697,-5.664254737397501,0.015010303509196268,2.5394955626357953,-5.626136138242081,0.0036024679085272177,0.06645400755963671
52,FR,2011,0.00415,52.0,-5.48464694473953,-5.582167467137789,0.09752052239825915,-5.582167467137789,0.01375066533335655,2.5394955626357953,-5.5472477135404406,0.0038981713768281726,0.0626007688009107
53,FR,2011,0.00442,53.0,-5.42161558289253,-5.493506907215805,0.07189132432327483,-5.493506907215805,0.01295815778978835,2.5394955626357953,-5.460599723008703,0.004251005554346545,0.038984140116173016
54,FR,2011,0.00495,54.0,-5.308367702401538,-5.4110136553290165,0.10264595292747813,-5.4110136553290165,0.012093797968350164,2.5394955626357953,-5.380301509052978,0.004606432839388569,0.07193380665143945
55,FR,2011,0.00539,55.0,-5.223209894061231,-5.326980568060005,0.10377067399877404,-5.326980568060005,0.011123008713019614,2.5394955626357953,-5.298733736790132,0.004997918582139821,0.07552384272890134
56,FR,2011,0.00564,56.0,-5.177871213472169,-5.25008143585457,0.0722102223824006,-5.25008143585457,0.0097378469097369,2.5394955626357953,-5.225352216837666,0.005378465240235908,0.047481003365496655
57,FR,2011,0.00589,57.0,-5.134499281318642,-5.172600340841025,0.03810105952238274,-5.172600340841025,0.009929976269879456,2.5394955626357953,-5.147383210166587,0.005814600423472262,0.012883928847944759
58,FR,2011,0.0064,58.0,-5.051457288616511,-5.102985875472896,0.05152858685638506,-5.102985875472896,0.00935670774989911,2.5394955626357953,-5.079224557661147,0.00622473406727011,0.027767269044636222
59,FR,2011,0.00688,59.0,-4.979136627036885,-5.0302681737194455,0.05113154668256037,-5.0302681737194455,0.008908196402758034,2.5394955626357953,-5.007645848483553,0.006686626123074936,0.028509221446667787
60,FR,2011,0.00725,60.0,-4.926753810115554,-4.953982695108957,0.027228884993403035,-4.953982695108957,0.008778985536951035,2.5394955626357953,-4.931688500293426,0.0072143116241703675,0.004934690177871737
61,FR,2011,0.00761,61.0,-4.8782921071085426,-4.88408760242258,0.00579549531403778,-4.88408760242258,0.00800832928859658,2.5394955626357953,-4.863750485730063,0.007721470253527976,-0.014541621378479697
62,FR,2011,0.0081,62.0,-4.815891217303744,-4.814965958824859,-0.0009252584788850271,-4.814965958824859,0.007443410213112718,2.5394955626357953,-4.796063451617781,0.008262207695986953,-0.019827765685962895
63,FR,2011,0.00854,63.0,-4.762994271181658,-4.748481591345951,-0.014512679835707587,-4.748481591345951,0.007222264733534511,2.5394955626357953,-4.730140682102959,0.008825229400559407,-0.03285358907869984
64,FR,2011,0.00919,64.0,-4.689639342614542,-4.690926505238551,0.001287162624008964,-4.690926505238551,0.007559181092484768,2.5394955626357953,-4.6717299983970255,0.00935606953277028,-0.01790934421751622
65,FR,2011,0.00985,65.0,-4.62028382379814,-4.619343757405519,-0.0009400663926202313,-4.619343757405519,0.007919647211399497,2.5394955626357953,-4.599231848454529,0.010059560044132124,-0.021051975343610252
66,FR,2011,0.01014,66.0,-4.5912672808191,-4.560324136429761,-0.03094314438933843,-4.560324136429761,0.007934399503536919,2.5394955626357953,-4.540174764098349,0.010671541388236994,-0.051092516720750325
67,FR,2011,0.01119,67.0,-4.492734756658304,-4.495665688730098,0.002930932071794068,-4.495665688730098,0.008404693358453006,2.5394955626357953,-4.474322007240992,0.011397947231124542,-0.018412749417311858
68,FR,2011,0.01186,68.0,-4.434583885412557,-4.417567476370841,-0.017016409041716862,-4.417567476370841,0.009200825359483569,2.5394955626357953,-4.394202021197845,0.012348730419933167,-0.04038186421471224
69,FR,2011,0.01248,69.0,-4.383627916040855,-4.348424688891062,-0.03520322714979329,-4.348424688891062,0.009487510691631477,2.5394955626357953,-4.3243311975892045,0.013242403687070211,-0.059296718451650854
70,FR,2011,0.01394,70.0,-4.272992873649759,-4.270002935234258,-0.0029899384155012143,-4.270002935234258,0.009992018752246168,2.5394955626357953,-4.244628247951155,0.014341064008097348,-0.028364625698603874
71,FR,2011,0.01476,71.0,-4.215834459809811,-4.192617050716458,-0.023217409093352792,-4.192617050716458,0.010527324752195758,2.5394955626357953,-4.1658829562218305,0.01551600889350355,-0.049951503587980284
72,FR,2011,0.01643,72.0,-4.10864634693296,-4.107034005143146,-0.0016123417898139536,-4.107034005143146,0.011559102396732036,2.5394955626357953,-4.077679715898592,0.016946741324191657,-0.03096663103436814
73,FR,2011,0.01808,73.0,-4.012948924018107,-4.021059358227231,0.008110434209124051,-4.021059358227231,0.01169743913549465,2.5394955626357953,-3.99135376344844,0.018474686827376345,-0.021595160569666927
74,FR,2011,0.01926,74.0,-3.9497248726121574,-3.933318769422809,-0.016406103189348542,-3.933318769422809,0.012327970030389813,2.5394955626357953,-3.902011944234327,0.020201226790132462,-0.047712928377830366
75,FR,2011,0.02177,75.0,-3.827222403735681,-3.8366256838237844,0.00940328008810365,-3.8366256838237844,0.012695972475206428,2.5394955626357953,-3.8043843180596517,0.022272905971457917,-0.022838085676029074
76,FR,2011,0.02348,76.0,-3.7516062840222415,-3.732175490169328,-0.019430793852913464,-3.732175490169328,0.01295867437417588,2.5394955626357953,-3.6992669940984664,0.024741655604718388,-0.05233928992377512
77,FR,2011,0.02685,77.0,-3.617489458027263,-3.630336016335675,0.012846558308411637,-3.630336016335675,0.013218506789362525,2.5394955626357953,-3.5967676769994177,0.02741218443566007,-0.0207217810278455
78,FR,2011,0.03,78.0,-3.506557897319982,-3.5209399877050602,0.014382090385078428,-3.5209399877050602,0.013120427703430103,2.5394955626357953,-3.4876207197723157,0.030573528694140237,-0.018937177547666106
79,FR,2011,0.03403,79.0,-3.380512790469323,-3.403718433545346,0.02320564307602302,-3.403718433545346,0.012917105267199382,2.5394955626357953,-3.3709155020371937,0.034358167967763184,-0.009597288432129147
80,FR,2011,0.03875,80.0,-3.2506245231827813,-3.2760506992837977,0.025426176101016384,-3.2760506992837977,0.013361763206868073,2.5394955626357953,-3.242118560910966,0.03908101182933722,-0.008505962271815104
81,FR,2011,0.04393,81.0,-3.125157820994449,-3.1503092060021,0.025151385007650795,-3.1503092060021,0.01261299801953086,2.5394955626357953,-3.1182785534999673,0.04423324808747148,-0.0068792674944817556
82,FR,2011,0.04969,82.0,-3.001951573367908,-3.0292100300712823,0.027258456703374456,-3.0292100300712823,0.01222347467468327,2.5394955626357953,-2.9981685703749332,0.04987833342707505,-0.0037830029929746267
83,FR,2011,0.0564,83.0,-2.875286120478124,-2.8995439302807133,0.024257809802589403,-2.8995439302807133,0.011605682635583328,2.5394955626357953,-2.87007135072629,0.056694881214577164,-0.005214769751833881
84,FR,2011,0.0631,84.0,-2.7630345094349695,-2.7677715987687788,0.00473708933380923,-2.7677715987687788,0.010462248076074009,2.5394955626357953,-2.741202766204394,0.06449273054863439,-0.021831743230575462
85,FR,2011,0.07221,85.0,-2.6281767385190467,-2.636244978741484,0.00806824022243724,-2.636244978741484,0.009737743869726704,2.5394955626357953,-2.611516021394229,0.07342314828179904,-0.016660717124817648
20,FR,2012,0.00045,20.0,-7.706262975199909,-7.77602062301884,0.06975764781893101,-7.77602062301884,0.027065368019014283,0.7898450659878572,-7.754643175629876,0.00042874716333689305,0.04838020042996671
21,FR,2012,0.00045,21.0,-7.706262975199909,-7.73687186427873,0.0306088890788212,-7.73687186427873,0.023695264288118734,0.7898450659878572,-7.718156276693481,0.00044467971491813523,0.01189330149357204
22,FR,2012,0.00047,22.0,-7.66277786326017,-7.7317418350689575,0.06896397180878733,-7.7317418350689575,0.024368876838677903,0.7898450659878572,-7.712494197934262,0.00044720466798253813,0.04971633467409209
23,FR,2012,0.00044,23.0,-7.728735831051967,-7.6903345955130415,-0.038401235538925604,-7.6903345955130415,0.023859905728048508,0.7898450659878572,-7.671488966698807,0.0004659235622968577,-0.05724686435315984
24,FR,2012,0.00046,24.0,-7.6842840684811335,-7.676073101708835,-0.008210966772298711,-7.676073101708835,0.022773052801918214,0.7898450659878572,-7.658085918315758,0.0004722103955960612,-0.02619815016537519
25,FR,2012,0.0005,25.0,-7.600902459542082,-7.647622225504298,0.04671976596221583,-7.647622225504298,0.021477049735121993,0.7898450659878572,-7.630658683739036,0.0004853410667626321,0.02975622419695423
26,FR,2012,0.00053,26.0,-7.542633551418106,-7.598603886727846,0.05597033530973938,-7.598603886727846,0.020228418997948437,0.7898450659878572,-7.582626569789581,0.0005092219579368681,0.03999301837147495
27,FR,2012,0.00051,27.0,-7.5810998322459024,-7.610017659896407,0.028917827650504435,-7.610017659896407,0.021844882459629948,0.7898450659878572,-7.592763587268584,0.0005040860414662013,0.011663755022681244
28,FR,2012,0.00054,28.0,-7.523941418405954,-7.540022071635147,0.016080653229193054,-7.540022071635147,0.01993958347081985,0.7898450659878572,-7.524272890012867,0.0005398210349948147,0.0003314716069127144
29,FR,2012,0.00053,29.0,-7.542633551418106,-7.522165723461602,-0.02046782795650426,-7.522165723461602,0.019123715743917843,0.7898450659878572,-7.507060950937914,0.0005491928237232789,-0.03557260048019195
30,FR,2012,0.00057,30.0,-7.469874197135678,-7.483520175967049,0.013645978831370975,-7.483520175967049,0.018652436174824778,0.7898450659878572,-7.468787641285711,0.0005706196734284102,-0.001086555849967752
31,FR,2012,0.00057,31.0,-7.469874197135678,-7.434974497756649,-0.03489969937902959,-7.434974497756649,0.019107855853761156,0.7898450659878572,-7.419882252088948,0.0005992196982282265,-0.0499919450467301
32,FR,2012,0.00065,32.0,-7.338538195074591,-7.370736280916335,0.03219808584174366,-7.370736280916335,0.018541998976225594,0.7898450659878572,-7.356090974511411,0.0006386902425813863,0.01755277943682021
33,FR,2012,0.00066,33.0,-7.3232707229438025,-7.310007884633488,-0.013262838310314606,-7.310007884633488,0.018290514561482833,0.7898450659878572,-7.295561211952721,0.0006785440135082937,-0.02770951099108121
34,FR,2012,0.00067,34.0,-7.308232845579262,-7.237925810610667,-0.0703070349685948,-7.237925810610667,0.017506366593865882,0.7898450659878572,-7.224098493333128,0.0007288092694368653,-0.08413435224613419
35,FR,2012,0.00069,35.0,-7.278818960372969,-7.175930850927135,-0.10288810944583382,-7.175930850927135,0.02028229426963641,0.7898450659878572,-7.159910980871349,0.0007771237290157627,-0.11890797950162035
36,FR,2012,0.00076,36.0,-7.182192124683898,-7.07663964675468,-0.1055524779292174,-7.07663964675468,0.02041717609479281,0.7898450659878572,-7.060513240954803,0.000858337446974138,-0.12167888372909452
37,FR,2012,0.00091,37.0,-7.002065958453378,-6.97700817216001,-0.025057786293367634,-6.97700817216001,0.019651752990632196,0.7898450659878572,-6.961486332022347,0.0009476869497545722,-0.040579626431030746
38,FR,2012,0.00101,38.0,-6.897804948128969,-6.898518252238512,0.000713304109543067,-6.898518252238512,0.0202674338985073,0.7898450659878572,-6.882510119573541,0.001025566516987846,-0.015294828555427742
39,FR,2012,0.00112,39.0,-6.794426593675134,-6.809932685090125,0.015506091414991374,-6.809932685090125,0.020335399475374303,0.7898450659878572,-6.793870870149608,0.0011206225833246659,-0.0005557235255251314
40,FR,2012,0.00117,40.0,-6.750751530172472,-6.737658000327092,-0.01309352984538048,-6.737658000327092,0.020319399669134045,0.7898450659878572,-6.721608822754591,0.0012045986684359707,-0.029142707417880942
41,FR,2012,0.00138,41.0,-6.5856717798130235,-6.637116448233414,0.051444668420390194,-6.637116448233414,0.020495343107482796,0.7898450659878572,-6.6209283026042405,0.0013321936925554394,0.03525652279121694
42,FR,2012,0.00149,42.0,-6.508979159024769,-6.548287899120462,0.03930874009569241,-6.548287899120462,0.020240987592618713,0.7898450659878572,-6.532300654939711,0.001455653039080609,0.02332149591494126
43,FR,2012,0.00157,43.0,-6.45667965962192,-6.448116742631472,-0.008562916990448421,-6.448116742631472,0.01964334143697972,0.7898450659878572,-6.432601546317958,0.0016082614207950621,-0.024078113303962034
44,FR,2012,0.0018,44.0,-6.319968614080018,-6.351297175582103,0.03132856150208507,-6.351297175582103,0.02027819283182161,0.7898450659878572,-6.335280545026738,0.0017726484611237053,0.015311930946720231
45,FR,2012,0.002,45.0,-6.214608098422191,-6.248201457920508,0.03359335949831621,-6.248201457920508,0.019317153767295814,0.7898450659878572,-6.232943899328481,0.001963662554325317,0.01833580090628928
46,FR,2012,0.00221,46.0,-6.114762763452475,-6.150947090642127,0.03618432718965181,-6.150947090642127,0.018954085157196654,0.7898450659878572,-6.135976300000402,0.0021636118521609995,0.02121353654792646
47,FR,2012,0.00243,47.0,-6.01986402162968,-6.046710559418147,0.026846537788467018,-6.046710559418147,0.01798657493397922,0.7898450659878572,-6.032503951952523,0.002399478271938302,0.01263993032284283
48,FR,2012,0.00271,48.0,-5.910806644090528,-5.950188915889004,0.039382271798475976,-5.950188915889004,0.017220232470692053,0.7898450659878572,-5.936587600236863,0.002641026530114619,0.025780956146335576
49,FR,2012,0.00294,49.0,-5.829345697631547,-5.853018983780143,0.023673286148595984,-5.853018983780143,0.016495468408212678,0.7898450659878572,-5.839990119446758,0.0029088713669290106,0.010644421815210414
50,FR,2012,0.0033,50.0,-5.713832810509703,-5.752765937855305,0.038933127345601726,-5.752765937855305,0.015773513858200243,0.7898450659878572,-5.740307305761114,0.003213780510275939,0.02647449525141088
51,FR,2012,0.00362,51.0,-5.621281253144457,-5.664254737397501,0.042973484253043814,-5.664254737397501,0.015010303509196268,0.7898450659878572,-5.652398923231782,0.0035090886354742354,0.031117670087325244
52,FR,2012,0.00392,52.0,-5.5416636251797655,-5.582167467137789,0.04050384195802348,-5.582167467137789,0.01375066533335655,0.7898450659878572,-5.571306571970187,0.0038055050167431197,0.02964294679042112
53,FR,2012,0.0044,53.0,-5.426150738057921,-5.493506907215805,0.06735616915788345,-5.493506907215805,0.01295815778978835,0.7898450659878572,-5.4832719702212485,0.004155710068950921,0.05712123216332721
54,FR,2012,0.00475,54.0,-5.349610660935587,-5.4110136553290165,0.06140299439342911,-5.4110136553290165,0.012093797968350164,0.7898450659878572,-5.401461428674661,0.004509985102560532,0.051850767739074044
55,FR,2012,0.00524,55.0,-5.251433780649187,-5.326980568060005,0.07554678741081844,-5.326980568060005,0.011123008713019614,0.7898450659878572,-5.318195114509087,0.004901592559591255,0.06676133385990024
56,FR,2012,0.00554,56.0,-5.195760778222945,-5.25008143585457,0.0543206576316253,-5.25008143585457,0.0097378469097369,0.7898450659878572,-5.242390045519569,0.005287604107089167,0.0466292672966242
57,FR,2012,0.00603,57.0,-5.111008268243043,-5.172600340841025,0.06159207259798194,-5.172600340841025,0.009929976269879456,0.7898450659878572,-5.164757198078884,0.005714450150049479,0.0537489298358409
58,FR,2012,0.00643,58.0,-5.046780740732609,-5.102985875472896,0.056205134740287654,-5.102985875472896,0.00935670774989911,0.7898450659878572,-5.095595526022748,0.00612365875061216,0.04881478529013972
59,FR,2012,0.00683,59.0,-4.9864306053994385,-5.0302681737194455,0.04383756832000696,-5.0302681737194455,0.008908196402758034,0.7898450659878572,-5.0232320787438764,0.006583214818331776,0.03680147334443795
60,FR,2012,0.00735,60.0,-4.913054965757392,-4.953982695108957,0.04092772935156486,-4.953982695108957,0.008778985536951035,0.7898450659878572,-4.947048656698217,0.0071043453806796854,0.03399369094082516
61,FR,2012,0.00781,61.0,-4.8523503151305425,-4.88408760242258,0.03173728729203784,-4.88408760242258,0.00800832928859658,0.7898450659878572,-4.877762263047177,0.007614033181691324,0.025411947916634148
62,FR,2012,0.00814,62.0,-4.810965098967688,-4.814965958824859,0.004000859857170802,-4.814965958824859,0.007443410213112718,0.7898450659878572,-4.809086817993908,0.008155303574834119,-0.0018782809737798445
63,FR,2012,0.00867,63.0,-4.747886488189686,-4.748481591345951,0.0005951031562645426,-4.748481591345951,0.007222264733534511,0.7898450659878572,-4.742777121180911,0.008714411572862712,-0.005109367008775401
64,FR,2012,0.00915,64.0,-4.694001399694707,-4.690926505238551,-0.003074894456156052,-4.690926505238551,0.007559181092484768,0.7898450659878572,-4.684955923349743,0.00923314156921462,-0.009045476344963888
65,FR,2012,0.00991,65.0,-4.61421093064024,-4.619343757405519,0.005132826765279042,-4.619343757405519,0.007919647211399497,0.7898450659878572,-4.613088463131231,0.009921129898320323,-0.0011224675090089065
66,FR,2012,0.00999,66.0,-4.606170686321675,-4.560324136429761,-0.04584654989191339,-4.560324136429761,0.007934399503536919,0.7898450659878572,-4.554057190130316,0.010524418081295029,-0.05211349619135852
67,FR,2012,0.01144,67.0,-4.4706392930304855,-4.495665688730098,0.02502639569961218,-4.495665688730098,0.008404693358453006,0.7898450659878572,-4.489027283149783,0.011231563628978111,0.01838799011929737
68,FR,2012,0.01215,68.0,-4.41042610919558,-4.417567476370841,0.007141367175260704,-4.417567476370841,0.009200825359483569,0.7898450659878572,-4.410300249857636,0.01215152928719153,-0.00012585933794362347
69,FR,2012,0.01287,69.0,-4.352856257374102,-4.348424688891062,-0.004431568483039605,-4.348424688891062,0.009487510691631477,0.7898450659878572,-4.34093102538277,0.013024396513109273,-0.011925231991331664
70,FR,2012,0.0139,70.0,-4.275866438845491,-4.270002935234258,-0.005863503611233334,-4.270002935234258,0.009992018752246168,0.7898450659878572,-4.262110788523538,0.014092524654639015,-0.013755650321953361
71,FR,2012,0.01504,71.0,-4.197041960460443,-4.192617050716458,-0.004424909743985239,-4.192617050716458,0.010527324752195758,0.7898450659878572,-4.184302095202884,0.015232833300476012,-0.012739865257558769
72,FR,2012,0.0159,72.0,-4.141436169755951,-4.107034005143146,-0.03440216461280521,-4.107034005143146,0.011559102396732036,0.7898450659878572,-4.097904105147839,0.016607446412284885,-0.04353206460811254
73,FR,2012,0.0183,73.0,-4.000854219134761,-4.021059358227231,0.020205139092469793,-4.021059358227231,0.01169743913549465,0.7898450659878572,-4.011820193641367,0.018100418966797625,0.010965974506605747
74,FR,2012,0.01904,74.0,-3.961213249618918,-3.933318769422809,-0.02789448019610896,-3.933318769422809,0.012327970030389813,0.7898450659878572,-3.9235815831206593,0.01977015932072484,-0.037631666498258554
75,FR,2012,0.02139,75.0,-3.8448317558878227,-3.8366256838237844,-0.008206072064038228,-3.8366256838237844,0.012695972475206428,0.7898450659878572,-3.826597832606325,0.02178360116049003,-0.018233923281497866
76,FR,2012,0.02422,76.0,-3.720576540857191,-3.732175490169328,0.011598949312137119,-3.732175490169328,0.01295867437417588,0.7898450659878572,-3.721940145153142,0.024186996011256495,0.0013636042959510597
77,FR,2012,0.02672,77.0,-3.622342930313692,-3.630336016335675,0.007993086021982787,-3.630336016335675,0.013218506789362525,0.7898450659878572,-3.6198954439683697,0.02678547692940741,-0.002447486345322325
78,FR,2012,0.0299,78.0,-3.5098967985854963,-3.5209399877050602,0.011043189119563923,-3.5209399877050602,0.013120427703430103,0.7898450659878572,-3.510576882619856,0.02987967240039411,0.0006800840343594849
79,FR,2012,0.03475,79.0,-3.3595757069713357,-3.403718433545346,0.044142726574010194,-3.403718433545346,0.012917105267199382,0.7898450659878572,-3.3935159216832025,0.03359036793594941,0.03394021471186681
80,FR,2012,0.0394,80.0,-3.233989462678249,-3.2760506992837977,0.042061236605548835,-3.2760506992837977,0.013361763206868073,0.7898450659878572,-3.265496976541955,0.0381779568192355,0.031507513863706205
81,FR,2012,0.0444,81.0,-3.114515809543958,-3.1503092060021,0.035793396458141835,-3.1503092060021,0.01261299801953086,0.7898450659878572,-3.1403468917490587,0.043267786060390064,0.025831082205100664
82,FR,2012,0.05053,82.0,-2.98518805967832,-3.0292100300712823,0.044021970392962295,-3.0292100300712823,0.01222347467468327,0.7898450659878572,-3.019555378910256,0.04882292123732241,0.03436731923193603
83,FR,2012,0.05821,83.0,-2.843698117698493,-2.8995439302807133,0.05584581258222032,-2.8995439302807133,0.011605682635583328,0.7898450659878572,-2.890377239113577,0.055555251044311645,0.0466791214150839
84,FR,2012,0.06485,84.0,-2.735678368219684,-2.7677715987687788,0.03209323054909463,-2.7677715987687788,0.010462248076074009,0.7898450659878572,-2.759508043746751,0.06332291280108766,0.02382967552706683
85,FR,2012,0.07478,85.0,-2.5932048094331694,-2.636244978741484,0.04304016930831445,-2.636244978741484,0.009737743869726704,0.7898450659878572,-2.628553669792127,0.07218278692182319,0.035348860358957346
20,FR,2013,0.00041,20.0,-7.799353398265921,-7.77602062301884,-0.02333277524708066,-7.77602062301884,0.027065368019014283,-1.9461182152877863,-7.828693028724111,0.00039814550512556304,0.02933963045819077
21,FR,2013,0.00039,21.0,-7.849363818840582,-7.73687186427873,-0.11249195456185213,-7.73687186427873,0.023695264288118734,-1.9461182152877863,-7.782985649725896,0.00041676599792571606,-0.06637816911468608
22,FR,2013,0.00045,22.0,-7.706262975199909,-7.7317418350689575,0.02547885986904852,-7.7317418350689575,0.024368876838677903,-1.9461182152877863,-7.779166550170813,0.00041836071201058314,0.07290357497090394
23,FR,2013,0.00043,23.0,-7.751725349276666,-7.6903345955130415,-0.06139075376362424,-7.6903345955130415,0.023859905728048508,-1.9461182152877863,-7.736768792665446,0.00043647965521750697,-0.014956556611219973
24,FR,2013,0.00045,24.0,-7.706262975199909,-7.676073101708835,-0.03018987349107416,-7.676073101708835,0.022773052801918214,-1.9461182152877863,-7.720392154584358,0.0004436865760573764,0.014129179384449131
25,FR,2013,0.00048,25.0,-7.641724454062337,-7.647622225504298,0.0058977714419610194,-7.647622225504298,0.021477049735121993,-1.9461182152877863,-7.689419103204461,0.0004576439384334112,0.04769464914212396
26,FR,2013,0.00051,26.0,-7.5810998322459024,-7.598603886727846,0.017504054481943143,-7.598603886727846,0.020228418997948437,-1.9461182152877863,-7.637970781406227,0.0004818051487240822,0.056870949160324535
27,FR,2013,0.00045,27.0,-7.706262975199909,-7.610017659896407,-0.09624531530350211,-7.610017659896407,0.021844882459629948,-1.9461182152877863,-7.652530383561913,0.0004748410775162359,-0.0537325916379956
28,FR,2013,0.00053,28.0,-7.542633551418106,-7.540022071635147,-0.0026114797829590586,-7.540022071635147,0.01993958347081985,-1.9461182152877863,-7.5788268582329605,0.0005111605351801031,0.03619330681485433
29,FR,2013,0.00051,29.0,-7.5810998322459024,-7.522165723461602,-0.0589341087843005,-7.522165723461602,0.019123715743917843,-1.9461182152877863,-7.559382735014826,0.0005211968611860441,-0.021717097231076288
30,FR,2013,0.00057,30.0,-7.469874197135678,-7.483520175967049,0.013645978831370975,-7.483520175967049,0.018652436174824778,-1.9461182152877863,-7.519820021766368,0.0005422301466881543,0.04994582463069008
31,FR,2013,0.00057,31.0,-7.469874197135678,-7.434974497756649,-0.03489969937902959,-7.434974497756649,0.019107855853761156,-1.9461182152877863,-7.4721606440887465,0.0005686982140361537,0.002286446953068122
32,FR,2013,0.0006,32.0,-7.418580902748128,-7.370736280916335,-0.04784462183179361,-7.370736280916335,0.018541998976225594,-1.9461182152877863,-7.406821202871814,0.0006070974701929019,-0.011759699876313867
33,FR,2013,0.00064,33.0,-7.354042381610556,-7.310007884633488,-0.044034496977068294,-7.310007884633488,0.018290514561482833,-1.9461182152877863,-7.345603388188576,0.0006454238093470304,-0.008438993421980179
34,FR,2013,0.00072,34.0,-7.236259345954173,-7.237925810610667,0.0016664646564938934,-7.237925810610667,0.017506366593865882,-1.9461182152877863,-7.271995269522495,0.0006947244474392821,0.035735923568322114
35,FR,2013,0.00072,35.0,-7.236259345954173,-7.175930850927135,-0.06032849502703819,-7.175930850927135,0.02028229426963641,-1.9461182152877863,-7.215402593253102,0.0007351745578661917,-0.020856752701071457
36,FR,2013,0.00086,36.0,-7.05857816871672,-7.07663964675468,0.018061478037959766,-7.07663964675468,0.02041717609479281,-1.9461182152877863,-7.116373885057495,0.0008117047558775857,0.05779571634077474
37,FR,2013,0.00092,37.0,-6.991136887921188,-6.97700817216001,-0.014128715761177801,-6.97700817216001,0.019651752990632196,-1.9461182152877863,-7.015252806617416,0.0008980787428262585,0.024115918696227645
38,FR,2013,0.00097,38.0,-6.938214486466846,-6.898518252238512,-0.03969623422833379,-6.898518252238512,0.0202674338985073,-1.9461182152877863,-6.937961074525538,0.000970245840731241,-0.0002534119413075686
39,FR,2013,0.00101,39.0,-6.897804948128969,-6.809932685090125,-0.08787226303884399,-6.809932685090125,0.020335399475374303,-1.9461182152877863,-6.849507776424304,0.0010599773103427317,-0.04829717170466452
40,FR,2013,0.00122,40.0,-6.708904420236972,-6.737658000327092,0.028753580090119968,-6.737658000327092,0.020319399669134045,-1.9461182152877863,-6.777201954146906,0.0011394586997209573,0.06829753390993432
41,FR,2013,0.0013,41.0,-6.645391014514646,-6.637116448233414,-0.008274566281232687,-6.637116448233414,0.020495343107482796,-1.9461182152877863,-6.677002808783459,0.0012595474253352323,0.03161179426881233
42,FR,2013,0.00146,42.0,-6.529318843261892,-6.548287899120462,0.01896905585856956,-6.548287899120462,0.020240987592618713,-1.9461182152877863,-6.587679253769871,0.0013772324647464427,0.05836041050797913
43,FR,2013,0.00157,43.0,-6.45667965962192,-6.448116742631472,-0.008562916990448421,-6.448116742631472,0.01964334143697972,-1.9461182152877863,-6.486345007211095,0.001524109449238014,0.02966534758917483
44,FR,2013,0.00171,44.0,-6.371261908467568,-6.351297175582103,-0.019964732885465075,-6.351297175582103,0.02027819283182161,-1.9461182152877863,-6.390760936025229,0.001676979641537832,0.019499027557660753
45,FR,2013,0.00188,45.0,-6.276483502140279,-6.248201457920508,-0.028282044219771763,-6.248201457920508,0.019317153767295814,-1.9461182152877863,-6.285794922734557,0.0018625757773092927,0.00931142059427792
46,FR,2013,0.00221,46.0,-6.114762763452475,-6.150947090642127,0.03618432718965181,-6.150947090642127,0.018954085157196654,-1.9461182152877863,-6.187833981020663,0.002054271528924618,0.07307121756818802
47,FR,2013,0.00237,47.0,-6.044865323835097,-6.046710559418147,0.0018452355830502754,-6.046710559418147,0.01798657493397922,-1.9461182152877863,-6.081714560527803,0.002284256796927883,0.03684923669270557
48,FR,2013,0.00262,48.0,-5.944580961209131,-5.950188915889004,0.005607954679872407,-5.950188915889004,0.017220232470692053,-1.9461182152877863,-5.983701523971708,0.002519483083811075,0.03912056276257658
49,FR,2013,0.00286,49.0,-5.856933654150375,-5.853018983780143,-0.003914670370232187,-5.853018983780143,0.016495468408212678,-1.9461182152877863,-5.88512111531907,0.002780509442642931,0.028187461168694306
50,FR,2013,0.00319,50.0,-5.747734362185384,-5.752765937855305,0.005031575669920407,-5.752765937855305,0.015773513858200243,-1.9461182152877863,-5.783463060493842,0.003078037499722838,0.03572869830845793
51,FR,2013,0.00349,51.0,-5.657853542767802,-5.664254737397501,0.006401194629699347,-5.664254737397501,0.015010303509196268,-1.9461182152877863,-5.693466562473746,0.003367897682146361,0.035613019705944104
52,FR,2013,0.00372,52.0,-5.5940316106970815,-5.582167467137789,-0.01186414355929255,-5.582167467137789,0.01375066533335655,-1.9461182152877863,-5.60892788741536,0.0036649965410778455,0.014896276718278756
53,FR,2013,0.00407,53.0,-5.504112279527633,-5.493506907215805,-0.010605372311828454,-5.493506907215805,0.01295815778978835,-1.9461182152877863,-5.518725014127085,0.004010958598940953,0.014612734599452004
54,FR,2013,0.00465,54.0,-5.370888059382872,-5.4110136553290165,0.04012559594614462,-5.4110136553290165,0.012093797968350164,-1.9461182152877863,-5.434549615847233,0.004363199694688218,0.06366155646436145
55,FR,2013,0.00495,55.0,-5.308367702401538,-5.326980568060005,0.01861286565846676,-5.326980568060005,0.011123008713019614,-1.9461182152877863,-5.348627257925218,0.004754673461870857,0.040259555523679325
56,FR,2013,0.00534,56.0,-5.232529626010034,-5.25008143585457,0.017551809844536415,-5.25008143585457,0.0097378469097369,-1.9461182152877863,-5.269032437103293,0.0051485897482200895,0.0365028110932597
57,FR,2013,0.00592,57.0,-5.129418830086223,-5.172600340841025,0.0431815107548017,-5.172600340841025,0.009929976269879456,-1.9461182152877863,-5.1919252485372125,0.005561289636876249,0.06250641845098936
58,FR,2013,0.00626,58.0,-5.07357509387013,-5.102985875472896,0.029410781602766,-5.102985875472896,0.00935670774989911,-1.9461182152877863,-5.121195134860099,0.005968885007937817,0.04762004098996897
59,FR,2013,0.0068,59.0,-4.990832666800076,-5.0302681737194455,0.0394355069193697,-5.0302681737194455,0.008908196402758034,-1.9461182152877863,-5.047604577004214,0.00642470491421493,0.05677191020413819
60,FR,2013,0.00719,60.0,-4.935064107249182,-4.953982695108957,0.018918587859775293,-4.953982695108957,0.008778985536951035,-1.9461182152877863,-4.971067638774166,0.006935739216364079,0.036003531524984034
61,FR,2013,0.00782,61.0,-4.851070724424917,-4.88408760242258,0.03301687799766295,-4.88408760242258,0.00800832928859658,-1.9461182152877863,-4.899672757925141,0.007449020304980094,0.04860203350022374
62,FR,2013,0.00813,62.0,-4.812194355422418,-4.814965958824859,0.002771603402440981,-4.814965958824859,0.007443410213112718,-1.9461182152877863,-4.829451715024456,0.007990901356231605,0.01725735960203867
63,FR,2013,0.00858,63.0,-4.758321365482266,-4.748481591345951,-0.009839774136315427,-4.748481591345951,0.007222264733534511,-1.9461182152877863,-4.762536972299513,0.008543906225541738,0.004215606817246531
64,FR,2013,0.00904,64.0,-4.706096104578052,-4.690926505238551,-0.015169599339500905,-4.690926505238551,0.007559181092484768,-1.9461182152877863,-4.705637565255294,0.009044146145990568,-0.0004585393227571899
65,FR,2013,0.00985,65.0,-4.62028382379814,-4.619343757405519,-0.0009400663926202313,-4.619343757405519,0.007919647211399497,-1.9461182152877863,-4.634756327102277,0.009708472441757885,0.014472503304137518
66,FR,2013,0.01031,66.0,-4.574640980953268,-4.560324136429761,-0.014316844523507122,-4.560324136429761,0.007934399503536919,-1.9461182152877863,-4.575765415830965,0.01029841359171252,0.001124434877696423
67,FR,2013,0.01085,67.0,-4.523590198995668,-4.495665688730098,-0.027924510265570746,-4.495665688730098,0.008404693358453006,-1.9461182152877863,-4.512022215568892,0.010976241391562946,-0.011567983426776784
68,FR,2013,0.01193,68.0,-4.428699042872313,-4.417567476370841,-0.011131566501472179,-4.417567476370841,0.009200825359483569,-1.9461182152877863,-4.435473370198613,0.011849455400762907,0.0067743273263003445
69,FR,2013,0.01303,69.0,-4.3405008878453835,-4.348424688891062,0.00792380104567858,-4.348424688891062,0.009487510691631477,-1.9461182152877863,-4.366888506265783,0.012690666128146538,0.02638761842039994
70,FR,2013,0.01389,70.0,-4.2765861222158845,-4.270002935234258,-0.006583186981626632,-4.270002935234258,0.009992018752246168,-1.9461182152877863,-4.289448584935501,0.01371248448356478,0.012862462719616552
71,FR,2013,0.01471,71.0,-4.219227744368791,-4.192617050716458,-0.026610693652332706,-4.192617050716458,0.010527324752195758,-1.9461182152877863,-4.213104469174956,0.014800349713880934,-0.006123275193834488
72,FR,2013,0.01651,72.0,-4.1037890210501,-4.107034005143146,0.003244984093045744,-4.107034005143146,0.011559102396732036,-1.9461182152877863,-4.1295293848698025,0.016090449449985646,0.02574036381970224
73,FR,2013,0.01773,73.0,-4.032497158896021,-4.021059358227231,-0.011437800668789855,-4.021059358227231,0.01169743913549465,-1.9461182152877863,-4.043823957601037,0.017530308924234673,0.011326798705016294
74,FR,2013,0.01933,74.0,-3.9460969857618977,-3.933318769422809,-0.012778216339088821,-3.933318769422809,0.012327970030389813,-1.9461182152877863,-3.9573104564564723,0.019114454377324206,0.011213470694574568
75,FR,2013,0.02131,75.0,-3.8485788328716115,-3.8366256838237844,-0.011953149047827072,-3.8366256838237844,0.012695972475206428,-1.9461182152877863,-3.861333547118576,0.02103992307777547,0.012754714246964394
76,FR,2013,0.02343,76.0,-3.753738026462433,-3.732175490169328,-0.021562536293104895,-3.732175490169328,0.01295867437417588,-1.9461182152877863,-3.757394602414895,0.023344482870657365,0.003656575952462049
77,FR,2013,0.02579,77.0,-3.6577684590888837,-3.630336016335675,-0.027432442753208885,-3.630336016335675,0.013218506789362525,-1.9461182152877863,-3.6560607931773585,0.025834078328676405,-0.001707665911525158
78,FR,2013,0.02855,78.0,-3.556098342880118,-3.5209399877050602,-0.03515835517505783,-3.5209399877050602,0.013120427703430103,-1.9461182152877863,-3.5464738910510722,0.0288261046463574,-0.00962445182904581
79,FR,2013,0.03274,79.0,-3.4191577070391483,-3.403718433545346,-0.015439273493802474,-3.403718433545346,0.012917105267199382,-1.9461182152877863,-3.4288566473946323,0.03242399164308787,0.00969894035548391
80,FR,2013,0.03855,80.0,-3.2557991789727985,-3.2760506992837977,0.020251520310999194,-3.2760506992837977,0.013361763206868073,-1.9461182152877863,-3.302054270049046,0.03680747718582285,0.04625509107624737
81,FR,2013,0.04335,81.0,-3.1384485757555862,-3.1503092060021,0.011860630246513626,-3.1503092060021,0.01261299801953086,-1.9461182152877863,-3.1748555911972978,0.041800139957256885,0.03640701544171154
82,FR,2013,0.04904,82.0,-3.0151189873541813,-3.0292100300712823,0.014091042717101043,-3.0292100300712823,0.01222347467468327,-1.9461182152877863,-3.0529983567897925,0.0472171381077914,0.03787936943561121
83,FR,2013,0.0553,83.0,-2.8949823704538478,-2.8995439302807133,0.004561559826865569,-2.8995439302807133,0.011605682635583328,-1.9461182152877863,-2.9221299606586713,0.053818932922768174,0.02714759020482349
84,FR,2013,0.06259,84.0,-2.7711497580455267,-2.7677715987687788,-0.003378159276747894,-2.7677715987687788,0.010462248076074009,-1.9461182152877863,-2.788132370322486,0.061536033183498894,0.016982612276959408
85,FR,2013,0.07233,85.0,-2.6265162981209476,-2.636244978741484,0.009728680620536334,-2.636244978741484,0.009737743869726704,-1.9461182152877863,-2.655195779462166,0.07028507694357888,0.028679481341218338
20,FR,2014,0.00039,20.0,-7.849363818840582,-7.77602062301884,-0.07334319582174231,-7.77602062301884,0.027065368019014283,-3.71587364940433,-7.876592110852126,0.00037952423195351803,0.027228292011543864
21,FR,2014,0.00035,21.0,-7.957577403480815,-7.73687186427873,-0.22070553920208447,-7.73687186427873,0.023695264288118734,-3.71587364940433,-7.8249204724626225,0.00039965036824951875,-0.1326569310181922
22,FR,2014,0.0004,22.0,-7.824046010856292,-7.7317418350689575,-0.09230417578733441,-7.7317418350689575,0.024368876838677903,-3.71587364940433,-7.82229350237938,0.0004007016180069447,-0.0017525084769118848
23,FR,2014,0.0004,23.0,-7.824046010856292,-7.6903345955130415,-0.13371141534325037,-7.6903345955130415,0.023859905728048508,-3.71587364940433,-7.7789949904851685,0.0004184324919999218,-0.04505102037112341
24,FR,2014,0.00042,24.0,-7.77525584668686,-7.676073101708835,-0.09918274497802493,-7.676073101708835,0.022773052801918214,-3.71587364940433,-7.760694888531976,0.0004261603438360647,-0.014560958154883785
25,FR,2014,0.00047,25.0,-7.66277786326017,-7.647622225504298,-0.015155637755872142,-7.647622225504298,0.021477049735121993,-3.71587364940433,-7.727428228681984,0.00044057572136807336,0.06465036542181402
26,FR,2014,0.00048,26.0,-7.641724454062337,-7.598603886727846,-0.04312056733449143,-7.598603886727846,0.020228418997948437,-3.71587364940433,-7.6737701358514325,0.0004648619231886311,0.032045681789095504
27,FR,2014,0.00048,27.0,-7.641724454062337,-7.610017659896407,-0.03170679416593014,-7.610017659896407,0.021844882459629948,-3.71587364940433,-7.69119048300248,0.0004568339947768854,0.0494660289401434
28,FR,2014,0.00052,28.0,-7.5616817463888015,-7.540022071635147,-0.02165967475365438,-7.540022071635147,0.01993958347081985,-3.71587364940433,-7.614115044434465,0.0004934371590742052,0.052433298045663435
29,FR,2014,0.00056,29.0,-7.487573774235079,-7.522165723461602,0.03459194922652298,-7.522165723461602,0.019123715743917843,-3.71587364940433,-7.593227034873125,0.0005038524781241675,0.10565326063804559
30,FR,2014,0.00059,30.0,-7.435388021064509,-7.483520175967049,0.048132154902540414,-7.483520175967049,0.018652436174824778,-3.71587364940433,-7.552830272046277,0.0005246231975302244,0.1174422509817683
31,FR,2014,0.00052,31.0,-7.5616817463888015,-7.434974497756649,-0.12670724863215277,-7.434974497756649,0.019107855853761156,-3.71587364940433,-7.505976875820256,0.0005497885128258021,-0.05570487056854567
32,FR,2014,0.00065,32.0,-7.338538195074591,-7.370736280916335,0.03219808584174366,-7.370736280916335,0.018541998976225594,-3.71587364940433,-7.439636006319374,0.0005874990045564629,0.10109781124478268
33,FR,2014,0.00062,33.0,-7.385791079925137,-7.310007884633488,-0.07578319529164901,-7.310007884633488,0.018290514561482833,-3.71587364940433,-7.377973125726548,0.000624866128402659,-0.007817954198588772
34,FR,2014,0.00067,34.0,-7.308232845579262,-7.237925810610667,-0.0703070349685948,-7.237925810610667,0.017506366593865882,-3.71587364940433,-7.302977256933626,0.0006735305137300945,-0.005255588645636244
35,FR,2014,0.00068,35.0,-7.293417759794122,-7.175930850927135,-0.11748690886698654,-7.175930850927135,0.02028229426963641,-3.71587364940433,-7.251297293753142,0.0007092536813874043,-0.04212046604097974
36,FR,2014,0.00076,36.0,-7.182192124683898,-7.07663964675468,-0.1055524779292174,-7.07663964675468,0.02041717609479281,-3.71587364940433,-7.152507293400569,0.0007828986617509011,-0.029684831283328883
37,FR,2014,0.00089,37.0,-7.024289095238089,-6.97700817216001,-0.04728092307807863,-6.97700817216001,0.019651752990632196,-3.71587364940433,-7.050031603262504,0.0008673815447871913,0.02574250802441469
38,FR,2014,0.00095,38.0,-6.959048573369688,-6.898518252238512,-0.060530321131175846,-6.898518252238512,0.0202674338985073,-3.71587364940433,-6.9738294758030195,0.0009360614089342737,0.014780902433331633
39,FR,2014,0.00112,39.0,-6.794426593675134,-6.809932685090125,0.015506091414991374,-6.809932685090125,0.020335399475374303,-3.71587364940433,-6.885496460150779,0.0010225083946536703,0.09106986647564508
40,FR,2014,0.0011,40.0,-6.812445099177812,-6.737658000327092,-0.07478709885072021,-6.737658000327092,0.020319399669134045,-3.71587364940433,-6.813162322129342,0.0010992113376105085,0.0007172229515299833
41,FR,2014,0.00121,41.0,-6.717134919373487,-6.637116448233414,-0.08001847114007354,-6.637116448233414,0.020495343107482796,-3.71587364940433,-6.71327455362201,0.0012146800701384956,-0.0038603657514775236
42,FR,2014,0.00131,42.0,-6.6377281417690766,-6.548287899120462,-0.08944024264861472,-6.548287899120462,0.020240987592618713,-3.71587364940433,-6.623500851553794,0.0013287709635276743,-0.014227290215282906
43,FR,2014,0.00148,43.0,-6.515713191206113,-6.448116742631472,-0.06759644857464142,-6.448116742631472,0.01964334143697972,-3.71587364940433,-6.521108917463397,0.0014720358307002258,0.005395726257283684
44,FR,2014,0.0017,44.0,-6.3771270279199666,-6.351297175582103,-0.02582985233786328,-6.351297175582103,0.02027819283182161,-3.71587364940433,-6.426648377983409,0.0016178642269593646,0.049521350063442604
45,FR,2014,0.00188,45.0,-6.276483502140279,-6.248201457920508,-0.028282044219771763,-6.248201457920508,0.019317153767295814,-3.71587364940433,-6.3199815605858936,0.0017999766964402742,0.04349805844561416
46,FR,2014,0.00209,46.0,-6.170591213005418,-6.150947090642127,-0.019644122363290606,-6.150947090642127,0.018954085157196654,-3.71587364940433,-6.22137807622632,0.001986505773737467,0.05078686322090231
47,FR,2014,0.00226,47.0,-6.092390465697942,-6.046710559418147,-0.04567990627979501,-6.046710559418147,0.01798657493397922,-3.71587364940433,-6.113546399258357,0.0022126898004258253,0.021155933560415008
48,FR,2014,0.00254,48.0,-5.975591197951692,-5.950188915889004,-0.025402282062688464,-5.950188915889004,0.017220232470692053,-3.71587364940433,-6.014177123963465,0.002443858530000211,0.03858592601177335
49,FR,2014,0.00272,49.0,-5.907123398674231,-5.853018983780143,-0.05410441489408768,-5.853018983780143,0.016495468408212678,-3.71587364940433,-5.914314060172802,0.002700511552111609,0.00719066149857106
50,FR,2014,0.00296,50.0,-5.822566010646168,-5.752765937855305,-0.06980007279086298,-5.752765937855305,0.015773513858200243,-3.71587364940433,-5.811378322359505,0.0029933014933460652,-0.011187688286662834
51,FR,2014,0.00322,51.0,-5.73837391942582,-5.664254737397501,-0.07411918202831913,-5.664254737397501,0.015010303509196268,-3.71587364940433,-5.720031128676885,0.003279608810871612,-0.0183427907489353
52,FR,2014,0.00374,52.0,-5.588669667555696,-5.582167467137789,-0.006502200417907389,-5.582167467137789,0.01375066533335655,-3.71587364940433,-5.633263202111786,0.0035768841664303953,0.04459353455608994
53,FR,2014,0.00385,53.0,-5.559682130682444,-5.493506907215805,-0.06617522346663929,-5.493506907215805,0.01295815778978835,-3.71587364940433,-5.5416577842917025,0.003920022896348076,-0.018024346390741464
54,FR,2014,0.00447,54.0,-5.410366870356659,-5.4110136553290165,0.0006467849723570396,-5.4110136553290165,0.012093797968350164,-3.71587364940433,-5.455952680520828,0.004270806129197315,0.04558581016416863
55,FR,2014,0.0048,55.0,-5.339139361068292,-5.326980568060005,-0.012158793008286928,-5.326980568060005,0.011123008713019614,-3.71587364940433,-5.36831226303881,0.004661992891992768,0.029172901970517806
56,FR,2014,0.00519,56.0,-5.261021581804339,-5.25008143585457,-0.010940145949769331,-5.25008143585457,0.0097378469097369,-3.71587364940433,-5.286266044588395,0.005060621158660676,0.025244462784055344
57,FR,2014,0.00556,57.0,-5.192157170719646,-5.172600340841025,-0.019556829878621507,-5.172600340841025,0.009929976269879456,-3.71587364940433,-5.20949887800148,0.005464411338365602,0.01734170728183404
58,FR,2014,0.006,58.0,-5.115995809754082,-5.102985875472896,-0.01300993428118602,-5.102985875472896,0.00935670774989911,-3.71587364940433,-5.137754219245924,0.005870859582941808,0.02175840949184149
59,FR,2014,0.00651,59.0,-5.034415822761659,-5.0302681737194455,-0.0041476490422134304,-5.0302681737194455,0.008908196402758034,-3.71587364940433,-5.063369905996172,0.006324211564350167,0.028954083234513206
60,FR,2014,0.00693,60.0,-4.971895465780325,-4.953982695108957,-0.017912770671368428,-4.953982695108957,0.008778985536951035,-3.71587364940433,-4.986604296134215,0.006828813795300842,0.014708830353889368
61,FR,2014,0.00756,61.0,-4.884884088790695,-4.88408760242258,-0.0007964863681149126,-4.88408760242258,0.00800832928859658,-3.71587364940433,-4.9138455422018295,0.007344191559444053,0.028961453411134208
62,FR,2014,0.00806,62.0,-4.8208417224636,-4.814965958824859,-0.005875763638741205,-4.814965958824859,0.007443410213112718,-3.71587364940433,-4.842624730697471,0.007886327376966436,0.02178300823387147
63,FR,2014,0.00848,63.0,-4.7700448291783255,-4.748481591345951,-0.021563237832374682,-4.748481591345951,0.007222264733534511,-3.71587364940433,-4.775318614558314,0.008435396019268562,0.00527378537998846
64,FR,2014,0.009,64.0,-4.710530701645918,-4.690926505238551,-0.01960419640736699,-4.690926505238551,0.007559181092484768,-3.71587364940433,-4.71901546707119,0.008923960157468998,0.008484765425272656
65,FR,2014,0.00937,65.0,-4.670242182731807,-4.619343757405519,-0.05089842532628719,-4.619343757405519,0.007919647211399497,-3.71587364940433,-4.6487721657909375,0.009573349202862848,-0.02147001694086903
66,FR,2014,0.01007,66.0,-4.598194572251666,-4.560324136429761,-0.037870435821904636,-4.560324136429761,0.007934399503536919,-3.71587364940433,-4.589807362468801,0.010154814383335835,-0.00838720978286478
67,FR,2014,0.01055,67.0,-4.5516294190600615,-4.495665688730098,-0.05596373032996382,-4.495665688730098,0.008404693358453006,-3.71587364940433,-4.526896467312096,0.010814186226363872,-0.024732951747965082
68,FR,2014,0.01179,68.0,-4.440503564432857,-4.417567476370841,-0.022936088062016857,-4.417567476370841,0.009200825359483569,-3.71587364940433,-4.451756580876917,0.011658070629995505,0.011253016444059405
69,FR,2014,0.01252,69.0,-4.380427913310185,-4.348424688891062,-0.032003224419122844,-4.348424688891062,0.009487510691631477,-3.71587364940433,-4.383679079868537,0.01247936149176493,0.0032511665583525584
70,FR,2014,0.01343,70.0,-4.310264268446991,-4.270002935234258,-0.040261333212733064,-4.270002935234258,0.009992018752246168,-3.71587364940433,-4.307132014420083,0.013472132121388243,-0.003132254026907866
71,FR,2014,0.01424,71.0,-4.251700372998307,-4.192617050716458,-0.059083322281849426,-4.192617050716458,0.010527324752195758,-3.71587364940433,-4.231735259361864,0.014527160273345958,-0.019965113636443377
72,FR,2014,0.01562,72.0,-4.159203134570597,-4.107034005143146,-0.05216912942745111,-4.107034005143146,0.011559102396732036,-3.71587364940433,-4.149986169149929,0.015764634521643166,-0.009216965420668188
73,FR,2014,0.01707,73.0,-4.070432742175788,-4.021059358227231,-0.049373383948556615,-4.021059358227231,0.01169743913549465,-3.71587364940433,-4.064525564076327,0.01717113394418106,-0.005907178099461063
74,FR,2014,0.0183,74.0,-4.000854219134761,-3.933318769422809,-0.06753544971195247,-3.933318769422809,0.012327970030389813,-3.71587364940433,-3.979127948409381,0.018701941286275954,-0.02172627072538047
75,FR,2014,0.0205,75.0,-3.8873303928377747,-3.8366256838237844,-0.05070470901399027,-3.8366256838237844,0.012695972475206428,-3.71587364940433,-3.883802313397967,0.02057245336397363,-0.0035280794398078186
76,FR,2014,0.02255,76.0,-3.7920202130334495,-3.732175490169328,-0.05984472286412146,-3.732175490169328,0.01295867437417588,-3.71587364940433,-3.7803282868075394,0.02281520026627716,-0.011691926225910088
77,FR,2014,0.02483,77.0,-3.6957026794620615,-3.630336016335675,-0.06536666312638673,-3.630336016335675,0.013218506789362525,-3.71587364940433,-3.679454317398739,0.025236742329746324,-0.016248362063322475
78,FR,2014,0.02744,78.0,-3.5957534761244525,-3.5209399877050602,-0.07481348841939228,-3.5209399877050602,0.013120427703430103,-3.71587364940433,-3.569693839277151,0.028164475216535836,-0.026059636847301615
79,FR,2014,0.03096,79.0,-3.4750592302606105,-3.403718433545346,-0.07134079671526461,-3.403718433545346,0.012917105267199382,-3.71587364940433,-3.451716764634314,0.03169118334713319,-0.023342465626296605
80,FR,2014,0.03579,80.0,-3.3300867542042027,-3.2760506992837977,-0.054036054920405086,-3.2760506992837977,0.013361763206868073,-3.71587364940433,-3.325701323093779,0.03594729923983383,-0.0043854311104238874
81,FR,2014,0.04158,81.0,-3.1801359965522704,-3.1503092060021,-0.029826790550170568,-3.1503092060021,0.01261299801953086,-3.71587364940433,-3.1971775129828637,0.04087741728743296,0.017041516430593262
82,FR,2014,0.04677,82.0,-3.062513307244342,-3.0292100300712823,-0.0333032771730597,-3.0292100300712823,0.01222347467468327,-3.71587364940433,-3.074630917519099,0.04620667931072116,0.012117610274756885
83,FR,2014,0.05284,83.0,-2.9404867993280126,-2.8995439302807133,-0.04094286904729927,-2.8995439302807133,0.011605682635583328,-3.71587364940433,-2.942669180569627,0.05272480871656049,0.002182381241614184
84,FR,2014,0.06062,84.0,-2.80313040735248,-2.7677715987687788,-0.03535880858370133,-2.7677715987687788,0.010462248076074009,-3.71587364940433,-2.806647990708193,0.06040713869515283,0.003517583355713061
85,FR,2014,0.06887,85.0,-2.6755346094255303,-2.636244978741484,-0.03928963068404645,-2.636244978741484,0.009737743869726704,-3.71587364940433,-2.67242920459165,0.06908420165019082,-0.003105404833880332
20,FR,2015,0.00038,20.0,-7.875339305243843,-7.77602062301884,-0.09931868222500295,-7.77602062301884,0.027065368019014283,-3.2642552776379037,-7.8643688934161196,0.0003841917068304105,-0.010970411827723403
21,FR,2015,0.00044,21.0,-7.728735831051967,-7.73687186427873,0.00813603322676304,-7.73687186427873,0.023695264288118734,-3.2642552776379037,-7.814219255786247,0.0004039500784682281,0.08548342473427972
22,FR,2015,0.00035,22.0,-7.957577403480815,-7.7317418350689575,-0.22583556841185715,-7.7317418350689575,0.024368876838677903,-3.2642552776379037,-7.81128806989972,0.0004051358682732554,-0.14628933358109464
23,FR,2015,0.00041,23.0,-7.799353398265921,-7.6903345955130415,-0.10901880275287912,-7.6903345955130415,0.023859905728048508,-3.2642552776379037,-7.768219418709767,0.00042296572155705876,-0.031133979556154046
24,FR,2015,0.00044,24.0,-7.728735831051967,-7.676073101708835,-0.05266272934313232,-7.676073101708835,0.022773052801918214,-3.2642552776379037,-7.750410159505423,0.00043056590365541275,0.021674328453455516
25,FR,2015,0.00044,25.0,-7.728735831051967,-7.647622225504298,-0.08111360554766911,-7.647622225504298,0.021477049735121993,-3.2642552776379037,-7.717728798450262,0.00044486984645711656,-0.011007032601705546
26,FR,2015,0.00046,26.0,-7.6842840684811335,-7.598603886727846,-0.08568018175328795,-7.598603886727846,0.020228418997948437,-3.2642552776379037,-7.66463461020017,0.00046912813860167086,-0.01964945828096365
27,FR,2015,0.00047,27.0,-7.66277786326017,-7.610017659896407,-0.0527602033637633,-7.610017659896407,0.021844882459629948,-3.2642552776379037,-7.681324932754634,0.0004613632184135954,0.018547069494463386
28,FR,2015,0.00049,28.0,-7.621105166859602,-7.540022071635147,-0.08108309522445456,-7.540022071635147,0.01993958347081985,-3.2642552776379037,-7.605109962213672,0.0004979006682332658,-0.01599520464592974
29,FR,2015,0.00056,29.0,-7.487573774235079,-7.522165723461602,0.03459194922652298,-7.522165723461602,0.019123715743917843,-3.2642552776379037,-7.584590413506733,0.0005082229069052688,0.09701663927165427
30,FR,2015,0.00053,30.0,-7.542633551418106,-7.483520175967049,-0.05911337545105688,-7.483520175967049,0.018652436174824778,-3.2642552776379037,-7.544406489191525,0.0005290611754647467,0.0017729377734188034
31,FR,2015,0.00065,31.0,-7.338538195074591,-7.434974497756649,0.09643630268205783,-7.434974497756649,0.019107855853761156,-3.2642552776379037,-7.497347417071633,0.0005545534198327153,0.15880922199704184
32,FR,2015,0.00057,32.0,-7.469874197135678,-7.370736280916335,-0.09913791621934376,-7.370736280916335,0.018541998976225594,-3.2642552776379037,-7.431262098932436,0.0005924393228255105,-0.03861209820324252
33,FR,2015,0.00062,33.0,-7.385791079925137,-7.310007884633488,-0.07578319529164901,-7.310007884633488,0.018290514561482833,-3.2642552776379037,-7.369712793321521,0.0006300491074258406,-0.016078286603615766
34,FR,2015,0.0007,34.0,-7.264430222920869,-7.237925810610667,-0.026504412310202063,-7.237925810610667,0.017506366593865882,-3.2642552776379037,-7.295071060156958,0.0006788766845980251,0.03064083723608846
35,FR,2015,0.00072,35.0,-7.236259345954173,-7.175930850927135,-0.06032849502703819,-7.175930850927135,0.02028229426963641,-3.2642552776379037,-7.242137437039401,0.000715780188786195,0.00587809108522741
36,FR,2015,0.00083,36.0,-7.09408485717363,-7.07663964675468,-0.017445210418950197,-7.07663964675468,0.02041717609479281,-3.2642552776379037,-7.14328652157657,0.00079015097625668,0.049201664402939826
37,FR,2015,0.00087,37.0,-7.047017346315645,-6.97700817216001,-0.07000917415563457,-6.97700817216001,0.019651752990632196,-3.2642552776379037,-7.041156510574518,0.0008751138983155246,-0.005860835741127168
38,FR,2015,0.00093,38.0,-6.980325971816972,-6.898518252238512,-0.08180771957846034,-6.898518252238512,0.0202674338985073,-3.2642552776379037,-6.964676330305892,0.0009446686467617435,-0.015649641511080503
39,FR,2015,0.00101,39.0,-6.897804948128969,-6.809932685090125,-0.08787226303884399,-6.809932685090125,0.020335399475374303,-3.2642552776379037,-6.8763126201504905,0.0010319422011276097,-0.021492327978478443
40,FR,2015,0.00112,40.0,-6.794426593675134,-6.737658000327092,-0.05676859334804174,-6.737658000327092,0.020319399669134045,-3.2642552776379037,-6.803985707935497,0.0011093448003003526,0.009559114260363266
41,FR,2015,0.00127,41.0,-6.668738378511637,-6.637116448233414,-0.03162193027822369,-6.637116448233414,0.020495343107482796,-3.2642552776379037,-6.704018480139014,0.0012259754328356278,0.035280101627376936
42,FR,2015,0.00129,42.0,-6.653113060608557,-6.548287899120462,-0.10482516148809484,-6.548287899120462,0.020240987592618713,-3.2642552776379037,-6.614359649694271,0.0013409732137768715,-0.038753410914285524
43,FR,2015,0.0016,43.0,-6.437751649736401,-6.448116742631472,0.010365092895070482,-6.448116742631472,0.01964334143697972,-3.2642552776379037,-6.512237623587576,0.0014851527893223364,0.07448597385117495
44,FR,2015,0.00169,44.0,-6.383026750047155,-6.351297175582103,-0.03172957446505187,-6.351297175582103,0.02027819283182161,-3.2642552776379037,-6.417490373554336,0.001632748686660793,0.034463623507180685
45,FR,2015,0.00194,45.0,-6.2450673059069,-6.248201457920508,0.0031341520136072276,-6.248201457920508,0.019317153767295814,-3.2642552776379037,-6.311257579054346,0.0018157483557004878,0.06619027314744574
46,FR,2015,0.00207,46.0,-6.18020667170486,-6.150947090642127,-0.029259581062732742,-6.150947090642127,0.018954085157196654,-3.2642552776379037,-6.212818063149305,0.0020035832766848007,0.032611391444445026
47,FR,2015,0.00236,47.0,-6.049093659944618,-6.046710559418147,-0.0023831005264707272,-6.046710559418147,0.01798657493397922,-3.2642552776379037,-6.105423331573019,0.0022307368288231096,0.056329671628400746
48,FR,2015,0.00251,48.0,-5.987472525838444,-5.950188915889004,-0.03728360994944069,-5.950188915889004,0.017220232470692053,-3.2642552776379037,-6.0064001506136115,0.0024629384485029097,0.018927624775167295
49,FR,2015,0.00267,49.0,-5.925676806569979,-5.853018983780143,-0.07265782278983579,-5.853018983780143,0.016495468408212678,-3.2642552776379037,-5.90686440358876,0.0027207045578670546,-0.018812402981218668
50,FR,2015,0.00301,50.0,-5.805815200221352,-5.752765937855305,-0.05304926236604768,-5.752765937855305,0.015773513858200243,-3.2642552776379037,-5.80425471371383,0.003014700731147507,-0.0015604865075227181
51,FR,2015,0.00328,51.0,-5.7199118565860845,-5.664254737397501,-0.055657119188583515,-5.664254737397501,0.015010303509196268,-3.2642552776379037,-5.713252199846342,0.0033019165715261816,-0.006659656739742559
52,FR,2015,0.00352,52.0,-5.649294289372131,-5.582167467137789,-0.06712682223434197,-5.582167467137789,0.01375066533335655,-3.2642552776379037,-5.62705314902323,0.0035991659208269022,-0.02224114034890068
53,FR,2015,0.00387,53.0,-5.554500771940447,-5.493506907215805,-0.060993864724641966,-5.493506907215805,0.01295815778978835,-3.2642552776379037,-5.535805642169586,0.003943030684218363,-0.018695129770860852
54,FR,2015,0.00441,54.0,-5.423880589523383,-5.4110136553290165,-0.01286693419436613,-5.4110136553290165,0.012093797968350164,-3.2642552776379037,-5.45049089917389,0.004294196155910219,0.026610309650507702
55,FR,2015,0.00483,55.0,-5.3329088113176555,-5.326980568060005,-0.005928243257650401,-5.326980568060005,0.011123008713019614,-3.2642552776379037,-5.363288907954692,0.004685470656893728,0.030380096637036225
56,FR,2015,0.00525,56.0,-5.249527202378605,-5.25008143585457,0.0005542334759649492,-5.25008143585457,0.0097378469097369,-3.2642552776379037,-5.281868254022509,0.005082925720096132,0.032341051643903995
57,FR,2015,0.00574,57.0,-5.160296068650662,-5.172600340841025,0.012304272190363008,-5.172600340841025,0.009929976269879456,-3.2642552776379037,-5.205014318286798,0.005488971847691519,0.04471824963613624
58,FR,2015,0.00609,58.0,-5.1011071972603315,-5.102985875472896,0.0018786782125648216,-5.102985875472896,0.00935670774989911,-3.2642552776379037,-5.1335285581268195,0.005895720335581849,0.03242136086648806
59,FR,2015,0.0066,59.0,-5.0206856299497575,-5.0302681737194455,0.009582543769687923,-5.0302681737194455,0.008908196402758034,-3.2642552776379037,-5.059346800841383,0.0063497057810659105,0.038661170891625574
60,FR,2015,0.00713,60.0,-4.943444044555933,-4.953982695108957,0.010538650553024276,-4.953982695108957,0.008778985536951035,-3.2642552776379037,-4.982639544980256,0.006855942085599703,0.039195500424323626
61,FR,2015,0.00752,61.0,-4.890189141020389,-4.88408760242258,-0.006101538597808265,-4.88408760242258,0.00800832928859658,-3.2642552776379037,-4.910228833567944,0.0073708014515732456,0.020039692547555
62,FR,2015,0.00801,62.0,-4.827064517901869,-4.814965958824859,-0.012098559077010407,-4.814965958824859,0.007443410213112718,-3.2642552776379037,-4.839263149896635,0.007912882512275883,0.012198631994766451
63,FR,2015,0.00864,63.0,-4.7513526961661725,-4.748481591345951,-0.0028711048202216816,-4.748481591345951,0.007222264733534511,-3.2642552776379037,-4.7720569071188885,0.008462954733017454,0.020704210952716018
64,FR,2015,0.00908,64.0,-4.701681086368935,-4.690926505238551,-0.010754581130384189,-4.690926505238551,0.007559181092484768,-3.2642552776379037,-4.715601602014314,0.008954477414479661,0.013920515645379439
65,FR,2015,0.00974,65.0,-4.631514161327694,-4.619343757405519,-0.012170403922174167,-4.619343757405519,0.007919647211399497,-3.2642552776379037,-4.64519550761236,0.009607651107111625,0.013681346284666773
66,FR,2015,0.01023,66.0,-4.582430699018602,-4.560324136429761,-0.02210656258884036,-4.560324136429761,0.007934399503536919,-3.2642552776379037,-4.586224041884069,0.010191267611545776,0.0037933428654675083
67,FR,2015,0.01071,67.0,-4.53657739452248,-4.495665688730098,-0.040911705792382236,-4.495665688730098,0.008404693358453006,-3.2642552776379037,-4.523100753382356,0.010855311784713264,-0.013476641140123924
68,FR,2015,0.01172,68.0,-4.44645849483327,-4.417567476370841,-0.028891018462429585,-4.417567476370841,0.009200825359483569,-3.2642552776379037,-4.447601319109159,0.011706613750009233,0.001142824275889076
69,FR,2015,0.01244,69.0,-4.386838191671104,-4.348424688891062,-0.03841350278004185,-4.348424688891062,0.009487510691631477,-3.2642552776379037,-4.379394345737866,0.012532946955629612,-0.007443845933237547
70,FR,2015,0.01378,70.0,-4.2845370133966245,-4.270002935234258,-0.014534078162366626,-4.270002935234258,0.009992018752246168,-3.2642552776379037,-4.302619435180534,0.013533063560688265,0.01808242178390973
71,FR,2015,0.01484,71.0,-4.210429041242903,-4.192617050716458,-0.017811990526444887,-4.192617050716458,0.010527324752195758,-3.2642552776379037,-4.226980926098221,0.014596391678839785,0.016551884855318555
72,FR,2015,0.016,72.0,-4.135166556742356,-4.107034005143146,-0.02813255159921013,-4.107034005143146,0.011559102396732036,-3.2642552776379037,-4.144765866146435,0.01584714587032597,0.009599309404078937
73,FR,2015,0.01729,73.0,-4.057626979286938,-4.021059358227231,-0.03656762105970657,-4.021059358227231,0.01169743913549465,-3.2642552776379037,-4.059242785660118,0.01726208526628343,0.0016158063731799288
74,FR,2015,0.01914,74.0,-3.955974892957329,-3.933318769422809,-0.022656123534519956,-3.933318769422809,0.012327970030389813,-3.2642552776379037,-3.9735604106570706,0.018806355445601265,0.017585517699741704
75,FR,2015,0.02079,75.0,-3.8732831771122154,-3.8366256838237844,-0.03665749328843093,-3.8366256838237844,0.012695972475206428,-3.2642552776379037,-3.8780685789807228,0.02069074916213043,0.0047854018685074
76,FR,2015,0.02336,76.0,-3.7567301210221107,-3.732175490169328,-0.024554630852782644,-3.732175490169328,0.01295867437417588,-3.2642552776379037,-3.7744759113864226,0.02294911486056577,0.017745790364311897
77,FR,2015,0.02541,77.0,-3.6726124816500643,-3.630336016335675,-0.042276465314389444,-3.630336016335675,0.013218506789362525,-3.2642552776379037,-3.673484596885344,0.02538784921229522,0.0008721152352797468
78,FR,2015,0.02838,78.0,-3.5620706072502406,-3.5209399877050602,-0.04113061954518038,-3.5209399877050602,0.013120427703430103,-3.2642552776379037,-3.5637684130808487,0.028331857150696953,0.001697805830608079
79,FR,2015,0.03206,79.0,-3.4401461318007303,-3.403718433545346,-0.03642769825538439,-3.403718433545346,0.012917105267199382,-3.2642552776379037,-3.4458831625856057,0.03187659738928396,0.005737030784875419
80,FR,2015,0.03649,80.0,-3.3107170285337806,-3.2760506992837977,-0.03466632924998292,-3.2760506992837977,0.013361763206868073,-3.2642552776379037,-3.3196669053503647,0.03616487607471088,0.008949876816584101
81,FR,2015,0.04244,81.0,-3.1596639652363545,-3.1503092060021,-0.009354759234254661,-3.1503092060021,0.01261299801953086,-3.2642552776379037,-3.19148125135419,0.04111093019490715,0.03181728611783541
82,FR,2015,0.04828,82.0,-3.030737882752806,-3.0292100300712823,-0.001527852681523889,-3.0292100300712823,0.01222347467468327,-3.2642552776379037,-3.0691105717891904,0.046462461509067375,0.038372689036384244
83,FR,2015,0.05504,83.0,-2.899695085357049,-2.8995439302807133,-0.0001511550763355629,-2.8995439302807133,0.011605682635583328,-3.2642552776379037,-2.937427841074507,0.0530018828242848,0.037732755717458044
84,FR,2015,0.06262,84.0,-2.7706705630838777,-2.7677715987687788,-0.002898964315098951,-2.7677715987687788,0.010462248076074009,-3.2642552776379037,-2.8019230472670604,0.06069323436960925,0.031252484183182716
85,FR,2015,0.07115,85.0,-2.6429649544462754,-2.636244978741484,-0.006719975704791548,-2.636244978741484,0.009737743869726704,-3.2642552776379037,-2.6680314605605253,0.06938868531552397,0.025066506114249876
20,FR,2016,0.00036,20.0,-7.929406526514119,-7.77602062301884,-0.1533859034952787,-7.77602062301884,0.027065368019014283,-5.145317410406291,-7.915280532306128,0.0003651214455072583,-0.014125994207990544
21,FR,2016,0.00037,21.0,-7.902007552326004,-7.73687186427873,-0.16513568804727363,-7.73687186427873,0.023695264288118734,-5.145317410406291,-7.858791520164566,0.0003863404740478008,-0.0432160321614381
22,FR,2016,0.0004,22.0,-7.824046010856292,-7.7317418350689575,-0.09230417578733441,-7.7317418350689575,0.024368876838677903,-5.145317410406291,-7.8571274413390535,0.0003869839102659138,0.033081430482761576
23,FR,2016,0.00044,23.0,-7.728735831051967,-7.6903345955130415,-0.038401235538925604,-7.6903345955130415,0.023859905728048508,-5.145317410406291,-7.813101383866222,0.0004044018954077238,0.08436555281425484
24,FR,2016,0.0004,24.0,-7.824046010856292,-7.676073101708835,-0.1479729091474571,-7.676073101708835,0.022773052801918214,-5.145317410406291,-7.793247686778646,0.0004125109996286471,-0.03079832407764549
25,FR,2016,0.00043,25.0,-7.751725349276666,-7.647622225504298,-0.10410312377236774,-7.647622225504298,0.021477049735121993,-5.145317410406291,-7.758128463430583,0.00042725545710170705,0.006403114153917144
26,FR,2016,0.00049,26.0,-7.621105166859602,-7.598603886727846,-0.02250128013175612,-7.598603886727846,0.020228418997948437,-5.145317410406291,-7.702685523182983,0.00045161273643121093,0.08158035632338123
27,FR,2016,0.00049,27.0,-7.621105166859602,-7.610017659896407,-0.011087506963194826,-7.610017659896407,0.021844882459629948,-5.145317410406291,-7.72241651394422,0.0004427893034917689,0.10131134708461786
28,FR,2016,0.00049,28.0,-7.621105166859602,-7.540022071635147,-0.08108309522445456,-7.540022071635147,0.01993958347081985,-5.145317410406291,-7.642617557623806,0.00047957150166567133,0.021512390764204525
29,FR,2016,0.00051,29.0,-7.5810998322459024,-7.522165723461602,-0.0589341087843005,-7.522165723461602,0.019123715743917843,-5.145317410406291,-7.620563311030443,0.0004902655813031784,0.039463478784540484
30,FR,2016,0.0005,30.0,-7.600902459542082,-7.483520175967049,-0.11738228357503289,-7.483520175967049,0.018652436174824778,-5.145317410406291,-7.579492880563867,0.0005108202041955932,-0.021409578978214938
31,FR,2016,0.00057,31.0,-7.469874197135678,-7.434974497756649,-0.03489969937902959,-7.434974497756649,0.019107855853761156,-5.145317410406291,-7.5332904811565395,0.0005349750320854064,0.06341628402086119
32,FR,2016,0.00059,32.0,-7.435388021064509,-7.370736280916335,-0.06465174014817432,-7.370736280916335,0.018541998976225594,-5.145317410406291,-7.466140751072444,0.000572132041710934,0.03075273000793466
33,FR,2016,0.00064,33.0,-7.354042381610556,-7.310007884633488,-0.044034496977068294,-7.310007884633488,0.018290514561482833,-5.145317410406291,-7.404118387651975,0.0006087405619617246,0.05007600604141871
34,FR,2016,0.00068,34.0,-7.293417759794122,-7.237925810610667,-0.05549194918345446,-7.237925810610667,0.017506366593865882,-5.145317410406291,-7.32800162343904,0.0006568849799080698,0.03458386364491872
35,FR,2016,0.0007,35.0,-7.264430222920869,-7.175930850927135,-0.08849937199373414,-7.175930850927135,0.02028229426963641,-5.145317410406291,-7.280289692755679,0.0006889859405437588,0.015859469834810014
36,FR,2016,0.00074,36.0,-7.208860371766058,-7.07663964675468,-0.13222072501137827,-7.07663964675468,0.02041717609479281,-5.145317410406291,-7.181692498386549,0.0007603798108598307,-0.027167873379509544
37,FR,2016,0.00087,37.0,-7.047017346315645,-6.97700817216001,-0.07000917415563457,-6.97700817216001,0.019651752990632196,-5.145317410406291,-7.0781226789677145,0.0008433549110880596,0.031105332652069606
38,FR,2016,0.0009,38.0,-7.013115794639964,-6.898518252238512,-0.11459754240145159,-6.898518252238512,0.0202674338985073,-5.145317410406291,-7.00280063274076,0.0009093316919229227,-0.010315161899203673
39,FR,2016,0.00101,39.0,-6.897804948128969,-6.809932685090125,-0.08787226303884399,-6.809932685090125,0.020335399475374303,-5.145317410406291,-6.914564770058336,0.000993213640972552,0.01675982192936676
40,FR,2016,0.00104,40.0,-6.868534565828856,-6.737658000327092,-0.1308765655017643,-6.737658000327092,0.020319399669134045,-5.145317410406291,-6.842207761213691,0.0010677434728951721,-0.02632680461516479
41,FR,2016,0.00114,41.0,-6.776727016575733,-6.637116448233414,-0.13961056834231922,-6.637116448233414,0.020495343107482796,-5.145317410406291,-6.7425714939565955,0.0011796098934251996,-0.03415552261913746
42,FR,2016,0.00132,42.0,-6.630123542383857,-6.548287899120462,-0.08183564326339532,-6.548287899120462,0.020240987592618713,-5.145317410406291,-6.652434204984581,0.0012908760210672,0.022310662600723674
43,FR,2016,0.0015,43.0,-6.502290170873972,-6.448116742631472,-0.0541734282425006,-6.448116742631472,0.01964334143697972,-5.145317410406291,-6.549187969325719,0.00143127736767381,0.04689779845174691
44,FR,2016,0.0016,44.0,-6.437751649736401,-6.351297175582103,-0.08645447415429786,-6.351297175582103,0.02027819283182161,-5.145317410406291,-6.4556349142112515,0.001571641107415199,0.017883264474850336
45,FR,2016,0.0018,45.0,-6.319968614080018,-6.248201457920508,-0.07176715615951057,-6.248201457920508,0.019317153767295814,-5.145317410406291,-6.34759434551887,0.0017509542647566765,0.027625731438852164
46,FR,2016,0.00194,46.0,-6.2450673059069,-6.150947090642127,-0.09412021526477332,-6.150947090642127,0.018954085157196654,-5.145317410406291,-6.248471874999774,0.0019334063665690678,0.003404569092873899
47,FR,2016,0.00227,47.0,-6.087975447488826,-6.046710559418147,-0.041264888070678296,-6.046710559418147,0.01798657493397922,-5.145317410406291,-6.139257196579528,0.0021565248975763773,0.05128174909070271
48,FR,2016,0.00242,48.0,-6.023987738813542,-5.950188915889004,-0.07379882292453832,-5.950188915889004,0.017220232470692053,-5.145317410406291,-6.0387924778316995,0.0023844364357864366,0.014804739018157598
49,FR,2016,0.00273,49.0,-5.903453669785269,-5.853018983780143,-0.050434686005125684,-5.853018983780143,0.016495468408212678,-5.145317410406291,-5.937893404573726,0.0026375801168782138,0.03443973478845752
50,FR,2016,0.00294,50.0,-5.829345697631547,-5.752765937855305,-0.07657975977624254,-5.752765937855305,0.015773513858200243,-5.145317410406291,-5.833925673333187,0.0029265656593973587,0.004579975701640038
51,FR,2016,0.00309,51.0,-5.779584188072483,-5.664254737397501,-0.11532945067498179,-5.664254737397501,0.015010303509196268,-5.145317410406291,-5.741487513378851,0.0032099898193771155,-0.03809667469363198
52,FR,2016,0.00332,52.0,-5.70779049605374,-5.582167467137789,-0.12562302891595056,-5.582167467137789,0.01375066533335655,-5.145317410406291,-5.652919004882179,0.0035072640973608325,-0.05487149117156065
53,FR,2016,0.00375,53.0,-5.585999438999818,-5.493506907215805,-0.09249253178401329,-5.493506907215805,0.01295815778978835,-5.145317410406291,-5.560180742098394,0.0038480808245497477,-0.0258186969014238
54,FR,2016,0.00417,54.0,-5.479839243171427,-5.4110136553290165,-0.06882558784241066,-5.4110136553290165,0.012093797968350164,-5.145317410406291,-5.473240084573505,0.004197609490861007,-0.006599158597921928
55,FR,2016,0.00456,55.0,-5.390432655455842,-5.326980568060005,-0.06345208739583708,-5.326980568060005,0.011123008713019614,-5.145317410406291,-5.384211978447206,0.004588454699146959,-0.006220677008636599
56,FR,2016,0.00516,56.0,-5.266818699488666,-5.25008143585457,-0.01673726363409589,-5.25008143585457,0.0097378469097369,-5.145317410406291,-5.300185749099111,0.004990666808945353,0.03336704961044479
57,FR,2016,0.00566,57.0,-5.1743313867670455,-5.172600340841025,-0.0017310459260206912,-5.172600340841025,0.009929976269879456,-5.145317410406291,-5.223693220627357,0.00538739549927148,0.04936183386031168
58,FR,2016,0.00602,58.0,-5.112668019661407,-5.102985875472896,-0.009682144188510655,-5.102985875472896,0.00935670774989911,-5.145317410406291,-5.151129106762536,0.005792860275134008,0.03846108710112883
59,FR,2016,0.00652,59.0,-5.0328809030435755,-5.0302681737194455,-0.0026127293241300364,-5.0302681737194455,0.008908196402758034,-5.145317410406291,-5.076103671765875,0.006244191097816068,0.04322276872229924
60,FR,2016,0.00716,60.0,-4.939245298009583,-4.953982695108957,0.01473739709937405,-4.953982695108957,0.008778985536951035,-5.145317410406291,-4.999153362237936,0.006743654015000371,0.059908064228353375
61,FR,2016,0.00761,61.0,-4.8782921071085426,-4.88408760242258,0.00579549531403778,-4.88408760242258,0.00800832928859658,-5.145317410406291,-4.925292998539463,0.0072605986233377235,0.04700089143092079
62,FR,2016,0.00819,62.0,-4.804841381117159,-4.814965958824859,0.0101245777076997,-4.814965958824859,0.007443410213112718,-5.145317410406291,-4.853264666987183,0.007802862175738362,0.0484232858700242
63,FR,2016,0.00872,63.0,-4.742136041061249,-4.748481591345951,0.006345550284701851,-4.748481591345951,0.007222264733534511,-5.145317410406291,-4.785642435821969,0.008348758483189719,0.043506394760719935
64,FR,2016,0.00912,64.0,-4.697285474895897,-4.690926505238551,-0.006358969657346059,-4.690926505238551,0.007559181092484768,-5.145317410406291,-4.7298208913221265,0.008828052078869629,0.0325354164262297
65,FR,2016,0.00977,65.0,-4.628438812927445,-4.619343757405519,-0.009095055521926021,-4.619343757405519,0.007919647211399497,-5.145317410406291,-4.660092856086609,0.00946558342386752,0.03165404315916387
66,FR,2016,0.01028,66.0,-4.577555018955118,-4.560324136429761,-0.017230882525356428,-4.560324136429761,0.007934399503536919,-5.145317410406291,-4.601149140336429,0.010040291409025496,0.02359412138131134
67,FR,2016,0.01075,67.0,-4.532849524408466,-4.495665688730098,-0.03718383567836803,-4.495665688730098,0.008404693358453006,-5.145317410406291,-4.538910503796472,0.010685041526420209,0.006060979388005983
68,FR,2016,0.01139,68.0,-4.475019501523046,-4.417567476370841,-0.057452025152205266,-4.417567476370841,0.009200825359483569,-5.145317410406291,-4.464908643283099,0.011505746839234941,-0.01011085823994673
69,FR,2016,0.01255,69.0,-4.378034613404344,-4.348424688891062,-0.029609924513281705,-4.348424688891062,0.009487510691631477,-5.145317410406291,-4.397240942834129,0.012311260558701713,0.019206329429785285
70,FR,2016,0.0136,70.0,-4.29768548624013,-4.270002935234258,-0.02768255100587247,-4.270002935234258,0.009992018752246168,-5.145317410406291,-4.321415043285296,0.013281076940757645,0.023729557045165883
71,FR,2016,0.01458,71.0,-4.228104552401625,-4.192617050716458,-0.03548750168516701,-4.192617050716458,0.010527324752195758,-5.145317410406291,-4.246783478048932,0.014310188998639027,0.018678925647306777
72,FR,2016,0.01588,72.0,-4.142694823163147,-4.107034005143146,-0.035660818020001095,-4.107034005143146,0.011559102396732036,-5.145317410406291,-4.16650925595372,0.015506294263746109,0.023814432790572937
73,FR,2016,0.0172,73.0,-4.06284589516273,-4.021059358227231,-0.04178653693549883,-4.021059358227231,0.01169743913549465,-5.145317410406291,-4.08124639546826,0.016886405391569433,0.018400500305530088
74,FR,2016,0.01854,74.0,-3.987824718844428,-3.933318769422809,-0.054505949421618904,-3.933318769422809,0.012327970030389813,-5.145317410406291,-3.9967500882551406,0.018375259927754684,0.008925369410712758
75,FR,2016,0.0205,75.0,-3.8873303928377747,-3.8366256838237844,-0.05070470901399027,-3.8366256838237844,0.012695972475206428,-5.145317410406291,-3.901950492042503,0.020202468237940707,0.014620099204728287
76,FR,2016,0.02204,76.0,-3.8148962946974234,-3.732175490169328,-0.08272080452809538,-3.732175490169328,0.01295867437417588,-5.145317410406291,-3.798851983042561,0.022396468628950686,-0.01604431165486231
77,FR,2016,0.02498,77.0,-3.6896797742847056,-3.630336016335675,-0.059343757949030795,-3.630336016335675,0.013218506789362525,-5.145317410406291,-3.6983494294585557,0.024764368091528,0.0086696551738501
78,FR,2016,0.02818,78.0,-3.569142772511603,-3.5209399877050602,-0.04820278480654272,-3.5209399877050602,0.013120427703430103,-5.145317410406291,-3.588448752799496,0.027641175479101655,0.01930598028789321
79,FR,2016,0.03132,79.0,-3.4634984078595346,-3.403718433545346,-0.05977997431418869,-3.403718433545346,0.012917105267199382,-5.145317410406291,-3.4701810401687174,0.031111397738488013,0.006682632309182868
80,FR,2016,0.03509,80.0,-3.349839089387013,-3.2760506992837977,-0.07378839010321547,-3.2760506992837977,0.013361763206868073,-5.145317410406291,-3.344801212145822,0.03526722515685143,-0.00503787724119098
81,FR,2016,0.0402,81.0,-3.2138882833571616,-3.1503092060021,-0.06357907735506174,-3.1503092060021,0.01261299801953086,-5.145317410406291,-3.2152070843094123,0.04014701914499939,0.001318800952250676
82,FR,2016,0.04585,82.0,-3.082380080279663,-3.0292100300712823,-0.053170050208380726,-3.0292100300712823,0.01222347467468327,-5.145317410406291,-3.0921036871305905,0.04540633314259733,0.009723606850927435
83,FR,2016,0.05356,83.0,-2.9269527581591652,-2.8995439302807133,-0.02740882787845189,-2.8995439302807133,0.011605682635583328,-5.145317410406291,-2.95925885120523,0.05185733693635677,0.0323060930460648
84,FR,2016,0.06122,84.0,-2.793281345464871,-2.7677715987687788,-0.025509746696092073,-2.7677715987687788,0.010462248076074009,-5.145317410406291,-2.821603185946592,0.059510459858088206,0.02832184048172115
85,FR,2016,0.06968,85.0,-2.6638419464378895,-2.636244978741484,-0.027596967696405628,-2.636244978741484,0.009737743869726704,-5.145317410406291,-2.6863487618124657,0.06812924187974641,0.022506815374576217
20,FR,2017,0.00039,20.0,-7.849363818840582,-7.77602062301884,-0.07334319582174231,-7.77602062301884,0.027065368019014283,-4.058887954996105,-7.885875919268754,0.00037601710662404784,0.03651210042817166
21,FR,2017,0.00042,21.0,-7.77525584668686,-7.73687186427873,-0.03838398240812957,-7.73687186427873,0.023695264288118734,-4.058887954996105,-7.833048287088225,0.00039641524917507766,0.05779244040136522
22,FR,2017,0.00041,22.0,-7.799353398265921,-7.7317418350689575,-0.06761156319696315,-7.7317418350689575,0.024368876838677903,-4.058887954996105,-7.830652375746251,0.00039736616366522885,0.03129897748033006
23,FR,2017,0.00041,23.0,-7.799353398265921,-7.6903345955130415,-0.10901880275287912,-7.6903345955130415,0.023859905728048508,-4.058887954996105,-7.78717927947996,0.00041502189525282306,-0.01217411878596053
24,FR,2017,0.00039,24.0,-7.849363818840582,-7.676073101708835,-0.17329071713174748,-7.676073101708835,0.022773052801918214,-4.058887954996105,-7.768506371425031,0.00042284436780702113,-0.08085744741555168
25,FR,2017,0.00044,25.0,-7.728735831051967,-7.647622225504298,-0.08111360554766911,-7.647622225504298,0.021477049735121993,-4.058887954996105,-7.734795163983037,0.0004373419546338595,0.006059332931069861
26,FR,2017,0.00044,26.0,-7.728735831051967,-7.598603886727846,-0.13013194432412156,-7.598603886727846,0.020228418997948437,-4.058887954996105,-7.6807087729472325,0.0004616475794823291,-0.04802705810473462
27,FR,2017,0.00044,27.0,-7.728735831051967,-7.610017659896407,-0.11871817115556027,-7.610017659896407,0.021844882459629948,-4.058887954996105,-7.698683590190105,0.000453423681564751,-0.030052240861862423
28,FR,2017,0.00049,28.0,-7.621105166859602,-7.540022071635147,-0.08108309522445456,-7.540022071635147,0.01993958347081985,-4.058887954996105,-7.620954606812497,0.0004900737799771002,-0.00015056004710434223
29,FR,2017,0.00051,29.0,-7.5810998322459024,-7.522165723461602,-0.0589341087843005,-7.522165723461602,0.019123715743917843,-4.058887954996105,-7.59978674294936,0.0005005581696180116,0.018686910703457293
30,FR,2017,0.00049,30.0,-7.621105166859602,-7.483520175967049,-0.13758499089255238,-7.483520175967049,0.018652436174824778,-4.058887954996105,-7.559228324488379,0.000521277345681429,-0.061876842371222374
31,FR,2017,0.00056,31.0,-7.487573774235079,-7.434974497756649,-0.05259927647843021,-7.434974497756649,0.019107855853761156,-4.058887954996105,-7.512531143727282,0.0005461968348879838,0.02495736949220273
32,FR,2017,0.0006,32.0,-7.418580902748128,-7.370736280916335,-0.04784462183179361,-7.370736280916335,0.018541998976225594,-4.058887954996105,-7.4459961772224865,0.0005837742680185583,0.02741527447435832
33,FR,2017,0.00061,33.0,-7.402051600796917,-7.310007884633488,-0.09204371616342932,-7.310007884633488,0.018290514561482833,-4.058887954996105,-7.384247033877771,0.0006209580479941376,-0.017804566919146225
34,FR,2017,0.00065,34.0,-7.338538195074591,-7.237925810610667,-0.10061238446392373,-7.237925810610667,0.017506366593865882,-4.058887954996105,-7.308982191114255,0.0006694981265533521,-0.02955600396033553
35,FR,2017,0.00074,35.0,-7.208860371766058,-7.175930850927135,-0.03292952083892331,-7.175930850927135,0.02028229426963641,-4.058887954996105,-7.258254410837849,0.0007043364452105824,0.04939403907179063
36,FR,2017,0.00077,36.0,-7.1691200431165445,-7.07663964675468,-0.09248039636186434,-7.07663964675468,0.02041717609479281,-4.058887954996105,-7.159510676880869,0.0007774348770183228,-0.009609366235675765
37,FR,2017,0.00084,37.0,-7.082108666126914,-6.97700817216001,-0.10510049396690402,-6.97700817216001,0.019651752990632196,-4.058887954996105,-7.056772435668246,0.0008615543333548943,-0.025336230458668396
38,FR,2017,0.00088,38.0,-7.035588650492022,-6.898518252238512,-0.13707039825350975,-6.898518252238512,0.0202674338985073,-4.058887954996105,-6.980781495567843,0.0009295764593854188,-0.05480715492417865
39,FR,2017,0.00095,39.0,-6.959048573369688,-6.809932685090125,-0.1491158882795629,-6.809932685090125,0.020335399475374303,-4.058887954996105,-6.892471793080756,0.001015400875651103,-0.06657678028893166
40,FR,2017,0.00106,40.0,-6.849486370858162,-6.737658000327092,-0.11182837053106987,-6.737658000327092,0.020319399669134045,-4.058887954996105,-6.820132166896892,0.0010915766424476603,-0.029354203961269754
41,FR,2017,0.00114,41.0,-6.776727016575733,-6.637116448233414,-0.13961056834231922,-6.637116448233414,0.020495343107482796,-4.058887954996105,-6.720304749505888,0.0012061705780547765,-0.05642226706984488
42,FR,2017,0.00132,42.0,-6.630123542383857,-6.548287899120462,-0.08183564326339532,-6.548287899120462,0.020240987592618713,-4.058887954996105,-6.6304437998573675,0.0013195773278205417,0.000320257473510388
43,FR,2017,0.00148,43.0,-6.515713191206113,-6.448116742631472,-0.06759644857464142,-6.448116742631472,0.01964334143697972,-4.058887954996105,-6.5278468645859045,0.0014621506713497993,0.012133673379791432
44,FR,2017,0.0015,44.0,-6.502290170873972,-6.351297175582103,-0.15099299529186894,-6.351297175582103,0.02027819283182161,-4.058887954996105,-6.433604088216272,0.0016066498792911903,-0.06868608265769982
45,FR,2017,0.00174,45.0,-6.3538701657556995,-6.248201457920508,-0.10566870783519189,-6.248201457920508,0.019317153767295814,-4.058887954996105,-6.326607620671393,0.0017880893692616355,-0.02726254508430692
46,FR,2017,0.00195,46.0,-6.239925906406482,-6.150947090642127,-0.08897881576435474,-6.150947090642127,0.018954085157196654,-4.058887954996105,-6.227879598584643,0.0019736323557882486,-0.012046307821838909
47,FR,2017,0.00213,47.0,-6.151633299260803,-6.046710559418147,-0.10492273984265577,-6.046710559418147,0.01798657493397922,-4.058887954996105,-6.11971605176931,0.0021990802993588883,-0.03191724749149305
48,FR,2017,0.00237,48.0,-6.044865323835097,-5.950188915889004,-0.09467640794609355,-5.950188915889004,0.017220232470692053,-4.058887954996105,-6.020083910046528,0.0024294657298891153,-0.024781413788568685
49,FR,2017,0.0026,49.0,-5.952243833954701,-5.853018983780143,-0.09922485017455784,-5.853018983780143,0.016495468408212678,-4.058887954996105,-5.919972241814256,0.002685274714273597,-0.03227159214044484
50,FR,2017,0.00287,50.0,-5.853443249210607,-5.752765937855305,-0.10067731135530256,-5.752765937855305,0.015773513858200243,-4.058887954996105,-5.8167888632623175,0.0029771498471549067,-0.036654385948289736
51,FR,2017,0.00317,51.0,-5.754023691092947,-5.664254737397501,-0.08976895369544646,-5.664254737397501,0.015010303509196268,-4.058887954996105,-5.725179877511813,0.003262766324899929,-0.028843813581134192
52,FR,2017,0.00344,52.0,-5.6722838075968305,-5.582167467137789,-0.09011634045904149,-5.582167467137789,0.01375066533335655,-4.058887954996105,-5.6379798770325324,0.003560052891617876,-0.034303930564298035
53,FR,2017,0.00383,53.0,-5.564890475789582,-5.493506907215805,-0.07138356857377737,-5.493506907215805,0.01295815778978835,-4.058887954996105,-5.5461026177877155,0.0039026377130184356,-0.018787858001866553
54,FR,2017,0.00404,54.0,-5.511510587009078,-5.4110136553290165,-0.10049693168006169,-5.4110136553290165,0.012093797968350164,-4.058887954996105,-5.460101026232909,0.0042531260458075594,-0.051409560776169094
55,FR,2017,0.00444,55.0,-5.417100902538004,-5.326980568060005,-0.09012033447799883,-5.326980568060005,0.011123008713019614,-4.058887954996105,-5.372127614148597,0.004644239641217036,-0.04497328838940717
56,FR,2017,0.00499,56.0,-5.30031936921871,-5.25008143585457,-0.05023793336413984,-5.25008143585457,0.0097378469097369,-4.058887954996105,-5.289606265384097,0.005043745766085952,-0.01071310383461288
57,FR,2017,0.0054,57.0,-5.221356325411908,-5.172600340841025,-0.04875598457088337,-5.172600340841025,0.009929976269879456,-4.058887954996105,-5.212905001916235,0.0054458305384434596,-0.008451323495672902
58,FR,2017,0.0059,58.0,-5.132802928070463,-5.102985875472896,-0.02981705259756673,-5.102985875472896,0.00935670774989911,-4.058887954996105,-5.1409637038573806,0.005852047354381769,0.00816077578691754
59,FR,2017,0.00644,59.0,-5.045226738865875,-5.0302681737194455,-0.014958565146429237,-5.0302681737194455,0.008908196402758034,-4.058887954996105,-5.06642554479934,0.006304916552401317,0.021198805933464904
60,FR,2017,0.00697,60.0,-4.9661400542097045,-4.953982695108957,-0.012157359100747556,-4.953982695108957,0.008778985536951035,-4.058887954996105,-4.9896156137619725,0.006808280998844341,0.02347555955226799
61,FR,2017,0.00769,61.0,-4.867834495464584,-4.88408760242258,0.01625310695799609,-4.88408760242258,0.00800832928859658,-4.058887954996105,-4.9165925137117075,0.00732404495820559,0.048758018247123225
62,FR,2017,0.00826,62.0,-4.79633069144925,-4.814965958824859,0.0186352673756085,-4.814965958824859,0.007443410213112718,-4.058887954996105,-4.845177926882957,0.007866217718865507,0.048847235433706615
63,FR,2017,0.00861,63.0,-4.754830960542498,-4.748481591345951,-0.006349369196547272,-4.748481591345951,0.007222264733534511,-4.058887954996105,-4.777795954680688,0.008414524537815521,0.02296499413818953
64,FR,2017,0.00902,64.0,-4.708310944907605,-4.690926505238551,-0.017384439669053897,-4.690926505238551,0.007559181092484768,-4.058887954996105,-4.721608374324472,0.008900851129179392,0.013297429416867068
65,FR,2017,0.00975,65.0,-4.630487993972381,-4.619343757405519,-0.01114423656686192,-4.619343757405519,0.007919647211399497,-4.058887954996105,-4.651488718079687,0.009547377991223575,0.02100072410730558
66,FR,2017,0.01039,66.0,-4.566911473871001,-4.560324136429761,-0.00658733744123996,-4.560324136429761,0.007934399503536919,-4.058887954996105,-4.592528975004794,0.010127214488355988,0.025617501133792686
67,FR,2017,0.01096,67.0,-4.513502997462267,-4.495665688730098,-0.01783730873216971,-4.495665688730098,0.008404693358453006,-4.058887954996105,-4.529779397368158,0.010783054580600665,0.016276399905891026
68,FR,2017,0.0115,68.0,-4.4654082436129325,-4.417567476370841,-0.047840767242091964,-4.417567476370841,0.009200825359483569,-4.058887954996105,-4.454912595598471,0.01162133558612334,-0.010495648014461345
69,FR,2017,0.01255,69.0,-4.378034613404344,-4.348424688891062,-0.029609924513281705,-4.348424688891062,0.009487510691631477,-4.058887954996105,-4.386933431760222,0.01243881526970917,0.008898818355878468
70,FR,2017,0.01356,70.0,-4.300630996469888,-4.270002935234258,-0.03062806123563,-4.270002935234258,0.009992018752246168,-4.058887954996105,-4.3105594197938455,0.013426036702326836,0.009928423323957603
71,FR,2017,0.01439,71.0,-4.241221758082861,-4.192617050716458,-0.04860470736640288,-4.192617050716458,0.010527324752195758,-4.058887954996105,-4.235346282351478,0.014474796963082896,-0.0058754757313828065
72,FR,2017,0.01575,72.0,-4.150914913710495,-4.107034005143146,-0.04388090856734905,-4.107034005143146,0.011559102396732036,-4.058887954996105,-4.153951106631808,0.015702252483505014,0.0030361929213134076
73,FR,2017,0.01699,73.0,-4.075130343298296,-4.021059358227231,-0.054070985071065,-4.021059358227231,0.01169743913549465,-4.058887954996105,-4.06853795303859,0.017102374712512712,-0.006592390259705816
74,FR,2017,0.01846,74.0,-3.992149049907431,-3.933318769422809,-0.05883028048462213,-3.933318769422809,0.012327970030389813,-4.058887954996105,-3.983356618488711,0.018623023922079342,-0.008792431418719993
75,FR,2017,0.02025,75.0,-3.899600485429589,-3.8366256838237844,-0.06297480160580449,-3.8366256838237844,0.012695972475206428,-4.058887954996105,-3.888157213580362,0.020483057180079655,-0.011443271849227
76,FR,2017,0.02264,76.0,-3.7880370256471547,-3.732175490169328,-0.055861535477826685,-3.732175490169328,0.01295867437417588,-4.058887954996105,-3.7847732974993873,0.022714011516302906,-0.0032637281477674307
77,FR,2017,0.02475,77.0,-3.698929789967438,-3.630336016335675,-0.068593773631763,-3.630336016335675,0.013218506789362525,-4.058887954996105,-3.6839884543260526,0.025122574506288277,-0.014941335641385223
78,FR,2017,0.02805,78.0,-3.5737666470134317,-3.5209399877050602,-0.05282665930837149,-3.5209399877050602,0.013120427703430103,-4.058887954996105,-3.57419433367491,0.028038005954175074,0.0004276866614780772
79,FR,2017,0.03072,79.0,-3.4828413707026655,-3.403718433545346,-0.07912293715731966,-3.403718433545346,0.012917105267199382,-4.058887954996105,-3.4561475165277984,0.031551078191310186,-0.026693854174867138
80,FR,2017,0.03443,80.0,-3.3688270016317046,-3.2760506992837977,-0.0927763023479069,-3.2760506992837977,0.013361763206868073,-4.058887954996105,-3.3302845990216645,0.03578291983439317,-0.03854240261004005
81,FR,2017,0.03957,81.0,-3.229684023584804,-3.1503092060021,-0.07937481758270426,-3.1503092060021,0.01261299801953086,-4.058887954996105,-3.2015039517399635,0.04070094566708665,-0.028180071844840615
82,FR,2017,0.04523,82.0,-3.095994695492385,-3.0292100300712823,-0.06678466542110284,-3.0292100300712823,0.01222347467468327,-4.058887954996105,-3.078823744196554,0.046013348297971025,-0.017170951295831127
83,FR,2017,0.05191,83.0,-2.9582438291429995,-2.8995439302807133,-0.058699898862286215,-2.8995439302807133,0.011605682635583328,-4.058887954996105,-2.94665009573979,0.05251533295495745,-0.011593733403209683
84,FR,2017,0.0611,84.0,-2.7952434128045875,-2.7677715987687788,-0.027471814035808784,-2.7677715987687788,0.010462248076074009,-4.058887954996105,-2.8102366914669368,0.06019074407070187,0.01499327866234923
85,FR,2017,0.06867,85.0,-2.678442856349552,-2.636244978741484,-0.04219787760806826,-2.636244978741484,0.009737743869726704,-4.058887954996105,-2.675769390043155,0.06885383255683959,-0.0026734663063971986
20,FR,2018,0.00035,20.0,-7.957577403480815,-7.77602062301884,-0.18155678046197465,-7.77602062301884,0.027065368019014283,-5.630771319791727,-7.928419521019914,0.00036035549738799123,-0.029157882460900453
21,FR,2018,0.00043,21.0,-7.751725349276666,-7.73687186427873,-0.014853484997935595,-7.73687186427873,0.023695264288118734,-5.630771319791727,-7.870294478847154,0.000381921877724455,0.11856912957048849
22,FR,2018,0.00038,22.0,-7.875339305243843,-7.7317418350689575,-0.14359747017488544,-7.7317418350689575,0.024368876838677903,-5.630771319791727,-7.868957407867722,0.0003824328759278764,-0.0063818973761211595
23,FR,2018,0.0004,23.0,-7.824046010856292,-7.6903345955130415,-0.13371141534325037,-7.6903345955130415,0.023859905728048508,-5.630771319791727,-7.824684268379471,0.00039974477844793047,0.0006382575231791421
24,FR,2018,0.00043,24.0,-7.751725349276666,-7.676073101708835,-0.07565224756783095,-7.676073101708835,0.022773052801918214,-5.630771319791727,-7.8043029542899784,0.00040797569586612935,0.052577605013312656
25,FR,2018,0.00046,25.0,-7.6842840684811335,-7.647622225504298,-0.0366618429768355,-7.647622225504298,0.021477049735121993,-5.630771319791727,-7.768554581186564,0.0004228239830722591,0.08427051270543018
26,FR,2018,0.00043,26.0,-7.751725349276666,-7.598603886727846,-0.1531214625488202,-7.598603886727846,0.020228418997948437,-5.630771319791727,-7.712505488266224,0.0004471996189218846,-0.039219861010441726
27,FR,2018,0.00041,27.0,-7.799353398265921,-7.610017659896407,-0.18933573836951378,-7.610017659896407,0.021844882459629948,-5.630771319791727,-7.733021197534312,0.00043811847314325166,-0.06633220073160828
28,FR,2018,0.00044,28.0,-7.728735831051967,-7.540022071635147,-0.18871375941682,-7.540022071635147,0.01993958347081985,-5.630771319791727,-7.652297306371233,0.00047495176503947035,-0.07643852468073398
29,FR,2018,0.00056,29.0,-7.487573774235079,-7.522165723461602,0.03459194922652298,-7.522165723461602,0.019123715743917843,-5.630771319791727,-7.629846993600304,0.00048573517324498015,0.14227321936522497
30,FR,2018,0.00051,30.0,-7.5810998322459024,-7.483520175967049,-0.09757965627885312,-7.483520175967049,0.018652436174824778,-5.630771319791727,-7.588547778624498,0.0005062156576301479,0.0074479463785959155
31,FR,2018,0.00052,31.0,-7.5616817463888015,-7.434974497756649,-0.12670724863215277,-7.434974497756649,0.019107855853761156,-5.630771319791727,-7.542566464480721,0.000530035557269515,-0.019115281908080206
32,FR,2018,0.00057,32.0,-7.469874197135678,-7.370736280916335,-0.09913791621934376,-7.370736280916335,0.018541998976225594,-5.630771319791727,-7.475142036963273,0.0005670052262180177,0.005267839827594933
33,FR,2018,0.00062,33.0,-7.385791079925137,-7.310007884633488,-0.07578319529164901,-7.310007884633488,0.018290514561482833,-5.630771319791727,-7.4129975894505185,0.0006033593574241798,0.027206509525381506
34,FR,2018,0.00069,34.0,-7.278818960372969,-7.237925810610667,-0.04089314976230174,-7.237925810610667,0.017506366593865882,-5.630771319791727,-7.336500157541167,0.0006513260752332762,0.05768119716819786
35,FR,2018,0.00072,35.0,-7.236259345954173,-7.175930850927135,-0.06032849502703819,-7.175930850927135,0.02028229426963641,-5.630771319791727,-7.29013581180018,0.000682235390847651,0.053876465846006916
36,FR,2018,0.0008,36.0,-7.1308988302963465,-7.07663964675468,-0.05425918354166637,-7.07663964675468,0.02041717609479281,-5.630771319791727,-7.1916040963403765,0.0007528804585592949,0.060705266044029926
37,FR,2018,0.00088,37.0,-7.035588650492022,-6.97700817216001,-0.05858047833201141,-6.97700817216001,0.019651752990632196,-5.630771319791727,-7.087662699283293,0.0008353475440555588,0.05207404879127164
38,FR,2018,0.00089,38.0,-7.024289095238089,-6.898518252238512,-0.12577084299957697,-6.898518252238512,0.0202674338985073,-5.630771319791727,-7.012639537760002,0.000900428733277448,-0.011649557478087047
39,FR,2018,0.00102,39.0,-6.887952651685957,-6.809932685090125,-0.0780199665958321,-6.809932685090125,0.020335399475374303,-5.630771319791727,-6.924436669232571,0.0009834569737038846,0.03648401754661368
40,FR,2018,0.00108,40.0,-6.830794237846009,-6.737658000327092,-0.09313623751891686,-6.737658000327092,0.020319399669134045,-5.630771319791727,-6.8520718932194375,0.0010572628862562255,0.02127765537342885
41,FR,2018,0.00118,41.0,-6.7422408405045635,-6.637116448233414,-0.10512439227114978,-6.637116448233414,0.020495343107482796,-5.630771319791727,-6.752521038392319,0.0011679315060310514,0.010280197887755804
42,FR,2018,0.00127,42.0,-6.668738378511637,-6.548287899120462,-0.12045047939117559,-6.548287899120462,0.020240987592618713,-5.630771319791727,-6.662260271541239,0.0012782539018166908,-0.006478106970398301
43,FR,2018,0.00144,43.0,-6.543112165394228,-6.448116742631472,-0.0949954227627563,-6.448116742631472,0.01964334143697972,-5.630771319791727,-6.558723906219694,0.001417693666610931,0.015611740825465681
44,FR,2018,0.00163,44.0,-6.419175264163466,-6.351297175582103,-0.06787808858136302,-6.351297175582103,0.02027819283182161,-5.630771319791727,-6.465479042196731,0.001556245573338026,0.046303778033264464
45,FR,2018,0.00179,45.0,-6.325539659129474,-6.248201457920508,-0.07733820120896606,-6.248201457920508,0.019317153767295814,-5.630771319791727,-6.356971933333403,0.0017346112860043578,0.03143227420392947
46,FR,2018,0.00191,46.0,-6.260652036923599,-6.150947090642127,-0.10970494628147165,-6.150947090642127,0.018954085157196654,-5.630771319791727,-6.25767320973816,0.0019156980424526466,-0.002978827185438959
47,FR,2018,0.00208,47.0,-6.175387385268911,-6.046710559418147,-0.12867682585076334,-6.046710559418147,0.01798657493397922,-5.630771319791727,-6.147988849697683,0.0021377768401125504,-0.027398535571228066
48,FR,2018,0.0023,48.0,-6.074846156047033,-5.950188915889004,-0.12465724015802948,-5.950188915889004,0.017220232470692053,-5.630771319791727,-6.047152107005123,0.0023645865159782117,-0.027694049041910418
49,FR,2018,0.00264,49.0,-5.936976361823913,-5.853018983780143,-0.08395737804376946,-5.853018983780143,0.016495468408212678,-5.630771319791727,-5.945901194199638,0.0026165432719101995,0.008924832375725167
50,FR,2018,0.00282,50.0,-5.871018394032115,-5.752765937855305,-0.11825245617681013,-5.752765937855305,0.015773513858200243,-5.630771319791727,-5.841582987300396,0.0029042416075146273,-0.02943540673171885
51,FR,2018,0.00314,51.0,-5.763532479061975,-5.664254737397501,-0.09927774166447367,-5.664254737397501,0.015010303509196268,-5.630771319791727,-5.748774323898452,0.0031866842465624627,-0.014758155163522524
52,FR,2018,0.00334,52.0,-5.701784471993528,-5.582167467137789,-0.11961700485573878,-5.582167467137789,0.01375066533335655,-5.630771319791727,-5.659594319124907,0.0034839299753242556,-0.0421901528686206
53,FR,2018,0.00371,53.0,-5.596723402362794,-5.493506907215805,-0.10321649514698894,-5.493506907215805,0.01295815778978835,-5.630771319791727,-5.56647133045588,0.003823950109886528,-0.030252071906913258
54,FR,2018,0.00405,54.0,-5.509038397863689,-5.4110136553290165,-0.09802474253467253,-5.4110136553290165,0.012093797968350164,-5.630771319791727,-5.479111066076558,0.004173037604308321,-0.029927331787130917
55,FR,2018,0.00439,55.0,-5.428426051895057,-5.326980568060005,-0.10144548383505203,-5.326980568060005,0.011123008713019614,-5.630771319791727,-5.38961168651107,0.004563745155505995,-0.038814365383987415
56,FR,2018,0.00497,56.0,-5.3043354388736,-5.25008143585457,-0.05425400301902972,-5.25008143585457,0.0097378469097369,-5.630771319791727,-5.304913024950439,0.004967130226048629,0.0005775860768393315
57,FR,2018,0.00534,57.0,-5.232529626010034,-5.172600340841025,-0.05992928516900875,-5.172600340841025,0.009929976269879456,-5.630771319791727,-5.228513766427675,0.005361487807300178,-0.004015859582358949
58,FR,2018,0.00572,58.0,-5.163786473590431,-5.102985875472896,-0.06080059811753458,-5.102985875472896,0.00935670774989911,-5.630771319791727,-5.155671357118701,0.005766607322365743,-0.008115116471730133
59,FR,2018,0.00628,59.0,-5.07038529850203,-5.0302681737194455,-0.04011712478258467,-5.0302681737194455,0.008908196402758034,-5.630771319791727,-5.080428190535168,0.006217246279892214,0.010042892033137463
60,FR,2018,0.00675,60.0,-4.9982127740976985,-4.953982695108957,-0.04423007898874154,-4.953982695108957,0.008778985536951035,-5.630771319791727,-5.003415155087287,0.006714975113716557,0.005202380989588917
61,FR,2018,0.00735,61.0,-4.913054965757392,-4.88408760242258,-0.028967363334811758,-4.88408760242258,0.00800832928859658,-5.630771319791727,-4.929180673300258,0.007232426574685488,0.016125707542865797
62,FR,2018,0.00805,62.0,-4.822083187551665,-4.814965958824859,-0.007117228726806424,-4.814965958824859,0.007443410213112718,-5.630771319791727,-4.856878099574298,0.007774717938554693,0.034794912022633184
63,FR,2018,0.0086,63.0,-4.755993075722675,-4.748481591345951,-0.007511484376724553,-4.748481591345951,0.007222264733534511,-5.630771319791727,-4.78914851247148,0.00831953834996534,0.033155436748804945
64,FR,2018,0.00912,64.0,-4.697285474895897,-4.690926505238551,-0.006358969657346059,-4.690926505238551,0.007559181092484768,-5.630771319791727,-4.733490525335226,0.008795715726268624,0.03620505043932898
65,FR,2018,0.00956,65.0,-4.650167551918827,-4.619343757405519,-0.030823794513307412,-4.619343757405519,0.007919647211399497,-5.630771319791727,-4.663937479786336,0.009429261683955113,0.013769927867508969
66,FR,2018,0.01032,66.0,-4.5736715189287205,-4.560324136429761,-0.01334738249895917,-4.560324136429761,0.007934399503536919,-5.630771319791727,-4.605000925594046,0.010001692747193938,0.0313294066653258
67,FR,2018,0.01085,67.0,-4.523590198995668,-4.495665688730098,-0.027924510265570746,-4.495665688730098,0.008404693358453006,-5.630771319791727,-4.542990595044519,0.010641534398884153,0.019400396048850688
68,FR,2018,0.01193,68.0,-4.428699042872313,-4.417567476370841,-0.011131566501472179,-4.417567476370841,0.009200825359483569,-5.630771319791727,-4.469375219923433,0.011454470140075347,0.04067617705111992
69,FR,2018,0.01242,69.0,-4.388447202476804,-4.348424688891062,-0.04002251358574238,-4.348424688891062,0.009487510691631477,-5.630771319791727,-4.401846691989718,0.012254688359463792,0.013399489512913476
70,FR,2018,0.01315,70.0,-4.331333520358363,-4.270002935234258,-0.0613305851241055,-4.270002935234258,0.009992018752246168,-5.630771319791727,-4.326265707851227,0.013216810883995215,-0.005067812507136615
71,FR,2018,0.01445,71.0,-4.237060864423696,-4.192617050716458,-0.04444381370723782,-4.192617050716458,0.010527324752195758,-5.630771319791727,-4.251894009005255,0.014237242890207542,0.014833144581559488
72,FR,2018,0.01553,72.0,-4.164981641821542,-4.107034005143146,-0.05794763667839575,-4.107034005143146,0.011559102396732036,-5.630771319791727,-4.172120667401201,0.015419525741226832,0.007139025579658842
73,FR,2018,0.01701,73.0,-4.073953872574367,-4.021059358227231,-0.05289451434713577,-4.021059358227231,0.01169743913549465,-5.630771319791727,-4.086924963026384,0.016790786543727867,0.012971090452016831
74,FR,2018,0.01868,74.0,-3.9803018461814403,-3.933318769422809,-0.04698307675863145,-3.933318769422809,0.012327970030389813,-5.630771319791727,-4.00273474950118,0.01826561863202998,0.02243290331973924
75,FR,2018,0.0202,75.0,-3.902072674574978,-3.8366256838237844,-0.06544699075119365,-3.8366256838237844,0.012695972475206428,-5.630771319791727,-3.908113801514042,0.02007833709636249,0.00604112693906389
76,FR,2018,0.02198,76.0,-3.8176223300066616,-3.732175490169328,-0.08544683983733359,-3.732175490169328,0.01295867437417588,-5.630771319791727,-3.8051428221779577,0.022256018286051053,-0.012479507828703884
77,FR,2018,0.02476,77.0,-3.6985258311657416,-3.630336016335675,-0.06818981483006681,-3.630336016335675,0.013218506789362525,-5.630771319791727,-3.7047664052556897,0.024605964520350476,0.006240574089948048
78,FR,2018,0.02716,78.0,-3.6060099762916416,-3.5209399877050602,-0.08506998858658132,-3.5209399877050602,0.013120427703430103,-5.630771319791727,-3.594818115720935,0.027465678296831404,-0.011191860570706424
79,FR,2018,0.0309,79.0,-3.4769990950784373,-3.403718433545346,-0.07328066153309143,-3.403718433545346,0.012917105267199382,-5.630771319791727,-3.476451699418623,0.030916919156202125,-0.0005473956598143204
80,FR,2018,0.034,80.0,-3.3813947543659757,-3.2760506992837977,-0.10534405508217803,-3.2760506992837977,0.013361763206868073,-5.630771319791727,-3.3512877323308787,0.03503920392067395,-0.030107022035096964
81,FR,2018,0.03911,81.0,-3.2413770902147143,-3.1503092060021,-0.09106788421261447,-3.1503092060021,0.01261299801953086,-5.630771319791727,-3.221330113507064,0.03990194882660377,-0.0200469767076501
82,FR,2018,0.04324,82.0,-3.1409892862111297,-3.0292100300712823,-0.1117792561398474,-3.0292100300712823,0.01222347467468327,-5.630771319791727,-3.0980376206976894,0.045137692813407154,-0.04295166551344032
83,FR,2018,0.05033,83.0,-2.9891539581938686,-2.8995439302807133,-0.08961002791315531,-2.8995439302807133,0.011605682635583328,-5.630771319791727,-2.9648928752117607,0.05156599294532092,-0.02426108298210794
84,FR,2018,0.05802,84.0,-2.846967500288879,-2.7677715987687788,-0.07919590152010025,-2.7677715987687788,0.010462248076074009,-5.630771319791727,-2.8266821251760823,0.059208976105857916,-0.02028537511279671
85,FR,2018,0.06842,85.0,-2.6820900994326786,-2.636244978741484,-0.04584512069119473,-2.636244978741484,0.009737743869726704,-5.630771319791727,-2.691075987642619,0.06780793960029702,0.008985888209940285
20,FR,2019,0.00035,20.0,-7.957577403480815,-7.77602062301884,-0.18155678046197465,-7.77602062301884,0.027065368019014283,-7.34031727969481,-7.97468901157011,0.0003440618873894075,0.017111608089295238
21,FR,2019,0.00036,21.0,-7.929406526514119,-7.73687186427873,-0.1925346622353885,-7.73687186427873,0.023695264288118734,-7.34031727969481,-7.910802622179744,0.0003667600926446258,-0.018603904334375088
22,FR,2019,0.00038,22.0,-7.875339305243843,-7.7317418350689575,-0.14359747017488544,-7.7317418350689575,0.024368876838677903,-7.34031727969481,-7.91061712281466,0.0003668281327194496,0.03527781757081705
23,FR,2019,0.00039,23.0,-7.849363818840582,-7.6903345955130415,-0.15902922332754077,-7.6903345955130415,0.023859905728048508,-7.34031727969481,-7.865473873820525,0.0003837674169819828,0.016110054979942667
24,FR,2019,0.00039,24.0,-7.849363818840582,-7.676073101708835,-0.17329071713174748,-7.676073101708835,0.022773052801918214,-7.34031727969481,-7.843234534702157,0.00039239776158840915,-0.006129284138425284
25,FR,2019,0.00039,25.0,-7.849363818840582,-7.647622225504298,-0.20174159333628428,-7.647622225504298,0.021477049735121993,-7.34031727969481,-7.805270584791879,0.00040758111707280036,-0.044093234048703245
26,FR,2019,0.00051,26.0,-7.5810998322459024,-7.598603886727846,0.017504054481943143,-7.598603886727846,0.020228418997948437,-7.34031727969481,-7.747086900239394,0.0004319991660164977,0.16598706799349117
27,FR,2019,0.00045,27.0,-7.706262975199909,-7.610017659896407,-0.09624531530350211,-7.610017659896407,0.021844882459629948,-7.34031727969481,-7.7703660280877305,0.00042205875317429583,0.06410305288782148
28,FR,2019,0.00051,28.0,-7.5810998322459024,-7.540022071635147,-0.0410777606107553,-7.540022071635147,0.01993958347081985,-7.34031727969481,-7.686384940735923,0.0004590346131950479,0.10528510849002082
29,FR,2019,0.00049,29.0,-7.621105166859602,-7.522165723461602,-0.09893944339799976,-7.522165723461602,0.019123715743917843,-7.34031727969481,-7.662539864588654,0.00047011187268786,0.04143469772905206
30,FR,2019,0.00055,30.0,-7.505592279737757,-7.483520175967049,-0.022072103770708118,-7.483520175967049,0.018652436174824778,-7.34031727969481,-7.62043497552952,0.0004903285038196503,0.11484269579176232
31,FR,2019,0.00055,31.0,-7.505592279737757,-7.434974497756649,-0.07061778198110868,-7.434974497756649,0.019107855853761156,-7.34031727969481,-7.575232222257929,0.0005130012776463412,0.0696399425201717
32,FR,2019,0.0006,32.0,-7.418580902748128,-7.370736280916335,-0.04784462183179361,-7.370736280916335,0.018541998976225594,-7.34031727969481,-7.506840436401607,0.0005493139420778338,0.0882595336534786
33,FR,2019,0.00063,33.0,-7.369790738578696,-7.310007884633488,-0.0597828539452081,-7.310007884633488,0.018290514561482833,-7.34031727969481,-7.44426606472365,0.0005847851373828652,0.07447532614495422
34,FR,2019,0.00066,34.0,-7.3232707229438025,-7.237925810610667,-0.08534491233313535,-7.237925810610667,0.017506366593865882,-7.34031727969481,-7.366428095824293,0.0006321220307513911,0.04315737288049082
35,FR,2019,0.00075,35.0,-7.195437351433918,-7.175930850927135,-0.019506500506782487,-7.175930850927135,0.02028229426963641,-7.34031727969481,-7.3248093260264024,0.0006589853027737987,0.12937197459248484
36,FR,2019,0.00078,36.0,-7.156216638280637,-7.07663964675468,-0.07957699152595676,-7.07663964675468,0.02041717609479281,-7.34031727969481,-7.22650819724586,0.0007270551691685984,0.07029155896522266
37,FR,2019,0.00087,37.0,-7.047017346315645,-6.97700817216001,-0.07000917415563457,-6.97700817216001,0.019651752990632196,-7.34031727969481,-7.121258274213442,0.0008077497407496292,0.07424092789779735
38,FR,2019,0.00094,38.0,-6.969630682700225,-6.898518252238512,-0.07111243046171278,-6.898518252238512,0.0202674338985073,-7.34031727969481,-7.0472876474987975,0.000869764869750081,0.07765696479857276
39,FR,2019,0.00099,39.0,-6.917805614835639,-6.809932685090125,-0.10787292974551388,-6.809932685090125,0.020335399475374303,-7.34031727969481,-6.959200969248712,0.0009498552349460062,0.04139535441307274
40,FR,2019,0.00103,40.0,-6.878196476740593,-6.737658000327092,-0.14053847641350092,-6.737658000327092,0.020319399669134045,-7.34031727969481,-6.886808840831462,0.0010211673545607234,0.008612364090868851
41,FR,2019,0.00114,41.0,-6.776727016575733,-6.637116448233414,-0.13961056834231922,-6.637116448233414,0.020495343107482796,-7.34031727969481,-6.787558769398544,0.0011277184372873268,0.010831752822810792
42,FR,2019,0.0012,42.0,-6.725433722188183,-6.548287899120462,-0.17714582306772098,-6.548287899120462,0.020240987592618713,-7.34031727969481,-6.696863170104649,0.0012347791261684395,-0.028570552083533762
43,FR,2019,0.00137,43.0,-6.5929445391421035,-6.448116742631472,-0.14482779651063193,-6.448116742631472,0.01964334143697972,-7.34031727969481,-6.592305101212279,0.001370876310106961,-0.0006394379298244601
44,FR,2019,0.00151,44.0,-6.495645628155304,-6.351297175582103,-0.14434845257320106,-6.351297175582103,0.02027819283182161,-7.34031727969481,-6.500145544826507,0.0015032203911041929,0.004499916671202975
45,FR,2019,0.00166,45.0,-6.400937676613685,-6.248201457920508,-0.15273621869317733,-6.248201457920508,0.019317153767295814,-7.34031727969481,-6.38999549551311,0.00167826376108933,-0.010942181100574544
46,FR,2019,0.00183,46.0,-6.303439312128807,-6.150947090642127,-0.15249222148668018,-6.150947090642127,0.018954085157196654,-7.34031727969481,-6.290076089442304,0.0018546188245745648,-0.013363222686503029
47,FR,2019,0.0021,47.0,-6.16581793425276,-6.046710559418147,-0.11910737483461276,-6.046710559418147,0.01798657493397922,-7.34031727969481,-6.178737726208561,0.0020730429515951852,0.012919791955800619
48,FR,2019,0.00228,48.0,-6.083579836015788,-5.950188915889004,-0.133390920126784,-5.950188915889004,0.017220232470692053,-7.34031727969481,-6.076590885853986,0.002295990620103388,-0.006988950161801455
49,FR,2019,0.00252,49.0,-5.983496377458805,-5.853018983780143,-0.13047739367866207,-5.853018983780143,0.016495468408212678,-7.34031727969481,-5.974100955573607,0.0025437880374862853,-0.009395421885198374
50,FR,2019,0.00281,50.0,-5.874570795636482,-5.752765937855305,-0.12180485778117767,-5.752765937855305,0.015773513858200243,-7.34031727969481,-5.8685485341901575,0.002826973613132794,-0.006022261446324784
51,FR,2019,0.00304,51.0,-5.795897763564007,-5.664254737397501,-0.1316430261665058,-5.664254737397501,0.015010303509196268,-7.34031727969481,-5.774435127619518,0.0031059516295084467,-0.021462635944488717
52,FR,2019,0.00344,52.0,-5.6722838075968305,-5.582167467137789,-0.09011634045904149,-5.582167467137789,0.01375066533335655,-7.34031727969481,-5.683101713491526,0.003402986966439139,0.010817905894695556
53,FR,2019,0.00367,53.0,-5.607563616915658,-5.493506907215805,-0.11405670969985326,-5.493506907215805,0.01295815778978835,-7.34031727969481,-5.5886238967532,0.0037401711867189845,-0.01893972016245815
54,FR,2019,0.00385,54.0,-5.559682130682444,-5.4110136553290165,-0.14866847535342753,-5.4110136553290165,0.012093797968350164,-7.34031727969481,-5.499785969533235,0.00408764622567482,-0.059896161149208815
55,FR,2019,0.00432,55.0,-5.444499876726118,-5.326980568060005,-0.11751930866611282,-5.326980568060005,0.011123008713019614,-7.34031727969481,-5.4086269811183785,0.004477784074645297,-0.03587289560773943
56,FR,2019,0.00462,56.0,-5.37736057388849,-5.25008143585457,-0.12727913803392,-5.25008143585457,0.0097378469097369,-7.34031727969481,-5.321560321793134,0.0048851254078361534,-0.05580025209535577
57,FR,2019,0.00494,57.0,-5.310389947782306,-5.172600340841025,-0.13778960694128095,-5.172600340841025,0.009929976269879456,-7.34031727969481,-5.24548951724178,0.005271240699740069,-0.06490043054052563
58,FR,2019,0.00557,58.0,-5.190360225042944,-5.102985875472896,-0.08737434957004808,-5.102985875472896,0.00935670774989911,-7.34031727969481,-5.171667079050535,0.005675100088384073,-0.01869314599240912
59,FR,2019,0.00616,59.0,-5.089678501436708,-5.0302681737194455,-0.059410327717262845,-5.0302681737194455,0.008908196402758034,-7.34031727969481,-5.0956571617055255,0.006123281326355492,0.005978660268817215
60,FR,2019,0.00664,60.0,-5.014643315493794,-4.953982695108957,-0.060660620384837216,-4.953982695108957,0.008778985536951035,-7.34031727969481,-5.01842323434403,0.006614948714574717,0.003779918850235653
61,FR,2019,0.0073,61.0,-4.919880930827792,-4.88408760242258,-0.03579332840521143,-4.88408760242258,0.00800832928859658,-7.34031727969481,-4.942871280281151,0.00713408497903254,0.02299034945335965
62,FR,2019,0.00769,62.0,-4.867834495464584,-4.814965958824859,-0.05286853663972568,-4.814965958824859,0.007443410213112718,-7.34031727969481,-4.869602951432027,0.007676412591518319,0.0017684559674426836
63,FR,2019,0.00844,63.0,-4.774772970374271,-4.748481591345951,-0.02629137902832035,-4.748481591345951,0.007222264733534511,-7.34031727969481,-4.801495305968045,0.008217450255167989,0.026722335593773572
64,FR,2019,0.00888,64.0,-4.7239537219780585,-4.690926505238551,-0.033027216739507814,-4.690926505238551,0.007559181092484768,-7.34031727969481,-4.746413292832059,0.008682782016642685,0.022459570854000077
65,FR,2019,0.00965,65.0,-4.6407973636312425,-4.619343757405519,-0.02145360622572312,-4.619343757405519,0.007919647211399497,-7.34031727969481,-4.677476480680442,0.00930245922781842,0.03667911704919913
66,FR,2019,0.01021,66.0,-4.584387646805562,-4.560324136429761,-0.024063510375801123,-4.560324136429761,0.007934399503536919,-7.34031727969481,-4.618565146209575,0.00986694353030954,0.034177499404012934
67,FR,2019,0.01091,67.0,-4.518075479137158,-4.495665688730098,-0.02240979040706037,-4.495665688730098,0.008404693358453006,-7.34031727969481,-4.557358804619686,0.010489727808531463,0.03928332548252822
68,FR,2019,0.01149,68.0,-4.466278187121473,-4.417567476370841,-0.04871071075063238,-4.417567476370841,0.009200825359483569,-7.34031727969481,-4.485104453744512,0.011275709669129157,0.01882626662303899
69,FR,2019,0.01245,69.0,-4.386034656071421,-4.348424688891062,-0.037609967180358694,-4.348424688891062,0.009487510691631477,-7.34031727969481,-4.4180660275621335,0.012057528678303663,0.03203137149071278
70,FR,2019,0.01328,70.0,-4.32149613493385,-4.270002935234258,-0.05149319969959176,-4.270002935234258,0.009992018752246168,-7.34031727969481,-4.343347523140405,0.01299296108525841,0.021851388206555633
71,FR,2019,0.01444,71.0,-4.237753145517457,-4.192617050716458,-0.04513609480099934,-4.192617050716458,0.010527324752195758,-7.34031727969481,-4.26989095450396,0.013983307886948943,0.032137808986502314
72,FR,2019,0.0154,72.0,-4.173387769562553,-4.107034005143146,-0.06635376441940721,-4.107034005143146,0.011559102396732036,-7.34031727969481,-4.19188148420364,0.015117814169303008,0.018493714641087067
73,FR,2019,0.0165,73.0,-4.104394898075602,-4.021059358227231,-0.08333553984837128,-4.021059358227231,0.01169743913549465,-7.34031727969481,-4.106922272841681,0.016458350969883434,0.0025273747660783386
74,FR,2019,0.01843,74.0,-3.993775507300405,-3.933318769422809,-0.0604567378775962,-3.933318769422809,0.012327970030389813,-7.34031727969481,-4.023809980860439,0.01788469462357777,0.03003447356003397
75,FR,2019,0.02013,75.0,-3.905544039330437,-3.8366256838237844,-0.0689183555066526,-3.8366256838237844,0.012695972475206428,-7.34031727969481,-3.929818149966072,0.019647245080407803,0.024274110635635004
76,FR,2019,0.02182,76.0,-3.824928298577212,-3.732175490169328,-0.09275280840788414,-3.732175490169328,0.01295867437417588,-7.34031727969481,-3.8272962716000296,0.02176839195598525,0.002367973022817438
77,FR,2019,0.02438,77.0,-3.7139921549290116,-3.630336016335675,-0.08365613859333676,-3.630336016335675,0.013218506789362525,-7.34031727969481,-3.727364050133396,0.024056163176310846,0.013371895204384199
78,FR,2019,0.027,78.0,-3.611918412977808,-3.5209399877050602,-0.09097842527274791,-3.5209399877050602,0.013120427703430103,-7.34031727969481,-3.617248089893535,0.026856481516574923,0.005329676915726722
79,FR,2019,0.02979,79.0,-3.513582512256946,-3.403718433545346,-0.10986407871160031,-3.403718433545346,0.012917105267199382,-7.34031727969481,-3.4985340845418063,0.03024168269503569,-0.015048427715139923
80,FR,2019,0.03429,80.0,-3.372901512507308,-3.2760506992837977,-0.09685081322351019,-3.2760506992837977,0.013361763206868073,-7.34031727969481,-3.3741302806383615,0.03424789141692685,0.0012287681310536591
81,FR,2019,0.03833,81.0,-3.261522399589673,-3.1503092060021,-0.11121319358757331,-3.1503092060021,0.01261299801953086,-7.34031727969481,-3.2428926133136184,0.03905077278304569,-0.018629786276054716
82,FR,2019,0.0427,82.0,-3.1535563587475584,-3.0292100300712823,-0.12434632867627604,-3.0292100300712823,0.01222347467468327,-7.34031727969481,-3.118934212443772,0.04420425566835748,-0.03462214630378657
83,FR,2019,0.04909,83.0,-3.014099930912176,-2.8995439302807133,-0.11455600063146276,-2.8995439302807133,0.011605682635583328,-7.34031727969481,-2.9847333230733395,0.05055298306587428,-0.0293666078388366
84,FR,2019,0.05689,84.0,-2.866635700219581,-2.7677715987687788,-0.09886410145080227,-2.7677715987687788,0.010462248076074009,-7.34031727969481,-2.8445678191060386,0.05815939668914172,-0.02206788111354241
85,FR,2019,0.06549,85.0,-2.7258578197521746,-2.636244978741484,-0.08961284101069067,-2.636244978741484,0.009737743869726704,-7.34031727969481,-2.7077231083336812,0.06668847641794677,-0.01813471141849332
20,FR,2022,0.00039,20.0,-7.849363818840582,-7.77602062301884,-0.07334319582174231,-7.77602062301884,0.027065368019014283,-4.1311949658327105,-7.887832935127402,0.0003752819547698109,0.03846911628681937
21,FR,2022,0.00043,21.0,-7.751725349276666,-7.73687186427873,-0.014853484997935595,-7.73687186427873,0.023695264288118734,-4.1311949658327105,-7.834761620819882,0.00039573663906572394,0.08303627154321624
22,FR,2022,0.00041,22.0,-7.799353398265921,-7.7317418350689575,-0.06761156319696315,-7.7317418350689575,0.024368876838677903,-4.1311949658327105,-7.832414416387901,0.00039666660484177156,0.03306101812198037
23,FR,2022,0.00043,23.0,-7.751725349276666,-7.6903345955130415,-0.06139075376362424,-7.6903345955130415,0.023859905728048508,-4.1311949658327105,-7.788904517941998,0.0004143065008069962,0.03717916866533244
24,FR,2022,0.00046,24.0,-7.6842840684811335,-7.676073101708835,-0.008210966772298711,-7.676073101708835,0.022773052801918214,-4.1311949658327105,-7.770153022800762,0.00042214866349548025,0.08586895431962827
25,FR,2022,0.00045,25.0,-7.706262975199909,-7.647622225504298,-0.05864074969561095,-7.647622225504298,0.021477049735121993,-4.1311949658327105,-7.736348105250973,0.00043666331534417374,0.030085130051063835
26,FR,2022,0.00042,26.0,-7.77525584668686,-7.598603886727846,-0.17665195995901417,-7.598603886727846,0.020228418997948437,-4.1311949658327105,-7.682171429458925,0.0004609728412195418,-0.09308441722793503
27,FR,2022,0.00047,27.0,-7.66277786326017,-7.610017659896407,-0.0527602033637633,-7.610017659896407,0.021844882459629948,-4.1311949658327105,-7.700263128342837,0.00045270804689528775,0.03748526508266714
28,FR,2022,0.0005,28.0,-7.600902459542082,-7.540022071635147,-0.06088038790693506,-7.540022071635147,0.01993958347081985,-4.1311949658327105,-7.622396378490599,0.0004893677145957924,0.02149391894851682
29,FR,2022,0.0005,29.0,-7.600902459542082,-7.522165723461602,-0.07873673608048026,-7.522165723461602,0.019123715743917843,-4.1311949658327105,-7.601169521670891,0.0004998664867645536,0.00026706212880878155
30,FR,2022,0.00053,30.0,-7.542633551418106,-7.483520175967049,-0.05911337545105688,-7.483520175967049,0.018652436174824778,-4.1311949658327105,-7.560577026393001,0.0005205747718203229,0.01794347497489479
31,FR,2022,0.00055,31.0,-7.505592279737757,-7.434974497756649,-0.07061778198110868,-7.434974497756649,0.019107855853761156,-4.1311949658327105,-7.513912775667564,0.0005454427129746449,0.008320495929806881
32,FR,2022,0.0006,32.0,-7.418580902748128,-7.370736280916335,-0.04784462183179361,-7.370736280916335,0.018541998976225594,-4.1311949658327105,-7.447336893743393,0.0005829921166517365,0.028755990995264824
33,FR,2022,0.00066,33.0,-7.3232707229438025,-7.310007884633488,-0.013262838310314606,-7.310007884633488,0.018290514561482833,-4.1311949658327105,-7.385569566312376,0.000620137353652202,0.06229884336857339
34,FR,2022,0.00069,34.0,-7.278818960372969,-7.237925810610667,-0.04089314976230174,-7.237925810610667,0.017506366593865882,-4.1311949658327105,-7.3102480241532675,0.0006686511898585189,0.03142906378029853
35,FR,2022,0.00071,35.0,-7.250245587928913,-7.175930850927135,-0.07431473700177804,-7.175930850927135,0.02028229426963641,-4.1311949658327105,-7.259720962909395,0.0007033042562022585,0.009475374980481455
36,FR,2022,0.00079,36.0,-7.143477612503207,-7.07663964675468,-0.06683796574852696,-7.07663964675468,0.02041717609479281,-4.1311949658327105,-7.160986981854008,0.000776287992826807,0.01750936935080105
37,FR,2022,0.00085,37.0,-7.070274208479912,-6.97700817216001,-0.0932660363199016,-6.97700817216001,0.019651752990632196,-4.1311949658327105,-7.058193395184698,0.0008603309689074942,-0.012080813295214377
38,FR,2022,0.00101,38.0,-6.897804948128969,-6.898518252238512,0.000713304109543067,-6.898518252238512,0.0202674338985073,-4.1311949658327105,-6.982246973130373,0.0009282151836446867,0.08444202500140374
39,FR,2022,0.0011,39.0,-6.812445099177812,-6.809932685090125,-0.002512414087687098,-6.809932685090125,0.020335399475374303,-4.1311949658327105,-6.893942185030989,0.0010139089355144745,0.08149708585317672
40,FR,2022,0.00109,40.0,-6.821577582741084,-6.737658000327092,-0.08391958241399244,-6.737658000327092,0.020319399669134045,-4.1311949658327105,-6.8216014019489615,0.0010899740373726203,2.3819207877195936e-05
41,FR,2022,0.0012,41.0,-6.725433722188183,-6.637116448233414,-0.08831727395476907,-6.637116448233414,0.020495343107482796,-4.1311949658327105,-6.721786706502061,0.0012043844089678357,-0.0036470156861216907
42,FR,2022,0.00134,42.0,-6.615085665019317,-6.548287899120462,-0.06679776589885478,-6.548287899120462,0.020240987592618713,-4.1311949658327105,-6.631907365166571,0.001317647452814274,0.01682170014725415
43,FR,2022,0.00145,43.0,-6.536191722549654,-6.448116742631472,-0.0880749799181828,-6.448116742631472,0.01964334143697972,-4.1311949658327105,-6.529267215888055,0.0014600753779115672,-0.006924506661599494
44,FR,2022,0.00149,44.0,-6.508979159024769,-6.351297175582103,-0.15768198344266615,-6.351297175582103,0.02027819283182161,-4.1311949658327105,-6.435070343725109,0.001604295846283586,-0.07390881529966009
45,FR,2022,0.00167,45.0,-6.394931652553473,-6.248201457920508,-0.14673019463296555,-6.248201457920508,0.019317153767295814,-4.1311949658327105,-6.3280043863181765,0.0017855935708857534,-0.06692726623529666
46,FR,2022,0.00186,46.0,-6.287178791257027,-6.150947090642127,-0.13623170061489986,-6.150947090642127,0.018954085157196654,-4.1311949658327105,-6.229250111825502,0.001970929319208858,-0.0579286794315248
47,FR,2022,0.00204,47.0,-6.194805471126012,-6.046710559418147,-0.14809491170786426,-6.046710559418147,0.01798657493397922,-4.1311949658327105,-6.1210166072379755,0.0021962221324546907,-0.07378886388803618
48,FR,2022,0.00225,48.0,-6.0968250627658085,-5.950188915889004,-0.14663614687680493,-5.950188915889004,0.017220232470692053,-4.1311949658327105,-6.021329053582395,0.0024264425788590024,-0.07549600918341337
49,FR,2022,0.00236,49.0,-6.049093659944618,-5.853018983780143,-0.19607467616447494,-5.853018983780143,0.016495468408212678,-4.1311949658327105,-5.9211649798272035,0.0026820737943555836,-0.12792868011741465
50,FR,2022,0.00275,50.0,-5.896154367303657,-5.752765937855305,-0.14338842944835228,-5.752765937855305,0.015773513858200243,-4.1311949658327105,-5.817929398899794,0.002973756237290486,-0.0782249684038625
51,FR,2022,0.00295,51.0,-5.825950108630408,-5.664254737397501,-0.16169537123290745,-5.664254737397501,0.015010303509196268,-4.1311949658327105,-5.726265227690313,0.0032592270019366383,-0.09968488094009498
52,FR,2022,0.00332,52.0,-5.70779049605374,-5.582167467137789,-0.12562302891595056,-5.582167467137789,0.01375066533335655,-4.1311949658327105,-5.638974146539802,0.0035565149986844613,-0.06881634951393778
53,FR,2022,0.00366,53.0,-5.610292131568862,-5.493506907215805,-0.11678522435305716,-5.493506907215805,0.01295815778978835,-4.1311949658327105,-5.5470395834434445,0.0038989827880515585,-0.06325254812541736
54,FR,2022,0.00397,54.0,-5.528989184283038,-5.4110136553290165,-0.11797552895402141,-5.4110136553290165,0.012093797968350164,-4.1311949658327105,-5.460975492613662,0.004249408455758054,-0.06801369166937565
55,FR,2022,0.00423,55.0,-5.46555328592395,-5.326980568060005,-0.1385727178639451,-5.326980568060005,0.011123008713019614,-4.1311949658327105,-5.372931885660145,0.004640505913247586,-0.0926214002638055
56,FR,2022,0.00463,56.0,-5.3751984108839945,-5.25008143585457,-0.12511697502942454,-5.25008143585457,0.0097378469097369,-4.1311949658327105,-5.290310379986125,0.005040195641037249,-0.08488803089786945
57,FR,2022,0.00513,57.0,-5.272649619799459,-5.172600340841025,-0.1000492789584344,-5.172600340841025,0.009929976269879456,-4.1311949658327105,-5.213623008817989,0.005441921797950325,-0.05902661098147011
58,FR,2022,0.00551,58.0,-5.201190655817314,-5.102985875472896,-0.09820478034441749,-5.102985875472896,0.00935670774989911,-4.1311949658327105,-5.1416402594260475,0.005848089458175388,-0.05955039639126625
59,FR,2022,0.00584,59.0,-5.1430244821420015,-5.0302681737194455,-0.11275630842255602,-5.0302681737194455,0.008908196402758034,-4.1311949658327105,-5.0670696698531685,0.006300856705352582,-0.07595481228883294
60,FR,2022,0.00667,60.0,-5.010135419054604,-4.953982695108957,-0.05615272394564741,-4.953982695108957,0.008778985536951035,-4.1311949658327105,-4.990250395964328,0.0068039605946405655,-0.019885023090276732
61,FR,2022,0.00715,61.0,-4.940642922276221,-4.88408760242258,-0.05655531985364082,-4.88408760242258,0.00800832928859658,-4.1311949658327105,-4.917171572064361,0.007319805136467897,-0.023471350211860198
62,FR,2022,0.00797,62.0,-4.832070786180013,-4.814965958824859,-0.01710482735515484,-4.814965958824859,0.007443410213112718,-4.1311949658327105,-4.845716137625898,0.007861985175085337,0.013645351445884302
63,FR,2022,0.00855,63.0,-4.761823996033468,-4.748481591345951,-0.013342404687517018,-4.748481591345951,0.007222264733534511,-4.1311949658327105,-4.778318175055039,0.008410131448841512,0.016494179021571576
64,FR,2022,0.00929,64.0,-4.6788167261563895,-4.690926505238551,0.012109779082161154,-4.690926505238551,0.007559181092484768,-4.1311949658327105,-4.722154956113641,0.008895987415373856,0.043338229957251784
65,FR,2022,0.00991,65.0,-4.61421093064024,-4.619343757405519,0.005132826765279042,-4.619343757405519,0.007919647211399497,-4.1311949658327105,-4.652061364096424,0.009541912288352468,0.03785043345618355
66,FR,2022,0.01112,66.0,-4.499009990159701,-4.560324136429761,0.06131414627006038,-4.560324136429761,0.007934399503536919,-4.1311949658327105,-4.593102687715678,0.010121406043026944,0.09409269755597727
67,FR,2022,0.01159,67.0,-4.457612621630477,-4.495665688730098,0.03805306709962064,-4.495665688730098,0.008404693358453006,-4.1311949658327105,-4.530387115621906,0.010776503512304391,0.07277449399142899
68,FR,2022,0.01222,68.0,-4.404681325238688,-4.417567476370841,0.012886151132152968,-4.417567476370841,0.009200825359483569,-4.1311949658327105,-4.4555778797774455,0.01161360666666833,0.050896554538757854
69,FR,2022,0.01329,69.0,-4.320743406256983,-4.348424688891062,0.027681282634079096,-4.348424688891062,0.009487510691631477,-4.1311949658327105,-4.387619445298614,0.012430285000307283,0.06687603904163097
70,FR,2022,0.01426,70.0,-4.250296863995987,-4.270002935234258,0.019706071238270617,-4.270002935234258,0.009992018752246168,-4.1311949658327105,-4.311281912802043,0.013416339988007555,0.06098504880605571
71,FR,2022,0.01546,71.0,-4.169499235822861,-4.192617050716458,0.0231178148935971,-4.192617050716458,0.010527324752195758,-4.1311949658327105,-4.236107481736415,0.014463782948999701,0.06660824591355397
72,FR,2022,0.01642,72.0,-4.1092551749578545,-4.107034005143146,-0.0022211698147085457,-4.107034005143146,0.011559102396732036,-4.1311949658327105,-4.15478691077407,0.015689133958858764,0.0455317358162155
73,FR,2022,0.01795,73.0,-4.0201651640478495,-4.021059358227231,0.0008941941793816355,-4.021059358227231,0.01169743913549465,-4.1311949658327105,-4.069383759896922,0.0170879155223902,0.049218595849072067
74,FR,2022,0.01958,74.0,-3.933246641879773,-3.933318769422809,7.212754303598246e-05,-3.933318769422809,0.012327970030389813,-4.1311949658327105,-3.984248017151292,0.018606430780113,0.051001375271519045
75,FR,2022,0.02108,75.0,-3.8594305553089754,-3.8366256838237844,-0.022804871485190947,-3.8366256838237844,0.012695972475206428,-4.1311949658327105,-3.889075221399708,0.02046426220171272,0.029644666090732574
76,FR,2022,0.0236,76.0,-3.7465085669505727,-3.732175490169328,-0.014333076781244625,-3.732175490169328,0.01295867437417588,-4.1311949658327105,-3.785710300507789,0.022692738387228673,0.03920173355721612
77,FR,2022,0.02644,77.0,-3.6328772639986515,-3.630336016335675,-0.002541247662976698,-3.630336016335675,0.013218506789362525,-4.1311949658327105,-3.684944245039715,0.025098574054403498,0.05206698104106344
78,FR,2022,0.02881,78.0,-3.5470327298857,-3.5209399877050602,-0.02609274218063984,-3.5209399877050602,0.013120427703430103,-4.1311949658327105,-3.5751430325830427,0.028011418942068895,0.028110302697342604
79,FR,2022,0.03193,79.0,-3.4442092722554465,-3.403718433545346,-0.04049083871010062,-3.403718433545346,0.012917105267199382,-4.1311949658327105,-3.457081513798331,0.03152162332791939,0.012872241542884577
80,FR,2022,0.03588,80.0,-3.3275752417915414,-3.2760506992837977,-0.05152454250774374,-3.2760506992837977,0.013361763206868073,-4.1311949658327105,-3.3312507481786597,0.03574836489186257,0.0036755063871183324
81,FR,2022,0.04071,81.0,-3.2012815164672497,-3.1503092060021,-0.05097231046514983,-3.1503092060021,0.01261299801953086,-4.1311949658327105,-3.2024159599244437,0.04066384299306508,0.0011344434571940454
82,FR,2022,0.04534,82.0,-3.093565633902754,-3.0292100300712823,-0.06435560383147187,-3.0292100300712823,0.01222347467468327,-4.1311949658327105,-3.0797075871123174,0.04597269769306818,-0.013858046790436784
83,FR,2022,0.0515,83.0,-2.966173471312447,-2.8995439302807133,-0.06662954103173346,-2.8995439302807133,0.011605682635583328,-4.1311949658327105,-2.947489267959887,0.05247128203215293,-0.018684203352559603
84,FR,2022,0.05911,84.0,-2.828355164145859,-2.7677715987687788,-0.060583565377080095,-2.7677715987687788,0.010462248076074009,-4.1311949658327105,-2.8109931853519488,0.06014522735960558,-0.017361978793910104
85,FR,2022,0.06705,85.0,-2.7023166692544494,-2.636244978741484,-0.06607169051296546,-2.636244978741484,0.009737743869726704,-4.1311949658327105,-2.6764734971946673,0.06880536914464705,-0.025843172059782038
20,FR,2023,0.0004,20.0,-7.824046010856292,-7.77602062301884,-0.048025387837451916,-7.77602062301884,0.027065368019014283,-9.459149146552763,-8.032035975817035,0.00032488607491293326,0.20798996496074285
21,FR,2023,0.00038,21.0,-7.875339305243843,-7.73687186427873,-0.13846744096511276,-7.73687186427873,0.023695264288118734,-9.459149146552763,-7.961008903247031,0.00034880103338515855,0.08566959800318763
22,FR,2023,0.00042,22.0,-7.77525584668686,-7.7317418350689575,-0.04351401161790225,-7.7317418350689575,0.024368876838677903,-9.459149146552763,-7.962250675619987,0.00034836817071231933,0.1869948289331269
23,FR,2023,0.00039,23.0,-7.849363818840582,-7.6903345955130415,-0.15902922332754077,-7.6903345955130415,0.023859905728048508,-9.459149146552763,-7.916029002417341,0.0003648482652647097,0.06666518357675866
24,FR,2023,0.00043,24.0,-7.751725349276666,-7.676073101708835,-0.07565224756783095,-7.676073101708835,0.022773052801918214,-9.459149146552763,-7.891486804684501,0.00037391322556173934,0.13976145540783502
25,FR,2023,0.00042,25.0,-7.77525584668686,-7.647622225504298,-0.12763362118256172,-7.647622225504298,0.021477049735121993,-9.459149146552763,-7.8507768421767485,0.0003894493100593908,0.07552099548988878
26,FR,2023,0.00042,26.0,-7.77525584668686,-7.598603886727846,-0.17665195995901417,-7.598603886727846,0.020228418997948437,-9.459149146552763,-7.789947519028401,0.0004138746039501494,0.014691672341541562
27,FR,2023,0.00045,27.0,-7.706262975199909,-7.610017659896407,-0.09624531530350211,-7.610017659896407,0.021844882459629948,-9.459149146552763,-7.816651661170961,0.0004029687021585835,0.11038868597105189
28,FR,2023,0.00048,28.0,-7.641724454062337,-7.540022071635147,-0.10170238242718987,-7.540022071635147,0.01993958347081985,-9.459149146552763,-7.7286335656057705,0.0004400449990972137,0.0869091115434335
29,FR,2023,0.00046,29.0,-7.6842840684811335,-7.522165723461602,-0.1621183450195316,-7.522165723461602,0.019123715743917843,-9.459149146552763,-7.7030598029196,0.0004514437385633782,0.01877573443846625
30,FR,2023,0.0005,30.0,-7.600902459542082,-7.483520175967049,-0.11738228357503289,-7.483520175967049,0.018652436174824778,-9.459149146552763,-7.659956351691273,0.0004713279830161053,0.059053892149190546
31,FR,2023,0.00057,31.0,-7.469874197135678,-7.434974497756649,-0.03489969937902959,-7.434974497756649,0.019107855853761156,-9.459149146552763,-7.615718556148207,0.0004926465608457965,0.14584435901252846
32,FR,2023,0.00057,32.0,-7.469874197135678,-7.370736280916335,-0.09913791621934376,-7.370736280916335,0.018541998976225594,-9.459149146552763,-7.546127814707681,0.0005281512723082392,0.07625361757200277
33,FR,2023,0.00063,33.0,-7.369790738578696,-7.310007884633488,-0.0597828539452081,-7.310007884633488,0.018290514561482833,-9.459149146552763,-7.483020589837749,0.0005625555968993599,0.11322985125905305
34,FR,2023,0.00065,34.0,-7.338538195074591,-7.237925810610667,-0.10061238446392373,-7.237925810610667,0.017506366593865882,-9.459149146552763,-7.403521143236273,0.0006091042374537356,0.06498294816168215
35,FR,2023,0.0007,35.0,-7.264430222920869,-7.175930850927135,-0.08849937199373414,-7.175930850927135,0.02028229426963641,-9.459149146552763,-7.367784097457898,0.000631265453136629,0.10335387453702882
36,FR,2023,0.00076,36.0,-7.182192124683898,-7.07663964675468,-0.1055524779292174,-7.07663964675468,0.02041717609479281,-9.459149146552763,-7.269768760586757,0.0006962729809014594,0.08757663590285958
37,FR,2023,0.00089,37.0,-7.024289095238089,-6.97700817216001,-0.04728092307807863,-6.97700817216001,0.019651752990632196,-9.459149146552763,-7.162897034689615,0.0007748066569101582,0.13860793945152583
38,FR,2023,0.00096,38.0,-6.9485772735023925,-6.898518252238512,-0.05005902126388051,-6.898518252238512,0.0202674338985073,-9.459149146552763,-7.090230932302392,0.0008332049294549665,0.14165365879999925
39,FR,2023,0.00104,39.0,-6.868534565828856,-6.809932685090125,-0.05860188073873118,-6.809932685090125,0.020335399475374303,-9.459149146552763,-7.002288261682422,0.0009097977265454248,0.13375369585356545
40,FR,2023,0.00113,40.0,-6.785537646257888,-6.737658000327092,-0.04787964593079597,-6.737658000327092,0.020319399669134045,-9.459149146552763,-6.929862232365846,0.0009781356145428498,0.14432458610795784
41,FR,2023,0.00121,41.0,-6.717134919373487,-6.637116448233414,-0.08001847114007354,-6.637116448233414,0.020495343107482796,-9.459149146552763,-6.830984955496866,0.0010797940445773661,0.1138500361233783
42,FR,2023,0.00124,42.0,-6.6926438993651916,-6.548287899120462,-0.14435600024472972,-6.548287899120462,0.020240987592618713,-9.459149146552763,-6.739750419632566,0.001182942358964289,0.047106520267374385
43,FR,2023,0.00131,43.0,-6.6377281417690766,-6.448116742631472,-0.18961139913760494,-6.448116742631472,0.01964334143697972,-9.459149146552763,-6.633926039020523,0.0013149902352826857,-0.0038021027485539705
44,FR,2023,0.00147,44.0,-6.522492878191493,-6.351297175582103,-0.17119570260938932,-6.351297175582103,0.02027819283182161,-9.459149146552763,-6.543111626000861,0.0014400007767266583,0.02061874780936801
45,FR,2023,0.00165,45.0,-6.406979991069647,-6.248201457920508,-0.1587785331491398,-6.248201457920508,0.019317153767295814,-9.459149146552763,-6.430925296492252,0.0016109595294416682,0.023945305422604868
46,FR,2023,0.0017,46.0,-6.3771270279199666,-6.150947090642127,-0.22617993727783947,-6.150947090642127,0.018954085157196654,-9.459149146552763,-6.3302366090805124,0.0017816121736085704,-0.04689041883945411
47,FR,2023,0.0019,47.0,-6.2659013928097425,-6.046710559418147,-0.21919083339159506,-6.046710559418147,0.01798657493397922,-9.459149146552763,-6.216848254354304,0.0019955247026892152,-0.04905313845543802
48,FR,2023,0.00213,48.0,-6.151633299260803,-5.950188915889004,-0.2014443833717996,-5.950188915889004,0.017220232470692053,-9.459149146552763,-6.113077663167591,0.0022137272111098765,-0.03855563609321244
49,FR,2023,0.00237,49.0,-6.044865323835097,-5.853018983780143,-0.19184634005495393,-5.853018983780143,0.016495468408212678,-9.459149146552763,-6.009052079695676,0.002456415563341225,-0.035813244139420775
50,FR,2023,0.00265,50.0,-5.933195638984007,-5.752765937855305,-0.18042970112870194,-5.752765937855305,0.015773513858200243,-9.459149146552763,-5.901969958005238,0.002734053539558058,-0.031225680978768544
51,FR,2023,0.00277,51.0,-5.88890795878289,-5.664254737397501,-0.22465322138538912,-5.664254737397501,0.015010303509196268,-9.459149146552763,-5.806239437026012,0.0030087233180448587,-0.08266852175687767
52,FR,2023,0.00319,52.0,-5.747734362185384,-5.582167467137789,-0.16556689504759525,-5.582167467137789,0.01375066533335655,-9.459149146552763,-5.712237061390342,0.0033052701759148403,-0.03549730079504254
53,FR,2023,0.00351,53.0,-5.652139241504362,-5.493506907215805,-0.1586323342885576,-5.493506907215805,0.01295815778978835,-9.459149146552763,-5.6160800544139775,0.003638877389374516,-0.0360591870903848
54,FR,2023,0.00371,54.0,-5.596723402362794,-5.4110136553290165,-0.18570974703377718,-5.4110136553290165,0.012093797968350164,-9.459149146552763,-5.525410694059917,0.003984232055634273,-0.07131270830287662
55,FR,2023,0.00425,55.0,-5.4608362960458114,-5.326980568060005,-0.13385572798580636,-5.326980568060005,0.011123008713019614,-9.459149146552763,-5.432194766434863,0.004373486480086962,-0.028641529610948346
56,FR,2023,0.00447,56.0,-5.410366870356659,-5.25008143585457,-0.16028543450208943,-5.25008143585457,0.0097378469097369,-9.459149146552763,-5.342193182140069,0.0047853640180648685,-0.0681736882165902
57,FR,2023,0.00477,57.0,-5.345408974081887,-5.172600340841025,-0.17280863324086226,-5.172600340841025,0.009929976269879456,-9.459149146552763,-5.266529467399544,0.005161492653431097,-0.07887950668234289
58,FR,2023,0.00522,58.0,-5.2552578770875895,-5.102985875472896,-0.15227200161469323,-5.102985875472896,0.00935670774989911,-9.459149146552763,-5.1914923695998985,0.005563697523148382,-0.06376550748769105
59,FR,2023,0.00565,59.0,-5.176099733823787,-5.0302681737194455,-0.14583156010434184,-5.0302681737194455,0.008908196402758034,-9.459149146552763,-5.114532132119918,0.006008788495998494,-0.0615676017038691
60,FR,2023,0.0061,60.0,-5.099466507802871,-4.953982695108957,-0.14548381269391442,-4.953982695108957,0.008778985536951035,-9.459149146552763,-5.037024428658406,0.006493040106069259,-0.06244207914446509
61,FR,2023,0.00685,61.0,-4.983506626708003,-4.88408760242258,-0.09941902428542271,-4.88408760242258,0.00800832928859658,-9.459149146552763,-4.959839583578122,0.007014052911613377,-0.02366704312988066
62,FR,2023,0.00759,62.0,-4.880923687574598,-4.814965958824859,-0.06595772874973971,-4.814965958824859,0.007443410213112718,-9.459149146552763,-4.885374286189666,0.007556295015824773,0.004450598615068024
63,FR,2023,0.00809,63.0,-4.8171265479117364,-4.748481591345951,-0.06864495656578562,-4.748481591345951,0.007222264733534511,-9.459149146552763,-4.816798070636342,0.0080926578176504,-0.00032847727539486726
64,FR,2023,0.00866,64.0,-4.7490405564077935,-4.690926505238551,-0.05811405116924284,-4.690926505238551,0.007559181092484768,-9.459149146552763,-4.762429926618166,0.008544820862758122,0.013389370210372675
65,FR,2023,0.00952,65.0,-4.654360430178863,-4.619343757405519,-0.035016672773343416,-4.619343757405519,0.007919647211399497,-9.459149146552763,-4.694256881566228,0.009147662639464918,0.03989645138736542
66,FR,2023,0.01009,66.0,-4.596210444616619,-4.560324136429761,-0.035886308186857896,-4.560324136429761,0.007934399503536919,-9.459149146552763,-4.635376804722052,0.009702450420343537,0.039166360105432396
67,FR,2023,0.01111,67.0,-4.499909675330598,-4.495665688730098,-0.004243986600500627,-4.495665688730098,0.008404693358453006,-9.459149146552763,-4.575166936738746,0.01030457882162676,0.07525726140814815
68,FR,2023,0.0119,68.0,-4.431216878864653,-4.417567476370841,-0.013649402493812524,-4.417567476370841,0.009200825359483569,-9.459149146552763,-4.504599455717581,0.011058018526022716,0.0733825768529277
69,FR,2023,0.01285,69.0,-4.354411467640908,-4.348424688891062,-0.005986778749845989,-4.348424688891062,0.009487510691631477,-9.459149146552763,-4.438168467552718,0.011817562960784381,0.0837569999118104
70,FR,2023,0.01384,70.0,-4.280192328792613,-4.270002935234258,-0.010189393558355242,-4.270002935234258,0.009992018752246168,-9.459149146552763,-4.364518930886907,0.01272077327463451,0.08432660209429343
71,FR,2023,0.01456,71.0,-4.229477236213597,-4.192617050716458,-0.03686018549713932,-4.192617050716458,0.010527324752195758,-9.459149146552763,-4.292196585661674,0.013674854293821063,0.06271934944807711
72,FR,2023,0.0159,72.0,-4.141436169755951,-4.107034005143146,-0.03440216461280521,-4.107034005143146,0.011559102396732036,-9.459149146552763,-4.2163732787141095,0.014752049175192265,0.0749371089581583
73,FR,2023,0.01686,73.0,-4.082811326408428,-4.021059358227231,-0.06175196818119666,-4.021059358227231,0.01169743913549465,-9.459149146552763,-4.131707179642598,0.016055445882409328,0.04889585323417034
74,FR,2023,0.01808,74.0,-4.012948924018107,-3.933318769422809,-0.07963015459529821,-3.933318769422809,0.012327970030389813,-9.459149146552763,-4.049930876614499,0.01742357897463544,0.03698195259639192
75,FR,2023,0.02009,75.0,-3.907533100155294,-3.8366256838237844,-0.07090741633150976,-3.8366256838237844,0.012695972475206428,-9.459149146552763,-3.956718781027291,0.019125767276773762,0.049185680871996595
76,FR,2023,0.02241,76.0,-3.7982479911693012,-3.732175490169328,-0.0660725009999732,-3.732175490169328,0.01295867437417588,-9.459149146552763,-3.854753523816269,0.02117882274226267,0.05650553264696789
77,FR,2023,0.02417,77.0,-3.7226430842667453,-3.630336016335675,-0.09230706793107046,-3.630336016335675,0.013218506789362525,-9.459149146552763,-3.755371843550975,0.02339175092012399,0.0327287592842298
78,FR,2023,0.02745,78.0,-3.5953891110265976,-3.5209399877050602,-0.07444912332153741,-3.5209399877050602,0.013120427703430103,-9.459149146552763,-3.6450480702183685,0.02612015422222195,0.04965895919177088
79,FR,2023,0.03055,79.0,-3.4883905933645325,-3.403718433545346,-0.08467215981918663,-3.403718433545346,0.012917105267199382,-9.459149146552763,-3.525903258809507,0.02942521677554706,0.03751266544497467
80,FR,2023,0.03318,80.0,-3.4058079942198387,-3.2760506992837977,-0.12975729493604105,-3.2760506992837977,0.013361763206868073,-9.459149146552763,-3.402441610318484,0.03329188483584044,-0.003366383901354908
81,FR,2023,0.03727,81.0,-3.2895665654909703,-3.1503092060021,-0.1392573594888704,-3.1503092060021,0.01261299801953086,-9.459149146552763,-3.269617435454017,0.038020969768274786,-0.0199491300369532
82,FR,2023,0.04287,82.0,-3.149582998372251,-3.0292100300712823,-0.12037296830096889,-3.0292100300712823,0.01222347467468327,-9.459149146552763,-3.144833700108222,0.04307408666719412,-0.004749298264029367
83,FR,2023,0.04845,83.0,-3.0272229406453617,-2.8995439302807133,-0.12767901036464835,-2.8995439302807133,0.011605682635583328,-9.459149146552763,-3.0093238132782534,0.04932502041045269,-0.017899127367108303
84,FR,2023,0.05566,84.0,-2.888493522884392,-2.7677715987687788,-0.12072192411561344,-2.7677715987687788,0.010462248076074009,-9.459149146552763,-2.8667355637285974,0.056884319048636646,-0.021757959155794815
85,FR,2023,0.0631,85.0,-2.7630345094349695,-2.636244978741484,-0.12678953069348564,-2.636244978741484,0.009737743869726704,-9.459149146552763,-2.7283557503561586,0.06532661467230594,-0.034678759078810906
20,FR,2024,0.0003096107544641,20.0,-8.080194680210855,-7.77602062301884,-0.3041740571920153,-7.77602062301884,0.027065368019014283,-15.00488579792887,-8.182133379223066,0.00027960480032068904,0.10193869901221042
21,FR,2024,0.0003332390050787,21.0,-8.00665059246189,-7.73687186427873,-0.2697787281831596,-7.73687186427873,0.023695264288118734,-15.00488579792887,-8.092416598873694,0.00030584974718510813,0.08576600641180399
22,FR,2024,0.0003342767969496,22.0,-8.00354117481544,-7.7317418350689575,-0.27179933974648307,-7.7317418350689575,0.024368876838677903,-15.00488579792887,-8.097394049057113,0.0003043311777419726,0.09385287424167288
23,FR,2024,0.0003453339860151,23.0,-7.970998533809626,-7.6903345955130415,-0.2806639382965841,-7.6903345955130415,0.023859905728048508,-15.00488579792887,-8.048349756111758,0.00031962895322352965,0.07735122230213243
24,FR,2024,0.0003645380445299,24.0,-7.9168796373945804,-7.676073101708835,-0.24080653568574562,-7.676073101708835,0.022773052801918214,-15.00488579792887,-8.017780158271822,0.0003295507619843223,0.100900520877242
25,FR,2024,0.0003779721830874,25.0,-7.880689954768416,-7.647622225504298,-0.23306772926411767,-7.647622225504298,0.021477049735121993,-15.00488579792887,-7.969882904056242,0.0003457194658711699,0.08919294928782584
26,FR,2024,0.0003962680493123,26.0,-7.833419683495215,-7.598603886727846,-0.23481579676736963,-7.598603886727846,0.020228418997948437,-15.00488579792887,-7.902129003664717,0.00036995506573339485,0.06870932016950171
27,FR,2024,0.0003929785584677,27.0,-7.841755506189749,-7.610017659896407,-0.23173784629334193,-7.610017659896407,0.021844882459629948,-15.00488579792887,-7.937797626472333,0.0003569918425404922,0.09604212028258452
28,FR,2024,0.0004379062674588,28.0,-7.733505671724976,-7.540022071635147,-0.193483600089829,-7.540022071635147,0.01993958347081985,-15.00488579792887,-7.839213244473069,0.00039397888381802323,0.10570757274809317
29,FR,2024,0.0004480029566329,29.0,-7.7107107259440575,-7.522165723461602,-0.18854500248245554,-7.522165723461602,0.019123715743917843,-15.00488579792887,-7.8091148942311435,0.0004060172570440928,0.09840416828708598
30,FR,2024,0.0004596947749809,30.0,-7.684947821366567,-7.483520175967049,-0.20142764539951763,-7.483520175967049,0.018652436174824778,-15.00488579792887,-7.763397850623452,0.0004250100039447103,0.07845002925688505
31,FR,2024,0.0004876148592275,31.0,-7.625984686605942,-7.434974497756649,-0.191010188849293,-7.434974497756649,0.019107855853761156,-15.00488579792887,-7.721685692685622,0.0004431130216034712,0.0957010060796799
32,FR,2024,0.0005186311448338,32.0,-7.56431763106367,-7.370736280916335,-0.19358135014733513,-7.370736280916335,0.018541998976225594,-15.00488579792887,-7.648956858019914,0.0004765409697302732,0.08463922695624415
33,FR,2024,0.0005490048381337,33.0,-7.507403303863884,-7.310007884633488,-0.19739541923039639,-7.310007884633488,0.018290514561482833,-15.00488579792887,-7.584454966813893,0.0005082917486793249,0.07705166295000865
34,FR,2024,0.0005904011530444,34.0,-7.434708331691436,-7.237925810610667,-0.19678252108076855,-7.237925810610667,0.017506366593865882,-15.00488579792887,-7.500606842088302,0.0005527488370917332,0.0658985103968659
35,FR,2024,0.0006125116288738,35.0,-7.397942629809214,-7.175930850927135,-0.22201177888207901,-7.175930850927135,0.02028229426963641,-15.00488579792887,-7.480264360163017,0.0005641082681055028,0.08232173035380264
36,FR,2024,0.000672181070411,36.0,-7.304982803719891,-7.07663964675468,-0.22834315696521124,-7.07663964675468,0.02041717609479281,-15.00488579792887,-7.382997042373249,0.0006217347255978693,0.07801423865335799
37,FR,2024,0.0007656303756851,37.0,-7.174811042952844,-6.97700817216001,-0.19780287079283365,-6.97700817216001,0.019651752990632196,-15.00488579792887,-7.271880481513554,0.0006948041980524861,0.09706943856070982
38,FR,2024,0.0008166528641166,38.0,-7.11029644431815,-6.898518252238512,-0.21177819207963822,-6.898518252238512,0.0202674338985073,-15.00488579792887,-7.2026287833026865,0.0007446257734518728,0.0923323389845363
39,FR,2024,0.0008947272248574,39.0,-7.018991662838917,-6.809932685090125,-0.2090589777487919,-6.809932685090125,0.020335399475374303,-15.00488579792887,-7.115063031873379,0.0008127694793369961,0.0960713690344619
40,FR,2024,0.0009353052575206,40.0,-6.974637603326481,-6.737658000327092,-0.23697960299938892,-6.737658000327092,0.020319399669134045,-15.00488579792887,-7.042548271844922,0.0008738967958391617,0.06791066851844096
41,FR,2024,0.0010253935324666,41.0,-6.882678805961852,-6.637116448233414,-0.24556235772843849,-6.637116448233414,0.020495343107482796,-15.00488579792887,-6.944646730950562,0.0009637807461741684,0.06196792498870973
42,FR,2024,0.0011033826435159,42.0,-6.809374687251565,-6.548287899120462,-0.2610867881311032,-6.548287899120462,0.020240987592618713,-15.00488579792887,-6.852001606385,0.0010573372005292952,0.042626919133435415
43,FR,2024,0.0012260886529962,43.0,-6.703926133318793,-6.448116742631472,-0.2558093906873218,-6.448116742631472,0.01964334143697972,-15.00488579792887,-6.742862837583076,0.0011792662716594525,0.03893670426428297
44,FR,2024,0.0013252587746341,44.0,-6.626147537002187,-6.351297175582103,-0.2748503614200839,-6.351297175582103,0.02027819283182161,-15.00488579792887,-6.655569143211967,0.0012868355411185626,0.029421606209779405
45,FR,2024,0.001483811530819,45.0,-6.513141143098054,-6.248201457920508,-0.26493968517754674,-6.248201457920508,0.019317153767295814,-15.00488579792887,-6.538053144139813,0.0014473034491818302,0.02491200104175828
46,FR,2024,0.0016115997597691,46.0,-6.430527953710694,-6.150947090642127,-0.279580863068567,-6.150947090642127,0.018954085157196654,-15.00488579792887,-6.435350973830081,0.0016038456957376893,0.004823020119387067
47,FR,2024,0.0018120121109775,47.0,-6.313317387621269,-6.046710559418147,-0.26660682820312154,-6.046710559418147,0.01798657493397922,-15.00488579792887,-6.316597062198396,0.001806079035520195,0.0032796745771266345
48,FR,2024,0.0020066984423385,48.0,-6.211264473402482,-5.950188915889004,-0.261075557513478,-5.950188915889004,0.017220232470692053,-15.00488579792887,-6.208576537525524,0.002012099574772788,-0.002687935876957148
49,FR,2024,0.0022324898326444,49.0,-6.10463779947062,-5.853018983780143,-0.2516188156904766,-5.853018983780143,0.016495468408212678,-15.00488579792887,-6.100531603428718,0.0022416757201794944,-0.004106196041901988
50,FR,2024,0.0025046279633661,50.0,-5.989615073093466,-5.752765937855305,-0.23684913523816142,-5.752765937855305,0.015773513858200243,-15.00488579792887,-5.989445711929648,0.0025050521859953127,-0.0001693611638184933
51,FR,2024,0.0027395578667792,51.0,-5.899958734091828,-5.664254737397501,-0.23570399669432707,-5.664254737397501,0.015010303509196268,-15.00488579792887,-5.889482627345242,0.0027684086253825626,-0.010476106746586389
52,FR,2024,0.0030689240517557,52.0,-5.78642825055342,-5.582167467137789,-0.2042607834156307,-5.582167467137789,0.01375066533335655,-15.00488579792887,-5.7884946301103435,0.0030625890373596892,0.002066379556923792
53,FR,2024,0.0033934633279338,53.0,-5.685904248440279,-5.493506907215805,-0.19239734122447416,-5.493506907215805,0.01295815778978835,-15.00488579792887,-5.687942585003121,0.0033865533523781918,0.0020383365628422467
54,FR,2024,0.003745835487121,54.0,-5.5871105928704266,-5.4110136553290165,-0.1760969375414101,-5.4110136553290165,0.012093797968350164,-15.00488579792887,-5.592479712707335,0.0037257775424405616,0.005369119836908354
55,FR,2024,0.0041240475750413,55.0,-5.490920176753979,-5.326980568060005,-0.1639396086939735,-5.326980568060005,0.011123008713019614,-15.00488579792887,-5.4938800435282324,0.004111858990839685,0.002959866774253861
56,FR,2024,0.0045288104971557,56.0,-5.397295957377592,-5.25008143585457,-0.14721452152302206,-5.25008143585457,0.0097378469097369,-15.00488579792887,-5.396196716652887,0.0045337914872406624,-0.0010992407247050195
57,FR,2024,0.0049250508140324,57.0,-5.3134206868412805,-5.172600340841025,-0.14082034600025573,-5.172600340841025,0.009929976269879456,-15.00488579792887,-5.32159850074671,0.0048849389024203105,0.008177813905429154
58,FR,2024,0.0054081947946721,58.0,-5.219839921165298,-5.102985875472896,-0.11685404569240188,-5.102985875472896,0.00935670774989911,-15.00488579792887,-5.243382206704728,0.005282360553187089,0.023542285539430274
59,FR,2024,0.0058231011995307,59.0,-5.1459223070010465,-5.0302681737194455,-0.11565413328160101,-5.0302681737194455,0.008908196402758034,-15.00488579792887,-5.163934643408351,0.005719152531427678,0.018012336407304375
60,FR,2024,0.006381501206371,60.0,-5.054351910499628,-4.953982695108957,-0.10036921539067123,-4.953982695108957,0.008778985536951035,-15.00488579792887,-5.085710370512577,0.006184492248579114,0.03135846001294862
61,FR,2024,0.0070120044536873,61.0,-4.96013167677114,-4.88408760242258,-0.07604407434855975,-4.88408760242258,0.00800832928859658,-15.00488579792887,-5.004251668830181,0.006709360293515295,0.04411999205904049
62,FR,2024,0.0074975192167923,62.0,-4.893183084251057,-4.814965958824859,-0.07821712542619874,-4.814965958824859,0.007443410213112718,-15.00488579792887,-4.926653479019753,0.007250727436936219,0.0334703947686954
63,FR,2024,0.0080443628536554,63.0,-4.822783699479522,-4.748481591345951,-0.07430210813357085,-4.748481591345951,0.007222264733534511,-15.00488579792887,-4.8568508488750455,0.007774929807941792,0.0340671493955238
64,FR,2024,0.0084513787154371,64.0,-4.77342568933227,-4.690926505238551,-0.08249918409371926,-4.690926505238551,0.007559181092484768,-15.00488579792887,-4.804351154257148,0.008194015942264446,0.03092546492487802
65,FR,2024,0.009072463080038,65.0,-4.702511488321758,-4.619343757405519,-0.08316773091623819,-4.619343757405519,0.007919647211399497,-15.00488579792887,-4.738177159372455,0.00875458987175473,0.03566567105069751
66,FR,2024,0.0095938389657237,66.0,-4.646634160937473,-4.560324136429761,-0.08631002450771152,-4.560324136429761,0.007934399503536919,-15.00488579792887,-4.679378894855477,0.009284778920486726,0.03274473391800381
67,FR,2024,0.0101654647318267,67.0,-4.588759114124795,-4.495665688730098,-0.09309342539469778,-4.495665688730098,0.008404693358453006,-15.00488579792887,-4.621777152740297,0.009835301687359061,0.03301803861550123
68,FR,2024,0.0108020546956973,68.0,-4.528018913345521,-4.417567476370841,-0.11045143697468074,-4.417567476370841,0.009200825359483569,-15.00488579792887,-4.555624810136579,0.01050793271772536,0.027605896791057738
69,FR,2024,0.0115360598075738,69.0,-4.462277514023909,-4.348424688891062,-0.113852825132847,-4.348424688891062,0.009487510691631477,-15.00488579792887,-4.490783703325621,0.011211853598628587,0.028506189301712226
70,FR,2024,0.0123897080840959,70.0,-4.3908891442243,-4.270002935234258,-0.12088620899004177,-4.270002935234258,0.009992018752246168,-15.00488579792887,-4.419932035502475,0.012035050213068835,0.029042891278175276
71,FR,2024,0.0131526871783996,71.0,-4.331129193067336,-4.192617050716458,-0.13851214235087816,-4.192617050716458,0.010527324752195758,-15.00488579792887,-4.350578356380865,0.012899350001290484,0.01944916331352875
72,FR,2024,0.0141520620445036,72.0,-4.257894937983359,-4.107034005143146,-0.15086093284021285,-4.107034005143146,0.011559102396732036,-15.00488579792887,-4.280477016532676,0.013836060482470314,0.022582078549317153
73,FR,2024,0.01534929807577,73.0,-4.176685533957352,-4.021059358227231,-0.15562617573012094,-4.021059358227231,0.01169743913549465,-15.00488579792887,-4.196578096583552,0.015046978131034772,0.019892562626200316
74,FR,2024,0.0165257488776953,74.0,-4.102835576407652,-3.933318769422809,-0.16951680698484317,-3.933318769422809,0.012327970030389813,-15.00488579792887,-4.118298551849097,0.016272177167682752,0.01546297544144526
75,FR,2024,0.0182085084650928,75.0,-4.005866296060548,-3.8366256838237844,-0.16924061223676334,-3.8366256838237844,0.012695972475206428,-15.00488579792887,-4.027127300907905,0.017825463665899637,0.021261004847357157
76,FR,2024,0.0200261886500752,76.0,-3.910714429483471,-3.732175490169328,-0.178538939314143,-3.732175490169328,0.01295867437417588,-15.00488579792887,-3.9266189192463843,0.01971020180326994,0.015904489762913254
77,FR,2024,0.0221707681144202,77.0,-3.808980609385751,-3.630336016335675,-0.17864459305007596,-3.630336016335675,0.013218506789362525,-15.00488579792887,-3.828678201129207,0.02173833034863414,0.01969759174345631
78,FR,2024,0.024703943345298,78.0,-3.7007923984836415,-3.5209399877050602,-0.17985241077858127,-3.5209399877050602,0.013120427703430103,-15.00488579792887,-3.717810507015011,0.02428708607806609,0.017018108531369425
79,FR,2024,0.0277294356700307,79.0,-3.585260770443945,-3.403718433545346,-0.1815423368985991,-3.403718433545346,0.012917105267199382,-15.00488579792887,-3.5975381229194983,0.02739107296366914,0.012277352475553283
80,FR,2024,0.0309584361112154,80.0,-3.4751097447400823,-3.2760506992837977,-0.1990590454562846,-3.2760506992837977,0.013361763206868073,-15.00488579792887,-3.476542430261821,0.030914114165309512,0.001432685521738808
81,FR,2024,0.0353423127413997,81.0,-3.3426743716342453,-3.1503092060021,-0.19236516563214545,-3.1503092060021,0.01261299801953086,-15.00488579792887,-3.3395658008546634,0.0354523477592835,-0.0031085707795819317
82,FR,2024,0.04000435228444,82.0,-3.218767023676265,-3.0292100300712823,-0.1895569936049828,-3.0292100300712823,0.01222347467468327,-15.00488579792887,-3.2126218716187807,0.04025094200184908,-0.006145152057484449
83,FR,2024,0.0458948159037512,83.0,-3.081403111567604,-2.8995439302807133,-0.1818591812868906,-2.8995439302807133,0.011605682635583328,-15.00488579792887,-3.0736858728346474,0.046250367327702505,-0.0077172387329564884
84,FR,2024,0.0529638710851443,84.0,-2.938145275516646,-2.7677715987687788,-0.1703736767478672,-2.7677715987687788,0.010462248076074009,-15.00488579792887,-2.9247564363398704,0.0536777642734235,-0.01338883917677558
85,FR,2024,0.0609300300555724,85.0,-2.7980291214414947,-2.636244978741484,-0.16178414270001085,-2.636244978741484,0.009737743869726704,-15.00488579792887,-2.782358713436215,0.06189234875735816,-0.015670408005279857
20,FR,2025,0.0002999056601169,20.0,-8.112042599039961,-7.77602062301884,-0.3360219760211214,-7.77602062301884,0.027065368019014283,-16.542791316694665,-8.223757358066935,0.0002682054254860219,0.11171475902697381
21,FR,2025,0.0003240445390447,21.0,-8.03462958543221,-7.73687186427873,-0.29775772115347987,-7.73687186427873,0.023695264288118734,-16.542791316694665,-8.128857676591005,0.00029490488522175914,0.09422809115879538
22,FR,2025,0.0003248580436222,22.0,-8.032122259909345,-7.7317418350689575,-0.3003804248403874,-7.7317418350689575,0.024368876838677903,-16.542791316694665,-8.13487107923344,0.00029313682476331753,0.10274881932409485
23,FR,2025,0.0003356986808624,23.0,-7.9992965834992615,-7.6903345955130415,-0.30896198798622,-7.6903345955130415,0.023859905728048508,-16.542791316694665,-8.085044036808156,0.00030811297607527733,0.08574745330889488
24,FR,2025,0.0003556892810626,24.0,-7.9414530142331134,-7.676073101708835,-0.2653799125242786,-7.676073101708835,0.022773052801918214,-16.542791316694665,-8.052802961855036,0.0003182087443215538,0.11134994762192285
25,FR,2025,0.0003689439713546,25.0,-7.9048657645999025,-7.647622225504298,-0.2572435390956045,-7.647622225504298,0.021477049735121993,-16.542791316694665,-8.002912577370694,0.0003344869885460297,0.09804681277079119
26,FR,2025,0.0003869568530214,26.0,-7.85719736205084,-7.598603886727846,-0.2585934753229946,-7.598603886727846,0.020228418997948437,-16.542791316694665,-7.933238400877569,0.00035862316484352937,0.07604103882672852
27,FR,2025,0.0003835484769689,27.0,-7.866044538447051,-7.610017659896407,-0.2560268785506441,-7.610017659896407,0.021844882459629948,-16.542791316694665,-7.971392991763789,0.0003451977931404207,0.10534845331673814
28,FR,2025,0.0004291558674613,28.0,-7.753690377608062,-7.540022071635147,-0.21366830597291475,-7.540022071635147,0.01993958347081985,-16.542791316694665,-7.869878439934734,0.0003820808051447962,0.116188062326672
29,FR,2025,0.0004392295125551,29.0,-7.730488473862808,-7.522165723461602,-0.20832275040120596,-7.522165723461602,0.019123715743917843,-16.542791316694665,-7.838525362213023,0.00039424998813626996,0.10803688835021497
30,FR,2025,0.0004501254154235,30.0,-7.70598431308869,-7.483520175967049,-0.2224641371216407,-7.483520175967049,0.018652436174824778,-16.542791316694665,-7.792083535155142,0.0004129915046146409,0.08609922206645226
31,FR,2025,0.0004779326650311,31.0,-7.6460407035314395,-7.434974497756649,-0.21106620577479074,-7.434974497756649,0.019107855853761156,-16.542791316694665,-7.751071769654902,0.0004302811310981294,0.10503106612346258
32,FR,2025,0.0005081312895418,32.0,-7.584770699796763,-7.370736280916335,-0.21403441888042885,-7.370736280916335,0.018541998976225594,-16.542791316694665,-7.677472700574401,0.0004631439242944994,0.09270200077763757
33,FR,2025,0.0005377047659229,33.0,-7.5282009106526795,-7.310007884633488,-0.21819302601919155,-7.310007884633488,0.018290514561482833,-16.542791316694665,-7.612584050099064,0.0004941931871593083,0.08438313944638409
34,FR,2025,0.0005784097158685,34.0,-7.455228089424529,-7.237925810610667,-0.21730227881386188,-7.237925810610667,0.017506366593865882,-16.542791316694665,-7.527529979886546,0.0005380656496439129,0.07230189046201652
35,FR,2025,0.0005983818931464,35.0,-7.421281390541225,-7.175930850927135,-0.2453505396140896,-7.175930850927135,0.02028229426963641,-16.542791316694665,-7.5114566124535225,0.0005467840559058721,0.09017522191229776
36,FR,2025,0.0006565639085389,36.0,-7.328490521603848,-7.07663964675468,-0.25185087484916746,-7.07663964675468,0.02041717609479281,-16.542791316694665,-7.414396730167044,0.0006025157630717322,0.08590620856319653
37,FR,2025,0.0007500609075621,37.0,-7.195356144648478,-6.97700817216001,-0.21834797248846805,-6.97700817216001,0.019651752990632196,-16.542791316694665,-7.302103020891269,0.0006741195958417123,0.10674687624279056
38,FR,2025,0.0007987881894884,38.0,-7.132414741849394,-6.898518252238512,-0.23389648961088216,-6.898518252238512,0.0202674338985073,-16.542791316694665,-7.233798181746422,0.0007217742206581849,0.10138343989702747
39,FR,2025,0.0008753001800963,39.0,-7.040943667472105,-6.809932685090125,-0.2310109823819797,-6.809932685090125,0.020335399475374303,-16.542791316694665,-7.146336954952864,0.0007877443458454307,0.10539328748075949
40,FR,2025,0.0009127494550391,40.0,-6.999049134482554,-6.737658000327092,-0.26139113415546245,-6.737658000327092,0.020319399669134045,-16.542791316694665,-7.073797588734091,0.0008470103966314823,0.07474845425153642
41,FR,2025,0.0009998549447783,41.0,-6.9079003447253635,-6.637116448233414,-0.2707838964919498,-6.637116448233414,0.020495343107482796,-16.542791316694665,-6.976166632224558,0.0009338762415351079,0.06826628749919461
42,FR,2025,0.0010742720046467,42.0,-6.836112051789193,-6.548287899120462,-0.2878241526687315,-6.548287899120462,0.020240987592618713,-16.542791316694665,-6.8831303329089595,0.0010249306441664366,0.04701828111976614
43,FR,2025,0.0011943180776278,43.0,-6.730179902815821,-6.448116742631472,-0.2820631601843493,-6.448116742631472,0.01964334143697972,-16.542791316694665,-6.773072440786009,0.0011441738385595058,0.04289253797018766
44,FR,2025,0.0012889506961817,44.0,-6.653926805421713,-6.351297175582103,-0.3026296298396094,-6.351297175582103,0.02027819283182161,-16.542791316694665,-6.6867550878786215,0.0012473236689319802,0.03282828245690883
45,FR,2025,0.0014441861178582,45.0,-6.54020935633365,-6.248201457920508,-0.292007898413142,-6.248201457920508,0.019317153767295814,-16.542791316694665,-6.5677611015253845,0.0014049394102193026,0.027551745191734867
46,FR,2025,0.0015667771587674,46.0,-6.458734534548328,-6.150947090642127,-0.30778744390620094,-6.150947090642127,0.018954085157196654,-16.542791316694665,-6.464500565996491,0.0015577690678232625,0.005766031448162678
47,FR,2025,0.0017640766696247,47.0,-6.340127858835983,-6.046710559418147,-0.29341729941783523,-6.046710559418147,0.01798657493397922,-16.542791316694665,-6.344258715053057,0.001756804552921763,0.004130856217074097
48,FR,2025,0.001955141888594,48.0,-6.237292510892479,-5.950188915889004,-0.28710359500347504,-5.950188915889004,0.017220232470692053,-16.542791316694665,-6.235059628076631,0.0019595123688889086,-0.0022328828158473257
49,FR,2025,0.0021779482210582,49.0,-6.12937202837279,-5.853018983780143,-0.2763530445926472,-5.853018983780143,0.016495468408212678,-16.542791316694665,-6.125900075328335,0.00218552309721288,-0.003471953044455134
50,FR,2025,0.0024472399677472,50.0,-6.012794433229564,-5.752765937855305,-0.2600284953742591,-5.752765937855305,0.015773513858200243,-16.542791316694665,-6.013703885942503,0.002445015330473855,0.000909452712939185
51,FR,2025,0.0026781021440481,51.0,-5.922646890525641,-5.664254737397501,-0.2583921531281401,-5.664254737397501,0.015010303509196268,-16.542791316694665,-5.912567055950384,0.002705233480609395,-0.010079834575257074
52,FR,2025,0.0030081308212654,52.0,-5.806436382728087,-5.582167467137789,-0.22426891559029816,-5.582167467137789,0.01375066533335655,-16.542791316694665,-5.809641854213214,0.0029985037815381576,0.003205471485126843
53,FR,2025,0.0033305150527512,53.0,-5.704628316454176,-5.493506907215805,-0.21112140923837153,-5.493506907215805,0.01295815778978835,-16.542791316694665,-5.707871007381074,0.0033197327131532033,0.0032426909268981063
54,FR,2025,0.0036829737845019,54.0,-5.604034759518503,-5.4110136553290165,-0.19302110418948626,-5.4110136553290165,0.012093797968350164,-16.542791316694665,-5.611078831345699,0.0036571218111005016,0.007044071827196241
55,FR,2025,0.0040585309702447,55.0,-5.506934200833751,-5.326980568060005,-0.17995363277374565,-5.326980568060005,0.011123008713019614,-16.542791316694665,-5.510986180013265,0.004042119159865652,0.004051979179513943
56,FR,2025,0.0044635638490971,56.0,-5.411807762731788,-5.25008143585457,-0.16172632687721844,-5.25008143585457,0.0097378469097369,-16.542791316694665,-5.411172605156268,0.004466399816037275,-0.000635157575520573
57,FR,2025,0.0048579035556329,57.0,-5.327148301289034,-5.172600340841025,-0.15454796044800911,-5.172600340841025,0.009929976269879456,-16.542791316694665,-5.33686986605337,0.004810905946886648,0.009721564764336499
58,FR,2025,0.0053471429456431,58.0,-5.231192889570172,-5.102985875472896,-0.12820701409727597,-5.102985875472896,0.00935670774989911,-16.542791316694665,-5.257771939190777,0.005206893078532173,0.026579049620604422
59,FR,2025,0.0057565357412773,59.0,-5.157419419014223,-5.0302681737194455,-0.12715124529477784,-5.0302681737194455,0.008908196402758034,-16.542791316694665,-5.177634607818402,0.005641334613769603,0.02021518880417883
60,FR,2025,0.0063182214989615,60.0,-5.06431751881831,-4.953982695108957,-0.1103348237093531,-4.953982695108957,0.008778985536951035,-16.542791316694665,-5.099211620819019,0.00610155500876883,0.03489410200070875
61,FR,2025,0.0069576618481299,61.0,-4.967911802437395,-4.88408760242258,-0.08382420001481439,-4.88408760242258,0.00800832928859658,-16.542791316694665,-5.016567722639207,0.006627234223769626,0.04865592020181264
62,FR,2025,0.0074345725777801,62.0,-4.901614188579926,-4.814965958824859,-0.0866482297550677,-4.814965958824859,0.007443410213112718,-16.542791316694665,-4.938100740664936,0.007168199722218672,0.03648655208500973
63,FR,2025,0.0079812014475404,63.0,-4.830666321517148,-4.748481591345951,-0.0821847301711971,-4.748481591345951,0.007222264733534511,-16.542791316694665,-4.867958009666736,0.007689050234441433,0.03729168814958772
64,FR,2025,0.0083757164023463,64.0,-4.782418664350731,-4.690926505238551,-0.09149215911218,-4.690926505238551,0.007559181092484768,-16.542791316694665,-4.81597646057663,0.008099309558917769,0.033557796225899494
65,FR,2025,0.0089896840446355,65.0,-4.711677576318051,-4.619343757405519,-0.09233381891253156,-4.619343757405519,0.007919647211399497,-16.542791316694665,-4.750356828525544,0.008648608582207793,0.03867925220749324
66,FR,2025,0.0095004892990145,66.0,-4.656411976542566,-4.560324136429761,-0.09608784011280491,-4.560324136429761,0.007934399503536919,-16.542791316694665,-4.691581251640058,0.009172171172638608,0.035169275097492125
67,FR,2025,0.0100587781218955,67.0,-4.599309580743406,-4.495665688730098,-0.10364389201330848,-4.495665688730098,0.008404693358453006,-16.542791316694665,-4.634702777039795,0.009708992344984048,0.03539319629638893
68,FR,2025,0.0106725877598176,68.0,-4.540076716380011,-4.417567476370841,-0.12250924000917074,-4.417567476370841,0.009200825359483569,-16.542791316694665,-4.569774810234129,0.010360292486785421,0.029698093854118035
69,FR,2025,0.0113898093769743,69.0,-4.475036237661839,-4.348424688891062,-0.12661154877077685,-4.348424688891062,0.009487510691631477,-16.542791316694665,-4.505374598377631,0.011049450305353268,0.03033836071579188
70,FR,2025,0.0122258777878706,70.0,-4.404200443510089,-4.270002935234258,-0.13419750827583155,-4.270002935234258,0.009992018752246168,-16.542791316694665,-4.435298816285166,0.011851523950106765,0.031098372775076655
71,FR,2025,0.0129565881883699,71.0,-4.346150879786458,-4.192617050716458,-0.15353382906999968,-4.192617050716458,0.010527324752195758,-16.542791316694665,-4.366768387215107,0.012692190610472158,0.020617507428648985
72,FR,2025,0.01392338632706,72.0,-4.274185383039237,-4.107034005143146,-0.1671513778960909,-4.107034005143146,0.011559102396732036,-16.542791316694665,-4.298253823900589,0.013592272803854047,0.024068440861352514
73,FR,2025,0.0150981346288249,73.0,-4.1931840773071825,-4.021059358227231,-0.1721247190799513,-4.021059358227231,0.01169743913549465,-16.542791316694665,-4.2145676527854565,0.014778709920106435,0.021383575478274075
74,FR,2025,0.0162324138307061,74.0,-4.120745182038285,-3.933318769422809,-0.18742641261547632,-3.933318769422809,0.012327970030389813,-16.542791316694665,-4.137257804994014,0.015966574990151697,0.016512622955728418
75,FR,2025,0.017886183197826,75.0,-4.023726752584269,-3.8366256838237844,-0.18710106876048416,-3.8366256838237844,0.012695972475206428,-16.542791316694665,-4.046652507043624,0.017480793639926613,0.022925754459355296
76,FR,2025,0.0196559847456833,76.0,-3.9293734198276984,-3.732175490169328,-0.19719792965837035,-3.732175490169328,0.01295867437417588,-16.542791316694665,-3.9465481360823182,0.019321281231191822,0.01717471625461986
77,FR,2025,0.0217613819615224,77.0,-3.827618349749883,-3.630336016335675,-0.1972823334142082,-3.630336016335675,0.013218506789362525,-16.542791316694665,-3.8490070156704106,0.021300877377771924,0.021388665920527572
78,FR,2025,0.0242447735085204,78.0,-3.7195542102494255,-3.5209399877050602,-0.19861422254436523,-3.5209399877050602,0.013120427703430103,-16.542791316694665,-3.737988485188684,0.02380193295065078,0.018434274939258533
79,FR,2025,0.027215534114296,79.0,-3.60396736155657,-3.403718433545346,-0.20024892801122407,-3.403718433545346,0.012917105267199382,-16.542791316694665,-3.6174034103964026,0.026852310478292778,0.013436048839832626
80,FR,2025,0.030335788896554,80.0,-3.495427111776236,-3.2760506992837977,-0.21937641249243844,-3.2760506992837977,0.013361763206868073,-16.542791316694665,-3.497091559638105,0.030285338555215653,0.0016644478618688119
81,FR,2025,0.034651299115367,81.0,-3.362420061542067,-3.1503092060021,-0.21211085553996734,-3.1503092060021,0.01261299801953086,-16.542791316694665,-3.358963400117082,0.03477128417874461,-0.0034566614249853522
82,FR,2025,0.039234814124097,82.0,-3.238190810916229,-3.0292100300712823,-0.20898078084494687,-3.0292100300712823,0.01222347467468327,-16.542791316694665,-3.23142042077947,0.039501350381757984,-0.006770390136759286
83,FR,2025,0.0450429735376213,83.0,-3.1001382774004966,-2.8995439302807133,-0.2005943471197833,-2.8995439302807133,0.011605682635583328,-16.542791316694665,-3.0915343162089552,0.045432193549730104,-0.008603961191541387
84,FR,2025,0.0520369904055504,84.0,-2.955800459340117,-2.7677715987687788,-0.18802886057133827,-2.7677715987687788,0.010462248076074009,-16.542791316694665,-2.9408463853947615,0.05282100288798607,-0.014954073945355528
85,FR,2025,0.0599189998761322,85.0,-2.814761630898247,-2.636244978741484,-0.17851665215676293,-2.636244978741484,0.009737743869726704,-16.542791316694665,-2.7973344434737957,0.0609723715101583,-0.01742718742445115
20,IT,2004,0.00047,20.0,-7.66277786326017,-8.103498808710839,0.44072094545066864,-8.103498808710839,0.027065368019014283,16.027844682755862,-7.66969929382045,0.000466758159665062,0.006921430560280051
21,IT,2004,0.00052,21.0,-7.5616817463888015,-8.055007618769682,0.4933258723808809,-8.055007618769682,0.023695264288118734,16.027844682755862,-7.6752236030428636,0.00046418675242287114,0.11354185665406202
22,IT,2004,0.00044,22.0,-7.728735831051967,-8.016067251865158,0.2873314208131905,-8.016067251865158,0.024368876838677903,16.027844682755862,-7.625486678801622,0.00048785775571004957,-0.10324915225034559
23,IT,2004,0.00051,23.0,-7.5810998322459024,-8.0579782106576,0.47687837841169767,-8.0579782106576,0.023859905728048508,16.027844682755862,-7.675555347503241,0.000464032786579244,0.09445551525733897
24,IT,2004,0.00046,24.0,-7.6842840684811335,-8.02357600473842,0.33929193625728615,-8.02357600473842,0.022773052801918214,16.027844682755862,-7.6585730514770765,0.0004719804222716112,-0.02571101700405709
25,IT,2004,0.00048,25.0,-7.641724454062337,-7.966418780420314,0.3246943263579771,-7.966418780420314,0.021477049735121993,16.027844682755862,-7.622187963021956,0.0004894697170264417,-0.019536491040381243
26,IT,2004,0.00049,26.0,-7.621105166859602,-7.977270622743386,0.3561654558837839,-7.977270622743386,0.020228418997948437,16.027844682755862,-7.65305266486656,0.0004745931416505407,0.031947498006958064
27,IT,2004,0.0005,27.0,-7.600902459542082,-7.972900795014032,0.3719983354719494,-7.972900795014032,0.021844882459629948,16.027844682755862,-7.622774411838025,0.0004891827522436929,0.02187195229594252
28,IT,2004,0.00051,28.0,-7.5810998322459024,-7.954676995031266,0.3735771627853639,-7.954676995031266,0.01993958347081985,16.027844682755862,-7.6350884481221195,0.0004831958750462596,0.05398861587621706
29,IT,2004,0.0005,29.0,-7.600902459542082,-7.929714242097158,0.3288117825550758,-7.929714242097158,0.019123715743917843,16.027844682755862,-7.62320229639647,0.0004889734832724236,0.022299836854387856
30,IT,2004,0.00053,30.0,-7.542633551418106,-7.870304959748891,0.3276714083307848,-7.870304959748891,0.018652436174824778,16.027844682755862,-7.571346609783783,0.0005149984794733736,0.028713058365676503
31,IT,2004,0.00058,31.0,-7.4524824544238095,-7.8408302970485675,0.38834784262475797,-7.8408302970485675,0.019107855853761156,16.027844682755862,-7.534572551203996,0.0005342895961029917,0.08209009678018653
32,IT,2004,0.00055,32.0,-7.505592279737757,-7.778588484385329,0.2729962046475718,-7.778588484385329,0.018541998976225594,16.027844682755862,-7.481400204686567,0.0005634678925708558,-0.024192075051190365
33,IT,2004,0.00057,33.0,-7.469874197135678,-7.733291312023921,0.2634171148882425,-7.733291312023921,0.018290514561482833,16.027844682755862,-7.4401337854647895,0.0005872066325784158,-0.02974041167088881
34,IT,2004,0.0006,34.0,-7.418580902748128,-7.648546175377929,0.2299652726298005,-7.648546175377929,0.017506366593865882,16.027844682755862,-7.36795685065206,0.0006311564094323307,-0.050624052096067906
35,IT,2004,0.00064,35.0,-7.354042381610556,-7.608556065774183,0.2545136841636264,-7.608556065774183,0.02028229426963641,16.027844682755862,-7.283474603410501,0.0006867950725919906,-0.07056777820005511
36,IT,2004,0.00072,36.0,-7.236259345954173,-7.50778525788188,0.27152591192770625,-7.50778525788188,0.02041717609479281,16.027844682755862,-7.180541930574065,0.0007612551828863391,-0.05571741538010855
37,IT,2004,0.00075,37.0,-7.195437351433918,-7.457084963325983,0.261647611892065,-7.457084963325983,0.019651752990632196,16.027844682755862,-7.142109718648246,0.000791081375580308,-0.05332763278567132
38,IT,2004,0.00079,38.0,-7.143477612503207,-7.370419156757725,0.22694154425451796,-7.370419156757725,0.0202674338985073,16.027844682755862,-7.045575874114429,0.0008712549851108276,-0.09790173838877791
39,IT,2004,0.00093,39.0,-6.980325971816972,-7.264149925721109,0.28382395390413695,-7.264149925721109,0.020335399475374303,16.027844682755862,-6.938217301368015,0.0009699972695497088,-0.0421086704489575
40,IT,2004,0.00103,40.0,-6.878196476740593,-7.173715019720412,0.29551854297981883,-7.173715019720412,0.020319399669134045,16.027844682755862,-6.8480388377766905,0.0010615354961389708,-0.030157638963902222
41,IT,2004,0.00117,41.0,-6.750751530172472,-7.074037880487367,0.32328635031489483,-7.074037880487367,0.020495343107482796,16.027844682755862,-6.745541704440842,0.0011761114019524705,-0.005209825731630424
42,IT,2004,0.00116,42.0,-6.759335273863864,-6.96345930118426,0.20412402732039592,-6.96345930118426,0.020240987592618713,16.027844682755862,-6.639039895824179,0.0013082827287528198,-0.12029537803968537
43,IT,2004,0.00133,43.0,-6.622576336748475,-6.874320564860136,0.2517442281116615,-6.874320564860136,0.01964334143697972,16.027844682755862,-6.559480139257883,0.0014166219651013264,-0.0630961974905917
44,IT,2004,0.00141,44.0,-6.56416557459206,-6.773294033705396,0.20912845911333555,-6.773294033705396,0.02027819283182161,16.027844682755862,-6.448278308549986,0.0015832456840944832,-0.11588726604207444
45,IT,2004,0.00155,45.0,-6.469500348050982,-6.668785327590037,0.19928497953905477,-6.668785327590037,0.019317153767295814,16.027844682755862,-6.359172987294907,0.001730797511662886,-0.11032736075607463
46,IT,2004,0.00177,46.0,-6.336775732396399,-6.563663036502831,0.2268873041064321,-6.563663036502831,0.018954085157196654,16.027844682755862,-6.259869903499554,0.0019114944591969846,-0.0769058288968445
47,IT,2004,0.00181,47.0,-6.3144284337044025,-6.4787021755842575,0.164273741879855,-6.4787021755842575,0.01798657493397922,16.027844682755862,-6.1904161461676885,0.0020489739031958887,-0.124012287536714
48,IT,2004,0.00209,48.0,-6.170591213005418,-6.384418485536626,0.21382727253120848,-6.384418485536626,0.017220232470692053,16.027844682755862,-6.1084152740954245,0.0022240725669642586,-0.06217593890999318
49,IT,2004,0.00223,49.0,-6.10575369351011,-6.2720432452744825,0.16628955176437277,-6.2720432452744825,0.016495468408212678,16.027844682755862,-6.007656439658343,0.002459846228679845,-0.09809725385176638
50,IT,2004,0.00252,50.0,-5.983496377458805,-6.17507269333256,0.19157631587375512,-6.17507269333256,0.015773513858200243,16.027844682755862,-5.92225726311203,0.002679145809366979,-0.0612391143467752
51,IT,2004,0.00273,51.0,-5.903453669785269,-6.088573872844203,0.1851202030589345,-6.088573872844203,0.015010303509196268,16.027844682755862,-5.84799105955778,0.0028856905192785436,-0.05546261022748844
52,IT,2004,0.00307,52.0,-5.786077717383031,-5.973943100096437,0.18786538271340625,-5.973943100096437,0.01375066533335655,16.027844682755862,-5.753549571848843,0.003171503314350782,-0.03252814553418748
53,IT,2004,0.00325,53.0,-5.729100282640491,-5.893241669593349,0.16414138695285807,-5.893241669593349,0.01295815778978835,16.027844682755862,-5.685550329163979,0.003394664552574711,-0.04354995347651247
54,IT,2004,0.00362,54.0,-5.621281253144457,-5.789458492776727,0.1681772396322696,-5.789458492776727,0.012093797968350164,16.027844682755862,-5.595620977315382,0.0037140922522121093,-0.025660275829075374
55,IT,2004,0.00399,55.0,-5.523964048080365,-5.70713256976226,0.18316852168189524,-5.70713256976226,0.011123008713019614,16.027844682755862,-5.528854713705042,0.003970533884089692,0.004890665624676771
56,IT,2004,0.00423,56.0,-5.46555328592395,-5.601670953837083,0.1361176679131324,-5.601670953837083,0.0097378469097369,16.027844682755862,-5.445594256023365,0.004315274867451107,-0.01995902990058518
57,IT,2004,0.00487,57.0,-5.324661341887639,-5.507107058032324,0.1824457161446853,-5.507107058032324,0.009929976269879456,16.027844682755862,-5.347950940675245,0.004757890217202052,0.02328959878760628
58,IT,2004,0.00525,58.0,-5.249527202378605,-5.419994586056584,0.17046738367797865,-5.419994586056584,0.00935670774989911,16.027844682755862,-5.270026727499262,0.005143473099019762,0.020499525120657225
59,IT,2004,0.00593,59.0,-5.127731065972503,-5.324196182067058,0.1964651160945552,-5.324196182067058,0.008908196402758034,16.027844682755862,-5.181416993720168,0.005620037212145993,0.05368592774766512
60,IT,2004,0.0065,60.0,-5.035953102080546,-5.215864959071876,0.17991185699133005,-5.215864959071876,0.008778985536951035,16.027844682755862,-5.075156742413465,0.006250106706038148,0.03920364033291879
61,IT,2004,0.00714,61.0,-4.9420425026306445,-5.134373498820213,0.19233099618956828,-5.134373498820213,0.00800832928859658,16.027844682755862,-5.006017240814222,0.0066975248861565395,0.06397473818357735
62,IT,2004,0.00789,62.0,-4.842159144124354,-5.0391959268163635,0.19703678269200964,-5.0391959268163635,0.007443410213112718,16.027844682755862,-4.919894104010554,0.007299903836399225,0.07773495988620027
63,IT,2004,0.00822,63.0,-4.801185069914048,-4.945108750201136,0.14392368028708802,-4.945108750201136,0.007222264733534511,16.027844682755862,-4.8293514127943,0.007991702901656317,0.028166342880251882
64,IT,2004,0.00895,64.0,-4.716101746695373,-4.857926103297212,0.14182435660183845,-4.857926103297212,0.007559181092484768,16.027844682755862,-4.736768722818041,0.008766928843438668,0.020666976122667435
65,IT,2004,0.01006,65.0,-4.599188114310544,-4.762246394716038,0.16305828040549386,-4.762246394716038,0.007919647211399497,16.027844682755862,-4.635311519269506,0.009703083869887323,0.03612340495896227
66,IT,2004,0.011,66.0,-4.509860006183766,-4.663371166665295,0.15351116048152846,-4.663371166665295,0.007934399503536919,16.027844682755862,-4.536199843771669,0.010714044331963423,0.026339837587903148
67,IT,2004,0.01232,67.0,-4.396531320876764,-4.575834168481627,0.17930284760486348,-4.575834168481627,0.008404693358453006,16.027844682755862,-4.441125048726152,0.011782674976611314,0.04459372784938864
68,IT,2004,0.01366,68.0,-4.293283424839493,-4.487854187069511,0.19457076223001746,-4.487854187069511,0.009200825359483569,16.027844682755862,-4.340384787254546,0.013031512878519953,0.04710136241505314
69,IT,2004,0.01534,69.0,-4.177291483043027,-4.391889527042951,0.21459804399992422,-4.391889527042951,0.009487510691631477,16.027844682755862,-4.239825179251496,0.014410110809279866,0.06253369620846883
70,IT,2004,0.01686,70.0,-4.082811326408428,-4.291435254219737,0.2086239278113089,-4.291435254219737,0.009992018752246168,16.027844682755862,-4.131284729591551,0.01606222993920362,0.048473403183122876
71,IT,2004,0.01831,71.0,-4.000307920295718,-4.186727063116378,0.18641914282066008,-4.186727063116378,0.010527324752195758,16.027844682755862,-4.017996737063253,0.017988965496021792,0.017688816767535087
72,IT,2004,0.02052,72.0,-3.8863552586795684,-4.0851712958374184,0.19881603715785,-4.0851712958374184,0.011559102396732036,16.027844682755862,-3.899903797950526,0.020243858852841513,0.013548539270957782
73,IT,2004,0.02264,73.0,-3.7880370256471547,-3.9810533490046245,0.19301632335746977,-3.9810533490046245,0.01169743913549465,16.027844682755862,-3.7935686113549263,0.022515110636137637,0.005531585707771569
74,IT,2004,0.02572,74.0,-3.6604863796127183,-3.868654925201927,0.2081685455892086,-3.868654925201927,0.012327970030389813,16.027844682755862,-3.67106413630117,0.02544937392966968,0.010577756688451512
75,IT,2004,0.02857,75.0,-3.5553980627394552,-3.761860417848466,0.2064623551090108,-3.761860417848466,0.012695972475206428,16.027844682755862,-3.558371342919314,0.02848517954523712,0.0029732801798587616
76,IT,2004,0.03199,76.0,-3.4423319250207105,-3.642511729493465,0.20017980447275452,-3.642511729493465,0.01295867437417588,16.027844682755862,-3.4348121093297657,0.03223146565470476,-0.007519815690944842
77,IT,2004,0.03542,77.0,-3.3404786466274494,-3.5287998488751007,0.18832120224765125,-3.5287998488751007,0.013218506789362525,16.027844682755862,-3.3169356751172443,0.036263785688601426,-0.023542971510205124
78,IT,2004,0.03984,78.0,-3.2228838462657396,-3.4063348187809064,0.18345097251516673,-3.4063348187809064,0.013120427703430103,16.027844682755862,-3.1960426413790013,0.04092383424121126,-0.026841204886738357
79,IT,2004,0.04476,79.0,-3.1064403955384123,-3.2760880840813775,0.1696476885429652,-3.2760880840813775,0.012917105267199382,16.027844682755862,-3.0690547271078983,0.04646505626287332,-0.03738566843051405
80,IT,2004,0.04999,80.0,-2.995932293556658,-3.147688530125818,0.15175623656916004,-3.147688530125818,0.013361763206868073,16.027844682755862,-2.9335282647583747,0.0532089712273453,-0.06240402879828322
81,IT,2004,0.0558,81.0,-2.885981409594872,-3.019397697716698,0.13341628812182593,-3.019397697716698,0.01261299801953086,16.027844682755862,-2.81723852447575,0.05977077054009606,-0.06874288511912185
82,IT,2004,0.06307,82.0,-2.763510058306577,-2.885073744863876,0.1215636865572991,-2.885073744863876,0.01222347467468327,16.027844682755862,-2.689157791294453,0.06793813337110241,-0.07435226701212416
83,IT,2004,0.06976,83.0,-2.662694499381413,-2.7555804996782363,0.09288600029682348,-2.7555804996782363,0.011605682635583328,16.027844682755862,-2.56956642095775,0.07656873682742298,-0.09312807842366277
84,IT,2004,0.08003,84.0,-2.5253537146031824,-2.624584815273864,0.09923110067068164,-2.624584815273864,0.010462248076074009,16.027844682755862,-2.4568975280780885,0.08570042209927643,-0.06845618652509389
85,IT,2004,0.08893,85.0,-2.4199057355705884,-2.493317042723466,0.07341130715287747,-2.493317042723466,0.009737743869726704,16.027844682755862,-2.3372419964190283,0.09659367690084492,-0.08266373915156011
20,IT,2005,0.00045,20.0,-7.706262975199909,-8.103498808710839,0.39723583351092984,-8.103498808710839,0.027065368019014283,14.854599389598459,-7.7014536094563315,0.00045216942718743987,-0.004809365743577487
21,IT,2005,0.00042,21.0,-7.77525584668686,-8.055007618769682,0.27975177208282265,-8.055007618769682,0.023695264288118734,14.854599389598459,-7.70302396033902,0.0004514599197619412,-0.07223188634783995
22,IT,2005,0.00049,22.0,-7.621105166859602,-8.016067251865158,0.39496208500555596,-8.016067251865158,0.024368876838677903,14.854599389598459,-7.654077348852133,0.0004741070827295539,0.03297218199253127
23,IT,2005,0.00046,23.0,-7.6842840684811335,-8.0579782106576,0.37369414217646657,-8.0579782106576,0.023859905728048508,14.854599389598459,-7.703548869593854,0.00045122300645630446,0.019264801112720775
24,IT,2005,0.00052,24.0,-7.5616817463888015,-8.02357600473842,0.46189425834961817,-8.02357600473842,0.022773052801918214,14.854599389598459,-7.685291428487752,0.0004595368477166652,0.12360968209895073
25,IT,2005,0.00049,25.0,-7.621105166859602,-7.966418780420314,0.34531361356071244,-7.966418780420314,0.021477049735121993,14.854599389598459,-7.647385810534595,0.0004772902266273924,0.026280643674993165
26,IT,2005,0.00045,26.0,-7.706262975199909,-7.977270622743386,0.2710076475434766,-7.977270622743386,0.020228418997948437,14.854599389598459,-7.676785562243919,0.00046346227760126586,-0.029477412955990268
27,IT,2005,0.00057,27.0,-7.469874197135678,-7.972900795014032,0.5030265978783532,-7.972900795014032,0.021844882459629948,14.854599389598459,-7.648403817363363,0.00047680458915045585,0.17852962022768448
28,IT,2005,0.0005,28.0,-7.600902459542082,-7.954676995031266,0.35377453548918414,-7.954676995031266,0.01993958347081985,14.854599389598459,-7.658482470576779,0.00047202317661951796,0.057580011034696454
29,IT,2005,0.0005,29.0,-7.600902459542082,-7.929714242097158,0.3288117825550758,-7.929714242097158,0.019123715743917843,14.854599389598459,-7.645639105880702,0.0004781246402123983,0.0447366463386194
30,IT,2005,0.00049,30.0,-7.621105166859602,-7.870304959748891,0.24919979288928928,-7.870304959748891,0.018652436174824778,14.854599389598459,-7.593230492731815,0.0005038507358765097,-0.027874674127787102
31,IT,2005,0.0005,31.0,-7.600902459542082,-7.8408302970485675,0.23992783750648528,-7.8408302970485675,0.019107855853761156,14.854599389598459,-7.556990753146752,0.0005224450468513055,-0.04391170639533026
32,IT,2005,0.00054,32.0,-7.523941418405954,-7.778588484385329,0.25464706597937514,-7.778588484385329,0.018541998976225594,14.854599389598459,-7.503154517711153,0.0005513424046814201,-0.020786900694800714
33,IT,2005,0.00058,33.0,-7.4524824544238095,-7.733291312023921,0.2808088576001113,-7.733291312023921,0.018290514561482833,14.854599389598459,-7.461593045583476,0.0005747398550264182,0.009110591159666726
34,IT,2005,0.00058,34.0,-7.4524824544238095,-7.648546175377929,0.19606372095411917,-7.648546175377929,0.017506366593865882,14.854599389598459,-7.3884961128586015,0.0006183251458703122,-0.063986341565208
35,IT,2005,0.00062,35.0,-7.385791079925137,-7.608556065774183,0.2227649858490457,-7.608556065774183,0.02028229426963641,14.854599389598459,-7.307270709696786,0.0006706449412520676,-0.07852037022835123
36,IT,2005,0.00071,36.0,-7.250245587928913,-7.50778525788188,0.2575396699529664,-7.50778525788188,0.02041717609479281,14.854599389598459,-7.204496286326846,0.0007432364802265057,-0.04574930160206758
37,IT,2005,0.00071,37.0,-7.250245587928913,-7.457084963325983,0.20683937539706942,-7.457084963325983,0.019651752990632196,14.854599389598459,-7.165166045346798,0.0007730506053516292,-0.08507954258211559
38,IT,2005,0.00082,38.0,-7.106206217705975,-7.370419156757725,0.2642129390517498,-7.370419156757725,0.0202674338985073,14.854599389598459,-7.069354545540231,0.0008507820730654139,-0.03685167216574392
39,IT,2005,0.00083,39.0,-7.09408485717363,-7.264149925721109,0.17006506854747894,-7.264149925721109,0.020335399475374303,14.854599389598459,-6.962075713086973,0.0009471285655778879,-0.13200914408665732
40,IT,2005,0.00097,40.0,-6.938214486466846,-7.173715019720412,0.2355005332535658,-7.173715019720412,0.020319399669134045,14.854599389598459,-6.871878477798286,0.0010365281395847135,-0.06633600866855982
41,IT,2005,0.00108,41.0,-6.830794237846009,-7.074037880487367,0.24324364264135845,-7.074037880487367,0.020495343107482796,14.854599389598459,-6.769587769273342,0.0011481678634310192,-0.06120646857266632
42,IT,2005,0.00122,42.0,-6.708904420236972,-6.96345930118426,0.2545548809472882,-6.96345930118426,0.020240987592618713,14.854599389598459,-6.662787539246076,0.0012775800974689274,-0.04611688099089584
43,IT,2005,0.00123,43.0,-6.700741109597811,-6.874320564860136,0.17357945526232577,-6.874320564860136,0.01964334143697972,14.854599389598459,-6.582526597140704,0.0013843471848494408,-0.11821451245710701
44,IT,2005,0.0014,44.0,-6.571283042360924,-6.773294033705396,0.20201099134447187,-6.773294033705396,0.02027819283182161,14.854599389598459,-6.472069602843659,0.0015460227665222705,-0.09921343951726502
45,IT,2005,0.00151,45.0,-6.495645628155304,-6.668785327590037,0.17313969943473229,-6.668785327590037,0.019317153767295814,14.854599389598459,-6.381836747029585,0.0016920123021850603,-0.11380888112571963
46,IT,2005,0.00165,46.0,-6.406979991069647,-6.563663036502831,0.15668304543318357,-6.563663036502831,0.018954085157196654,14.854599389598459,-6.28210769469634,0.0018694561959796971,-0.1248722963733071
47,IT,2005,0.0018,47.0,-6.319968614080018,-6.4787021755842575,0.15873356150423934,-6.4787021755842575,0.01798657493397922,14.854599389598459,-6.211518810549003,0.002006188129281281,-0.1084498035310153
48,IT,2005,0.00204,48.0,-6.194805471126012,-6.384418485536626,0.1896130144106145,-6.384418485536626,0.017220232470692053,14.854599389598459,-6.12861883078874,0.00217958926433382,-0.06618664033727129
49,IT,2005,0.00221,49.0,-6.114762763452475,-6.2720432452744825,0.15728048182200727,-6.2720432452744825,0.016495468408212678,14.854599389598459,-6.027009670326706,0.0024126979644207482,-0.08775309312576951
50,IT,2005,0.00236,50.0,-6.049093659944618,-6.17507269333256,0.12597903338794225,-6.17507269333256,0.015773513858200243,14.854599389598459,-5.940763464002716,0.002630020958000542,-0.1083301959419023
51,IT,2005,0.00268,51.0,-5.921938484459372,-6.088573872844203,0.16663538838483127,-6.088573872844203,0.015010303509196268,14.854599389598459,-5.865601827498809,0.0028353161606786336,-0.056336656960563225
52,IT,2005,0.00299,52.0,-5.812481891579542,-5.973943100096437,0.16146120851689538,-5.973943100096437,0.01375066533335655,14.854599389598459,-5.769682475228986,0.003120748271742009,-0.0427994163505554
53,IT,2005,0.00319,53.0,-5.747734362185384,-5.893241669593349,0.14550730740796514,-5.893241669593349,0.01295815778978835,14.854599389598459,-5.700753426798839,0.003343445466861061,-0.046980935386545575
54,IT,2005,0.00352,54.0,-5.649294289372131,-5.789458492776727,0.1401642034045958,-5.789458492776727,0.012093797968350164,14.854599389598459,-5.609809968858145,0.0036617651410296194,-0.03948432051398587
55,IT,2005,0.00392,55.0,-5.5416636251797655,-5.70713256976226,0.16546894458249461,-5.70713256976226,0.011123008713019614,14.854599389598459,-5.54190473132334,0.00391905497784709,0.00024110614357475413
56,IT,2005,0.00423,56.0,-5.46555328592395,-5.601670953837083,0.1361176679131324,-5.601670953837083,0.0097378469097369,14.854599389598459,-5.457019139075702,0.004266253919267685,-0.00853414684824827
57,IT,2005,0.00469,57.0,-5.362322696523949,-5.507107058032324,0.14478436150837481,-5.507107058032324,0.009929976269879456,14.854599389598459,-5.359601238595046,0.004702781021304067,-0.002721457928903881
58,IT,2005,0.00533,58.0,-5.234404040804384,-5.419994586056584,0.1855905452521993,-5.419994586056584,0.00935670774989911,14.854599389598459,-5.2810044408262815,0.005087318315326322,0.04660040002189714
59,IT,2005,0.00564,59.0,-5.177871213472169,-5.324196182067058,0.14632496859488864,-5.324196182067058,0.008908196402758034,14.854599389598459,-5.191868493220225,0.005561605278589538,0.013997279748055647
60,IT,2005,0.00643,60.0,-5.046780740732609,-5.215864959071876,0.16908421833926734,-5.215864959071876,0.008778985536951035,14.854599389598459,-5.085456645873389,0.006186061605727313,0.038675905140780564
61,IT,2005,0.0072,61.0,-4.933674252960127,-5.134373498820213,0.20069924586008536,-5.134373498820213,0.00800832928859658,14.854599389598459,-5.015412975458123,0.0066348914240222465,0.0817387224979953
62,IT,2005,0.00758,62.0,-4.882242079327857,-5.0391959268163635,0.1569538474885066,-5.0391959268163635,0.007443410213112718,14.854599389598459,-4.928627050008129,0.007236431723065265,0.04638497068027192
63,IT,2005,0.00819,63.0,-4.804841381117159,-4.945108750201136,0.1402673690839773,-4.945108750201136,0.007222264733534511,14.854599389598459,-4.837824900898856,0.007924271395680561,0.032983519781697446
64,IT,2005,0.00883,64.0,-4.729600264366269,-4.857926103297212,0.12832583893094274,-4.857926103297212,0.007559181092484768,14.854599389598459,-4.745637496454923,0.008689520701060157,0.01603723208865393
65,IT,2005,0.00998,65.0,-4.607172188658764,-4.762246394716038,0.1550742060572734,-4.762246394716038,0.007919647211399497,14.854599389598459,-4.644603208083748,0.00961334339993821,0.03743101942498317
66,IT,2005,0.01079,66.0,-4.529135499712094,-4.663371166665295,0.13423566695320055,-4.663371166665295,0.007934399503536919,14.854599389598459,-4.545508840643225,0.010614770115384189,0.016373340931131075
67,IT,2005,0.01201,67.0,-4.422015642890245,-4.575834168481627,0.1538185255913822,-4.575834168481627,0.008404693358453006,14.854599389598459,-4.450985815649389,0.011667059729254716,0.02897017275914404
68,IT,2005,0.01311,68.0,-4.334379981206529,-4.487854187069511,0.15347420586298188,-4.487854187069511,0.009200825359483569,14.854599389598459,-4.351179612300724,0.012891596521886147,0.016799631094195355
69,IT,2005,0.01499,69.0,-4.200371966867631,-4.391889527042951,0.1915175601753205,-4.391889527042951,0.009487510691631477,14.854599389598459,-4.250956356514234,0.014250598737061831,0.05058438964660272
70,IT,2005,0.01634,70.0,-4.11413918955028,-4.291435254219737,0.17729606466945658,-4.291435254219737,0.009992018752246168,14.854599389598459,-4.143007818561764,0.01587503041083981,0.028868629011483904
71,IT,2005,0.01842,71.0,-3.9943182481549764,-4.186727063116378,0.19240881496140183,-4.186727063116378,0.010527324752195758,14.854599389598459,-4.030347871278306,0.017768147850127904,0.03602962312332991
72,IT,2005,0.02045,72.0,-3.8897723964933264,-4.0851712958374184,0.19539889934409205,-4.0851712958374184,0.011559102396732036,14.854599389598459,-3.9134654604306167,0.019971171696714262,0.023693063937290315
73,IT,2005,0.02248,73.0,-3.7951292539566466,-3.9810533490046245,0.1859240950479779,-3.9810533490046245,0.01169743913549465,14.854599389598459,-3.8072925767626407,0.022208224699351173,0.012163322805994081
74,IT,2005,0.02526,74.0,-3.678533162059792,-3.868654925201927,0.1901217631421348,-3.868654925201927,0.012327970030389813,14.854599389598459,-3.6855278691135105,0.025083930196037208,0.0069947070537184075
75,IT,2005,0.02824,75.0,-3.567015866357096,-3.761860417848466,0.19484455149137014,-3.761860417848466,0.012695972475206428,14.854599389598459,-3.5732668328679056,0.028064023291009682,0.006250966510809697
76,IT,2005,0.03166,76.0,-3.452701224529271,-3.642511729493465,0.18981050496419405,-3.642511729493465,0.01295867437417588,14.854599389598459,-3.4500158130448266,0.03174513438686586,-0.0026854114844443444
77,IT,2005,0.03598,77.0,-3.32479205045975,-3.5287998488751007,0.20400779841535055,-3.5287998488751007,0.013218506789362525,14.854599389598459,-3.332444225990433,0.03570572546122539,0.007652175530683092
78,IT,2005,0.04038,78.0,-3.209420666097446,-3.4063348187809064,0.19691415268346057,-3.4063348187809064,0.013120427703430103,14.854599389598459,-3.211436121426263,0.040298697871747356,0.002015455328816973
79,IT,2005,0.04439,79.0,-3.1147410601361933,-3.2760880840813775,0.1613470239451842,-3.2760880840813775,0.012917105267199382,14.854599389598459,-3.0842096600638587,0.045766190458394564,-0.03053140007233468
80,IT,2005,0.05086,80.0,-2.9786785189881635,-3.147688530125818,0.16901001113765446,-3.147688530125818,0.013361763206868073,14.854599389598459,-2.949204890549116,0.052381338292230156,-0.029473628439047328
81,IT,2005,0.05733,81.0,-2.858931232061846,-3.019397697716698,0.160466465654852,-3.019397697716698,0.01261299801953086,14.854599389598459,-2.832036665034768,0.058892786563518866,-0.02689456702707771
82,IT,2005,0.0639,82.0,-2.750435917598648,-2.885073744863876,0.134637827265228,-2.885073744863876,0.01222347467468327,14.854599389598459,-2.703498925422554,0.06697077656435407,-0.04693699217609426
83,IT,2005,0.07267,83.0,-2.6218266343535928,-2.7555804996782363,0.1337538653246435,-2.7555804996782363,0.011605682635583328,14.854599389598459,-2.583182733483827,0.07553321894366384,-0.03864390086976588
84,IT,2005,0.08138,84.0,-2.508625736408593,-2.624584815273864,0.1159590788652709,-2.624584815273864,0.010462248076074009,14.854599389598459,-2.4691723113891872,0.08465489790721131,-0.03945342501940585
85,IT,2005,0.0925,85.0,-2.3805466344637574,-2.493317042723466,0.11277040825970852,-2.493317042723466,0.009737743869726704,14.854599389598459,-2.3486667585801575,0.09549639713137396,-0.03187987588359986
20,IT,2006,0.00038,20.0,-7.875339305243843,-8.103498808710839,0.22815950346699587,-8.103498808710839,0.027065368019014283,11.987343903797997,-7.779056934384059,0.00041840657346270085,-0.0962823708597842
21,IT,2006,0.00044,21.0,-7.728735831051967,-8.055007618769682,0.32627178771771526,-8.055007618769682,0.023695264288118734,11.987343903797997,-7.77096433685662,0.0004218063072491211,0.04222850580465298
22,IT,2006,0.00047,22.0,-7.66277786326017,-8.016067251865158,0.3532893886049875,-8.016067251865158,0.024368876838677903,11.987343903797997,-7.723949144650628,0.0004421111907896813,0.061171281390457466
23,IT,2006,0.00044,23.0,-7.728735831051967,-8.0579782106576,0.32924237960563296,-8.0579782106576,0.023859905728048508,11.987343903797997,-7.771961315183283,0.00042138598506361404,0.043225484131315994
24,IT,2006,0.00046,24.0,-7.6842840684811335,-8.02357600473842,0.33929193625728615,-8.02357600473842,0.022773052801918214,11.987343903797997,-7.750587589062476,0.0004304895153148202,0.06630352058134203
25,IT,2006,0.00047,25.0,-7.66277786326017,-7.966418780420314,0.30364091716014396,-7.966418780420314,0.021477049735121993,11.987343903797997,-7.708965999206433,0.00044878528164309914,0.04618813594626303
26,IT,2006,0.00041,26.0,-7.799353398265921,-7.977270622743386,0.17791722447746494,-7.977270622743386,0.020228418997948437,11.987343903797997,-7.734785607584857,0.0004373461340676891,-0.064567790681064
27,IT,2006,0.00047,27.0,-7.66277786326017,-7.972900795014032,0.3101229317538614,-7.972900795014032,0.021844882459629948,11.987343903797997,-7.711038676432403,0.0004478560579335588,0.04826081317223263
28,IT,2006,0.00049,28.0,-7.621105166859602,-7.954676995031266,0.33357182817166464,-7.954676995031266,0.01993958347081985,11.987343903797997,-7.715654350668062,0.0004457936635973846,0.09454918380846067
29,IT,2006,0.00049,29.0,-7.621105166859602,-7.929714242097158,0.3086090752375563,-7.929714242097158,0.019123715743917843,11.987343903797997,-7.700471684756339,0.00045261364157342377,0.07936651789673732
30,IT,2006,0.00048,30.0,-7.641724454062337,-7.870304959748891,0.22858050568655397,-7.870304959748891,0.018652436174824778,11.987343903797997,-7.646711792677624,0.00047761203720395143,0.004987338615286774
31,IT,2006,0.0005,31.0,-7.600902459542082,-7.8408302970485675,0.23992783750648528,-7.8408302970485675,0.019107855853761156,11.987343903797997,-7.6117778576653325,0.0004945917626102662,0.010875398123250335
32,IT,2006,0.00057,32.0,-7.469874197135678,-7.778588484385329,0.3087142872496509,-7.778588484385329,0.018541998976225594,11.987343903797997,-7.556319165993442,0.0005227960320784737,0.08644496885776398
33,IT,2006,0.00055,33.0,-7.505592279737757,-7.733291312023921,0.2276990322861634,-7.733291312023921,0.018290514561482833,11.987343903797997,-7.514036623798001,0.0005453751650973083,0.008444344060243303
34,IT,2006,0.00058,34.0,-7.4524824544238095,-7.648546175377929,0.19606372095411917,-7.648546175377929,0.017506366593865882,11.987343903797997,-7.438691338511298,0.0005880542581771622,-0.01379111591251192
35,IT,2006,0.00062,35.0,-7.385791079925137,-7.608556065774183,0.2227649858490457,-7.608556065774183,0.02028229426963641,11.987343903797997,-7.36542522920602,0.0006327562828166611,-0.02036585071911734
36,IT,2006,0.00066,36.0,-7.3232707229438025,-7.50778525788188,0.184514534938077,-7.50778525788188,0.02041717609479281,11.987343903797997,-7.263037546489195,0.0007009755526590926,-0.06023317645460757
37,IT,2006,0.00076,37.0,-7.182192124683898,-7.457084963325983,0.274892838642085,-7.457084963325983,0.019651752990632196,11.987343903797997,-7.221512641914783,0.0007306963006596337,0.0393205172308857
38,IT,2006,0.00072,38.0,-7.236259345954173,-7.370419156757725,0.13415981080355177,-7.370419156757725,0.0202674338985073,11.987343903797997,-7.127466456568825,0.000802750616854069,-0.1087928893853487
39,IT,2006,0.00085,39.0,-7.070274208479912,-7.264149925721109,0.19387571724119734,-7.264149925721109,0.020335399475374303,11.987343903797997,-7.020382498788684,0.0008934836710579617,-0.04989170969122814
40,IT,2006,0.00094,40.0,-6.969630682700225,-7.173715019720412,0.2040843370201868,-7.173715019720412,0.020319399669134045,11.987343903797997,-6.930139387967783,0.0009778645563422094,-0.03949129473244195
41,IT,2006,0.00103,41.0,-6.878196476740593,-7.074037880487367,0.1958414037467744,-7.074037880487367,0.020495343107482796,11.987343903797997,-6.828353154231635,0.001082639590723603,-0.0498433225089574
42,IT,2006,0.00112,42.0,-6.794426593675134,-6.96345930118426,0.16903270750912647,-6.96345930118426,0.020240987592618713,11.987343903797997,-6.720823621959031,0.001205544891707775,-0.07360297171610242
43,IT,2006,0.00127,43.0,-6.668738378511637,-6.874320564860136,0.205582186348499,-6.874320564860136,0.01964334143697972,11.987343903797997,-6.638849075635335,0.0013085323993305175,-0.029889302876302537
44,IT,2006,0.0014,44.0,-6.571283042360924,-6.773294033705396,0.20201099134447187,-6.773294033705396,0.02027819283182161,11.987343903797997,-6.5302123624828186,0.0014586960445788172,-0.04107067987810531
45,IT,2006,0.00154,45.0,-6.475972862556599,-6.668785327590037,0.19281246503343752,-6.668785327590037,0.019317153767295814,11.987343903797997,-6.437223962138915,0.0016008445229585277,-0.03874890041768442
46,IT,2006,0.00166,46.0,-6.400937676613685,-6.563663036502831,0.16272535988914605,-6.563663036502831,0.018954085157196654,11.987343903797997,-6.336453899341642,0.0017705697361819711,-0.06448377727204324
47,IT,2006,0.00181,47.0,-6.3144284337044025,-6.4787021755842575,0.164273741879855,-6.4787021755842575,0.01798657493397922,11.987343903797997,-6.263090916199216,0.00190534741643457,-0.05133751750518645
48,IT,2006,0.0019,48.0,-6.2659013928097425,-6.384418485536626,0.11851709272688371,-6.384418485536626,0.017220232470692053,11.987343903797997,-6.177993636807091,0.002074586054916474,-0.0879077560026511
49,IT,2006,0.00215,49.0,-6.142287436842565,-6.2720432452744825,0.12975580843191725,-6.2720432452744825,0.016495468408212678,11.987343903797997,-6.0743063926110015,0.0023012417910094145,-0.06798104423156381
50,IT,2006,0.0023,50.0,-6.074846156047033,-6.17507269333256,0.10022653728552733,-6.17507269333256,0.015773513858200243,11.987343903797997,-5.98599015814299,0.0025137235020333145,-0.08885599790404264
51,IT,2006,0.00262,51.0,-5.944580961209131,-6.088573872844203,0.14399291163507222,-6.088573872844203,0.015010303509196268,11.987343903797997,-5.908640202579082,0.0027158774207413647,-0.03594075863004953
52,IT,2006,0.00293,52.0,-5.832752855953161,-5.973943100096437,0.1411902441432762,-5.973943100096437,0.01375066533335655,11.987343903797997,-5.809109145839459,0.003000101535141897,-0.02364371011370192
53,IT,2006,0.00311,53.0,-5.773132552790995,-5.893241669593349,0.1201091168023547,-5.893241669593349,0.01295815778978835,11.987343903797997,-5.737907775807478,0.0032215013323421225,-0.035224776983517
54,IT,2006,0.00348,54.0,-5.660722985195754,-5.789458492776727,0.12873550758097263,-5.789458492776727,0.012093797968350164,11.987343903797997,-5.64448597742706,0.003536966014303621,-0.01623700776869441
55,IT,2006,0.00383,55.0,-5.564890475789582,-5.70713256976226,0.14224209397267806,-5.70713256976226,0.011123008713019614,11.987343903797997,-5.573797239074352,0.003796038564367643,0.008906763284770136
56,IT,2006,0.00418,56.0,-5.477444032445472,-5.601670953837083,0.12422692139161029,-5.601670953837083,0.0097378469097369,11.987343903797997,-5.48494003404753,0.004148783857599673,0.007496001602057767
57,IT,2006,0.0045,57.0,-5.403677882205863,-5.507107058032324,0.10342917582646116,-5.507107058032324,0.009929976269879456,11.987343903797997,-5.388073017528726,0.004570772653730394,-0.015604864677136732
58,IT,2006,0.0052,58.0,-5.259096653394756,-5.419994586056584,0.16089793266182806,-5.419994586056584,0.00935670774989911,11.987343903797997,-5.307832512451211,0.0049526498992906055,0.048735859056455055
59,IT,2006,0.00559,59.0,-5.1867759918151295,-5.324196182067058,0.13742019025192853,-5.324196182067058,0.008908196402758034,11.987343903797997,-5.217410568224621,0.005421349180453685,0.030634576409491743
60,IT,2006,0.00629,60.0,-5.068794208269788,-5.215864959071876,0.1470707508020883,-5.215864959071876,0.008778985536951035,11.987343903797997,-5.110628240313975,0.006032292003897442,0.04183403204418745
61,IT,2006,0.00677,61.0,-4.995254192057954,-5.134373498820213,0.13911930676225914,-5.134373498820213,0.00800832928859658,11.987343903797997,-5.038374901542948,0.0064842773497319605,0.04312070948499436
62,IT,2006,0.00743,62.0,-4.902229420252469,-5.0391959268163635,0.13696650656389409,-5.0391959268163635,0.007443410213112718,11.987343903797997,-4.949969208774739,0.0070836270392499925,0.04773978852226968
63,IT,2006,0.00804,63.0,-4.823326195791262,-4.945108750201136,0.12178255440987407,-4.945108750201136,0.007222264733534511,11.987343903797997,-4.858532979075986,0.007761862357359562,0.03520678328472382
64,IT,2006,0.00868,64.0,-4.746733750309878,-4.857926103297212,0.11119235298733354,-4.857926103297212,0.007559181092484768,11.987343903797997,-4.767311599910509,0.008503209488168304,0.020577849600631026
65,IT,2006,0.0095,65.0,-4.656463480375642,-4.762246394716038,0.10578291434039588,-4.762246394716038,0.007919647211399497,11.987343903797997,-4.667310859996237,0.009397506789975344,0.010847379620595454
66,IT,2006,0.0105,66.0,-4.55638002181866,-4.663371166665295,0.10699114484663497,-4.663371166665295,0.007934399503536919,11.987343903797997,-4.568258791146273,0.0103760107995718,0.011878769327613448
67,IT,2006,0.01148,67.0,-4.467148888090716,-4.575834168481627,0.10868528039091085,-4.575834168481627,0.008404693358453006,11.987343903797997,-4.4750842187878845,0.011389262894205485,0.00793533069716812
68,IT,2006,0.0127,68.0,-4.3661532855175915,-4.487854187069511,0.12170090155191904,-4.487854187069511,0.009200825359483569,11.987343903797997,-4.3775607292865955,0.012555948655053,0.011407443769003933
69,IT,2006,0.01381,69.0,-4.282362311560936,-4.391889527042951,0.10952721548201527,-4.391889527042951,0.009487510691631477,11.987343903797997,-4.278159473591405,0.01386816333227423,-0.004202837969531359
70,IT,2006,0.01543,70.0,-4.171441612607068,-4.291435254219737,0.11999364161266879,-4.291435254219737,0.009992018752246168,11.987343903797997,-4.171657489143364,0.015426669384558746,0.0002158765362958448
71,IT,2006,0.0171,71.0,-4.0686768154735224,-4.186727063116378,0.11805024764285577,-4.186727063116378,0.010527324752195758,11.987343903797997,-4.060532400924843,0.017239838165806504,-0.008144414548679535
72,IT,2006,0.01983,72.0,-3.9205593364504323,-4.0851712958374184,0.16461195938698614,-4.0851712958374184,0.011559102396732036,11.987343903797997,-3.9466083601885757,0.019320117659335813,0.02604902373814344
73,IT,2006,0.02152,73.0,-3.8387725436885534,-3.9810533490046245,0.14228080531607112,-3.9810533490046245,0.01169743913549465,11.987343903797997,-3.8408321232937044,0.021475723458079785,0.0020595796051510185
74,IT,2006,0.02371,74.0,-3.741858378904823,-3.868654925201927,0.12679654629710368,-3.868654925201927,0.012327970030389813,11.987343903797997,-3.7208753088119293,0.02421276492099493,-0.020983070092893907
75,IT,2006,0.02689,75.0,-3.6160008087013638,-3.761860417848466,0.14585960914710228,-3.761860417848466,0.012695972475206428,11.987343903797997,-3.609669429595013,0.027060790884557075,-0.006331379106350621
76,IT,2006,0.03043,76.0,-3.4923263150732575,-3.642511729493465,0.1501854144202075,-3.642511729493465,0.01295867437417588,11.987343903797997,-3.4871716432328843,0.030587261631943707,-0.005154671840373215
77,IT,2006,0.03387,77.0,-3.385225612152457,-3.5287998488751007,0.1435742367226438,-3.5287998488751007,0.013218506789362525,11.987343903797997,-3.3703450620963236,0.0343777728302338,-0.014880550056133313
78,IT,2006,0.03822,78.0,-3.26439634017001,-3.4063348187809064,0.14193847861089637,-3.4063348187809064,0.013120427703430103,11.987343903797997,-3.2490557397349713,0.0388108380670016,-0.01534060043503871
79,IT,2006,0.043,79.0,-3.146555163288575,-3.2760880840813775,0.12953292079280265,-3.2760880840813775,0.012917105267199382,11.987343903797997,-3.121246301001898,0.04410216957612634,-0.02530886228667706
80,IT,2006,0.04852,80.0,-3.0257791949062876,-3.147688530125818,0.1219093352195304,-3.147688530125818,0.013361763206868073,11.987343903797997,-2.9875164794039755,0.05041248182018073,-0.038262715502312084
81,IT,2006,0.05494,81.0,-2.901513598315009,-3.019397697716698,0.11788409940168876,-3.019397697716698,0.01261299801953086,11.987343903797997,-2.8682013527986583,0.056800999714719684,-0.033312245516350814
82,IT,2006,0.0621,82.0,-2.779009290042704,-2.885073744863876,0.10606445482117222,-2.885073744863876,0.01222347467468327,11.987343903797997,-2.7385467502390823,0.06466425195157842,-0.04046253980362158
83,IT,2006,0.07056,83.0,-2.651291867283601,-2.7555804996782363,0.10428863239463526,-2.7555804996782363,0.011605682635583328,11.987343903797997,-2.6164591906871624,0.07306110079804067,-0.03483267659643863
84,IT,2006,0.07774,84.0,-2.55438535355806,-2.624584815273864,0.07019946171580393,-2.624584815273864,0.010462248076074009,11.987343903797997,-2.499170249579116,0.0821531369510487,-0.055215103978944136
85,IT,2006,0.088,85.0,-2.430418464503931,-2.493317042723466,0.06289857821953504,-2.493317042723466,0.009737743869726704,11.987343903797997,-2.3765873581099513,0.09286695902946449,-0.05383110639397959
20,IT,2007,0.00043,20.0,-7.751725349276666,-8.103498808710839,0.35177345943417304,-8.103498808710839,0.027065368019014283,10.58689134390758,-7.816960698310663,0.0004028441891040489,0.06523534903399764
21,IT,2007,0.0004,21.0,-7.824046010856292,-8.055007618769682,0.2309616079133905,-8.055007618769682,0.023695264288118734,10.58689134390758,-7.804148430386196,0.00040803874273430174,-0.019897580470096266
22,IT,2007,0.00047,22.0,-7.66277786326017,-8.016067251865158,0.3532893886049875,-8.016067251865158,0.024368876838677903,10.58689134390758,-7.758076600601009,0.00042727761635327907,0.09529873734083871
23,IT,2007,0.00042,23.0,-7.77525584668686,-8.0579782106576,0.28272236397074035,-8.0579782106576,0.023859905728048508,10.58689134390758,-7.805375981238872,0.0004075381617349092,0.030120134552012345
24,IT,2007,0.00042,24.0,-7.77525584668686,-8.02357600473842,0.24832015805155994,-8.02357600473842,0.022773052801918214,10.58689134390758,-7.782480169155441,0.00041697671829313276,0.007224322468581512
25,IT,2007,0.00046,25.0,-7.6842840684811335,-7.966418780420314,0.2821347119391806,-7.966418780420314,0.021477049735121993,10.58689134390758,-7.7390435884868785,0.00043548788159060615,0.05475952000574491
26,IT,2007,0.00047,26.0,-7.66277786326017,-7.977270622743386,0.3144927594832154,-7.977270622743386,0.020228418997948437,10.58689134390758,-7.7631145487530695,0.00042513042713101065,0.10033668549289931
27,IT,2007,0.00045,27.0,-7.706262975199909,-7.972900795014032,0.2666378198141226,-7.972900795014032,0.021844882459629948,10.58689134390758,-7.741631397993497,0.0004343623788320796,0.03536842279358776
28,IT,2007,0.00045,28.0,-7.706262975199909,-7.954676995031266,0.24841401983135736,-7.954676995031266,0.01993958347081985,10.58689134390758,-7.743578791382921,0.00043351732749767873,0.037315816183012274
29,IT,2007,0.00048,29.0,-7.641724454062337,-7.929714242097158,0.287989788034821,-7.929714242097158,0.019123715743917843,10.58689134390758,-7.727253541424525,0.00044065269105515834,0.0855290873621879
30,IT,2007,0.00048,30.0,-7.641724454062337,-7.870304959748891,0.22858050568655397,-7.870304959748891,0.018652436174824778,10.58689134390758,-7.67283364466685,0.0004652974661910048,0.031109190604513337
31,IT,2007,0.00045,31.0,-7.706262975199909,-7.8408302970485675,0.1345673218486585,-7.8408302970485675,0.019107855853761156,10.58689134390758,-7.63853750330975,0.00048153217655003117,-0.0677254718901592
32,IT,2007,0.00049,32.0,-7.621105166859602,-7.778588484385329,0.15748331752572753,-7.778588484385329,0.018541998976225594,10.58689134390758,-7.582286355925183,0.0005093952317804247,-0.0388188109344183
33,IT,2007,0.00052,33.0,-7.5616817463888015,-7.733291312023921,0.1716095656351193,-7.733291312023921,0.018290514561482833,10.58689134390758,-7.539651621737343,0.0005315827814294379,-0.022030124651458927
34,IT,2007,0.00052,34.0,-7.5616817463888015,-7.648546175377929,0.08686442898912716,-7.648546175377929,0.017506366593865882,10.58689134390758,-7.463208174422057,0.0005738123253534776,-0.09847357196674444
35,IT,2007,0.00062,35.0,-7.385791079925137,-7.608556065774183,0.2227649858490457,-7.608556065774183,0.02028229426963641,10.58689134390758,-7.3938296201363825,0.0006150360831216333,0.008038540211245504
36,IT,2007,0.00064,36.0,-7.354042381610556,-7.50778525788188,0.15374287627132333,-7.50778525788188,0.02041717609479281,10.58689134390758,-7.291630833016881,0.0006812161965119601,-0.06241154859367537
37,IT,2007,0.00072,37.0,-7.236259345954173,-7.457084963325983,0.22082561737180928,-7.457084963325983,0.019651752990632196,10.58689134390758,-7.249033989696849,0.0007108607560847439,0.012774643742675451
38,IT,2007,0.00075,38.0,-7.195437351433918,-7.370419156757725,0.17498180532380747,-7.370419156757725,0.0202674338985073,10.58689134390758,-7.1558500362543995,0.0007802860020017185,-0.03958731517951808
39,IT,2007,0.00085,39.0,-7.070274208479912,-7.264149925721109,0.19387571724119734,-7.264149925721109,0.020335399475374303,10.58689134390758,-7.048861261040367,0.0008683972722902128,-0.02141294743954525
40,IT,2007,0.00088,40.0,-7.035588650492022,-7.173715019720412,0.13812636922838983,-7.173715019720412,0.020319399669134045,10.58689134390758,-6.958595743249858,0.0009504302860297226,-0.07699290724216379
41,IT,2007,0.00101,41.0,-6.897804948128969,-7.074037880487367,0.1762329323583982,-7.074037880487367,0.020495343107482796,10.58689134390758,-6.857055909952342,0.0010520065799799975,-0.04074903817662712
42,IT,2007,0.00112,42.0,-6.794426593675134,-6.96345930118426,0.16903270750912647,-6.96345930118426,0.020240987592618713,10.58689134390758,-6.749170164847825,0.001171851661120309,-0.04525642882730896
43,IT,2007,0.00127,43.0,-6.668738378511637,-6.874320564860136,0.205582186348499,-6.874320564860136,0.01964334143697972,10.58689134390758,-6.666358643435554,0.0012730258624941916,-0.0023797350760830227
44,IT,2007,0.00132,44.0,-6.630123542383857,-6.773294033705396,0.14317049132153858,-6.773294033705396,0.02027819283182161,10.58689134390758,-6.558611009544094,0.0014178537285479697,-0.07151253283976278
45,IT,2007,0.00151,45.0,-6.495645628155304,-6.668785327590037,0.17313969943473229,-6.668785327590037,0.019317153767295814,10.58689134390758,-6.464276719582121,0.0015581178078741596,-0.03136890857318342
46,IT,2007,0.00164,46.0,-6.41305903714603,-6.563663036502831,0.15060399935680113,-6.563663036502831,0.018954085157196654,10.58689134390758,-6.362998196420419,0.0017241894958056356,-0.05006084072561112
47,IT,2007,0.00179,47.0,-6.325539659129474,-6.4787021755842575,0.15316251645478385,-6.4787021755842575,0.01798657493397922,10.58689134390758,-6.2882802611091675,0.0018579523939701934,-0.0372593980203062
48,IT,2007,0.00187,48.0,-6.281816848115642,-6.384418485536626,0.10260163742098438,-6.384418485536626,0.017220232470692053,10.58689134390758,-6.202109755452581,0.0020251535473375186,-0.0797070926630612
49,IT,2007,0.00218,49.0,-6.12843040218114,-6.2720432452744825,0.14361284309334277,-6.2720432452744825,0.016495468408212678,10.58689134390758,-6.097407513569875,0.0022486898672718185,-0.031022888611264676
50,IT,2007,0.00231,50.0,-6.0705077544484345,-6.17507269333256,0.10456493888412588,-6.17507269333256,0.015773513858200243,10.58689134390758,-6.008080216004174,0.0024588040248800054,-0.0624275384442603
51,IT,2007,0.00258,51.0,-5.959965880048611,-6.088573872844203,0.1286079927955921,-6.088573872844203,0.015010303509196268,10.58689134390758,-5.929661420553268,0.0026593822485333984,-0.030304459495343217
52,IT,2007,0.00282,52.0,-5.871018394032115,-5.973943100096437,0.10292470606432236,-5.973943100096437,0.01375066533335655,10.58689134390758,-5.828366300305754,0.002942880838650385,-0.04265209372636036
53,IT,2007,0.00311,53.0,-5.773132552790995,-5.893241669593349,0.1201091168023547,-5.893241669593349,0.01295815778978835,10.58689134390758,-5.75605506105565,0.003163567093237115,-0.017077491735344452
54,IT,2007,0.00339,54.0,-5.686925357589778,-5.789458492776727,0.10253313518694895,-5.789458492776727,0.012093797968350164,10.58689134390758,-5.661422767750634,0.003477565608580685,-0.025502589839144107
55,IT,2007,0.00361,55.0,-5.624047506637347,-5.70713256976226,0.08308506312491293,-5.70713256976226,0.011123008713019614,10.58689134390758,-5.589374485100184,0.0037373649111211377,-0.034673021537162896
56,IT,2007,0.00401,56.0,-5.518964037663659,-5.601670953837083,0.0827069161734233,-5.601670953837083,0.0097378469097369,10.58689134390758,-5.498577426680092,0.0040925893076686,-0.02038661098356709
57,IT,2007,0.00457,57.0,-5.3882420740760235,-5.507107058032324,0.11886498395630074,-5.507107058032324,0.009929976269879456,10.58689134390758,-5.40197947821553,0.004507649311928697,0.013737404139506637
58,IT,2007,0.00481,58.0,-5.3370581948644675,-5.419994586056584,0.08293639119211615,-5.419994586056584,0.00935670774989911,10.58689134390758,-5.320936137771704,0.004888175576892771,-0.016122057092763598
59,IT,2007,0.00535,59.0,-5.230658718074222,-5.324196182067058,0.09353746399283569,-5.324196182067058,0.008908196402758034,10.58689134390758,-5.22988607468087,0.0053541352394814445,-0.000772643393352368
60,IT,2007,0.00619,60.0,-5.084820192285632,-5.215864959071876,0.13104476678624355,-5.215864959071876,0.008778985536951035,10.58689134390758,-5.122922793082439,0.005958581717520632,0.038102600796806385
61,IT,2007,0.00674,61.0,-4.999695354057922,-5.134373498820213,0.13467814476229112,-5.134373498820213,0.00800832928859658,10.58689134390758,-5.049590186795608,0.006411960614021262,0.04989483273768602
62,IT,2007,0.00703,62.0,-4.957568573159564,-5.0391959268163635,0.08162735365679996,-5.0391959268163635,0.007443410213112718,10.58689134390758,-4.960393351662007,0.007010169828235301,0.002824778502443337
63,IT,2007,0.00813,63.0,-4.812194355422418,-4.945108750201136,0.13291439477871858,-4.945108750201136,0.007222264733534511,10.58689134390758,-4.868647418210271,0.007683751164340116,0.05645306278785345
64,IT,2007,0.00858,64.0,-4.758321365482266,-4.857926103297212,0.09960473781494539,-4.857926103297212,0.007559181092484768,10.58689134390758,-4.7778978744221545,0.008413666975352074,0.01957650893988827
65,IT,2007,0.00965,65.0,-4.6407973636312425,-4.762246394716038,0.12144903108479532,-4.762246394716038,0.007919647211399497,10.58689134390758,-4.6784019502068706,0.009293854067803097,0.03760458657562804
66,IT,2007,0.01017,66.0,-4.588313068921669,-4.663371166665295,0.07505809774362593,-4.663371166665295,0.007934399503536919,10.58689134390758,-4.579370541242195,0.010261353362703441,-0.008942527679473677
67,IT,2007,0.01131,67.0,-4.482067988854108,-4.575834168481627,0.09376617962751954,-4.575834168481627,0.008404693358453006,10.58689134390758,-4.486854593116823,0.011255992864297371,0.004786604262715599
68,IT,2007,0.01242,68.0,-4.388447202476804,-4.487854187069511,0.09940698459270614,-4.487854187069511,0.009200825359483569,10.58689134390758,-4.390446048714389,0.012395199124554909,0.001998846237584395
69,IT,2007,0.01355,69.0,-4.301368731656427,-4.391889527042951,0.09052079538652436,-4.391889527042951,0.009487510691631477,10.58689134390758,-4.291446282226487,0.013685118434101737,-0.009922449429939917
70,IT,2007,0.01507,70.0,-4.195049266343733,-4.291435254219737,0.09638598787600383,-4.291435254219737,0.009992018752246168,10.58689134390758,-4.185650837383419,0.015212301984512918,-0.00939842896031351
71,IT,2007,0.01713,71.0,-4.066923966646108,-4.186727063116378,0.1198030964702701,-4.186727063116378,0.010527324752195758,10.58689134390758,-4.075275419822853,0.01698753532863508,0.008351453176745238
72,IT,2007,0.01882,72.0,-3.9728351448249035,-4.0851712958374184,0.11233615101251493,-4.0851712958374184,0.011559102396732036,10.58689134390758,-3.9627963347301147,0.01900988190552634,-0.010038810094788797
73,IT,2007,0.0212,73.0,-3.8537540973041704,-3.9810533490046245,0.12729925170045409,-3.9810533490046245,0.01169743913549465,10.58689134390758,-3.8572138318751703,0.02112678036038915,0.003459734570999906
74,IT,2007,0.02358,74.0,-3.747356383872912,-3.868654925201927,0.12129854132901485,-3.868654925201927,0.012327970030389813,10.58689134390758,-3.738140045999241,0.023798325783759434,-0.009216337873671154
75,IT,2007,0.02654,75.0,-3.6291022500780756,-3.761860417848466,0.1327581677703904,-3.761860417848466,0.012695972475206428,10.58689134390758,-3.6274495367482142,0.026583899278243252,-0.0016527133298613883
76,IT,2007,0.02991,76.0,-3.5095624063402804,-3.642511729493465,0.13294932315318464,-3.642511729493465,0.01295867437417588,10.58689134390758,-3.5053196519329854,0.03003717036988011,-0.004242754407294935
77,IT,2007,0.03344,77.0,-3.398002490765636,-3.5287998488751007,0.13079735810946458,-3.5287998488751007,0.013218506789362525,10.58689134390758,-3.388856953767415,0.033747229505215616,-0.009145536998221182
78,IT,2007,0.03736,78.0,-3.2871546656214954,-3.4063348187809064,0.119180153159411,-3.4063348187809064,0.013120427703430103,10.58689134390758,-3.267430276299097,0.038104218686512994,-0.019724389322398395
79,IT,2007,0.04302,79.0,-3.146090155142553,-3.2760880840813775,0.12999792893882445,-3.2760880840813775,0.012917105267199382,10.58689134390758,-3.1393360941397215,0.043311543146154464,-0.006754061002831602
80,IT,2007,0.049,80.0,-3.0159349808715104,-3.147688530125818,0.1317535492543076,-3.147688530125818,0.013361763206868073,10.58689134390758,-3.0062289948916834,0.04947790884948383,-0.00970598597982697
81,IT,2007,0.05418,81.0,-2.915443442325188,-3.019397697716698,0.10395425539151004,-3.019397697716698,0.01261299801953086,10.58689134390758,-2.8858652581630033,0.05580648162631606,-0.029578184162184495
82,IT,2007,0.0623,82.0,-2.7757938531887296,-2.885073744863876,0.10927989167514651,-2.885073744863876,0.01222347467468327,10.58689134390758,-2.755665146637998,0.06356672441102636,-0.0201287065507314
83,IT,2007,0.07065,83.0,-2.6500171698516004,-2.7555804996782363,0.10556332982663585,-2.7555804996782363,0.011605682635583328,10.58689134390758,-2.6327123986434406,0.07188322162046298,-0.017304771208159764
84,IT,2007,0.07809,84.0,-2.5498932713075533,-2.624584815273864,0.07469154396631073,-2.624584815273864,0.010462248076074009,10.58689134390758,-2.5138221316794622,0.08095821418487056,-0.03607113962809105
85,IT,2007,0.0896,85.0,-2.4123999590012524,-2.493317042723466,0.08091708372221351,-2.493317042723466,0.009737743869726704,10.58689134390758,-2.390224606439867,0.09160910557151951,-0.022175352561385253
20,IT,2008,0.0004,20.0,-7.824046010856292,-8.103498808710839,0.2794527978545469,-8.103498808710839,0.027065368019014283,8.656179812249313,-7.869216116453549,0.00038233395005640925,0.04517010559725687
21,IT,2008,0.00038,21.0,-7.875339305243843,-8.055007618769682,0.17966831352583945,-8.055007618769682,0.023695264288118734,8.656179812249313,-7.849897150392957,0.0003897920561510106,-0.025442154850885856
22,IT,2008,0.00045,22.0,-7.706262975199909,-8.016067251865158,0.3098042766652487,-8.016067251865158,0.024368876838677903,8.656179812249313,-7.805125872127004,0.00040764010349034267,0.09886289692709482
23,IT,2008,0.00033,23.0,-8.016417903503749,-8.0579782106576,0.041560307153851284,-8.0579782106576,0.023859905728048508,8.656179812249313,-7.851442576372295,0.0003891901266194642,-0.16497532713145358
24,IT,2008,0.0004,24.0,-7.824046010856292,-8.02357600473842,0.19952999388212778,-8.02357600473842,0.022773052801918214,8.656179812249313,-7.826448364811168,0.000399040211755195,0.002402353954876091
25,IT,2008,0.00042,25.0,-7.77525584668686,-7.966418780420314,0.1911629337334544,-7.966418780420314,0.021477049735121993,8.656179812249313,-7.780509576076477,0.00041779921987008406,0.005253729389616879
26,IT,2008,0.00036,26.0,-7.929406526514119,-7.977270622743386,0.047864096229266906,-7.977270622743386,0.020228418997948437,8.656179812249313,-7.802169790579624,0.0004088469036993635,-0.12723673593449458
27,IT,2008,0.00042,27.0,-7.77525584668686,-7.972900795014032,0.19764494832717183,-7.972900795014032,0.021844882459629948,8.656179812249313,-7.783807564466024,0.0004164235925421288,0.008551717779163859
28,IT,2008,0.00044,28.0,-7.728735831051967,-7.954676995031266,0.2259411639792992,-7.954676995031266,0.01993958347081985,8.656179812249313,-7.782076375126495,0.00041714512500071237,0.05334054407452804
29,IT,2008,0.00046,29.0,-7.6842840684811335,-7.929714242097158,0.24543017361602448,-7.929714242097158,0.019123715743917843,8.656179812249313,-7.764175919939462,0.00042467944531708265,0.07989185145832867
30,IT,2008,0.00052,30.0,-7.5616817463888015,-7.870304959748891,0.30862321336008947,-7.870304959748891,0.018652436174824778,8.656179812249313,-7.708846118283104,0.0004488390856620125,0.1471643718943021
31,IT,2008,0.00045,31.0,-7.706262975199909,-7.8408302970485675,0.1345673218486585,-7.8408302970485675,0.019107855853761156,8.656179812249313,-7.67542926095187,0.0004640912985617365,-0.030833714248038824
32,IT,2008,0.00046,32.0,-7.6842840684811335,-7.778588484385329,0.0943044159041957,-7.778588484385329,0.018541998976225594,8.656179812249313,-7.618085607168577,0.0004914818203451894,-0.06619846131255613
33,IT,2008,0.00053,33.0,-7.542633551418106,-7.733291312023921,0.19065776060581463,-7.733291312023921,0.018290514561482833,8.656179812249313,-7.574965329121161,0.0005131382124391636,0.032331777703054954
34,IT,2008,0.00056,34.0,-7.487573774235079,-7.648546175377929,0.16097240114284972,-7.648546175377929,0.017506366593865882,8.656179812249313,-7.497007918282271,0.0005547417220097571,0.009434144047191673
35,IT,2008,0.00055,35.0,-7.505592279737757,-7.608556065774183,0.1029637860364252,-7.608556065774183,0.02028229426963641,8.656179812249313,-7.432988879571256,0.0005914171928243079,-0.07260340016650169
36,IT,2008,0.00062,36.0,-7.385791079925137,-7.50778525788188,0.12199417795674261,-7.50778525788188,0.02041717609479281,8.656179812249313,-7.331050510346995,0.0006548852618988914,-0.05474056957814177
37,IT,2008,0.00066,37.0,-7.3232707229438025,-7.457084963325983,0.13381424038218004,-7.457084963325983,0.019651752990632196,8.656179812249313,-7.2869758558131625,0.000684394634416108,-0.03629486713064001
38,IT,2008,0.00074,38.0,-7.208860371766058,-7.370419156757725,0.16155878499166665,-7.370419156757725,0.0202674338985073,8.656179812249313,-7.194980604599369,0.0007503426383694504,-0.013879767166689483
39,IT,2008,0.00079,39.0,-7.143477612503207,-7.264149925721109,0.12067231321790217,-7.264149925721109,0.020335399475374303,8.656179812249313,-7.088123051308349,0.0008349630786235373,-0.05535456119485804
40,IT,2008,0.00085,40.0,-7.070274208479912,-7.173715019720412,0.10344081124049964,-7.173715019720412,0.020319399669134045,8.656179812249313,-6.9978266425074285,0.0009138659662471308,-0.07244756597248347
41,IT,2008,0.00097,41.0,-6.938214486466846,-7.074037880487367,0.13582339402052135,-7.074037880487367,0.020495343107482796,8.656179812249313,-6.896626505235251,0.0010111909289056847,-0.04158798123159446
42,IT,2008,0.00102,42.0,-6.887952651685957,-6.96345930118426,0.07550664949830299,-6.96345930118426,0.020240987592618713,8.656179812249313,-6.788249673005045,0.0011269395616468644,-0.09970297868091205
43,IT,2008,0.00116,43.0,-6.759335273863864,-6.874320564860136,0.1149852909962723,-6.874320564860136,0.01964334143697972,8.656179812249313,-6.704284269268232,0.001225649625192875,-0.05505100459563206
44,IT,2008,0.00133,44.0,-6.622576336748475,-6.773294033705396,0.15071769695692083,-6.773294033705396,0.02027819283182161,8.656179812249313,-6.597762350285683,0.001363415472973422,-0.024813986462792315
45,IT,2008,0.00143,45.0,-6.550080834710321,-6.668785327590037,0.11870449287971585,-6.668785327590037,0.019317153767295814,8.656179812249313,-6.501572571119455,0.0015010767859362304,-0.048508263590865575
46,IT,2008,0.00162,46.0,-6.425329129737844,-6.563663036502831,0.1383339067649869,-6.563663036502831,0.018954085157196654,8.656179812249313,-6.399593067205451,0.0016622335529092788,-0.0257360625323928
47,IT,2008,0.00178,47.0,-6.331141914678144,-6.4787021755842575,0.14756026090611396,-6.4787021755842575,0.01798657493397922,8.656179812249313,-6.323007148749237,0.0017945389386092795,-0.008134765928906162
48,IT,2008,0.00186,48.0,-6.287178791257027,-6.384418485536626,0.09723969427959922,-6.384418485536626,0.017220232470692053,8.656179812249313,-6.235357056861582,0.001958929640170378,-0.05182173439544524
49,IT,2008,0.00212,49.0,-6.156339190298216,-6.2720432452744825,0.11570405497626624,-6.2720432452744825,0.016495468408212678,8.656179812249313,-6.129255504645716,0.002178202018488716,-0.0270836856525003
50,IT,2008,0.00227,50.0,-6.087975447488826,-6.17507269333256,0.08709724584373468,-6.17507269333256,0.015773513858200243,8.656179812249313,-6.038534321104972,0.0023850520735538847,-0.04944112638385345
51,IT,2008,0.0025,51.0,-5.991464547107982,-6.088573872844203,0.09710932573622166,-6.088573872844203,0.015010303509196268,8.656179812249313,-5.958641986632164,0.0025834179069875018,-0.03282256047581811
52,IT,2008,0.00272,52.0,-5.907123398674231,-5.973943100096437,0.06681970142220628,-5.973943100096437,0.01375066533335655,8.656179812249313,-5.854914868432839,0.00286577955903489,-0.05220853024139149
53,IT,2008,0.00312,53.0,-5.769922277160746,-5.893241669593349,0.12331939243260326,-5.893241669593349,0.01295815778978835,8.656179812249313,-5.781073525729442,0.00308540137194499,0.011151248568696204
54,IT,2008,0.00331,54.0,-5.710807089593166,-5.789458492776727,0.07865140318356101,-5.789458492776727,0.012093797968350164,8.656179812249313,-5.6847724029496725,0.0033973063785585496,-0.026034686643493288
55,IT,2008,0.00371,55.0,-5.596723402362794,-5.70713256976226,0.11040916739946649,-5.70713256976226,0.011123008713019614,8.656179812249313,-5.6108498062891465,0.0036579594795499784,0.014126403926352893
56,IT,2008,0.00404,56.0,-5.511510587009078,-5.601670953837083,0.09016036682800443,-5.601670953837083,0.0097378469097369,8.656179812249313,-5.517378400002244,0.004016363450752587,0.005867812993165522
57,IT,2008,0.00453,57.0,-5.397033339487194,-5.507107058032324,0.11007371854512993,-5.507107058032324,0.009929976269879456,8.656179812249313,-5.421151397908879,0.00442205217388504,0.024118058421684907
58,IT,2008,0.0049,58.0,-5.318520073865556,-5.419994586056584,0.10147451219102788,-5.419994586056584,0.00935670774989911,8.656179812249313,-5.339001241322791,0.004800663020565467,0.02048116745723494
59,IT,2008,0.00519,59.0,-5.261021581804339,-5.324196182067058,0.0631746002627187,-5.324196182067058,0.008908196402758034,8.656179812249313,-5.247085232201952,0.005262836009625111,-0.01393634960238721
60,IT,2008,0.00593,60.0,-5.127731065972503,-5.215864959071876,0.08813389309937314,-5.215864959071876,0.008778985536951035,8.656179812249313,-5.1398724816948915,0.005858436723627448,0.012141415722388693
61,IT,2008,0.00656,61.0,-5.026764676026139,-5.134373498820213,0.10760882279407369,-5.134373498820213,0.00800832928859658,8.656179812249313,-5.0650519605024185,0.006313582837344968,0.03828728447627938
62,IT,2008,0.00705,62.0,-4.95472766215796,-5.0391959268163635,0.08446826465840385,-5.0391959268163635,0.007443410213112718,8.656179812249313,-4.974764429595327,0.006910146573760498,0.020036767437367153
63,IT,2008,0.00777,63.0,-4.857485114602581,-4.945108750201136,0.0876236355985549,-4.945108750201136,0.007222264733534511,8.656179812249313,-4.882591528015994,0.007577351641703535,0.02510641341341291
64,IT,2008,0.00861,64.0,-4.754830960542498,-4.857926103297212,0.10309514275471354,-4.857926103297212,0.007559181092484768,8.656179812249313,-4.792492472527308,0.008291764609060873,0.03766151198481005
65,IT,2008,0.00936,65.0,-4.671309988492636,-4.762246394716038,0.09093640622340171,-4.762246394716038,0.007919647211399497,8.656179812249313,-4.693692504404585,0.00915282682847914,0.022382515911949064
66,IT,2008,0.01017,66.0,-4.588313068921669,-4.663371166665295,0.07505809774362593,-4.663371166665295,0.007934399503536919,8.656179812249313,-4.594689577860457,0.010105357220752783,0.006376508938788383
67,IT,2008,0.01098,67.0,-4.511679842900753,-4.575834168481627,0.06415432558087453,-4.575834168481627,0.008404693358453006,8.656179812249313,-4.50308163150404,0.011074815398420408,-0.008598211396712685
68,IT,2008,0.012,68.0,-4.422848629194137,-4.487854187069511,0.06500555787537365,-4.487854187069511,0.009200825359483569,8.656179812249313,-4.408210188336717,0.012176953290585516,-0.01463844085741961
69,IT,2008,0.01321,69.0,-4.326781160447903,-4.391889527042951,0.06510836659504804,-4.391889527042951,0.009487510691631477,8.656179812249313,-4.309763928525552,0.013436721246458673,-0.017017231922351606
70,IT,2008,0.01492,70.0,-4.205052684206522,-4.291435254219737,0.08638257001321481,-4.291435254219737,0.009992018752246168,8.656179812249313,-4.204942543212927,0.01492164339412531,-0.00011014099359485385
71,IT,2008,0.01649,71.0,-4.10500114241063,-4.186727063116378,0.08172592070574858,-4.186727063116378,0.010527324752195758,8.656179812249313,-4.095600647119428,0.016645745060785214,-0.009400495291201239
72,IT,2008,0.01799,72.0,-4.017939231019695,-4.0851712958374184,0.06723206481772337,-4.0851712958374184,0.011559102396732036,8.656179812249313,-3.985113627023104,0.01859033183865709,-0.03282560399659129
73,IT,2008,0.02062,73.0,-3.881493800393323,-3.9810533490046245,0.09955954861130145,-3.9810533490046245,0.01169743913549465,8.656179812249313,-3.879798212504941,0.020654992680457313,-0.0016955878883821995
74,IT,2008,0.0233,74.0,-3.759301918410482,-3.868654925201927,0.10935300679144477,-3.868654925201927,0.012327970030389813,8.656179812249313,-3.7619417998988522,0.023238571878475663,0.0026398814883701327
75,IT,2008,0.02583,75.0,-3.656218671874388,-3.761860417848466,0.10564174597407794,-3.761860417848466,0.012695972475206428,8.656179812249313,-3.6519617972117113,0.025940189437454117,-0.004256874662676768
76,IT,2008,0.0292,76.0,-3.533586569707901,-3.642511729493465,0.10892515978556405,-3.642511729493465,0.01295867437417588,8.656179812249313,-3.5303391139822113,0.029294979845139908,-0.0032474557256896297
77,IT,2008,0.03257,77.0,-3.424363659693995,-3.5287998488751007,0.10443618918110564,-3.5287998488751007,0.013218506789362525,8.656179812249313,-3.4143780772569405,0.032896859645967606,-0.009985582437054497
78,IT,2008,0.03679,78.0,-3.302529209865454,-3.4063348187809064,0.10380560891545221,-3.4063348187809064,0.013120427703430103,8.656179812249313,-3.292762037366398,0.037151094843423396,-0.00976717249905601
79,IT,2008,0.04214,79.0,-3.1667578706060944,-3.2760880840813775,0.10933021347528316,-3.2760880840813775,0.012917105267199382,8.656179812249313,-3.164275298234747,0.04224474556515458,-0.0024825723713473025
80,IT,2008,0.04873,80.0,-3.0214604221267223,-3.147688530125818,0.12622810799909567,-3.147688530125818,0.013361763206868073,8.656179812249313,-3.032026705198471,0.04821781573317041,0.010566283071748561
81,IT,2008,0.0538,81.0,-2.9224818118143983,-3.019397697716698,0.0969158859022996,-3.019397697716698,0.01261299801953086,8.656179812249313,-2.9102173188880944,0.054463892550429625,-0.012264492926303827
82,IT,2008,0.06179,82.0,-2.784013739909249,-2.885073744863876,0.1010600049546273,-2.885073744863876,0.01222347467468327,8.656179812249313,-2.779265150149342,0.06208411311987387,-0.004748589759906885
83,IT,2008,0.07038,83.0,-2.653846147088698,-2.7555804996782363,0.10173435258953845,-2.7555804996782363,0.011605682635583328,8.656179812249313,-2.6551196239407275,0.07029042974408292,0.0012734768520297202
84,IT,2008,0.07836,84.0,-2.5464416859057972,-2.624584815273864,0.07814312936806678,-2.624584815273864,0.010462248076074009,8.656179812249313,-2.534021714687008,0.07933929778134531,-0.01241997121878935
85,IT,2008,0.08794,85.0,-2.431100515229473,-2.493317042723466,0.06221652749399276,-2.493317042723466,0.009737743869726704,8.656179812249313,-2.409025380821483,0.0899028729517136,-0.022075134407990138
20,IT,2009,0.00043,20.0,-7.751725349276666,-8.103498808710839,0.35177345943417304,-8.103498808710839,0.027065368019014283,6.991142300128128,-7.914280969484573,0.00036548658979146316,0.16255562020790748
21,IT,2009,0.00037,21.0,-7.902007552326004,-8.055007618769682,0.15300006644367858,-8.055007618769682,0.023695264288118734,6.991142300128128,-7.8893506542923,0.0003747128141618703,-0.012656898033704067
22,IT,2009,0.00046,22.0,-7.6842840684811335,-8.016067251865158,0.3317831833840241,-8.016067251865158,0.024368876838677903,6.991142300128128,-7.845700966191664,0.00039143113194573355,0.1614168977105308
23,IT,2009,0.00039,23.0,-7.849363818840582,-8.0579782106576,0.2086143918170178,-8.0579782106576,0.023859905728048508,6.991142300128128,-7.891170214445171,0.0003740316215798316,0.04180639560458843
24,IT,2009,0.00039,24.0,-7.849363818840582,-8.02357600473842,0.17421218589783738,-8.02357600473842,0.022773052801918214,6.991142300128128,-7.864366351991878,0.00038419268322576844,0.015002533151295516
25,IT,2009,0.00041,25.0,-7.799353398265921,-7.966418780420314,0.16706538215439348,-7.966418780420314,0.021477049735121993,6.991142300128128,-7.8162696695351475,0.00040312266223616153,0.01691627126922679
26,IT,2009,0.00041,26.0,-7.799353398265921,-7.977270622743386,0.17791722447746494,-7.977270622743386,0.020228418997948437,6.991142300128128,-7.8358508670221125,0.0003953058191116334,0.036497468756191864
27,IT,2009,0.00041,27.0,-7.799353398265921,-7.972900795014032,0.17354739674811093,-7.972900795014032,0.021844882459629948,6.991142300128128,-7.820180113209186,0.0004015493519472568,0.020826714943265046
28,IT,2009,0.00038,28.0,-7.875339305243843,-7.954676995031266,0.0793376897874234,-7.954676995031266,0.01993958347081985,6.991142300128128,-7.815276529581482,0.0004035232183294631,-0.06006277566236129
29,IT,2009,0.00043,29.0,-7.751725349276666,-7.929714242097158,0.17798889282049224,-7.929714242097158,0.019123715743917843,6.991142300128128,-7.796017624024228,0.00041136995109254605,0.04429227474756203
30,IT,2009,0.00043,30.0,-7.751725349276666,-7.870304959748891,0.1185796104722252,-7.870304959748891,0.018652436174824778,6.991142300128128,-7.739903124206633,0.000435113725024361,-0.011822225070032388
31,IT,2009,0.00048,31.0,-7.641724454062337,-7.8408302970485675,0.19910584298623046,-7.8408302970485675,0.019107855853761156,6.991142300128128,-7.707244557724587,0.0004495585045814372,0.0655201036622497
32,IT,2009,0.00045,32.0,-7.706262975199909,-7.778588484385329,0.07232550918542024,-7.778588484385329,0.018541998976225594,6.991142300128128,-7.648958731013706,0.00047654007717283113,-0.05730424418620306
33,IT,2009,0.00046,33.0,-7.6842840684811335,-7.733291312023921,0.04900724354278729,-7.733291312023921,0.018290514561482833,6.991142300128128,-7.605419721982028,0.0004977464625222051,-0.07886434649910523
34,IT,2009,0.00051,34.0,-7.5810998322459024,-7.648546175377929,0.06744634313202624,-7.648546175377929,0.017506366593865882,6.991142300128128,-7.526156675362003,0.0005388050852539917,-0.05494315688389939
35,IT,2009,0.00059,35.0,-7.435388021064509,-7.608556065774183,0.17316804470967373,-7.608556065774183,0.02028229426963641,6.991142300128128,-7.466759660362081,0.0005717780534300371,0.03137163929757225
36,IT,2009,0.00057,36.0,-7.469874197135678,-7.50778525788188,0.03791106074620121,-7.50778525788188,0.02041717609479281,6.991142300128128,-7.365045874436409,0.000632996367466298,-0.10482832269926945
37,IT,2009,0.00063,37.0,-7.369790738578696,-7.457084963325983,0.08729422474728654,-7.457084963325983,0.019651752990632196,6.991142300128128,-7.319696761721504,0.0006623630345884182,-0.05009397685719197
38,IT,2009,0.00068,38.0,-7.293417759794122,-7.370419156757725,0.07700139696360342,-7.370419156757725,0.0202674338985073,6.991142300128128,-7.22872664231482,0.0007254440249918915,-0.06469111747930167
39,IT,2009,0.00073,39.0,-7.222466023821838,-7.264149925721109,0.041683901899271625,-7.264149925721109,0.020335399475374303,6.991142300128128,-7.121982254258817,0.0008071651576944375,-0.10048376956302096
40,IT,2009,0.00084,40.0,-7.082108666126914,-7.173715019720412,0.09160635359349723,-7.173715019720412,0.020319399669134045,6.991142300128128,-7.031659205180319,0.0008834647146195196,-0.05044946094659508
41,IT,2009,0.00097,41.0,-6.938214486466846,-7.074037880487367,0.13582339402052135,-7.074037880487367,0.020495343107482796,6.991142300128128,-6.930752020333005,0.0009772656683340107,-0.007462466133841161
42,IT,2009,0.00102,42.0,-6.887952651685957,-6.96345930118426,0.07550664949830299,-6.96345930118426,0.020240987592618713,6.991142300128128,-6.821951676629134,0.0010895923139232152,-0.06600097505682267
43,IT,2009,0.00116,43.0,-6.759335273863864,-6.874320564860136,0.1149852909962723,-6.874320564860136,0.01964334143697972,6.991142300128128,-6.736991169624208,0.0011862108999652985,-0.02234410423965638
44,IT,2009,0.00123,44.0,-6.700741109597811,-6.773294033705396,0.07255292410758507,-6.773294033705396,0.02027819283182161,6.991142300128128,-6.631526302028693,0.0013181496553666236,-0.06921480756911791
45,IT,2009,0.00146,45.0,-6.529318843261892,-6.668785327590037,0.13946648432814435,-6.668785327590037,0.019317153767295814,6.991142300128128,-6.533736356769415,0.001453564654856234,0.004417513507522841
46,IT,2009,0.00152,46.0,-6.489044944123952,-6.563663036502831,0.07461809237887884,-6.563663036502831,0.018954085157196654,6.991142300128128,-6.431152330000123,0.0016105938291633404,-0.057892614123828956
47,IT,2009,0.00166,47.0,-6.400937676613685,-6.4787021755842575,0.07776449897057258,-6.4787021755842575,0.01798657493397922,6.991142300128128,-6.352955470728891,0.001741592297468916,-0.04798220588479385
48,IT,2009,0.00186,48.0,-6.287178791257027,-6.384418485536626,0.09723969427959922,-6.384418485536626,0.017220232470692053,6.991142300128128,-6.264029389892731,0.0019035601367958772,-0.023149401364295663
49,IT,2009,0.00217,49.0,-6.133028111429769,-6.2720432452744825,0.13901513384471365,-6.2720432452744825,0.016495468408212678,6.991142300128128,-6.1567210783254,0.002119190551951467,0.023692966895630718
50,IT,2009,0.00234,50.0,-6.057604349612527,-6.17507269333256,0.11746834372003345,-6.17507269333256,0.015773513858200243,6.991142300128128,-6.064797813376839,0.002323227692609052,0.007193463764312291
51,IT,2009,0.00254,51.0,-5.975591197951692,-6.088573872844203,0.11298267489251135,-6.088573872844203,0.015010303509196268,6.991142300128128,-5.9836347050433,0.002519651438595458,0.008043507091607616
52,IT,2009,0.00278,52.0,-5.885304351279592,-5.973943100096437,0.08863874881684541,-5.973943100096437,0.01375066533335655,6.991142300128128,-5.877810242029502,0.0028009118838157768,-0.007494109250089309
53,IT,2009,0.00298,53.0,-5.815831978464824,-5.893241669593349,0.07740969112852536,-5.893241669593349,0.01295815778978835,6.991142300128128,-5.802649344537425,0.0030195443256157604,-0.013182633927399046
54,IT,2009,0.00338,54.0,-5.68987956948721,-5.789458492776727,0.09957892328951701,-5.789458492776727,0.012093797968350164,6.991142300128128,-5.70490903023099,0.003329580262502398,0.015029460743780199
55,IT,2009,0.00357,55.0,-5.635189683190589,-5.70713256976226,0.07194288657167114,-5.70713256976226,0.011123008713019614,6.991142300128128,-5.629370033043975,0.003590836723434994,-0.005819650146613675
56,IT,2009,0.00401,56.0,-5.518964037663659,-5.601670953837083,0.0827069161734233,-5.601670953837083,0.0097378469097369,6.991142300128128,-5.533592280394249,0.003951767703138781,0.014628242730589491
57,IT,2009,0.00444,57.0,-5.417100902538004,-5.507107058032324,0.09000615549432034,-5.507107058032324,0.009929976269879456,6.991142300128128,-5.437685180892702,0.004349540024822394,0.020584278354697894
58,IT,2009,0.00462,58.0,-5.37736057388849,-5.419994586056584,0.042634012168093705,-5.419994586056584,0.00935670774989911,6.991142300128128,-5.354580510716327,0.004726451777574421,-0.022780063172162635
59,IT,2009,0.00532,59.0,-5.236281975628584,-5.324196182067058,0.08791420643847392,-5.324196182067058,0.008908196402758034,6.991142300128128,-5.261917713377887,0.005185351160430354,0.025635737749302834
60,IT,2009,0.00565,60.0,-5.176099733823787,-5.215864959071876,0.039765225248088676,-5.215864959071876,0.008778985536951035,6.991142300128128,-5.154489821932285,0.005773424798574259,-0.02160991189150252
61,IT,2009,0.00641,61.0,-5.049896008049559,-5.134373498820213,0.08447749077065403,-5.134373498820213,0.00800832928859658,6.991142300128128,-5.07838612917735,0.00622995525010452,0.028490121127791035
62,IT,2009,0.0069,62.0,-4.976233867378923,-5.0391959268163635,0.06296205943744049,-5.0391959268163635,0.007443410213112718,6.991142300128128,-4.987157986818265,0.006825033791292343,0.010924119439342128
63,IT,2009,0.0078,63.0,-4.853631545286591,-4.945108750201136,0.09147720491454514,-4.945108750201136,0.007222264733534511,6.991142300128128,-4.894616869719799,0.007486777085483786,0.04098532443320835
64,IT,2009,0.00879,64.0,-4.734140567285052,-4.857926103297212,0.1237855360121598,-4.857926103297212,0.007559181092484768,6.991142300128128,-4.805078792607213,0.008188055830689659,0.07093822532216087
65,IT,2009,0.00926,65.0,-4.682051230324049,-4.762246394716038,0.0801951643919887,-4.762246394716038,0.007919647211399497,6.991142300128128,-4.706879014094331,0.009032925267771802,0.02482778377028172
66,IT,2009,0.01008,66.0,-4.5972020163389145,-4.663371166665295,0.06616915032638016,-4.663371166665295,0.007934399503536919,6.991142300128128,-4.607900650670002,0.00997273259646292,0.010698634331087753
67,IT,2009,0.01098,67.0,-4.511679842900753,-4.575834168481627,0.06415432558087453,-4.575834168481627,0.008404693358453006,6.991142300128128,-4.51707576122374,0.010920912376175502,0.00539591832298747
68,IT,2009,0.01199,68.0,-4.4236823099427145,-4.487854187069511,0.06417187712679606,-4.487854187069511,0.009200825359483569,6.991142300128128,-4.423529907702734,0.011991827442106964,-0.00015240223998080893
69,IT,2009,0.01322,69.0,-4.3260244445585965,-4.391889527042951,0.06586508248435496,-4.391889527042951,0.009487510691631477,6.991142300128128,-4.325560989723769,0.01322612829290022,-0.0004634548348274592
70,IT,2009,0.01435,70.0,-4.244005336776507,-4.291435254219737,0.047429917443229996,-4.291435254219737,0.009992018752246168,6.991142300128128,-4.221579629257235,0.014675444424587084,-0.022425707519271754
71,IT,2009,0.01639,71.0,-4.111083886226399,-4.186727063116378,0.07564317688997946,-4.186727063116378,0.010527324752195758,6.991142300128128,-4.113129037734117,0.016356514220206606,0.0020451515077182236
72,IT,2009,0.01807,72.0,-4.013502174378,-4.0851712958374184,0.0716691214594185,-4.0851712958374184,0.011559102396732036,6.991142300128128,-4.004359966120113,0.018235957154765815,-0.009142208257887141
73,IT,2009,0.02038,73.0,-3.893201251187558,-3.9810533490046245,0.08785209781706627,-3.9810533490046245,0.01169743913549465,6.991142300128128,-3.8992748874612935,0.020256594432366614,0.00607363627373525
74,IT,2009,0.02281,74.0,-3.7805562426858406,-3.868654925201927,0.08809868251608632,-3.868654925201927,0.012327970030389813,6.991142300128128,-3.782468332447757,0.022766426903641987,0.00191208976191648
75,IT,2009,0.02552,75.0,-3.668292820505548,-3.761860417848466,0.09356759734291797,-3.761860417848466,0.012695972475206428,6.991142300128128,-3.673101067635788,0.025397588062499032,0.004808247130239973
76,IT,2009,0.02826,76.0,-3.5663079017257555,-3.642511729493465,0.07620382776770951,-3.642511729493465,0.01295867437417588,6.991142300128128,-3.5519157929225775,0.02866966187272385,-0.014392108803177983
77,IT,2009,0.03268,77.0,-3.4209920089903347,-3.5287998488751007,0.10780783988476594,-3.5287998488751007,0.013218506789362525,6.991142300128128,-3.4363873869154573,0.03218073211949662,0.015395377925122578
78,IT,2009,0.03637,78.0,-3.3140110199832393,-3.4063348187809064,0.09232379879766706,-3.4063348187809064,0.013120427703430103,6.991142300128128,-3.3146080416676833,0.036348292801815556,0.0005970216844439769
79,IT,2009,0.04107,79.0,-3.19247735101367,-3.2760880840813775,0.08361073306770761,-3.2760880840813775,0.012917105267199382,6.991142300128128,-3.1857827630526523,0.04134586911226481,-0.006694587961017628
80,IT,2009,0.04649,80.0,-3.068518043279644,-3.147688530125818,0.079170486846174,-3.147688530125818,0.013361763206868073,6.991142300128128,-3.0542745421659867,0.04715691872035632,-0.014243501113657242
81,IT,2009,0.05352,81.0,-2.927699863162164,-3.019397697716698,0.09169783455453384,-3.019397697716698,0.01261299801953086,6.991142300128128,-2.9312184337309235,0.05333201701280413,0.0035185705687594826
82,IT,2009,0.0607,82.0,-2.8018115809166844,-2.885073744863876,0.08326216394719177,-2.885073744863876,0.01222347467468327,6.991142300128128,-2.799617694011153,0.0608333151208427,-0.0021938869055313504
83,IT,2009,0.06867,83.0,-2.678442856349552,-2.7555804996782363,0.07713764332868411,-2.7555804996782363,0.011605682635583328,6.991142300128128,-2.6744435208827473,0.06894518427683424,-0.003999335466804865
84,IT,2009,0.07787,84.0,-2.552714509393242,-2.624584815273864,0.07187030588062182,-2.624584815273864,0.010462248076074009,6.991142300128128,-2.551441750194789,0.0779691728569789,-0.001272759198453155
85,IT,2009,0.08852,85.0,-2.424526763799288,-2.493317042723466,0.06879027892417788,-2.493317042723466,0.009737743869726704,6.991142300128128,-2.4252390896480063,0.08845696736842314,0.000712325848718276
20,IT,2010,0.00033,20.0,-8.016417903503749,-8.103498808710839,0.08708090520709,-8.103498808710839,0.027065368019014283,3.8062202731669594,-8.000482056256143,0.00033530095501487357,-0.015935847247606105
21,IT,2010,0.00035,21.0,-7.957577403480815,-8.055007618769682,0.09743021528886775,-8.055007618769682,0.023695264288118734,3.8062202731669594,-7.964818223458196,0.00034747486606066395,0.007240819977381463
22,IT,2010,0.00033,22.0,-8.016417903503749,-8.016067251865158,-0.00035065163859115955,-8.016067251865158,0.024368876838677903,3.8062202731669594,-7.923313938807473,0.0003622000266968532,-0.09310396469627591
23,IT,2010,0.00031,23.0,-8.078938260485081,-8.0579782106576,-0.020960049827481342,-8.0579782106576,0.023859905728048508,3.8062202731669594,-7.9671621537596495,0.000346661362962841,-0.11177610672543192
24,IT,2010,0.00038,24.0,-7.875339305243843,-8.02357600473842,0.14823669949457674,-8.02357600473842,0.022773052801918214,3.8062202731669594,-7.936896749481857,0.00035731359318434,0.061557444238014014
25,IT,2010,0.00034,25.0,-7.986564940354067,-7.966418780420314,-0.020146159933752905,-7.966418780420314,0.021477049735121993,3.8062202731669594,-7.884672398310678,0.00037646992352512296,-0.10189254204338916
26,IT,2010,0.00036,26.0,-7.929406526514119,-7.977270622743386,0.047864096229266906,-7.977270622743386,0.020228418997948437,3.8062202731669594,-7.900276804259279,0.00037064093126997475,-0.029129722254840118
27,IT,2010,0.00037,27.0,-7.902007552326004,-7.972900795014032,0.07089324268802777,-7.972900795014032,0.021844882459629948,3.8062202731669594,-7.889754360531239,0.000374561570791983,-0.01225319179476525
28,IT,2010,0.00035,28.0,-7.957577403480815,-7.954676995031266,-0.0029004084495483085,-7.954676995031266,0.01993958347081985,3.8062202731669594,-7.878782548186127,0.0003786938177238831,-0.07879485529468777
29,IT,2010,0.00041,29.0,-7.799353398265921,-7.929714242097158,0.13036084383123736,-7.929714242097158,0.019123715743917843,3.8062202731669594,-7.856925167534376,0.00038706219489098977,0.05757176926845542
30,IT,2010,0.00039,30.0,-7.849363818840582,-7.870304959748891,0.020941140908308675,-7.870304959748891,0.018652436174824778,3.8062202731669594,-7.7993096790363206,0.0004100179252759728,-0.050054139804261766
31,IT,2010,0.00044,31.0,-7.728735831051967,-7.8408302970485675,0.11209446599660033,-7.8408302970485675,0.019107855853761156,3.8062202731669594,-7.76810158872123,0.0004230155625395049,0.039365757669262536
32,IT,2010,0.00044,32.0,-7.728735831051967,-7.778588484385329,0.049852653333362085,-7.778588484385329,0.018541998976225594,3.8062202731669594,-7.708013551976978,0.0004492129295649309,-0.020722279074989025
33,IT,2010,0.0005,33.0,-7.600902459542082,-7.733291312023921,0.13238885248183863,-7.733291312023921,0.018290514561482833,3.8062202731669594,-7.663673584693349,0.0004695791994145921,0.06277112515126682
34,IT,2010,0.00052,34.0,-7.5616817463888015,-7.648546175377929,0.08686442898912716,-7.648546175377929,0.017506366593865882,3.8062202731669594,-7.581913087938863,0.0005095854082040096,0.0202313415500619
35,IT,2010,0.00054,35.0,-7.523941418405954,-7.608556065774183,0.08461464736822855,-7.608556065774183,0.02028229426963641,3.8062202731669594,-7.531357186138754,0.0005360102970634358,0.007415767732799949
36,IT,2010,0.00057,36.0,-7.469874197135678,-7.50778525788188,0.03791106074620121,-7.50778525788188,0.02041717609479281,3.8062202731669594,-7.4300729883090595,0.000593144217733941,-0.03980120882661886
37,IT,2010,0.00063,37.0,-7.369790738578696,-7.457084963325983,0.08729422474728654,-7.457084963325983,0.019651752990632196,3.8062202731669594,-7.382286062689769,0.0006221769235345312,0.01249532411107257
38,IT,2010,0.00067,38.0,-7.308232845579262,-7.370419156757725,0.06218631117846307,-7.370419156757725,0.0202674338985073,3.8062202731669594,-7.293276838968155,0.0006800958329139255,-0.014956006611106964
39,IT,2010,0.00071,39.0,-7.250245587928913,-7.264149925721109,0.01390433779219613,-7.264149925721109,0.020335399475374303,3.8062202731669594,-7.186748915974991,0.0007565447170991734,-0.0634966719539225
40,IT,2010,0.00083,40.0,-7.09408485717363,-7.173715019720412,0.07963016254678124,-7.173715019720412,0.020319399669134045,3.8062202731669594,-7.096374908761171,0.0008281014319214897,0.002290051587540809
41,IT,2010,0.00086,41.0,-7.05857816871672,-7.074037880487367,0.015459711770646756,-7.074037880487367,0.020495343107482796,3.8062202731669594,-6.996028090046154,0.0009155110810992164,-0.06255007867056683
42,IT,2010,0.00096,42.0,-6.9485772735023925,-6.96345930118426,0.014882027681867527,-6.96345930118426,0.020240987592618713,3.8062202731669594,-6.886417643860314,0.001021566910284261,-0.06215962964207833
43,IT,2010,0.00116,43.0,-6.759335273863864,-6.874320564860136,0.1149852909962723,-6.874320564860136,0.01964334143697972,3.8062202731669594,-6.7995536804499634,0.0011142723584167766,0.04021840658609932
44,IT,2010,0.00119,44.0,-6.733801971858699,-6.773294033705396,0.039492061846696735,-6.773294033705396,0.02027819283182161,3.8062202731669594,-6.696110765045727,0.0012357085298297823,-0.03769120681297178
45,IT,2010,0.00134,45.0,-6.615085665019317,-6.668785327590037,0.05369966257072001,-6.668785327590037,0.019317153767295814,3.8062202731669594,-6.595259985301071,0.001366831508413651,-0.019825679718245226
46,IT,2010,0.00148,46.0,-6.515713191206113,-6.563663036502831,0.047949845296717974,-6.563663036502831,0.018954085157196654,3.8062202731669594,-6.491519613318176,0.0015162431532185184,-0.024193577887936968
47,IT,2010,0.00164,47.0,-6.41305903714603,-6.4787021755842575,0.06564313843822767,-6.4787021755842575,0.01798657493397922,3.8062202731669594,-6.410241309425709,0.0016446275900439354,-0.0028177277203207396
48,IT,2010,0.00178,48.0,-6.331141914678144,-6.384418485536626,0.053276570858482586,-6.384418485536626,0.017220232470692053,3.8062202731669594,-6.3188744875980305,0.0018019705054621057,-0.01226742708011308
49,IT,2010,0.00205,49.0,-6.18991548583182,-6.2720432452744825,0.08212775944266237,-6.2720432452744825,0.016495468408212678,3.8062202731669594,-6.209257859003758,0.0020107291550173698,0.019342373171937766
50,IT,2010,0.00217,50.0,-6.133028111429769,-6.17507269333256,0.04204458190279148,-6.17507269333256,0.015773513858200243,3.8062202731669594,-6.115035225106398,0.0022093979417674467,-0.017992886323370705
51,IT,2010,0.00236,51.0,-6.049093659944618,-6.088573872844203,0.039480212899585254,-6.088573872844203,0.015010303509196268,3.8062202731669594,-6.031441351321112,0.0024020293141946416,-0.017652308623506308
52,IT,2010,0.00271,52.0,-5.910806644090528,-5.973943100096437,0.06313645600590956,-5.973943100096437,0.01375066533335655,3.8062202731669594,-5.921605038935081,0.002680893783010789,0.010798394844553805
53,IT,2010,0.00291,53.0,-5.839602197798736,-5.893241669593349,0.05363947179461359,-5.893241669593349,0.01295815778978835,3.8062202731669594,-5.843920066710961,0.0028974620894721905,0.004317868912225187
54,IT,2010,0.00331,54.0,-5.710807089593166,-5.789458492776727,0.07865140318356101,-5.789458492776727,0.012093797968350164,3.8062202731669594,-5.743426833770007,0.0032037706530921605,0.032619744176841436
55,IT,2010,0.00347,55.0,-5.663600685023369,-5.70713256976226,0.0435318847388908,-5.70713256976226,0.011123008713019614,3.8062202731669594,-5.664795948500152,0.003465854913464327,0.0011952634767826709
56,IT,2010,0.004,56.0,-5.521460917862246,-5.601670953837083,0.08021003597483656,-5.601670953837083,0.0097378469097369,3.8062202731669594,-5.564606563512246,0.0038310875383976446,0.04314564565000012
57,IT,2010,0.00414,57.0,-5.487059491144914,-5.507107058032324,0.02004756688740983,-5.507107058032324,0.009929976269879456,3.8062202731669594,-5.469311381041842,0.004214133091002333,-0.017748110103072534
58,IT,2010,0.00458,58.0,-5.386056280856043,-5.419994586056584,0.03393830520054042,-5.419994586056584,0.00935670774989911,3.8062202731669594,-5.384380895328819,0.004587679697145056,-0.001675385527224016
59,IT,2010,0.00501,59.0,-5.296319363885364,-5.324196182067058,0.027876818181693963,-5.324196182067058,0.008908196402758034,3.8062202731669594,-5.290289624321527,0.005040300254733141,-0.006029739563836678
60,IT,2010,0.00562,60.0,-5.181423615076537,-5.215864959071876,0.03444134399533905,-5.215864959071876,0.008778985536951035,3.8062202731669594,-5.182450206343294,0.005614233517497553,0.00102659126675686
61,IT,2010,0.00601,61.0,-5.114330530435021,-5.134373498820213,0.020042968385191706,-5.134373498820213,0.00800832928859658,3.8062202731669594,-5.103892033527759,0.006073063940153577,-0.01043849690726173
62,IT,2010,0.00665,62.0,-5.013138424314374,-5.0391959268163635,0.026057502501989127,-5.0391959268163635,0.007443410213112718,3.8062202731669594,-5.010864667961716,0.006665137682924758,-0.0022737563526584736
63,IT,2010,0.00741,63.0,-4.904924839674141,-4.945108750201136,0.04018391052699499,-4.945108750201136,0.007222264733534511,3.8062202731669594,-4.917619219754179,0.007316529175901437,0.012694380080037426
64,IT,2010,0.00821,64.0,-4.8024023555178,-4.857926103297212,0.055523747779411714,-4.857926103297212,0.007559181092484768,3.8062202731669594,-4.829154194974456,0.007993279163307757,0.026751839456656157
65,IT,2010,0.00887,65.0,-4.725080482660649,-4.762246394716038,0.03716591205538844,-4.762246394716038,0.007919647211399497,3.8062202731669594,-4.732102472943679,0.008807933117745971,0.007021990283029744
66,IT,2010,0.0101,66.0,-4.595219855134923,-4.663371166665295,0.06815131153037157,-4.663371166665295,0.007934399503536919,3.8062202731669594,-4.633171094419526,0.009723874834534888,0.03795123928460331
67,IT,2010,0.01069,67.0,-4.5384465539451835,-4.575834168481627,0.03738761453644379,-4.575834168481627,0.008404693358453006,3.8062202731669594,-4.543844054230932,0.010632456158098939,0.005397500285748258
68,IT,2010,0.01159,68.0,-4.457612621630477,-4.487854187069511,0.030241565439033558,-4.487854187069511,0.009200825359483569,3.8062202731669594,-4.452833819056376,0.011645518873043749,-0.0047788025741013485
69,IT,2010,0.01248,69.0,-4.383627916040855,-4.391889527042951,0.008261611002096103,-4.391889527042951,0.009487510691631477,3.8062202731669594,-4.355777971506575,0.01283245241747645,-0.027849944534279913
70,IT,2010,0.0142,70.0,-4.254513314374922,-4.291435254219737,0.036921939844814844,-4.291435254219737,0.009992018752246168,3.8062202731669594,-4.253403429875073,0.014215769109224053,-0.0011098844998489454
71,IT,2010,0.01552,71.0,-4.165625764227064,-4.186727063116378,0.021101298889314002,-4.186727063116378,0.010527324752195758,3.8062202731669594,-4.146657746222358,0.015817193313050697,-0.018968018004706266
72,IT,2010,0.0174,72.0,-4.051285072761654,-4.0851712958374184,0.03388622307576483,-4.0851712958374184,0.011559102396732036,3.8062202731669594,-4.0411748059553645,0.01757681093921928,-0.010110266806289125
73,IT,2010,0.01903,73.0,-3.961738597674079,-3.9810533490046245,0.019314751330545388,-3.9810533490046245,0.01169743913549465,3.8062202731669594,-3.9365303190229683,0.01951581104711158,-0.02520827865111075
74,IT,2010,0.02205,74.0,-3.814442677089282,-3.868654925201927,0.0542122481126448,-3.868654925201927,0.012327970030389813,3.8062202731669594,-3.8217319557452627,0.021889855782634103,0.007289278655980613
75,IT,2010,0.02445,75.0,-3.7111250630612562,-3.761860417848466,0.05073535478720981,-3.761860417848466,0.012695972475206428,3.8062202731669594,-3.7135367500257654,0.02439110530005326,0.0024116869645092187
76,IT,2010,0.02764,76.0,-3.588491280082668,-3.642511729493465,0.05402044941079698,-3.642511729493465,0.01295867437417588,3.8062202731669594,-3.5931881603771076,0.02751048263055525,0.004696880294439598
77,IT,2010,0.03068,77.0,-3.484144302483082,-3.5287998488751007,0.04465554639201885,-3.5287998488751007,0.013218506789362525,3.8062202731669594,-3.478487300352434,0.03085404865802915,-0.0056570021306479035
78,IT,2010,0.03493,78.0,-3.3544092201633964,-3.4063348187809064,0.051925598617510005,-3.4063348187809064,0.013120427703430103,3.8062202731669594,-3.3563955808634893,0.03486068528554896,0.0019863607000929484
79,IT,2010,0.03975,79.0,-3.225145437881796,-3.2760880840813775,0.05094264619958144,-3.2760880840813775,0.012917105267199382,3.8062202731669594,-3.2269227361427317,0.03967941513788438,0.0017772982609356447
80,IT,2010,0.04575,80.0,-3.0845634872606067,-3.147688530125818,0.06312504286521126,-3.147688530125818,0.013361763206868073,3.8062202731669594,-3.0968307161225805,0.04519220258880551,0.012267228861973845
81,IT,2010,0.05197,81.0,-2.9570886499617863,-3.019397697716698,0.06230904775491153,-3.019397697716698,0.01261299801953086,3.8062202731669594,-2.971389848949345,0.05123205600780019,0.01430119898755855
82,IT,2010,0.05911,82.0,-2.828355164145859,-2.885073744863876,0.056718580718017275,-2.885073744863876,0.01222347467468327,3.8062202731669594,-2.8385485077485537,0.05851053194218855,0.01019334360269486
83,IT,2010,0.06675,83.0,-2.706800981701778,-2.7555804996782363,0.0487795179764583,-2.7555804996782363,0.011605682635583328,3.8062202731669594,-2.711406715146737,0.06644327418343364,0.004605733444959181
84,IT,2010,0.07545,84.0,-2.5842850937682793,-2.624584815273864,0.040299721505584696,-2.624584815273864,0.010462248076074009,3.8062202731669594,-2.584763194543809,0.07541393591830593,0.0004781007755298994
85,IT,2010,0.08544,85.0,-2.4599409037702524,-2.493317042723466,0.03337613895321345,-2.493317042723466,0.009737743869726704,3.8062202731669594,-2.456253044591605,0.08575567240814755,-0.0036878591786475567
20,IT,2011,0.00038,20.0,-7.875339305243843,-8.103498808710839,0.22815950346699587,-8.103498808710839,0.027065368019014283,2.5394955626357953,-8.034766426725447,0.0003240001994047265,0.15942712148160432
21,IT,2011,0.00033,21.0,-8.016417903503749,-8.055007618769682,0.03858971526593358,-8.055007618769682,0.023695264288118734,2.5394955626357953,-7.994833600254522,0.00033720024668955795,-0.021584303249226444
22,IT,2011,0.00034,22.0,-7.986564940354067,-8.016067251865158,0.029502311511090618,-8.016067251865158,0.024368876838677903,2.5394955626357953,-7.954182597266917,0.00035119020128316,-0.032382343087149934
23,IT,2011,0.00037,23.0,-7.902007552326004,-8.0579782106576,0.1559706583315963,-8.0579782106576,0.023859905728048508,2.5394955626357953,-7.997386085936313,0.00033634064541466466,0.09537853361030901
24,IT,2011,0.0004,24.0,-7.824046010856292,-8.02357600473842,0.19952999388212778,-8.02357600473842,0.022773052801918214,2.5394955626357953,-7.965743938200278,0.0003471533522926261,0.14169792734398623
25,IT,2011,0.00038,25.0,-7.875339305243843,-7.966418780420314,0.09107947517647119,-7.966418780420314,0.021477049735121993,2.5394955626357953,-7.911877907919464,0.00036636593270236777,0.0365386026756207
26,IT,2011,0.00033,26.0,-8.016417903503749,-7.977270622743386,-0.03914728076036322,-7.977270622743386,0.020228418997948437,2.5394955626357953,-7.9259006424589575,0.00036126433326776324,-0.0905172610447913
27,IT,2011,0.00036,27.0,-7.929406526514119,-7.972900795014032,0.04349426849991289,-7.972900795014032,0.021844882459629948,2.5394955626357953,-7.9174258129415005,0.0003643389971264161,-0.011980713572618207
28,IT,2011,0.00035,28.0,-7.957577403480815,-7.954676995031266,-0.0029004084495483085,-7.954676995031266,0.01993958347081985,2.5394955626357953,-7.904040511286313,0.0003692485692574166,-0.05353689219450164
29,IT,2011,0.00039,29.0,-7.849363818840582,-7.929714242097158,0.08035042325657571,-7.929714242097158,0.019123715743917843,2.5394955626357953,-7.88114965082437,0.00037779847069608377,0.031785831983787816
30,IT,2011,0.00039,30.0,-7.849363818840582,-7.870304959748891,0.020941140908308675,-7.870304959748891,0.018652436174824778,2.5394955626357953,-7.822937180850576,0.0004004437779939954,-0.02642663799000644
31,IT,2011,0.0004,31.0,-7.824046010856292,-7.8408302970485675,0.016784286192275566,-7.8408302970485675,0.019107855853761156,2.5394955626357953,-7.792305981896456,0.0004128996462174283,-0.03174002895983552
32,IT,2011,0.00045,32.0,-7.706262975199909,-7.778588484385329,0.07232550918542024,-7.778588484385329,0.018541998976225594,2.5394955626357953,-7.731501160262807,0.0004387849359475931,0.02523818506289821
33,IT,2011,0.00044,33.0,-7.728735831051967,-7.733291312023921,0.004555480971953685,-7.733291312023921,0.018290514561482833,2.5394955626357953,-7.6868426314567095,0.00045882456538420255,-0.04189319959525761
34,IT,2011,0.00051,34.0,-7.5810998322459024,-7.648546175377929,0.06744634313202624,-7.648546175377929,0.017506366593865882,2.5394955626357953,-7.604088835094931,0.0004984093477770765,0.022989002849028495
35,IT,2011,0.00051,35.0,-7.5810998322459024,-7.608556065774183,0.027456233528280194,-7.608556065774183,0.02028229426963641,2.5394955626357953,-7.557049269476368,0.0005224144761791883,-0.024050562769534878
36,IT,2011,0.00055,36.0,-7.505592279737757,-7.50778525788188,0.0021929781441221152,-7.50778525788188,0.02041717609479281,2.5394955626357953,-7.4559359297876,0.0005780004389936502,-0.04965634995015744
37,IT,2011,0.00052,37.0,-7.5616817463888015,-7.457084963325983,-0.10459678306281894,-7.457084963325983,0.019651752990632196,2.5394955626357953,-7.407179423808257,0.00060688003411602,-0.15450232258054442
38,IT,2011,0.00067,38.0,-7.308232845579262,-7.370419156757725,0.06218631117846307,-7.370419156757725,0.0202674338985073,2.5394955626357953,-7.318950098306451,0.0006628577815155585,0.010717252727189042
39,IT,2011,0.00073,39.0,-7.222466023821838,-7.264149925721109,0.041683901899271625,-7.264149925721109,0.020335399475374303,2.5394955626357953,-7.21250826898897,0.0007373054737205504,-0.009957754832867316
40,IT,2011,0.0008,40.0,-7.1308988302963465,-7.173715019720412,0.042816189424065065,-7.173715019720412,0.020319399669134045,2.5394955626357953,-7.122113994425223,0.000807058828626304,-0.008784835871123775
41,IT,2011,0.00083,41.0,-7.09408485717363,-7.074037880487367,-0.020046976686263207,-7.074037880487367,0.020495343107482796,2.5394955626357953,-7.021990047611216,0.0008920485062923795,-0.07209480956241432
42,IT,2011,0.00097,42.0,-6.938214486466846,-6.96345930118426,0.025244814717414243,-6.96345930118426,0.020240987592618713,2.5394955626357953,-6.912057403009439,0.000995707116851719,-0.02615708345740675
43,IT,2011,0.00104,43.0,-6.868534565828856,-6.874320564860136,0.005785999031280298,-6.874320564860136,0.01964334143697972,2.5394955626357953,-6.824436386445586,0.0010868883538740568,-0.044098179383269986
44,IT,2011,0.00117,44.0,-6.750751530172472,-6.773294033705396,0.02254250353292342,-6.773294033705396,0.02027819283182161,2.5394955626357953,-6.721797652990712,0.0012043712252597298,-0.028953877181760568
45,IT,2011,0.00129,45.0,-6.653113060608557,-6.668785327590037,0.015672266981479943,-6.668785327590037,0.019317153767295814,2.5394955626357953,-6.619729501315236,0.0013337916857180338,-0.03338355929332071
46,IT,2011,0.00154,46.0,-6.475972862556599,-6.563663036502831,0.08769017394623191,-6.563663036502831,0.018954085157196654,2.5394955626357953,-6.515529221352309,0.001480272300430398,0.039556358795709734
47,IT,2011,0.00155,47.0,-6.469500348050982,-6.4787021755842575,0.009201827533275697,-6.4787021755842575,0.01798657493397922,2.5394955626357953,-6.433025348352401,0.001607579980741053,-0.03647499969858092
48,IT,2011,0.00188,48.0,-6.276483502140279,-6.384418485536626,0.10793498339634677,-6.384418485536626,0.017220232470692053,2.5394955626357953,-6.340687781589747,0.0017630891994373048,0.06420427944946727
49,IT,2011,0.00198,49.0,-6.224658434275693,-6.2720432452744825,0.047384810998789106,-6.2720432452744825,0.016495468408212678,2.5394955626357953,-6.230153076448228,0.0019691504430117235,0.00549464217253437
50,IT,2011,0.00222,50.0,-6.110248083097949,-6.17507269333256,0.06482461023461106,-6.17507269333256,0.015773513858200243,2.5394955626357953,-6.135015924882486,0.0021656907292397693,0.024767841784536948
51,IT,2011,0.0023,51.0,-6.074846156047033,-6.088573872844203,0.01372771679717033,-6.088573872844203,0.015010303509196268,2.5394955626357953,-6.050455273688783,0.0023567887782817163,-0.024390882358249932
52,IT,2011,0.00264,52.0,-5.936976361823913,-5.973943100096437,0.0369667382725245,-5.973943100096437,0.01375066533335655,2.5394955626357953,-5.939023346499089,0.0026346014876785758,0.0020469846751760556
53,IT,2011,0.00289,53.0,-5.846498776857796,-5.893241669593349,0.0467428927355531,-5.893241669593349,0.01295815778978835,2.5394955626357953,-5.860334485386248,0.002850290142816611,0.013835708528451285
54,IT,2011,0.00329,54.0,-5.716867714204857,-5.789458492776727,0.07259077857187002,-5.789458492776727,0.012093797968350164,2.5394955626357953,-5.758746346500688,0.0031550644777793473,0.04187863229583133
55,IT,2011,0.0035,55.0,-5.654992310486769,-5.70713256976226,0.052140259275491374,-5.70713256976226,0.011123008713019614,2.5394955626357953,-5.678885738492387,0.0034173641600609276,0.023893428005618667
56,IT,2011,0.00377,56.0,-5.580680277522218,-5.601670953837083,0.020990676314864842,-5.601670953837083,0.0097378469097369,2.5394955626357953,-5.576941734820179,0.0037841206849317742,-0.003738542702039105
57,IT,2011,0.00428,57.0,-5.453802269388432,-5.507107058032324,0.05330478864389221,-5.507107058032324,0.009929976269879456,2.5394955626357953,-5.481889927357886,0.004161457409014272,0.028087657969454227
58,IT,2011,0.0047,58.0,-5.360192770266124,-5.419994586056584,0.0598018157904594,-5.419994586056584,0.00935670774989911,2.5394955626357953,-5.396233268244835,0.004533625772972823,0.03604049797871056
59,IT,2011,0.00508,59.0,-5.282444017391747,-5.324196182067058,0.0417521646753114,-5.324196182067058,0.008908196402758034,2.5394955626357953,-5.301573856831165,0.004983744031651683,0.019129839439418816
60,IT,2011,0.00561,60.0,-5.183204559447532,-5.215864959071876,0.032660399624344194,-5.215864959071876,0.008778985536951035,2.5394955626357953,-5.193570764256345,0.005552145972445107,0.010366204808812896
61,IT,2011,0.00604,61.0,-5.1093512670354135,-5.134373498820213,0.02502223178479923,-5.134373498820213,0.00800832928859658,2.5394955626357953,-5.114036382127695,0.006011768091354818,0.004685115092281755
62,IT,2011,0.00669,62.0,-5.007141404842,-5.0391959268163635,0.03205452197436376,-5.0391959268163635,0.007443410213112718,2.5394955626357953,-5.020293419609286,0.006602589095949024,0.013152014767285891
63,IT,2011,0.00734,63.0,-4.914416436355713,-4.945108750201136,0.03069231384542359,-4.945108750201136,0.007222264733534511,2.5394955626357953,-4.926767840958144,0.0072498982771048515,0.012351404602431337
64,IT,2011,0.00788,64.0,-4.843427375112349,-4.857926103297212,0.014498728184862308,-4.857926103297212,0.007559181092484768,2.5394955626357953,-4.8387295964556865,0.007917105584485301,-0.0046977786566628765
65,IT,2011,0.00913,65.0,-4.69618958437526,-4.762246394716038,0.06605681034077815,-4.762246394716038,0.007919647211399497,2.5394955626357953,-4.742134485765048,0.008720013562193419,0.04594490138978813
66,IT,2011,0.00992,66.0,-4.613202357685355,-4.663371166665295,0.05016880897993925,-4.663371166665295,0.007934399503536919,2.5394955626357953,-4.643221794333883,0.009626632581508813,0.030019436648527353
67,IT,2011,0.01072,67.0,-4.535644123339481,-4.575834168481627,0.04019004514214597,-4.575834168481627,0.008404693358453006,2.5394955626357953,-4.554490486992521,0.010519858871780788,0.018846363653040044
68,IT,2011,0.01173,68.0,-4.445605616316753,-4.487854187069511,0.042248570752757786,-4.487854187069511,0.009200825359483569,2.5394955626357953,-4.464488731896515,0.011510579247864585,0.01888311557976241
69,IT,2011,0.01277,69.0,-4.360656608937689,-4.391889527042951,0.031232918105262186,-4.391889527042951,0.009487510691631477,2.5394955626357953,-4.367796035741094,0.012679154199071509,0.007139426803404625
70,IT,2011,0.01377,70.0,-4.285262966241573,-4.291435254219737,0.006172287978163382,-4.291435254219737,0.009992018752246168,2.5394955626357953,-4.266060566936634,0.014036972087359403,-0.019202399304939277
71,IT,2011,0.01541,71.0,-4.172738629650112,-4.186727063116378,0.013988433466265882,-4.186727063116378,0.010527324752195758,2.5394955626357953,-4.159992968621751,0.015607667663011937,-0.01274566102836161
72,IT,2011,0.0169,72.0,-4.080441657053109,-4.0851712958374184,0.004729638784309209,-4.0851712958374184,0.011559102396732036,2.5394955626357953,-4.055817006592864,0.017321322766005003,-0.02462465046024498
73,IT,2011,0.01888,73.0,-3.9696521182647824,-3.9810533490046245,0.011401230739842116,-3.9810533490046245,0.01169743913549465,2.5394955626357953,-3.9513477542258335,0.019228768649367574,-0.01830436403894886
74,IT,2011,0.02119,74.0,-3.854225906701929,-3.868654925201927,0.014429018499997781,-3.868654925201927,0.012327970030389813,2.5394955626357953,-3.837348100013445,0.02155067587072647,-0.016877806688484043
75,IT,2011,0.02385,75.0,-3.735971061647787,-3.761860417848466,0.025889356200679003,-3.761860417848466,0.012695972475206428,2.5394955626357953,-3.7296190520843333,0.02400197759866913,-0.00635200956345372
76,IT,2011,0.02684,76.0,-3.6178619668786562,-3.642511729493465,0.02464976261480878,-3.642511729493465,0.01295867437417588,2.5394955626357953,-3.6096032334226034,0.027062582264626614,-0.00825873345605288
77,IT,2011,0.03068,77.0,-3.484144302483082,-3.5287998488751007,0.04465554639201885,-3.5287998488751007,0.013218506789362525,2.5394955626357953,-3.4952315095388435,0.03034172322510028,0.011087207055761716
78,IT,2011,0.03465,78.0,-3.362457553346225,-3.4063348187809064,0.04387726543468151,-3.4063348187809064,0.013120427703430103,2.5394955626357953,-3.373015550848162,0.03428608984824997,0.010557997501936978
79,IT,2011,0.03941,79.0,-3.2337356877752246,-3.2760880840813775,0.04235239630615295,-3.2760880840813775,0.012917105267199382,2.5394955626357953,-3.2432851525732254,0.03903544682982631,0.009549464798000784
80,IT,2011,0.04491,80.0,-3.1030947918824903,-3.147688530125818,0.044593738243327685,-3.147688530125818,0.013361763206868073,2.5394955626357953,-3.113756391752986,0.044433730956242194,0.010661599870495753
81,IT,2011,0.05077,81.0,-2.980449650022834,-3.019397697716698,0.03894804769386395,-3.019397697716698,0.01261299801953086,2.5394955626357953,-2.9873670452145653,0.050420015731435626,0.006917395191731401
82,IT,2011,0.05732,82.0,-2.859105676022166,-2.885073744863876,0.025968068841710323,-2.885073744863876,0.01222347467468327,2.5394955626357953,-2.854032285167527,0.05761154570108658,-0.00507339085463876
83,IT,2011,0.06611,83.0,-2.7164352576366504,-2.7555804996782363,0.03914524204158587,-2.7555804996782363,0.011605682635583328,2.5394955626357953,-2.726107920123813,0.06547362297469685,0.009672662487162587
84,IT,2011,0.07496,84.0,-2.5908006410519704,-2.624584815273864,0.033784174221893615,-2.624584815273864,0.010462248076074009,2.5394955626357953,-2.5980159827094793,0.07442108455692097,0.007215341657508922
85,IT,2011,0.08459,85.0,-2.469939222666214,-2.493317042723466,0.023377820057251864,-2.493317042723466,0.009737743869726704,2.5394955626357953,-2.468588085376211,0.08470436995071476,-0.0013511372900030238
20,IT,2012,0.00027,20.0,-8.2170885989659,-8.103498808710839,-0.11358979025506066,-8.103498808710839,0.027065368019014283,0.7898450659878572,-8.082121361321875,0.00030901480755588244,-0.13496723764402496
21,IT,2012,0.00032,21.0,-8.047189562170502,-8.055007618769682,0.007818056599180778,-8.055007618769682,0.023695264288118734,0.7898450659878572,-8.036292031184434,0.00032350628011433645,-0.010897530986067494
22,IT,2012,0.00034,22.0,-7.986564940354067,-8.016067251865158,0.029502311511090618,-8.016067251865158,0.024368876838677903,0.7898450659878572,-7.996819614730462,0.0003365312266799525,0.010254674376395378
23,IT,2012,0.00032,23.0,-8.047189562170502,-8.0579782106576,0.010788648487098484,-8.0579782106576,0.023859905728048508,0.7898450659878572,-8.039132581843365,0.0003225886480443901,-0.008056980327136642
24,IT,2012,0.00033,24.0,-8.016417903503749,-8.02357600473842,0.007158101234670866,-8.02357600473842,0.022773052801918214,0.7898450659878572,-8.005588821345343,0.00033359301653551127,-0.010829082158405612
25,IT,2012,0.00039,25.0,-7.849363818840582,-7.966418780420314,0.11705496157973183,-7.966418780420314,0.021477049735121993,0.7898450659878572,-7.9494552386550525,0.00035285433368175437,0.10009141981447023
26,IT,2012,0.00034,26.0,-7.986564940354067,-7.977270622743386,-0.009294317610681446,-7.977270622743386,0.020228418997948437,0.7898450659878572,-7.961293305805121,0.0003487018475840155,-0.025271634548945876
27,IT,2012,0.00031,27.0,-8.078938260485081,-7.972900795014032,-0.10603746547104986,-7.972900795014032,0.021844882459629948,0.7898450659878572,-7.955646722386208,0.0003506763911207813,-0.12329153809887305
28,IT,2012,0.00038,28.0,-7.875339305243843,-7.954676995031266,0.0793376897874234,-7.954676995031266,0.01993958347081985,0.7898450659878572,-7.938927813408986,0.0003565886029345511,0.06358850816514305
29,IT,2012,0.00034,29.0,-7.986564940354067,-7.929714242097158,-0.05685069825690903,-7.929714242097158,0.019123715743917843,0.7898450659878572,-7.91460946957347,0.0003653665471323176,-0.07195547078059672
30,IT,2012,0.0004,30.0,-7.824046010856292,-7.870304959748891,0.04625894889259907,-7.870304959748891,0.018652436174824778,0.7898450659878572,-7.855572425067552,0.00038758614466397653,0.031526414211260345
31,IT,2012,0.00038,31.0,-7.875339305243843,-7.8408302970485675,-0.03450900819527547,-7.8408302970485675,0.019107855853761156,0.7898450659878572,-7.825738051380867,0.00039932375606757973,-0.04960125386297598
32,IT,2012,0.00045,32.0,-7.706262975199909,-7.778588484385329,0.07232550918542024,-7.778588484385329,0.018541998976225594,0.7898450659878572,-7.763943177980406,0.00042477829754624123,0.05768020278049679
33,IT,2012,0.00041,33.0,-7.799353398265921,-7.733291312023921,-0.06606208624199983,-7.733291312023921,0.018290514561482833,0.7898450659878572,-7.718844639343154,0.0004443737193413641,-0.08050875892276643
34,IT,2012,0.00048,34.0,-7.641724454062337,-7.648546175377929,0.006821721315591667,-7.648546175377929,0.017506366593865882,0.7898450659878572,-7.634718858100389,0.00048337449242578527,-0.007005595961947719
35,IT,2012,0.00055,35.0,-7.505592279737757,-7.608556065774183,0.1029637860364252,-7.608556065774183,0.02028229426963641,0.7898450659878572,-7.592536195718396,0.0005042006794059537,0.08694391598063866
36,IT,2012,0.00055,36.0,-7.505592279737757,-7.50778525788188,0.0021929781441221152,-7.50778525788188,0.02041717609479281,0.7898450659878572,-7.491658852082002,0.0005577170226506536,-0.013933427655755004
37,IT,2012,0.00054,37.0,-7.523941418405954,-7.457084963325983,-0.06685645507997151,-7.457084963325983,0.019651752990632196,0.7898450659878572,-7.4415631231883195,0.0005863679155347115,-0.08237829521763462
38,IT,2012,0.0007,38.0,-7.264430222920869,-7.370419156757725,0.10598893383685581,-7.370419156757725,0.0202674338985073,0.7898450659878572,-7.354411024092754,0.0006397641122931798,0.089980801171885
39,IT,2012,0.00072,39.0,-7.236259345954173,-7.264149925721109,0.027890579766935986,-7.264149925721109,0.020335399475374303,0.7898450659878572,-7.248088110780593,0.0007115334623855165,0.01182876482641948
40,IT,2012,0.0008,40.0,-7.1308988302963465,-7.173715019720412,0.042816189424065065,-7.173715019720412,0.020319399669134045,0.7898450659878572,-7.157665842147911,0.0007788704396628215,0.026767011851564604
41,IT,2012,0.00081,41.0,-7.1184763102977895,-7.074037880487367,-0.04443842981042234,-7.074037880487367,0.020495343107482796,0.7898450659878572,-7.057849734858194,0.0008606266813385753,-0.0606265754395956
42,IT,2012,0.00101,42.0,-6.897804948128969,-6.96345930118426,0.0656543530552911,-6.96345930118426,0.020240987592618713,0.7898450659878572,-6.947472057003509,0.0009610615943766763,0.049667108874539956
43,IT,2012,0.00105,43.0,-6.8589651148127055,-6.874320564860136,0.015355450047430885,-6.874320564860136,0.01964334143697972,0.7898450659878572,-6.858805368546623,0.0010501677469775062,-0.00015974626608272757
44,IT,2012,0.00112,44.0,-6.794426593675134,-6.773294033705396,-0.02113255996973784,-6.773294033705396,0.02027819283182161,0.7898450659878572,-6.757277403150031,0.0011623895879162498,-0.03714919052510268
45,IT,2012,0.00132,45.0,-6.630123542383857,-6.668785327590037,0.038661785206179466,-6.668785327590037,0.019317153767295814,0.7898450659878572,-6.65352776899801,0.0012894651370913386,0.023404226614152535
46,IT,2012,0.00145,46.0,-6.536191722549654,-6.563663036502831,0.02747131395317659,-6.563663036502831,0.018954085157196654,0.7898450659878572,-6.548692245861106,0.0014319870613407042,0.01250052331145124
47,IT,2012,0.00157,47.0,-6.45667965962192,-6.4787021755842575,0.022022515962337508,-6.4787021755842575,0.01798657493397922,0.7898450659878572,-6.464495568118633,0.001557776853382249,0.00781590849671332
48,IT,2012,0.00176,48.0,-6.342441469932076,-6.384418485536626,0.041977015604549806,-6.384418485536626,0.017220232470692053,0.7898450659878572,-6.370817169884486,0.001710760672114653,0.028375699952409406
49,IT,2012,0.002,49.0,-6.214608098422191,-6.2720432452744825,0.05743514685229112,-6.2720432452744825,0.016495468408212678,0.7898450659878572,-6.259014380941097,0.0019131304855561357,0.04440628251890555
50,IT,2012,0.0022,50.0,-6.119297918617867,-6.17507269333256,0.05577477471469372,-6.17507269333256,0.015773513858200243,0.7898450659878572,-6.1626140612383695,0.002106738922892345,0.04331614262050287
51,IT,2012,0.00233,51.0,-6.061887011404528,-6.088573872844203,0.026686861439675802,-6.088573872844203,0.015010303509196268,0.7898450659878572,-6.076718058678485,0.0022956986510568643,0.014831047273957232
52,IT,2012,0.00261,52.0,-5.948405057647535,-5.973943100096437,0.025538042448902232,-5.973943100096437,0.01375066533335655,0.7898450659878572,-5.963082204928835,0.0025719723966157585,0.014677147281299874
53,IT,2012,0.00285,53.0,-5.860436284701578,-5.893241669593349,0.03280538489177154,-5.893241669593349,0.01295815778978835,0.7898450659878572,-5.883006732598793,0.0027863947234374607,0.022570447897215296
54,IT,2012,0.00318,54.0,-5.750874082190052,-5.789458492776727,0.038584410586675055,-5.789458492776727,0.012093797968350164,0.7898450659878572,-5.779906266122372,0.0030890049390780864,0.029032183932319988
55,IT,2012,0.0034,55.0,-5.683979847360021,-5.70713256976226,0.02315272240223898,-5.70713256976226,0.011123008713019614,0.7898450659878572,-5.698347116211342,0.0033515005226829545,0.01436726885132078
56,IT,2012,0.00388,56.0,-5.551920125346955,-5.601670953837083,0.049750828490127574,-5.601670953837083,0.0097378469097369,0.7898450659878572,-5.5939795635020815,0.0037201936206040626,0.04205943815512647
57,IT,2012,0.0041,57.0,-5.496768305271875,-5.507107058032324,0.010338752760449488,-5.507107058032324,0.009929976269879456,0.7898450659878572,-5.499263915270183,0.004089780755934615,0.0024956099983084457
58,IT,2012,0.00455,58.0,-5.392628046019278,-5.419994586056584,0.02736654003730532,-5.419994586056584,0.00935670774989911,0.7898450659878572,-5.412604236606436,0.004460010152504585,0.019976190587157383
59,IT,2012,0.00502,59.0,-5.294325345278499,-5.324196182067058,0.029870836788559174,-5.324196182067058,0.008908196402758034,0.7898450659878572,-5.317160087091489,0.0049066684686797195,0.022834741812990167
60,IT,2012,0.0055,60.0,-5.2030071867437115,-5.215864959071876,0.01285777232816443,-5.215864959071876,0.008778985536951035,0.7898450659878572,-5.208930920661136,0.005467515772405485,0.005923733917424734
61,IT,2012,0.00603,61.0,-5.111008268243043,-5.134373498820213,0.023365230577169882,-5.134373498820213,0.00800832928859658,0.7898450659878572,-5.128048159444809,0.0059281199338033375,0.01703989120176619
62,IT,2012,0.00675,62.0,-4.9982127740976985,-5.0391959268163635,0.04098315271866504,-5.0391959268163635,0.007443410213112718,0.7898450659878572,-5.033316785985413,0.006517158662509478,0.03510401188771439
63,IT,2012,0.00723,63.0,-4.929516242811464,-4.945108750201136,0.015592507389672328,-4.945108750201136,0.007222264733534511,0.7898450659878572,-4.939404280036096,0.007158861779170888,0.009888037224632384
64,IT,2012,0.0079,64.0,-4.840892519509161,-4.857926103297212,0.01703358378805042,-4.857926103297212,0.007559181092484768,0.7898450659878572,-4.851955521408404,0.007813083947691441,0.011063001899242586
65,IT,2012,0.0088,65.0,-4.733003557497976,-4.762246394716038,0.02924283721806198,-4.762246394716038,0.007919647211399497,0.7898450659878572,-4.75599110044175,0.008600016987432733,0.02298754294377403
66,IT,2012,0.00997,66.0,-4.60817469500839,-4.663371166665295,0.05519647165690422,-4.663371166665295,0.007934399503536919,0.7898450659878572,-4.6571042203658495,0.009493914919778334,0.04892952535745909
67,IT,2012,0.01074,67.0,-4.533780189901418,-4.575834168481627,0.042053978580208984,-4.575834168481627,0.008404693358453006,0.7898450659878572,-4.5691957629013125,0.01036629332373374,0.035415572999894174
68,IT,2012,0.01172,68.0,-4.44645849483327,-4.487854187069511,0.0413956922362404,-4.487854187069511,0.009200825359483569,0.7898450659878572,-4.480586960556306,0.01132676284010438,0.03412846572303607
69,IT,2012,0.01268,69.0,-4.3677293299730575,-4.391889527042951,0.02416019706989392,-4.391889527042951,0.009487510691631477,0.7898450659878572,-4.384395863534659,0.012470419694334017,0.01666653356160186
70,IT,2012,0.01392,70.0,-4.274428624075863,-4.291435254219737,0.01700663014387338,-4.291435254219737,0.009992018752246168,0.7898450659878572,-4.283543107509017,0.013793702831665745,0.009114483433153353
71,IT,2012,0.01513,71.0,-4.191075751181873,-4.186727063116378,-0.004348688065494599,-4.186727063116378,0.010527324752195758,0.7898450659878572,-4.178412107602805,0.0153228192476375,-0.012663643579068129
72,IT,2012,0.01683,72.0,-4.084592270779423,-4.0851712958374184,0.0005790250579957856,-4.0851712958374184,0.011559102396732036,0.7898450659878572,-4.076041395842111,0.016974528266131987,-0.008550874937311548
73,IT,2012,0.01893,73.0,-3.9670073137609054,-3.9810533490046245,0.014046035243719057,-3.9810533490046245,0.01169743913549465,0.7898450659878572,-3.971814184418761,0.018839224286791544,0.004806870657855455
74,IT,2012,0.02113,74.0,-3.857061447354172,-3.868654925201927,0.011593477847755107,-3.868654925201927,0.012327970030389813,0.7898450659878572,-3.8589177388997773,0.021090812942196027,0.0018562915456055151
75,IT,2012,0.02386,75.0,-3.735551862312367,-3.761860417848466,0.02630855553609912,-3.761860417848466,0.012695972475206428,0.7898450659878572,-3.7518325666310064,0.023474687485433694,0.016280704318639483
76,IT,2012,0.02706,76.0,-3.609698656239495,-3.642511729493465,0.03281307325396998,-3.642511729493465,0.01295867437417588,0.7898450659878572,-3.632276384477279,0.02645589202866422,0.022577728237783923
77,IT,2012,0.03015,77.0,-3.501570355808943,-3.5287998488751007,0.02722949306615785,-3.5287998488751007,0.013218506789362525,0.7898450659878572,-3.5183592765077956,0.029648039518774632,0.01678892069885274
78,IT,2012,0.03417,78.0,-3.3764072128549367,-3.4063348187809064,0.029927605925969658,-3.4063348187809064,0.013120427703430103,0.7898450659878572,-3.395971713695702,0.033507978186127274,0.01956450084076522
79,IT,2012,0.03951,79.0,-3.2312014745588375,-3.2760880840813775,0.04488660952253998,-3.2760880840813775,0.012917105267199382,0.7898450659878572,-3.265885572219234,0.03816312391243658,0.034684097660396596
80,IT,2012,0.04503,80.0,-3.100426344668657,-3.147688530125818,0.0472621854571611,-3.147688530125818,0.013361763206868073,0.7898450659878572,-3.1371348073839753,0.043406989286073214,0.03670846271531847
81,IT,2012,0.0514,81.0,-2.9681171065210177,-3.019397697716698,0.05128059119568018,-3.019397697716698,0.01261299801953086,0.7898450659878572,-3.0094353834636567,0.04931951751576567,0.04131827694263901
82,IT,2012,0.05894,82.0,-2.831235301672588,-2.885073744863876,0.053838443191287944,-2.885073744863876,0.01222347467468327,0.7898450659878572,-2.87541909370285,0.05639250080873232,0.04418379203026168
83,IT,2012,0.06625,83.0,-2.7143198141158056,-2.7555804996782363,0.04126068556243068,-2.7555804996782363,0.011605682635583328,0.7898450659878572,-2.7464138085111,0.06415753033105674,0.032093994395294256
84,IT,2012,0.07603,84.0,-2.5766272797417917,-2.624584815273864,0.04795753553207227,-2.624584815273864,0.010462248076074009,0.7898450659878572,-2.616321260251836,0.0730711788424977,0.03969398051004447
85,IT,2012,0.08572,85.0,-2.4566691083767607,-2.493317042723466,0.03664793434670521,-2.493317042723466,0.009737743869726704,0.7898450659878572,-2.485625733774109,0.08327343120773512,0.028956625397348112
20,IT,2013,0.0003,20.0,-8.111728083308073,-8.103498808710839,-0.008229274597233882,-8.103498808710839,0.027065368019014283,-1.9461182152877863,-8.15617121441611,0.00028695899860436155,0.04444313110803755
21,IT,2013,0.00027,21.0,-8.2170885989659,-8.055007618769682,-0.16208098019621708,-8.055007618769682,0.023695264288118734,-1.9461182152877863,-8.10112140421685,0.00030319893879555303,-0.11596719474905015
22,IT,2013,0.00025,22.0,-8.294049640102028,-8.016067251865158,-0.27798238823686994,-8.016067251865158,0.024368876838677903,-1.9461182152877863,-8.063491966967014,0.0003148255232727517,-0.23055767313501363
23,IT,2013,0.00032,23.0,-8.047189562170502,-8.0579782106576,0.010788648487098484,-8.0579782106576,0.023859905728048508,-1.9461182152877863,-8.104412407810004,0.00030220275012789703,0.05722284563950275
24,IT,2013,0.00032,24.0,-8.047189562170502,-8.02357600473842,-0.023613557432081933,-8.02357600473842,0.022773052801918214,-1.9461182152877863,-8.067895057613944,0.00031344236527546535,0.020705495443442246
25,IT,2013,0.00034,25.0,-7.986564940354067,-7.966418780420314,-0.020146159933752905,-7.966418780420314,0.021477049735121993,-1.9461182152877863,-8.008215658120477,0.00033271787206581404,0.021650717766410033
26,IT,2013,0.00035,26.0,-7.957577403480815,-7.977270622743386,0.01969321926257095,-7.977270622743386,0.020228418997948437,-1.9461182152877863,-8.016637517421767,0.0003299275353644663,0.05906011394095234
27,IT,2013,0.00034,27.0,-7.986564940354067,-7.972900795014032,-0.01366414534003546,-7.972900795014032,0.021844882459629948,-1.9461182152877863,-8.015413518679537,0.0003303316134978947,0.028848578325470164
28,IT,2013,0.00033,28.0,-8.016417903503749,-7.954676995031266,-0.06174090847248248,-7.954676995031266,0.01993958347081985,-1.9461182152877863,-7.99348178162908,0.00033765638850457414,-0.02293612187466909
29,IT,2013,0.00032,29.0,-8.047189562170502,-7.929714242097158,-0.1174753200733436,-7.929714242097158,0.019123715743917843,-1.9461182152877863,-7.966931253650382,0.0003467414163512403,-0.08025830852011939
30,IT,2013,0.00038,30.0,-7.875339305243843,-7.870304959748891,-0.005034345494951964,-7.870304959748891,0.018652436174824778,-1.9461182152877863,-7.90660480554821,0.0003683029202494031,0.031265500304367144
31,IT,2013,0.00039,31.0,-7.849363818840582,-7.8408302970485675,-0.008533521792014831,-7.8408302970485675,0.019107855853761156,-1.9461182152877863,-7.878016443380665,0.0003789840480366636,0.028652624540082883
32,IT,2013,0.00042,32.0,-7.77525584668686,-7.778588484385329,0.003332637698469476,-7.778588484385329,0.018541998976225594,-1.9461182152877863,-7.814673406340809,0.0004037666659676732,0.03941755965394922
33,IT,2013,0.00042,33.0,-7.77525584668686,-7.733291312023921,-0.041964534662938924,-7.733291312023921,0.018290514561482833,-1.9461182152877863,-7.768886815579009,0.0004226835297361381,-0.006369031107850809
34,IT,2013,0.00046,34.0,-7.6842840684811335,-7.648546175377929,-0.035737893103204854,-7.648546175377929,0.017506366593865882,-1.9461182152877863,-7.682615634289757,0.0004607681203289602,-0.0016684341913766332
35,IT,2013,0.00048,35.0,-7.641724454062337,-7.608556065774183,-0.03316838828815438,-7.608556065774183,0.02028229426963641,-1.9461182152877863,-7.648027808100149,0.0004769839058029676,0.006303354037812348
36,IT,2013,0.00055,36.0,-7.505592279737757,-7.50778525788188,0.0021929781441221152,-7.50778525788188,0.02041717609479281,-1.9461182152877863,-7.5475194961846945,0.0005274167651840347,0.04192721644693709
37,IT,2013,0.00058,37.0,-7.4524824544238095,-7.457084963325983,0.004602508902173064,-7.457084963325983,0.019651752990632196,-1.9461182152877863,-7.495329597783388,0.0005556735381377207,0.04284714335957851
38,IT,2013,0.00061,38.0,-7.402051600796917,-7.370419156757725,-0.03163244403919219,-7.370419156757725,0.0202674338985073,-1.9461182152877863,-7.409861979044751,0.0006052542265368523,0.007810378247834038
39,IT,2013,0.00066,39.0,-7.3232707229438025,-7.264149925721109,-0.059120797222693255,-7.264149925721109,0.020335399475374303,-1.9461182152877863,-7.303725017055289,0.0006730270627249549,-0.019545705888513787
40,IT,2013,0.00075,40.0,-7.195437351433918,-7.173715019720412,-0.021722331713506016,-7.173715019720412,0.020319399669134045,-1.9461182152877863,-7.213258973540226,0.000736752182850734,0.017821622106308332
41,IT,2013,0.0008,41.0,-7.1308988302963465,-7.074037880487367,-0.05686094980897938,-7.074037880487367,0.020495343107482796,-1.9461182152877863,-7.113924241037412,0.0008136955809897718,-0.01697458925893436
42,IT,2013,0.00092,42.0,-6.991136887921188,-6.96345930118426,-0.027677586736928106,-6.96345930118426,0.020240987592618713,-1.9461182152877863,-7.00285065583367,0.0009092862054769078,0.011713767912481465
43,IT,2013,0.00101,43.0,-6.897804948128969,-6.874320564860136,-0.02348438326883251,-6.874320564860136,0.01964334143697972,-1.9461182152877863,-6.91254882943976,0.0009952179202695499,0.01474388131079074
44,IT,2013,0.00116,44.0,-6.759335273863864,-6.773294033705396,0.01395875984153161,-6.773294033705396,0.02027819283182161,-1.9461182152877863,-6.812757794148522,0.0010996560893045944,0.05342252028465744
45,IT,2013,0.00125,45.0,-6.684611727667927,-6.668785327590037,-0.01582640007789049,-6.668785327590037,0.019317153767295814,-1.9461182152877863,-6.706378792404086,0.001223085160299514,0.021767064736159192
46,IT,2013,0.00134,46.0,-6.615085665019317,-6.563663036502831,-0.0514226285164856,-6.563663036502831,0.018954085157196654,-1.9461182152877863,-6.600549926881367,0.0013596201402587531,-0.014535738137949394
47,IT,2013,0.00147,47.0,-6.522492878191493,-6.4787021755842575,-0.043790702607235055,-6.4787021755842575,0.01798657493397922,-1.9461182152877863,-6.513706176693913,0.0014829733642725935,-0.008786701497579763
48,IT,2013,0.00166,48.0,-6.400937676613685,-6.384418485536626,-0.016519191077058792,-6.384418485536626,0.017220232470692053,-1.9461182152877863,-6.41793109361933,0.0016320292600979936,0.016993417005645384
49,IT,2013,0.00194,49.0,-6.2450673059069,-6.2720432452744825,0.026975939367582136,-6.2720432452744825,0.016495468408212678,-1.9461182152877863,-6.304145376813409,0.0018287083576723553,0.05907807090650863
50,IT,2013,0.00212,50.0,-6.156339190298216,-6.17507269333256,0.018733503034344068,-6.17507269333256,0.015773513858200243,-1.9461182152877863,-6.205769815971098,0.0020177549107831144,0.04943062567288159
51,IT,2013,0.00228,51.0,-6.083579836015788,-6.088573872844203,0.004994036828415815,-6.088573872844203,0.015010303509196268,-1.9461182152877863,-6.117785697920448,0.0022033294022953754,0.03420586190466057
52,IT,2013,0.00267,52.0,-5.925676806569979,-5.973943100096437,0.04826629352645817,-5.973943100096437,0.01375066533335655,-1.9461182152877863,-6.0007035203740084,0.0024770089372820677,0.07502671380402948
53,IT,2013,0.00277,53.0,-5.88890795878289,-5.893241669593349,0.004333710810459301,-5.893241669593349,0.01295815778978835,-1.9461182152877863,-5.91845977650463,0.002689339172026625,0.02955181772173976
54,IT,2013,0.00295,54.0,-5.825950108630408,-5.789458492776727,-0.03649161585368166,-5.789458492776727,0.012093797968350164,-1.9461182152877863,-5.812994453294944,0.002988467833169523,-0.012955655335464833
55,IT,2013,0.00347,55.0,-5.663600685023369,-5.70713256976226,0.0435318847388908,-5.70713256976226,0.011123008713019614,-1.9461182152877863,-5.728779259627473,0.003251043492275865,0.06517857460410337
56,IT,2013,0.00364,56.0,-5.615771597333488,-5.601670953837083,-0.014100643496405496,-5.601670953837083,0.0097378469097369,-1.9461182152877863,-5.620621955085806,0.0036223874459050637,0.004850357752317791
57,IT,2013,0.00418,57.0,-5.477444032445472,-5.507107058032324,0.029663025586851965,-5.507107058032324,0.009929976269879456,-1.9461182152877863,-5.526431965728512,0.003980165149376297,0.04898793328303963
58,IT,2013,0.00443,58.0,-5.419355694925093,-5.419994586056584,0.0006388911314907375,-5.419994586056584,0.00935670774989911,-1.9461182152877863,-5.438203845443787,0.004347284657538084,0.018848150518693707
59,IT,2013,0.00466,59.0,-5.368739830844582,-5.324196182067058,-0.04454364877752415,-5.324196182067058,0.008908196402758034,-1.9461182152877863,-5.3415325853518265,0.004788526258533725,-0.02720724549275566
60,IT,2013,0.00527,60.0,-5.245724916428866,-5.215864959071876,-0.029859957356990208,-5.215864959071876,0.008778985536951035,-1.9461182152877863,-5.232949902737085,0.005337756193820333,-0.012775013691781467
61,IT,2013,0.00584,61.0,-5.1430244821420015,-5.134373498820213,-0.008650983321788708,-5.134373498820213,0.00800832928859658,-1.9461182152877863,-5.1499586543227736,0.005799644512115093,0.00693417218077208
62,IT,2013,0.00653,62.0,-5.031348335693798,-5.0391959268163635,0.007847591122565944,-5.0391959268163635,0.007443410213112718,-1.9461182152877863,-5.053681683015961,0.006385779697487573,0.022333347322163632
63,IT,2013,0.00701,63.0,-4.9604175779356385,-4.945108750201136,-0.015308827734502373,-4.945108750201136,0.007222264733534511,-1.9461182152877863,-4.959164131154698,0.0070187921710425,-0.0012534467809404148
64,IT,2013,0.00767,64.0,-4.870438663602973,-4.857926103297212,-0.012512560305760978,-4.857926103297212,0.007559181092484768,-1.9461182152877863,-4.872637163313955,0.007653156029733112,0.0021984997109827376
65,IT,2013,0.00854,65.0,-4.762994271181658,-4.762246394716038,-0.0007478764656205783,-4.762246394716038,0.007919647211399497,-1.9461182152877863,-4.777658964412796,0.008415677324744632,0.014664693231137171
66,IT,2013,0.00941,66.0,-4.6659823253848485,-4.663371166665295,-0.0026111587195538632,-4.663371166665295,0.007934399503536919,-1.9461182152877863,-4.678812446066498,0.009290039762120186,0.012830120681649682
67,IT,2013,0.01054,67.0,-4.552577735868921,-4.575834168481627,0.02325643261270649,-4.575834168481627,0.008404693358453006,-1.9461182152877863,-4.592190695320421,0.01013064089878653,0.03961295945150045
68,IT,2013,0.01124,68.0,-4.488276434516592,-4.487854187069511,-0.00042224744708185824,-4.487854187069511,0.009200825359483569,-1.9461182152877863,-4.505760080897283,0.01104519175625964,0.017483646380690665
69,IT,2013,0.01237,69.0,-4.39248109257774,-4.391889527042951,-0.0005915655347887849,-4.391889527042951,0.009487510691631477,-1.9461182152877863,-4.410353344417673,0.012150884124217729,0.017872251839932574
70,IT,2013,0.01405,70.0,-4.265132883202383,-4.291435254219737,0.026302371017353998,-4.291435254219737,0.009992018752246168,-1.9461182152877863,-4.31088090392098,0.01342172113836654,0.04574802071859718
71,IT,2013,0.01488,71.0,-4.207737249577191,-4.186727063116378,-0.02101018646081254,-4.186727063116378,0.010527324752195758,-1.9461182152877863,-4.207214481574876,0.014887780821479495,-0.0005227680023143222
72,IT,2013,0.01644,72.0,-4.108037889354104,-4.0851712958374184,-0.022866593516685185,-4.0851712958374184,0.011559102396732036,-1.9461182152877863,-4.107666675564075,0.01644610388756159,-0.0003712137900286905
73,IT,2013,0.01802,73.0,-4.0162730268019455,-3.9810533490046245,-0.03521967779732105,-3.9810533490046245,0.01169743913549465,-1.9461182152877863,-4.003817948378431,0.018245844046273507,-0.012455078423514898
74,IT,2013,0.01988,74.0,-3.9180410777537094,-3.868654925201927,-0.04938615255178247,-3.868654925201927,0.012327970030389813,-1.9461182152877863,-3.8926466122355903,0.02039130667711303,-0.02539446551811908
75,IT,2013,0.02272,75.0,-3.7845096851291866,-3.761860417848466,-0.022649267280720586,-3.761860417848466,0.012695972475206428,-1.9461182152877863,-3.7865682811432575,0.02267327680714995,0.0020585960140708792
76,IT,2013,0.02527,76.0,-3.678137357582034,-3.642511729493465,-0.03562562808856917,-3.642511729493465,0.01295867437417588,-1.9461182152877863,-3.667730841739032,0.025534345728741404,-0.010406515843002229
77,IT,2013,0.02909,77.0,-3.537360806475027,-3.5287998488751007,-0.008560957599926144,-3.5287998488751007,0.013218506789362525,-1.9461182152877863,-3.5545246257167844,0.028594964996826826,0.017163819241757583
78,IT,2013,0.0324,78.0,-3.4295968561838532,-3.4063348187809064,-0.023262037402946856,-3.4063348187809064,0.013120427703430103,-1.9461182152877863,-3.4318687221269184,0.03232647509443329,0.0022718659430651655
79,IT,2013,0.03767,79.0,-3.2788912572781874,-3.2760880840813775,-0.002803173196809894,-3.2760880840813775,0.012917105267199382,-1.9461182152877863,-3.301226297930664,0.03683796537062243,0.02233504065247649
80,IT,2013,0.04344,80.0,-3.1363746033564572,-3.147688530125818,0.011313926769360716,-3.147688530125818,0.013361763206868073,-1.9461182152877863,-3.173692100891066,0.04184880231849951,0.03731749753460889
81,IT,2013,0.0491,81.0,-3.0138962441816624,-3.019397697716698,0.005501453535035505,-3.019397697716698,0.01261299801953086,-1.9461182152877863,-3.0439440829118958,0.047646596290043745,0.030047838730233423
82,IT,2013,0.05568,82.0,-2.888134262955973,-2.885073744863876,-0.0030605180920968422,-2.885073744863876,0.01222347467468327,-1.9461182152877863,-2.9088620715823863,0.0545377546334563,0.020727808626413324
83,IT,2013,0.0631,83.0,-2.7630345094349695,-2.7555804996782363,-0.007454009756733271,-2.7555804996782363,0.011605682635583328,-1.9461182152877863,-2.778166530056194,0.06215235745444718,0.015132020621224651
84,IT,2013,0.07113,84.0,-2.643246090236713,-2.624584815273864,-0.018661274962849195,-2.624584815273864,0.010462248076074009,-1.9461182152877863,-2.6449455868275713,0.07100921747131136,0.0016994965908581072
85,IT,2013,0.08169,85.0,-2.5048236836283593,-2.493317042723466,-0.011506640904893395,-2.493317042723466,0.009737743869726704,-1.9461182152877863,-2.512267843444148,0.0810841444253238,0.007444159815788609
20,IT,2014,0.00024,20.0,-8.334871634622283,-8.103498808710839,-0.23137282591144448,-8.103498808710839,0.027065368019014283,-3.71587364940433,-8.204070296544124,0.0002735379205477275,-0.1308013380781592
21,IT,2014,0.00026,21.0,-8.254828926948747,-8.055007618769682,-0.19982130817906452,-8.055007618769682,0.023695264288118734,-3.71587364940433,-8.143056226953574,0.0002907472494051785,-0.11177269999517314
22,IT,2014,0.00031,22.0,-8.078938260485081,-8.016067251865158,-0.06287100861992378,-8.016067251865158,0.024368876838677903,-3.71587364940433,-8.106618919175581,0.0003015366714503618,0.027680658690499627
23,IT,2014,0.00027,23.0,-8.2170885989659,-8.0579782106576,-0.15911038830829938,-8.0579782106576,0.023859905728048508,-3.71587364940433,-8.146638605629727,0.0002897075460761905,-0.07044999333617241
24,IT,2014,0.00029,24.0,-8.145629634983754,-8.02357600473842,-0.12205363024533433,-8.02357600473842,0.022773052801918214,-3.71587364940433,-8.108197791561562,0.00030106095916976284,-0.0374318434221923
25,IT,2014,0.00032,25.0,-8.047189562170502,-7.966418780420314,-0.08077078175018748,-7.966418780420314,0.021477049735121993,-3.71587364940433,-8.046224783598,0.00032030887811873744,-0.0009647785725022118
26,IT,2014,0.00032,26.0,-8.047189562170502,-7.977270622743386,-0.06991893942711602,-7.977270622743386,0.020228418997948437,-3.71587364940433,-8.052436871866972,0.0003183252586830338,0.005247309696470026
27,IT,2014,0.00031,27.0,-8.078938260485081,-7.972900795014032,-0.10603746547104986,-7.972900795014032,0.021844882459629948,-3.71587364940433,-8.054073618120105,0.00031780466716293594,-0.02486464236497632
28,IT,2014,0.00032,28.0,-8.047189562170502,-7.954676995031266,-0.09251256713923528,-7.954676995031266,0.01993958347081985,-3.71587364940433,-8.028769967830584,0.0003259488900649358,-0.018419594339917467
29,IT,2014,0.00033,29.0,-8.016417903503749,-7.929714242097158,-0.0867036614065908,-7.929714242097158,0.019123715743917843,-3.71587364940433,-8.000775553508682,0.00033520255954590933,-0.015642349995067306
30,IT,2014,0.00037,30.0,-7.902007552326004,-7.870304959748891,-0.03170259257711283,-7.870304959748891,0.018652436174824778,-3.71587364940433,-7.939615055828119,0.0003563436243099285,0.03760750350211506
31,IT,2014,0.00034,31.0,-7.986564940354067,-7.8408302970485675,-0.14573464330549957,-7.8408302970485675,0.019107855853761156,-3.71587364940433,-7.911832675112175,0.00036638250483679824,-0.07473226524189247
32,IT,2014,0.00037,32.0,-7.902007552326004,-7.778588484385329,-0.12341906794067459,-7.778588484385329,0.018541998976225594,-3.71587364940433,-7.847488209788368,0.0003907321739517658,-0.05451934253763557
33,IT,2014,0.00041,33.0,-7.799353398265921,-7.733291312023921,-0.06606208624199983,-7.733291312023921,0.018290514561482833,-3.71587364940433,-7.801256553116981,0.0004092204485499216,0.0019031548510604068
34,IT,2014,0.00043,34.0,-7.751725349276666,-7.648546175377929,-0.1031791738987371,-7.648546175377929,0.017506366593865882,-3.71587364940433,-7.713597621700887,0.00044671148386891615,-0.038127727575778536
35,IT,2014,0.0005,35.0,-7.600902459542082,-7.608556065774183,0.0076536062321004295,-7.608556065774183,0.02028229426963641,-3.71587364940433,-7.683922508600189,0.00046016634761573413,0.08302004905810723
36,IT,2014,0.00052,36.0,-7.5616817463888015,-7.50778525788188,-0.05389648850692197,-7.50778525788188,0.02041717609479281,-3.71587364940433,-7.583652904527768,0.0005086995938580432,0.02197115813896655
37,IT,2014,0.00059,37.0,-7.435388021064509,-7.457084963325983,0.021696942261473673,-7.457084963325983,0.019651752990632196,-3.71587364940433,-7.530108394428476,0.0005366800804019298,0.09472037336396699
38,IT,2014,0.00063,38.0,-7.369790738578696,-7.370419156757725,0.0006284181790290333,-7.370419156757725,0.0202674338985073,-3.71587364940433,-7.4457303803222326,0.0005839294540325128,0.07593964174353651
39,IT,2014,0.00066,39.0,-7.3232707229438025,-7.264149925721109,-0.059120797222693255,-7.264149925721109,0.020335399475374303,-3.71587364940433,-7.339713700781763,0.000649236370203863,0.01644297783796045
40,IT,2014,0.00069,40.0,-7.278818960372969,-7.173715019720412,-0.10510394065255735,-7.173715019720412,0.020319399669134045,-3.71587364940433,-7.249219341522662,0.0007107290089558673,-0.029599618850307152
41,IT,2014,0.0008,41.0,-7.1308988302963465,-7.074037880487367,-0.05686094980897938,-7.074037880487367,0.020495343107482796,-3.71587364940433,-7.150195985875963,0.0007847102741089561,0.019297155579616643
42,IT,2014,0.00086,42.0,-7.05857816871672,-6.96345930118426,-0.09511886753246035,-6.96345930118426,0.020240987592618713,-3.71587364940433,-7.038672253617592,0.0008772906087400553,-0.019905915099128535
43,IT,2014,0.001,43.0,-6.907755278982137,-6.874320564860136,-0.033434714122000386,-6.874320564860136,0.01964334143697972,-3.71587364940433,-6.9473127396920615,0.0009612147203235109,0.03955746070992472
44,IT,2014,0.00108,44.0,-6.830794237846009,-6.773294033705396,-0.057500204140612965,-6.773294033705396,0.02027819283182161,-3.71587364940433,-6.848645236106702,0.0010608919779207704,0.01785099826069292
45,IT,2014,0.00114,45.0,-6.776727016575733,-6.668785327590037,-0.10794168898569634,-6.668785327590037,0.019317153767295814,-3.71587364940433,-6.7405654302554225,0.0011819786411489796,-0.03616158632031041
46,IT,2014,0.00132,46.0,-6.630123542383857,-6.563663036502831,-0.06646050588102614,-6.563663036502831,0.018954085157196654,-3.71587364940433,-6.634094022087024,0.0013147693577429062,0.003970479703166774
47,IT,2014,0.00145,47.0,-6.536191722549654,-6.4787021755842575,-0.057489546965396876,-6.4787021755842575,0.01798657493397922,-3.71587364940433,-6.545538015424468,0.0014365110095512334,0.009346292874813145
48,IT,2014,0.00164,48.0,-6.41305903714603,-6.384418485536626,-0.028640551609403708,-6.384418485536626,0.017220232470692053,-3.71587364940433,-6.448406693611088,0.0015830424320481332,0.03534765646505811
49,IT,2014,0.00186,49.0,-6.287178791257027,-6.2720432452744825,-0.015135545982544407,-6.2720432452744825,0.016495468408212678,-3.71587364940433,-6.333338321667141,0.0017760946859591128,0.046159530410114336
50,IT,2014,0.00208,50.0,-6.175387385268911,-6.17507269333256,-0.0003146919363503642,-6.17507269333256,0.015773513858200243,-3.71587364940433,-6.2336850778367605,0.0019622076690739803,0.05829769256784978
51,IT,2014,0.00222,51.0,-6.110248083097949,-6.088573872844203,-0.02167421025374594,-6.088573872844203,0.015010303509196268,-3.71587364940433,-6.144350264123587,0.002145569492602646,0.03410218102563789
52,IT,2014,0.00248,52.0,-5.999496718805246,-5.973943100096437,-0.02555361870880901,-5.973943100096437,0.01375066533335655,-3.71587364940433,-6.0250388350704345,0.0024174576834021136,0.02554211626518832
53,IT,2014,0.00272,53.0,-5.907123398674231,-5.893241669593349,-0.013881729080881478,-5.893241669593349,0.01295815778978835,-3.71587364940433,-5.941392546669247,0.002628366977702964,0.03426914799501635
54,IT,2014,0.00306,54.0,-5.789340363017848,-5.789458492776727,0.0001181297588788155,-5.789458492776727,0.012093797968350164,-3.71587364940433,-5.834397517968538,0.002925185100821162,0.0450571549506904
55,IT,2014,0.00323,55.0,-5.735273141747572,-5.70713256976226,-0.028140571985312057,-5.70713256976226,0.011123008713019614,-3.71587364940433,-5.748464264741065,0.0031876724603892674,0.013191122993492677
56,IT,2014,0.00353,56.0,-5.646457408036931,-5.601670953837083,-0.04478645419984861,-5.601670953837083,0.0097378469097369,-3.71587364940433,-5.637855562570907,0.003560495485186275,-0.008601845466023939
57,IT,2014,0.00394,57.0,-5.536574555672295,-5.507107058032324,-0.029467497639970475,-5.507107058032324,0.009929976269879456,-3.71587364940433,-5.54400559519278,0.003910830219415781,0.007431039520485072
58,IT,2014,0.00439,58.0,-5.428426051895057,-5.419994586056584,-0.008431465838473429,-5.419994586056584,0.00935670774989911,-3.71587364940433,-5.454762929829611,0.004275890347618042,0.02633687793455408
59,IT,2014,0.00478,59.0,-5.343314732478772,-5.324196182067058,-0.019118550411714175,-5.324196182067058,0.008908196402758034,-3.71587364940433,-5.357297914343785,0.004713625535300394,0.013983181865012462
60,IT,2014,0.00523,60.0,-5.253344000905305,-5.215864959071876,-0.03747904183342943,-5.215864959071876,0.008778985536951035,-3.71587364940433,-5.248486560097134,0.005255466215672,-0.004857440808171631
61,IT,2014,0.0058,61.0,-5.149897361429764,-5.134373498820213,-0.015523862609550854,-5.134373498820213,0.00800832928859658,-3.71587364940433,-5.164131438599462,0.005718027140451661,0.014234077169698267
62,IT,2014,0.00637,62.0,-5.056155809398065,-5.0391959268163635,-0.01695988258170189,-5.0391959268163635,0.007443410213112718,-3.71587364940433,-5.066854698688976,0.006302211353453864,0.010698889290910785
63,IT,2014,0.00706,63.0,-4.953310227476987,-4.945108750201136,-0.008201477275850522,-4.945108750201136,0.007222264733534511,-3.71587364940433,-4.971945773413499,0.006929651376871379,0.01863554593651262
64,IT,2014,0.00753,64.0,-4.888860237170335,-4.857926103297212,-0.030934133873123493,-4.857926103297212,0.007559181092484768,-3.71587364940433,-4.886015065129851,0.007551454652080004,-0.0028451720404838454
65,IT,2014,0.00828,65.0,-4.793912310584969,-4.762246394716038,-0.031665915868931194,-4.762246394716038,0.007919647211399497,-3.71587364940433,-4.791674803101456,0.00829854730409134,-0.002237507483513035
66,IT,2014,0.00935,66.0,-4.672378935681541,-4.663371166665295,-0.00900776901624667,-4.663371166665295,0.007934399503536919,-3.71587364940433,-4.6928543927043345,0.009160501135248382,0.020475457022793186
67,IT,2014,0.01022,67.0,-4.583408694206579,-4.575834168481627,-0.007574525724951542,-4.575834168481627,0.008404693358453006,-3.71587364940433,-4.607064947063626,0.009981070328510325,0.0236562528570472
68,IT,2014,0.01119,68.0,-4.492734756658304,-4.487854187069511,-0.004880569588793016,-4.487854187069511,0.009200825359483569,-3.71587364940433,-4.522043291575587,0.010866796933809177,0.029308534917283247
69,IT,2014,0.01239,69.0,-4.390865583341086,-4.391889527042951,0.0010239437018650932,-4.391889527042951,0.009487510691631477,-3.71587364940433,-4.427143918020427,0.011948567072799258,0.036278334679340496
70,IT,2014,0.0135,70.0,-4.305065593537753,-4.291435254219737,-0.013630339318016382,-4.291435254219737,0.009992018752246168,-3.71587364940433,-4.328564333405562,0.013186465274708304,0.023498739867808816
71,IT,2014,0.01487,71.0,-4.208409518510074,-4.186727063116378,-0.0216824553936954,-4.186727063116378,0.010527324752195758,-3.71587364940433,-4.225845271761784,0.014612977550472134,0.01743575325171065
72,IT,2014,0.01619,72.0,-4.123361511292593,-4.0851712958374184,-0.03819021545517476,-4.0851712958374184,0.011559102396732036,-3.71587364940433,-4.128123459844201,0.016113087325389446,0.004761948551608164
73,IT,2014,0.0177,73.0,-4.034190639402354,-3.9810533490046245,-0.05313729039772941,-3.9810533490046245,0.01169743913549465,-3.71587364940433,-4.02451955485372,0.01787200861075977,-0.009671084548633857
74,IT,2014,0.01969,74.0,-3.927644386331103,-3.868654925201927,-0.058989461129176135,-3.868654925201927,0.012327970030389813,-3.71587364940433,-3.914464104188499,0.019951237565966038,-0.013180282142604138
75,IT,2014,0.02173,75.0,-3.8290614847137987,-3.761860417848466,-0.06720106686533267,-3.761860417848466,0.012695972475206428,-3.71587364940433,-3.8090370474226485,0.022169516875100388,-0.02002443729115022
76,IT,2014,0.0249,76.0,-3.6928874755114753,-3.642511729493465,-0.050375746018010314,-3.642511729493465,0.01295867437417588,-3.71587364940433,-3.6906645261316764,0.02495541300689301,-0.002222949379798944
77,IT,2014,0.02769,77.0,-3.5866839417992664,-3.5287998488751007,-0.05788409292416574,-3.5287998488751007,0.013218506789362525,-3.71587364940433,-3.577918149938165,0.02793379172935282,-0.00876579186110149
78,IT,2014,0.03176,78.0,-3.449547642603202,-3.4063348187809064,-0.04321282382229574,-3.4063348187809064,0.013120427703430103,-3.71587364940433,-3.455088670352997,0.031584503622836144,0.0055410277497949245
79,IT,2014,0.03641,79.0,-3.312911816794795,-3.2760880840813775,-0.036823732713417545,-3.2760880840813775,0.012917105267199382,-3.71587364940433,-3.3240864151703455,0.036005397717421776,0.01117459837555046
80,IT,2014,0.04131,80.0,-3.1866506775734638,-3.147688530125818,-0.03896214744764581,-3.147688530125818,0.013361763206868073,-3.71587364940433,-3.197339153935799,0.04087081035673874,0.010688476362335386
81,IT,2014,0.04717,81.0,-3.053997181685967,-3.019397697716698,-0.03459948396926915,-3.019397697716698,0.01261299801953086,-3.71587364940433,-3.0662660046974617,0.04659481525338385,0.012268823011494678
82,IT,2014,0.05422,82.0,-2.9147054349116175,-2.885073744863876,-0.029631690047741355,-2.885073744863876,0.01222347467468327,-3.71587364940433,-2.9304946323116927,0.0533706327757946,0.015789197400075228
83,IT,2014,0.06105,83.0,-2.7960620784254235,-2.7555804996782363,-0.040481578747187275,-2.7555804996782363,0.011605682635583328,-3.71587364940433,-2.7987057499671497,0.06088881700370341,0.002643671541726178
84,IT,2014,0.07109,84.0,-2.6438085990407454,-2.624584815273864,-0.019223783766881386,-2.624584815273864,0.010462248076074009,-3.71587364940433,-2.6634612072132784,0.06970653496030048,0.019652608172533004
85,IT,2014,0.07887,85.0,-2.5399543515722374,-2.493317042723466,-0.046637308848771486,-2.493317042723466,0.009737743869726704,-3.71587364940433,-2.529501268573632,0.07969875865127042,-0.010453082998605367
20,IT,2015,0.00026,20.0,-8.254828926948747,-8.103498808710839,-0.1513301182379081,-8.103498808710839,0.027065368019014283,-3.2642552776379037,-8.191847079108118,0.00027690195178616016,-0.06298184784062855
21,IT,2015,0.00031,21.0,-8.078938260485081,-8.055007618769682,-0.023930641715399048,-8.055007618769682,0.023695264288118734,-3.2642552776379037,-8.132355010277198,0.0002938753058731475,0.05341674979211675
22,IT,2015,0.00029,22.0,-8.145629634983754,-8.016067251865158,-0.12956238311859636,-8.016067251865158,0.024368876838677903,-3.2642552776379037,-8.09561348669592,0.00030487354109499156,-0.05001614828783474
23,IT,2015,0.00027,23.0,-8.2170885989659,-8.0579782106576,-0.15911038830829938,-8.0579782106576,0.023859905728048508,-3.2642552776379037,-8.135863033854326,0.0002928461905072696,-0.08122556511157342
24,IT,2015,0.0003,24.0,-8.111728083308073,-8.02357600473842,-0.08815207856965301,-8.02357600473842,0.022773052801918214,-3.2642552776379037,-8.097913062535008,0.00030417326674149443,-0.01381502077306429
25,IT,2015,0.00032,25.0,-8.047189562170502,-7.966418780420314,-0.08077078175018748,-7.966418780420314,0.021477049735121993,-3.2642552776379037,-8.036525353366278,0.00032343080772825335,-0.010664208804223918
26,IT,2015,0.00034,26.0,-7.986564940354067,-7.977270622743386,-0.009294317610681446,-7.977270622743386,0.020228418997948437,-3.2642552776379037,-8.04330134621571,0.00032124665115940197,0.05673640586164286
27,IT,2015,0.00032,27.0,-8.047189562170502,-7.972900795014032,-0.07428876715647004,-7.972900795014032,0.021844882459629948,-3.2642552776379037,-8.044208067872258,0.0003209555018793281,-0.002981494298243348
28,IT,2015,0.00031,28.0,-8.078938260485081,-7.954676995031266,-0.1242612654538151,-7.954676995031266,0.01993958347081985,-3.2642552776379037,-8.019764885609792,0.00032889734222228846,-0.0591733748752894
29,IT,2015,0.0003,29.0,-8.111728083308073,-7.929714242097158,-0.18201384121091468,-7.929714242097158,0.019123715743917843,-3.2642552776379037,-7.992138932142289,0.00033811011478746043,-0.11958915116578339
30,IT,2015,0.00035,30.0,-7.957577403480815,-7.870304959748891,-0.08727244373192367,-7.870304959748891,0.018652436174824778,-3.2642552776379037,-7.931191272973367,0.00035935806429130974,-0.02638613050744798
31,IT,2015,0.00042,31.0,-7.77525584668686,-7.8408302970485675,0.06557445036170773,-7.8408302970485675,0.019107855853761156,-3.2642552776379037,-7.9032032163635515,0.0003695578686790406,0.12794736967669174
32,IT,2015,0.00039,32.0,-7.849363818840582,-7.778588484385329,-0.07077533445525308,-7.778588484385329,0.018541998976225594,-3.2642552776379037,-7.8391143024014305,0.0003940178668334685,-0.01024951643915184
33,IT,2015,0.0004,33.0,-7.824046010856292,-7.733291312023921,-0.09075469883237108,-7.733291312023921,0.018290514561482833,-3.2642552776379037,-7.792996220711954,0.0004126147451908886,-0.03104979014433784
34,IT,2015,0.00048,34.0,-7.641724454062337,-7.648546175377929,0.006821721315591667,-7.648546175377929,0.017506366593865882,-3.2642552776379037,-7.705691424924219,0.0004502572711387518,0.06396697086188219
35,IT,2015,0.00046,35.0,-7.6842840684811335,-7.608556065774183,-0.0757280027069509,-7.608556065774183,0.02028229426963641,-3.2642552776379037,-7.674762651886448,0.0004644007691650361,-0.009521416594685306
36,IT,2015,0.00053,36.0,-7.542633551418106,-7.50778525788188,-0.03484829353622665,-7.50778525788188,0.02041717609479281,-3.2642552776379037,-7.57443213270377,0.0005134118888508202,0.031798581285663374
37,IT,2015,0.00053,37.0,-7.542633551418106,-7.457084963325983,-0.08554858809212362,-7.457084963325983,0.019651752990632196,-3.2642552776379037,-7.52123330174049,0.0005414643649399414,-0.021400249677616223
38,IT,2015,0.00059,38.0,-7.435388021064509,-7.370419156757725,-0.06496886430678384,-7.370419156757725,0.0202674338985073,-3.2642552776379037,-7.436577234825105,0.0005892987809135822,0.0011892137605959974
39,IT,2015,0.00071,39.0,-7.250245587928913,-7.264149925721109,0.01390433779219613,-7.264149925721109,0.020335399475374303,-3.2642552776379037,-7.330529860781475,0.0006552263164032002,0.08028427285256168
40,IT,2015,0.00075,40.0,-7.195437351433918,-7.173715019720412,-0.021722331713506016,-7.173715019720412,0.020319399669134045,-3.2642552776379037,-7.240042727328817,0.000717281111948637,0.04460537589489899
41,IT,2015,0.0008,41.0,-7.1308988302963465,-7.074037880487367,-0.05686094980897938,-7.074037880487367,0.020495343107482796,-3.2642552776379037,-7.140939912392968,0.0007920073290093597,0.010041082096621246
42,IT,2015,0.00088,42.0,-7.035588650492022,-6.96345930118426,-0.07212934930776171,-6.96345930118426,0.020240987592618713,-3.2642552776379037,-7.029531051758069,0.0008853468651175253,-0.006057598733952396
43,IT,2015,0.00101,43.0,-6.897804948128969,-6.874320564860136,-0.02348438326883251,-6.874320564860136,0.01964334143697972,-3.2642552776379037,-6.938441445816241,0.0009697798744118116,0.040636497687271955
44,IT,2015,0.00105,44.0,-6.8589651148127055,-6.773294033705396,-0.08567108110730981,-6.773294033705396,0.02027819283182161,-3.2642552776379037,-6.839487231677628,0.0010706522554705176,-0.019477883135077256
45,IT,2015,0.00127,45.0,-6.668738378511637,-6.668785327590037,4.694907839919438e-05,-6.668785327590037,0.019317153767295814,-3.2642552776379037,-6.731841448723875,0.00119233531099805,0.06310307021223771
46,IT,2015,0.00139,46.0,-6.578451531839537,-6.563663036502831,-0.01478849533670612,-6.563663036502831,0.018954085157196654,-3.2642552776379037,-6.625534009010009,0.0013260721074649343,0.04708247717047165
47,IT,2015,0.00157,47.0,-6.45667965962192,-6.4787021755842575,0.022022515962337508,-6.4787021755842575,0.01798657493397922,-3.2642552776379037,-6.537414947739129,0.0014482274078359786,0.08073528811720898
48,IT,2015,0.00167,48.0,-6.394931652553473,-6.384418485536626,-0.010513167016847014,-6.384418485536626,0.017220232470692053,-3.2642552776379037,-6.440629720261234,0.0015954017074394913,0.04569806770776097
49,IT,2015,0.00186,49.0,-6.287178791257027,-6.2720432452744825,-0.015135545982544407,-6.2720432452744825,0.016495468408212678,-3.2642552776379037,-6.3258886650831,0.0017893753883459422,0.038709873826072716
50,IT,2015,0.00209,50.0,-6.170591213005418,-6.17507269333256,0.004481480327142684,-6.17507269333256,0.015773513858200243,-3.2642552776379037,-6.226561469191085,0.0019762355739207415,0.055970256185667644
51,IT,2015,0.00234,51.0,-6.057604349612527,-6.088573872844203,0.030969523231676455,-6.088573872844203,0.015010303509196268,-3.2642552776379037,-6.137571335293044,0.0021601635656976034,0.07996698568051741
52,IT,2015,0.00253,52.0,-5.979535976242708,-5.973943100096437,-0.005592876146271131,-5.973943100096437,0.01375066533335655,-3.2642552776379037,-6.018828781981878,0.0024325169349347876,0.039292805739170156
53,IT,2015,0.00278,53.0,-5.885304351279592,-5.893241669593349,0.007937318313757658,-5.893241669593349,0.01295815778978835,-3.2642552776379037,-5.9355404045471305,0.002643793650318727,0.05023605326753877
54,IT,2015,0.00303,54.0,-5.799192659460859,-5.789458492776727,-0.009734166684132184,-5.789458492776727,0.012093797968350164,-3.2642552776379037,-5.828935736621601,0.0029412055324630104,0.02974307716074165
55,IT,2015,0.00336,55.0,-5.6958143050070245,-5.70713256976226,0.011318264755235674,-5.70713256976226,0.011123008713019614,-3.2642552776379037,-5.743440909656947,0.003203725557496048,0.0476266046499223
56,IT,2015,0.00363,56.0,-5.618522630705377,-5.601670953837083,-0.016851676868294696,-5.601670953837083,0.0097378469097369,-3.2642552776379037,-5.633457772005022,0.003576188280161472,0.01493514129964435
57,IT,2015,0.00419,57.0,-5.47505454504809,-5.507107058032324,0.03205251298423395,-5.507107058032324,0.009929976269879456,-3.2642552776379037,-5.5395210354780975,0.003928407955813782,0.06446649043000718
58,IT,2015,0.00428,58.0,-5.453802269388432,-5.419994586056584,-0.03380768333184836,-5.419994586056584,0.00935670774989911,-3.2642552776379037,-5.450537268710507,0.004293997040640805,-0.003265000677925123
59,IT,2015,0.00487,59.0,-5.324661341887639,-5.324196182067058,-0.0004651598205809293,-5.324196182067058,0.008908196402758034,-3.2642552776379037,-5.353274809188996,0.004732627143594338,0.02861346730135672
60,IT,2015,0.00546,60.0,-5.2103064892253235,-5.215864959071876,0.005558469846552505,-5.215864959071876,0.008778985536951035,-3.2642552776379037,-5.244521808943175,0.005276344192056816,0.034215319717851855
61,IT,2015,0.00589,61.0,-5.134499281318642,-5.134373498820213,-0.00012578249842931655,-5.134373498820213,0.00800832928859658,-3.2642552776379037,-5.160514729965576,0.005738745021265044,0.026015448646933947
62,IT,2015,0.00641,62.0,-5.049896008049559,-5.0391959268163635,-0.010700081233195213,-5.0391959268163635,0.007443410213112718,-3.2642552776379037,-5.06349311788814,0.00632343239428061,0.013597109838581645
63,IT,2015,0.00718,63.0,-4.936455895922005,-4.945108750201136,0.008652854279131539,-4.945108750201136,0.007222264733534511,-3.2642552776379037,-4.968684065974074,0.006952290773793418,0.03222817005206924
64,IT,2015,0.00788,64.0,-4.843427375112349,-4.857926103297212,0.014498728184862308,-4.857926103297212,0.007559181092484768,-3.2642552776379037,-4.882601200072975,0.007577278353481115,0.039173824960625936
65,IT,2015,0.00839,65.0,-4.780714758503022,-4.762246394716038,-0.01846836378698402,-4.762246394716038,0.007919647211399497,-3.2642552776379037,-4.788098144922879,0.008328281514031553,0.007383386419856919
66,IT,2015,0.00934,66.0,-4.673449026741386,-4.663371166665295,-0.010077860076091127,-4.663371166665295,0.007934399503536919,-3.2642552776379037,-4.6892710721196025,0.009193385029113404,0.015822045378216743
67,IT,2015,0.01023,67.0,-4.582430699018602,-4.575834168481627,-0.006596530536974399,-4.575834168481627,0.008404693358453006,-3.2642552776379037,-4.603269233133886,0.010019027608105144,0.020838534115283913
68,IT,2015,0.01124,68.0,-4.488276434516592,-4.487854187069511,-0.00042224744708185824,-4.487854187069511,0.009200825359483569,-3.2642552776379037,-4.517888029807829,0.010912045263868655,0.029611595291236803
69,IT,2015,0.01252,69.0,-4.380427913310185,-4.391889527042951,0.011461613732766551,-4.391889527042951,0.009487510691631477,-3.2642552776379037,-4.422859183889756,0.01199987334432098,0.04243127057957086
70,IT,2015,0.01369,70.0,-4.291089639681779,-4.291435254219737,0.0003456145379576725,-4.291435254219737,0.009992018752246168,-3.2642552776379037,-4.324051754166013,0.013246104706776533,0.03296211448423403
71,IT,2015,0.01518,71.0,-4.187776507014653,-4.186727063116378,-0.0010494438982746601,-4.186727063116378,0.010527324752195758,-3.2642552776379037,-4.221090938498142,0.01468261793133343,0.03331443148348878
72,IT,2015,0.01696,72.0,-4.07689764861838,-4.0851712958374184,0.008273647219038338,-4.0851712958374184,0.011559102396732036,-3.2642552776379037,-4.1229031568407075,0.01619742245950476,0.04600550822232741
73,IT,2015,0.01869,73.0,-3.9797666575146655,-3.9810533490046245,0.0012866914899589688,-3.9810533490046245,0.01169743913549465,-3.2642552776379037,-4.019236776437511,0.017966672295584407,0.039470118922845465
74,IT,2015,0.02042,74.0,-3.8912404662456175,-3.868654925201927,-0.022585541043690593,-3.868654925201927,0.012327970030389813,-3.2642552776379037,-3.9088965664361885,0.020062626627992377,0.017656100190571067
75,IT,2015,0.02275,75.0,-3.783190133585178,-3.761860417848466,-0.02132971573671183,-3.761860417848466,0.012695972475206428,-3.2642552776379037,-3.8033033130054044,0.022296996113822746,0.0201131794202265
76,IT,2015,0.02569,76.0,-3.661653467860345,-3.642511729493465,-0.019141738366879935,-3.642511729493465,0.01295867437417588,-3.2642552776379037,-3.6848121507105596,0.025101889652687018,0.023158682850214607
77,IT,2015,0.02875,77.0,-3.5491175117387774,-3.5287998488751007,-0.020317662863676755,-3.5287998488751007,0.013218506789362525,-3.2642552776379037,-3.57194842942477,0.028101047396936252,0.022830917685992436
78,IT,2015,0.03306,78.0,-3.409431186589259,-3.4063348187809064,-0.0030963678083524293,-3.4063348187809064,0.013120427703430103,-3.2642552776379037,-3.449163244156695,0.031772210841424946,0.03973205756743603
79,IT,2015,0.03755,79.0,-3.2820819007719932,-3.2760880840813775,-0.005993816690615716,-3.2760880840813775,0.012917105267199382,-3.2642552776379037,-3.3182528131216373,0.03621605272064169,0.03617091234964409
80,IT,2015,0.04309,80.0,-3.1444643273543904,-3.147688530125818,0.0032242027714275423,-3.147688530125818,0.013361763206868073,-3.2642552776379037,-3.191304736192385,0.04111818753789915,0.04684040883799456
81,IT,2015,0.04867,81.0,-3.022692455136774,-3.019397697716698,-0.003294757420076344,-3.019397697716698,0.01261299801953086,-3.2642552776379037,-3.060569743068788,0.04686098888922131,0.037877287932013726
82,IT,2015,0.05711,82.0,-2.8627760463053655,-2.885073744863876,0.022297698558510604,-2.885073744863876,0.01222347467468327,-3.2642552776379037,-2.9249742865817843,0.05366607183313785,0.06219824027641874
83,IT,2015,0.06527,83.0,-2.729222766335011,-2.7555804996782363,0.02635773334322522,-2.7555804996782363,0.011605682635583328,-3.2642552776379037,-2.79346441047203,0.061208793786025825,0.06424164413701883
84,IT,2015,0.07476,84.0,-2.593472296394775,-2.624584815273864,0.031112518879088835,-2.624584815273864,0.010462248076074009,-3.2642552776379037,-2.6587362637721457,0.07003667372476222,0.0652639673773705
85,IT,2015,0.08506,85.0,-2.4643983891566497,-2.493317042723466,0.02891865356681622,-2.493317042723466,0.009737743869726704,-3.2642552776379037,-2.5251035245425073,0.0800500252155063,0.060705135385857645
20,IT,2016,0.00026,20.0,-8.254828926948747,-8.103498808710839,-0.1513301182379081,-8.103498808710839,0.027065368019014283,-5.145317410406291,-8.242758717998127,0.0002631572704524116,-0.012070208950619943
21,IT,2016,0.00029,21.0,-8.145629634983754,-8.055007618769682,-0.09062201621407162,-8.055007618769682,0.023695264288118734,-5.145317410406291,-8.176927274655519,0.0002810642478706784,0.0312976396717648
22,IT,2016,0.00029,22.0,-8.145629634983754,-8.016067251865158,-0.12956238311859636,-8.016067251865158,0.024368876838677903,-5.145317410406291,-8.141452858135255,0.0002912137984039953,-0.004176776848499486
23,IT,2016,0.00028,23.0,-8.180720954795024,-8.0579782106576,-0.12274274413742425,-8.0579782106576,0.023859905728048508,-5.145317410406291,-8.18074499901078,0.0002799932677005251,2.4044215756191534e-05
24,IT,2016,0.00028,24.0,-8.180720954795024,-8.02357600473842,-0.15714495005660467,-8.02357600473842,0.022773052801918214,-5.145317410406291,-8.140750589808231,0.0002914183804583471,-0.03997036498679307
25,IT,2016,0.0003,25.0,-8.111728083308073,-7.966418780420314,-0.14530930288775856,-7.966418780420314,0.021477049735121993,-5.145317410406291,-8.0769250183466,0.0003106247337220455,-0.034803064961472785
26,IT,2016,0.0003,26.0,-8.111728083308073,-7.977270622743386,-0.1344574605646871,-7.977270622743386,0.020228418997948437,-5.145317410406291,-8.081352259198523,0.0003092525629178779,-0.030375824109549754
27,IT,2016,0.0003,27.0,-8.111728083308073,-7.972900795014032,-0.13882728829404112,-7.972900795014032,0.021844882459629948,-5.145317410406291,-8.085299649061845,0.00030803422868789935,-0.02642843424622754
28,IT,2016,0.00032,28.0,-8.047189562170502,-7.954676995031266,-0.09251256713923528,-7.954676995031266,0.01993958347081985,-5.145317410406291,-8.057272481019925,0.00031678967787505567,0.010082918849423805
29,IT,2016,0.00032,29.0,-8.047189562170502,-7.929714242097158,-0.1174753200733436,-7.929714242097158,0.019123715743917843,-5.145317410406291,-8.028111829665999,0.0003261634800763841,-0.01907773250450262
30,IT,2016,0.00035,30.0,-7.957577403480815,-7.870304959748891,-0.08727244373192367,-7.870304959748891,0.018652436174824778,-5.145317410406291,-7.966277664345709,0.0003469681169089145,0.008700260864894283
31,IT,2016,0.00032,31.0,-8.047189562170502,-7.8408302970485675,-0.20635926512193414,-7.8408302970485675,0.019107855853761156,-5.145317410406291,-7.939146280448458,0.000356510708587142,-0.10804328172204336
32,IT,2016,0.00038,32.0,-7.875339305243843,-7.778588484385329,-0.09675082085851372,-7.778588484385329,0.018541998976225594,-5.145317410406291,-7.873992954541438,0.00038051195782696985,-0.0013463507024047416
33,IT,2016,0.00042,33.0,-7.77525584668686,-7.733291312023921,-0.041964534662938924,-7.733291312023921,0.018290514561482833,-5.145317410406291,-7.827401815042408,0.00039865992809260466,0.05214596835554808
34,IT,2016,0.00048,34.0,-7.641724454062337,-7.648546175377929,0.006821721315591667,-7.648546175377929,0.017506366593865882,-5.145317410406291,-7.738621988206302,0.0004356715221124001,0.09689753414396485
35,IT,2016,0.00044,35.0,-7.728735831051967,-7.608556065774183,-0.12017976527778451,-7.608556065774183,0.02028229426963641,-5.145317410406291,-7.712914907602727,0.0004470165642262444,-0.015820923449240354
36,IT,2016,0.00055,36.0,-7.505592279737757,-7.50778525788188,0.0021929781441221152,-7.50778525788188,0.02041717609479281,-5.145317410406291,-7.612838109513748,0.0004940676486752296,0.10724582977599084
37,IT,2016,0.00056,37.0,-7.487573774235079,-7.457084963325983,-0.030488810909096387,-7.457084963325983,0.019651752990632196,-5.145317410406291,-7.558199470133687,0.0005218139401399746,0.07062569589860779
38,IT,2016,0.00058,38.0,-7.4524824544238095,-7.370419156757725,-0.08206329766608444,-7.370419156757725,0.0202674338985073,-5.145317410406291,-7.474701537259973,0.0005672550468708587,0.022219082836163473
39,IT,2016,0.00065,39.0,-7.338538195074591,-7.264149925721109,-0.07438826935348164,-7.264149925721109,0.020335399475374303,-5.145317410406291,-7.36878201068932,0.000630635819200673,0.030243815614729108
40,IT,2016,0.00072,40.0,-7.236259345954173,-7.173715019720412,-0.06254432623376172,-7.173715019720412,0.020319399669134045,-5.145317410406291,-7.278264780607011,0.0006903824900128348,0.04200543465283779
41,IT,2016,0.00077,41.0,-7.1691200431165445,-7.074037880487367,-0.09508216262917735,-7.074037880487367,0.020495343107482796,-5.145317410406291,-7.179492926210549,0.0007620541618878983,0.010372883094004415
42,IT,2016,0.00086,42.0,-7.05857816871672,-6.96345930118426,-0.09511886753246035,-6.96345930118426,0.020240987592618713,-5.145317410406291,-7.067605607048379,0.0008522713405201515,0.009027438331658644
43,IT,2016,0.00094,43.0,-6.969630682700225,-6.874320564860136,-0.09531011784008836,-6.874320564860136,0.01964334143697972,-5.145317410406291,-6.975391791554384,0.0009346001272397839,0.005761108854159147
44,IT,2016,0.0011,44.0,-6.812445099177812,-6.773294033705396,-0.03915106547241631,-6.773294033705396,0.02027819283182161,-5.145317410406291,-6.877631772334544,0.0010305818097980472,0.06518667315673188
45,IT,2016,0.00119,45.0,-6.733801971858699,-6.668785327590037,-0.06501664426866238,-6.668785327590037,0.019317153767295814,-5.145317410406291,-6.768178215188399,0.0011497874092837065,0.03437624332970035
46,IT,2016,0.00129,46.0,-6.653113060608557,-6.563663036502831,-0.08945002410572567,-6.563663036502831,0.018954085157196654,-5.145317410406291,-6.661187820860478,0.0012796255014388914,0.008074760251921553
47,IT,2016,0.00148,47.0,-6.515713191206113,-6.4787021755842575,-0.03701101562185549,-6.4787021755842575,0.01798657493397922,-5.145317410406291,-6.5712488127456385,0.0014000479222815757,0.055535621539525515
48,IT,2016,0.00157,48.0,-6.45667965962192,-6.384418485536626,-0.07226117408529387,-6.384418485536626,0.017220232470692053,-5.145317410406291,-6.473022047479322,0.0015445509664469884,0.016342387857402052
49,IT,2016,0.0017,49.0,-6.3771270279199666,-6.2720432452744825,-0.10508378264548401,-6.2720432452744825,0.016495468408212678,-5.145317410406291,-6.356917666068066,0.0017347054211694786,-0.02020936185190081
50,IT,2016,0.00197,50.0,-6.22972173623224,-6.17507269333256,-0.054649042899679756,-6.17507269333256,0.015773513858200243,-5.145317410406291,-6.256232428810443,0.0019184601329613326,0.02651069257820282
51,IT,2016,0.00216,51.0,-6.137647057286063,-6.088573872844203,-0.04907318444185993,-6.088573872844203,0.015010303509196268,-5.145317410406291,-6.165806648825553,0.0021000236995308633,0.02815959153948988
52,IT,2016,0.00245,52.0,-6.011667254425501,-5.973943100096437,-0.037724154329064064,-5.973943100096437,0.01375066533335655,-5.145317410406291,-6.044694637840827,0.0023704045603318295,0.03302738341532585
53,IT,2016,0.00256,53.0,-5.967748020490665,-5.893241669593349,-0.07450635089731605,-5.893241669593349,0.01295815778978835,-5.145317410406291,-5.959915504475939,0.0025801299722511798,-0.007832516014726565
54,IT,2016,0.00307,54.0,-5.786077717383031,-5.789458492776727,0.0033807753936958562,-5.789458492776727,0.012093797968350164,-5.145317410406291,-5.8516849220212155,0.00287505083824535,0.06560720463818459
55,IT,2016,0.00304,55.0,-5.795897763564007,-5.70713256976226,-0.08876519380174663,-5.70713256976226,0.011123008713019614,-5.145317410406291,-5.764363980149461,0.003137390171773168,-0.03153378341454616
56,IT,2016,0.00363,56.0,-5.618522630705377,-5.601670953837083,-0.016851676868294696,-5.601670953837083,0.0097378469097369,-5.145317410406291,-5.651775267081623,0.003511277782749828,0.03325263637624598
57,IT,2016,0.00398,57.0,-5.526473459685791,-5.507107058032324,-0.019366401653466703,-5.507107058032324,0.009929976269879456,-5.145317410406291,-5.558199937818657,0.003855710673639961,0.031726478132865665
58,IT,2016,0.0044,58.0,-5.426150738057921,-5.419994586056584,-0.006156152001337567,-5.419994586056584,0.00935670774989911,-5.145317410406291,-5.468137817346223,0.0042190815477030665,0.04198707928830192
59,IT,2016,0.00464,59.0,-5.373040912743973,-5.324196182067058,-0.048844730676915304,-5.324196182067058,0.008908196402758034,-5.145317410406291,-5.370031680113487,0.004653983869210666,-0.003009232630486025
60,IT,2016,0.00511,60.0,-5.276555874766524,-5.215864959071876,-0.06069091569464824,-5.215864959071876,0.008778985536951035,-5.145317410406291,-5.261035626200855,0.005189927110093933,-0.015520248565668915
61,IT,2016,0.00559,61.0,-5.1867759918151295,-5.134373498820213,-0.05240249299491673,-5.134373498820213,0.00800832928859658,-5.145317410406291,-5.175578894937096,0.00565294350618951,-0.011197096878033719
62,IT,2016,0.00613,62.0,-5.094560529034017,-5.0391959268163635,-0.05536460221765349,-5.0391959268163635,0.007443410213112718,-5.145317410406291,-5.077494634978688,0.006235511695469311,-0.01706589405532899
63,IT,2016,0.00669,63.0,-5.007141404842,-4.945108750201136,-0.062032654640863605,-4.945108750201136,0.007222264733534511,-5.145317410406291,-4.982269594677154,0.00685847891267336,-0.02487181016484552
64,IT,2016,0.00722,64.0,-4.930900326077402,-4.857926103297212,-0.07297422278019017,-4.857926103297212,0.007559181092484768,-5.145317410406291,-4.896820489380787,0.00747029724062461,-0.03407983669661441
65,IT,2016,0.00823,65.0,-4.799969264293159,-4.762246394716038,-0.03772286957712101,-4.762246394716038,0.007919647211399497,-5.145317410406291,-4.802995493397128,0.00820513178191572,0.0030262291039688805
66,IT,2016,0.00914,66.0,-4.695094893516078,-4.663371166665295,-0.03172372685078351,-4.663371166665295,0.007934399503536919,-5.145317410406291,-4.704196170571962,0.009057191729819617,0.00910127705588426
67,IT,2016,0.00989,67.0,-4.616231133347516,-4.575834168481627,-0.04039696486588884,-4.575834168481627,0.008404693358453006,-5.145317410406291,-4.619078983548001,0.009861874828663133,0.002847850200485169
68,IT,2016,0.01085,68.0,-4.523590198995668,-4.487854187069511,-0.03573601192615783,-4.487854187069511,0.009200825359483569,-5.145317410406291,-4.535195353981769,0.010724811887147669,0.011605154986100708
69,IT,2016,0.01169,69.0,-4.44902150349816,-4.391889527042951,-0.05713197645520829,-4.391889527042951,0.009487510691631477,-5.145317410406291,-4.440705780986018,0.011787616107877581,-0.0083157225121413
70,IT,2016,0.01297,70.0,-4.345116280653785,-4.291435254219737,-0.05368102643404793,-4.291435254219737,0.009992018752246168,-5.145317410406291,-4.342847362270775,0.012999461281410257,-0.002268918383009577
71,IT,2016,0.01464,71.0,-4.223997770448972,-4.186727063116378,-0.037270707332593744,-4.186727063116378,0.010527324752195758,-5.145317410406291,-4.240893490448852,0.014394724546668836,0.016895719999880043
72,IT,2016,0.01619,72.0,-4.123361511292593,-4.0851712958374184,-0.03819021545517476,-4.0851712958374184,0.011559102396732036,-5.145317410406291,-4.1446465466479925,0.01584903685663649,0.021285035355399273
73,IT,2016,0.01805,73.0,-4.014609594203247,-3.9810533490046245,-0.033556245198622214,-3.9810533490046245,0.01169743913549465,-5.145317410406291,-4.041240386245653,0.017575658284651657,0.026630792042406704
74,IT,2016,0.01996,74.0,-3.914025008098819,-3.868654925201927,-0.04537008289689215,-3.868654925201927,0.012327970030389813,-5.145317410406291,-3.9320862440342585,0.01960273377737735,0.018061235935439512
75,IT,2016,0.02171,75.0,-3.8299822950919364,-3.761860417848466,-0.06812187724347041,-3.761860417848466,0.012695972475206428,-5.145317410406291,-3.8271852260671846,0.02177080937288837,-0.0027970690247518526
76,IT,2016,0.0244,76.0,-3.713172146682981,-3.642511729493465,-0.07066041718951599,-3.642511729493465,0.01295867437417588,-5.145317410406291,-3.709188222366698,0.024497401644880984,-0.003983924316282916
77,IT,2016,0.02711,77.0,-3.607852615471563,-3.5287998488751007,-0.07905276659646221,-3.5287998488751007,0.013218506789362525,-5.145317410406291,-3.5968132619979816,0.027410934879752654,-0.011039353473581315
78,IT,2016,0.03049,78.0,-3.4903565179819735,-3.4063348187809064,-0.08402169920106717,-3.4063348187809064,0.013120427703430103,-5.145317410406291,-3.4738435838753423,0.030997659297644704,-0.01651293410663124
79,IT,2016,0.03472,79.0,-3.3604393891899877,-3.2760880840813775,-0.08435130510861022,-3.2760880840813775,0.012917105267199382,-5.145317410406291,-3.3425506907047495,0.035346684181816426,-0.01788869848523822
80,IT,2016,0.04034,80.0,-3.2104117464560713,-3.147688530125818,-0.06272321633025335,-3.147688530125818,0.013361763206868073,-5.145317410406291,-3.2164390429878424,0.04009759012985432,0.0060272965317711424
81,IT,2016,0.04513,81.0,-3.0982080651432273,-3.019397697716698,-0.07881036742652947,-3.019397697716698,0.01261299801953086,-5.145317410406291,-3.08429557602401,0.045762258581106795,-0.013912489119217497
82,IT,2016,0.05267,82.0,-2.943709245486839,-2.885073744863876,-0.058635500622962855,-2.885073744863876,0.01222347467468327,-5.145317410406291,-2.9479674019231843,0.052446199726944455,0.004258156436345306
83,IT,2016,0.06037,83.0,-2.8072629861738023,-2.7555804996782363,-0.05168248649556606,-2.7555804996782363,0.011605682635583328,-5.145317410406291,-2.815295420602753,0.059887024265779056,0.00803243442895063
84,IT,2016,0.06894,84.0,-2.6745187178934176,-2.624584815273864,-0.04993390261955355,-2.624584815273864,0.010462248076074009,-5.145317410406291,-2.6784164024516772,0.06867181661319521,0.003897684558259673
85,IT,2016,0.0796,85.0,-2.5307411861317997,-2.493317042723466,-0.037424143408333777,-2.493317042723466,0.009737743869726704,-5.145317410406291,-2.5434208257944477,0.07859707249946828,0.012679639662648068
20,IT,2017,0.00034,20.0,-7.986564940354067,-8.103498808710839,0.11693386835677178,-8.103498808710839,0.027065368019014283,-4.058887954996105,-8.213354104960752,0.00027101019849744994,0.22678916460668486
21,IT,2017,0.00031,21.0,-8.078938260485081,-8.055007618769682,-0.023930641715399048,-8.055007618769682,0.023695264288118734,-4.058887954996105,-8.151184041579176,0.0002883936872740792,0.07224578109409485
22,IT,2017,0.00035,22.0,-7.957577403480815,-8.016067251865158,0.05848984838434301,-8.016067251865158,0.024368876838677903,-4.058887954996105,-8.11497779254245,0.00029902666960665043,0.15740038906163623
23,IT,2017,0.00032,23.0,-8.047189562170502,-8.0579782106576,0.010788648487098484,-8.0579782106576,0.023859905728048508,-4.058887954996105,-8.15482289462452,0.0002873461720597155,0.10763333245401796
24,IT,2017,0.00032,24.0,-8.047189562170502,-8.02357600473842,-0.023613557432081933,-8.02357600473842,0.022773052801918214,-4.058887954996105,-8.116009274454616,0.0002987183880264664,0.06881971228411388
25,IT,2017,0.00035,25.0,-7.957577403480815,-7.966418780420314,0.00884137693949949,-7.966418780420314,0.021477049735121993,-4.058887954996105,-8.053591718899053,0.0003179578538918066,0.09601431541823846
26,IT,2017,0.00031,26.0,-8.078938260485081,-7.977270622743386,-0.10166763774169585,-7.977270622743386,0.020228418997948437,-4.058887954996105,-8.059375508962773,0.00031612416037670983,-0.01956275152230802
27,IT,2017,0.00034,27.0,-7.986564940354067,-7.972900795014032,-0.01366414534003546,-7.972900795014032,0.021844882459629948,-4.058887954996105,-8.06156672530773,0.00031543222231930504,0.07500178495366239
28,IT,2017,0.00032,28.0,-8.047189562170502,-7.954676995031266,-0.09251256713923528,-7.954676995031266,0.01993958347081985,-4.058887954996105,-8.035609530208616,0.000323727148829181,-0.01158003196188595
29,IT,2017,0.00036,29.0,-7.929406526514119,-7.929714242097158,0.0003077155830393252,-7.929714242097158,0.019123715743917843,-4.058887954996105,-8.007335261584915,0.00033301092471003805,0.07792873507079623
30,IT,2017,0.00041,30.0,-7.799353398265921,-7.870304959748891,0.07095156148297033,-7.870304959748891,0.018652436174824778,-4.058887954996105,-7.946013108270221,0.0003540709970608539,0.14665971000430034
31,IT,2017,0.00041,31.0,-7.799353398265921,-7.8408302970485675,0.04147689878264682,-7.8408302970485675,0.019107855853761156,-4.058887954996105,-7.9183869430192,0.00036398898818680255,0.11903354475327976
32,IT,2017,0.0004,32.0,-7.824046010856292,-7.778588484385329,-0.045457526470962684,-7.778588484385329,0.018541998976225594,-4.058887954996105,-7.853848380691481,0.0003882549367248674,0.029802369835189246
33,IT,2017,0.00043,33.0,-7.751725349276666,-7.733291312023921,-0.01843403725274495,-7.733291312023921,0.018290514561482833,-4.058887954996105,-7.807530461268204,0.00040666107407745267,0.05580511199153815
34,IT,2017,0.00046,34.0,-7.6842840684811335,-7.648546175377929,-0.035737893103204854,-7.648546175377929,0.017506366593865882,-4.058887954996105,-7.719602555881517,0.0004440370487504823,0.03531848740038335
35,IT,2017,0.00045,35.0,-7.706262975199909,-7.608556065774183,-0.09770690942572635,-7.608556065774183,0.02028229426963641,-4.058887954996105,-7.690879625684897,0.0004569760270418236,-0.015383349515012412
36,IT,2017,0.00052,36.0,-7.5616817463888015,-7.50778525788188,-0.05389648850692197,-7.50778525788188,0.02041717609479281,-4.058887954996105,-7.590656288008068,0.0005051494216452381,0.028974541619266603
37,IT,2017,0.00058,37.0,-7.4524824544238095,-7.457084963325983,0.004602508902173064,-7.457084963325983,0.019651752990632196,-4.058887954996105,-7.536849226834218,0.0005330745756286279,0.08436677241040869
38,IT,2017,0.00063,38.0,-7.369790738578696,-7.370419156757725,0.0006284181790290333,-7.370419156757725,0.0202674338985073,-4.058887954996105,-7.452682400087056,0.0005798840431082418,0.08289166150836014
39,IT,2017,0.00072,39.0,-7.236259345954173,-7.264149925721109,0.027890579766935986,-7.264149925721109,0.020335399475374303,-4.058887954996105,-7.3466890337117405,0.0006447234880969687,0.11042968775756723
40,IT,2017,0.00072,40.0,-7.236259345954173,-7.173715019720412,-0.06254432623376172,-7.173715019720412,0.020319399669134045,-4.058887954996105,-7.256189186290212,0.0007057925612127366,0.019929840336038396
41,IT,2017,0.00085,41.0,-7.070274208479912,-7.074037880487367,0.003763672007455199,-7.074037880487367,0.020495343107482796,-4.058887954996105,-7.1572261817598415,0.0007792129534319306,0.08695197327992954
42,IT,2017,0.00094,42.0,-6.969630682700225,-6.96345930118426,-0.006171381515964747,-6.96345930118426,0.020240987592618713,-4.058887954996105,-7.045615201921166,0.0008712207212369208,0.07598451922094096
43,IT,2017,0.00099,43.0,-6.917805614835639,-6.874320564860136,-0.0434850499755024,-6.874320564860136,0.01964334143697972,-4.058887954996105,-6.954050686814569,0.0009547598769819235,0.036245071978930454
44,IT,2017,0.00109,44.0,-6.821577582741084,-6.773294033705396,-0.048283549035688544,-6.773294033705396,0.02027819283182161,-4.058887954996105,-6.855600946339565,0.0010535383253209227,0.03402336359848057
45,IT,2017,0.00122,45.0,-6.708904420236972,-6.668785327590037,-0.04011909264693525,-6.668785327590037,0.019317153767295814,-4.058887954996105,-6.747191490340922,0.0011741726696309661,0.038287070103949716
46,IT,2017,0.00137,46.0,-6.5929445391421035,-6.563663036502831,-0.02928150263927254,-6.563663036502831,0.018954085157196654,-4.058887954996105,-6.640595544445347,0.0013062490827591563,0.04765100530324329
47,IT,2017,0.00152,47.0,-6.489044944123952,-6.4787021755842575,-0.010342768539694625,-6.4787021755842575,0.01798657493397922,-4.058887954996105,-6.55170766793542,0.0014276755197716031,0.06266272381146809
48,IT,2017,0.00166,48.0,-6.400937676613685,-6.384418485536626,-0.016519191077058792,-6.384418485536626,0.017220232470692053,-4.058887954996105,-6.454313479694151,0.0015737193010190022,0.05337580308046608
49,IT,2017,0.00181,49.0,-6.3144284337044025,-6.2720432452744825,-0.04238518842992001,-6.2720432452744825,0.016495468408212678,-4.058887954996105,-6.3389965033085955,0.0017660735969199813,0.024568069604193
50,IT,2017,0.002,50.0,-6.214608098422191,-6.17507269333256,-0.03953540508963105,-6.17507269333256,0.015773513858200243,-4.058887954996105,-6.239095618739573,0.0019516197332797036,0.024487520317381772
51,IT,2017,0.00217,51.0,-6.133028111429769,-6.088573872844203,-0.04445423858556552,-6.088573872844203,0.015010303509196268,-4.058887954996105,-6.149499012958516,0.0021345508845416355,0.01647090152874675
52,IT,2017,0.00248,52.0,-5.999496718805246,-5.973943100096437,-0.02555361870880901,-5.973943100096437,0.01375066533335655,-4.058887954996105,-6.029755509991181,0.002406082169764057,0.03025879118593444
53,IT,2017,0.00267,53.0,-5.925676806569979,-5.893241669593349,-0.032435136976629586,-5.893241669593349,0.01295815778978835,-4.058887954996105,-5.94583738016526,0.002616710249420201,0.020160573595281228
54,IT,2017,0.00288,54.0,-5.8499649848342825,-5.789458492776727,-0.06050649205755576,-5.789458492776727,0.012093797968350164,-4.058887954996105,-5.838545863680619,0.0029130755564053144,-0.01141912115366317
55,IT,2017,0.00328,55.0,-5.7199118565860845,-5.70713256976226,-0.012779286823824343,-5.70713256976226,0.011123008713019614,-4.058887954996105,-5.752279615850852,0.003175533542572085,0.032367759264767315
56,IT,2017,0.00358,56.0,-5.632392478569528,-5.601670953837083,-0.030721524732445715,-5.601670953837083,0.0097378469097369,-4.058887954996105,-5.6411957833666095,0.003548622484384739,0.008803304797081246
57,IT,2017,0.00392,57.0,-5.5416636251797655,-5.507107058032324,-0.034556567147441264,-5.507107058032324,0.009929976269879456,-4.058887954996105,-5.547411719107535,0.0038975321074441877,0.0057480939277692045
58,IT,2017,0.00418,58.0,-5.477444032445472,-5.419994586056584,-0.0574494463888886,-5.419994586056584,0.00935670774989911,-4.058887954996105,-5.457972414441068,0.004262188942333069,-0.019471618004404334
59,IT,2017,0.00472,59.0,-5.355946479384673,-5.324196182067058,-0.031750297317614695,-5.324196182067058,0.008908196402758034,-4.058887954996105,-5.360353553146952,0.004699244381207019,0.004407073762279445
60,IT,2017,0.00531,60.0,-5.23816344372829,-5.215864959071876,-0.02229848465641382,-5.215864959071876,0.008778985536951035,-4.058887954996105,-5.2514978777248915,0.005239664142087174,0.013334433996601724
61,IT,2017,0.00575,61.0,-5.158555424172878,-5.134373498820213,-0.024181925352665168,-5.134373498820213,0.00800832928859658,-4.058887954996105,-5.16687841010934,0.005702341436758209,0.008322985936461968
62,IT,2017,0.00624,62.0,-5.076775096600801,-5.0391959268163635,-0.037579169784437205,-5.0391959268163635,0.007443410213112718,-4.058887954996105,-5.069407894874462,0.006286141095456724,-0.00736720172633909
63,IT,2017,0.00687,63.0,-4.980591172747879,-4.945108750201136,-0.0354824225467425,-4.945108750201136,0.007222264733534511,-4.058887954996105,-4.974423113535873,0.006912505520309572,-0.006168059212005694
64,IT,2017,0.0076,64.0,-4.879607031689852,-4.857926103297212,-0.02168092839264002,-4.857926103297212,0.007559181092484768,-4.058887954996105,-4.888607972383133,0.007531899793463055,0.009000940693280945
65,IT,2017,0.00813,65.0,-4.812194355422418,-4.762246394716038,-0.049947960706379746,-4.762246394716038,0.007919647211399497,-4.058887954996105,-4.794391355390205,0.008276034458924404,-0.017803000032212246
66,IT,2017,0.00888,66.0,-4.7239537219780585,-4.663371166665295,-0.06058255531276391,-4.663371166665295,0.007934399503536919,-4.058887954996105,-4.695576005240327,0.00913560369648175,-0.028377716737731262
67,IT,2017,0.01004,67.0,-4.6011781647185535,-4.575834168481627,-0.02534399623692618,-4.575834168481627,0.008404693358453006,-4.058887954996105,-4.609947877119688,0.009952337038801728,0.008769712401134555
68,IT,2017,0.0108,68.0,-4.528209144851963,-4.487854187069511,-0.04035495778245224,-4.487854187069511,0.009200825359483569,-4.058887954996105,-4.525199306297141,0.010832555224800634,-0.00300983855482162
69,IT,2017,0.01215,69.0,-4.41042610919558,-4.391889527042951,-0.018536582152628434,-4.391889527042951,0.009487510691631477,-4.058887954996105,-4.430398269912112,0.011909745434841133,0.01997216071653174
70,IT,2017,0.01337,70.0,-4.314741887868285,-4.291435254219737,-0.02330663364854857,-4.291435254219737,0.009992018752246168,-4.058887954996105,-4.331991738779324,0.013141347275768007,0.017249850911039033
71,IT,2017,0.01474,71.0,-4.217190392220947,-4.186727063116378,-0.030463329104568615,-4.186727063116378,0.010527324752195758,-4.058887954996105,-4.229456294751398,0.014560304910882244,0.012265902530451456
72,IT,2017,0.0165,72.0,-4.104394898075602,-4.0851712958374184,-0.01922360223818398,-4.0851712958374184,0.011559102396732036,-4.058887954996105,-4.132088397326081,0.01604932642901879,0.02769349925047848
73,IT,2017,0.01827,73.0,-4.0024949085922215,-3.9810533490046245,-0.02144155958759697,-3.9810533490046245,0.01169743913549465,-4.058887954996105,-4.028531943815984,0.017800442831560757,0.026037035223762217
74,IT,2017,0.0205,74.0,-3.8873303928377747,-3.868654925201927,-0.01867546763584782,-3.868654925201927,0.012327970030389813,-4.058887954996105,-3.918692774267829,0.019867048493983342,0.03136238143005432
75,IT,2017,0.02261,75.0,-3.7893629926922583,-3.761860417848466,-0.02750257484379226,-3.761860417848466,0.012695972475206428,-4.058887954996105,-3.8133919476050435,0.022073180761349474,0.024028954912785228
76,IT,2017,0.0252,76.0,-3.6809112844647593,-3.642511729493465,-0.038399554971294325,-3.642511729493465,0.01295867437417588,-4.058887954996105,-3.6951095368235243,0.02484473210040142,0.014198252358764929
77,IT,2017,0.02799,77.0,-3.5759079754547747,-3.5287998488751007,-0.047108126579674,-3.5287998488751007,0.013218506789362525,-4.058887954996105,-3.5824522868654785,0.027807422796271013,0.006544311410703774
78,IT,2017,0.03155,78.0,-3.456181689994915,-3.4063348187809064,-0.04984687121400855,-3.4063348187809064,0.013120427703430103,-4.058887954996105,-3.459589164750756,0.031442677125289135,0.0034074747558410223
79,IT,2017,0.03548,79.0,-3.338786121540758,-3.2760880840813775,-0.06269803745938063,-3.2760880840813775,0.012917105267199382,-4.058887954996105,-3.32851716706383,0.03584621963301854,-0.010268954476928105
80,IT,2017,0.04068,80.0,-3.202018707801778,-3.147688530125818,-0.054330177675959934,-3.147688530125818,0.013361763206868073,-4.058887954996105,-3.201922429863685,0.040683916775068114,-9.627793809308116e-05
81,IT,2017,0.04746,81.0,-3.0478680279745194,-3.019397697716698,-0.02847033025782153,-3.019397697716698,0.01261299801953086,-4.058887954996105,-3.0705924434545615,0.04639366109313731,0.022724415480042115
82,IT,2017,0.05431,82.0,-2.9130469069353833,-2.885073744863876,-0.02797316207150713,-2.885073744863876,0.01222347467468327,-4.058887954996105,-2.934687458989148,0.05314732743034284,0.021640552053764583
83,IT,2017,0.06179,83.0,-2.784013739909249,-2.7555804996782363,-0.02843324023101257,-2.7555804996782363,0.011605682635583328,-4.058887954996105,-2.802686665137313,0.06064690562222214,0.018672925228063963
84,IT,2017,0.07119,84.0,-2.6424029198663552,-2.624584815273864,-0.017818104592491224,-2.624584815273864,0.010462248076074009,-4.058887954996105,-2.667049907972022,0.0694568273962552,0.02464698810566679
85,IT,2017,0.08243,85.0,-2.495805830657001,-2.493317042723466,-0.0024887879335349083,-2.493317042723466,0.009737743869726704,-4.058887954996105,-2.532841454025137,0.07943299411562915,0.03703562336813615
20,IT,2018,0.00026,20.0,-8.254828926948747,-8.103498808710839,-0.1513301182379081,-8.103498808710839,0.027065368019014283,-5.630771319791727,-8.255897706711913,0.0002597222657064107,0.0010687797631661056
21,IT,2018,0.00029,21.0,-8.145629634983754,-8.055007618769682,-0.09062201621407162,-8.055007618769682,0.023695264288118734,-5.630771319791727,-8.188430233338106,0.00027784970128369153,0.04280059835435246
22,IT,2018,0.00027,22.0,-8.2170885989659,-8.016067251865158,-0.20102134710074182,-8.016067251865158,0.024368876838677903,-5.630771319791727,-8.153282824663922,0.00028778904620864926,-0.06380577430197754
23,IT,2018,0.0003,23.0,-8.111728083308073,-8.0579782106576,-0.0537498726504726,-8.0579782106576,0.023859905728048508,-5.630771319791727,-8.19232788352403,0.0002767688481059497,0.08059980021595692
24,IT,2018,0.00028,24.0,-8.180720954795024,-8.02357600473842,-0.15714495005660467,-8.02357600473842,0.022773052801918214,-5.630771319791727,-8.151805857319564,0.000288214415282753,-0.028915097475460172
25,IT,2018,0.00031,25.0,-8.078938260485081,-7.966418780420314,-0.11251948006476731,-7.966418780420314,0.021477049735121993,-5.630771319791727,-8.08735113610258,0.0003074029482129007,0.008412875617498372
26,IT,2018,0.00035,26.0,-7.957577403480815,-7.977270622743386,0.01969321926257095,-7.977270622743386,0.020228418997948437,-5.630771319791727,-8.091172224281763,0.0003062305757369989,0.13359482080094853
27,IT,2018,0.00031,27.0,-8.078938260485081,-7.972900795014032,-0.10603746547104986,-7.972900795014032,0.021844882459629948,-5.630771319791727,-8.095904332651937,0.0003047848827520525,0.01696607216685564
28,IT,2018,0.00034,28.0,-7.986564940354067,-7.954676995031266,-0.031887945322800704,-7.954676995031266,0.01993958347081985,-5.630771319791727,-8.066952229767352,0.00031373802682281685,0.08038728941328532
29,IT,2018,0.00032,29.0,-8.047189562170502,-7.929714242097158,-0.1174753200733436,-7.929714242097158,0.019123715743917843,-5.630771319791727,-8.037395512235861,0.0003231494939538005,-0.009794049934640725
30,IT,2018,0.00031,30.0,-8.078938260485081,-7.870304959748891,-0.20863330073619046,-7.870304959748891,0.018652436174824778,-5.630771319791727,-7.97533256240634,0.00034384053730671804,-0.10360569807874143
31,IT,2018,0.00037,31.0,-7.902007552326004,-7.8408302970485675,-0.06117725527743634,-7.8408302970485675,0.019107855853761156,-5.630771319791727,-7.94842226377264,0.00035321901166476924,0.046414711446636225
32,IT,2018,0.00042,32.0,-7.77525584668686,-7.778588484385329,0.003332637698469476,-7.778588484385329,0.018541998976225594,-5.630771319791727,-7.882994240432268,0.0003771022298998407,0.10773839374540817
33,IT,2018,0.00042,33.0,-7.77525584668686,-7.733291312023921,-0.041964534662938924,-7.733291312023921,0.018290514561482833,-5.630771319791727,-7.836281016840951,0.0003951358149514072,0.06102517015409159
34,IT,2018,0.00043,34.0,-7.751725349276666,-7.648546175377929,-0.1031791738987371,-7.648546175377929,0.017506366593865882,-5.630771319791727,-7.747120522308428,0.0004319846415548876,-0.0046048269682374965
35,IT,2018,0.00046,35.0,-7.6842840684811335,-7.608556065774183,-0.0757280027069509,-7.608556065774183,0.02028229426963641,-5.630771319791727,-7.722761026647228,0.0004426367832260529,0.0384769581660942
36,IT,2018,0.00049,36.0,-7.621105166859602,-7.50778525788188,-0.11331990897772215,-7.50778525788188,0.02041717609479281,-5.630771319791727,-7.622749707467576,0.0004891948373448984,0.0016445406079741431
37,IT,2018,0.00057,37.0,-7.469874197135678,-7.457084963325983,-0.012789233809695766,-7.457084963325983,0.019651752990632196,-5.630771319791727,-7.567739490449266,0.0005168594948804036,0.09786529331358729
38,IT,2018,0.00058,38.0,-7.4524824544238095,-7.370419156757725,-0.08206329766608444,-7.370419156757725,0.0202674338985073,-5.630771319791727,-7.484540442279215,0.0005617012448109651,0.03205798785540548
39,IT,2018,0.00066,39.0,-7.3232707229438025,-7.264149925721109,-0.059120797222693255,-7.264149925721109,0.020335399475374303,-5.630771319791727,-7.378653909863555,0.0006244408742242633,0.055383186919752525
40,IT,2018,0.00074,40.0,-7.208860371766058,-7.173715019720412,-0.03514535204564684,-7.173715019720412,0.020319399669134045,-5.630771319791727,-7.288128912612757,0.0006836059433194873,0.07926854084669888
41,IT,2018,0.00078,41.0,-7.156216638280637,-7.074037880487367,-0.08217875779326977,-7.074037880487367,0.020495343107482796,-5.630771319791727,-7.189442470646273,0.0007545096645354657,0.03322583236563581
42,IT,2018,0.00087,42.0,-7.047017346315645,-6.96345930118426,-0.08355804513138487,-6.96345930118426,0.020240987592618713,-5.630771319791727,-7.077431673605037,0.000843937875246745,0.030414327289392418
43,IT,2018,0.00088,43.0,-7.035588650492022,-6.874320564860136,-0.16126808563188533,-6.874320564860136,0.01964334143697972,-5.630771319791727,-6.984927728448358,0.0009257301981621049,-0.05066092204366335
44,IT,2018,0.0011,44.0,-6.812445099177812,-6.773294033705396,-0.03915106547241631,-6.773294033705396,0.02027819283182161,-5.630771319791727,-6.887475900320023,0.0010204864023305275,0.07503080114221117
45,IT,2018,0.00113,45.0,-6.785537646257888,-6.668785327590037,-0.11675231866785118,-6.668785327590037,0.019317153767295814,-5.630771319791727,-6.777555803002933,0.0011390555748904076,-0.007981843254954768
46,IT,2018,0.0013,46.0,-6.645391014514646,-6.563663036502831,-0.08172797801181542,-6.563663036502831,0.018954085157196654,-5.630771319791727,-6.670389155598864,0.0012679052425637078,0.024998141084217274
47,IT,2018,0.00143,47.0,-6.550080834710321,-6.4787021755842575,-0.07137865912606323,-6.4787021755842575,0.01798657493397922,-5.630771319791727,-6.579980465863793,0.0013878764055378805,0.02989963115347205
48,IT,2018,0.00155,48.0,-6.469500348050982,-6.384418485536626,-0.08508186251435568,-6.384418485536626,0.017220232470692053,-5.630771319791727,-6.481381676652745,0.00153169291229065,0.011881328601763386
49,IT,2018,0.00173,49.0,-6.359633870472449,-6.2720432452744825,-0.08759062519796679,-6.2720432452744825,0.016495468408212678,-5.630771319791727,-6.364925455693977,0.0017208697356572947,0.005291585221527839
50,IT,2018,0.00191,50.0,-6.260652036923599,-6.17507269333256,-0.08557934359103836,-6.17507269333256,0.015773513858200243,-5.630771319791727,-6.263889742777652,0.00190382598203919,0.003237705854052919
51,IT,2018,0.00211,51.0,-6.161067331494162,-6.088573872844203,-0.0724934586499586,-6.088573872844203,0.015010303509196268,-5.630771319791727,-6.1730934593451545,0.002084776842688367,0.012026127850992552
52,IT,2018,0.00235,52.0,-6.05333995082607,-5.973943100096437,-0.07939685072963254,-5.973943100096437,0.01375066533335655,-5.630771319791727,-6.051369952083555,0.002354634060092494,-0.001969998742514356
53,IT,2018,0.00252,53.0,-5.983496377458805,-5.893241669593349,-0.09025470786545586,-5.893241669593349,0.01295815778978835,-5.630771319791727,-5.966206092833425,0.00256395037961965,-0.01729028462538018
54,IT,2018,0.00291,54.0,-5.839602197798736,-5.789458492776727,-0.050143705022009044,-5.789458492776727,0.012093797968350164,-5.630771319791727,-5.857555903524268,0.002858220920363666,0.017953705725532565
55,IT,2018,0.00312,55.0,-5.769922277160746,-5.70713256976226,-0.062789707398486,-5.70713256976226,0.011123008713019614,-5.630771319791727,-5.769763688213325,0.003120494836752737,-0.00015858894742137863
56,IT,2018,0.00339,56.0,-5.686925357589778,-5.601670953837083,-0.08525440375269522,-5.601670953837083,0.0097378469097369,-5.630771319791727,-5.656502542932952,0.0034947181758333765,-0.03042281465682617
57,IT,2018,0.00375,57.0,-5.585999438999818,-5.507107058032324,-0.07889238096749374,-5.507107058032324,0.009929976269879456,-5.630771319791727,-5.563020483618974,0.003837168770696946,-0.022978955380843935
58,IT,2018,0.00417,58.0,-5.479839243171427,-5.419994586056584,-0.059844657114843436,-5.419994586056584,0.00935670774989911,-5.630771319791727,-5.472680067702388,0.004199960881341966,-0.007159175469038992
59,IT,2018,0.00461,59.0,-5.37952742197358,-5.324196182067058,-0.055331239906522,-5.324196182067058,0.008908196402758034,-5.630771319791727,-5.37435619888278,0.004633901084104954,-0.00517122309079987
60,IT,2018,0.00518,60.0,-5.262950222710745,-5.215864959071876,-0.047085263638869,-5.215864959071876,0.008778985536951035,-5.630771319791727,-5.265297419050206,0.00516785578097036,0.002347196339461455
61,IT,2018,0.00539,61.0,-5.223209894061231,-5.134373498820213,-0.08883639524101827,-5.134373498820213,0.00800832928859658,-5.630771319791727,-5.17946656969789,0.0056310093644270365,-0.04374332436334072
62,IT,2018,0.00597,62.0,-5.121008351577626,-5.0391959268163635,-0.08181242476126283,-5.0391959268163635,0.007443410213112718,-5.630771319791727,-5.081108067565803,0.006213020753534632,-0.03990028401182322
63,IT,2018,0.00669,63.0,-5.007141404842,-4.945108750201136,-0.062032654640863605,-4.945108750201136,0.007222264733534511,-5.630771319791727,-4.985775671326666,0.006834474664862333,-0.021365733515334107
64,IT,2018,0.00731,64.0,-4.91851200522045,-4.857926103297212,-0.060585901923237984,-4.857926103297212,0.007559181092484768,-5.630771319791727,-4.900490123393887,0.007442934220623251,-0.018021881826562947
65,IT,2018,0.00799,65.0,-4.829564519203954,-4.762246394716038,-0.06731812448791619,-4.762246394716038,0.007919647211399497,-5.630771319791727,-4.806840117096854,0.008173646700734323,-0.022724402107099806
66,IT,2018,0.00879,66.0,-4.734140567285052,-4.663371166665295,-0.07076940061975723,-4.663371166665295,0.007934399503536919,-5.630771319791727,-4.70804795582958,0.009022372473437415,-0.02609261145547226
67,IT,2018,0.00958,67.0,-4.648077686999368,-4.575834168481627,-0.07224351851774102,-4.575834168481627,0.008404693358453006,-5.630771319791727,-4.623159074796049,0.009821719453987764,-0.02491861220331959
68,IT,2018,0.01048,68.0,-4.558286600089241,-4.487854187069511,-0.07043241301973069,-4.487854187069511,0.009200825359483569,-5.630771319791727,-4.539661930622103,0.010677015515441904,-0.018624669467138588
69,IT,2018,0.01134,69.0,-4.4794189806825315,-4.391889527042951,-0.08752945363958009,-4.391889527042951,0.009487510691631477,-5.630771319791727,-4.445311530141607,0.011733450138128555,-0.03410745054092423
70,IT,2018,0.01268,70.0,-4.3677293299730575,-4.291435254219737,-0.07629407575332081,-4.291435254219737,0.009992018752246168,-5.630771319791727,-4.347698026836706,0.012936557940038269,-0.02003130313635193
71,IT,2018,0.0143,71.0,-4.247495741716276,-4.186727063116378,-0.06076867859989754,-4.186727063116378,0.010527324752195758,-5.630771319791727,-4.2460040214051755,0.014321347518753793,-0.0014917203111002308
72,IT,2018,0.01578,72.0,-4.149011963564409,-4.0851712958374184,-0.06384066772699093,-4.0851712958374184,0.011559102396732036,-5.630771319791727,-4.150257958095473,0.015760350450457605,0.0012459945310636655
73,IT,2018,0.01736,73.0,-4.053586569749933,-3.9810533490046245,-0.07253322074530821,-3.9810533490046245,0.01169743913549465,-5.630771319791727,-4.046918953803777,0.017476136559555887,-0.006667615946155614
74,IT,2018,0.01953,74.0,-3.9358035340935498,-3.868654925201927,-0.06714860889162289,-3.868654925201927,0.012327970030389813,-5.630771319791727,-3.9380709052802976,0.019485768404394966,0.002267371186747802
75,IT,2018,0.02165,75.0,-3.8327498245336384,-3.761860417848466,-0.07088940668517241,-3.761860417848466,0.012695972475206428,-5.630771319791727,-3.8333485355387236,0.021637041786239573,0.0005987110050851285
76,IT,2018,0.02437,76.0,-3.7144024113450222,-3.642511729493465,-0.07189068185155723,-3.642511729493465,0.01295867437417588,-5.630771319791727,-3.7154790615020947,0.024343776155158647,0.0010766501570724785
77,IT,2018,0.02662,77.0,-3.626092466015171,-3.5287998488751007,-0.09729261714007054,-3.5287998488751007,0.013218506789362525,-5.630771319791727,-3.6032302377951155,0.02723560272678919,-0.02286222822005568
78,IT,2018,0.02985,78.0,-3.511570439143526,-3.4063348187809064,-0.10523562036261946,-3.4063348187809064,0.013120427703430103,-5.630771319791727,-3.4802129467967813,0.030800851391706588,-0.031357492346744564
79,IT,2018,0.03428,79.0,-3.3731931852525583,-3.2760880840813775,-0.09710510117118076,-3.2760880840813775,0.012917105267199382,-5.630771319791727,-3.3488213499546546,0.03512573065584603,-0.024371835297903655
80,IT,2018,0.03868,80.0,-3.2524326083970436,-3.147688530125818,-0.10474407827122567,-3.147688530125818,0.013361763206868073,-5.630771319791727,-3.222925563172899,0.03983833803308507,-0.0295070452241446
81,IT,2018,0.04441,81.0,-3.114290609678126,-3.019397697716698,-0.09489291196142835,-3.019397697716698,0.01261299801953086,-5.630771319791727,-3.0904186052216622,0.04548291103501701,-0.02387200445646398
82,IT,2018,0.05077,82.0,-2.980449650022834,-2.885073744863876,-0.09537590515895777,-2.885073744863876,0.01222347467468327,-5.630771319791727,-2.953901335490283,0.052135908994698506,-0.026548314532550688
83,IT,2018,0.05796,83.0,-2.8480021615296556,-2.7555804996782363,-0.09242166185141931,-2.7555804996782363,0.011605682635583328,-5.630771319791727,-2.8209294446092836,0.059550568024644535,-0.027072716920371942
84,IT,2018,0.06706,84.0,-2.702167537944055,-2.624584815273864,-0.07758272267019084,-2.624584815273864,0.010462248076074009,-5.630771319791727,-2.6834953416811675,0.06832392084841055,-0.018672196262887297
85,IT,2018,0.07723,85.0,-2.5609672964009644,-2.493317042723466,-0.06765025367749855,-2.493317042723466,0.009737743869726704,-5.630771319791727,-2.548148051624601,0.07822640319719273,-0.012819244776363536
20,IT,2019,0.00025,20.0,-8.294049640102028,-8.103498808710839,-0.19055083139118878,-8.103498808710839,0.027065368019014283,-7.34031727969481,-8.302167197262108,0.0002479788253092399,0.008117557160080224
21,IT,2019,0.00028,21.0,-8.180720954795024,-8.055007618769682,-0.12571333602534196,-8.055007618769682,0.023695264288118734,-7.34031727969481,-8.228938376670696,0.00026681944169118553,0.04821742187567146
22,IT,2019,0.00028,22.0,-8.180720954795024,-8.016067251865158,-0.1646537029298667,-8.016067251865158,0.024368876838677903,-7.34031727969481,-8.19494253961086,0.0002760461379835442,0.014221584815835797
23,IT,2019,0.00029,23.0,-8.145629634983754,-8.0579782106576,-0.08765142432615391,-8.0579782106576,0.023859905728048508,-7.34031727969481,-8.233117488965084,0.0002657067000376949,0.08748785398132952
24,IT,2019,0.00027,24.0,-8.2170885989659,-8.02357600473842,-0.1935125942274798,-8.02357600473842,0.022773052801918214,-7.34031727969481,-8.190737437731743,0.00027720938418737245,-0.026351161234156706
25,IT,2019,0.00031,25.0,-8.078938260485081,-7.966418780420314,-0.11251948006476731,-7.966418780420314,0.021477049735121993,-7.34031727969481,-8.124067139707895,0.0002963210272835313,0.04512887922281372
26,IT,2019,0.00032,26.0,-8.047189562170502,-7.977270622743386,-0.06991893942711602,-7.977270622743386,0.020228418997948437,-7.34031727969481,-8.125753636254933,0.00029582170406599494,0.07856407408443111
27,IT,2019,0.0003,27.0,-8.111728083308073,-7.972900795014032,-0.13882728829404112,-7.972900795014032,0.021844882459629948,-7.34031727969481,-8.133249163205356,0.0002936126538509245,0.021521079897283357
28,IT,2019,0.00034,28.0,-7.986564940354067,-7.954676995031266,-0.031887945322800704,-7.954676995031266,0.01993958347081985,-7.34031727969481,-8.101039864132042,0.00030322366267071554,0.11447492377797541
29,IT,2019,0.00031,29.0,-8.078938260485081,-7.929714242097158,-0.14922401838792343,-7.929714242097158,0.019123715743917843,-7.34031727969481,-8.07008838322421,0.0003127556374924833,-0.008849877260871608
30,IT,2019,0.00032,30.0,-8.047189562170502,-7.870304959748891,-0.17688460242161064,-7.870304959748891,0.018652436174824778,-7.34031727969481,-8.007219759311361,0.0003330493904503577,-0.0399698028591402
31,IT,2019,0.00032,31.0,-8.047189562170502,-7.8408302970485675,-0.20635926512193414,-7.8408302970485675,0.019107855853761156,-7.34031727969481,-7.981088021549848,0.00034186726114464463,-0.06610154062065376
32,IT,2019,0.00038,32.0,-7.875339305243843,-7.778588484385329,-0.09675082085851372,-7.778588484385329,0.018541998976225594,-7.34031727969481,-7.9146926398706015,0.0003653361607516705,0.039353334626758496
33,IT,2019,0.00038,33.0,-7.875339305243843,-7.733291312023921,-0.14204799321992212,-7.733291312023921,0.018290514561482833,-7.34031727969481,-7.867549492114083,0.0003829716884108921,-0.007789813129759793
34,IT,2019,0.00042,34.0,-7.77525584668686,-7.648546175377929,-0.12670967130893107,-7.648546175377929,0.017506366593865882,-7.34031727969481,-7.777048460591555,0.00041924777658454215,0.001792613904695095
35,IT,2019,0.00043,35.0,-7.751725349276666,-7.608556065774183,-0.14316928350248315,-7.608556065774183,0.02028229426963641,-7.34031727969481,-7.75743454087345,0.00042755204219268927,0.00570919159678418
36,IT,2019,0.0005,36.0,-7.600902459542082,-7.50778525788188,-0.09311720166020265,-7.50778525788188,0.02041717609479281,-7.34031727969481,-7.657653808373059,0.0004724144864947219,0.05675134883097677
37,IT,2019,0.00052,37.0,-7.5616817463888015,-7.457084963325983,-0.10459678306281894,-7.457084963325983,0.019651752990632196,-7.34031727969481,-7.6013350653794145,0.0004997837438615405,0.039653318990612973
38,IT,2019,0.00056,38.0,-7.487573774235079,-7.370419156757725,-0.1171546174773539,-7.370419156757725,0.0202674338985073,-7.34031727969481,-7.519188552018011,0.0005425726567534264,0.03161477778293165
39,IT,2019,0.00063,39.0,-7.369790738578696,-7.264149925721109,-0.10564081285758675,-7.264149925721109,0.020335399475374303,-7.34031727969481,-7.413418209879696,0.0006031056255184642,0.043627471300999865
40,IT,2019,0.0007,40.0,-7.264430222920869,-7.173715019720412,-0.09071520320045767,-7.173715019720412,0.020319399669134045,-7.34031727969481,-7.322865860224781,0.0006602672634934159,0.0584356373039121
41,IT,2019,0.00078,41.0,-7.156216638280637,-7.074037880487367,-0.08217875779326977,-7.074037880487367,0.020495343107482796,-7.34031727969481,-7.224480201652497,0.0007285311299629404,0.06826356337186024
42,IT,2019,0.00089,42.0,-7.024289095238089,-6.96345930118426,-0.060829794053828934,-6.96345930118426,0.020240987592618713,-7.34031727969481,-7.112034572168447,0.0008152346499053092,0.08774547693035828
43,IT,2019,0.00094,43.0,-6.969630682700225,-6.874320564860136,-0.09531011784008836,-6.874320564860136,0.01964334143697972,-7.34031727969481,-7.018508923440944,0.0008951592492084758,0.048878240740719114
44,IT,2019,0.00103,44.0,-6.878196476740593,-6.773294033705396,-0.10490244303519702,-6.773294033705396,0.02027819283182161,-7.34031727969481,-6.922142402949799,0.0009857158761502288,0.04394592620920612
45,IT,2019,0.00116,45.0,-6.759335273863864,-6.668785327590037,-0.09054994627382751,-6.668785327590037,0.019317153767295814,-7.34031727969481,-6.810579365182639,0.0011020542231157508,0.051244091318775276
46,IT,2019,0.00127,46.0,-6.668738378511637,-6.563663036502831,-0.10507534200880642,-6.563663036502831,0.018954085157196654,-7.34031727969481,-6.702792035303008,0.0012274799464872122,0.034053656791370734
47,IT,2019,0.00135,47.0,-6.607650686531799,-6.4787021755842575,-0.12894851094754145,-6.4787021755842575,0.01798657493397922,-7.34031727969481,-6.610729342374671,0.0013458502057839153,0.0030786558428719246
48,IT,2019,0.00149,48.0,-6.508979159024769,-6.384418485536626,-0.12456067348814326,-6.384418485536626,0.017220232470692053,-7.34031727969481,-6.510820455501609,0.00148725899252763,0.0018412964768392825
49,IT,2019,0.00171,49.0,-6.371261908467568,-6.2720432452744825,-0.09921866319308581,-6.2720432452744825,0.016495468408212678,-7.34031727969481,-6.393125217067946,0.0016730194736819357,0.021863308600377884
50,IT,2019,0.00187,50.0,-6.281816848115642,-6.17507269333256,-0.10674415478308141,-6.17507269333256,0.015773513858200243,-7.34031727969481,-6.290855289667413,0.0018531742680414417,0.00903844155177147
51,IT,2019,0.00202,51.0,-6.2046577675690235,-6.088573872844203,-0.11608389472482017,-6.088573872844203,0.015010303509196268,-7.34031727969481,-6.1987542630662205,0.0020319603483446307,-0.005903504502803081
52,IT,2019,0.00219,52.0,-6.123853735153728,-5.973943100096437,-0.14991063505729052,-5.973943100096437,0.01375066533335655,-7.34031727969481,-6.074877346450174,0.002299928263191531,-0.048976388703553475
53,IT,2019,0.00256,53.0,-5.967748020490665,-5.893241669593349,-0.07450635089731605,-5.893241669593349,0.01295815778978835,-7.34031727969481,-5.9883586591307445,0.0025077767906117325,0.02061063864007906
54,IT,2019,0.00271,54.0,-5.910806644090528,-5.789458492776727,-0.12134815131380083,-5.789458492776727,0.012093797968350164,-7.34031727969481,-5.8782308069809455,0.002799734166116116,-0.03257583710958212
55,IT,2019,0.00295,55.0,-5.825950108630408,-5.70713256976226,-0.11881753886814828,-5.70713256976226,0.011123008713019614,-7.34031727969481,-5.7887789828206335,0.003061718305669736,-0.037171125809774885
56,IT,2019,0.00349,56.0,-5.657853542767802,-5.601670953837083,-0.056182588930719035,-5.601670953837083,0.0097378469097369,-7.34031727969481,-5.673149839775647,0.0034370221389527352,0.015296297007845183
57,IT,2019,0.00369,57.0,-5.6021288209297015,-5.507107058032324,-0.0950217628973773,-5.507107058032324,0.009929976269879456,-7.34031727969481,-5.57999623443308,0.0037725797246668745,-0.022132586496621975
58,IT,2019,0.00407,58.0,-5.504112279527633,-5.419994586056584,-0.08411769347104947,-5.419994586056584,0.00935670774989911,-7.34031727969481,-5.488675789634223,0.004133313929053017,-0.01543648989341051
59,IT,2019,0.00449,59.0,-5.405902577227974,-5.324196182067058,-0.08170639516091605,-5.324196182067058,0.008908196402758034,-7.34031727969481,-5.389585170053138,0.004563866171466873,-0.016317407174835985
60,IT,2019,0.00493,60.0,-5.312416290927538,-5.215864959071876,-0.09655133185566189,-5.215864959071876,0.008778985536951035,-7.34031727969481,-5.280305498306949,0.0050908753013258565,-0.032110792620589024
61,IT,2019,0.00521,61.0,-5.257175423216862,-5.134373498820213,-0.12280192439664894,-5.134373498820213,0.00800832928859658,-7.34031727969481,-5.193157176678785,0.00555444274597387,-0.06401824653807697
62,IT,2019,0.00609,62.0,-5.1011071972603315,-5.0391959268163635,-0.061911270443967936,-5.0391959268163635,0.007443410213112718,-7.34031727969481,-5.093832919423532,0.006134461869965159,-0.00727427783679957
63,IT,2019,0.00644,63.0,-5.045226738865875,-4.945108750201136,-0.10011798866473853,-4.945108750201136,0.007222264733534511,-7.34031727969481,-4.99812246482323,0.006750609615129198,-0.04710427404264461
64,IT,2019,0.00723,64.0,-4.929516242811464,-4.857926103297212,-0.0715901395142522,-4.857926103297212,0.007559181092484768,-7.34031727969481,-4.9134128908907195,0.0073473697210195985,-0.016103351920744302
65,IT,2019,0.00767,65.0,-4.870438663602973,-4.762246394716038,-0.10819226888693478,-4.762246394716038,0.007919647211399497,-7.34031727969481,-4.82037911799096,0.008063729454614161,-0.050059545612012535
66,IT,2019,0.00868,66.0,-4.746733750309878,-4.663371166665295,-0.08336258364458349,-4.663371166665295,0.007934399503536919,-7.34031727969481,-4.721612176445109,0.008900817287133963,-0.02512157386476943
67,IT,2019,0.0093,67.0,-4.677740878822926,-4.575834168481627,-0.10190671034129917,-4.575834168481627,0.008404693358453006,-7.34031727969481,-4.637527284371216,0.00968160791688961,-0.04021359445171058
68,IT,2019,0.01036,68.0,-4.5698030421508005,-4.487854187069511,-0.0819488550812899,-4.487854187069511,0.009200825359483569,-7.34031727969481,-4.555391164443182,0.010510388137789355,-0.014411877707618537
69,IT,2019,0.01141,69.0,-4.473265115108153,-4.391889527042951,-0.0813755880652014,-4.391889527042951,0.009487510691631477,-7.34031727969481,-4.461530865714023,0.011544676403514963,-0.011734249394129925
70,IT,2019,0.01236,70.0,-4.393289826952592,-4.291435254219737,-0.10185457273285525,-4.291435254219737,0.009992018752246168,-7.34031727969481,-4.364779842125884,0.012717454714862271,-0.028509984826707857
71,IT,2019,0.01402,71.0,-4.267270397375693,-4.186727063116378,-0.08054333425931492,-4.186727063116378,0.010527324752195758,-7.34031727969481,-4.26400096690388,0.014065912428063333,-0.0032694304718132727
72,IT,2019,0.01546,72.0,-4.169499235822861,-4.0851712958374184,-0.08432793998544241,-4.0851712958374184,0.011559102396732036,-7.34031727969481,-4.170018774897913,0.015451970012026587,0.0005195390750518669
73,IT,2019,0.01749,73.0,-4.046125989951626,-3.9810533490046245,-0.06507264094700194,-3.9810533490046245,0.01169743913549465,-7.34031727969481,-4.066916263619074,0.01713013195336132,0.02079027366744768
74,IT,2019,0.01941,74.0,-3.941966881801218,-3.868654925201927,-0.07331195659929124,-3.868654925201927,0.012327970030389813,-7.34031727969481,-3.959146136639557,0.019079398537712348,0.01717925483833893
75,IT,2019,0.02153,75.0,-3.8383079676058656,-3.761860417848466,-0.07644754975739954,-3.761860417848466,0.012695972475206428,-7.34031727969481,-3.8550528839907536,0.021172483595082614,0.016744916384888064
76,IT,2019,0.02391,76.0,-3.733458497511904,-3.642511729493465,-0.09094676801843882,-3.642511729493465,0.01295867437417588,-7.34031727969481,-3.7376325109241666,0.023810407334468767,0.004174013412262756
77,IT,2019,0.0262,77.0,-3.6419958682150857,-3.5287998488751007,-0.11319601933998502,-3.5287998488751007,0.013218506789362525,-7.34031727969481,-3.6258278826728216,0.026627044140413367,-0.016167985542264063
78,IT,2019,0.03009,78.0,-3.503562388340183,-3.4063348187809064,-0.0972275695592768,-3.4063348187809064,0.013120427703430103,-7.34031727969481,-3.502642920969381,0.030117679496434277,-0.0009194673708021739
79,IT,2019,0.03408,79.0,-3.379044577021022,-3.2760880840813775,-0.10295649293964448,-3.2760880840813775,0.012917105267199382,-7.34031727969481,-3.370903735077838,0.034358572261307854,-0.008140841943184096
80,IT,2019,0.03814,80.0,-3.266491678809864,-3.147688530125818,-0.11880314868404618,-3.147688530125818,0.013361763206868073,-7.34031727969481,-3.245768111480382,0.03893864364831956,-0.02072356732948233
81,IT,2019,0.04428,81.0,-3.1172221711417007,-3.019397697716698,-0.09782447342500289,-3.019397697716698,0.01261299801953086,-7.34031727969481,-3.1119811050282165,0.044512683630021734,-0.005241066113484294
82,IT,2019,0.04996,82.0,-2.99653259372476,-2.885073744863876,-0.11145884886088409,-2.885073744863876,0.01222347467468327,-7.34031727969481,-2.9747979272363656,0.051057750342510456,-0.021734666488394616
83,IT,2019,0.05803,83.0,-2.84679516077962,-2.7555804996782363,-0.09121466110138376,-2.7555804996782363,0.011605682635583328,-7.34031727969481,-2.8407698924708624,0.05838070179517832,-0.006025268308757603
84,IT,2019,0.06638,84.0,-2.7123594726903084,-2.624584815273864,-0.08777465741644441,-2.624584815273864,0.010462248076074009,-7.34031727969481,-2.701381035611124,0.06711276359307096,-0.010978437079184555
85,IT,2019,0.07665,85.0,-2.568505673664314,-2.493317042723466,-0.07518863094084827,-2.493317042723466,0.009737743869726704,-7.34031727969481,-2.5647951723156632,0.07693493823330877,-0.0037105013486509186
20,IT,2022,0.00025,20.0,-8.294049640102028,-8.103498808710839,-0.19055083139118878,-8.103498808710839,0.027065368019014283,-4.1311949658327105,-8.2153111208194,0.00027048034587523446,-0.0787385192826271
21,IT,2022,0.00032,21.0,-8.047189562170502,-8.055007618769682,0.007818056599180778,-8.055007618769682,0.023695264288118734,-4.1311949658327105,-8.152897375310834,0.00028789999569166566,0.10570781314033262
22,IT,2022,0.00032,22.0,-8.047189562170502,-8.016067251865158,-0.03112231030534396,-8.016067251865158,0.024368876838677903,-4.1311949658327105,-8.1167398331841,0.00029850023639642744,0.06955027101359867
23,IT,2022,0.00028,23.0,-8.180720954795024,-8.0579782106576,-0.12274274413742425,-8.0579782106576,0.023859905728048508,-4.1311949658327105,-8.156548133086558,0.0002868508587813741,-0.024172821708466685
24,IT,2022,0.00028,24.0,-8.180720954795024,-8.02357600473842,-0.15714495005660467,-8.02357600473842,0.022773052801918214,-4.1311949658327105,-8.117655925830347,0.00029822690774126276,-0.0630650289646777
25,IT,2022,0.00029,25.0,-8.145629634983754,-7.966418780420314,-0.17921085456343988,-7.966418780420314,0.021477049735121993,-4.1311949658327105,-8.055144660166988,0.0003174644672184524,-0.09048497481676598
26,IT,2022,0.00033,26.0,-8.016417903503749,-7.977270622743386,-0.03914728076036322,-7.977270622743386,0.020228418997948437,-4.1311949658327105,-8.060838165474465,0.0003156621173025606,0.04442026197071591
27,IT,2022,0.00031,27.0,-8.078938260485081,-7.972900795014032,-0.10603746547104986,-7.972900795014032,0.021844882459629948,-4.1311949658327105,-8.063146263460462,0.0003149343783748103,-0.01579199702461942
28,IT,2022,0.00032,28.0,-8.047189562170502,-7.954676995031266,-0.09251256713923528,-7.954676995031266,0.01993958347081985,-4.1311949658327105,-8.037051301886718,0.0003232607444996358,-0.010138260283783396
29,IT,2022,0.00036,29.0,-7.929406526514119,-7.929714242097158,0.0003077155830393252,-7.929714242097158,0.019123715743917843,-4.1311949658327105,-8.008718040306448,0.0003325507625138797,0.07931151379232926
30,IT,2022,0.00036,30.0,-7.929406526514119,-7.870304959748891,-0.05910156676522771,-7.870304959748891,0.018652436174824778,-4.1311949658327105,-7.947361810174843,0.0003535937827150328,0.017955283660723964
31,IT,2022,0.00039,31.0,-7.849363818840582,-7.8408302970485675,-0.008533521792014831,-7.8408302970485675,0.019107855853761156,-4.1311949658327105,-7.919768574959483,0.0003634864366254006,0.07040475611890074
32,IT,2022,0.00039,32.0,-7.849363818840582,-7.778588484385329,-0.07077533445525308,-7.778588484385329,0.018541998976225594,-4.1311949658327105,-7.855189097212388,0.0003877347457091424,0.005825278371805354
33,IT,2022,0.00045,33.0,-7.706262975199909,-7.733291312023921,0.027028336824011845,-7.733291312023921,0.018290514561482833,-4.1311949658327105,-7.808852993702809,0.0004061236071041862,0.10259001850289984
34,IT,2022,0.00049,34.0,-7.621105166859602,-7.648546175377929,0.02744100851832698,-7.648546175377929,0.017506366593865882,-4.1311949658327105,-7.720868388920529,0.0004434753275812413,0.09976322206092725
35,IT,2022,0.00049,35.0,-7.621105166859602,-7.608556065774183,-0.012549101085419068,-7.608556065774183,0.02028229426963641,-4.1311949658327105,-7.692346177756442,0.00045630633908887505,0.07124101089684043
36,IT,2022,0.00056,36.0,-7.487573774235079,-7.50778525788188,0.020211483646800588,-7.50778525788188,0.02041717609479281,-4.1311949658327105,-7.592132592981208,0.0005044042172517071,0.1045588187461286
37,IT,2022,0.00053,37.0,-7.542633551418106,-7.457084963325983,-0.08554858809212362,-7.457084963325983,0.019651752990632196,-4.1311949658327105,-7.53827018635067,0.0005323176361549472,-0.004363365067436398
38,IT,2022,0.00059,38.0,-7.435388021064509,-7.370419156757725,-0.06496886430678384,-7.370419156757725,0.0202674338985073,-4.1311949658327105,-7.454147877649586,0.0005790348584367165,0.01875985658507684
39,IT,2022,0.00067,39.0,-7.308232845579262,-7.264149925721109,-0.044082919858152714,-7.264149925721109,0.020335399475374303,-4.1311949658327105,-7.348159425661973,0.0006437761884914782,0.039926580082711105
40,IT,2022,0.00072,40.0,-7.236259345954173,-7.173715019720412,-0.06254432623376172,-7.173715019720412,0.020319399669134045,-4.1311949658327105,-7.257658421342281,0.0007047563474495061,0.021399075388107924
41,IT,2022,0.00085,41.0,-7.070274208479912,-7.074037880487367,0.003763672007455199,-7.074037880487367,0.020495343107482796,-4.1311949658327105,-7.1587081387560145,0.0007780590485739556,0.08843393027610258
42,IT,2022,0.00096,42.0,-6.9485772735023925,-6.96345930118426,0.014882027681867527,-6.96345930118426,0.020240987592618713,-4.1311949658327105,-7.047078767230369,0.0008699465654452063,0.09850149372797645
43,IT,2022,0.00099,43.0,-6.917805614835639,-6.874320564860136,-0.0434850499755024,-6.874320564860136,0.01964334143697972,-4.1311949658327105,-6.95547103811672,0.0009534047451568574,0.03766542328108091
44,IT,2022,0.00112,44.0,-6.794426593675134,-6.773294033705396,-0.02113255996973784,-6.773294033705396,0.02027819283182161,-4.1311949658327105,-6.857067201848402,0.0010519947008981107,0.06264060817326822
45,IT,2022,0.00121,45.0,-6.717134919373487,-6.668785327590037,-0.04834959178345066,-6.668785327590037,0.019317153767295814,-4.1311949658327105,-6.7485882559877055,0.0011725337704281372,0.03145333661421823
46,IT,2022,0.00137,46.0,-6.5929445391421035,-6.563663036502831,-0.02928150263927254,-6.563663036502831,0.018954085157196654,-4.1311949658327105,-6.641966057686206,0.0013044600773032323,0.04902151854410253
47,IT,2022,0.00145,47.0,-6.536191722549654,-6.4787021755842575,-0.057489546965396876,-6.4787021755842575,0.01798657493397922,-4.1311949658327105,-6.553008223404086,0.0014258199554605892,0.016816500854431204
48,IT,2022,0.00158,48.0,-6.450330431943262,-6.384418485536626,-0.06591194640663556,-6.384418485536626,0.017220232470692053,-4.1311949658327105,-6.455558623230018,0.0015717610140312695,0.005228191286756001
49,IT,2022,0.00168,49.0,-6.38896148556697,-6.2720432452744825,-0.11691824029248732,-6.2720432452744825,0.016495468408212678,-4.1311949658327105,-6.340189241321543,0.001763968389537284,-0.04877224424542703
50,IT,2022,0.00189,50.0,-6.271178449910586,-6.17507269333256,-0.09610575657802567,-6.17507269333256,0.015773513858200243,-4.1311949658327105,-6.240236154377049,0.0019493951102951467,-0.03094229553353678
51,IT,2022,0.00209,51.0,-6.170591213005418,-6.088573872844203,-0.08201734016121431,-6.088573872844203,0.015010303509196268,-4.1311949658327105,-6.150584363137016,0.00213223540613783,-0.020006849868401844
52,IT,2022,0.0024,52.0,-6.032286541628237,-5.973943100096437,-0.058343441531800266,-5.973943100096437,0.01375066533335655,-4.1311949658327105,-6.03074977949845,0.0024036910645291697,-0.0015367621297874834
53,IT,2022,0.00259,53.0,-5.95609740327069,-5.893241669593349,-0.06285573367734099,-5.893241669593349,0.01295815778978835,-4.1311949658327105,-5.946774345820989,0.002614259630037883,-0.009323057449701189
54,IT,2022,0.0028,54.0,-5.8781358618009785,-5.789458492776727,-0.08867736902425172,-5.789458492776727,0.012093797968350164,-4.1311949658327105,-5.8394203300613725,0.0029105292832440417,-0.03871553173960596
55,IT,2022,0.00314,55.0,-5.763532479061975,-5.70713256976226,-0.0563999092997145,-5.70713256976226,0.011123008713019614,-4.1311949658327105,-5.7530838873624,0.0031729805781857082,-0.010448591699574905
56,IT,2022,0.00356,56.0,-5.637994734118198,-5.601670953837083,-0.0363237802811156,-5.601670953837083,0.0097378469097369,-4.1311949658327105,-5.641899897968638,0.0035461247269333394,0.003905163850439486
57,IT,2022,0.00373,57.0,-5.591347045326413,-5.507107058032324,-0.08423998729408844,-5.507107058032324,0.009929976269879456,-4.1311949658327105,-5.5481297260092886,0.003894734656905814,-0.04321731931712414
58,IT,2022,0.00415,58.0,-5.48464694473953,-5.419994586056584,-0.06465235868294616,-5.419994586056584,0.00935670774989911,-4.1311949658327105,-5.458648970009735,0.004259306309909887,-0.025997974729794926
59,IT,2022,0.00473,59.0,-5.353830076478295,-5.324196182067058,-0.029633894411237094,-5.324196182067058,0.008908196402758034,-4.1311949658327105,-5.360997678200781,0.004696218454809142,0.007167601722485983
60,IT,2022,0.00516,60.0,-5.266818699488666,-5.215864959071876,-0.050953740416789906,-5.215864959071876,0.008778985536951035,-4.1311949658327105,-5.252132659927247,0.005236339151977382,-0.014686039561419229
61,IT,2022,0.00557,61.0,-5.190360225042944,-5.134373498820213,-0.0559867262227316,-5.134373498820213,0.00800832928859658,-4.1311949658327105,-5.167457468461993,0.005699040404157061,-0.022902756580950978
62,IT,2022,0.00615,62.0,-5.09130319716371,-5.0391959268163635,-0.052107270347346635,-5.0391959268163635,0.007443410213112718,-4.1311949658327105,-5.069946105617403,0.006282758737079962,-0.021357091546307494
63,IT,2022,0.00687,63.0,-4.980591172747879,-4.945108750201136,-0.0354824225467425,-4.945108750201136,0.007222264733534511,-4.1311949658327105,-4.974945333910225,0.00690889661149392,-0.005645838837653905
64,IT,2022,0.00748,64.0,-4.895522486995751,-4.857926103297212,-0.03759638369853935,-4.857926103297212,0.007559181092484768,-4.1311949658327105,-4.889154554172302,0.007527784119076896,-0.006367932823448719
65,IT,2022,0.00839,65.0,-4.780714758503022,-4.762246394716038,-0.01846836378698402,-4.762246394716038,0.007919647211399497,-4.1311949658327105,-4.794964001406942,0.00827129657745107,0.01424924290392049
66,IT,2022,0.00921,66.0,-4.687465428714922,-4.663371166665295,-0.02409426204962717,-4.663371166665295,0.007934399503536919,-4.1311949658327105,-4.6961497179512115,0.009130363987706959,0.008684289236289722
67,IT,2022,0.01004,67.0,-4.6011781647185535,-4.575834168481627,-0.02534399623692618,-4.575834168481627,0.008404693358453006,-4.1311949658327105,-4.610555595373436,0.009946290659349469,0.009377430654882168
68,IT,2022,0.01088,68.0,-4.52082903755434,-4.487854187069511,-0.03297485048482951,-4.487854187069511,0.009200825359483569,-4.1311949658327105,-4.5258645904761154,0.010825350893921106,0.005035552921775377
69,IT,2022,0.01216,69.0,-4.409603402444116,-4.391889527042951,-0.017713875401164536,-4.391889527042951,0.009487510691631477,-4.1311949658327105,-4.431084283450503,0.011901577990043195,0.021480881006387342
70,IT,2022,0.01356,70.0,-4.300630996469888,-4.291435254219737,-0.009195742250151184,-4.291435254219737,0.009992018752246168,-4.1311949658327105,-4.332714231787522,0.013131856173283421,0.03208323531763391
71,IT,2022,0.01516,71.0,-4.1890948987679115,-4.186727063116378,-0.002367835651533312,-4.186727063116378,0.010527324752195758,-4.1311949658327105,-4.230217494136335,0.014549225832968193,0.04112259536842355
72,IT,2022,0.01653,72.0,-4.102578367149205,-4.0851712958374184,-0.017407071311786204,-4.0851712958374184,0.011559102396732036,-4.1311949658327105,-4.1329242014683425,0.016035917939724913,0.030345834319137843
73,IT,2022,0.0182,73.0,-4.006333684899388,-3.9810533490046245,-0.025280335894763084,-3.9810533490046245,0.01169743913549465,-4.1311949658327105,-4.029377750674315,0.0177853934602604,0.023044065774927347
74,IT,2022,0.02075,74.0,-3.87520903230543,-3.868654925201927,-0.006554107103502904,-3.868654925201927,0.012327970030389813,-4.1311949658327105,-3.91958417293041,0.01984934692427628,0.04437514062498016
75,IT,2022,0.02277,75.0,-3.7823113989064887,-3.761860417848466,-0.020450981058022677,-3.761860417848466,0.012695972475206428,-4.1311949658327105,-3.8143099554243896,0.02205292670692529,0.031998556517900845
76,IT,2022,0.0261,76.0,-3.6458199646534895,-3.642511729493465,-0.003308235160024431,-3.642511729493465,0.01295867437417588,-4.1311949658327105,-3.6960465398319258,0.024821463414797063,0.05022657517843632
77,IT,2022,0.02977,77.0,-3.514254103954452,-3.5287998488751007,0.014545744920648751,-3.5287998488751007,0.013218506789362525,-4.1311949658327105,-3.583408077579141,0.02778085741728509,0.06915397362468889
78,IT,2022,0.03336,78.0,-3.400397701491591,-3.4063348187809064,0.005937117289315452,-3.4063348187809064,0.013120427703430103,-4.1311949658327105,-3.460537863658889,0.03141286163702841,0.060140162167297895
79,IT,2022,0.03766,79.0,-3.2791567557531307,-3.2760880840813775,-0.003068671671753176,-3.2760880840813775,0.012917105267199382,-4.1311949658327105,-3.3294511643343627,0.03581275499209677,0.05029440858123202
80,IT,2022,0.04138,80.0,-3.18495760666474,-3.147688530125818,-0.037269076538922086,-3.147688530125818,0.013361763206868073,-4.1311949658327105,-3.20288857902068,0.04064462902514193,0.01793097235593999
81,IT,2022,0.04724,81.0,-3.0525142876529756,-3.019397697716698,-0.03311658993627775,-3.019397697716698,0.01261299801953086,-4.1311949658327105,-3.0715044516390417,0.04635136898281914,0.018990163986066122
82,IT,2022,0.05428,82.0,-2.9135994440154684,-2.885073744863876,-0.02852569915159231,-2.885073744863876,0.01222347467468327,-4.1311949658327105,-2.9355713019049112,0.05310037429415673,0.02197185788944278
83,IT,2022,0.06139,83.0,-2.790508323542732,-2.7555804996782363,-0.03492782386449589,-2.7555804996782363,0.011605682635583328,-4.1311949658327105,-2.80352583735741,0.06059603377189627,0.013017513814677972
84,IT,2022,0.07069,84.0,-2.649451158799274,-2.624584815273864,-0.024866343525410173,-2.624584815273864,0.010462248076074009,-4.1311949658327105,-2.667806401857034,0.06940430360052761,0.018355243057759818
85,IT,2022,0.0812,85.0,-2.5108400318145048,-2.493317042723466,-0.017522989091038887,-2.493317042723466,0.009737743869726704,-4.1311949658327105,-2.5335455611766493,0.07937708446190965,0.02270552936214454
20,IT,2023,0.0002053195584263,20.0,-8.490942970935404,-8.103498808710839,-0.3874441622245648,-8.103498808710839,0.027065368019014283,-9.459149146552763,-8.359514161509034,0.0002341580691413689,-0.13142880942636914
21,IT,2023,0.0002287103914041,21.0,-8.383054021133042,-8.055007618769682,-0.32804640236335914,-8.055007618769682,0.023695264288118734,-9.459149146552763,-8.279144657737984,0.00025375415388858614,-0.10390936339505785
22,IT,2023,0.0002338687319397,22.0,-8.36075057462837,-8.016067251865158,-0.34468332276321156,-8.016067251865158,0.024368876838677903,-9.459149146552763,-8.246576092416188,0.0002621546155923523,-0.11417448221218152
23,IT,2023,0.000222807709173,23.0,-8.409201449194676,-8.0579782106576,-0.3512232385370755,-8.0579782106576,0.023859905728048508,-9.459149146552763,-8.2836726175619,0.00025260776264003377,-0.12552883163277606
24,IT,2023,0.0002289889650251,24.0,-8.381836743234416,-8.02357600473842,-0.3582607384959964,-8.02357600473842,0.022773052801918214,-9.459149146552763,-8.238989707714085,0.00026415098439375444,-0.1428470355203313
25,IT,2023,0.000251097942573,25.0,-8.289667485490217,-7.966418780420314,-0.32324870506990244,-7.966418780420314,0.021477049735121993,-9.459149146552763,-8.169573397092764,0.0002831387785098216,-0.12009408839745284
26,IT,2023,0.0002577925604579,26.0,-8.26335532568047,-7.977270622743386,-0.2860847029370843,-7.977270622743386,0.020228418997948437,-9.459149146552763,-8.168614255043941,0.0002834104790968421,-0.09474107063652859
27,IT,2023,0.0002454226386793,27.0,-8.312528777785545,-7.972900795014032,-0.3396279827715132,-7.972900795014032,0.021844882459629948,-9.459149146552763,-8.179534796288586,0.0002803323214357879,-0.13299398149695918
28,IT,2023,0.0002550648119661,28.0,-8.27399288052725,-7.954676995031266,-0.3193158854959828,-7.954676995031266,0.01993958347081985,-9.459149146552763,-8.14328848900189,0.0002906797276951583,-0.1307043915253594
29,IT,2023,0.000261946793625,29.0,-8.247369152593434,-7.929714242097158,-0.3176549104962758,-7.929714242097158,0.019123715743917843,-9.459149146552763,-8.110608321555157,0.0003003361166760536,-0.13676083103827708
30,IT,2023,0.0002862005321557,30.0,-8.158817831459656,-7.870304959748891,-0.2885128717107648,-7.870304959748891,0.018652436174824778,-9.459149146552763,-8.046741135473114,0.0003201435287218142,-0.11207669598654135
31,IT,2023,0.0003004338951398,31.0,-8.11028281108464,-7.8408302970485675,-0.26945251403607173,-7.8408302970485675,0.019107855853761156,-9.459149146552763,-8.021574355440126,0.00032830275051437194,-0.0887084556445128
32,IT,2023,0.0003240269300081,32.0,-8.034683928317046,-7.778588484385329,-0.25609544393171646,-7.778588484385329,0.018541998976225594,-9.459149146552763,-7.953980018176676,0.00035126135228124656,-0.08070391014036993
33,IT,2023,0.0003411311636539,33.0,-7.983243510491018,-7.733291312023921,-0.24995219846709738,-7.733291312023921,0.018290514561482833,-9.459149146552763,-7.906304017228182,0.00036841371812856497,-0.07693949326283622
34,IT,2023,0.0003829738164914,34.0,-7.867543935372789,-7.648546175377929,-0.2189977599948607,-7.648546175377929,0.017506366593865882,-9.459149146552763,-7.814141508003535,0.0004039814859120692,-0.053402427369254823
35,IT,2023,0.000383415367156,35.0,-7.8663916468935735,-7.608556065774183,-0.25783558111939087,-7.608556065774183,0.02028229426963641,-9.459149146552763,-7.800409312304946,0.00040956730372923626,-0.0659823345886279
36,IT,2023,0.000439427907539,36.0,-7.73003688719721,-7.50778525788188,-0.2222516293153305,-7.50778525788188,0.02041717609479281,-9.459149146552763,-7.7009143717139565,0.0004524133197606578,-0.029122515483253508
37,IT,2023,0.0004529237441856,37.0,-7.699786781782314,-7.457084963325983,-0.24270181845633143,-7.457084963325983,0.019651752990632196,-9.459149146552763,-7.642973825855587,0.00047940067600644505,-0.05681295592672697
38,IT,2023,0.000491917851825,38.0,-7.617198823248013,-7.370419156757725,-0.24677966649028793,-7.370419156757725,0.0202674338985073,-9.459149146552763,-7.562131836821605,0.000519766005638204,-0.05506698642640817
39,IT,2023,0.000563521623966,39.0,-7.481304850835628,-7.264149925721109,-0.21715492511451906,-7.264149925721109,0.020335399475374303,-9.459149146552763,-7.456505502313406,0.0005776713195612864,-0.02479934852222243
40,IT,2023,0.000608675223736,40.0,-7.404225726864354,-7.173715019720412,-0.23051070714394228,-7.173715019720412,0.020319399669134045,-9.459149146552763,-7.365919251759165,0.0006324437641442972,-0.038306475105188476
41,IT,2023,0.0006790030117202,41.0,-7.294884994892293,-7.074037880487367,-0.22084711440492555,-7.074037880487367,0.020495343107482796,-9.459149146552763,-7.267906387750819,0.0006975709090253805,-0.02697860714147371
42,IT,2023,0.0007840401187194,42.0,-7.15105036708713,-6.96345930118426,-0.1875910659028701,-6.96345930118426,0.020240987592618713,-9.459149146552763,-7.154921821696364,0.0007810106110725261,0.003871454609233993
43,IT,2023,0.0008423874217157,43.0,-7.07927052874257,-6.874320564860136,-0.20494996388243347,-6.874320564860136,0.01964334143697972,-9.459149146552763,-7.060129861249187,0.000858666579219158,-0.0191406674933825
44,IT,2023,0.0009450347510448,44.0,-6.9642888575542825,-6.773294033705396,-0.19099482384888677,-6.773294033705396,0.02027819283182161,-9.459149146552763,-6.965108484124153,0.0009442604927980528,0.0008196265698705574
45,IT,2023,0.0010546174826258,45.0,-6.854577153510714,-6.668785327590037,-0.18579182592067767,-6.668785327590037,0.019317153767295814,-9.459149146552763,-6.851509166161781,0.001057858004118135,-0.003067987348932988
46,IT,2023,0.0011767809416077,46.0,-6.744972583907016,-6.563663036502831,-0.1813095474041848,-6.563663036502831,0.018954085157196654,-9.459149146552763,-6.742952554941216,0.0011791604757509513,-0.0020200289657994475
47,IT,2023,0.0012917614766647,47.0,-6.651748506249879,-6.4787021755842575,-0.17304633066562136,-6.4787021755842575,0.01798657493397922,-9.459149146552763,-6.648839870520415,0.0012955242098069246,-0.002908635729464315
48,IT,2023,0.0014093444929,48.0,-6.564630581343426,-6.384418485536626,-0.18021209580679987,-6.384418485536626,0.017220232470692053,-9.459149146552763,-6.547307232815213,0.0014339717561990821,-0.017323348528212712
49,IT,2023,0.0015849187342073,49.0,-6.447222144760838,-6.2720432452744825,-0.17517889948635545,-6.2720432452744825,0.016495468408212678,-9.459149146552763,-6.428076341190016,0.0016155556250615512,-0.019145803570822295
50,IT,2023,0.0017752210639327,50.0,-6.333830320748925,-6.17507269333256,-0.15875762741636468,-6.17507269333256,0.015773513858200243,-9.459149146552763,-6.324276713482494,0.0017922621008626355,-0.009553607266431285
51,IT,2023,0.0019157417555274,51.0,-6.257650391645192,-6.088573872844203,-0.1690765188009884,-6.088573872844203,0.015010303509196268,-9.459149146552763,-6.230558572472715,0.001968352122204361,-0.02709181917247694
52,IT,2023,0.0021637568382565,52.0,-6.135909291106117,-5.973943100096437,-0.16196619100967968,-5.973943100096437,0.01375066533335655,-9.459149146552763,-6.10401269434899,0.002233885809743533,-0.03189659675712697
53,IT,2023,0.0023414792404987,53.0,-6.056972395278464,-5.893241669593349,-0.16373072568511482,-5.893241669593349,0.01295815778978835,-9.459149146552763,-6.015814816791522,0.0024398595158850044,-0.041157578486942015
54,IT,2023,0.0025997392344037,54.0,-5.952344133444642,-5.789458492776727,-0.16288564066791533,-5.789458492776727,0.012093797968350164,-9.459149146552763,-5.903855531507627,0.0027289031379061674,-0.048488601937014764
55,IT,2023,0.0028081525495328,55.0,-5.875228467537522,-5.70713256976226,-0.16809589777526224,-5.70713256976226,0.011123008713019614,-9.459149146552763,-5.812346768137118,0.002990404046390302,-0.06288169940040422
56,IT,2023,0.0031780477023933,56.0,-5.751488200787281,-5.601670953837083,-0.1498172469501986,-5.601670953837083,0.0097378469097369,-9.459149146552763,-5.693782700122582,0.003366833131172794,-0.05770550066469937
57,IT,2023,0.0034391784591854,57.0,-5.672522656123113,-5.507107058032324,-0.16541559809078876,-5.507107058032324,0.009929976269879456,-9.459149146552763,-5.601036184590844,0.0036940340315537814,-0.07148647153226939
58,IT,2023,0.0037544858944491,58.0,-5.584803915403267,-5.419994586056584,-0.16480932934668324,-5.419994586056584,0.00935670774989911,-9.459149146552763,-5.508501080183586,0.004052176721347481,-0.07630283521968106
59,IT,2023,0.004180023641382,59.0,-5.477438376628452,-5.324196182067058,-0.1532421945613942,-5.324196182067058,0.008908196402758034,-9.459149146552763,-5.408460140467531,0.00447853121337949,-0.06897823616092147
60,IT,2023,0.0046805615454978,60.0,-5.3643371878963775,-5.215864959071876,-0.1484722288245015,-5.215864959071876,0.008778985536951035,-9.459149146552763,-5.298906692621325,0.0049970542377260705,-0.06543049527505218
61,IT,2023,0.0049823560979683,61.0,-5.301852387785963,-5.134373498820213,-0.16747888896574992,-5.134373498820213,0.00800832928859658,-9.459149146552763,-5.210125479975755,0.0054609883999547125,-0.09172690781020787
62,IT,2023,0.0055609597648536,62.0,-5.191984566038705,-5.0391959268163635,-0.15278863922234187,-5.0391959268163635,0.007443410213112718,-9.459149146552763,-5.109604254181171,0.0060384721509108615,-0.08238031185753414
63,IT,2023,0.006139433429641,63.0,-5.093022816383482,-4.945108750201136,-0.14791406618234593,-4.945108750201136,0.007222264733534511,-9.459149146552763,-5.013425229491527,0.0066480930190510115,-0.07959758689195517
64,IT,2023,0.0066862763716872,64.0,-5.0076981559595035,-4.857926103297212,-0.14977205266229188,-4.857926103297212,0.007559181092484768,-9.459149146552763,-4.929429524676827,0.007230626999299134,-0.07826863128267636
65,IT,2023,0.0073237264865336,65.0,-4.916635997687853,-4.762246394716038,-0.1543896029718148,-4.762246394716038,0.007919647211399497,-9.459149146552763,-4.837159518876747,0.00792954581796385,-0.07947647881110598
66,IT,2023,0.0081450310968155,66.0,-4.810347219032961,-4.663371166665295,-0.1469760523676662,-4.663371166665295,0.007934399503536919,-9.459149146552763,-4.738423834957585,0.00875243059450698,-0.0719233840753759
67,IT,2023,0.0087980124089896,67.0,-4.733229445623596,-4.575834168481627,-0.1573952771419691,-4.575834168481627,0.008404693358453006,-9.459149146552763,-4.655335416490276,0.009510722653693095,-0.07789402913332033
68,IT,2023,0.0095567335057944,68.0,-4.650509293800242,-4.487854187069511,-0.1626551067307318,-4.487854187069511,0.009200825359483569,-9.459149146552763,-4.574886166416251,0.01030747244774885,-0.07562312738399157
69,IT,2023,0.0105022956892413,69.0,-4.556161408645661,-4.391889527042951,-0.16427188160270934,-4.391889527042951,0.009487510691631477,-9.459149146552763,-4.481633305704608,0.01131491733508477,-0.07452810294105294
70,IT,2023,0.0116302266631771,70.0,-4.454147823116366,-4.291435254219737,-0.16271256889662933,-4.291435254219737,0.009992018752246168,-9.459149146552763,-4.385951249872385,0.012451038450483988,-0.06819657324398065
71,IT,2023,0.0128977715446339,71.0,-4.35070073101524,-4.186727063116378,-0.16397366789886192,-4.186727063116378,0.010527324752195758,-9.459149146552763,-4.286306598061595,0.01375563668614767,-0.06439413295364549
72,IT,2023,0.0141736513003671,72.0,-4.256370580253606,-4.0851712958374184,-0.17119928441618715,-4.0851712958374184,0.011559102396732036,-9.459149146552763,-4.194510569408382,0.015078120349823148,-0.061860010845223634
73,IT,2023,0.0157184253158702,73.0,-4.152921667744671,-3.9810533490046245,-0.1718683187400467,-3.9810533490046245,0.01169743913549465,-9.459149146552763,-4.0917011704199915,0.016710781477378554,-0.06122049732467971
74,IT,2023,0.0175549522742286,74.0,-4.042419188008068,-3.868654925201927,-0.17376426280614155,-3.868654925201927,0.012327970030389813,-9.459149146552763,-3.9852670323936166,0.01858748020064731,-0.05715215561445186
75,IT,2023,0.0193840194357143,75.0,-3.9433062928005294,-3.761860417848466,-0.18144587495206332,-3.761860417848466,0.012695972475206428,-9.459149146552763,-3.8819535150519724,0.020610522862295123,-0.061352777748556964
76,IT,2023,0.0219575008460088,76.0,-3.8186464736436254,-3.642511729493465,-0.1761347441501604,-3.642511729493465,0.01295867437417588,-9.459149146552763,-3.765089763140406,0.023165532731007885,-0.05355671050321931
77,IT,2023,0.0246194225094949,77.0,-3.7042196146546704,-3.5287998488751007,-0.17541976577956975,-3.5287998488751007,0.013218506789362525,-9.459149146552763,-3.653835676090401,0.025891626179400346,-0.05038393856426948
78,IT,2023,0.0280194130378286,78.0,-3.5748576862645436,-3.4063348187809064,-0.1685228674836372,-3.4063348187809064,0.013120427703430103,-9.459149146552763,-3.5304429012942147,0.029291939555701054,-0.04441478497032891
79,IT,2023,0.0322735574511103,79.0,-3.4335070387987234,-3.2760880840813775,-0.1574189547173459,-3.2760880840813775,0.012917105267199382,-9.459149146552763,-3.398272909345539,0.033430958425248056,-0.035234129453184604
80,IT,2023,0.0366172140481164,80.0,-3.3072368199614104,-3.147688530125818,-0.15954828983559244,-3.147688530125818,0.013361763206868073,-9.459149146552763,-3.274079441160504,0.03785169791104204,-0.0331573788009063
81,IT,2023,0.0421516754928254,81.0,-3.166480844604848,-3.019397697716698,-0.14708314688814994,-3.019397697716698,0.01261299801953086,-9.459149146552763,-3.138705927168615,0.04333884525165189,-0.027774917436232727
82,IT,2023,0.0486676163200801,82.0,-3.0227414327059914,-2.885073744863876,-0.13766768784211525,-2.885073744863876,0.01222347467468327,-9.459149146552763,-3.0006974149008157,0.04975235822960696,-0.02204401780517573
83,IT,2023,0.0559900076928966,83.0,-2.8825820382236556,-2.7555804996782363,-0.1270015385454193,-2.7555804996782363,0.011605682635583328,-9.459149146552763,-2.8653603826757763,0.056962599098679345,-0.017221655547879244
84,IT,2023,0.0649286400295216,84.0,-2.7344664578601865,-2.624584815273864,-0.10988164258632249,-2.624584815273864,0.010462248076074009,-9.459149146552763,-2.7235487802336826,0.0656413937178397,-0.010917677626503863
85,IT,2023,0.0749877888374483,85.0,-2.5904299942023985,-2.493317042723466,-0.09711295147893262,-2.493317042723466,0.009737743869726704,-9.459149146552763,-2.5854278143381406,0.0753638309759388,-0.005002179864257883
20,IT,2024,0.000196568235722,20.0,-8.534500931351527,-8.103498808710839,-0.43100212264068816,-8.103498808710839,0.027065368019014283,-15.00488579792887,-8.509611564915064,0.0002015220879605152,-0.024889366436463334
21,IT,2024,0.0002201989445957,21.0,-8.420979126622239,-8.055007618769682,-0.3659715078525565,-8.055007618769682,0.023695264288118734,-15.00488579792887,-8.410552353364647,0.00022250692052364039,-0.010426773257592004
22,IT,2024,0.000224940058406,22.0,-8.399676598336969,-8.016067251865158,-0.3836093464718111,-8.016067251865158,0.024368876838677903,-15.00488579792887,-8.381719465853314,0.00022901582182603634,-0.017957132483655158
23,IT,2024,0.000213977748126,23.0,-8.44963852906842,-8.0579782106576,-0.3916603184108194,-8.0579782106576,0.023859905728048508,-15.00488579792887,-8.415993371256317,0.00022129954404522572,-0.033645157812102866
24,IT,2024,0.0002199879755239,24.0,-8.42193766981519,-8.02357600473842,-0.39836166507677007,-8.02357600473842,0.022773052801918214,-15.00488579792887,-8.365283061301406,0.00023281112363728623,-0.056654608513783344
25,IT,2024,0.0002420699849427,25.0,-8.326283679638006,-7.966418780420314,-0.35986489921769227,-7.966418780420314,0.021477049735121993,-15.00488579792887,-8.288679458972258,0.00025134615659969524,-0.037604220665748755
26,IT,2024,0.0002492152578182,26.0,-8.297193545725445,-7.977270622743386,-0.3199229229820597,-7.977270622743386,0.020228418997948437,-15.00488579792887,-8.280795739680256,0.00025333553067303973,-0.016397806045189256
27,IT,2024,0.0002361880747747,27.0,-8.350882143304947,-7.972900795014032,-0.37798134829091534,-7.972900795014032,0.021844882459629948,-15.00488579792887,-8.300680761589959,0.000248347703970398,-0.050201381714988
28,IT,2024,0.0002458508987818,28.0,-8.3107853082993,-7.954676995031266,-0.3561083132680336,-7.954676995031266,0.01993958347081985,-15.00488579792887,-8.253868167869188,0.00026024991739666525,-0.05691714043011231
29,IT,2024,0.0002526182976815,29.0,-8.283630913294067,-7.929714242097158,-0.3539166711969086,-7.929714242097158,0.019123715743917843,-15.00488579792887,-8.2166634128667,0.00027011482465597785,-0.0669675004273671
30,IT,2024,0.0002769203963705,30.0,-8.191780470801653,-7.870304959748891,-0.3214755110527623,-7.870304959748891,0.018652436174824778,-15.00488579792887,-8.150182634405294,0.00028868263143264804,-0.04159783639635961
31,IT,2024,0.0002912817618704,31.0,-8.141219505398004,-7.8408302970485675,-0.3003892083494364,-7.8408302970485675,0.019107855853761156,-15.00488579792887,-8.12754149197754,0.00029529329004427844,-0.013678013420463486
32,IT,2024,0.0003145108137192,32.0,-8.064492098570057,-7.778588484385329,-0.2859036141847273,-7.778588484385329,0.018541998976225594,-15.00488579792887,-8.056809061488908,0.0003169365184207683,-0.007683037081148925
33,IT,2024,0.0003312632355637,33.0,-8.012597225043361,-7.733291312023921,-0.2793059130194404,-7.733291312023921,0.018290514561482833,-15.00488579792887,-8.007738394204326,0.0003328767041998179,-0.004858830839035377
34,IT,2024,0.0003731378939605,34.0,-7.893562517736419,-7.648546175377929,-0.24501634235849057,-7.648546175377929,0.017506366593865882,-15.00488579792887,-7.911227206855563,0.0003666044049832232,0.017664689119143873
35,IT,2024,0.0003720970576785,35.0,-7.8963558299837295,-7.608556065774183,-0.2877997642095469,-7.608556065774183,0.02028229426963641,-15.00488579792887,-7.912889575010064,0.0003659954797642543,0.016533745026334756
36,IT,2024,0.0004281087266534,36.0,-7.756133360406794,-7.50778525788188,-0.2483481025249148,-7.50778525788188,0.02041717609479281,-15.00488579792887,-7.814142653500449,0.00040398102315278875,0.058009293093654435
37,IT,2024,0.0004402740222581,37.0,-7.728113247038302,-7.457084963325983,-0.2710282837123197,-7.457084963325983,0.019651752990632196,-15.00488579792887,-7.751957272679526,0.00042990028450039616,0.023844025641223787
38,IT,2024,0.0004778118193997,38.0,-7.6462935862506445,-7.370419156757725,-0.2758744294929194,-7.370419156757725,0.0202674338985073,-15.00488579792887,-7.6745296878219,0.00046450897045881756,0.028236101571255112
39,IT,2024,0.0005493643927845,39.0,-7.5067485974982615,-7.264149925721109,-0.24259867177715222,-7.264149925721109,0.020335399475374303,-15.00488579792887,-7.569280272504363,0.0005160637402453435,0.06253167500610157
40,IT,2024,0.0005926652604344,40.0,-7.430880803281709,-7.173715019720412,-0.25716578356129727,-7.173715019720412,0.020319399669134045,-15.00488579792887,-7.4786052912382415,0.0005650449393895858,0.04772448795653261
41,IT,2024,0.0006619759755448,41.0,-7.320281293403615,-7.074037880487367,-0.24624341291624763,-7.074037880487367,0.020495343107482796,-15.00488579792887,-7.381568163204515,0.0006226237443947156,0.06128686980090059
42,IT,2024,0.0007672241022285,42.0,-7.172731619053659,-6.96345930118426,-0.2092723178693987,-6.96345930118426,0.020240987592618713,-15.00488579792887,-7.267173008448799,0.0006980826807302012,0.09444138939513991
43,IT,2024,0.0008233780910143,43.0,-7.102095056932066,-6.874320564860136,-0.22777449207193,-6.874320564860136,0.01964334143697972,-15.00488579792887,-7.169066659811741,0.0007700411062418823,0.06697160287967474
44,IT,2024,0.0009245709023429,44.0,-6.9861808174408315,-6.773294033705396,-0.2128867837354358,-6.773294033705396,0.02027819283182161,-15.00488579792887,-7.077566001335259,0.0008438245186011559,0.09138518389442751
45,IT,2024,0.0010328056359165,45.0,-6.875476261517509,-6.668785327590037,-0.2066909339274723,-6.668785327590037,0.019317153767295814,-15.00488579792887,-6.958637013809342,0.0009503910620494713,0.08316075229183273
46,IT,2024,0.0011528846833184,46.0,-6.765488057164992,-6.563663036502831,-0.20182502066216124,-6.563663036502831,0.018954085157196654,-15.00488579792887,-6.848066919690785,0.0010615056866089161,0.08257886252579283
47,IT,2024,0.0012665760640931,47.0,-6.671438031823733,-6.4787021755842575,-0.19273585623947564,-6.4787021755842575,0.01798657493397922,-15.00488579792887,-6.748588678364506,0.0011725332751771796,0.07715064654077253
48,IT,2024,0.0013807088877248,48.0,-6.585158224947799,-6.384418485536626,-0.20073973941117274,-6.384418485536626,0.017220232470692053,-15.00488579792887,-6.642806107173147,0.0013033647264234453,0.05764788222534811
49,IT,2024,0.0015542721843577,49.0,-6.466747891564463,-6.2720432452744825,-0.1947046462899804,-6.2720432452744825,0.016495468408212678,-15.00488579792887,-6.519555864923057,0.0014743237558606892,0.05280797335859422
50,IT,2024,0.0017438028287848,50.0,-6.351687016776211,-6.17507269333256,-0.17661432344365036,-6.17507269333256,0.015773513858200243,-15.00488579792887,-6.411752467406903,0.001642144174824107,0.060065450630692574
51,IT,2024,0.0018795102404617,51.0,-6.276744046471719,-6.088573872844203,-0.18817017362751542,-6.088573872844203,0.015010303509196268,-15.00488579792887,-6.313801762791944,0.0018111346298341744,0.037057716320225254
52,IT,2024,0.0021245671127544,52.0,-6.154187209002781,-5.973943100096437,-0.18024410890634357,-5.973943100096437,0.01375066533335655,-15.00488579792887,-6.180270263068992,0.002069868370061554,0.02608305406621092
53,IT,2024,0.0022978533227352,53.0,-6.075779929819313,-5.893241669593349,-0.18253826022596353,-5.893241669593349,0.01295815778978835,-15.00488579792887,-6.087677347380666,0.0022706767881158166,0.011897417561352874
54,IT,2024,0.0025519947704057,54.0,-5.9708799627157605,-5.789458492776727,-0.18142146993903374,-5.789458492776727,0.012093797968350164,-15.00488579792887,-5.970924550155045,0.0025518809860305158,4.4587439284704544e-05
55,IT,2024,0.0027543722206081,55.0,-5.894565731451137,-5.70713256976226,-0.18743316168887691,-5.70713256976226,0.011123008713019614,-15.00488579792887,-5.8740320452304875,0.002811514296518151,-0.02053368622064955
56,IT,2024,0.0031229536680254,56.0,-5.768976036517983,-5.601670953837083,-0.16730508268090016,-5.601670953837083,0.0097378469097369,-15.00488579792887,-5.7477862346354,0.0031898345311761234,-0.021189801882583126
57,IT,2024,0.0033742041891191,57.0,-5.691595778278411,-5.507107058032324,-0.18448872024608676,-5.507107058032324,0.009929976269879456,-15.00488579792887,-5.656105217938009,0.0034961069906020545,-0.03549056034040188
58,IT,2024,0.003683997361181,58.0,-5.603756876881135,-5.419994586056584,-0.18376229082455176,-5.419994586056584,0.00935670774989911,-15.00488579792887,-5.560390917288416,0.0038472721384170874,-0.043365959592719605
59,IT,2024,0.0041065295523323,59.0,-5.495176998333044,-5.324196182067058,-0.1709808162659856,-5.324196182067058,0.008908196402758034,-15.00488579792887,-5.457862651755963,0.004262656797311842,-0.037314346577080215
60,IT,2024,0.0046029021161245,60.0,-5.381068279607879,-5.215864959071876,-0.16520332053600306,-5.215864959071876,0.008778985536951035,-15.00488579792887,-5.347592634475496,0.004759595304217985,-0.033475645132383214
61,IT,2024,0.0048895665773959,61.0,-5.3206516139029905,-5.134373498820213,-0.1862781150827777,-5.134373498820213,0.00800832928859658,-15.00488579792887,-5.254537565227813,0.005223761382429588,-0.06611404867517745
62,IT,2024,0.0054651144203848,62.0,-5.209370220631401,-5.0391959268163635,-0.17017429381503746,-5.0391959268163635,0.007443410213112718,-15.00488579792887,-5.150883447011258,0.005794283522558533,-0.05848677362014332
63,IT,2024,0.0060365291521568,63.0,-5.109926075889023,-4.945108750201136,-0.16481732568788665,-4.945108750201136,0.007222264733534511,-15.00488579792887,-5.053478007730231,0.006387080455453699,-0.056448068158792
64,IT,2024,0.006570958297842,64.0,-5.025095597481005,-4.857926103297212,-0.1671694941837938,-4.857926103297212,0.007559181092484768,-15.00488579792887,-4.971350752315809,0.0069337758926055065,-0.05374484516519651
65,IT,2024,0.0071948508569414,65.0,-4.93438966756628,-4.762246394716038,-0.1721432728502421,-4.762246394716038,0.007919647211399497,-15.00488579792887,-4.8810797966829735,0.007588815224346975,-0.05330987088330641
66,IT,2024,0.0080067151312375,66.0,-4.827474697989564,-4.663371166665295,-0.1641035313242698,-4.663371166665295,0.007934399503536919,-15.00488579792887,-4.78242592509101,0.008375655588665628,-0.04504877289855447
67,IT,2024,0.0086376740515043,67.0,-4.7516219394106995,-4.575834168481627,-0.17578777092907227,-4.575834168481627,0.008404693358453006,-15.00488579792887,-4.701945632491826,0.009077598238906448,-0.04967630691887326
68,IT,2024,0.0093766238758662,68.0,-4.6695355086996475,-4.487854187069511,-0.18168132163013695,-4.487854187069511,0.009200825359483569,-15.00488579792887,-4.625911520835249,0.009794722871540462,-0.04362398786439847
69,IT,2024,0.0103026346086689,69.0,-4.57535562920512,-4.391889527042951,-0.18346610216216863,-4.391889527042951,0.009487510691631477,-15.00488579792887,-4.534248541477511,0.010734971081815575,-0.041107087727609404
70,IT,2024,0.0114122480669467,70.0,-4.473068108490104,-4.291435254219737,-0.1816328542703669,-4.291435254219737,0.009992018752246168,-15.00488579792887,-4.441364354487954,0.011779855651953752,-0.031703754002149864
71,IT,2024,0.012652013740867,71.0,-4.369938887476488,-4.186727063116378,-0.18321182436010996,-4.186727063116378,0.010527324752195758,-15.00488579792887,-4.344688368780785,0.01297555120462128,-0.02525051869570305
72,IT,2024,0.013893510064497,72.0,-4.2763334497128405,-4.0851712958374184,-0.19116215387542201,-4.0851712958374184,0.011559102396732036,-15.00488579792887,-4.2586143072269484,0.014141885147247724,-0.017719142485892014
73,IT,2024,0.0154064868272991,73.0,-4.172966635699979,-3.9810533490046245,-0.19191328669535412,-3.9810533490046245,0.01169743913549465,-15.00488579792887,-4.156572087360946,0.01566115106887852,-0.016394548339032866
74,IT,2024,0.0172029956844694,74.0,-4.062671742626454,-3.868654925201927,-0.1940168174245267,-3.868654925201927,0.012327970030389813,-15.00488579792887,-4.053634707628215,0.017359164346546472,-0.00903703499823827
75,IT,2024,0.0189803312036837,75.0,-3.9643520358112108,-3.761860417848466,-0.20249161796274473,-3.761860417848466,0.012695972475206428,-15.00488579792887,-3.952362034932587,0.019209275167914153,-0.011990000878623785
76,IT,2024,0.0215156526273724,76.0,-3.838974579553097,-3.642511729493465,-0.19646285005963193,-3.642511729493465,0.01295867437417588,-15.00488579792887,-3.8369551585705213,0.021559145688361297,-0.0020194209825756815
77,IT,2024,0.0241290343296647,77.0,-3.724339419637722,-3.5287998488751007,-0.1955395707626213,-3.5287998488751007,0.013218506789362525,-15.00488579792887,-3.727142033668633,0.024061504633538792,0.002802614030910977
78,IT,2024,0.0274846556525495,78.0,-3.5941274063072286,-3.4063348187809064,-0.18779258752632222,-3.4063348187809064,0.013120427703430103,-15.00488579792887,-3.603205338090857,0.02723628089368543,0.009077931783628479
79,IT,2024,0.0317021526321355,79.0,-3.4513706940279216,-3.2760880840813775,-0.1752826099465441,-3.2760880840813775,0.012917105267199382,-15.00488579792887,-3.46990777345553,0.03111990060961359,0.018537079427608294
80,IT,2024,0.0359655579224989,80.0,-3.3251935228539358,-3.147688530125818,-0.17750499272811782,-3.147688530125818,0.013361763206868073,-15.00488579792887,-3.3481802611038414,0.03514825658993726,0.022986738249905603
81,IT,2024,0.0414533720151036,81.0,-3.183186049319965,-3.019397697716698,-0.1637883516032672,-3.019397697716698,0.01261299801953086,-15.00488579792887,-3.2086542925692614,0.04041095802425801,0.025468243249296307
82,IT,2024,0.0479106763845041,82.0,-3.0384169103720238,-2.885073744863876,-0.15334316550814764,-2.885073744863876,0.01222347467468327,-15.00488579792887,-3.0684855864113745,0.046491508944293505,0.030068676039350706
83,IT,2024,0.0551879297684854,83.0,-2.8970110132238562,-2.7555804996782363,-0.14143051354561997,-2.7555804996782363,0.011605682635583328,-15.00488579792887,-2.9297224422321704,0.0534118609649126,0.03271142900831414
84,IT,2024,0.0641168929664704,84.0,-2.747047408957723,-2.624584815273864,-0.12246259368385903,-2.624584815273864,0.010462248076074009,-15.00488579792887,-2.7815696528449556,0.06194120484333423,0.03452224388723257
85,IT,2024,0.0741534240080135,85.0,-2.6016190346873245,-2.493317042723466,-0.10830199196385859,-2.493317042723466,0.009737743869726704,-15.00488579792887,-2.639430777418197,0.07140190156571521,0.0378117427308724
20,IT,2025,0.0001881899200982,20.0,-8.57805889176808,-8.103498808710839,-0.4745600830572414,-8.103498808710839,0.027065368019014283,-16.542791316694665,-8.551235543758933,0.00019330611378735396,-0.026823348009147097
21,IT,2025,0.0002120042508929,21.0,-8.458904232111685,-8.055007618769682,-0.40389661334200255,-8.055007618769682,0.023695264288118734,-16.542791316694665,-8.446993431081959,0.00021454448944944628,-0.011910801029726414
22,IT,2025,0.0002163522650335,22.0,-8.438602622046126,-8.016067251865158,-0.42253537018096843,-8.016067251865158,0.024368876838677903,-16.542791316694665,-8.41919649602964,0.0002205918280497856,-0.01940612601648617
23,IT,2025,0.0002054977220627,23.0,-8.490075608942464,-8.0579782106576,-0.4320973982848635,-8.0579782106576,0.023859905728048508,-16.542791316694665,-8.452687651952715,0.00021332629735889934,-0.037387956989748616
24,IT,2025,0.0002113407926438,24.0,-8.462038596396296,-8.02357600473842,-0.43846259165787593,-8.02357600473842,0.022773052801918214,-16.542791316694665,-8.400305864884622,0.00022479855567815392,-0.06173273151167358
25,IT,2025,0.0002333666178612,25.0,-8.362899873785663,-7.966418780420314,-0.39648109336534887,-7.966418780420314,0.021477049735121993,-16.542791316694665,-8.32170913228671,0.00024317988225453215,-0.04119074149895319
26,IT,2025,0.0002409233401424,26.0,-8.33103176577063,-7.977270622743386,-0.3537611430272447,-7.977270622743386,0.020228418997948437,-16.542791316694665,-8.311905136893108,0.00024557574200849647,-0.019126628877522478
27,IT,2025,0.0002273009815475,27.0,-8.389235508824296,-7.972900795014032,-0.4163347138102642,-7.972900795014032,0.021844882459629948,-16.542791316694665,-8.334276126881413,0.00024014296442179375,-0.05495938194288286
28,IT,2025,0.0002369698272605,28.0,-8.347577736071024,-7.954676995031266,-0.3929007410397576,-7.954676995031266,0.01993958347081985,-16.542791316694665,-8.284533363330853,0.0002523904251267275,-0.06304437274017083
29,IT,2025,0.0002436220097997,29.0,-8.31989267399453,-7.929714242097158,-0.39017843189737267,-7.929714242097158,0.019123715743917843,-16.542791316694665,-8.246073880848579,0.00026228630573819423,-0.07381879314595174
30,IT,2025,0.0002679411716965,30.0,-8.224743110144104,-7.870304959748891,-0.35443815039521276,-7.870304959748891,0.018652436174824778,-16.542791316694665,-8.178868318936983,0.00028051921885347686,-0.04587479120712068
31,IT,2025,0.0002824084305096,31.0,-8.172156199711461,-7.8408302970485675,-0.3313259026628934,-7.8408302970485675,0.019107855853761156,-16.542791316694665,-8.156927568946822,0.00028674203792557803,-0.015228630764639206
32,IT,2025,0.0003052741694768,32.0,-8.094300268822797,-7.778588484385329,-0.31571178443746817,-7.778588484385329,0.018541998976225594,-16.542791316694665,-8.085324904043395,0.0003080264493873706,-0.00897536477940264
33,IT,2025,0.0003216807578081,33.0,-8.041950939595576,-7.733291312023921,-0.30865962757165555,-7.733291312023921,0.018290514561482833,-16.542791316694665,-8.035867477489496,0.00032364365506035153,-0.0060834621060799066
34,IT,2025,0.0003635545875821,34.0,-7.919581100100074,-7.648546175377929,-0.2710349247221453,-7.648546175377929,0.017506366593865882,-16.542791316694665,-7.938150344653807,0.00035686594723107786,0.0185692445537331
35,IT,2025,0.0003611128613859,35.0,-7.926320013073656,-7.608556065774183,-0.31776394729947377,-7.608556065774183,0.02028229426963641,-16.542791316694665,-7.94408182730057,0.0003547554683798515,0.017761814226913586
36,IT,2025,0.0004170811154514,36.0,-7.782229833616133,-7.50778525788188,-0.27444457573425307,-7.50778525788188,0.02041717609479281,-16.542791316694665,-7.8455423412942435,0.00039149322759371343,0.06331250767811092
37,IT,2025,0.0004279775948242,37.0,-7.7564397122942985,-7.457084963325983,-0.29935474896831593,-7.457084963325983,0.019651752990632196,-16.542791316694665,-7.782179812057241,0.00041710197902078893,0.02574009976294267
38,IT,2025,0.0004641102857136,38.0,-7.675388349252972,-7.370419156757725,-0.3049691924952471,-7.370419156757725,0.0202674338985073,-16.542791316694665,-7.705699086265635,0.00045025382157728696,0.030310737012662514
39,IT,2025,0.0005355628306425,39.0,-7.532192344160871,-7.264149925721109,-0.2680424184397614,-7.264149925721109,0.020335399475374303,-16.542791316694665,-7.6005541955838485,0.0005001741623045834,0.06836185142297779
40,IT,2025,0.0005770764066423,40.0,-7.457535879699082,-7.173715019720412,-0.28382085997867,-7.173715019720412,0.020319399669134045,-16.542791316694665,-7.5098546081274105,0.0005476607083418918,0.05231872842832885
41,IT,2025,0.0006453759182722,41.0,-7.345677591914883,-7.074037880487367,-0.27163971142751553,-7.074037880487367,0.020495343107482796,-16.542791316694665,-7.4130880644785115,0.0006033047709388212,0.06741047256362886
42,IT,2025,0.0007507687540298,42.0,-7.194412871020165,-6.96345930118426,-0.2309535698359051,-6.96345930118426,0.020240987592618713,-16.542791316694665,-7.298301734972758,0.0006766869937840746,0.10388886395259256
43,IT,2025,0.0008047977252338,43.0,-7.124919585121551,-6.874320564860136,-0.250599020261415,-6.874320564860136,0.01964334143697972,-16.542791316694665,-7.199276263014673,0.000747126335715141,0.07435667789312195
44,IT,2025,0.0009045501792543,44.0,-7.0080727773274365,-6.773294033705396,-0.23477874362204076,-6.773294033705396,0.02027819283182161,-16.542791316694665,-7.108751946001914,0.000817915157644361,0.10067916867447746
45,IT,2025,0.0010114449069488,45.0,-6.896375369524168,-6.668785327590037,-0.22759004193413102,-6.668785327590037,0.019317153767295814,-16.542791316694665,-6.9883449711949135,0.0009225721523349519,0.09196960167074586
46,IT,2025,0.0011294736735066,46.0,-6.78600353042294,-6.563663036502831,-0.22234049392010924,-6.563663036502831,0.018954085157196654,-16.542791316694665,-6.877216511857195,0.0010310098585620475,0.09121298143425438
47,IT,2025,0.0012418816903223,47.0,-6.691127557397576,-6.4787021755842575,-0.21242538181331838,-6.4787021755842575,0.01798657493397922,-16.542791316694665,-6.776250331219167,0.0011405435508475576,0.08512277382159095
48,IT,2025,0.0013526551118241,48.0,-6.605685868552134,-6.384418485536626,-0.2212673830155074,-6.384418485536626,0.017220232470692053,-16.542791316694665,-6.669289197724254,0.0012693006522247541,0.0636033291721203
49,IT,2025,0.0015242182270477,49.0,-6.486273638368054,-6.2720432452744825,-0.2142303930935716,-6.2720432452744825,0.016495468408212678,-16.542791316694665,-6.544924336822675,0.0014373928361704235,0.058650698454620454
50,IT,2025,0.0017129406401598,50.0,-6.3695437128034404,-6.17507269333256,-0.19447101947088008,-6.17507269333256,0.015773513858200243,-16.542791316694665,-6.436010641419759,0.0016027880396024582,0.0664669286163182
51,IT,2025,0.0018439639548536,51.0,-6.295837701298221,-6.088573872844203,-0.20726382845401758,-6.088573872844203,0.015010303509196268,-16.542791316694665,-6.336886191397086,0.0017698044983664402,0.041048490098865464
52,IT,2025,0.0020860871872435,52.0,-6.172465126899484,-5.973943100096437,-0.19852202680304654,-5.973943100096437,0.01375066533335655,-16.542791316694665,-6.201417487171862,0.0020265559822765285,0.028952360272378463
53,IT,2025,0.0022550402333188,53.0,-6.09458746436014,-5.893241669593349,-0.20134579476679093,-5.893241669593349,0.01295815778978835,-16.542791316694665,-6.107605769758619,0.002225873692263601,0.013018305398478702
54,IT,2025,0.0025051271381346,54.0,-5.98941579198689,-5.789458492776727,-0.1999572992101628,-5.789458492776727,0.012093797968350164,-16.542791316694665,-5.989523668793409,0.002504856907595078,0.00010787680651969112
55,IT,2025,0.0027016218655642,55.0,-5.913902995364742,-5.70713256976226,-0.20677042560248182,-5.70713256976226,0.011123008713019614,-16.542791316694665,-5.89113818171552,0.0027638291662018966,-0.022764813649222226
56,IT,2025,0.0030688147334253,56.0,-5.786463872248717,-5.601670953837083,-0.1847929184116346,-5.601670953837083,0.0097378469097369,-16.542791316694665,-5.7627621231387804,0.0031424198495518777,-0.02370174910993672
57,IT,2025,0.0033104574377235,57.0,-5.710668900433721,-5.507107058032324,-0.20356184240139719,-5.507107058032324,0.009929976269879456,-16.542791316694665,-5.67137658324467,0.0034431222678559976,-0.03929231718905157
58,IT,2025,0.0036148322137138,58.0,-5.622709838358997,-5.419994586056584,-0.20271525230241316,-5.419994586056584,0.00935670774989911,-16.542791316694665,-5.574780649774464,0.0037923073343918527,-0.04792918858453277
59,IT,2025,0.0040343276524157,59.0,-5.51291562003762,-5.324196182067058,-0.1887194379705619,-5.324196182067058,0.008908196402758034,-16.542791316694665,-5.471562616166015,0.004204656757299788,-0.04135300387160523
60,IT,2025,0.0045265312045738,60.0,-5.397799371319354,-5.215864959071876,-0.18193441224747797,-5.215864959071876,0.008778985536951035,-16.542791316694665,-5.361093884781938,0.004695766669419951,-0.03670548653741612
61,IT,2025,0.0047985051338534,61.0,-5.3394508400200325,-5.134373498820213,-0.20507734119981968,-5.134373498820213,0.00800832928859658,-16.542791316694665,-5.26685361903684,0.0051598198182773725,-0.07259722098319266
62,IT,2025,0.0053709210083963,62.0,-5.226755875224067,-5.0391959268163635,-0.18755994840770374,-5.0391959268163635,0.007443410213112718,-16.542791316694665,-5.162330708656441,0.005728333039424063,-0.06442516656762631
63,IT,2025,0.0059353496739469,63.0,-5.126829335394577,-4.945108750201136,-0.1817205851934407,-4.945108750201136,0.007222264733534511,-16.542791316694665,-5.064585168521921,0.006316530655136974,-0.06224416687265588
64,IT,2025,0.0064576291124927,64.0,-5.042493039002491,-4.857926103297212,-0.1845669357052797,-4.857926103297212,0.007559181092484768,-16.542791316694665,-4.982976058635291,0.006853635355614608,-0.05951698036720021
65,IT,2025,0.0070682430520604,65.0,-4.952143337444679,-4.762246394716038,-0.189896942728641,-4.762246394716038,0.007919647211399497,-16.542791316694665,-4.893259465836063,0.007496946566261166,-0.05888387160861619
66,IT,2025,0.0078707479972485,66.0,-4.84460217694617,-4.663371166665295,-0.18123101028087518,-4.663371166665295,0.007934399503536919,-16.542791316694665,-4.794628281875592,0.00827407387943289,-0.049973895070578145
67,IT,2025,0.0084802577618322,67.0,-4.770014433197812,-4.575834168481627,-0.19418026471618433,-4.575834168481627,0.008404693358453006,-16.542791316694665,-4.714871256791325,0.008961019663042882,-0.055143176406486916
68,IT,2025,0.0091999086566719,68.0,-4.688561723599051,-4.487854187069511,-0.20070753652954032,-4.487854187069511,0.009200825359483569,-16.542791316694665,-4.640061520932799,0.009657103495247009,-0.048500202666251546
69,IT,2025,0.0101067693217282,69.0,-4.594549849764579,-4.391889527042951,-0.20266032272162793,-4.391889527042951,0.009487510691631477,-16.542791316694665,-4.54883943652952,0.010579475414523289,-0.0457104132350592
70,IT,2025,0.0111983549171818,70.0,-4.491988393863846,-4.291435254219737,-0.20055313964410892,-4.291435254219737,0.009992018752246168,-16.542791316694665,-4.456731135270645,0.011600220931054284,-0.035257258593200724
71,IT,2025,0.0124109386761225,71.0,-4.3891770439377265,-4.186727063116378,-0.20244998082134824,-4.186727063116378,0.010527324752195758,-16.542791316694665,-4.360878399615027,0.01276716804711238,-0.028298644322699573
72,IT,2025,0.0136189058007432,72.0,-4.296296319172068,-4.0851712958374184,-0.21112502333464978,-4.0851712958374184,0.011559102396732036,-16.542791316694665,-4.276391114594862,0.013892708919977442,-0.019905204577206348
73,IT,2025,0.0151007388838174,73.0,-4.193011603655285,-3.9810533490046245,-0.21195825465066065,-3.9810533490046245,0.01169743913549465,-16.542791316694665,-4.17456164356285,0.015381932946692177,-0.01844996009243527
74,IT,2025,0.016858095419281,74.0,-4.082924297244849,-3.868654925201927,-0.2142693720429225,-3.868654925201927,0.012327970030389813,-16.542791316694665,-4.072593960773132,0.017033147835679073,-0.010330336471717771
75,IT,2025,0.0185850501128666,75.0,-3.985397778821889,-3.761860417848466,-0.22353736097342303,-3.761860417848466,0.012695972475206428,-16.542791316694665,-3.9718872410683055,0.01883784800645896,-0.013510537753583574
76,IT,2025,0.0210826956687059,76.0,-3.859302685462571,-3.642511729493465,-0.21679095596910614,-3.642511729493465,0.01295867437417588,-16.542791316694665,-3.8568843754064552,0.021133741861534827,-0.0024183100561159243
77,IT,2025,0.0236484140705411,77.0,-3.744459224620777,-3.5287998488751007,-0.2156593757456764,-3.5287998488751007,0.013218506789362525,-16.542791316694665,-3.7474708482098364,0.023577301085403006,0.0030116235890593757
78,IT,2025,0.0269601042434173,78.0,-3.6133971263499087,-3.4063348187809064,-0.20706230756900235,-3.4063348187809064,0.013120427703430103,-16.542791316694665,-3.62338331626453,0.02669221534328304,0.009986189914621413
79,IT,2025,0.0311408645617605,79.0,-3.469234349257113,-3.2760880840813775,-0.19314626517573563,-3.2760880840813775,0.012917105267199382,-16.542791316694665,-3.4897730609324342,0.030507794796185286,0.020538711675321064
80,IT,2025,0.0353254989573179,80.0,-3.3431502257464616,-3.147688530125818,-0.19546169562064364,-3.147688530125818,0.013361763206868073,-16.542791316694665,-3.368729390480125,0.03443336091597765,0.025579164733663617
81,IT,2025,0.0407666369445993,81.0,-3.199891254035081,-3.019397697716698,-0.18049355631838315,-3.019397697716698,0.01261299801953086,-16.542791316694665,-3.22805189183168,0.039634636186508886,0.02816063779659883
82,IT,2025,0.0471655093301454,82.0,-3.054092388038058,-2.885073744863876,-0.1690186431741818,-2.885073744863876,0.01222347467468327,-16.542791316694665,-3.0872841355720637,0.04562569950538816,0.03319174753400578
83,IT,2025,0.0543973419120939,83.0,-2.9114399882240605,-2.7555804996782363,-0.1558594885458242,-2.7555804996782363,0.011605682635583328,-16.542791316694665,-2.947570885606478,0.05246699962436225,0.036130897382417704
84,IT,2025,0.0633152944802887,84.0,-2.75962836005526,-2.624584815273864,-0.13504354478139602,-2.624584815273864,0.010462248076074009,-16.542791316694665,-2.7976596018998467,0.06095254905269964,0.03803124184458673
85,IT,2025,0.0733283428856915,85.0,-2.61280807517225,-2.493317042723466,-0.11949103244878412,-2.493317042723466,0.009737743869726704,-16.542791316694665,-2.6544065074557777,0.0703405728850929,0.041598432283527664
