country,year,age,age_num,mx,log_mx,mx_hat_baseline,log_mx_hat_baseline,baseline_residual,C_tr,lambda_xr,climate_component,residual_after_climate,mx_hat_climate_adjusted,log_mx_hat_climate_adjusted
ES,2004,20,20.0,0.00047,-7.66277786326017,0.0004288232452815,-7.754465739598784,0.0916878763386135,-0.7933713547031221,-0.022396395195866847,0.01776865839701138,0.07391921794160212,0.00043651095693477906,-7.736697081201772
ES,2004,21,21.0,0.00046,-7.684284068481133,0.0004079312137704,-7.804411991473551,0.1201279229924177,-0.7933713547031221,0.009528202766377263,-0.007559403136646765,0.12768732612906447,0.00040485912348740724,-7.811971394610198
ES,2004,22,22.0,0.00048,-7.641724454062337,0.0004204647514415,-7.774149907411816,0.1324254533494793,-0.7933713547031221,-0.0030970907591287545,0.002457143091208501,0.1299683102582708,0.00042149916382986974,-7.7716927643206075
ES,2004,23,23.0,0.00051,-7.5810998322459024,0.0004267292883664,-7.759360730879532,0.1782608986336296,-0.7933713547031221,0.007365083306666807,-0.005843246120511595,0.1841041447541412,0.00042424307496008706,-7.765203977000044
ES,2004,24,24.0,0.00047,-7.66277786326017,0.0004335616816696,-7.743476484276957,0.0806986210167863,-0.7933713547031221,0.01800911873033555,-0.014287918924095686,0.09498653994088199,0.00042741103213911146,-7.757764403201052
ES,2004,25,25.0,0.00051,-7.5810998322459024,0.0004400142817892,-7.7287033729669155,0.147603540721013,-0.7933713547031221,-0.011029524909087455,0.008750509118854544,0.13885303160215845,0.00044388152627683556,-7.719952863848061
ES,2004,26,26.0,0.00048,-7.641724454062337,0.0004279362378646,-7.756536350432441,0.1148118963701039,-0.7933713547031221,-0.031097271331795188,0.02467168428407691,0.09014021208602699,0.0004386254640271294,-7.731864666148364
ES,2004,27,27.0,0.00053,-7.542633551418106,0.0004607909251316,-7.682566142501233,0.1399325910831264,-0.7933713547031221,-0.0079235688913933,0.006286332585448218,0.13364625849767817,0.0004636967340106051,-7.676279809915784
ES,2004,28,28.0,0.00059,-7.435388021064509,0.0004501054635879,-7.706028639129935,0.2706406180654257,-0.7933713547031221,-0.021477533117638545,0.017039659545222064,0.25360095852020365,0.0004578408242403489,-7.688988979584712
ES,2004,29,29.0,0.00055,-7.505592279737757,0.0004854822185875,-7.630367895852023,0.1247756161142659,-0.7933713547031221,-0.004275024603181553,0.003391682060815326,0.12138393405345056,0.0004871316154528968,-7.626976213791208
ES,2004,30,30.0,0.00058,-7.4524824544238095,0.0005069792104041,-7.5870405603338575,0.134558105910048,-0.7933713547031221,-0.028005810153739617,0.022219007541230854,0.11233909836881714,0.0005183698611693913,-7.564821552792627
ES,2004,31,31.0,0.00067,-7.308232845579262,0.0005365109958743,-7.5304235005315165,0.2221906549522545,-0.7933713547031221,-0.036588221796833145,0.029028047093131816,0.1931626078591227,0.0005523131049193077,-7.501395453438385
ES,2004,32,32.0,0.00065,-7.338538195074591,0.0005502361717367,-7.5051629687472605,0.1666247736726696,-0.7933713547031221,-0.016023105685786396,0.012712273064483652,0.15391250060818593,0.0005572755727979114,-7.492450695682777
ES,2004,33,33.0,0.00074,-7.208860371766058,0.0006009399054378,-7.417015619380441,0.2081552476143828,-0.7933713547031221,-0.007555540060437097,0.005994349053262689,0.20216089856112013,0.000604552967148862,-7.411021270327178
ES,2004,34,34.0,0.00078,-7.156216638280637,0.0006518078936171,-7.33576068114446,0.1795440428638226,-0.7933713547031221,-0.014722433570540979,0.01168035706638682,0.1678636857974358,0.0006594658794928407,-7.324080324078072
ES,2004,35,35.0,0.00088,-7.035588650492022,0.0007227755868285,-7.232411775648712,0.1968231251566905,-0.7933713547031221,-0.030068622355405524,0.023855583652164666,0.17296754150452584,0.0007402251272672827,-7.208556191996547
ES,2004,36,36.0,0.00093,-6.980325971816972,0.0007835194814832,-7.15171463178909,0.1713886599721172,-0.7933713547031221,-0.04182670015268112,0.033184105762893906,0.13820455420922328,0.0008099560864504044,-7.118530526026196
ES,2004,37,37.0,0.00113,-6.785537646257888,0.0008540385472659,-7.065534227880596,0.2799965816227079,-0.7933713547031221,-0.03800814902299152,0.030154576680128935,0.24984200494257897,0.0008801839385974173,-7.035379651200467
ES,2004,38,38.0,0.00111,-6.803395263657894,0.000942461781907,-6.967015189165024,0.1636199255071302,-0.7933713547031221,-0.043803473634620824,0.034752421218201615,0.12886750428892857,0.0009757903812313386,-6.932262767946822
ES,2004,39,39.0,0.00133,-6.622576336748475,0.0010410424430389,-6.867532718769335,0.2449563820208595,-0.7933713547031221,-0.07385186637052273,0.05859195526973556,0.18636442675112394,0.0011038615313453146,-6.8089407634996
ES,2004,40,40.0,0.00126,-6.676643558018751,0.0011682235866608,-6.752270985960234,0.075627427941483,-0.7933713547031221,-0.04690603518063869,0.037213904675015626,0.038413523266467374,0.0012125167979306014,-6.715057081285218
ES,2004,41,41.0,0.00142,-6.557098407368968,0.0012844660976401,-6.657412135191913,0.1003137278229449,-0.7933713547031221,-0.05026365073060458,0.03987774067246433,0.06043598715048057,0.0013367227166976002,-6.617534394519448
ES,2004,42,42.0,0.00154,-6.475972862556599,0.0014127629245781,-6.562207970971543,0.0862351084149439,-0.7933713547031221,-0.06685808661838182,0.05304329075328426,0.03319181766165964,0.0014897235990616094,-6.509164680218259
ES,2004,43,43.0,0.00166,-6.400937676613685,0.0015776684611466,-6.451807179300242,0.0508695026865568,-0.7933713547031221,-0.055319343304923656,0.04388878233911437,0.006980720347442432,0.0016484523565514955,-6.4079183969611275
ES,2004,44,44.0,0.00193,-6.250235276065343,0.0017499611135179,-6.348161712140469,0.0979264360751264,-0.7933713547031221,-0.05846501607827734,0.04638446900876271,0.051541967066363686,0.001833044115328777,-6.301777243131706
ES,2004,45,45.0,0.00215,-6.142287436842565,0.0019448371540838,-6.242577030823652,0.1002895939810866,-0.7933713547031221,-0.06937338850449987,0.05503885921816106,0.045250734762925536,0.0020548792916707343,-6.187538171605491
ES,2004,46,46.0,0.00223,-6.10575369351011,0.0021311779949876,-6.151080402846246,0.0453267093361358,-0.7933713547031221,-0.056673391960445775,0.044963045755279894,0.0003636635808559052,0.0022291891776569047,-6.106117357090966
ES,2004,47,47.0,0.0025,-5.991464547107982,0.0023762209705878,-6.0422438807169145,0.0507793336089328,-0.7933713547031221,-0.07278151966673327,0.0577427728553481,-0.0069634392464153,0.002517469350907969,-5.984501107861567
ES,2004,48,48.0,0.0028,-5.8781358618009785,0.0026193971453144,-5.944811084893782,0.0666752230928038,-0.7933713547031221,-0.048721874347788935,0.0386545394549806,0.028020683637823195,0.0027226311125452415,-5.906156545438802
ES,2004,49,49.0,0.00281,-5.874570795636482,0.002856163434491,-5.858276011180231,-0.0162947844562513,-0.7933713547031221,-0.05394366444828174,0.042797358140983933,-0.059092142597235234,0.0029810530958000237,-5.815478653039247
ES,2004,50,50.0,0.00322,-5.73837391942582,0.0031520335408272,-5.75970746591773,0.0213335464919097,-0.7933713547031221,-0.04477692155218655,0.03552472691129367,-0.014191180419383973,0.0032660213774359397,-5.724182739006436
ES,2004,51,51.0,0.00352,-5.649294289372131,0.0034733858722857,-5.662625405061569,0.0133311156894384,-0.7933713547031221,-0.022027610039892332,0.017476074818221474,-0.004144959128783075,0.003534620535962756,-5.645149330243348
ES,2004,52,52.0,0.00365,-5.613028111387737,0.0037435882171788,-5.587710711143415,-0.0253174002443223,-0.7933713547031221,-0.031745896598611774,0.02518628499070586,-0.050503685235028156,0.0038390726991048806,-5.5625244261527085
ES,2004,53,53.0,0.0039,-5.546778725846536,0.0040331005637307,-5.51321982818463,-0.0335588976619067,-0.7933713547031221,-0.018478897704762805,0.014660628105448081,-0.04821952576735478,0.004092663902340402,-5.498559200079182
ES,2004,54,54.0,0.00415,-5.48464694473953,0.004383806183911,-5.429837940188008,-0.0548090045515223,-0.7933713547031221,-0.02276082068967687,0.01805778314472379,-0.07286678769624609,0.004463687070551135,-5.411780157043284
ES,2004,55,55.0,0.00451,-5.40145812546755,0.0046577253653807,-5.369228069030461,-0.0322300564370889,-0.7933713547031221,-0.011802718253971015,0.009363938570332252,-0.041593995007421156,0.004701544860925671,-5.359864130460129
ES,2004,56,56.0,0.00499,-5.30031936921871,0.0050327102580959,-5.291796621274217,-0.0085227479444931,-0.7933713547031221,-0.009497846384814686,0.007535319253082579,-0.01605806719757568,0.00507077657741314,-5.284261302021134
ES,2004,57,57.0,0.00525,-5.249527202378605,0.0055029664464014,-5.202467978251568,-0.0470592241270368,-0.7933713547031221,0.0016563685822196309,-0.0013141153859632783,-0.04574510874107352,0.005495739662979441,-5.203782093637532
ES,2004,58,58.0,0.00554,-5.195760778222945,0.005860195056383,-5.139572389874995,-0.0561883883479499,-0.7933713547031221,-0.002887731778581961,0.002291043673192827,-0.058479432021142724,0.005873636410676153,-5.137281346201802
ES,2004,59,59.0,0.00629,-5.068794208269788,0.0063676306653645,-5.05652783065147,-0.0122663776183173,-0.7933713547031221,0.0021529251198846968,-0.0017080691189373036,-0.010558308499379996,0.00635676359555948,-5.058235899770407
ES,2004,60,60.0,0.0068,-4.990832666800076,0.0069417634662158,-4.970199434981595,-0.0206332318184809,-0.7933713547031221,0.00016806373790831286,-0.00013333695542078864,-0.02049989486306011,0.006940837934315219,-4.970332771937016
ES,2004,61,61.0,0.00728,-4.922624416773543,0.0073177460739673,-4.917452911816411,-0.0051715049571319,-0.7933713547031221,0.000976080071276405,-0.0007743939684472814,-0.004397110988684619,0.007312081449153819,-4.918227305784858
ES,2004,62,62.0,0.00756,-4.884884088790695,0.0078982670166767,-4.841111908550807,-0.0437721802398884,-0.7933713547031221,0.0036462507649648638,-0.0028928309089874694,-0.040879349330900934,0.007875451682086787,-4.844004739459794
ES,2004,63,63.0,0.00837,-4.783101394480753,0.0084834840589427,-4.769634057549143,-0.01346733693161,-0.7933713547031221,0.00570633849258581,-0.0045272455002573755,-0.008940091431352624,0.00844516405140166,-4.7741613030494
ES,2004,64,64.0,0.00937,-4.670242182731807,0.0091996428670582,-4.688590614478625,0.0183484317468183,-0.7933713547031221,0.005077161052295929,-0.004028074142105951,0.02237650588892425,0.009162660557256112,-4.692618688620731
ES,2004,65,65.0,0.01027,-4.57852825504167,0.0100892839589268,-4.596281412553333,0.0177531575116631,-0.7933713547031221,0.009843308735534526,-0.0078093991862721035,0.025562556697935203,0.010010799569825138,-4.6040908117396055
ES,2004,66,66.0,0.01185,-4.435427411400997,0.0109175060668242,-4.517387716907506,0.0819603055065094,-0.7933713547031221,-0.000432995806356754,0.00034352646947002864,0.08161677903703937,0.010921257163402394,-4.517044190438036
ES,2004,67,67.0,0.01252,-4.380427913310185,0.0120017150068044,-4.422705722172126,0.0422778088619413,-0.7933713547031221,0.0037702985620496174,-0.0029912468778085385,0.04526905573974984,0.01196586855378553,-4.425696969049935
ES,2004,68,68.0,0.0134,-4.312500572025272,0.0131380891952535,-4.332239695430509,0.0197391234052375,-0.7933713547031221,0.005512961638150011,-0.004373825843285418,0.02411294924852292,0.013080750966322023,-4.336613521273795
ES,2004,69,69.0,0.01481,-4.21245265070243,0.0145499829491237,-4.23016545724685,0.01771280654442,-0.7933713547031221,0.0012423699409680445,-0.0009856607231082553,0.018698467267528256,0.01453564866793842,-4.231151117969958
ES,2004,70,70.0,0.01658,-4.099558129274988,0.0159911407903449,-4.135720410694582,0.0361622814195943,-0.7933713547031221,-0.005748135177942354,0.004560405793140798,0.0316018756264535,0.016064233420794462,-4.131160004901441
ES,2004,71,71.0,0.01812,-4.010738978367304,0.0177093877647786,-4.033660397814389,0.0229214194470852,-0.7933713547031221,-0.0009415248146464615,0.0007469788176826691,0.02217444062940253,0.017722621244262188,-4.032913418996706
ES,2004,72,72.0,0.02043,-3.890750870152607,0.0198414825740246,-3.919980453403959,0.029229583251352,-0.7933713547031221,-0.0076712366358034755,0.006086139401995624,0.023143443849356377,0.019962608824648516,-3.9138943140019635
ES,2004,73,73.0,0.02261,-3.7893629926922574,0.0219636560911879,-3.8183661875287473,0.029003194836489,-0.7933713547031221,-0.007171573646715354,0.00568972109944777,0.023313473737041228,0.02208897935779824,-3.8126764664292994
ES,2004,74,74.0,0.02507,-3.686083366811935,0.0248589675113069,-3.6945367258896895,0.0084533590777553,-0.7933713547031221,-0.007373793170530252,0.005850156277004216,0.0026032028007510833,0.025004822577616565,-3.688686569612685
ES,2004,75,75.0,0.02872,-3.550161534802114,0.027875628966425,-3.580002485638473,0.029840950836359,-0.7933713547031221,-0.009725255571321695,0.00771573918745358,0.02212521164890542,0.028091541942165687,-3.5722867464510193
ES,2004,76,76.0,0.03205,-3.440458095615458,0.0311854740388153,-3.4678028682597017,0.0273447726442439,-0.7933713547031221,-0.007460884535366459,0.005919252071107261,0.02142552057313664,0.03137061613138885,-3.4618836161885946
ES,2004,77,77.0,0.03626,-3.317040073655432,0.0352796621761776,-3.34444862339456,0.0274085497391278,-0.7933713547031221,-0.0079753877692031,0.006327444198735374,0.021081105540392428,0.03550359999984831,-3.3381211791958245
ES,2004,78,78.0,0.04058,-3.2044799445844685,0.0396058798857258,-3.228777689781283,0.0242977451968147,-0.7933713547031221,-0.010159483472717449,0.008060243165833822,0.01623750203098088,0.03992640291990247,-3.2207174466154496
ES,2004,79,79.0,0.04531,-3.09422752030309,0.0448550447183312,-3.104319217018288,0.0100916967151976,-0.7933713547031221,-0.011536978481239996,0.009153108246842144,0.0009385884683554557,0.04526749250814022,-3.095166108771446
ES,2004,80,80.0,0.05131,-2.9698696140282634,0.0512825840712969,-2.97040407623338,0.0005344622051164,-0.7933713547031221,-0.016322359065892727,0.0129496921240581,-0.012415229918941699,0.0519509962717206,-2.957454384109322
ES,2004,81,81.0,0.05758,-2.854579993798107,0.0575153109244347,-2.8557040896775554,0.0011240958794482,-0.7933713547031221,-0.01826100180196255,0.014487755737859183,-0.013363659858410983,0.05835464404598005,-2.841216333939696
ES,2004,82,82.0,0.06558,-2.7244845075656348,0.0650129556901371,-2.733168710637953,0.0086842030723182,-0.7933713547031221,-0.017966093037375695,0.014253783571785085,-0.005569580499466886,0.065946272133401,-2.7189149270661677
ES,2004,83,83.0,0.07477,-2.593338543970313,0.0734377700125537,-2.611316897883729,0.0179783539134161,-0.7933713547031221,-0.01845517084037204,0.014641803890903521,0.0033365500225125775,0.07452094188330376,-2.596675093992826
ES,2004,84,84.0,0.08367,-2.4808747886746296,0.0822083099448189,-2.4984988878104706,0.0176240991358409,-0.7933713547031221,-0.017377193738358086,0.013786567737139765,0.003837531398701133,0.08334952904982595,-2.484712320073331
ES,2004,85,85.0,0.09575,-2.346014650921381,0.0930967025323595,-2.374116513883193,0.0281018629618117,-0.7933713547031221,-0.014196355926147354,0.011262982132975222,0.01683888082883648,0.09415117614126882,-2.3628535317502175
ES,2005,20,20.0,0.00047,-7.66277786326017,0.0004154201853112,-7.786220055234665,0.1234421919744948,-0.8330980643111605,-0.022396395195866847,0.018658393485224443,0.10478379848927036,0.0004232440217212935,-7.767561661749441
ES,2005,21,21.0,0.00049,-7.621105166859602,0.0003967467664165,-7.8322123487697075,0.2111071819101058,-0.8330980643111605,0.009528202766377263,-0.007937927281033142,0.21904510919113895,0.00039360988607121955,-7.840150276050741
ES,2005,22,22.0,0.00046,-7.684284068481133,0.0004086136058377,-7.802740577462328,0.1184565089811942,-0.8330980643111605,-0.0030970907591287545,0.002580180316426148,0.11587632866476805,0.00040966926392897637,-7.800160397145902
ES,2005,23,23.0,0.00047,-7.66277786326017,0.000414949283776,-7.787354252970145,0.1245763897099747,-0.8330980643111605,0.007365083306666807,-0.006135836646274559,0.13071222635624927,0.0004124110179101403,-7.793490089616419
ES,2005,24,24.0,0.00046,-7.684284068481133,0.0004221310018036,-7.770194861287632,0.0859107928064988,-0.8330980643111605,0.01800911873033555,-0.01500336195419241,0.10091415476069121,0.00041584489189953715,-7.785198223241824
ES,2005,25,25.0,0.00049,-7.621105166859602,0.0004290653925442,-7.753901220479554,0.1327960536199528,-0.8330980643111605,-0.011029524909087455,0.009188675852032488,0.12360737776792032,0.00043302610433658216,-7.744712544627522
ES,2005,26,26.0,0.00045,-7.706262975199909,0.0004178996408989,-7.7802692478098,0.0740062726098909,-0.8330980643111605,-0.031097271331795188,0.025907076551877517,0.04809919605801338,0.00042886766009351824,-7.754362171257922
ES,2005,27,27.0,0.00049,-7.621105166859602,0.0004491311820254,-7.708195548026571,0.0870903811669689,-0.8330980643111605,-0.0079235688913933,0.006601109905855886,0.08048927126111302,0.0004521057532545968,-7.701594438120715
ES,2005,28,28.0,0.00043,-7.751725349276666,0.0004396978983238,-7.729422661584594,-0.022302687692072,-0.8330980643111605,-0.021477533117638545,0.017892891266483517,-0.040195578958555515,0.0004476361725584314,-7.71152977031811
ES,2005,29,29.0,0.0005,-7.600902459542082,0.0004747108361341,-7.652804705336255,0.0519022457941726,-0.8330980643111605,-0.004275024603181553,0.0035615147217931387,0.04834073107237946,0.0004764045400510663,-7.649243190614461
ES,2005,30,30.0,0.00052,-7.5616817463888015,0.0004960050532526,-7.608924443281889,0.0472426968930879,-0.8330980643111605,-0.028005810153739617,0.02333158622854632,0.023911110664541584,0.0005077136974015345,-7.585592857053343
ES,2005,31,31.0,0.00062,-7.385791079925137,0.0005246172008968,-7.552841702474272,0.1670506225491355,-0.8330980643111605,-0.036588221796833145,0.030481576755529104,0.1365690457936064,0.0005408545735384673,-7.522360125718742
ES,2005,32,32.0,0.0007,-7.264430222920869,0.0005383954224683,-7.526917281771847,0.2624870588509775,-0.8330980643111605,-0.016023105685786396,0.013348818331081796,0.24913824051989572,0.0005456305479048164,-7.513568463440765
ES,2005,33,33.0,0.00069,-7.278818960372969,0.0005881815615984,-7.438474879499128,0.159655919126159,-0.8330980643111605,-0.007555540060437097,0.0062945057991755735,0.15336141332698344,0.000591895550448512,-7.4321803736999525
ES,2005,34,34.0,0.00076,-7.182192124683898,0.0006385567901667,-7.356299943351001,0.1741078186671032,-0.8330980643111605,-0.014722433570540979,0.012265230909567337,0.16184258775753588,0.0006464370645500326,-7.344034712441434
ES,2005,35,35.0,0.00089,-7.024289095238089,0.000705779366089,-7.256207881934997,0.2319187866969079,-0.8330980643111605,-0.030068622355405524,0.02505011108079163,0.20686867561611627,0.0007236825194098518,-7.231157770854205
ES,2005,36,36.0,0.0009,-7.013115794639964,0.0007649737889448,-7.17566898754187,0.1625531929019068,-0.8330980643111605,-0.04182670015268112,0.03484574293372196,0.12770744996818484,0.0007920997361403591,-7.140823244608148
ES,2005,37,37.0,0.001,-6.907755278982137,0.0008345728218835,-7.088590554579147,0.1808352755970101,-0.8330980643111605,-0.03800814902299152,0.03166451537910436,0.14917076021790573,0.0008614220057297114,-7.056926039200043
ES,2005,38,38.0,0.00114,-6.776727016575733,0.0009203156392772,-6.990793860590826,0.2140668440150932,-0.8330980643111605,-0.043803473634620824,0.03649258909510756,0.17757425491998566,0.0009545206587560391,-6.954301271495718
ES,2005,39,39.0,0.00119,-6.733801971858699,0.001016498774516,-6.891391130488293,0.1575891586295936,-0.8330980643111605,-0.07385186637052273,0.06152584691904897,0.09606331171054464,0.0010810037367595025,-6.8298652835692435
ES,2005,40,40.0,0.00129,-6.653113060608557,0.0011407029018858,-6.776110625981829,0.1229975653732724,-0.8330980643111605,-0.04690603518063869,0.03907732711350129,0.08392023825977112,0.0011861609268493884,-6.737033298868328
ES,2005,41,41.0,0.00142,-6.557098407368968,0.0012539481315534,-6.681458200024413,0.1243597926554453,-0.8330980643111605,-0.05026365073060458,0.041874550128878925,0.08248524252656639,0.0013075715380665156,-6.639583649895534
ES,2005,42,42.0,0.00153,-6.482487543577793,0.0013796083638615,-6.58595561439344,0.103468070815647,-0.8330980643111605,-0.06685808661838182,0.055699342545321794,0.04776872827032521,0.0014586319955675199,-6.530256271848119
ES,2005,43,43.0,0.0016,-6.437751649736401,0.0015417245719875,-6.474853637183062,0.0371019874466611,-0.8330980643111605,-0.055319343304923656,0.046086437826296456,-0.008984450379635356,0.001614439890715608,-6.428767199356765
ES,2005,44,44.0,0.00187,-6.281816848115642,0.0017088186307451,-6.371953006434143,0.0901361583185007,-0.8330980643111605,-0.05846501607827734,0.048707091724733725,0.04142906659376698,0.0017941105149450653,-6.3232459147094096
ES,2005,45,45.0,0.00198,-6.224658434275693,0.0019012555589445,-6.265240790558329,0.0405823562826359,-0.8330980643111605,-0.06937338850449987,0.057794835677804954,-0.017212479395169053,0.0020143757060668574,-6.207445954880525
ES,2005,46,46.0,0.00218,-6.12843040218114,0.002084308373637,-6.173318194043032,0.0448877918618917,-0.8330980643111605,-0.056673391960445775,0.04721449314019506,-0.00232670127830336,0.002185078114123128,-6.126103700902838
ES,2005,47,47.0,0.00239,-6.036461913038718,0.0023266017670147,-6.063346545098229,0.0268846320595113,-0.8330980643111605,-0.07278151966673327,0.060634143151980145,-0.03374951109246885,0.0024720379144435325,-6.0027124019462486
ES,2005,48,48.0,0.00254,-5.975591197951692,0.0025670070220535,-5.965014641587098,-0.0105765563645938,-0.8330980643111605,-0.048721874347788935,0.040590099208754546,-0.051166655573348346,0.0026733456397668963,-5.924424542378343
ES,2005,49,49.0,0.00281,-5.874570795636482,0.0028014188952566,-5.877629241848593,0.003058446212111,-0.8330980643111605,-0.05394366444828174,0.044940362433714284,-0.04188191622160328,0.002930187457253536,-5.832688879414879
ES,2005,50,50.0,0.00311,-5.773132552790995,0.0030942378140497,-5.778213666808416,0.0050811140174209,-0.8330980643111605,-0.04477692155218655,0.0373035666709393,-0.0322224526535184,0.0032118438452215245,-5.7409101001374765
ES,2005,51,51.0,0.00326,-5.726028083603521,0.003412752348241,-5.680236173002598,-0.045791910600923,-0.8330980643111605,-0.022027610039892332,0.018351159285635386,-0.06414306988655838,0.003475958489376276,-5.6618850137169625
ES,2005,52,52.0,0.00362,-5.621281253144457,0.0036836778337929,-5.603843614523558,-0.0174376386208994,-0.8330980643111605,-0.031745896598611774,0.026447445006125725,-0.043885083627025125,0.003782401439865838,-5.577396169517432
ES,2005,53,53.0,0.00382,-5.567504856363653,0.003972248682708,-5.5284229258194895,-0.0390819305441638,-0.8330980643111605,-0.018478897704762805,0.01539473390844184,-0.05447666445260564,0.004033873526155251,-5.513028191911047
ES,2005,54,54.0,0.00426,-5.458486118700858,0.0043220436055983,-5.444026931730771,-0.0144591869700869,-0.8330980643111605,-0.02276082068967687,0.018961995658703212,-0.03342118262879011,0.004404780123401865,-5.425064936072068
ES,2005,55,55.0,0.00453,-5.397033339487194,0.0045973368598578,-5.38227808664876,-0.0147552528384347,-0.8330980643111605,-0.011802718253971015,0.009832821730993252,-0.02458807456942795,0.004642764629204546,-5.372445264917767
ES,2005,56,56.0,0.00479,-5.341224867559313,0.0049755393393567,-5.303221504326554,-0.0380033632327592,-0.8330980643111605,-0.009497846384814686,0.007912637438313868,-0.04591600067107307,0.005015065148683354,-5.29530886688824
ES,2005,57,57.0,0.00525,-5.249527202378605,0.0054392272590578,-5.2141182761713685,-0.0354089262072365,-0.8330980643111605,0.0016563685822196309,-0.0013799174596329958,-0.034029008747603506,0.005431726750627582,-5.215498193631001
ES,2005,58,58.0,0.00567,-5.172566161242476,0.0057962153330604,-5.150550103202014,-0.022016058040462,-0.8330980643111605,-0.002887731778581961,0.0024057637549864566,-0.024421821795448457,0.005810176444659376,-5.148144339447027
ES,2005,59,59.0,0.0064,-5.051457288616511,0.0063014259485796,-5.066979330151527,0.0155220415350161,-0.8330980643111605,0.0021529251198846968,-0.001793597749982814,0.017315639284998914,0.006290133854940702,-5.06877292790151
ES,2005,60,60.0,0.00687,-4.980591172747879,0.0068706309306547,-4.980499338441519,-9.183430635939516e-05,-0.8330980643111605,0.00016806373790831286,-0.00014001357473231364,4.817926837291848e-05,0.006869669016399618,-4.980639352016252
ES,2005,61,61.0,0.00724,-4.928134072584512,0.0072493124691024,-4.926848646460312,-0.0012854261242001,-0.8330980643111605,0.000976080071276405,-0.0008131704179930725,-0.0004722557062070274,0.007243419938792182,-4.927661816878305
ES,2005,62,62.0,0.0079,-4.840892519509161,0.0078295921806159,-4.849844854548381,0.0089523350392202,-0.8330980643111605,0.0036462507649648638,-0.003037684454285316,0.011990019493505517,0.007805844437501585,-4.852882539002667
ES,2005,63,63.0,0.00846,-4.772406105364005,0.0084119030563635,-4.778107545653699,0.0057014402896946,-0.8330980643111605,0.00570633849258581,-0.004753939552477503,0.010455379842172104,0.008372008281521251,-4.782861485206177
ES,2005,64,64.0,0.00912,-4.697285474895897,0.00911841404935,-4.697459388115507,0.0001739132196103,-0.8330980643111605,0.005077161052295929,-0.004229773044863753,0.004403686264474053,0.009079926681189777,-4.701689161160371
ES,2005,65,65.0,0.01031,-4.574640980953268,0.0099959716578001,-4.605573101367575,0.030932120414306,-0.8330980643111605,0.009843308735534526,-0.00820044145399095,0.03913256186829695,0.009914335461352933,-4.6137735428215665
ES,2005,66,66.0,0.01115,-4.496315781076009,0.0108163466140348,-4.526696713779062,0.0303809327030526,-0.8330980643111605,-0.000432995806356754,0.0003607279681306618,0.03002020473492194,0.010820249076592889,-4.526335985810931
ES,2005,67,67.0,0.01246,-4.38523176562283,0.0118839504709949,-4.432566489095363,0.0473347234725327,-0.8330980643111605,0.0037702985620496174,-0.003141028433918688,0.05047575190645139,0.011846681207208627,-4.4357075175292815
ES,2005,68,68.0,0.01324,-4.324512728473275,0.0129970285532186,-4.343034520476687,0.0185217920034119,-0.8330980643111605,0.005512961638150011,-0.004592837669364459,0.02311462967277636,0.01293747218195322,-4.347627358146052
ES,2005,69,69.0,0.01508,-4.194385916402327,0.014388922568557,-4.241296634509587,0.0469107181072603,-0.8330980643111605,0.0012423699409680445,-0.0010350159929788487,0.047945734100239154,0.014374037508043473,-4.2423316505025666
ES,2005,70,70.0,0.01647,-4.106214734792588,0.0158047697805111,-4.147443499664796,0.0412287648722076,-0.8330980643111605,-0.005748135177942354,0.004788760290142664,0.036440004582064936,0.015880636543318734,-4.142654739374653
ES,2005,71,71.0,0.01824,-4.004138294335951,0.0174920019836282,-4.046011532029442,0.0418732376934904,-0.8330980643111605,-0.0009415248146464615,0.0007843825005828912,0.0410888551929075,0.017505727786320358,-4.045227149528859
ES,2005,72,72.0,0.02039,-3.892710694395773,0.0195742154736269,-3.933542115884049,0.0408314214882756,-0.8330980643111605,-0.0076712366358034755,0.006390892392160735,0.034440529096114864,0.019699712771096164,-3.9271512234918884
ES,2005,73,73.0,0.02248,-3.795129253956647,0.0216642866017934,-3.8320901529364617,0.0369608989798151,-0.8330980643111605,-0.007171573646715354,0.0059746241231434915,0.03098627485667161,0.02179411000797987,-3.826115528813318
ES,2005,74,74.0,0.02581,-3.6569932652516144,0.024502001798646,-3.709000458702031,0.0520071934504162,-0.8330980643111605,-0.007373793170530252,0.006143092816999608,0.04586410063341659,0.024652983141292432,-3.7028573658850314
ES,2005,75,75.0,0.02838,-3.5620706072502406,0.0274634849790196,-3.594897975587065,0.0328273683368243,-0.8330980643111605,-0.009725255571321695,0.008102091591399433,0.024725276745424865,0.0276869004940677,-3.5867958839956655
ES,2005,76,76.0,0.03196,-3.4432701580840632,0.0307149254360949,-3.4830065719747627,0.0397364138906994,-0.8330980643111605,-0.007460884535366459,0.006215648464462869,0.03352076542623653,0.030906433171033858,-3.4767909235103
ES,2005,77,77.0,0.03628,-3.316488653735201,0.0347367465394912,-3.3599571742677488,0.0434685205325475,-0.8330980643111605,-0.0079753877692031,0.006644280112654007,0.036824240419893496,0.0349683156668633,-3.3533128941550947
ES,2005,78,78.0,0.04112,-3.1912606578352274,0.0390008760677734,-3.2441711698285447,0.0529105119933173,-0.8330980643111605,-0.010159483472717449,0.008463846015522133,0.04444666597779516,0.03933237437363807,-3.2357073238130227
ES,2005,79,79.0,0.0473,-3.0512449834842497,0.0441803945740452,-3.119474149974248,0.0682291664899983,-0.8330980643111605,-0.011536978481239996,0.009611434440720552,0.05861773204927775,0.04460707877894948,-3.1098627155335272
ES,2005,80,80.0,0.05285,-2.9402975666658904,0.0504849149076916,-2.9860807020241213,0.0457831353582309,-0.8330980643111605,-0.016322359065892727,0.013598125742786953,0.032185009615443946,0.05117610391568409,-2.9724825762813345
ES,2005,81,81.0,0.05972,-2.8180883063111475,0.0566704578140731,-2.870502230236573,0.0524139239254259,-0.8330980643111605,-0.01826100180196255,0.015213205253597616,0.03720071867182828,0.05753918845441431,-2.855289024982975
ES,2005,82,82.0,0.06748,-2.6959240213043696,0.0640872498737858,-2.747509844766054,0.0515858234616843,-0.8330980643111605,-0.017966093037375695,0.01496751733267191,0.03661830612901239,0.06505369147043334,-2.732542327433382
ES,2005,83,83.0,0.07667,-2.568244781411334,0.0724445954175125,-2.624933210409806,0.0566884289984721,-0.8330980643111605,-0.01845517084037204,0.015374967103645719,0.04131346189482638,0.073567035316145,-2.6095582433061604
ES,2005,84,84.0,0.08541,-2.4602920890240814,0.0812053886670622,-2.5107736711215694,0.0504815820974879,-0.8330980643111605,-0.017377193738358086,0.01447690646658614,0.036004675630901754,0.08238954224240323,-2.4962967646549834
ES,2005,85,85.0,0.09614,-2.341949816516322,0.0920391475083585,-2.3855412760443224,0.0435914595280002,-0.8330980643111605,-0.014196355926147354,0.011826956642345633,0.031764502885654564,0.093134153043027,-2.373714319401977
ES,2006,20,20.0,0.00044,-7.728735831051967,0.0003844013456736,-7.863823380162392,0.1350875491104251,0.0291193770844345,-0.022396395195866847,-0.0006521690770404639,0.13573971818746555,0.0003841507327327105,-7.864475549239432
ES,2006,21,21.0,0.00044,-7.728735831051967,0.0003706869228689,-7.900152725287308,0.1714168942353406,0.0291193770844345,0.009528202766377263,0.0002774553292910915,0.1711394389060495,0.0003707897862005116,-7.899875269958017
ES,2006,22,22.0,0.00045,-7.706262975199909,0.0003810376483087,-7.872612373260822,0.1663493980609134,0.0291193770844345,-0.0030970907591287545,-9.01853536797877e-05,0.1664395834145932,0.0003810032858431588,-7.8727025586145025
ES,2006,23,23.0,0.00039,-7.849363818840582,0.0003875108542638,-7.855766698559574,0.0064028797189914,0.0291193770844345,0.007365083306666807,0.00021446663806510449,0.006188413080926295,0.0003875939713266223,-7.855552231921509
ES,2006,24,24.0,0.00041,-7.799353398265921,0.0003954480935941,-7.835491021862356,0.036137623596435,0.0291193770844345,0.01800911873033555,0.0005244143192669931,0.035613209277168004,0.00039565552662260015,-7.834966607543088
ES,2006,25,25.0,0.00042,-7.77525584668686,0.0004034405531345,-7.815481409151393,0.0402255624645331,0.0291193770844345,-0.011029524909087455,-0.0003211728948898807,0.04054673535942298,0.0004033109997697985,-7.815802582046283
ES,2006,26,26.0,0.00047,-7.66277786326017,0.0003943509562878,-7.838269293150738,0.1754914298905676,0.0291193770844345,-0.031097271331795188,-0.0009055331702075187,0.17639696306077512,0.00039399402004946637,-7.839174826320946
ES,2006,27,27.0,0.00045,-7.706262975199909,0.0004218628034502,-7.770830407095611,0.0645674318957016,0.0291193770844345,-0.0079235688913933,-0.00023072939040297613,0.06479816128610458,0.00042176547853103766,-7.771061136486014
ES,2006,28,28.0,0.00043,-7.751725349276666,0.0004152646452101,-7.786594541675877,0.0348691923992117,0.0291193770844345,-0.021477533117638545,-0.0006254123856959469,0.035494604784907645,0.00041500501475417973,-7.787219954061572
ES,2006,29,29.0,0.00045,-7.706262975199909,0.0004493819857131,-7.707637284211892,0.0013743090119833,0.0291193770844345,-0.004275024603181553,-0.0001244860534652786,0.0014987950654485787,0.00044932604740512285,-7.707761770265358
ES,2006,30,30.0,0.00052,-7.5616817463888015,0.0004701749289605,-7.662405743227699,0.1007239968388971,0.0291193770844345,-0.028005810153739617,-0.0008155117464218284,0.10153950858531893,0.0004697916520877257,-7.66322125497412
ES,2006,31,31.0,0.00055,-7.505592279737757,0.0004966481118942,-7.607628806992853,0.1020365272550956,0.0291193770844345,-0.036588221796833145,-0.00106542622735091,0.10310195348244651,0.0004961192517508628,-7.608694233220204
ES,2006,32,32.0,0.00059,-7.435388021064509,0.0005105193944193,-7.580081930054136,0.1446939089896268,0.0291193770844345,-0.016023105685786396,-0.0004665828565281605,0.14516049184615495,0.0005102812503832352,-7.580548512910664
ES,2006,33,33.0,0.00058,-7.4524824544238095,0.0005581301060968,-7.490918457713652,0.0384360032898429,0.0291193770844345,-0.007555540060437097,-0.00022001262009641885,0.03865601590993932,0.000558007323937126,-7.491138470333748
ES,2006,34,34.0,0.00068,-7.293417759794122,0.0006072954367995,-7.406495169003697,0.1130774092095752,0.0291193770844345,-0.014722433570540979,-0.0004287080947411202,0.11350611730431631,0.0006070351401295648,-7.406923877098438
ES,2006,35,35.0,0.00074,-7.208860371766058,0.0006659057583308,-7.314362401444231,0.1055020296781723,0.0291193770844345,-0.030068622355405524,-0.0008755795527765106,0.1063776092309488,0.0006653229600451595,-7.315237980997007
ES,2006,36,36.0,0.00084,-7.082108666126914,0.0007214768633422,-7.23421024770422,0.1521015815773054,0.0291193770844345,-0.04182670015268112,-0.0012179674539434956,0.15331954903124892,0.0007205986629222608,-7.235428215158163
ES,2006,37,37.0,0.00092,-6.991136887921188,0.000788847805512,-7.144937151147133,0.1538002632259445,0.0291193770844345,-0.03800814902299152,-0.0011067736236818708,0.15490703684962637,0.0007879752125383051,-7.146043924770814
ES,2006,38,38.0,0.00102,-6.887952651685957,0.0008683586202849,-7.0489057716194194,0.1609531199334624,0.0291193770844345,-0.043803473634620824,-0.0012755298663746084,0.162228649799837,0.0008672517090293556,-7.050181301485794
ES,2006,39,39.0,0.00122,-6.708904420236972,0.0009589247855979,-6.949697916190003,0.2407934959530315,0.0291193770844345,-0.07385186637052273,-0.0021505203452325183,0.24294401629826404,0.0009568648141361926,-6.9518484365352355
ES,2006,40,40.0,0.00123,-6.700741109597811,0.0010761434200115,-6.834371536151326,0.1336304265535153,0.0291193770844345,-0.04690603518063869,-0.0013658745259607686,0.13499630107947608,0.0010746745465046673,-6.835737410677287
ES,2006,41,41.0,0.00127,-6.668738378511637,0.0011823827640297,-6.740223584982706,0.0714852064710687,0.0291193770844345,-0.05026365073060458,-0.0014636461992647864,0.07294885267033348,0.001180653439859169,-6.741687231181971
ES,2006,42,42.0,0.00143,-6.550080834710321,0.0013018203859825,-6.643991697106396,0.0939108623960747,0.0291193770844345,-0.06685808661838182,-0.0019468658353844442,0.09585772823145915,0.001299288381885194,-6.64593856294178
ES,2006,43,43.0,0.00166,-6.400937676613685,0.0014572908988211,-6.5311761156776935,0.1302384390640085,0.0291193770844345,-0.055319343304923656,-0.001610864817759359,0.13184930388176785,0.001454945289919612,-6.532786980495453
ES,2006,44,44.0,0.00186,-6.287178791257027,0.0016122964237956,-6.430095766073302,0.1429169748162753,0.0291193770844345,-0.05846501607827734,-0.0017024648494308836,0.14461943966570617,0.001609553881011024,-6.431798230922733
ES,2006,45,45.0,0.00189,-6.271178449910586,0.0017988134863737,-6.320628005667659,0.0494495557570733,0.0291193770844345,-0.06937338850449987,-0.002020109859487505,0.05146966561656081,0.001795183353382809,-6.322648115527147
ES,2006,46,46.0,0.00213,-6.151633299260803,0.0019740571269702,-6.227664398688333,0.0760310994275297,0.0291193770844345,-0.056673391960445775,-0.001650293871150179,0.07768139329867987,0.0019708020392567595,-6.229314692559483
ES,2006,47,47.0,0.00224,-6.101279413115189,0.0022096555159269,-6.114918650748442,0.013639237633253,0.0291193770844345,-0.07278151966673327,-0.0021193525159537915,0.015758590149206792,0.002204977435951196,-6.117038003264396
ES,2006,48,48.0,0.00257,-5.9638493800750085,0.0024433396961389,-6.014389447605449,0.0505400675304406,0.0291193770844345,-0.048721874347788935,-0.0014187506313937022,0.05195881816183431,0.00243987566428206,-6.015808198236843
ES,2006,49,49.0,0.0026,-5.952243833954701,0.0026720055021208,-5.924925964132889,-0.0273178698218119,0.0291193770844345,-0.05394366444828174,-0.0015708059063857193,-0.025747063915426183,0.002667811594865725,-5.926496770039275
ES,2006,50,50.0,0.00302,-5.802498447595359,0.0029574130542177,-5.82344036094869,0.0209419133533312,0.0291193770844345,-0.04477692155218655,-0.0013038760633582622,0.022245789416689463,0.0029535594669729366,-5.824744237012048
ES,2006,51,51.0,0.00329,-5.716867714204857,0.0032689888957397,-5.723274548082871,0.0064068338780138,0.0291193770844345,-0.022027610039892332,-0.0006414302830205001,0.007048264161034301,0.0032668927396080167,-5.723915978365891
ES,2006,52,52.0,0.00358,-5.632392478569528,0.0035412684913421,-5.64327028513403,0.0108778065645021,0.0291193770844345,-0.031745896598611774,-0.0009244207339384428,0.011802227298440543,0.0035379963819601704,-5.644194705867969
ES,2006,53,53.0,0.00388,-5.551920125346955,0.0038273704627675,-5.5655772748281285,0.0136571494811734,0.0291193770844345,-0.018478897704762805,-0.0005380939903696793,0.014195243471543079,0.0038253115317215076,-5.566115368818498
ES,2006,54,54.0,0.00418,-5.477444032445472,0.0041747410761142,-5.478702940299685,0.0012589078542131,0.0291193770844345,-0.02276082068967687,-0.0006627809204138993,0.0019216887746269992,0.004171975054115872,-5.479365721220099
ES,2006,55,55.0,0.00432,-5.444499876726118,0.0044530296492538,-5.414170594399772,-0.0303292823263463,0.0291193770844345,-0.011802718253971015,-0.0003436878034587203,-0.029985594522887578,0.004451499460243715,-5.414514282203231
ES,2006,56,56.0,0.00486,-5.326716841069735,0.0048385393098024,-5.331142399298382,0.0044255582286467,0.0291193770844345,-0.009497846384814686,-0.00027657137036945183,0.004702129599016152,0.004837201293392006,-5.331418970668751
ES,2006,57,57.0,0.00524,-5.251433780649187,0.0052865466413386,-5.242590055105049,-0.0088437255441373,0.0291193770844345,0.0016563685822196309,4.823242133646358e-05,-0.008891957965473762,0.0052868016304330355,-5.242541822683712
ES,2006,58,58.0,0.00555,-5.193957351223794,0.0056427814235773,-5.177378174826943,-0.016579176396851,0.0291193770844345,-0.002887731778581961,-8.408895057923284e-05,-0.016495087446271768,0.005642306947958488,-5.177462263777523
ES,2006,59,59.0,0.0061,-5.099466507802871,0.0061425125823898,-5.092521405155924,-0.0069451026469478,0.0291193770844345,0.0021529251198846968,6.269183840047384e-05,-0.007007794485348274,0.006142897679867132,-5.092458713317524
ES,2006,60,60.0,0.00674,-4.999695354057922,0.0066998446938108,-5.005670932882105,0.0059755788241835,0.0291193770844345,0.00016806373790831286,4.893911358371731e-06,0.005970684912825128,0.006699877482337151,-5.005666038970747
ES,2006,61,61.0,0.00685,-4.983506626708003,0.0070847508482714,-4.949810572545137,-0.0336960541628661,0.0291193770844345,0.000976080071276405,2.8422843660099338e-05,-0.0337244770065262,0.007084952219898958,-4.949782149701477
ES,2006,62,62.0,0.00772,-4.863940914945452,0.0076642623048778,-4.871187013314992,0.0072460983695394,0.0291193770844345,0.0036462507649648638,0.00010617655096941962,0.0071399218185699805,0.00766507611301799,-4.871080836764023
ES,2006,63,63.0,0.0081,-4.815891217303744,0.0082394999397087,-4.798815623830829,-0.0170755934729145,0.0291193770844345,0.00570633849258581,0.00016616502233702973,-0.01724175849525153,0.008240869170156262,-4.798649458808492
ES,2006,64,64.0,0.0091,-4.699480865459333,0.0089229069736862,-4.719133491571093,0.0196526261117604,0.0291193770844345,0.005077161052295929,0.00014784376720020944,0.01950478234456019,0.008924226267389864,-4.718985647803893
ES,2006,65,65.0,0.00991,-4.61421093064024,0.0097715443648025,-4.628280753280064,0.0140698226398239,0.0291193770844345,0.009843308735534526,0.000286631018828538,0.013783191620995361,0.009774345593959793,-4.627994122261236
ES,2006,66,66.0,0.01052,-4.554477071672573,0.0105730532135104,-4.54944666428211,-0.0050304073904632,0.0291193770844345,-0.000432995806356754,-1.26085681612811e-05,-0.005017798822301919,0.010572919903288744,-4.549459272850271
ES,2006,67,67.0,0.0116,-4.456750180869818,0.0116009893903684,-4.456664892233858,-8.528863595991254e-05,0.0291193770844345,0.0037702985620496174,0.00010978874554922397,-0.0001950773815091365,0.011602263118359928,-4.456555103488309
ES,2006,68,68.0,0.01288,-4.352079558305929,0.0126586356395363,-4.369415637462558,0.017336079156629,0.0291193770844345,0.005512961638150011,0.0001605340087933119,0.01717554514783569,0.01266066794418406,-4.369255103453765
ES,2006,69,69.0,0.0141,-4.261580481598014,0.0140027750439163,-4.268499751586758,0.0069192699887441,0.0291193770844345,0.0012423699409680445,3.617703878941512e-05,0.006883092949954685,0.014003281632015667,-4.268463574547969
ES,2006,70,70.0,0.01519,-4.187117962374455,0.0153583931364647,-4.176093170246396,-0.0110247921280599,0.0291193770844345,-0.005748135177942354,-0.0001673821157788064,-0.010857410012281094,0.0153558226312609,-4.176260552362175
ES,2006,71,71.0,0.0172,-4.06284589516273,0.0169719030895809,-4.0761960616759785,0.0133501665132484,0.0291193770844345,-0.0009415248146464615,-2.741661611204261e-05,0.013377583129360443,0.016971437783807886,-4.07622347829209
ES,2006,72,72.0,0.01945,-3.939908208917682,0.0189361020866834,-3.966685015642008,0.0267768067243263,0.0291193770844345,-0.0076712366358034755,-0.00022338163230189014,0.02700018835662819,0.01893187258170433,-3.96690839727431
ES,2006,73,73.0,0.02075,-3.87520903230543,0.0209497262512069,-3.865629699467525,-0.0095793328379043,0.0291193770844345,-0.007171573646715354,-0.00020883175730749743,-0.009370501080596802,0.02094535173984316,-3.8658385312248327
ES,2006,74,74.0,0.02362,-3.745661468212921,0.0236510469056453,-3.74434789840045,-0.0013135698124711,0.0291193770844345,-0.007373793170530252,-0.00021472026387529824,-0.0010988495485958019,0.023645969091787143,-3.7445626186643253
ES,2006,75,75.0,0.0265,-3.6306105459899607,0.0264817206097639,-3.631300572314172,0.0006900263242113,0.0291193770844345,-0.009725255571321695,-0.0002831933842238139,0.000973219708435114,0.026474222223481173,-3.631583765698396
ES,2006,76,76.0,0.02943,-3.525740716736756,0.0295946285459159,-3.5201624021628204,-0.0055783145739352,0.0291193770844345,-0.007460884535366459,-0.0002172563101687618,-0.005361058263766438,0.0295881996245044,-3.520379658472989
ES,2006,77,77.0,0.03386,-3.385520902277148,0.0334448317733482,-3.397858010373639,0.0123371080964913,0.0291193770844345,-0.0079753877692031,-0.00023223832384601192,0.012569346420337312,0.03343706550352352,-3.398090248697485
ES,2006,78,78.0,0.03786,-3.2738601332009605,0.0375609328707056,-3.281790788137253,0.0079306549362927,0.0291193770844345,-0.010159483472717449,-0.0002958378302251395,0.008226492766517839,0.03754982256932875,-3.282086625967478
ES,2006,79,79.0,0.04297,-3.1472530811952333,0.0425740319202671,-3.156510790912287,0.0092577097170538,0.0291193770844345,-0.011536978481239996,-0.00033594962681023386,0.009593659343864034,0.0425597315923611,-3.1568467405390974
ES,2006,80,80.0,0.04871,-3.021870931163685,0.0485873392691627,-3.0243922908789806,0.0025213597152951,0.0291193770844345,-0.016322359065892727,-0.00047529692854726837,0.002996656643842368,0.04856425134328665,-3.024867587807528
ES,2006,81,81.0,0.05463,-2.9071720965745107,0.0546576048776094,-2.906666918000464,-0.000505178574047,0.0291193770844345,-0.01826100180196255,-0.0005317489974108854,2.6570423363885356e-05,0.05462854847705549,-2.907198666997875
ES,2006,82,82.0,0.06139,-2.790508323542732,0.0618800361190379,-2.7825576695825824,-0.0079506539601497,0.0291193770844345,-0.017966093037375695,-0.0005231614378893761,-0.0074274925222603235,0.06184767133710633,-2.783080831020472
ES,2006,83,83.0,0.06942,-2.667580268548497,0.0700735644805477,-2.658209667613141,-0.0093706009353553,0.0291193770844345,-0.01845517084037204,-0.0005374030788584534,-0.008833197856496847,0.07003591684813222,-2.6587470706919993
ES,2006,84,84.0,0.07888,-2.539827568687757,0.0788055692139699,-2.540771609311498,0.0009440406237408,0.0291193770844345,-0.017377193738358086,-0.0005060130571365231,0.001450053680877323,0.07876570265432313,-2.5412776223686344
ES,2006,85,85.0,0.09028,-2.404839327032802,0.0895049027766666,-2.413461875574116,0.008622548541314,0.0291193770844345,-0.014196355926147354,-0.0004133890414383312,0.00903593758275233,0.08946791007741882,-2.4138752646155544
ES,2007,20,20.0,0.00042,-7.77525584668686,0.0003701037655953,-7.901727144088997,0.1264712974021371,-0.960975201357014,-0.022396395195866847,0.0215223803830194,0.10494891701911771,0.0003781556163089655,-7.8802047637059776
ES,2007,21,21.0,0.00034,-7.986564940354067,0.0003585878716274,-7.933336818816883,-0.0532281215371837,-0.960975201357014,0.009528202766377263,-0.009156366571989849,-0.044071754965193846,0.0003553194956854084,-7.942493185388873
ES,2007,22,22.0,0.0004,-7.824046010856292,0.0003682531939972,-7.906739829211204,0.0826938183549117,-0.960975201357014,-0.0030970907591287545,0.002976227415874702,0.07971759093903699,0.000369350831848864,-7.903763601795329
ES,2007,23,23.0,0.00039,-7.849363818840582,0.0003747762545429,-7.889181364615163,0.0398175457745804,-0.960975201357014,0.007365083306666807,-0.007077662413635317,0.04689520818821572,0.00037213307951668634,-7.8962590270287984
ES,2007,24,24.0,0.00041,-7.799353398265921,0.0003830352249149,-7.867383601955321,0.0680302036894007,-0.960975201357014,0.01800911873033555,-0.017306316498146578,0.08533652018754728,0.00037646332777608606,-7.884689918453468
ES,2007,25,25.0,0.00041,-7.799353398265921,0.0003914867064914,-7.845558998431838,0.0462056001659174,-0.960975201357014,-0.011029524909087455,0.01059909992038252,0.035606500245534876,0.0003956581810969483,-7.834959898511456
ES,2007,26,26.0,0.00045,-7.706262975199909,0.0003833361665436,-7.866598234318951,0.1603352591190416,-0.960975201357014,-0.031097271331795188,0.02988370657972558,0.130451552539316,0.0003949645563932352,-7.836714527739225
ES,2007,27,27.0,0.00042,-7.77525584668686,0.0004091522881099,-7.801423128656705,0.0261672819698448,-0.960975201357014,-0.0079235688913933,0.007614353210872849,0.01855292875897195,0.0004122796093029816,-7.793808775445831
ES,2007,28,28.0,0.00044,-7.728735831051967,0.0004038290220256,-7.814518982390736,0.0857831513387692,-0.960975201357014,-0.021477533117638545,0.020639376712374636,0.06514377462639456,0.00041225040847654986,-7.793879605678362
ES,2007,29,29.0,0.00047,-7.66277786326017,0.0004375064362351,-7.734419140880078,0.071641277619908,-0.960975201357014,-0.004275024603181553,0.004108192628848582,0.06753308499105942,0.00043930749396458327,-7.73031094825123
ES,2007,30,30.0,0.0005,-7.600902459542082,0.0004580521135786,-7.688527595216925,0.0876251356748429,-0.960975201357014,-0.028005810153739617,0.026912889051656234,0.060712246623186666,0.00047054700189750107,-7.661614706165269
ES,2007,31,31.0,0.00051,-7.5810998322459024,0.0004835342283861,-7.63438845263727,0.0532886203913678,-0.960975201357014,-0.036588221796833145,0.03516037380850682,0.018128246582860982,0.000500837891635701,-7.599228078828763
ES,2007,32,32.0,0.00049,-7.621105166859602,0.0004974332804606,-7.606049119985877,-0.0150560468737248,-0.960975201357014,-0.016023105685786396,0.015397807212763298,-0.030453854086488097,0.0005051519348885501,-7.5906513127731134
ES,2007,33,33.0,0.00058,-7.4524824544238095,0.0005440151535787,-7.516533455652994,0.0640510012291848,-0.960975201357014,-0.007555540060437097,0.007260686630939524,0.05679031459824528,0.0005479794514780902,-7.509272769022055
ES,2007,34,34.0,0.00064,-7.354042381610556,0.0005925875068853,-7.431012004914456,0.0769696233039001,-0.960975201357014,-0.014722433570540979,0.01414789356491588,0.06282172973898423,0.0006010309595571838,-7.416864111349541
ES,2007,35,35.0,0.00069,-7.278818960372969,0.0006472572149087,-7.342766792374594,0.0639478320016246,-0.960975201357014,-0.030068622355405524,0.028895200422513836,0.03505263157911076,0.0006662326714173927,-7.31387159195208
ES,2007,36,36.0,0.00079,-7.143477612503207,0.0007011396087252,-7.262803534231906,0.1193259217286986,-0.960975201357014,-0.04182670015268112,0.04019442160132219,0.07913150012737641,0.0007298955526424176,-7.222609112630583
ES,2007,37,37.0,0.00084,-7.082108666126914,0.0007674336751887,-7.172458498929198,0.0903498328022838,-0.960975201357014,-0.03800814902299152,0.036524888660576675,0.053824944141707125,0.0007959822986304338,-7.135933610268622
ES,2007,38,38.0,0.00097,-6.938214486466846,0.0008440579949738,-7.077289351304994,0.1390748648381485,-0.960975201357014,-0.043803473634620824,0.0420940518961664,0.09698081294198209,0.0008803462170411705,-7.035195299408828
ES,2007,39,39.0,0.00112,-6.794426593675134,0.0009320009924286,-6.978176678441686,0.1837500847665527,-0.960975201357014,-0.07385186637052273,0.07096981215600437,0.11278027261054832,0.0010005485631021916,-6.907206866285682
ES,2007,40,40.0,0.00121,-6.717134919373487,0.0010459519080192,-6.862827891433401,0.1456929720599138,-0.960975201357014,-0.04690603518063869,0.04507553660257345,0.10061743545734035,0.001094177483241053,-6.817752354830827
ES,2007,41,41.0,0.00133,-6.622576336748475,0.001148927545669,-6.768926340703413,0.1463500039549377,-0.960975201357014,-0.05026365073060458,0.04830212188178135,0.09804788207315634,0.001205785305110255,-6.720624218821631
ES,2007,42,42.0,0.00159,-6.444021262749997,0.0012654363950171,-6.672338239995189,0.2283169772451918,-0.960975201357014,-0.06685808661838182,0.06424896325044414,0.16406801399474763,0.0013494080330374702,-6.608089276744745
ES,2007,43,43.0,0.00158,-6.450330431943262,0.0014177478557854,-6.558685683477913,0.1083552515346513,-0.960975201357014,-0.055319343304923656,0.05316051707138679,0.055194734463264505,0.0014951553471413662,-6.505525166406526
ES,2007,44,44.0,0.00169,-6.383026750047155,0.0015671534206862,-6.458494413134579,0.0754676630874238,-0.960975201357014,-0.05846501607827734,0.05618343059816362,0.019284232489260172,0.0016577218768063437,-6.402310982536416
ES,2007,45,45.0,0.00194,-6.2450673059069,0.0017508029580432,-6.347680763110866,0.1026134572039652,-0.960975201357014,-0.06937338850449987,0.06666610598693012,0.03594735121703507,0.001871500698997623,-6.281014657123936
ES,2007,46,46.0,0.00199,-6.219620640245736,0.0019223465152985,-6.25420869576711,0.0345880555213735,-0.960975201357014,-0.056673391960445775,0.054461724250774356,-0.019873668729400856,0.0020299442050233573,-6.199746971516335
ES,2007,47,47.0,0.00229,-6.079203461415989,0.0021546909084687,-6.1401079956583935,0.0609045342424048,-0.960975201357014,-0.07278151966673327,0.06994123551680848,-0.009036701274403675,0.002310787831164161,-6.070166760141585
ES,2007,48,48.0,0.00242,-6.023987738813542,0.0023851206563641,-6.038505566250938,0.0145178274373964,-0.960975201357014,-0.048721874347788935,0.046820513011857606,-0.032302685574461205,0.0024994487954464774,-5.991685053239081
ES,2007,49,49.0,0.00264,-5.936976361823913,0.0026109866948306,-5.948027085091763,0.01105072326785,-0.960975201357014,-0.05394366444828174,0.051838523805122744,-0.040787800537272746,0.0027499059681544685,-5.89618856128664
ES,2007,50,50.0,0.00297,-5.819193326167529,0.0028927999101974,-5.845530418809874,0.0263370926423451,-0.960975201357014,-0.04477692155218655,0.04302951120475969,-0.016692418562414588,0.0030199925707796774,-5.802500907605114
ES,2007,51,51.0,0.00314,-5.763532479061975,0.0032009880024739,-5.744295766057057,-0.0192367130049175,-0.960975201357014,-0.022027610039892332,0.021167986993499317,-0.04040469999841682,0.003269468717244701,-5.7231277790635575
ES,2007,52,52.0,0.00349,-5.657853542767802,0.0034737261608028,-5.662527439600326,0.0046738968325241,-0.960975201357014,-0.031745896598611774,0.030507019376109893,-0.025833122543585794,0.003581332216692018,-5.632020420224216
ES,2007,53,53.0,0.00389,-5.549346121351782,0.0037585405065892,-5.583724560076301,0.0343784387245191,-0.960975201357014,-0.018478897704762805,0.0177577624426901,0.016620676281829002,0.0038258799050092393,-5.565966797633611
ES,2007,54,54.0,0.0042,-5.472670753692815,0.0041046297680873,-5.495639730623259,0.0229689769304446,-0.960975201357014,-0.02276082068967687,0.021872584245313118,0.001096392685131481,0.004195397674161666,-5.473767146377947
ES,2007,55,55.0,0.00438,-5.430706554593782,0.0043842011816009,-5.429747840425604,-0.0009587141681786,-0.960975201357014,-0.011802718253971015,0.0113421195506699,-0.0123008337188485,0.0044342103846036224,-5.418405720874934
ES,2007,56,56.0,0.00464,-5.373040912743973,0.0047730021432084,-5.344779791930944,-0.0282611208130294,-0.960975201357014,-0.009497846384814686,0.00912719484210528,-0.03738831565513468,0.004816765679098605,-5.335652597088838
ES,2007,57,57.0,0.00511,-5.276555874766524,0.0052135383086403,-5.256496515791853,-0.0200593589746711,-0.960975201357014,0.0016563685822196309,-0.0015917291318199415,-0.01846762984285116,0.0052052463688464405,-5.258088244923673
ES,2007,58,58.0,0.0057,-5.167289104141632,0.00556932286783,-5.190481800147436,0.0231926960058039,-0.960975201357014,-0.002887731778581961,0.0027750386273878483,0.020417657378416054,0.005584799417997044,-5.187706761520048
ES,2007,59,59.0,0.00582,-5.14645501723879,0.0060663576503993,-5.104996911612172,-0.0414581056266181,-0.960975201357014,0.0021529251198846968,-0.00206890765058777,-0.03938919797603033,0.0060538198908507874,-5.10706581926276
ES,2007,60,60.0,0.00682,-4.987895807126766,0.0066179773918397,-5.017965485650569,0.0300696785238026,-0.960975201357014,0.00016806373790831286,-0.00016150508437725336,0.030231183608179855,0.006616908641149353,-5.018126990734946
ES,2007,61,61.0,0.00706,-4.953310227476987,0.0070057372547687,-4.961025857797797,0.0077156303208099,-0.960975201357014,0.000976080071276405,-0.0009379887430354118,0.008653619063845312,0.006999169033027711,-4.961963846540832
ES,2007,62,62.0,0.00745,-4.899541246590669,0.0075847839062718,-4.88161115620226,-0.0179300903884094,-0.960975201357014,0.0036462507649648638,-0.0035039565630602763,-0.014426133825349125,0.007558253660482749,-4.8851151127653205
ES,2007,63,63.0,0.00809,-4.817126547911736,0.0081565820598826,-4.808930062965114,-0.0081964849466222,-0.960975201357014,0.00570633849258581,-0.0054836497819239285,-0.002712835164698271,0.00811197663249509,-4.814413712747038
ES,2007,64,64.0,0.00914,-4.695094893516078,0.0088289448628901,-4.729719766082739,0.0346248725666606,-0.960975201357014,0.005077161052295929,-0.004879025864552069,0.03950389843121267,0.00878597312789543,-4.734598791947291
ES,2007,65,65.0,0.00947,-4.65962637178415,0.0096637660789364,-4.639371843490697,-0.0202545282934529,-0.960975201357014,0.009843308735534526,-0.009459175594149546,-0.010795352699303356,0.009572785796307843,-4.648831019084847
ES,2007,66,66.0,0.01055,-4.5516294190600615,0.0104562184101596,-4.560558414378032,0.0089289953179703,-0.960975201357014,-0.000432995806356754,0.0004160982322004243,0.008512897085769876,0.010460570129464157,-4.560142316145831
ES,2007,67,67.0,0.01189,-4.432057568279447,0.0114652418694463,-4.468435266562797,0.0363776982833501,-0.960975201357014,0.0037702985620496174,-0.0036231634198416914,0.040000861703191795,0.011423776587612133,-4.4720584299826385
ES,2007,68,68.0,0.01303,-4.340500887845384,0.0124965714425803,-4.382300956890352,0.0418000690449682,-0.960975201357014,0.005512961638150011,-0.005297819420294701,0.0470978884652629,0.012430541924373557,-4.3875987763106465
ES,2007,69,69.0,0.01427,-4.249595847493392,0.0138179534153679,-4.281786560221841,0.0321907127284486,-0.960975201357014,0.0012423699409680445,-0.0011938867041816682,0.03338459943263027,0.013801466188405255,-4.282980446926023
ES,2007,70,70.0,0.01557,-4.16240929313623,0.0151449744960911,-4.190086518486451,0.0276772253502208,-0.960975201357014,-0.005748135177942354,0.005523815360050489,0.022153409990170313,0.015228864020655661,-4.1845627031264
ES,2007,71,71.0,0.01685,-4.083404622183767,0.0167235214481458,-4.090939080573989,0.0075344583902223,-0.960975201357014,-0.0009415248146464615,0.0009047819983375086,0.006629676391884791,0.016738659436557914,-4.0900342985756515
ES,2007,72,72.0,0.019,-3.963316299815697,0.0186320327218554,-3.982872990183547,0.0195566903678505,-0.960975201357014,-0.0076712366358034755,0.007371868170748547,0.012184822197101954,0.018769893130886426,-3.9755011220127985
ES,2007,73,73.0,0.02098,-3.864185676013986,0.0206093296918949,-3.882011408048992,0.0178257320350052,-0.960975201357014,-0.007171573646715354,0.006891704429198942,0.010934027605806258,0.020751853653017925,-3.875119703619793
ES,2007,74,74.0,0.02422,-3.720576540857191,0.0232462224460566,-3.7616126355877615,0.0410360947305705,-0.960975201357014,-0.007373793170530252,0.007086032376815284,0.033950062353755216,0.023411530929879045,-3.7545266032109463
ES,2007,75,75.0,0.02675,-3.6212208056401214,0.0260150339436786,-3.649080679467373,0.0278598738272517,-0.960975201357014,-0.009725255571321695,0.009345729430899287,0.018514144396352412,0.026259303070713075,-3.6397349500364737
ES,2007,76,76.0,0.0297,-3.516608233173483,0.0290623891201373,-3.538310410862921,0.0217021776894386,-0.960975201357014,-0.007460884535366459,0.007169725018675214,0.014532452670763385,0.02927150722235095,-3.531140685844246
ES,2007,77,77.0,0.03313,-3.4073160626703327,0.03283140007912,-3.4163699020447305,0.0090538393743977,-0.960975201357014,-0.0079753877692031,0.007664149867410215,0.0013896895069874845,0.03308399156275916,-3.4087057521773203
ES,2007,78,78.0,0.03794,-3.2717493144752687,0.0368770702066258,-3.300165324701379,0.0284160102261101,-0.960975201357014,-0.010159483472717449,0.009763011675877906,0.018652998550232197,0.037238864701824644,-3.290402313025501
ES,2007,79,79.0,0.04258,-3.1563706195168035,0.0418108006509181,-3.174600584050111,0.0182299645333072,-0.960975201357014,-0.011536978481239996,0.011086750219061142,0.007143214314246056,0.04227692568559891,-3.1635138338310496
ES,2007,80,80.0,0.04857,-3.024749222624484,0.0476866017462411,-3.043104806366689,0.0183555837422049,-0.960975201357014,-0.016322359065892727,0.015685382289967745,0.0026702014522371545,0.048440481312913404,-3.0274194240767214
ES,2007,81,81.0,0.05533,-2.8944400220721187,0.0537006150888273,-2.9243308233648087,0.0298908012926899,-0.960975201357014,-0.01826100180196255,0.017548369883621757,0.012342431409068145,0.05465129034973778,-2.906782453481187
ES,2007,82,82.0,0.0625,-2.772588722239781,0.0608297642640127,-2.7996760659814983,0.0270873437417171,-0.960975201357014,-0.017966093037375695,0.017264969874190957,0.009822373867526143,0.06188910675572317,-2.782411096107307
ES,2007,83,83.0,0.07149,-2.6381976992033764,0.0689438498773084,-2.67446287556942,0.0362651763660433,-0.960975201357014,-0.01845517084037204,0.017734961514404613,0.01853021485163869,0.07017747319859192,-2.6567279140550157
ES,2007,84,84.0,0.08041,-2.5206167324220794,0.0776593370401272,-2.5554234914118443,0.0348067589897649,-0.960975201357014,-0.017377193738358086,0.016699052251738504,0.018107706738026398,0.07896706286912311,-2.538724439160106
ES,2007,85,85.0,0.09149,-2.391525602290693,0.0882925873026029,-2.427099123904032,0.035573521613339,-0.960975201357014,-0.014196355926147354,0.013642345994665293,0.021931175618673707,0.08950535904381737,-2.4134567779093667
ES,2008,20,20.0,0.00038,-7.875339305243843,0.0003512604586541,-7.953982562231882,0.0786432569880393,-1.0964598163790915,-0.022396395195866847,0.02455674736401373,0.05408650962402557,0.0003599930562596169,-7.9294258148678685
ES,2008,21,21.0,0.00034,-7.986564940354067,0.0003425525303205,-7.979085538823645,-0.0074794015304222,-1.0964598163790915,0.009528202766377263,-0.010447291455644766,0.0029678899252225657,0.0003389924133681307,-7.989532830279289
ES,2008,22,22.0,0.00034,-7.986564940354067,0.0003513284206012,-7.953789100737199,-0.0327758396168684,-1.0964598163790915,-0.0030970907591287545,0.0033958355650636953,-0.036171675181932095,0.00035252350214872683,-7.950393265172135
ES,2008,23,23.0,0.00035,-7.957577403480815,0.0003579032141152,-7.935247959748586,-0.0223294437322287,-1.0964598163790915,0.007365083306666807,-0.0080755178900446,-0.014253925842184099,0.0003550245991040675,-7.94332347763863
ES,2008,24,24.0,0.00045,-7.706262975199909,0.0003665587323086,-7.911351797611048,0.2050888224111391,-1.0964598163790915,0.01800911873033555,-0.019746275016212976,0.22483509742735208,0.0003593915581480728,-7.931098072627261
ES,2008,25,25.0,0.00039,-7.849363818840582,0.0003755852860112,-7.887024986021436,0.0376611671808539,-1.0964598163790915,-0.011029524909087455,0.012093430856566648,0.02556773632428725,0.0003801549766237278,-7.87493155516487
ES,2008,26,26.0,0.00036,-7.929406526514119,0.0003686534643615,-7.905653476145505,-0.0237530503686134,-1.0964598163790915,-0.031097271331795188,0.03409690841435094,-0.05784995878296434,0.000381440162415733,-7.8715565677311545
ES,2008,27,27.0,0.00042,-7.77525584668686,0.0003922546565144,-7.843599295129231,0.0683434484423717,-1.0964598163790915,-0.0079235688913933,0.008687874891724179,0.05965557355064752,0.0003956773623875762,-7.834911420237506
ES,2008,28,28.0,0.00043,-7.751725349276666,0.0003885780271901,-7.85301656613431,0.1012912168576445,-1.0964598163790915,-0.021477533117638545,0.023549252018441817,0.07774196483920268,0.0003978373461940256,-7.829467314115869
ES,2008,29,29.0,0.00043,-7.751725349276666,0.0004216472392761,-7.771341519395015,0.0196161701183497,-1.0964598163790915,-0.004275024603181553,0.004687392691420544,0.014928777426929156,0.00042362830485278,-7.766654126703594
ES,2008,30,30.0,0.00044,-7.728735831051967,0.0004418500137711,-7.724540068833178,-0.0041957622187887,-1.0964598163790915,-0.028005810153739617,0.030707245458717038,-0.03490300767750574,0.0004556284772643961,-7.693832823374461
ES,2008,31,31.0,0.00045,-7.706262975199909,0.0004660208369844,-7.671280210279391,-0.0349827649205183,-1.0964598163790915,-0.036588221796833145,0.04011751495299314,-0.07510027987351145,0.0004850965108758391,-7.631162695326397
ES,2008,32,32.0,0.00049,-7.621105166859602,0.000479940523445,-7.641848371229271,0.0207432043696691,-1.0964598163790915,-0.016023105685786396,0.017568691518060127,0.0031745128516089717,0.0004884469550874668,-7.6242796797112105
ES,2008,33,33.0,0.00054,-7.523941418405954,0.0005251392129304,-7.551847163036813,0.0279057446308588,-1.0964598163790915,-0.007555540060437097,0.008284346067311729,0.01962139856354707,0.000529507718023527,-7.5435628169695015
ES,2008,34,34.0,0.00061,-7.402051600796917,0.0005728929119961,-7.46481174877467,0.0627601479777526,-1.0964598163790915,-0.014722433570540979,0.016142556809408733,0.046617591168343867,0.0005822159144725643,-7.448669191965261
ES,2008,35,35.0,0.00068,-7.293417759794122,0.0006224009543208,-7.381926051809467,0.0885082920153452,-1.0964598163790915,-0.030068622355405524,0.032969036146580186,0.055539255868765014,0.0006432629237553314,-7.3489570156628865
ES,2008,36,36.0,0.00078,-7.156216638280637,0.0006740385778242,-7.30222321156202,0.1460065732813831,-1.0964598163790915,-0.04182670015268112,0.04586129596915206,0.10014527731223105,0.0007056706606840178,-7.256361915592868
ES,2008,37,37.0,0.00079,-7.143477612503207,0.0007388612820072,-7.210400365045512,0.0669227525423048,-1.0964598163790915,-0.03800814902299152,0.04167440809865843,0.02524834444364637,0.0007703035061505223,-7.1687259569468536
ES,2008,38,38.0,0.00085,-7.070274208479912,0.00081166739024,-7.116419919649964,0.0461457111700518,-1.0964598163790915,-0.043803473634620824,0.04802874865818273,-0.0018830374881309286,0.0008516020897890828,-7.068391170991781
ES,2008,39,39.0,0.00099,-6.917805614835639,0.0008961179897146,-7.017438468709669,0.0996328538740298,-1.0964598163790915,-0.07385186637052273,0.08097560383987655,0.01865725003415325,0.0009717005618848017,-6.936462864869792
ES,2008,40,40.0,0.00113,-6.785537646257888,0.001005712744133,-6.902058790690972,0.1165211444330838,-1.0964598163790915,-0.04690603518063869,0.051430582721234304,0.06509056171184949,0.0010587903434085525,-6.850628207969737
ES,2008,41,41.0,0.00123,-6.700741109597811,0.0011043515642007,-6.808496935986322,0.1077558263885114,-1.0964598163790915,-0.05026365073060458,0.055112073250621486,0.052643753137889916,0.0011669230539901594,-6.7533848627357
ES,2008,42,42.0,0.00134,-6.615085665019317,0.0012169375899755,-6.711417748152409,0.0963320831330927,-1.0964598163790915,-0.06685808661838182,0.07330720537704832,0.02302487775604438,0.0013094991504505572,-6.638110542775361
ES,2008,43,43.0,0.00151,-6.495645628155304,0.0013649857235869,-6.596611309310591,0.1009656811552863,-1.0964598163790915,-0.055319343304923656,0.06065543700232852,0.04031024415295778,0.0014503420231815572,-6.5359558723082625
ES,2008,44,44.0,0.00169,-6.383026750047155,0.0015069828285284,-6.497645753876166,0.1146190038290111,-1.0964598163790915,-0.05846501607827734,0.0641045407937886,0.0505144630352225,0.00160675090079331,-6.4335412130823775
ES,2008,45,45.0,0.00189,-6.271178449910586,0.0016867079394034,-6.3849766146482,0.1137981647376138,-1.0964598163790915,-0.06937338850449987,0.0760651328212393,0.03773303191637449,0.0018200132788894214,-6.308911481826961
ES,2008,46,46.0,0.00203,-6.1997194859284415,0.0018532701224666,-6.290803566552143,0.0910840806237009,-1.0964598163790915,-0.056673391960445775,0.062140096942530657,0.028943983681170238,0.0019720858887651346,-6.228663469609613
ES,2008,47,47.0,0.00228,-6.083579836015788,0.0020811495216257,-6.174834883298463,0.0912550472826758,-1.0964598163790915,-0.07278151966673327,0.0798020116895776,0.01145303559309821,0.002254036045705488,-6.095032871608886
ES,2008,48,48.0,0.00239,-6.036461913038718,0.0023071255783429,-6.07175286765994,0.0352909546212218,-1.0964598163790915,-0.048721874347788935,0.053421577401021825,-0.018130622779800022,0.002433727393047357,-6.018331290258919
ES,2008,49,49.0,0.00276,-5.892524599253078,0.0025291422226343,-5.979875076167604,0.0873504769145254,-1.0964598163790915,-0.05394366444828174,0.05914706041577832,0.028203416498747073,0.002683246020342901,-5.920728015751825
ES,2008,50,50.0,0.00306,-5.789340363017848,0.0028060302302985,-5.875984523910672,0.0866441608928241,-1.0964598163790915,-0.04477692155218655,0.049096095183131454,0.03754806570969265,0.002947233253963162,-5.826888428727541
ES,2008,51,51.0,0.00315,-5.760352826144596,0.0031095528783813,-5.773276332135953,0.012923505991357,-1.0964598163790915,-0.022027610039892332,0.02415238925961058,-0.01122888326825358,0.0031855703160102978,-5.749123942876342
ES,2008,52,52.0,0.00353,-5.646457408036931,0.0033827171302929,-5.689076007727411,0.0426185996904795,-1.0964598163790915,-0.031745896598611774,0.03480809995530349,0.007810499735176009,0.003502536328051866,-5.654267907772107
ES,2008,53,53.0,0.00374,-5.588669667555696,0.0036656741247346,-5.608743024750093,0.0200733571943967,-1.0964598163790915,-0.018478897704762805,0.02026136878425224,-0.00018801158985554123,0.003740703229451633,-5.588481655965841
ES,2008,54,54.0,0.00403,-5.513988903023545,0.00400989843537,-5.518989365822298,0.0050004627987529,-1.0964598163790915,-0.02276082068967687,0.024956325274040528,-0.019955862475287627,0.004111229936790246,-5.494033040548258
ES,2008,55,55.0,0.00434,-5.439880930869824,0.0042910528283631,-5.451223161614566,0.0113422307447423,-1.0964598163790915,-0.011802718253971015,0.01294120628952321,-0.0015989755447809086,0.004346945104911077,-5.438281955325043
ES,2008,56,56.0,0.00458,-5.386056280856043,0.0046841033676224,-5.363580765253095,-0.0224755156029479,-1.0964598163790915,-0.009497846384814686,0.010414006903090729,-0.03288952250603863,0.004733138535555502,-5.353166758350005
ES,2008,57,57.0,0.00499,-5.30031936921871,0.0051145368275092,-5.275668435485202,-0.0246509337335076,-1.0964598163790915,0.0016563685822196309,-0.0018161415915166326,-0.022834792141990967,0.005105256534169672,-5.277484577076719
ES,2008,58,58.0,0.00561,-5.183204559447532,0.0054696157944016,-5.208546903698523,0.0253423442509914,-1.0964598163790915,-0.002887731778581961,0.0031662818556960444,0.022176062395295355,0.00548696158599025,-5.205380621842827
ES,2008,59,59.0,0.00575,-5.158555424172878,0.0059629135353851,-5.122196069133254,-0.0363593550396235,-1.0964598163790915,0.0021529251198846968,-0.0023605958816267083,-0.03399875915799679,0.00594885410709405,-5.1245566650148815
ES,2008,60,60.0,0.00651,-5.034415822761659,0.0065067500332315,-5.034915174263022,0.0004993515013627,-1.0964598163790915,0.00016806373790831286,-0.00018427513520693248,0.0006836266365696325,0.006505551111458552,-5.035099449398229
ES,2008,61,61.0,0.00687,-4.980591172747879,0.0068982492496809,-4.976487631504607,-0.0041035412432712,-1.0964598163790915,0.000976080071276405,-0.0010702325757230176,-0.003033308667548182,0.006890870467829182,-4.97755786408033
ES,2008,62,62.0,0.0075,-4.892852258439873,0.0074765618817871,-4.895982234135579,0.0031299756957068,-1.0964598163790915,0.0036462507649648638,-0.0039979674442254965,0.007127943139932296,0.007446730502964454,-4.899980201579805
ES,2008,63,63.0,0.00791,-4.839627497202574,0.0080436350865937,-4.822874172770837,-0.016753324431737,-1.0964598163790915,0.00570633849258581,-0.006256770855777579,-0.010496553575959421,0.007993465019982673,-4.829130943626615
ES,2008,64,64.0,0.00835,-4.785493740119373,0.0087010256959212,-4.744314364187892,-0.0411793759314802,-1.0964598163790915,0.005077161052295929,-0.005566903075127469,-0.03561247285635273,0.008652722503557508,-4.74988126726302
ES,2008,65,65.0,0.00929,-4.6788167261563895,0.009517125703303,-4.654662397688412,-0.0241543284679774,-1.0964598163790915,0.009843308735534526,-0.010792792488726893,-0.013361535979250506,0.009414961649919841,-4.665455190177139
ES,2008,66,66.0,0.0101,-4.595219855134923,0.0102972598718729,-4.575877450996294,-0.0193424041386292,-1.0964598163790915,-0.000432995806356754,0.00047476250233084315,-0.019817166640960043,0.01030214978541882,-4.575402688493963
ES,2008,67,67.0,0.01104,-4.506230238133188,0.0112806963129045,-4.484662304950014,-0.0215679331831744,-1.0964598163790915,0.0037702985620496174,-0.004133980869039276,-0.017433952314135123,0.011234158389876204,-4.4887962858190535
ES,2008,68,68.0,0.01193,-4.428699042872313,0.0122765407170681,-4.40006509651268,-0.0286339463596325,-1.0964598163790915,0.005512961638150011,-0.006044740905470937,-0.022589205454161564,0.012202556043585465,-4.4061098374181515
ES,2008,69,69.0,0.01384,-4.280192328792613,0.0135671451535404,-4.300104206520905,0.0199118777282922,-1.0964598163790915,0.0012423699409680445,-0.0013622087173487249,0.021274086445640925,0.013548676452111748,-4.301466415238254
ES,2008,70,70.0,0.01528,-4.1812104952437625,0.0148556023193507,-4.209378224315959,0.0281677290721962,-1.0964598163790915,-0.005748135177942354,0.00630259924172887,0.02186512983046733,0.014949526900850487,-4.20307562507423
ES,2008,71,71.0,0.0164,-4.110473944151984,0.0163870431559994,-4.111264307870564,0.0007903637185799,-1.0964598163790915,-0.0009415248146464615,0.0010323441253836173,-0.00024198040680371727,0.01640396895885736,-4.11023196374518
ES,2008,72,72.0,0.01836,-3.997580893789793,0.0182208218256903,-4.005190282476536,0.0076093886867436,-1.0964598163790915,-0.0076712366358034755,0.00841120271309364,-0.000801814026350039,0.018374727208976132,-3.9967790797634426
ES,2008,73,73.0,0.0201,-3.907035463917107,0.0201490973387191,-3.904595788678762,-0.002439675238345,-1.0964598163790915,-0.007171573646715354,0.007863342323826648,-0.010303017562171649,0.020308161155627457,-3.8967324463549353
ES,2008,74,74.0,0.0228,-3.780994743021742,0.0226994544122247,-3.785414389487373,0.0044196464656307,-1.0964598163790915,-0.007373793170530252,0.008085067905777,-0.0036654214401463,0.022883724958725482,-3.777329321581596
ES,2008,75,75.0,0.02565,-3.663211707365359,0.0253850987643908,-3.67359293993087,0.0103812325655114,-1.0964598163790915,-0.009725255571321695,0.010663351937971122,-0.00028211937245972186,0.025657237382758526,-3.662929587992899
ES,2008,76,76.0,0.02882,-3.546685688410761,0.0283442845328654,-3.5633298729121474,0.0166441845013864,-1.0964598163790915,-0.007460884535366459,0.00818056008767351,0.00846362441371289,0.028577107669050403,-3.555149312824474
ES,2008,77,77.0,0.03227,-3.4336172729182666,0.0320041074843344,-3.441891025534256,0.008273752615989,-1.0964598163790915,-0.0079753877692031,0.008744692208972482,-0.00047093959298348184,0.03228520079971384,-3.4331463333252836
ES,2008,78,78.0,0.03631,-3.3156620935558925,0.0359546417698589,-3.32549708576868,0.0098349922127876,-1.0964598163790915,-0.010159483472717449,0.011139465383002188,-0.0013044731702145877,0.03635739632770844,-3.3143576203856777
ES,2008,79,79.0,0.0413,-3.18689277901515,0.0407809675451441,-3.1995397881451364,0.0126470091299863,-1.0964598163790915,-0.011536978481239996,0.012649833307109936,-2.8241771236354324e-06,0.04130011663867991,-3.1868899548380263
ES,2008,80,80.0,0.04725,-3.052302625042385,0.0464721292675514,-3.068902516673476,0.0165998916310905,-1.0964598163790915,-0.016322359065892727,0.017896810824262338,-0.0012969191931718367,0.04731131918629727,-3.0510057058492137
ES,2008,81,81.0,0.05309,-2.935766692386557,0.0524086888271179,-2.9486828840899,0.0129161917033426,-1.0964598163790915,-0.01826100180196255,0.020022454682678117,-0.0071062629793355175,0.05346861517777837,-2.928660429407222
ES,2008,82,82.0,0.06167,-2.785957689978736,0.059410989013729,-2.823276069492842,0.0373183795141063,-1.0964598163790915,-0.017966093037375695,0.01969909907281063,0.017619280441295668,0.06059293539032235,-2.8035769704200315
ES,2008,83,83.0,0.06851,-2.680775558967329,0.067416188741157,-2.696870100866706,0.0160945418993772,-1.0964598163790915,-0.01845517084037204,0.02023535323087909,-0.00414081133150189,0.0687942751429987,-2.676634747635827
ES,2008,84,84.0,0.0787,-2.54211212355878,0.0761063880789005,-2.57562307441939,0.0335109508606104,-1.0964598163790915,-0.017377193738358086,0.019053394655544006,0.014457556205066394,0.07757037580549249,-2.556569679763846
ES,2008,85,85.0,0.08855,-2.4241879147532943,0.0866481253072268,-2.445899898285648,0.0217119835323535,-1.0964598163790915,-0.014196355926147354,0.015565733812035755,0.006146249720317744,0.08800741871536258,-2.4303341644736123
ES,2009,20,20.0,0.00029,-8.145629634983754,0.0003357823367324,-7.999047415262907,-0.1465822197208472,-0.4475597119516372,-0.022396395195866847,0.010023724182617197,-0.15660594390346438,0.00033916505163866616,-7.989023691080289
ES,2009,21,21.0,0.00033,-8.016417903503749,0.0003293007659062,-8.018539042722988,0.0021211392192395,-0.4475597119516372,0.009528202766377263,-0.004264439685536601,0.006385578904776101,0.00032789947264054154,-8.022803482408525
ES,2009,22,22.0,0.00032,-8.047189562170502,0.0003373585674794,-7.994364194801859,-0.0528253673686425,-0.4475597119516372,-0.0030970907591287545,0.0013861330480437427,-0.05421150041668624,0.000337826515583072,-7.992978061753815
ES,2009,23,23.0,0.00035,-7.957577403480815,0.0003439632981107,-7.974975597821461,0.0173981943406467,-0.4475597119516372,0.007365083306666807,-0.003296314563231608,0.02069450890387831,0.00034283135352957913,-7.978271912384693
ES,2009,24,24.0,0.00033,-8.016417903503749,0.0003529197779493,-7.949269784791758,-0.0671481187119908,-0.4475597119516372,0.01800911873033555,-0.008060155991451812,-0.059087962720539,0.00035008662266165834,-7.95732994078321
ES,2009,25,25.0,0.0004,-7.824046010856292,0.0003623916302205,-7.922785079480107,0.0987390686238152,-0.4475597119516372,-0.011029524909087455,0.004936370991274589,0.09380269763254061,0.0003641849523615304,-7.917848708488832
ES,2009,26,26.0,0.00041,-7.799353398265921,0.0003564435938713,-7.939334552587994,0.139981154322073,-0.4475597119516372,-0.031097271331795188,0.01391788579974016,0.12606326852233285,0.00036143921873249947,-7.925416666788253
ES,2009,27,27.0,0.00037,-7.902007552326004,0.0003782437065107,-7.879971843872394,-0.0220357084536102,-0.4475597119516372,-0.0079235688913933,0.0035462702106609386,-0.025581978664271136,0.00037958744211606926,-7.876425573661733
ES,2009,28,28.0,0.00041,-7.799353398265921,0.0003758889813314,-7.886216720589297,0.0868633223233761,-0.4475597119516372,-0.021477533117638545,0.009612478535562055,0.07725084378781404,0.0003795196278964713,-7.876604242053735
ES,2009,29,29.0,0.00041,-7.799353398265921,0.0004084327746774,-7.803183223479781,0.0038298252138604,-0.4475597119516372,-0.004275024603181553,0.001913328779986098,0.0019164964338743021,0.0004092149889378383,-7.801269894699795
ES,2009,30,30.0,0.00039,-7.849363818840582,0.0004283383767937,-7.755597074756708,-0.093766744083874,-0.4475597119516372,-0.028005810153739617,0.012534272325379939,-0.10630101640925395,0.00043374107536974215,-7.743062802431329
ES,2009,31,31.0,0.00045,-7.706262975199909,0.000451427620444,-7.703095507052107,-0.0031674681478017,-0.4475597119516372,-0.036588221796833145,0.016375414008213254,-0.019542882156014955,0.00045888079246312377,-7.686720093043894
ES,2009,32,32.0,0.00044,-7.728735831051967,0.0004653496520384,-7.672721495074399,-0.0560143359775677,-0.4475597119516372,-0.016023105685786396,0.007171296565301199,-0.0631856325428689,0.00046869880693809607,-7.665550198509099
ES,2009,33,33.0,0.0005,-7.600902459542082,0.0005093874890457,-7.58230155589768,-0.0186009036444021,-0.4475597119516372,-0.007555540060437097,0.0033815553330882823,-0.021982458977490384,0.0005111129267132347,-7.578920000564592
ES,2009,34,34.0,0.00058,-7.4524824544238095,0.0005564348273124,-7.493960505854402,0.0414780514305928,-0.4475597119516372,-0.014722433570540979,0.006589168128058434,0.03488888330253437,0.0005601133759202172,-7.487371337726344
ES,2009,35,35.0,0.0006,-7.418580902748128,0.0006017329398475,-7.415696832600292,-0.0028840701478358,-0.4475597119516372,-0.030068622355405524,0.013457503960167854,-0.016341574108003652,0.0006098854967637024,-7.402239328640125
ES,2009,36,36.0,0.00069,-7.278818960372969,0.000651509502684,-7.336218575651434,0.0573996152784648,-0.4475597119516372,-0.04182670015268112,0.01871994587222146,0.038679669406243344,0.0006638205973028348,-7.317498629779212
ES,2009,37,37.0,0.0007,-7.264430222920869,0.0007150763262598,-7.243121270953853,-0.0213089519670157,-0.4475597119516372,-0.03800814902299152,0.017010916228544986,-0.038319868195560686,0.0007273444801759747,-7.226110354725308
ES,2009,38,38.0,0.00086,-7.05857816871672,0.0007847338381434,-7.150165957365415,0.0915877886486944,-0.4475597119516372,-0.043803473634620824,0.01960467004239203,0.07198311860630237,0.0008002700799578912,-7.130561287323022
ES,2009,39,39.0,0.00084,-7.082108666126914,0.0008662840753069,-7.051297671660136,-0.030810994466778,-0.4475597119516372,-0.07385186637052273,0.03305312003988195,-0.06386411450665995,0.0008953959353741937,-7.0182445516202545
ES,2009,40,40.0,0.00105,-6.8589651148127055,0.0009722560586575,-6.935891353363862,0.0769262385511568,-0.4475597119516372,-0.04690603518063869,0.020993251594240012,0.055932986956916786,0.0009928826265418018,-6.914898101769622
ES,2009,41,41.0,0.0012,-6.725433722188183,0.0010673007822887,-6.842622451084075,0.1171887288958926,-0.4475597119516372,-0.05026365073060458,0.022495985042627082,0.09469274385326552,0.0010915828653860428,-6.820126466041448
ES,2009,42,42.0,0.00126,-6.676643558018751,0.0011766077700066,-6.745119751776499,0.068476193757748,-0.4475597119516372,-0.06685808661838182,0.029922985988560573,0.03855320776918742,0.0012123474399532606,-6.715196765787939
ES,2009,43,43.0,0.00136,-6.600270579234176,0.0013210634673518,-6.629318209666566,0.0290476304323901,-0.4475597119516372,-0.055319343304923656,0.02475870935490536,0.004288921077484742,0.0013541795579650577,-6.604559500311661
ES,2009,44,44.0,0.00147,-6.522492878191493,0.0014569505300802,-6.531409705619176,0.0089168274276838,-0.4475597119516372,-0.05846501607827734,0.026166585755241643,-0.017249758327557842,0.0014955771100132484,-6.505243119863935
ES,2009,45,45.0,0.0018,-6.319968614080018,0.0016333202050374,-6.41714040029816,0.0971717862181416,-0.4475597119516372,-0.06937338850449987,0.031048733776182978,0.06612305244195862,0.0016848282207417944,-6.386091666521977
ES,2009,46,46.0,0.00194,-6.2450673059069,0.001795695567445,-6.322362829346814,0.0772955234399139,-0.4475597119516372,-0.056673391960445775,0.02536472698113934,0.05193079645877456,0.001841825458108956,-6.296998102365675
ES,2009,47,47.0,0.00218,-6.12843040218114,0.0020197466317189,-6.204783205278117,0.0763528030969773,-0.4475597119516372,-0.07278151966673327,0.032574075977445556,0.04377872711953174,0.0020866212889158044,-6.172209129300671
ES,2009,48,48.0,0.00225,-6.0968250627658085,0.002241914253303,-6.100425200691089,0.0036001379252805,-0.4475597119516372,-0.048721874347788935,0.021805948048840278,-0.018205810123559776,0.0022913382289563512,-6.078619252642249
ES,2009,49,49.0,0.00261,-5.948405057647535,0.0024606231457204,-6.007340649847287,0.0589355921997523,-0.4475597119516372,-0.05394366444828174,0.02414301092208875,0.03479258127766355,0.002520752933564223,-5.983197638925199
ES,2009,50,50.0,0.00284,-5.863951226809022,0.0027332934192979,-5.902248016182539,0.0382967893735166,-0.4475597119516372,-0.04477692155218655,0.020040346111977667,0.01825644326153893,0.002788622116844611,-5.882207670070561
ES,2009,51,51.0,0.003,-5.809142990314028,0.0030327998277826,-5.798269050547089,-0.010873939766939,-0.4475597119516372,-0.022027610039892332,0.009858670804437203,-0.020732610571376202,0.003062847072481801,-5.788410379742651
ES,2009,52,52.0,0.0032,-5.744604469176456,0.0033061484369772,-5.711971381324074,-0.0326330878523819,-0.4475597119516372,-0.031745896598611774,0.014208184337321144,-0.04684127218970304,0.0033534580997471902,-5.697763196986752
ES,2009,53,53.0,0.00363,-5.618522630705377,0.0035874313155962,-5.630318843558076,0.0117962128526984,-0.4475597119516372,-0.018478897704762805,0.00827041013392741,0.0035258027187709904,0.003617223872418846,-5.6220484334241485
ES,2009,54,54.0,0.00417,-5.479839243171427,0.0039299601499916,-5.539125993103616,0.0592867499321885,-0.4475597119516372,-0.02276082068967687,0.010186826351654644,0.049099923580533854,0.003970198574564439,-5.528939166751961
ES,2009,55,55.0,0.0042,-5.472670753692815,0.0042123129478136,-5.469743388369395,-0.00292736532342,-0.4475597119516372,-0.011802718253971015,0.005282421181993597,-0.008209786505413597,0.004234623032708559,-5.464460967187401
ES,2009,56,56.0,0.00461,-5.37952742197358,0.0046087682634562,-5.3797946456451005,0.0002672236715204,-0.4475597119516372,-0.009497846384814686,0.00425085339214856,-0.00398362972062816,0.004628401160382329,-5.375543792252952
ES,2009,57,57.0,0.00507,-5.284414461379045,0.0050306694188403,-5.292202218469025,0.0077877570899795,-0.4475597119516372,0.0016563685822196309,-0.0007413238455439596,0.008529080935523459,0.005026941445629517,-5.2929435423145685
ES,2009,58,58.0,0.00528,-5.243829181263967,0.0053850635179666,-5.22412617309206,-0.0197030081719074,-0.4475597119516372,-0.002887731778581961,0.0012924324030157315,-0.02099544057492313,0.005392027848043119,-5.222833740689044
ES,2009,59,59.0,0.00581,-5.148174708118317,0.0058751214295308,-5.137028550309189,-0.0111461578091276,-0.4475597119516372,0.0021529251198846968,-0.0009635625465090388,-0.010182595262618561,0.00586946310907583,-5.137992112855699
ES,2009,60,60.0,0.00611,-5.097828505798633,0.0064123304171701,-5.049532514500415,-0.0482959912982181,-0.4475597119516372,0.00016806373790831286,-7.521855812775995e-05,-0.04822077274009034,0.0064118481090614235,-5.049607733058543
ES,2009,61,61.0,0.00657,-5.025241446485618,0.0068068773684851,-4.98982180017954,-0.035419646306078,-0.4475597119516372,0.000976080071276405,-0.0004368541155422013,-0.0349827921905358,0.0068039044055155495,-4.990258654295082
ES,2009,62,62.0,0.00753,-4.888860237170335,0.0073844725204021,-4.908375791358518,0.0195155541881826,-0.4475597119516372,0.0036462507649648638,-0.0016319149420711112,0.02114746913025371,0.007372431516975758,-4.910007706300589
ES,2009,63,63.0,0.00772,-4.863940914945452,0.0079474868922362,-4.8348995144746425,-0.0290414004708097,-0.4475597119516372,0.00570633849258581,-0.0025539272120402444,-0.026487473258769455,0.007927215486061144,-4.837453441686683
ES,2009,64,64.0,0.00836,-4.784296851885527,0.0085921981075796,-4.756900684267797,-0.0273961676177298,-0.4475597119516372,0.005077161052295929,-0.002272332738097637,-0.025123834879632163,0.008572695940625388,-4.759173017005895
ES,2009,65,65.0,0.0095,-4.656463480375642,0.009392451846072,-4.667848907378158,0.0113854270025157,-0.4475597119516372,0.009843308735534526,-0.004405468422326866,0.015790895424842567,0.009351164707424284,-4.672254375800485
ES,2009,66,66.0,0.00998,-4.607172188658764,0.0101621166808022,-4.589088523805839,-0.0180836648529254,-0.4475597119516372,-0.000432995806356754,0.0001937914783692957,-0.018277456331294694,0.010164086203249318,-4.58889473232747
ES,2009,67,67.0,0.01105,-4.505324851018375,0.0111239322321388,-4.498656434669714,-0.0066684163486607,-0.4475597119516372,0.0037702985620496174,-0.0016874337384025987,-0.004980982610258101,0.011105177162005974,-4.500343868408117
ES,2009,68,68.0,0.01191,-4.430376895614928,0.0120899008439903,-4.415384815878697,-0.0149920797362312,-0.4475597119516372,0.005512961638150011,-0.002467379522770845,-0.012524700213460355,0.012060107241393272,-4.417852195401467
ES,2009,69,69.0,0.01323,-4.325268300855273,0.0133545080736432,-4.315901267719123,-0.0093670331361499,-0.4475597119516372,0.0012423699409680445,-0.0005560347329170305,-0.00881099840323287,0.013347084567368198,-4.31645730245204
ES,2009,70,70.0,0.0142,-4.254513314374922,0.0146104929914912,-4.226015310360267,-0.0284980040146551,-0.4475597119516372,-0.005748135177942354,0.002572633724498953,-0.031070637739154052,0.014648128829348022,-4.223442676635767
ES,2009,71,71.0,0.01598,-4.136417338644009,0.0161023074322875,-4.1287926984852525,-0.007624640158756,-0.4475597119516372,-0.0009415248146464615,0.0004213885748384889,-0.00804602873359449,0.01610909419049877,-4.128371309910414
ES,2009,72,72.0,0.01814,-4.009635834295146,0.01787349085652,-4.024436621573545,0.014800787278399,-0.4475597119516372,-0.0076712366358034755,0.00343333645903305,0.01136745081936595,0.0179349620295536,-4.021003285114512
ES,2009,73,73.0,0.01976,-3.924095586662416,0.019760456916302,-3.9240724636351145,-2.3123027300897547e-05,-0.4475597119516372,-0.007171573646715354,0.0032097074355638758,-0.0032328304628647733,0.019823984099092713,-3.9208627561995506
ES,2009,74,74.0,0.02217,-3.809015255353917,0.0222382628472592,-3.805940922036277,-0.0030743333176399,-0.4475597119516372,-0.007373793170530252,0.003300212747393469,-0.006374546065033369,0.022311775082073933,-3.802640709288884
ES,2009,75,75.0,0.02492,-3.6920845850628847,0.0248541084442877,-3.694732210354947,0.0026476252920621,-0.4475597119516372,-0.009725255571321695,0.004352632582156793,-0.0017050072900946928,0.02496252502410535,-3.69037957777279
ES,2009,76,76.0,0.02758,-3.5906644066169813,0.0277392596914977,-3.5849065518525136,-0.0057578547644676,-0.4475597119516372,-0.007460884535366459,0.003339191333553037,-0.009097046098020638,0.027832041208466426,-3.5815673605189606
ES,2009,77,77.0,0.03124,-3.466055954010652,0.0313074141653878,-3.463900335192773,-0.0021556188178788,-0.4475597119516372,-0.0079753877692031,0.0035694622526871492,-0.005725081070565949,0.03141936448082926,-3.460330872940086
ES,2009,78,78.0,0.03502,-3.351835952124431,0.0351776940126051,-3.347343090069965,-0.0044928620544659,-0.4475597119516372,-0.010159483472717449,0.00454697549662684,-0.00903983755109274,0.035338010326271874,-3.3427961145733383
ES,2009,79,79.0,0.0402,-3.2138882833571616,0.0399132371099861,-3.2210472529630416,0.00715896960588,-0.4475597119516372,-0.011536978481239996,0.005163486765856009,0.001995482840023991,0.040119861573850425,-3.2158837661971855
ES,2009,80,80.0,0.04607,-3.0775933000343114,0.045449641160834,-3.091150353640992,0.0135570536066804,-0.4475597119516372,-0.016322359065892727,0.007305230321902142,0.0062518232847782575,0.04578287695772103,-3.0838451233190898
ES,2009,81,81.0,0.0521,-2.954590330222816,0.0513195247944973,-2.969683998932729,0.015093668709913,-0.4475597119516372,-0.01826100180196255,0.008172888706434686,0.006920780003478313,0.051740672210341114,-2.961511110226294
ES,2009,82,82.0,0.05898,-2.830556875595007,0.0582140459884601,-2.843628613354653,0.0130717377596463,-0.4475597119516372,-0.017966093037375695,0.00804089942470418,0.00503083833494212,0.0586840262772217,-2.835587713929949
ES,2009,83,83.0,0.06667,-2.7080002023521685,0.0661259516113881,-2.7161939978087264,0.0081937954565578,-0.4475597119516372,-0.01845517084037204,0.008259790945335164,-6.599548877736332e-05,0.06667440006442739,-2.707934206863391
ES,2009,84,84.0,0.07462,-2.595346711189125,0.0747920928667374,-2.593043109927171,-0.0023036012619539,-0.4475597119516372,-0.017377193738358086,0.007777331824067338,-0.010080933086021239,0.07537604363678815,-2.585265778103104
ES,2009,85,85.0,0.08491,-2.466163406970865,0.0852545657462252,-2.462113607112171,-0.0040497998586936,-0.4475597119516372,-0.014196355926147354,0.006353716969069428,-0.010403516827763028,0.08579797362914032,-2.455759890143102
ES,2010,20,20.0,0.00032,-8.047189562170502,0.0003080499841259,-8.085248502034476,0.0380589398639745,-0.6366491672314835,-0.022396395195866847,0.014258646350435824,0.023800293513538677,0.0003124738239412895,-8.07098985568404
ES,2010,21,21.0,0.00026,-8.254828926948747,0.0003053638285172,-8.094006611888883,-0.160822315059864,-0.6366491672314835,0.009528202766377263,-0.0060661223564268014,-0.15475619270343718,0.00030351706119161937,-8.100072734245309
ES,2010,22,22.0,0.00032,-8.047189562170502,0.0003121654671156,-8.071977167417668,0.024787605247166,-0.6366491672314835,-0.0030970907591287545,0.0019717602526396444,0.022815844994526355,0.00031278158979946424,-8.070005407165029
ES,2010,23,23.0,0.0003,-8.111728083308073,0.000318793328833,-8.05096753713594,-0.0607605461721334,-0.6366491672314835,0.007365083306666807,-0.004688974153779923,-0.05607157201835348,0.00031730201425389244,-8.055656511289719
ES,2010,24,24.0,0.0003,-8.111728083308073,0.0003282286193118,-8.021800182281737,-0.0899279010263356,-0.6366491672314835,0.01800911873033555,-0.011465490442241039,-0.07846241058409456,0.000324486809049815,-8.033265672723978
ES,2010,25,25.0,0.00034,-7.986564940354067,0.0003384318523758,-7.991187808255638,0.0046228679015705,-0.6366491672314835,-0.011029524909087455,0.007021937848329432,-0.002399069946758932,0.0003408166630060408,-7.984165870407308
ES,2010,26,26.0,0.00028,-8.180720954795024,0.0003342034930692,-8.00376048982516,-0.1769604649698646,-0.6366491672314835,-0.031097271331795188,0.01979805189655889,-0.19675851686642348,0.00034088600323736924,-7.983962437928601
ES,2010,27,27.0,0.00032,-8.047189562170502,0.0003528222774257,-7.949546091194446,-0.0976434709760551,-0.6366491672314835,-0.0079235688913933,0.005044533536206833,-0.10268800451226193,0.0003546065979851208,-7.944501557658239
ES,2010,28,28.0,0.00033,-8.016417903503749,0.0003527599575807,-7.949722739193942,-0.0666951643098068,-0.6366491672314835,-0.021477533117638545,0.013673653573531187,-0.080368817883338,0.000357616603411752,-7.936049085620411
ES,2010,29,29.0,0.00037,-7.902007552326004,0.0003842985755576,-7.864090766989929,-0.0379167853360744,-0.6366491672314835,-0.004275024603181553,0.0027216908535096385,-0.040638476189584036,0.0003853459421332099,-7.86136907613642
ES,2010,30,30.0,0.00039,-7.849363818840582,0.0004036333548412,-7.815003629586395,-0.0343601892541869,-0.6366491672314835,-0.028005810153739617,0.01782987571202135,-0.05219006496620825,0.0004108946288327056,-7.797173753874374
ES,2010,31,31.0,0.00038,-7.875339305243843,0.0004247743216109,-7.76395253804875,-0.1113867671950927,-0.6366491672314835,-0.036588221796833145,0.023293860937434633,-0.13468062813252735,0.0004347850977488315,-7.740658677111315
ES,2010,32,32.0,0.00044,-7.728735831051967,0.0004386642183473,-7.731776316037672,0.0030404849857044,-0.6366491672314835,-0.016023105685786396,0.010201096891317957,-0.007160611905613557,0.00044316197657132784,-7.721575219146354
ES,2010,33,33.0,0.00046,-7.684284068481133,0.0004805614651399,-7.640555418609001,-0.0437286498721327,-0.6366491672314835,-0.007555540060437097,0.0048102282874613895,-0.04853887815959409,0.0004828786441054063,-7.635745190321539
ES,2010,34,34.0,0.0005,-7.600902459542082,0.0005262590802781,-7.549716918431263,-0.0511855411108195,-0.6366491672314835,-0.014722433570540979,0.00937302507230575,-0.06055856618312525,0.000531214909103793,-7.540343893358957
ES,2010,35,35.0,0.00055,-7.505592279737757,0.0005640913461188,-7.480294358376966,-0.0252979213607913,-0.6366491672314835,-0.030068622355405524,0.019143163382366893,-0.04444108474315819,0.000574993860281866,-7.461151194994599
ES,2010,36,36.0,0.00062,-7.385791079925137,0.000610491804025,-7.401245689524084,0.0154546095989474,-0.6366491672314835,-0.04182670015268112,0.026628933820245396,-0.011174324221297997,0.0006269669339123852,-7.374616755703839
ES,2010,37,37.0,0.00067,-7.308232845579262,0.0006716920563678,-7.305710571922118,-0.0025222736571439,-0.6366491672314835,-0.03800814902299152,0.024197856423497675,-0.026720130080641575,0.0006881438101461919,-7.281512715498621
ES,2010,38,38.0,0.00074,-7.208860371766058,0.0007356793837731,-7.21471615401875,0.0058557822526914,-0.6366491672314835,-0.043803473634620824,0.02788744501132759,-0.02203166275863619,0.0007564843525103951,-7.186828709007422
ES,2010,39,39.0,0.00083,-7.09408485717363,0.000811956059343,-7.11606433337631,0.0219794762026799,-0.6366491672314835,-0.07385186637052273,0.047017729223284094,-0.025038253020604195,0.0008510441044202816,-7.069046604153026
ES,2010,40,40.0,0.00096,-6.9485772735023925,0.000911328569263,-7.000607056944714,0.0520297834423217,-0.6366491672314835,-0.04690603518063869,0.02986268823588429,0.022167095206437414,0.000938953717874934,-6.97074436870883
ES,2010,41,41.0,0.00105,-6.8589651148127055,0.0009998567684435,-6.907898520797224,0.0489334059845187,-0.6366491672314835,-0.05026365073060458,0.03200031137965355,0.016933094604865154,0.0010323699376746963,-6.875898209417571
ES,2010,42,42.0,0.00121,-6.717134919373487,0.0011031498193064,-6.809585719007679,0.0924507996341912,-0.6366491672314835,-0.06685808661838182,0.04256514516828317,0.04988565446590803,0.0011511192214629466,-6.767020573839396
ES,2010,43,43.0,0.00133,-6.622576336748475,0.0012409467030082,-6.691880720492322,0.0693043837438471,-0.6366491672314835,-0.055319343304923656,0.035219013846872184,0.03408536989697492,0.0012854303594262762,-6.65666170664545
ES,2010,44,44.0,0.00152,-6.489044944123952,0.0013658283717863,-6.595994168636211,0.1069492245122587,-0.6366491672314835,-0.05846501607827734,0.037221703798410555,0.06972752071384815,0.0014176248270369723,-6.5587724648378005
ES,2010,45,45.0,0.00163,-6.419175264163466,0.0015358611755695,-6.478664028829816,0.0594887646663497,-0.6366491672314835,-0.06937338850449987,0.04416651001941601,0.015322254646933688,0.0016052150901726665,-6.4344975188104
ES,2010,46,46.0,0.00189,-6.271178449910586,0.0016905013915381,-6.382730112664867,0.1115516627542811,-0.6366491672314835,-0.056673391960445775,0.03608106779580125,0.07547059495847985,0.0017526102255280124,-6.346649044869066
ES,2010,47,47.0,0.00207,-6.18020667170486,0.0019072954331796,-6.262069043974935,0.0818623722700753,-0.6366491672314835,-0.07278151966673327,0.04633629388566757,0.03552607838440773,0.001997751961033186,-6.215732750089267
ES,2010,48,48.0,0.00219,-6.123853735153728,0.0021222672623451,-6.155270298396388,0.0314165632426606,-0.6366491672314835,-0.048721874347788935,0.0310187407294768,0.0003978225131838001,0.0021891289419708614,-6.124251557666912
ES,2010,49,49.0,0.00248,-5.999496718805246,0.0023346870313547,-6.0598774305256455,0.0603807117203993,-0.6366491672314835,-0.05394366444828174,0.03434318904841315,0.026037522671986148,0.0024162603559839185,-6.025534241477232
ES,2010,50,50.0,0.00271,-5.910806644090528,0.0025993719315825,-5.952485427912098,0.0416787838215704,-0.6366491672314835,-0.04477692155218655,0.02850718981738903,0.013171594004181369,0.002674539031665708,-5.923978238094709
ES,2010,51,51.0,0.00302,-5.802498447595359,0.0028912229599818,-5.846075696824901,0.0435772492295418,-0.6366491672314835,-0.022027610039892332,0.014023859587997317,0.029553389641544484,0.002932054704947802,-5.832051837236904
ES,2010,52,52.0,0.00338,-5.68987956948721,0.0031644811254569,-5.755766178229653,0.065886608742443,-0.6366491672314835,-0.031745896598611774,0.02021099863252297,0.04567561010992002,0.0032290891461995894,-5.73555517959713
ES,2010,53,53.0,0.00352,-5.649294289372131,0.0034423890211996,-5.671589565731612,0.0222952763594808,-0.6366491672314835,-0.018478897704762805,0.01176457483509301,0.010530701524387788,0.003483126423706577,-5.659824990896519
ES,2010,54,54.0,0.00388,-5.551920125346955,0.0037814649306282,-5.577643796642633,0.0257236712956778,-0.6366491672314835,-0.02276082068967687,0.014490657537587898,0.011233013758089903,0.0038366597829692884,-5.563153139105045
ES,2010,55,55.0,0.00414,-5.487059491144914,0.0040657001840127,-5.505169303825571,0.0181098126806569,-0.6366491672314835,-0.011802718253971015,0.007514190747458475,0.010595621933198424,0.0040963656996955405,-5.497655113078113
ES,2010,56,56.0,0.00458,-5.386056280856043,0.0044680244356128,-5.410808928763098,0.0247526479070545,-0.6366491672314835,-0.009497846384814686,0.006046795991384826,0.018705851915669675,0.004495123516596354,-5.404762132771713
ES,2010,57,57.0,0.00504,-5.29034919689886,0.0048740580260999,-5.323828418618165,0.0334792217193049,-0.6366491672314835,0.0016563685822196309,-0.001054525678498521,0.03453374739780342,0.004868920915836289,-5.324882944296664
ES,2010,58,58.0,0.00526,-5.247624252232519,0.0052269541152265,-5.253926557704552,0.0063023054720332,-0.6366491672314835,-0.002887731778581961,0.0018384720320220962,0.004463833440011104,0.0052365725630945485,-5.25208808567253
ES,2010,59,59.0,0.0058,-5.149897361429764,0.0057107754367391,-5.16540046125283,0.015503099823066,-0.6366491672314835,0.0021529251198846968,-0.001370657984686334,0.016873757807752333,0.0057029532787643425,-5.166771119237516
ES,2010,60,60.0,0.0061,-5.099466507802871,0.0062355225207464,-5.077492898911424,-0.0219736088914475,-0.6366491672314835,0.00016806373790831286,-0.00010699763878113768,-0.021866611252666365,0.006234855370252551,-5.077599896550205
ES,2010,61,61.0,0.00629,-5.068794208269788,0.0066354572114945,-5.015327704529948,-0.0534665037398394,-0.6366491672314835,0.000976080071276405,-0.0006214205645293702,-0.052845083175310024,0.006631335082848706,-5.015949125094478
ES,2010,62,62.0,0.00707,-4.951894799073656,0.0072114699456946,-4.9320824725019685,-0.0198123265716869,-0.6366491672314835,0.0036462507649648638,-0.00232138251303204,-0.01749094405865486,0.0071947487810879104,-4.934403855015001
ES,2010,63,63.0,0.00768,-4.869135731822556,0.0077667625278819,-4.857901864509022,-0.0112338673135345,-0.6366491672314835,0.00570633849258581,-0.0036329356492457144,-0.0076009316642887854,0.007738597571130139,-4.8615348001582674
ES,2010,64,64.0,0.00817,-4.8072863701102255,0.008387807743434,-4.78097608663504,-0.0263102834751851,-0.6366491672314835,0.005077161052295929,-0.0032323703558443254,-0.023077913119340775,0.008360739013981258,-4.784208456990885
ES,2010,65,65.0,0.00879,-4.734140567285052,0.009158504606145,-4.693072366227506,-0.0410682010575458,-0.6366491672314835,0.009843308735534526,-0.006266734309280443,-0.034801466748265356,0.009101290152242179,-4.699339100536786
ES,2010,66,66.0,0.00975,-4.630487993972381,0.0099085330627542,-4.614358967555363,-0.0161290264170181,-0.6366491672314835,-0.000432995806356754,0.0002756664195317521,-0.01640469283654985,0.009911264889105558,-4.614083301135832
ES,2010,67,67.0,0.01056,-4.550682000704022,0.0108301136104618,-4.5254247276769055,-0.0252572730271163,-0.6366491672314835,0.0037702985620496174,-0.0024003574397429483,-0.02285691558737335,0.010804148641753527,-4.527825085116649
ES,2010,68,68.0,0.01166,-4.451591098059791,0.0117407600410884,-4.4446887272323385,-0.0069023708274524,-0.6366491672314835,0.005512961638150011,-0.0035098224359073195,-0.0033925483915450802,0.011699624289901643,-4.448198549668246
ES,2010,69,69.0,0.01244,-4.386838191671104,0.0129570109724267,-4.346118249501929,-0.0407199421691748,-0.6366491672314835,0.0012423699409680445,-0.0007909537883107328,-0.03992898838086407,0.012946766627448736,-4.34690920329024
ES,2010,70,70.0,0.014,-4.268697949366879,0.0141528521337996,-4.257839110978105,-0.0108588383887742,-0.6366491672314835,-0.005748135177942354,0.0036595454741709947,-0.014518383862945194,0.014204740024913011,-4.254179565503934
ES,2010,71,71.0,0.01545,-4.170146275638382,0.0155713684476867,-4.1623214069734935,-0.0078248686648887,-0.6366491672314835,-0.0009415248146464615,0.0005994209891724466,-0.008424289654061147,0.015580705050762788,-4.161721985984321
ES,2010,72,72.0,0.01757,-4.041562376783132,0.0172274461352753,-4.061251461408797,0.0196890846256652,-0.6366491672314835,-0.0076712366358034755,0.004883886415819929,0.01480519820984527,0.017311788817828022,-4.056367574992977
ES,2010,73,73.0,0.01924,-3.9507638337445767,0.0190378172733196,-3.961327895196789,0.0105640614522126,-0.6366491672314835,-0.007171573646715354,0.0045657763899205825,0.005998285062292018,0.01912493842644767,-3.9567621188068682
ES,2010,74,74.0,0.02071,-3.877138603574645,0.0213820275198714,-3.8452045453337833,-0.0319340582408611,-0.6366491672314835,-0.007373793170530252,0.004694519281355285,-0.03662857752221639,0.021482641843496665,-3.840510026052428
ES,2010,75,75.0,0.02391,-3.733458497511904,0.0238691632729755,-3.735167892744924,0.0017093952330204,-0.6366491672314835,-0.009725255571321695,0.006191575860595302,-0.004482180627574902,0.02401740947331479,-3.7289763168843284
ES,2010,76,76.0,0.02631,-3.637806183929936,0.0266176987128487,-3.626178919307044,-0.0116272646228918,-0.6366491672314835,-0.007460884535366459,0.004749965926251309,-0.01637723054914311,0.026744432627375157,-3.621428953380793
ES,2010,77,77.0,0.02975,-3.5149261469904984,0.030016734126155,-3.506000248629749,-0.0089258983607489,-0.6366491672314835,-0.0079753877692031,0.005077523981611312,-0.014003422342360211,0.030169532403712215,-3.5009227246481376
ES,2010,78,78.0,0.03383,-3.38640729618952,0.033737994979052,-3.3891306292657712,0.002723333076251,-0.6366491672314835,-0.010159483472717449,0.0064680266924075835,-0.0037446936161565835,0.03395692047586818,-3.3826626025733635
ES,2010,79,79.0,0.03826,-3.26335031497003,0.0383045256705985,-3.262187226053121,-0.0011630889169089,-0.6366491672314835,-0.011536978481239996,0.007345007742448988,-0.008508096659357887,0.03858690849069517,-3.254842218310672
ES,2010,80,80.0,0.04393,-3.125157820994449,0.0435560559651724,-3.1337065275975857,0.0085487066031366,-0.6366491672314835,-0.016322359065892727,0.010391616306553858,-0.0018429097034172587,0.04401103366920409,-3.1233149112910317
ES,2010,81,81.0,0.05012,-2.993335148954269,0.0492988061549247,-3.00985541415115,0.0165202651968807,-0.6366491672314835,-0.01826100180196255,0.011625851590032077,0.004894413606848622,0.049875291331249065,-2.998229562561118
ES,2010,82,82.0,0.05598,-2.8827607948948297,0.0559912737046418,-2.882559427092054,-0.0002013678027759,-0.6366491672314835,-0.017966093037375695,0.01143809817064859,-0.01163946597342449,0.056635384066347445,-2.8711213289214053
ES,2010,83,83.0,0.06442,-2.742331135079084,0.0637263469470804,-2.7531571920727163,0.0108260569936322,-0.6366491672314835,-0.01845517084037204,0.011749469146637615,-0.0009234121530054158,0.06447951368449749,-2.7414077229260787
ES,2010,84,84.0,0.07206,-2.63025617366219,0.0723409764650756,-2.6263645542761918,-0.0038916193859988,-0.6366491672314835,-0.017377193738358086,0.011063175922345824,-0.014954795308344624,0.073145740830812,-2.615301378353846
ES,2010,85,85.0,0.08265,-2.493140454715104,0.082651065585163,-2.49312756205577,-1.2892659333907376e-05,-0.6366491672314835,-0.014196355926147354,0.009038098178103448,-0.009050990837437356,0.08340145999147586,-2.4840894638776665
ES,2011,20,20.0,0.0003,-8.111728083308073,0.0002976676767264,-8.11953287250378,0.007804789195708,-0.7972835896304257,-0.022396395195866847,0.01785627835654234,-0.010051489160834341,0.00030303065251757494,-8.10167659414724
ES,2011,21,21.0,0.00032,-8.047189562170502,0.000296334406783,-8.124021988685211,0.0768324265147093,-0.7972835896304257,0.009528202766377263,-0.007596679704303817,0.08442910621901312,0.0002940917782596798,-8.131618668389514
ES,2011,22,22.0,0.00028,-8.180720954795024,0.0003026765465198,-8.102845825877111,-0.0778751289179133,-0.7972835896304257,-0.0030970907591287545,0.0024692596378493932,-0.0803443885557627,0.0003034248570057188,-8.100376566239262
ES,2011,23,23.0,0.00026,-8.254828926948747,0.0003093022916,-8.081191469312603,-0.1736374576361434,-0.7972835896304257,0.007365083306666807,-0.005872060056666437,-0.16776539757947698,0.0003074913720856869,-8.08706352936927
ES,2011,24,24.0,0.00029,-8.145629634983754,0.0003188954120021,-8.050647371000158,-0.0949822639835957,-0.7972835896304257,0.01800911873033555,-0.014358374827402461,-0.08062388915619324,0.00031434930758442024,-8.06500574582756
ES,2011,25,25.0,0.00032,-8.047189562170502,0.0003293487567104,-8.018393317864422,-0.0287962443060791,-0.7972835896304257,-0.011029524909087455,0.008793659211435441,-0.03758990351751454,0.0003322577088602118,-8.009599658652988
ES,2011,26,26.0,0.00029,-8.145629634983754,0.0003257487015417,-8.02938432802484,-0.1162453069589144,-0.7972835896304257,-0.031097271331795188,0.024793344115124995,-0.1410386510740394,0.0003339260542667992,-8.004590983909715
ES,2011,27,27.0,0.00033,-8.016417903503749,0.0003431930148342,-7.977217543604708,-0.0392003598990404,-0.7972835896304257,-0.0079235688913933,0.006317331448414023,-0.045517691347454425,0.00034536794149280837,-7.970900212156295
ES,2011,28,28.0,0.00033,-8.016417903503749,0.0003439615423639,-7.974980702294128,-0.0414372012096206,-0.7972835896304257,-0.021477533117638545,0.017123684700437205,-0.0585608859100578,0.0003499021487414274,-7.957857017593691
ES,2011,29,29.0,0.00035,-7.957577403480815,0.00037510099424,-7.888315250279923,-0.0692621532008912,-0.7972835896304257,-0.004275024603181553,0.0034084069613829746,-0.07267056016227418,0.000376381672376367,-7.88490684331854
ES,2011,30,30.0,0.00041,-7.799353398265921,0.0003942082908404,-7.838631131400651,0.03927773313473,-0.7972835896304257,-0.028005810153739617,0.022328572849881746,0.016949160284848254,0.00040310940414665,-7.816302558550769
ES,2011,31,31.0,0.00041,-7.799353398265921,0.000414616346648,-7.788156931223977,-0.0111964670419437,-0.7972835896304257,-0.036588221796833145,0.02917118881237331,-0.04036765585431701,0.000426889336934792,-7.758985742411603
ES,2011,32,32.0,0.0004,-7.824046010856292,0.0004284811016826,-7.755263924323501,-0.0687820865327912,-0.7972835896304257,-0.016023105685786396,0.01277495921819146,-0.08155704575098266,0.00043399004361542137,-7.742488965105309
ES,2011,33,33.0,0.00045,-7.706262975199909,0.0004695553075138,-7.663724465372361,-0.0425385098275477,-0.7972835896304257,-0.007555540060437097,0.006023908100981772,-0.04856241792852947,0.00047239240215414096,-7.657700557271379
ES,2011,34,34.0,0.00047,-7.66277786326017,0.0005147173383312,-7.57189266558733,-0.0908851976728399,-0.7972835896304257,-0.014722433570540979,0.011737954685216396,-0.10262315235805629,0.0005207946650395158,-7.560154710902114
ES,2011,35,35.0,0.00052,-7.5616817463888015,0.0005497832536321,-7.505986441714579,-0.0556953046742227,-0.7972835896304257,-0.030068622355405524,0.02397321916675938,-0.07966852384098208,0.0005631225825398896,-7.4820132225478195
ES,2011,36,36.0,0.00057,-7.469874197135678,0.0005949051178085,-7.427108631002625,-0.0427655661330534,-0.7972835896304257,-0.04182670015268112,0.03334774164012508,-0.07611330777317848,0.0006150783564803159,-7.3937608893624995
ES,2011,37,37.0,0.00066,-7.323270722943802,0.0006551777841071,-7.3306039330406065,0.0073332100968039,-0.7972835896304257,-0.03800814902299152,0.030303273488258838,-0.022970063391454937,0.0006753356985380988,-7.300300659552348
ES,2011,38,38.0,0.00069,-7.278818960372969,0.0007170324837092,-7.240389413357046,-0.038429547015923,-0.7972835896304257,-0.043803473634620824,0.0349237906976922,-0.0733533377136152,0.0007425163831670824,-7.205465622659354
ES,2011,39,39.0,0.00081,-7.1184763102977895,0.0007913076827364,-7.14182368639029,0.0233473760925004,-0.7972835896304257,-0.07385186637052273,0.058880881120796875,-0.035533505028296476,0.0008392996152700034,-7.082942805269493
ES,2011,40,40.0,0.0009,-7.013115794639964,0.0008881711095421,-7.026346142608766,0.0132303479688022,-0.7972835896304257,-0.04690603518063869,0.037397412104150644,-0.024167064135348443,0.0009220153089257192,-6.988948730504616
ES,2011,41,41.0,0.00097,-6.938214486466846,0.0009742325955525,-6.933860478362287,-0.0043540081045589,-0.7972835896304257,-0.05026365073060458,0.04007438388242639,-0.04442839198698529,0.0010140672094712257,-6.893786094479861
ES,2011,42,42.0,0.00113,-6.785537646257888,0.0010752248482006,-6.835225478156803,0.0496878318989155,-0.7972835896304257,-0.06685808661838182,0.05330485529492538,-0.0036170233960098816,0.001134094637172588,-6.781920622861878
ES,2011,43,43.0,0.00133,-6.622576336748475,0.001210449589896,-6.716763426487945,0.0941870897394698,-0.7972835896304257,-0.055319343304923656,0.044105204606147384,0.05008188513332242,0.001265031543068143,-6.672658221881798
ES,2011,44,44.0,0.0014,-6.571283042360924,0.0013311912557967,-6.621681056581195,0.0503980142202715,-0.7972835896304257,-0.05846501607827734,0.04661319788668951,0.0037848163335819918,0.0013947112718786197,-6.5750678586945055
ES,2011,45,45.0,0.00152,-6.489044944123952,0.0014987354723547,-6.503133544843981,0.0140886007200284,-0.7972835896304257,-0.06937338850449987,0.055310264211693765,-0.04122166349166537,0.0015839662690120167,-6.447823280632287
ES,2011,46,46.0,0.00172,-6.365430988156775,0.0016503964937425,-6.406739720699,0.041308732542225,-0.7972835896304257,-0.056673391960445775,0.04518476537875631,-0.003876032836531311,0.0017266797135104942,-6.361554955320243
ES,2011,47,47.0,0.00201,-6.209620556911153,0.0018643308517379,-6.284853082901627,0.075232525990474,-0.7972835896304257,-0.07278151966673327,0.05802751125865052,0.01720501473182348,0.001975713714175407,-6.226825571642976
ES,2011,48,48.0,0.00216,-6.137647057286063,0.0020764748797043,-6.177083592388104,0.0394365351020411,-0.7972835896304257,-0.048721874347788935,0.03884515087352772,0.0005913842285133822,0.002158722987706097,-6.138238441514575
ES,2011,49,49.0,0.00243,-6.01986402162968,0.0022864093807035,-6.080772647970115,0.060908626340435,-0.7972835896304257,-0.05394366444828174,0.04300839842914524,0.017900227911289757,0.002386889441696074,-6.03776424954097
ES,2011,50,50.0,0.00269,-5.9182140853683896,0.0025479500943008,-5.972466127688186,0.0542520423197965,-0.7972835896304257,-0.04477692155218655,0.03569990474772727,0.018552137572069236,0.0026405548249454234,-5.9367662229404585
ES,2011,51,51.0,0.00298,-5.815831978464824,0.0028367688051634,-5.865089619192572,0.049257640727748,-0.7972835896304257,-0.022027610039892332,0.017562252003584564,0.031695388724163436,0.0028870289022260315,-5.847527367188987
ES,2011,52,52.0,0.00338,-5.68987956948721,0.0031098384925555,-5.77318448579366,0.0833049163064503,-0.7972835896304257,-0.031745896598611774,0.025310482396177517,0.057994433910272786,0.003189554575633928,-5.747874003397483
ES,2011,53,53.0,0.00346,-5.666486689912504,0.0033863454264048,-5.688003984406898,0.0215172944943944,-0.7972835896304257,-0.018478897704762805,0.014732921894466722,0.006784372599927677,0.003436605518975079,-5.673271062512431
ES,2011,54,54.0,0.00382,-5.567504856363653,0.0037239762044384,-5.592963309373314,0.0254584530096604,-0.7972835896304257,-0.02276082068967687,0.018146828822400034,0.007311624187260366,0.0037921714555098625,-5.574816480550914
ES,2011,55,55.0,0.00392,-5.5416636251797655,0.0040088169993562,-5.519259093817807,-0.0224045313619587,-0.7972835896304257,-0.011802718253971015,0.009410113576922561,-0.03181464493888126,0.004046718471526613,-5.509848980240884
ES,2011,56,56.0,0.00467,-5.366596207301331,0.0044132491148074,-5.42314410007103,0.0565478927696991,-0.7972835896304257,-0.009497846384814686,0.007572477059443414,0.04897541571025568,0.004446795195649758,-5.415571623011587
ES,2011,57,57.0,0.0049,-5.318520073865556,0.0048131334361475,-5.336406964934209,0.0178868910686533,-0.7972835896304257,0.0016563685822196309,-0.0013205954889831263,0.019207486557636426,0.004806781428982999,-5.337727560423192
ES,2011,58,58.0,0.00518,-5.262950222710745,0.0051653679976141,-5.265778930620567,0.0028287079098223,-0.7972835896304257,-0.002887731778581961,0.0023023411583176796,0.0005263667515046206,0.0051772741376917885,-5.2634765894622495
ES,2011,59,59.0,0.00575,-5.158555424172878,0.0056466959428112,-5.176684693762468,0.0181292695895898,-0.7972835896304257,0.0021529251198846968,-0.0017164918677871855,0.019845761457376987,0.00563701174894327,-5.178401185630255
ES,2011,60,60.0,0.00612,-5.096193182457903,0.0061665641697576,-5.088613456824475,-0.0075797256334277,-0.7972835896304257,0.00016806373790831286,-0.00013399446024624673,-0.007445731173181453,0.006165737939676549,-5.088747451284721
ES,2011,61,61.0,0.00642,-5.048337161280267,0.0065684850890281,-5.025472053129884,-0.0228651081503832,-0.7972835896304257,0.000976080071276405,-0.0007782126229939739,-0.022086895527389228,0.006563375399488245,-5.0262502657528785
ES,2011,62,62.0,0.00704,-4.956147108812186,0.0071437943361904,-4.941511224149538,-0.0146358846626473,-0.7972835896304257,0.0036462507649648638,-0.002907095898583872,-0.011728788764063428,0.007123056798585391,-4.944418320048122
ES,2011,63,63.0,0.00768,-4.869135731822556,0.0076960313990186,-4.867050485712987,-0.0020852461095692,-0.7972835896304257,0.00570633849258581,-0.0045495700370150865,0.0024643239274458866,0.007661097292999969,-4.871600055750002
ES,2011,64,64.0,0.00805,-4.822083187551665,0.0083078744242994,-4.790551488116271,-0.0315316994353942,-0.7972835896304257,0.005077161052295929,-0.004047937188906288,-0.027483762246487915,0.008274312644273361,-4.794599425305177
ES,2011,65,65.0,0.00886,-4.726208514365148,0.009067085695064,-4.703104379048875,-0.0231041353162728,-0.7972835896304257,0.009843308735534526,-0.007847908522507493,-0.015256226793765308,0.008996206526364549,-4.7109522875713825
ES,2011,66,66.0,0.00933,-4.674520264122885,0.0098094441608914,-4.62440966746972,-0.0501105966531651,-0.7972835896304257,-0.000432995806356754,0.0003452204507870335,-0.05045581710395213,0.009812831166224724,-4.624064447018934
ES,2011,67,67.0,0.01043,-4.563069009969456,0.0107154231396127,-4.536071160438495,-0.0269978495309608,-0.7972835896304257,0.0037702985620496174,-0.0030059971715293513,-0.02399185235943145,0.010683260971874085,-4.539077157610024
ES,2011,68,68.0,0.01139,-4.475019501523046,0.0116047168319764,-4.456343640072478,-0.0186758614505677,-0.7972835896304257,0.005512961638150011,-0.004395393844359073,-0.014280467606208627,0.011553821465577119,-4.460739033916838
ES,2011,69,69.0,0.01261,-4.373265129005309,0.0128022247606172,-4.358136313736448,-0.0151288152688611,-0.7972835896304257,0.0012423699409680445,-0.0009905211661839425,-0.014138294102677158,0.012789550164281904,-4.359126834902632
ES,2011,70,70.0,0.01372,-4.288900656684398,0.0139748464421644,-4.270496248039666,-0.0184044086447325,-0.7972835896304257,-0.005748135177942354,0.004582893848350806,-0.022987302493083304,0.014039038660665585,-4.265913354191315
ES,2011,71,71.0,0.01489,-4.207065432286219,0.0153650991664418,-4.175656629372886,-0.031408802913333,-0.7972835896304257,-0.0009415248146464615,0.0007506622839474521,-0.032159465197280454,0.015376637497028181,-4.174905967088939
ES,2011,72,72.0,0.01692,-4.079258924804059,0.0169770361628708,-4.075893662046297,-0.0033652627577627,-0.7972835896304257,-0.0076712366358034755,0.0061161510818978256,-0.009481413839660526,0.017081188461892834,-4.069777510964399
ES,2011,73,73.0,0.01896,-3.965423782155261,0.0187578053022694,-3.976145330399655,0.0107215482443931,-0.7972835896304257,-0.007171573646715354,0.005717777980352179,0.005003770264040921,0.018865365477950084,-3.9704275524193027
ES,2011,74,74.0,0.02097,-3.864662434068309,0.0210507163279379,-3.8608206896019657,-0.0038417444663427,-0.7972835896304257,-0.007373793170530252,0.005879004288192677,-0.009720748754535376,0.021174838078152056,-3.854941685313773
ES,2011,75,75.0,0.02271,-3.7849499228646697,0.0234883624636594,-3.751250194803492,-0.0336997280611774,-0.7972835896304257,-0.009725255571321695,0.007753786671976657,-0.04145351473315406,0.023671194118296116,-3.7434964081315156
ES,2011,76,76.0,0.02612,-3.645053974573907,0.026184333833222,-3.642593992352539,-0.0024599822213673,-0.7972835896304257,-0.007460884535366459,0.005948440804175101,-0.0084084230255424,0.026340553965490163,-3.636645551548364
ES,2011,77,77.0,0.02932,-3.5294854019636865,0.0295183121369782,-3.522744457816159,-0.0067409441475274,-0.7972835896304257,-0.0079753877692031,0.0063586457893248394,-0.01309958993685224,0.02970660664275676,-3.5163858120268343
ES,2011,78,78.0,0.03295,-3.412764018033621,0.033181904419736,-3.405750599250444,-0.0070134187831771,-0.7972835896304257,-0.010159483472717449,0.00809998945191915,-0.01511340823509625,0.03345176897005704,-3.397650609798525
ES,2011,79,79.0,0.03761,-3.280485306499892,0.0376828708276189,-3.2785496424836147,-0.0019356640162775,-0.7972835896304257,-0.011536978481239996,0.009198243617012,-0.011133907633289501,0.038031086082917366,-3.2693513988666028
ES,2011,80,80.0,0.04276,-3.1521521928252927,0.0428250441758929,-3.150632203227992,-0.001519989597301,-0.7972835896304257,-0.016322359065892727,0.013013549027291675,-0.014533538624592675,0.04338599203262028,-3.1376186542007005
ES,2011,81,81.0,0.04952,-3.005378650605796,0.0485174083486685,-3.02583261041637,0.0204539598105744,-0.7972835896304257,-0.01826100180196255,0.014559197066916375,0.005894762743658025,0.04922895002699154,-3.011273413349454
ES,2011,82,82.0,0.05516,-2.897517226057036,0.0551309946572392,-2.898043204511027,0.0005259784539912,-0.7972835896304257,-0.017966093037375695,0.014324071148473092,-0.013798092694481892,0.05592637791073615,-2.883719133362554
ES,2011,83,83.0,0.06319,-2.761609218196773,0.0627963456775008,-2.767858397049792,0.006249178853019,-0.7972835896304257,-0.01845517084037204,0.014714004854854579,-0.008464826001835579,0.06372716264175297,-2.7531443921949377
ES,2011,84,84.0,0.07163,-2.636241298355777,0.071388581710808,-2.6396173424418614,0.0033760440860843,-0.7972835896304257,-0.017377193738358086,0.013854551401421491,-0.010478507315337192,0.07238452170579916,-2.6257627910404397
ES,2011,85,85.0,0.08235,-2.496776822358488,0.0816378233596742,-2.505462602840376,0.0086857804818882,-0.7972835896304257,-0.014196355926147354,0.011318521612469929,-0.0026327411305817287,0.08256709188006975,-2.494144081227906
ES,2012,20,20.0,0.00027,-8.2170885989659,0.0002839001951487,-8.166887807100208,-0.0502007918656914,-0.3477692216850011,-0.022396395195866847,0.007788776925816311,-0.05798956879150771,0.00028612006424816707,-8.159099030174392
ES,2012,21,21.0,0.00026,-8.254828926948747,0.0002843000340284,-8.165480419615122,-0.0893485073336251,-0.3477692216850011,0.009528202766377263,-0.0033136156601198947,-0.0860348916735052,0.00028335953207512784,-8.168794035275242
ES,2012,22,22.0,0.00028,-8.180720954795024,0.000290042572701,-8.145482843340657,-0.0352381114543671,-0.3477692216850011,-0.0030970907591287545,0.001077072842790016,-0.03631518429715712,0.0002903551379769576,-8.144405770497867
ES,2012,23,23.0,0.00028,-8.180720954795024,0.0002966558144088,-8.122937965219656,-0.0577829895753687,-0.3477692216850011,0.007365083306666807,-0.0025613492892047098,-0.055221640286163984,0.00029589694752591735,-8.125499314508861
ES,2012,24,24.0,0.00027,-8.2170885989659,0.0003064388741937,-8.090492254145223,-0.1265963448206761,-0.3477692216850011,0.01800911873033555,-0.0062630172040815685,-0.12033332761659454,0.0003045256398165119,-8.096755271349306
ES,2012,25,25.0,0.0003,-8.111728083308073,0.0003172023535069,-8.055970648600011,-0.0557574347080613,-0.3477692216850011,-0.011029524909087455,0.0038357292931886764,-0.059593164001249976,0.000318421392323022,-8.052134919306823
ES,2012,26,26.0,0.00031,-8.078938260485081,0.0003144212246148,-8.064776991371001,-0.01416126911408,-0.3477692216850011,-0.031097271331795188,0.010814673847585709,-0.024975942961665706,0.0003178400409805488,-8.053962317523416
ES,2012,27,27.0,0.00032,-8.047189562170502,0.0003303233769899,-8.015438453049416,-0.0317511091210853,-0.3477692216850011,-0.0079235688913933,0.0027555733863273346,-0.03450668250741264,0.0003312348625523852,-8.012682879663089
ES,2012,28,28.0,0.00027,-8.2170885989659,0.0003321685608733,-8.009868004416802,-0.2072205945490974,-0.3477692216850011,-0.021477533117638545,0.0074692249760349915,-0.21468981952513239,0.0003346588914262222,-8.002398779440767
ES,2012,29,29.0,0.00037,-7.902007552326004,0.0003627578344583,-7.921775069029024,0.0197675167030197,-0.3477692216850011,-0.004275024603181553,0.0014867219789326792,0.018280794724087022,0.0003632975556121201,-7.920288347050091
ES,2012,30,30.0,0.00037,-7.902007552326004,0.000381550869405,-7.871266375617627,-0.0307411767083767,-0.3477692216850011,-0.028005810153739617,0.009739558799823926,-0.040480735508200624,0.0003852851621955899,-7.861526816817803
ES,2012,31,31.0,0.00041,-7.799353398265921,0.0004009840124283,-7.8215890007083875,0.0222356024424668,-0.3477692216850011,-0.036588221796833145,0.012724257417122855,0.009511345025343945,0.00040611883534697363,-7.808864743291265
ES,2012,32,32.0,0.00042,-7.77525584668686,0.0004148033763064,-7.787705942041099,0.0124500953542394,-0.3477692216850011,-0.016023105685786396,0.00557234299332245,0.006877752360916949,0.00041712125500389024,-7.782133599047777
ES,2012,33,33.0,0.00043,-7.751725349276666,0.000454766492857,-7.695726473258806,-0.0559988760178598,-0.3477692216850011,-0.007555540060437097,0.0026275842862280552,-0.05862646030408786,0.0004559630014227155,-7.693098888972578
ES,2012,34,34.0,0.00047,-7.66277786326017,0.0004991905414058,-7.602522688592789,-0.0602551746673816,-0.3477692216850011,-0.014722433570540979,0.005120009264136168,-0.06537518393151777,0.0005017529557974717,-7.597402679328653
ES,2012,35,35.0,0.0005,-7.600902459542082,0.0005306152540693,-7.541473367956607,-0.0594290915854749,-0.3477692216850011,-0.030068622355405524,0.010456941393679604,-0.06988603297915451,0.0005361929788284145,-7.531016426562927
ES,2012,36,36.0,0.00055,-7.505592279737757,0.0005740284758978,-7.462831553297027,-0.0427607264407301,-0.3477692216850011,-0.04182670015268112,0.014546038957749828,-0.057306765398479925,0.0005824393405514921,-7.448285514339277
ES,2012,37,37.0,0.00064,-7.354042381610556,0.0006330332355243,-7.364987632420669,0.0109452508101126,-0.3477692216850011,-0.03800814902299152,0.013218064403413296,-0.0022728135933006953,0.0006414562549708802,-7.3517695680172555
ES,2012,38,38.0,0.00067,-7.308232845579262,0.0006920513920448,-7.275850339143349,-0.0323825064359128,-0.3477692216850011,-0.043803473634620824,0.01523349993301155,-0.047616006368924345,0.0007026744647365213,-7.260616839210337
ES,2012,39,39.0,0.00075,-7.195437351433918,0.0007636480609163,-7.177403528181912,-0.0180338232520052,-0.3477692216850011,-0.07385186637052273,0.025683406087661394,-0.0437172293396666,0.0007835151797339839,-7.151720122094251
ES,2012,40,40.0,0.00086,-7.05857816871672,0.000857149687294,-7.061897990331454,0.0033198216147338,-0.3477692216850011,-0.04690603518063869,0.016312475347099994,-0.012992653732366195,0.000871246585495334,-7.045585514984355
ES,2012,41,41.0,0.00092,-6.991136887921188,0.0009399158898287,-6.969720165609265,-0.0214167223119234,-0.3477692216850011,-0.05026365073060458,0.017480150693629088,-0.03889687300555249,0.0009564901999122137,-6.952240014915636
ES,2012,42,42.0,0.00101,-6.897804948128969,0.0010378125147808,-6.870640132150873,-0.0271648159780957,-0.3477692216850011,-0.06685808661838182,0.02325118474662303,-0.05041600072471873,0.0010622256020602235,-6.84738894740425
ES,2012,43,43.0,0.00124,-6.692643899365192,0.0011695544571069,-6.751132408588981,0.0584885092237899,-0.3477692216850011,-0.055319343304923656,0.019238364965278674,0.03925014425851123,0.0011922726018909124,-6.731894043623702
ES,2012,44,44.0,0.00141,-6.56416557459206,0.0012847889610859,-6.657160806740515,0.0929952321484544,-0.3477692216850011,-0.05846501607827734,0.020332333137343582,0.07266289901111081,0.0013111790956152009,-6.636828473603171
ES,2012,45,45.0,0.00152,-6.489044944123952,0.0014489272665418,-6.536931812526754,0.0478868684028022,-0.3477692216850011,-0.06937338850449987,0.02412592932586112,0.02376093907694108,0.0014843090767191626,-6.512805883200893
ES,2012,46,46.0,0.00165,-6.406979991069647,0.0015965619463622,-6.439902745207797,0.0329227541381493,-0.3477692216850011,-0.056673391960445775,0.019709261412333225,0.013213492725816078,0.0016283411466816728,-6.4201934837954635
ES,2012,47,47.0,0.0019,-6.265901392809743,0.0018065735345528,-6.316323302667859,0.0504219098581169,-0.3477692216850011,-0.07278151966673327,0.025311172447551426,0.02511073741056547,0.0018528836379565197,-6.291012130220308
ES,2012,48,48.0,0.00222,-6.110248083097949,0.0020148450583021,-6.207212980682844,0.0969648975848942,-0.3477692216850011,-0.048721874347788935,0.016943968320964977,0.08002092926392922,0.0020492753987038166,-6.190269012361879
ES,2012,49,49.0,0.00236,-6.049093659944618,0.0022213637887389,-6.109633952462985,0.0605402925183664,-0.3477692216850011,-0.05394366444828174,0.018759946200015802,0.0417803463183506,0.002263429798240713,-6.090874006262969
ES,2012,50,50.0,0.00241,-6.028128531479574,0.0024785928871455,-6.000064264044069,-0.0280642674355044,-0.3477692216850011,-0.04477692155218655,0.015572035157654266,-0.04363630259315866,0.0025174917035550148,-5.984492228886415
ES,2012,51,51.0,0.00287,-5.853443249210607,0.0027632371553135,-5.891352404182274,0.0379091549716665,-0.3477692216850011,-0.022027610039892332,0.007660524799154072,0.030248630172512427,0.0027844862879067215,-5.88369187938312
ES,2012,52,52.0,0.00311,-5.773132552790995,0.0030359121856541,-5.797243344223406,0.0241107914324114,-0.3477692216850011,-0.031745896598611774,0.011040245751791739,0.013070545680619662,0.0030696151041878818,-5.786203098471614
ES,2012,53,53.0,0.00347,-5.663600685023369,0.0033104331682341,-5.710676231619444,0.0470755465960746,-0.3477692216850011,-0.018478897704762805,0.006426391872382114,0.04064915472369249,0.0033317758136906356,-5.704249839747062
ES,2012,54,54.0,0.00366,-5.610292131568862,0.0036460050086254,-5.614123228994997,0.0038310974261355,-0.3477692216850011,-0.02276082068967687,0.007915512896160794,-0.004084415470025294,0.003674979531109993,-5.606207716098837
ES,2012,55,55.0,0.00392,-5.5416636251797655,0.0039315541567695,-5.538720471536761,-0.0029431536430042,-0.3477692216850011,-0.011802718253971015,0.004104622140950855,-0.0070477757839550546,0.003947724865631023,-5.53461584939581
ES,2012,56,56.0,0.00432,-5.444499876726118,0.0043386938657689,-5.440181928752933,-0.0043179479731847,-0.3477692216850011,-0.009497846384814686,0.0033030586449307045,-0.007621006618115405,0.004353048520131608,-5.436878870108003
ES,2012,57,57.0,0.00488,-5.322610059117081,0.0047302323604855,-5.353780952846506,0.031170893729425,-0.3477692216850011,0.0016563685822196309,-0.0005760340126620097,0.03174692774208701,0.004727508370388874,-5.354356986859168
ES,2012,58,58.0,0.00515,-5.268758564306492,0.0050814943412665,-5.282149898982168,0.0133913346756759,-0.3477692216850011,-0.002887731778581961,0.0010042642330724925,0.012387070442603407,0.005086600067604078,-5.2811456347490955
ES,2012,59,59.0,0.00554,-5.195760778222945,0.0055593675676058,-5.192270924022791,-0.0034898542001533,-0.3477692216850011,0.0021529251198846968,-0.0007487210932883887,-0.002741133106864911,0.005555206709698036,-5.19301964511608
ES,2012,60,60.0,0.00607,-5.10439667391073,0.0060725685216184,-5.103973613229266,-0.0004230606814639,-0.3477692216850011,0.00016806373790831286,-5.844739532584597e-05,-0.0003646132861380541,0.006072213606177442,-5.104032060624593
ES,2012,61,61.0,0.00659,-5.0222019304677215,0.0064770907326171,-5.039483830446998,0.0172818999792765,-0.3477692216850011,0.000976080071276405,-0.0003394506066900357,0.017621350585966537,0.0064748924533630965,-5.039823281053688
ES,2012,62,62.0,0.00711,-4.946253035166987,0.0070513612864163,-4.9545345905256655,0.0082815553586783,-0.3477692216850011,0.0036462507649648638,-0.0012680537906001705,0.00954960914927847,0.007042425447767619,-4.9558026443162655
ES,2012,63,63.0,0.00756,-4.884884088790695,0.0075993928366861,-4.879686924790939,-0.0051971639997558,-0.3477692216850011,0.00570633849258581,-0.0019844888962377294,-0.0032126751035180708,0.007584326880039815,-4.881671413687177
ES,2012,64,64.0,0.00805,-4.822083187551665,0.0081987185356137,-4.803777413068988,-0.0183057744826768,-0.3477692216850011,0.005077161052295929,-0.0017656803475263564,-0.016540094135150445,0.008184254992175339,-4.805543093416515
ES,2012,65,65.0,0.0087,-4.744432253321599,0.0089423130420505,-4.716960993725577,-0.0274712595960222,-0.3477692216850011,0.009843308735534526,-0.003423199817762014,-0.02404805977826019,0.008911754052280306,-4.720384193543339
ES,2012,66,66.0,0.00941,-4.6659823253848485,0.0096742061655814,-4.638292093501686,-0.0276902318831622,-0.3477692216850011,-0.000432995806356754,0.00015058261456955778,-0.027840814497731757,0.009675663042527137,-4.638141510887117
ES,2012,67,67.0,0.01032,-4.5736715189287205,0.0105590028066931,-4.550776436347286,-0.0228950825814342,-0.3477692216850011,0.0037702985620496174,-0.001311193796444074,-0.021583888784990127,0.010545166980423425,-4.55208763014373
ES,2012,68,68.0,0.01143,-4.471513801175417,0.0114193971086859,-4.472441868732269,0.0009280675568517,-0.3477692216850011,0.005512961638150011,-0.001917238378078698,0.002845305934930398,0.011397524376615311,-4.474359107110348
ES,2012,69,69.0,0.01244,-4.386838191671104,0.0125914641686259,-4.374736141530013,-0.0121020501410908,-0.3477692216850011,0.0012423699409680445,-0.00043205802741529755,-0.011669992113675502,0.012586025100536139,-4.375168199557428
ES,2012,70,70.0,0.01362,-4.296215978260771,0.013732653861652,-4.287978788612048,-0.0082371896487227,-0.3477692216850011,-0.005748135177942354,0.0019990244969731877,-0.010236214145695886,0.013760133229944238,-4.285979764115075
ES,2012,71,71.0,0.0151,-4.193060535161258,0.0150846777579309,-4.19407576835394,0.0010152331926818,-0.3477692216850011,-0.0009415248146464615,0.0003274333519867148,0.0006877998406950852,0.015089617793254868,-4.1937483350019535
ES,2012,72,72.0,0.01619,-4.123361511292593,0.0166371347104839,-4.096118051295544,-0.0272434599970496,-0.3477692216850011,-0.0076712366358034755,0.0026678199941948407,-0.02991127999124444,0.01668157884923157,-4.093450231301349
ES,2012,73,73.0,0.01869,-3.9797666575146655,0.0183778019103185,-3.996611760592582,0.0168451030779164,-0.3477692216850011,-0.007171573646715354,0.0024940525853748632,0.014351050492541536,0.018423694319939257,-3.9941177080072072
ES,2012,74,74.0,0.02096,-3.865139419529296,0.0206015218749983,-3.882390328488298,0.017250908959002,-0.3477692216850011,-0.007373793170530252,0.002564378311781482,0.01468653064722052,0.020654419766999624,-3.8798259501765164
ES,2012,75,75.0,0.02358,-3.747356383872912,0.0229723557616173,-3.773463709350165,0.0261073254772532,-0.3477692216850011,-0.009725255571321695,0.0033821445607262663,0.022725180916526932,0.023050183127215892,-3.7700815647894386
ES,2012,76,76.0,0.0256,-3.665162927496621,0.0255973322117041,-3.665267143407215,0.0001042159105946,-0.3477692216850011,-0.007460884535366459,0.0025946660079460542,-0.002490450097351454,0.02566383497841243,-3.662672477399269
ES,2012,77,77.0,0.02938,-3.5274411082364057,0.0288434535597067,-3.545872224785111,0.0184311165487054,-0.3477692216850011,-0.0079753877692031,0.0027735943971318386,0.015657522151573563,0.02892356464736914,-3.5430986303879792
ES,2012,78,78.0,0.03312,-3.4076179494650782,0.0324288518869242,-3.428706762097984,0.0210888126329056,-0.3477692216850011,-0.010159483472717449,0.003533155660028579,0.01755565697287702,0.03254363071484908,-3.4251736064379554
ES,2012,79,79.0,0.0374,-3.286084574561651,0.0368407738494731,-3.3011500621296235,0.0150654875679725,-0.3477692216850011,-0.011536978481239996,0.004012206027017439,0.01105328154095506,0.03698888354897987,-3.297137856102606
ES,2012,80,80.0,0.04303,-3.145857732131629,0.0418354748456578,-3.1740106188589805,0.0281528867273515,-0.3477692216850011,-0.016322359065892727,0.005676414108408635,0.022476472618942867,0.04207362560700679,-3.168334204750572
ES,2012,81,81.0,0.04857,-3.024749222624484,0.0474584376097255,-3.047900948665462,0.0231517260409783,-0.3477692216850011,-0.01826100180196255,0.0063506143838569186,0.016801111657121382,0.047760786881911176,-3.041550334281605
ES,2012,82,82.0,0.05608,-2.8809760362558023,0.0539644375612707,-2.91943001304635,0.0384539767905476,-0.3477692216850011,-0.017966093037375695,0.0062480541923284625,0.03220592259821914,0.054302665825557074,-2.9131819588540213
ES,2012,83,83.0,0.06475,-2.73722157840249,0.0615340692852874,-2.788164285437079,0.0509427070345891,-0.3477692216850011,-0.01845517084037204,0.006418140399219912,0.04452456663536919,0.06193027366892219,-2.781746145037859
ES,2012,84,84.0,0.07274,-2.620863839423294,0.070093681818261,-2.6579226199842183,0.0370587805609243,-0.3477692216850011,-0.017377193738358086,0.006043253141458265,0.031015527419466032,0.07051855820581567,-2.65187936684276
ES,2012,85,85.0,0.08344,-2.48362746828962,0.0802586887954734,-2.5225002512382737,0.0388727829486534,-0.3477692216850011,-0.014196355926147354,0.004937055651199518,0.03393572729745388,0.08065591015368502,-2.517563195587074
ES,2013,20,20.0,0.00024,-8.334871634622283,0.0002636369316662,-8.240937660194444,-0.0939339744278395,-0.6007157100116364,-0.022396395195866847,0.013453866441786354,-0.10738784086962586,0.00026720783509999837,-8.227483793752658
ES,2013,21,21.0,0.00025,-8.294049640102028,0.0002664537720458,-8.230309792647537,-0.0637398474544905,-0.6007157100116364,0.009528202766377263,-0.005723741089939155,-0.058016106364551345,0.00026493301600094565,-8.236033533737476
ES,2013,22,22.0,0.00025,-8.294049640102028,0.0002713353100181,-8.212155195577209,-0.0818944445248188,-0.6007157100116364,-0.0030970907591287545,0.0018604710743405075,-0.0837549155991593,0.00027184059139883466,-8.210294724502868
ES,2013,23,23.0,0.00023,-8.377431249041079,0.0002779087345424,-8.188217791186295,-0.1892134578547839,-0.6007157100116364,0.007365083306666807,-0.004424321247859201,-0.1847891366069247,0.0002766818929950734,-8.192642112434154
ES,2013,24,24.0,0.00024,-8.334871634622283,0.0002879284660607,-8.152798490413824,-0.1820731442084593,-0.6007157100116364,0.01800911873033555,-0.010818360544777379,-0.1712547836636819,0.00028483034063887146,-8.1636168509586
ES,2013,25,25.0,0.00027,-8.2170885989659,0.0002991004559073,-8.114731068065437,-0.1023575309004627,-0.6007157100116364,-0.011029524909087455,0.0066256088868535,-0.1089831397873162,0.0003010887581288971,-8.108105459178583
ES,2013,26,26.0,0.00028,-8.180720954795024,0.0002974926012643,-8.120121202987647,-0.060599751807377,-0.6007157100116364,-0.031097271331795188,0.01868061942750385,-0.07928037123488085,0.0003031021794000027,-8.101440583560143
ES,2013,27,27.0,0.0003,-8.111728083308073,0.000311159396127,-8.075205249342746,-0.0365228339653267,-0.6007157100116364,-0.0079235688913933,0.0047598123124194406,-0.04128264627774614,0.00031264398683556447,-8.070445437030326
ES,2013,28,28.0,0.00028,-8.180720954795024,0.0003145328698568,-8.064421972636895,-0.1162989821581295,-0.6007157100116364,-0.021477533117638545,0.012901891556060672,-0.12920087371419017,0.00031861723016512116,-8.051520081080835
ES,2013,29,29.0,0.00032,-8.047189562170502,0.000344265686883,-7.974096853105935,-0.0730927090645661,-0.6007157100116364,-0.004275024603181553,0.002568074439817421,-0.07566078350438352,0.00034515092298364824,-7.9715287786661175
ES,2013,30,30.0,0.00034,-7.986564940354067,0.0003625679126053,-7.922298756098285,-0.0642661842557821,-0.6007157100116364,-0.028005810153739617,0.01682353013095479,-0.08108971438673689,0.00036871918276425294,-7.90547522596733
ES,2013,31,31.0,0.00032,-8.047189562170502,0.0003805597386056,-7.873867392708186,-0.1733221694623159,-0.6007157100116364,-0.036588221796833145,0.021979119634747853,-0.19530128909706376,0.0003890167045136135,-7.851888273073438
ES,2013,32,32.0,0.00035,-7.957577403480815,0.0003942851535751,-7.838436170401502,-0.1191412330793122,-0.6007157100116364,-0.016023105685786396,0.009625331308628662,-0.12876656438794085,0.00039809860221966156,-7.828810839092874
ES,2013,33,33.0,0.00041,-7.799353398265921,0.0004325690247646,-7.745768649494661,-0.0535847487712599,-0.6007157100116364,-0.007555540060437097,0.004538731611926833,-0.05812348038318673,0.00043453680169935747,-7.741229917882734
ES,2013,34,34.0,0.00044,-7.728735831051967,0.0004758444871496,-7.650419464782156,-0.0783163662698109,-0.6007157100116364,-0.014722433570540979,0.008843997135426674,-0.08716036340523757,0.0004800715188070248,-7.64157546764673
ES,2013,35,35.0,0.00046,-7.684284068481133,0.0005019726206296,-7.59696498033836,-0.087319088142773,-0.6007157100116364,-0.030068622355405524,0.018062693827299192,-0.1053817819700722,0.0005111219806751701,-7.5789022865110605
ES,2013,36,36.0,0.00053,-7.542633551418106,0.0005428420320446,-7.518692197399719,-0.0239413540183868,-0.6007157100116364,-0.04182670015268112,0.025125955879661658,-0.04906730989804846,0.0005566542529722642,-7.493566241520058
ES,2013,37,37.0,0.00056,-7.487573774235079,0.0005998960864388,-7.4187541070157375,-0.0688196672193415,-0.6007157100116364,-0.03800814902299152,0.022832092226574435,-0.09165175944591594,0.0006137505303209701,-7.395922014789163
ES,2013,38,38.0,0.0006,-7.418580902748128,0.0006547210479101,-7.331301294095346,-0.087279608652782,-0.6007157100116364,-0.043803473634620824,0.026313434765397242,-0.11359304341817925,0.0006721776721342101,-7.304987859329949
ES,2013,39,39.0,0.00073,-7.222466023821838,0.0007223213503846,-7.233040434456608,0.0105744106347707,-0.6007157100116364,-0.07385186637052273,0.04436397634245305,-0.03378956570768235,0.0007550878498144161,-7.188676458114156
ES,2013,40,40.0,0.00074,-7.208860371766058,0.0008107983959656,-7.117491121723769,-0.0913692500422893,-0.6007157100116364,-0.04690603518063869,0.028177192227368166,-0.11954644226965747,0.0008339693311389219,-7.0893139294964005
ES,2013,41,41.0,0.00086,-7.05857816871672,0.0008886610450726,-7.025794671788483,-0.0327834969282374,-0.6007157100116364,-0.05026365073060458,0.030194164636412033,-0.06297766156464943,0.0009159026216788991,-6.995600507152071
ES,2013,42,42.0,0.00103,-6.878196476740593,0.0009819023141524,-6.926018730981034,0.0478222542404411,-0.6007157100116364,-0.06685808661838182,0.04016270297298072,0.007659551267460381,0.0010221407995928042,-6.885856028008053
ES,2013,43,43.0,0.0011,-6.812445099177812,0.0011083577436023,-6.804875869482118,-0.0075692296956937,-0.6007157100116364,-0.055319343304923656,0.033231198590794674,-0.040800428286488374,0.0011458086222902717,-6.771644670891324
ES,2013,44,44.0,0.00126,-6.676643558018751,0.0012154496385865,-6.712641197739005,0.0359976397202546,-0.6007157100116364,-0.05846501607827734,0.03512085364430411,0.0008767860759504864,0.0012588957337176943,-6.6775203440947015
ES,2013,45,45.0,0.00147,-6.522492878191493,0.0013743383881305,-6.589782835932831,0.0672899577413383,-0.6007157100116364,-0.06937338850449987,0.04167368433139373,0.025616273409944566,0.0014328222882604377,-6.548109151601437
ES,2013,46,46.0,0.0016,-6.437751649736401,0.0015158780662532,-6.491760426228058,0.0540087764916572,-0.6007157100116364,-0.056673391960445775,0.03404459689028695,0.01996417960137025,0.0015683740560685192,-6.457715829337771
ES,2013,47,47.0,0.00185,-6.292569639891903,0.0017198229814012,-6.365533911243139,0.0729642713512355,-0.6007157100116364,-0.07278151966673327,0.04372100226232755,0.029243269088907946,0.0017966833285787845,-6.321812908980811
ES,2013,48,48.0,0.00204,-6.194805471126012,0.0019221192907412,-6.254326904417688,0.0595214332916764,-0.6007157100116364,-0.048721874347788935,0.029267995341929764,0.030253437949746633,0.0019792072186509426,-6.225058909075758
ES,2013,49,49.0,0.0023,-6.074846156047033,0.0021233400212724,-6.154764948335297,0.0799187922882636,-0.6007157100116364,-0.05394366444828174,0.03240480668967903,0.047513985598584565,0.0021932734137489903,-6.1223601416456175
ES,2013,50,50.0,0.00256,-5.967748020490665,0.0023739025825772,-6.043220018776798,0.0754719982861322,-0.6007157100116364,-0.04477692155218655,0.026898200222357088,0.04857379806377511,0.0024386228163400933,-6.016321818554441
ES,2013,51,51.0,0.00278,-5.885304351279592,0.0026520561254912,-5.932420043424237,0.0471156921446453,-0.6007157100116364,-0.022027610039892332,0.013232331404973372,0.03388336073967193,0.00268738221888667,-5.919187712019264
ES,2013,52,52.0,0.00315,-5.760352826144596,0.0029238189439994,-5.83486465966858,0.0745118335239842,-0.6007157100116364,-0.031745896598611774,0.019070258815191064,0.05544157470879314,0.002980111983386097,-5.815794400853389
ES,2013,53,53.0,0.00334,-5.701784471993528,0.0031951243378487,-5.746129275525281,0.0443448035317528,-0.6007157100116364,-0.018478897704762805,0.011100564154948986,0.03324423937680381,0.003230789606616477,-5.735028711370331
ES,2013,54,54.0,0.0036,-5.626821433520073,0.003527339354499,-5.647211416167569,0.0203899826474964,-0.6007157100116364,-0.02276082068967687,0.013672782561046783,0.006717200086449618,0.003575899115541184,-5.6335386336065225
ES,2013,55,55.0,0.004,-5.521460917862246,0.0038137107451989,-5.569152614952892,0.047691697090646,-0.6007157100116364,-0.011802718253971015,0.007090078276001499,0.040601618814644504,0.0038408463359620635,-5.5620625366768905
ES,2013,56,56.0,0.00443,-5.419355694925093,0.0042246269398297,-5.4668243203366576,0.0474686254115646,-0.6007157100116364,-0.009497846384814686,0.005705505534635408,0.0417631198769292,0.004248799464880934,-5.461118814802022
ES,2013,57,57.0,0.0047,-5.360192770266124,0.0046034511660158,-5.380949003304835,0.0207562330387105,-0.6007157100116364,0.0016563685822196309,-0.000995006628909033,0.02175123966761953,0.004598872979630429,-5.3819440099337434
ES,2013,58,58.0,0.00496,-5.306349538245301,0.0049530610092331,-5.307749507819519,0.0013999695742183,-0.6007157100116364,-0.002887731778581961,0.0017347058456940283,-0.0003347362714757284,0.004961660569817488,-5.306014801973825
ES,2013,59,59.0,0.00548,-5.206650178022213,0.0054255097421498,-5.216643422283129,0.009993244260916,-0.6007157100116364,0.0021529251198846968,-0.001293295941993423,0.011286540202909423,0.0054184974878544925,-5.217936718225122
ES,2013,60,60.0,0.00608,-5.102750583004061,0.0059284493338382,-5.127992595305215,0.0252420123011534,-0.6007157100116364,0.00016806373790831286,-0.00010095852764480173,0.0253429708287982,0.005927850836534453,-5.128093553832859
ES,2013,61,61.0,0.00639,-5.053021010592694,0.0063367179040512,-5.0613943253249625,0.0083733147322684,-0.6007157100116364,0.000976080071276405,-0.0005863466330450143,0.008959661365313414,0.006333003479920089,-5.061980671958008
ES,2013,62,62.0,0.00671,-5.004156327998547,0.0069092133664747,-4.974899487556214,-0.0292568404423327,-0.6007157100116364,0.0036462507649648638,-0.0021903601171563403,-0.027066480325176362,0.006894096263070029,-4.97708984767337
ES,2013,63,63.0,0.00762,-4.876978909283582,0.0074507038398199,-4.899446775909541,0.0224678666259592,-0.6007157100116364,0.00570633849258581,-0.0034278871791404157,0.025895753805099616,0.007425207392091182,-4.9028746630886815
ES,2013,64,64.0,0.00812,-4.813425124808551,0.0080308969693659,-4.82445905497454,0.0110339301659889,-0.6007157100116364,0.005077161052295929,-0.003049930406373376,0.014083860572362276,0.008006440606568771,-4.827508985380913
ES,2013,65,65.0,0.00878,-4.735278871335112,0.0087506363311519,-4.738628857696623,0.0033499863615107,-0.6007157100116364,0.009843308735534526,-0.005913030195930365,0.009263016557441064,0.008699046231516646,-4.744541887892554
ES,2013,66,66.0,0.00934,-4.673449026741386,0.0094664593799939,-4.660000319202335,-0.0134487075390508,-0.6007157100116364,-0.000432995806356754,0.00026010738324765847,-0.013708814922298458,0.009468921996230307,-4.659740211819087
ES,2013,67,67.0,0.00994,-4.611188258313654,0.0103189696011186,-4.573771368766395,-0.0374168895472593,-0.6007157100116364,0.0037702985620496174,-0.0022648775776574876,-0.03515201196960181,0.010295624844731417,-4.576036246344053
ES,2013,68,68.0,0.01071,-4.53657739452248,0.0111355232370302,-4.497614989073246,-0.0389624054492339,-0.6007157100116364,0.005512961638150011,-0.003311722664728198,-0.0356506827845057,0.011098706469453391,-4.500926711737974
ES,2013,69,69.0,0.01227,-4.400598020259317,0.0122688270176446,-4.400693622413026,9.560215370907343e-05,-0.6007157100116364,0.0012423699409680445,-0.0007463111411857336,0.000841913294894807,0.012259674071249914,-4.4014399335542125
ES,2013,70,70.0,0.01346,-4.308032954765555,0.0133623185065055,-4.315316585024012,0.0072836302584562,-0.6007157100116364,-0.005748135177942354,0.003452995104660505,0.003830635153795695,0.013408538279296193,-4.311863589919351
ES,2013,71,71.0,0.01431,-4.246796685413777,0.0146564005352571,-4.222878142326012,-0.023918543087765,-0.6007157100116364,-0.0009415248146464615,0.0005655887475239234,-0.024484131835288924,0.014664692375143683,-4.2223125535784884
ES,2013,72,72.0,0.01567,-4.156007222614208,0.0161192135386702,-4.127743331017507,-0.0282638915967003,-0.6007157100116364,-0.0076712366358034755,0.0046082323623439616,-0.032872123959044264,0.01619366603560272,-4.123135098655164
ES,2013,73,73.0,0.01766,-4.036453083806324,0.0177989551196158,-4.028615524552252,-0.0078375592540718,-0.6007157100116364,-0.007171573646715354,0.004308076955087354,-0.012145636209159153,0.017875799795530032,-4.024307447597164
ES,2013,74,74.0,0.01989,-3.917538186116256,0.0199182436314663,-3.916119201824111,-0.0014189842921452,-0.6007157100116364,-0.007373793170530252,0.004429553399914036,-0.005848537692059236,0.020006668251471398,-3.911689648424197
ES,2013,75,75.0,0.02269,-3.785830980190387,0.022188094364139,-3.808199423862416,0.0223684436720295,-0.6007157100116364,-0.009725255571321695,0.0058421138055711344,0.016526329866458366,0.022318099118068768,-3.802357310056845
ES,2013,76,76.0,0.02459,-3.705415422754036,0.0247056923924142,-3.700721600668968,-0.0046938220850676,-0.6007157100116364,-0.007460884535366459,0.0044818705509775,-0.009175692636045101,0.02481666861234896,-3.6962397301179903
ES,2013,77,77.0,0.02746,-3.595024878642312,0.0278189572840094,-3.5820375739941,-0.0129873046482122,-0.6007157100116364,-0.0079753877692031,0.00479094072639496,-0.017778245374607163,0.027952556035735387,-3.577246633267705
ES,2013,78,78.0,0.03105,-3.4721564706026493,0.0312853991679431,-3.4646037705292003,-0.0075527000734489,-0.6007157100116364,-0.010159483472717449,0.006102961327664948,-0.013655661401113846,0.03147691656638388,-3.4585008092015355
ES,2013,79,79.0,0.03568,-3.333164971270328,0.0355615319754146,-3.336490787841053,0.003325816570725,-0.6007157100116364,-0.011536978481239996,0.006930444219747054,-0.003604627649022054,0.035808845194481596,-3.329560343621306
ES,2013,80,80.0,0.04044,-3.2079358848298662,0.0403337007590667,-3.2105679123660718,0.002632027536205,-0.6007157100116364,-0.016322359065892727,0.009805097515332619,-0.007173069979127619,0.04073112182029574,-3.200762814850739
ES,2013,81,81.0,0.04584,-3.082598206575653,0.0458486443348515,-3.082409648113701,-0.0001885584619518,-0.6007157100116364,-0.01826100180196255,0.010969670662989706,-0.011158229124941505,0.046354357546053875,-3.0714399774507113
ES,2013,82,82.0,0.05206,-2.955358379415718,0.0521895502494423,-2.9528729909258864,-0.0024853884898314,-0.6007157100116364,-0.017966093037375695,0.010792514335082257,-0.013277902824913656,0.05275585715950884,-2.942080476590804
ES,2013,83,83.0,0.06015,-2.810913836561449,0.0596108897912889,-2.8199170069821733,0.009003170420724,-0.6007157100116364,-0.01845517084037204,0.011086311054760137,-0.0020831406340361368,0.060275431509515504,-2.808830695927413
ES,2013,84,84.0,0.06765,-2.69340792436534,0.0681157410410222,-2.6865469465599534,-0.0068609778053865,-0.6007157100116364,-0.017377193738358086,0.01043875327454754,-0.01729973107993404,0.06883050860646603,-2.676108193285406
ES,2013,85,85.0,0.07714,-2.562133326202056,0.0781486606147531,-2.549142360908313,-0.0129909652937425,-0.6007157100116364,-0.014196355926147354,0.00852797402975351,-0.02151893932349601,0.07881796019133519,-2.540614386878559
ES,2014,20,20.0,0.00027,-8.2170885989659,0.0002513066271428,-8.288836742322458,0.0717481433565581,-0.8140141119953538,-0.022396395195866847,0.01823098174726056,0.053517161609297544,0.0002559302118590348,-8.270605760575197
ES,2014,21,21.0,0.00027,-8.2170885989659,0.0002555111229073,-8.272244615384261,0.0551560164183619,-0.8140141119953538,0.009528202766377263,-0.007756091513784261,0.06291210793214616,0.0002535370208098425,-8.280000706898045
ES,2014,22,22.0,0.00028,-8.180720954795024,0.0002598821892815,-8.255282147785776,0.0745611929907514,-0.8140141119953538,-0.0030970907591287545,0.0025210755840612093,0.07204011740669018,0.0002605381985006114,-8.252761072201714
ES,2014,23,23.0,0.00027,-8.2170885989659,0.000266418017319,-8.230443989006018,0.0133553900401182,-0.8140141119953538,0.007365083306666807,-0.0059952817476481846,0.019350671787766387,0.00026482554467356564,-8.236439270753666
ES,2014,24,24.0,0.00025,-8.294049640102028,0.0002765548941934,-8.193101224361442,-0.1009484157405857,-0.8140141119953538,0.01800911873033555,-0.014659676791092986,-0.08628873894949271,0.0002725302608181407,-8.207760901152534
ES,2014,25,25.0,0.00025,-8.294049640102028,0.0002879452518785,-8.152740193542959,-0.1413094465590685,-0.8140141119953538,-0.011029524909087455,0.00897818892460146,-0.15028763548366994,0.0002905421188872349,-8.143762004618358
ES,2014,26,26.0,0.00026,-8.254828926948747,0.0002870309358966,-8.155920557432854,-0.0989083695158932,-0.8140141119953538,-0.031097271331795188,0.025313617708629832,-0.12422198722452303,0.0002943894699081654,-8.130606939724224
ES,2014,27,27.0,0.00028,-8.180720954795024,0.0002993595050551,-8.113865348783314,-0.0668556060117104,-0.8140141119953538,-0.0079235688913933,0.006449896894961527,-0.07330550290667193,0.0003012965832591946,-8.107415451888352
ES,2014,28,28.0,0.00028,-8.180720954795024,0.0003036271289663,-8.099710158838398,-0.0810107959566259,-0.8140141119953538,-0.021477533117638545,0.017483015048605343,-0.09849381100523125,0.0003089821209357817,-8.082227143789794
ES,2014,29,29.0,0.00028,-8.180720954795024,0.000332809217374,-8.007941152964234,-0.1727798018307904,-0.8140141119953538,-0.004275024603181553,0.0034799303561171215,-0.17625973218690752,0.00033396938775768294,-8.004461222608116
ES,2014,30,30.0,0.00034,-7.986564940354067,0.0003507948401516,-7.955309006378194,-0.0312559339758733,-0.8140141119953538,-0.028005810153739617,0.022797124683006816,-0.05405305865888012,0.00035888380612101407,-7.932511881695187
ES,2014,31,31.0,0.00038,-7.875339305243843,0.0003679058023489,-7.907683624439695,0.0323443191958521,-0.8140141119953538,-0.036588221796833145,0.02978332887543818,0.00256099032041392,0.00037902806876270273,-7.877900295564257
ES,2014,32,32.0,0.00036,-7.929406526514119,0.0003815567460084,-7.871250973849062,-0.058155552665057,-0.8140141119953538,-0.016023105685786396,0.013043034146223117,-0.07119858681128012,0.0003865660006000738,-7.858207939702838
ES,2014,33,33.0,0.00042,-7.77525584668686,0.0004187910762775,-7.778138387032633,0.002882540345773,-0.8140141119953538,-0.007555540060437097,0.0061503162329420245,-0.0032677758871690245,0.00042137471077266405,-7.771988070799691
ES,2014,34,34.0,0.00043,-7.751725349276666,0.0004613279165097,-7.6814014521932865,-0.0703238970833792,-0.8140141119953538,-0.014722433570540979,0.0119842686893345,-0.0823081657727137,0.0004668898555327214,-7.669417183503952
ES,2014,35,35.0,0.00043,-7.751725349276666,0.0004842740072107,-7.632859680838401,-0.1188656684382651,-0.8140141119953538,-0.030068622355405524,0.024476282925559072,-0.14334195136382416,0.0004962734871006237,-7.608383397912841
ES,2014,36,36.0,0.00044,-7.728735831051967,0.0005235774428479,-7.554825605742793,-0.1739102253091742,-0.8140141119953538,-0.04182670015268112,0.03404752418248065,-0.20795774949165485,0.0005417109065568114,-7.520778081560312
ES,2014,37,37.0,0.0005,-7.600902459542082,0.0005793910593291,-7.453532903660825,-0.1473695558812569,-0.8140141119953538,-0.03800814902299152,0.030939169675537517,-0.1783087255567944,0.000597597125646755,-7.422593733985288
ES,2014,38,38.0,0.00058,-7.4524824544238095,0.0006316534231198,-7.367169695372827,-0.0853127590509821,-0.8140141119953538,-0.043803473634620824,0.035656645692997764,-0.12096940474397985,0.0006545824217499092,-7.331513049679829
ES,2014,39,39.0,0.00062,-7.385791079925137,0.0006967881644249,-7.269029118183083,-0.1167619617420543,-0.8140141119953538,-0.07385186637052273,0.06011646142280059,-0.1768784231648549,0.0007399613101157335,-7.208912656760282
ES,2014,40,40.0,0.00077,-7.1691200431165445,0.0007821598005966,-7.153451489706205,-0.0156685534103395,-0.8140141119953538,-0.04690603518063869,0.03818217457479043,-0.05385072798512993,0.0008126018358923786,-7.115269315131415
ES,2014,41,41.0,0.00086,-7.05857816871672,0.0008570053329043,-7.062066416627034,0.0034882479103135,-0.8140141119953538,-0.05026365073060458,0.0409153210151177,-0.037427073104804205,0.0008927972061879292,-7.021151095611916
ES,2014,42,42.0,0.00094,-6.969630682700225,0.0009473515310334,-6.961840328764956,-0.0077903539352686,-0.8140141119953538,-0.06685808661838182,0.054423426008370517,-0.062213779943639115,0.0010003384334812443,-6.9074169027565855
ES,2014,43,43.0,0.0011,-6.812445099177812,0.0010704889420063,-6.83963977973442,0.0271946805566081,-0.8140141119953538,-0.055319343304923656,0.04503072611652355,-0.01783604555991545,0.0011197956635062855,-6.794609053617896
ES,2014,44,44.0,0.00124,-6.692643899365192,0.0011726036746257,-6.748528639697185,0.0558847403319937,-0.8140141119953538,-0.05846501607827734,0.047591348145753005,0.008293392186240693,0.0012297587198652235,-6.7009372915514325
ES,2014,45,45.0,0.00147,-6.522492878191493,0.0013281484177958,-6.623969473784167,0.1014765955926746,-0.8140141119953538,-0.06937338850449987,0.05647091723959914,0.045005678353075465,0.0014053083184351878,-6.567498556544568
ES,2014,46,46.0,0.00155,-6.469500348050982,0.0014658726894153,-6.525304521433715,0.0558041733827332,-0.8140141119953538,-0.056673391960445775,0.04613294083044689,0.009671232552286309,0.0015350818442982925,-6.479171580603269
ES,2014,47,47.0,0.00175,-6.348139491046714,0.0016659400005299,-6.397365749973694,0.0492262589269794,-0.8140141119953538,-0.07278151966673327,0.05924518410118826,-0.01001892517420886,0.0017676212446207386,-6.338120565872505
ES,2014,48,48.0,0.00201,-6.209620556911153,0.001864425149166,-6.284802504409446,0.0751819474982928,-0.8140141119953538,-0.048721874347788935,0.03966029328196462,0.03552165421632818,0.0019398546893144054,-6.245142211127481
ES,2014,49,49.0,0.00224,-6.101279413115189,0.0020622495175045,-6.183957893189029,0.0826784800738398,-0.8140141119953538,-0.05394366444828174,0.043910904113643394,0.0387675759601964,0.002154822362808233,-6.140046989075386
ES,2014,50,50.0,0.0024,-6.032286541628237,0.0023085508692231,-6.07113528064246,0.0388487390142229,-0.8140141119953538,-0.04477692155218655,0.036449046035188754,0.0023996929790341473,0.002394247641557827,-6.034686234607271
ES,2014,51,51.0,0.0027,-5.914503505971854,0.0025825329202233,-5.958984609627376,0.0444811036555226,-0.8140141119953538,-0.022027610039892332,0.017930785426002897,0.026550318229519705,0.0026292574154492526,-5.941053824201373
ES,2014,52,52.0,0.00299,-5.812481891579542,0.0028535256634172,-5.859199974365006,0.046718082785464,-0.8140141119953538,-0.031745896598611774,0.025841607829215286,0.020876474956248715,0.00292822639101659,-5.833358366535791
ES,2014,53,53.0,0.00317,-5.754023691092947,0.0031226850769172,-5.769062045689898,0.0150383545969505,-0.8140141119953538,-0.018478897704762805,0.015042083505795476,-3.728908844976425e-06,0.003170011820663078,-5.754019962184103
ES,2014,54,54.0,0.00355,-5.640807675494813,0.0034526456703994,-5.668614480841164,0.0278068053463513,-0.8140141119953538,-0.02276082068967687,0.01852762924199279,0.009279176104358508,0.0035172112862213987,-5.650086851599172
ES,2014,55,55.0,0.00398,-5.526473459685791,0.0037393719103557,-5.588837620066484,0.0623641603806932,-0.8140141119953538,-0.011802718253971015,0.009607579218637568,0.05275658116205563,0.00377547135868595,-5.579230040847847
ES,2014,56,56.0,0.00423,-5.46555328592395,0.0041524451402525,-5.484057927821759,0.0185046418978087,-0.8140141119953538,-0.009497846384814686,0.007731380990803208,0.010773260907005493,0.004184673700779005,-5.476326546830956
ES,2014,57,57.0,0.00452,-5.399243285137997,0.0045232585226974,-5.398522632769103,-0.0007206523688942,-0.8140141119953538,0.0016563685822196309,-0.001348307400592516,0.0006276550316983159,0.004517163889399378,-5.399870940169695
ES,2014,58,58.0,0.00498,-5.302325387945576,0.0048717181939811,-5.324308592205344,0.0219832042597678,-0.8140141119953538,-0.002887731778581961,0.0023506544194231587,0.01963254984034464,0.004883183389961501,-5.32195793778592
ES,2014,59,59.0,0.00547,-5.208476662548248,0.0053406455100967,-5.232408751275087,0.0239320887268394,-0.8140141119953538,0.0021529251198846968,-0.0017525114296554321,0.02568460015649483,0.005331294164362113,-5.234161262704743
ES,2014,60,60.0,0.00594,-5.126046145607583,0.0058370528840153,-5.143529252665264,0.0174831070576804,-0.8140141119953538,0.00016806373790831286,-0.00013680625437205516,0.017619913312052454,0.005836254393294236,-5.143666058919636
ES,2014,61,61.0,0.00644,-5.045226738865875,0.0062475423935141,-5.075567109601651,0.0303403707357761,-0.8140141119953538,0.000976080071276405,-0.0007945429524564245,0.031134913688232527,0.006242580424245132,-5.076361652554107
ES,2014,62,62.0,0.00695,-4.969013619405437,0.0068187950390402,-4.988072503229229,0.0190588838237921,-0.8140141119953538,0.0036462507649648638,-0.002968099578555253,0.022026983402347353,0.0067985861821445,-4.991040602807784
ES,2014,63,63.0,0.00728,-4.922624416773543,0.0073560776361612,-4.912228418168342,-0.0103959986052002,-0.8140141119953538,0.00570633849258581,-0.004645040060787144,-0.005750958544413057,0.007321987596944941,-4.91687345822913
ES,2014,64,64.0,0.00784,-4.848516444619821,0.0079241758620996,-4.837836956790436,-0.0106794878293854,-0.8140141119953538,0.005077161052295929,-0.004132880745442067,-0.0065466070839433335,0.007891493770368905,-4.841969837535878
ES,2014,65,65.0,0.00861,-4.754830960542498,0.0086288443262251,-4.752644696385283,-0.0021862641572152,-0.8140141119953538,0.009843308735534526,-0.008012592219452245,0.005826328062237046,0.008559981169936023,-4.760657288604735
ES,2014,66,66.0,0.00931,-4.6766661876931614,0.0093344607900177,-4.674042265840171,-0.0026239218529902,-0.8140141119953538,-0.000432995806356754,0.00035246469680920526,-0.0029763865497994054,0.009337751437794516,-4.673689801143362
ES,2014,67,67.0,0.01001,-4.604170685655008,0.0101666185126413,-4.5886456205096,-0.0155250651454084,-0.8140141119953538,0.0037702985620496174,-0.0030690762359441787,-0.01245598890946422,0.010135464217272242,-4.5917146967455436
ES,2014,68,68.0,0.01094,-4.515329481988302,0.0109556694386897,-4.51389819975155,-0.0014312822367523,-0.8140141119953538,0.005512961638150011,-0.0044876285723431325,0.0030563463355908326,0.010906614615725523,-4.5183858283238925
ES,2014,69,69.0,0.01173,-4.445605616316753,0.0120645461701608,-4.4174841960157805,-0.0281214203009723,-0.8140141119953538,0.0012423699409680445,-0.0010113066642668228,-0.027110113636705478,0.01205235138159244,-4.418495502680047
ES,2014,70,70.0,0.01333,-4.31773814479152,0.0131281038518933,-4.333000014508594,0.0152618697170741,-0.8140141119953538,-0.005748135177942354,0.004679063152502,0.010582806564572101,0.013189675014232783,-4.328320951356091
ES,2014,71,71.0,0.01426,-4.250296863995987,0.0143858681532602,-4.24150893251292,-0.0087879314830674,-0.8140141119953538,-0.0009415248146464615,0.0007664144859160294,-0.009554345968983429,0.014396897917150863,-4.2407425180270035
ES,2014,72,72.0,0.01568,-4.155369264059876,0.0157928161673374,-4.148200115297634,-0.0071691487622418,-0.8140141119953538,-0.0076712366358034755,0.0062444948779997915,-0.013413643640241592,0.015891742879216544,-4.141955620419634
ES,2014,73,73.0,0.01724,-4.06052301374659,0.0174342759016002,-4.049317131027541,-0.0112058827190493,-0.8140141119953538,-0.007171573646715354,0.00583776215364028,-0.01704364487268958,0.017536350711979374,-4.043479368873901
ES,2014,74,74.0,0.01942,-3.941451816118958,0.0194883837941688,-3.93793669377702,-0.0035151223419385,-0.8140141119953538,-0.007373793170530252,0.006002371699746587,-0.009517494041685087,0.019605712089284827,-3.9319343220772733
ES,2014,75,75.0,0.02218,-3.808564297059916,0.0216951143240566,-3.830668190141808,0.022103893081891,-0.8140141119953538,-0.009725255571321695,0.007916495277817296,0.014187397804073704,0.021867545217800436,-3.8227516948639906
ES,2014,76,76.0,0.02424,-3.719751117781023,0.0241455474843037,-3.723655285061613,0.0039041672805892,-0.8140141119953538,-0.007460884535366459,0.006073265299756196,-0.002169098019166996,0.02429263600167044,-3.7175820197618568
ES,2014,77,77.0,0.02783,-3.5816407034443376,0.0271757268800824,-3.605431098215481,0.0237903947711428,-0.8140141119953538,-0.0079753877692031,0.006492078192766466,0.017298316578376334,0.027352727754017998,-3.5989390200227143
ES,2014,78,78.0,0.03033,-3.4956179572816475,0.030567322928813,-3.487823718755279,-0.0077942385263685,-0.8140141119953538,-0.010159483472717449,0.008269962917375567,-0.016064201443744066,0.030821161727929286,-3.4795537558379035
ES,2014,79,79.0,0.03497,-3.3532647279068524,0.0347578127438252,-3.359350905080735,0.0060861771738824,-0.8140141119953538,-0.011536978481239996,0.00939126329351608,-0.00330508611963368,0.03508577007124595,-3.3499596417872186
ES,2014,80,80.0,0.03986,-3.2223819641974885,0.0393911161940362,-3.2342149654108043,0.0118330012133158,-0.8140141119953538,-0.016322359065892727,0.013286630620691981,-0.001453629407376181,0.03991798380144731,-3.2209283347901123
ES,2014,81,81.0,0.04456,-3.1109186833631086,0.0448365524243525,-3.104731569899267,-0.0061871134638415,-0.8140141119953538,-0.01826100180196255,0.0148647131659701,-0.0210518266298116,0.04550801308679979,-3.089866856733297
ES,2014,82,82.0,0.05143,-2.9675336191953123,0.05107268056445,-2.974505551655193,0.0069719324598804,-0.8140141119953538,-0.017966093037375695,0.014624653269845285,-0.007652720809964884,0.05182508925697595,-2.9598808983853475
ES,2014,83,83.0,0.05805,-2.8464505708382366,0.0583990166839603,-2.840456226893129,-0.0059943439451077,-0.8140141119953538,-0.01845517084037204,0.015022769503347992,-0.021017113448455693,0.05928295462466575,-2.825433457389781
ES,2014,84,84.0,0.06707,-2.702018428870491,0.0668661401055587,-2.7050625669456605,0.0030441380751695,-0.8140141119953538,-0.017377193738358086,0.01414528092990078,-0.01110114285473128,0.06781870168458311,-2.6909172860157597
ES,2014,85,85.0,0.07634,-2.5725582316650533,0.0768134298684175,-2.566375786037797,-0.0061824456272563,-0.8140141119953538,-0.014196355926147354,0.011556034062792816,-0.017738479690049117,0.07770623720085093,-2.554819751975004
ES,2015,20,20.0,0.00022,-8.421883011611913,0.0002543972529048,-8.276613524886452,-0.1452694867254607,0.9825283119021554,-0.022396395195866847,-0.022005092364488596,-0.1232643943609721,0.000248860361187167,-8.298618617250941
ES,2015,21,21.0,0.00023,-8.377431249041079,0.0002582600851839,-8.261543398707886,-0.115887850333193,0.9825283119021554,0.009528202766377263,0.0093617289795101,-0.1252495793127031,0.00026068919871794714,-8.252181669728376
ES,2015,22,22.0,0.00022,-8.421883011611913,0.0002627581014696,-8.244276715306114,-0.1776062963057985,0.9825283119021554,-0.0030970907591287545,-0.00304297935537454,-0.17456331695042396,0.00026195974929207026,-8.247319694661488
ES,2015,23,23.0,0.00027,-8.2170885989659,0.0002693043467837,-8.219668417230617,0.0025798182647172,0.9825283119021554,0.007365083306666807,0.007236402868318083,-0.004656584603600883,0.00027126020970234604,-8.212432014362298
ES,2015,24,24.0,0.00026,-8.254828926948747,0.0002794138630002,-8.182816495334889,-0.0720124316138584,0.9825283119021554,0.01800911873033555,0.017694469024962075,-0.08970690063882047,0.00028440194351810505,-8.165122026309927
ES,2015,25,25.0,0.00028,-8.180720954795024,0.0002907517454514,-8.143040763311237,-0.0376801914837869,0.9825283119021554,-0.011029524909087455,-0.010836820490008472,-0.02684337099377843,0.0002876179319347283,-8.153877583801245
ES,2015,26,26.0,0.00026,-8.254828926948747,0.0002896651284206,-8.14678503178159,-0.1080438951671567,0.9825283119021554,-0.031097271331795188,-0.03055394950639202,-0.07748994566076468,0.0002809485556729382,-8.177338981287983
ES,2015,27,27.0,0.00029,-8.145629634983754,0.0003023274675133,-8.103999798535467,-0.0416298364482869,0.9825283119021554,-0.0079235688913933,-0.007785130767101092,-0.033844705681185805,0.00029998294668636256,-8.111784929302567
ES,2015,28,28.0,0.0003,-8.111728083308073,0.0003063736640542,-8.090705076617606,-0.0210230066904664,0.9825283119021554,-0.021477533117638545,-0.021102284357896035,7.927766742963499e-05,0.00029997621764248853,-8.111807360975503
ES,2015,29,29.0,0.00033,-8.016417903503749,0.0003356960127067,-7.999304531597843,-0.0171133719059062,0.9825283119021554,-0.004275024603181553,-0.004200332706704153,-0.012913039199202047,0.0003342889349312437,-8.003504864304547
ES,2015,30,30.0,0.00028,-8.180720954795024,0.000353762340955,-7.9468852235234415,-0.2338357312715828,0.9825283119021554,-0.028005810153739617,-0.02751650137380603,-0.20631922989777676,0.0003441607459839928,-7.974401724897247
ES,2015,31,31.0,0.00034,-7.986564940354067,0.0003710943683058,-7.899054165691072,-0.087510774662995,0.9825283119021554,-0.036588221796833145,-0.035948963797544115,-0.05156181086545089,0.0003579908503797579,-7.935003129488616
ES,2015,32,32.0,0.00037,-7.902007552326004,0.0003847652821053,-7.862877066462124,-0.0391304858638799,0.9825283119021554,-0.016023105685786396,-0.015743154980885535,-0.023387330882994363,0.0003787552948475086,-7.878620221443009
ES,2015,33,33.0,0.00037,-7.902007552326004,0.0004222647569025,-7.769878054627606,-0.132129497698398,0.9825283119021554,-0.007555540060437097,-0.00742353202109037,-0.12470596567730761,0.00041914166747794644,-7.777301586648696
ES,2015,34,34.0,0.00042,-7.77525584668686,0.0004649897222001,-7.673495255416618,-0.1017605912702412,0.9825283119021554,-0.014722433570540979,-0.01446520780315525,-0.08729538346708596,0.00045831196326618365,-7.687960463219773
ES,2015,35,35.0,0.00045,-7.706262975199909,0.0004887302659148,-7.623699824124659,-0.0825631510752495,0.9825283119021554,-0.030068622355405524,-0.02954327276408,-0.0530198783111695,0.0004745027725237244,-7.6532430968887395
ES,2015,36,36.0,0.00052,-7.5616817463888015,0.0005284275575169,-7.545604833918794,-0.016076912470007,0.9825283119021554,-0.04182670015268112,-0.0410959170934514,0.0250190046234444,0.0005071515159395572,-7.586700751012246
ES,2015,37,37.0,0.00053,-7.542633551418106,0.0005845560948649,-7.444657810972839,-0.0979757404452668,0.9825283119021554,-0.03800814902299152,-0.03734408249808542,-0.06063165794718138,0.000563128962235066,-7.482001893470925
ES,2015,38,38.0,0.00059,-7.435388021064509,0.0006374615797059,-7.3580165498757,-0.0773714711888091,0.9825283119021554,-0.043803473634620824,-0.04303815300567457,-0.03433331818313454,0.000610608410939893,-7.401054702881375
ES,2015,39,39.0,0.00062,-7.385791079925137,0.0007032168301756,-7.259845278182794,-0.1259458017423425,0.9825283119021554,-0.07385186637052273,-0.07256154959585326,-0.05338425214648923,0.0006539976316926802,-7.332406827778647
ES,2015,40,40.0,0.00069,-7.278818960372969,0.0007893704132292,-7.14427487551236,-0.1345440848606092,0.9825283119021554,-0.04690603518063869,-0.046086507564056044,-0.08845757729655315,0.0007538166546825095,-7.190361383076416
ES,2015,41,41.0,0.00081,-7.1184763102977895,0.0008649746626945,-7.052810343144039,-0.0656659671537509,0.9825283119021554,-0.05026365073060458,-0.049385459902380455,-0.016280507251370452,0.0008232951430493998,-7.10219580304642
ES,2015,42,42.0,0.00094,-6.969630682700225,0.0009560511645842,-6.952699126905434,-0.0169315557947911,0.9825283119021554,-0.06685808661838182,-0.06568996298216677,0.048758407187375674,0.0008952665257496528,-7.0183890898876005
ES,2015,43,43.0,0.00107,-6.840096630508322,0.0010800278125045,-6.8307684858586,-0.0093281446497224,0.9825283119021554,-0.055319343304923656,-0.05435282099292244,0.045024676343200044,0.001022892064014355,-6.885121306851523
ES,2015,44,44.0,0.00114,-6.776727016575733,0.0011833917072986,-6.739370635268112,-0.0373563813076209,0.9825283119021554,-0.05846501607827734,-0.057443533552722206,0.020087152245101304,0.0011173291055861648,-6.796814168820834
ES,2015,45,45.0,0.00134,-6.615085665019317,0.0013397858486214,-6.61524549225262,0.0001598272333032,0.9825283119021554,-0.06937338850449987,-0.06816131829825865,0.06832114553156185,0.001251507054151651,-6.683406810550879
ES,2015,46,46.0,0.00144,-6.543112165394228,0.0014784744374217,-6.5167445083567,-0.0263676570375279,0.9825283119021554,-0.056673391960445775,-0.05568321213266597,0.02931555509513807,0.0013983983674719267,-6.572427720489366
ES,2015,47,47.0,0.00171,-6.371261908467568,0.0016795276559219,-6.389242682288355,0.0179807738207866,0.9825283119021554,-0.07278151966673327,-0.07150990365582896,0.08949067747661556,0.0015636185101647398,-6.460752585944184
ES,2015,48,48.0,0.00192,-6.255430092942447,0.0018789812617494,-6.277025531059592,0.0215954381171448,0.9825283119021554,-0.048721874347788935,-0.04787062095564199,0.06946605907278679,0.0017911522484347587,-6.324896152015234
ES,2015,49,49.0,0.00208,-6.175387385268911,0.0020776699352929,-6.176508236604987,0.0011208513360765,0.9825283119021554,-0.05394366444828174,-0.05300117756818657,0.05412202890426307,0.0019704183188639494,-6.229509414173174
ES,2015,50,50.0,0.00239,-6.036461913038718,0.0023250547961202,-6.064011671996785,0.0275497589580675,0.9825283119021554,-0.04477692155218655,-0.04399459314484509,0.0715443521029126,0.0022249824186140873,-6.10800626514163
ES,2015,51,51.0,0.00272,-5.907123398674231,0.0026000992001028,-5.952205680796833,0.0450822821226024,0.9825283119021554,-0.022027610039892332,-0.02164275050773438,0.06672503263033679,0.0025444304868146523,-5.973848431304567
ES,2015,52,52.0,0.00298,-5.815831978464824,0.002871301346117,-5.85298992127645,0.0371579428116257,0.9825283119021554,-0.031745896598611774,-0.031191242194854404,0.0683491850064801,0.002783124216319433,-5.884181163471304
ES,2015,53,53.0,0.00327,-5.722965294072975,0.0031410130504356,-5.763209903567781,0.0402446094948061,0.9825283119021554,-0.018478897704762805,-0.018156040167673214,0.05840064966247931,0.0030844992769289005,-5.781365943735454
ES,2015,54,54.0,0.00353,-5.646457408036931,0.003471554858037,-5.663152699494226,0.016695291457295,0.9825283119021554,-0.02276082068967687,-0.022363150729735867,0.03905844218703087,0.003394781599028004,-5.685515850223962
ES,2015,55,55.0,0.00394,-5.536574555672295,0.0037582033621881,-5.583814264982366,0.0472397093100713,0.9825283119021554,-0.011802718253971015,-0.011596504841930895,0.05883621415200219,0.003714873064289503,-5.595410769824297
ES,2015,56,56.0,0.00424,-5.463192009738271,0.0041707469385564,-5.479660137255873,0.0164681275176024,0.9825283119021554,-0.009497846384814686,-0.009331902975177962,0.025800030492780363,0.004132006972729826,-5.488992040231051
ES,2015,57,57.0,0.0048,-5.339139361068292,0.0045435888979658,-5.39403807305442,0.0548987119861283,0.9825283119021554,0.0016563685822196309,0.0016274290269760205,0.05327128295915228,0.004550989286595384,-5.392410644027445
ES,2015,58,58.0,0.00511,-5.276555874766524,0.0048923479806829,-5.320082931086239,0.0435270563197152,0.9825283119021554,-0.002887731778581961,-0.0028372782296363433,0.046364334549351544,0.004878486701716896,-5.322920209315876
ES,2015,59,59.0,0.00569,-5.169045030843898,0.0053621747667718,-5.228385646120298,0.0593406152764002,0.9825283119021554,0.0021529251198846968,0.0021153098836920567,0.05722530539270814,0.005373529433139162,-5.226270336236606
ES,2015,60,60.0,0.00606,-5.1060454789009135,0.0058602412839152,-5.139564501511305,0.0335190226103918,0.9825283119021554,0.00016806373790831286,0.0001651273806990209,0.03335389522969278,0.005861209050108884,-5.1393993741306065
ES,2015,61,61.0,0.00624,-5.076775096600801,0.0062701788440776,-5.071950400967765,-0.0048246956330357,0.9825283119021554,0.000976080071276405,0.0009590263047125416,-0.005783721937748241,0.006276194994886694,-5.070991374663053
ES,2015,62,62.0,0.00709,-4.949069938438101,0.0068417555396958,-4.984710922428393,0.0356409839902918,0.9825283119021554,0.0036462507649648638,0.0035825446088728705,0.03205843938141893,0.006866310392284549,-4.98112837781952
ES,2015,63,63.0,0.00736,-4.911695346241352,0.0073801101815718,-4.908966710728917,-0.0027286355124349,0.9825283119021554,0.00570633849258581,0.005606639126262625,-0.008335274638697526,0.007421604007832497,-4.903360071602655
ES,2015,64,64.0,0.00785,-4.84724174718782,0.0079512741578242,-4.83442309173356,-0.0128186554542608,0.9825283119021554,0.005077161052295929,0.00498845447796769,-0.01780710993222849,0.007991037824163254,-4.829434637255593
ES,2015,65,65.0,0.00848,-4.7700448291783255,0.0086597620108916,-4.749068038206706,-0.0209767909716198,0.9825283119021554,0.009843308735534526,0.009671329515456477,-0.030648120487076276,0.008743919725347679,-4.739396708691249
ES,2015,66,66.0,0.00941,-4.6659823253848485,0.009367969155267,-4.670458945255439,0.0044766198705907,0.9825283119021554,-0.000432995806356754,-0.00042543063868041403,0.004902050509271114,0.009363984581806078,-4.670884375894119
ES,2015,67,67.0,0.01026,-4.579502439239514,0.0102052814183936,-4.584849906579859,0.0053474673403455,0.9825283119021554,0.0037702985620496174,0.0037044250815377344,0.0016430422588077655,0.010243156227728721,-4.5811454814983215
ES,2015,68,68.0,0.01121,-4.490949041898069,0.0110012878255799,-4.509742937983792,0.0187938960857234,0.9825283119021554,0.005512961638150011,0.005416640891912872,0.01337725519381053,0.011061039531754371,-4.504326297091879
ES,2015,69,69.0,0.01209,-4.415376614355436,0.0121163504474286,-4.413199461885109,-0.0021771524703266,0.9825283119021554,0.0012423699409680445,0.0012206636408573133,-0.0033978161111839133,0.012131149466354341,-4.411978798244252
ES,2015,70,70.0,0.01353,-4.30284583679944,0.013187479328304,-4.328487435269045,0.0256415984696047,0.9825283119021554,-0.005748135177942354,-0.005647705552969097,0.031289304022573794,0.01311321025042443,-4.3341351408220135
ES,2015,71,71.0,0.01464,-4.223997770448972,0.0144544262095326,-4.236754599249277,0.0127568288003052,0.9825283119021554,-0.0009415248146464615,-0.0009250747867485775,0.013681903587053778,0.014441060967166798,-4.237679674036026
ES,2015,72,72.0,0.01588,-4.142694823163147,0.0158754750174158,-4.14297981229414,0.0002849891309928,0.9825283119021554,-0.0076712366358034755,-0.0075372071819779585,0.007822196312970759,0.015756268081125405,-4.150517019476118
ES,2015,73,73.0,0.01749,-4.046125989951626,0.0175266210226797,-4.044034352611332,-0.0020916373402943,0.9825283119021554,-0.007171573646715354,-0.007046274148789221,0.004954636808494921,0.017403557724095513,-4.051080626760121
ES,2015,74,74.0,0.01932,-3.946614450197765,0.0195971887133656,-3.932369156024709,-0.0142452941730559,0.9825283119021554,-0.007373793170530252,-0.007244960556156731,-0.007000333616899169,0.01945572093715172,-3.939614116580866
ES,2015,75,75.0,0.02172,-3.829521783916402,0.0218198656514584,-3.8249344557245633,-0.0045873281918389,0.9825283119021554,-0.009725255571321695,-0.009555338939307738,0.004968010747468838,0.0216123624003257,-3.834489794663871
ES,2015,76,76.0,0.02504,-3.68728073275024,0.0242872705968558,-3.717802909640496,0.0305221768902561,0.9825283119021554,-0.007460884535366459,-0.007330530287830503,0.0378527071780866,0.02410988299109615,-3.7251334399283267
ES,2015,77,77.0,0.0289,-3.543913683863751,0.0273384435776733,-3.5994613777020854,0.0555476938383345,0.9825283119021554,-0.0079753877692031,-0.007836044281640218,0.06338373811997472,0.027125055474419218,-3.6072974219837257
ES,2015,78,78.0,0.03184,-3.4470319180059548,0.0307489850259981,-3.4818982925589768,0.0348663745530219,0.9825283119021554,-0.010159483472717449,-0.009981980146246922,0.044848354699268816,0.030443576096791356,-3.491880272705224
ES,2015,79,79.0,0.03594,-3.325904397626724,0.0349611685632202,-3.3535173030320267,0.0276129054053027,0.9825283119021554,-0.011536978481239996,-0.011335407991624226,0.03894831339692693,0.034567107096892015,-3.364852711023651
ES,2015,80,80.0,0.04085,-3.197848457676125,0.0396295372872758,-3.22818054766739,0.0303320899912651,0.9825283119021554,-0.016322359065892727,-0.016037179899272423,0.04636926989053752,0.03899906031746804,-3.2442177275666624
ES,2015,81,81.0,0.04719,-3.053573273243841,0.0450926819553381,-3.0990353082705933,0.0454620350267522,0.9825283119021554,-0.01826100180196255,-0.01794195127412448,0.06340398630087668,0.04429084601361746,-3.1169772595447176
ES,2015,82,82.0,0.05366,-2.925087433984659,0.0513553990524496,-2.9689852059252844,0.0438977719406254,0.9825283119021554,-0.017966093037375695,-0.01765219506348981,0.061549967004115205,0.050456817829364765,-2.986637400988774
ES,2015,83,83.0,0.06138,-2.790671229790547,0.0587059093182545,-2.835214887398009,0.0445436576074618,0.9825283119021554,-0.01845517084037204,-0.01813272785165662,0.06267638545911841,0.05765100409979749,-2.8533476152496657
ES,2015,84,84.0,0.06987,-2.661118906417778,0.0671828264089497,-2.700337623504528,0.0392187170867499,0.9825283119021554,-0.017377193738358086,-0.017073584829345675,0.05629230191609558,0.06604551137338527,-2.717411208333874
ES,2015,85,85.0,0.08088,-2.5147887042699213,0.0771519795529254,-2.561978042006672,0.0471893377367509,0.9825283119021554,-0.014196355926147354,-0.01394832162327972,0.06113765936003062,0.07608330933248575,-2.5759263636299514
ES,2016,20,20.0,0.00023,-8.377431249041079,0.0002417696453679,-8.32752516377646,-0.0499060852646184,0.3425371924327494,-0.022396395195866847,-0.007671598331006546,-0.042234486933611856,0.00023992198208712702,-8.335196762107467
ES,2016,21,21.0,0.00019,-8.568486485803788,0.000247001619893,-8.306115663086207,-0.2623708227175818,0.3425371924327494,0.009528202766377263,0.0032637638245248237,-0.2656345865421066,0.0002478090918267571,-8.302851899261682
ES,2016,22,22.0,0.00026,-8.254828926948747,0.0002509853249828,-8.29011608674545,0.0352871597967023,0.3425371924327494,-0.0030970907591287545,-0.001060868773341376,0.036348028570043676,0.00025071920367387084,-8.291176955518791
ES,2016,23,23.0,0.00026,-8.254828926948747,0.0002574846677408,-8.264550382387071,0.0097214554383242,0.3425371924327494,0.007365083306666807,0.002522814957898958,0.007198640480425242,0.0002581350739944389,-8.262027567429172
ES,2016,24,24.0,0.00023,-8.377431249041079,0.0002676972118734,-8.225654022608111,-0.1517772264329675,0.3425371924327494,0.01800911873033555,0.006168792968077179,-0.1579460194010447,0.0002693536845171004,-8.219485229640034
ES,2016,25,25.0,0.00022,-8.421883011611913,0.0002792395818581,-8.18344042829156,-0.2384425833203529,0.3425371924327494,-0.011029524909087455,-0.003778022496225892,-0.234664560824127,0.0002781865987853504,-8.187218450787785
ES,2016,26,26.0,0.00029,-8.145629634983754,0.0002788501702001,-8.184835944764405,0.0392063097806509,0.3425371924327494,-0.031097271331795188,-0.010651972014312549,0.04985828179496345,0.0002758956297682156,-8.195487916778717
ES,2016,27,27.0,0.0003,-8.111728083308073,0.0002901561360417,-8.145091379725052,0.0333632964169794,0.3425371924327494,-0.0079235688913933,-0.0027141170421053334,0.03607741345908474,0.00028936968606948815,-8.147805496767157
ES,2016,28,28.0,0.00027,-8.2170885989659,0.0002950951615764,-8.12821267202774,-0.0888759269381598,0.3425371924327494,-0.021477533117638545,-0.007356853894497302,-0.08151907304366249,0.0002929321558021962,-8.135569525922238
ES,2016,29,29.0,0.00032,-8.047189562170502,0.0003238346768213,-8.035277429121553,-0.0119121330489484,0.3425371924327494,-0.004275024603181553,-0.0014643549251547377,-0.01044777812379366,0.0003233608149530299,-8.036741784046708
ES,2016,30,30.0,0.00039,-7.849363818840582,0.0003415653229224,-7.981971614895784,0.1326077960552014,0.3425371924327494,-0.028005810153739617,-0.009593031581866553,0.14220082763706796,0.00033830434234516523,-7.99156464647765
ES,2016,31,31.0,0.00036,-7.929406526514119,0.0003579929624291,-7.934997229775979,0.00559070326186,0.3425371924327494,-0.036588221796833145,-0.01253282677039395,0.01812353003225395,0.00035353429684837647,-7.9475300565463725
ES,2016,32,32.0,0.00033,-8.016417903503749,0.0003715765276695,-7.897755718602132,-0.1186621849016171,0.3425371924327494,-0.016023105685786396,-0.005488509635662496,-0.1131736752659546,0.00036954271272899414,-7.903244228237794
ES,2016,33,33.0,0.0004,-7.824046010856292,0.0004079835720483,-7.80428364895806,-0.0197623618982323,0.3425371924327494,-0.007555540060437097,-0.0025880534796152888,-0.017174308418617012,0.00040692905390838236,-7.806871702437675
ES,2016,34,34.0,0.00043,-7.751725349276666,0.0004499267263917,-7.706425818698701,-0.0452995305779646,0.3425371924327494,-0.014722433570540979,-0.005042981061030765,-0.04025654951693383,0.0004476634660178628,-7.711468799759732
ES,2016,35,35.0,0.00044,-7.728735831051967,0.0004704353196818,-7.661852079840938,-0.0668837512110291,0.3425371924327494,-0.030068622355405524,-0.010299621481941213,-0.05658412972908789,0.0004656148809181695,-7.672151701322879
ES,2016,36,36.0,0.00049,-7.621105166859602,0.0005085175596964,-7.584010810728773,-0.0370943561308285,0.3425371924327494,-0.04182670015268112,-0.01432720043902584,-0.02276715569180266,0.0005012838696923114,-7.598338011167799
ES,2016,37,37.0,0.00052,-7.5616817463888015,0.0005633418168306,-7.481623979366036,-0.0800577670227653,0.3425371924327494,-0.03800814902299152,-0.013019204655901062,-0.06703856236686424,0.000556055091037772,-7.494643184021937
ES,2016,38,38.0,0.00053,-7.542633551418106,0.0006136162333712,-7.396140852310568,-0.1464926991075383,0.3425371924327494,-0.043803473634620824,-0.015004318877604977,-0.1314883802299333,0.0006044780671558984,-7.411145171188172
ES,2016,39,39.0,0.00064,-7.354042381610556,0.0006768252597178,-7.29809742809064,-0.0559449535199165,0.3425371924327494,-0.07385186637052273,-0.025297010962477436,-0.03064794255743906,0.0006599183524185174,-7.323394439053117
ES,2016,40,40.0,0.00075,-7.195437351433918,0.0007597683841794,-7.182496928790554,-0.0129404226433633,0.3425371924327494,-0.04690603518063869,-0.016067061598927748,0.003126638955564448,0.0007476586829172939,-7.198563990389482
ES,2016,41,41.0,0.00083,-7.09408485717363,0.00083226192169,-7.09136335696162,-0.0027215002120106,0.3425371924327494,-0.05026365073060458,-0.017217169802681603,0.014495669590671003,0.0008180553760548393,-7.108580526764301
ES,2016,42,42.0,0.00082,-7.106206217705975,0.0009203342099572,-6.990773682195743,-0.1154325355102319,0.3425371924327494,-0.06685808661838182,-0.02290138128168608,-0.09253115422854583,0.0008994967987717794,-7.01367506347743
ES,2016,43,43.0,0.00095,-6.959048573369688,0.0010408487097151,-6.867718831596743,-0.0913297417729452,0.3425371924327494,-0.055319343304923656,-0.01894893254289196,-0.07238080923005324,0.0010213114276353442,-6.886667764139634
ES,2016,44,44.0,0.0011,-6.812445099177812,0.00113910185233,-6.777515175925028,-0.0349299232527844,0.3425371924327494,-0.05846501607827734,-0.02002644246298867,-0.014903480789795729,0.0011165166005759454,-6.797541618388016
ES,2016,45,45.0,0.00127,-6.668738378511637,0.001291976246675,-6.651582258717144,-0.0171561197944933,0.3425371924327494,-0.06937338850449987,-0.023762965727877755,0.006606845933384457,0.0012616369627347886,-6.675345224445022
ES,2016,46,46.0,0.00135,-6.607650686531799,0.0014266898328531,-6.552398320207169,-0.0552523663246296,0.3425371924327494,-0.056673391960445775,-0.019412744567771846,-0.03583962175685775,0.0013992609637513988,-6.571811064774941
ES,2016,47,47.0,0.00159,-6.444021262749997,0.0016236532966888,-6.4230765472948645,-0.0209447154551325,0.3425371924327494,-0.07278151966673327,-0.024930377407631748,0.003985661952499248,0.0015836754097074115,-6.448006924702496
ES,2016,48,48.0,0.00192,-6.255430092942447,0.0018190919003268,-6.30941785827768,0.0539877653352327,0.3425371924327494,-0.048721874347788935,-0.016689054049152816,0.07067681938438553,0.0017889849047119698,-6.326106912326833
ES,2016,49,49.0,0.00197,-6.22972173623224,0.0020141918367867,-6.207537237589953,-0.0221844986422867,0.3425371924327494,-0.05394366444828174,-0.018477711369648743,-0.003706787272637957,0.001977315921833172,-6.226014948959602
ES,2016,50,50.0,0.00232,-6.066188093303919,0.0022570815909652,-6.093682631616143,0.027494538312224,0.3425371924327494,-0.04477692155218655,-0.015337760994267449,0.04283229930649145,0.002222727146585762,-6.10902039261041
ES,2016,51,51.0,0.00262,-5.944580961209131,0.0025277113400363,-5.980440994329342,0.035860033120211,0.3425371924327494,-0.022027610039892332,-0.0075452756990681625,0.04340530881927916,0.0025087108332625006,-5.9879862700284106
ES,2016,52,52.0,0.00296,-5.822566010646168,0.0027979849624788,-5.878855777135398,0.0562897664892307,0.3425371924327494,-0.031745896598611774,-0.010874150292148846,0.06716391678137955,0.0027677240823489133,-5.889729927427547
ES,2016,53,53.0,0.00323,-5.735273141747572,0.0030653761172639,-5.78758500349659,0.0523118617490174,0.3425371924327494,-0.018478897704762805,-0.006329709739041428,0.058641571488058826,0.00304603445433405,-5.7939147132356315
ES,2016,54,54.0,0.00347,-5.663600685023369,0.0033934713485514,-5.685901884893841,0.0223011998704718,0.3425371924327494,-0.02276082068967687,-0.007796427616507149,0.03009762748697895,0.003367117262169921,-5.693698312510349
ES,2016,55,55.0,0.00371,-5.596723402362794,0.0036803871244419,-5.60473733547488,0.0080139331120863,0.3425371924327494,-0.011802718253971015,-0.004042869973789993,0.012056803085876294,0.003665537834943633,-5.60878020544867
ES,2016,56,56.0,0.0042,-5.472670753692815,0.0040950447559108,-5.497977632332475,0.0253068786396601,0.3425371924327494,-0.009497846384814686,-0.003253365634811961,0.02856024427447206,0.004081743726317165,-5.501230997967287
ES,2016,57,57.0,0.00457,-5.388242074076024,0.0044595073647054,-5.41271697539498,0.024474901318956,0.3425371924327494,0.0016563685822196309,0.000567367843787326,0.023907533475168673,0.004462038263690796,-5.412149607551193
ES,2016,58,58.0,0.0049,-5.318520073865556,0.0048069933199491,-5.337683479721956,0.0191634058563998,0.3425371924327494,-0.002887731778581961,-0.0009891555359342948,0.020152561392334095,0.004802240806770431,-5.33867263525789
ES,2016,59,59.0,0.00532,-5.236281975628584,0.0052730701386907,-5.24514251704479,0.0088605414162055,0.3425371924327494,0.0021529251198846968,0.0007374569260832444,0.008123084490122256,0.00527696023499918,-5.244405060118706
ES,2016,60,60.0,0.00588,-5.136198517071602,0.0057642610117948,-5.156078318768985,0.0198798016973835,0.3425371924327494,0.00016806373790831286,5.7568080932866916e-05,0.019822233616450635,0.005764592858791132,-5.156020750688053
ES,2016,61,61.0,0.00638,-5.054587181625439,0.0061764317194671,-5.087014565939285,0.0324273843138458,0.3425371924327494,0.000976080071276405,0.00033434372720457766,0.032093040586641225,0.006178497115925985,-5.08668022221208
ES,2016,62,62.0,0.00662,-5.01765990903322,0.0067466281008874,-4.998712439518941,-0.0189474695142797,0.3425371924327494,0.0036462507649648638,0.001248976499936829,-0.02019644601421653,0.006755059745206022,-4.997463463019003
ES,2016,63,63.0,0.00745,-4.899541246590669,0.0072805254700097,-4.922552239431997,0.0230109928413284,0.3425371924327494,0.00570633849258581,0.0019546331663212704,0.02105635967500713,0.007294770143582113,-4.920597606265676
ES,2016,64,64.0,0.00811,-4.814657410854816,0.0078390127206235,-4.848642381041372,0.0339849701865562,0.3425371924327494,0.005077161052295929,0.001739116492382351,0.03224585369417385,0.007852657538454764,-4.846903264548989
ES,2016,65,65.0,0.00864,-4.7513526961661725,0.0085317106992216,-4.763965386680955,0.012612690514782,0.3425371924327494,0.009843308735534526,0.003371699338518753,0.009240991176263246,0.008560525612857136,-4.7605936873424355
ES,2016,66,66.0,0.00939,-4.668109985761966,0.0092291895193768,-4.685384043707799,0.0172740579458334,0.3425371924327494,-0.000432995806356754,-0.00014831716784459691,0.017422375113677998,0.009227820773632626,-4.685532360875643
ES,2016,67,67.0,0.0098,-4.62537289330561,0.0100452071674163,-4.600659656993975,-0.0247132363116353,0.3425371924327494,0.0037702985620496174,0.0012914674840777082,-0.02600470379571301,0.01005818860659291,-4.599368189509898
ES,2016,68,68.0,0.01108,-4.502613597662999,0.0108125231881491,-4.527050262157732,0.0244366644947326,0.3425371924327494,0.005512961638150011,0.0018883944015213557,0.022548270093211243,0.010832960787454588,-4.525161867756211
ES,2016,69,69.0,0.01184,-4.436271649526278,0.0119020329302385,-4.431046058981372,-0.0052255905449056,0.3425371924327494,0.0012423699409680445,0.0004255579115420345,-0.005651148456447635,0.011907099012394666,-4.43062050106983
ES,2016,70,70.0,0.01259,-4.374852430925881,0.0129419275117148,-4.347283043373807,-0.0275693875520746,0.3425371924327494,-0.005748135177942354,-0.001968950085576296,-0.025600437466498302,0.012916470572378826,-4.349251993459383
ES,2016,71,71.0,0.01438,-4.241916926689236,0.0141710071554982,-4.256557151199988,0.0146402245107513,0.3425371924327494,-0.0009415248146464615,-0.00032250726661476367,0.014962731777366062,0.014166437639606016,-4.256879658466603
ES,2016,72,72.0,0.01559,-4.161125595912452,0.0155340140875308,-4.164723202101425,0.0035976061889728,0.3425371924327494,-0.0076712366358034755,-0.0026276838597153723,0.006225290048688172,0.015493249191522004,-4.16735088596114
ES,2016,73,73.0,0.01718,-4.064009362426027,0.0171451839779432,-4.0660379624194745,0.002028599993447,0.3425371924327494,-0.007171573646715354,-0.0024565307022705713,0.004485130695717571,0.017103117996446995,-4.068494493121745
ES,2016,74,74.0,0.01939,-3.9429978097275766,0.0191479650325114,-3.955558833622779,0.0125610238952025,0.3425371924327494,-0.007373793170530252,-0.002525798410213214,0.015086822305415713,0.019099662160212184,-3.9580846320329925
ES,2016,75,75.0,0.02162,-3.8341364667710742,0.0213049387107998,-3.848816368786344,0.0146799020152688,0.3425371924327494,-0.009725255571321695,-0.0033312617390914875,0.018011163754360286,0.021234084466160208,-3.8521476305254354
ES,2016,76,76.0,0.02377,-3.7393309976100335,0.0237023997356867,-3.742178981296634,0.0028479836865997,0.3425371924327494,-0.007460884535366459,-0.0025556304418093445,0.005403614128409045,0.023641902498595498,-3.7447346117384437
ES,2016,77,77.0,0.02689,-3.616000808701364,0.0266670592749186,-3.624326210275297,0.0083254015739333,0.3425371924327494,-0.0079753877692031,-0.002731866935025318,0.011057268508958617,0.02659430783630182,-3.6270580772103225
ES,2016,78,78.0,0.02983,-3.51224068045548,0.0299993779577197,-3.506578632277624,-0.0056620481778555,0.3425371924327494,-0.010159483472717449,-0.003480000945311554,-0.002182047232543946,0.029895161535866677,-3.5100586332229353
ES,2016,79,79.0,0.03451,-3.366506141872225,0.0341219235945904,-3.377815180615139,0.011309038742914,0.3425371924327494,-0.011536978481239996,-0.003951844218120993,0.015260882961034993,0.03398734515977013,-3.38176702483326
ES,2016,80,80.0,0.03776,-3.276504937704837,0.0386458897711947,-3.253314854462848,-0.0231900832419893,0.3425371924327494,-0.016322359065892727,-0.005591015048310129,-0.017599068193679172,0.03843042292041221,-3.258905869511158
ES,2016,81,81.0,0.04327,-3.140295724745344,0.0440354124116752,-3.122761141225816,-0.0175345835195277,0.3425371924327494,-0.01826100180196255,-0.00625507228825363,-0.011279511231274072,0.04376082739364788,-3.1290162135140696
ES,2016,82,82.0,0.05008,-2.994133552190294,0.0501880503595678,-2.9919783212666844,-0.0021552309236096,0.3425371924327494,-0.017966093037375695,-0.006154055068008237,0.003998824144398637,0.049880138758153156,-2.9981323763346928
ES,2016,83,83.0,0.05722,-2.8608517913601728,0.0574381881821952,-2.857045897528732,-0.0038058938314406,0.3425371924327494,-0.01845517084037204,-0.006321582405527782,0.0025156885740871826,0.05707623321184516,-2.8633674799342597
ES,2016,84,84.0,0.06597,-2.7185551857473573,0.0658735843572815,-2.7200177621840598,0.001462576436702,0.3425371924327494,-0.017377193738358086,-0.005952335155497131,0.0074149115921991315,0.06548264735357875,-2.725970097339557
ES,2016,85,85.0,0.07588,-2.578602133915324,0.0757516279860477,-2.5802953432586127,0.0016932093432893,0.3425371924327494,-0.014196355926147354,-0.004862779901718539,0.006555989245007839,0.07538415867725658,-2.585158123160331
ES,2017,20,20.0,0.00024,-8.334871634622283,0.0002489843410717,-8.298120550739085,-0.0367510838831979,0.826966560964002,-0.022396395195866847,-0.0185210699131167,-0.0182300139700812,0.0002444153268081431,-8.316641620652202
ES,2017,21,21.0,0.00024,-8.334871634622283,0.0002534427927539,-8.280372430009864,-0.0544992046124193,0.826966560964002,0.009528202766377263,0.007879505073878695,-0.062378709686297995,0.0002554476849313815,-8.272492924935985
ES,2017,22,22.0,0.00023,-8.377431249041079,0.0002577189208103,-8.263641021152646,-0.1137902278884332,0.826966560964002,-0.0030970907591287545,-0.0025611904940700965,-0.1112290373943631,0.00025705969811805747,-8.266202211646716
ES,2017,23,23.0,0.00026,-8.254828926948747,0.0002642464736635,-8.23862827800081,-0.0162006489479367,0.826966560964002,0.007365083306666807,0.006090677613327629,-0.022291326561264327,0.0002658608250013728,-8.232537600387483
ES,2017,24,24.0,0.00027,-8.2170885989659,0.0002744030060295,-8.200912707254496,-0.0161758917114038,0.826966560964002,0.01800911873033555,0.014892938982417983,-0.031068830693821783,0.00027852025613208167,-8.186019768272077
ES,2017,25,25.0,0.0003,-8.111728083308073,0.0002858317723298,-8.160107128844013,0.04837904553594,0.826966560964002,-0.011029524909087455,-0.00912104828313485,0.05750009381907485,0.0002832365405429354,-8.169228177127147
ES,2017,26,26.0,0.00028,-8.180720954795024,0.000285046225951,-8.162859194528654,-0.0178617602663706,0.826966560964002,-0.031097271331795188,-0.025716403528619116,0.007854643262248516,0.00027780931467535897,-8.188575598057273
ES,2017,27,27.0,0.0003,-8.111728083308073,0.000297124755262,-8.121358455970936,0.0096303726628637,0.826966560964002,-0.0079235688913933,-0.0065525265166768674,0.016182899179540567,0.0002951842021306345,-8.127910982487613
ES,2017,28,28.0,0.0003,-8.111728083308073,0.0003015575378945,-8.106549721216432,-0.005178362091641,0.826966560964002,-0.021477533117638545,-0.01776120170028401,0.01258283960864301,0.00029624879799716063,-8.124310922916715
ES,2017,29,29.0,0.00033,-8.016417903503749,0.0003306332307841,-8.014500861040469,-0.0019170424632797,0.826966560964002,-0.004275024603181553,-0.0035353023941295464,0.0016182599308498464,0.0003294664060860912,-8.018036163434598
ES,2017,30,30.0,0.00033,-8.016417903503749,0.0003485576009864,-7.961707058820296,-0.054710844683453,0.826966560964002,-0.028005810153739617,-0.023159868509848778,-0.03155097617360422,0.00034057781485787877,-7.9848669273301445
ES,2017,31,31.0,0.00032,-8.047189562170502,0.0003655023342467,-7.914237892346721,-0.1329516698237807,0.826966560964002,-0.036588221796833145,-0.030257235951115246,-0.10269443387266546,0.0003546088778860698,-7.944495128297836
ES,2017,32,32.0,0.00038,-7.875339305243843,0.000379137680883,-7.877611144752175,0.0022718395083316,0.826966560964002,-0.016023105685786396,-0.013250572604937522,0.015522412113269123,0.0003741470270461405,-7.8908617173571125
ES,2017,33,33.0,0.00041,-7.799353398265921,0.0004161718445316,-7.784412295183856,-0.0149411030820649,0.826966560964002,-0.007555540060437097,-0.006248178980005414,-0.008692924102059487,0.0004135796350881038,-7.790660474163861
ES,2017,34,34.0,0.00041,-7.799353398265921,0.0004585659736773,-7.687406386373916,-0.1119470118920045,0.826966560964002,-0.014722433570540979,-0.012174960258851246,-0.09977205163315325,0.0004530168002008812,-7.699581346632767
ES,2017,35,35.0,0.00047,-7.66277786326017,0.0004809165488989,-7.639816797923108,-0.0229610653370624,0.826966560964002,-0.030068622355405524,-0.024865745222175016,0.0019046798851126145,0.00046910565244727057,-7.6646825431452825
ES,2017,36,36.0,0.00048,-7.641724454062337,0.0005199234393628,-7.561828989223093,-0.079895464839244,0.826966560964002,-0.04182670015268112,-0.034589282381735205,-0.04530618245750879,0.0005022471284764047,-7.596418271604828
ES,2017,37,37.0,0.00056,-7.487573774235079,0.0005754986151966,-7.460273736066568,-0.0273000381685113,0.826966560964002,-0.03800814902299152,-0.03143146828615059,0.004131430117639293,0.0005576911717993643,-7.491705204352718
ES,2017,38,38.0,0.00064,-7.354042381610556,0.0006272773848148,-7.374121715137651,0.0200793335270947,0.826966560964002,-0.043803473634620824,-0.03622400794989972,0.056303341476994416,0.0006049615092162239,-7.410345723087551
ES,2017,39,39.0,0.0006,-7.418580902748128,0.0006919447468595,-7.27600445111306,-0.142576451635068,0.826966560964002,-0.07385186637052273,-0.061073023953204214,-0.08150342768186378,0.0006509501617966393,-7.337077475066264
ES,2017,40,40.0,0.00074,-7.208860371766058,0.000776727222309,-7.160421334473755,-0.0484390372923035,0.826966560964002,-0.04690603518063869,-0.03878972260178927,-0.009649314690514228,0.0007471750543778652,-7.199211057075544
ES,2017,41,41.0,0.00073,-7.222466023821838,0.0008510015461662,-7.069096612510912,-0.1533694113109254,0.826966560964002,-0.05026365073060458,-0.04156635838618381,-0.1118030529247416,0.0008163535939847086,-7.110662970897096
ES,2017,42,42.0,0.00083,-7.09408485717363,0.0009407968988944,-6.96878327706853,-0.1253015801051002,0.826966560964002,-0.06685808661838182,-0.055289401963436575,-0.07001217814166363,0.0008901926312669604,-7.024072679031967
ES,2017,43,43.0,0.00097,-6.938214486466846,0.0010633002896964,-6.846377726856928,-0.0918367596099178,0.826966560964002,-0.055319343304923656,-0.045747247087659704,-0.0460895125222581,0.0010157530971807134,-6.892124973944588
ES,2017,44,44.0,0.00104,-6.868534565828856,0.0011644756839914,-6.7554843499300485,-0.1130502158988076,0.826966560964002,-0.05846501607827734,-0.04834861328295809,-0.06470160261584951,0.0011095142598057132,-6.803832963213007
ES,2017,45,45.0,0.0012,-6.725433722188183,0.0013193771182477,-6.630595533869666,-0.0948381883185165,0.826966560964002,-0.06937338850449987,-0.057369472513985886,-0.03746871580453061,0.0012458154215553765,-6.687965006383652
ES,2017,46,46.0,0.00134,-6.615085665019317,0.0014563731993858,-6.531806043792038,-0.0832796212272786,0.826966560964002,-0.056673391960445775,-0.046867000047694764,-0.03641262117958383,0.0013896921324191677,-6.578673043839733
ES,2017,47,47.0,0.00164,-6.41305903714603,0.0016556933711965,-6.403535402484646,-0.0095236346613836,0.826966560964002,-0.07278151966673327,-0.06018788302053229,0.05066424835914869,0.0015589803620263425,-6.4637232855051785
ES,2017,48,48.0,0.00182,-6.3089187778934335,0.0018534448497073,-6.290709290492509,-0.0182094874009246,0.826966560964002,-0.048721874347788935,-0.04029136087311124,0.022081873472186642,0.0017802514664573663,-6.33100065136562
ES,2017,49,49.0,0.00196,-6.234810805739711,0.00205061388445,-6.189616074830483,-0.0451947309092277,0.826966560964002,-0.05394366444828174,-0.04460960667459165,-0.000585124234636053,0.0019611471790883,-6.234225681505075
ES,2017,50,50.0,0.00229,-6.079203461415989,0.0022960940896648,-6.076545821545273,-0.0026576398707156,0.826966560964002,-0.04477692155218655,-0.03702901682656661,0.03437137695585101,0.0022126268743842756,-6.113574838371839
ES,2017,51,51.0,0.00257,-5.9638493800750085,0.002569270279162,-5.964133358462305,0.0002839783872961,0.826966560964002,-0.022027610039892332,-0.018216096920945887,0.018500075308241985,0.002522891901706344,-5.98234945538325
ES,2017,52,52.0,0.00284,-5.863951226809022,0.0028400982018638,-5.863916649285752,-3.4577523270407085e-05,0.826966560964002,-0.031745896598611774,-0.026252794934872786,0.02621821741160238,0.0027665078884245202,-5.890169444220625
ES,2017,53,53.0,0.00297,-5.819193326167529,0.0031088360627716,-5.773506879185911,-0.0456864469816178,0.826966560964002,-0.018478897704762805,-0.015281430485313286,-0.03040501649630451,0.0030616897496137186,-5.788788309671224
ES,2017,54,54.0,0.00338,-5.68987956948721,0.0034383525693966,-5.672762826553245,-0.0171167429339647,0.826966560964002,-0.02276082068967687,-0.018822437610460385,0.001705694676495683,0.0033742396660754906,-5.691585264163705
ES,2017,55,55.0,0.00371,-5.596723402362794,0.0037251320758458,-5.592652971176271,-0.0040704311865225,0.826966560964002,-0.011802718253971015,-0.00976045332451346,0.00569002213799096,0.003688949962252038,-5.602413424500784
ES,2017,56,56.0,0.00414,-5.487059491144914,0.0041385981954428,-5.487398148617461,0.0003386574725467,0.826966560964002,-0.009497846384814686,-0.007854401361414581,0.008193058833961282,0.004106219308985809,-5.495252549978876
ES,2017,57,57.0,0.0045,-5.403677882205863,0.0045078779526044,-5.401928756683858,-0.0017491255220054,0.826966560964002,0.0016563685822196309,0.001369761430126988,-0.003118886952132388,0.004514056900832072,-5.40055899525373
ES,2017,58,58.0,0.00485,-5.328776574032745,0.0048561075538609,-5.3275180768168005,-0.0012584972159448,0.826966560964002,-0.002887731778581961,-0.0023880576179203853,0.0011295604019755854,0.00484452472495952,-5.3299061344347205
ES,2017,59,59.0,0.0053,-5.240048458424061,0.0053243513336791,-5.235464390078255,-0.0045840683458067,0.826966560964002,0.0021529251198846968,0.0017803970824040595,-0.00636446542821076,0.005333839236870651,-5.233683992995851
ES,2017,60,60.0,0.00572,-5.163786473590431,0.005819502102523,-5.146540570293022,-0.0172459032974092,0.826966560964002,0.00016806373790831286,0.00013898309136079287,-0.017384886388769994,0.005820310971123622,-5.146401587201661
ES,2017,61,61.0,0.00618,-5.086437007512537,0.0062304041225004,-5.078314081111529,-0.0081229264010085,0.826966560964002,0.000976080071276405,0.0008071855797689466,-0.008930111980777446,0.006235435245115903,-5.0775068955317595
ES,2017,62,62.0,0.00673,-5.001180135325501,0.0068014075238712,-4.990625699414714,-0.0105544359107865,0.826966560964002,0.0036462507649648638,0.003015327455515355,-0.013569763366301854,0.006821946945692978,-4.987610371959199
ES,2017,63,63.0,0.0075,-4.892852258439873,0.0073378766841728,-4.914705758290716,0.0218534998508435,0.826966560964002,0.00570633849258581,0.004718951118910194,0.017134548731933305,0.007372585595981528,-4.909986807171806
ES,2017,64,64.0,0.00769,-4.867834495464584,0.0079036558238052,-4.840429864043717,-0.0274046314208673,0.826966560964002,0.005077161052295929,0.004198642414877538,-0.03160327383574484,0.007936910211167946,-4.8362312216288394
ES,2017,65,65.0,0.00863,-4.7525107738868,0.0086054354295632,-4.755361248674032,0.0028504747872322,0.826966560964002,0.009843308735534526,0.008140087173531907,-0.005289612386299707,0.008675770301750265,-4.747221161500501
ES,2017,66,66.0,0.00931,-4.6766661876931614,0.0093090905441646,-4.676763878376164,9.769068300258256e-05,0.826966560964002,-0.000432995806356754,-0.0003580730528946798,0.0004557637358972623,0.009305757806411227,-4.677121951429059
ES,2017,67,67.0,0.0101,-4.595219855134923,0.0101373510708274,-4.591528550565662,-0.0036913045692612,0.826966560964002,0.0037702985620496174,0.003117910835665694,-0.0068092154049268945,0.010169007753287256,-4.588410639729996
ES,2017,68,68.0,0.01093,-4.51624397679369,0.0109211476888862,-4.517054214473104,0.0008102376794143,0.826966560964002,0.005512961638150011,0.004559034926627386,-0.003748797247213086,0.010971051252246677,-4.512495179546477
ES,2017,69,69.0,0.01163,-4.454167312451564,0.0120253477088982,-4.420738547907465,-0.0334287645440989,0.826966560964002,0.0012423699409680445,0.001027398397527394,-0.03445616294162629,0.012037708880700788,-4.419711149509938
ES,2017,70,70.0,0.01296,-4.345887588058009,0.0130831855388095,-4.336427419882356,-0.0094601681756527,0.826966560964002,-0.005748135177942354,-0.004753515580059191,-0.00470665259559351,0.013021141991825122,-4.341180935462416
ES,2017,71,71.0,0.01411,-4.260871513117414,0.0143340141320104,-4.245119955502534,-0.0157515576148803,0.826966560964002,-0.0009415248146464615,-0.0007786095380304537,-0.014972948076849846,0.014322857875636433,-4.245898565040564
ES,2017,72,72.0,0.01538,-4.174687314904639,0.0157303226119614,-4.152165052779513,-0.0225222621251255,0.826966560964002,-0.0076712366358034755,-0.0063438561790514604,-0.016178405946074042,0.01563084756895438,-4.158508908958565
ES,2017,73,73.0,0.01713,-4.066923966646108,0.0173644629574123,-4.053329519989805,-0.0135944466563033,0.826966560964002,-0.007171573646715354,-0.0059306515953242624,-0.007663795060979037,0.01726178515157234,-4.059260171585129
ES,2017,74,74.0,0.01934,-3.945579788956989,0.0194061478456143,-3.9421653638563496,-0.0034144251006393,0.826966560964002,-0.007373793170530252,-0.0060978803794932476,0.0026834552788539477,0.01928817154567773,-3.948263244235843
ES,2017,75,75.0,0.02072,-3.876655861590855,0.0216008396940258,-3.8350230903242015,-0.0416327712666522,0.826966560964002,-0.009725255571321695,-0.008042461154311903,-0.033590310112340295,0.021427812494783035,-3.8430655514785133
ES,2017,76,76.0,0.02334,-3.7575866521237273,0.0240384584498501,-3.728100295753461,-0.0294863563702669,0.826966560964002,-0.007460884535366459,-0.006169902025961506,-0.023316454344305394,0.023890600121112222,-3.734270197779422
ES,2017,77,77.0,0.02646,-3.632121120295327,0.0270527873362914,-3.609965235142794,-0.0221558851525331,0.826966560964002,-0.0079753877692031,-0.00659537899585225,-0.01556050615668085,0.026874951044428053,-3.6165606141386464
ES,2017,78,78.0,0.03013,-3.5022339258399278,0.0304300639614995,-3.492324213153038,-0.0099097126868894,0.826966560964002,-0.010159483472717449,-0.008401553108603766,-0.0015081595782856349,0.030175475131351596,-3.500725766261642
ES,2017,79,79.0,0.03435,-3.3711532603137786,0.0346041501709513,-3.3637816569742194,-0.0073716033395592,0.826966560964002,-0.011536978481239996,-0.009540695418546734,0.0021690920789875336,0.034275572436387694,-3.373322352392766
ES,2017,80,80.0,0.03857,-3.2552805067620008,0.0392109889411814,-3.23879824133869,-0.0164822654233107,0.826966560964002,-0.016322359065892727,-0.013498045143540909,-0.00298422027976979,0.03868527329108936,-3.2522962864822307
ES,2017,81,81.0,0.04409,-3.121522279612291,0.0446429888486151,-3.109058008656367,-0.0124642709559239,0.826966560964002,-0.01826100180196255,-0.015101237859926415,0.0026369669040025145,0.04397388928653905,-3.1241592465162933
ES,2017,82,82.0,0.05015,-2.9927367645741927,0.0508589899637688,-2.978698378332648,-0.0140383862415447,0.826966560964002,-0.017966093037375695,-0.01485735817307788,0.0008189719315331787,0.050108945371222575,-2.993555736505726
ES,2017,83,83.0,0.05728,-2.8598037563297467,0.0581669972837097,-2.844437142063292,-0.0153666142664548,0.826966560964002,-0.01845517084037204,-0.015261809161865597,-0.0001048051045892031,0.05728600355098677,-2.8596989512251576
ES,2017,84,84.0,0.06635,-2.7128115182039205,0.0666266076001432,-2.708651267704404,-0.0041602504995164,0.826966560964002,-0.017377193738358086,-0.014370358145015175,0.010210107645498775,0.06567600598853081,-2.723021625849419
ES,2017,85,85.0,0.07617,-2.5747875945974403,0.0765572867883312,-2.569715971489302,-0.0050716231081384,0.826966560964002,-0.014196355926147354,-0.011739911638467007,0.006668288530328607,0.07566376619503355,-2.5814558831277687
ES,2018,20,20.0,0.00022,-8.421883011611913,0.0002386138143402,-8.340664152490247,-0.081218859121666,-0.6979353566189623,-0.022396395195866847,0.01563123606800654,-0.09685009518967254,0.00024237294660266133,-8.32503291642224
ES,2018,21,21.0,0.00024,-8.334871634622283,0.0002441766493739,-8.317618621768794,-0.0172530128534891,-0.6979353566189623,0.009528202766377263,-0.006650069595689299,-0.010602943257799802,0.00024255824487755113,-8.324268691364484
ES,2018,22,22.0,0.00022,-8.421883011611913,0.0002480336703997,-8.301946053274117,-0.1199369583377958,-0.6979353566189623,-0.0030970907591287545,0.00216156914345382,-0.12209852748124962,0.0002485703921998473,-8.299784484130663
ES,2018,23,23.0,0.00026,-8.254828926948747,0.00025451945856,-8.27613326690032,0.0213043399515733,-0.6979353566189623,0.007365083306666807,-0.0051403520441668646,0.026444691995740167,0.0002532144957983699,-8.281273618944487
ES,2018,24,24.0,0.00029,-8.145629634983754,0.0002647540463013,-8.236709290119444,0.0910796551356902,-0.6979353566189623,0.01800911873033555,-0.012569200703449976,0.10364885583914019,0.00026144712576711704,-8.249278490822894
ES,2018,25,25.0,0.00025,-8.294049640102028,0.0002763433217064,-8.19386654604754,-0.1001830940544881,-0.6979353566189623,-0.011029524909087455,0.007697895400761681,-0.10788098945524978,0.0002784787924616279,-8.186168650646778
ES,2018,26,26.0,0.00032,-8.047189562170502,0.0002761252723633,-8.194655909847645,0.1474663476771436,-0.6979353566189623,-0.031097271331795188,0.021703885156833108,0.12576246252031048,0.00028218377223241276,-8.172952024690812
ES,2018,27,27.0,0.00025,-8.294049640102028,0.0002870953798867,-8.155696063315146,-0.1383535767868817,-0.6979353566189623,-0.0079235688913933,0.005530138879909499,-0.1438837156667912,0.00028868745535107877,-8.150165924435237
ES,2018,28,28.0,0.00034,-7.986564940354067,0.0002922524949012,-8.137892420775167,0.1513274804210995,-0.6979353566189623,-0.021477533117638545,0.014989929735754632,0.13633755068534487,0.0002966663382173285,-8.122902491039412
ES,2018,29,29.0,0.00037,-7.902007552326004,0.0003208422105227,-8.044561111691413,0.1425535593654094,-0.6979353566189623,-0.004275024603181553,0.0029836908209763553,0.13956986854443304,0.0003218009340372968,-8.041577420870437
ES,2018,30,30.0,0.00037,-7.902007552326004,0.0003384864442453,-7.991026512956415,0.089018960630411,-0.6979353566189623,-0.028005810153739617,0.019546245097053216,0.06947271553335778,0.0003451676669395027,-7.971480267859362
ES,2018,31,31.0,0.00037,-7.902007552326004,0.0003546875797175,-7.94427321310016,0.0422656607741567,-0.6979353566189623,-0.036588221796833145,0.025536213627826432,0.01672944714633027,0.00036386159379153443,-7.918736999472333
ES,2018,32,32.0,0.00035,-7.957577403480815,0.0003682468691991,-7.906757004492961,-0.0508203989878532,-0.6979353566189623,-0.016023105685786396,0.011183091980952652,-0.06200349096880585,0.00037238812064785556,-7.895573912512009
ES,2018,33,33.0,0.00038,-7.875339305243843,0.0004043770388446,-7.813162850756603,-0.0621764544872398,-0.6979353566189623,-0.007555540060437097,0.005273278546530021,-0.06744973303376982,0.00040651506385462247,-7.807889572210073
ES,2018,34,34.0,0.00046,-7.684284068481133,0.0004461192108309,-7.714924352800828,0.030640284319694,-0.6979353566189623,-0.014722433570540979,0.0102753069243545,0.0203649773953395,0.0004507268545837353,-7.704649045876473
ES,2018,35,35.0,0.00048,-7.641724454062337,0.000465826086289,-7.671698198885439,0.0299737448231018,-0.6979353566189623,-0.030068622355405524,0.020985954666660856,0.008987790156440943,0.00047570519006147626,-7.650712244218778
ES,2018,36,36.0,0.00049,-7.621105166859602,0.0005035022340964,-7.593922408682601,-0.027182758177001,-0.6979353566189623,-0.04182670015268112,0.029192332887255902,-0.0563750910642569,0.0005184172822567087,-7.564730075795345
ES,2018,37,37.0,0.0005,-7.600902459542082,0.0005579930785558,-7.491163999681615,-0.1097384598604671,-0.6979353566189623,-0.03800814902299152,0.026527231042788254,-0.13626569090325535,0.0005729931656466936,-7.464636768638827
ES,2018,38,38.0,0.00056,-7.487573774235079,0.0006076085246348,-7.40597975732981,-0.0815940169052691,-0.6979353566189623,-0.043803473634620824,0.0305719929923284,-0.11216600989759751,0.0006264711937478757,-7.375407764337481
ES,2018,39,39.0,0.00063,-7.369790738578696,0.0006701765805357,-7.307969327264875,-0.0618214113138213,-0.6979353566189623,-0.07385186637052273,0.05154382869228673,-0.11336524000610804,0.0007056257934671216,-7.256425498572588
ES,2018,40,40.0,0.00071,-7.250245587928913,0.0007523107704566,-7.1923610607963,-0.0578845271326127,-0.6979353566189623,-0.04690603518063869,0.03273738039138066,-0.09062190752399335,0.0007773470291011551,-7.15962368040492
ES,2018,41,41.0,0.00078,-7.156216638280637,0.0008240223526689,-7.101312901397344,-0.0549037368832934,-0.6979353566189623,-0.05026365073060458,0.035080778997635474,-0.08998451588092887,0.0008534427263789568,-7.066232122399709
ES,2018,42,42.0,0.00083,-7.09408485717363,0.0009113352294518,-7.000599748752402,-0.0934851084212287,-0.6979353566189623,-0.06685808661838182,0.046662622526861784,-0.1401477309480905,0.0009548683062324632,-6.95393712622554
ES,2018,43,43.0,0.00098,-6.927957986299656,0.0010309704163501,-6.877254768490717,-0.0507032178089392,-0.6979353566189623,-0.055319343304923656,0.038609325597448695,-0.08931254340638789,0.0010715538979741532,-6.838645442893268
ES,2018,44,44.0,0.00095,-6.959048573369688,0.0011279434006312,-6.787359303910507,-0.1716892694591809,-0.6979353566189623,-0.05846501607827734,0.04080480184632586,-0.21249407130550674,0.0011749208421196445,-6.746554502064181
ES,2018,45,45.0,0.00114,-6.776727016575733,0.0012799172564587,-6.660959846531677,-0.1157671700440561,-0.6979353566189623,-0.06937338850449987,0.048418140645753935,-0.16418531068981002,0.0013434132449758138,-6.612541705885923
ES,2018,46,46.0,0.00132,-6.630123542383857,0.0014136225923544,-6.561599654945555,-0.0685238874383022,-0.6979353566189623,-0.056673391960445775,0.03955436402871995,-0.10807825146702216,0.0014706581005614777,-6.522045290916835
ES,2018,47,47.0,0.00152,-6.489044944123952,0.0016095378346592,-6.431808200413019,-0.0572367437109333,-0.6979353566189623,-0.07278151966673327,0.0507967958838715,-0.1080335395948048,0.0016934093682990313,-6.381011404529147
ES,2018,48,48.0,0.00169,-6.383026750047155,0.0018039483520219,-6.317777487451103,-0.0652492625960521,-0.6979353566189623,-0.048721874347788935,0.03400471874806834,-0.09925398134412045,0.0018663460031303294,-6.2837727687030345
ES,2018,49,49.0,0.00195,-6.239925906406482,0.0019981270199741,-6.215545027215865,-0.024380879190617,-0.6979353566189623,-0.05394366444828174,0.03764919068404516,-0.062030069874662155,0.0020747889599256413,-6.177895836531819
ES,2018,50,50.0,0.00218,-6.12843040218114,0.0022398644113751,-6.101339945583352,-0.0270904565977883,-0.6979353566189623,-0.04477692155218655,0.03125139671182462,-0.05834185330961292,0.002310968567883,-6.070088548871528
ES,2018,51,51.0,0.00244,-6.0157572396770265,0.0025093593314617,-5.987727804848944,-0.0280294348280829,-0.6979353566189623,-0.022027610039892332,0.01537384786865569,-0.04340328269673859,0.002548235915696716,-5.972353956980289
ES,2018,52,52.0,0.00262,-5.944580961209131,0.002779369733982,-5.885531091378127,-0.0590498698310044,-0.6979353566189623,-0.031745896598611774,0.022156583663740813,-0.08120645349474521,0.0028416383546185546,-5.8633745077143855
ES,2018,53,53.0,0.00299,-5.812481891579542,0.0030461536217411,-5.793875591854076,-0.0186062997254659,-0.6979353566189623,-0.018478897704762805,0.012897076059498953,-0.03150337578496485,0.0030856945296545988,-5.780978515794577
ES,2018,54,54.0,0.00346,-5.666486689912504,0.0033736067105526,-5.691772866396894,0.0252861764843901,-0.6979353566189623,-0.02276082068967687,0.015885581504989883,0.009400594979400219,0.003427626345585687,-5.675887284891904
ES,2018,55,55.0,0.00374,-5.588669667555696,0.0036605676662082,-5.610137043538744,0.0214673759830477,-0.6979353566189623,-0.011802718253971015,0.008237534373658397,0.013229841609389302,0.0036908462574361165,-5.601899509165086
ES,2018,56,56.0,0.00407,-5.504112279527633,0.0040757320339734,-5.502704908183803,-0.0014073713438298,-0.6979353566189623,-0.009497846384814686,0.00662888280369776,-0.008036254147527561,0.004102839330248477,-5.4960760253801055
ES,2018,57,57.0,0.00444,-5.417100902538004,0.0044380618363116,-5.417537521195297,0.000436618657293,-0.6979353566189623,0.0016563685822196309,-0.0011560381971239032,0.0015926568544169031,0.00443293423173208,-5.418693559392421
ES,2018,58,58.0,0.00491,-5.316481337175707,0.0047852082668679,-5.3422257300781215,0.0257443929024141,-0.6979353566189623,-0.002887731778581961,0.0020154501087045113,0.023728942793709587,0.004794862340773802,-5.340210279969417
ES,2018,59,59.0,0.00526,-5.247624252232519,0.0052503158839664,-5.2494670358140825,0.0018427835815639,-0.6979353566189623,0.0021529251198846968,-0.001502602561320648,0.003345386142884548,0.005242432670023452,-5.250969638375403
ES,2018,60,60.0,0.00579,-5.151622987397233,0.0057397471989326,-5.1603401116183365,0.0087171242211034,-0.6979353566189623,0.00016806373790831286,-0.00011729762485175416,0.008834421845955153,0.005739073979703242,-5.160457409243188
ES,2018,61,61.0,0.00639,-5.053021010592694,0.0061524663766731,-5.090902240700079,0.0378812301073852,-0.6979353566189623,0.000976080071276405,-0.0006812407926349599,0.03856247090002016,0.006148276492923923,-5.091583481492714
ES,2018,62,62.0,0.00693,-4.971895465780325,0.0067222936070588,-5.002325872106056,0.0304304063257303,-0.6979353566189623,0.0036462507649648638,-0.0025448473279679165,0.03297525365369822,0.006705208145301722,-5.004870719434024
ES,2018,63,63.0,0.00743,-4.902229420252469,0.0072550440856092,-4.926058316081509,0.0238288958290393,-0.6979353566189623,0.00570633849258581,-0.003982655390811389,0.02781155121985069,0.007226207206962638,-4.93004097147232
ES,2018,64,64.0,0.00802,-4.825816857103714,0.0078102991293224,-4.852312015054471,0.026495157950757,-0.6979353566189623,0.005077161052295929,-0.0035435302096460653,0.030038688160403063,0.0077826720759688675,-4.8558555452641174
ES,2018,65,65.0,0.00849,-4.768866278658881,0.0084989724555077,-4.767810010380681,-0.0010562682781998,-0.6979353566189623,0.009843308735534526,-0.006869993192645836,0.005813724914446036,0.00844078467627383,-4.774680003573327
ES,2018,66,66.0,0.00941,-4.6659823253848485,0.009193709038709,-4.689235828965416,0.0232535035805678,-0.6979353566189623,-0.000432995806356754,0.00030220308252411625,0.022951300498043684,0.009196487825778189,-4.688933625882893
ES,2018,67,67.0,0.01001,-4.604170685655008,0.0100043053039768,-4.604739748242023,0.0005690625870142,-0.6979353566189623,0.0037702985620496174,-0.0026314246714640604,0.0032004872584782606,0.00997801433470248,-4.607371172913488
ES,2018,68,68.0,0.0106,-4.546901277864116,0.0107643359208277,-4.5315168387980655,-0.0153844390660502,-0.6979353566189623,0.005512961638150011,-0.003847690846948887,-0.011536748219101313,0.010722997663449054,-4.5353645296450145
ES,2018,69,69.0,0.01192,-4.429537617344933,0.0118473411970033,-4.435651808136961,0.0061141907920276,-0.6979353566189623,0.0012423699409680445,-0.0008670939078022113,0.006981284699829811,0.01183707289206345,-4.436518902044763
ES,2018,70,70.0,0.01288,-4.352079558305929,0.0128793025715994,-4.352133707939737,5.414963380800941e-05,-0.6979353566189623,-0.005748135177942354,0.004011826775311199,-0.00395767714150319,0.01293107588584785,-4.348121881164426
ES,2018,71,71.0,0.0143,-4.247495741716276,0.0140987705257342,-4.261667682156311,0.0141719404400353,-0.6979353566189623,-0.0009415248146464615,0.0006571234572758805,0.01351481698275942,0.014108038203236077,-4.261010558699035
ES,2018,72,72.0,0.01512,-4.19173690823075,0.0154470904532799,-4.1703346135489054,-0.0214022946818444,-0.6979353566189623,-0.0076712366358034755,0.005354027277117947,-0.026756321958962347,0.01553001639269633,-4.1649805862717875
ES,2018,73,73.0,0.01672,-4.0911496713255815,0.0170480998028339,-4.071716529977598,-0.0194331413479833,-0.6979353566189623,-0.007171573646715354,0.005005294810639433,-0.024438436158622734,0.01713364447787168,-4.0667112351669585
ES,2018,74,74.0,0.01869,-3.9797666575146655,0.0190337131685971,-3.961543494868818,-0.0182231626458473,-0.6979353566189623,-0.007373793170530252,0.005146430966108501,-0.0233695936119558,0.01913192135351031,-3.9563970639027097
ES,2018,75,75.0,0.02051,-3.886842706897848,0.0211740335989947,-3.8549796782578825,-0.0318630286399654,-0.6979353566189623,-0.009725255571321695,0.006787599715380958,-0.038650628355346356,0.021318243328722113,-3.8481920785425014
ES,2018,76,76.0,0.02359,-3.7469323855625536,0.0235537597770586,-3.748469820432031,0.0015374348694772,-0.6979353566189623,-0.007460884535366459,0.00520721510888389,-0.00366978023940669,0.023676729156986997,-3.743262605323147
ES,2018,77,77.0,0.02578,-3.658156281471096,0.0264964852709166,-3.630743186072431,-0.0274130953986646,-0.6979353566189623,-0.0079753877692031,0.0055663051068732755,-0.032979400505537874,0.026644384035146306,-3.625176880965558
ES,2018,78,78.0,0.02967,-3.5176188446794066,0.0298089082613271,-3.512947995199063,-0.0046708494803433,-0.6979353566189623,-0.010159483472717449,0.007090662720595506,-0.011761512200938806,0.030021024308831336,-3.5058573324784676
ES,2018,79,79.0,0.03375,-3.388774861663598,0.0339086260956698,-3.384085839865044,-0.004689021798554,-0.6979353566189623,-0.011536978481239996,0.00805206519060953,-0.012741086989163531,0.03418276276553141,-3.3760337746744344
ES,2018,80,80.0,0.03903,-3.2434246977896133,0.0383960236839249,-3.259801374647904,0.0163766768582909,-0.6979353566189623,-0.016322359065892727,0.011391951495516594,0.004984725362774306,0.03883593026310602,-3.2484094231523875
ES,2018,81,81.0,0.04372,-3.1299496156738,0.0437666060900543,-3.128884170423468,-0.0010654452503318,-0.6979353566189623,-0.01826100180196255,0.012744998804872247,-0.013810444055204048,0.04432798119599957,-3.1161391716185958
ES,2018,82,82.0,0.04919,-3.0120649281748886,0.0498911196576838,-2.9979122548337838,-0.0141526733411052,-0.6979353566189623,-0.017966093037375695,0.012539171551090262,-0.026691844892195463,0.05052065162213294,-2.9853730832826937
ES,2018,83,83.0,0.05611,-2.8804412292192563,0.0571154899494764,-2.8626799215352627,-0.0177613076839935,-0.6979353566189623,-0.01845517084037204,0.012880516241938934,-0.030641823925932433,0.057855925303271785,-2.8497994052933238
ES,2018,84,84.0,0.06538,-2.7275388776860727,0.0655398646140254,-2.7250967014135496,-0.002442176272523,-0.6979353566189623,-0.017377193738358086,0.012128157908817749,-0.014570334181340749,0.0663395821892425,-2.712968543504732
ES,2018,85,85.0,0.07398,-2.603960492577829,0.0753943779995165,-2.585022569088766,-0.0189379234890632,-0.6979353566189623,-0.014196355926147354,0.009908138736005373,-0.028846062225068574,0.07614510898837512,-2.5751144303527607
ES,2019,20,20.0,0.00021,-8.468403027246806,0.0002278248005487,-8.386933643040441,-0.0814693842063647,-0.3003131680195666,-0.022396395195866847,0.0067259323934889745,-0.08819531659985366,0.00022936229951576003,-8.380207710646951
ES,2019,21,21.0,0.00022,-8.421883011611913,0.0002344831646713,-8.358126765101384,-0.063756246510529,-0.3003131680195666,0.009528202766377263,-0.0028614447583035544,-0.06089480175222544,0.0002338131630923068,-8.360988209859688
ES,2019,22,22.0,0.00022,-8.421883011611913,0.0002379129355537,-8.343605768221055,-0.0782772433908576,-0.3003131680195666,-0.0030970907591287545,0.0009300971375180806,-0.07920734052837569,0.0002381343206329789,-8.342675671083537
ES,2019,23,23.0,0.00025,-8.294049640102028,0.0002443465942506,-8.316922872341374,0.0228732322393465,-0.3003131680195666,0.007365083306666807,-0.002211831500553134,0.025085063739899636,0.00024380673801203693,-8.319134703841927
ES,2019,24,24.0,0.00026,-8.254828926948747,0.0002546448138768,-8.275640870531623,0.0208119435828759,-0.3003131680195666,0.01800911873033555,-0.0054083754991475835,0.026220319082023484,0.0002532713166468788,-8.28104924603077
ES,2019,25,25.0,0.0003,-8.111728083308073,0.0002663811048236,-8.230582549652855,0.1188544663447821,-0.3003131680195666,-0.011029524909087455,0.003312311567198776,0.11554215477758333,0.0002672649049410281,-8.227270238085657
ES,2019,26,26.0,0.00026,-8.254828926948747,0.0002667396892345,-8.229237321820815,-0.0255916051279321,-0.3003131680195666,-0.031097271331795188,0.009338920070415459,-0.03493052519834756,0.0002692424180745122,-8.219898401750399
ES,2019,27,27.0,0.0003,-8.111728083308073,0.0002765715793898,-8.193040893868563,0.0813128105604903,-0.3003131680195666,-0.0079235688913933,0.0023795520757956073,0.0789332584846947,0.00027723047949837867,-8.190661341792767
ES,2019,28,28.0,0.00028,-8.180720954795024,0.0002824581796029,-8.171980055139857,-0.0087408996551676,-0.3003131680195666,-0.021477533117638545,0.00644998601180319,-0.01519088566697079,0.0002842859190206827,-8.165530069128053
ES,2019,29,29.0,0.0003,-8.111728083308073,0.0003105225660693,-8.077253982679764,-0.0344741006283086,-0.3003131680195666,-0.004275024603181553,0.0012838461819430426,-0.03575794681025164,0.00031092148530085845,-8.075970136497821
ES,2019,30,30.0,0.00033,-8.016417903503749,0.0003278633311087,-8.022913709861436,0.0064958063576874,-0.3003131680195666,-0.028005810153739617,0.00841051357022409,-0.0019147072125366895,0.00033063245867350724,-8.014503196291212
ES,2019,31,31.0,0.00037,-7.902007552326004,0.0003432886323659,-7.976938970877368,0.0749314185513645,-0.3003131680195666,-0.036588221796833145,0.010987924800009522,0.06394349375135497,0.0003470814615436384,-7.965951046077359
ES,2019,32,32.0,0.00036,-7.929406526514119,0.0003567570985665,-7.938455403931295,0.0090488774171761,-0.3003131680195666,-0.016023105685786396,0.004811949630010842,0.004236927787165257,0.00035847793271815646,-7.933643454301284
ES,2019,33,33.0,0.00035,-7.957577403480815,0.0003919284242558,-7.844431326029735,-0.1131460774510797,-0.3003131680195666,-0.007555540060437097,0.002269028171648612,-0.11541510562272832,0.0003928187305748116,-7.842162297858087
ES,2019,34,34.0,0.00041,-7.799353398265921,0.000432965594701,-7.744852291083953,-0.0545011071819674,-0.3003131680195666,-0.014722433570540979,0.004421340666526781,-0.05892244784849418,0.0004348841211964072,-7.7404309504174265
ES,2019,35,35.0,0.00042,-7.77525584668686,0.0004499510706,-7.706371713111661,-0.0688841335751986,-0.3003131680195666,-0.030068622355405524,0.009030003237535795,-0.07791413681273439,0.00045403253028753995,-7.6973417098741255
ES,2019,36,36.0,0.00044,-7.728735831051967,0.0004862311112288,-7.628826509588084,-0.0999093214638833,-0.3003131680195666,-0.04182670015268112,0.012561108830656156,-0.11247043029453946,0.0004923772333765957,-7.6162654007574275
ES,2019,37,37.0,0.00052,-7.5616817463888015,0.000539558376332,-7.524759574611764,-0.0369221717770376,-0.3003131680195666,-0.03800814902299152,0.01141434764365438,-0.048336519420691976,0.0005457523661403346,-7.513345226968109
ES,2019,38,38.0,0.00057,-7.469874197135678,0.0005869165762452,-7.440627867068605,-0.0292463300670728,-0.3003131680195666,-0.043803473634620824,0.01315475993747454,-0.04240109000454734,0.0005946883286040498,-7.42747310713113
ES,2019,39,39.0,0.00065,-7.338538195074591,0.0006472786816108,-7.342733627281015,0.0041954322064245,-0.3003131680195666,-0.07385186637052273,0.02217868795388937,-0.01798325574746487,0.0006617948533004426,-7.320554939327125
ES,2019,40,40.0,0.00063,-7.369790738578696,0.0007266264703521,-7.227098008408324,-0.1426927301703715,-0.3003131680195666,-0.04690603518063869,0.014086500024334848,-0.15677923019470635,0.0007369345259056169,-7.213011508383989
ES,2019,41,41.0,0.00068,-7.293417759794122,0.0007956504255968,-7.136350632403568,-0.1570671273905537,-0.3003131680195666,-0.05026365073060458,0.015094836187136864,-0.17216196357769056,0.0008077517423535525,-7.121255796216431
ES,2019,42,42.0,0.00079,-7.143477612503207,0.0008803397483628,-7.035202647315812,-0.1082749651873955,-0.3003131680195666,-0.06685808661838182,0.020078363800092834,-0.12835332898748833,0.0008981941741094891,-7.015124283515719
ES,2019,43,43.0,0.00088,-7.035588650492022,0.0009969240559381,-6.910835963483303,-0.1247526870087192,-0.3003131680195666,-0.055319343304923656,0.016613127240663623,-0.14136581424938283,0.001013624420669804,-6.89422283624264
ES,2019,44,44.0,0.00091,-7.002065958453378,0.0010895115455355,-6.822025806540284,-0.1800401519130945,-0.3003131680195666,-0.05846501607827734,0.017557814196782363,-0.19759796610987687,0.0011088099095951573,-6.804467992343502
ES,2019,45,45.0,0.00111,-6.803395263657894,0.001238340120371,-6.693983408711384,-0.1094118549465097,-0.3003131680195666,-0.06937338850449987,0.020833742078038536,-0.13024559702454824,0.0012644100026946465,-6.673149666633345
ES,2019,46,46.0,0.00125,-6.684611727667927,0.001368551312642,-6.594002534649699,-0.0906091930182277,-0.3003131680195666,-0.056673391960445775,0.017019765882056108,-0.10762895890028382,0.0013920430807033877,-6.576982768767643
ES,2019,47,47.0,0.00149,-6.508979159024769,0.0015607995188545,-6.462557076923897,-0.0464220821008725,-0.3003131680195666,-0.07278151966673327,0.02185724874439506,-0.06827933084526756,0.0015952898610676854,-6.440699828179502
ES,2019,48,48.0,0.00167,-6.394931652553473,0.0017516163893373,-6.347216266299967,-0.0477153862535066,-0.3003131680195666,-0.048721874347788935,0.01463182043723575,-0.062347206690742354,0.0017774341455988672,-6.332584445862731
ES,2019,49,49.0,0.00191,-6.260652036923599,0.0019425673809237,-6.243744788589834,-0.0169072483337648,-0.3003131680195666,-0.05394366444828174,0.016199992765047955,-0.03310724109881276,0.001974293243975331,-6.227544795824786
ES,2019,50,50.0,0.00207,-6.18020667170486,0.0021802723201708,-6.128305492473113,-0.0519011792317467,-0.3003131680195666,-0.04477692155218655,0.013447099165500753,-0.06534827839724745,0.0022097886681251276,-6.114858393307612
ES,2019,51,51.0,0.00239,-6.036461913038718,0.0024457863100127,-6.0133886085700095,-0.0230733044687081,-0.3003131680195666,-0.022027610039892332,0.006615181354979678,-0.02968848582368778,0.002462019262775286,-6.0067734272150295
ES,2019,52,52.0,0.00266,-5.9294291561885295,0.0027147959478651,-5.9090384857447456,-0.0203906704437839,-0.3003131680195666,-0.031745896598611774,0.009533710779150686,-0.029924381222934587,0.0027408017963999084,-5.899504774965595
ES,2019,53,53.0,0.00293,-5.832752855953161,0.0029794154418751,-5.816028158151395,-0.0167246978017656,-0.3003131680195666,-0.018478897704762805,0.0055494563112268155,-0.022274154112992415,0.0029959955404183563,-5.810478701840169
ES,2019,54,54.0,0.00334,-5.701784471993528,0.0033045738008841,-5.712447769853571,0.0106632978600433,-0.3003131680195666,-0.02276082068967687,0.006835374168042157,0.0038279236920011435,0.003327239174184478,-5.705612395685529
ES,2019,55,55.0,0.00358,-5.632392478569528,0.0035916185153619,-5.629152338146053,-0.0032401404234754,-0.3003131680195666,-0.011802718253971015,0.003544511710092403,-0.006784652133567803,0.0036043716376914802,-5.62560782643596
ES,2019,56,56.0,0.00407,-5.504112279527633,0.0040084437509371,-5.5193522050264985,0.0152399254988653,-0.3003131680195666,-0.009497846384814686,0.002852328337186886,0.012387597161678414,0.004019893470052366,-5.516499876689312
ES,2019,57,57.0,0.00432,-5.444499876726118,0.004363358272992,-5.4345132720094025,-0.0099866047167154,-0.3003131680195666,0.0016563685822196309,-0.0004974292963344553,-0.009489175420380944,0.004361188350492863,-5.435010701305737
ES,2019,58,58.0,0.00454,-5.39482826692888,0.0047092743341326,-5.358221452009955,-0.0366068149189251,-0.3003131680195666,-0.002887731778581961,0.0008672238788167264,-0.037474038797741825,0.0047133601006682175,-5.357354228131139
ES,2019,59,59.0,0.00515,-5.268758564306492,0.0051709647265761,-5.26469600698444,-0.0040625573220518,-0.3003131680195666,0.0021529251198846968,-0.0006465517632614785,-0.003416005558790321,0.00516762251078862,-5.265342558747702
ES,2019,60,60.0,0.00563,-5.179645836830538,0.0056542478136674,-5.175348190875079,-0.0042976459554591,-0.3003131680195666,0.00016806373790831286,-5.047175356045556e-05,-0.004247174201898645,0.005653962441066938,-5.1753986626286395
ES,2019,61,61.0,0.00622,-5.079985372231049,0.0060688093420063,-5.104592847680973,0.0246074754499234,-0.3003131680195666,0.000976080071276405,-0.00029312969844578156,0.02490060514836918,0.00606703065445984,-5.104885977379419
ES,2019,62,62.0,0.0067,-5.005647752585217,0.0066372953587435,-5.0150507239637845,0.0094029713785674,-0.3003131680195666,0.0036462507649648638,-0.0010950171186203663,0.010497988497187766,0.0066300313845182824,-5.016145741082405
ES,2019,63,63.0,0.00717,-4.9378496243706085,0.0071660182770589,-4.938405109578073,0.0005554852074647,-0.3003131680195666,0.00570633849258581,-0.0017136885905004427,0.002269173797965143,0.00715374846961551,-4.940118798168574
ES,2019,64,64.0,0.00786,-4.845968672541022,0.0077100178012971,-4.865234782551304,0.0192661100102817,-0.3003131680195666,0.005077161052295929,-0.0015247383201605468,0.020790848330442244,0.0076982709993817155,-4.866759520871464
ES,2019,65,65.0,0.00845,-4.773588837613055,0.0083846803064384,-4.781349011274787,0.0077601736617323,-0.3003131680195666,0.009843308735534526,-0.0029560752301630478,0.010716248891895347,0.008359931158865066,-4.78430508650495
ES,2019,66,66.0,0.00914,-4.695094893516078,0.0090698454963524,-4.702800049580945,0.0077051560648673,-0.3003131680195666,-0.000432995806356754,0.00013003434234618358,0.0075751217225211165,0.009071024964430791,-4.702670015238599
ES,2019,67,67.0,0.00999,-4.606170686321675,0.0098615890921866,-4.61910795781719,0.0129372714955149,-0.3003131680195666,0.0037702985620496174,-0.001132270305548737,0.014069541801063637,0.009850429426763209,-4.620240228122738
ES,2019,68,68.0,0.01022,-4.583408694206579,0.0105963458056064,-4.547246072619145,-0.0361626215874339,-0.3003131680195666,0.005512961638150011,-0.0016556149747231695,-0.03450700661271073,0.010578816851416834,-4.548901687593868
ES,2019,69,69.0,0.01143,-4.471513801175417,0.0116567351249042,-4.4518711437093765,-0.0196426574660408,-0.3003131680195666,0.0012423699409680445,-0.00037310005282439537,-0.019269557413216405,0.01165238680764248,-4.452244243762201
ES,2019,70,70.0,0.01224,-4.403046001897957,0.0126611690661852,-4.369215523228916,-0.0338304786690413,-0.3003131680195666,-0.005748135177942354,0.0017262406854925835,-0.03555671935453388,0.012683044166765344,-4.367489282543423
ES,2019,71,71.0,0.01368,-4.291820366787733,0.0138473053110853,-4.279664627655015,-0.0121557391327176,-0.3003131680195666,-0.0009415248146464615,0.0002827522998555141,-0.012438491432573114,0.013851221222099164,-4.27938187535516
ES,2019,72,72.0,0.01526,-4.182520253125826,0.015144839526726,-4.190095430351345,0.0075751772255188,-0.3003131680195666,-0.0076712366358034755,0.002303773376725904,0.005271403848792896,0.01517977002534977,-4.187791656974619
ES,2019,73,73.0,0.01655,-4.101369177159065,0.0167105697635976,-4.091713839792895,-0.00965533736617,-0.3003131680195666,-0.007171573646715354,0.002153718001530724,-0.011809055367700725,0.016746598402350703,-4.089560121791364
ES,2019,74,74.0,0.01838,-3.996492162054596,0.0186367707785267,-3.9826187262280777,-0.0138734358265182,-0.3003131680195666,-0.007373793170530252,0.002214447187362984,-0.016087883013881185,0.018678086652185278,-3.9804042790407146
ES,2019,75,75.0,0.02026,-3.8991067801616,0.0207194164269513,-3.876684026709913,-0.0224227534516869,-0.3003131680195666,-0.009725255571321695,0.0029206223104235583,-0.02534337576211046,0.02078001847159056,-3.8737634043994893
ES,2019,76,76.0,0.02217,-3.809015255353917,0.0230377001076371,-3.770623269854103,-0.0383919854998144,-0.3003131680195666,-0.007460884535366459,0.0022406018710440932,-0.040632587370858494,0.023089376292862385,-3.768382667983059
ES,2019,77,77.0,0.02489,-3.693289162602636,0.0259044416953751,-3.653340830950137,-0.0399483316524991,-0.3003131680195666,-0.0079753877692031,0.002395113967153887,-0.04234344561965299,0.025966560146180047,-3.6509457169829833
ES,2019,78,78.0,0.02783,-3.5816407034443376,0.0291477379548993,-3.535377969371663,-0.0462627340726746,-0.3003131680195666,-0.010159483472717449,0.003051026667134205,-0.04931376073980881,0.0292368042834668,-3.5323269427045285
ES,2019,79,79.0,0.03084,-3.478942730287008,0.0331680496956677,-3.4061682249882272,-0.0727745052987809,-0.3003131680195666,-0.011536978481239996,0.003464706557074751,-0.07623921185585565,0.03328316656285895,-3.4027035184311525
ES,2019,80,80.0,0.03659,-3.307980299951021,0.0375289019963419,-3.282643922955387,-0.0253363769956345,-0.3003131680195666,-0.016322359065892727,0.004901819360631139,-0.030238196356265637,0.037713313501423235,-3.277742103594756
ES,2019,81,81.0,0.04164,-3.178694035235369,0.042832990371845,-3.150446670230022,-0.0282473650053471,-0.3003131680195666,-0.01826100180196255,0.005484019302358388,-0.03373138430770549,0.043068532586531004,-3.1449626509276634
ES,2019,82,82.0,0.04732,-3.050822239871951,0.04885938273464,-3.0188088465798657,-0.0320133932920851,-0.3003131680195666,-0.017966093037375695,0.005395454316988573,-0.037408847609073675,0.04912371375386739,-3.013413392262877
ES,2019,83,83.0,0.05352,-2.927699863162164,0.0559934606374527,-2.882520369396841,-0.0451794937653224,-0.3003131680195666,-0.01845517084037204,0.0055423308214144545,-0.05072182458673685,0.05630465649875382,-2.8769780385754267
ES,2019,84,84.0,0.06157,-2.787580540059018,0.0643780594723479,-2.742982395343506,-0.0445981447155121,-0.3003131680195666,-0.017377193738358086,0.005218600102856092,-0.04981674481836819,0.06471490097622991,-2.73776379524065
ES,2019,85,85.0,0.07079,-2.648037531196039,0.0741496678545958,-2.601669689779828,-0.0463678414162109,-0.3003131680195666,-0.014196355926147354,0.00426335262251466,-0.05063119403872556,0.07446646887287597,-2.5974063371573135
ES,2022,20,20.0,0.00025,-8.294049640102028,0.0002484975512507,-8.300077566597734,0.0060279264957063,2.327920950224724,-0.022396395195866847,-0.05213703758597079,0.05816496408167709,0.00023587357298223316,-8.352214604183704
ES,2022,21,21.0,0.00031,-8.078938260485081,0.0002530089324479,-8.282085763741522,0.2031475032564405,2.327920950224724,0.009528202766377263,0.022180902837838804,0.1809666004186017,0.00025868360097539884,-8.259904860903683
ES,2022,22,22.0,0.00028,-8.180720954795024,0.0002572652094441,-8.265403061794295,0.0846821069992707,2.327920950224724,-0.0030970907591287545,-0.007209782462923222,0.09189188946219393,0.0002554170536550718,-8.272612844257218
ES,2022,23,23.0,0.00027,-8.2170885989659,0.0002637909785156,-8.240353516462848,0.0232649174969488,2.327920950224724,0.007365083306666807,0.017145331729740046,0.006119585767208755,0.0002683527572053093,-8.223208184733108
ES,2022,24,24.0,0.00032,-8.047189562170502,0.0002739515317545,-8.202559358630227,0.1553697964597251,2.327920950224724,0.01800911873033555,0.04192380478743261,0.1134459916722925,0.00028568077157566655,-8.160635553842795
ES,2022,25,25.0,0.00027,-8.2170885989659,0.0002853882368562,-8.161660070111948,-0.0554285288539517,2.327920950224724,-0.011029524909087455,-0.025675862106890133,-0.029752666747061566,0.0002781539189453002,-8.187335932218838
ES,2022,26,26.0,0.00026,-8.254828926948747,0.0002846296059927,-8.164321851040347,-0.0905070759084001,2.327920950224724,-0.031097271331795188,-0.07239198942810872,-0.01811508648029138,0.00026475284158078595,-8.236713840468456
ES,2022,27,27.0,0.00028,-8.180720954795024,0.0002966558058342,-8.12293799412367,-0.0577829606713535,2.327920950224724,-0.0079235688913933,-0.018445442022823354,-0.03933751864853015,0.0002912340157467909,-8.141383436146494
ES,2022,28,28.0,0.0003,-8.111728083308073,0.0003011230740512,-8.107991492894534,-0.0037365904135384,2.327920950224724,-0.021477533117638545,-0.0499979993036961,0.046261408890157694,0.0002864377015079069,-8.157989492198231
ES,2022,29,29.0,0.00034,-7.986564940354067,0.0003301763541403,-8.015883639762,0.0293186994079333,2.327920950224724,-0.004275024603181553,-0.009951919336472475,0.03927061874440577,0.00032690676204077604,-8.025835559098473
ES,2022,30,30.0,0.00035,-7.957577403480815,0.0003480878175562,-7.963055760724917,0.0054783572441028,2.327920950224724,-0.028005810153739617,-0.06519531218490675,0.07067366942900954,0.0003261180671771944,-8.028251072909823
ES,2022,31,31.0,0.00035,-7.957577403480815,0.0003649976932418,-7.9156195242870036,-0.0419578791938111,2.327920950224724,-0.036588221796833145,-0.08517448805231677,0.043216608858505666,0.00033519637215573934,-8.00079401233932
ES,2022,32,32.0,0.00039,-7.849363818840582,0.0003786297053322,-7.878951861273081,0.0295880424324987,2.327920950224724,-0.016023105685786396,-0.03730052341360705,0.06688856584610575,0.00036476677373346807,-7.916252384686688
ES,2022,33,33.0,0.00047,-7.66277786326017,0.0004156218075699,-7.785734827618461,0.1229569643582904,2.327920950224724,-0.007555540060437097,-0.017588699996953696,0.1405456643552441,0.0004083754738899066,-7.803323527615414
ES,2022,34,34.0,0.00054,-7.523941418405954,0.00045798587295,-7.688672219412928,0.1647308010069741,2.327920950224724,-0.014722433570540979,-0.03427266154715413,0.19900346255412824,0.00044255541002506476,-7.722944880960083
ES,2022,35,35.0,0.00048,-7.641724454062337,0.0004802117766568,-7.641283349994653,-0.0004411040676837,2.327920950224724,-0.030068622355405524,-0.069997375925544,0.0695562718578603,0.00044774766772255706,-7.711280725920197
ES,2022,36,36.0,0.00052,-7.5616817463888015,0.0005191564401053,-7.563305294196232,0.0016235478074309,2.327920950224724,-0.04182670015268112,-0.09736925156419404,0.09899279937162495,0.00047098959958110997,-7.660674545760426
ES,2022,37,37.0,0.00056,-7.487573774235079,0.0005746814356896,-7.461694695583019,-0.0258790786520597,2.327920950224724,-0.03800814902299152,-0.08847996638988534,0.06260088773782564,0.0005260182437077989,-7.550174661972904
ES,2022,38,38.0,0.00059,-7.435388021064509,0.0006263587971311,-7.375587192700181,-0.0598008283643283,2.327920950224724,-0.043803473634620824,-0.10197102396665016,0.04217019560232186,0.0005656368934332553,-7.47755821666683
ES,2022,39,39.0,0.00065,-7.338538195074591,0.0006909280645177,-7.277474843063293,-0.0610633520112982,2.327920950224724,-0.07385186637052273,-0.17192130693713661,0.11085795492583841,0.0005817928217392995,-7.449396150000429
ES,2022,40,40.0,0.00075,-7.195437351433918,0.0007755868653794,-7.161890569525824,-0.0335467819080932,2.327920950224724,-0.04690603518063869,-0.10919354198898676,0.07564676008089355,0.000695357739653523,-7.271084111514811
ES,2022,41,41.0,0.00082,-7.106206217705975,0.000849741332493,-7.070578569507085,-0.0356276481988899,2.327920950224724,-0.05026365073060458,-0.11700980557055266,0.08138215737166275,0.000755909895240618,-7.187588375077638
ES,2022,42,42.0,0.00087,-7.047017346315645,0.0009394209883032,-6.970246842377733,-0.0767705039379116,2.327920950224724,-0.06685808661838182,-0.1556403405308703,0.07886983659295871,0.0008040193813584716,-7.1258871829086035
ES,2022,43,43.0,0.00096,-6.9485772735023925,0.0010617911017876,-6.847798078159078,-0.1007791953433141,2.327920950224724,-0.055319343304923656,-0.1287790582322056,0.02799986288889149,0.0009334929601214426,-6.976577136391284
ES,2022,44,44.0,0.00103,-6.878196476740593,0.0011627695162495,-6.7569506054388855,-0.1212458713017072,2.327920950224724,-0.05846501607827734,-0.13610193578384713,0.014856064482139927,0.0010148113546773817,-6.893052541222732
ES,2022,45,45.0,0.00113,-6.785537646257888,0.001317535544037,-6.63199229951645,-0.1535453467414376,2.327920950224724,-0.06937338850449987,-0.16149576448770428,0.007950417746266675,0.001121051646655097,-6.793488064004155
ES,2022,46,46.0,0.00127,-6.668738378511637,0.0014543785877654,-6.533176557032897,-0.1355618214787401,2.327920950224724,-0.056673391960445775,-0.13193117646501917,-0.003630645013720929,0.0012746192996118373,-6.6651077334979165
ES,2022,47,47.0,0.0013,-6.645391014514646,0.0016535414497781,-6.404835957953312,-0.2405550565613348,2.327920950224724,-0.07278151966673327,-0.16942962442138115,-0.07112543213995365,0.0013958306646761494,-6.574265582374693
ES,2022,48,48.0,0.00155,-6.469500348050982,0.0018511384810117,-6.291954434028376,-0.1775459140226063,2.327920950224724,-0.048721874347788935,-0.11342067202843442,-0.06412524199417188,0.0016526501863245073,-6.405375106056811
ES,2022,49,49.0,0.00173,-6.359633870472449,0.0020481694973666,-6.19080881284343,-0.1688250576290189,2.327920950224724,-0.05394366444828174,-0.1255765866010477,-0.04324847102797119,0.0018064613556426838,-6.316385399444478
ES,2022,50,50.0,0.00199,-6.219620640245736,0.0022934768053653,-6.077686357182749,-0.1419342830629872,2.327920950224724,-0.04477692155218655,-0.10423713376790404,-0.03769714929508315,0.0020664492330458775,-6.181923490950653
ES,2022,51,51.0,0.0023,-6.074846156047033,0.0025664832339395,-5.965218708640805,-0.1096274474062282,2.327920950224724,-0.022027610039892332,-0.05127853489524583,-0.05834891251098238,0.002438195058498185,-6.016497243536051
ES,2022,52,52.0,0.00254,-5.975591197951692,0.0028372757821795,-5.864910918793021,-0.1106802791586707,2.327920950224724,-0.031745896598611774,-0.07390193777557616,-0.036778341383094534,0.0026351561031310246,-5.938812856568598
ES,2022,53,53.0,0.00289,-5.846498776857796,0.0031059245543562,-5.77444384484164,-0.0720549320161563,2.327920950224724,-0.018478897704762805,-0.0430174131039769,-0.0290375189121794,0.0029751487002819496,-5.817461257945617
ES,2022,54,54.0,0.0031,-5.7763531674910364,0.0034353471599258,-5.673637292933998,-0.1027158745570382,2.327920950224724,-0.02276082068967687,-0.052985391327807135,-0.04973048322923107,0.003258062178026196,-5.726622684261805
ES,2022,55,55.0,0.00347,-5.663600685023369,0.0037221372627233,-5.593457242687819,-0.0701434423355502,2.327920950224724,-0.011802718253971015,-0.0274757950930189,-0.042667647242531304,0.003621260759111409,-5.620933037780838
ES,2022,56,56.0,0.00395,-5.534039700069107,0.0041356851736924,-5.488102263219489,-0.0459374368496172,2.327920950224724,-0.009497846384814686,-0.022110235581226264,-0.023827201268390937,0.0040452476816017135,-5.5102124988007155
ES,2022,57,57.0,0.00438,-5.430706554593782,0.0045046424268261,-5.402646763585612,-0.0280597910081707,2.327920950224724,0.0016563685822196309,0.003855895123843102,-0.0319156861320138,0.004522045386025037,-5.398790868461769
ES,2022,58,58.0,0.00464,-5.373040912743973,0.0048528232383896,-5.328194632385467,-0.0448462803585059,2.327920950224724,-0.002887731778581961,-0.006722411305990651,-0.03812386905251525,0.004820309970806353,-5.334917043691458
ES,2022,59,59.0,0.00528,-5.243829181263967,0.0053209228898815,-5.236108515132083,-0.0077206661318838,2.327920950224724,0.0021529251198846968,0.0050118394908446615,-0.01273250562272846,0.005347657440024836,-5.231096675641239
ES,2022,60,60.0,0.00587,-5.137900645142132,0.0058158091583933,-5.147175352495377,0.0092747073532448,2.327920950224724,0.00016806373790831286,0.00039123909644983866,0.00888346825679496,0.0058180849754788985,-5.146784113398927
ES,2022,61,61.0,0.00626,-5.07357509387013,0.0062267973993052,-5.078893139464182,0.005318045594052,2.327920950224724,0.000976080071276405,0.002272237247021185,0.003045808347030815,0.0062409622471385545,-5.076620902217162
ES,2022,62,62.0,0.00679,-4.992304337411532,0.0067977479181826,-4.991163910157655,-0.001140427253877,2.327920950224724,0.0036462507649648638,0.008488183545534633,-0.009628610799411633,0.0068556940309146205,-4.98267572661212
ES,2022,63,63.0,0.00751,-4.891519813206093,0.0073340456958609,-4.915227978665068,0.0237081654589745,2.327920950224724,0.00570633849258581,0.013283904925964278,0.010424260533010222,0.007432120427108157,-4.901944073739104
ES,2022,64,64.0,0.00821,-4.8024023555178,0.0078993370098641,-4.840976445832887,0.0385740903150866,2.327920950224724,0.005077161052295929,0.0118192295813047,0.0267548607337819,0.007993255013432739,-4.829157216251582
ES,2022,65,65.0,0.00916,-4.692909100296098,0.0086005089719349,-4.755933894690769,0.0630247943946713,2.327920950224724,0.009843308735534526,0.02291444462498086,0.04011034976969044,0.00879986014651457,-4.733019450065789
ES,2022,66,66.0,0.00955,-4.651214124489498,0.0093037513323259,-4.677337591087048,0.02612346659755,2.327920950224724,-0.000432995806356754,-0.0010079800089773353,0.027131446606527335,0.00929437806180278,-4.678345571096026
ES,2022,67,67.0,0.01042,-4.564028242656916,0.0101311922891286,-4.592136268819409,0.028108026162493,2.327920950224724,0.0037702985620496174,0.008776957011197456,0.019331069151295545,0.010220504700572869,-4.583359311808212
ES,2022,68,68.0,0.0111,-4.500810170663849,0.0109138844384433,-4.517719498652078,0.0169093279882295,2.327920950224724,0.005512961638150011,0.012833738895234625,0.004075589092994875,0.011054853023822125,-4.504885759756844
ES,2022,69,69.0,0.01252,-4.380427913310185,0.012017100986571,-4.421424561445857,0.040996648135672,2.327920950224724,0.0012423699409680445,0.0028921390135089645,0.03810450912216303,0.012051906419978777,-4.418532422432348
ES,2022,70,70.0,0.01331,-4.319239646575117,0.0130737364425968,-4.3371499128905535,0.0179102663154369,2.327920950224724,-0.005748135177942354,-0.013381204305455727,0.03129147062089263,0.012899959370462647,-4.3505311171960095
ES,2022,71,71.0,0.01457,-4.228790658775024,0.0143231072409555,-4.245881154887471,0.0170904961124467,2.327920950224724,-0.0009415248146464615,-0.0021917953411719478,0.01928229145361865,0.014291748299977994,-4.248072950228643
ES,2022,72,72.0,0.01582,-4.146480316642629,0.0157171806359873,-4.153000856921775,0.0065205402791459,2.327920950224724,-0.0076712366358034755,-0.017858032478618342,0.02437857275776424,0.0154389940393422,-4.170858889400393
ES,2022,73,73.0,0.01736,-4.053586569749933,0.0173497821849759,-4.054175326848136,0.0005887570982032,2.327920950224724,-0.007171573646715354,-0.016694856538268195,0.017283613636471396,0.017062534511509988,-4.070870183386404
ES,2022,74,74.0,0.01908,-3.9591146129619967,0.0193888569390692,-3.9430567625189306,-0.0160578504430661,2.327920950224724,-0.007373793170530252,-0.017165607604301365,0.0011077571612352656,0.019058875695823426,-3.960222370123232
ES,2022,75,75.0,0.02164,-3.833211825003856,0.0215810190534257,-3.835941098143549,0.0027292731396921,2.327920950224724,-0.009725255571321695,-0.022639626190769493,0.025368899330461592,0.021097922051224276,-3.858580724334318
ES,2022,76,76.0,0.02371,-3.741858378904823,0.0240159448912485,-3.729037298761862,-0.0128210801429613,2.327920950224724,-0.007460884535366459,-0.017368349417087234,0.004547269274125935,0.023602429008003436,-3.746405648178949
ES,2022,77,77.0,0.02636,-3.635907569347831,0.0270269428862868,-3.610921025856456,-0.0249865434913743,2.327920950224724,-0.0079753877692031,-0.01856607227409392,-0.006420471217280378,0.0265297880978287,-3.62948709813055
ES,2022,78,78.0,0.02971,-3.5162715895076206,0.0304012086826947,-3.4932729120611707,-0.0229986774464499,2.327920950224724,-0.010159483472717449,-0.023650474419600782,0.0006517969731508824,0.029690641421544466,-3.5169233864807716
ES,2022,79,79.0,0.03375,-3.388774861663598,0.0345718450779253,-3.364715654244752,-0.0240592074188459,2.327920950224724,-0.011536978481239996,-0.026857173908770404,0.0027979664899245027,0.033655700615743106,-3.3915728281535227
ES,2022,80,80.0,0.03785,-3.274124299098679,0.0391731235720136,-3.239764390495685,-0.0343599086029939,2.327920950224724,-0.016322359065892727,-0.037997161626582135,0.0036372530235882355,0.03771258004014044,-3.2777615521222674
ES,2022,81,81.0,0.04218,-3.1658091039315086,0.0446022926378649,-3.109970016840847,-0.0558390870906615,2.327920950224724,-0.01826100180196255,-0.04251016866688006,-0.013328918423781443,0.04274597733269094,-3.152480185507727
ES,2022,82,82.0,0.04872,-3.0216656555804957,0.0508140584649049,-2.9795822212484118,-0.0420834343320839,2.327920950224724,-0.017966093037375695,-0.041823644375393425,-0.0002597899566904732,0.048732658610908745,-3.021405865623805
ES,2022,83,83.0,0.05566,-2.888493522884392,0.058118205630626,-2.845276314283389,-0.0432172086010029,2.327920950224724,-0.01845517084037204,-0.0429621788392785,-0.00025502976172440267,0.055674196766759686,-2.8882384931226674
ES,2022,84,84.0,0.06443,-2.742175915831586,0.0665762240387455,-2.709407761589416,-0.03276815424217,2.327920950224724,-0.017377193738358086,-0.04045273335963768,0.007684579117467678,0.06393678008834215,-2.7498604949490537
ES,2022,85,85.0,0.07429,-2.599778925818422,0.0765034012280336,-2.5704200786408142,-0.0293588471776078,2.327920950224724,-0.014196355926147354,-0.03304799437732534,0.0036891471997175414,0.07401643816972331,-2.6034680730181394
ES,2023,20,20.0,0.00025,-8.294049640102028,0.0002151273010205,-8.444280607287368,0.1502309671853403,1.2835362490354083,-0.022396395195866847,-0.028746585081617572,0.17897755226695786,0.00020903116707242988,-8.473027192368985
ES,2023,21,21.0,0.00026,-8.254828926948747,0.0002230012800984,-8.408333046168671,0.1535041192199244,1.2835362490354083,0.009528202766377263,0.012229793638804673,0.14127432558111974,0.0002257452848399908,-8.396103252529867
ES,2023,22,22.0,0.00027,-8.2170885989659,0.0002259403975732,-8.395239321026382,0.178150722060483,1.2835362490354083,-0.0030970907591287545,-0.003975228255894346,0.18212595031637735,0.00022504401576219855,-8.399214549282277
ES,2023,23,23.0,0.00026,-8.254828926948747,0.000232300677678,-8.36747800093819,0.1126490739894432,1.2835362490354083,0.007365083306666807,0.009453351401272415,0.10319572258817078,0.00023450711027466303,-8.358024649536917
ES,2023,24,24.0,0.00029,-8.145629634983754,0.0002426493549398,-8.323893140513965,0.1782635055302108,1.2835362490354083,0.01800911873033555,0.023115356703568207,0.1551481488266426,0.00024832360989356756,-8.300777783810396
ES,2023,25,25.0,0.00031,-8.078938260485081,0.0002545307747117,-8.276088807037723,0.1971505465526419,1.2835362490354083,-0.011029524909087455,-0.014156795030452715,0.2113073415830946,0.0002509528206424461,-8.290245602068175
ES,2023,26,26.0,0.00027,-8.2170885989659,0.0002555486026922,-8.272097940609822,0.0550093416439221,1.2835362490354083,-0.031097271331795188,-0.03991447500044873,0.09492381664437083,0.0002455493983710085,-8.31201241561027
ES,2023,27,27.0,0.0003,-8.111728083308073,0.0002640620282424,-8.239326526951794,0.1275984436437216,1.2835362490354083,-0.0079235688913933,-0.010170187893832604,0.13776863153755423,0.00026139007794842876,-8.249496714845627
ES,2023,28,28.0,0.0003,-8.111728083308073,0.0002707732833549,-8.214228680009704,0.1025005967016312,1.2835362490354083,-0.021477533117638545,-0.027567192296347538,0.13006778899797874,0.0002634107723186105,-8.241795872306051
ES,2023,29,29.0,0.00032,-8.047189562170502,0.0002981917204794,-8.11777392101071,0.0705843588402075,1.2835362490354083,-0.004275024603181553,-0.005487149043701735,0.07607150788390923,0.0002965599789642247,-8.123261070054411
ES,2023,30,30.0,0.00034,-7.986564940354067,0.0003151584322605,-8.06243508602319,0.0758701456691222,1.2835362490354083,-0.028005810153739617,-0.0359464725159287,0.1118166181850509,0.00030403079615752435,-8.098381558539119
ES,2023,31,31.0,0.00036,-7.929406526514119,0.0003296677249781,-8.017425304767645,0.0880187782535264,1.2835362490354083,-0.036588221796833145,-0.046962308963982784,0.13498108721750918,0.0003145436770475856,-8.064387613731627
ES,2023,32,32.0,0.00039,-7.849363818840582,0.0003430128039353,-7.977742782237369,0.1283789633967869,1.2835362490354083,-0.016023105685786396,-0.020566236969832195,0.1489452003666191,0.0003360303686470601,-7.998309019207201
ES,2023,33,33.0,0.00044,-7.728735831051967,0.0003770299799953,-7.883185851143834,0.1544500200918666,1.2835362490354083,-0.007555540060437097,-0.009697809548610194,0.16414782964047678,0.0003733912872473665,-7.892883660692444
ES,2023,34,34.0,0.00044,-7.728735831051967,0.0004171997898738,-7.781945338495934,0.0532095074439666,1.2835362490354083,-0.014722433570540979,-0.018896777161805142,0.07210628460577174,0.0004093900799812704,-7.800842115657739
ES,2023,35,35.0,0.00048,-7.641724454062337,0.0004310241294852,-7.749346484543157,0.1076220304808197,1.2835362490354083,-0.030068622355405524,-0.03859416675171943,0.14621619723253912,0.00041470602954008846,-7.787940651294877
ES,2023,36,36.0,0.00047,-7.66277786326017,0.0004656449738325,-7.672087072928981,0.0093092096688112,1.2835362490354083,-0.04182670015268112,-0.05368608582350106,0.06299529549231225,0.00044130550875416745,-7.7257731587524825
ES,2023,37,37.0,0.00057,-7.469874197135678,0.0005175531488078,-7.566398335087936,0.0965241379522581,1.2835362490354083,-0.03800814902299152,-0.04878483702974936,0.14530897498200745,0.0004929103865649016,-7.615183172117685
ES,2023,38,38.0,0.0006,-7.418580902748128,0.0005622459603903,-7.4835711518722,0.0649902491240714,1.2835362490354083,-0.043803473634620824,-0.056223346243702614,0.12121359536777401,0.0005315068362322393,-7.539794498115902
ES,2023,39,39.0,0.00058,-7.4524824544238095,0.0006199814996064,-7.385820919714725,-0.0666615347090839,1.2835362490354083,-0.07385186637052273,-0.09479154754548495,0.028130012836401055,0.0005639119321887357,-7.48061246726021
ES,2023,40,40.0,0.00071,-7.250245587928913,0.0006960066104216,-7.270151399942707,0.0199058120137953,1.2835362490354083,-0.04690603518063869,-0.060205596452879886,0.0801114084666752,0.000655339591488335,-7.330356996395587
ES,2023,41,41.0,0.00077,-7.1691200431165445,0.0007618378512916,-7.17977681850189,0.0106567753853452,1.2835362490354083,-0.05026365073060458,-0.06451521772158605,0.07517199310693126,0.0007142396296152035,-7.2442920362234755
ES,2023,42,42.0,0.00078,-7.156216638280637,0.0008433825585064,-7.0780898968437285,-0.0781267414369084,1.2835362490354083,-0.06685808661838182,-0.08581477771584223,0.00768803627893383,0.0007740263240444272,-7.1639046745595705
ES,2023,43,43.0,0.0009,-7.013115794639964,0.000956282772714,-6.952456901291546,-0.0606588933484175,1.2835362490354083,-0.055319343304923656,-0.07100438240470373,0.010345489056286232,0.0008907370573024171,-7.02346128369625
ES,2023,44,44.0,0.00102,-6.887952651685957,0.0010436909192479,-6.864991887714637,-0.0229607639713202,1.2835362490354083,-0.05846501607827734,-0.07504196743690693,0.05208120346558673,0.00096823681680235,-6.940033855151544
ES,2023,45,45.0,0.00104,-6.868534565828856,0.0011886783614435,-6.734913209690526,-0.1336213561383301,1.2835362490354083,-0.06937338850449987,-0.08904325886394188,-0.04457809727438822,0.0010874100962274598,-6.823956468554468
ES,2023,46,46.0,0.00121,-6.717134919373487,0.0013146785994531,-6.634163054287908,-0.0829718650855797,1.2835362490354083,-0.056673391960445775,-0.07274235293702404,-0.010229512148555664,0.001222441235092103,-6.706905407224933
ES,2023,47,47.0,0.00129,-6.653113060608557,0.0015024358243147,-6.500667605069641,-0.152445455538916,1.2835362490354083,-0.07278151966673327,-0.09341771875213561,-0.05902773678678039,0.0013684380161018946,-6.594085323821776
ES,2023,48,48.0,0.00146,-6.529318843261892,0.0016888574502658,-6.383703043613571,-0.1456157996483211,1.2835362490354083,-0.048721874347788935,-0.0625362918463355,-0.08307950780198561,0.0015864771727790183,-6.446239335459906
ES,2023,49,49.0,0.00165,-6.406979991069647,0.0018758452658089,-6.278695912711903,-0.1282840783577441,1.2835362490354083,-0.05394366444828174,-0.06923864872517226,-0.05904542963257185,0.0017503586635660045,-6.347934561437076
ES,2023,50,50.0,0.00181,-6.3144284337044025,0.0021086087349636,-6.161726916288194,-0.1527015174162089,1.2835362490354083,-0.04477692155218655,-0.057472801932446256,-0.09522871548376266,0.001990837811144153,-6.21919971822064
ES,2023,51,51.0,0.00211,-6.161067331494162,0.0023692237290427,-6.045192917976504,-0.1158744135176581,1.2835362490354083,-0.022027610039892332,-0.028273235965818103,-0.08760117755184,0.0023031761959152962,-6.073466153942322
ES,2023,52,52.0,0.00224,-6.101279413115189,0.0026368405664399,-5.93817383364356,-0.1631055794716287,1.2835362490354083,-0.031745896598611774,-0.04074700904244808,-0.12235857042918064,0.0025315567666590673,-5.9789208426860085
ES,2023,53,53.0,0.00262,-5.944580961209131,0.0028987249363052,-5.843484315812173,-0.1010966453969581,1.2835362490354083,-0.018478897704762805,-0.023718335046280268,-0.07737831035067784,0.0028307809513396748,-5.867202650858453
ES,2023,54,54.0,0.00295,-5.825950108630408,0.0032209707349412,-5.738072494380253,-0.0878776142501553,1.2835362490354083,-0.02276082068967687,-0.029214338412995363,-0.05866327583715994,0.0031282334310358314,-5.767286832793248
ES,2023,55,55.0,0.00331,-5.710807089593166,0.003507961696391,-5.6527201234625375,-0.0580869661306282,1.2835362490354083,-0.011802718253971015,-0.0151492167161237,-0.0429377494145045,0.003455219335833997,-5.667869340178661
ES,2023,56,56.0,0.00364,-5.615771597333488,0.0039265854799555,-5.5399850653734335,-0.0757865319600545,1.2835362490354083,-0.009497846384814686,-0.012190830122679555,-0.06359570183737494,0.0038790077387220842,-5.552175895496113
ES,2023,57,57.0,0.00407,-5.504112279527633,0.0042725124791676,-5.455553222167167,-0.0485590573604666,1.2835362490354083,0.0016563685822196309,0.0021260091170422824,-0.05068506647750888,0.0042816055421935175,-5.453427213050126
ES,2023,58,58.0,0.00455,-5.392628046019278,0.0046168309881034,-5.378046742559318,-0.01458130345996,1.2835362490354083,-0.002887731778581961,-0.003706508415301439,-0.010874795044658561,0.004599750339532637,-5.3817532509746195
ES,2023,59,59.0,0.00484,-5.3308405582535965,0.0050742782678512,-5.283570977398833,-0.0472695808547634,1.2835362490354083,0.0021529251198846968,0.0027633574328309106,-0.05003293828759431,0.00508831970423754,-5.280807619966002
ES,2023,60,60.0,0.00533,-5.234404040804384,0.0055500442116666,-5.193949385189455,-0.040454655614929,1.2835362490354083,0.00016806373790831286,0.00021571589975370584,-0.04067037151468271,0.005551241573587825,-5.193733669289702
ES,2023,61,61.0,0.00587,-5.137900645142132,0.0059667006995897,-5.121561150977944,-0.0163394941641881,1.2835362490354083,0.000976080071276405,0.0012528341534443308,-0.01759232831763243,0.005974180670612799,-5.1203083168245
ES,2023,62,62.0,0.00657,-5.025241446485618,0.0065334374930869,-5.030822058721423,0.0055806122358053,1.2835362490354083,0.0036462507649648638,0.004680095029905489,0.0009005172058998111,0.0065640862650669035,-5.026141963691518
ES,2023,63,63.0,0.00707,-4.951894799073656,0.0070571931719081,-4.95370787424637,0.0018130751727145,1.2835362490354083,0.00570633849258581,0.007324292304499956,-0.005511217131785456,0.007109071873013898,-4.94638358194187
ES,2023,64,64.0,0.00764,-4.874357675803708,0.007587512946252,-4.881251416337411,0.0068937405337035,1.2835362490354083,0.005077161052295929,0.0065167202528125835,0.0003770202808909169,0.007637120107976955,-4.874734696084599
ES,2023,65,65.0,0.00831,-4.79029567011478,0.0082451559211027,-4.7981294121605735,0.0078337420457934,1.2835362490354083,0.009843308735534526,0.012634243572505453,-0.004800501526712053,0.008349988072294916,-4.785495168588068
ES,2023,66,66.0,0.0088,-4.733003557497976,0.008918640912276,-4.719611708093422,-0.0133918494045541,1.2835362490354083,-0.000432995806356754,-0.00055576581313921,-0.01283608359141489,0.008913685613677651,-4.720167473906561
ES,2023,67,67.0,0.01011,-4.594230245949757,0.0096875270704625,-4.63691608993625,0.0426858439864927,1.2835362490354083,0.0037702985620496174,0.00483931487407676,0.03784652911241594,0.009734521683458737,-4.632076775062173
ES,2023,68,68.0,0.0107,-4.537511537514277,0.0103917705993567,-4.566741074592214,0.0292295370779367,1.2835362490354083,0.005512961638150011,0.007076086102107165,0.022153450975829533,0.010465564440748223,-4.559664988490106
ES,2023,69,69.0,0.01178,-4.441352100758697,0.0114247458937101,-4.4719735836999615,0.0306214829412647,1.2835362490354083,0.0012423699409680445,0.0015946268539444655,0.029026856087320235,0.011442978633656556,-4.470378956846017
ES,2023,70,70.0,0.0124,-4.390058806371146,0.0123959319223617,-4.390386930975417,0.0003281246042714,1.2835362490354083,-0.005748135177942354,-0.007377939865244609,0.007706064469516009,0.012304812033928168,-4.397764870840661
ES,2023,71,71.0,0.01354,-4.302107011498008,0.0135418517579722,-4.30197025881273,-0.000136752685278,1.2835362490354083,-0.0009415248146464615,-0.0012084812289650773,0.0010717285436870772,0.013525496568777308,-4.303178740041695
ES,2023,72,72.0,0.01452,-4.232228269585487,0.014778420672898,-4.214587224861814,-0.017641044723673,1.2835362490354083,-0.0076712366358034755,-0.009846310296982198,-0.0077947344266908036,0.014633621794447535,-4.224433535158797
ES,2023,73,73.0,0.01623,-4.1208938974556375,0.0163014902887058,-4.1164987465938125,-0.0043951508618249,1.2835362490354083,-0.007171573646715354,-0.00920497473818621,0.0048098238763613094,0.01615212399355877,-4.125703721331999
ES,2023,74,74.0,0.01833,-3.999216217130523,0.0181562645785271,-4.008739621982137,0.0095234048516137,1.2835362490354083,-0.007373793170530252,-0.00946453082726531,0.018987935678879013,0.0179852346882485,-4.018204152809402
ES,2023,75,75.0,0.01984,-3.9200551771254095,0.0201694810173462,-3.9035846577711313,-0.0164705193542791,1.2835362490354083,-0.009725255571321695,-0.012482718056924955,-0.003987801297354144,0.019919275941032252,-3.916067375828056
ES,2023,76,76.0,0.02245,-3.7964646647938736,0.0224137532967795,-3.798080522070342,0.0016158572764686,1.2835362490354083,-0.007460884535366459,-0.009576315751010549,0.011192173027479149,0.02220013658109276,-3.807656837821353
ES,2023,77,77.0,0.02469,-3.701356975625049,0.0251889814440482,-3.681348624367717,-0.0200083512573323,1.2835362490354083,-0.0079753877692031,-0.010236699301885819,-0.00977165195544648,0.02493244470024128,-3.6915853236696026
ES,2023,78,78.0,0.02777,-3.5837989776634287,0.0283485910148359,-3.5631779496964966,-0.0206210279669321,1.2835362490354083,-0.010159483472717449,-0.013040065308708979,-0.007580962658223122,0.027981323338107128,-3.5762180150052054
ES,2023,79,79.0,0.03127,-3.465096107512387,0.0322725776260245,-3.433537399255928,-0.0315587082564587,1.2835362490354083,-0.011536978481239996,-0.014808130085013006,-0.016750578171445693,0.03179820207421903,-3.448345529340941
ES,2023,80,80.0,0.03421,-3.375237279992624,0.0364813082378626,-3.3109552526355093,-0.0642820273571147,1.2835362490354083,-0.016322359065892727,-0.02095033953084504,-0.043331687826269664,0.0357249629531889,-3.3319055921663545
ES,2023,81,81.0,0.03957,-3.229684023584804,0.0417034469730079,-3.1771714923704204,-0.0525125312143837,1.2835362490354083,-0.01826100180196255,-0.023438657756519845,-0.029073873457863855,0.04073734050043291,-3.2006101501269404
ES,2023,82,82.0,0.04452,-3.111816752574793,0.047610196226514,-3.044708334244316,-0.0671084183304771,1.2835362490354083,-0.017966093037375695,-0.023060131667014365,-0.04404828666346273,0.04652486091569734,-3.0677684659113305
ES,2023,83,83.0,0.05106,-2.974753867168799,0.054633345478254,-2.9071108596017554,-0.0676430075670437,1.2835362490354083,-0.01845517084037204,-0.023687880755758773,-0.043955126811284925,0.05335440480461027,-2.930798740357514
ES,2023,84,84.0,0.05867,-2.8358267560443684,0.0629666448283644,-2.7651501399660647,-0.0706766160783036,1.2835362490354083,-0.017377193738358086,-0.02230425806969372,-0.04837235800860988,0.06157776705423778,-2.7874543980357585
ES,2023,85,85.0,0.06829,-2.6839919360091398,0.0726354392872751,-2.622302331802305,-0.0616896042068337,1.2835362490354083,-0.014196355926147354,-0.018221537435418763,-0.04346806677141493,0.07132389537294778,-2.640523869237724
ES,2024,20,20.0,0.0001729154306827,-8.662707922972107,0.000185143749425,-8.594378010693397,-0.0683299122787097,1.1216824305605424,-0.022396395195866847,-0.02512164299909438,-0.043208269279615324,0.0001805505699156979,-8.619499653692491
ES,2024,21,21.0,0.0001860730179065,-8.58937139189649,0.0001955409491713,-8.539740741795335,-0.0496306501011556,1.1216824305605424,0.009528202766377263,0.010687617637863732,-0.060318267739019334,0.0001976420238102154,-8.529053124157471
ES,2024,22,22.0,0.0001858310403781,-8.590672682146788,0.0001973794194582,-8.530382694463508,-0.06028998768328,1.1216824305605424,-0.0030970907591287545,-0.0034739522903661367,-0.05681603539291386,0.00019669492241542377,-8.533856646753874
ES,2024,23,23.0,0.0001985524118403,-8.524457453191589,0.0002035093201977,-8.499798754632607,-0.0246586985589818,1.1216824305605424,0.007365083306666807,0.008261284544702902,-0.0329199831036847,0.00020519753239860289,-8.491537470087904
ES,2024,24,24.0,0.0002119251627321,-8.459277351594201,0.0002138605279214,-8.450186494101287,-0.0090908574929144,1.1216824305605424,0.01800911873033555,0.02020051206969617,-0.029291369562610567,0.00021822454943376705,-8.42998598203159
ES,2024,25,25.0,0.0002142114299273,-8.448547040369139,0.0002259504413236,-8.395194868917217,-0.0533521714519213,1.1216824305605424,-0.011029524909087455,-0.012371624307953263,-0.04098054714396804,0.0002231722879210522,-8.40756649322517
ES,2024,26,26.0,0.0002103495760157,-8.466739763543277,0.0002284303003971,-8.384279425246138,-0.0824603382971389,1.1216824305605424,-0.031097271331795188,-0.0348812628912487,-0.0475790754058902,0.00022059972711962,-8.419160688137387
ES,2024,27,27.0,0.0002224474995205,-8.410819441411498,0.0002339337757555,-8.360472492253166,-0.0503469491583317,1.1216824305605424,-0.0079235688913933,-0.00888772801281194,-0.04145922114551975,0.00023186384808622976,-8.369360220265978
ES,2024,28,28.0,0.0002236225066513,-8.405551165884301,0.0002424273793879,-8.324808358877004,-0.0807428070072973,1.1216824305605424,-0.021477533117638545,-0.024090971549837345,-0.056651835457459956,0.00023665685613028658,-8.34889933042684
ES,2024,29,29.0,0.0002538400411785,-8.278806248467081,0.0002681862081144,-8.223829012322254,-0.0549772361448273,1.1216824305605424,-0.004275024603181553,-0.004795219987602802,-0.0501820161572245,0.00026690327468129624,-8.228624232309857
ES,2024,30,30.0,0.0002620812616443,-8.24685594334481,0.0002841874265158,-8.165876584955369,-0.0809793583894418,1.1216824305605424,-0.028005810153739617,-0.031413625203063775,-0.049565733186378025,0.0002753988327226824,-8.197290210158432
ES,2024,31,31.0,0.0002680176884012,-8.224457578134405,0.0002965210220678,-8.12339244130506,-0.1010651368293444,1.1216824305605424,-0.036588221796833145,-0.04104036555496002,-0.06002477127438438,0.00028459802643348653,-8.16443280686002
ES,2024,32,32.0,0.0002745240669677,-8.200471625201509,0.0003094940082277,-8.080571825549601,-0.1198997996519075,1.1216824305605424,-0.016023105685786396,-0.01797283613076133,-0.10192696352114616,0.0003039812118234265,-8.098544661680362
ES,2024,33,33.0,0.0003067875360318,-8.089355115007631,0.0003406618455005,-7.984620228119978,-0.1047348868876536,1.1216824305605424,-0.007555540060437097,-0.00847491653918863,-0.09625997034846498,0.0003377869641885644,-7.993095144659166
ES,2024,34,34.0,0.0003392473050191,-7.988781203218653,0.0003785997281051,-7.879031037347962,-0.1097501658706905,1.1216824305605424,-0.014722433570540979,-0.01651389507117053,-0.09323627079951997,0.0003723989126465535,-7.895544932419133
ES,2024,35,35.0,0.0003448202452217,-7.972487305058246,0.000385169620779,-7.8618267472482755,-0.1106605578099708,1.1216824305605424,-0.030068622355405524,-0.03372744540721833,-0.07693311240275247,0.00037239546416056884,-7.895554192655494
ES,2024,36,36.0,0.0003619507130714,-7.924002507144456,0.000415796186227,-7.785315354715474,-0.1386871524289823,1.1216824305605424,-0.04182670015268112,-0.04691627468958637,-0.09177087773939593,0.0003967391169605983,-7.83223162940506
ES,2024,37,37.0,0.0004083806589922,-7.803310830796658,0.0004641133336941,-7.6753817819118755,-0.1279290488847824,1.1216824305605424,-0.03800814902299152,-0.042633072977216434,-0.08529597590756596,0.00044474260677282906,-7.718014854889092
ES,2024,38,38.0,0.0004422102022678,-7.723725218192872,0.0005024728231021,-7.595969002872494,-0.1277562153203773,1.1216824305605424,-0.043803473634620824,-0.04913358677347612,-0.07862262854690116,0.0004783812306704154,-7.645102589645971
ES,2024,39,39.0,0.0004783115907988,-7.64524817424779,0.0005538616177324,-7.498595689905683,-0.1466524843421073,1.1216824305605424,-0.07385186637052273,-0.08283834097192032,-0.06381414337018697,0.0005098295871752851,-7.581434030877603
ES,2024,40,40.0,0.0005591457292165,-7.489100422511735,0.0006218339642142,-7.382837439421785,-0.1062629830899499,1.1216824305605424,-0.04690603518063869,-0.05261367554937712,-0.05364930754057278,0.0005899627757693981,-7.435451114971162
ES,2024,41,41.0,0.000617255989001,-7.390226727070787,0.0006799858329177,-7.293438593955586,-0.0967881331152007,1.1216824305605424,-0.05026365073060458,-0.05637985392035073,-0.04040827919484997,0.0006427090349544269,-7.349818447875937
ES,2024,42,42.0,0.0006792273037222,-7.294554723948567,0.0007538319569241,-7.190341083596163,-0.1042136403524045,1.1216824305605424,-0.06685808661838182,-0.0749935411007338,-0.02922009925167071,0.0006993672049503965,-7.265334624696897
ES,2024,43,43.0,0.0007908980478137,-7.142341488751849,0.0008575820487277,-7.0613936998541,-0.080947788897749,1.1216824305605424,-0.055319343304923656,-0.06205073545527984,-0.01889705344246917,0.0008059857985246167,-7.12344443530938
ES,2024,44,44.0,0.0008509265173918,-7.069184781659925,0.0009326790586071,-6.977449404925743,-0.0917353767341824,1.1216824305605424,-0.05846501607827734,-0.06557918133744331,-0.026156195396739093,0.0008734771513967509,-7.043028586263186
ES,2024,45,45.0,0.0009840512020183,-6.923832627694329,0.0010679214847074,-6.842041057338086,-0.081791570356243,1.1216824305605424,-0.06937338850449987,-0.0778149110339482,-0.0039766593222947955,0.0009879722295325299,-6.919855968372034
ES,2024,46,46.0,0.001115715091453,-6.798259742013133,0.0011835020237544,-6.739277419037476,-0.0589823229756572,1.1216824305605424,-0.056673391960445775,-0.06356954804230312,0.004587225066645925,0.0011106087760813772,-6.8028469670797795
ES,2024,47,47.0,0.0012708523550064,-6.668067457954845,0.0013598016806569,-6.600416412913732,-0.0676510450411136,1.1216824305605424,-0.07278151966673327,-0.08163775187967129,0.013986706838557683,0.0012532010452855763,-6.682054164793403
ES,2024,48,48.0,0.0014739884293682,-6.519783335063848,0.0015350352746615,-6.479201917971505,-0.0405814170923433,1.1216824305605424,-0.048721874347788935,-0.05465047043989323,0.014069053347549931,0.0014533960051471436,-6.533852388411398
ES,2024,49,49.0,0.001665255826835,-6.397776517601893,0.0017118588767846,-6.370175436444945,-0.0276010811569484,1.1216824305605424,-0.05394366444828174,-0.060507660651690984,0.032906579494742585,0.0016113497501197603,-6.430683097096636
ES,2024,50,50.0,0.0018764661958361,-6.278364954027293,0.0019319939586052,-6.249202670212603,-0.0291622838146903,1.1216824305605424,-0.04477692155218655,-0.050225486199675345,0.021063202384985047,0.001837355156438495,-6.2994281564122785
ES,2024,51,51.0,0.0021954295045046,-6.121377577562683,0.0021799875607056,-6.128436108295733,0.0070585307330501,1.1216824305605424,-0.022027610039892332,-0.024707983168986238,0.03176651390203634,0.002126784442237082,-6.1531440914647195
ES,2024,52,52.0,0.0024213333752846,-6.023436909025566,0.0024432371885633,-6.014431402363563,-0.0090055066620031,1.1216824305605424,-0.031745896598611774,-0.03560881445705451,0.026603307795051406,0.0023577671826836453,-6.0500402168206175
ES,2024,53,53.0,0.002701610040252,-5.913907372490287,0.0026977239407217,-5.915346846401317,0.0014394739110299,1.1216824305605424,-0.018478897704762805,-0.020727454891557973,0.022166928802587874,0.0026423825142264062,-5.936074301292875
ES,2024,54,54.0,0.0030254730889433,-5.800687806688341,0.0030120284816573,-5.805141513027671,0.0044537063393299,1.1216824305605424,-0.02276082068967687,-0.02553041267274943,0.02998411901207933,0.002936103473889789,-5.83067192570042
ES,2024,55,55.0,0.0033380308967474,-5.702374197719603,0.0032981109937122,-5.714405400555907,0.0120312028363036,1.1216824305605424,-0.011802718253971015,-0.01323890169833549,0.02527010453463909,0.0032547353827309593,-5.727644302254243
ES,2024,56,56.0,0.0037465946488192,-5.586907945214853,0.0037201600036572,-5.593988599886251,0.0070806546713981,1.1216824305605424,-0.009497846384814686,-0.010653567418009598,0.017734222089407697,0.0036807373968188546,-5.604642167304261
ES,2024,57,57.0,0.0041092905493426,-5.494504881105532,0.0040435904537592,-5.510622255514332,0.0161173744088003,1.1216824305605424,0.0016563685822196309,0.0018579195372082351,0.014259454871592064,0.00405111010275207,-5.508764335977124
ES,2024,58,58.0,0.0044434035816717,-5.416334623756014,0.0043833737888915,-5.429936579664148,0.0136019559081344,1.1216824305605424,-0.002887731778581961,-0.0032391180002067322,0.016841073908341133,0.004369198494070415,-5.433175697664355
ES,2024,59,59.0,0.0048802718964659,-5.322554344180273,0.0048296876184069,-5.332973488687266,0.0104191445069927,1.1216824305605424,0.0021529251198846968,0.002414898281287114,0.008004246225705586,0.004841364916804757,-5.330558590405978
ES,2024,60,60.0,0.0053121236515539,-5.237763589301461,0.0052863073145412,-5.242635327043626,0.0048717377421647,1.1216824305605424,0.00016806373790831286,0.00018851414202608634,0.0046832236001386135,0.005287303952166378,-5.2424468129015995
ES,2024,61,61.0,0.0057663746017191,-5.155711714529855,0.0057075053840603,-5.165973236230002,0.0102615217001469,1.1216824305605424,0.000976080071276405,0.0010948518667710254,0.009166669833375874,0.00571375767902855,-5.164878384363231
ES,2024,62,62.0,0.0062961817561106,-5.067811899778227,0.006269233055277,-5.07210125155151,0.0042893517732833,1.1216824305605424,0.0036462507649648638,0.004089935420479025,0.0001994163528042745,0.00629492631968964,-5.068011316131031
ES,2024,63,63.0,0.0067604543589096,-4.996665178329497,0.0067801188174545,-4.993760652485074,-0.0029045258444231,1.1216824305605424,0.00570633849258581,0.006400699629964833,-0.009305225474387932,0.006823655505454339,-4.987359952855109
ES,2024,64,64.0,0.0072314317639628,-4.929318231440135,0.0072760099997765,-4.923172643976393,-0.0061455874637417,1.1216824305605424,0.005077161052295929,0.005694962349486619,-0.011840549813228319,0.007317564817028748,-4.917477681626907
ES,2024,65,65.0,0.007850362109028,-4.847195619713109,0.0078908636405667,-4.8420496899668,-0.005145929746309,1.1216824305605424,0.009843308735534526,0.011041066467232186,-0.016186996213541187,0.007978469933990736,-4.831008623499568
ES,2024,66,66.0,0.0083974263460279,-4.779830007456702,0.0085347108775804,-4.763613798226847,-0.0162162092298556,1.1216824305605424,-0.000432995806356754,-0.00048568378849676576,-0.015730525441358834,0.008530566713325872,-4.764099482015343
ES,2024,67,67.0,0.0091134360643405,-4.698005463812949,0.0092463508690416,-4.6835263059378,-0.014479157875149,1.1216824305605424,0.0037702985620496174,0.004229077655018733,-0.018708235530167733,0.009285537207522327,-4.679297228282781
ES,2024,68,68.0,0.0097484168595867,-4.630650380532088,0.0098748275759447,-4.617766429011212,-0.0128839515208758,1.1216824305605424,0.005512961638150011,0.0061837922098671345,-0.019067743730742936,0.009936080650736678,-4.611582636801344
ES,2024,69,69.0,0.0106589140049293,-4.541358741144318,0.0108391703760645,-4.524588819472864,-0.0167699216714538,1.1216824305605424,0.0012423699409680445,0.0013935445350403937,-0.018163466206494193,0.010854285772249195,-4.523195274937824
ES,2024,70,70.0,0.0114433894080344,-4.470343059985742,0.0117277196835891,-4.445800035590986,-0.0245430243947559,1.1216824305605424,-0.005748135177942354,-0.0064475822375849355,-0.018095442157170967,0.011652347491782346,-4.452247617828571
ES,2024,71,71.0,0.0125434777507005,-4.378554449635191,0.0127738900713994,-4.360352029531921,-0.01820242010327,1.1216824305605424,-0.0009415248146464615,-0.001056091842525707,-0.017146328260744293,0.012760406791341914,-4.3614081213744464
ES,2024,72,72.0,0.0135419058628736,-4.301966263436451,0.0138607945131759,-4.278690962680381,-0.0232753007560697,1.1216824305605424,-0.0076712366358034755,-0.00860469135505312,-0.014670609401016579,0.013742038317391726,-4.287295654035434
ES,2024,73,73.0,0.0149597182019846,-4.202394143378955,0.0152775681020591,-4.181369663534767,-0.021024479844188,1.1216824305605424,-0.007171573646715354,-0.00804422815899161,-0.01298025168519639,0.015155164838476327,-4.189413891693758
ES,2024,74,74.0,0.0166815761471899,-4.093450393278936,0.0169564447324633,-4.077107297216736,-0.0163430960621999,1.1216824305605424,-0.007373793170530252,-0.008271054245971101,-0.008072041816228798,0.016816775460558795,-4.085378351462707
ES,2024,75,75.0,0.0184141965054458,-3.994633362649268,0.0187982184365157,-3.973993177651746,-0.0206401849975219,1.1216824305605424,-0.009725255571321695,-0.010908648307062575,-0.009731536690459326,0.018594269707733837,-3.9849018259588083
ES,2024,76,76.0,0.0205128826868839,-3.88670216646286,0.0208594975284746,-3.869945917500458,-0.0167562489624022,1.1216824305605424,-0.007460884535366459,-0.008368743099761412,-0.008387505862640789,0.020685658175492828,-3.878314660600219
ES,2024,77,77.0,0.0229501578529083,-3.774430464376871,0.0234085255800694,-3.754654981945949,-0.0197754824309224,1.1216824305605424,-0.0079753877692031,-0.008945852337622554,-0.010829630093299845,0.023200050251864616,-3.7636008342835714
ES,2024,78,78.0,0.0257962267571065,-3.6575270474746535,0.0263591349542439,-3.635940386493139,-0.0215866609815145,1.1216824305605424,-0.010159483472717449,-0.011395714114917369,-0.01019094686659713,0.02606045883405183,-3.6473361006080562
ES,2024,79,79.0,0.0293931871438081,-3.526992361293446,0.0300415978316502,-3.5051722633659192,-0.0218200979275269,1.1216824305605424,-0.011536978481239996,-0.012940826064161953,-0.008879271863364947,0.02965533938151279,-3.518113089430081
ES,2024,80,80.0,0.0333854498251056,-3.399635107894405,0.0338757427921596,-3.3850560725788466,-0.0145790353155583,1.1216824305605424,-0.016322359065892727,-0.018308503389512457,0.0037294680739541567,0.03326117174546135,-3.403364575968359
ES,2024,81,81.0,0.0380978484698985,-3.267597469050345,0.0388860440398756,-3.2471198577710667,-0.0204776112792783,1.1216824305605424,-0.01826100180196255,-0.0204830448856958,5.433606417498682e-06,0.03809764146174697,-3.2676029026567623
ES,2024,82,82.0,0.0435271568247778,-3.134370240855966,0.0444897476716458,-3.1124965057548746,-0.0218737351010913,1.1216824305605424,-0.017966093037375695,-0.020152250905840406,-0.0017214841952508941,0.04360215267087685,-3.132648756660715
ES,2024,83,83.0,0.0500452148373388,-2.994828385437188,0.0512278003269727,-2.971472919158149,-0.0233554662790385,1.1216824305605424,-0.01845517084037204,-0.02070084088463856,-0.0026546253943999405,0.050178242626867396,-2.9921737600427876
ES,2024,84,84.0,0.0579030012137751,-2.8489860613117424,0.0594172308768515,-2.8231710125773377,-0.0258150487344046,1.1216824305605424,-0.017377193738358086,-0.019491692908762934,-0.006323355825641665,0.058270302558498695,-2.8426627054861004
ES,2024,85,85.0,0.0672026739980257,-2.7000422406074125,0.0688169433402121,-2.676305294882362,-0.0237369457250506,1.1216824305605424,-0.014196355926147354,-0.015923803020343526,-0.007813142704707073,0.06772979463296927,-2.6922290979027053
ES,2025,20,20.0,0.0001646739450103,-8.711543129953863,0.0001775955135021,-8.636001989537267,-0.0755411404165968,1.411853401690438,-0.022396395195866847,-0.031620426742887994,-0.04392071367370881,0.00017206772368709823,-8.667622416280155
ES,2025,21,21.0,0.0001783827485878,-8.631579043235215,0.0001885434979177,-8.576181819512646,-0.0553972237225686,1.411853401690438,0.009528202766377263,0.013452425487705982,-0.06884964921027457,0.00019109700217916667,-8.56272939402494
ES,2025,22,22.0,0.0001778190522716,-8.63474408499193,0.0001901191219477,-8.567859724639835,-0.0668843603520947,1.411853401690438,-0.0030970907591287545,-0.004372638123619953,-0.06251172222847476,0.00018928961471624978,-8.572232362763454
ES,2025,23,23.0,0.000190832604877,-8.564113928449704,0.0001961770411372,-8.536493035329006,-0.027620893120698,1.411853401690438,0.007365083306666807,0.010398417920250992,-0.038019311040948994,0.00019822761488192867,-8.526094617408754
ES,2025,24,24.0,0.0002043109078621,-8.49586766617047,0.000206500175087,-8.485209297684502,-0.0106583684859682,1.411853401690438,0.01800911873033555,0.025426235540871228,-0.036084604026839426,0.00021181801703625447,-8.45978306214363
ES,2025,25,25.0,0.0002060987292662,-8.48715523570453,0.0002186092775787,-8.42822454223167,-0.0589306934728597,1.411853401690438,-0.011029524909087455,-0.015572072261924544,-0.04335862121093516,0.0002152314462847263,-8.443796614493595
ES,2025,26,26.0,0.000202129101905,-8.506603946370634,0.0002214333708667,-8.41538882245899,-0.0912151239116436,1.411853401690438,-0.031097271331795188,-0.04390478831308557,-0.04731033559855803,0.00021192171703119514,-8.459293610772075
ES,2025,27,27.0,0.0002139107889562,-8.449951503895008,0.0002262052335905,-8.394067857544622,-0.0558836463503862,1.411853401690438,-0.0079235688913933,-0.011186917692842163,-0.04469672865754404,0.00022368879609399378,-8.405254775237465
ES,2025,28,28.0,0.0002148681199173,-8.445486113774228,0.0002351061239832,-8.35547355433867,-0.0900125594355589,1.411853401690438,-0.021477533117638545,-0.030323128192057017,-0.059689431243501886,0.0002280839756581577,-8.385796682530726
ES,2025,29,29.0,0.0002447782829087,-8.315157724869639,0.0002604135847259,-8.253239480304133,-0.0619182445655059,1.411853401690438,-0.004275024603181553,-0.006035708028312191,-0.05588253653719371,0.0002588465382367406,-8.259275188332445
ES,2025,30,30.0,0.0002521846302351,-8.285349079053823,0.000276151130044,-8.194562269487058,-0.0907868095667652,1.411853401690438,-0.028005810153739617,-0.039540098332653886,-0.051246711234111314,0.00026544513995093637,-8.234102367819712
ES,2025,31,31.0,0.0002573199441095,-8.265190328623815,0.0002879342166656,-8.152778518274342,-0.1124118103494726,1.411853401690438,-0.036588221796833145,-0.051657205405663105,-0.0607546049438095,0.0002734379806303579,-8.204435723680005
ES,2025,32,32.0,0.0002631588297823,-8.24275279254805,0.000300793171251,-8.109087668104088,-0.1336651244439615,1.411853401690438,-0.016023105685786396,-0.022622276268122923,-0.11104284817583858,0.0002940649359686628,-8.131709944372211
ES,2025,33,33.0,0.0002945974580496,-8.129900682453622,0.0003312128587743,-8.012749311405148,-0.1171513710484735,1.411853401690438,-0.007555540060437097,-0.010667314935936492,-0.106484056112537,0.0003276984846919698,-8.023416626341085
ES,2025,34,34.0,0.0003261193048424,-8.028247277772474,0.0003685426272983,-7.905954175146206,-0.1222931026262674,1.411853401690438,-0.014722433570540979,-0.020785917917729782,-0.10150718470853762,0.00036096119695642564,-7.926740093063936
ES,2025,35,35.0,0.0003303261913847,-8.015429932965889,0.0003733407563207,-7.893018999538781,-0.1224109334271075,1.411853401690438,-0.030068622355405524,-0.04245248675662444,-0.07995844667048306,0.0003578232221861813,-7.935471486295405
ES,2025,36,36.0,0.0003457985710889,-7.969654116913038,0.0004029431622723,-7.816715042509268,-0.1529390744037693,1.411853401690438,-0.04182670015268112,-0.0590531688920488,-0.0938859055117205,0.00037983705060765674,-7.875768211401317
ES,2025,37,37.0,0.000391122842393,-7.846488872403355,0.0004502964918916,-7.705604321289591,-0.1408845511137642,1.411853401690438,-0.03800814902299152,-0.05366193449006768,-0.08722261662369651,0.00042676960556301197,-7.759266255779658
ES,2025,38,38.0,0.0004231236781909,-7.767846038223678,0.0004870526151884,-7.627138401316229,-0.1407076369074484,1.411853401690438,-0.043803473634620824,-0.061844083256896824,-0.07886355365055156,0.00045784379793146405,-7.688982484573126
ES,2025,39,39.0,0.000457188163891,-7.690415514631131,0.0005368082449471,-7.529869612985168,-0.1605459016459631,1.411853401690438,-0.07385186637052273,-0.10426800875641018,-0.05627789288955293,0.0004836555289221079,-7.634137621741578
ES,2025,40,40.0,0.000536405621954,-7.530619925713092,0.0006027025561551,-7.414086756310954,-0.116533169402138,1.411853401690438,-0.04690603518063869,-0.0662244453295961,-0.0503087240725419,0.0005640818450595882,-7.48031120164055
ES,2025,41,41.0,0.0005927176212811,-7.430792459089226,0.0006588870097926,-7.324958495229582,-0.1058339638596432,1.411853401690438,-0.05026365073060458,-0.07096490626538414,-0.034869057594259054,0.0006137496792301379,-7.395923401494967
ES,2025,42,42.0,0.0006525138512672,-7.334678190997027,0.0007307275983638,-7.221469810120122,-0.1132083808769053,1.411853401690438,-0.06685808661838182,-0.09439381702267632,-0.01881456385422897,0.0006649068334870632,-7.315863627142798
ES,2025,43,43.0,0.0007620862646334,-7.179450800504875,0.000832062247648,-7.091603303057032,-0.0878474974478429,1.411853401690438,-0.055319343304923656,-0.07810280302433763,-0.00974469442350527,0.0007695488637271278,-7.16970610608137
ES,2025,44,44.0,0.0008186652316471,-7.107835310240951,0.0009040414475237,-7.008635349592398,-0.0991999606485531,1.411853401690438,-0.05846501607827734,-0.08254403183000202,-0.01665592881855109,0.000832415051611523,-7.0911793814224
ES,2025,45,45.0,0.000949179209408,-6.959912936921096,0.0010366623403914,-6.871749014723658,-0.0881639221974381,1.411853401690438,-0.06937338850449987,-0.09794505454687047,0.00978113234943237,0.0009399404185122673,-6.9696940692705285
ES,2025,46,46.0,0.0010790355607235,-6.831687636137535,0.0011495013823402,-6.768427011203886,-0.0632606249336493,1.411853401690438,-0.056673391960445775,-0.0800145212246909,0.016753896291041598,0.0010611081075312168,-6.848441532428577
ES,2025,47,47.0,0.0012299238367701,-6.700803032840137,0.0013227027924394,-6.628078065768393,-0.0727249670717444,1.411853401690438,-0.07278151966673327,-0.10275683612167688,0.030031869049932478,0.0011935360565321002,-6.73083490189007
ES,2025,48,48.0,0.0014316609919674,-6.548919975923351,0.001494916377446,-6.505685008522612,-0.043234967400739,1.411853401690438,-0.048721874347788935,-0.0687881440346599,0.0255531766339209,0.0013955409619181005,-6.574473152557272
ES,2025,49,49.0,0.0016213491418447,-6.424496672718516,0.0016689778457707,-6.395543908344562,-0.0289527643739537,1.411853401690438,-0.05394366444828174,-0.07616054615095412,0.04720778177700042,0.0015465873972623737,-6.471704454495517
ES,2025,50,50.0,0.0018291942780906,-6.303879694279187,0.0018856911938127,-6.2734608442254585,-0.0304188500537287,1.411853401690438,-0.04477692155218655,-0.06321844901068047,0.03279959895695177,0.0017701707055448788,-6.336679293236139
ES,2025,51,51.0,0.002149971927384,-6.142300493958507,0.002130240197369,-6.151520536900875,0.0092200429423687,1.411853401690438,-0.022027610039892332,-0.031099756165932434,0.040319799108301135,0.0020650098283957062,-6.182620293066808
ES,2025,52,52.0,0.0023718755586779,-6.044074261837583,0.0023921119875155,-6.0355786264664335,-0.0084956353711493,1.411853401690438,-0.031745896598611774,-0.04482055210246294,0.03632491673131364,0.0022872634441192916,-6.0803991785688964
ES,2025,53,53.0,0.0026514786919676,-5.932637797637521,0.0026444947075118,-5.93527526877927,0.0026374711417487,1.411853401690438,-0.018478897704762805,-0.026089494583958994,0.028726965725707695,0.0025763934042397386,-5.961364763363229
ES,2025,54,54.0,0.0029738823606666,-5.817886987655716,0.002956525162989,-5.823740631666035,0.0058536440103189,1.411853401690438,-0.02276082068967687,-0.03213494211598639,0.03798858612630529,0.0028630277113519966,-5.855875573782021
ES,2025,55,55.0,0.003287321028354,-5.717682323004578,0.0032421728635994,-5.731511537040939,0.0138292140363613,1.411853401690438,-0.011802718253971015,-0.016663707916062805,0.030492921952424104,0.0031885938939452815,-5.748175244957002
ES,2025,56,56.0,0.0036954487414913,-5.600653286356081,0.0036648624010885,-5.608964488389632,0.0083112020335507,1.411853401690438,-0.009497846384814686,-0.013409566727133844,0.021720768760684545,0.003616046217604315,-5.622374055116766
ES,2025,57,57.0,0.0040549990557502,-5.5078048242754045,0.0039823084278753,-5.525893620820993,0.0180887965455882,1.411853401690438,0.0016563685822196309,0.0023385496172599538,0.015750246928328247,0.003991632151471119,-5.523555071203733
ES,2025,58,58.0,0.0043873750976183,-5.429024158374673,0.004320749864041,-5.444326312150197,0.015302153775524,1.411853401690438,-0.002887731778581961,-0.0040770539347605205,0.01937920771028452,0.004303169795602172,-5.448403366084957
ES,2025,59,59.0,0.0048203224432436,-5.334914456218622,0.0047639722468832,-5.346673453097317,0.0117589968786946,1.411853401690438,0.0021529251198846968,0.0030396146540940033,0.008719382224600596,0.004778474916834435,-5.343633838443223
ES,2025,60,60.0,0.0052439877888114,-5.25067304168534,0.0052154151992576,-5.256136577350068,0.0054635356647283,1.411853401690438,0.00016806373790831286,0.00023728136006666173,0.0052262543046616376,0.005216652866901389,-5.255899295990001
ES,2025,61,61.0,0.0057005007216833,-5.167201262090508,0.0056376425409964,-5.178289290039029,0.0110880279485208,1.411853401690438,0.000976080071276405,0.0013780819689538375,0.009709945979566963,0.00564541703024093,-5.1769112080700745
ES,2025,62,62.0,0.0062259602818026,-5.0790275863915815,0.0061978767008168,-5.0835485131966935,0.004520926805112,1.411853401690438,0.0036462507649648638,0.005147971545932005,-0.0006270447408200045,0.006229865461687158,-5.078400541650762
ES,2025,63,63.0,0.006679396385863,-5.008727656914174,0.0067052276317193,-5.004867813276764,-0.0038598436374099,1.411853401690438,0.00570633849258581,0.008056513411954363,-0.011916357049364262,0.006759466583108685,-4.9968112998648095
ES,2025,64,64.0,0.0071397741842082,-4.94207412999238,0.0071919139231849,-4.934797950295875,-0.0072761796965048,1.411853401690438,0.005077161052295929,0.007168207102614212,-0.01444438679911901,0.007243652265687709,-4.927629743193261
ES,2025,65,65.0,0.007747507946871,-4.860384042569305,0.0077953384456099,-4.8542293591198895,-0.0061546834494157,1.411853401690438,0.009843308735534526,0.013897308922153625,-0.020051992371569325,0.007904428948589207,-4.840332050197736
ES,2025,66,66.0,0.008279689064228,-4.793949863919555,0.0084312001124141,-4.775816155011428,-0.0181337089081266,1.411853401690438,-0.000432995806356754,-0.0006113266021224773,-0.017522382306004124,0.008426047470631623,-4.776427481613551
ES,2025,67,67.0,0.00897966829388,-4.712792335670978,0.0091276050964398,-4.6964519302372985,-0.0163404054336799,1.411853401690438,0.0037702985620496174,0.005323108850218319,-0.02166351428389822,0.009176321879244421,-4.69112882138708
ES,2025,68,68.0,0.009596159953574,-4.646392265367664,0.009736082699767,-4.631916429108762,-0.0144758362589012,1.411853401690438,0.005512961638150011,0.007783493642210983,-0.022259329901112183,0.009812159123665258,-4.624132935466551
ES,2025,69,69.0,0.0104833218915376,-4.557969675931649,0.0106821653857692,-4.539179714524874,-0.0187899614067754,1.411853401690438,0.0012423699409680445,0.0017540442273136824,-0.02054400563408908,0.0107009188186665,-4.53742567029756
ES,2025,70,70.0,0.0112379800168541,-4.488456164470069,0.011548880000456,-4.461166816373677,-0.0272893480963922,1.411853401690438,-0.005748135177942354,-0.008115524204354385,-0.019173823892037818,0.011455534073171816,-4.469282340578031
ES,2025,71,71.0,0.0123157644658811,-4.396875173341053,0.0125687455264954,-4.376542060366162,-0.0203331129748907,1.411853401690438,-0.0009415248146464615,-0.001329295012334566,-0.019003817962556135,0.012552049055482217,-4.377871355378496
ES,2025,72,72.0,0.0132725514126067,-4.3220571798950616,0.0136165710275655,-4.296467770048294,-0.0255894098467672,1.411853401690438,-0.0076712366358034755,-0.01083066153943145,-0.01475874830733575,0.013469890313861296,-4.307298431587726
ES,2025,73,73.0,0.0146602233257333,-4.22261734896072,0.0150051887693861,-4.199359219736671,-0.0232581292240494,1.411853401690438,-0.007171573646715354,-0.010125210648588573,-0.013132918575460827,0.014854024648001974,-4.20948443038526
ES,2025,74,74.0,0.0163412432677183,-4.114063105069117,0.0166379915605228,-4.096066550361652,-0.0179965547074649,1.411853401690438,-0.007373793170530252,-0.010410714971174857,-0.007585839736290043,0.016465676689527618,-4.106477265332827
ES,2025,75,75.0,0.0180222643043643,-4.016147379625721,0.0184347393956224,-3.993518383787464,-0.0226289958382568,1.411853401690438,-0.009725255571321695,-0.01373063516067942,-0.00889836067757738,0.01818334854229834,-4.007249018948143
ES,2025,76,76.0,0.0200753695724348,-3.908261609732973,0.0204478991190311,-3.8898751343363913,-0.0183864753965812,1.411853401690438,-0.007460884535366459,-0.010533675210876718,-0.007852800185704483,0.020233638050387134,-3.900408809547268
ES,2025,77,77.0,0.0224486967384104,-3.796522718220126,0.0229374623063829,-3.774983796487152,-0.021538921732974,1.411853401690438,-0.0079753877692031,-0.01126007835174971,-0.01027884338122429,0.022680633354277214,-3.7862438748389016
ES,2025,78,78.0,0.0252325142212191,-3.6796218692442015,0.0258325910651207,-3.656118364666812,-0.0235035045773894,1.411853401690438,-0.010159483472717449,-0.014343701300373915,-0.009159803277015486,0.025464700856212098,-3.670462065967186
ES,2025,79,79.0,0.0287625928483336,-3.54867959552213,0.0294507014496821,-3.525037550842824,-0.023642044679307,1.411853401690438,-0.011536978481239996,-0.01628852231396807,-0.0073535223653389305,0.028974878786224918,-3.541326073156792
ES,2025,80,80.0,0.0326770464621635,-3.4210823906094068,0.0331867293296479,-3.4056052019551304,-0.0154771886542763,1.411853401690438,-0.016322359065892727,-0.023044778170793406,0.007567589516517106,0.03243069331336547,-3.4286499801259236
ES,2025,81,81.0,0.0373089371258031,-3.288522379804192,0.0381390168312233,-3.266517457033485,-0.0220049227707068,1.411853401690438,-0.01826100180196255,-0.025781857512376046,0.003776934741669246,0.03716828948068411,-3.292299314545861
ES,2025,82,82.0,0.042645670594304,-3.15482952029533,0.0436612169497288,-3.131295054915564,-0.023534465379766,1.411853401690438,-0.017966093037375695,-0.02536548956990577,0.001831024190139769,0.04256765678422389,-3.1566605444854696
ES,2025,83,83.0,0.0490746587149208,-3.014412493200986,0.0503215752448287,-2.9893213625324573,-0.0250911306685286,1.411853401690438,-0.01845517084037204,-0.026055995729757444,0.0009648650612288437,0.04902733112737458,-3.0153773582622145
ES,2025,84,84.0,0.0568538089750416,-2.867272060589536,0.0584688607326406,-2.839260961632229,-0.028011098957307,1.411853401690438,-0.017377193738358086,-0.024534050091334643,-0.0034770488659723563,0.057051836523284945,-2.8637950117235635
ES,2025,85,85.0,0.0660776559674981,-2.7169246230454043,0.0677940378702155,-2.6912810249199426,-0.0256435981254616,1.411853401690438,-0.014196355926147354,-0.020043173405939353,-0.005600424719522247,0.06644875709739968,-2.711324198325882
FR,2004,20,20.0,0.00059,-7.435388021064509,0.000647610509359,-7.342221108128451,-0.0931669129360575,-0.82289502973569,0.045301589958004616,-0.03727845321556624,-0.05588845972049126,0.0006239130380886748,-7.3794995613440175
FR,2004,21,21.0,0.00059,-7.435388021064509,0.0006380538661049,-7.357087848551911,-0.0783001725125975,-0.82289502973569,0.05264272235747465,-0.043319434579721774,-0.03498073793287572,0.0006110038588810846,-7.400407283131633
FR,2004,22,22.0,0.00059,-7.435388021064509,0.000648297240697,-7.341161262005421,-0.0942267590590875,-0.82289502973569,0.03402998624177507,-0.028003106540330617,-0.06622365251875689,0.0006303947367334792,-7.369164368545752
FR,2004,23,23.0,0.00061,-7.402051600796917,0.0006702151804045,-7.307911732358683,-0.0941398684382344,-0.82289502973569,0.027366742709560465,-0.022519956555752736,-0.07161991188248165,0.0006552906443515604,-7.330431688914436
FR,2004,24,24.0,0.00059,-7.435388021064509,0.0006681017013758,-7.311070148447492,-0.1243178726170173,-0.82289502973569,0.05338521608923528,-0.0439304289811975,-0.08038744363581979,0.0006393870483871291,-7.355000577428689
FR,2004,25,25.0,0.00058,-7.4524824544238095,0.0006732516280326,-7.30339140810594,-0.1490910463178698,-0.82289502973569,0.024678232862403393,-0.020307595165131722,-0.12878345115273807,0.000659717395505295,-7.323699003271072
FR,2004,26,26.0,0.0006,-7.418580902748128,0.0006930655816398,-7.27438592885102,-0.1441949738971084,-0.82289502973569,0.009663791121711372,-0.007952285682460175,-0.13624268821464822,0.0006875759824979049,-7.28233821453348
FR,2004,27,27.0,0.0006,-7.418580902748128,0.0007031844839738,-7.2598912767204,-0.1586896260277281,-0.82289502973569,0.026671813654293827,-0.0219481028901549,-0.1367415231375732,0.0006879190549712906,-7.281839379610555
FR,2004,28,28.0,0.00059,-7.435388021064509,0.0007314852331962,-7.220433524726,-0.2149544963385086,-0.82289502973569,0.028679621376060945,-0.023600317885062002,-0.1913541784534466,0.0007144240655343658,-7.244033842611063
FR,2004,29,29.0,0.00066,-7.323270722943802,0.0007349899165972,-7.215653777760914,-0.1076169451828885,-0.82289502973569,0.03581709355275066,-0.02947370826413674,-0.07814323691875176,0.0007136431674501562,-7.2451274860250505
FR,2004,30,30.0,0.00072,-7.236259345954173,0.0007582011591977,-7.184561826001941,-0.0516975199522322,-0.82289502973569,0.025746336542969688,-0.021186532375112123,-0.030510987577120077,0.0007423064769399762,-7.205748358377053
FR,2004,31,31.0,0.00073,-7.222466023821838,0.0008017475686799,-7.128716751912077,-0.0937492719097603,-0.82289502973569,0.06239361033811383,-0.051343391834499236,-0.04240588007526107,0.0007616220339707248,-7.1800601437465765
FR,2004,32,32.0,0.00072,-7.236259345954173,0.0008472218262368,-7.073548001217572,-0.1627113447366008,-0.82289502973569,0.03451956395968329,-0.02840597761106663,-0.13430536712553415,0.0008234942598280292,-7.101953978828639
FR,2004,33,33.0,0.00089,-7.024289095238089,0.0008966451612372,-7.016850358074357,-0.0074387371637323,-0.82289502973569,0.04577424572973048,-0.03766739930089535,0.030228662137163048,0.0008634990527429959,-7.054517757375252
FR,2004,34,34.0,0.00086,-7.05857816871672,0.0009516278762462,-6.957336485884799,-0.1012416828319215,-0.82289502973569,0.03886606697491999,-0.031982693339036104,-0.06925898949288539,0.0009216738127927349,-6.989319179223835
FR,2004,35,35.0,0.001,-6.907755278982137,0.0010585561854283,-6.850849388563454,-0.0569058904186832,-0.82289502973569,0.04710416481397701,-0.03876178310527245,-0.01814410731341075,0.0010183097116934973,-6.889611171668726
FR,2004,36,36.0,0.00105,-6.8589651148127055,0.0011715866714431,-6.749396319446865,-0.1095687953658401,-0.82289502973569,0.04421455719095332,-0.036383939354399895,-0.0731848560114402,0.001129725881079672,-6.785780258801266
FR,2004,37,37.0,0.0012,-6.725433722188183,0.0012785445382831,-6.662032927482274,-0.0634007947059087,-0.82289502973569,0.03841065907222511,-0.03160794043940613,-0.03179285426650257,0.0012387643750319194,-6.693640867921681
FR,2004,38,38.0,0.00128,-6.660895201050611,0.0013966553036018,-6.573674969595216,-0.0872202314553947,-0.82289502973569,0.04765541652473205,-0.03921540539818607,-0.048004826057208634,0.001342944919928696,-6.612890374993402
FR,2004,39,39.0,0.00137,-6.592944539142104,0.001527687597961,-6.484000060737031,-0.108944478405073,-0.82289502973569,0.04678374039051625,-0.038498107439800665,-0.07044637096527234,0.0014699922237421184,-6.522498168176832
FR,2004,40,40.0,0.00151,-6.495645628155304,0.0016417675906407,-6.411981818383371,-0.0836638097719335,-0.82289502973569,0.03669488240350448,-0.030196036346579462,-0.05346777342535403,0.0015929337219443853,-6.44217785472995
FR,2004,41,41.0,0.00169,-6.383026750047155,0.0018205433614801,-6.3086202721868885,-0.0744064778602666,-0.82289502973569,0.022898045893743096,-0.018842688156620917,-0.055563789703645686,0.0017865605993887816,-6.327462960343509
FR,2004,42,42.0,0.00188,-6.276483502140279,0.0019815647001489,-6.2238684937603805,-0.0526150083798988,-0.82289502973569,0.012396163892489322,-0.010200741654918487,-0.04241426672498031,0.001961454016897106,-6.234069235415299
FR,2004,43,43.0,0.0022,-6.119297918617867,0.0021694614606861,-6.133276317029218,0.0139783984113517,-0.82289502973569,0.013773155970123392,-0.011333861591588983,0.025312260002940686,0.0021450119004530065,-6.144610178620807
FR,2004,44,44.0,0.00235,-6.05333995082607,0.0024144555789784,-6.026281450426693,-0.0270585003993764,-0.82289502973569,0.00020078994947195483,-0.00016522905144135194,-0.02689327134793505,0.002414056673729648,-6.026446679478135
FR,2004,45,45.0,0.00252,-5.983496377458805,0.0026357457561344,-5.938589117625378,-0.044907259833427,-0.82289502973569,0.0038192635919970072,-0.0031428530271048155,-0.04176440680632219,0.0026274749983021518,-5.941731970652483
FR,2004,46,46.0,0.00282,-5.871018394032115,0.0028881071476906,-5.8471539576388505,-0.0238644363932643,-0.82289502973569,-0.008293661601956345,0.006824812910559617,-0.030689249303823916,0.0029078853531461367,-5.840329144728291
FR,2004,47,47.0,0.00311,-5.773132552790995,0.00315607999298,-5.758424530001578,-0.0147080227894162,-0.82289502973569,-0.011129693784406605,0.009158569697668397,-0.023866592487084597,0.0031851179416319667,-5.74926596030391
FR,2004,48,48.0,0.00344,-5.672283807596831,0.0034334636924942,-5.674185704447802,0.0019018968509714,-0.82289502973569,-0.017094181787691547,0.014066717230489726,-0.012164820379518326,0.0034821025478683895,-5.660118987217312
FR,2004,49,49.0,0.0036,-5.626821433520073,0.0037401402129531,-5.588632178164004,-0.0381892553560687,-0.82289502973569,-0.024994619759029658,0.020567948369838975,-0.058757203725907675,0.00381786379102042,-5.568064229794165
FR,2004,50,50.0,0.00411,-5.4943322504739935,0.004086973707454,-5.499950507634774,0.0056182571607807,-0.82289502973569,-0.01547293484674551,0.01273260118081104,-0.007114344020030339,0.0041393442125652906,-5.487217906453964
FR,2004,51,51.0,0.00431,-5.44681737486648,0.0044109203104834,-5.423671924111078,-0.0231454507554023,-0.82289502973569,-0.028729083331244746,0.02364101988214376,-0.04678647063754606,0.004516441363318023,-5.4000309042289345
FR,2004,52,52.0,0.00442,-5.42161558289253,0.0046925743795929,-5.361773938890195,-0.0598416440023346,-0.82289502973569,-0.024412613982259898,0.020089018708857678,-0.07993066271119227,0.004787796854760735,-5.341684920181337
FR,2004,53,53.0,0.00493,-5.312416290927538,0.0050629013697104,-5.285815566786434,-0.0266007241411037,-0.82289502973569,-0.021175008558886182,0.017424809297718134,-0.04402553343882183,0.005151894553505036,-5.268390757488716
FR,2004,54,54.0,0.00517,-5.2648825904618,0.0054226202474157,-5.217176139867672,-0.047706450594128,-0.82289502973569,-0.024645281212574734,0.020280479416266126,-0.06798693001039413,0.005533716318747841,-5.196895660451406
FR,2004,55,55.0,0.00543,-5.215816145036293,0.0058069331071681,-5.148702712002787,-0.0671134330335068,-0.82289502973569,-0.02487055607892221,0.020465856984107838,-0.08757929001761464,0.005927001429342197,-5.128236855018679
FR,2004,56,56.0,0.00566,-5.1743313867670455,0.0061334079457531,-5.094004738040852,-0.0803266487261931,-0.82289502973569,-0.022359852064113252,0.018399811129184103,-0.0987264598553772,0.0062473061327340314,-5.0756049269116685
FR,2004,57,57.0,0.00623,-5.078378946182776,0.0066479667464218,-5.013444223483946,-0.0649347226988297,-0.82289502973569,-0.015889845334695733,0.013075674749189959,-0.07801039744801966,0.006735464194789394,-5.000368548734756
FR,2004,58,58.0,0.00667,-5.010135419054604,0.007062063308009,-4.953018016915575,-0.0571174021390294,-0.82289502973569,-0.011123722682077824,0.00915365610724,-0.0662710582462694,0.007127003774845547,-4.943864360808335
FR,2004,59,59.0,0.0074,-4.9062752787720125,0.0075403326087223,-4.887488985372555,-0.0187862933994571,-0.82289502973569,-0.0087211592600493,0.007176598608627957,-0.025962892008085055,0.007594641191590553,-4.8803123867639275
FR,2004,60,60.0,0.00772,-4.863940914945452,0.0081212233405705,-4.813274478450546,-0.0506664364949065,-0.82289502973569,0.0019405719661795074,-0.001596887025813532,-0.04906954946909297,0.008108265013630073,-4.8148713654763595
FR,2004,61,61.0,0.00811,-4.814657410854816,0.0086022511838221,-4.755731344416589,-0.058926066438226,-0.82289502973569,0.008849191603843589,-0.007281955787981688,-0.05164411065024432,0.008539837493690498,-4.763013300204571
FR,2004,62,62.0,0.00868,-4.746733750309878,0.0091347986040911,-4.695664136019049,-0.0510696142908289,-0.82289502973569,0.015632376070299388,-0.012863804571208502,-0.0382058097196204,0.009018042911290053,-4.708527940590257
FR,2004,63,63.0,0.00935,-4.672378935681541,0.0097282208263476,-4.632724253939115,-0.0396546817424265,-0.82289502973569,0.01736909945763264,-0.014292945614670767,-0.025361736127755732,0.00959016485862851,-4.647017199553786
FR,2004,64,64.0,0.00985,-4.62028382379814,0.0103603513901342,-4.56976912475938,-0.0505146990387599,-0.82289502973569,0.020654593080320853,-0.016996561987009204,-0.0335181370517507,0.010185749058486328,-4.586765686746389
FR,2004,65,65.0,0.01072,-4.535644123339481,0.0111936471321071,-4.492408881958988,-0.0432352413804935,-0.82289502973569,0.0240960320506049,-0.019828505010794657,-0.023406736369698842,0.010973879872401015,-4.512237386969782
FR,2004,66,66.0,0.0114,-4.474141923581687,0.0118769846626922,-4.433152813536136,-0.040989110045551,-0.82289502973569,0.031322469266425755,-0.025775104278390658,-0.015214005767160345,0.01157476573820634,-4.458927917814527
FR,2004,67,67.0,0.01208,-4.416204086475468,0.0127661700847678,-4.360956568974623,-0.0552475175008453,-0.82289502973569,0.03178767384851735,-0.0261579188168041,-0.0290895986840412,0.012436563351051423,-4.387114487791427
FR,2004,68,68.0,0.0136,-4.29768548624013,0.0139804119354448,-4.270098076555876,-0.0275874096842541,-0.82289502973569,0.026589249123508546,-0.021880160948139233,-0.0057072487361148685,0.01367784049906671,-4.291978237504016
FR,2004,69,69.0,0.01449,-4.234296522649546,0.0150502550498101,-4.196360341099607,-0.0379361815499397,-0.82289502973569,0.02957048087981278,-0.02433340174289219,-0.013602779807047508,0.014688450961739707,-4.220693742842498
FR,2004,70,70.0,0.01616,-4.125216225889187,0.0164101963185017,-4.109852410606072,-0.0153638152831154,-0.82289502973569,0.0280470861253989,-0.023079807771159585,0.007715992488044185,0.016035789381747163,-4.132932218377231
FR,2004,71,71.0,0.01763,-4.038153282572358,0.0178833221367643,-4.023886724663333,-0.0142665579090248,-0.82289502973569,0.02812118002101814,-0.023140779269598413,0.008874221360573612,0.017474239625633298,-4.047027503932932
FR,2004,72,72.0,0.01921,-3.952324302201672,0.0198060762458546,-3.9217665072562538,-0.0305577949454178,-0.82289502973569,0.02543880087989731,-0.020933462806503392,-0.009624332138914407,0.01939577597121482,-3.942699970062757
FR,2004,73,73.0,0.02145,-3.842030633608111,0.0216321505277486,-3.833574620577533,-0.0084560130305781,-0.82289502973569,0.02052601459156696,-0.0168907553876827,0.0084347423571046,0.02126983566446242,-3.8504653759652157
FR,2004,74,74.0,0.02398,-3.7305351293827687,0.0238557981895354,-3.735727980522052,0.0051928511392831,-0.82289502973569,0.022004981864577278,-0.018107790205784638,0.02330064134506774,0.023427709963782375,-3.7538357707278363
FR,2004,75,75.0,0.02554,-3.667509428377744,0.0264331438100476,-3.633136608894632,-0.0343728194831114,-0.82289502973569,0.017086695438732383,-0.014060556751140362,-0.020312262731971037,0.026064079794450207,-3.6471971656457725
FR,2004,76,76.0,0.02938,-3.5274411082364057,0.0294672479908308,-3.5244758700056287,-0.0029652382307769,-0.82289502973569,0.016597268785099765,-0.01365780999044591,0.01069257175966901,0.02906752579525031,-3.5381336799960748
FR,2004,77,77.0,0.03209,-3.439210823860372,0.0327624629048374,-3.4184718425778184,-0.0207389812825531,-0.82289502973569,0.017438723025429953,-0.014350238502563643,-0.006388742779989456,0.03229567104595892,-3.4328220810803822
FR,2004,78,78.0,0.03541,-3.3407610128583247,0.0364925258606523,-3.310647810303155,-0.0301132025551695,-0.82289502973569,0.013434794125306154,-0.011055425311236681,-0.019057777243932816,0.03609130737357338,-3.321703235614392
FR,2004,79,79.0,0.04002,-3.21837594982655,0.0408975517731628,-3.196685076571866,-0.0216908732546832,-0.82289502973569,0.007477333167804083,-0.006153060299463802,-0.015537812955219398,0.040646679279298666,-3.20283813687133
FR,2004,80,80.0,0.04598,-3.0795487596471016,0.0467991408601401,-3.0618904339163544,-0.0176583257307472,-0.82289502973569,-0.002524594898999976,0.0020774765944831563,-0.019735802325230357,0.04689646604030702,-3.059812957321871
FR,2004,81,81.0,0.05075,-2.9808436610602405,0.0524366223081327,-2.948150032761152,-0.0326936282990883,-0.82289502973569,-0.005256559113597071,0.004325596368090874,-0.03701922466717917,0.052663933244393536,-2.943824436393061
FR,2004,82,82.0,0.05739,-2.857885206861866,0.0588187806360666,-2.833294076501859,-0.0245911303600068,-0.82289502973569,-0.006691477285007811,0.005506383399422197,-0.030097513759428998,0.059143552732578354,-2.827787693102437
FR,2004,83,83.0,0.06494,-2.734291512307437,0.0663023556961041,-2.713529851560227,-0.02076166074721,-0.82289502973569,-0.006706696212817917,0.005518906979475039,-0.02628056772668504,0.06666928381946702,-2.708010944580752
FR,2004,84,84.0,0.07331,-2.613058253746642,0.0742673163560993,-2.6000843115730032,-0.0129739421736387,-0.82289502973569,-0.007415543682049697,0.0061022140387465935,-0.019076156212385294,0.07472189698011907,-2.5939820975342567
FR,2004,85,85.0,0.0823,-2.497384171299113,0.0837289961108444,-2.4801699324370463,-0.0172142388620666,-0.82289502973569,-0.007137747002112832,0.005873616531549471,-0.023087855393616068,0.08422223525733767,-2.4742963159054967
FR,2005,20,20.0,0.00058,-7.4524824544238095,0.0006273691567975,-7.373975423764333,-0.0785070306594768,-0.1334079590928178,0.045301589958004616,-0.006043592659957086,-0.07246343799951971,0.0006235890274531629,-7.380019016424289
FR,2005,21,21.0,0.00057,-7.469874197135678,0.0006205600347101,-7.384888205848068,-0.0849859912876107,-0.1334079590928178,0.05264272235747465,-0.007022958150800543,-0.07796303313681015,0.0006162171354063569,-7.391911163998868
FR,2005,22,22.0,0.00058,-7.4524824544238095,0.0006300244485837,-7.369751932055933,-0.0827305223678767,-0.1334079590928178,0.03402998624177507,-0.004539871012471881,-0.07819065135540482,0.0006271707015755164,-7.374291803068405
FR,2005,23,23.0,0.00065,-7.338538195074591,0.0006517136664074,-7.335905254449296,-0.0026329406252951,-0.1334079590928178,0.027366742709560465,-0.0036509412919007124,0.0010180006666056125,0.0006493386362581873,-7.3395561957411966
FR,2005,24,24.0,0.00057,-7.469874197135678,0.0006504874679478,-7.337788525458167,-0.1320856716775109,-0.1334079590928178,0.05338521608923528,-0.007122012724193939,-0.12496365895331696,0.000645871146188119,-7.344910538182361
FR,2005,25,25.0,0.00058,-7.4524824544238095,0.0006564990865484,-7.328589255618579,-0.1238931988052307,-0.1334079590928178,0.024678232862403393,-0.003292272680190544,-0.12060092612504016,0.0006543412665561554,-7.331881528298769
FR,2005,26,26.0,0.00063,-7.369790738578696,0.0006768107770726,-7.298118826228379,-0.0716719123503173,-0.1334079590928178,0.009663791121711372,-0.0012892266506468065,-0.07038268569967049,0.000675938776805148,-7.299408052879025
FR,2005,27,27.0,0.00056,-7.487573774235079,0.0006853912723625,-7.285520682245738,-0.2020530919893408,-0.1334079590928178,0.026671813654293827,-0.00355823222492329,-0.1984948597644175,0.0006829568247839859,-7.289078914470662
FR,2005,28,28.0,0.00059,-7.435388021064509,0.0007145714631576,-7.2438275471806595,-0.1915604738838494,-0.1334079590928178,0.028679621376060945,-0.0038260897553350414,-0.18773438412851434,0.0007118426722314107,-7.247653636935994
FR,2005,29,29.0,0.00064,-7.354042381610556,0.000718682712774,-7.2380905872451455,-0.1159517943654107,-0.1334079590928178,0.03581709355275066,-0.004778285351508988,-0.11117350901390172,0.0007152568331287405,-7.242868872596654
FR,2005,30,30.0,0.00068,-7.293417759794122,0.000741789009542,-7.206445708949973,-0.0869720508441487,-0.1334079590928178,0.025746336542969688,-0.00343476621231442,-0.08353728463183428,0.0007392455083819494,-7.209880475162287
FR,2005,31,31.0,0.00077,-7.1691200431165445,0.0007839738021048,-7.151134953854833,-0.0179850892617112,-0.1334079590928178,0.06239361033811383,-0.008323804215640303,-0.009661285046070897,0.0007774752415601276,-7.159458758070474
FR,2005,32,32.0,0.00077,-7.1691200431165445,0.0008289901254972,-7.095302314242159,-0.0738177288743857,-0.1334079590928178,0.03451956395968329,-0.004605184576635336,-0.06921254429775037,0.000825181249976026,-7.099907498818794
FR,2005,33,33.0,0.00081,-7.1184763102977895,0.0008776088030831,-7.038309618193043,-0.0801666921047461,-0.1334079590928178,0.04577424572973048,-0.006106648701816474,-0.07406004340292963,0.0008722658846915949,-7.04441626689486
FR,2005,34,34.0,0.00087,-7.047017346315645,0.0009322815020185,-6.97787574809134,-0.0691415982243048,-0.1334079590928178,0.03886606697491999,-0.005185042673088843,-0.06395655555121595,0.0009274600930547312,-6.983060790764429
FR,2005,35,35.0,0.00092,-6.991136887921188,0.0010336640129192,-6.874645494849738,-0.1164913930714499,-0.1334079590928178,0.04710416481397701,-0.006284070492604392,-0.11020732257884551,0.001027188762171173,-6.880929565342343
FR,2005,36,36.0,0.00106,-6.849486370858162,0.001143855534306,-6.773350675199646,-0.0761356956585155,-0.1334079590928178,0.04421455719095332,-0.005898573837037753,-0.07023712182147775,0.0011371282780920325,-6.779249249036684
FR,2005,37,37.0,0.00108,-6.830794237846009,0.0012494032343559,-6.685089254180825,-0.1457049836651833,-0.1334079590928178,0.03841065907222511,-0.005124287634235578,-0.14058069603094772,0.0012430173084461643,-6.690213541815061
FR,2005,38,38.0,0.00124,-6.692643899365192,0.0013638364369359,-6.597453641021018,-0.0951902583441732,-0.1334079590928178,0.04765541652473205,-0.006357611858282646,-0.08883264648589055,0.0013551931985219385,-6.603811252879301
FR,2005,39,39.0,0.00135,-6.607650686531799,0.0014916707590112,-6.507858472455989,-0.0997922140758102,-0.1334079590928178,0.04678374039051625,-0.006241323324226999,-0.0935508907515832,0.0014823897525198346,-6.514099795780216
FR,2005,40,40.0,0.00154,-6.475972862556599,0.0016030912885597,-6.435821458404966,-0.0401514041516328,-0.1334079590928178,0.03669488240350448,-0.004895389370602485,-0.03525601478103031,0.0015952627101096905,-6.440716847775569
FR,2005,41,41.0,0.00159,-6.444021262749997,0.0017772885954205,-6.332666337019389,-0.1113549257306081,-0.1334079590928178,0.022898045893743096,-0.0030547815698979434,-0.10830014416071015,0.0017718676510908003,-6.335721118589287
FR,2005,42,42.0,0.00176,-6.342441469932076,0.0019350615636198,-6.247616137182278,-0.0948253327497985,-0.1334079590928178,0.012396163892489322,-0.0016537469254770806,-0.09317158582432142,0.0019318641061299015,-6.249269884107755
FR,2005,43,43.0,0.00193,-6.250235276065343,0.0021200348009043,-6.156322774912039,-0.0939125011533041,-0.1334079590928178,0.013773155970123392,-0.0018374486282412208,-0.09207505252506289,0.002116142922525864,-6.15816022354028
FR,2005,44,44.0,0.00223,-6.10575369351011,0.0023576904907164,-6.050072744720366,-0.0556809487897433,-0.1334079590928178,0.00020078994947195483,-2.67869773654035e-05,-0.055654161812377895,0.0023576273361604716,-6.0500995316977315
FR,2005,45,45.0,0.00249,-5.995472568505521,0.0025766816827272,-5.961252877360056,-0.0342196911454655,-0.1334079590928178,0.0038192635919970072,-0.0005095201610458251,-0.033710170984419675,0.0025753691458716486,-5.961762397521102
FR,2005,46,46.0,0.00277,-5.88890795878289,0.0028245908723019,-5.869391748835636,-0.0195162099472536,-0.1334079590928178,-0.008293661601956345,0.0011064404677234658,-0.020622650414977066,0.002827717843532608,-5.868285308367913
FR,2005,47,47.0,0.00306,-5.789340363017848,0.0030901761155195,-5.779527194382893,-0.0098131686349551,-0.1334079590928178,-0.011129693784406605,0.0014847897331057049,-0.011297958368060804,0.0030947677852778267,-5.778042404649787
FR,2005,48,48.0,0.00343,-5.675195017804288,0.0033647915606706,-5.694389261141118,0.0191942433368295,-0.1334079590928178,-0.017094181787691547,0.002280499904657545,0.016913743432171956,0.003372473723760673,-5.69210876123646
FR,2005,49,49.0,0.00378,-5.578031269350641,0.0036684523500817,-5.607985408832366,0.0299541394817257,-0.1334079590928178,-0.024994619759029658,0.003334481210353164,0.026619658271372533,0.0036807051525309317,-5.604650927622013
FR,2005,50,50.0,0.00405,-5.509038397863689,0.004012034905984,-5.51845670852546,0.0094183106617711,-0.1334079590928178,-0.01547293484674551,0.00206421265908046,0.007354098002690641,0.004020325152698084,-5.51639249586638
FR,2005,51,51.0,0.00428,-5.453802269388432,0.0043339206183849,-5.4412826920521065,-0.0125195773363255,-0.1334079590928178,-0.028729083331244746,0.0038326883738288527,-0.016352265710154353,0.004350563057821769,-5.437450003678277
FR,2005,52,52.0,0.00444,-5.417100902538004,0.0046174769292754,-5.377906842270338,-0.0391940602676657,-0.1334079590928178,-0.024412613982259898,0.0032568370074940803,-0.04245089727515978,0.004632539814386514,-5.374650005262844
FR,2005,53,53.0,0.00482,-5.334981350919628,0.0049865117367441,-5.301018664421294,-0.0339626864983344,-0.1334079590928178,-0.021175008558886182,0.0028249146756139545,-0.03678760117394835,0.005000618122216142,-5.29819374974568
FR,2005,54,54.0,0.00522,-5.2552578770875895,0.0053462220232149,-5.231365131410435,-0.0238927456771547,-0.1334079590928178,-0.024645281212574734,0.003287876667838161,-0.027180622344992862,0.005363828670247313,-5.228077254742597
FR,2005,55,55.0,0.00541,-5.219506186123747,0.0057316448528155,-5.161752729621085,-0.0577534565026613,-0.1334079590928178,-0.02487055607892221,0.0033179301279924853,-0.06107138663065379,0.005750693633742598,-5.158434799493093
FR,2005,56,56.0,0.00581,-5.148174708118317,0.0060637332477717,-5.105429621093189,-0.0427450870251275,-0.1334079590928178,-0.022359852064113252,0.0029829822294906785,-0.04572806925461818,0.006081848261243266,-5.102446638863698
FR,2005,57,57.0,0.00637,-5.056155809398065,0.0065709653687045,-5.025094521403746,-0.0310612879943192,-0.1334079590928178,-0.015889845334695733,0.0021198318364022903,-0.03318111983072149,0.00658490948465783,-5.022974689567344
FR,2005,58,58.0,0.00673,-5.001180135325501,0.0069849619739773,-4.963995730242594,-0.0371844050829066,-0.1334079590928178,-0.011123722682077824,0.001483993140530488,-0.03866839822343709,0.006995335304705731,-4.962511737102064
FR,2005,59,59.0,0.00722,-4.930900326077402,0.0074619352249765,-4.8979404848726125,-0.0329598412047893,-0.1334079590928178,-0.0087211592600493,0.0011634720578066063,-0.034123313262595906,0.007470622030555815,-4.896777012814806
FR,2005,60,60.0,0.00782,-4.851070724424917,0.0080380048311984,-4.82357438191047,-0.0274963425144472,-0.1334079590928178,0.0019405719661795074,-0.00025888774548074475,-0.027237454768966454,0.008035924159591312,-4.8238332696559505
FR,2005,61,61.0,0.00798,-4.83081686752042,0.0085218052305856,-4.76512707906049,-0.0656897884599292,-0.1334079590928178,0.008849191603843589,-0.0011805525914900723,-0.06450923586843914,0.008511750727439179,-4.76630763165198
FR,2005,62,62.0,0.00871,-4.743283488117726,0.0090553722191309,-4.704397082016624,-0.0388864061011018,-0.1334079590928178,0.015632376070299388,-0.0020854833873100447,-0.036800922713791755,0.009036507069117978,-4.706482565403934
FR,2005,63,63.0,0.00912,-4.697285474895897,0.0096461371216782,-4.641197742043671,-0.0560877328522257,-0.1334079590928178,0.01736909945763264,-0.002317176109922939,-0.053770556742302765,0.009623811199722871,-4.643514918153594
FR,2005,64,64.0,0.00992,-4.613202357685355,0.0102688740244773,-4.578637898396262,-0.0345644592890934,-0.1334079590928178,0.020654593080320853,-0.002755487108738242,-0.03180897218035516,0.010240617222986562,-4.581393385505
FR,2005,65,65.0,0.01056,-4.550682000704022,0.0110901209575887,-4.501700570773229,-0.0489814299307926,-0.1334079590928178,0.0240960320506049,-0.003214602458106325,-0.045766827472686275,0.01105452786696672,-4.5049151732313355
FR,2005,66,66.0,0.01149,-4.466278187121473,0.0117669348709254,-4.442461810407692,-0.0238163767137811,-0.1334079590928178,0.031322469266425755,-0.00417866669858137,-0.01963771001519973,0.011717867361817466,-4.446640477106273
FR,2005,67,67.0,0.01235,-4.394099215908151,0.0126409044795401,-4.37081733589786,-0.0232818800102911,-0.1334079590928178,0.03178767384851735,-0.004240728692438836,-0.019041151317852265,0.01258741133833209,-4.3750580645902994
FR,2005,68,68.0,0.01337,-4.314741887868285,0.013830307467876,-4.280892901602054,-0.0338489862662312,-0.1334079590928178,0.026589249123508546,-0.00354721745937777,-0.03030176880685343,0.013781335268627893,-4.284440119061432
FR,2005,69,69.0,0.01464,-4.223997770448972,0.0148836569297694,-4.207491518362344,-0.0165062520866277,-0.1334079590928178,0.02957048087981278,-0.0039449375035690145,-0.012561314583058685,0.014825057494907336,-4.211436455865913
FR,2005,70,70.0,0.01572,-4.152821491981077,0.0162189413668039,-4.121575499576285,-0.0312459924047914,-0.1334079590928178,0.0280470861253989,-0.003741704518489954,-0.027504287886301444,0.016158368274583453,-4.125317204094775
FR,2005,71,71.0,0.01804,-4.015163764347659,0.0176638012812779,-4.036237858878386,0.0210740945307268,-0.1334079590928178,0.02812118002101814,-0.0037515892338857533,0.024825683764612555,0.017597658103156295,-4.039989448112272
FR,2005,72,72.0,0.01935,-3.945062859506346,0.0195392860728553,-3.935328169736344,-0.0097346897700019,-0.1334079590928178,0.02543880087989731,-0.0033937385071556776,-0.006340951262846223,0.019473087239609225,-3.9387219082434997
FR,2005,73,73.0,0.02105,-3.8608547188537465,0.0213372995324904,-3.8472985859852473,-0.0135561328684992,-0.1334079590928178,0.02052601459156696,-0.0027383337149703463,-0.010817799153528854,0.0212789508113898,-3.8500369197002176
FR,2005,74,74.0,0.02374,-3.740593889800615,0.0235132376226916,-3.750191713334393,0.0095978235337774,-0.1334079590928178,0.022004981864577278,-0.002935639720427723,0.012533463254205122,0.023444312447611144,-3.7531273530548206
FR,2005,75,75.0,0.0256,-3.665162927496621,0.0260423271112511,-3.648032098843224,-0.0171308286533964,-0.1334079590928178,0.017086695438732383,-0.002279501166121846,-0.014851327487274555,0.025983031204452615,-3.6503116000093456
FR,2005,76,76.0,0.02851,-3.5575003760575563,0.0290226252042461,-3.5396795737206896,-0.0178208023368666,-0.1334079590928178,0.016597268785099765,-0.0022142077551350913,-0.01560659458173151,0.02895843417480802,-3.541893781475825
FR,2005,77,77.0,0.03215,-3.437342828298509,0.0322582842276559,-3.433980393451008,-0.0033624348475012,-0.1334079590928178,0.017438723025429953,-0.002326464448007539,-0.001035970399493661,0.03218332370655015,-3.4363068578990155
FR,2005,78,78.0,0.03572,-3.3320445229738387,0.035935080412246,-3.3260412903504166,-0.006003232623422,-0.1334079590928178,0.013434794125306154,-0.0017923084650892723,-0.004210924158332728,0.03587073134734247,-3.327833598815506
FR,2005,79,79.0,0.04017,-3.2146348306109465,0.0402824249936005,-3.211840009527827,-0.0027948210831194,-0.1334079590928178,0.007477333167804083,-0.0009975357573737769,-0.0017972853257456232,0.040242261869682286,-3.212837545285201
FR,2005,80,80.0,0.04603,-3.078461921152987,0.0460712089077358,-3.077567059707096,-0.0008948614458912,-0.1334079590928178,-0.002524594898999976,0.0003368010530117253,-0.0012316624989029252,0.04608672835274548,-3.077230258654084
FR,2005,81,81.0,0.0521,-2.954590330222816,0.0516663710004055,-2.96294817332017,0.0083578430973543,-0.1334079590928178,-0.005256559113597071,0.0007012668231957367,0.007656576274158564,0.05170261561935209,-2.9622469064969743
FR,2005,82,82.0,0.05861,-2.836849948493799,0.0579812723768665,-2.84763521062996,0.010785262136161,-0.1334079590928178,-0.006691477285007811,0.0008926963279088416,0.009892565808252159,0.05803305515551422,-2.846742514302051
FR,2005,83,83.0,0.06598,-2.7184036131817018,0.0654056806573945,-2.727146164086304,0.0087425509046021,-0.1334079590928178,-0.006706696212817917,0.0008947266540075687,0.007847824250594531,0.06546422705080582,-2.7262514374322966
FR,2005,84,84.0,0.07449,-2.597090390793952,0.0733612732582006,-2.612359094884102,0.01526870409015,-0.1334079590928178,-0.007415543682049697,0.0009892925481858896,0.01427941154196411,0.07343388493033136,-2.611369802335916
FR,2005,85,85.0,0.08511,-2.4638107414932677,0.0827778558654549,-2.4915946945981755,0.0277839531049082,-0.1334079590928178,-0.007137747002112832,0.0009522322600727517,0.026831720844835448,0.08285671715140103,-2.4906424623381027
FR,2006,20,20.0,0.00051,-7.5810998322459024,0.0005805243862341,-7.45157874869206,-0.1295210835538425,0.4106559983265795,0.045301589958004616,0.018603369649985733,-0.14812445320382825,0.0005914251773232754,-7.432975379042074
FR,2006,21,21.0,0.00051,-7.5810998322459024,0.000579799280533,-7.452828582365668,-0.1282712498802345,0.4106559983265795,0.05264272235747465,0.0216180497043377,-0.1498892995845722,0.0005924698734999304,-7.43121053266133
FR,2006,22,22.0,0.0005,-7.600902459542082,0.0005875062181866,-7.4396237278544275,-0.1612787316876547,0.4106559983265795,0.03402998624177507,0.013974617973155906,-0.1752533496608106,0.0005957740283356011,-7.425649109881272
FR,2006,23,23.0,0.00055,-7.505592279737757,0.0006086192445178,-7.404317700038725,-0.1012745796990328,0.4106559983265795,0.027366742709560465,0.011238317048341195,-0.11251289674737398,0.0006154976791689203,-7.393079382990384
FR,2006,24,24.0,0.00059,-7.435388021064509,0.0006093701434098,-7.403084686032891,-0.0323033350316182,0.4106559983265795,0.05338521608923528,0.021922959209005086,-0.05422629424062328,0.0006228768527686227,-7.381161726823886
FR,2006,25,25.0,0.00051,-7.5810998322459024,0.0006172913481529,-7.390169444290417,-0.1909303879554853,0.4106559983265795,0.024678232862403393,0.010134264353046067,-0.20106465230853138,0.0006235789481452188,-7.380035179937371
FR,2006,26,26.0,0.00059,-7.435388021064509,0.0006386724252512,-7.356118871569317,-0.0792691494951922,0.4106559983265795,0.009663791121711372,0.003968493790705919,-0.08323764328589812,0.0006412120286723353,-7.352150377778611
FR,2006,27,27.0,0.00057,-7.469874197135678,0.0006437786891465,-7.348155541314778,-0.1217186558209002,0.4106559983265795,0.026671813654293827,0.010952940263384526,-0.13267159608428472,0.0006508687161119663,-7.337202601051394
FR,2006,28,28.0,0.0006,-7.418580902748128,0.0006748639605888,-7.300999427271943,-0.117581475476185,0.4106559983265795,0.028679621376060945,0.011777458547814618,-0.12935893402399962,0.0006828591318931245,-7.289221968724129
FR,2006,29,29.0,0.00059,-7.435388021064509,0.0006803364068833,-7.292923166120783,-0.1424648549437259,0.4106559983265795,0.03581709355275066,0.014708504310061316,-0.15717335925378723,0.0006904170920193116,-7.278214661810722
FR,2006,30,30.0,0.00061,-7.402051600796917,0.0007031593581114,-7.259927008895782,-0.1421245919011351,0.4106559983265795,0.025746336542969688,0.010572887536305314,-0.15269747943744041,0.0007106332234711418,-7.2493541213594765
FR,2006,31,31.0,0.00071,-7.250245587928913,0.0007421775495053,-7.205922058373414,-0.0443235295554993,0.4106559983265795,0.06239361033811383,0.025622310342597727,-0.06994583989809702,0.00076143956792911,-7.180299748030816
FR,2006,32,32.0,0.00073,-7.222466023821838,0.0007860682301275,-7.148466962524448,-0.0739990612973899,0.4106559983265795,0.03451956395968329,0.014175665999661954,-0.08817472729705185,0.0007972906253467314,-7.134291296524785
FR,2006,33,33.0,0.00077,-7.1691200431165445,0.0008327698900406,-7.090753196407568,-0.0783668467089766,0.4106559983265795,0.04577424572973048,0.01879746857778864,-0.09716431528676525,0.000848571909569953,-7.0719557278297795
FR,2006,34,34.0,0.00086,-7.05857816871672,0.000886640484773,-7.028070973744036,-0.0305071949726842,0.4106559983265795,0.03886606697491999,0.015960583534613472,-0.04646777850729767,0.000900905319017101,-7.012110390209423
FR,2006,35,35.0,0.00092,-6.991136887921188,0.0009752662821477,-6.932800014358972,-0.058336873562216,0.4106559983265795,0.04710416481397701,0.019343607827023466,-0.07768048138923947,0.0009943150930380054,-6.913456406531949
FR,2006,36,36.0,0.00107,-6.840096630508322,0.0010788151371122,-6.831891935361996,-0.0082046951463263,0.4106559983265795,0.04421455719095332,0.01815697312381858,-0.02636166827014488,0.0010985820653009839,-6.813734962238177
FR,2006,37,37.0,0.00106,-6.849486370858162,0.0011809502703394,-6.741435850748811,-0.1080505201093506,0.4106559983265795,0.03841065907222511,0.01577356754768649,-0.12382408765703709,0.0011997257581261634,-6.725662283201125
FR,2006,38,38.0,0.00122,-6.708904420236972,0.0012868401623622,-6.655565552049612,-0.0533388681873603,0.4106559983265795,0.04765541652473205,0.019569982648632814,-0.0729088508359931,0.0013122716371218094,-6.63599556940098
FR,2006,39,39.0,0.0013,-6.645391014514646,0.001407183263402,-6.5661652581577,-0.0792257563569469,0.4106559983265795,0.04678374039051625,0.01921202361551897,-0.09843777997246586,0.0014344794695838816,-6.5469532345421815
FR,2006,40,40.0,0.00145,-6.536191722549654,0.0015123623679831,-6.494082368574463,-0.0421093539751913,0.4106559983265795,0.03669488240350448,0.015068973566887568,-0.05717832754207887,0.0015353246913412165,-6.479013395007575
FR,2006,41,41.0,0.00157,-6.45667965962192,0.001675855124349,-6.391431721977682,-0.065247937644238,0.4106559983265795,0.022898045893743096,0.009403219896222906,-0.07465115754046091,0.0016916878813839405,-6.382028502081459
FR,2006,42,42.0,0.00175,-6.348139491046714,0.0018259548562032,-6.305652219895233,-0.0424872711514812,0.4106559983265795,0.012396163892489322,0.0050905590586901,-0.047577830210171305,0.0018352736861404844,-6.300561660836543
FR,2006,43,43.0,0.0019,-6.265901392809743,0.0020039295453136,-6.21264525340667,-0.0532561394030723,0.4106559983265795,0.013773155970123392,0.00565602911501871,-0.05891216851809101,0.0020152959432035294,-6.206989224291651
FR,2006,44,44.0,0.00213,-6.151633299260803,0.0022245169137356,-6.108215504359526,-0.043417794901277,0.4106559983265795,0.00020078994947195483,8.245559715434906e-05,-0.04350025049843135,0.0022247003451684936,-6.1081330487623715
FR,2006,45,45.0,0.00237,-6.044865323835097,0.0024378467898103,-6.016640092469386,-0.0282252313657114,0.4106559983265795,0.0038192635919970072,0.001568403503243889,-0.02979363486895529,0.0024416733172409355,-6.015071688966142
FR,2006,46,46.0,0.00278,-5.885304351279592,0.0026751817594596,-5.923737953480938,0.038433602201346,0.4106559983265795,-0.008293661601956345,-0.0034058418849342016,0.0418394440862802,0.002666086011505527,-5.927143795365872
FR,2006,47,47.0,0.00294,-5.829345697631547,0.0029348489267266,-5.831099300033106,0.0017536024015587,0.4106559983265795,-0.011129693784406605,-0.004570475512104621,0.006324077913663321,0.0029214658783196503,-5.8356697755452105
FR,2006,48,48.0,0.00322,-5.73837391942582,0.0032026904168118,-5.743764067159469,0.0053901477336486,0.4106559983265795,-0.017094181787691547,-0.007019828287600506,0.012409976021249106,0.003180286806775573,-5.75078389544707
FR,2006,49,49.0,0.00355,-5.640807675494813,0.0034989857747741,-5.655282131116662,0.0144744556218494,0.4106559983265795,-0.024994619759029658,-0.010264190529937574,0.024738646151786975,0.003463255204505657,-5.6655463216466
FR,2006,50,50.0,0.004,-5.521460917862246,0.0038346258813912,-5.563683402665735,0.0422224848034886,0.4106559983265795,-0.01547293484674551,-0.006354053506532398,0.048576538310021,0.003810337709253486,-5.570037456172267
FR,2006,51,51.0,0.00445,-5.4148511828039885,0.0041513526124507,-5.484321067132379,0.0694698843283907,0.4106559983265795,-0.028729083331244746,-0.011797770396399806,0.0812676547247905,0.00410266368264104,-5.496118837528779
FR,2006,52,52.0,0.0045,-5.403677882205863,0.0044389673301874,-5.417333512880811,0.0136556306749477,0.4106559983265795,-0.024412613982259898,-0.010025186366646352,0.023680817041594054,0.004394688179648363,-5.427358699247457
FR,2006,53,53.0,0.00486,-5.326716841069735,0.0048046407105728,-5.338173013429933,0.011456172360198,0.4106559983265795,-0.021175008558886182,-0.008695644279323272,0.020151816639521272,0.004763042388288767,-5.346868657709257
FR,2006,54,54.0,0.0051,-5.2785147392518565,0.0051640137673373,-5.266041139979349,-0.0124735992725071,0.4106559983265795,-0.024645281212574734,-0.010120732560389171,-0.002352866712117929,0.0051120137480634344,-5.276161872539738
FR,2006,55,55.0,0.00545,-5.212139670306985,0.0055517325022318,-5.193645237372097,-0.0184944329348875,0.4106559983265795,-0.02487055607892221,-0.010213243035526981,-0.008281189899360518,0.005495319877210561,-5.203858480407624
FR,2006,56,56.0,0.00588,-5.136198517071602,0.0058967701152358,-5.1333505160650175,-0.0028480010065843,0.4106559983265795,-0.022359852064113252,-0.009182207371823058,0.006334206365238758,0.005842872577087647,-5.14253272343684
FR,2006,57,57.0,0.00627,-5.071978924337308,0.0063865165483626,-5.053566300337427,-0.0184126239998807,0.4106559983265795,-0.015889845334695733,-0.006525260299174418,-0.011887363700706281,0.006344978536038233,-5.060091560636601
FR,2006,58,58.0,0.00646,-5.042125961187627,0.0068000602818085,-4.990823801867523,-0.0513021593201035,0.4106559983265795,-0.011123722682077824,-0.004568023443116686,-0.04673413587698681,0.006769068286998128,-4.99539182531064
FR,2006,59,59.0,0.00693,-4.971895465780325,0.007273755397971,-4.923482559877009,-0.0484129059033167,0.4106559983265795,-0.0087211592600493,-0.003581396362500639,-0.04483150954081606,0.0072477517892562664,-4.927063956239509
FR,2006,60,60.0,0.00751,-4.891519813206093,0.0078382006777357,-4.848745976351056,-0.0427738368550372,0.4106559983265795,0.0019405719661795074,0.0007969075180960189,-0.04357074437313322,0.007844449488315587,-4.8479490688329605
FR,2006,61,61.0,0.00786,-4.845968672541022,0.0083283576330199,-4.788089005145316,-0.0578796673957064,0.4106559983265795,0.008849191603843589,0.0036339736124595744,-0.061513641008165976,0.008358677722729755,-4.784455031532857
FR,2006,62,62.0,0.00852,-4.765338938140912,0.0088641587396527,-4.725739240783234,-0.0395996973576782,0.4106559983265795,0.015632376070299388,0.006419529001365327,-0.04601922635904353,0.00892124550277339,-4.719319711781869
FR,2006,63,63.0,0.00926,-4.682051230324049,0.0094484382071384,-4.661905820220801,-0.0201454101032485,0.4106559983265795,0.01736909945763264,0.007132724877807782,-0.02727813498105628,0.009516072238118477,-4.654773095342993
FR,2006,64,64.0,0.00972,-4.63356966050979,0.0100487000424646,-4.600312001851848,-0.0332576586579413,0.4106559983265795,0.020654593080320853,0.00848193254142842,-0.04173959119936972,0.010134294930222408,-4.5918300693104195
FR,2006,65,65.0,0.01039,-4.566911473871001,0.0108411280721812,-4.524408222685719,-0.0425032511852823,0.4106559983265795,0.0240960320506049,0.009895180097450412,-0.052398431282732714,0.01094893549418477,-4.514513042588269
FR,2006,66,66.0,0.01092,-4.517159308665378,0.0115022597730711,-4.46521176091074,-0.0519475477546382,0.4106559983265795,0.031322469266425755,0.012862759886657672,-0.06481030764129588,0.011651166199441036,-4.452349001024082
FR,2006,67,67.0,0.012,-4.422848629194137,0.0123399200551807,-4.394915739036355,-0.0279328901577819,0.4106559983265795,0.03178767384851735,0.013053798938742596,-0.040986689096524496,0.012502058851739575,-4.381861940097612
FR,2006,68,68.0,0.01323,-4.325268300855273,0.0134702191583048,-4.3072740185879255,-0.0179942822673471,0.4106559983265795,0.026589249123508546,0.010919034643568531,-0.02891331691091563,0.013618106874170227,-4.296354983944357
FR,2006,69,69.0,0.01392,-4.274428624075863,0.0144842324938085,-4.234694635439515,-0.0397339886363479,0.4106559983265795,0.02957048087981278,0.012143295346696548,-0.05187728398304445,0.014661191062417462,-4.222551340092819
FR,2006,70,70.0,0.01515,-4.189754747026759,0.0157608672083162,-4.150225170157885,-0.0395295768688743,0.4106559983265795,0.0280470861253989,0.011517704152977242,-0.05104728102185155,0.01594344563782166,-4.138707466004908
FR,2006,71,71.0,0.01681,-4.085781331561613,0.0171385941883641,-4.066422388524923,-0.01935894303669,0.4106559983265795,0.02812118002101814,0.011548131255652667,-0.03090707429234267,0.017337660131136357,-4.05487425726927
FR,2006,72,72.0,0.01848,-3.991066212768599,0.0189023113736033,-3.9684710694943033,-0.0225951432742954,0.4106559983265795,0.02543880087989731,0.010446596171565299,-0.033041739445860696,0.019100811205816245,-3.958024473322738
FR,2006,73,73.0,0.02032,-3.896149656271856,0.0206335243048656,-3.880838132516311,-0.0153115237555447,0.4106559983265795,0.02052601459156696,0.008429131013765868,-0.023740654769310567,0.02080818205692253,-3.872409001502545
FR,2006,74,74.0,0.02239,-3.7991408483714735,0.0226966225244746,-3.7855391530328113,-0.0136016953386621,0.4106559983265795,0.022004981864577278,0.009036477795756259,-0.02263817313441836,0.022902649527197103,-3.776502675237055
FR,2006,75,75.0,0.02449,-3.709490408018061,0.0251113662783538,-3.684434695570332,-0.0250557124477288,0.4106559983265795,0.017086695438732383,0.007016753973494859,-0.03207246642122366,0.0252881861828769,-3.677417941596837
FR,2006,76,76.0,0.028,-3.575550768806933,0.0279640533112817,-3.5768354039087478,0.0012846351018143,0.4106559983265795,0.016597268785099765,0.006815767982439719,-0.005531132880625419,0.028155300819460084,-3.570019635926308
FR,2006,77,77.0,0.03055,-3.4883905933645325,0.0310585474107157,-3.4718812295568977,-0.0165093638076347,0.4106559983265795,0.017438723025429953,0.007161316213548647,-0.023670680021183346,0.03128176580464061,-3.464719913343349
FR,2006,78,78.0,0.03418,-3.376114601294692,0.0346083288160568,-3.363660908659125,-0.0124536926355669,0.4106559983265795,0.013434794125306154,0.005517078793839664,-0.017970771429406562,0.03479979336992097,-3.3581438298652855
FR,2006,79,79.0,0.03792,-3.272276601595316,0.0388177892940508,-3.248876650465866,-0.0233999511294498,0.4106559983265795,0.007477333167804083,0.0030706117168450313,-0.026470562846294832,0.03893716683992728,-3.2458060387490213
FR,2006,80,80.0,0.04394,-3.124930212025673,0.0443395311616063,-3.115878648561955,-0.0090515634637178,0.4106559983265795,-0.002524594898999976,-0.0010367400386190253,-0.008014823425098775,0.044293586414851975,-3.116915388600574
FR,2006,81,81.0,0.0486,-3.024131748075689,0.0498312560111145,-2.9991128610840603,-0.0250188869916287,0.4106559983265795,-0.005256559113597071,-0.002158637530556885,-0.022860249461071815,0.04972380440795033,-3.001271498614617
FR,2006,82,82.0,0.05541,-2.892995196102879,0.0559843531431649,-2.8826830354464885,-0.0103121606563902,0.4106559983265795,-0.006691477285007811,-0.0027478952847545123,-0.007564265371635688,0.05583072517659475,-2.885430930731243
FR,2006,83,83.0,0.06234,-2.775152004642946,0.0632650255623088,-2.7604226212896394,-0.0147293833533064,0.4106559983265795,-0.006706696212817917,-0.0027541450287478317,-0.011975238324558568,0.06309102422910406,-2.7631767663183875
FR,2006,84,84.0,0.07039,-2.653704071362097,0.0711932667556954,-2.6423570330740307,-0.0113470382880662,0.4106559983265795,-0.007415543682049697,-0.003045237493886478,-0.008301800794179722,0.07097679611999301,-2.645402270567917
FR,2006,85,85.0,0.07977,-2.528607785059099,0.0804986154464937,-2.5195152941279693,-0.0090924909311298,0.4106559983265795,-0.007137747002112832,-0.0029311586209551954,-0.006161332310174605,0.08026300670783529,-2.5224464527489245
FR,2007,20,20.0,0.00054,-7.523941418405954,0.0005589321259754,-7.489482512618665,-0.0344589057872894,-1.264213456897575,0.045301589958004616,-0.05727087964376548,0.022811973856476084,0.0005278209760505053,-7.54675339226243
FR,2007,21,21.0,0.00054,-7.523941418405954,0.0005608748977933,-7.486012675895243,-0.0379287425107106,-1.264213456897575,0.05264272235747465,-0.06655163801204228,0.02862289550133168,0.0005247627438954347,-7.552564313907285
FR,2007,22,22.0,0.00049,-7.621105166859602,0.0005677943959101,-7.473751183804809,-0.1473539830547929,-1.264213456897575,0.03402998624177507,-0.043021166544891375,-0.1043328165099015,0.0005438852067660601,-7.5167723503497
FR,2007,23,23.0,0.00057,-7.469874197135678,0.0005886184564725,-7.4377323660943135,-0.0321418310413648,-1.264213456897575,0.027366742709560465,-0.03459740440487994,0.0024555733635151372,0.0005686020402815763,-7.472329770499194
FR,2007,24,24.0,0.00052,-7.5616817463888015,0.0005902423951929,-7.434977266125856,-0.1267044802629451,-1.264213456897575,0.05338521608923528,-0.06749030857939617,-0.05921417168354892,0.00055172127560664,-7.5024675747052525
FR,2007,25,25.0,0.00057,-7.469874197135678,0.0005990011538416,-7.420247033570862,-0.049627163564816,-1.264213456897575,0.024678232862403393,-0.031198554077102328,-0.018428609487713674,0.000580601694614661,-7.451445587647965
FR,2007,26,26.0,0.00061,-7.402051600796917,0.0006208333852605,-7.3844478127375295,-0.0176037880593877,-1.264213456897575,0.009663791121711372,-0.012217094780714826,-0.005386693278672873,0.0006132947488338634,-7.396664907518244
FR,2007,27,27.0,0.00061,-7.402051600796917,0.0006243819591262,-7.378748262875872,-0.0233033379210452,-1.264213456897575,0.026671813654293827,-0.033718865741622736,0.010415527820577537,0.000603679500835795,-7.412467128617495
FR,2007,28,28.0,0.0006,-7.418580902748128,0.0006562794505828,-7.328923867986802,-0.0896570347613261,-1.264213456897575,0.028679621376060945,-0.036257163282343595,-0.0533998714789825,0.0006329108194634665,-7.365181031269145
FR,2007,29,29.0,0.0006,-7.418580902748128,0.0006623575627853,-7.319705022788969,-0.0988758799591593,-1.264213456897575,0.03581709355275066,-0.045280451656346754,-0.05359542830281254,0.0006330346015959138,-7.364985474445316
FR,2007,30,30.0,0.00061,-7.402051600796917,0.0006850293589188,-7.286048860885009,-0.1160027399119085,-1.264213456897575,0.025746336542969688,-0.03254886512343607,-0.08345387478847244,0.0006630913953923945,-7.318597726008445
FR,2007,31,31.0,0.00062,-7.385791079925137,0.0007225805155219,-7.232681704017831,-0.1531093759073059,-1.264213456897575,0.06239361033811383,-0.07887884181386716,-0.07423053409343873,0.0006677741463717237,-7.311560545831698
FR,2007,32,32.0,0.0007,-7.264430222920869,0.000765918988882,-7.174434152456189,-0.0899960704646805,-1.264213456897575,0.03451956395968329,-0.04364009728406815,-0.04635597318061235,0.0007332130453999616,-7.218074249740257
FR,2007,33,33.0,0.00071,-7.250245587928913,0.0008117093750675,-7.11636819434691,-0.1338773935820034,-1.264213456897575,0.04577424572973048,-0.05786841743086163,-0.07600897615114177,0.0007660703039836438,-7.174236611777771
FR,2007,34,34.0,0.0008,-7.1308988302963465,0.0008651671699431,-7.052587809654796,-0.0783110206415509,-1.264213456897575,0.03886606697491999,-0.049135004886376274,-0.02917601575517463,0.0008236846442960331,-7.101722814541172
FR,2007,35,35.0,0.00087,-7.047017346315645,0.0009479541657061,-6.961204405289335,-0.0858129410263099,-1.264213456897575,0.04710416481397701,-0.05954971903375099,-0.026263221992558913,0.0008931516914011044,-7.020754124323086
FR,2007,36,36.0,0.00098,-6.927957986299656,0.0010484051000856,-6.8604852218896815,-0.0674727644099748,-1.264213456897575,0.04421455719095332,-0.055896638191570626,-0.011576126218404169,0.0009914105210866247,-6.916381860081252
FR,2007,37,37.0,0.00109,-6.821577582741084,0.001148892092808,-6.7689571985308765,-0.0526203842102077,-1.264213456897575,0.03841065907222511,-0.0485592720874119,-0.0040611121227958,0.0010944356128782212,-6.817516470618289
FR,2007,38,38.0,0.00116,-6.759335273863864,0.0012508285193723,-6.6839491317351865,-0.0753861421286776,-1.264213456897575,0.04765541652473205,-0.06024661886462532,-0.015139523264052282,0.001177695459406376,-6.744195750599812
FR,2007,39,39.0,0.0012,-6.725433722188183,0.0013676736879855,-6.594644020409382,-0.1307897017788004,-1.264213456897575,0.04678374039051625,-0.059144634165693245,-0.07164506761310716,0.001289128778112453,-6.6537886545750755
FR,2007,40,40.0,0.00135,-6.607650686531799,0.0014699326084172,-6.522538723856538,-0.0851119626752607,-1.264213456897575,0.03669488240350448,-0.04639016413378439,-0.0387217985414763,0.0014032996985948538,-6.568928887990323
FR,2007,41,41.0,0.00154,-6.475972862556599,0.0016284372315722,-6.420134477698388,-0.0558383848582106,-1.264213456897575,0.022898045893743096,-0.02894801775552828,-0.02689036710268232,0.001581972970468035,-6.449082495453917
FR,2007,42,42.0,0.00171,-6.371261908467568,0.0017749220672664,-6.333998762784026,-0.0372631456835419,-1.264213456897575,0.012396163892489322,-0.015671397206792823,-0.02159174847674908,0.0017473233783812084,-6.349670159990819
FR,2007,43,43.0,0.0018,-6.319968614080018,0.0019495536672272,-6.24015482120689,-0.0798137928731286,-1.264213456897575,0.013773155970123392,-0.017412209121379165,-0.06240158375174944,0.0019159014609395602,-6.257567030328269
FR,2007,44,44.0,0.00205,-6.18991548583182,0.0021622322293118,-6.136614151420803,-0.0533013344110173,-1.264213456897575,0.00020078994947195483,-0.00025384135613222943,-0.05304749305488507,0.0021616834350068055,-6.136867992776935
FR,2007,45,45.0,0.00237,-6.044865323835097,0.0023727803928468,-6.043692849912592,-0.0011724739225051,-1.264213456897575,0.0038192635919970072,-0.004828364428441586,0.003655890505936486,0.0023613513583771377,-6.048521214341034
FR,2007,46,46.0,0.0025,-5.991464547107982,0.0026051051222515,-5.950282250559715,-0.0411822965482668,-1.264213456897575,-0.008293661601956345,0.01048495860414791,-0.05166725515241471,0.002632563238676075,-5.939797291955567
FR,2007,47,47.0,0.00279,-5.881713683148863,0.0028618453213935,-5.856288644943057,-0.0254250382058058,-1.264213456897575,-0.011129693784406605,0.014070308653396127,-0.039495346859201926,0.002902396986595781,-5.842218336289661
FR,2007,48,48.0,0.00306,-5.789340363017848,0.0031263778348744,-5.767880185804958,-0.0214601772128899,-1.264213456897575,-0.017094181787691547,0.021610694650653097,-0.043070871863543,0.0031946763628871748,-5.746269491154305
FR,2007,49,49.0,0.00356,-5.637994734118198,0.0034190817706346,-5.678383252075536,0.0403885179573375,-1.264213456897575,-0.024994619759029658,0.03159853464940331,0.008789983307934186,0.003528844786922479,-5.646784717426132
FR,2007,50,50.0,0.00373,-5.591347045326413,0.0037508475150298,-5.585773460526919,-0.0055735847994942,-1.264213456897575,-0.01547293484674551,0.019561092450955088,-0.025134677250449287,0.0038249404973386748,-5.5662123680759645
FR,2007,51,51.0,0.00411,-5.4943322504739935,0.0040649969548112,-5.505342285106566,0.0110100346325721,-1.264213456897575,-0.028729083331244746,0.03631969375169142,-0.025309659119119317,0.004215350264923702,-5.469022591354874
FR,2007,52,52.0,0.00449,-5.405902577227974,0.0043543032615347,-5.436590667347106,0.0306880901191322,-1.264213456897575,-0.024412613982259898,0.03086275511441886,-0.0001746649952866601,0.004490784314322972,-5.405727912232687
FR,2007,53,53.0,0.00479,-5.341224867559313,0.0047182359026823,-5.3563202986781056,0.0150954311187927,-1.264213456897575,-0.021175008558886182,0.026769730770065236,-0.011674299651272535,0.004846247582066399,-5.32955056790804
FR,2007,54,54.0,0.00508,-5.282444017391747,0.0050772884463423,-5.282977930302923,0.0005339129111767,-1.264213456897575,-0.024645281212574734,0.03115689615796196,-0.03062298324678526,0.005237971184540433,-5.251821034144961
FR,2007,55,55.0,0.00548,-5.206650178022213,0.0054659218809143,-5.209222483397929,0.0025723053757165,-1.264213456897575,-0.02487055607892221,0.03144169167549925,-0.028869386299782748,0.005640510001725807,-5.17778079172243
FR,2007,56,56.0,0.0057,-5.167289104141632,0.0058168993979254,-5.14698790869758,-0.0203011954440528,-1.264213456897575,-0.022359852064113252,0.028267625873690992,-0.04856882131774379,0.005983675409632361,-5.1187202828238885
FR,2007,57,57.0,0.00632,-5.064036070823371,0.0062983173974652,-5.067472761024231,0.0034366902008597,-1.264213456897575,-0.015889845334695733,0.020088156300143496,-0.016651466099283797,0.006426118326654132,-5.047384604724087
FR,2007,58,58.0,0.00656,-5.026764676026139,0.0067115361002392,-5.0039274271880165,-0.0228372488381225,-1.264213456897575,-0.011123722682077824,0.014062759905479569,-0.03690000874360207,0.006806585583625917,-4.989864667282537
FR,2007,59,59.0,0.00691,-4.974785641202558,0.0071835753063199,-4.935958066333257,-0.0388275748693009,-1.264213456897575,-0.0087211592600493,0.011025406896301222,-0.04985298176560212,0.007263215372359508,-4.924932659436956
FR,2007,60,60.0,0.00754,-4.887533096962272,0.0077424234812304,-4.86104052911952,-0.0264925678427525,-1.264213456897575,0.0019405719661795074,-0.0024532971937223187,-0.024039270649030182,0.007723452295924289,-4.863493826313242
FR,2007,61,61.0,0.00771,-4.8652370914068985,0.0082354745551737,-4.799304290397975,-0.0659328010089232,-1.264213456897575,0.008849191603843589,-0.011187267108244098,-0.0547455339006791,0.0081438555403034,-4.81049155750622
FR,2007,62,62.0,0.00852,-4.765338938140912,0.0087722374152523,-4.736163383670502,-0.0291755544704104,-1.264213456897575,0.015632376070299388,-0.019762660191356116,-0.009412894279054285,0.008600576493324522,-4.755926043861858
FR,2007,63,63.0,0.00915,-4.694001399694707,0.0093533542251569,-4.672020259355086,-0.021981140339621,-1.264213456897575,0.01736909945763264,-0.021958249268531554,-2.2891071089447407e-05,0.009150209455697793,-4.693978508623617
FR,2007,64,64.0,0.00959,-4.64703439008679,0.0099428828385499,-4.610898276363494,-0.0361361137232965,-1.264213456897575,0.020654593080320853,-0.026111814518885154,-0.010024299204411342,0.009686616476551273,-4.637010090882379
FR,2007,65,65.0,0.01012,-4.5932416151228175,0.0107215524803553,-4.535499312896352,-0.0577423022264653,-1.264213456897575,0.0240960320506049,-0.03046252797620998,-0.02727977425025532,0.010399871373202809,-4.565961840872562
FR,2007,66,66.0,0.01089,-4.519910342037268,0.0113751570117836,-4.476323511006662,-0.0435868310306064,-1.264213456897575,0.031322469266425755,-0.03959828714987615,-0.00398854388073025,0.010933521979826936,-4.515921798156538
FR,2007,67,67.0,0.01151,-4.464539056248346,0.0121955260298523,-4.406686113365294,-0.057852942883052,-1.264213456897575,0.03178767384851735,-0.04018640504276676,-0.01766653784028524,0.011715148648059798,-4.44687251840806
FR,2007,68,68.0,0.0131,-4.335143048775032,0.0132977645342145,-4.320159338015719,-0.0149837107593127,-1.264213456897575,0.026589249123508546,-0.033614486550741556,0.018630775791428855,0.01285819632639432,-4.353773824566461
FR,2007,69,69.0,0.01373,-4.288172059202258,0.0142930561427364,-4.247981444074598,-0.0401906151276598,-1.264213456897575,0.02957048087981278,-0.037383399855191755,-0.002807215272468043,0.01376859721569069,-4.28536484392979
FR,2007,70,70.0,0.01509,-4.193723006202379,0.0155418558299239,-4.1642185183979405,-0.0295044878044388,-1.264213456897575,0.0280470861253989,-0.03545750370649455,0.005953015902055752,0.015000435842964227,-4.199676022104435
FR,2007,71,71.0,0.01613,-4.12707438684502,0.0168877730439156,-4.081165407422933,-0.0459089794220863,-1.264213456897575,0.02812118002101814,-0.035551174206410366,-0.010357805215675933,0.016297939639731546,-4.116716581629343
FR,2007,72,72.0,0.01782,-4.027433856939473,0.0185987846083355,-3.984659044035842,-0.0427748129036311,-1.264213456897575,0.02543880087989731,-0.032160074399704044,-0.010614738503927058,0.018010162115200293,-4.016819118435546
FR,2007,73,73.0,0.0195,-3.937340813412436,0.0202982654763903,-3.897219841097777,-0.0401209723146589,-1.264213456897575,0.02052601459156696,-0.025949263863134932,-0.014171708451523969,0.019778315761720604,-3.923169104960912
FR,2007,74,74.0,0.02163,-3.8336740390171697,0.0223081345228814,-3.802803890220123,-0.0308701487970468,-1.264213456897575,0.022004981864577278,-0.027818994191985684,-0.003051154605061116,0.021696097259308093,-3.8306228844121084
FR,2007,75,75.0,0.02391,-3.733458497511904,0.0246688293306236,-3.7022148027235326,-0.0312436947883711,-1.264213456897575,0.017086695438732383,-0.02160123030755589,-0.00964246448081521,0.024141666448516397,-3.7238160330310883
FR,2007,76,76.0,0.0266,-3.626844063194484,0.027461138680887,-3.5949834126088485,-0.0318606505856351,-1.264213456897575,0.016597268785099765,-0.020982490545869186,-0.010878160039765914,0.02689093862653085,-3.6159659031547178
FR,2007,77,77.0,0.02969,-3.5169449902064684,0.0304888839874539,-3.490393121227989,-0.0265518689784793,-1.264213456897575,0.017438723025429953,-0.022046268319858137,-0.004505600658621163,0.029824073096658972,-3.5124393895478474
FR,2007,78,78.0,0.03367,-3.391148045809154,0.0339782234876037,-3.382035445223251,-0.0091126005859032,-1.264213456897575,0.013434794125306154,-0.016984447523860524,0.007871846937957325,0.033405995378857134,-3.3990198927471114
FR,2007,79,79.0,0.03753,-3.282614665835208,0.038121896768492,-3.26696644360369,-0.0156482222315177,-1.264213456897575,0.007477333167804083,-0.009452945212444495,-0.006195277019073206,0.037763230464216764,-3.276419388816134
FR,2007,80,80.0,0.04345,-3.136144427270736,0.0435175417284175,-3.134591164049663,-0.0015532632210728,-1.264213456897575,-0.002524594898999976,0.0031916268445307434,-0.004744890065603543,0.043656655364123144,-3.1313995372051324
FR,2007,81,81.0,0.04838,-3.028668773800256,0.0489587698626342,-3.0167767664484053,-0.0118920073518506,-1.264213456897575,-0.005256559113597071,0.006645412768387006,-0.018537420120237607,0.04928520454227819,-3.0101313536800185
FR,2007,82,82.0,0.05391,-2.92043928951856,0.0550341470005094,-2.8998014318454044,-0.0206378576731554,-1.264213456897575,-0.006691477285007811,0.008459455630231325,-0.029097313303386725,0.05550168067725595,-2.891341976215173
FR,2007,83,83.0,0.06105,-2.7960620784254235,0.062245077115532,-2.7766758292459177,-0.0193862491795058,-1.264213456897575,-0.006706696212817917,0.008478695603568412,-0.027864944783074212,0.0627750778596384,-2.7681971336423494
FR,2007,84,84.0,0.06925,-2.670032133914689,0.0701577560204734,-2.657008915174377,-0.013023218740312,-1.264213456897575,-0.007415543682049697,0.00937483011305902,-0.02239804885337102,0.07081856571385287,-2.647634085061318
FR,2007,85,85.0,0.07825,-2.5478464495618747,0.0794082872731869,-2.533152542457885,-0.0146939071039895,-1.264213456897575,-0.007137747002112832,0.009023635812001366,-0.023717542915990868,0.08012808143402157,-2.524128906645884
FR,2008,20,20.0,0.00046,-7.684284068481133,0.0005304748915775,-7.54173793076155,-0.1425461377195835,-1.1075799904794972,0.045301589958004616,-0.050175134574392835,-0.09237100314519066,0.0005045149600768931,-7.591913065335943
FR,2008,21,21.0,0.00052,-7.5616817463888015,0.0005357936802504,-7.531761395902005,-0.0299203504867966,-1.1075799904794972,0.05264272235747465,-0.05830602592750658,0.02838567544070998,0.0005054469746556163,-7.590067421829511
FR,2008,22,22.0,0.00055,-7.505592279737757,0.0005416987865769,-7.520800455330804,0.0152081755930462,-1.1075799904794972,0.03402998624177507,-0.03769093183768265,0.05289910743072885,0.0005216616359930207,-7.558491387168487
FR,2008,23,23.0,0.00055,-7.505592279737757,0.0005621178900887,-7.483798961227737,-0.0217933185100207,-1.1075799904794972,0.027366742709560465,-0.03031085662970983,0.008517538119689132,0.0005453352483359068,-7.514109817857446
FR,2008,24,24.0,0.00056,-7.487573774235079,0.0005648527604342,-7.478945461781583,-0.0086283124534958,-1.1075799904794972,0.05338521608923528,-0.05912839712786111,0.05050008467436531,0.0005324221549739934,-7.538073858909444
FR,2008,25,25.0,0.00057,-7.469874197135678,0.0005746709044169,-7.4617130211604605,-0.0081611759752178,-1.1075799904794972,0.024678232862403393,-0.027333116918791565,0.019171940943573766,0.0005591760829489459,-7.489046138079252
FR,2008,26,26.0,0.00056,-7.487573774235079,0.0005970539652734,-7.423503054564084,-0.0640707196709948,-1.1075799904794972,0.009663791121711372,-0.01070342167858093,-0.05336729799241387,0.0005906975234413448,-7.434206476242665
FR,2008,27,27.0,0.00059,-7.435388021064509,0.0005985955303885,-7.420924429348399,-0.01446359171611,-1.1075799904794972,0.026671813654293827,-0.02954116711329368,0.01507757539718368,0.0005811709580491328,-7.450465596461693
FR,2008,28,28.0,0.00059,-7.435388021064509,0.0006314944203706,-7.367421451730376,-0.0679665693341329,-1.1075799904794972,0.028679621376060945,-0.03176497477065317,-0.03620159456347974,0.0006117502625267349,-7.399186426501029
FR,2008,29,29.0,0.00062,-7.385791079925137,0.0006383477238994,-7.356627401303906,-0.0291636786212308,-1.1075799904794972,0.03581709355275066,-0.039670296136158835,0.010506617514928034,0.000613519998200917,-7.396297697440065
FR,2008,30,30.0,0.00061,-7.402051600796917,0.0006607986792314,-7.322061334501262,-0.0799902662956553,-1.1075799904794972,0.025746336542969688,-0.028516127183144297,-0.051474139112511,0.0006422213950082056,-7.350577461684407
FR,2008,31,31.0,0.00063,-7.369790738578696,0.0006964089755467,-7.269573461659951,-0.1002172769187446,-1.1075799904794972,0.06239361033811383,-0.06910591434426958,-0.031111362574475027,0.000649908238873354,-7.338679376004221
FR,2008,32,32.0,0.0007,-7.264430222920869,0.0007389846535802,-7.210233403699583,-0.0541968192212864,-1.1075799904794972,0.03451956395968329,-0.03823317832182241,-0.01596364089946399,0.000711264218386897,-7.248466582021405
FR,2008,33,33.0,0.00072,-7.236259345954173,0.0007835451265412,-7.151681901730728,-0.084577444223445,-1.1075799904794972,0.04577424572973048,-0.05069863864954105,-0.03387880557390395,0.000744810644475494,-7.202380540380269
FR,2008,34,34.0,0.00082,-7.106206217705975,0.0008364134133663,-7.086387553515009,-0.0198186641909661,-1.1075799904794972,0.03886606697491999,-0.04304727809005738,0.02322861389909128,0.000801172056688415,-7.129434831605066
FR,2008,35,35.0,0.00084,-7.082108666126914,0.0009115504065428,-7.000363664724208,-0.0817450014027061,-1.1075799904794972,0.04710416481397701,-0.05217163041620932,-0.02957337098649678,0.0008652126049699521,-7.052535295140418
FR,2008,36,36.0,0.00097,-6.938214486466846,0.0010078812747865,-6.899904899219796,-0.03830958724705,-1.1075799904794972,0.04421455719095332,-0.04897115883261126,0.01066157158556126,0.0009597132096783782,-6.948876058052407
FR,2008,37,37.0,0.001,-6.907755278982137,0.0011061175864759,-6.80689906464719,-0.1008562143349465,-1.1075799904794972,0.03841065907222511,-0.042542877409526295,-0.058313336925420206,0.0010600470955757235,-6.849441942056717
FR,2008,38,38.0,0.00113,-6.785537646257888,0.0012028281539921,-6.723079700080156,-0.0624579461777319,-1.1075799904794972,0.04765541652473205,-0.052782185780759196,-0.009675760396972703,0.001140986675755103,-6.775861885860915
FR,2008,39,39.0,0.00127,-6.668738378511637,0.0013150168356254,-6.633905810677365,-0.0348325678342726,-1.1075799904794972,0.04678374039051625,-0.051816734736323256,0.01698416690205066,0.0012486122487298656,-6.685722545413688
FR,2008,40,40.0,0.00135,-6.607650686531799,0.0014133823419294,-6.561769623114109,-0.0458810634176902,-1.1075799904794972,0.03669488240350448,-0.04064251750311976,-0.005238545914570444,0.0013570905929678708,-6.602412140617228
FR,2008,41,41.0,0.00153,-6.482487543577793,0.001565257278989,-6.459705072981298,-0.0227824705964954,-1.1075799904794972,0.022898045893743096,-0.02536141745299107,0.002578946856495668,0.0015260592949281639,-6.485066490434289
FR,2008,42,42.0,0.00162,-6.425329129737844,0.0017068968392555,-6.373078270941247,-0.0522508587965973,-1.1075799904794972,0.012396163892489322,-0.01372974308602561,-0.03852111571057169,0.001683621730433769,-6.386808014027272
FR,2008,43,43.0,0.00181,-6.3144284337044025,0.0018770001395328,-6.278080447039567,-0.0363479866648353,-1.1075799904794972,0.013773155970123392,-0.015254871958261897,-0.0210931147065734,0.001848584035810313,-6.293335318997829
FR,2008,44,44.0,0.00207,-6.18020667170486,0.0020792136863262,-6.17576549216239,-0.0044411795424696,-1.1075799904794972,0.00020078994947195483,-0.00022239093032452644,-0.004218788612145074,0.002078751339472974,-6.175987883092715
FR,2008,45,45.0,0.00214,-6.1469494499483766,0.0022859154473605,-6.080988701449926,-0.0659607484984503,-1.1075799904794972,0.0038192635919970072,-0.004230139932862736,-0.061730608565587555,0.0022762661285168086,-6.085218841382789
FR,2008,46,46.0,0.0025,-5.991464547107982,0.0025114949102731,-5.986877121344747,-0.0045874257632343,-1.1075799904794972,-0.008293661601956345,0.00918589363813498,-0.01377331940136928,0.0025346715213626155,-5.977691227706613
FR,2008,47,47.0,0.00273,-5.903453669785269,0.0027641681682399,-5.891015532583127,-0.0124381372021415,-1.1075799904794972,-0.011129693784406605,0.012327026135772787,-0.024765163337914287,0.002798453022493939,-5.878688506447355
FR,2008,48,48.0,0.00306,-5.789340363017848,0.0030241431397431,-5.801127487213959,0.0117871241961111,-1.1075799904794972,-0.017094181787691547,0.0189331737016662,-0.007146049505555098,0.003081945228945339,-5.782194313512293
FR,2008,49,49.0,0.00343,-5.675195017804288,0.0033119066006242,-5.710231243151377,0.0350362253470883,-1.1075799904794972,-0.024994619759029658,0.02768354071474472,0.0073526846323435785,0.003404872781171077,-5.682547702436632
FR,2008,50,50.0,0.00369,-5.6021288209297015,0.0036383406537423,-5.6162275656277165,0.0140987446980149,-1.1075799904794972,-0.01547293484674551,0.017137513030248273,-0.0030387683322333735,0.003701230109354604,-5.599090052597468
FR,2008,51,51.0,0.00414,-5.487059491144914,0.0039488817114202,-5.534322851185461,0.0472633600405467,-1.1075799904794972,-0.028729083331244746,0.03181975784250474,0.015443602198041965,0.004076554660191518,-5.502503093342956
FR,2008,52,52.0,0.00443,-5.419355694925093,0.0042402237687842,-5.463139235474191,0.0437835405490982,-1.1075799904794972,-0.024412613982259898,0.027038922762051058,0.016744617787047143,0.004356438937897659,-5.43610031271214
FR,2008,53,53.0,0.0047,-5.360192770266124,0.0046016572742891,-5.381338763351898,0.0211459930857733,-1.1075799904794972,-0.021175008558886182,0.02345301577805443,-0.0023070226922811306,0.004710855523808857,-5.357885747573843
FR,2008,54,54.0,0.00495,-5.308367702401538,0.0049601089860043,-5.306327565501962,-0.0020401368995761,-1.1075799904794972,-0.024645281212574734,0.027296620330788054,-0.029336757230364153,0.005097368029189384,-5.279030945171174
FR,2008,55,55.0,0.00553,-5.197567463447894,0.0053497908912439,-5.230697804586892,0.0331303411389978,-1.1075799904794972,-0.02487055607892221,0.027546130265112462,0.005584210873885338,0.0054992053757286765,-5.20315167432178
FR,2008,56,56.0,0.00588,-5.136198517071602,0.0057085576837029,-5.165788882019731,0.0295903649481292,-1.1075799904794972,-0.022359852064113252,0.02476532473629352,0.00482504021183568,0.005851697099780233,-5.141023557283438
FR,2008,57,57.0,0.00603,-5.111008268243043,0.0061787167128496,-5.08664468071758,-0.024363587525463,-1.1075799904794972,-0.015889845334695733,0.017599274744522983,-0.04196286226998598,0.006288420164880222,-5.069045405973057
FR,2008,58,58.0,0.00648,-5.039034768617954,0.0065913800887016,-5.021992530739103,-0.0170422378788508,-1.1075799904794972,-0.011123722682077824,0.012320412662312322,-0.029362650541163122,0.006673090933482981,-5.009672118076791
FR,2008,59,59.0,0.00673,-5.001180135325501,0.0070610802882177,-4.95315722385434,-0.0480229114711612,-1.1075799904794972,-0.0087211592600493,0.009659381490215583,-0.05768229296137679,0.007129616431945241,-4.943497842364125
FR,2008,60,60.0,0.0073,-4.919880930827792,0.0076122977249676,-4.8779902177319725,-0.0418907130958192,-1.1075799904794972,0.0019405719661795074,-0.002149338679825878,-0.039741374415993326,0.007595953889535749,-4.880139556411798
FR,2008,61,61.0,0.00804,-4.823326195791262,0.0081091188700124,-4.814766064104786,-0.008560131686476,-1.1075799904794972,0.008849191603843589,-0.009801187552336329,0.0012410558658603292,0.00803002809996091,-4.824567251657123
FR,2008,62,62.0,0.00837,-4.783101394480753,0.0086470724396814,-4.750534461603822,-0.0325669328769313,-1.1075799904794972,0.015632376070299388,-0.017314106939114116,-0.015252825937817183,0.008498644757066591,-4.767848568542936
FR,2008,63,63.0,0.00898,-4.712755396668029,0.0092238351395798,-4.685964369160809,-0.0267910275072198,-1.1075799904794972,0.01736909945763264,-0.0192376670119222,-0.0075533604952976,0.009048085992560701,-4.705202036172731
FR,2008,64,64.0,0.00964,-4.641834170359683,0.0097988242551372,-4.625492874468647,-0.0163412958910358,-1.1075799904794972,0.020654593080320853,-0.022876614007259658,0.006535318116223859,0.009577204949674498,-4.648369488475907
FR,2008,65,65.0,0.01024,-4.581453659370776,0.0105588609923525,-4.550789867094067,-0.0306637922767087,-1.1075799904794972,0.0240960320506049,-0.026688282949202634,-0.003975509327506066,0.010280790242785965,-4.5774781500432695
FR,2008,66,66.0,0.0109,-4.518992489747039,0.0112022284959047,-4.491642547624924,-0.0273499421221155,-1.1075799904794972,0.031322469266425755,-0.03469214021190218,0.007342198089786679,0.010820263121005116,-4.526334687836826
FR,2008,67,67.0,0.01143,-4.471513801175417,0.0119992257542779,-4.42291315175251,-0.0486006494229069,-1.1075799904794972,0.03178767384851735,-0.035207391498506206,-0.013393257924400694,0.011584114683184295,-4.458120543251017
FR,2008,68,68.0,0.01236,-4.393289826952592,0.0130636269716361,-4.337923477638047,-0.0553663493145446,-1.1075799904794972,0.026589249123508546,-0.029449720291072574,-0.025916629023472026,0.012684516558514996,-4.36737319792912
FR,2008,69,69.0,0.01359,-4.298421050819084,0.0140336243398056,-4.266299090373662,-0.0321219604454219,-1.1075799904794972,0.02957048087981278,-0.03275167293133719,0.0006297124859152917,0.013581444901225372,-4.299050763305
FR,2008,70,70.0,0.01457,-4.228790658775024,0.0152449005162487,-4.183510224227448,-0.0452804345475756,-1.1075799904794972,0.0280470861253989,-0.031064391383746948,-0.01421604316382865,0.014778607018882867,-4.214574615611195
FR,2008,71,71.0,0.01622,-4.12151023029487,0.016547989999442,-4.101490634719508,-0.0200195955753619,-1.1075799904794972,0.02812118002101814,-0.0311464562999515,0.011126860724589599,0.01604052268032578,-4.132637091019459
FR,2008,72,72.0,0.01766,-4.036453083806324,0.0181883075014869,-4.006976336328831,-0.0294767474774921,-1.1075799904794972,0.02543880087989731,-0.028175506836366486,-0.001301240641125613,0.017682994867405644,-4.035151843165198
FR,2008,73,73.0,0.01944,-3.940422479949844,0.0198449795798936,-3.919804221727548,-0.0206182582222966,-1.1075799904794972,0.02052601459156696,-0.022734203045909753,0.0021159448236131514,0.01939890952055353,-3.9425384247734576
FR,2008,74,74.0,0.02148,-3.840633009341473,0.021783430998262,-3.8266056441197343,-0.014027365221739,-1.1075799904794972,0.022004981864577278,-0.02437227760407001,0.01034491238233101,0.021258936693755927,-3.8509779217238043
FR,2008,75,75.0,0.02416,-3.7230569059155223,0.0240714915196928,-3.7267270631870297,0.0036701572715069,-1.1075799904794972,0.017086695438732383,-0.01892488197135728,0.02259503924286418,0.02362022493561912,-3.745651945158387
FR,2008,76,76.0,0.02641,-3.634012552673096,0.0267825995017116,-3.6200028746580735,-0.014009678015022,-1.1075799904794972,0.016597268785099765,-0.018382802802986452,0.0043731247879644514,0.026294757941959675,-3.63838567746106
FR,2008,77,77.0,0.02965,-3.5182931535384028,0.0297206186108537,-3.5159142447175142,-0.0023789088208885,-1.1075799904794972,0.017438723025429953,-0.019314780682480295,0.016935871861591796,0.029152079658082773,-3.5352290253999947
FR,2008,78,78.0,0.03289,-3.4145866187811715,0.0331283056551899,-3.407367206290552,-0.0072194124906195,-1.1075799904794972,0.013434794125306154,-0.014880109149400595,0.0076606966587810955,0.03263900232293438,-3.4222473154399524
FR,2008,79,79.0,0.03743,-3.2852827570657994,0.0371829242844473,-3.2919056476987154,0.0066228906329159,-1.1075799904794972,0.007477333167804083,-0.008281744598808476,0.014904635231724375,0.03687625642731259,-3.300187392297524
FR,2008,80,80.0,0.04236,-3.1615507582489317,0.0424092460052155,-3.1603888743564506,-0.0011618838924807,-1.1075799904794972,-0.002524594898999976,0.0027961907941989805,-0.003958074686679681,0.04252799629534571,-3.1575926835622514
FR,2008,81,81.0,0.04839,-3.02846209817691,0.0477809226364544,-3.0411288271734964,0.0126667289965864,-1.1075799904794972,-0.005256559113597071,0.005822059692992758,0.006844669303593643,0.04805991739422148,-3.035306767480504
FR,2008,82,82.0,0.05448,-2.90992161714088,0.0537505469959801,-2.923401435356748,0.0134798182158681,-1.1075799904794972,-0.006691477285007811,0.007411346347622723,0.006068471868245377,0.05415039077629358,-2.9159900890091253
FR,2008,83,83.0,0.06123,-2.7931180134922737,0.0608658477079,-2.7990830545432046,0.0059650410509308,-1.1075799904794972,-0.006706696212817917,0.007428202527541748,-0.001463161476610948,0.06131965495105343,-2.7916548520156628
FR,2008,84,84.0,0.06931,-2.669166083052244,0.0687548157110849,-2.677208498181922,0.0080424151296787,-1.1075799904794972,-0.007415543682049697,0.008213307800764898,-0.00017089267108619764,0.06932184558316584,-2.6689951903811573
FR,2008,85,85.0,0.0778,-2.553613847797791,0.0779292966293731,-2.551953316839501,-0.0016605309582899,-1.1075799904794972,-0.007137747002112832,0.00790562575664519,-0.00956615671493509,0.07854781816247787,-2.5440476910828558
FR,2009,20,20.0,0.00046,-7.684284068481133,0.0005070997725001,-7.5868027837925744,-0.0974812846885591,-0.3903757908117583,0.045301589958004616,-0.017684644004886063,-0.07979664068367304,0.0004982107250355974,-7.60448742779746
FR,2009,21,21.0,0.00054,-7.523941418405954,0.0005150663143812,-7.5712148998013475,0.0472734813953934,-0.3903757908117583,0.05264272235747465,-0.020550444370782996,0.0678239257661764,0.0005045894931188747,-7.5917653441721304
FR,2009,22,22.0,0.00048,-7.641724454062337,0.0005201592468157,-7.561375549395464,-0.0803489046668728,-0.3903757908117583,0.03402998624177507,-0.013284482790446198,-0.06706442187642661,0.0005132948958790513,-7.5746600321859106
FR,2009,23,23.0,0.00054,-7.523941418405954,0.0005402240487835,-7.523526599300612,-0.0004148191053419,-0.3903757908117583,0.027366742709560465,-0.010683313827186588,0.010268494721844688,0.0005344833849897455,-7.534209913127799
FR,2009,24,24.0,0.00055,-7.505592279737757,0.000543835661835,-7.516863448962293,0.0112711692245355,-0.3903757908117583,0.05338521608923528,-0.020840295948491825,0.03211146517302733,0.000532619248338002,-7.537703744910785
FR,2009,25,25.0,0.00056,-7.487573774235079,0.0005544837182086,-7.497473114619131,0.0098993403840523,-0.3903757908117583,0.024678232862403393,-0.009633784669497446,0.019533125053549746,0.0005491675897985376,-7.507106899288629
FR,2009,26,26.0,0.0006,-7.418580902748128,0.000577279428218,-7.4571841310065725,0.0386032282584443,-0.3903757908117583,0.009663791121711372,-0.003772510101377726,0.04237573835982202,0.000575105738454997,-7.46095664110795
FR,2009,27,27.0,0.00056,-7.487573774235079,0.0005772142875928,-7.457296978091561,-0.0302767961435179,-0.3903757908117583,0.026671813654293827,-0.010412030347678807,-0.019864765795839096,0.0005712354946137853,-7.46770900843924
FR,2009,28,28.0,0.00064,-7.354042381610556,0.0006108729207002,-7.400621606185362,0.0465792245748062,-0.3903757908117583,0.028679621376060945,-0.0111958298748616,0.057775054449667795,0.0006040718343487465,-7.411817436060224
FR,2009,29,29.0,0.00056,-7.487573774235079,0.0006183418454936,-7.388469105388672,-0.0991046688464072,-0.3903757908117583,0.03581709355275066,-0.01398212622023377,-0.08512254262617343,0.0006097562739081588,-7.4024512316089055
FR,2009,30,30.0,0.00062,-7.385791079925137,0.0006405916596757,-7.353118340424792,-0.0326727395003452,-0.3903757908117583,0.025746336542969688,-0.010050746488467464,-0.02262199301187774,0.0006341854826601997,-7.363169086913259
FR,2009,31,31.0,0.00061,-7.402051600796917,0.0006746012661606,-7.301388758432668,-0.1006628423642492,-0.3903757908117583,0.06239361033811383,-0.024356954977341888,-0.07630588738690731,0.0006583685260663293,-7.32574571341001
FR,2009,32,32.0,0.00071,-7.250245587928913,0.000716518473866,-7.241106527544711,-0.0091390603842018,-0.3903757908117583,0.03451956395968329,-0.013475602079238435,0.004336541695036635,0.0007069277217425714,-7.25458212962395
FR,2009,33,33.0,0.00075,-7.195437351433918,0.0007600424320546,-7.182136294591595,-0.0133010568423221,-0.3903757908117583,0.04577424572973048,-0.01786915737555529,0.004568100533233189,0.0007465817380264726,-7.200005451967151
FR,2009,34,34.0,0.00083,-7.09408485717363,0.0008123849038499,-7.115536310594742,0.0214514534211112,-0.3903757908117583,0.03886606697491999,-0.015172371631077155,0.03662382505218836,0.000800152132919855,-7.130708682225818
FR,2009,35,35.0,0.00092,-6.991136887921188,0.0008812806313042,-7.034134445515034,0.0429975575938454,-0.3903757908117583,0.04710416481397701,-0.018388325589783674,0.06138588318362907,0.0008652234409912741,-7.052522771104817
FR,2009,36,36.0,0.00094,-6.969630682700225,0.0009741938365314,-6.9339002633092095,-0.0357304193910152,-0.3903757908117583,0.04421455719095332,-0.017260292728810116,-0.018470126662205082,0.0009575232492166709,-6.95116055603802
FR,2009,37,37.0,0.00104,-6.868534565828856,0.0010705101477233,-6.839619970555532,-0.0289145952733242,-0.3903757908117583,0.03841065907222511,-0.014994591410920716,-0.013920003862403486,0.0010545780317522836,-6.854614561966453
FR,2009,38,38.0,0.0011,-6.812445099177812,0.0011629147176039,-6.756825737795607,-0.0556193613822051,-0.3903757908117583,0.04765541652473205,-0.01860352091230601,-0.037015840469899086,0.0011414804043647492,-6.775429258707913
FR,2009,39,39.0,0.00126,-6.676643558018751,0.0012712367752215,-6.667765013627832,-0.0088785443909182,-0.3903757908117583,0.04678374039051625,-0.01826323965207978,0.00938469526116158,0.0012482305964835842,-6.686028253279912
FR,2009,40,40.0,0.00139,-6.578451531839537,0.0013663638580269,-6.595602185787,0.0171506539474624,-0.3903757908117583,0.03669488240350448,-0.014324793737012535,0.03147544768447493,0.001346930499327334,-6.609926979524013
FR,2009,41,41.0,0.00151,-6.495645628155304,0.0015127431992703,-6.493830588079051,-0.0018150400762531,-0.3903757908117583,0.022898045893743096,-0.008938842773813897,0.007123802697560798,0.0014992812822717397,-6.502769430852865
FR,2009,42,42.0,0.0017,-6.377127027919967,0.0016503295651408,-6.406780274565336,0.0296532466453696,-0.3903757908117583,0.012396163892489322,-0.0048391622825626835,0.03449240892793228,0.0016423626447129127,-6.411619436847899
FR,2009,43,43.0,0.00183,-6.303439312128807,0.0018166023788403,-6.310787347395543,0.0073480352667356,-0.3903757908117583,0.013773155970123392,-0.005376706653810609,0.01272474192054621,0.00180686125180118,-6.316164054049353
FR,2009,44,44.0,0.00204,-6.194805471126012,0.0020101831454849,-6.2095294439054,0.0147239727793886,-0.3903757908117583,0.00020078994947195483,-7.838353531216737e-05,0.014802356314700768,0.002010025586398435,-6.2096078274407125
FR,2009,45,45.0,0.00221,-6.114762763452475,0.0022135615775316,-6.113152487099886,-0.0016102763525891,-0.3903757908117583,0.0038192635919970072,-0.0014909480450443883,-0.00011932830754471163,0.0022102637312946655,-6.114643435144931
FR,2009,46,46.0,0.00236,-6.049093659944618,0.0024334716366309,-6.018436384139419,-0.0306572758051988,-0.3903757908117583,-0.008293661601956345,0.0032376447065888226,-0.03389492051178762,0.002441363121212171,-6.01519873943283
FR,2009,47,47.0,0.00274,-5.899797358582158,0.002682613281407,-5.920963854562781,0.0211664959806228,-0.3903757908117583,-0.011129693784406605,0.00434476301258044,0.01682173296804236,0.002694293956877946,-5.9166190915502
FR,2009,48,48.0,0.00291,-5.839602197798736,0.0029386651826244,-5.829799820245109,-0.0098023775536271,-0.3903757908117583,-0.017094181787691547,0.006673154733650044,-0.016475532287277144,0.0029583409267259497,-5.823126665511459
FR,2009,49,49.0,0.00322,-5.73837391942582,0.0032221810086551,-5.73769681683106,-0.0006771025947598,-0.3903757908117583,-0.024994619759029658,0.009757294454470404,-0.010434397049230203,0.0032537746611722065,-5.72793952237659
FR,2009,50,50.0,0.00362,-5.621281253144457,0.0035440290195947,-5.642491057899584,0.0212098047551263,-0.3903757908117583,-0.01547293484674551,0.006040259176977091,0.015169545578149209,0.0035655006552437925,-5.636450798722607
FR,2009,51,51.0,0.00401,-5.518964037663659,0.0038514115188686,-5.559315569596597,0.0403515319329379,-0.3903757908117583,-0.028729083331244746,0.011215138624731572,0.029136393308206325,0.0038948487549745844,-5.548100430971866
FR,2009,52,52.0,0.00433,-5.442187736967739,0.0041442451868229,-5.486034609070854,0.0438468721031153,-0.3903757908117583,-0.024412613982259898,0.009530093489106897,0.034316778614008406,0.004183929025894402,-5.476504515581747
FR,2009,53,53.0,0.00468,-5.3644571690525815,0.0045034361614511,-5.40291458215988,0.0384574131072987,-0.3903757908117583,-0.021175008558886182,0.008266210711620944,0.030191202395677755,0.0045408167989490385,-5.394648371448259
FR,2009,54,54.0,0.00507,-5.284414461379045,0.0048612280257949,-5.32646419278328,0.0420497314042345,-0.3903757908117583,-0.024645281212574734,0.009620921143137031,0.032428810261097465,0.004908223223337375,-5.316843271640143
FR,2009,55,55.0,0.00552,-5.199377418693133,0.0052516233988846,-5.24921803134172,0.0498406126485875,-0.3903757908117583,-0.02487055607892221,0.009708862997237442,0.04013174965135006,0.005302859008269869,-5.239509168344483
FR,2009,56,56.0,0.00588,-5.136198517071602,0.0056167461343009,-5.182002762411736,0.0458042453401343,-0.3903757908117583,-0.022359852064113252,0.008728744931962138,0.03707550040817217,0.005665987875305792,-5.173274017479774
FR,2009,57,57.0,0.00637,-5.056155809398065,0.0060773990418497,-5.103178463701402,0.0470226543033369,-0.3903757908117583,-0.015889845334695733,0.006203010938408375,0.04081964336492853,0.0061152143778019545,-5.096975452762994
FR,2009,58,58.0,0.00664,-5.014643315493794,0.0064894869736645,-5.03757180013264,0.0229284846388457,-0.3903757908117583,-0.011123722682077824,0.004342432038786824,0.018586052600058876,0.006517728403681142,-5.033229368093853
FR,2009,59,59.0,0.00697,-4.9661400542097045,0.0069571198493433,-4.967989705030274,0.0018496508205698,-0.3903757908117583,-0.0087211592600493,0.003404529442937035,-0.001554878622367235,0.006980845933868119,-4.964585175587337
FR,2009,60,60.0,0.00725,-4.926753810115554,0.0075018354780908,-4.892607557969366,-0.0341462521461881,-0.3903757908117583,0.0019405719661795074,-0.0007575523159244539,-0.03338869983026364,0.007496154597304582,-4.89336511028529
FR,2009,61,61.0,0.00774,-4.861353591380501,0.0080017082185303,-4.828100232779718,-0.033253358600783,-0.3903757908117583,0.008849191603843589,-0.003454510170395213,-0.02979884843038779,0.00797411392593282,-4.831554742950114
FR,2009,62,62.0,0.0082,-4.803621124711929,0.0085405658138538,-4.76292801882676,-0.0406931058851691,-0.3903757908117583,0.015632376070299388,-0.00610250117070993,-0.03459060471445917,0.00848860570553891,-4.76903051999747
FR,2009,63,63.0,0.00891,-4.720581037499419,0.0091135796289587,-4.697989710864614,-0.0225913266348047,-0.3903757908117583,0.01736909945763264,-0.006780475936461424,-0.015810850698343277,0.00905199424663907,-4.704770186801076
FR,2009,64,64.0,0.00935,-4.672378935681541,0.0096762660132084,-4.638079194548552,-0.0342997411329895,-0.3903757908117583,0.020654593080320853,-0.008063053107625324,-0.026236688025364177,0.009598559463472137,-4.646142247656177
FR,2009,65,65.0,0.01021,-4.584387646805562,0.0104205404564132,-4.563976376783812,-0.02041127002175,-0.3903757908117583,0.0240960320506049,-0.009406507567180361,-0.011004762454569638,0.010322979138762694,-4.573382884350993
FR,2009,66,66.0,0.0109,-4.518992489747039,0.0110552083250168,-4.504853620434469,-0.0141388693125703,-0.3903757908117583,0.031322469266425755,-0.01222753371005795,-0.0019113356025123492,0.010920853480718952,-4.517081154144527
FR,2009,67,67.0,0.01133,-4.480301203942222,0.011832476509099,-4.436907281472211,-0.0433939224700115,-0.3903757908117583,0.03178767384851735,-0.01240913831668121,-0.030984784153330294,0.01168655293688386,-4.449316419788892
FR,2009,68,68.0,0.01254,-4.378831743777362,0.0128650210503009,-4.353243197004064,-0.0255885467732985,-0.3903757908117583,0.026589249123508546,-0.010379799153680501,-0.015208747619617997,0.012732175364194364,-4.363622996157744
FR,2009,69,69.0,0.01315,-4.331333520358363,0.0138136761586503,-4.28209615157188,-0.0492373687864837,-0.3903757908117583,0.02957048087981278,-0.011543599858140893,-0.03769376892834281,0.013655133445866212,-4.29363975143002
FR,2009,70,70.0,0.01439,-4.241221758082861,0.0149933679806775,-4.200147310271756,-0.0410744478111047,-0.3903757908117583,0.0280470861253989,-0.01094890342616809,-0.030125544384936608,0.014830102462816696,-4.211096213697925
FR,2009,71,71.0,0.01535,-4.176639804948931,0.016260457717772,-4.119019025334197,-0.0576207796147345,-0.3903757908117583,0.02812118002101814,-0.010977827889264775,-0.04664295172546973,0.016082929431893805,-4.129996853223462
FR,2009,72,72.0,0.01747,-4.047270154836172,0.0178415963304709,-4.02622267542584,-0.0210474794103312,-0.3903757908117583,0.02543880087989731,-0.009930692010792766,-0.011116787399538435,0.01766529378436602,-4.036153367436633
FR,2009,73,73.0,0.01884,-3.97177300983392,0.0194622050507356,-3.9392808966839,-0.0324921131500199,-0.3903757908117583,0.02052601459156696,-0.008012859178396644,-0.02447925397162326,0.0193068802712188,-3.947293755862297
FR,2009,74,74.0,0.02066,-3.8795558152906446,0.0213408505533771,-3.847132176668639,-0.0324236386220055,-0.3903757908117583,0.022004981864577278,-0.008590212197182754,-0.023833426424822744,0.02115831325818253,-3.855722388865822
FR,2009,75,75.0,0.02325,-3.761450146948772,0.0235679784506268,-3.7478663336111055,-0.0135838133376653,-0.3903757908117583,0.017086695438732383,-0.006670232244254818,-0.006913581093410483,0.02341129769028305,-3.75453656585536
FR,2009,76,76.0,0.02599,-3.650043430328738,0.0262109097137351,-3.641579553598441,-0.0084638767302975,-0.3903757908117583,0.016597268785099765,-0.006479171927298632,-0.0019847048029988682,0.026041633699706843,-3.6480587255257397
FR,2009,77,77.0,0.02845,-3.5596071184097973,0.029073634268882,-3.5379235543760315,-0.0216835640337658,-0.3903757908117583,0.017438723025429953,-0.006807655291799436,-0.014875908741966365,0.028876383159265797,-3.5447312096678307
FR,2009,78,78.0,0.03171,-3.451123190431881,0.0324124325018661,-3.429213210591837,-0.0219099798400437,-0.3903757908117583,0.013434794125306154,-0.005244618381059555,-0.016665361458984146,0.032242886652857516,-3.4344578289728966
FR,2009,79,79.0,0.03622,-3.3181438265268697,0.0363917523968731,-3.3134131125166206,-0.004730714010249,-0.3903757908117583,0.007477333167804083,-0.002918969848544509,-0.001811744161704491,0.03628568085402286,-3.316332082365165
FR,2009,80,80.0,0.04115,-3.1905313518590583,0.0414761501832975,-3.1826367113239664,-0.0078946405350919,-0.3903757908117583,-0.002524594898999976,0.0009855407301764467,-0.008880181265268346,0.04151704676794889,-3.1816511705937898
FR,2009,81,81.0,0.04703,-3.05696958302518,0.0467879334290212,-3.062129942016325,0.0051603589911453,-0.3903757908117583,-0.005256559113597071,0.002052033420919212,0.003108325570226088,0.04688404240780667,-3.0600779085954057
FR,2009,82,82.0,0.05325,-2.9327574743926026,0.0526676439270486,-2.943753979218559,0.0109965048259565,-0.3903757908117583,-0.006691477285007811,0.0026121907368338417,0.008384314089122658,0.05280540170510868,-2.9411417884817252
FR,2009,83,83.0,0.05975,-2.817586088170517,0.0597009735417096,-2.8184069514852244,0.0008208633147073,-0.3903757908117583,-0.006706696212817917,0.0026181318378130187,-0.0017972685231057188,0.05985748335354712,-2.8157888196474112
FR,2009,84,84.0,0.06799,-2.6883946434437687,0.0675674761541405,-2.694628533689704,0.0062338902459351,-0.3903757908117583,-0.007415543682049697,0.0028948487291792888,0.0033390415167558114,0.06776335716277106,-2.6917336849605245
FR,2009,85,85.0,0.07816,-2.5489972712476097,0.0766759617647706,-2.5681670256660243,0.0191697544184146,-0.3903757908117583,-0.007137747002112832,0.0027864036305640543,0.016383350787850543,0.07688990987748276,-2.5653806220354602
FR,2010,20,20.0,0.00045,-7.706262975199909,0.0004652182672533,-7.673003870564143,-0.0332591046357659,-1.0028803721504842,0.045301589958004616,-0.04543207539609231,0.012172970760326404,0.0004445553690569921,-7.718435945960235
FR,2010,21,21.0,0.00043,-7.751725349276666,0.0004776260427663,-7.646682468967244,-0.1050428803094218,-1.0028803721504842,0.05264272235747465,-0.052794352988878794,-0.052248527320543005,0.0004530641541102197,-7.6994768219561225
FR,2010,22,22.0,0.0005,-7.600902459542082,0.0004813150455017,-7.638988522011273,0.0380860624691905,-1.0028803721504842,0.03402998624177507,-0.03412800526642724,0.07221406773561774,0.00046516586024434144,-7.6731165272777
FR,2010,23,23.0,0.00053,-7.542633551418106,0.0005006924394937,-7.599518538615091,0.0568849871969847,-1.0028803721504842,0.027366742709560465,-0.027445569113110548,0.08433055631009524,0.0004871375127346222,-7.6269641077282015
FR,2010,24,24.0,0.00052,-7.5616817463888015,0.0005057875459795,-7.589393846452272,0.0277121000634705,-1.0028803721504842,0.05338521608923528,-0.05353898537890629,0.08125108544237679,0.0004794203289722832,-7.642932831831178
FR,2010,25,25.0,0.00051,-7.5810998322459024,0.0005178236366866,-7.565875843394662,-0.0152239888512406,-1.0028803721504842,0.024678232862403393,-0.024749315357063425,0.009525326505822825,0.0005051651468158313,-7.590625158751725
FR,2010,26,26.0,0.00053,-7.542633551418106,0.0005412603977309,-7.521610068243739,-0.0210234831743676,-1.0028803721504842,0.009663791121711372,-0.009691626436526445,-0.011331856737841154,0.0005360400418818688,-7.531301694680265
FR,2010,27,27.0,0.00056,-7.487573774235079,0.0005384202195717,-7.526871225413614,0.0392974511785348,-1.0028803721504842,0.026671813654293827,-0.02674863840354656,0.06604608958208136,0.0005242091228671264,-7.55361986381716
FR,2010,28,28.0,0.00063,-7.369790738578696,0.0005732849758727,-7.464127624790008,0.0943368862113116,-1.0028803721504842,0.028679621376060945,-0.02876222935875898,0.12309911557007058,0.0005570308942424899,-7.492889854148767
FR,2010,29,29.0,0.0006,-7.418580902748128,0.0005818041674508,-7.44937664889882,0.0307957461506918,-1.0028803721504842,0.03581709355275066,-0.03592026011153129,0.06671600626222308,0.0005612764971804084,-7.485296909010351
FR,2010,30,30.0,0.00061,-7.402051600796917,0.0006036446293084,-7.412524895254479,0.0104732944575616,-1.0028803721504842,0.025746336542969688,-0.025820495573725052,0.03629379003128665,0.0005882577293784782,-7.438345390828204
FR,2010,31,31.0,0.00061,-7.402051600796917,0.0006347712949185,-7.362245789429311,-0.0398058113676063,-1.0028803721504842,0.06239361033811383,-0.0625733271556999,0.022767515788093592,0.0005962687220530414,-7.424819116585011
FR,2010,32,32.0,0.00067,-7.308232845579262,0.0006754297868131,-7.300161348507983,-0.0080714970712785,-1.0028803721504842,0.03451956395968329,-0.034618993150359614,0.026547496079081113,0.0006524471999500722,-7.334780341658342
FR,2010,33,33.0,0.00074,-7.208860371766058,0.0007170319502761,-7.240390157302916,0.0315297855368577,-1.0028803721504842,0.04577424572973048,-0.04590609259233982,0.07743587812919753,0.000684859911144342,-7.286296249895256
FR,2010,34,34.0,0.00076,-7.182192124683898,0.0007683288524494,-7.171292723171602,-0.0108994015122956,-1.0028803721504842,0.03886606697491999,-0.0389780157118334,0.028078614199537805,0.0007389570639673624,-7.210270738883436
FR,2010,35,35.0,0.00081,-7.1184763102977895,0.0008261518436182,-7.098731971291707,-0.019744339006082,-1.0028803721504842,0.04710416481397701,-0.047239842338479006,0.027495503332397007,0.0007880320363784589,-7.145971813630187
FR,2010,36,36.0,0.00096,-6.9485772735023925,0.0009128605957149,-6.99892737718186,0.0503501036794675,-1.0028803721504842,0.04421455719095332,-0.04434191157013213,0.09469201524959964,0.0008732669285740875,-7.0432692887519925
FR,2010,37,37.0,0.00101,-6.897804948128969,0.001005561415028,-6.902209271523796,0.0044043233948274,-1.0028803721504842,0.03841065907222511,-0.038521296064898486,0.04292561945972589,0.0009675624691104663,-6.9407305675886946
FR,2010,38,38.0,0.00111,-6.803395263657894,0.0010902198188007,-6.821375934448942,0.0179806707910481,-1.0028803721504842,0.04765541652473205,-0.04779268185930961,0.06577335265035772,0.0010393407965076577,-6.869168616308252
FR,2010,39,39.0,0.00121,-6.717134919373487,0.0011915126133828,-6.732531675344006,0.015396755970519,-1.0028803721504842,0.04678374039051625,-0.046918494973432576,0.06231525094395157,0.0011368998277730491,-6.779450170317439
FR,2010,40,40.0,0.00125,-6.684611727667927,0.0012807391722998,-6.660317889367851,-0.0242938383000757,-1.0028803721504842,0.03669488240350448,-0.036800577320844824,0.012506739020769125,0.0012344639315112476,-6.697118466688696
FR,2010,41,41.0,0.00152,-6.489044944123952,0.0014171511459626,-6.5591066577922,0.0700617136682479,-1.0028803721504842,0.022898045893743096,-0.02296400078743594,0.09302571445568383,0.0013849785060238164,-6.582070658579636
FR,2010,42,42.0,0.00157,-6.45667965962192,0.0015472962256325,-6.471246241796516,0.0145665821745959,-1.0028803721504842,0.012396163892489322,-0.012431869457738087,0.026998451632333987,0.0015281795153751269,-6.483678111254254
FR,2010,43,43.0,0.0017,-6.377127027919967,0.0017064333307299,-6.373349858221299,-0.0037771696986679,-1.0028803721504842,0.013773155970123392,-0.013812827785004011,0.010035658086336111,0.0016830247028634308,-6.387162686006302
FR,2010,44,44.0,0.00195,-6.239925906406482,0.0018844601212635,-6.274113906922435,0.0341880005159529,-1.0028803721504842,0.00020078994947195483,-0.00020136829925051098,0.034389368815203415,0.0018840806889380774,-6.274315275221685
FR,2010,45,45.0,0.00209,-6.170591213005418,0.0020814799671111,-6.174676115631542,0.0040849026261247,-1.0028803721504842,0.0038192635919970072,-0.0038302644924827537,0.007915167118607454,0.002073522597445066,-6.178506380124025
FR,2010,46,46.0,0.00233,-6.061887011404528,0.0022909157112007,-6.078803667457472,0.0169166560529445,-1.0028803721504842,-0.008293661601956345,0.00831755043386016,0.008599105619084342,0.0023100499829920907,-6.070486117023612
FR,2010,47,47.0,0.00262,-5.944580961209131,0.0025332563898176,-5.978249693259599,0.0336687320504678,-1.0028803721504842,-0.011129693784406605,0.011161751444426627,0.02250698060604118,0.0025616903592329296,-5.967087941815173
FR,2010,48,48.0,0.00287,-5.853443249210607,0.0027818338292327,-5.884644917950408,0.0312016687398006,-1.0028803721504842,-0.017094181787691547,0.01714341939284813,0.014058249346952472,0.00282993510536155,-5.8675014985575595
FR,2010,49,49.0,0.00315,-5.760352826144596,0.0030572679228302,-5.790233597509419,0.029880771364823,-1.0028803721504842,-0.024994619759029658,0.02506661356569551,0.004814157799127489,0.0031348718468087256,-5.765166983943723
FR,2010,50,50.0,0.00349,-5.657853542767802,0.003370384420936,-5.692728469629143,0.0348749268613408,-1.0028803721504842,-0.01547293484674551,0.015517502657364332,0.019357424203976466,0.0034230922595217925,-5.677210966971779
FR,2010,51,51.0,0.00392,-5.5416636251797655,0.0036716202993959,-5.607122215874409,0.0654585906946438,-1.0028803721504842,-0.028729083331244746,0.028811833782781,0.036646756911862796,0.0037789451010637807,-5.578310382091629
FR,2010,52,52.0,0.0042,-5.472670753692815,0.0039666657208402,-5.529829405976433,0.0571586522836184,-1.0028803721504842,-0.024412613982259898,0.02448293139569492,0.032675720887923476,0.004064979924647176,-5.505346474580739
FR,2010,53,53.0,0.00472,-5.355946479384673,0.0043213591665033,-5.444185304333416,0.0882388249487435,-1.0028803721504842,-0.021175008558886182,0.021236000463825462,0.06700282448491804,0.004414108882708013,-5.422949303869591
FR,2010,54,54.0,0.00496,-5.306349538245301,0.0046775444528031,-5.364981996322297,0.0586324580769961,-1.0028803721504842,-0.024645281212574734,0.024716268794220286,0.033916189282775816,0.0047945964847335015,-5.3402657275280765
FR,2010,55,55.0,0.00536,-5.228791303899427,0.0050688366424183,-5.284643946797897,0.0558526428984702,-1.0028803721504842,-0.02487055607892221,0.024942192536018995,0.030910450362451207,0.005196854427281333,-5.259701754261878
FR,2010,56,56.0,0.00584,-5.1430244821420015,0.005445220402093,-5.2130170455297336,0.069992563387732,-1.0028803721504842,-0.022359852064113252,0.02242425675928767,0.047568306628444336,0.005568704770655336,-5.190592788770446
FR,2010,57,57.0,0.00616,-5.089678501436708,0.0058882015715054,-5.134804663850543,0.0451261624138341,-1.0028803721504842,-0.015889845334695733,0.015935614002673293,0.02919054841116081,0.005982785302260153,-5.11886904984787
FR,2010,58,58.0,0.00654,-5.02981811351303,0.0062989508906502,-5.067372184745132,0.037554071232102,-1.0028803721504842,-0.011123722682077824,0.01115576314310099,0.02639830808900101,0.006369613911961681,-5.056216421602031
FR,2010,59,59.0,0.00686,-4.982047837244343,0.0067625068898794,-4.996361615973915,0.0143137787295719,-1.0028803721504842,-0.0087211592600493,0.008746279444301884,0.005567499285270016,0.006821913077741073,-4.987615336529613
FR,2010,60,60.0,0.00743,-4.902229420252469,0.0072949865380164,-4.920567942380375,0.0183385221279053,-1.0028803721504842,0.0019405719661795074,-0.0019461615356269012,0.020284683663532203,0.007280803121899418,-4.922514103916002
FR,2010,61,61.0,0.00781,-4.852350315130543,0.0078001981861381,-4.853606137130127,0.0012558219995844,-1.0028803721504842,0.008849191603843589,-0.008874680568893598,0.010130502568477999,0.00773128018382112,-4.86248081769902
FR,2010,62,62.0,0.00818,-4.806063128367481,0.0083404784181497,-4.786634699970211,-0.0194284283972701,-1.0028803721504842,0.015632376070299388,-0.015677403130978172,-0.0037510252662919276,0.008210741005778652,-4.8023121031011895
FR,2010,63,63.0,0.00874,-4.739845089314693,0.0089063385340354,-4.720992060898993,-0.0188530284157,-1.0028803721504842,0.01736909945763264,-0.017419128927989393,-0.001433899487710607,0.008752541270834692,-4.738411189826983
FR,2010,64,64.0,0.0093,-4.677740878822926,0.0094460879482653,-4.662154596915795,-0.0155862819071312,-1.0028803721504842,0.020654593080320853,-0.020714085995008992,0.0051278040878777915,0.009252433482102806,-4.682868682910804
FR,2010,65,65.0,0.0102,-4.585367558691911,0.0101609855799786,-4.589199835633161,0.0038322769412495,-1.0028803721504842,0.0240960320506049,-0.024165437590260637,0.027997714531510138,0.00991838400950094,-4.613365273223422
FR,2010,66,66.0,0.0107,-4.537511537514277,0.0107793386599274,-4.530124064183993,-0.0073874733302838,-1.0028803721504842,0.031322469266425755,-0.03141268963458516,0.024025216304301364,0.010445993681733082,-4.5615367538185785
FR,2010,67,67.0,0.01162,-4.455027527558372,0.0115199429673282,-4.463675574479402,0.0086480469210306,-1.0028803721504842,0.03178767384851735,-0.031879234178999294,0.04052728110002989,0.011158488071640927,-4.495554808658401
FR,2010,68,68.0,0.0122,-4.406319327242926,0.0124934957717388,-4.382547108357706,-0.0237722188852202,-1.0028803721504842,0.026589249123508546,-0.026665836056186186,0.0028936171709659855,0.012164748896709618,-4.409212944413892
FR,2010,69,69.0,0.01316,-4.330573353084966,0.0134025119135933,-4.312313133354686,-0.0182602197302799,-1.0028803721504842,0.02957048087981278,-0.029655654869415418,0.011395435139135518,0.013010887289274853,-4.341968788224102
FR,2010,70,70.0,0.01396,-4.271559181647911,0.0145237344244136,-4.231971110889594,-0.0395880707583167,-1.0028803721504842,0.0280470861253989,-0.02812787217117673,-0.011460198587139966,0.01412090461062665,-4.260098983060771
FR,2010,71,71.0,0.0154,-4.173387769562553,0.0157243040673637,-4.152547733822438,-0.0208400357401155,-1.0028803721504842,0.02812118002101814,-0.028202179484789435,0.007362143744673935,0.015287039312956023,-4.180749913307227
FR,2010,72,72.0,0.01694,-4.078077589758228,0.017196704450065,-4.063037515261092,-0.0150400744971364,-1.0028803721504842,0.02543880087989731,-0.02551207409349348,0.01047199959635708,0.016763529936733503,-4.088549589354585
FR,2010,73,73.0,0.01815,-4.009084718271278,0.0187504724744554,-3.976536328245575,-0.0325483900257026,-1.0028803721504842,0.02052601459156696,-0.020585137152356943,-0.01196325287334566,0.018368437043234757,-3.997121465397932
FR,2010,74,74.0,0.02015,-3.904550990589445,0.0205191681096625,-3.8863957999661447,-0.0181551906233004,-1.0028803721504842,0.022004981864577278,-0.022068364401511917,0.0039131737782115185,0.02007130362508705,-3.9084641643676568
FR,2010,75,75.0,0.02237,-3.800034503480098,0.0226340014132059,-3.788302016001084,-0.0117324874790147,-1.0028803721504842,0.017086695438732383,-0.017135911480417914,0.005403424001403215,0.022249451386030236,-3.805437927481502
FR,2010,76,76.0,0.02555,-3.667117962332424,0.0251511433797825,-3.68285192105297,0.0157339587205469,-1.0028803721504842,0.016597268785099765,-0.016645075095882467,0.03237903381642937,0.02473596562757764,-3.6994969961488526
FR,2010,77,77.0,0.02766,-3.587767952745525,0.0278750440812489,-3.580023467813008,-0.007744484932517,-1.0028803721504842,0.017438723025429953,-0.01748895303757241,0.009744468105055408,0.02739177697996148,-3.5975124208505807
FR,2010,78,78.0,0.03146,-3.459038381352005,0.0310859058758934,-3.471000749787643,0.011962368435638,-1.0028803721504842,0.013434794125306154,-0.013473491332152174,0.025435859767790177,0.030669879152346775,-3.4844742411197953
FR,2010,79,79.0,0.03509,-3.349839089387013,0.0349249751415258,-3.3545530856067,0.0047139962196869,-1.0028803721504842,0.007477333167804083,-0.007498870670020518,0.012212866889707418,0.03466405678896182,-3.3620519562767206
FR,2010,80,80.0,0.0411,-3.191747157479948,0.0397481140106421,-3.2251928852805603,0.0334457278006121,-1.0028803721504842,-0.002524594898999976,0.0025318666718383096,0.03091386112877379,0.03984887844300016,-3.222661018608722
FR,2010,81,81.0,0.04632,-3.0721814457173973,0.0449456472900575,-3.102301357234747,0.0301199115173496,-1.0028803721504842,-0.005256559113597071,0.00527169996007525,0.02484821155727435,0.04518321289419671,-3.0970296572746716
FR,2010,82,82.0,0.05157,-2.9648151709192696,0.0506566485188569,-2.98268479295596,0.0178696220366902,-1.0028803721504842,-0.006691477285007811,0.006710751229825145,0.011158870806865055,0.05099773588137417,-2.975974041726135
FR,2010,83,83.0,0.0585,-2.8387285247443264,0.0575345210206735,-2.855370145749214,0.0166416210048878,-1.0028803721504842,-0.006706696212817917,0.006726013993811075,0.009915607011076726,0.05792280334656513,-2.848644131755403
FR,2010,84,84.0,0.06671,-2.707400412260713,0.065353127782911,-2.727949978038724,0.020549565778011,-1.0028803721504842,-0.007415543682049697,0.007436903207552172,0.01311266257045883,0.06584096441704007,-2.720513074831172
FR,2010,85,85.0,0.07503,-2.5898672454245,0.0743344346329757,-2.599180980609623,0.0093137351851231,-1.0028803721504842,-0.007137747002112832,0.00715830636979492,0.002155428815328179,0.07486845234076996,-2.592022674239828
FR,2011,20,20.0,0.00047,-7.66277786326017,0.0004495388668073,-7.707288241033448,0.0445103777732782,-0.7233790471488102,0.045301589958004616,-0.03277022097814749,0.07728059875142569,0.0004350461406627463,-7.740058462011595
FR,2011,21,21.0,0.00049,-7.621105166859602,0.000463502932664,-7.67669784576357,0.0555926789039684,-0.7233790471488102,0.05264272235747465,-0.038080642338269376,0.09367332124223778,0.000446184288621535,-7.71477848810184
FR,2011,22,22.0,0.00048,-7.641724454062337,0.0004666844706001,-7.669857180470717,0.0281327264083799,-0.7233790471488102,0.03402998624177507,-0.02461657902206237,0.05274930543044227,0.0004553365420826778,-7.694473759492779
FR,2011,23,23.0,0.00048,-7.641724454062337,0.0004857859463029,-7.629742470791754,-0.0119819832705827,-0.7233790471488102,0.027366742709560465,-0.0197965282648085,0.007814544994225799,0.00047626363640753495,-7.6495389990565625
FR,2011,24,24.0,0.0005,-7.600902459542082,0.000491405436244,-7.618241035170693,0.017338575628611,-0.7233790471488102,0.05338521608923528,-0.03861774674646434,0.05595632237507534,0.00047279021784802885,-7.656858781917157
FR,2011,25,25.0,0.00053,-7.542633551418106,0.0005039258856421,-7.593081353003447,0.0504478015853413,-0.7233790471488102,0.024678232862403393,-0.01785171657332182,0.06829951815866311,0.0004950097643766185,-7.6109330695767685
FR,2011,26,26.0,0.00054,-7.523941418405954,0.000527567411512,-7.5472339064434175,0.0232924880374634,-0.7233790471488102,0.009663791121711372,-0.006990584013468704,0.030283072050932103,0.0005238922678657938,-7.554224490456886
FR,2011,27,27.0,0.00056,-7.487573774235079,0.0005237255984819,-7.554542677823876,0.0669689035887968,-0.7233790471488102,0.026671813654293827,-0.019293831146973695,0.0862627347357705,0.0005137177802456269,-7.5738365089708495
FR,2011,28,28.0,0.00061,-7.402051600796917,0.0005589863029455,-7.489385587890194,0.0873339870932765,-0.7233790471488102,0.028679621376060945,-0.020746237183603616,0.10808022427688012,0.0005475089085543783,-7.510131825073797
FR,2011,29,29.0,0.00054,-7.523941418405954,0.0005678796007691,-7.473601132188814,-0.05034028621714,-0.7233790471488102,0.03581709355275066,-0.025909335005828565,-0.024430951211311433,0.0005533551893731905,-7.499510467194643
FR,2011,30,30.0,0.00062,-7.385791079925137,0.0005895491904734,-7.436152397068734,0.0503613171435972,-0.7233790471488102,0.025746336542969688,-0.018624360396026003,0.0689856775396232,0.0005786708295791611,-7.45477675746476
FR,2011,31,31.0,0.00062,-7.385791079925137,0.0006195914909782,-7.386450182604538,0.0006591026794007,-0.7233790471488102,0.06239361033811383,-0.04513423039455894,0.045793333073959636,0.0005922484020679968,-7.431584412999096
FR,2011,32,32.0,0.00064,-7.354042381610556,0.0006597504128631,-7.323648956793813,-0.0303934248167436,-0.7233790471488102,0.03451956395968329,-0.024970729285148107,-0.0054226955315954915,0.0006434799519727175,-7.348619686078961
FR,2011,33,33.0,0.00067,-7.308232845579262,0.0007006099788111,-7.263559204066277,-0.0446736415129853,-0.7233790471488102,0.04577424572973048,-0.03311213025992793,-0.01156151125305737,0.0006777911645720445,-7.296671334326205
FR,2011,34,34.0,0.00073,-7.222466023821838,0.000751478115469,-7.1934684703276695,-0.0289975534941682,-0.7233790471488102,0.03886606697491999,-0.02811489849473946,-0.0008826549994287412,0.0007306446225974108,-7.221583368822409
FR,2011,35,35.0,0.00082,-7.106206217705975,0.0008051966258722,-7.12442405462932,0.0182178369233447,-0.7233790471488102,0.04710416481397701,-0.0340741658598752,0.0522920027832199,0.0007782223945249646,-7.158498220489196
FR,2011,36,36.0,0.00086,-7.05857816871672,0.0008895540229305,-7.024790318660401,-0.0337878500563197,-0.7233790471488102,0.04421455719095332,-0.03198388425089838,-0.0018039658054213176,0.0008615528107803291,-7.056774202911299
FR,2011,37,37.0,0.00101,-6.897804948128969,0.0009808386051851,-6.927102632642285,0.0292976845133159,-0.7233790471488102,0.03841065907222511,-0.027785465960024,0.0570831504733399,0.0009539606844797923,-6.954888098602309
FR,2011,38,38.0,0.00107,-6.840096630508322,0.0010625865583652,-6.847049193787238,0.006952563278916,-0.7233790471488102,0.04765541652473205,-0.03447292979714033,0.041425493076056336,0.001026580273304373,-6.881522123584379
FR,2011,39,39.0,0.00114,-6.776727016575733,0.0011612119574672,-6.758291028357986,-0.0184359882177469,-0.7233790471488102,0.04678374039051625,-0.033842377545748946,0.015406389328002045,0.0011225713174339968,-6.792133405903735
FR,2011,40,40.0,0.00124,-6.692643899365192,0.0012481947456288,-6.686056975031903,-0.0065869243332885,-0.7233790471488102,0.03669488240350448,-0.02654430906828471,0.01995738473499621,0.001215498152572566,-6.712601284100188
FR,2011,41,41.0,0.00137,-6.592944539142104,0.0013808326180265,-6.585068615357263,-0.0078759237848409,-0.7233790471488102,0.022898045893743096,-0.016563966620185607,0.008688042835344707,0.0013581489371316544,-6.601632581977448
FR,2011,42,42.0,0.00161,-6.4315210999857655,0.0015081281981925,-6.496886000945641,0.0653649009598753,-0.7233790471488102,0.012396163892489322,-0.008967125224849411,0.0743320261847247,0.0014946650767455045,-6.50585312617049
FR,2011,43,43.0,0.00169,-6.383026750047155,0.0016644965656944,-6.398232564216921,0.0152058141697661,-0.7233790471488102,0.013773155970123392,-0.009963212441899806,0.025169026611665906,0.0016479951727448577,-6.408195776658821
FR,2011,44,44.0,0.00185,-6.292569639891903,0.0018366706148026,-6.299800794867419,0.0072311549755159,-0.7233790471488102,0.00020078994947195483,-0.0001452472423260804,0.00737640221784198,0.0018364038628337464,-6.299946042109745
FR,2011,45,45.0,0.00204,-6.194805471126012,0.0020311652585062,-6.199145631645707,0.0043401605196953,-0.7233790471488102,0.0038192635919970072,-0.0027627752579889374,0.007102935777684238,0.0020255613501194147,-6.201908406903696
FR,2011,46,46.0,0.00225,-6.0968250627658085,0.0022365667819919,-6.102813275491605,0.0059882127257964,-0.7233790471488102,-0.008293661601956345,0.0059994610269978555,-1.1248301201455431e-05,0.0022500253088200434,-6.096813814464607
FR,2011,47,47.0,0.00245,-6.011667254425501,0.0024761911347033,-6.001033732186291,-0.0106335222392104,-0.7233790471488102,-0.011129693784406605,0.008050987284822085,-0.018684509524032486,0.002496207385214456,-5.992982744901469
FR,2011,48,48.0,0.00273,-5.903453669785269,0.0027218099098085,-5.906458211942124,0.0030045421568551,-0.7233790471488102,-0.017094181787691547,0.012365572933368856,-0.009361030776513755,0.002755675601574709,-5.894092639008755
FR,2011,49,49.0,0.00309,-5.779584188072483,0.002994048437416,-5.811128814953888,0.0315446268814056,-0.7233790471488102,-0.024994619759029658,0.018080584225133697,0.013464042656271904,0.0030486749337034613,-5.793048230728755
FR,2011,50,50.0,0.00332,-5.70779049605374,0.0033037100996646,-5.712709169405231,0.0049186733514909,-0.7233790471488102,-0.01547293484674551,0.011192796866034388,-0.006274123514543488,0.0033408955722233147,-5.701516372539197
FR,2011,51,51.0,0.00385,-5.559682130682444,0.0036024679085272,-5.626136138242081,0.0664540075596367,-0.7233790471488102,-0.028729083331244746,0.02078201692561459,0.04567199063402211,0.0036781178136833285,-5.605354121316466
FR,2011,52,52.0,0.00415,-5.48464694473953,0.0038981713768281,-5.5472477135404406,0.0626007688009107,-0.7233790471488102,-0.024412613982259898,0.017659573440898885,0.044941195360011815,0.003967622857381247,-5.529588140099541
FR,2011,53,53.0,0.00442,-5.42161558289253,0.0042510055543465,-5.460599723008703,0.038984140116173,-0.7233790471488102,-0.021175008558886182,0.015317557514694987,0.023666582601478015,0.004316621834045639,-5.445282165494008
FR,2011,54,54.0,0.00495,-5.308367702401538,0.0046064328393885,-5.380301509052978,0.0719338066514394,-0.7233790471488102,-0.024645281212574734,0.017827880040266784,0.054105926611172625,0.004689292180045565,-5.362473629012711
FR,2011,55,55.0,0.00539,-5.223209894061231,0.0049979185821398,-5.298733736790132,0.0755238427289013,-0.7233790471488102,-0.02487055607892221,0.017990839158431797,0.0575330035704695,0.005088649042824137,-5.280742897631701
FR,2011,56,56.0,0.00564,-5.177871213472169,0.0053784652402359,-5.225352216837666,0.0474810033654966,-0.7233790471488102,-0.022359852064113252,0.0161746484805266,0.031306354884969995,0.005466167388532083,-5.2091775683571395
FR,2011,57,57.0,0.00589,-5.134499281318642,0.0058146004234722,-5.147383210166587,0.0128839288479447,-0.7233790471488102,-0.015889845334695733,0.011494381177554166,0.0013895476703905344,0.005881821247920338,-5.1358888289890325
FR,2011,58,58.0,0.0064,-5.051457288616511,0.0062247340672701,-5.079224557661147,0.0277672690446362,-0.7233790471488102,-0.011123722682077824,0.008046667914509063,0.01972060113012714,0.006275024499013584,-5.071177889746639
FR,2011,59,59.0,0.00688,-4.979136627036885,0.0066866261230749,-5.007645848483553,0.0285092214466677,-0.7233790471488102,-0.0087211592600493,0.006308703875567485,0.022200517571100215,0.006728943410478229,-5.0013371446079855
FR,2011,60,60.0,0.00725,-4.926753810115554,0.0072143116241703,-4.931688500293426,0.0049346901778717,-0.7233790471488102,0.0019405719661795074,-0.0014037690998186252,0.006338459277690325,0.00720419150125568,-4.933092269393244
FR,2011,61,61.0,0.00761,-4.878292107108543,0.0077214702535279,-4.863750485730063,-0.0145416213784796,-0.7233790471488102,0.008849191603843589,-0.006401319790425627,-0.008140301588053973,0.007672200517095619,-4.870151805520488
FR,2011,62,62.0,0.0081,-4.815891217303744,0.0082622076959869,-4.796063451617781,-0.0198277656859628,-0.7233790471488102,0.015632376070299388,-0.011308133306405033,-0.008519632379557768,0.008169303824632596,-4.807371584924185
FR,2011,63,63.0,0.00854,-4.762994271181658,0.0088252294005594,-4.730140682102959,-0.0328535890786998,-0.7233790471488102,0.01736909945763264,-0.012564442615495214,-0.020289146463204587,0.008715039002254427,-4.742705124718454
FR,2011,64,64.0,0.00919,-4.689639342614542,0.0093560695327702,-4.6717299983970255,-0.0179093442175162,-0.7233790471488102,0.020654593080320853,-0.014941099861688907,-0.002968244355827293,0.009217318689845972,-4.6866710982587145
FR,2011,65,65.0,0.00985,-4.62028382379814,0.0100595600441321,-4.599231848454529,-0.0210519753436102,-0.7233790471488102,0.0240960320506049,-0.017430564704833763,-0.0036214106387764365,0.009885735562309874,-4.616662413159363
FR,2011,66,66.0,0.01014,-4.5912672808191,0.0106715413882369,-4.540174764098349,-0.0510925167207503,-0.7233790471488102,0.031322469266425755,-0.022658017972294955,-0.028434498748455342,0.010432464148023405,-4.562832782070644
FR,2011,67,67.0,0.01119,-4.492734756658304,0.0113979472311245,-4.474322007240992,-0.0184127494173118,-0.7233790471488102,0.03178767384851735,-0.022994537219617632,0.004581787802305833,0.011138847069914568,-4.49731654446061
FR,2011,68,68.0,0.01186,-4.434583885412557,0.0123487304199331,-4.394202021197845,-0.0403818642147122,-0.7233790471488102,0.026589249123508546,-0.019234105695365947,-0.021147758519346256,0.012113483270545487,-4.413436126893211
FR,2011,69,69.0,0.01248,-4.383627916040855,0.0132424036870702,-4.3243311975892045,-0.0592967184516508,-0.7233790471488102,0.02957048087981278,-0.02139066628257108,-0.03790605216907972,0.012962147963433413,-4.345721863871775
FR,2011,70,70.0,0.01394,-4.272992873649759,0.0143410640080973,-4.244628247951155,-0.0283646256986038,-0.7233790471488102,0.0280470861253989,-0.02028867443669167,-0.008075951261912132,0.014053034577107305,-4.2649169223878465
FR,2011,71,71.0,0.01476,-4.215834459809811,0.0155160088935035,-4.165882956221831,-0.0499515035879802,-0.7233790471488102,0.02812118002101814,-0.02034227240830426,-0.02960923117967594,0.015203566680391889,-4.186225228630136
FR,2011,72,72.0,0.01643,-4.10864634693296,0.0169467413241916,-4.077679715898592,-0.0309666310343681,-0.7233790471488102,0.02543880087989731,-0.01840189554110843,-0.01256473549325967,0.01663774097632045,-4.0960816114397005
FR,2011,73,73.0,0.01808,-4.012948924018107,0.0184746868273763,-3.99135376344844,-0.0215951605696669,-0.7233790471488102,0.02052601459156696,-0.014848088877010283,-0.006747071692656616,0.018202399511009038,-4.00620185232545
FR,2011,74,74.0,0.01926,-3.949724872612157,0.0202012267901324,-3.902011944234327,-0.0477129283778303,-0.7233790471488102,0.022004981864577278,-0.01591794281372476,-0.031794985564105545,0.019882210594124948,-3.917929887048052
FR,2011,75,75.0,0.02177,-3.827222403735681,0.0222729059714579,-3.804384318059652,-0.022838085676029,-0.7233790471488102,0.017086695438732383,-0.012360157465392152,-0.01047792821063685,0.021999303713191858,-3.816744475525044
FR,2011,76,76.0,0.02348,-3.7516062840222415,0.0247416556047183,-3.6992669940984655,-0.0523392899237751,-0.7233790471488102,0.016597268785099765,-0.012006116479038159,-0.04033317344473694,0.024446380506162886,-3.711273110577504
FR,2011,77,77.0,0.02685,-3.617489458027263,0.02741218443566,-3.5967676769994177,-0.0207217810278455,-0.7233790471488102,0.017438723025429953,-0.012614806845627536,-0.008106974182217962,0.027068556977662594,-3.609382483845045
FR,2011,78,78.0,0.03,-3.506557897319982,0.0305735286941402,-3.487620719772316,-0.0189371775476661,-0.7233790471488102,0.013434794125306154,-0.009718448573004398,-0.009218728974661701,0.03027784057000993,-3.4973391683453205
FR,2011,79,79.0,0.03403,-3.380512790469323,0.0343581679677631,-3.3709155020371937,-0.0095972884321291,-0.7233790471488102,0.007477333167804083,-0.005408946142140312,-0.0041883422899887885,0.034172828186000676,-3.376324448179334
FR,2011,80,80.0,0.03875,-3.2506245231827813,0.0390810118293372,-3.242118560910966,-0.0085059622718151,-0.7233790471488102,-0.002524594898999976,0.0018262390524753493,-0.01033220132429045,0.0391524483095409,-3.2402923218584907
FR,2011,81,81.0,0.04393,-3.125157820994449,0.0442332480874714,-3.1182785534999677,-0.0068792674944817,-0.7233790471488102,-0.005256559113597071,0.0038024847228752437,-0.010681752217356944,0.044401764525110375,-3.1144760687770927
FR,2011,82,82.0,0.04969,-3.001951573367908,0.049878333427075,-2.998168570374933,-0.0037830029929746,-0.7233790471488102,-0.006691477285007811,0.004840474462446858,-0.008623477455421458,0.050120353499700815,-2.993328095912486
FR,2011,83,83.0,0.0564,-2.875286120478124,0.0566948812145771,-2.87007135072629,-0.0052147697518338,-0.7233790471488102,-0.006706696212817917,0.0048514835159447585,-0.010066253267778559,0.05697060378718194,-2.8652198672103455
FR,2011,84,84.0,0.0631,-2.763034509434969,0.0644927305486343,-2.741202766204394,-0.0218317432305754,-0.7233790471488102,-0.007415543682049697,0.00536424892281149,-0.02719599215338689,0.06483961516491887,-2.7358385172815827
FR,2011,85,85.0,0.07221,-2.6281767385190467,0.073423148281799,-2.611516021394229,-0.0166607171248176,-0.7233790471488102,-0.007137747002112832,0.005163296625177657,-0.021824013749995257,0.073803234179236,-2.606352724769051
FR,2012,20,20.0,0.00045,-7.706262975199909,0.0004287471633368,-7.754643175629876,0.0483802004299667,-0.5818382976357359,0.045301589958004616,-0.026358199981357557,0.07473840041132426,0.00041759379692572486,-7.7810013756112335
FR,2012,21,21.0,0.00045,-7.706262975199909,0.0004446797149181,-7.718156276693481,0.011893301493572,-0.5818382976357359,0.05264272235747465,-0.030629551959383744,0.04252285345295574,0.000431265853457911,-7.748785828652864
FR,2012,22,22.0,0.00047,-7.66277786326017,0.0004472046679825,-7.712494197934262,0.049716334674092,-0.5818382976357359,0.03402998624177507,-0.01979994926348192,0.06951628393757392,0.00043843712314986787,-7.732294147197744
FR,2012,23,23.0,0.00044,-7.728735831051967,0.0004659235622968,-7.671488966698807,-0.0572468643531598,-0.5818382976357359,0.027366742709560465,-0.01592301898996585,-0.04132384536319395,0.00045856340602927313,-7.687411985688773
FR,2012,24,24.0,0.00046,-7.684284068481133,0.000472210395596,-7.658085918315758,-0.0261981501653751,-0.5818382976357359,0.05338521608923528,-0.031061563248276552,0.0048634130829014535,0.00045776826131432754,-7.689147481564035
FR,2012,25,25.0,0.0005,-7.600902459542082,0.0004853410667626,-7.630658683739036,0.0297562241969542,-0.5818382976357359,0.024678232862403393,-0.014358740997319064,0.04411496519427326,0.0004784219736996006,-7.645017424736356
FR,2012,26,26.0,0.00053,-7.542633551418106,0.0005092219579368,-7.582626569789581,0.0399930183714749,-0.5818382976357359,0.009663791121711372,-0.005622763774963883,0.04561578214643878,0.0005063667577388576,-7.588249333564545
FR,2012,27,27.0,0.00051,-7.5810998322459024,0.0005040860414662,-7.592763587268584,0.0116637550226812,-0.5818382976357359,0.026671813654293827,-0.015518682651471896,0.027182437674153098,0.0004963236767799951,-7.608282269920055
FR,2012,28,28.0,0.00054,-7.523941418405954,0.0005398210349948,-7.524272890012867,0.0003314716069127,-0.5818382976357359,0.028679621376060945,-0.01668690207828476,0.01701837368519746,0.0005308878352472787,-7.540959792091152
FR,2012,29,29.0,0.00053,-7.542633551418106,0.0005491928237232,-7.507060950937914,-0.0355726004801919,-0.5818382976357359,0.03581709355275066,-0.020839756738992337,-0.014732843741199566,0.0005378662107256104,-7.527900707676906
FR,2012,30,30.0,0.00057,-7.469874197135678,0.0005706196734284,-7.468787641285711,-0.0010865558499677,-0.5818382976357359,0.025746336542969688,-0.014980204624518222,0.013893648774550522,0.0005621353808375248,-7.483767845910229
FR,2012,31,31.0,0.00057,-7.469874197135678,0.0005992196982282,-7.419882252088948,-0.0499919450467301,-0.5818382976357359,0.06239361033811383,-0.036302992022475604,-0.013688953024254498,0.000577856353167109,-7.456185244111424
FR,2012,32,32.0,0.00065,-7.338538195074591,0.0006386902425813,-7.356090974511411,0.0175527794368202,-0.5818382976357359,0.03451956395968329,-0.020084804329430026,0.037637583766250225,0.0006259902394987,-7.3761757788408415
FR,2012,33,33.0,0.00066,-7.323270722943802,0.0006785440135082,-7.295561211952721,-0.0277095109910812,-0.5818382976357359,0.04577424572973048,-0.026633209210946238,-0.0010763017801349618,0.0006607107415924985,-7.322194421163667
FR,2012,34,34.0,0.00067,-7.308232845579262,0.0007288092694368,-7.224098493333128,-0.0841343522461341,-0.5818382976357359,0.03886606697491999,-0.022613766244483944,-0.061520586001650154,0.0007125131003191806,-7.2467122595776114
FR,2012,35,35.0,0.00069,-7.278818960372969,0.0007771237290157,-7.159910980871349,-0.1189079795016203,-0.5818382976357359,0.04710416481397701,-0.027407007066917514,-0.09150097243470279,0.0007561143111892912,-7.1873179879382665
FR,2012,36,36.0,0.00076,-7.182192124683898,0.0008583374469741,-7.060513240954803,-0.1216788837290945,-0.5818382976357359,0.04421455719095332,-0.025725722686702163,-0.09595316104239233,0.0008365377051636652,-7.086238963641505
FR,2012,37,37.0,0.00091,-7.002065958453378,0.0009476869497545,-6.961486332022347,-0.0405796264310307,-0.5818382976357359,0.03841065907222511,-0.022348792485650092,-0.018230833945380606,0.0009267422073862841,-6.983835124507998
FR,2012,38,38.0,0.00101,-6.897804948128969,0.0010255665169878,-6.882510119573541,-0.0152948285554277,-0.5818382976357359,0.04765541652473205,-0.027727746423872015,0.012432917868444315,0.0009975204920553212,-6.910237865997413
FR,2012,39,39.0,0.00112,-6.794426593675134,0.0011206225833246,-6.793870870149608,-0.0005557235255251,-0.5818382976357359,0.04678374039051625,-0.027220571865850193,0.026664848340325092,0.0010905300222131852,-6.821091442015459
FR,2012,40,40.0,0.00117,-6.750751530172472,0.0012045986684359,-6.721608822754591,-0.0291427074178809,-0.5818382976357359,0.03669488240350448,-0.021350487909598568,-0.007792219508282332,0.0011791525096963437,-6.74295931066419
FR,2012,41,41.0,0.00138,-6.585671779813024,0.0013321936925554,-6.6209283026042405,0.0352565227912169,-0.5818382976357359,0.022898045893743096,-0.013322960042000436,0.048579482833217336,0.0013145626389265707,-6.634251262646241
FR,2012,42,42.0,0.00149,-6.508979159024769,0.0014556530390806,-6.532300654939711,0.0233214959149412,-0.5818382976357359,0.012396163892489322,-0.007212562896419565,0.030534058811360766,0.001445191821426295,-6.53951321783613
FR,2012,43,43.0,0.00157,-6.45667965962192,0.001608261420795,-6.432601546317958,-0.024078113303962,-0.5818382976357359,0.013773155970123392,-0.008013749622728068,-0.016064363681233932,0.0015954247201910932,-6.440615295940686
FR,2012,44,44.0,0.0018,-6.319968614080018,0.0017726484611237,-6.335280545026738,0.0153119309467202,-0.5818382976357359,0.00020078994947195483,-0.00011682728238312762,0.015428758229103327,0.0017724413795179974,-6.335397372309122
FR,2012,45,45.0,0.002,-6.214608098422191,0.0019636625543253,-6.232943899328481,0.0183358009062892,-0.5818382976357359,0.0038192635919970072,-0.0022221938265896846,0.020557994732878886,0.0019593037603558108,-6.235166093155071
FR,2012,46,46.0,0.00221,-6.114762763452475,0.0021636118521609,-6.135976300000402,0.0212135365479264,-0.5818382976357359,-0.008293661601956345,0.00482556994764915,0.01638796660027725,0.0021740777441308836,-6.131150730052752
FR,2012,47,47.0,0.00243,-6.01986402162968,0.0023994782719383,-6.032503951952523,0.0126399303228428,-0.5818382976357359,-0.011129693784406605,0.0064756820847261705,0.0061642482381166295,0.0024150669495816616,-6.026028269867797
FR,2012,48,48.0,0.00271,-5.910806644090528,0.0026410265301146,-5.936587600236863,0.0257809561463355,-0.5818382976357359,-0.017094181787691547,0.00994604963082625,0.01583490651550925,0.002667425375550206,-5.926641550606037
FR,2012,49,49.0,0.00294,-5.829345697631547,0.002908871366929,-5.839990119446758,0.0106444218152104,-0.5818382976357359,-0.024994619759029658,0.014542827010646344,-0.003898405195435944,0.002951483680751272,-5.825447292436111
FR,2012,50,50.0,0.0033,-5.713832810509703,0.0032137805102759,-5.740307305761114,0.0264744952514108,-0.5818382976357359,-0.01547293484674551,0.009002746070659064,0.017471749180751735,0.0032428439894000762,-5.731304559690455
FR,2012,51,51.0,0.00362,-5.621281253144457,0.0035090886354742,-5.652398923231782,0.0311176700873252,-0.5818382976357359,-0.028729083331244746,0.01671568093808664,0.01440198914923856,0.003568238428757432,-5.6356832422936955
FR,2012,52,52.0,0.00392,-5.5416636251797655,0.0038055050167431,-5.571306571970187,0.0296429467904211,-0.5818382976357359,-0.024412613982259898,0.014204193760276462,0.015438753030144638,0.0038599448691542916,-5.55710237820991
FR,2012,53,53.0,0.0044,-5.426150738057921,0.0041557100689509,-5.4832719702212485,0.0571212321633272,-0.5818382976357359,-0.021175008558886182,0.012320430932324475,0.044800801231002725,0.004207226911021053,-5.470951539288924
FR,2012,54,54.0,0.00475,-5.349610660935587,0.0045099851025605,-5.401461428674661,0.051850767739074,-0.5818382976357359,-0.024645281212574734,0.014339568465478469,0.03751119927359553,0.004575122245841224,-5.387121860209183
FR,2012,55,55.0,0.00524,-5.251433780649187,0.0049015925595912,-5.318195114509087,0.0667613338599002,-0.5818382976357359,-0.02487055607892221,0.014470642010214203,0.052290691849685995,0.004973037430671912,-5.303724472498873
FR,2012,56,56.0,0.00554,-5.195760778222945,0.0052876041070891,-5.242390045519569,0.0466292672966242,-0.5818382976357359,-0.022359852064113252,0.013009818260370551,0.03361944903625365,0.005356844300115521,-5.229380227259198
FR,2012,57,57.0,0.00603,-5.111008268243043,0.0057144501500494,-5.164757198078884,0.0537489298358409,-0.5818382976357359,-0.015889845334695733,0.009245320559234506,0.04450360927660639,0.0057675270519265,-5.15551187751965
FR,2012,58,58.0,0.00643,-5.046780740732609,0.0061236587506121,-5.095595526022748,0.0488147852901397,-0.5818382976357359,-0.011123722682077824,0.006472207868712184,0.04234257742142752,0.006163420878540683,-5.089123318154036
FR,2012,59,59.0,0.00683,-4.986430605399439,0.0065832148183317,-5.0232320787438764,0.0368014733444379,-0.5818382976357359,-0.0087211592600493,0.0050743044572772195,0.031727168887160685,0.006616704952335566,-5.018157774286599
FR,2012,60,60.0,0.00735,-4.913054965757392,0.0071043453806796,-4.947048656698217,0.0339936909408251,-0.5818382976357359,0.0019405719661795074,-0.0011290990892415175,0.03512279003006662,0.007096328397616555,-4.948177755787459
FR,2012,61,61.0,0.00781,-4.852350315130543,0.0076140331816913,-4.877762263047177,0.0254119479166341,-0.5818382976357359,0.008849191603843589,-0.0051487985782328015,0.0305607464948669,0.007574930809972799,-4.88291106162541
FR,2012,62,62.0,0.00814,-4.810965098967688,0.0081553035748341,-4.809086817993908,-0.0018782809737798,-0.5818382976357359,0.015632376070299388,-0.00909551508074461,0.007217234106964811,0.008081463205335569,-4.8181823330746525
FR,2012,63,63.0,0.00867,-4.747886488189686,0.0087144115728627,-4.742777121180911,-0.0051093670087754,-0.5818382976357359,0.01736909945763264,-0.010106007259894759,0.004996640251119359,0.008626787178390438,-4.752883128440805
FR,2012,64,64.0,0.00915,-4.694001399694707,0.0092331415692146,-4.684955923349743,-0.0090454763449638,-0.5818382976357359,0.020654593080320853,-0.012017633276212736,0.0029721569312489357,0.009122845138324108,-4.696973556625956
FR,2012,65,65.0,0.00991,-4.61421093064024,0.0099211298983203,-4.613088463131231,-0.0011224675090089,-0.5818382976357359,0.0240960320506049,-0.014019994268100085,0.012897526759091185,0.009783006223041787,-4.6271084573993315
FR,2012,66,66.0,0.00999,-4.606170686321675,0.010524418081295,-4.554057190130316,-0.0521134961913585,-0.5818382976357359,0.031322469266425755,-0.01822461219572482,-0.03388888399563368,0.010334351845528828,-4.572281802326041
FR,2012,67,67.0,0.01144,-4.4706392930304855,0.0112315636289781,-4.489027283149783,0.0183879901192973,-0.5818382976357359,0.03178767384851735,-0.018495286037821336,0.03688327615711864,0.011025741880249103,-4.507522569187604
FR,2012,68,68.0,0.01215,-4.41042610919558,0.0121515292871915,-4.410300249857636,-0.0001258593379436,-0.5818382976357359,0.026589249123508546,-0.015470643445434695,0.015344784107491096,0.011964984018584274,-4.425770893303071
FR,2012,69,69.0,0.01287,-4.352856257374102,0.0130243965131092,-4.34093102538277,-0.0119252319913316,-0.5818382976357359,0.02957048087981278,-0.017205238255380347,0.005280006264048747,0.012802225401986967,-4.35813626363815
FR,2012,70,70.0,0.0139,-4.275866438845491,0.014092524654639,-4.262110788523538,-0.0137556503219533,-0.5818382976357359,0.0280470861253989,-0.016318868844844965,0.0025632185228916648,0.013864416885662706,-4.278429657368383
FR,2012,71,71.0,0.01504,-4.197041960460443,0.015232833300476,-4.184302095202884,-0.0127398652575587,-0.5818382976357359,0.02812118002101814,-0.016361979510937263,0.003622114253378564,0.014985621942849152,-4.2006640747138215
FR,2012,72,72.0,0.0159,-4.141436169755951,0.0166074464122848,-4.097904105147839,-0.0435320646081125,-0.5818382976357359,0.02543880087989731,-0.014801268597853912,-0.02873079601025859,0.016363445354390167,-4.112705373745692
FR,2012,73,73.0,0.0183,-4.000854219134761,0.0181004189667976,-4.011820193641367,0.0109659745066057,-0.5818382976357359,0.02052601459156696,-0.011942821387203595,0.022908795893809293,0.017885534612863713,-4.023763015028571
FR,2012,74,74.0,0.01904,-3.961213249618918,0.0197701593207248,-3.9235815831206593,-0.0376316664982585,-0.5818382976357359,0.022004981864577278,-0.012803341187590885,-0.024828325310667615,0.01951864874917971,-3.9363849243082503
FR,2012,75,75.0,0.02139,-3.844831755887823,0.02178360116049,-3.826597832606325,-0.0182339232814978,-0.5818382976357359,0.017086695438732383,-0.009941693786292343,-0.008292229495205456,0.021568108225467886,-3.836539526392617
FR,2012,76,76.0,0.02422,-3.720576540857191,0.0241869960112564,-3.721940145153142,0.001363604295951,-0.5818382976357359,0.016597268785099765,-0.009656926615325186,0.011020530911276187,0.02395454813818827,-3.731597071768467
FR,2012,77,77.0,0.02672,-3.622342930313692,0.0267854769294074,-3.6198954439683697,-0.0024474863453223,-0.5818382976357359,0.017438723025429953,-0.010146516918057274,0.007699030572734974,0.026515071789635122,-3.630041960886427
FR,2012,78,78.0,0.0299,-3.5098967985854963,0.0298796724003941,-3.510576882619856,0.0006800840343594,-0.5818382976357359,0.013434794125306154,-0.007816877742954718,0.008496961777314118,0.029647017157705964,-3.5183937603628106
FR,2012,79,79.0,0.03475,-3.359575706971336,0.0335903679359494,-3.3935159216832025,0.0339402147118668,-0.5818382976357359,0.007477333167804083,-0.004350598801210352,0.03829081351307715,0.033444547155336096,-3.397866520484413
FR,2012,80,80.0,0.0394,-3.233989462678249,0.0381779568192355,-3.265496976541955,0.0315075138637062,-0.5818382976357359,-0.002524594898999976,0.0014689059982540085,0.03003860786545219,0.03823407785718204,-3.264028070543701
FR,2012,81,81.0,0.0444,-3.114515809543958,0.04326778606039,-3.1403468917490587,0.0258310822051006,-0.5818382976357359,-0.005256559113597071,0.003058467406076933,0.02277261479902367,0.04340032174851599,-3.137288424342982
FR,2012,82,82.0,0.05053,-2.98518805967832,0.0488229212373224,-3.019555378910256,0.034367319231936,-0.5818382976357359,-0.006691477285007811,0.003893357752177141,0.03047396147975886,0.04901337685154588,-3.0156620211580787
FR,2012,83,83.0,0.05821,-2.843698117698493,0.0555552510443116,-2.890377239113577,0.0466791214150839,-0.5818382976357359,-0.006706696212817917,0.003902212707226014,0.042776908707857886,0.055772462978846894,-2.886475026406351
FR,2012,84,84.0,0.06485,-2.735678368219684,0.0633229128010876,-2.759508043746751,0.0238296755270668,-0.5818382976357359,-0.007415543682049697,0.004314647312007233,0.019515028215059568,0.06359671910063165,-2.755193396434744
FR,2012,85,85.0,0.07478,-2.593204809433169,0.0721827869218231,-2.628553669792127,0.0353488603589573,-0.5818382976357359,-0.007137747002112832,0.004153014564663908,0.031195845794293388,0.07248318643724658,-2.624400655227463
FR,2013,20,20.0,0.00041,-7.799353398265921,0.0003981455051255,-7.828693028724111,0.0293396304581907,-0.2188878859874988,0.045301589958004616,-0.009915969257780136,0.03925559971597083,0.0003942170161142251,-7.838608997981892
FR,2013,21,21.0,0.00039,-7.849363818840582,0.0004167659979257,-7.782985649725896,-0.066378169114686,-0.2188878859874988,0.05264272235747465,-0.011522854209454465,-0.05485531490523153,0.00041199122642132993,-7.794508503935351
FR,2013,22,22.0,0.00045,-7.706262975199909,0.0004183607120105,-7.779166550170813,0.0729035749709039,-0.2188878859874988,0.03402998624177507,-0.007448751748645815,0.08035232671954971,0.0004152560243044224,-7.786615301919459
FR,2013,23,23.0,0.00043,-7.751725349276666,0.0004364796552175,-7.736768792665446,-0.0149565566112199,-0.2188878859874988,0.027366742709560465,-0.005990248458059485,-0.008966308153160414,0.0004338728491389263,-7.742759041123505
FR,2013,24,24.0,0.00045,-7.706262975199909,0.0004436865760573,-7.720392154584358,0.0141291793844491,-0.2188878859874988,0.05338521608923528,-0.011685377092758518,0.025814556477207616,0.00043853210572253966,-7.732077531677117
FR,2013,25,25.0,0.00048,-7.641724454062337,0.0004576439384334,-7.689419103204461,0.0476946491421239,-0.2188878859874988,0.024678232862403393,-0.0054017662211587,0.0530964153632826,0.0004551785176736434,-7.6948208694256195
FR,2013,26,26.0,0.00051,-7.5810998322459024,0.000481805148724,-7.637970781406227,0.0568709491603245,-0.2188878859874988,0.009663791121711372,-0.0021152868092561617,0.058986235969580664,0.0004807870697924328,-7.640086068215483
FR,2013,27,27.0,0.00045,-7.706262975199909,0.0004748410775162,-7.652530383561913,-0.0537325916379956,-0.2188878859874988,0.026671813654293827,-0.005838136906240881,-0.047894454731754715,0.00047207696677640593,-7.658368520468154
FR,2013,28,28.0,0.00053,-7.542633551418106,0.0005111605351801,-7.57882685823296,0.0361933068148543,-0.2188878859874988,0.028679621376060945,-0.006277621693927862,0.04247092850878216,0.0005079617137159514,-7.585104479926888
FR,2013,29,29.0,0.00051,-7.5810998322459024,0.000521196861186,-7.559382735014826,-0.0217170972310762,-0.2188878859874988,0.03581709355275066,-0.007839927889978065,-0.013877169341098136,0.0005171266911452215,-7.567222662904804
FR,2013,30,30.0,0.00057,-7.469874197135678,0.0005422301466881,-7.519820021766368,0.04994582463069,-0.2188878859874988,0.025746336542969688,-0.005635561177813323,0.055581385808503324,0.000539182969864486,-7.525455582944182
FR,2013,31,31.0,0.00057,-7.469874197135678,0.0005686982140361,-7.472160644088746,0.0022864469530681,-0.2188878859874988,0.06239361033811383,-0.013657205466037487,0.015943652419105586,0.000560984181642509,-7.485817849554783
FR,2013,32,32.0,0.0006,-7.418580902748128,0.0006070974701929,-7.406821202871814,-0.0117596998763138,-0.2188878859874988,0.03451956395968329,-0.0075559143803453285,-0.004203785495968471,0.0006025275802779943,-7.41437711725216
FR,2013,33,33.0,0.00064,-7.354042381610556,0.000645423809347,-7.345603388188576,-0.0084389934219801,-0.2188878859874988,0.04577424572973048,-0.010019427880453,0.0015804344584728989,0.0006389893208130552,-7.355622816069029
FR,2013,34,34.0,0.00072,-7.236259345954173,0.0006947244474392,-7.271995269522495,0.0357359235683221,-0.2188878859874988,0.03886606697491999,-0.00850731123678878,0.04424323480511088,0.0006888392793141265,-7.2805025807592845
FR,2013,35,35.0,0.00072,-7.236259345954173,0.0007351745578661,-7.215402593253102,-0.0208567527010714,-0.2188878859874988,0.04710416481397701,-0.010310531057338153,-0.010546221643733249,0.0007276334609177571,-7.22571312431044
FR,2013,36,36.0,0.00086,-7.05857816871672,0.0008117047558775,-7.116373885057495,0.0577957163407747,-0.2188878859874988,0.04421455719095332,-0.009678030953401135,0.06747374729417584,0.0008038869436602131,-7.126051916010896
FR,2013,37,37.0,0.00092,-6.991136887921188,0.0008980787428262,-7.015252806617416,0.0241159186962276,-0.2188878859874988,0.03841065907222511,-0.008407627963705895,0.0325235466599335,0.0008905596838918892,-7.023660434581122
FR,2013,38,38.0,0.00097,-6.938214486466846,0.0009702458407312,-6.937961074525538,-0.0002534119413075,-0.2188878859874988,0.04765541652473205,-0.010431193378952316,0.010177781437644817,0.0009601776218039928,-6.948392267904491
FR,2013,39,39.0,0.00101,-6.897804948128969,0.0010599773103427,-6.849507776424304,-0.0482971717046645,-0.2188878859874988,0.04678374039051625,-0.010240394032668064,-0.03805677767199644,0.0010491781134069835,-6.859748170456973
FR,2013,40,40.0,0.00122,-6.708904420236972,0.0011394586997209,-6.777201954146906,0.0682975339099343,-0.2188878859874988,0.03669488240350448,-0.008032065235862964,0.07632959914579726,0.0011303431504610989,-6.785234019382769
FR,2013,41,41.0,0.0013,-6.645391014514646,0.0012595474253352,-6.677002808783459,0.0316117942688123,-0.2188878859874988,0.022898045893743096,-0.005012104858926154,0.03662389912773845,0.0012532502358344475,-6.6820149136423845
FR,2013,42,42.0,0.00146,-6.529318843261892,0.0013772324647464,-6.587679253769871,0.0583604105079791,-0.2188878859874988,0.012396163892489322,-0.002713370108781552,0.06107378061676065,0.0013735005886139527,-6.590392623878653
FR,2013,43,43.0,0.00157,-6.45667965962192,0.001524109449238,-6.486345007211095,0.0296653475891748,-0.2188878859874988,0.013773155970123392,-0.0030147769936764075,0.03268012458285121,0.001519521518403699,-6.489359784204772
FR,2013,44,44.0,0.00171,-6.371261908467568,0.0016769796415378,-6.390760936025229,0.0194990275576607,-0.2188878859874988,0.00020078994947195483,-4.3950487567452894e-05,0.019542978045228154,0.001676905939084587,-6.390804886512797
FR,2013,45,45.0,0.00188,-6.276483502140279,0.0018625757773092,-6.285794922734557,0.0093114205942779,-0.2188878859874988,0.0038192635919970072,-0.0008359905336812461,0.010147411127959147,0.0018610193322685057,-6.2866309132682385
FR,2013,46,46.0,0.00221,-6.114762763452475,0.0020542715289246,-6.187833981020663,0.073071217568188,-0.2188878859874988,-0.008293661601956345,0.0018153820551479172,0.07125583551304009,0.0020580042036848975,-6.186018598965515
FR,2013,47,47.0,0.00237,-6.044865323835097,0.0022842567969278,-6.081714560527803,0.0368492366927055,-0.2188878859874988,-0.011129693784406605,0.0024361551441569674,0.03441308154854853,0.002289828384744911,-6.079278405383645
FR,2013,48,48.0,0.00262,-5.944580961209131,0.002519483083811,-5.983701523971708,0.0391205627625765,-0.2188878859874988,-0.017094181787691547,0.003741709314193806,0.035378853448382694,0.0025289279160217774,-5.979959814657514
FR,2013,49,49.0,0.00286,-5.856933654150375,0.0027805094426429,-5.88512111531907,0.0281874611686943,-0.2188878859874988,-0.024994619759029658,0.005471019480115369,0.02271644168857893,0.002795763353140628,-5.879650095838954
FR,2013,50,50.0,0.00319,-5.747734362185384,0.0030780374997228,-5.783463060493842,0.0357286983084579,-0.2188878859874988,-0.01547293484674551,0.0033868379986264283,0.03234186030983147,0.0030884799876136314,-5.780076222495215
FR,2013,51,51.0,0.00349,-5.657853542767802,0.0033678976821463,-5.693466562473746,0.0356130197059441,-0.2188878859874988,-0.028729083331244746,0.006288448316734852,0.029324571389209245,0.0033891432635145273,-5.687178114157011
FR,2013,52,52.0,0.00372,-5.5940316106970815,0.0036649965410778,-5.60892788741536,0.0148962767182787,-0.2188878859874988,-0.024412613982259898,0.005343625466005724,0.009552651252272976,0.003684633329021376,-5.603584261949354
FR,2013,53,53.0,0.00407,-5.504112279527633,0.0040109585989409,-5.518725014127085,0.014612734599452,-0.2188878859874988,-0.021175008558886182,0.00463495285922179,0.00997778174023021,0.00402959235289418,-5.514090061267863
FR,2013,54,54.0,0.00465,-5.370888059382872,0.0043631996946882,-5.434549615847233,0.0636615564643614,-0.2188878859874988,-0.024645281212574734,0.005394553504187905,0.0582670029601735,0.004386800810396341,-5.429155062343045
FR,2013,55,55.0,0.00495,-5.308367702401538,0.0047546734618708,-5.348627257925218,0.0402595555236793,-0.2188878859874988,-0.02487055607892221,0.00544386344344882,0.03481569208023048,0.004780627836854193,-5.343183394481769
FR,2013,56,56.0,0.00534,-5.232529626010034,0.00514858974822,-5.269032437103293,0.0365028110932597,-0.2188878859874988,-0.022359852064113252,0.004894300749306962,0.03160851034395274,0.005173850260730778,-5.264138136353987
FR,2013,57,57.0,0.00592,-5.129418830086223,0.0055612896368762,-5.1919252485372125,0.0625064184509893,-0.2188878859874988,-0.015889845334695733,0.0034780946539798695,0.059028323797009424,0.005580666005520381,-5.188447153883232
FR,2013,58,58.0,0.00626,-5.07357509387013,0.0059688850079378,-5.121195134860099,0.0476200409899689,-0.2188878859874988,-0.011123722682077824,0.0024348481421912053,0.045185192847777694,0.005983436044103235,-5.118760286717908
FR,2013,59,59.0,0.0068,-4.990832666800076,0.0064247049142149,-5.047604577004214,0.0567719102041381,-0.2188878859874988,-0.0087211592600493,0.001908956113792491,0.054862954090345604,0.006436981107569428,-5.045695620890421
FR,2013,60,60.0,0.00719,-4.935064107249182,0.006935739216364,-4.971067638774166,0.036003531524984,-0.2188878859874988,0.0019405719661795074,-0.0004247676952836364,0.036428299220267635,0.006932793764012844,-4.97149240646945
FR,2013,61,61.0,0.00782,-4.851070724424917,0.00744902030498,-4.899672757925141,0.0486020335002237,-0.2188878859874988,0.008849191603843589,-0.0019369808428636472,0.05053901434308734,0.007434605660303396,-4.901609738768005
FR,2013,62,62.0,0.00813,-4.812194355422418,0.0079909013562316,-4.829451715024456,0.0172573596020386,-0.2188878859874988,0.015632376070299388,-0.003421737750989397,0.020679097353027996,0.00796360531397816,-4.832873452775446
FR,2013,63,63.0,0.00858,-4.758321365482266,0.0085439062255417,-4.762536972299513,0.0042156068172465,-0.2188878859874988,0.01736909945763264,-0.0038018854617878203,0.008017492279034321,0.008511484942730187,-4.7663388577613
FR,2013,64,64.0,0.00904,-4.706096104578052,0.0090441461459905,-4.705637565255294,-0.0004585393227571,-0.2188878859874988,0.020654593080320853,-0.004521040215283453,0.004062500892526353,0.009003349488705384,-4.7101586054705775
FR,2013,65,65.0,0.00985,-4.62028382379814,0.0097084724417578,-4.634756327102277,0.0144725033041375,-0.2188878859874988,0.0240960320506049,-0.005274329516243922,0.01974683282038142,0.00965740155972406,-4.640030656618521
FR,2013,66,66.0,0.01031,-4.574640980953268,0.0102984135917125,-4.575765415830965,0.0011244348776964,-0.2188878859874988,0.031322469266425755,-0.006856109081636337,0.007980543959332736,0.010228048037352822,-4.582621524912601
FR,2013,67,67.0,0.01085,-4.523590198995668,0.0109762413915629,-4.512022215568892,-0.0115679834267767,-0.2188878859874988,0.03178767384851735,-0.006957936729162063,-0.004610046697614637,0.010900134479023507,-4.518980152298053
FR,2013,68,68.0,0.01193,-4.428699042872313,0.0118494554007629,-4.435473370198613,0.0067743273263003,-0.2188878859874988,0.026589249123508546,-0.005820064530639741,0.012594391856940041,0.011780691106098876,-4.4412934347292525
FR,2013,69,69.0,0.01303,-4.340500887845384,0.0126906661281465,-4.366888506265783,0.0263876184203999,-0.2188878859874988,0.02957048087981278,-0.006472620047415973,0.032860238467815876,0.012608789532049266,-4.373361126313199
FR,2013,70,70.0,0.01389,-4.2765861222158845,0.0137124844835647,-4.289448584935501,0.0128624627196165,-0.2188878859874988,0.0280470861253989,-0.006139167390097874,0.019001630109714375,0.013628559125487851,-4.2955877523255985
FR,2013,71,71.0,0.01471,-4.219227744368791,0.0148003497138809,-4.213104469174956,-0.0061232751938344,-0.2188878859874988,0.02812118002101814,-0.006155385646274548,3.211045244014797e-05,0.014709527662828131,-4.219259854821231
FR,2013,72,72.0,0.01651,-4.1037890210501,0.0160904494499856,-4.1295293848698025,0.0257403638197022,-0.2188878859874988,0.02543880087989731,-0.0055682453466576465,0.031308609166359844,0.016001102862422126,-4.13509763021646
FR,2013,73,73.0,0.01773,-4.032497158896021,0.0175303089242346,-4.043823957601037,0.0113267987050162,-0.2188878859874988,0.02052601459156696,-0.004492895941696646,0.015819694646712845,0.017451723740133727,-4.048316853542734
FR,2013,74,74.0,0.01933,-3.9460969857618977,0.0191144543773242,-3.957310456456472,0.0112134706945745,-0.2188878859874988,0.022004981864577278,-0.00481662396153057,0.01603009465610507,0.01902260860918999,-3.962127080418002
FR,2013,75,75.0,0.02131,-3.848578832871612,0.0210399230777754,-3.861333547118576,0.0127547142469643,-0.2188878859874988,0.017086695438732383,-0.00374007064309637,0.01649478489006067,0.02096137925042745,-3.8650736177616722
FR,2013,76,76.0,0.02343,-3.753738026462433,0.0233444828706573,-3.757394602414895,0.003656575952462,-0.2188878859874988,0.016597268785099765,-0.00363294107753679,0.0072895170299987905,0.02325982760680394,-3.761027543492432
FR,2013,77,77.0,0.02579,-3.657768459088884,0.0258340783286764,-3.656060793177359,-0.0017076659115251,-0.2188878859874988,0.017438723025429953,-0.003817125217357882,0.002109459305832782,0.025735654384586984,-3.659877918394717
FR,2013,78,78.0,0.02855,-3.556098342880118,0.0288261046463574,-3.546473891051072,-0.0096244518290458,-0.2188878859874988,0.013434794125306154,-0.0029407136847655322,-0.006683738144280268,0.028741459845007467,-3.5494146047358375
FR,2013,79,79.0,0.03274,-3.4191577070391483,0.0324239916430878,-3.4288566473946323,0.0096989403554839,-0.2188878859874988,0.007477333167804083,-0.0016366976499248434,0.011335638005408745,0.032370966776838254,-3.430493345044557
FR,2013,80,80.0,0.03855,-3.2557991789727985,0.0368074771858228,-3.302054270049046,0.0462550910762473,-0.2188878859874988,-0.002524594898999976,0.0005526032404169278,0.04570248783583037,0.03682782273797859,-3.3015016668086288
FR,2013,81,81.0,0.04335,-3.1384485757555862,0.0418001399572568,-3.1748555911972978,0.0364070154417115,-0.2188878859874988,-0.005256559113597071,0.0011505971119435835,0.03525641832976792,0.04184826275723883,-3.1737049940853543
FR,2013,82,82.0,0.04904,-3.0151189873541813,0.0472171381077914,-3.0529983567897925,0.0378793694356112,-0.2188878859874988,-0.006691477285007811,0.0014646833170487278,0.036414686118562474,0.04728634693439073,-3.051533673472744
FR,2013,83,83.0,0.0553,-2.894982370453848,0.0538189329227681,-2.9221299606586717,0.0271475902048234,-0.2188878859874988,-0.006706696212817917,0.0014680145559840781,0.025679575648839322,0.05389799791977034,-2.9206619461026877
FR,2013,84,84.0,0.06259,-2.7711497580455267,0.0615360331834988,-2.788132370322486,0.0169826122769594,-0.2188878859874988,-0.007415543682049697,0.0016231726800118112,0.01535943959694759,0.06163599789944861,-2.786509197642474
FR,2013,85,85.0,0.07233,-2.626516298120948,0.0702850769435788,-2.655195779462166,0.0286794813412183,-0.2188878859874988,-0.007137747002112832,0.001562366352006085,0.027117114989212213,0.07039497381007212,-2.65363341311016
FR,2014,20,20.0,0.00039,-7.849363818840582,0.0003795242319535,-7.876592110852126,0.0272282920115438,-1.0279440452071928,0.045301589958004616,-0.04656749963574881,0.07379579164729261,0.0003622559287318541,-7.923159610487875
FR,2014,21,21.0,0.00035,-7.957577403480815,0.0003996503682495,-7.8249204724626225,-0.1326569310181922,-1.0279440452071928,0.05264272235747465,-0.054113772970861625,-0.07854315804733059,0.000378598513526776,-7.879034245433484
FR,2014,22,22.0,0.0004,-7.824046010856292,0.0004007016180069,-7.82229350237938,-0.0017525084769118,-1.0279440452071928,0.03402998624177507,-0.03498092171571538,0.03322841323880358,0.000386927034484221,-7.857274424095095
FR,2014,23,23.0,0.0004,-7.824046010856292,0.0004184324919999,-7.778994990485168,-0.0450510203711234,-1.0279440452071928,0.027366742709560465,-0.028131480205010037,-0.016919540166113363,0.0004068253945095483,-7.807126470690178
FR,2014,24,24.0,0.00042,-7.77525584668686,0.000426160343836,-7.760694888531976,-0.0145609581548837,-1.0279440452071928,0.05338521608923528,-0.05487701498102863,0.040316056826144926,0.00040340404569111626,-7.815571903513004
FR,2014,25,25.0,0.00047,-7.66277786326017,0.000440575721368,-7.727428228681984,0.064650365421814,-1.0279440452071928,0.024678232862403393,-0.025367842517144027,0.09001820793895803,0.0004295398359711607,-7.752796071199128
FR,2014,26,26.0,0.00048,-7.641724454062337,0.0004648619231886,-7.673770135851432,0.0320456817890955,-1.0279440452071928,0.009663791121711372,-0.009933836537689342,0.04197951832678484,0.0004602669216149335,-7.683703972389121
FR,2014,27,27.0,0.00048,-7.641724454062337,0.0004568339947768,-7.69119048300248,0.0494660289401434,-1.0279440452071928,0.026671813654293827,-0.027417132020807238,0.07688316096095064,0.0004444790592035189,-7.718607615023288
FR,2014,28,28.0,0.00052,-7.5616817463888015,0.0004934371590742,-7.614115044434465,0.0524332980456634,-1.0279440452071928,0.028679621376060945,-0.029481046012318768,0.08191434405798217,0.0004791024547366616,-7.643596090446784
FR,2014,29,29.0,0.00056,-7.487573774235079,0.0005038524781241,-7.593227034873125,0.1056532606380455,-1.0279440452071928,0.03581709355275066,-0.03681796803417898,0.14247122867222448,0.00048563900268158803,-7.630045002907304
FR,2014,30,30.0,0.00059,-7.435388021064509,0.0005246231975302,-7.552830272046277,0.1174422509817683,-1.0279440452071928,0.025746336542969688,-0.026465793335246034,0.14390804431701434,0.0005109207512614968,-7.579296065381524
FR,2014,31,31.0,0.00052,-7.5616817463888015,0.0005497885128258,-7.505976875820256,-0.0557048705685456,-1.0279440452071928,0.06239361033811383,-0.06413714020604205,0.00843226963749645,0.0005156336547604157,-7.570114016026298
FR,2014,32,32.0,0.00065,-7.338538195074591,0.0005874990045564,-7.439636006319374,0.1010978112447826,-1.0279440452071928,0.03451956395968329,-0.035484180215505264,0.13658199146028788,0.0005670176156604694,-7.475120186534879
FR,2014,33,33.0,0.00062,-7.385791079925137,0.0006248661284026,-7.377973125726548,-0.0078179541985887,-1.0279440452071928,0.04577424572973048,-0.04705336332172722,0.039235409123138526,0.0005961450851592685,-7.425026489048276
FR,2014,34,34.0,0.00067,-7.308232845579262,0.00067353051373,-7.302977256933626,-0.0052555886456362,-1.0279440452071928,0.03886606697491999,-0.03995214210749294,0.03469655346185674,0.0006471519751272753,-7.342929399041119
FR,2014,35,35.0,0.00068,-7.293417759794122,0.0007092536813874,-7.251297293753142,-0.0421204660409797,-1.0279440452071928,0.04710416481397701,-0.04842044572498584,0.006299979684006141,0.000675729480034033,-7.299717739478128
FR,2014,36,36.0,0.00076,-7.182192124683898,0.0007828986617509,-7.152507293400569,-0.0296848312833288,-1.0279440452071928,0.04421455719095332,-0.04545009077591333,0.015765259492584532,0.0007481123549057662,-7.197957384176482
FR,2014,37,37.0,0.00089,-7.024289095238089,0.0008673815447871,-7.050031603262504,0.0257425080244146,-1.0279440452071928,0.03841065907222511,-0.039484008265777436,0.06522651629019204,0.0008338011514696707,-7.089515611528281
FR,2014,38,38.0,0.00095,-6.959048573369688,0.0009360614089342,-6.97382947580302,0.0147809024333316,-1.0279440452071928,0.04765541652473205,-0.048987101638466764,0.06376800407179836,0.0008913115062101134,-7.022816577441487
FR,2014,39,39.0,0.00112,-6.794426593675134,0.0010225083946536,-6.885496460150779,0.091069866475645,-1.0279440452071928,0.04678374039051625,-0.04809106734695041,0.1391609338225954,0.0009744985494762762,-6.933587527497729
FR,2014,40,40.0,0.0011,-6.812445099177812,0.0010992113376105,-6.813162322129342,0.0007172229515299,-1.0279440452071928,0.03669488240350448,-0.03772028585626063,0.03843750880779053,0.0010585210213876065,-6.850882607985603
FR,2014,41,41.0,0.00121,-6.717134919373487,0.0012146800701384,-6.71327455362201,-0.0038603657514775,-1.0279440452071928,0.022898045893743096,-0.02353790992335423,0.01967754417187673,0.001186422902006375,-6.736812463545364
FR,2014,42,42.0,0.00131,-6.6377281417690766,0.0013287709635276,-6.623500851553794,-0.0142272902152829,-1.0279440452071928,0.012396163892489322,-0.012742562856696815,-0.0014847273585860844,0.00131194643744665,-6.63624341441049
FR,2014,43,43.0,0.00148,-6.515713191206113,0.0014720358307002,-6.521108917463397,0.0053957262572836,-1.0279440452071928,0.013773155970123392,-0.014158033663198238,0.019553759920481837,0.0014513415387761896,-6.535266951126595
FR,2014,44,44.0,0.0017,-6.377127027919967,0.0016178642269593,-6.426648377983409,0.0495213500634426,-1.0279440452071928,0.00020078994947195483,-0.0002064008328971491,0.04972775089633975,0.0016175303328945978,-6.426854778816306
FR,2014,45,45.0,0.00188,-6.276483502140279,0.0017999766964402,-6.3199815605858936,0.0434980584456141,-1.0279440452071928,0.0038192635919970072,-0.003925989266469958,0.047424047712084055,0.0017929238609873037,-6.323907549852364
FR,2014,46,46.0,0.00209,-6.170591213005418,0.0019865057737374,-6.22137807622632,0.0507868632209023,-1.0279440452071928,-0.008293661601956345,0.008525420056694573,0.042261443164207727,0.002003513967886604,-6.212852656169625
FR,2014,47,47.0,0.00226,-6.092390465697942,0.0022126898004258,-6.113546399258357,0.021155933560415,-1.0279440452071928,-0.011129693784406605,0.011440702450660277,0.009715231109754724,0.002238149888992322,-6.102105696807697
FR,2014,48,48.0,0.00254,-5.975591197951692,0.0024438585300002,-6.014177123963465,0.0385859260117733,-1.0279440452071928,-0.017094181787691547,0.017571862376346774,0.021014063635426523,0.002487181190950951,-5.996605261587119
FR,2014,49,49.0,0.00272,-5.907123398674231,0.0027005115521116,-5.914314060172802,0.007190661498571,-1.0279440452071928,-0.024994619759029658,0.025693070543512577,-0.018502409044941576,0.002770795018622929,-5.888620989629289
FR,2014,50,50.0,0.00296,-5.822566010646168,0.002993301493346,-5.811378322359505,-0.0111876882866628,-1.0279440452071928,-0.01547293484674551,0.015905311237590914,-0.027092999524253716,0.0030412915216930427,-5.7954730111219135
FR,2014,51,51.0,0.00322,-5.73837391942582,0.0032796088108716,-5.720031128676885,-0.0183427907489353,-1.0279440452071928,-0.028729083331244746,0.02953189013461426,-0.047874680883549556,0.0033779061674025293,-5.69049923854227
FR,2014,52,52.0,0.00374,-5.588669667555696,0.0035768841664303,-5.633263202111786,0.0445935345560899,-1.0279440452071928,-0.024412613982259898,0.025094801171005918,0.019498733385083983,0.0036677811136689377,-5.60816840094078
FR,2014,53,53.0,0.00385,-5.559682130682444,0.003920022896348,-5.541657784291703,-0.0180243463907414,-1.0279440452071928,-0.021175008558886182,0.021766723955318392,-0.03979107034605979,0.004006284361588988,-5.519891060336385
FR,2014,54,54.0,0.00447,-5.410366870356659,0.0042708061291973,-5.455952680520828,0.0455858101641686,-1.0279440452071928,-0.024645281212574734,0.0253339700649229,0.0202518400992457,0.0043803847742237365,-5.430618710455905
FR,2014,55,55.0,0.0048,-5.339139361068292,0.0046619928919927,-5.36831226303881,0.0291729019705178,-1.0279440452071928,-0.02487055607892221,0.025565540022319637,0.0036073619481981622,0.004782715856472777,-5.34274672301649
FR,2014,56,56.0,0.00519,-5.261021581804339,0.0050606211586606,-5.286266044588395,0.0252444627840553,-1.0279440452071928,-0.022359852064113252,0.022984676781018978,0.002259786003036321,0.005178284952379932,-5.263281367807376
FR,2014,57,57.0,0.00556,-5.192157170719646,0.0054644113383656,-5.20949887800148,0.017341707281834,-1.0279440452071928,-0.015889845334695733,0.01633387189106377,0.0010078353907702273,0.0055543992580143805,-5.193165006110417
FR,2014,58,58.0,0.006,-5.115995809754082,0.0058708595829418,-5.137754219245924,0.0217584094918414,-1.0279440452071928,-0.011123722682077824,0.011434564491578083,0.010323845000263317,0.005938375577825522,-5.1263196547543455
FR,2014,59,59.0,0.00651,-5.034415822761659,0.0063242115643501,-5.063369905996172,0.0289540832345132,-1.0279440452071928,-0.0087211592600493,0.008964863728671247,0.019989219505841954,0.006381162154937508,-5.054405042267501
FR,2014,60,60.0,0.00693,-4.971895465780325,0.0068288137953008,-4.986604296134215,0.0147088303538893,-1.0279440452071928,0.0019405719661795074,-0.0019947993969302385,0.01670362975081954,0.00681520525932253,-4.988599095531145
FR,2014,61,61.0,0.00756,-4.884884088790695,0.007344191559444,-4.9138455422018295,0.0289614534111342,-1.0279440452071928,0.008849191603843589,-0.009096473814068506,0.03805792722520271,0.00727768824464096,-4.922942016015898
FR,2014,62,62.0,0.00806,-4.8208417224636,0.0078863273769664,-4.842624730697471,0.0217830082338714,-1.0279440452071928,0.015632376070299388,-0.016069207893903672,0.037852216127775076,0.007760613112297641,-4.858693938591375
FR,2014,63,63.0,0.00848,-4.7700448291783255,0.0084353960192685,-4.775318614558314,0.0052737853799884,-1.0279440452071928,0.01736909945763264,-0.017854462358084956,0.023128247738073357,0.0082861231177043,-4.793173076916399
FR,2014,64,64.0,0.009,-4.710530701645918,0.0089239601574689,-4.71901546707119,0.0084847654252726,-1.0279440452071928,0.020654593080320853,-0.02123176596309351,0.02971653138836611,0.00873648597051058,-4.7402472330342835
FR,2014,65,65.0,0.00937,-4.670242182731807,0.0095733492028628,-4.6487721657909375,-0.021470016940869,-1.0279440452071928,0.0240960320506049,-0.02476937265954097,0.0032993557186719695,0.009339135980603649,-4.673541538450478
FR,2014,66,66.0,0.01007,-4.598194572251666,0.0101548143833358,-4.589807362468801,-0.0083872097828647,-1.0279440452071928,0.031322469266425755,-0.03219774576360766,0.023810535980742963,0.009833059931842799,-4.6220051082324085
FR,2014,67,67.0,0.01055,-4.5516294190600615,0.0108141862263638,-4.526896467312096,-0.024732951747965,-1.0279440452071928,0.03178767384851735,-0.03267595004357182,0.007942998295606823,0.010466533294764302,-4.559572417355668
FR,2014,68,68.0,0.01179,-4.440503564432857,0.0116580706299955,-4.451756580876917,0.0112530164440594,-1.0279440452071928,0.026589249123508546,-0.027332260303041183,0.038585276747100584,0.011343744400012352,-4.479088841179958
FR,2014,69,69.0,0.01252,-4.380427913310185,0.0124793614917649,-4.383679079868537,0.0032511665583525,-1.0279440452071928,0.02957048087981278,-0.0303967997343167,0.0336479662926692,0.01210573611519599,-4.414075879602854
FR,2014,70,70.0,0.01343,-4.310264268446991,0.0134721321213882,-4.307132014420083,-0.0031322540269078,-1.0279440452071928,0.0280470861253989,-0.028830835168017075,0.025698581141109275,0.013089265010226699,-4.3359628495881
FR,2014,71,71.0,0.01424,-4.251700372998307,0.0145271602733459,-4.231735259361864,-0.0199651136364433,-1.0279440452071928,0.02812118002101814,-0.02890699954680508,0.008941885910361779,0.014113235147706836,-4.260642258908669
FR,2014,72,72.0,0.01562,-4.159203134570597,0.0157646345216431,-4.149986169149929,-0.0092169654206681,-1.0279440452071928,0.02543880087989731,-0.026149663881701937,0.01693269846103384,0.015357737918613619,-4.176135833031631
FR,2014,73,73.0,0.01707,-4.070432742175788,0.017171133944181,-4.064525564076327,-0.005907178099461,-1.0279440452071928,0.02052601459156696,-0.02109959447123721,0.015192416371776207,0.01681262547337487,-4.085625158547564
FR,2014,74,74.0,0.0183,-4.000854219134761,0.0187019412862759,-3.979127948409381,-0.0217262707253804,-1.0279440452071928,0.022004981864577278,-0.022619890072584484,0.0008936193472040832,0.018283654070553334,-4.001747838481966
FR,2014,75,75.0,0.0205,-3.887330392837775,0.0205724533639736,-3.883802313397967,-0.0035280794398078,-1.0279440452071928,0.017086695438732383,-0.017564166828513857,0.014036087388706058,0.020214270164001173,-3.9013664802264807
FR,2014,76,76.0,0.02255,-3.7920202130334495,0.0228152002662771,-3.7803282868075394,-0.01169192622591,-1.0279440452071928,0.016597268785099765,-0.017061063614346523,0.005369137388436522,0.022429250402556878,-3.797389350421886
FR,2014,77,77.0,0.02483,-3.6957026794620615,0.0252367423297463,-3.679454317398739,-0.0162483620633224,-1.0279440452071928,0.017438723025429953,-0.017926031490008282,0.0016776694266858808,0.02478837839154765,-3.6973803488887476
FR,2014,78,78.0,0.02744,-3.5957534761244525,0.0281644752165358,-3.569693839277151,-0.0260596368473016,-1.0279440452071928,0.013434794125306154,-0.013810216619693038,-0.012249420227608563,0.027778191185278106,-3.583504055896844
FR,2014,79,79.0,0.03096,-3.4750592302606105,0.0316911833471331,-3.451716764634314,-0.0233424656262966,-1.0279440452071928,0.007477333167804083,-0.007686280103874443,-0.015656185522422157,0.03144852978138217,-3.4594030447381883
FR,2014,80,80.0,0.03579,-3.3300867542042027,0.0359472992398338,-3.325701323093779,-0.0043854311104238,-1.0279440452071928,-0.002524594898999976,0.0025951422929874797,-0.0069805734034112795,0.03604070874947007,-3.3231061808007913
FR,2014,81,81.0,0.04158,-3.1801359965522704,0.0408774172874329,-3.197177512982864,0.0170415164305932,-1.0279440452071928,-0.005256559113597071,0.005403448639101709,0.01163806779149149,0.04109889414277487,-3.1917740643437624
FR,2014,82,82.0,0.04677,-3.062513307244342,0.0462066793107211,-3.074630917519099,0.0121176102747568,-1.0279440452071928,-0.006691477285007811,0.006878464228762974,0.005239146045993826,0.04652560590662662,-3.067752453290336
FR,2014,83,83.0,0.05284,-2.9404867993280126,0.0527248087165604,-2.942669180569627,0.0021823812416141,-1.0279440452071928,-0.006706696212817917,0.0068941084349798095,-0.0047117271933657095,0.05308955512103788,-2.935775072134647
FR,2014,84,84.0,0.06062,-2.80313040735248,0.0604071386951528,-2.806647990708193,0.003517583355713,-1.0279440452071928,-0.007415543682049697,0.007622763969936807,-0.004105180614223807,0.06086936754804063,-2.7990252267382565
FR,2014,85,85.0,0.06887,-2.6755346094255303,0.0690842016501908,-2.67242920459165,-0.0031054048338803,-1.0279440452071928,-0.007137747002112832,0.0073372045270173785,-0.010442609360897678,0.06959295068278142,-2.6650920000646328
FR,2015,20,20.0,0.00038,-7.875339305243843,0.0003841917068304,-7.864368893416119,-0.0109704118277234,0.5049054990315408,0.045301589958004616,0.022873021884668557,-0.03384343371239196,0.00039308060256796603,-7.84149587153145
FR,2015,21,21.0,0.00044,-7.728735831051967,0.0004039500784682,-7.814219255786247,0.0854834247342797,0.5049054990315408,0.05264272235747465,0.026579600002279588,0.05890382473200011,0.0004148308729810422,-7.787639655783967
FR,2015,22,22.0,0.00035,-7.957577403480815,0.0004051358682732,-7.81128806989972,-0.1462893335810946,0.5049054990315408,0.03402998624177507,0.01718192718543991,-0.1634712607665345,0.00041215702906830426,-7.79410614271428
FR,2015,23,23.0,0.00041,-7.799353398265921,0.000422965721557,-7.768219418709767,-0.031133979556154,0.5049054990315408,0.027366742709560465,0.013817618884638408,-0.04495159844079241,0.000428850665019375,-7.7544017998251284
FR,2015,24,24.0,0.00044,-7.728735831051967,0.0004305659036554,-7.750410159505423,0.0216743284534555,0.5049054990315408,0.05338521608923528,0.026954489170441978,-0.00528016071698648,0.0004423294151466252,-7.723455670334981
FR,2015,25,25.0,0.00044,-7.728735831051967,0.0004448698464571,-7.717728798450262,-0.0110070326017055,0.5049054990315408,0.024678232862403393,0.012460175478608355,-0.023467208080313856,0.00045044768104214936,-7.705268622971653
FR,2015,26,26.0,0.00046,-7.684284068481133,0.0004691281386016,-7.66463461020017,-0.0196494582809636,0.5049054990315408,0.009663791121711372,0.004879301278844253,-0.024528759559807854,0.00047142274962511615,-7.6597553089213255
FR,2015,27,27.0,0.00047,-7.66277786326017,0.0004613632184135,-7.681324932754634,0.0185470694944633,0.5049054990315408,0.026671813654293827,0.013466745383197488,0.0050803241112658114,0.00046761830268741695,-7.667858187371436
FR,2015,28,28.0,0.00049,-7.621105166859602,0.0004979006682332,-7.605109962213672,-0.0159952046459297,0.5049054990315408,0.028679621376060945,0.014480498542915696,-0.030475703188845397,0.0005051629721254579,-7.590629463670756
FR,2015,29,29.0,0.00056,-7.487573774235079,0.0005082229069052,-7.584590413506733,0.0970166392716542,0.5049054990315408,0.03581709355275066,0.018084247494110955,0.07893239177754324,0.0005174973435820938,-7.566506166012623
FR,2015,30,30.0,0.00053,-7.542633551418106,0.0005290611754647,-7.544406489191525,0.0017729377734188,0.5049054990315408,0.025746336542969688,0.012999466900462105,-0.011226529127043305,0.0005359835850382499,-7.531407022291063
FR,2015,31,31.0,0.00065,-7.338538195074591,0.0005545534198327,-7.497347417071633,0.1588092219970418,0.5049054990315408,0.06239361033811383,0.03150287696414487,0.12730634503289695,0.0005723015385972699,-7.465844540107488
FR,2015,32,32.0,0.00057,-7.469874197135678,0.0005924393228255,-7.431262098932436,-0.0386120982032425,0.5049054990315408,0.03451956395968329,0.017429117667415082,-0.05604121587065758,0.0006028555264332284,-7.4138329812650205
FR,2015,33,33.0,0.00062,-7.385791079925137,0.0006300491074258,-7.369712793321521,-0.0160782866036157,0.5049054990315408,0.04577424572973048,0.023111668382961945,-0.039189954986577645,0.0006447801674391173,-7.34660112493856
FR,2015,34,34.0,0.0007,-7.264430222920869,0.000678876684598,-7.295071060156958,0.0306408372360884,0.5049054990315408,0.03886606697491999,0.019623690941365266,0.011017146294723133,0.0006923303241412034,-7.275447369215592
FR,2015,35,35.0,0.00072,-7.236259345954173,0.0007157801887861,-7.242137437039401,0.0058780910852274,0.5049054990315408,0.04710416481397701,0.023783151841865007,-0.017905060756637607,0.0007330077484960579,-7.2183542851975355
FR,2015,36,36.0,0.00083,-7.09408485717363,0.0007901509762566,-7.14328652157657,0.0492016644029398,0.5049054990315408,0.04421455719095332,0.022324173062956885,0.026877491339982913,0.0008079888100285745,-7.120962348513613
FR,2015,37,37.0,0.00087,-7.047017346315645,0.0008751138983155,-7.041156510574518,-0.0058608357411271,0.5049054990315408,0.03841065907222511,0.019393752986992197,-0.025254588728119295,0.000892251283062203,-7.021762757587526
FR,2015,38,38.0,0.00093,-6.980325971816972,0.0009446686467617,-6.964676330305892,-0.0156496415110805,0.5049054990315408,0.04765541652473205,0.02406148186197577,-0.03971112337305627,0.0009676744410904376,-6.940614848443916
FR,2015,39,39.0,0.00101,-6.897804948128969,0.0010319422011276,-6.8763126201504905,-0.0214923279784784,0.5049054990315408,0.04678374039051625,0.023621367788435658,-0.045113695766914055,0.0010566082635656733,-6.852691252362055
FR,2015,40,40.0,0.00112,-6.794426593675134,0.0011093448003003,-6.803985707935497,0.0095591142603632,0.5049054990315408,0.03669488240350448,0.018527447911845133,-0.008968333651481933,0.0011300897100055094,-6.785458260023652
FR,2015,41,41.0,0.00127,-6.668738378511637,0.0012259754328356,-6.704018480139014,0.0352801016273769,0.5049054990315408,0.022898045893743096,0.011561349288827481,0.02371875233854942,0.001240231614587089,-6.692457130850187
FR,2015,42,42.0,0.00129,-6.653113060608557,0.0013409732137768,-6.614359649694271,-0.0387534109142855,0.5049054990315408,0.012396163892489322,0.006258891316214089,-0.04501230223049958,0.0013493925397181916,-6.608100758378057
FR,2015,43,43.0,0.0016,-6.437751649736401,0.0014851527893223,-6.512237623587576,0.0744859738511749,0.5049054990315408,0.013773155970123392,0.006954142188334397,0.0675318316628405,0.0014955167474430897,-6.505283481399242
FR,2015,44,44.0,0.00169,-6.383026750047155,0.0016327486866607,-6.417490373554336,0.0344636235071806,0.5049054990315408,0.00020078994947195483,0.00010137994963865522,0.034362243557541944,0.001632914223031312,-6.417388993604697
FR,2015,45,45.0,0.00194,-6.2450673059069,0.0018157483557004,-6.311257579054346,0.0661902731474457,0.5049054990315408,0.0038192635919970072,0.001928367189850244,0.06426190595759546,0.0018192531634466963,-6.309329211864496
FR,2015,46,46.0,0.00207,-6.18020667170486,0.0020035832766848,-6.212818063149305,0.032611391444445,0.5049054990315408,-0.008293661601956345,-0.0041875153499344965,0.03679890679437949,0.0019952107831658766,-6.217005578499239
FR,2015,47,47.0,0.00236,-6.049093659944618,0.0022307368288231,-6.105423331573019,0.0563296716284007,0.5049054990315408,-0.011129693784406605,-0.005619443594284055,0.06194911522268475,0.002218236484424765,-6.111042775167303
FR,2015,48,48.0,0.00251,-5.987472525838444,0.0024629384485029,-6.006400150613612,0.0189276247751672,0.5049054990315408,-0.017094181787691547,-0.008630946386050277,0.027558571161217474,0.00244177243157399,-6.015031096999663
FR,2015,49,49.0,0.00267,-5.925676806569979,0.002720704557867,-5.90686440358876,-0.0188124029812186,0.5049054990315408,-0.024994619759029658,-0.012619920962536479,-0.006192482018682119,0.002686585225847091,-5.919484324551297
FR,2015,50,50.0,0.00301,-5.805815200221352,0.0030147007311475,-5.80425471371383,-0.0015604865075227,0.5049054990315408,-0.01547293484674551,-0.007812369890278559,0.006251883382755859,0.0029912405331202745,-5.812067083604108
FR,2015,51,51.0,0.00328,-5.7199118565860845,0.0033019165715261,-5.713252199846342,-0.0066596567397425,0.5049054990315408,-0.028729083331244746,-0.01450547215608085,0.00784581541633835,0.0032543664151155035,-5.727757672002423
FR,2015,52,52.0,0.00352,-5.649294289372131,0.0035991659208269,-5.62705314902323,-0.0222411403489006,0.5049054990315408,-0.024412613982259898,-0.012326063045377304,-0.009915077303523295,0.0035550746687895013,-5.639379212068608
FR,2015,53,53.0,0.00387,-5.554500771940447,0.0039430306842183,-5.535805642169586,-0.0186951297708608,0.5049054990315408,-0.021175008558886182,-0.010691378263421576,-0.008003751507439224,0.0039010988058752766,-5.546497020433008
FR,2015,54,54.0,0.00441,-5.423880589523383,0.0042941961559102,-5.45049089917389,0.0266103096505077,0.5049054990315408,-0.024645281212574734,-0.012443538009407703,0.0390538476599154,0.004241092248293637,-5.462934437183298
FR,2015,55,55.0,0.00483,-5.332908811317656,0.0046854706568937,-5.363288907954692,0.0303800966370362,0.5049054990315408,-0.02487055607892221,-0.01255728052822014,0.04293737716525634,0.00462700176091791,-5.375846188482912
FR,2015,56,56.0,0.00525,-5.249527202378605,0.0050829257200961,-5.281868254022509,0.0323410516439039,0.5049054990315408,-0.022359852064113252,-0.01128961226470253,0.043630663908606426,0.005025864167016085,-5.293157866287212
FR,2015,57,57.0,0.00574,-5.160296068650662,0.0054889718476915,-5.205014318286798,0.0447182496361362,0.5049054990315408,-0.015889845334695733,-0.00802287028824855,0.05274111992438475,0.005445110719876386,-5.213037188575046
FR,2015,58,58.0,0.00609,-5.101107197260332,0.0058957203355818,-5.13352855812682,0.032421360866488,0.5049054990315408,-0.011123722682077824,-0.005616428751882973,0.038037789618370975,0.005862700256635896,-5.139144986878703
FR,2015,59,59.0,0.0066,-5.0206856299497575,0.0063497057810659,-5.059346800841383,0.0386611708916255,0.5049054990315408,-0.0087211592600493,-0.004403361268328736,0.04306453215995423,0.006321807201405329,-5.063750162109712
FR,2015,60,60.0,0.00713,-4.943444044555933,0.0068559420855997,-4.982639544980256,0.0391955004243236,0.5049054990315408,0.0019405719661795074,0.0009798054569904824,0.03821569496733312,0.0068626628670594835,-4.981659739523266
FR,2015,61,61.0,0.00752,-4.890189141020389,0.0073708014515732,-4.910228833567944,0.020039692547555,0.5049054990315408,0.008849191603843589,0.004468005502764368,0.01557168704479063,0.007403807914638777,-4.905760828065179
FR,2015,62,62.0,0.00801,-4.827064517901869,0.0079128825122758,-4.839263149896635,0.0121986319947664,0.5049054990315408,0.015632376070299388,0.00789287264082323,0.004305759353943169,0.0079755850120729,-4.831370277255812
FR,2015,63,63.0,0.00864,-4.7513526961661725,0.0084629547330174,-4.7720569071188885,0.020704210952716,0.5049054990315408,0.01736909945763264,0.008769753829384472,0.011934457123331528,0.008537499153043542,-4.763287153289504
FR,2015,64,64.0,0.00908,-4.701681086368935,0.0089544774144796,-4.715601602014314,0.0139205156453794,0.5049054990315408,0.020654593080320853,0.01042861762651281,0.003491898018866591,0.00904834885942734,-4.705172984387802
FR,2015,65,65.0,0.00974,-4.631514161327694,0.0096076511071116,-4.64519550761236,0.0136813462846667,0.5049054990315408,0.0240960320506049,0.012166219087190669,0.0015151271974760318,0.009725253835075304,-4.63302928852517
FR,2015,66,66.0,0.01023,-4.582430699018602,0.0101912676115457,-4.586224041884069,0.0037933428654675,0.5049054990315408,0.031322469266425755,0.015814886975864795,-0.012021544110397296,0.01035372257443933,-4.570409154908204
FR,2015,67,67.0,0.01071,-4.53657739452248,0.0108553117847132,-4.523100753382356,-0.0134766411401239,0.5049054990315408,0.03178767384851735,0.016049771327537512,-0.02952641246766141,0.011030942704473756,-4.507050982054818
FR,2015,68,68.0,0.01172,-4.44645849483327,0.0117066137500092,-4.447601319109159,0.001142824275889,0.5049054990315408,0.026589249123508546,0.013425058097579042,-0.012282233821690042,0.011864835410844363,-4.43417626101158
FR,2015,69,69.0,0.01244,-4.386838191671104,0.0125329469556296,-4.379394345737866,-0.0074438459332375,0.5049054990315408,0.02957048087981278,0.014930298405224508,-0.022374144338462007,0.012721471455043957,-4.364464047332642
FR,2015,70,70.0,0.01378,-4.2845370133966245,0.0135330635606882,-4.302619435180534,0.0180824217839097,0.5049054990315408,0.0280470861253989,0.014161128016525136,0.003921293767384563,0.013726070377935133,-4.288458307164009
FR,2015,71,71.0,0.01484,-4.210429041242903,0.0145963916788397,-4.226980926098221,0.0165518848553185,0.5049054990315408,0.02812118002101814,0.01419853843186796,0.0023533464234505395,0.014805117400595286,-4.212782387666353
FR,2015,72,72.0,0.016,-4.135166556742356,0.0158471458703259,-4.144765866146435,0.0095993094040789,0.5049054990315408,0.02543880087989731,0.01284419045302855,-0.0032448810489496497,0.016052002421991122,-4.131921675693406
FR,2015,73,73.0,0.01729,-4.057626979286938,0.0172620852662834,-4.059242785660118,0.0016158063731799,0.5049054990315408,0.02052601459156696,0.010363697640483805,-0.008747891267303905,0.017441914537160146,-4.048879088019634
FR,2015,74,74.0,0.01914,-3.955974892957329,0.0188063554456012,-3.973560410657071,0.0175855176997417,0.5049054990315408,0.022004981864577278,0.011110436349514396,0.006475081350227304,0.01901646731665297,-3.9624499743075567
FR,2015,75,75.0,0.02079,-3.873283177112216,0.0206907491621304,-3.8780685789807223,0.0047854018685074,0.5049054990315408,0.017086695438732383,0.008627166487293126,-0.0038417646187857268,0.020870023904503307,-3.8694414124934293
FR,2015,76,76.0,0.02336,-3.756730121022111,0.0229491148605657,-3.774475911386423,0.0177457903643118,0.5049054990315408,0.016597268785099765,0.008380052278501412,0.009365738085810388,0.02314223770242402,-3.7660958591079217
FR,2015,77,77.0,0.02541,-3.672612481650064,0.0253878492122952,-3.673484596885344,0.0008721152352797,0.5049054990315408,0.017438723025429953,0.00880490715162753,-0.00793279191634783,0.025612373876251683,-3.6646796897337164
FR,2015,78,78.0,0.02838,-3.5620706072502406,0.0283318571506969,-3.5637684130808487,0.001697805830608,0.5049054990315408,0.013434794125306154,0.006783301432223716,-0.005085495601615716,0.028524693973614346,-3.556985111648625
FR,2015,79,79.0,0.03206,-3.4401461318007303,0.0318765973892839,-3.4458831625856057,0.0057370307848754,0.5049054990315408,0.007477333167804083,0.0037753466345152127,0.001961684150360187,0.031997170052544044,-3.4421078159510903
FR,2015,80,80.0,0.03649,-3.3107170285337806,0.0361648760747108,-3.3196669053503647,0.0089498768165841,0.5049054990315408,-0.002524594898999976,-0.0012746818473320651,0.010224558663916165,0.03611880673178285,-3.3209415871976966
FR,2015,81,81.0,0.04244,-3.1596639652363545,0.0411109301949071,-3.19148125135419,0.0318172861178354,0.5049054990315408,-0.005256559113597071,-0.002654065602439523,0.03447135172027493,0.04100196375519616,-3.1941353169566296
FR,2015,82,82.0,0.04828,-3.030737882752806,0.0464624615090673,-3.0691105717891904,0.0383726890363842,0.5049054990315408,-0.006691477285007811,-0.003378563677845089,0.04175125271422929,0.04630575000319816,-3.0724891354670354
FR,2015,83,83.0,0.05504,-2.899695085357049,0.0530018828242848,-2.937427841074507,0.037732755717458,0.5049054990315408,-0.006706696212817917,-0.003386247798185775,0.04111900351564378,0.05282270885021971,-2.940814088872693
FR,2015,84,84.0,0.06262,-2.7706705630838777,0.0606932343696092,-2.8019230472670604,0.0312524841831827,0.5049054990315408,-0.007415543682049697,-0.0037441487833754917,0.034996632966558194,0.06046641475814663,-2.805667196050436
FR,2015,85,85.0,0.07115,-2.6429649544462754,0.0693886853155239,-2.6680314605605253,0.0250665061142498,0.5049054990315408,-0.007137747002112832,-0.003603887712062664,0.028670393826312465,0.06913906635468302,-2.671635348272588
FR,2016,20,20.0,0.00036,-7.929406526514119,0.0003651214455072,-7.915280532306128,-0.0141259942079905,-0.0706258092878385,0.045301589958004616,-0.003199461452809894,-0.010926532755180605,0.00036395512031793504,-7.918479993758938
FR,2016,21,21.0,0.00037,-7.902007552326004,0.0003863404740478,-7.858791520164566,-0.0432160321614381,-0.0706258092878385,0.05264272235747465,-0.0037179348696116366,-0.03949809729182646,0.00038490675222151415,-7.862509455034178
FR,2016,22,22.0,0.0004,-7.824046010856292,0.0003869839102659,-7.857127441339053,0.0330814304827615,-0.0706258092878385,0.03402998624177507,-0.002403395318379374,0.035484825801140873,0.0003860549517221631,-7.859530836657432
FR,2016,23,23.0,0.00044,-7.728735831051967,0.0004044018954077,-7.813101383866222,0.0843655528142548,-0.0706258092878385,0.027366742709560465,-0.001932798351434762,0.08629835116568955,0.0004036210229685369,-7.815034182217657
FR,2016,24,24.0,0.0004,-7.824046010856292,0.0004125109996286,-7.793247686778646,-0.0307983240776454,-0.0706258092878385,0.05338521608923528,-0.0037703740903083783,-0.02702794998733702,0.0004109586072327448,-7.797018060868955
FR,2016,25,25.0,0.00043,-7.751725349276666,0.0004272554571017,-7.758128463430583,0.0064031141539171,-0.0706258092878385,0.024678232862403393,-0.001742920167700971,0.00814603432161807,0.0004265114335239613,-7.759871383598284
FR,2016,26,26.0,0.00049,-7.621105166859602,0.0004516127364312,-7.702685523182983,0.0815803563233812,-0.0706258092878385,0.009663791121711372,-0.0006825130687594942,0.0822628693921407,0.00045130460999869807,-7.703368036251742
FR,2016,27,27.0,0.00049,-7.621105166859602,0.0004427893034917,-7.72241651394422,0.1013113470846178,-0.0706258092878385,0.026671813654293827,-0.0018837184245089227,0.10319506550912672,0.000441955998225256,-7.724300232368728
FR,2016,28,28.0,0.00049,-7.621105166859602,0.0004795715016656,-7.642617557623806,0.0215123907642045,-0.0706258092878385,0.028679621376060945,-0.002025521469753097,0.023537912233957597,0.0004786011024068066,-7.64464307909356
FR,2016,29,29.0,0.00051,-7.5810998322459024,0.0004902655813031,-7.620563311030443,0.0394634787845404,-0.0706258092878385,0.03581709355275066,-0.002529611218501238,0.04199309000304164,0.0004890269672551483,-7.6230929222489445
FR,2016,30,30.0,0.0005,-7.600902459542082,0.0005108202041955,-7.579492880563867,-0.0214095789782149,-0.0706258092878385,0.025746336542969688,-0.0018183558545442843,-0.019591223123670617,0.0005098921952676072,-7.581311236418411
FR,2016,31,31.0,0.00057,-7.469874197135678,0.0005349750320854,-7.5332904811565395,0.0634162840208611,-0.0706258092878385,0.06239361033811383,-0.004406599224519336,0.06782288324538042,0.0005326227980066438,-7.537697080381059
FR,2016,32,32.0,0.00059,-7.435388021064509,0.0005721320417109,-7.466140751072444,0.0307527300079346,-0.0706258092878385,0.03451956395968329,-0.0024379721409159352,0.03319070214885053,0.0005707388986443461,-7.468578723213359
FR,2016,33,33.0,0.00064,-7.354042381610556,0.0006087405619617,-7.404118387651975,0.0500760060414187,-0.0706258092878385,0.04577424572973048,-0.003232843149202601,0.0533088491906213,0.0006067757768386163,-7.4073512308011775
FR,2016,34,34.0,0.00068,-7.293417759794122,0.000656884979908,-7.32800162343904,0.0345838636449187,-0.0706258092878385,0.03886606697491999,-0.0027449474339390576,0.03732881107885776,0.0006550843376328879,-7.3307465708729795
FR,2016,35,35.0,0.0007,-7.264430222920869,0.0006889859405437,-7.280289692755679,0.01585946983481,-0.0706258092878385,0.04710416481397701,-0.0033267697608148528,0.019186239595624852,0.0006866976513671998,-7.283616462516494
FR,2016,36,36.0,0.00074,-7.208860371766058,0.0007603798108598,-7.181692498386549,-0.0271678733795095,-0.0706258092878385,0.04421455719095332,-0.0031226888839144974,-0.024045184495595,0.000758009084723431,-7.1848151872704635
FR,2016,37,37.0,0.00087,-7.047017346315645,0.000843354911088,-7.0781226789677145,0.0311053326520696,-0.0706258092878385,0.03841065907222511,-0.002712783882255154,0.03381811653432475,0.0008410701718812407,-7.0808354628499695
FR,2016,38,38.0,0.0009,-7.013115794639964,0.0009093316919229,-7.00280063274076,-0.0103151618992036,-0.0706258092878385,0.04765541652473205,-0.0033657023590082332,-0.0069494595401953674,0.0009062762967619279,-7.006166335099768
FR,2016,39,39.0,0.00101,-6.897804948128969,0.0009932136409725,-6.914564770058336,0.0167598219293667,-0.0706258092878385,0.04678374039051625,-0.0033041395265923476,0.020063961455959047,0.0009899373401812434,-6.917868909584928
FR,2016,40,40.0,0.00104,-6.868534565828856,0.0010677434728951,-6.842207761213691,-0.0263268046151647,-0.0706258092878385,0.03669488240350448,-0.0025916057664695682,-0.02373519884869513,0.0010649798853651807,-6.844799366980161
FR,2016,41,41.0,0.00114,-6.776727016575733,0.0011796098934251,-6.742571493956596,-0.0341555226191374,-0.0706258092878385,0.022898045893743096,-0.0016171930223556734,-0.032538329596781726,0.00117770377822997,-6.744188686978952
FR,2016,42,42.0,0.00132,-6.630123542383857,0.0012908760210672,-6.652434204984581,0.0223106626007236,-0.0706258092878385,0.012396163892489322,-0.0008754891069717406,0.023186151707695342,0.0012897463677440492,-6.653309694091552
FR,2016,43,43.0,0.0015,-6.502290170873972,0.0014312773676738,-6.549187969325719,0.0468977984517469,-0.0706258092878385,0.013773155970123392,-0.000972740286837589,0.04787053873858449,0.0014298857834513811,-6.550160709612557
FR,2016,44,44.0,0.0016,-6.437751649736401,0.0015716411074151,-6.455634914211252,0.0178832644748503,-0.0706258092878385,0.00020078994947195483,-1.418095267832101e-05,0.01789744542752862,0.001571618820205054,-6.45564909516393
FR,2016,45,45.0,0.0018,-6.319968614080018,0.0017509542647566,-6.34759434551887,0.0276257314388521,-0.0706258092878385,0.0038192635919970072,-0.00026973858206836567,0.027895470020920465,0.0017504820285290624,-6.347864084100939
FR,2016,46,46.0,0.00194,-6.2450673059069,0.001933406366569,-6.248471874999774,0.0034045690928738,-0.0706258092878385,-0.008293661601956345,0.000585746562597638,0.002818822530276162,0.0019345391844420884,-6.247886128437177
FR,2016,47,47.0,0.00227,-6.087975447488826,0.0021565248975763,-6.139257196579528,0.0512817490907027,-0.0706258092878385,-0.011129693784406605,0.0007860436306495424,0.05049570546005316,0.002158220686631234,-6.1384711529488785
FR,2016,48,48.0,0.00242,-6.023987738813542,0.0023844364357864,-6.0387924778317,0.0148047390181575,-0.0706258092878385,-0.017094181787691547,0.0012072904228691455,0.013597448595288355,0.0023873168814766803,-6.0375851874088315
FR,2016,49,49.0,0.00273,-5.903453669785269,0.0026375801168782,-5.937893404573726,0.0344397347884575,-0.0706258092878385,-0.024994619759029658,0.0017652652483232684,0.032674469540134234,0.002642240257380102,-5.936128139325403
FR,2016,50,50.0,0.00294,-5.829345697631547,0.0029265656593973,-5.833925673333187,0.00457997570164,-0.0706258092878385,-0.01547293484674551,0.001092788545609399,0.003487187156030601,0.002929765524897668,-5.832832884787578
FR,2016,51,51.0,0.00309,-5.779584188072483,0.0032099898193771,-5.741487513378851,-0.0380966746936319,-0.0706258092878385,-0.028729083331244746,0.0020290147603669114,-0.04012568945399881,0.0032165095481774863,-5.739458498618484
FR,2016,52,52.0,0.00332,-5.70779049605374,0.0035072640973608,-5.652919004882179,-0.0548714911715606,-0.0706258092878385,-0.024412613982259898,0.0017241606193287072,-0.05659565179088931,0.0035133164000707606,-5.65119484426285
FR,2016,53,53.0,0.00375,-5.585999438999818,0.0038480808245497,-5.560180742098394,-0.0258186969014238,-0.0706258092878385,-0.021175008558886182,0.0014955021161482435,-0.027314199017572042,0.003853839942879427,-5.558685239982246
FR,2016,54,54.0,0.00417,-5.479839243171427,0.004197609490861,-5.473240084573505,-0.0065991585979219,-0.0706258092878385,-0.024645281212574734,0.0017405929307644523,-0.008339751528686353,0.00420492218263046,-5.47149949164274
FR,2016,55,55.0,0.00456,-5.390432655455842,0.0045884546991469,-5.384211978447206,-0.0062206770086365,-0.0706258092878385,-0.02487055607892221,0.0017565031505124525,-0.007977180159148953,0.004596521416815472,-5.382455475296693
FR,2016,56,56.0,0.00516,-5.266818699488666,0.0049906668089453,-5.300185749099111,0.0333670496104447,-0.0706258092878385,-0.022359852064113252,0.0015791826475843446,0.03178786696286035,0.004998554209553858,-5.298606566451526
FR,2016,57,57.0,0.00566,-5.1743313867670455,0.0053873954992714,-5.223693220627357,0.0493618338603116,-0.0706258092878385,-0.015889845334695733,0.0011222331862214712,0.04823960067409013,0.005393444807020136,-5.222570987441136
FR,2016,58,58.0,0.00602,-5.112668019661407,0.005792860275134,-5.151129106762536,0.0384610871011288,-0.0706258092878385,-0.011123722682077824,0.0007856219167152317,0.037675465184413566,0.005797413061276744,-5.150343484845821
FR,2016,59,59.0,0.00652,-5.032880903043576,0.006244191097816,-5.076103671765875,0.0432227687222992,-0.0706258092878385,-0.0087211592600493,0.0006159389306691086,0.042606829791630094,0.006248038322909976,-5.075487732835206
FR,2016,60,60.0,0.00716,-4.939245298009583,0.0067436540150003,-4.999153362237936,0.0599080642283533,-0.0706258092878385,0.0019405719661795074,-0.00013705446559271969,0.06004511869394602,0.006742729830436462,-4.999290416703529
FR,2016,61,61.0,0.00761,-4.878292107108543,0.0072605986233377,-4.925292998539463,0.0470008914309207,-0.0706258092878385,0.008849191603843589,-0.000624981318564599,0.0476258727494853,0.007256062302542077,-4.925917979858028
FR,2016,62,62.0,0.00819,-4.804841381117159,0.0078028621757383,-4.853264666987183,0.0484232858700242,-0.0706258092878385,0.015632376070299388,-0.0011040492110567348,0.04952733508108094,0.007794252185710183,-4.854368716198239
FR,2016,63,63.0,0.00872,-4.742136041061249,0.0083487584831897,-4.785642435821969,0.0435063947607199,-0.0706258092878385,0.01736909945763264,-0.0012267067057962619,0.04473310146651616,0.008338523284250407,-4.786869142527765
FR,2016,64,64.0,0.00912,-4.697285474895897,0.0088280520788696,-4.729820891322127,0.0325354164262297,-0.0706258092878385,0.020654593080320853,-0.0014587473518086493,0.03399416377803835,0.008815183569511872,-4.731279638673936
FR,2016,65,65.0,0.00977,-4.628438812927445,0.0094655834238675,-4.660092856086609,0.0316540431591638,-0.0706258092878385,0.0240960320506049,-0.0017018017641996655,0.033355844923363465,0.009449488576301991,-4.661794657850809
FR,2016,66,66.0,0.01028,-4.577555018955118,0.0100402914090254,-4.601149140336429,0.0235941213813113,-0.0706258092878385,0.031322469266425755,-0.002212174740834768,0.02580629612214607,0.01001810507904702,-4.603361315077263
FR,2016,67,67.0,0.01075,-4.532849524408466,0.0106850415264202,-4.538910503796472,0.0060609793880059,-0.0706258092878385,0.03178767384851735,-0.0022450301909293976,0.008306009578935299,0.010661080192625036,-4.541155533987401
FR,2016,68,68.0,0.01139,-4.475019501523046,0.0115057468392349,-4.464908643283099,-0.0101108582399467,-0.0706258092878385,0.026589249123508546,-0.0018778872377037416,-0.008232971002242958,0.011484160618672917,-4.466786530520803
FR,2016,69,69.0,0.01255,-4.378034613404344,0.0123112605587017,-4.397240942834129,0.0192063294297852,-0.0706258092878385,0.02957048087981278,-0.0020884391431673323,0.021294768572952535,0.012285576069830557,-4.399329381977297
FR,2016,70,70.0,0.0136,-4.29768548624013,0.0132810769407576,-4.321415043285296,0.0237295570451658,-0.0706258092878385,0.0280470861253989,-0.0019808481557720037,0.025710405200937803,0.013254795182672504,-4.323395891441068
FR,2016,71,71.0,0.01458,-4.228104552401625,0.014310188998639,-4.246783478048932,0.0186789256473067,-0.0706258092878385,0.02812118002101814,-0.0019860810971134013,0.0206650067444201,0.014281796007497263,-4.248769559146045
FR,2016,72,72.0,0.01588,-4.142694823163147,0.0155062942637461,-4.16650925595372,0.0238144327905729,-0.0706258092878385,0.02543880087989731,-0.0017966358994549257,0.025611068690027824,0.015478460110211248,-4.168305891853175
FR,2016,73,73.0,0.0172,-4.06284589516273,0.0168864053915694,-4.08124639546826,0.01840050030553,-0.0706258092878385,0.02052601459156696,-0.0014496663919833985,0.0198501666975134,0.01686194347228696,-4.0826960618602435
FR,2016,74,74.0,0.01854,-3.987824718844428,0.0183752599277546,-3.996750088255141,0.0089253694107127,-0.0706258092878385,0.022004981864577278,-0.0015541196525499796,0.01047948906326268,0.018346724754460423,-3.998304207907691
FR,2016,75,75.0,0.0205,-3.887330392837775,0.0202024682379407,-3.901950492042503,0.0146200992047282,-0.0706258092878385,0.017086695438732383,-0.0012067616934152933,0.015826860898143495,0.020178103377405724,-3.9031572537359183
FR,2016,76,76.0,0.02204,-3.814896294697424,0.0223964686289506,-3.798851983042561,-0.0160443116548623,-0.0706258092878385,0.016597268785099765,-0.001172195539915451,-0.014872116114946848,0.022370230969152177,-3.8000241785824764
FR,2016,77,77.0,0.02498,-3.6896797742847056,0.024764368091528,-3.698349429458556,0.0086696551738501,-0.0706258092878385,0.017438723025429953,-0.0012316239266174538,0.009901279100467553,0.024733886478054266,-3.6995810533851734
FR,2016,78,78.0,0.02818,-3.569142772511603,0.0276411754791016,-3.588448752799496,0.0193059802878932,-0.0706258092878385,0.013434794125306154,-0.0009488432077152455,0.020254823495608445,0.027614960776283164,-3.5893975960072115
FR,2016,79,79.0,0.03132,-3.4634984078595346,0.031111397738488,-3.470181040168717,0.0066826323091828,-0.0706258092878385,0.007477333167804083,-0.0005280927062909605,0.007210725015473761,0.03109497237369921,-3.470709132875008
FR,2016,80,80.0,0.03509,-3.349839089387013,0.0352672251568514,-3.344801212145822,-0.0050378772411909,-0.0706258092878385,-0.002524594898999976,0.00017830155786582218,-0.005216178799056722,0.03527351391866985,-3.3446229105879564
FR,2016,81,81.0,0.0402,-3.2138882833571616,0.0401470191449993,-3.2152070843094123,0.0013188009522506,-0.0706258092878385,-0.005256559113597071,0.00037124874146715614,0.0009475522107834438,0.0401619264423171,-3.214835835567945
FR,2016,82,82.0,0.04585,-3.082380080279663,0.0454063331425973,-3.0921036871305905,0.0097236068509274,-0.0706258092878385,-0.006691477285007811,0.000472590998584865,0.009251015852342536,0.04542779683829449,-3.0916310961320055
FR,2016,83,83.0,0.05356,-2.926952758159165,0.0518573369363567,-2.95925885120523,0.0323060930460648,-0.0706258092878385,-0.006706696212817917,0.00047366584767794695,0.03183242719838685,0.05188190580407247,-2.958785185357552
FR,2016,84,84.0,0.06122,-2.793281345464871,0.0595104598580882,-2.821603185946592,0.0283218404817211,-0.0706258092878385,-0.007415543682049697,0.0005237287738540776,0.027798111707867022,0.05954163536130261,-2.821079457172738
FR,2016,85,85.0,0.06968,-2.663841946437889,0.0681292418797464,-2.6863487618124657,0.0225068153745762,-0.0706258092878385,-0.007137747002112832,0.0005041091585160619,0.02200270621606014,0.0681635951127029,-2.68584465265395
FR,2017,20,20.0,0.00039,-7.849363818840582,0.000376017106624,-7.885875919268754,0.0365121004281716,-0.1429556351528915,0.045301589958004616,-0.006476117565882402,0.042988217994054,0.0003735898437379721,-7.8923520368346365
FR,2017,21,21.0,0.00042,-7.77525584668686,0.000396415249175,-7.833048287088225,0.0577924404013652,-0.1429556351528915,0.05264272235747465,-0.00752557381079011,0.06531801421215531,0.000393443194193918,-7.840573860899015
FR,2017,22,22.0,0.00041,-7.799353398265921,0.0003973661636652,-7.830652375746251,0.03129897748033,-0.1429556351528915,0.03402998624177507,-0.004864778297437114,0.03616375577776711,0.00039543775980785476,-7.835517154043687
FR,2017,23,23.0,0.00041,-7.799353398265921,0.0004150218952528,-7.78717927947996,-0.0121741187859605,-0.1429556351528915,0.027366742709560465,-0.0039122300861109795,-0.00826188869984952,0.00041340140603802236,-7.791091509566071
FR,2017,24,24.0,0.00039,-7.849363818840582,0.000422844367807,-7.768506371425031,-0.0808574474155516,-0.1429556351528915,0.05338521608923528,-0.007631717473810992,-0.07322572994174062,0.0004196296216766871,-7.776138088898842
FR,2017,25,25.0,0.00044,-7.728735831051967,0.0004373419546338,-7.734795163983037,0.0060593329310698,-0.1429556351528915,0.024678232862403393,-0.003527892453295837,0.009587225384365638,0.00043580177763941774,-7.738323056436333
FR,2017,26,26.0,0.00044,-7.728735831051967,0.0004616475794823,-7.680708772947232,-0.0480270581047346,-0.1429556351528915,0.009663791121711372,-0.001381493397789123,-0.046645564706945475,0.00046101025672911966,-7.68209026634502
FR,2017,27,27.0,0.00044,-7.728735831051967,0.0004534236815647,-7.698683590190105,-0.0300522408618624,-0.1429556351528915,0.026671813654293827,-0.003812886061629138,-0.02623935480023326,0.0004516981205036903,-7.702496476251734
FR,2017,28,28.0,0.00049,-7.621105166859602,0.0004900737799771,-7.620954606812497,-0.0001505600471043,-0.1429556351528915,0.028679621376060945,-0.004099913489759237,0.003949353442654937,0.0004880686331486174,-7.625054520302257
FR,2017,29,29.0,0.00051,-7.5810998322459024,0.000500558169618,-7.59978674294936,0.0186869107034572,-0.1429556351528915,0.03581709355275066,-0.005120255358164006,0.023807166061621206,0.0004980017343538047,-7.6049069983075235
FR,2017,30,30.0,0.00049,-7.621105166859602,0.0005212773456814,-7.559228324488379,-0.0618768423712223,-0.1429556351528915,0.025746336542969688,-0.0036805838933603326,-0.058196258477861966,0.0005193622671444644,-7.56290890838174
FR,2017,31,31.0,0.00056,-7.487573774235079,0.0005461968348879,-7.512531143727282,0.0249573694922027,-0.1429556351528915,0.06239361033811383,-0.00891951819536708,0.03387688768756978,0.0005413466849368823,-7.521450661922649
FR,2017,32,32.0,0.0006,-7.418580902748128,0.0005837742680185,-7.4459961772224865,0.0274152744743583,-0.1429556351528915,0.03451956395968329,-0.004934766191057387,0.032350040665415684,0.0005809005748311824,-7.450930943413544
FR,2017,33,33.0,0.00061,-7.402051600796917,0.0006209580479941,-7.384247033877771,-0.0178045669191462,-0.1429556351528915,0.04577424572973048,-0.006543686371938153,-0.011260880547208047,0.0006169079589860569,-7.39079072024971
FR,2017,34,34.0,0.00065,-7.338538195074591,0.0006694981265533,-7.308982191114255,-0.0295560039603355,-0.1429556351528915,0.03886606697491999,-0.005556123290294508,-0.023999880670040993,0.0006657886271803698,-7.31453831440455
FR,2017,35,35.0,0.00074,-7.208860371766058,0.0007043364452105,-7.258254410837849,0.0493940390717906,-0.1429556351528915,0.04710416481397701,-0.006733805799328567,0.056127844871119166,0.0006996095133532638,-7.264988216637177
FR,2017,36,36.0,0.00077,-7.1691200431165445,0.0007774348770183,-7.159510676880869,-0.0096093662356757,-0.1429556351528915,0.04421455719095332,-0.006320720106236578,-0.0032886461294391227,0.0007725364259373446,-7.165831396987105
FR,2017,37,37.0,0.00084,-7.082108666126914,0.0008615543333548,-7.056772435668246,-0.0253362304586683,-0.1429556351528915,0.03841065907222511,-0.005491020164311114,-0.019845210294357186,0.0008568364858896726,-7.062263455832557
FR,2017,38,38.0,0.00088,-7.035588650492022,0.0009295764593854,-6.980781495567843,-0.0548071549241786,-0.1429556351528915,0.04765541652473205,-0.006812610337768672,-0.04799454458640993,0.0009232651398786039,-6.987594105905612
FR,2017,39,39.0,0.00095,-6.959048573369688,0.0010154008756511,-6.892471793080756,-0.0665767802889316,-0.1429556351528915,0.04678374039051625,-0.0066879993223542345,-0.05988878096657737,0.00100863253384414,-6.89915979240311
FR,2017,40,40.0,0.00106,-6.849486370858162,0.0010915766424476,-6.820132166896892,-0.0293542039612697,-0.1429556351528915,0.03669488240350448,-0.005245740220853645,-0.02410846374041606,0.0010858655076115646,-6.825377907117746
FR,2017,41,41.0,0.00114,-6.776727016575733,0.0012061705780547,-6.720304749505888,-0.0564222670698448,-0.1429556351528915,0.022898045893743096,-0.0032734046945001034,-0.0531488623753447,0.0012022287487432736,-6.723578154200388
FR,2017,42,42.0,0.00132,-6.630123542383857,0.0013195773278205,-6.630443799857368,0.0003202574735103,-0.1429556351528915,0.012396163892489322,-0.0017721014827101508,0.002092358956220451,0.0013172409736211424,-6.6322159013400785
FR,2017,43,43.0,0.00148,-6.515713191206113,0.0014621506713497,-6.5278468645859045,0.0121336733797914,-0.1429556351528915,0.013773155970123392,-0.001968950259768829,0.01410262363956023,0.0014592746017537675,-6.529815814845673
FR,2017,44,44.0,0.0015,-6.502290170873972,0.0016066498792911,-6.433604088216272,-0.0686860826576998,-0.1429556351528915,0.00020078994947195483,-2.8704054759080295e-05,-0.06865737860294073,0.0016066037625869483,-6.433632792271031
FR,2017,45,45.0,0.00174,-6.3538701657557,0.0017880893692616,-6.326607620671393,-0.0272625450843069,-0.1429556351528915,0.0038192635919970072,-0.000545985252610246,-0.026716559831696653,0.0017871133653018,-6.3271536059240026
FR,2017,46,46.0,0.00195,-6.239925906406482,0.0019736323557882,-6.227879598584643,-0.0120463078218389,-0.1429556351528915,-0.008293661601956345,0.001185625662050817,-0.013231933483889718,0.001975973732680714,-6.226693972922592
FR,2017,47,47.0,0.00213,-6.151633299260803,0.0021990802993588,-6.11971605176931,-0.031917247491493,-0.1429556351528915,-0.011129693784406605,0.001591052444007035,-0.03350829993550004,0.002202581936349112,-6.118124999325303
FR,2017,48,48.0,0.00237,-6.044865323835097,0.0024294657298891,-6.020083910046528,-0.0247814137885686,-0.1429556351528915,-0.017094181787691547,0.0024437096148784356,-0.027225123403447037,0.002435409898605311,-6.01764020043165
FR,2017,49,49.0,0.0026,-5.952243833954701,0.0026852747142735,-5.919972241814256,-0.0322715921404448,-0.1429556351528915,-0.024994619759029658,0.0035731217430570966,-0.0358447138835019,0.0026948866898942924,-5.916399120071199
FR,2017,50,50.0,0.00287,-5.853443249210607,0.0029771498471549,-5.8167888632623175,-0.0366543859482897,-0.1429556351528915,-0.01547293484674551,0.0022119432286958124,-0.038866329176985515,0.00298374242211295,-5.8145769200336215
FR,2017,51,51.0,0.00317,-5.754023691092947,0.0032627663248999,-5.725179877511813,-0.0288438135811341,-0.1429556351528915,-0.028729083331244746,0.004106984354978441,-0.03295079793611254,0.0032761940099223143,-5.721072893156835
FR,2017,52,52.0,0.00344,-5.672283807596831,0.0035600528916178,-5.6379798770325324,-0.034303930564298,-0.1429556351528915,-0.024412613982259898,0.003489920737576324,-0.03779385130187433,0.0035724988991889368,-5.634489956294956
FR,2017,53,53.0,0.00383,-5.564890475789582,0.0039026377130184,-5.546102617787716,-0.0187878580018665,-0.1429556351528915,-0.021175008558886182,0.003027086797903488,-0.02181494479976999,0.003914469234603302,-5.543075530989813
FR,2017,54,54.0,0.00404,-5.511510587009078,0.0042531260458075,-5.460101026232909,-0.051409560776169,-0.1429556351528915,-0.024645281212574734,0.0035231818292652452,-0.054932742605434244,0.004268137009860267,-5.456577844403644
FR,2017,55,55.0,0.00444,-5.417100902538004,0.004644239641217,-5.372127614148597,-0.0449732883894071,-0.1429556351528915,-0.02487055607892221,0.0035553861408679317,-0.048528674530275026,0.0046607810946747525,-5.368572228007729
FR,2017,56,56.0,0.00499,-5.30031936921871,0.0050437457660859,-5.289606265384097,-0.0107131038346128,-0.1429556351528915,-0.022359852064113252,0.003196466853750002,-0.013909570688362802,0.005059893726707251,-5.286409798530347
FR,2017,57,57.0,0.0054,-5.221356325411908,0.0054458305384434,-5.212905001916235,-0.0084513234956729,-0.1429556351528915,-0.015889845334695733,0.0022715429323026384,-0.010722866427975538,0.005458215036948367,-5.210633458983932
FR,2017,58,58.0,0.0059,-5.132802928070463,0.0058520473543817,-5.1409637038573806,0.0081607757869175,-0.1429556351528915,-0.011123722682077824,0.001590198841281061,0.006570576945636439,0.005861360676358163,-5.139373505016099
FR,2017,59,59.0,0.00644,-5.045226738865875,0.0063049165524013,-5.06642554479934,0.0211988059334649,-0.1429556351528915,-0.0087211592600493,0.0012467388612898691,0.01995206707217503,0.006312782038969452,-5.06517880593805
FR,2017,60,60.0,0.00697,-4.9661400542097045,0.0068082809988443,-4.9896156137619725,0.0234755595522679,-0.1429556351528915,0.0019405719661795074,-0.000277415697985087,0.023752975250252988,0.0068063925367755915,-4.9898930294599575
FR,2017,61,61.0,0.00769,-4.867834495464584,0.0073240449582055,-4.916592513711708,0.0487580182471232,-0.1429556351528915,0.008849191603843589,-0.0012650418063170949,0.050023060053440295,0.007314785593118914,-4.917857555518025
FR,2017,62,62.0,0.00826,-4.79633069144925,0.0078662177188655,-4.845177926882957,0.0488472354337066,-0.1429556351528915,0.015632376070299388,-0.002234736250078511,0.051081971683785116,0.007848658424481653,-4.847412663133035
FR,2017,63,63.0,0.00861,-4.754830960542498,0.0084145245378155,-4.777795954680688,0.0229649941381895,-0.1429556351528915,0.01736909945763264,-0.0024830106449996174,0.025448004783189117,0.008393657101569921,-4.780278965325687
FR,2017,64,64.0,0.00902,-4.708310944907605,0.0089008511291793,-4.721608374324472,0.013297429416867,-0.1429556351528915,0.020654593080320853,-0.0029526904726217855,0.016250119889488785,0.008874608433197389,-4.7245610647970935
FR,2017,65,65.0,0.00975,-4.630487993972381,0.0095473779912235,-4.651488718079687,0.0210007241073055,-0.1429556351528915,0.0240960320506049,-0.003444663566458654,0.024445387673764155,0.009514547064314394,-4.654933381646146
FR,2017,66,66.0,0.01039,-4.566911473871001,0.0101272144883559,-4.592528975004794,0.0256175011337926,-0.1429556351528915,0.031322469266425755,-0.004477723488538817,0.030095224622331416,0.010081968996167248,-4.597006698493333
FR,2017,67,67.0,0.01096,-4.513502997462267,0.0107830545806006,-4.529779397368158,0.016276399905891,-0.1429556351528915,0.03178767384851735,-0.004544227105047757,0.020820627010938758,0.010734165098286255,-4.534323624473206
FR,2017,68,68.0,0.0115,-4.4654082436129325,0.0116213355861233,-4.454912595598471,-0.0104956480144613,-0.1429556351528915,0.026589249123508546,-0.003801082996689628,-0.0066945650177716726,0.01157724577263327,-4.458713678595161
FR,2017,69,69.0,0.01255,-4.378034613404344,0.0124388152697091,-4.386933431760222,0.0088988183558784,-0.1429556351528915,0.02957048087981278,-0.00422726687595007,0.01312608523182847,0.012386344060982176,-4.391160698636172
FR,2017,70,70.0,0.01356,-4.300630996469888,0.0134260367023268,-4.3105594197938455,0.0099284233239576,-0.1429556351528915,0.0280470861253989,-0.00400948901124425,0.013937912335201851,0.013372312930113404,-4.314568908805089
FR,2017,71,71.0,0.01439,-4.241221758082861,0.0144747969630828,-4.235346282351478,-0.0058754757313828,-0.1429556351528915,0.02812118002101814,-0.004020081151153451,-0.0018553945802293487,0.01441672391204389,-4.239366363502631
FR,2017,72,72.0,0.01575,-4.150914913710495,0.015702252483505,-4.153951106631808,0.0030361929213134,-0.1429556351528915,0.02543880087989731,-0.003636619937313655,0.006672812858627055,0.01564525306449269,-4.157587726569122
FR,2017,73,73.0,0.01699,-4.075130343298296,0.0171023747125127,-4.06853795303859,-0.0065923902597058,-0.1429556351528915,0.02052601459156696,-0.002934309453094974,-0.0036580808066108265,0.01705226460795488,-4.071472262491685
FR,2017,74,74.0,0.01846,-3.992149049907431,0.0186230239220793,-3.983356618488711,-0.0087924314187199,-0.1429556351528915,0.022004981864577278,-0.0031457361589785036,-0.005646695259741397,0.018564532849313375,-3.9865023546476896
FR,2017,75,75.0,0.02025,-3.899600485429589,0.0204830571800796,-3.888157213580362,-0.011443271849227,-0.1429556351528915,0.017086695438732383,-0.0024426393991080018,-0.009000632450118997,0.020433085513824098,-3.89059985297947
FR,2017,76,76.0,0.02264,-3.7880370256471543,0.0227140115163029,-3.7847732974993873,-0.0032637281477674,-0.1429556351528915,0.016597268785099765,-0.0023726731009771967,-0.0008910550467902032,0.022660182476772858,-3.7871459706003643
FR,2017,77,77.0,0.02475,-3.698929789967438,0.0251225745062882,-3.6839884543260526,-0.0149413356413852,-0.1429556351528915,0.017438723025429953,-0.0024929637263556926,-0.012448371915029507,0.025060022841243278,-3.6864814180524084
FR,2017,78,78.0,0.02805,-3.573766647013432,0.028038005954175,-3.57419433367491,0.000427686661478,-0.1429556351528915,0.013434794125306154,-0.0019205795273314766,0.0023482661888094766,0.027984208411718198,-3.5761149132022414
FR,2017,79,79.0,0.03072,-3.482841370702665,0.0315510781913101,-3.4561475165277984,-0.0266938541748671,-0.1429556351528915,0.007477333167804083,-0.001068926912253215,-0.025624927262613884,0.03151737041350587,-3.4572164434400516
FR,2017,80,80.0,0.03443,-3.368827001631705,0.0357829198343931,-3.3302845990216645,-0.03854240261004,-0.1429556351528915,-0.002524594898999976,0.0003609050672902915,-0.038903307677330294,0.035795836402171016,-3.3299236939543744
FR,2017,81,81.0,0.03957,-3.229684023584804,0.0407009456670866,-3.2015039517399635,-0.0281800718448406,-0.1429556351528915,-0.005256559113597071,0.0007514547468029896,-0.02893152659164359,0.04073154208037778,-3.2007524969931604
FR,2017,82,82.0,0.04523,-3.095994695492385,0.046013348297971,-3.078823744196554,-0.0171709512958311,-0.1429556351528915,-0.006691477285007811,0.0009565843853894376,-0.01812753568122054,0.04605738500752873,-3.0778671598111647
FR,2017,83,83.0,0.05191,-2.9582438291429995,0.0525153329549574,-2.94665009573979,-0.0115937334032096,-0.1429556351528915,-0.006706696212817917,0.0009587600168808772,-0.012552493420090478,0.05256570670077583,-2.945691335722909
FR,2017,84,84.0,0.0611,-2.7952434128045875,0.0601907440707018,-2.8102366914669368,0.0149932786623492,-0.1429556351528915,-0.007415543682049697,0.0010600937570714262,0.013933184905277774,0.06025458573582125,-2.8091765977098655
FR,2017,85,85.0,0.06867,-2.678442856349552,0.0688538325568395,-2.675769390043155,-0.0026734663063971,-0.1429556351528915,-0.007137747002112832,0.0010203811562476872,-0.003693847462644787,0.06892412556684846,-2.6747490088869075
FR,2018,20,20.0,0.00035,-7.957577403480815,0.0003603554973879,-7.928419521019914,-0.0291578824609004,0.8348579122191194,0.045301589958004616,0.03782039081254636,-0.06697827327344676,0.0003742452861477823,-7.8905991302073675
FR,2018,21,21.0,0.00043,-7.751725349276666,0.0003819218777244,-7.870294478847154,0.1185691295704884,0.8348579122191194,0.05264272235747465,0.04394919328089205,0.07461993628959634,0.00039908134663894977,-7.826345285566262
FR,2018,22,22.0,0.00038,-7.875339305243843,0.0003824328759278,-7.868957407867722,-0.0063818973761211,0.8348579122191194,0.03402998624177507,0.028410203266653694,-0.03479210064277479,0.0003934536820727109,-7.8405472046010685
FR,2018,23,23.0,0.0004,-7.824046010856292,0.0003997447784479,-7.824684268379471,0.0006382575231791,0.8348579122191194,0.027366742709560465,0.022847341682741457,-0.022209084159562357,0.0004089830167195356,-7.80183692669673
FR,2018,24,24.0,0.00043,-7.751725349276666,0.0004079756958661,-7.804302954289978,0.0525776050133126,0.8348579122191194,0.05338521608923528,0.04456907004762551,0.00800853496568709,0.00042657008260338147,-7.759733884242352
FR,2018,25,25.0,0.00046,-7.684284068481133,0.0004228239830722,-7.768554581186564,0.0842705127054301,0.8348579122191194,0.024678232862403393,0.020602817964763362,0.06366769474066673,0.0004316257074479039,-7.7479517632218
FR,2018,26,26.0,0.00043,-7.751725349276666,0.0004471996189218,-7.712505488266224,-0.0392198610104417,0.8348579122191194,0.009663791121711372,0.008067892479993618,-0.04728775349043532,0.00045082217089477796,-7.7044375957862306
FR,2018,27,27.0,0.00041,-7.799353398265921,0.0004381184731432,-7.733021197534312,-0.0663322007316082,0.8348579122191194,0.026671813654293827,0.022267174662521146,-0.08859937539412935,0.00044798355990117463,-7.710754022871791
FR,2018,28,28.0,0.00044,-7.728735831051967,0.0004749517650394,-7.652297306371233,-0.0764385246807339,0.8348579122191194,0.028679621376060945,0.02394340882525307,-0.10038193350598697,0.0004864609642185819,-7.62835389754598
FR,2018,29,29.0,0.00056,-7.487573774235079,0.0004857351732449,-7.629846993600304,0.1422732193652249,0.8348579122191194,0.03581709355275066,0.029902183945206297,0.11237103542001861,0.0005004790542900244,-7.599944809655097
FR,2018,30,30.0,0.00051,-7.5810998322459024,0.0005062156576301,-7.588547778624498,0.0074479463785959,0.8348579122191194,0.025746336542969688,0.021494532773554495,-0.014046586394958595,0.0005172143086474479,-7.567053245850944
FR,2018,31,31.0,0.00052,-7.5616817463888015,0.0005300355572695,-7.542566464480721,-0.0191152819080802,0.8348579122191194,0.06239361033811383,0.05208979926269098,-0.07120508117077118,0.0005583767382653788,-7.49047666521803
FR,2018,32,32.0,0.00057,-7.469874197135678,0.000567005226218,-7.475142036963273,0.0052678398275949,0.8348579122191194,0.03451956395968329,0.028818931098095548,-0.02355109127050065,0.0005835834466836568,-7.4463231058651775
FR,2018,33,33.0,0.00062,-7.385791079925137,0.0006033593574241,-7.4129975894505185,0.0272065095253815,0.8348579122191194,0.04577424572973048,0.038214991223327735,-0.011008481697946236,0.0006268629647554986,-7.374782598227191
FR,2018,34,34.0,0.00069,-7.278818960372969,0.0006513260752332,-7.336500157541167,0.0576811971681978,0.8348579122191194,0.03886606697491999,0.03244764353085017,0.025233553637347632,0.0006728066844998297,-7.3040525140103165
FR,2018,35,35.0,0.00072,-7.236259345954173,0.0006822353908476,-7.29013581180018,0.0538764658460069,0.8348579122191194,0.04710416481397701,0.03932528469342215,0.014551181152584754,0.0007095990064628747,-7.250810527106758
FR,2018,36,36.0,0.0008,-7.1308988302963465,0.0007528804585592,-7.1916040963403765,0.0607052660440299,0.8348579122191194,0.04421455719095332,0.03691287290613214,0.023792393137897758,0.0007811907315290707,-7.154691223434244
FR,2018,37,37.0,0.00088,-7.035588650492022,0.0008353475440555,-7.087662699283293,0.0520740487912716,0.8348579122191194,0.03841065907222511,0.03206744263999823,0.020006606151273372,0.0008625691342289384,-7.055595256643295
FR,2018,38,38.0,0.00089,-7.024289095238089,0.0009004287332774,-7.012639537760002,-0.011649557478087,0.8348579122191194,0.04765541652473205,0.03978550154577032,-0.05143505902385732,0.0009369749257578893,-6.9728540362142315
FR,2018,39,39.0,0.00102,-6.887952651685957,0.0009834569737038,-6.924436669232571,0.0364840175466136,0.8348579122191194,0.04678374039051625,0.039057775828227684,-0.0025737582816140817,0.001022628614705635,-6.885378893404343
FR,2018,40,40.0,0.00108,-6.830794237846009,0.0010572628862562,-6.8520718932194375,0.0212776553734288,0.8348579122191194,0.03669488240350448,0.03063501291251585,-0.00935735753908705,0.001090153376443204,-6.821436880306922
FR,2018,41,41.0,0.00118,-6.742240840504564,0.001167931506031,-6.752521038392319,0.0102801978877558,0.8348579122191194,0.022898045893743096,0.019116614788747942,-0.008836416900992142,0.0011904731764726109,-6.733404423603571
FR,2018,42,42.0,0.00127,-6.668738378511637,0.0012782539018166,-6.662260271541239,-0.0064781069703983,0.8348579122191194,0.012396163892489322,0.010349035506809668,-0.016827142477207967,0.001291551285700541,-6.6519112360344295
FR,2018,43,43.0,0.00144,-6.543112165394228,0.0014176936666109,-6.558723906219694,0.0156117408254656,0.8348579122191194,0.013773155970123392,0.011498628237885515,0.004113112587580084,0.001434089281931304,-6.547225277981808
FR,2018,44,44.0,0.00163,-6.419175264163466,0.001556245573338,-6.465479042196731,0.0463037780332644,0.8348579122191194,0.00020078994947195483,0.0001676310780107387,0.046136146955253664,0.0015565064703277449,-6.46531141111872
FR,2018,45,45.0,0.00179,-6.325539659129474,0.0017346112860043,-6.356971933333403,0.0314322742039294,0.8348579122191194,0.0038192635919970072,0.003188542428629116,0.02824373177530028,0.0017401509947917902,-6.353783390904774
FR,2018,46,46.0,0.00191,-6.260652036923599,0.0019156980424526,-6.25767320973816,-0.0029788271854389,0.8348579122191194,-0.008293661601956345,-0.006924029009661151,0.003945201824222251,0.0019024795091972136,-6.264597238747821
FR,2018,47,47.0,0.00208,-6.175387385268911,0.0021377768401125,-6.147988849697683,-0.027398535571228,0.8348579122191194,-0.011129693784406605,-0.009291712916487808,-0.018106822654740194,0.002118005229748233,-6.1572805626141704
FR,2018,48,48.0,0.0023,-6.074846156047033,0.0023645865159782,-6.047152107005123,-0.0276940490419104,0.8348579122191194,-0.017094181787691547,-0.01427121291836626,-0.01342283612354414,0.002331080651675946,-6.061423319923489
FR,2018,49,49.0,0.00264,-5.936976361823913,0.0026165432719101,-5.945901194199638,0.0089248323757251,0.8348579122191194,-0.024994619759029658,-0.02086695606873425,0.02979178844445935,0.002562509697157022,-5.966768150268372
FR,2018,50,50.0,0.00282,-5.871018394032115,0.0029042416075146,-5.841582987300396,-0.0294354067317188,0.8348579122191194,-0.01547293484674551,-0.012917702082056417,-0.016517704649662384,0.0028669667507292633,-5.854500689382452
FR,2018,51,51.0,0.00314,-5.763532479061975,0.0031866842465624,-5.748774323898452,-0.0147581551635225,0.8348579122191194,-0.028729083331244746,-0.023984702529892092,0.009226547366369593,0.0031111618839714784,-5.772759026428345
FR,2018,52,52.0,0.00334,-5.701784471993528,0.0034839299753242,-5.659594319124907,-0.0421901528686206,0.8348579122191194,-0.024412613982259898,-0.02038106394104078,-0.02180908892757982,0.00341364247577282,-5.679975383065948
FR,2018,53,53.0,0.00371,-5.596723402362794,0.0038239501098865,-5.56647133045588,-0.0302520719069132,0.8348579122191194,-0.021175008558886182,-0.017678123436693702,-0.012573948470219497,0.0037569438651953455,-5.584149453892574
FR,2018,54,54.0,0.00405,-5.509038397863689,0.0041730376043083,-5.479111066076558,-0.0299273317871309,0.8348579122191194,-0.024645281212574734,-0.02057530801918323,-0.009352023767947672,0.004088053356862854,-5.499686374095742
FR,2018,55,55.0,0.00439,-5.428426051895057,0.0045637451555059,-5.38961168651107,-0.0388143653839874,0.8348579122191194,-0.02487055607892221,-0.020763380523777526,-0.018050984860209875,0.004469963360998661,-5.410375067034847
FR,2018,56,56.0,0.00497,-5.3043354388736,0.0049671302260486,-5.304913024950439,0.0005775860768393,0.8348579122191194,-0.022359852064113252,-0.018667299411773957,0.019244885488613257,0.004875267401912756,-5.323580324362213
FR,2018,57,57.0,0.00534,-5.232529626010034,0.0053614878073001,-5.228513766427675,-0.0040158595823589,0.8348579122191194,-0.015889845334695733,-0.013265763101608794,0.009249903519249893,0.005290833259571155,-5.241779529529284
FR,2018,58,58.0,0.00572,-5.163786473590431,0.0057666073223657,-5.155671357118701,-0.0081151164717301,0.8348579122191194,-0.011123722682077824,-0.009286727894463956,0.001171611422733856,0.0057133023069749315,-5.164958085013165
FR,2018,59,59.0,0.00628,-5.07038529850203,0.0062172462798922,-5.080428190535168,0.0100428920331374,0.8348579122191194,-0.0087211592600493,-0.0072809288119752,0.0173238208451126,0.006172143347192161,-5.087709119347143
FR,2018,60,60.0,0.00675,-4.9982127740976985,0.0067149751137165,-5.003415155087287,0.0052023809895889,0.8348579122191194,0.0019405719661795074,0.0016201018601955752,0.003582279129393325,0.006725862874648874,-5.001795053227092
FR,2018,61,61.0,0.00735,-4.913054965757392,0.0072324265746854,-4.929180673300258,0.0161257075428657,0.8348579122191194,0.008849191603843589,0.0073878176272118195,0.008737889915653881,0.007286056282547113,-4.921792855673046
FR,2018,62,62.0,0.00805,-4.822083187551665,0.0077747179385546,-4.856878099574298,0.0347949120226331,0.8348579122191194,0.015632376070299388,0.01305081284907427,0.02174409917355883,0.007876849326527992,-4.843827286725224
FR,2018,63,63.0,0.0086,-4.755993075722675,0.0083195383499653,-4.78914851247148,0.0331554367488049,0.8348579122191194,0.01736909945763264,0.014500730110325424,0.018654706638479478,0.008441056652969462,-4.774647782361155
FR,2018,64,64.0,0.00912,-4.697285474895897,0.0087957157262686,-4.733490525335226,0.0362050504393289,0.8348579122191194,0.020654593080320853,0.017243650456772137,0.018961399982556765,0.008948701197010172,-4.716246874878453
FR,2018,65,65.0,0.00956,-4.650167551918827,0.0094292616839551,-4.663937479786336,0.0137699278675089,0.8348579122191194,0.0240960320506049,0.020116763010532994,-0.006346835143024095,0.009620868701446484,-4.643820716775803
FR,2018,66,66.0,0.01032,-4.5736715189287205,0.0100016927471939,-4.605000925594046,0.0313294066653258,0.8348579122191194,0.031322469266425755,0.02614981129731574,0.005179595368010059,0.010266684770655567,-4.5788511142967305
FR,2018,67,67.0,0.01085,-4.523590198995668,0.0106415343988841,-4.542990595044519,0.0194003960488506,0.8348579122191194,0.03178767384851735,0.026538191023475495,-0.007137794974624894,0.010927722127798566,-4.516452404021043
FR,2018,68,68.0,0.01193,-4.428699042872313,0.0114544701400753,-4.469375219923433,0.0406761770511199,0.8348579122191194,0.026589249123508546,0.022198245010726397,0.018477932040393504,0.011711582437756517,-4.447176974912706
FR,2018,69,69.0,0.01242,-4.388447202476804,0.0122546883594637,-4.401846691989718,0.0133994895129134,0.8348579122191194,0.02957048087981278,0.02468714993063589,-0.01128766041772249,0.012560986951865312,-4.377159542059082
FR,2018,70,70.0,0.01315,-4.331333520358363,0.0132168108839952,-4.326265707851227,-0.0050678125071366,0.8348579122191194,0.0280470861253989,0.023415331766480356,-0.028483144273616957,0.013529938583609197,-4.302850376084747
FR,2018,71,71.0,0.01445,-4.237060864423696,0.0142372428902075,-4.251894009005255,0.0148331445815594,0.8348579122191194,0.02812118002101814,0.023477189641485218,-0.008644045059925817,0.014575447858470621,-4.22841681936377
FR,2018,72,72.0,0.01553,-4.164981641821542,0.0154195257412268,-4.172120667401201,0.0071390255796588,0.8348579122191194,0.02543880087989731,0.021237784191948966,-0.014098758612290166,0.015750504488474048,-4.150882883209252
FR,2018,73,73.0,0.01701,-4.073953872574367,0.0167907865437278,-4.086924963026384,0.0129710904520168,0.8348579122191194,0.02052601459156696,0.017136305688094773,-0.004165215236077973,0.017080998069640852,-4.069788657338289
FR,2018,74,74.0,0.01868,-3.98030184618144,0.0182656186320299,-4.00273474950118,0.0224329033197392,0.8348579122191194,0.022004981864577278,0.018371033217880573,0.004061870101858628,0.018604278156752717,-3.984363716283299
FR,2018,75,75.0,0.0202,-3.902072674574978,0.0200783370963624,-3.908113801514042,0.0060411269390638,0.8348579122191194,0.017086695438732383,0.014264962880704068,-0.008223835941640268,0.0203668064403079,-3.893848838633338
FR,2018,76,76.0,0.02198,-3.8176223300066616,0.022256018286051,-3.8051428221779577,-0.0124795078287038,0.8348579122191194,0.016597268785099765,0.01385636116646795,-0.02633586899517175,0.02256655217995032,-3.79128646101149
FR,2018,77,77.0,0.02476,-3.6985258311657416,0.0246059645203504,-3.7047664052556897,0.006240574089948,0.8348579122191194,0.017438723025429953,0.014558855896777936,-0.008318281806829936,0.024966819657080502,-3.6902075493589117
FR,2018,78,78.0,0.02716,-3.6060099762916416,0.0274656782968314,-3.594818115720935,-0.0111918605707064,0.8348579122191194,0.013434794125306154,0.011216144174546786,-0.022408004745253188,0.027775471398802033,-3.5836019715463885
FR,2018,79,79.0,0.0309,-3.4769990950784373,0.0309169191562021,-3.476451699418623,-0.0005473956598143,0.8348579122191194,0.007477333167804083,0.006242510757439691,-0.006789906417253992,0.03111052201186842,-3.470209188661183
FR,2018,80,80.0,0.034,-3.381394754365976,0.0350392039206739,-3.3512877323308787,-0.0301070220350969,0.8348579122191194,-0.002524594898999976,-0.0021076780265781585,-0.027999344008518744,0.03496543033329649,-3.353395410357457
FR,2018,81,81.0,0.03911,-3.2413770902147143,0.0399019488266037,-3.221330113507064,-0.0200469767076501,0.8348579122191194,-0.005256559113597071,-0.004388479967034036,-0.015658496740616062,0.03972722359304202,-3.2257185934740984
FR,2018,82,82.0,0.04324,-3.1409892862111297,0.0451376928134071,-3.0980376206976894,-0.0429516655134403,0.8348579122191194,-0.006691477285007811,-0.005586432755823283,-0.037365232757617016,0.04488623715178128,-3.1036240534535127
FR,2018,83,83.0,0.05033,-2.9891539581938686,0.0515659929453209,-2.9648928752117607,-0.0242610829821079,0.8348579122191194,-0.006706696212817917,-0.005599138398121041,-0.01866194458398686,0.05127807461367133,-2.970492013609882
FR,2018,84,84.0,0.05802,-2.846967500288879,0.0592089761058579,-2.8266821251760823,-0.0202853751127967,0.8348579122191194,-0.007415543682049697,-0.006190925316365691,-0.01409444979643101,0.058843550086481816,-2.832873050492448
FR,2018,85,85.0,0.06842,-2.6820900994326786,0.067807939600297,-2.691075987642619,0.0089858882099402,0.8348579122191194,-0.007137747002112832,-0.005959004560132198,0.014944892770072398,0.06740507331216862,-2.697034992202751
FR,2019,20,20.0,0.00035,-7.957577403480815,0.0003440618873894,-7.97468901157011,0.0171116080892952,0.5021670522179476,0.045301589958004616,0.022748965889997353,-0.005637357800702153,0.0003519786471611682,-7.951940045680113
FR,2019,21,21.0,0.00036,-7.929406526514119,0.0003667600926446,-7.910802622179744,-0.018603904334375,0.5021670522179476,0.05264272235747465,0.026435440706980888,-0.045039345041355885,0.00037658484602199965,-7.884367181472763
FR,2019,22,22.0,0.00038,-7.875339305243843,0.0003668281327194,-7.91061712281466,0.035277817570817,0.5021670522179476,0.03402998624177507,0.017088737878049497,0.018189079692767503,0.00037315063041889974,-7.8935283849366105
FR,2019,23,23.0,0.00039,-7.849363818840582,0.0003837674169819,-7.865473873820525,0.0161100549799426,0.5021670522179476,0.027366742709560465,0.013742676515266986,0.0023673784646756155,0.00038907781441062617,-7.851731197305258
FR,2019,24,24.0,0.00039,-7.849363818840582,0.0003923977615884,-7.843234534702157,-0.0061292841384252,0.5021670522179476,0.05338521608923528,0.026808296595549425,-0.032937580733974625,0.00040305955083757184,-7.816426238106607
FR,2019,25,25.0,0.00039,-7.849363818840582,0.0004075811170728,-7.805270584791879,-0.0440932340487032,0.5021670522179476,0.024678232862403393,0.012392595450461194,-0.0564858294991644,0.00041266353208172977,-7.7928779893414175
FR,2019,26,26.0,0.00051,-7.5810998322459024,0.0004319991660164,-7.747086900239394,0.1659870679934911,0.5021670522179476,0.009663791121711372,0.004852837500839772,0.16113423049265133,0.0004341006828051839,-7.742234062738554
FR,2019,27,27.0,0.00045,-7.706262975199909,0.0004220587531742,-7.77036602808773,0.0641030528878214,0.5021670522179476,0.026671813654293827,0.013393706040083135,0.05070934684773826,0.0004277497104750829,-7.7569723220476465
FR,2019,28,28.0,0.00051,-7.5810998322459024,0.000459034613195,-7.686384940735923,0.1052851084900208,0.5021670522179476,0.028679621376060945,0.014401960925143361,0.09088314756487745,0.0004656934467926242,-7.67198297981078
FR,2019,29,29.0,0.00049,-7.621105166859602,0.0004701118726878,-7.662539864588654,0.041434697729052,0.5021670522179476,0.03581709355275066,0.01798616428839925,0.023448533440652748,0.00047864388110754007,-7.644553700300254
FR,2019,30,30.0,0.00055,-7.505592279737757,0.0004903285038196,-7.62043497552952,0.1148426957917623,0.5021670522179476,0.025746336542969688,0.01292896192719431,0.10191373386456799,0.0004967091007442743,-7.607506013602325
FR,2019,31,31.0,0.00055,-7.505592279737757,0.0005130012776463,-7.575232222257929,0.0696399425201717,0.5021670522179476,0.06239361033811383,0.03133201538072588,0.038307927139445815,0.0005293290975974746,-7.543900206877203
FR,2019,32,32.0,0.0006,-7.418580902748128,0.0005493139420778,-7.506840436401607,0.0882595336534786,0.5021670522179476,0.03451956395968329,0.017334587677483058,0.07092494597599555,0.0005589190828286279,-7.489505848724124
FR,2019,33,33.0,0.00063,-7.369790738578696,0.0005847851373828,-7.44426606472365,0.0744753261449542,0.5021670522179476,0.04577424572973048,0.02298631804559873,0.05148900809935547,0.0005983828768051663,-7.421279746678051
FR,2019,34,34.0,0.00066,-7.323270722943802,0.0006321220307513,-7.366428095824293,0.0431573728804908,0.5021670522179476,0.03886606697491999,0.019517258284100895,0.023640114596389903,0.0006445805018170544,-7.346910837540192
FR,2019,35,35.0,0.00075,-7.195437351433918,0.0006589853027737,-7.324809326026402,0.1293719745924848,0.5021670522179476,0.04710416481397701,0.0236541595918232,0.10571781500066162,0.0006747588660246576,-7.301155166434579
FR,2019,36,36.0,0.00078,-7.156216638280637,0.0007270551691685,-7.22650819724586,0.0702915589652226,0.5021670522179476,0.04421455719095332,0.022203093849702885,0.048088465115519716,0.0007433785879388422,-7.204305103396156
FR,2019,37,37.0,0.00087,-7.047017346315645,0.0008077497407496,-7.121258274213442,0.0742409278977973,0.5021670522179476,0.03841065907222511,0.019288567440047845,0.05495236045774945,0.0008234813080576575,-7.101969706773394
FR,2019,38,38.0,0.00094,-6.969630682700225,0.00086976486975,-7.0472876474987975,0.0776569647985727,0.5021670522179476,0.04765541652473205,0.02393098003844316,0.05372598476012955,0.0008908302477350559,-7.023356667460354
FR,2019,39,39.0,0.00099,-6.917805614835639,0.000949855234946,-6.959200969248712,0.0413953544130727,0.5021670522179476,0.04678374039051625,0.023493253003635275,0.01790210140943743,0.0009724346173533506,-6.935707716245076
FR,2019,40,40.0,0.00103,-6.878196476740593,0.0010211673545607,-6.886808840831462,0.0086123640908688,0.5021670522179476,0.03669488240350448,0.01842696092805208,-0.00981459683718328,0.0010401588054858373,-6.868381879903409
FR,2019,41,41.0,0.00114,-6.776727016575733,0.0011277184372873,-6.787558769398544,0.0108317528228107,0.5021670522179476,0.022898045893743096,0.011498644208012249,-0.0006668913852015488,0.00114076050973964,-6.776060125190532
FR,2019,42,42.0,0.0012,-6.725433722188183,0.0012347791261684,-6.696863170104649,-0.0285705520835337,0.5021670522179476,0.012396163892489322,0.006224945080701922,-0.03479549716423562,0.0012424895319437545,-6.690638225023947
FR,2019,43,43.0,0.00137,-6.592944539142104,0.0013708763101069,-6.592305101212279,-0.0006394379298244,0.5021670522179476,0.013773155970123392,0.006916425133254889,-0.0075558630630792895,0.0013803907384600685,-6.585388676079024
FR,2019,44,44.0,0.00151,-6.495645628155304,0.0015032203911041,-6.500145544826507,0.0044999166712029,0.5021670522179476,0.00020078994947195483,0.00010083009704132218,0.004399086574161578,0.0015033719686037613,-6.500044714729466
FR,2019,45,45.0,0.00166,-6.400937676613685,0.0016782637610893,-6.38999549551311,-0.0109421811005745,0.5021670522179476,0.0038192635919970072,0.001917908339636467,-0.012860089440210968,0.0016814856057666247,-6.388077587173474
FR,2019,46,46.0,0.00183,-6.303439312128807,0.0018546188245745,-6.290076089442304,-0.013363222686503,0.5021670522179476,-0.008293661601956345,-0.004164803598747598,-0.009198419087755401,0.001846910763840947,-6.294240893041052
FR,2019,47,47.0,0.0021,-6.16581793425276,0.0020730429515951,-6.178737726208561,0.0129197919558006,0.5021670522179476,-0.011129693784406605,-0.005588965519803878,0.01850875747560448,0.00206148910312318,-6.184326691728365
FR,2019,48,48.0,0.00228,-6.083579836015788,0.0022959906201033,-6.076590885853986,-0.0069889501618014,0.5021670522179476,-0.017094181787691547,-0.00858413487840279,0.0015951847166013897,0.0022763658781645747,-6.085175020732389
FR,2019,49,49.0,0.00252,-5.983496377458805,0.0025437880374862,-5.974100955573607,-0.0093954218851983,0.5021670522179476,-0.024994619759029658,-0.01255147452570039,0.00315605264050209,0.0025120592845950794,-5.986652430099308
FR,2019,50,50.0,0.00281,-5.874570795636482,0.0028269736131327,-5.8685485341901575,-0.0060222614463247,0.5021670522179476,-0.01547293484674551,-0.007769998081150553,0.0017477366348258522,0.0028050931492465837,-5.876318532271308
FR,2019,51,51.0,0.00304,-5.795897763564007,0.0031059516295084,-5.774435127619518,-0.0214626359444887,0.5021670522179476,-0.028729083331244746,-0.014426799089374947,-0.0070358368551137525,0.0030614643653802506,-5.788861926708893
FR,2019,52,52.0,0.00344,-5.672283807596831,0.0034029869664391,-5.683101713491526,0.0108179058946955,0.5021670522179476,-0.024412613982259898,-0.012259210400406102,0.0230771162951016,0.0033615237059303566,-5.695360923891932
FR,2019,53,53.0,0.00367,-5.607563616915658,0.0037401711867189,-5.5886238967532,-0.0189397201624581,0.5021670522179476,-0.021175008558886182,-0.010633391628705684,-0.008306328533752416,0.003700611182988643,-5.599257288381906
FR,2019,54,54.0,0.00385,-5.559682130682444,0.0040876462256748,-5.499785969533235,-0.0598961611492088,0.5021670522179476,-0.024645281212574734,-0.012376048217601018,-0.04752011293160778,0.004037369076828453,-5.512162017750836
FR,2019,55,55.0,0.00432,-5.444499876726118,0.0044777840746452,-5.4086269811183785,-0.0358728956077394,0.5021670522179476,-0.02487055607892221,-0.012489173833173522,-0.02338372177456588,0.0044222080228273775,-5.421116154951552
FR,2019,56,56.0,0.00462,-5.37736057388849,0.0048851254078361,-5.321560321793134,-0.0558002520953557,0.5021670522179476,-0.022359852064113252,-0.011228380999065143,-0.04457187109629056,0.004830580159018279,-5.332788702792199
FR,2019,57,57.0,0.00494,-5.310389947782306,0.00527124069974,-5.24548951724178,-0.0649004305405256,0.5021670522179476,-0.015889845334695733,-0.007979356791923263,-0.05692107374860234,0.005229346954313259,-5.253468874033703
FR,2019,58,58.0,0.00557,-5.190360225042944,0.005675100088384,-5.171667079050535,-0.0186931459924091,0.5021670522179476,-0.011123722682077824,-0.005585967028948942,-0.01310717896346016,0.005643487541926034,-5.1772530460794846
FR,2019,59,59.0,0.00616,-5.089678501436708,0.0061232813263554,-5.0956571617055255,0.0059786602688172,0.5021670522179476,-0.0087211592600493,-0.004379478837542214,0.010358139106359413,0.00609652318150301,-5.100036640543068
FR,2019,60,60.0,0.00664,-5.014643315493794,0.0066149487145747,-5.01842323434403,0.0037799188502356,0.5021670522179476,0.0019405719661795074,0.0009744913038731498,0.00280542754636245,0.006621398066480936,-5.017448743040156
FR,2019,61,61.0,0.0073,-4.919880930827792,0.0071340849790325,-4.942871280281151,0.0229903494533596,0.5021670522179476,0.008849191603843589,0.004443772462213946,0.018546576991145654,0.007165857772653061,-4.938427507818938
FR,2019,62,62.0,0.00769,-4.867834495464584,0.0076764125915183,-4.869602951432027,0.0017684559674426,0.5021670522179476,0.015632376070299388,0.007850064210384627,-0.006081608242942026,0.007736910067129297,-4.861752887221642
FR,2019,63,63.0,0.00844,-4.774772970374271,0.0082174502551679,-4.801495305968045,0.0267223355937735,0.5021670522179476,0.01736909945763264,0.008722189474319735,0.018000146119453764,0.00828943790185583,-4.792773116493725
FR,2019,64,64.0,0.00888,-4.7239537219780585,0.0086827820166426,-4.746413292832059,0.022459570854,0.5021670522179476,0.020654593080320853,0.01037205612190594,0.012087514732094061,0.008773308982831114,-4.736041236710153
FR,2019,65,65.0,0.00965,-4.6407973636312425,0.0093024592278184,-4.677476480680442,0.0366791170491991,0.5021670522179476,0.0240960320506049,0.012100233385001448,0.02457888366419765,0.009415704923461258,-4.66537624729544
FR,2019,66,66.0,0.01021,-4.584387646805562,0.0098669435303095,-4.618565146209575,0.0341774994040129,0.5021670522179476,0.031322469266425755,0.01572911205970828,0.01844838734430462,0.010023368780913767,-4.602836034149867
FR,2019,67,67.0,0.01091,-4.518075479137158,0.0104897278085314,-4.557358804619686,0.0392833254825282,0.5021670522179476,0.03178767384851735,0.015962722473375497,0.0233206030091527,0.01065851599783124,-4.541396082146311
FR,2019,68,68.0,0.01149,-4.466278187121473,0.0112757096691291,-4.485104453744512,0.0188262666230389,0.5021670522179476,0.026589249123508546,0.013352244853040932,0.005474021769997967,0.011427275324610239,-4.471752208891471
FR,2019,69,69.0,0.01245,-4.386034656071421,0.0120575286783036,-4.4180660275621335,0.0320313714907127,0.5021670522179476,0.02957048087981278,0.014849321216082765,0.017182050274629938,0.01223791075588204,-4.403216706346051
FR,2019,70,70.0,0.01328,-4.32149613493385,0.0129929610852584,-4.343347523140405,0.0218513882065556,0.5021670522179476,0.0280470861253989,0.014084322562894462,0.007767065643661137,0.013177252906499577,-4.329263200577511
FR,2019,71,71.0,0.01444,-4.237753145517457,0.0139833078869489,-4.26989095450396,0.0321378089865023,0.5021670522179476,0.02812118002101814,0.01412153007604492,0.01801627891045738,0.014182174435026965,-4.255769424427915
FR,2019,72,72.0,0.0154,-4.173387769562553,0.015117814169303,-4.19188148420364,0.018493714641087,0.5021670522179476,0.02543880087989731,0.012774527649817362,0.005719186991269639,0.015312175900944013,-4.179106956553823
FR,2019,73,73.0,0.0165,-4.104394898075602,0.0164583509698834,-4.106922272841681,0.0025273747660783,0.5021670522179476,0.02052601459156696,0.01030748824122976,-0.00778011347515146,0.016628872543791546,-4.096614784600451
FR,2019,74,74.0,0.01843,-3.993775507300405,0.0178846946235777,-4.023809980860439,0.0300344735600339,0.5021670522179476,0.022004981864577278,0.011050176877044167,0.018984296682989732,0.01808341961357612,-4.0127598039833945
FR,2019,75,75.0,0.02013,-3.905544039330437,0.0196472450804078,-3.929818149966072,0.024274110635635,0.5021670522179476,0.017086695438732383,0.008580375480614091,0.01569373515502091,0.019816551136391594,-3.921237774485458
FR,2019,76,76.0,0.02182,-3.824928298577212,0.0217683919559852,-3.8272962716000296,0.0023679730228174,0.5021670522179476,0.016597268785099765,0.008334601540682504,-0.005966628517865105,0.021950581011054807,-3.818961670059347
FR,2019,77,77.0,0.02438,-3.713992154929012,0.0240561631763108,-3.727364050133396,0.0133718952043841,0.5021670522179476,0.017438723025429953,0.008757152136125407,0.004614743068258693,0.024267751761587693,-3.71860689799727
FR,2019,78,78.0,0.027,-3.611918412977808,0.0268564815165749,-3.617248089893535,0.0053296769157267,0.5021670522179476,0.013434794125306154,0.006746510963059991,-0.0014168340473332906,0.027038281632234023,-3.610501578930475
FR,2019,79,79.0,0.02979,-3.513582512256946,0.0302416826950356,-3.4985340845418063,-0.0150484277151399,0.5021670522179476,0.007477333167804083,0.0037548703553276644,-0.018803298070467565,0.030355449749485324,-3.4947792141864786
FR,2019,80,80.0,0.03429,-3.372901512507308,0.0342478914169268,-3.374130280638361,0.0012287681310536,0.5021670522179476,-0.002524594898999976,-0.0012677683784752848,0.002496536509528885,0.03420450053376544,-3.3753980490168365
FR,2019,81,81.0,0.03833,-3.261522399589673,0.0390507727830456,-3.2428926133136184,-0.0186297862760547,0.5021670522179476,-0.005256559113597071,-0.0026396707948844285,-0.01599011548117027,0.03894782752917836,-3.245532284108503
FR,2019,82,82.0,0.0427,-3.1535563587475584,0.0442042556683574,-3.118934212443772,-0.0346221463037865,0.5021670522179476,-0.006691477285007811,-0.0033602394231957273,-0.03126190688059077,0.04405596806623978,-3.1222944518669675
FR,2019,83,83.0,0.04909,-3.014099930912176,0.0505529830658742,-2.9847333230733395,-0.0293666078388366,0.5021670522179476,-0.006706696212817917,-0.003367881867312046,-0.025998725971524556,0.050383012971127177,-2.9881012049406515
FR,2019,84,84.0,0.05689,-2.866635700219581,0.0581593966891417,-2.8445678191060386,-0.0220678811135424,0.5021670522179476,-0.007415543682049697,-0.0037238417114083214,-0.018344039402134076,0.057943223049854324,-2.848291660817447
FR,2019,85,85.0,0.06549,-2.7258578197521746,0.0666884764179467,-2.707723108333681,-0.0181347114184933,0.5021670522179476,-0.007137747002112832,-0.0035843413715284933,-0.014550370046964807,0.0664498700317465,-2.711307449705209
FR,2022,20,20.0,0.00039,-7.849363818840582,0.0003752819547698,-7.887832935127402,0.0384691162868193,1.816053803360528,0.045301589958004616,0.08227012474151339,-0.04380100845469409,0.0004074620288399191,-7.805562810385888
FR,2022,21,21.0,0.00043,-7.751725349276666,0.0003957366390657,-7.834761620819882,0.0830362715432162,1.816053803360528,0.05264272235747465,0.09560201615654414,-0.012565744613327934,0.00043543736088235595,-7.739159604663338
FR,2022,22,22.0,0.00041,-7.799353398265921,0.0003966666048417,-7.832414416387901,0.0330610181219803,1.816053803360528,0.03402998624177507,0.06180028594268206,-0.028739267820701762,0.0004219540523914271,-7.770614130445219
FR,2022,23,23.0,0.00043,-7.751725349276666,0.0004143065008069,-7.788904517941998,0.0371791686653324,1.816053803360528,0.027366742709560465,0.04969947718328629,-0.012520308517953889,0.0004354175767583575,-7.739205040758712
FR,2022,24,24.0,0.00046,-7.684284068481133,0.0004221486634954,-7.770153022800762,0.0858689543196282,1.816053803360528,0.05338521608923528,0.09695042472207938,-0.01108147040245118,0.000465125824769128,-7.673202598078682
FR,2022,25,25.0,0.00045,-7.706262975199909,0.0004366633153441,-7.736348105250973,0.0300851300510638,1.816053803360528,0.024678232862403393,0.04481699864998445,-0.014731868598920651,0.000456678412836608,-7.691531106600989
FR,2022,26,26.0,0.00042,-7.77525584668686,0.0004609728412195,-7.682171429458925,-0.093084417227935,1.816053803360528,0.009663791121711372,0.01754996462146564,-0.11063438184940065,0.0004691343055017438,-7.664621464837459
FR,2022,27,27.0,0.00047,-7.66277786326017,0.0004527080468952,-7.700263128342837,0.0374852650826671,1.816053803360528,0.026671813654293827,0.048437448629403565,-0.010952183546736466,0.00047517581778350226,-7.651825679713434
FR,2022,28,28.0,0.0005,-7.600902459542082,0.0004893677145957,-7.622396378490599,0.0214939189485168,1.816053803360528,0.028679621376060945,0.052083735478935377,-0.030589816530418576,0.0005155312461729086,-7.570312643011664
FR,2022,29,29.0,0.0005,-7.600902459542082,0.0004998664867645,-7.601169521670891,0.0002670621288087,1.816053803360528,0.03581709355275066,0.06504576897179268,-0.06477870684298398,0.0005334614477612314,-7.5361237526990985
FR,2022,30,30.0,0.00053,-7.542633551418106,0.0005205747718203,-7.560577026393001,0.0179434749748947,1.816053803360528,0.025746336542969688,0.04675673240146025,-0.02881325742656555,0.0005454931587635354,-7.51382029399154
FR,2022,31,31.0,0.00055,-7.505592279737757,0.0005454427129746,-7.513912775667564,0.0083204959298068,1.816053803360528,0.06239361033811383,0.11331015335992638,-0.10498965743011958,0.0006108845175471536,-7.4006026223076375
FR,2022,32,32.0,0.0006,-7.418580902748128,0.0005829921166517,-7.447336893743393,0.0287559909952648,1.816053803360528,0.03451956395968329,0.06268938541932985,-0.03393339442406505,0.0006207094199516084,-7.384647508324063
FR,2022,33,33.0,0.00066,-7.323270722943802,0.0006201373536522,-7.385569566312376,0.0622988433685733,1.816053803360528,0.04577424572973048,0.08312849305343645,-0.020829649684863144,0.0006738917466308974,-7.302441073258939
FR,2022,34,34.0,0.00069,-7.278818960372969,0.0006686511898585,-7.3102480241532675,0.0314290637802985,1.816053803360528,0.03886606697491999,0.07058286875146846,-0.039153804971169964,0.0007175519882947232,-7.239665155401799
FR,2022,35,35.0,0.00071,-7.250245587928913,0.0007033042562022,-7.259720962909395,0.0094753749804814,1.816053803360528,0.04710416481397701,0.0855436976645441,-0.0760683226840627,0.0007661157689492396,-7.17417726524485
FR,2022,36,36.0,0.00079,-7.143477612503207,0.0007762879928268,-7.160986981854008,0.017509369350801,1.816053803360528,0.04421455719095332,0.08029601475053236,-0.06278664539973136,0.0008411917117243636,-7.080690967103476
FR,2022,37,37.0,0.00085,-7.070274208479912,0.0008603309689074,-7.058193395184698,-0.0120808132952143,1.816053803360528,0.03841065907222511,0.06975582349769897,-0.08183663679291328,0.0009224867256549992,-6.988437571686998
FR,2022,38,38.0,0.00101,-6.897804948128969,0.0009282151836446,-6.982246973130373,0.0844420250014037,1.816053803360528,0.04765541652473205,0.08654480043046979,-0.0021027754290660894,0.0010121260376898787,-6.895702172699903
FR,2022,39,39.0,0.0011,-6.812445099177812,0.0010139089355144,-6.893942185030989,0.0814970858531767,1.816053803360528,0.04678374039051625,0.08496178967162858,-0.0034647038184518753,0.0011038177841268073,-6.80898039535936
FR,2022,40,40.0,0.00109,-6.821577582741084,0.0010899740373726,-6.8216014019489615,2.3819207877195936e-05,1.816053803360528,0.03669488240350448,0.06663988075275162,-0.06661606154487443,0.0011650846645213078,-6.7549615211962095
FR,2022,41,41.0,0.0012,-6.725433722188183,0.0012043844089678,-6.721786706502061,-0.0036470156861216,1.816053803360528,0.022898045893743096,0.04158408333485607,-0.04523109902097767,0.0012555235486292238,-6.680202623167205
FR,2022,42,42.0,0.00134,-6.615085665019317,0.0013176474528142,-6.631907365166571,0.0168217001472541,1.816053803360528,0.012396163892489322,0.02251210058403568,-0.005690400436781581,0.00134764687283533,-6.609395264582535
FR,2022,43,43.0,0.00145,-6.536191722549654,0.0014600753779115,-6.529267215888055,-0.0069245066615994,1.816053803360528,0.013773155970123392,0.025012792283820348,-0.031937298945419745,0.0014970565127274645,-6.504254423604235
FR,2022,44,44.0,0.00149,-6.508979159024769,0.0016042958462835,-6.435070343725109,-0.07390881529966,1.816053803360528,0.00020078994947195483,0.00036464535141511183,-0.07427346065107511,0.0016048809519777804,-6.434705698373694
FR,2022,45,45.0,0.00167,-6.394931652553473,0.0017855935708857,-6.3280043863181765,-0.0669272662352966,1.816053803360528,0.0038192635919970072,0.006935988172282557,-0.07386325440757915,0.0017980214768549597,-6.321068398145894
FR,2022,46,46.0,0.00186,-6.287178791257027,0.0019709293192088,-6.229250111825502,-0.0579286794315248,1.816053803360528,-0.008293661601956345,-0.01506173569601799,-0.04286694373550681,0.0019414661430029207,-6.24431184752152
FR,2022,47,47.0,0.00204,-6.194805471126012,0.0021962221324546,-6.121016607237976,-0.0737888638880361,1.816053803360528,-0.011129693784406605,-0.020212122727409645,-0.053576741160626454,0.0021522774251360407,-6.141228729965386
FR,2022,48,48.0,0.00225,-6.0968250627658085,0.002426442578859,-6.021329053582395,-0.0754960091834133,1.816053803360528,-0.017094181787691547,-0.031043953850873506,-0.04445205533253979,0.002352273415928205,-6.0523730074332684
FR,2022,49,49.0,0.00236,-6.049093659944618,0.0026820737943555,-5.921164979827204,-0.1279286801174146,1.816053803360528,-0.024994619759029658,-0.04539157427693601,-0.08253710584047858,0.0025630519717493357,-5.96655655410414
FR,2022,50,50.0,0.00275,-5.896154367303657,0.0029737562372904,-5.817929398899794,-0.0782249684038625,1.816053803360528,-0.01547293484674551,-0.028099682177581832,-0.05012528622628067,0.0028913577396427422,-5.8460290810773765
FR,2022,51,51.0,0.00295,-5.825950108630408,0.0032592270019366,-5.726265227690313,-0.0996848809400949,1.816053803360528,-0.028729083331244746,-0.05217356105076857,-0.047511319889326324,0.003093541311654865,-5.778438788741082
FR,2022,52,52.0,0.00332,-5.70779049605374,0.0035565149986844,-5.638974146539802,-0.0688163495139377,1.816053803360528,-0.024412613982259898,-0.0443346204724555,-0.0244817290414822,0.0034022824389467,-5.6833087670122575
FR,2022,53,53.0,0.00366,-5.610292131568862,0.0038989827880515,-5.5470395834434445,-0.0632525481254173,1.816053803360528,-0.021175008558886182,-0.038454954829556985,-0.024797593295860308,0.0037518938557899086,-5.585494538273002
FR,2022,54,54.0,0.00397,-5.528989184283038,0.004249408455758,-5.460975492613662,-0.0680136916693756,1.816053803360528,-0.024645281212574734,-0.044757156680986114,-0.023256534988389484,0.00406341043525579,-5.505732649294648
FR,2022,55,55.0,0.00423,-5.46555328592395,0.0046405059132475,-5.372931885660145,-0.0926214002638055,1.816053803360528,-0.02487055607892221,-0.04516626795881798,-0.04745513230498752,0.004435574412278386,-5.4180981536189625
FR,2022,56,56.0,0.00463,-5.3751984108839945,0.0050401956410372,-5.290310379986125,-0.0848880308978694,1.816053803360528,-0.022359852064113252,-0.04060669438361163,-0.044281336514257766,0.004839629676165935,-5.3309170743697365
FR,2022,57,57.0,0.00513,-5.272649619799459,0.0054419217979503,-5.213623008817989,-0.0590266109814701,1.816053803360528,-0.015889845334695733,-0.028856814054884727,-0.030169796926585373,0.005287129421295442,-5.242479822872874
FR,2022,58,58.0,0.00551,-5.201190655817314,0.0058480894581753,-5.141640259426048,-0.0595503963912662,1.816053803360528,-0.011123722682077824,-0.020201278884315204,-0.039349117506951,0.005731135855550784,-5.161841538310363
FR,2022,59,59.0,0.00584,-5.1430244821420015,0.0063008567053525,-5.0670696698531685,-0.0759548122888329,1.816053803360528,-0.0087211592600493,-0.01583809444392542,-0.06011671784490748,0.006201849256062086,-5.082907764297094
FR,2022,60,60.0,0.00667,-5.010135419054604,0.0068039605946405,-4.990250395964328,-0.0198850230902767,1.816053803360528,0.0019405719661795074,0.0035241830998751123,-0.023409206190151813,0.006827981299400139,-4.986726212864452
FR,2022,61,61.0,0.00715,-4.940642922276221,0.0073198051364678,-4.917171572064361,-0.0234713502118601,1.816053803360528,0.008849191603843589,0.016070608068826202,-0.0395419582806863,0.0074383891625002425,-4.9011009639955345
FR,2022,62,62.0,0.00797,-4.832070786180013,0.0078619851750853,-4.845716137625898,0.0136453514458843,1.816053803360528,0.015632376070299388,0.02838923601802931,-0.014743884572145009,0.008088379300960234,-4.817326901607869
FR,2022,63,63.0,0.00855,-4.761823996033468,0.0084101314488415,-4.778318175055039,0.0164941790215715,1.816053803360528,0.01736909945763264,0.031543219130981036,-0.015049040109409537,0.008679642342637713,-4.746774955924058
FR,2022,64,64.0,0.00929,-4.6788167261563895,0.0088959874153738,-4.722154956113641,0.0433382299572517,1.816053803360528,0.020654593080320853,0.03750985232038073,0.005828377636870968,0.009236011856229659,-4.684645103793261
FR,2022,65,65.0,0.00991,-4.61421093064024,0.0095419122883524,-4.652061364096424,0.0378504334561835,1.816053803360528,0.0240960320506049,0.04375969065139821,-0.005909257195214707,0.009968734105359103,-4.608301673445026
FR,2022,66,66.0,0.01112,-4.499009990159701,0.0101214060430269,-4.593102687715678,0.0940926975559772,1.816053803360528,0.031322469266425755,0.05688328944193574,0.037209408114041456,0.010713834826209714,-4.536219398273743
FR,2022,67,67.0,0.01159,-4.457612621630477,0.0107765035123043,-4.530387115621906,0.0727744939914289,1.816053803360528,0.03178767384851735,0.05772812599258392,0.015046367998844984,0.011416917988086086,-4.472658989629322
FR,2022,68,68.0,0.01222,-4.404681325238688,0.0116136066666683,-4.4555778797774455,0.0508965545387578,1.816053803360528,0.026589249123508546,0.04828750699924828,0.0026090475395095167,0.0121881589944779,-4.407290372778197
FR,2022,69,69.0,0.01329,-4.320743406256983,0.0124302850003072,-4.387619445298614,0.0668760390416309,1.816053803360528,0.02957048087981278,0.053701584268983776,0.013174454772647129,0.013116059795588199,-4.33391786102963
FR,2022,70,70.0,0.01426,-4.250296863995987,0.0134163399880075,-4.311281912802043,0.0609850488060557,1.816053803360528,0.0280470861253989,0.05093501743121096,0.01005003137484474,0.014117404298447643,-4.260346895370832
FR,2022,71,71.0,0.01546,-4.169499235822861,0.0144637829489997,-4.236107481736415,0.0666082459135539,1.816053803360528,0.02812118002101814,0.05106957593215609,0.015538669981397808,0.01522162894289262,-4.185037905804259
FR,2022,72,72.0,0.01642,-4.109255174957855,0.0156891339588587,-4.15478691077407,0.0455317358162155,1.816053803360528,0.02543880087989731,0.04619823109086865,-0.0006664952746531505,0.016430947500233144,-4.108588679683201
FR,2022,73,73.0,0.01795,-4.0201651640478495,0.0170879155223902,-4.069383759896922,0.049218595849072,1.816053803360528,0.02052601459156696,0.03727634686684887,0.011942248982223125,0.017736911540988023,-4.032107413030073
FR,2022,74,74.0,0.01958,-3.933246641879773,0.018606430780113,-3.984248017151292,0.051001375271519,1.816053803360528,0.022004981864577278,0.03996223100804501,0.011039144263473993,0.019365042213270674,-3.9442857861432468
FR,2022,75,75.0,0.02108,-3.859430555308976,0.0204642622017127,-3.889075221399708,0.0296446660907325,1.816053803360528,0.017086695438732383,0.03103035823837293,-0.0013856921476404285,0.021109230638127877,-3.858044863161335
FR,2022,76,76.0,0.0236,-3.7465085669505727,0.0226927383872286,-3.785710300507789,0.0392017335572161,1.816053803360528,0.016597268785099765,0.0301415331025774,0.009060200454638703,0.023387144979900104,-3.755568767405211
FR,2022,77,77.0,0.02644,-3.632877263998652,0.0250985740544034,-3.684944245039715,0.0520669810410634,1.816053803360528,0.017438723025429953,0.03166965927608288,0.02039732176498052,0.02590615779678766,-3.653274585763632
FR,2022,78,78.0,0.02881,-3.5470327298857,0.0280114189420688,-3.5751430325830427,0.0281103026973426,1.816053803360528,0.013434794125306154,0.024398308968627918,0.0037119937287146826,0.0287032557003294,-3.550744723614415
FR,2022,79,79.0,0.03193,-3.4442092722554465,0.0315216233279193,-3.457081513798331,0.0128722415428845,1.816053803360528,0.007477333167804083,0.01357923933838443,-0.000706997795499929,0.031952582421530776,-3.443502274459947
FR,2022,80,80.0,0.03588,-3.3275752417915414,0.0357483648918625,-3.33125074817866,0.0036755063871183,1.816053803360528,-0.002524594898999976,-0.004584800168273494,0.008260306555391794,0.03558484093127657,-3.3358355483469335
FR,2022,81,81.0,0.04071,-3.2012815164672497,0.040663842993065,-3.202415959924444,0.001134443457194,1.816053803360528,-0.005256559113597071,-0.009546194170837406,0.010680637628031406,0.04027750501470416,-3.2119621540952816
FR,2022,82,82.0,0.04534,-3.093565633902754,0.0459726976930681,-3.0797075871123174,-0.0138580467904367,1.816053803360528,-0.006691477285007811,-0.012152082773539016,-0.0017059640168976837,0.04541741442286101,-3.0918596698858565
FR,2022,83,83.0,0.0515,-2.966173471312447,0.0524712820321529,-2.947489267959887,-0.0186842033525596,1.816053803360528,-0.006706696212817917,-0.012179721165271627,-0.006504482187287972,0.05183607263699848,-2.959668989125159
FR,2022,84,84.0,0.05911,-2.828355164145859,0.0601452273596055,-2.8109931853519488,-0.0173619787939101,1.816053803360528,-0.007415543682049697,-0.013467026307772486,-0.0038949524861376147,0.05934067959285248,-2.824460211659721
FR,2022,85,85.0,0.06705,-2.7023166692544494,0.068805369144647,-2.6764734971946678,-0.025843172059782,1.816053803360528,-0.007137747002112832,-0.012962532590612216,-0.012880639469169784,0.06791923299693134,-2.68943602978528
FR,2023,20,20.0,0.0004,-7.824046010856292,0.0003248860749129,-8.032035975817035,0.2079899649607428,1.2804454955660556,0.045301589958004616,0.05800621680370747,0.14998374815703533,0.0003442887858518383,-7.974029759013328
FR,2023,21,21.0,0.00038,-7.875339305243843,0.0003488010333851,-7.961008903247031,0.0856695980031876,1.2804454955660556,0.05264272235747465,0.0674061367169629,0.018263461286224705,0.0003731228759126347,-7.893602766530067
FR,2023,22,22.0,0.00042,-7.77525584668686,0.0003483681707123,-7.962250675619987,0.1869948289331269,1.2804454955660556,0.03402998624177507,0.04357354259745573,0.1434212863356712,0.0003638833775454258,-7.9186771330225305
FR,2023,23,23.0,0.00039,-7.849363818840582,0.0003648482652647,-7.916029002417341,0.0666651835767586,1.2804454955660556,0.027366742709560465,0.03504162243077189,0.03162356114598671,0.00037785978134477407,-7.8809873799865695
FR,2023,24,24.0,0.00043,-7.751725349276666,0.0003739132255617,-7.891486804684501,0.139761455407835,1.2804454955660556,0.05338521608923528,0.06835685947128183,0.07140459593655317,0.00040036659414374303,-7.823129945213219
FR,2023,25,25.0,0.00042,-7.77525584668686,0.0003894493100593,-7.8507768421767485,0.0755209954898887,1.2804454955660556,0.024678232862403393,0.03159913210719463,0.043921863382694076,0.0004019520680866058,-7.819177710069554
FR,2023,26,26.0,0.00042,-7.77525584668686,0.0004138746039501,-7.789947519028401,0.0146916723415415,1.2804454955660556,0.009663791121711372,0.012373957811886565,0.0023177145296549347,0.0004190276871046635,-7.777573561216514
FR,2023,27,27.0,0.00045,-7.706262975199909,0.0004029687021585,-7.816651661170961,0.1103886859710518,1.2804454955660556,0.026671813654293827,0.034151803652217746,0.07623688231883405,0.0004169685087848309,-7.782499857518743
FR,2023,28,28.0,0.00048,-7.641724454062337,0.0004400449990972,-7.72863356560577,0.0869091115434335,1.2804454955660556,0.028679621376060945,0.0367226920055172,0.050186419537916305,0.0004565050143737275,-7.691910873600253
FR,2023,29,29.0,0.00046,-7.684284068481133,0.0004514437385633,-7.7030598029196,0.0187757344384662,1.2804454955660556,0.03581709355275066,0.04586183610388759,-0.02708610166542139,0.00047262988173928105,-7.657197966815712
FR,2023,30,30.0,0.0005,-7.600902459542082,0.0004713279830161,-7.659956351691273,0.0590538921491905,1.2804454955660556,0.025746336542969688,0.032966780653773266,0.02608711149541723,0.0004871251087593888,-7.626989571037499
FR,2023,31,31.0,0.00057,-7.469874197135678,0.0004926465608457,-7.615718556148207,0.1458443590125284,1.2804454955660556,0.06239361033811383,0.07989161730954153,0.06595274170298687,0.0005336198100138266,-7.535826938838666
FR,2023,32,32.0,0.00057,-7.469874197135678,0.0005281512723082,-7.546127814707681,0.0762536175720027,1.2804454955660556,0.03451956395968329,0.04420042018108082,0.032053197390921884,0.0005520193850130108,-7.5019273945266
FR,2023,33,33.0,0.00063,-7.369790738578696,0.0005625555968993,-7.483020589837749,0.113229851259053,1.2804454955660556,0.04577424572973048,0.05861142675756715,0.054618424501485845,0.0005965132146173348,-7.424409163080182
FR,2023,34,34.0,0.00065,-7.338538195074591,0.0006091042374537,-7.403521143236273,0.0649829481616821,1.2804454955660556,0.03886606697491999,0.04976588038840493,0.015217067773277165,0.0006401837823905442,-7.353755262847868
FR,2023,35,35.0,0.0007,-7.264430222920869,0.0006312654531366,-7.367784097457898,0.1033538745370288,1.2804454955660556,0.04710416481397701,0.06031431565845795,0.04303955887857085,0.0006705114478413256,-7.3074697817994405
FR,2023,36,36.0,0.00076,-7.182192124683898,0.0006962729809014,-7.269768760586757,0.0875766359028595,1.2804454955660556,0.04421455719095332,0.05661433059360393,0.030962305309255568,0.0007368292095634954,-7.213154429993153
FR,2023,37,37.0,0.00089,-7.024289095238089,0.0007748066569101,-7.162897034689615,0.1386079394515258,1.2804454955660556,0.03841065907222511,0.049182755390754083,0.08942518406077171,0.0008138664438653139,-7.11371427929886
FR,2023,38,38.0,0.00096,-6.9485772735023925,0.0008332049294549,-7.090230932302392,0.1416536587999992,1.2804454955660556,0.04765541652473205,0.061020163428417325,0.08063349537158188,0.0008856304719796972,-7.029210768873974
FR,2023,39,39.0,0.00104,-6.868534565828856,0.0009097977265454,-7.002288261682422,0.1337536958535654,1.2804454955660556,0.04678374039051625,0.059904029648768266,0.07384966620479713,0.0009659637676791976,-6.942384232033653
FR,2023,40,40.0,0.00113,-6.785537646257888,0.0009781356145428,-6.929862232365846,0.1443245861079578,1.2804454955660556,0.03669488240350448,0.04698579688389343,0.09733878922406436,0.0010251909044581623,-6.882876435481952
FR,2023,41,41.0,0.00121,-6.717134919373487,0.0010797940445773,-6.830984955496866,0.1138500361233783,1.2804454955660556,0.022898045893743096,0.029319699721908163,0.08453033640147013,0.0011119219707830027,-6.8016652557749575
FR,2023,42,42.0,0.00124,-6.692643899365192,0.0011829423589642,-6.739750419632566,0.0471065202673743,1.2804454955660556,0.012396163892489322,0.015872612218436534,0.031233908048937768,0.001201868551004961,-6.723877807414129
FR,2023,43,43.0,0.00131,-6.6377281417690766,0.0013149902352826,-6.633926039020523,-0.0038021027485539,1.2804454955660556,0.013773155970123392,0.017635775521673225,-0.021437878270227126,0.0013383868098556931,-6.61629026349885
FR,2023,44,44.0,0.00147,-6.522492878191493,0.0014400007767266,-6.543111626000861,0.020618747809368,1.2804454955660556,0.00020078994947195483,0.00025710058635630044,0.0203616472230117,0.0014403710493673255,-6.542854525414504
FR,2023,45,45.0,0.00165,-6.406979991069647,0.0016109595294416,-6.430925296492252,0.0239453054226048,1.2804454955660556,0.0038192635919970072,0.004890358862752002,0.019054946559852796,0.0016188569946340707,-6.426034937629501
FR,2023,46,46.0,0.0017,-6.377127027919967,0.0017816121736085,-6.330236609080512,-0.0468904188394541,1.2804454955660556,-0.008293661601956345,-0.010619581639974158,-0.03627083719947994,0.0017627923041184544,-6.340856190720486
FR,2023,47,47.0,0.0019,-6.265901392809743,0.0019955247026892,-6.216848254354304,-0.049053138455438,1.2804454955660556,-0.011129693784406605,-0.014250966273272964,-0.03480217218216504,0.0019672882238846185,-6.231099220627577
FR,2023,48,48.0,0.00213,-6.151633299260803,0.0022137272111098,-6.113077663167591,-0.0385556360932124,1.2804454955660556,-0.017094181787691547,-0.021888168070436944,-0.016667468022775456,0.002165799219298475,-6.134965831238028
FR,2023,49,49.0,0.00237,-6.044865323835097,0.0024564155633412,-6.009052079695676,-0.0358132441394207,1.2804454955660556,-0.024994619759029658,-0.03200424828383586,-0.0038089958555848416,0.002379044534539847,-6.041056327979512
FR,2023,50,50.0,0.00265,-5.933195638984007,0.002734053539558,-5.901969958005238,-0.0312256809787685,1.2804454955660556,-0.01547293484674551,-0.019812249727702343,-0.011413431251066156,0.002680418854354577,-5.9217822077329405
FR,2023,51,51.0,0.00277,-5.88890795878289,0.0030087233180448,-5.806239437026012,-0.0826685217568776,1.2804454955660556,-0.028729083331244746,-0.036786025343234184,-0.04588249641364341,0.002900055331427189,-5.843025462369247
FR,2023,52,52.0,0.00319,-5.747734362185384,0.0033052701759148,-5.712237061390342,-0.0354973007950425,1.2804454955660556,-0.024412613982259898,-0.031259021608577596,-0.004238279186464904,0.0032035488021264157,-5.743496082998919
FR,2023,53,53.0,0.00351,-5.652139241504362,0.0036388773893745,-5.6160800544139775,-0.0360591870903848,1.2804454955660556,-0.021175008558886182,-0.027113444327798487,-0.008945742762586317,0.003541540423013763,-5.643193498741776
FR,2023,54,54.0,0.00371,-5.596723402362794,0.0039842320556342,-5.525410694059917,-0.0713127083028766,1.2804454955660556,-0.024645281212574734,-0.03155693931560005,-0.03975576898727655,0.0038604650118289354,-5.556967633375517
FR,2023,55,55.0,0.00425,-5.4608362960458114,0.0043734864800869,-5.432194766434863,-0.0286415296109483,1.2804454955660556,-0.02487055607892221,-0.031845391503478926,0.0032038618925306246,0.004236405376234019,-5.464040157938342
FR,2023,56,56.0,0.00447,-5.410366870356659,0.0047853640180648,-5.342193182140069,-0.0681736882165902,1.2804454955660556,-0.022359852064113252,-0.028630571857017183,-0.03954311635957301,0.004650299029658408,-5.370823753997087
FR,2023,57,57.0,0.00477,-5.345408974081887,0.005161492653431,-5.266529467399544,-0.0788795066823428,1.2804454955660556,-0.015889845334695733,-0.020346080884052455,-0.05853342579829034,0.005057537631170615,-5.2868755482835965
FR,2023,58,58.0,0.00522,-5.2552578770875895,0.0055636975231483,-5.1914923695998985,-0.063765507487691,1.2804454955660556,-0.011123722682077824,-0.014243320602192511,-0.04952218688549849,0.0054850136853819694,-5.205735690202091
FR,2023,59,59.0,0.00565,-5.176099733823787,0.0060087884959984,-5.114532132119918,-0.0615676017038691,1.2804454955660556,-0.0087211592600493,-0.01116696909064432,-0.05040063261322478,0.005942061801465934,-5.125699101210563
FR,2023,60,60.0,0.0061,-5.099466507802871,0.0064930401060692,-5.037024428658406,-0.062442079144465,1.2804454955660556,0.0019405719661795074,0.002484796632916314,-0.06492687577738132,0.006509194051585429,-5.03453963202549
FR,2023,61,61.0,0.00685,-4.983506626708003,0.0070140529116133,-4.959839583578122,-0.0236670431298806,1.2804454955660556,0.008849191603843589,0.011330907528542482,-0.03499795065842308,0.007093980467273404,-4.94850867604958
FR,2023,62,62.0,0.00759,-4.880923687574598,0.0075562950158247,-4.885374286189666,0.004450598615068,1.2804454955660556,0.015632376070299388,0.020016405524209448,-0.015565806909141448,0.00770906877105888,-4.8653578806654565
FR,2023,63,63.0,0.00809,-4.817126547911736,0.0080926578176504,-4.816798070636342,-0.0003284772753948,1.2804454955660556,0.01736909945763264,0.02224018516256453,-0.022568662437959332,0.00827465636496455,-4.794557885473777
FR,2023,64,64.0,0.00866,-4.7490405564077935,0.0085448208627581,-4.762429926618166,0.0133893702103726,1.2804454955660556,0.020654593080320853,0.02644708067244666,-0.013057710462074058,0.00877382127800574,-4.73598284594572
FR,2023,65,65.0,0.00952,-4.654360430178863,0.0091476626394649,-4.694256881566228,0.0398964513873654,1.2804454955660556,0.0240960320506049,0.030853655700212347,0.009042795687153056,0.009434300649899283,-4.663403225866016
FR,2023,66,66.0,0.01009,-4.596210444616619,0.0097024504203435,-4.635376804722052,0.0391663601054323,1.2804454955660556,0.031322469266425755,0.04010671468220107,-0.000940354576768769,0.010099492640203928,-4.59527009003985
FR,2023,67,67.0,0.01111,-4.499909675330598,0.0103045788216267,-4.575166936738746,0.0752572614081481,1.2804454955660556,0.03178767384851735,0.04070238379385694,0.034554877614291164,0.010732652455393883,-4.53446455294489
FR,2023,68,68.0,0.0119,-4.431216878864653,0.0110580185260227,-4.504599455717581,0.0733825768529277,1.2804454955660556,0.026589249123508546,0.03404608427068021,0.039336492582247494,0.011440982985145424,-4.470553371446901
FR,2023,69,69.0,0.01285,-4.354411467640908,0.0118175629607843,-4.438168467552718,0.0837569999118104,1.2804454955660556,0.02957048087981278,0.037863389044278446,0.04589361086753196,0.012273594921808895,-4.40030507850844
FR,2023,70,70.0,0.01384,-4.280192328792613,0.0127207732746345,-4.364518930886907,0.0843266020942934,1.2804454955660556,0.0280470861253989,0.03591276509302024,0.04841383700127317,0.013185913664909971,-4.328606165793886
FR,2023,71,71.0,0.01456,-4.229477236213597,0.013674854293821,-4.292196585661674,0.0627193494480771,1.2804454955660556,0.02812118002101814,0.03600763828791483,0.026711711160162264,0.01417622593528281,-4.25618894737376
FR,2023,72,72.0,0.0159,-4.141436169755951,0.0147520491751922,-4.2163732787141095,0.0749371089581583,1.2804454955660556,0.02543880087989731,0.03257299799926632,0.04236411095889198,0.015240479275190103,-4.183800280714843
FR,2023,73,73.0,0.01686,-4.082811326408428,0.0160554458824093,-4.131707179642598,0.0488958532341703,1.2804454955660556,0.02052601459156696,0.026282442925695045,0.022613410308475253,0.01648301640909865,-4.105424736716903
FR,2023,74,74.0,0.01808,-4.012948924018107,0.0174235789746354,-4.049930876614499,0.0369819525963919,1.2804454955660556,0.022004981864577278,0.028176179908510717,0.008805772687881182,0.017921490553137524,-4.0217546967059885
FR,2023,75,75.0,0.02009,-3.907533100155294,0.0191257672767737,-3.956718781027291,0.0491856808719965,1.2804454955660556,0.017086695438732383,0.021878582208633948,0.02730709866336255,0.019548823002894317,-3.934840198818657
FR,2023,76,76.0,0.02241,-3.798247991169301,0.0211788227422626,-3.854753523816269,0.0565055326469678,1.2804454955660556,0.016597268785099765,0.021251898054580092,0.035253634592387714,0.021633729620224786,-3.833501625761689
FR,2023,77,77.0,0.02417,-3.722643084266745,0.0233917509201239,-3.755371843550975,0.0327287592842298,1.2804454955660556,0.017438723025429953,0.02232933434633584,0.010399424937893961,0.023919948349481766,-3.733042509204639
FR,2023,78,78.0,0.02745,-3.5953891110265976,0.0261201542222219,-3.645048070218369,0.0496589591917708,1.2804454955660556,0.013434794125306154,0.01720252162160557,0.03245643757016523,0.026573373823388403,-3.6278455485967633
FR,2023,79,79.0,0.03055,-3.4883905933645325,0.029425216775547,-3.525903258809507,0.0375126654449746,1.2804454955660556,0.007477333167804083,0.009574317573561404,0.027938347871413194,0.029708296129011904,-3.5163289412359457
FR,2023,80,80.0,0.03318,-3.4058079942198387,0.0332918848358404,-3.402441610318484,-0.0033663839013549,1.2804454955660556,-0.002524594898999976,-0.0032326061665535603,-0.00013377773480133985,0.03318443904215659,-3.4056742164850373
FR,2023,81,81.0,0.03727,-3.2895665654909703,0.0380209697682747,-3.269617435454017,-0.0199491300369532,1.2804454955660556,-0.005256559113597071,-0.006730737439182067,-0.013218392597771134,0.03776591990329158,-3.2763481728931994
FR,2023,82,82.0,0.04287,-3.149582998372251,0.0430740866671941,-3.144833700108222,-0.0047492982640293,1.2804454955660556,-0.006691477285007811,-0.008568071948270832,0.0038187736842415316,0.0427066013619367,-3.1534017720564926
FR,2023,83,83.0,0.04845,-3.0272229406453617,0.0493250204104526,-3.0093238132782534,-0.0178991273671083,1.2804454955660556,-0.006706696212817917,-0.008587558955832625,-0.009311568411275674,0.04890325246022709,-3.017911372234086
FR,2023,84,84.0,0.05566,-2.888493522884392,0.0568843190486366,-2.8667355637285974,-0.0217579591557948,1.2804454955660556,-0.007415543682049697,-0.009495199504853858,-0.012262759650940943,0.056346747304945835,-2.876230763233451
FR,2023,85,85.0,0.0631,-2.763034509434969,0.0653266146723059,-2.728355750356158,-0.0346787590788109,1.2804454955660556,-0.007137747002112832,-0.009139495997345494,-0.025539263081465403,0.0647322824246487,-2.737495246353504
FR,2024,20,20.0,0.0003096107544641,-8.080194680210855,0.0002796048003206,-8.182133379223066,0.1019386990122104,0.2024904633266138,0.045301589958004616,0.00917313994002863,0.09276555907218176,0.0002821814542173119,-8.172960239283038
FR,2024,21,21.0,0.0003332390050787,-8.00665059246189,0.0003058497471851,-8.092416598873694,0.0857660064118039,0.2024904633266138,0.05264272235747465,0.010659649240939333,0.07510635717086457,0.00030912743668430587,-8.081756949632755
FR,2024,22,22.0,0.0003342767969496,-8.00354117481544,0.0003043311777419,-8.097394049057113,0.0938528742416728,0.2024904633266138,0.03402998624177507,0.006890747681095327,0.08696212656057747,0.0003064354889114663,-8.090503301376017
FR,2024,23,23.0,0.0003453339860151,-7.970998533809626,0.0003196289532235,-8.048349756111758,0.0773512223021324,0.2024904633266138,0.027366742709560465,0.005541504410999129,0.07180971789113327,0.00032140509518176387,-8.042808251700759
FR,2024,24,24.0,0.0003645380445299,-7.91687963739458,0.0003295507619843,-8.017780158271822,0.100900520877242,0.2024904633266138,0.05338521608923528,0.010809997140700649,0.09009052373654135,0.0003331325293473711,-8.006970161131122
FR,2024,25,25.0,0.0003779721830874,-7.880689954768416,0.0003457194658711,-7.969882904056242,0.0891929492878258,0.2024904633266138,0.024678232862403393,0.0049971068063901294,0.08419584248143566,0.00034745138665976424,-7.964885797249852
FR,2024,26,26.0,0.0003962680493123,-7.833419683495215,0.0003699550657333,-7.902129003664717,0.0687093201695017,0.2024904633266138,0.009663791121711372,0.0019568255417269525,0.06675249462777474,0.0003706797120272691,-7.90017217812299
FR,2024,27,27.0,0.0003929785584677,-7.841755506189749,0.0003569918425404,-7.937797626472333,0.0960421202825845,0.2024904633266138,0.026671813654293827,0.005400787904619062,0.09064133237796544,0.0003589250956114599,-7.932396838567715
FR,2024,28,28.0,0.0004379062674588,-7.733505671724976,0.000393978883818,-7.839213244473069,0.1057075727480931,0.2024904633266138,0.028679621376060945,0.005807349820470438,0.09990022292762266,0.0003962735134277376,-7.833405894652599
FR,2024,29,29.0,0.0004480029566329,-7.7107107259440575,0.000406017257044,-7.809114894231143,0.0984041682870859,0.2024904633266138,0.03581709355275066,0.007252619868509153,0.09115154841857674,0.00040897265008605293,-7.801862274362634
FR,2024,30,30.0,0.0004596947749809,-7.684947821366567,0.0004250100039447,-7.763397850623452,0.078450029256885,0.2024904633266138,0.025746336542969688,0.00521338761554886,0.07323664164133614,0.00042723153164661554,-7.758184463007903
FR,2024,31,31.0,0.0004876148592275,-7.625984686605942,0.0004431130216034,-7.721685692685622,0.0957010060796799,0.2024904633266138,0.06239361033811383,0.01263411106598487,0.08306689501369503,0.0004487468751591692,-7.7090515816196366
FR,2024,32,32.0,0.0005186311448338,-7.56431763106367,0.0004765409697302,-7.648956858019914,0.0846392269562441,0.2024904633266138,0.03451956395968329,0.006989882500028948,0.07764934445621514,0.0004798836038152337,-7.641966975519885
FR,2024,33,33.0,0.0005490048381337,-7.507403303863884,0.0005082917486793,-7.584454966813893,0.0770516629500086,0.2024904633266138,0.04577424572973048,0.009268848226239398,0.06778281472376921,0.0005130249294333094,-7.575186118587654
FR,2024,34,34.0,0.0005904011530444,-7.434708331691436,0.0005527488370917,-7.500606842088302,0.0658985103968659,0.2024904633266138,0.03886606697491999,0.007870007909434752,0.05802850248743115,0.0005571161376149628,-7.492736834178867
FR,2024,35,35.0,0.0006125116288738,-7.397942629809214,0.0005641082681055,-7.480264360163017,0.0823217303538026,0.2024904633266138,0.04710416481397701,0.009538144157795383,0.07278358619600721,0.0005695145560774181,-7.470726216005222
FR,2024,36,36.0,0.000672181070411,-7.304982803719891,0.0006217347255978,-7.382997042373249,0.0780142386533579,0.2024904633266138,0.04421455719095332,0.008953026171377202,0.06906121248198069,0.0006273261254936484,-7.374044016201872
FR,2024,37,37.0,0.0007656303756851,-7.174811042952844,0.0006948041980524,-7.271880481513554,0.0970694385607098,0.2024904633266138,0.03841065907222511,0.007777792152215464,0.08929164640849434,0.0007002293110431531,-7.264102689361338
FR,2024,38,38.0,0.0008166528641166,-7.11029644431815,0.0007446257734518,-7.202628783302687,0.0923323389845363,0.2024904633266138,0.04765541652473205,0.00964976737211576,0.08268257161242054,0.0007518460197657865,-7.192979015930572
FR,2024,39,39.0,0.0008947272248574,-7.018991662838917,0.0008127694793369,-7.115063031873379,0.0960713690344619,0.2024904633266138,0.04678374039051625,0.00947326126782765,0.08659810776663425,0.0008205056424572489,-7.105589770605551
FR,2024,40,40.0,0.0009353052575206,-6.974637603326481,0.0008738967958391,-7.042548271844922,0.0679106685184409,0.2024904633266138,0.03669488240350448,0.00743036373960123,0.060480304778839665,0.0008804143508188925,-7.03511790810532
FR,2024,41,41.0,0.0010253935324666,-6.882678805961852,0.0009637807461741,-6.944646730950562,0.0619679249887097,0.2024904633266138,0.022898045893743096,0.004636635922298106,0.05733128906641159,0.0009682598225017898,-6.9400100950282635
FR,2024,42,42.0,0.0011033826435159,-6.809374687251565,0.0010573372005292,-6.852001606385,0.0426269191334354,0.2024904633266138,0.012396163892489322,0.002510104970062803,0.0401168141633726,0.0010599945616237682,-6.849491501414938
FR,2024,43,43.0,0.0012260886529962,-6.703926133318793,0.0011792662716594,-6.742862837583076,0.0389367042642829,0.2024904633266138,0.013773155970123392,0.0027889327338600028,0.036147771530422895,0.0011825597564854733,-6.740073904849217
FR,2024,44,44.0,0.0013252587746341,-6.626147537002187,0.0012868355411185,-6.655569143211967,0.0294216062097794,0.2024904633266138,0.00020078994947195483,4.065804989990351e-05,0.0293809481598795,0.0012868878624058403,-6.655528485162066
FR,2024,45,45.0,0.001483811530819,-6.513141143098054,0.0014473034491818,-6.538053144139813,0.0249120010417582,0.2024904633266138,0.0038192635919970072,0.0007733644543099412,0.024138636587448258,0.0014484231751463491,-6.537279779685503
FR,2024,46,46.0,0.0016115997597691,-6.430527953710694,0.0016038456957376,-6.435350973830081,0.004823020119387,0.2024904633266138,-0.008293661601956345,-0.0016793873804542864,0.006502407499841286,0.001601154477947182,-6.437030361210535
FR,2024,47,47.0,0.0018120121109775,-6.313317387621269,0.0018060790355201,-6.316597062198396,0.0032796745771266,0.2024904633266138,-0.011129693784406605,-0.002253656851087827,0.005533331428214427,0.0018020133361945554,-6.318850719049483
FR,2024,48,48.0,0.0020066984423385,-6.211264473402482,0.0020120995747727,-6.208576537525524,-0.0026879358769571,0.2024904633266138,-0.017094181787691547,-0.003461408790379025,0.0007734729134219248,0.0020051469155572665,-6.2120379463159034
FR,2024,49,49.0,0.0022324898326444,-6.10463779947062,0.0022416757201794,-6.100531603428718,-0.0041061960419019,0.2024904633266138,-0.024994619759029658,-0.005061172135678451,0.0009549760937765514,0.002230358875892952,-6.105592775564396
FR,2024,50,50.0,0.0025046279633661,-5.989615073093466,0.0025050521859953,-5.989445711929648,-0.0001693611638184,0.2024904633266138,-0.01547293484674551,-0.003133121746140006,0.002963760582321606,0.002497215835047366,-5.992578833675788
FR,2024,51,51.0,0.0027395578667792,-5.899958734091828,0.0027684086253825,-5.889482627345242,-0.0104761067465863,0.2024904633266138,-0.028729083331244746,-0.005817365394692646,-0.004658741351893654,0.0027523505340254968,-5.895299992739934
FR,2024,52,52.0,0.0030689240517557,-5.78642825055342,0.0030625890373596,-5.788494630110344,0.0020663795569237,0.2024904633266138,-0.024412613982259898,-0.004943321516281577,0.007009701073205277,0.003047487032860907,-5.793437951626626
FR,2024,53,53.0,0.0033934633279338,-5.685904248440279,0.0033865533523781,-5.687942585003121,0.0020383365628422,0.2024904633266138,-0.021175008558886182,-0.004287737294033876,0.006326073856876076,0.003372063787194314,-5.692230322297155
FR,2024,54,54.0,0.003745835487121,-5.5871105928704266,0.0037257775424405,-5.592479712707335,0.0053691198369083,0.2024904633266138,-0.024645281212574734,-0.004990434411548948,0.010359554248457248,0.003707230611096916,-5.597470147118884
FR,2024,55,55.0,0.0041240475750413,-5.490920176753979,0.0041118589908396,-5.493880043528232,0.0029598667742538,0.2024904633266138,-0.02487055607892221,-0.00503605042361149,0.00799591719786529,0.004091203516287713,-5.498916093951843
FR,2024,56,56.0,0.0045288104971557,-5.397295957377592,0.0045337914872406,-5.396196716652887,-0.001099240724705,0.2024904633266138,-0.022359852064113252,-0.004527656804376835,0.0034284160796718348,0.004513310435937378,-5.400724373457264
FR,2024,57,57.0,0.0049250508140324,-5.3134206868412805,0.0048849389024203,-5.32159850074671,0.0081778139054291,0.2024904633266138,-0.015889845334695733,-0.0032175421440107715,0.011395356049439871,0.004869246664387381,-5.3248160428907205
FR,2024,58,58.0,0.0054081947946721,-5.219839921165298,0.005282360553187,-5.243382206704728,0.0235422855394302,0.2024904633266138,-0.011123722682077824,-0.0022524477598107016,0.025794733299240903,0.005270475702020578,-5.245634654464539
FR,2024,59,59.0,0.0058231011995307,-5.145922307001047,0.0057191525314276,-5.163934643408351,0.0180123364073043,0.2024904633266138,-0.0087211592600493,-0.0017659515793125712,0.019778287986616874,0.005709061697566895,-5.165700594987664
FR,2024,60,60.0,0.006381501206371,-5.054351910499628,0.0061844922485791,-5.085710370512577,0.0313584600129486,0.2024904633266138,0.0019405719661795074,0.00039294731655032636,0.030965512696398273,0.006186922905741248,-5.0853174231960265
FR,2024,61,61.0,0.0070120044536873,-4.96013167677114,0.0067093602935152,-5.004251668830181,0.0441199920590404,0.2024904633266138,0.008849191603843589,0.001791876907928269,0.04232811515111213,0.006721393419012385,-5.002459791922252
FR,2024,62,62.0,0.0074975192167923,-4.893183084251057,0.0072507274369362,-4.926653479019753,0.0334703947686954,0.2024904633266138,0.015632376070299388,0.0031654070733707932,0.030304987695324605,0.0072737153046372035,-4.923488071946382
FR,2024,63,63.0,0.0080443628536554,-4.822783699479522,0.0077749298079417,-4.8568508488750455,0.0340671493955238,0.2024904633266138,0.01736909945763264,0.0035170769967420696,0.03055007239878173,0.0078023229784280786,-4.853333771878304
FR,2024,64,64.0,0.0084513787154371,-4.77342568933227,0.0081940159422644,-4.804351154257148,0.030925464924878,0.2024904633266138,0.020654593080320853,0.004182358122656841,0.02674310680222116,0.00822835801676525,-4.800168796134491
FR,2024,65,65.0,0.009072463080038,-4.702511488321758,0.0087545898717547,-4.738177159372455,0.0356656710506975,0.2024904633266138,0.0240960320506049,0.004879216694259922,0.030786454356437575,0.008797409791692247,-4.733297942678195
FR,2024,66,66.0,0.0095938389657237,-4.646634160937473,0.0092847789204867,-4.679378894855477,0.0327447339180038,0.2024904633266138,0.031322469266425755,0.0063425013142921725,0.02640223260371163,0.009343854789342219,-4.673036393541184
FR,2024,67,67.0,0.0101654647318267,-4.588759114124795,0.009835301687359,-4.621777152740297,0.0330180386155012,0.2024904633266138,0.03178767384851735,0.006436700805661563,0.026581337809839636,0.009898812763273009,-4.615340451934635
FR,2024,68,68.0,0.0108020546956973,-4.528018913345521,0.0105079327177253,-4.555624810136579,0.0276058967910577,0.2024904633266138,0.026589249123508546,0.005384069374526006,0.022221827416531694,0.010564660733208995,-4.550240740762053
FR,2024,69,69.0,0.0115360598075738,-4.462277514023909,0.0112118535986285,-4.490783703325621,0.0285061893017122,0.2024904633266138,0.02957048087981278,0.005987740374144065,0.022518448927568137,0.011279188658337498,-4.484795962951477
FR,2024,70,70.0,0.0123897080840959,-4.3908891442243,0.0120350502130688,-4.419932035502475,0.0290428912781752,0.2024904633266138,0.0280470861253989,0.0056792674644934645,0.023363623813681733,0.012103594939858674,-4.414252768037981
FR,2024,71,71.0,0.0131526871783996,-4.331129193067336,0.0128993500012904,-4.350578356380865,0.0194491633135287,0.2024904633266138,0.02812118002101814,0.005694270771747079,0.013754892541781623,0.012973011919392178,-4.3448840856091175
FR,2024,72,72.0,0.0141520620445036,-4.257894937983359,0.0138360604824703,-4.280477016532676,0.0225820785493171,0.2024904633266138,0.02543880087989731,0.005151114576643877,0.017430963972673224,0.013907515493781305,-4.275325901956032
FR,2024,73,73.0,0.01534929807577,-4.176685533957352,0.0150469781310347,-4.196578096583552,0.0198925626262003,0.2024904633266138,0.02052601459156696,0.00415632220489523,0.01573624042130507,0.015109648368989079,-4.192421774378658
FR,2024,74,74.0,0.0165257488776953,-4.102835576407652,0.0162721771676827,-4.118298551849097,0.0154629754414452,0.2024904633266138,0.022004981864577278,0.004455798973251987,0.011007176468193214,0.016344844493267528,-4.113842752875845
FR,2024,75,75.0,0.0182085084650928,-4.005866296060548,0.0178254636658996,-4.027127300907905,0.0212610048473571,0.2024904633266138,0.017086695438732383,0.0034598928761096588,0.01780111197124744,0.017887244676859513,-4.023667408031796
FR,2024,76,76.0,0.0200261886500752,-3.910714429483471,0.0197102018032699,-3.926618919246384,0.0159044897629132,0.2024904633266138,0.016597268785099765,0.0033607886462511958,0.012543701116662004,0.019776555062892047,-3.9232581306001326
FR,2024,77,77.0,0.0221707681144202,-3.808980609385751,0.0217383303486341,-3.828678201129207,0.0196975917434563,0.2024904633266138,0.017438723025429953,0.0035311751052437995,0.0161664166382125,0.021815227889026744,-3.8251470260239633
FR,2024,78,78.0,0.024703943345298,-3.7007923984836415,0.024287086078066,-3.717810507015011,0.0170181085313694,0.2024904633266138,0.013434794125306154,0.002720417687130912,0.014297690844238488,0.024353247048535892,-3.71509008932788
FR,2024,79,79.0,0.0277294356700307,-3.585260770443945,0.0273910729636691,-3.5975381229194983,0.0122773524755532,0.2024904633266138,0.007477333167804083,0.0015140886575961056,0.010763263817957093,0.027432576888945216,-3.596024034261902
FR,2024,80,80.0,0.0309584361112154,-3.4751097447400823,0.0309141141653095,-3.476542430261821,0.0014326855217388,0.2024904633266138,-0.002524594898999976,-0.0005112063908105108,0.0019438919125493107,0.03089831471131696,-3.4770536366526317
FR,2024,81,81.0,0.0353423127413997,-3.3426743716342453,0.0354523477592835,-3.339565800854664,-0.0031085707795819,0.2024904633266138,-0.005256559113597071,-0.0010644030904160052,-0.002044167689165895,0.035414632246580965,-3.34063020394508
FR,2024,82,82.0,0.04000435228444,-3.218767023676265,0.040250942001849,-3.2126218716187807,-0.0061451520574844,0.2024904633266138,-0.006691477285007811,-0.0013549603357807434,-0.004790191721703657,0.040196440503981044,-3.2139768319545614
FR,2024,83,83.0,0.0458948159037512,-3.081403111567604,0.0462503673277025,-3.0736858728346474,-0.0077172387329564,0.2024904633266138,-0.006706696212817917,-0.001358042023524346,-0.006359196709432054,0.04618760001523876,-3.075043914858172
FR,2024,84,84.0,0.0529638710851443,-2.938145275516646,0.0536777642734235,-2.9247564363398704,-0.0133888391767755,0.2024904633266138,-0.007415543682049697,-0.0015015768759969869,-0.011887262300778512,0.053597223468073926,-2.9262580132158673
FR,2024,85,85.0,0.0609300300555724,-2.7980291214414947,0.0618923487573581,-2.782358713436215,-0.0156704080052798,0.2024904633266138,-0.007137747002112832,-0.001445325697565976,-0.014225082307713825,0.06180295876960069,-2.783804039133781
FR,2025,20,20.0,0.0002999056601169,-8.112042599039961,0.000268205425486,-8.223757358066935,0.1117147590269738,1.9354070955394047,0.045301589958004616,0.08767701864393877,0.024037740383035022,0.0002927825603131567,-8.136080339422996
FR,2025,21,21.0,0.0003240445390447,-8.03462958543221,0.0002949048852217,-8.128857676591005,0.0942280911587953,1.9354070955394047,0.05264272235747465,0.1018850983791673,-0.007657007220372006,0.0003265352740385489,-8.026972578211838
FR,2025,22,22.0,0.0003248580436222,-8.032122259909345,0.0002931368247633,-8.13487107923344,0.1027488193240948,1.9354070955394047,0.03402998624177507,0.06586187683343979,0.03688694249065501,0.0003130933395671554,-8.0690092024
FR,2025,23,23.0,0.0003356986808624,-7.999296583499261,0.0003081129760752,-8.085044036808156,0.0857474533088948,1.9354070955394047,0.027366742709560465,0.0529657880218846,0.0327816652870102,0.00032487234130416514,-8.032078248786272
FR,2025,24,24.0,0.0003556892810626,-7.9414530142331134,0.0003182087443215,-8.052802961855036,0.1113499476219228,1.9354070955394047,0.05338521608923528,0.10332212601601035,0.00802782160591245,0.00035284530172005623,-7.949480835839026
FR,2025,25,25.0,0.0003689439713546,-7.9048657645999025,0.000334486988546,-8.002912577370694,0.0980468127707911,1.9354070955394047,0.024678232862403393,0.04776242698726924,0.05028438578352185,0.00035085057044135706,-7.9551501503834245
FR,2025,26,26.0,0.0003869568530214,-7.85719736205084,0.0003586231648435,-7.933238400877569,0.0760410388267285,1.9354070955394047,0.009663791121711372,0.018703369906770892,0.057337668919957605,0.00036539374551984165,-7.914535030970798
FR,2025,27,27.0,0.0003835484769689,-7.866044538447051,0.0003451977931404,-7.971392991763789,0.1053484533167381,1.9354070955394047,0.026671813654293827,0.05162081739742505,0.05372763591931305,0.0003634851282921741,-7.919772174366364
FR,2025,28,28.0,0.0004291558674613,-7.753690377608062,0.0003820808051447,-7.869878439934734,0.116188062326672,1.9354070955394047,0.028679621376060945,0.05550674270861194,0.060681319618060066,0.0004038885044299656,-7.814371697226122
FR,2025,29,29.0,0.0004392295125551,-7.730488473862808,0.0003942499881362,-7.838525362213023,0.1080368883502149,1.9354070955394047,0.03581709355275066,0.06932065700359229,0.03871623134662261,0.00042254918437971417,-7.769204705209431
FR,2025,30,30.0,0.0004501254154235,-7.70598431308869,0.0004129915046146,-7.792083535155142,0.0860992220664522,1.9354070955394047,0.025746336542969688,0.049829642429409,0.03626957963704319,0.00043409207467955905,-7.742253892725733
FR,2025,31,31.0,0.0004779326650311,-7.646040703531439,0.0004302811310981,-7.751071769654902,0.1050310661234625,1.9354070955394047,0.06239361033811383,0.12075703616470626,-0.015725970041243764,0.0004855080286549639,-7.630314733490196
FR,2025,32,32.0,0.0005081312895418,-7.584770699796763,0.0004631439242944,-7.677472700574401,0.0927020007776375,1.9354070955394047,0.03451956395968329,0.06680940902249734,0.025892591755140165,0.0004951433251482115,-7.610663291551903
FR,2025,33,33.0,0.0005377047659229,-7.528200910652679,0.0004941931871593,-7.612584050099064,0.084383139446384,1.9354070955394047,0.04577424572973048,0.08859179997828467,-0.004208660531900679,0.0005399725515716258,-7.523992250120779
FR,2025,34,34.0,0.0005784097158685,-7.455228089424529,0.0005380656496439,-7.527529979886546,0.0723018904620165,1.9354070955394047,0.03886606697491999,0.07522166179896987,-0.0029197713369533695,0.0005801010078693305,-7.452308318087575
FR,2025,35,35.0,0.0005983818931464,-7.421281390541225,0.0005467840559058,-7.511456612453522,0.0901752219122977,1.9354070955394047,0.04710416481397701,0.09116573481042867,-0.0009905128981309713,0.000598974891767478,-7.420290877643093
FR,2025,36,36.0,0.0006565639085389,-7.328490521603848,0.0006025157630717,-7.414396730167044,0.0859062085631965,1.9354070955394047,0.04421455719095332,0.08557316771350386,0.00033304084969264236,0.0006563452823446702,-7.3288235624535405
FR,2025,37,37.0,0.0007500609075621,-7.195356144648478,0.0006741195958417,-7.302103020891269,0.1067468762427905,1.9354070955394047,0.03841065907222511,0.07434026211272948,0.03240661413006102,0.0007261436056470485,-7.22776275877854
FR,2025,38,38.0,0.0007987881894884,-7.132414741849394,0.0007217742206581,-7.233798181746422,0.1013834398970274,1.9354070955394047,0.04765541652473205,0.09223263128285221,0.009150808614175193,0.0007915119740447556,-7.14156555046357
FR,2025,39,39.0,0.0008753001800963,-7.040943667472105,0.0007877443458454,-7.146336954952864,0.1053932874807594,1.9354070955394047,0.04678374039051625,0.09054558310767859,0.01484770437308082,0.0008623999878956603,-7.055791371845186
FR,2025,40,40.0,0.0009127494550391,-6.999049134482554,0.0008470103966314,-7.073797588734091,0.0747484542515364,1.9354070955394047,0.03669488240350448,0.0710195357737266,0.0037289184778097895,0.0009093522246646446,-7.002778052960364
FR,2025,41,41.0,0.0009998549447783,-6.907900344725364,0.0009338762415351,-6.976166632224558,0.0682662874991946,1.9354070955394047,0.022898045893743096,0.04431704049673732,0.023949247002457277,0.0009761936379138924,-6.931849591727821
FR,2025,42,42.0,0.0010742720046467,-6.836112051789193,0.0010249306441664,-6.88313033290896,0.0470182811197661,1.9354070955394047,0.012396163892489322,0.0239916235549932,0.0230266575647729,0.0010498177415516681,-6.859138709353967
FR,2025,43,43.0,0.0011943180776278,-6.730179902815821,0.0011441738385595,-6.773072440786009,0.0428925379701876,1.9354070955394047,0.013773155970123392,0.026656663792547726,0.016235874177639872,0.001175083844402549,-6.7464157769934605
FR,2025,44,44.0,0.0012889506961817,-6.653926805421713,0.0012473236689319,-6.6867550878786215,0.0328282824569088,1.9354070955394047,0.00020078994947195483,0.0003886102929210199,0.032439672163987784,0.0012478084859446708,-6.6863664775857
FR,2025,45,45.0,0.0014441861178582,-6.54020935633365,0.0014049394102193,-6.5677611015253845,0.0275517451917348,1.9354070955394047,0.0038192635919970072,0.007391829855686322,0.020159915336048478,0.0014153629603907564,-6.560369271669698
FR,2025,46,46.0,0.0015667771587674,-6.458734534548328,0.0015577690678232,-6.464500565996491,0.0057660314481626,1.9354070955394047,-0.008293661601956345,-0.016051611512429016,0.02181764296059162,0.0015329639773508062,-6.48055217750892
FR,2025,47,47.0,0.0017640766696247,-6.340127858835983,0.0017568045529217,-6.344258715053057,0.004130856217074,1.9354070955394047,-0.011129693784406605,-0.021540488321521355,0.025671344538595355,0.0017193667864119726,-6.3657992033745785
FR,2025,48,48.0,0.001955141888594,-6.237292510892479,0.0019595123688889,-6.235059628076631,-0.0022328828158473,1.9354070955394047,-0.017094181787691547,-0.03308420072433869,0.030851317908491386,0.0018957441451411083,-6.26814382880097
FR,2025,49,49.0,0.0021779482210582,-6.12937202837279,0.0021855230972128,-6.125900075328335,-0.0034719530444551,1.9354070955394047,-0.024994619759029658,-0.048374764431935405,0.044902811387480306,0.002082315382403294,-6.174274839760271
FR,2025,50,50.0,0.0024472399677472,-6.012794433229564,0.0024450153304738,-6.013703885942503,0.0009094527129391,1.9354070955394047,-0.01547293484674551,-0.02994642789121017,0.030855880604149268,0.0023728813237674146,-6.043650313833713
FR,2025,51,51.0,0.0026781021440481,-5.922646890525641,0.0027052334806093,-5.912567055950384,-0.010079834575257,1.9354070955394047,-0.028729083331244746,-0.05560247172763392,0.04552263715237692,0.0025589211689838647,-5.968169527678018
FR,2025,52,52.0,0.0030081308212654,-5.806436382728087,0.0029985037815381,-5.809641854213214,0.0032054714851268,1.9354070955394047,-0.024412613982259898,-0.04724834632193029,0.05045381780705709,0.002860124280039752,-5.856890200535144
FR,2025,53,53.0,0.0033305150527512,-5.704628316454176,0.0033197327131532,-5.707871007381074,0.0032426909268981,1.9354070955394047,-0.021175008558886182,-0.04098226181297594,0.04422495273987404,0.003186432682762659,-5.748853269194051
FR,2025,54,54.0,0.0036829737845019,-5.604034759518503,0.0036571218111005,-5.611078831345699,0.0070440718271962,1.9354070955394047,-0.024645281212574734,-0.047698652130381124,0.05474272395757732,0.0034867769361173547,-5.65877748347608
FR,2025,55,55.0,0.0040585309702447,-5.506934200833751,0.0040421191598656,-5.510986180013265,0.0040519791795139,1.9354070955394047,-0.02487055607892221,-0.048134650705156726,0.05218662988467063,0.0038521616114609533,-5.559120830718421
FR,2025,56,56.0,0.0044635638490971,-5.411807762731788,0.0044663998160372,-5.411172605156268,-0.0006351575755205,1.9354070955394047,-0.022359852064113252,-0.04327541634009619,0.042640258764575695,0.004277237073156977,-5.454448021496364
FR,2025,57,57.0,0.0048579035556329,-5.327148301289034,0.0048109059468866,-5.33686986605337,0.0097215647643364,1.9354070955394047,-0.015889845334695733,-0.030753319407793828,0.04047488417213023,0.00466520647383822,-5.367623185461165
FR,2025,58,58.0,0.0053471429456431,-5.231192889570172,0.0052068930785321,-5.257771939190777,0.0265790496206044,1.9354070955394047,-0.011123722682077824,-0.02152893180770604,0.04810798142831044,0.005095992303587298,-5.279300870998482
FR,2025,59,59.0,0.0057565357412773,-5.157419419014223,0.0056413346137696,-5.177634607818402,0.0202151888041788,1.9354070955394047,-0.0087211592600493,-0.0168789935132286,0.037094182317407395,0.005546913670366683,-5.19451360133163
FR,2025,60,60.0,0.0063182214989615,-5.06431751881831,0.0061015550087688,-5.099211620819019,0.0348941020007087,1.9354070955394047,0.0019405719661795074,0.0037557967527486725,0.03113830524796003,0.006124514297479821,-5.09545582406627
FR,2025,61,61.0,0.0069576618481299,-4.967911802437395,0.0066272342237696,-5.016567722639207,0.0486559202018126,1.9354070955394047,0.008849191603843589,0.017126788219866608,0.03152913198194599,0.006741715006520451,-4.999440934419341
FR,2025,62,62.0,0.0074345725777801,-4.901614188579926,0.0071681997222186,-4.938100740664936,0.0364865520850097,1.9354070955394047,0.015632376070299388,0.03025501156659783,0.00623154051841187,0.007388387788172734,-4.907845729098338
FR,2025,63,63.0,0.0079812014475404,-4.830666321517148,0.0076890502344414,-4.867958009666736,0.0372916881495877,1.9354070955394047,0.01736909945763264,0.03361627833343184,0.0036754098161558627,0.007951921102989744,-4.8343417313333035
FR,2025,64,64.0,0.0083757164023463,-4.782418664350731,0.0080993095589177,-4.81597646057663,0.0335577962258994,1.9354070955394047,0.020654593080320853,0.03997504600313207,-0.006417249777232674,0.008429638296648763,-4.776001414573498
FR,2025,65,65.0,0.0089896840446355,-4.711677576318051,0.0086486085822077,-4.750356828525544,0.0386792522074932,1.9354070955394047,0.0240960320506049,0.046635631405085635,-0.007956379197592435,0.009061494677248464,-4.703721197120458
FR,2025,66,66.0,0.0095004892990145,-4.656411976542566,0.0091721711726386,-4.691581251640058,0.0351692750974921,1.9354070955394047,0.031322469266425755,0.06062172926805534,-0.025452454170563243,0.00974540368183612,-4.630959522372003
FR,2025,67,67.0,0.0100587781218955,-4.599309580743406,0.009708992344984,-4.634702777039795,0.0353931962963889,1.9354070955394047,0.03178767384851735,0.061522089517112855,-0.026128893220723953,0.010325066623437549,-4.573180687522682
FR,2025,68,68.0,0.0106725877598176,-4.540076716380011,0.0103602924867854,-4.569774810234129,0.029698093854118,1.9354070955394047,0.026589249123508546,0.05146102141870334,-0.021762927564585338,0.010907400351183127,-4.518313788815426
FR,2025,69,69.0,0.0113898093769743,-4.475036237661839,0.0110494503053532,-4.505374598377631,0.0303383607157918,1.9354070955394047,0.02957048087981278,0.057230918513301955,-0.026892557797510156,0.01170026626360465,-4.448143679864329
FR,2025,70,70.0,0.0122258777878706,-4.404200443510089,0.0118515239501067,-4.435298816285166,0.0310983727750766,1.9354070955394047,0.0280470861253989,0.054282529496301815,-0.023184156721225216,0.012512635730729742,-4.3810162867888645
FR,2025,71,71.0,0.0129565881883699,-4.346150879786458,0.0126921906104721,-4.366768387215107,0.0206175074286489,1.9354070955394047,0.02812118002101814,0.05442593134761946,-0.03380842391897056,0.01340211892402796,-4.312342455867487
FR,2025,72,72.0,0.01392338632706,-4.274185383039237,0.013592272803854,-4.298253823900589,0.0240684408613525,1.9354070955394047,0.02543880087989731,0.0492344357249673,-0.025165994863614802,0.014278228445918875,-4.249019388175622
FR,2025,73,73.0,0.0150981346288249,-4.193184077307183,0.0147787099201064,-4.2145676527854565,0.021383575478274,1.9354070955394047,0.02052601459156696,0.03972619428366405,-0.01834261880539005,0.0153776294541827,-4.174841458501793
FR,2025,74,74.0,0.0162324138307061,-4.120745182038285,0.0159665749901516,-4.137257804994014,0.0165126229557284,1.9354070955394047,0.022004981864577278,0.042588598037918785,-0.026075975082190384,0.01666125679929009,-4.094669206956095
FR,2025,75,75.0,0.017886183197826,-4.023726752584269,0.0174807936399266,-4.046652507043624,0.0229257544593552,1.9354070955394047,0.017086695438732383,0.03306971159144344,-0.010143957132088238,0.018068543235913295,-4.01358279545218
FR,2025,76,76.0,0.0196559847456833,-3.9293734198276975,0.0193212812311918,-3.9465481360823182,0.0171747162546198,1.9354070955394047,0.016597268785099765,0.03212247177325676,-0.014947755518636956,0.019952004503873105,-3.9144256643090616
FR,2025,77,77.0,0.0217613819615224,-3.827618349749883,0.0213008773777719,-3.8490070156704106,0.0213886659205275,1.9354070955394047,0.017438723025429953,0.033751028280563526,-0.012362362360036027,0.022032073798642787,-3.8152559873898473
FR,2025,78,78.0,0.0242447735085204,-3.7195542102494255,0.0238019329506507,-3.737988485188684,0.0184342749392585,1.9354070955394047,0.013434794125306154,0.02600179587722864,-0.00756752093797014,0.024428942311414018,-3.7119866893114555
FR,2025,79,79.0,0.027215534114296,-3.60396736155657,0.0268523104782927,-3.6174034103964026,0.0134360488398326,1.9354070955394047,0.007477333167804083,0.014471683668680157,-0.0010356348288475571,0.027243734069217734,-3.6029317267277223
FR,2025,80,80.0,0.030335788896554,-3.495427111776236,0.0302853385552156,-3.497091559638105,0.0016644478618688,1.9354070955394047,-0.002524594898999976,-0.00488611888088714,0.00655056674275594,0.030137721721072687,-3.501977678518992
FR,2025,81,81.0,0.034651299115367,-3.362420061542067,0.0347712841787446,-3.358963400117082,-0.0034566614249853,1.9354070955394047,-0.005256559113597071,-0.010173581806578095,0.006716920381592795,0.034419329032528236,-3.36913698192366
FR,2025,82,82.0,0.039234814124097,-3.238190810916229,0.0395013503817579,-3.23142042077947,-0.0067703901367592,1.9354070955394047,-0.006691477285007811,-0.01295073261704487,0.00618034248028567,0.0389930773132608,-3.2443711533965147
FR,2025,83,83.0,0.0450429735376213,-3.1001382774004966,0.0454321935497301,-3.0915343162089552,-0.0086039611915413,1.9354070955394047,-0.006706696212817917,-0.01298018743791505,0.00437622624637375,0.044846285983133075,-3.1045145036468704
FR,2025,84,84.0,0.0520369904055504,-2.955800459340117,0.052821002887986,-2.940846385394761,-0.0149540739453555,1.9354070955394047,-0.007415543682049697,-0.014352095859521387,-0.0006019780858341137,0.05206832496383979,-2.9551984812542824
FR,2025,85,85.0,0.0599189998761322,-2.814761630898247,0.0609723715101583,-2.797334443473796,-0.0174271874244511,1.9354070955394047,-0.007137747002112832,-0.01381444619405429,-0.00361274123039681,0.060135863217162425,-2.8111488896678503
IT,2004,20,20.0,0.00047,-7.66277786326017,0.000466758159665,-7.66969929382045,0.00692143056028,-1.2207825033263722,-0.020818097729608808,0.025414369460844907,-0.018492938900564908,0.0004787725463572077,-7.644284924359606
IT,2004,21,21.0,0.00052,-7.5616817463888015,0.0004641867524228,-7.675223603042863,0.113541856654062,-1.2207825033263722,0.01124028878226586,-0.013721947877725857,0.12726380453178784,0.00045786070808748815,-7.688945550920589
IT,2004,22,22.0,0.00044,-7.728735831051967,0.00048785775571,-7.625486678801622,-0.1032491522503455,-1.2207825033263722,0.00276927128068778,-0.0033806779264278566,-0.09986847432391766,0.00048621125048417687,-7.628867356728049
IT,2004,23,23.0,0.00051,-7.5810998322459024,0.0004640327865792,-7.675555347503241,0.0944555152573389,-1.2207825033263722,-0.0103238590166454,0.01260318645432891,0.08185232880301,0.0004699180871781101,-7.662952161048913
IT,2004,24,24.0,0.00046,-7.684284068481133,0.0004719804222716,-7.658573051477076,-0.025711017004057,-1.2207825033263722,-0.03404405815922482,0.041560390543007086,-0.0672714075470641,0.0004920094369151479,-7.617012660934068
IT,2004,25,25.0,0.00048,-7.641724454062337,0.0004894697170264,-7.622187963021956,-0.0195364910403812,-1.2207825033263722,-0.012738064842770661,0.01555040668629122,-0.03508689772667242,0.0004971406587399467,-7.606637556335665
IT,2004,26,26.0,0.00049,-7.621105166859602,0.0004745931416505,-7.65305266486656,0.031947498006958,-1.2207825033263722,0.006127122532955127,-0.007479883983968382,0.03942738199092638,0.00047105648339737977,-7.6605325488505285
IT,2004,27,27.0,0.0005,-7.600902459542082,0.0004891827522436,-7.622774411838025,0.0218719522959425,-1.2207825033263722,-0.03143672832684167,0.038377407903232845,-0.016505455607290345,0.0005083212115863708,-7.584397003934792
IT,2004,28,28.0,0.00051,-7.5810998322459024,0.0004831958750462,-7.635088448122119,0.053988615876217,-1.2207825033263722,-0.02199641158147994,0.026852834394636288,0.02713578148158071,0.0004963468338932444,-7.608235613727483
IT,2004,29,29.0,0.0005,-7.600902459542082,0.0004889734832724,-7.62320229639647,0.0222998368543878,-1.2207825033263722,-0.03104662944695269,0.037901182016097164,-0.015601345161709364,0.0005078618407615372,-7.585301114380373
IT,2004,30,30.0,0.00053,-7.542633551418106,0.0005149984794733,-7.571346609783783,0.0287130583656765,-1.2207825033263722,-0.018074871731114737,0.022065487159213328,0.006647571206463171,0.0005264884717588404,-7.54928112262457
IT,2004,31,31.0,0.00058,-7.4524824544238095,0.0005342895961029,-7.534572551203996,0.0820900967801865,-1.2207825033263722,0.010258689204186393,-0.012523628287533894,0.0946137250677204,0.0005276400767674177,-7.54709617949153
IT,2004,32,32.0,0.00055,-7.505592279737757,0.0005634678925708,-7.481400204686567,-0.0241920750511903,-1.2207825033263722,0.006447742620522178,-0.007871291377085208,-0.01632078367410509,0.0005590500823521214,-7.489271496063652
IT,2004,33,33.0,0.00057,-7.469874197135678,0.0005872066325784,-7.440133785464789,-0.0297404116708888,-1.2207825033263722,-0.0020866022828795127,0.0025472875583401745,-0.03228769922922897,0.0005887043234425751,-7.437586497906448
IT,2004,34,34.0,0.0006,-7.418580902748128,0.0006311564094323,-7.36795685065206,-0.0506240520960679,-1.2207825033263722,0.01811470890812967,-0.022114119687895072,-0.028509932408172827,0.0006173521382636858,-7.390070970339956
IT,2004,35,35.0,0.00064,-7.354042381610556,0.0006867950725919,-7.283474603410501,-0.0705677782000551,-1.2207825033263722,0.016948107300335476,-0.020689952856747504,-0.04987782534330759,0.0006727313059432902,-7.304164556267248
IT,2004,36,36.0,0.00072,-7.236259345954173,0.0007612551828863,-7.180541930574065,-0.0557174153801085,-1.2207825033263722,0.030239483176575755,-0.03691583197159587,-0.01880158340851263,0.0007336652012131752,-7.217457762545661
IT,2004,37,37.0,0.00075,-7.195437351433918,0.0007910813755803,-7.142109718648246,-0.0533276327856713,-1.2207825033263722,0.003559633096937248,-0.0043455378030024605,-0.04898209498266884,0.0007876511600210928,-7.146455256451249
IT,2004,38,38.0,0.00079,-7.143477612503207,0.0008712549851108,-7.045575874114429,-0.0979017383887779,-1.2207825033263722,0.018172622344844853,-0.022184819398144467,-0.07571691899063343,0.000852139175020221,-7.067760693512573
IT,2004,39,39.0,0.00093,-6.980325971816972,0.0009699972695497,-6.938217301368015,-0.0421086704489575,-1.2207825033263722,0.03919246412919994,-0.047845474471173745,0.005736804022216248,0.0009246800466147004,-6.986062775839189
IT,2004,40,40.0,0.00103,-6.878196476740593,0.0010615354961389,-6.8480388377766905,-0.0301576389639022,-1.2207825033263722,0.025300944700742685,-0.030886950608294765,0.0007293116443925635,0.0010292490828658644,-6.8789257883849855
IT,2004,41,41.0,0.00117,-6.750751530172472,0.0011761114019524,-6.745541704440842,-0.0052098257316304,-1.2207825033263722,0.031488123759986116,-0.03844015054876647,0.03323032481713607,0.0011317594124175075,-6.783981854989609
IT,2004,42,42.0,0.00116,-6.759335273863864,0.0013082827287528,-6.639039895824179,-0.1202953780396853,-1.2207825033263722,0.055019431192838746,-0.06716675894318677,-0.05312861909649853,0.001223295717410398,-6.7062066547673655
IT,2004,43,43.0,0.00133,-6.622576336748475,0.0014166219651013,-6.559480139257883,-0.0630961974905917,-1.2207825033263722,0.029298691132149172,-0.03576732950449125,-0.02732886798610045,0.0013668486165201853,-6.595247468762374
IT,2004,44,44.0,0.00141,-6.56416557459206,0.0015832456840944,-6.448278308549986,-0.1158872660420744,-1.2207825033263722,0.03827562880574758,-0.04672621794987153,-0.06916104809220287,0.0015109683738796062,-6.495004526499857
IT,2004,45,45.0,0.00155,-6.469500348050982,0.0017307975116628,-6.359172987294907,-0.1103273607560746,-1.2207825033263722,0.0430999932610285,-0.05261571766654814,-0.05771164308952646,0.0016420846686131764,-6.411788704961455
IT,2004,46,46.0,0.00177,-6.336775732396399,0.0019114944591969,-6.259869903499554,-0.0769058288968445,-1.2207825033263722,0.041338410793171895,-0.050465208611622306,-0.02644062028522219,0.0018174240963245711,-6.310335112111177
IT,2004,47,47.0,0.00181,-6.3144284337044025,0.0020489739031958,-6.1904161461676885,-0.124012287536714,-1.2207825033263722,0.03697931135613883,-0.045143696288632504,-0.0788685912480815,0.001958532437733071,-6.235559842456321
IT,2004,48,48.0,0.00209,-6.170591213005418,0.0022240725669642,-6.1084152740954245,-0.0621759389099931,-1.2207825033263722,0.025181846785233445,-0.030741557956858442,-0.03143438095313466,0.0021567413470399577,-6.139156832052283
IT,2004,49,49.0,0.00223,-6.10575369351011,0.0024598462286798,-6.007656439658343,-0.0980972538517663,-1.2207825033263722,0.019533620205000927,-0.023846301772887636,-0.07425095207887866,0.0024018818578767603,-6.031502741431231
IT,2004,50,50.0,0.00252,-5.983496377458805,0.0026791458093669,-5.92225726311203,-0.0612391143467752,-1.2207825033263722,0.02336324817568371,-0.028521444593746458,-0.03271766975302874,0.002603812120183953,-5.950778707705776
IT,2004,51,51.0,0.00273,-5.903453669785269,0.0028856905192785,-5.84799105955778,-0.0554626102274884,-1.2207825033263722,0.015358875611923273,-0.01874984661780206,-0.03671276360968634,0.0028320883512115676,-5.866740906175583
IT,2004,52,52.0,0.00307,-5.786077717383031,0.0031715033143507,-5.753549571848843,-0.0325281455341874,-1.2207825033263722,0.008430700098026272,-0.010292051170462405,-0.022236094363724992,0.0031390294380034,-5.763841623019306
IT,2004,53,53.0,0.00325,-5.729100282640491,0.0033946645525747,-5.685550329163979,-0.0435499534765124,-1.2207825033263722,0.006545893278057699,-0.00799111198249455,-0.03555884149401785,0.0033676455078793933,-5.693541441146474
IT,2004,54,54.0,0.00362,-5.621281253144457,0.0037140922522121,-5.595620977315382,-0.0256602758290753,-1.2207825033263722,-0.006658735007069886,0.008128867190917724,-0.03378914301999303,0.00374440665883053,-5.587492110124464
IT,2004,55,55.0,0.00399,-5.523964048080365,0.0039705338840896,-5.528854713705042,0.0048906656246767,-1.2207825033263722,-0.007383466951780047,0.009013607268621585,-0.004122941643944885,0.0040064844961159255,-5.51984110643642
IT,2004,56,56.0,0.00423,-5.46555328592395,0.0043152748674511,-5.445594256023365,-0.0199590299005851,-1.2207825033263722,-0.006357544446047569,0.007761179023854626,-0.027720208924439726,0.004348896792353276,-5.43783307699951
IT,2004,57,57.0,0.00487,-5.324661341887639,0.004757890217202,-5.347950940675245,0.0232895987876062,-1.2207825033263722,-0.01768697832733739,0.02159195367872623,0.0016976451088799721,0.0048617394820176275,-5.326358986996519
IT,2004,58,58.0,0.00525,-5.249527202378605,0.0051434730990197,-5.270026727499262,0.0204995251206572,-1.2207825033263722,-0.02491836799741731,0.03041990766269486,-0.00992038254203766,0.005302341201458113,-5.239606819836568
IT,2004,59,59.0,0.00593,-5.127731065972503,0.0056200372121459,-5.181416993720168,0.0536859277476651,-1.2207825033263722,-0.013342691217290164,0.016288523985354287,0.03739740376231081,0.005712328930478258,-5.165128469734814
IT,2004,60,60.0,0.0065,-5.035953102080546,0.0062501067060381,-5.075156742413465,0.0392036403329187,-1.2207825033263722,-0.01547062623274049,0.018886269820431578,0.02031737051248712,0.006369269637321715,-5.056270472593033
IT,2004,61,61.0,0.00714,-4.9420425026306445,0.0066975248861565,-5.006017240814222,0.0639747381835773,-1.2207825033263722,-0.03214767288348347,0.03924531657881628,0.024729421604761014,0.006965597257048004,-4.966771924235405
IT,2004,62,62.0,0.00789,-4.842159144124354,0.0072999038363992,-4.919894104010554,0.0777349598862002,-1.2207825033263722,-0.02672553104528206,0.032626060692186105,0.0451088991940141,0.007541998769353886,-4.887268043318368
IT,2004,63,63.0,0.00822,-4.801185069914048,0.0079917029016563,-4.8293514127943,0.0281663428802518,-1.2207825033263722,-0.023228165554247015,0.02835653809299308,-0.0001901952127412801,0.0082215635533342,-4.800994874701307
IT,2004,64,64.0,0.00895,-4.716101746695373,0.0087669288434386,-4.736768722818041,0.0206669761226674,-1.2207825033263722,-0.01886198267866328,0.02302637843215723,-0.0023594023094898296,0.008971141581610631,-4.713742344385883
IT,2004,65,65.0,0.01006,-4.599188114310544,0.0097030838698873,-4.635311519269506,0.0361234049589622,-1.2207825033263722,-0.022375203371646467,0.027315256784475255,0.008808148174486944,0.009971779130980584,-4.607996262485031
IT,2004,66,66.0,0.011,-4.509860006183766,0.0107140443319634,-4.536199843771669,0.0263398375879031,-1.2207825033263722,-0.018464169060760018,0.022540734527835966,0.0037991030600671334,0.01095828914841956,-4.513659109243833
IT,2004,67,67.0,0.01232,-4.396531320876764,0.0117826749766113,-4.441125048726152,0.0445937278493886,-1.2207825033263722,-0.019189574026910326,0.02342629621833832,0.021167431631050282,0.012061957921129357,-4.417698752507814
IT,2004,68,68.0,0.01366,-4.293283424839493,0.0130315128785199,-4.340384787254546,0.0471013624150531,-1.2207825033263722,-0.01653121448440601,0.02018101740129835,0.026920345013754746,0.013297173703227258,-4.320203769853248
IT,2004,69,69.0,0.01534,-4.177291483043027,0.0144101108092798,-4.239825179251496,0.0625336962084688,-1.2207825033263722,-0.014296704179657003,0.017453166317758284,0.04508052989071051,0.014663820447912502,-4.222372012933738
IT,2004,70,70.0,0.01686,-4.082811326408428,0.0160622299392036,-4.131284729591551,0.0484734031831228,-1.2207825033263722,-0.011571929030223659,0.014126808489831557,0.034346594693291245,0.01629074830267731,-4.117157921101719
IT,2004,71,71.0,0.01831,-4.000307920295718,0.0179889654960217,-4.017996737063253,0.017688816767535,-1.2207825033263722,-0.006886958403974012,0.008407478320707991,0.00928133844682701,0.01814084490019989,-4.009589258742545
IT,2004,72,72.0,0.02052,-3.886355258679568,0.0202438588528415,-3.899903797950526,0.0135485392709577,-1.2207825033263722,-0.002896168791214284,0.003535592186994287,0.010012947083963414,0.020315559559574817,-3.896368205763532
IT,2004,73,73.0,0.02264,-3.7880370256471543,0.0225151106361376,-3.7935686113549263,0.0055315857077715,-1.2207825033263722,-0.0016371444514913566,0.001998597301798499,0.003532988405973001,0.022560154272556334,-3.7915700140531277
IT,2004,74,74.0,0.02572,-3.6604863796127183,0.0254493739296696,-3.67106413630117,0.0105777566884515,-1.2207825033263722,0.0007045949651442528,-0.0008601572053799589,0.011437913893831458,0.025427492879232353,-3.67192429350655
IT,2004,75,75.0,0.02857,-3.5553980627394552,0.0284851795452371,-3.558371342919314,0.0029732801798587,-1.2207825033263722,0.000370568473987709,-0.000452383509328549,0.003425663689187249,0.02847229623406907,-3.5588237264286424
IT,2004,76,76.0,0.03199,-3.4423319250207105,0.0322314656547047,-3.4348121093297657,-0.0075198156909448,-1.2207825033263722,0.005038492888424606,-0.006150903961323114,-0.0013689117296216856,0.03203382147325181,-3.4409630132910887
IT,2004,77,77.0,0.03542,-3.3404786466274494,0.0362637856886014,-3.3169356751172443,-0.0235429715102051,-1.2207825033263722,0.007775996137115107,-0.00949280003012358,-0.01405017148008152,0.0359211695886367,-3.326428475147368
IT,2004,78,78.0,0.03984,-3.22288384626574,0.0409238342412112,-3.1960426413790013,-0.0268412048867383,-1.2207825033263722,0.009940278872714576,-0.01213491852599475,-0.014706286360743552,0.04043022784085296,-3.208177559904996
IT,2004,79,79.0,0.04476,-3.1064403955384123,0.0464650562628733,-3.0690547271078983,-0.037385668430514,-1.2207825033263722,0.012954914706751053,-0.015815133206087184,-0.02157053522442682,0.045735985579737896,-3.0848698603139857
IT,2004,80,80.0,0.04999,-2.995932293556658,0.0532089712273453,-2.9335282647583747,-0.0624040287982832,-1.2207825033263722,0.010974036936345317,-0.013396912282747708,-0.04900711651553549,0.05250088895555645,-2.9469251770411224
IT,2004,81,81.0,0.0558,-2.885981409594872,0.059770770540096,-2.81723852447575,-0.0687428851191218,-1.2207825033263722,0.014806651770122341,-0.01807570141381181,-0.05066718370530999,0.058700077851426995,-2.835314225889562
IT,2004,82,82.0,0.06307,-2.763510058306577,0.0679381333711024,-2.689157791294453,-0.0743522670121241,-1.2207825033263722,0.01789024826514346,-0.02184010206225212,-0.05251216494987199,0.06647044319498448,-2.710997893356705
IT,2004,83,83.0,0.06976,-2.662694499381413,0.0765687368274229,-2.56956642095775,-0.0931280784236627,-1.2207825033263722,0.018734084623436602,-0.02287024272412703,-0.07025783569953567,0.07483746400682244,-2.592436663681877
IT,2004,84,84.0,0.08003,-2.5253537146031824,0.0857004220992764,-2.4568975280780885,-0.0684561865250938,-1.2207825033263722,0.019922349749662695,-0.02432085599953675,-0.04413533052555706,0.08364125631101384,-2.4812183840776254
IT,2004,85,85.0,0.08893,-2.4199057355705884,0.0965936769008449,-2.3372419964190283,-0.0826637391515601,-1.2207825033263722,0.023234561599630082,-0.02836434627328721,-0.05429939287827289,0.09389235216356133,-2.3656063426923155
IT,2005,20,20.0,0.00045,-7.706262975199909,0.0004521694271874,-7.7014536094563315,-0.0048093657435774,-1.055265486894248,-0.020818097729608808,0.021968620036847675,-0.026777985780425076,0.0004622128820191392,-7.679484989419484
IT,2005,21,21.0,0.00042,-7.77525584668686,0.0004514599197619,-7.70302396033902,-0.0722318863478399,-1.055265486894248,0.01124028878226586,-0.011861488814649736,-0.060370397533190165,0.00044613656683294595,-7.71488544915367
IT,2005,22,22.0,0.00049,-7.621105166859602,0.0004741070827295,-7.654077348852133,0.0329721819925312,-1.055265486894248,0.00276927128068778,-0.0029223164063572477,0.03589449839888845,0.00047272361427416624,-7.65699966525849
IT,2005,23,23.0,0.00046,-7.684284068481133,0.0004512230064563,-7.703548869593854,0.0192648011127207,-1.055265486894248,-0.0103238590166454,0.01089441211182788,0.00837038900089282,0.0004561656907765038,-7.692654457482027
IT,2005,24,24.0,0.00052,-7.5616817463888015,0.0004595368477166,-7.685291428487752,0.1236096820989507,-1.055265486894248,-0.03404405815922482,0.03592551960925048,0.08768416248970021,0.0004763460801000555,-7.649365908878502
IT,2005,25,25.0,0.00049,-7.621105166859602,0.0004772902266273,-7.647385810534595,0.0262806436749931,-1.055265486894248,-0.012738064842770661,0.013442040198396883,0.012838603476596216,0.00048374929531418923,-7.633943770336198
IT,2005,26,26.0,0.00045,-7.706262975199909,0.0004634622776012,-7.676785562243919,-0.0294774129559902,-1.055265486894248,0.006127122532955127,-0.006465740942999609,-0.02301167201299059,0.00046047531743876815,-7.6832513031869185
IT,2005,27,27.0,0.00057,-7.469874197135678,0.0004768045891504,-7.648403817363363,0.1785296202276844,-1.055265486894248,-0.03143672832684167,0.03317409442418677,0.14535552580349764,0.0004928874417155401,-7.615229722939176
IT,2005,28,28.0,0.0005,-7.600902459542082,0.0004720231766195,-7.658482470576779,0.0575800110346964,-1.055265486894248,-0.02199641158147994,0.023212053977456706,0.03436795705723969,0.0004831079566281197,-7.635270416599322
IT,2005,29,29.0,0.0005,-7.600902459542082,0.0004781246402123,-7.645639105880702,0.0447366463386194,-1.055265486894248,-0.03104662944695269,0.03276243653976382,0.011974209798855578,0.0004940485978793766,-7.612876669340938
IT,2005,30,30.0,0.00049,-7.621105166859602,0.0005038507358765,-7.593230492731815,-0.0278746741277871,-1.055265486894248,-0.018074871731114737,0.01907378831788587,-0.04694846244567297,0.0005135533164850421,-7.574156704413928
IT,2005,31,31.0,0.0005,-7.600902459542082,0.0005224450468513,-7.556990753146752,-0.0439117063953302,-1.055265486894248,0.010258689204186393,-0.01082564065795252,-0.033086065737377685,0.0005168197481793041,-7.567816393804704
IT,2005,32,32.0,0.00054,-7.523941418405954,0.0005513424046814,-7.503154517711153,-0.0207869006948007,-1.055265486894248,0.006447742620522178,-0.00680408025581413,-0.01398282043898657,0.0005476037601537674,-7.509958597966968
IT,2005,33,33.0,0.00058,-7.4524824544238095,0.0005747398550264,-7.461593045583476,0.0091105911596667,-1.055265486894248,-0.0020866022828795127,0.002201919373997498,0.0069086717856692015,0.0005760067801698337,-7.4593911262094785
IT,2005,34,34.0,0.00058,-7.4524824544238095,0.0006183251458703,-7.3884961128586015,-0.063986341565208,-1.055265486894248,0.01811470890812967,-0.019115827115885026,-0.04487051444932297,0.0006066176054467148,-7.407611939974487
IT,2005,35,35.0,0.00062,-7.385791079925137,0.000670644941252,-7.307270709696786,-0.0785203702283512,-1.055265486894248,0.016948107300335476,-0.017884752702224473,-0.06063561752612673,0.0006587572434635829,-7.32515546239901
IT,2005,36,36.0,0.00071,-7.250245587928913,0.0007432364802265,-7.204496286326846,-0.0457493016020675,-1.055265486894248,0.030239483176575755,-0.03191068293775964,-0.013838618664307863,0.0007198937190614539,-7.236406969264605
IT,2005,37,37.0,0.00071,-7.250245587928913,0.0007730506053516,-7.165166045346798,-0.0850795425821155,-1.055265486894248,0.003559633096937248,-0.003756357953204365,-0.08132318462891114,0.0007701521976984052,-7.168922403300002
IT,2005,38,38.0,0.00082,-7.106206217705975,0.0008507820730654,-7.069354545540231,-0.0368516721657439,-1.055265486894248,0.018172622344844853,-0.019176941166877993,-0.017674730998865906,0.0008346221197801405,-7.088531486707109
IT,2005,39,39.0,0.00083,-7.09408485717363,0.0009471285655778,-6.962075713086973,-0.1320091440866573,-1.055265486894248,0.03919246412919994,-0.04135845474188552,-0.09065068934477177,0.0009087557808385717,-7.003434167828859
IT,2005,40,40.0,0.00097,-6.938214486466846,0.0010365281395847,-6.871878477798286,-0.0663360086685598,-1.055265486894248,0.025300944700742685,-0.026699213728513672,-0.039636794940046134,0.001009219830642373,-6.8985776915268
IT,2005,41,41.0,0.00108,-6.830794237846009,0.001148167863431,-6.769587769273342,-0.0612064685726663,-1.055265486894248,0.031488123759986116,-0.03322833025096809,-0.027978138321698216,0.00111064305838848,-6.8028160995243105
IT,2005,42,42.0,0.00122,-6.708904420236972,0.0012775800974689,-6.662787539246076,-0.0461168809908958,-1.055265486894248,0.055019431192838746,-0.05806010684635555,0.011943225855459746,0.0012055159298843686,-6.720847646092432
IT,2005,43,43.0,0.00123,-6.700741109597811,0.0013843471848494,-6.582526597140704,-0.118214512457107,-1.055265486894248,0.029298691132149172,-0.03091789756293158,-0.08729661489417542,0.001342200973815444,-6.613444494703635
IT,2005,44,44.0,0.0014,-6.571283042360924,0.0015460227665222,-6.472069602843659,-0.099213439517265,-1.055265486894248,0.03827562880574758,-0.04039095006788072,-0.05882248944938428,0.0014848217421164663,-6.51246055291154
IT,2005,45,45.0,0.00151,-6.495645628155304,0.001692012302185,-6.381836747029585,-0.1138088811257196,-1.055265486894248,0.0430999932610285,-0.04548193537373805,-0.06832694575198156,0.0016167801287957,-6.427318682403323
IT,2005,46,46.0,0.00165,-6.406979991069647,0.0018694561959796,-6.28210769469634,-0.1248722963733071,-1.055265486894248,0.041338410793171895,-0.04362299819309098,-0.08124929818021612,0.0017896580822296339,-6.325730692889431
IT,2005,47,47.0,0.0018,-6.319968614080018,0.0020061881292812,-6.211518810549003,-0.1084498035310153,-1.055265486894248,0.03697931135613883,-0.03902299100324983,-0.06942681252776547,0.0019294084964703482,-6.250541801552253
IT,2005,48,48.0,0.00204,-6.194805471126012,0.0021795892643338,-6.12861883078874,-0.0661866403372712,-1.055265486894248,0.025181846785233445,-0.026573533808715723,-0.03961310652855548,0.002122432665140442,-6.155192364597456
IT,2005,49,49.0,0.00221,-6.114762763452475,0.0024126979644207,-6.027009670326706,-0.0877530931257695,-1.055265486894248,0.019533620205000927,-0.020613155236437624,-0.06713993788933187,0.0023634737231497593,-6.047622825563144
IT,2005,50,50.0,0.00236,-6.049093659944618,0.0026300209580005,-5.940763464002716,-0.1083301959419023,-1.055265486894248,0.02336324817568371,-0.02465442946154402,-0.08367576648035828,0.0025659720803383875,-5.965417893464259
IT,2005,51,51.0,0.00268,-5.921938484459372,0.0028353161606786,-5.865601827498809,-0.0563366569605632,-1.055265486894248,0.015358875611923273,-0.016207691350764403,-0.0401289656097988,0.002789732631206959,-5.881809518849574
IT,2005,52,52.0,0.00299,-5.812481891579542,0.003120748271742,-5.769682475228986,-0.0427994163505554,-1.055265486894248,0.008430700098026272,-0.008896626843803077,-0.03390278950675232,0.003093107277017788,-5.778579102072789
IT,2005,53,53.0,0.00319,-5.747734362185384,0.003343445466861,-5.700753426798839,-0.0469809353865455,-1.055265486894248,0.006545893278057699,-0.006907655257227342,-0.040073280129318156,0.0033204296822751285,-5.707661082056066
IT,2005,54,54.0,0.00352,-5.649294289372131,0.0036617651410296,-5.609809968858145,-0.0394843205139858,-1.055265486894248,-0.006658735007069886,0.0070267332393353765,-0.04651105375332118,0.0036875859997619496,-5.602783235618809
IT,2005,55,55.0,0.00392,-5.5416636251797655,0.003919054977847,-5.54190473132334,0.0002411061435747,-1.055265486894248,-0.007383466951780047,0.00779151784783776,-0.007550411704263059,0.0039497096327178105,-5.534113213475503
IT,2005,56,56.0,0.00423,-5.46555328592395,0.0042662539192676,-5.457019139075702,-0.0085341468482482,-1.055265486894248,-0.006357544446047569,0.00670889723531021,-0.015243044083558411,0.004294972004016482,-5.450310241840391
IT,2005,57,57.0,0.00469,-5.362322696523949,0.004702781021304,-5.359601238595046,-0.0027214579289038,-1.055265486894248,-0.01768697832733739,0.0186644577962857,-0.0213859157251895,0.004791380134372725,-5.34093678079876
IT,2005,58,58.0,0.00533,-5.234404040804384,0.0050873183153263,-5.2810044408262815,0.0466004000218971,-1.055265486894248,-0.02491836799741731,0.026295493737404623,0.02030490628449248,0.00522286620119322,-5.254708947088877
IT,2005,59,59.0,0.00564,-5.177871213472169,0.0055616052785895,-5.191868493220225,0.0139972797480556,-1.055265486894248,-0.013342691217290164,0.01408008154389331,-8.280179583771037e-05,0.005640467021463366,-5.177788411676332
IT,2005,60,60.0,0.00643,-5.046780740732609,0.0061860616057273,-5.085456645873389,0.0386759051407805,-1.055265486894248,-0.01547062623274049,0.01632561792405182,0.022350287216728684,0.006287881760967954,-5.069131027949338
IT,2005,61,61.0,0.0072,-4.933674252960127,0.0066348914240222,-5.015412975458123,0.0817387224979953,-1.055265486894248,-0.03214767288348347,0.03392432967790619,0.047814392820089105,0.006863837126188026,-4.9814886457802166
IT,2005,62,62.0,0.00758,-4.882242079327857,0.0072364317230652,-4.928627050008129,0.0463849706802719,-1.055265486894248,-0.02672553104528206,0.028202530531006912,0.018182440149264987,0.007443422522277422,-4.900424519477122
IT,2005,63,63.0,0.00819,-4.804841381117159,0.0079242713956805,-4.837824900898856,0.0329835197816974,-1.055265486894248,-0.023228165554247015,0.024511881433262675,0.008471638348434722,0.008120910346411206,-4.8133130194655935
IT,2005,64,64.0,0.00883,-4.729600264366269,0.0086895207010601,-4.745637496454923,0.0160372320886539,-1.055265486894248,-0.01886198267866328,0.01990439933519048,-0.0038671672465365806,0.008864213198228567,-4.725733097119733
IT,2005,65,65.0,0.00998,-4.607172188658764,0.0096133433999382,-4.644603208083748,0.0374310194249831,-1.055265486894248,-0.022375203371646467,0.023611779880338326,0.013819239544644774,0.00984303256199372,-4.62099142820341
IT,2005,66,66.0,0.01079,-4.529135499712094,0.0106147701153841,-4.545508840643225,0.016373340931131,-1.055265486894248,-0.018464169060760018,0.01948460035400063,-0.00311125942286963,0.010823622766625322,-4.526024240289225
IT,2005,67,67.0,0.01201,-4.422015642890245,0.0116670597292547,-4.450985815649389,0.028970172759144,-1.055265486894248,-0.019189574026910326,0.020250095178800737,0.008720077580343263,0.011905727162615063,-4.430735720470588
IT,2005,68,68.0,0.01311,-4.334379981206529,0.0128915965218861,-4.351179612300724,0.0167996310941953,-1.055265486894248,-0.01653121448440601,0.017444820101839953,-0.0006451890076446531,0.013118461157119492,-4.333734792198884
IT,2005,69,69.0,0.01499,-4.200371966867631,0.0142505987370618,-4.250956356514234,0.0505843896466027,-1.055265486894248,-0.014296704179657003,0.015086818497128777,0.035497571149473925,0.014467224924791902,-4.235869538017105
IT,2005,70,70.0,0.01634,-4.11413918955028,0.0158750304108398,-4.143007818561764,0.0288686290114839,-1.055265486894248,-0.011571929030223659,0.01221145732238465,0.01665717168909925,0.016070076139733297,-4.130796361239379
IT,2005,71,71.0,0.01842,-3.994318248154976,0.0177681478501279,-4.030347871278306,0.0360296231233299,-1.055265486894248,-0.006886958403974012,0.007267569513390068,0.02876205360993983,0.01789774947372079,-4.023080301764916
IT,2005,72,72.0,0.02045,-3.8897723964933264,0.0199711716967142,-3.9134654604306167,0.0236930639372903,-1.055265486894248,-0.002896168791214284,0.0030562269695886667,0.020636836967701633,0.020032301495956577,-3.910409233461028
IT,2005,73,73.0,0.02248,-3.795129253956647,0.0222082246993511,-3.8072925767626407,0.012163322805994,-1.055265486894248,-0.0016371444514913566,0.001727622036719243,0.010435700769274758,0.022246625279030912,-3.8055649547259214
IT,2005,74,74.0,0.02526,-3.678533162059792,0.0250839301960372,-3.6855278691135114,0.0069947070537184,-1.055265486894248,0.0007045949651442528,-0.0007435347489561856,0.0077382418026745855,0.025065286354327053,-3.6862714038624675
IT,2005,75,75.0,0.02824,-3.567015866357096,0.0280640232910096,-3.5732668328679056,0.0062509665108096,-1.055265486894248,0.000370568473987709,-0.0003910481211302982,0.006642014631939898,0.028053051052906744,-3.573657880989036
IT,2005,76,76.0,0.03166,-3.452701224529271,0.0317451343868658,-3.450015813044826,-0.0026854114844443,-1.055265486894248,0.005038492888424606,-0.005316947651116597,0.002631536166672297,0.03157679509134239,-3.455332760695943
IT,2005,77,77.0,0.03598,-3.32479205045975,0.0357057254612253,-3.332444225990433,0.007652175530683,-1.055265486894248,0.007775996137115107,-0.008205740349720565,0.015857915880403563,0.0354139323755427,-3.3406499663401537
IT,2005,78,78.0,0.04038,-3.209420666097446,0.0402986978717473,-3.211436121426263,0.0020154553288169,-1.055265486894248,0.009940278872714576,-0.010489633224479752,0.012505088553296653,0.03987818866113826,-3.2219257546507425
IT,2005,79,79.0,0.04439,-3.1147410601361933,0.0457661904583945,-3.0842096600638587,-0.0305314000723346,-1.055265486894248,0.012954914706751053,-0.013670874375693103,-0.016860525696641496,0.04514478388161229,-3.0978805344395517
IT,2005,80,80.0,0.05086,-2.9786785189881635,0.0523813382922301,-2.949204890549116,-0.0294736284390473,-1.055265486894248,0.010974036936345317,-0.011580522430827902,-0.017893106008219396,0.05177823390124784,-2.960785412979944
IT,2005,81,81.0,0.05733,-2.858931232061846,0.0588927865635188,-2.832036665034768,-0.0268945670270777,-1.055265486894248,0.014806651770122341,-0.01562494858947173,-0.01126961843760597,0.05797974151787338,-2.84766161362424
IT,2005,82,82.0,0.0639,-2.750435917598648,0.066970776564354,-2.703498925422554,-0.0469369921760942,-1.055265486894248,0.01789024826514346,-0.018878961546175587,-0.02805803062991861,0.06571829779809464,-2.7223778869687294
IT,2005,83,83.0,0.07267,-2.6218266343535928,0.0755332189436638,-2.583182733483827,-0.0386439008697658,-1.055265486894248,0.018734084623436602,-0.01976943293166887,-0.018874467938096932,0.07405463359066698,-2.6029521664154958
IT,2005,84,84.0,0.08138,-2.508625736408593,0.0846548979072113,-2.4691723113891872,-0.0394534250194058,-1.055265486894248,0.019922349749662695,-0.021023368108655304,-0.018430056910750493,0.08289374438177421,-2.4901956794978424
IT,2005,85,85.0,0.0925,-2.3805466344637574,0.0954963971313739,-2.348666758580157,-0.0318798758835998,-1.055265486894248,0.023234561599630082,-0.024518630959208036,-0.007361244924391764,0.09318342750801974,-2.373185389539365
IT,2006,20,20.0,0.00038,-7.875339305243843,0.0004184065734627,-7.779056934384059,-0.0962823708597842,-0.383302798656411,-0.020818097729608808,0.007979635122461732,-0.10426200598224593,0.0004217586616853493,-7.771077299261597
IT,2006,21,21.0,0.00044,-7.728735831051967,0.0004218063072491,-7.77096433685662,0.0422285058046529,-0.383302798656411,0.01124028878226586,-0.004308434147948766,0.046536939952601664,0.00041999289184671285,-7.775272771004569
IT,2006,22,22.0,0.00047,-7.66277786326017,0.0004421111907896,-7.723949144650628,0.0611712813904574,-0.383302798656411,0.00276927128068778,-0.0010614694321264496,0.062232750822583845,0.0004416421522541307,-7.725010614082754
IT,2006,23,23.0,0.00044,-7.728735831051967,0.0004213859850636,-7.771961315183283,0.0432254841313159,-0.383302798656411,-0.0103238590166454,0.003957164054014405,0.039268320077301494,0.00042305678216541875,-7.768004151129269
IT,2006,24,24.0,0.00046,-7.684284068481133,0.0004304895153148,-7.750587589062476,0.066303520581342,-0.383302798656411,-0.03404405815922482,0.013049182770052497,0.05325433781128949,0.00043614386375836865,-7.7375384062924235
IT,2006,25,25.0,0.00047,-7.66277786326017,0.000448785281643,-7.708965999206433,0.046188135946263,-0.383302798656411,-0.012738064842770661,0.00488253590370083,0.04130560004256217,0.0004509818499418731,-7.704083463302732
IT,2006,26,26.0,0.00041,-7.799353398265921,0.0004373461340676,-7.734785607584857,-0.064567790681064,-0.383302798656411,0.006127122532955127,-0.0023485432145924578,-0.06221924746647154,0.0004363202129536837,-7.7371341507994496
IT,2006,27,27.0,0.00047,-7.66277786326017,0.0004478560579335,-7.711038676432403,0.0482608131722326,-0.383302798656411,-0.03143672832684167,0.012049785948279684,0.03621102722395292,0.0004532852723107226,-7.698988890484123
IT,2006,28,28.0,0.00049,-7.621105166859602,0.0004457936635973,-7.715654350668062,0.0945491838084606,-0.383302798656411,-0.02199641158147994,0.008431286119579552,0.08611789768888105,0.00044956816712538413,-7.707223064548483
IT,2006,29,29.0,0.00049,-7.621105166859602,0.0004526136415734,-7.700471684756339,0.0793665178967373,-0.383302798656411,-0.03104662944695269,0.011900259955865506,0.06746625794087178,0.0004580320377852172,-7.6885714248004735
IT,2006,30,30.0,0.00048,-7.641724454062337,0.0004776120372039,-7.646711792677624,0.0049873386152867,-0.383302798656411,-0.018074871731114737,0.006928148919891927,-0.0019408103046052267,0.0004809324935500507,-7.639783643757732
IT,2006,31,31.0,0.0005,-7.600902459542082,0.0004945917626102,-7.611777857665331,0.0108753981232503,-0.383302798656411,0.010258689204186393,-0.003932184282510954,0.014807582405761254,0.0004926507553551811,-7.615710041947842
IT,2006,32,32.0,0.00057,-7.469874197135678,0.0005227960320784,-7.556319165993442,0.0864449688577639,-0.383302798656411,0.006447742620522178,-0.002471437791462372,0.08891640664922627,0.0005215055695133901,-7.558790603784905
IT,2006,33,33.0,0.00055,-7.505592279737757,0.0005453751650973,-7.514036623798001,0.0084443440602433,-0.383302798656411,-0.0020866022828795127,0.0007998004947105733,0.007644543565532726,0.0005458115309036884,-7.5132368233032905
IT,2006,34,34.0,0.00058,-7.4524824544238095,0.0005880542581771,-7.438691338511298,-0.0137911159125119,-0.383302798656411,0.01811470890812967,-0.0069434186213323205,-0.00684769729117958,0.0005839852938991611,-7.44563475713263
IT,2006,35,35.0,0.00062,-7.385791079925137,0.0006327562828166,-7.36542522920602,-0.0203658507191173,-0.383302798656411,0.016948107300335476,-0.006496256960147738,-0.01386959375896956,0.000628659058131551,-7.371921486166167
IT,2006,36,36.0,0.00066,-7.323270722943802,0.000700975552659,-7.263037546489195,-0.0602331764546075,-0.383302798656411,0.030239483176575755,-0.011590878531504943,-0.048642297923102554,0.0006928975362669442,-7.2746284250207
IT,2006,37,37.0,0.00076,-7.182192124683898,0.0007306963006596,-7.221512641914783,0.0393205172308857,-0.383302798656411,0.003559633096937248,-0.0013644173282460347,0.04068493455913173,0.0007297000058008743,-7.22287705924303
IT,2006,38,38.0,0.00072,-7.236259345954173,0.000802750616854,-7.127466456568825,-0.1087928893853487,-0.383302798656411,0.018172622344844853,-0.006965617003705062,-0.10182727238164364,0.0007971783930263535,-7.13443207357253
IT,2006,39,39.0,0.00085,-7.070274208479912,0.0008934836710579,-7.020382498788684,-0.0498917096912281,-0.383302798656411,0.03919246412919994,-0.015022581186963334,-0.03486912850426477,0.0008801615568824961,-7.035405079975647
IT,2006,40,40.0,0.00094,-6.969630682700225,0.0009778645563422,-6.930139387967783,-0.0394912947324419,-0.383302798656411,0.025300944700742685,-0.009697922912445762,-0.02979337181999614,0.000968427136904519,-6.939837310880229
IT,2006,41,41.0,0.00103,-6.878196476740593,0.0010826395907236,-6.828353154231635,-0.0498433225089574,-0.383302798656411,0.031488123759986116,-0.01206948596164211,-0.03777383654731529,0.0010696512264919578,-6.840422640193277
IT,2006,42,42.0,0.00112,-6.794426593675134,0.0012055448917077,-6.720823621959031,-0.0736029717161024,-0.383302798656411,0.055019431192838746,-0.021089101956698927,-0.052513869759403475,0.0011803872411014639,-6.74191272391573
IT,2006,43,43.0,0.00127,-6.668738378511637,0.0013085323993305,-6.638849075635335,-0.0298893028763025,-0.383302798656411,0.029298691132149172,-0.011230270307922547,-0.018659032568379953,0.0012939194341346255,-6.650079345943257
IT,2006,44,44.0,0.0014,-6.571283042360924,0.0014586960445788,-6.5302123624828186,-0.0410706798781053,-0.383302798656411,0.03827562880574758,-0.014671155641576988,-0.026399524236528315,0.0014374515098723958,-6.544883518124395
IT,2006,45,45.0,0.00154,-6.475972862556599,0.0016008445229585,-6.437223962138915,-0.0387489004176844,-0.383302798656411,0.0430999932610285,-0.016520348039024677,-0.02222855237865972,0.0015746152690268667,-6.45374431017794
IT,2006,46,46.0,0.00166,-6.400937676613685,0.0017705697361819,-6.336453899341642,-0.0644837772720432,-0.383302798656411,0.041338410793171895,-0.015845128549031175,-0.048638648723012025,0.0017427359285828443,-6.352299027890673
IT,2006,47,47.0,0.00181,-6.3144284337044025,0.0019053474164345,-6.263090916199216,-0.0513375175051864,-0.383302798656411,0.03697931135613883,-0.014174273535194813,-0.037163243969991586,0.001878531001546766,-6.277265189734411
IT,2006,48,48.0,0.0019,-6.265901392809743,0.0020745860549164,-6.177993636807091,-0.0879077560026511,-0.383302798656411,0.025181846785233445,-0.009652272348116926,-0.07825548365453418,0.002054657915936339,-6.187645909155208
IT,2006,49,49.0,0.00215,-6.142287436842565,0.0023012417910094,-6.0743063926110015,-0.0679810442315638,-0.383302798656411,0.019533620205000927,-0.007487291292468272,-0.06049375293909553,0.0022840760659693354,-6.08179368390347
IT,2006,50,50.0,0.0023,-6.074846156047033,0.0025137235020333,-5.98599015814299,-0.0888559979040426,-0.383302798656411,0.02336324817568371,-0.008955198411443854,-0.07990079949259875,0.0024913131038698166,-5.994945356554434
IT,2006,51,51.0,0.00262,-5.944580961209131,0.0027158774207413,-5.908640202579082,-0.0359407586300495,-0.383302798656411,0.015358875611923273,-0.005887100006265887,-0.030053658623783615,0.002699935749908037,-5.9145273025853475
IT,2006,52,52.0,0.00293,-5.832752855953161,0.0030001015351418,-5.809109145839459,-0.0236437101137019,-0.383302798656411,0.008430700098026272,-0.0032315109422063485,-0.020412199171495553,0.002990422321868221,-5.812340656781665
IT,2006,53,53.0,0.00311,-5.773132552790995,0.0032215013323421,-5.737907775807478,-0.035224776983517,-0.383302798656411,0.006545893278057699,-0.0025090592131857044,-0.0327157177703313,0.0032134285265529045,-5.740416835020663
IT,2006,54,54.0,0.00348,-5.660722985195754,0.0035369660143036,-5.64448597742706,-0.0162370077686944,-0.383302798656411,-0.006658735007069886,0.002552311763721304,-0.018789319532415704,0.0035460049844979135,-5.6419336656633385
IT,2006,55,55.0,0.00383,-5.564890475789582,0.0037960385643676,-5.573797239074352,0.0089067632847701,-0.383302798656411,-0.007383466951780047,0.0028301035464044118,0.006076659738365688,0.003806796963081356,-5.5709671355279475
IT,2006,56,56.0,0.00418,-5.477444032445472,0.0041487838575996,-5.48494003404753,0.0074960016020577,-0.383302798656411,-0.006357544446047569,0.0024368645787525554,0.005059137023305144,0.0041589062104195424,-5.482503169468777
IT,2006,57,57.0,0.0045,-5.403677882205863,0.0045707726537303,-5.388073017528726,-0.0156048646771367,-0.383302798656411,-0.01768697832733739,0.006779468292643708,-0.02238433296978041,0.004601865338857742,-5.381293549236083
IT,2006,58,58.0,0.0052,-5.259096653394756,0.0049526498992906,-5.307832512451211,0.048735859056455,-0.383302798656411,-0.02491836799741731,0.009551280191360402,0.0391845788650946,0.005000180674705186,-5.298281232259851
IT,2006,59,59.0,0.00559,-5.1867759918151295,0.0054213491804536,-5.217410568224621,0.0306345764094917,-0.383302798656411,-0.013342691217290164,0.005114290885195634,0.02552028552429607,0.00544914655850241,-5.2122962773394255
IT,2006,60,60.0,0.00629,-5.068794208269788,0.0060322920038974,-5.110628240313975,0.0418340320441874,-0.383302798656411,-0.01547062623274049,0.005929934331976717,0.03590409771221068,0.006068169369429724,-5.104698305981999
IT,2006,61,61.0,0.00677,-4.995254192057954,0.0064842773497319,-5.038374901542948,0.0431207094849943,-0.383302798656411,-0.03214767288348347,0.012322292986530026,0.030798416498464275,0.006564672826087656,-5.026052608556418
IT,2006,62,62.0,0.00743,-4.902229420252469,0.0070836270392499,-4.949969208774739,0.0477397885222696,-0.383302798656411,-0.02672553104528206,0.010243970845235411,0.03749581767703419,0.007156564454666988,-4.939725237929504
IT,2006,63,63.0,0.00804,-4.823326195791262,0.0077618623573595,-4.858532979075986,0.0352067832847238,-0.383302798656411,-0.023228165554247015,0.008903420864597325,0.026303362420126472,0.007831278044606213,-4.849629558211388
IT,2006,64,64.0,0.00868,-4.746733750309878,0.0085032094881683,-4.767311599910509,0.020577849600631,-0.383302798656411,-0.01886198267866328,0.007229850748940383,0.013347998851690615,0.008564909194732372,-4.760081749161569
IT,2006,65,65.0,0.0095,-4.656463480375642,0.0093975067899753,-4.667310859996237,0.0108473796205954,-0.383302798656411,-0.022375203371646467,0.008576478072858454,0.0022709015477369466,0.0094784509124853,-4.658734381923379
IT,2006,66,66.0,0.0105,-4.55638002181866,0.0103760107995718,-4.568258791146273,0.0118787693276134,-0.383302798656411,-0.018464169060760018,0.00707736767585443,0.004801401651758971,0.010449706119836793,-4.561181423470418
IT,2006,67,67.0,0.01148,-4.467148888090716,0.0113892628942054,-4.4750842187878845,0.0079353306971681,-0.383302798656411,-0.019189574026910326,0.007355417429539103,0.0005799132676289976,0.011473344525673076,-4.467728801358345
IT,2006,68,68.0,0.0127,-4.366153285517592,0.012555948655053,-4.377560729286596,0.0114074437690039,-0.383302798656411,-0.01653121448440601,0.006336460777062222,0.005070982991941678,0.012635761529754272,-4.371224268509534
IT,2006,69,69.0,0.01381,-4.282362311560936,0.0138681633322742,-4.278159473591405,-0.0042028379695313,-0.383302798656411,-0.014296704179657003,0.005479966723625338,-0.009682804693156638,0.013944369017457511,-4.27267950686778
IT,2006,70,70.0,0.01543,-4.171441612607068,0.0154266693845587,-4.171657489143364,0.0002158765362958,-0.383302798656411,-0.011571929030223659,0.004435552783138096,-0.004219676246842296,0.015495247168638525,-4.167221936360225
IT,2006,71,71.0,0.0171,-4.068676815473522,0.0172398381658065,-4.060532400924843,-0.0081444145486795,-0.383302798656411,-0.006886958403974012,0.0026397904304735283,-0.010784204979153028,0.017285407846360165,-4.05789261049437
IT,2006,72,72.0,0.01983,-3.920559336450432,0.0193201176593358,-3.946608360188576,0.0260490237381434,-0.383302798656411,-0.002896168791214284,0.0011101096030537898,0.024938914135089613,0.019341577016396962,-3.9454982505855223
IT,2006,73,73.0,0.02152,-3.838772543688554,0.0214757234580797,-3.840832123293704,0.002059579605151,-0.383302798656411,-0.0016371444514913566,0.0006275220500614519,0.001432057555089548,0.02148920417737269,-3.8402046012436424
IT,2006,74,74.0,0.02371,-3.741858378904823,0.0242127649209949,-3.720875308811929,-0.0209830700928939,-0.383302798656411,0.0007045949651442528,-0.00027007322205900846,-0.02071299687083489,0.024206226584512314,-3.721145382033988
IT,2006,75,75.0,0.02689,-3.616000808701364,0.027060790884557,-3.609669429595013,-0.0063313791063506,-0.383302798656411,0.000370568473987709,-0.00014203993317332428,-0.006189339173177276,0.02705694744459565,-3.6098114695281867
IT,2006,76,76.0,0.03043,-3.492326315073257,0.0305872616319437,-3.4871716432328843,-0.0051546718403732,-0.383302798656411,0.005038492888424606,-0.0019312684251435754,-0.0032234034152296247,0.03052824642478831,-3.489102911658028
IT,2006,77,77.0,0.03387,-3.385225612152457,0.0343777728302338,-3.370345062096324,-0.0148805500561333,-0.383302798656411,0.007775996137115107,-0.0029805610816976613,-0.01189998897443564,0.03427546032853408,-3.3733256231780215
IT,2006,78,78.0,0.03822,-3.26439634017001,0.0388108380670016,-3.2490557397349717,-0.0153406004350387,-0.383302798656411,0.009940278872714576,-0.003810136711336691,-0.01153046372370201,0.03866324482185822,-3.2528658764463083
IT,2006,79,79.0,0.043,-3.146555163288575,0.0441021695761263,-3.121246301001898,-0.025308862286677,-0.383302798656411,0.012954914706751053,-0.004965655063452776,-0.020343207223224222,0.0438837162452857,-3.1262119560653505
IT,2006,80,80.0,0.04852,-3.025779194906288,0.0504124818201807,-2.9875164794039755,-0.038262715502312,-0.383302798656411,0.010974036936345317,-0.004206379070259986,-0.03405633643205201,0.05020087317686686,-2.9917228584742355
IT,2006,81,81.0,0.05494,-2.901513598315009,0.0568009997147196,-2.8682013527986583,-0.0333122455163508,-0.383302798656411,0.014806651770122341,-0.005675431062218795,-0.027636814454132005,0.05647954262321265,-2.873876783860877
IT,2006,82,82.0,0.0621,-2.779009290042704,0.0646642519515784,-2.7385467502390823,-0.0404625398036215,-0.383302798656411,0.01789024826514346,-0.0068573822286874895,-0.033605157574934014,0.06422234136599995,-2.74540413246777
IT,2006,83,83.0,0.07056,-2.651291867283601,0.0730611007980406,-2.6164591906871624,-0.0348326765964386,-0.383302798656411,0.018734084623436602,-0.007180827066429285,-0.027651849530009313,0.07253834083866943,-2.6236400177535915
IT,2006,84,84.0,0.07774,-2.55438535355806,0.0821531369510487,-2.499170249579116,-0.0552151039789441,-0.383302798656411,0.019922349749662695,-0.00763629241485756,-0.04757881156408654,0.08152818078542373,-2.5068065419939733
IT,2006,85,85.0,0.088,-2.430418464503931,0.0928669590294644,-2.3765873581099517,-0.0538311063939795,-0.383302798656411,0.023234561599630082,-0.008905872486692988,-0.04492523390728651,0.09204356967663616,-2.3854932305966448
IT,2007,20,20.0,0.00043,-7.751725349276666,0.000402844189104,-7.816960698310663,0.0652353490339976,-0.3892501194353856,-0.020818097729608808,0.008103447027667758,0.05713190200632984,0.000406121878004044,-7.808857251282996
IT,2007,21,21.0,0.0004,-7.824046010856292,0.0004080387427343,-7.804148430386196,-0.0198975804700962,-0.3892501194353856,0.01124028878226586,-0.004375283750985211,-0.015522296719110987,0.00040625735732852423,-7.808523714137181
IT,2007,22,22.0,0.00047,-7.66277786326017,0.0004272776163532,-7.758076600601009,0.0952987373408387,-0.3892501194353856,0.00276927128068778,-0.0010779391767567017,0.0963766765175954,0.00042681728522031564,-7.759154539777765
IT,2007,23,23.0,0.00042,-7.77525584668686,0.0004075381617349,-7.805375981238872,0.0301201345520123,-0.3892501194353856,-0.0103238590166454,0.004018563355263305,0.026101571196748996,0.0004091791747064526,-7.801357417883609
IT,2007,24,24.0,0.00042,-7.77525584668686,0.0004169767182931,-7.782480169155441,0.0072243224685815,-0.3892501194353856,-0.03404405815922482,0.013251653704543476,-0.006027331235961976,0.0004225391235013787,-7.769228515450898
IT,2007,25,25.0,0.00046,-7.684284068481133,0.0004354878815906,-7.7390435884868785,0.0547595200057449,-0.3892501194353856,-0.012738064842770661,0.004958293261424166,0.049801226744320734,0.0004376525202412037,-7.734085295225454
IT,2007,26,26.0,0.00047,-7.66277786326017,0.000425130427131,-7.763114548753069,0.1003366854928993,-0.3892501194353856,0.006127122532955127,-0.0023849831777480257,0.10272166867064733,0.0004241177063550037,-7.765499531930817
IT,2007,27,27.0,0.00045,-7.706262975199909,0.000434362378832,-7.741631397993497,0.0353684227935877,-0.3892501194353856,-0.03143672832684167,0.01223675025588089,0.02313167253770681,0.00043971021612602187,-7.729394647737616
IT,2007,28,28.0,0.00045,-7.706262975199909,0.0004335173274976,-7.743578791382921,0.0373158161830122,-0.3892501194353856,-0.02199641158147994,0.008562105835240967,0.02875371034777123,0.0004372450846895716,-7.735016685547681
IT,2007,29,29.0,0.00048,-7.641724454062337,0.0004406526910551,-7.727253541424525,0.0855290873621879,-0.3892501194353856,-0.03104662944695269,0.012084904220292495,0.0734441831418954,0.00044601024417567734,-7.715168637204233
IT,2007,30,30.0,0.00048,-7.641724454062337,0.000465297466191,-7.67283364466685,0.0311091906045133,-0.3892501194353856,-0.018074871731114737,0.007035645980115687,0.024073544624397612,0.0004685826776794987,-7.665797998686735
IT,2007,31,31.0,0.00045,-7.706262975199909,0.00048153217655,-7.63853750330975,-0.0677254718901592,-0.3892501194353856,0.010258689204186393,-0.003993195997980054,-0.06373227589217915,0.00047961315824782835,-7.64253069930773
IT,2007,32,32.0,0.00049,-7.621105166859602,0.0005093952317804,-7.582286355925183,-0.0388188109344183,-0.3892501194353856,0.006447742620522178,-0.002509784585126884,-0.036309026349291416,0.0005081183624836562,-7.58479614051031
IT,2007,33,33.0,0.00052,-7.5616817463888015,0.0005315827814294,-7.539651621737343,-0.0220301246514589,-0.3892501194353856,-0.0020866022828795127,0.0008122101878249986,-0.022842334839283898,0.0005320147137663646,-7.538839411549517
IT,2007,34,34.0,0.00052,-7.5616817463888015,0.0005738123253534,-7.463208174422057,-0.0984735719667444,-0.3892501194353856,0.01811470890812967,-0.007051152606026717,-0.09142241936071768,0.000569780518228537,-7.470259327028084
IT,2007,35,35.0,0.00062,-7.385791079925137,0.0006150360831216,-7.3938296201363825,0.0080385402112455,-0.3892501194353856,0.016948107300335476,-0.006597052790859315,0.014635593002104815,0.000610992011756002,-7.400426672927241
IT,2007,36,36.0,0.00064,-7.354042381610556,0.0006812161965119,-7.291630833016881,-0.0624115485936753,-0.3892501194353856,0.030239483176575755,-0.011770722438146447,-0.050640826155528854,0.000673244796348018,-7.303401555455027
IT,2007,37,37.0,0.00072,-7.236259345954173,0.0007108607560847,-7.249033989696849,0.0127746437426754,-0.3892501194353856,0.003559633096937248,-0.0013855876081289755,0.014160231350804376,0.0007098764782890382,-7.250419577304978
IT,2007,38,38.0,0.00075,-7.195437351433918,0.0007802860020017,-7.1558500362544,-0.039587315179518,-0.3892501194353856,0.018172622344844853,-0.007073695418185017,-0.03251361976133298,0.0007747859721861439,-7.162923731672586
IT,2007,39,39.0,0.00085,-7.070274208479912,0.0008683972722902,-7.048861261040367,-0.0214129474395452,-0.3892501194353856,0.03919246412919994,-0.015255671343258143,-0.006157276096287058,0.0008552498304235572,-7.064116932383625
IT,2007,40,40.0,0.00088,-7.035588650492022,0.0009504302860297,-6.958595743249858,-0.0769929072421637,-0.3892501194353856,0.025300944700742685,-0.009848395746592176,-0.06714451149557153,0.0009411160130497421,-6.96844413899645
IT,2007,41,41.0,0.00101,-6.897804948128969,0.0010520065799799,-6.857055909952342,-0.0407490381766271,-0.3892501194353856,0.031488123759986116,-0.012256755934370799,-0.028492282242256306,0.0010391910906868325,-6.869312665886713
IT,2007,42,42.0,0.00112,-6.794426593675134,0.0011718516611203,-6.749170164847825,-0.0452564288273089,-0.3892501194353856,0.055019431192838746,-0.021416320163079462,-0.02384010866422944,0.0011470217425362003,-6.770586485010904
IT,2007,43,43.0,0.00127,-6.668738378511637,0.0012730258624941,-6.666358643435554,-0.002379735076083,-0.3892501194353856,0.029298691132149172,-0.011404519022489538,0.009024783946406538,0.0012585900878257334,-6.677763162458044
IT,2007,44,44.0,0.00132,-6.630123542383857,0.0014178537285479,-6.558611009544094,-0.0715125328397627,-0.3892501194353856,0.03827562880574758,-0.014898793084101731,-0.05661373975566096,0.0013968860039738494,-6.573509802628196
IT,2007,45,45.0,0.00151,-6.495645628155304,0.0015581178078741,-6.464276719582121,-0.0313689085731834,-0.3892501194353856,0.0430999932610285,-0.01677667752451966,-0.014592231048663737,0.0015321958182870287,-6.48105339710664
IT,2007,46,46.0,0.00164,-6.41305903714603,0.0017241894958056,-6.362998196420419,-0.0500608407256111,-0.3892501194353856,0.041338410793171895,-0.016090981338511195,-0.033969859387099906,0.0016966676156616079,-6.37908917775893
IT,2007,47,47.0,0.00179,-6.325539659129474,0.0018579523939701,-6.288280261109168,-0.0372593980203062,-0.3892501194353856,0.03697931135613883,-0.01439420136201535,-0.02286519665829085,0.0018314002102803686,-6.302674462471184
IT,2007,48,48.0,0.00187,-6.281816848115642,0.0020251535473375,-6.202109755452581,-0.0797070926630612,-0.3892501194353856,0.025181846785233445,-0.0098020368687557,-0.0699050557943055,0.0020053998888068156,-6.211911792321336
IT,2007,49,49.0,0.00218,-6.12843040218114,0.0022486898672718,-6.097407513569875,-0.0310228886112646,-0.3892501194353856,0.019533620205000927,-0.007603463997802073,-0.023419424613462525,0.0022316568717679975,-6.1050109775676775
IT,2007,50,50.0,0.00231,-6.0705077544484345,0.00245880402488,-6.008080216004174,-0.0624275384442603,-0.3892501194353856,0.02336324817568371,-0.00909414714278344,-0.05333339130147686,0.0024365446676279296,-6.017174363146958
IT,2007,51,51.0,0.00258,-5.959965880048611,0.0026593822485333,-5.929661420553268,-0.0303044594953432,-0.3892501194353856,0.015358875611923273,-0.005978444166334366,-0.024326015329008834,0.002643530711222486,-5.935639864719603
IT,2007,52,52.0,0.00282,-5.871018394032115,0.0029428808386503,-5.828366300305754,-0.0426520937263603,-0.3892501194353856,0.008430700098026272,-0.0032816510200806438,-0.03937044270627966,0.0029332391597098064,-5.831647951325835
IT,2007,53,53.0,0.00311,-5.773132552790995,0.0031635670932371,-5.75605506105565,-0.0170774917353444,-0.3892501194353856,0.006545893278057699,-0.002547989740295247,-0.014529501995049153,0.0031555166173612564,-5.758603050795945
IT,2007,54,54.0,0.00339,-5.686925357589778,0.0034775656085806,-5.661422767750634,-0.0255025898391441,-0.3892501194353856,-0.006658735007069886,0.0025919133967905366,-0.028094503235934636,0.0034865908487375793,-5.658830854353843
IT,2007,55,55.0,0.00361,-5.624047506637347,0.0037373649111211,-5.589374485100184,-0.0346730215371628,-0.3892501194353856,-0.007383466951780047,0.002874015392827606,-0.0375470369299904,0.003748121605452698,-5.586500469707357
IT,2007,56,56.0,0.00401,-5.518964037663659,0.0040925893076686,-5.498577426680092,-0.020386610983567,-0.3892501194353856,-0.006357544446047569,0.002474674934939789,-0.02286128591850679,0.00410272967773212,-5.496102751745153
IT,2007,57,57.0,0.00457,-5.388242074076024,0.0045076493119286,-5.40197947821553,0.0137374041395066,-0.3892501194353856,-0.01768697832733739,0.006884658426367155,0.006852745713139445,0.004538790011284458,-5.395094819789163
IT,2007,58,58.0,0.00481,-5.337058194864468,0.0048881755768927,-5.320936137771704,-0.0161220570927635,-0.3892501194353856,-0.02491836799741731,0.009699477719129579,-0.02582153481189308,0.004935819011681716,-5.311236660052574
IT,2007,59,59.0,0.00535,-5.230658718074222,0.0053541352394814,-5.22988607468087,-0.0007726433933523,-0.3892501194353856,-0.013342691217290164,0.005193644149919667,-0.005966287543271967,0.005382015048881354,-5.224692430530951
IT,2007,60,60.0,0.00619,-5.084820192285632,0.0059585817175206,-5.122922793082439,0.0381026007968063,-0.3892501194353856,-0.01547062623274049,0.006021943108834446,0.03208065768797186,0.005994572215235113,-5.116900849973605
IT,2007,61,61.0,0.00674,-4.999695354057922,0.0064119606140212,-5.049590186795608,0.049894832737686,-0.3892501194353856,-0.03214767288348347,0.012513485509465648,0.037381347228220355,0.006492700706671648,-5.037076701286142
IT,2007,62,62.0,0.00703,-4.957568573159564,0.0070101698282353,-4.960393351662007,0.0028247785024433,-0.3892501194353856,-0.02672553104528206,0.010402916151350148,-0.007578137648906847,0.0070834766785653315,-4.9499904355106565
IT,2007,63,63.0,0.00813,-4.812194355422418,0.0076837511643401,-4.868647418210271,0.0564530627878534,-0.3892501194353856,-0.023228165554247015,0.009041566216255561,0.047411496571597836,0.007753539331016017,-4.859605851994015
IT,2007,64,64.0,0.00858,-4.758321365482266,0.008413666975352,-4.7778978744221545,0.0195765089398882,-0.3892501194353856,-0.01886198267866328,0.007342029010457857,0.012234479929430345,0.008475667689375814,-4.770555845411697
IT,2007,65,65.0,0.00965,-4.6407973636312425,0.009293854067803,-4.678401950206871,0.037604586575628,-0.3892501194353856,-0.022375203371646467,0.00870955058480443,0.02889503599082357,0.00937515288409278,-4.669692399622067
IT,2007,66,66.0,0.01017,-4.588313068921669,0.0102613533627034,-4.579370541242195,-0.0089425276794736,-0.3892501194353856,-0.018464169060760018,0.007187180012175989,-0.01612970769164959,0.010335369220526115,-4.572183361230019
IT,2007,67,67.0,0.01131,-4.482067988854108,0.0112559928642973,-4.486854593116823,0.0047866042627155,-0.3892501194353856,-0.019189574026910326,0.007469543981889018,-0.002682939719173518,0.011340384790277977,-4.479385049134934
IT,2007,68,68.0,0.01242,-4.388447202476804,0.0123951991245549,-4.390446048714389,0.0019988462375843,-0.3892501194353856,-0.01653121448440601,0.006434777212467016,-0.004435930974882716,0.012475216640767919,-4.3840112715019215
IT,2007,69,69.0,0.01355,-4.301368731656427,0.0136851184341017,-4.291446282226487,-0.0099224494299399,-0.3892501194353856,-0.014296704179657003,0.005564993809463866,-0.015487443239403764,0.013761488335390728,-4.285881288417023
IT,2007,70,70.0,0.01507,-4.195049266343733,0.0152123019845129,-4.185650837383419,-0.0093984289603135,-0.3892501194353856,-0.011571929030223659,0.004504374757112365,-0.013902803717425864,0.015280978449720735,-4.181146462626307
IT,2007,71,71.0,0.01713,-4.066923966646108,0.016987535328635,-4.075275419822853,0.0083514531767452,-0.3892501194353856,-0.006886958403974012,0.0026807493812934166,0.0056707037954517835,0.017033135747796115,-4.07259467044156
IT,2007,72,72.0,0.01882,-3.972835144824904,0.0190098819055263,-3.9627963347301143,-0.0100388100947887,-0.3892501194353856,-0.002896168791214284,0.0011273340478851965,-0.011166144142673896,0.01903132447684417,-3.961669000682229
IT,2007,73,73.0,0.0212,-3.8537540973041695,0.0211267803603891,-3.8572138318751694,0.0034597345709999,-0.3892501194353856,-0.0016371444514913566,0.0006372586732759895,0.0028224758977239105,0.02114024787510174,-3.8565765732018935
IT,2007,74,74.0,0.02358,-3.747356383872912,0.0237983257837594,-3.738140045999241,-0.0092163378736711,-0.3892501194353856,0.0007045949651442528,-0.0002742636743359718,-0.00894207419933513,0.02379179966246685,-3.7384143096735767
IT,2007,75,75.0,0.02654,-3.629102250078076,0.0265838992782432,-3.6274495367482142,-0.0016527133298613,-0.3892501194353856,0.000370568473987709,-0.00014424382275870433,-0.0015084695071025957,0.026580064991530265,-3.627593780570973
IT,2007,76,76.0,0.02991,-3.5095624063402804,0.0300371703698801,-3.505319651932985,-0.0042427544072949,-0.3892501194353856,0.005038492888424606,-0.001961233958593619,-0.0022815204487012805,0.02997831818164998,-3.5072808858915785
IT,2007,77,77.0,0.03344,-3.398002490765636,0.0337472295052156,-3.388856953767415,-0.0091455369982211,-0.3892501194353856,0.007775996137115107,-0.0030268074251011525,-0.006118729573119948,0.0336452375732083,-3.391883761192516
IT,2007,78,78.0,0.03736,-3.2871546656214954,0.0381042186865129,-3.267430276299097,-0.0197243893223983,-0.3892501194353856,0.009940278872714576,-0.003869254738425189,-0.015855134583973113,0.03795706862193207,-3.2712995310375224
IT,2007,79,79.0,0.04302,-3.146090155142553,0.0433115431461544,-3.139336094139721,-0.0067540610028316,-0.3892501194353856,0.012954914706751053,-0.0050427020968780815,-0.0017113589059535184,0.043093685693484124,-3.144378796236599
IT,2007,80,80.0,0.049,-3.0159349808715104,0.0494779088494838,-3.0062289948916834,-0.0097059859798269,-0.3892501194353856,0.010974036936345317,-0.0042716451881607475,-0.005434340791666153,0.049267007546686385,-3.010500640079844
IT,2007,81,81.0,0.05418,-2.915443442325188,0.055806481626316,-2.8858652581630038,-0.0295781841621844,-0.3892501194353856,0.014806651770122341,-0.005763490969958285,-0.023814693192226115,0.05548576658032099,-2.891628749132962
IT,2007,82,82.0,0.0623,-2.7757938531887296,0.0635667244110263,-2.755665146637998,-0.0201287065507314,-0.3892501194353856,0.01789024826514346,-0.006963781273935792,-0.013164925276795608,0.06312559738466579,-2.762628927911934
IT,2007,83,83.0,0.07065,-2.6500171698516004,0.0718832216204629,-2.6327123986434406,-0.0173047712081597,-0.3892501194353856,0.018734084623436602,-0.007292244677185319,-0.010012526530974383,0.07136093820390053,-2.640004643320626
IT,2007,84,84.0,0.07809,-2.5498932713075533,0.0809582141848705,-2.5138221316794622,-0.036071139628091,-0.3892501194353856,0.019922349749662695,-0.007754777019489729,-0.028316362608601268,0.08033282928025273,-2.521576908698952
IT,2007,85,85.0,0.0896,-2.4123999590012524,0.0916091055715195,-2.390224606439867,-0.0221753525613852,-0.3892501194353856,0.023234561599630082,-0.009044055877684833,-0.013131296683700368,0.09078432301350953,-2.399268662317552
IT,2008,20,20.0,0.0004,-7.824046010856292,0.0003823339500564,-7.869216116453549,0.0451701055972568,-0.8745605001166931,-0.020818097729608808,0.01820668596188487,0.02696341963537193,0.0003893587392338853,-7.851009430491664
IT,2008,21,21.0,0.00038,-7.875339305243843,0.000389792056151,-7.849897150392957,-0.0254421548508858,-0.8745605001166931,0.01124028878226586,-0.009830312578874486,-0.015611842272011315,0.00038597905062217133,-7.859727462971832
IT,2008,22,22.0,0.00045,-7.706262975199909,0.0004076401034903,-7.805125872127004,0.0988628969270948,-0.8745605001166931,0.00276927128068778,-0.0024218952761971,0.1012847922032919,0.00040665403640690424,-7.807547767403201
IT,2008,23,23.0,0.00033,-8.016417903503749,0.0003891901266194,-7.851442576372295,-0.1649753271314535,-0.8745605001166931,-0.0103238590166454,0.009028839304731633,-0.17400416643618513,0.0003927199729600166,-7.842413737067564
IT,2008,24,24.0,0.0004,-7.824046010856292,0.0003990402117551,-7.826448364811168,0.002402353954876,-0.8745605001166931,-0.03404405815922482,0.029773588529733445,-0.027371234574857444,0.00041109970720605414,-7.796674776281434
IT,2008,25,25.0,0.00042,-7.77525584668686,0.00041779921987,-7.780509576076477,0.0052537293896168,-0.8745605001166931,-0.012738064842770661,0.011140208359412374,-0.005886478969795573,0.000422479612099546,-7.769369367717064
IT,2008,26,26.0,0.00036,-7.929406526514119,0.0004088469036993,-7.802169790579624,-0.1272367359344945,-0.8745605001166931,0.006127122532955127,-0.005358539346697494,-0.121878196587797,0.0004066619408121555,-7.807528329926321
IT,2008,27,27.0,0.00042,-7.77525584668686,0.0004164235925421,-7.783807564466024,0.0085517177791638,-0.8745605001166931,-0.03143672832684167,0.02749332084755526,-0.01894160306839146,0.0004280312959751435,-7.756314243618468
IT,2008,28,28.0,0.00044,-7.728735831051967,0.0004171451250007,-7.782076375126495,0.053340544074528,-0.8745605001166931,-0.02199641158147994,0.019237192713471716,0.034103351361056286,0.0004252475098603532,-7.762839182413024
IT,2008,29,29.0,0.00046,-7.684284068481133,0.000424679445317,-7.764175919939462,0.0798918514583286,-0.8745605001166931,-0.03104662944695269,0.027152155776064595,0.052739695682264,0.0004363683795326577,-7.737023764163397
IT,2008,30,30.0,0.00052,-7.5616817463888015,0.000448839085662,-7.708846118283104,0.1471643718943021,-0.8745605001166931,-0.018074871731114737,0.015807568860708783,0.13135680303359332,0.0004559905148551872,-7.693038549422395
IT,2008,31,31.0,0.00045,-7.706262975199909,0.0004640912985617,-7.67542926095187,-0.0308337142480388,-0.8745605001166931,0.010258689204186393,-0.008971844360954972,-0.02186186988708383,0.00045994616620775137,-7.684401105312825
IT,2008,32,32.0,0.00046,-7.684284068481133,0.0004914818203451,-7.618085607168577,-0.0661984613125561,-0.8745605001166931,0.006447742620522178,-0.005638941010827593,-0.060559520301728516,0.0004887181826703766,-7.623724548179405
IT,2008,33,33.0,0.00053,-7.542633551418106,0.0005131382124391,-7.574965329121161,0.0323317777030549,-0.8745605001166931,-0.0020866022828795127,0.00182485993605974,0.030506917766995156,0.0005140754727289826,-7.573140469185102
IT,2008,34,34.0,0.00056,-7.487573774235079,0.0005547417220097,-7.497007918282271,0.0094341440471916,-0.8745605001166931,0.01811470890812967,-0.0158424088821622,0.0252765529293538,0.000546022525724642,-7.512850327164433
IT,2008,35,35.0,0.00055,-7.505592279737757,0.0005914171928243,-7.432988879571256,-0.0726034001665016,-0.8745605001166931,0.016948107300335476,-0.01482214519661277,-0.05778125496988883,0.0005827157675202327,-7.447811024767868
IT,2008,36,36.0,0.00062,-7.385791079925137,0.0006548852618988,-7.331050510346995,-0.0547405695781417,-0.8745605001166931,0.030239483176575755,-0.026446257530176417,-0.02829431204796528,0.0006377930068873463,-7.357496767877172
IT,2008,37,37.0,0.00066,-7.323270722943802,0.0006843946344161,-7.286975855813162,-0.03629486713064,-0.8745605001166931,0.003559633096937248,-0.0031131145014893728,-0.03318175262915063,0.0006822673485153056,-7.290088970314651
IT,2008,38,38.0,0.00074,-7.208860371766058,0.0007503426383694,-7.194980604599369,-0.0138797671666894,-0.8745605001166931,0.018172622344844853,-0.015893057686339307,0.0020132905196499074,0.0007385116637448231,-7.210873662285708
IT,2008,39,39.0,0.00079,-7.143477612503207,0.0008349630786235,-7.088123051308349,-0.055354561194858,-0.8745605001166931,0.03919246412919994,-0.03427618102963865,-0.021078380165219353,0.000806828657678849,-7.122399232337988
IT,2008,40,40.0,0.00085,-7.070274208479912,0.0009138659662471,-6.9978266425074285,-0.0724475659724834,-0.8745605001166931,0.025300944700742685,-0.022127206850906318,-0.05032035912157709,0.0008938667444208107,-7.019953849358335
IT,2008,41,41.0,0.00097,-6.938214486466846,0.0010111909289056,-6.896626505235251,-0.0415879812315944,-0.8745605001166931,0.031488123759986116,-0.02753826926326978,-0.014049711968324618,0.0009837244068313807,-6.9241647744985215
IT,2008,42,42.0,0.00102,-6.887952651685957,0.0011269395616468,-6.788249673005045,-0.099702978680912,-0.8745605001166931,0.055019431192838746,-0.048117821260145036,-0.05158515742076697,0.0010739976249915407,-6.83636749426519
IT,2008,43,43.0,0.00116,-6.759335273863864,0.0012256496251928,-6.704284269268232,-0.055051004595632,-0.8745605001166931,0.029298691132149172,-0.0256234779692969,-0.029427526626335104,0.0011946431621896632,-6.729907747237529
IT,2008,44,44.0,0.00133,-6.622576336748475,0.0013634154729734,-6.597762350285683,-0.0248139864627923,-0.8745605001166931,0.03827562880574758,-0.0334743530706355,0.008660366607843202,0.0013185314450370308,-6.631236703356318
IT,2008,45,45.0,0.00143,-6.550080834710321,0.0015010767859362,-6.501572571119455,-0.0485082635908655,-0.8745605001166931,0.0430999932610285,-0.037693551661391184,-0.010814711929474315,0.0014455489653017314,-6.539266122780846
IT,2008,46,46.0,0.00162,-6.425329129737844,0.0016622335529092,-6.399593067205451,-0.0257360625323928,-0.8745605001166931,0.041338410793171895,-0.036152941217305716,0.010416878684912916,0.0016032122463320107,-6.435746008422757
IT,2008,47,47.0,0.00178,-6.331141914678144,0.0017945389386092,-6.323007148749237,-0.0081347659289061,-0.8745605001166931,0.03697931135613883,-0.03234064503359568,0.024205879104689583,0.001737430825842116,-6.355347793782833
IT,2008,48,48.0,0.00186,-6.287178791257027,0.0019589296401703,-6.235357056861582,-0.0518217343954452,-0.8745605001166931,0.025181846785233445,-0.022023048518355702,-0.029798685877089497,0.0019162596241949356,-6.257380105379937
IT,2008,49,49.0,0.00212,-6.156339190298216,0.0021782020184887,-6.129255504645716,-0.0270836856525003,-0.8745605001166931,0.019533620205000927,-0.017083332655575153,-0.010000352996925147,0.002141307110093127,-6.1463388373012915
IT,2008,50,50.0,0.00227,-6.087975447488826,0.0023850520735538,-6.038534321104972,-0.0494411263838534,-0.8745605001166931,0.02336324817568371,-0.020432574008876363,-0.02900855237497704,0.002336813814681081,-6.058966895113849
IT,2008,51,51.0,0.0025,-5.991464547107982,0.0025834179069875,-5.958641986632164,-0.0328225604758181,-0.8745605001166931,0.015358875611923273,-0.013432265936393697,-0.019390294539424403,0.002548948768213819,-5.972074252568557
IT,2008,52,52.0,0.00272,-5.907123398674231,0.0028657795590348,-5.854914868432839,-0.0522085302413914,-0.8745605001166931,0.008430700098026272,-0.00737315729406371,-0.044835372947327694,0.0028447274213095745,-5.862288025726903
IT,2008,53,53.0,0.00312,-5.769922277160746,0.0030854013719449,-5.781073525729442,0.0111512485686962,-0.8745605001166931,0.006545893278057699,-0.005724779698968641,0.016876028267664843,0.003067788591553619,-5.786798305428411
IT,2008,54,54.0,0.00331,-5.710807089593166,0.0033973063785585,-5.6847724029496725,-0.0260346866434932,-0.8745605001166931,-0.006658735007069886,0.005823466617927571,-0.031858153261420774,0.0034171481968539906,-5.678948936331745
IT,2008,55,55.0,0.00371,-5.596723402362794,0.0036579594795499,-5.6108498062891465,0.0141264039263528,-0.8745605001166931,-0.007383466951780047,0.006457288549943833,0.007669115376408966,0.0036816564060194166,-5.604392517739202
IT,2008,56,56.0,0.00404,-5.511510587009078,0.0040163634507525,-5.517378400002244,0.0058678129931655,-0.8745605001166931,-0.006357544446047569,0.005560057250249466,0.0003077557429160341,0.004038756858100463,-5.511818342751994
IT,2008,57,57.0,0.00453,-5.397033339487194,0.004422052173885,-5.421151397908879,0.0241180584216849,-0.8745605001166931,-0.01768697832733739,0.015468332611509298,0.008649725810175602,0.004490985716752749,-5.40568306529737
IT,2008,58,58.0,0.0049,-5.318520073865556,0.0048006630205654,-5.339001241322791,0.0204811674572349,-0.8745605001166931,-0.02491836799741731,0.02179262037791308,-0.0013114529206781807,0.004906430334930455,-5.317208620944878
IT,2008,59,59.0,0.00519,-5.261021581804339,0.0052628360096251,-5.247085232201952,-0.0139363496023872,-0.8745605001166931,-0.013342691217290164,0.011668990703895894,-0.025605340306283093,0.0053246076998081145,-5.235416241498056
IT,2008,60,60.0,0.00593,-5.127731065972503,0.0058584367236274,-5.139872481694892,0.0121414157223886,-0.8745605001166931,-0.01547062623274049,0.013529998615223953,-0.0013885828928353536,0.005938240016203267,-5.126342483079669
IT,2008,61,61.0,0.00656,-5.026764676026139,0.0063135828373449,-5.0650519605024185,0.0382872844762793,-0.8745605001166931,-0.03214767288348347,0.028115084874567153,0.010172199601712145,0.006493608616295095,-5.036936875627851
IT,2008,62,62.0,0.00705,-4.95472766215796,0.0069101465737604,-4.974764429595327,0.0200367674373671,-0.8745605001166931,-0.02672553104528206,0.023373093796846083,-0.003336326359478982,0.007073560381540957,-4.951391335798481
IT,2008,63,63.0,0.00777,-4.857485114602581,0.0075773516417035,-4.882591528015994,0.0251064134134129,-0.8745605001166931,-0.023228165554247015,0.020314436083915612,0.0047919773294972864,0.007732855405257159,-4.862277091932079
IT,2008,64,64.0,0.00861,-4.754830960542498,0.0082917646090608,-4.792492472527308,0.03766151198481,-0.8745605001166931,-0.01886198267866328,0.01649594500464416,0.021165566980165838,0.008429679492820296,-4.775996527522664
IT,2008,65,65.0,0.00936,-4.671309988492636,0.0091528268284791,-4.693692504404585,0.022382515911949,-0.8745605001166931,-0.022375203371646467,0.01956846905091985,0.0028140468610291514,0.009333697546905667,-4.674124035353666
IT,2008,66,66.0,0.01017,-4.588313068921669,0.0101053572207527,-4.594689577860457,0.0063765089387883,-0.8745605001166931,-0.018464169060760018,0.01614803292801745,-0.00977152398922915,0.010269863513728739,-4.57854154493244
IT,2008,67,67.0,0.01098,-4.511679842900753,0.0110748153984204,-4.50308163150404,-0.0085982113967126,-0.8745605001166931,-0.019189574026910326,0.016782443458001,-0.0253806548547136,0.011262246236227404,-4.486299188046039
IT,2008,68,68.0,0.012,-4.422848629194137,0.0121769532905855,-4.408210188336717,-0.0146384408574196,-0.8745605001166931,-0.01653121448440601,0.014457547207018442,-0.02909598806443804,0.012354280940304002,-4.393752641129699
IT,2008,69,69.0,0.01321,-4.326781160447903,0.0134367212464586,-4.309763928525552,-0.0170172319223516,-0.8745605001166931,-0.014296704179657003,0.012503332757381245,-0.029520564679732846,0.013605779738209556,-4.29726059576817
IT,2008,70,70.0,0.01492,-4.205052684206522,0.0149216433941253,-4.204942543212927,-0.0001101409935948,-0.8745605001166931,-0.011571929030223659,0.010120352039987282,-0.010230493033582082,0.015073422411381468,-4.19482219117294
IT,2008,71,71.0,0.01649,-4.10500114241063,0.0166457450607852,-4.095600647119428,-0.0094004952912012,-0.8745605001166931,-0.006886958403974012,0.006023061786062374,-0.015423557077263575,0.01674630594997975,-4.089577585333366
IT,2008,72,72.0,0.01799,-4.017939231019695,0.018590331838657,-3.985113627023104,-0.0328256039965912,-0.8745605001166931,-0.002896168791214284,0.0025328748264667224,-0.035358478823057926,0.01863747850528381,-3.982580752196637
IT,2008,73,73.0,0.02062,-3.881493800393323,0.0206549926804573,-3.879798212504941,-0.0016955878883821,-0.8745605001166931,-0.0016371444514913566,0.00143178187025955,-0.00312736975864165,0.02068458730597592,-3.8783664306346814
IT,2008,74,74.0,0.0233,-3.759301918410482,0.0232385718784756,-3.761941799898852,0.0026398814883701,-0.8745605001166931,0.0007045949651442528,-0.0006162109250962617,0.0032560924134663618,0.023224256427722075,-3.7625580108239483
IT,2008,75,75.0,0.02583,-3.656218671874388,0.0259401894374541,-3.6519617972117113,-0.0042568746626767,-0.8745605001166931,0.000370568473987709,-0.00032408454993817056,-0.00393279011273853,0.025931783984947186,-3.6522858817616495
IT,2008,76,76.0,0.0292,-3.533586569707901,0.0292949798451399,-3.530339113982212,-0.0032474557256896,-0.8745605001166931,0.005038492888424606,-0.004406466860335025,0.0011590111346454247,0.029166176479573012,-3.534745580842547
IT,2008,77,77.0,0.03257,-3.424363659693995,0.0328968596459676,-3.4143780772569405,-0.0099855824370544,-0.8745605001166931,0.007775996137115107,-0.006800579070580862,-0.0031850033664735378,0.03267390093422564,-3.4211786563275215
IT,2008,78,78.0,0.03679,-3.302529209865454,0.0371510948434233,-3.292762037366398,-0.009767172499056,-0.8745605001166931,0.009940278872714576,-0.008693375262220658,-0.0010737972368353426,0.03682952621811713,-3.3014554126286186
IT,2008,79,79.0,0.04214,-3.1667578706060944,0.0422447455651545,-3.164275298234747,-0.0024825723713473,-0.8745605001166931,0.012954914706751053,-0.011329856684905304,0.008847284313558003,0.04176881982843818,-3.1756051549196522
IT,2008,80,80.0,0.04873,-3.0214604221267223,0.0482178157331704,-3.032026705198471,0.0105662830717485,-0.8745605001166931,0.010974036936345317,-0.009597459231349222,0.020163742303097722,0.04775726082610303,-3.04162416442982
IT,2008,81,81.0,0.0538,-2.9224818118143983,0.0544638925504296,-2.9102173188880944,-0.0122644929263038,-0.8745605001166931,0.014806651770122341,-0.012949312777131914,0.0006848198508281143,0.05376316930466049,-2.9231666316652265
IT,2008,82,82.0,0.06179,-2.784013739909249,0.0620841131198738,-2.779265150149342,-0.0047485897599068,-0.8745605001166931,0.01789024826514346,-0.015646104469975664,0.010897514710068864,0.06112029823604599,-2.7949112546193176
IT,2008,83,83.0,0.07038,-2.653846147088698,0.0702904297440829,-2.6551196239407275,0.0012734768520297,-0.8745605001166931,0.018734084623436602,-0.016384090417501166,0.017657567269530865,0.06914816799965187,-2.6715037143582285
IT,2008,84,84.0,0.07836,-2.546441685905797,0.0793392977813453,-2.534021714687008,-0.0124199712187893,-0.8745605001166931,0.019922349749662695,-0.017423300160564682,0.005003328941775383,0.07796891831511718,-2.5514450148475727
IT,2008,85,85.0,0.08794,-2.431100515229473,0.0899028729517136,-2.409025380821483,-0.0220751344079901,-0.8745605001166931,0.023234561599630082,-0.020320029812564595,-0.0017551045954255044,0.08809447942223887,-2.4293454106340477
IT,2009,20,20.0,0.00043,-7.751725349276666,0.0003654865897914,-7.914280969484573,0.1625556202079074,-0.3051324385809503,-0.020818097729608808,0.006352276926852081,0.1562033432810553,0.00036781565141332965,-7.9079286925577215
IT,2009,21,21.0,0.00037,-7.902007552326004,0.0003747128141618,-7.8893506542923,-0.012656898033704,-0.3051324385809503,0.01124028878226586,-0.003429776726486882,-0.009227121307217118,0.00037342983429766095,-7.892780431018787
IT,2009,22,22.0,0.00046,-7.684284068481133,0.0003914311319457,-7.845700966191664,0.1614168977105308,-0.3051324385809503,0.00276927128068778,-0.0008449944989684536,0.16226189220949927,0.0003911005144971493,-7.846545960690633
IT,2009,23,23.0,0.00039,-7.849363818840582,0.0003740316215798,-7.891170214445171,0.0418063956045884,-0.3051324385809503,-0.0103238590166454,0.0031501442773149424,0.03865625132727346,0.00037521173293671113,-7.888020070167856
IT,2009,24,24.0,0.00039,-7.849363818840582,0.0003841926832257,-7.864366351991878,0.0150025331512955,-0.3051324385809503,-0.03404405815922482,0.010387946485315968,0.004614586665979532,0.00038820445723038003,-7.853978405506562
IT,2009,25,25.0,0.00041,-7.799353398265921,0.0004031226622361,-7.8162696695351475,0.0169162712692267,-0.3051324385809503,-0.012738064842770661,0.003886796788276881,0.013029474480949819,0.0004046925670791698,-7.812382872746871
IT,2009,26,26.0,0.00041,-7.799353398265921,0.0003953058191116,-7.835850867022112,0.0364974687561918,-0.3051324385809503,0.006127122532955127,-0.0018695838399648869,0.03836705259615669,0.0003945674521748955,-7.837720450862077
IT,2009,27,27.0,0.00041,-7.799353398265921,0.0004015493519472,-7.820180113209186,0.020826714943265,-0.3051324385809503,-0.03143672832684167,0.009592365575376035,0.011234349367888965,0.00040541969331542413,-7.81058774763381
IT,2009,28,28.0,0.00038,-7.875339305243843,0.0004035232183294,-7.815276529581482,-0.0600627756623612,-0.3051324385809503,-0.02199641158147994,0.006711818705887232,-0.06677459436824842,0.0004062407024433175,-7.8085647108755945
IT,2009,29,29.0,0.00043,-7.751725349276666,0.0004113699510925,-7.796017624024228,0.044292274747562,-0.3051324385809503,-0.03104662944695269,0.009473333752867814,0.03481894099469418,0.00041528551336611215,-7.78654429027136
IT,2009,30,30.0,0.00043,-7.751725349276666,0.0004351137250243,-7.739903124206633,-0.0118222250700323,-0.3051324385809503,-0.018074871731114737,0.005515229688352922,-0.01733745475838522,0.000437520106933172,-7.734387894518281
IT,2009,31,31.0,0.00048,-7.641724454062337,0.0004495585045814,-7.707244557724587,0.0655201036622497,-0.3051324385809503,0.010258689204186393,-0.0031302588535174623,0.06865036251576716,0.00044815347030006757,-7.7103748165781045
IT,2009,32,32.0,0.00045,-7.706262975199909,0.0004765400771728,-7.648958731013706,-0.057304244186203,-0.3051324385809503,0.006447742620522178,-0.001967415429142259,-0.055336828757060745,0.0004756034465452905,-7.650926146442848
IT,2009,33,33.0,0.00046,-7.684284068481133,0.0004977464625222,-7.605419721982028,-0.0788643464991052,-0.3051324385809503,-0.0020866022828795127,0.0006366900429236036,-0.07950103654202881,0.0004980634736469976,-7.604783031939105
IT,2009,34,34.0,0.00051,-7.5810998322459024,0.0005388050852539,-7.526156675362003,-0.0549431568838993,-0.3051324385809503,0.01811470890812967,-0.005527385303321669,-0.04941577158057763,0.0005358351175837607,-7.531684060665325
IT,2009,35,35.0,0.00059,-7.435388021064509,0.00057177805343,-7.466759660362081,0.0313716392975722,-0.3051324385809503,0.016948107300335476,-0.00517141730988297,0.036543056607455174,0.0005688287830339354,-7.4719310776719645
IT,2009,36,36.0,0.00057,-7.469874197135678,0.0006329963674662,-7.365045874436409,-0.1048283226992694,-0.3051324385809503,0.030239483176575755,-0.00922704724309618,-0.09560127545617321,0.0006271825435412357,-7.374272921679505
IT,2009,37,37.0,0.00063,-7.369790738578696,0.0006623630345884,-7.319696761721504,-0.0500939768571919,-0.3051324385809503,0.003559633096937248,-0.0010861595273219228,-0.049007817329869974,0.0006616439932353525,-7.320782921248826
IT,2009,38,38.0,0.00068,-7.293417759794122,0.0007254440249918,-7.22872664231482,-0.0646911174793016,-0.3051324385809503,0.018172622344844853,-0.005545056571493177,-0.059146060907808426,0.0007214325290983611,-7.234271698886313
IT,2009,39,39.0,0.00073,-7.222466023821838,0.0008071651576944,-7.121982254258817,-0.1004837695630209,-0.3051324385809503,0.03919246412919994,-0.011958892153739197,-0.0885248774092817,0.00079756984563033,-7.133941146412556
IT,2009,40,40.0,0.00084,-7.082108666126914,0.0008834647146195,-7.031659205180319,-0.050449460946595,-0.3051324385809503,0.025300944700742685,-0.007720138954939387,-0.04272932199165561,0.0008766705041302586,-7.039379344135258
IT,2009,41,41.0,0.00097,-6.938214486466846,0.000977265668334,-6.930752020333005,-0.0074624661338411,-0.3051324385809503,0.031488123759986116,-0.009608047989223325,0.002145581855382225,0.0009679210167122427,-6.940360068322228
IT,2009,42,42.0,0.00102,-6.887952651685957,0.0010895923139232,-6.821951676629134,-0.0660009750568226,-0.3051324385809503,0.055019431192838746,-0.01678821320920769,-0.049212761847614916,0.0010714526977611085,-6.838739889838342
IT,2009,43,43.0,0.00116,-6.759335273863864,0.0011862108999652,-6.736991169624208,-0.0223441042396563,-0.3051324385809503,0.029298691132149172,-0.00893998107238274,-0.013404123167273558,0.0011756534589485185,-6.745931150696591
IT,2009,44,44.0,0.00123,-6.700741109597811,0.0013181496553666,-6.631526302028693,-0.0692148075691179,-0.3051324385809503,0.03827562880574758,-0.011679135955717025,-0.05753567161340087,0.001302844356636631,-6.64320543798441
IT,2009,45,45.0,0.00146,-6.529318843261892,0.0014535646548562,-6.533736356769415,0.0044175135075228,-0.3051324385809503,0.0430999932610285,-0.01315120604656015,0.01756871955408295,0.0014345736774202186,-6.546887562815975
IT,2009,46,46.0,0.00152,-6.489044944123952,0.0016105938291633,-6.431152330000123,-0.0578926141238289,-0.3051324385809503,0.041338410793171895,-0.012613690092381617,-0.04527892403144729,0.001590405887623127,-6.443766020092505
IT,2009,47,47.0,0.00166,-6.400937676613685,0.0017415922974689,-6.352955470728891,-0.0479822058847938,-0.3051324385809503,0.03697931135613883,-0.011283587451142869,-0.03669861843365093,0.0017220513418450534,-6.364239058180034
IT,2009,48,48.0,0.00186,-6.287178791257027,0.0019035601367958,-6.264029389892731,-0.0231494013642956,-0.3051324385809503,0.025181846785233445,-0.0076837983175501445,-0.015465603046745456,0.0018889896147834886,-6.271713188210281
IT,2009,49,49.0,0.00217,-6.133028111429769,0.0021191905519514,-6.1567210783254,0.0236929668956307,-0.3051324385809503,0.019533620205000927,-0.005960341167466055,0.029653308063096757,0.0021065970214149917,-6.162681419492865
IT,2009,50,50.0,0.00234,-6.057604349612527,0.002323227692609,-6.064797813376839,0.0071934637643122,-0.3051324385809503,0.02336324817568371,-0.007128884889018309,0.01432234865333051,0.002306724564161033,-6.071926698265858
IT,2009,51,51.0,0.00254,-5.975591197951692,0.0025196514385954,-5.9836347050433,0.0080435070916076,-0.3051324385809503,0.015358875611923273,-0.004686491169327634,0.012729998260935235,0.002507870741008112,-5.9883211962126275
IT,2009,52,52.0,0.00278,-5.885304351279592,0.0028009118838157,-5.877810242029502,-0.0074941092500893,-0.3051324385809503,0.008430700098026272,-0.002572480079855413,-0.004921629170233886,0.00279371585357985,-5.880382722109358
IT,2009,53,53.0,0.00298,-5.815831978464824,0.0030195443256157,-5.802649344537425,-0.013182633927399,-0.3051324385809503,0.006545893278057699,-0.0019973643786243963,-0.011185269548774603,0.003013519214514324,-5.804646708916049
IT,2009,54,54.0,0.00338,-5.68987956948721,0.0033295802625023,-5.70490903023099,0.0150294607437801,-0.3051324385809503,-0.006658735007069886,0.0020317960505715758,0.012997664693208524,0.0033363521677653506,-5.702877234180418
IT,2009,55,55.0,0.00357,-5.635189683190589,0.0035908367234349,-5.629370033043975,-0.0058196501466136,-0.3051324385809503,-0.007383466951780047,0.0022529352761785017,-0.008072585422792102,0.0035989357660439125,-5.627117097767797
IT,2009,56,56.0,0.00401,-5.518964037663659,0.0039517677031387,-5.533592280394249,0.0146282427305894,-0.3051324385809503,-0.006357544446047569,0.0019398930402092715,0.012688349690380128,0.0039594411502295425,-5.53165238735404
IT,2009,57,57.0,0.00444,-5.417100902538004,0.0043495400248223,-5.437685180892702,0.0205842783546978,-0.3051324385809503,-0.01768697832733739,0.005396870828148875,0.015187407526548926,0.004373077387421518,-5.432288310064553
IT,2009,58,58.0,0.00462,-5.37736057388849,0.0047264517775744,-5.354580510716327,-0.0227800631721626,-0.3051324385809503,-0.02491836799741731,0.007603402392509454,-0.030383465564672054,0.004762525861423908,-5.346977108323818
IT,2009,59,59.0,0.00532,-5.236281975628584,0.0051853511604303,-5.261917713377887,0.0256357377493028,-0.3051324385809503,-0.013342691217290164,0.004071287908364376,0.021564449840938422,0.005206505250887024,-5.2578464254695225
IT,2009,60,60.0,0.00565,-5.176099733823787,0.0057734247985742,-5.154489821932285,-0.0216099118915025,-0.3051324385809503,-0.01547062623274049,0.004720589908770526,-0.026330501800273024,0.005800743198167998,-5.149769232023514
IT,2009,61,61.0,0.00641,-5.049896008049559,0.0062299552501045,-5.07838612917735,0.028490121127791,-0.3051324385809503,-0.03214767288348347,0.00980929782164,0.018680823306151,0.006291367449410133,-5.06857683135571
IT,2009,62,62.0,0.0069,-4.976233867378923,0.0068250337912923,-4.987157986818265,0.0109241194393421,-0.3051324385809503,-0.02672553104528206,0.008154826460217809,0.0027692929791242916,0.0068809183120310665,-4.979003160358047
IT,2009,63,63.0,0.0078,-4.853631545286591,0.0074867770854837,-4.894616869719799,0.0409853244332083,-0.3051324385809503,-0.023228165554247015,0.007087666799329422,0.03389765763387888,0.0075400293611323594,-4.8875292029204696
IT,2009,64,64.0,0.00879,-4.734140567285052,0.0081880558306896,-4.805078792607213,0.0709382253221608,-0.3051324385809503,-0.01886198267866328,0.005755402771212172,0.06518282255094864,0.008235317263739987,-4.799323389836
IT,2009,65,65.0,0.00926,-4.682051230324049,0.0090329252677718,-4.706879014094331,0.0248277837702817,-0.3051324385809503,-0.022375203371646467,0.006827400368535188,0.018000383401746513,0.009094807672672048,-4.700051613725796
IT,2009,66,66.0,0.01008,-4.5972020163389145,0.0099727325964629,-4.607900650670002,0.0106986343310877,-0.3051324385809503,-0.018464169060760018,0.005634016931880639,0.00506461739920706,0.010029077716405559,-4.602266633738122
IT,2009,67,67.0,0.01098,-4.511679842900753,0.0109209123761755,-4.51707576122374,0.0053959183229874,-0.3051324385809503,-0.019189574026910326,0.005855361518160814,-0.00045944319517341337,0.01098504584533389,-4.5112203997055795
IT,2009,68,68.0,0.01199,-4.4236823099427145,0.0119918274421069,-4.423529907702734,-0.0001524022399808,-0.3051324385809503,-0.01653121448440601,0.005044209788331533,-0.005196612028312333,0.012052469552652522,-4.418485697914402
IT,2009,69,69.0,0.01322,-4.3260244445585965,0.0132261282929002,-4.325560989723769,-0.0004634548348274,-0.3051324385809503,-0.014296704179657003,0.004362388210009206,-0.0048258430448366064,0.013283951831690637,-4.32119860151376
IT,2009,70,70.0,0.01435,-4.244005336776507,0.014675444424587,-4.221579629257235,-0.0224257075192717,-0.3051324385809503,-0.011571929030223659,0.003530970924077836,-0.025956678443349538,0.014727354584847903,-4.218048658333157
IT,2009,71,71.0,0.01639,-4.111083886226399,0.0163565142202066,-4.113129037734117,0.0020451515077182,-0.3051324385809503,-0.006886958403974012,0.00210143441221016,-5.6282904491959575e-05,0.016390922502764943,-4.111027603321907
IT,2009,72,72.0,0.01807,-4.013502174378,0.0182359571547658,-4.004359966120113,-0.0091422082578871,-0.3051324385809503,-0.002896168791214284,0.0008837150458052576,-0.010025923303692357,0.01825207966728235,-4.003476251074307
IT,2009,73,73.0,0.02038,-3.893201251187558,0.0202565944323666,-3.8992748874612935,0.0060736362737352,-0.3051324385809503,-0.0016371444514913566,0.00049954587879283,0.00557409039494237,0.020266716058531517,-3.8987753415825006
IT,2009,74,74.0,0.02281,-3.780556242685841,0.0227664269036419,-3.782468332447757,0.0019120897619164,-0.3051324385809503,0.0007045949651442528,-0.00021499477992632554,0.0021270845418427256,0.02276153276682592,-3.782683327227683
IT,2009,75,75.0,0.02552,-3.668292820505548,0.025397588062499,-3.673101067635788,0.0048082471302399,-0.3051324385809503,0.000370568473987709,-0.00011307246212909109,0.004921319592368991,0.025394716457037475,-3.673214140097917
IT,2009,76,76.0,0.02826,-3.5663079017257555,0.0286696618727238,-3.551915792922577,-0.0143921088031779,-0.3051324385809503,0.005038492888424606,-0.0015374076218177758,-0.012854701181360124,0.028625618780813492,-3.553453200544395
IT,2009,77,77.0,0.03268,-3.4209920089903347,0.0321807321194966,-3.4363873869154573,0.0153953779251225,-0.3051324385809503,0.007775996137115107,-0.002372708663713982,0.017768086588836482,0.032104467130671256,-3.4387600955791715
IT,2009,78,78.0,0.03637,-3.3140110199832398,0.0363482928018155,-3.3146080416676837,0.0005970216844439,-0.3051324385809503,0.009940278872714576,-0.0030331015326060984,0.0036301232170499985,0.03623821176708106,-3.31764114320029
IT,2009,79,79.0,0.04107,-3.19247735101367,0.0413458691122648,-3.1857827630526523,-0.0066945879610176,-0.3051324385809503,0.012954914706751053,-0.003952964716079165,-0.0027416232449384344,0.041182752959110835,-3.1897357277687313
IT,2009,80,80.0,0.04649,-3.068518043279644,0.0471569187203563,-3.0542745421659867,-0.0142435011136572,-0.3051324385809503,0.010974036936345317,-0.0033485346514644672,-0.010894966462192733,0.04699927622694039,-3.057623076817451
IT,2009,81,81.0,0.05352,-2.927699863162164,0.0533320170128041,-2.9312184337309235,0.0035185705687594,-0.3051324385809503,0.014806651770122341,-0.004517989761836374,0.008036560330595775,0.05309160699989262,-2.93573642349276
IT,2009,82,82.0,0.0607,-2.8018115809166844,0.0608333151208427,-2.799617694011153,-0.0021938869055313,-0.3051324385809503,0.01789024826514346,-0.005458895079961839,0.0032650081744305393,0.060502137191428475,-2.8050765890911147
IT,2009,83,83.0,0.06867,-2.678442856349552,0.0689451842768342,-2.6744435208827477,-0.0039993354668048,-0.3051324385809503,0.018734084623436602,-0.005716376925731095,0.0017170414589262944,0.06855219193262722,-2.680159897808479
IT,2009,84,84.0,0.07787,-2.552714509393242,0.0779691728569789,-2.551441750194789,-0.0012727591984531,-0.3051324385809503,0.019922349749662695,-0.006078955161377163,0.004806195962924063,0.0774966394610285,-2.557520705356166
IT,2009,85,85.0,0.08852,-2.424526763799288,0.0884569673684231,-2.4252390896480063,0.0007123258487182,-0.3051324385809503,0.023234561599630082,-0.0070896184402544325,0.007801944288972632,0.0878320590197375,-2.4323287080882605
IT,2010,20,20.0,0.00033,-8.016417903503749,0.0003353009550148,-8.000482056256143,-0.0159358472476061,-0.9687788791065958,-0.020818097729608808,0.020168133383621986,-0.036103980631228084,0.00034213200259410113,-7.98031392287252
IT,2010,21,21.0,0.00035,-7.957577403480815,0.0003474748660606,-7.964818223458196,0.0072408199773814,-0.9687788791065958,0.01124028878226586,-0.010889354367317963,0.01813017434469936,0.00034371161597874464,-7.975707577825514
IT,2010,22,22.0,0.00033,-8.016417903503749,0.0003622000266968,-7.923313938807473,-0.0931039646962759,-0.9687788791065958,0.00276927128068778,-0.0026828115272467946,-0.0904211531690291,0.0003612296145885004,-7.925996750334719
IT,2010,23,23.0,0.00031,-8.078938260485081,0.0003466613629628,-7.9671621537596495,-0.1117761067254319,-0.9687788791065958,-0.0103238590166454,0.010001536566200252,-0.12177764329163215,0.00035014590560419336,-7.957160617193449
IT,2010,24,24.0,0.00038,-7.875339305243843,0.0003573135931843,-7.936896749481857,0.061557444238014,-0.9687788791065958,-0.03404405815922482,0.03298116450373358,0.028576279734280417,0.0003692947009994524,-7.903915584978123
IT,2010,25,25.0,0.00034,-7.986564940354067,0.0003764699235251,-7.884672398310678,-0.1018925420433891,-0.9687788791065958,-0.012738064842770661,0.012340368180366495,-0.11423291022375559,0.00038114448457059376,-7.872332030130312
IT,2010,26,26.0,0.00036,-7.929406526514119,0.0003706409312699,-7.900276804259279,-0.0291297222548401,-0.9687788791065958,0.006127122532955127,-0.005935826899625033,-0.023193895355215068,0.00036844738754856745,-7.906212631158904
IT,2010,27,27.0,0.00037,-7.902007552326004,0.0003745615707919,-7.889754360531239,-0.0122531917947652,-0.9687788791065958,-0.03143672832684167,0.03045523843125624,-0.04270843022602144,0.00038614441663921396,-7.859299122099983
IT,2010,28,28.0,0.00035,-7.957577403480815,0.0003786938177238,-7.878782548186127,-0.0787948552946877,-0.9687788791065958,-0.02199641158147994,0.02130965895627348,-0.10010451425096117,0.0003868502505778966,-7.857472889229854
IT,2010,29,29.0,0.00041,-7.799353398265921,0.0003870621948909,-7.856925167534376,0.0575717692684554,-0.9687788791065958,-0.03104662944695269,0.030077318875656657,0.02749445039279874,0.0003988808334727197,-7.826847848658719
IT,2010,30,30.0,0.00039,-7.849363818840582,0.0004100179252759,-7.79930967903632,-0.0500541398042617,-0.9687788791065958,-0.018074871731114737,0.01751055397566483,-0.06756469377992654,0.00041726079454803774,-7.781799125060655
IT,2010,31,31.0,0.00044,-7.728735831051967,0.0004230155625395,-7.76810158872123,0.0393657576692625,-0.9687788791065958,0.010258689204186393,-0.00993840142833463,0.04930415909759713,0.00041883228604154603,-7.778039990149565
IT,2010,32,32.0,0.00044,-7.728735831051967,0.0004492129295649,-7.708013551976978,-0.020722279074989,-0.9687788791065958,0.006447742620522178,-0.0062464368686773,-0.0144758422063117,0.00044641569483009567,-7.714259988845655
IT,2010,33,33.0,0.0005,-7.600902459542082,0.0004695791994145,-7.663673584693349,0.0627711251512668,-0.9687788791065958,-0.0020866022828795127,0.0020214562207492783,0.060749668930517524,0.0004705293932724621,-7.6616521284726
IT,2010,34,34.0,0.00052,-7.5616817463888015,0.000509585408204,-7.581913087938863,0.0202313415500619,-0.9687788791065958,0.01811470890812967,-0.017549147391360126,0.037780488941422025,0.0005007206309164124,-7.599462235330224
IT,2010,35,35.0,0.00054,-7.523941418405954,0.0005360102970634,-7.531357186138754,0.0074157677327999,-0.9687788791065958,0.016948107300335476,-0.016418968393397314,0.023834736126197215,0.0005272814166385715,-7.547776154532151
IT,2010,36,36.0,0.00057,-7.469874197135678,0.0005931442177339,-7.4300729883090595,-0.0398012088266188,-0.9687788791065958,0.030239483176575755,-0.02929537261656582,-0.01050583621005298,0.0005760198932769471,-7.459368360925625
IT,2010,37,37.0,0.00063,-7.369790738578696,0.0006221769235345,-7.382286062689769,0.0124953241110725,-0.9687788791065958,0.003559633096937248,-0.0034484973616816074,0.015943821472754107,0.0006200350433119984,-7.38573456005145
IT,2010,38,38.0,0.00067,-7.308232845579262,0.0006800958329139,-7.293276838968155,-0.0149560066111069,-0.9687788791065958,0.018172622344844853,-0.017605252705666274,0.0026492460945593734,0.0006682273542408492,-7.310882091673822
IT,2010,39,39.0,0.00071,-7.250245587928913,0.0007565447170991,-7.186748915974991,-0.0634966719539225,-0.9687788791065958,0.03919246412919994,-0.03796883146851178,-0.02552784048541072,0.000728358091012552,-7.224717747443503
IT,2010,40,40.0,0.00083,-7.09408485717363,0.0008281014319214,-7.096374908761171,0.0022900515875408,-0.9687788791065958,0.025300944700742685,-0.024511020847523463,0.02680107243506426,0.00080805055800795,-7.120885929608694
IT,2010,41,41.0,0.00086,-7.05857816871672,0.0009155110810992,-6.996028090046154,-0.0625500786705668,-0.9687788791065958,0.031488123759986116,-0.030505029241369115,-0.03204504942919769,0.000888005057782312,-7.026533119287523
IT,2010,42,42.0,0.00096,-6.9485772735023925,0.0010215669102842,-6.886417643860314,-0.0621596296420783,-0.9687788791065958,0.055019431192838746,-0.05330166288008079,-0.008857966761997509,0.0009685414220587292,-6.939719306740395
IT,2010,43,43.0,0.00116,-6.759335273863864,0.0011142723584167,-6.7995536804499634,0.0402184065860993,-0.9687788791065958,0.029298691132149172,-0.02838395315429383,0.06860235974039314,0.0010830895432813752,-6.827937633604257
IT,2010,44,44.0,0.00119,-6.733801971858699,0.0012357085298297,-6.696110765045727,-0.0376912068129717,-0.9687788791065958,0.03827562880574758,-0.03708062077153227,-0.0006105860414394315,0.0011907268192595795,-6.73319138581726
IT,2010,45,45.0,0.00134,-6.615085665019317,0.0013668315084136,-6.595259985301071,-0.0198256797182452,-0.9687788791065958,0.0430999932610285,-0.04175436316092102,0.02192868344267582,0.001310935403034778,-6.637014348461992
IT,2010,46,46.0,0.00148,-6.515713191206113,0.0015162431532185,-6.491519613318176,-0.0241935778879369,-0.9687788791065958,0.041338410793171895,-0.04004777927225707,0.01585420138432017,0.001456720806076604,-6.531567392590433
IT,2010,47,47.0,0.00164,-6.41305903714603,0.0016446275900439,-6.410241309425709,-0.0028177277203207,-0.9687788791065958,0.03697931135613883,-0.03582477580573398,0.033007048085413285,0.0015867520541225939,-6.446066085231443
IT,2010,48,48.0,0.00178,-6.331141914678144,0.0018019705054621,-6.318874487598031,-0.012267427080113,-0.9687788791065958,0.025181846785233445,-0.024395641302432488,0.012128214222319487,0.0017585421643233638,-6.343270128900464
IT,2010,49,49.0,0.00205,-6.18991548583182,0.0020107291550173,-6.209257859003758,0.0193423731719377,-0.9687788791065958,0.019533620205000927,-0.01892375868709475,0.03826613185903245,0.001973036371112077,-6.228181617690852
IT,2010,50,50.0,0.00217,-6.133028111429769,0.0022093979417674,-6.115035225106398,-0.0179928863233707,-0.9687788791065958,0.02336324817568371,-0.022633821379928084,0.004640935056557383,0.0021599525038496345,-6.137669046486327
IT,2010,51,51.0,0.00236,-6.049093659944618,0.0024020293141946,-6.031441351321112,-0.0176523086235063,-0.9687788791065958,0.015358875611923273,-0.01487935429965666,-0.002772954323849641,0.002366553253942065,-6.046320705620769
IT,2010,52,52.0,0.00271,-5.910806644090528,0.0026808937830107,-5.921605038935081,0.0107983948445538,-0.9687788791065958,0.008430700098026272,-0.008167484191049759,0.01896587903560356,0.0026590868007361677,-5.929772523126132
IT,2010,53,53.0,0.00291,-5.839602197798736,0.0028974620894721,-5.843920066710961,0.0043178689122251,-0.9687788791065958,0.006545893278057699,-0.006341523152668138,0.010659392064893237,0.0028791459041863014,-5.850261589863629
IT,2010,54,54.0,0.00331,-5.710807089593166,0.0032037706530921,-5.743426833770007,0.0326197441768414,-0.9687788791065958,-0.006658735007069886,0.006450841836417014,0.026168902340424387,0.0032245044742556252,-5.7369759919335905
IT,2010,55,55.0,0.00347,-5.663600685023369,0.0034658549134643,-5.664795948500152,0.0011952634767826,-0.9687788791065958,-0.007383466951780047,0.007152946837466067,-0.0059576833606834675,0.0034907348658138673,-5.657643001662686
IT,2010,56,56.0,0.004,-5.521460917862246,0.0038310875383976,-5.564606563512246,0.0431456456500001,-0.9687788791065958,-0.006357544446047569,0.0061590547823123275,0.03698659086768777,0.0038547562299859842,-5.558447508729934
IT,2010,57,57.0,0.00414,-5.487059491144914,0.0042141330910023,-5.469311381041842,-0.0177481101030725,-0.9687788791065958,-0.01768697832733739,0.017134771038740566,-0.034882881141813066,0.004286963480759568,-5.452176610003101
IT,2010,58,58.0,0.00458,-5.386056280856043,0.004587679697145,-5.384380895328819,-0.001675385527224,-0.9687788791065958,-0.02491836799741731,0.02414038861770361,-0.025815774144927608,0.004699775644063559,-5.360240506711116
IT,2010,59,59.0,0.00501,-5.296319363885364,0.0050403002547331,-5.290289624321527,-0.0060297395638366,-0.9687788791065958,-0.013342691217290164,0.012926117441751785,-0.018955857005588383,0.005105874666001627,-5.277363506879776
IT,2010,60,60.0,0.00562,-5.181423615076537,0.0056142335174975,-5.182450206343294,0.0010265912667568,-0.9687788791065958,-0.01547062623274049,0.014987615940831428,-0.013961024674074628,0.0056990112140861355,-5.1674625904024625
IT,2010,61,61.0,0.00601,-5.114330530435021,0.0060730639401535,-5.103892033527759,-0.0104384969072617,-0.9687788791065958,-0.03214767288348347,0.031143986501946618,-0.041582483409208316,0.00626517945477606,-5.072748047025812
IT,2010,62,62.0,0.00665,-5.013138424314374,0.0066651376829247,-5.010864667961716,-0.0022737563526584,-0.9687788791065958,-0.02672553104528206,0.02589113000957688,-0.02816488636223528,0.006839959024388221,-4.984973537952139
IT,2010,63,63.0,0.00741,-4.904924839674141,0.0073165291759014,-4.917619219754179,0.0126943800800374,-0.9687788791065958,-0.023228165554247015,0.02250295618934586,-0.00980857610930846,0.007483039168512206,-4.895116263564833
IT,2010,64,64.0,0.00821,-4.8024023555178,0.0079932791633077,-4.829154194974456,0.0267518394566561,-0.9687788791065958,-0.01886198267866328,0.01827309043716344,0.008478749019492662,0.008140683743378334,-4.810881104537293
IT,2010,65,65.0,0.00887,-4.725080482660649,0.0088079331177459,-4.732102472943679,0.0070219902830297,-0.9687788791065958,-0.022375203371646467,0.021676624442165785,-0.014654634159136086,0.009000943727775186,-4.710425848501513
IT,2010,66,66.0,0.0101,-4.595219855134923,0.0097238748345348,-4.633171094419526,0.0379512392846033,-0.9687788791065958,-0.018464169060760018,0.017887697006317774,0.020063542278285523,0.009899377551409612,-4.615283397413209
IT,2010,67,67.0,0.01069,-4.538446553945184,0.0106324561580989,-4.543844054230932,0.0053975002857482,-0.9687788791065958,-0.019189574026910326,0.018590454016323227,-0.013192953730575028,0.010831967098907267,-4.525253600214609
IT,2010,68,68.0,0.01159,-4.457612621630477,0.0116455188730437,-4.452833819056376,-0.0047788025741013,-0.9687788791065958,-0.01653121448440601,0.016015091438473576,-0.020793894012574875,0.01183352436689518,-4.436818727617902
IT,2010,69,69.0,0.01248,-4.383627916040855,0.0128324524174764,-4.355777971506575,-0.0278499445342799,-0.9687788791065958,-0.014296704179657003,0.013850345050086693,-0.04170028958436659,0.01301142285141616,-4.3419276264564886
IT,2010,70,70.0,0.0142,-4.254513314374922,0.014215769109224,-4.253403429875073,-0.0011098844998489,-0.9687788791065958,-0.011571929030223659,0.011210640435001152,-0.012320524934850053,0.014376033640753528,-4.242192789440072
IT,2010,71,71.0,0.01552,-4.165625764227064,0.0158171933130506,-4.146657746222358,-0.0189680180047062,-0.9687788791065958,-0.006886958403974012,0.006671939843055693,-0.025639957847761893,0.01592307750903028,-4.139985806379302
IT,2010,72,72.0,0.0174,-4.051285072761654,0.0175768109392192,-4.0411748059553645,-0.0101102668062891,-0.9687788791065958,-0.002896168791214284,0.0028057471552560783,-0.012916013961545177,0.01762619627549619,-4.038369058800108
IT,2010,73,73.0,0.01903,-3.961738597674079,0.0195158110471115,-3.936530319022968,-0.0252082786511107,-0.9687788791065958,-0.0016371444514913566,0.001586030966651379,-0.02679430961776208,0.019546788286708673,-3.9349442880563164
IT,2010,74,74.0,0.02205,-3.814442677089282,0.0218898557826341,-3.821731955745263,0.0072892786559806,-0.9687788791065958,0.0007045949651442528,-0.0006825967205566002,0.0079718753765372,0.021874918937364176,-3.82241455246582
IT,2010,75,75.0,0.02445,-3.711125063061256,0.0243911053000532,-3.713536750025765,0.0024116869645092,-0.9687788791065958,0.000370568473987709,-0.0003589989108620544,0.0027706858753712544,0.024382350491393246,-3.713895748936627
IT,2010,76,76.0,0.02764,-3.588491280082668,0.0275104826305552,-3.593188160377108,0.0046968802944395,-0.9687788791065958,0.005038492888424606,-0.004881185492834544,0.009578065787274045,0.027376526061239848,-3.5980693458699426
IT,2010,77,77.0,0.03068,-3.484144302483082,0.0308540486580291,-3.478487300352434,-0.0056570021306479,-0.9687788791065958,0.007775996137115107,-0.007533220821651592,0.0018762186910036916,0.030622491576619497,-3.4860205211740856
IT,2010,78,78.0,0.03493,-3.3544092201633964,0.0348606852855489,-3.3563955808634893,0.0019863607000929,-0.9687788791065958,0.009940278872714576,-0.009629932224315402,0.011616292924408302,0.03452659048596352,-3.3660255130878047
IT,2010,79,79.0,0.03975,-3.225145437881796,0.0396794151378843,-3.226922736142732,0.0017772982609356,-0.9687788791065958,0.012954914706751053,-0.012550447748527838,0.014327746009463438,0.039184532705440686,-3.23947318389126
IT,2010,80,80.0,0.04575,-3.0845634872606067,0.0451922025888055,-3.0968307161225805,0.0122672288619738,-0.9687788791065958,0.010974036936345317,-0.010631415202466996,0.022898644064440796,0.044714290461702264,-3.1074621313250477
IT,2010,81,81.0,0.05197,-2.9570886499617863,0.0512320560078001,-2.971389848949345,0.0143011989875585,-0.9687788791065958,0.014806651770122341,-0.014344371505180814,0.028645570492739313,0.0505024100309436,-2.9857342204545256
IT,2010,82,82.0,0.05911,-2.828355164145859,0.0585105319421885,-2.8385485077485537,0.0101933436026948,-0.9687788791065958,0.01789024826514346,-0.0173316946612444,0.027525038263939202,0.05750518263776833,-2.8558802024097982
IT,2010,83,83.0,0.06675,-2.706800981701778,0.0664432741834336,-2.711406715146737,0.0046057334449591,-0.9687788791065958,0.018734084623436602,-0.018149185502581024,0.02275491894754012,0.06524825994468543,-2.729555900649318
IT,2010,84,84.0,0.07545,-2.5842850937682798,0.0754139359183059,-2.584763194543809,0.0004781007755298,-0.9687788791065958,0.019922349749662695,-0.019300351659647795,0.019778452435177594,0.07397237648559818,-2.604063546203457
IT,2010,85,85.0,0.08544,-2.4599409037702524,0.0857556724081475,-2.456253044591605,-0.0036878591786475,-0.9687788791065958,0.023234561599630082,-0.022509152543022784,0.018821293364375283,0.0838469473771076,-2.478762197134628
IT,2011,20,20.0,0.00038,-7.875339305243843,0.0003240001994047,-8.034766426725447,0.1594271214816043,-0.4279851442649627,-0.020818097729608808,0.008909836560128719,0.15051728492147556,0.00032689988691510724,-8.025856590165318
IT,2011,21,21.0,0.00033,-8.016417903503749,0.0003372002466895,-7.994833600254522,-0.0215843032492264,-0.4279851442649627,0.01124028878226586,-0.004810676616057896,-0.016773626633168504,0.00033558198094537294,-7.999644276870581
IT,2011,22,22.0,0.00034,-7.986564940354067,0.0003511902012831,-7.954182597266917,-0.0323823430871499,-0.4279851442649627,0.00276927128068778,-0.0011852069685739776,-0.03119713611857592,0.00035077421477305474,-7.955367804235491
IT,2011,23,23.0,0.00037,-7.902007552326004,0.0003363406454146,-7.997386085936313,0.095378533610309,-0.4279851442649627,-0.0103238590166454,0.004418458290610118,0.09096007531969888,0.00033783004051984866,-7.992967627645703
IT,2011,24,24.0,0.0004,-7.824046010856292,0.0003471533522926,-7.965743938200278,0.1416979273439862,-0.4279851442649627,-0.03404405815922482,0.014570351142640617,0.12712757620134557,0.0003522485276431111,-7.951173587057638
IT,2011,25,25.0,0.00038,-7.875339305243843,0.0003663659327023,-7.911877907919464,0.0365386026756207,-0.4279851442649627,-0.012738064842770661,0.00545170251938965,0.03108690015623105,0.00036836870507993416,-7.906426205400074
IT,2011,26,26.0,0.00033,-8.016417903503749,0.0003612643332677,-7.925900642458957,-0.0905172610447913,-0.4279851442649627,0.006127122532955127,-0.0026223174211959036,-0.0878949436235954,0.0003603182245538238,-7.928522959880152
IT,2011,27,27.0,0.00036,-7.929406526514119,0.0003643389971264,-7.9174258129415005,-0.0119807135726182,-0.4279851442649627,-0.03143672832684167,0.01345445270818177,-0.02543516628079997,0.00036927410406766665,-7.903971360233319
IT,2011,28,28.0,0.00035,-7.957577403480815,0.0003692485692574,-7.904040511286313,-0.0535368921945016,-0.4279851442649627,-0.02199641158147994,0.009414137384011189,-0.06295102957851278,0.0003727411399932829,-7.894626373902302
IT,2011,29,29.0,0.00039,-7.849363818840582,0.000377798470696,-7.88114965082437,0.0317858319837878,-0.4279851442649627,-0.03104662944695269,0.013287496182794886,0.018498335800992916,0.0003828519662321303,-7.867862154641576
IT,2011,30,30.0,0.00039,-7.849363818840582,0.0004004437779939,-7.822937180850576,-0.0264266379900064,-0.4279851442649627,-0.018074871731114737,0.007735776585411837,-0.034162414575418236,0.0004035535342776151,-7.815201404265164
IT,2011,31,31.0,0.0004,-7.824046010856292,0.0004128996462174,-7.792305981896456,-0.0317400289598355,-0.4279851442649627,0.010258689204186393,-0.004390566579023129,-0.02734946238081237,0.0004110907567608928,-7.796696548475479
IT,2011,32,32.0,0.00045,-7.706262975199909,0.0004387849359475,-7.731501160262807,0.0252381850628982,-0.4279851442649627,0.006447742620522178,-0.002759538055627533,0.027997723118525733,0.00043757576136757125,-7.734260698318435
IT,2011,33,33.0,0.00044,-7.728735831051967,0.0004588245653842,-7.686842631456709,-0.0418931995952576,-0.4279851442649627,-0.0020866022828795127,0.0008930347790617887,-0.04278623437431939,0.0004592344946918998,-7.685949596677647
IT,2011,34,34.0,0.00051,-7.5810998322459024,0.000498409347777,-7.604088835094931,0.0229890028490284,-0.4279851442649627,0.01811470890812967,-0.007752826305363681,0.03074182915439208,0.0004945602068152298,-7.611841661400295
IT,2011,35,35.0,0.00051,-7.5810998322459024,0.0005224144761791,-7.557049269476368,-0.0240505627695348,-0.4279851442649627,0.016948107300335476,-0.0072535381479521465,-0.016797024621582654,0.000518638832788101,-7.56430280762432
IT,2011,36,36.0,0.00055,-7.505592279737757,0.0005780004389936,-7.4559359297876,-0.0496563499501574,-0.4279851442649627,0.030239483176575755,-0.012942049569824686,-0.036714300380332715,0.0005705681270757648,-7.4688779793574245
IT,2011,37,37.0,0.00052,-7.5616817463888015,0.000606880034116,-7.407179423808257,-0.1545023225805444,-0.4279851442649627,0.003559633096937248,-0.001523470084523024,-0.15297885249602136,0.0006059561744541154,-7.40870289389278
IT,2011,38,38.0,0.00067,-7.308232845579262,0.0006628577815155,-7.318950098306451,0.010717252727189,-0.4279851442649627,0.018172622344844853,-0.00777761239593111,0.01849486512312011,0.0006577223272910012,-7.326727710702382
IT,2011,39,39.0,0.00073,-7.222466023821838,0.0007373054737205,-7.21250826898897,-0.0099577548328673,-0.4279851442649627,0.03919246412919994,-0.016773792414435013,0.006816037581567713,0.0007250412114082429,-7.2292820614034055
IT,2011,40,40.0,0.0008,-7.1308988302963465,0.0008070588286263,-7.122113994425223,-0.0087848358711237,-0.4279851442649627,0.025300944700742685,-0.010828428467787202,0.002043592596663502,0.0007983667952935847,-7.13294242289301
IT,2011,41,41.0,0.00083,-7.09408485717363,0.0008920485062923,-7.021990047611216,-0.0720948095624143,-0.4279851442649627,0.031488123759986116,-0.013476449190050657,-0.05861836037236365,0.0008801075018136029,-7.035466496801266
IT,2011,42,42.0,0.00097,-6.938214486466846,0.0009957071168517,-6.912057403009439,-0.0261570834574067,-0.4279851442649627,0.055019431192838746,-0.023547499196443278,-0.0026095842609634226,0.0009725346024240595,-6.935604902205882
IT,2011,43,43.0,0.00104,-6.868534565828856,0.001086888353874,-6.824436386445586,-0.0440981793832699,-0.4279851442649627,0.029298691132149172,-0.012539404550967448,-0.031558774832302454,0.001073344514409421,-6.836975790996553
IT,2011,44,44.0,0.00117,-6.750751530172472,0.0012043712252597,-6.721797652990712,-0.0289538771817605,-0.4279851442649627,0.03827562880574758,-0.01638140051626004,-0.01257247666550046,0.0011848026557365757,-6.738179053506972
IT,2011,45,45.0,0.00129,-6.653113060608557,0.001333791685718,-6.619729501315236,-0.0333835592933207,-0.4279851442649627,0.0430999932610285,-0.018446156833640204,-0.014937402459680497,0.0013094138847003433,-6.638175658148876
IT,2011,46,46.0,0.00154,-6.475972862556599,0.0014802723004303,-6.515529221352309,0.0395563587957097,-0.4279851442649627,0.041338410793171895,-0.017692225706999964,0.057248584502709664,0.0014543133021376231,-6.533221447059309
IT,2011,47,47.0,0.00155,-6.469500348050982,0.001607579980741,-6.433025348352401,-0.0364749996985809,-0.4279851442649627,0.03697931135613883,-0.01582659590557605,-0.020648403793004852,0.001582337738275532,-6.448851944257977
IT,2011,48,48.0,0.00188,-6.276483502140279,0.0017630891994373,-6.340687781589747,0.0642042794494672,-0.4279851442649627,0.025181846785233445,-0.010777456329236323,0.07498173577870353,0.0017441896102717903,-6.351465237918983
IT,2011,49,49.0,0.00198,-6.224658434275693,0.0019691504430117,-6.230153076448228,0.0054946421725343,-0.4279851442649627,0.019533620205000927,-0.008360099261454312,0.013854741433988613,0.0019527567716882534,-6.238513175709683
IT,2011,50,50.0,0.00222,-6.110248083097949,0.0021656907292397,-6.135015924882486,0.0247678417845369,-0.4279851442649627,0.02336324817568371,-0.00999912314096812,0.03476696492550502,0.002144143626546828,-6.145015048023454
IT,2011,51,51.0,0.0023,-6.074846156047033,0.0023567887782817,-6.050455273688783,-0.0243908823582499,-0.4279851442649627,0.015358875611923273,-0.006573370594516599,-0.0178175117637333,0.0023413475383256715,-6.0570286442832995
IT,2011,52,52.0,0.00264,-5.936976361823913,0.0026346014876785,-5.939023346499089,0.002046984675176,-0.4279851442649627,0.008430700098026272,-0.0036082143977084094,0.00565519907288441,0.002625112410266403,-5.942631560896797
IT,2011,53,53.0,0.00289,-5.846498776857796,0.0028502901428166,-5.860334485386248,0.0138357085284512,-0.4279851442649627,0.006545893278057699,-0.002801545078952574,0.016637253607403774,0.002842316101526941,-5.8631360304652
IT,2011,54,54.0,0.00329,-5.716867714204857,0.0031550644777793,-5.758746346500688,0.0418786322958313,-0.4279851442649627,-0.006658735007069886,0.002849839662622963,0.03902879263320834,0.0031640687299096166,-5.755896506838065
IT,2011,55,55.0,0.0035,-5.654992310486769,0.0034173641600609,-5.678885738492387,0.0238934280056186,-0.4279851442649627,-0.007383466951780047,0.003160014168533168,0.02073341383708543,0.0034281801595811906,-5.675725724323854
IT,2011,56,56.0,0.00377,-5.580680277522218,0.0037841206849317,-5.576941734820179,-0.0037385427020391,-0.4279851442649627,-0.006357544446047569,0.0027209345769125814,-0.006459477278951681,0.0037944310503003798,-5.574220800243266
IT,2011,57,57.0,0.00428,-5.453802269388432,0.0041614574090142,-5.481889927357886,0.0280876579694542,-0.4279851442649627,-0.01768697832733739,0.007569763971036761,0.020517893998417438,0.004193078189305146,-5.4743201633868495
IT,2011,58,58.0,0.0047,-5.360192770266124,0.0045336257729728,-5.396233268244835,0.0360404979787105,-0.4279851442649627,-0.02491836799741731,0.010664691322222076,0.025375806656488423,0.004582234228791912,-5.385568576922613
IT,2011,59,59.0,0.00508,-5.282444017391747,0.0049837440316516,-5.301573856831165,0.0191298394394188,-0.4279851442649627,-0.013342691217290164,0.005710473625514781,0.013419365813904018,0.005012284984120076,-5.295863383205651
IT,2011,60,60.0,0.00561,-5.183204559447532,0.0055521459724451,-5.193570764256345,0.0103662048088128,-0.4279851442649627,-0.01547062623274049,0.006621198200088755,0.0037450066087240455,0.005589029804195036,-5.186949566056256
IT,2011,61,61.0,0.00604,-5.1093512670354135,0.0060117680913548,-5.114036382127695,0.0046851150922817,-0.4279851442649627,-0.03214767288348347,0.013758726416820502,-0.009073611324538803,0.006095054003999522,-5.100277655710875
IT,2011,62,62.0,0.00669,-5.007141404842,0.006602589095949,-5.020293419609286,0.0131520147672858,-0.4279851442649627,-0.02672553104528206,0.011438130259972782,0.0017138845073130168,0.006678543932638513,-5.008855289349313
IT,2011,63,63.0,0.00734,-4.914416436355713,0.0072498982771048,-4.926767840958144,0.0123514046024313,-0.4279851442649627,-0.023228165554247015,0.009941309785744847,0.0024100948166864526,0.0073223312043344665,-4.916826531172399
IT,2011,64,64.0,0.00788,-4.843427375112349,0.0079171055844853,-4.838729596455687,-0.0046977786566628,-0.4279851442649627,-0.01886198267866328,0.008072648377850933,-0.012770427034513733,0.007981276259198427,-4.830656948077836
IT,2011,65,65.0,0.00913,-4.69618958437526,0.0087200135621934,-4.742134485765048,0.0459449013897881,-0.4279851442649627,-0.022375203371646467,0.009576254642971993,0.036368646746816106,0.00880391974482602,-4.732558231122076
IT,2011,66,66.0,0.00992,-4.613202357685355,0.0096266325815088,-4.643221794333883,0.0300194366485273,-0.4279851442649627,-0.018464169060760018,0.007902390059202038,0.022117046589325264,0.00970300736132244,-4.63531940427468
IT,2011,67,67.0,0.01072,-4.535644123339481,0.0105198588717807,-4.554490486992521,0.01884636365304,-0.4279851442649627,-0.019189574026910326,0.008212852608290397,0.010633511044749602,0.01060661268265066,-4.546277634384231
IT,2011,68,68.0,0.01173,-4.445605616316753,0.0115105792478645,-4.464488731896515,0.0188831155797624,-0.4279851442649627,-0.01653121448440601,0.007075114215983547,0.011808001363778853,0.011592306685291995,-4.4574136176805315
IT,2011,69,69.0,0.01277,-4.360656608937689,0.0126791541990715,-4.367796035741094,0.0071394268034046,-0.4279851442649627,-0.014296704179657003,0.006118777000843997,0.0010206498025606024,0.012756972951179587,-4.36167725874025
IT,2011,70,70.0,0.01377,-4.285262966241573,0.0140369720873594,-4.266060566936634,-0.0192023993049392,-0.4279851442649627,-0.011571929030223659,0.004952613715424182,-0.024155013020363384,0.014106664224506543,-4.2611079532212095
IT,2011,71,71.0,0.01541,-4.172738629650112,0.0156076676630119,-4.159992968621751,-0.0127456610283616,-0.4279851442649627,-0.006886958403974012,0.0029475158860716145,-0.015693176914433213,0.015653739376591688,-4.157045452735679
IT,2011,72,72.0,0.0169,-4.080441657053109,0.017321322766005,-4.055817006592864,-0.0246246504602449,-0.4279851442649627,-0.002896168791214284,0.001239517217923528,-0.025864167678168428,0.017342806155575718,-4.054577489374941
IT,2011,73,73.0,0.01888,-3.9696521182647824,0.0192287686493675,-3.9513477542258335,-0.0183043640389488,-0.4279851442649627,-0.0016371444514913566,0.0007006735042541115,-0.019005037543202912,0.019242246459300377,-3.950647080721579
IT,2011,74,74.0,0.02119,-3.854225906701929,0.0215506758707264,-3.837348100013445,-0.016877806688484,-0.4279851442649627,0.0007045949651442528,-0.0003015561778056294,-0.016576250510678372,0.021544178111050794,-3.8376496561912505
IT,2011,75,75.0,0.02385,-3.735971061647787,0.0240019775986691,-3.729619052084333,-0.0063520095634537,-0.4279851442649627,0.000370568473987709,-0.00015859780179967671,-0.006193411761654023,0.023998171239631216,-3.7297776498861324
IT,2011,76,76.0,0.02684,-3.617861966878656,0.0270625822646266,-3.6096032334226034,-0.0082587334560528,-0.4279851442649627,0.005038492888424606,-0.0021564001057303938,-0.006102333350322406,0.027004287385501147,-3.611759633528334
IT,2011,77,77.0,0.03068,-3.484144302483082,0.0303417232251002,-3.4952315095388435,0.0110872070557617,-0.4279851442649627,0.007775996137115107,-0.0033280108285470016,0.014415217884308702,0.030240913482652097,-3.4985595203673907
IT,2011,78,78.0,0.03465,-3.362457553346225,0.0342860898482499,-3.373015550848162,0.0105579975019369,-0.4279851442649627,0.009940278872714576,-0.0042542916873727086,0.014812289189309609,0.034140536653619546,-3.3772698425355347
IT,2011,79,79.0,0.03941,-3.233735687775225,0.0390354468298263,-3.2432851525732254,0.0095494647980007,-0.4279851442649627,0.012954914706751053,-0.005544511039709136,0.015093975837709838,0.03881961326265851,-3.2488296636129346
IT,2011,80,80.0,0.04491,-3.1030947918824903,0.0444337309562421,-3.113756391752986,0.0106615998704957,-0.4279851442649627,0.010974036936345317,-0.00469672478137078,0.01535832465186648,0.04422552727136857,-3.118453116534357
IT,2011,81,81.0,0.05077,-2.980449650022834,0.0504200157314356,-2.9873670452145653,0.0069173951917314,-0.4279851442649627,0.014806651770122341,-0.006337026993916876,0.013254422185648276,0.05010151297685492,-2.993704072208482
IT,2011,82,82.0,0.05732,-2.859105676022166,0.0576115457010865,-2.854032285167527,-0.0050733908546387,-0.4279851442649627,0.01789024826514346,-0.007656760484693423,0.002583369630054723,0.057172112359272824,-2.8616890456522204
IT,2011,83,83.0,0.06611,-2.7164352576366504,0.0654736229746968,-2.726107920123813,0.0096726624871625,-0.4279851442649627,0.018734084623436602,-0.008017909910233535,0.017690572397396034,0.06495076029820471,-2.7341258300340465
IT,2011,84,84.0,0.07496,-2.5908006410519704,0.0744210845569209,-2.5980159827094798,0.0072153416575089,-0.4279851442649627,0.019922349749662695,-0.008526469731706432,0.01574181138921533,0.07378923299166752,-2.606542452441186
IT,2011,85,85.0,0.08459,-2.469939222666214,0.0847043699507147,-2.468588085376211,-0.001351137290003,-0.4279851442649627,0.023234561599630082,-0.009944047198150844,0.008592909908147844,0.08386623980735272,-2.4785321325743617
IT,2012,20,20.0,0.00027,-8.2170885989659,0.0003090148075558,-8.082121361321875,-0.1349672376440249,0.5885154169236353,-0.020818097729608808,-0.012251771464897712,-0.1227154661791272,0.00030525192680106746,-8.094373132786773
IT,2012,21,21.0,0.00032,-8.047189562170502,0.0003235062801143,-8.036292031184434,-0.0108975309860674,0.5885154169236353,0.01124028878226586,0.006615083239037254,-0.017512614225104653,0.0003256533949275649,-8.029676947945397
IT,2012,22,22.0,0.00034,-7.986564940354067,0.0003365312266799,-7.996819614730462,0.0102546743763953,0.5885154169236353,0.00276927128068778,0.0016297588423286183,0.008624915534066682,0.00033708013859788216,-7.995189855888134
IT,2012,23,23.0,0.00032,-8.047189562170502,0.0003225886480443,-8.039132581843365,-0.0080569803271366,0.5885154169236353,-0.0103238590166454,-0.006075750193441899,-0.0019812301336947016,0.0003206346221014089,-8.045208332036808
IT,2012,24,24.0,0.00033,-8.016417903503749,0.0003335930165355,-8.005588821345343,-0.0108290821584056,0.5885154169236353,-0.03404405815922482,-0.020035453081348683,0.009206370922943083,0.00032697583972596803,-8.025624274426692
IT,2012,25,25.0,0.00039,-7.849363818840582,0.0003528543336817,-7.9494552386550525,0.1000914198144702,0.5885154169236353,-0.012738064842770661,-0.007496547541743477,0.10758796735621368,0.0003502190345581652,-7.956951786196796
IT,2012,26,26.0,0.00034,-7.986564940354067,0.000348701847584,-7.961293305805121,-0.0252716345489458,0.5885154169236353,0.006127122532955127,0.0036059060720242866,-0.028877540620970088,0.0003499615034289792,-7.957687399733097
IT,2012,27,27.0,0.00031,-8.078938260485081,0.0003506763911207,-7.955646722386208,-0.123291538098873,0.5885154169236353,-0.03143672832684167,-0.01850099927798628,-0.10479053882088672,0.0003442481750293227,-7.9741477216641945
IT,2012,28,28.0,0.00038,-7.875339305243843,0.0003565886029345,-7.938927813408986,0.063588508165143,0.5885154169236353,-0.02199641158147994,-0.012945227332698548,0.07653373549784155,0.00035200223225889936,-7.951873040741685
IT,2012,29,29.0,0.00034,-7.986564940354067,0.0003653665471323,-7.91460946957347,-0.0719554707805967,0.5885154169236353,-0.03104662944695269,-0.018271420073046975,-0.05368405070754973,0.00035875139957398846,-7.932880889646517
IT,2012,30,30.0,0.0004,-7.824046010856292,0.0003875861446639,-7.855572425067552,0.0315264142112603,0.5885154169236353,-0.018074871731114737,-0.010637340672678219,0.04216375488393852,0.00038348510952740676,-7.866209765740231
IT,2012,31,31.0,0.00038,-7.875339305243843,0.0003993237560675,-7.825738051380867,-0.0496012538629759,0.5885154169236353,0.010258689204186393,0.006037396754091751,-0.055638650617067645,0.0004017419243918759,-7.819700654626775
IT,2012,32,32.0,0.00045,-7.706262975199909,0.0004247782975462,-7.763943177980406,0.0576802027804967,0.5885154169236353,0.006447742620522178,0.0037945959365329024,0.0538856068439638,0.00042639322160240007,-7.760148582043873
IT,2012,33,33.0,0.00041,-7.799353398265921,0.0004443737193413,-7.718844639343154,-0.0805087589227664,0.5885154169236353,-0.0020866022828795127,-0.0012279976124626457,-0.07928076131030376,0.0004438283643907922,-7.720072636955617
IT,2012,34,34.0,0.00048,-7.641724454062337,0.0004833744924257,-7.634718858100389,-0.0070055959619477,0.5885154169236353,0.01811470890812967,0.010660785465518222,-0.017666381427465922,0.0004885552103837574,-7.624058072634871
IT,2012,35,35.0,0.00055,-7.505592279737757,0.0005042006794059,-7.592536195718396,0.0869439159806386,0.5885154169236353,0.016948107300335476,0.00997422243392344,0.07696969354671515,0.0005092548529581156,-7.582561973284473
IT,2012,36,36.0,0.00055,-7.505592279737757,0.0005577170226506,-7.491658852082002,-0.013933427655755,0.5885154169236353,0.030239483176575755,0.017796402049217737,-0.031729829704972734,0.0005677312230839968,-7.473862450032785
IT,2012,37,37.0,0.00054,-7.523941418405954,0.0005863679155347,-7.441563123188319,-0.0823782952176346,0.5885154169236353,0.003559633096937248,0.0020948989561391956,-0.08447319417377379,0.0005875975846354264,-7.439468224232179
IT,2012,38,38.0,0.0007,-7.264430222920869,0.0006397641122931,-7.354411024092754,0.089980801171885,0.5885154169236353,0.018172622344844853,0.01069486841587214,0.07928593275601287,0.0006466430242529885,-7.343716155676882
IT,2012,39,39.0,0.00072,-7.236259345954173,0.0007115334623855,-7.248088110780593,0.0118287648264194,0.5885154169236353,0.03919246412919994,0.023065369367260724,-0.011236604540841324,0.0007281359800598895,-7.225022741413332
IT,2012,40,40.0,0.0008,-7.1308988302963465,0.0007788704396628,-7.157665842147911,0.0267670118515646,0.5885154169236353,0.025300944700742685,0.014889996019119422,0.011877015832445178,0.0007905545900093382,-7.142775846128791
IT,2012,41,41.0,0.00081,-7.1184763102977895,0.0008606266813385,-7.057849734858194,-0.0606265754395956,0.5885154169236353,0.031488123759986116,0.018531246282751254,-0.07915782172234685,0.0008767238560279244,-7.039318488575443
IT,2012,42,42.0,0.00101,-6.897804948128969,0.0009610615943766,-6.947472057003509,0.0496671088745399,0.5885154169236353,0.055019431192838746,0.032379783487354756,0.017287325387185144,0.0009926898555040551,-6.915092273516154
IT,2012,43,43.0,0.00105,-6.8589651148127055,0.0010501677469775,-6.858805368546623,-0.0001597462660827,0.5885154169236353,0.029298691132149172,0.017242731426953584,-0.017402477693036284,0.001068432522173019,-6.84156263711967
IT,2012,44,44.0,0.00112,-6.794426593675134,0.0011623895879162,-6.757277403150031,-0.0371491905251026,0.5885154169236353,0.03827562880574758,0.02252579764462884,-0.059674988169731435,0.0011888704723640314,-6.734751605505402
IT,2012,45,45.0,0.00132,-6.630123542383857,0.0012894651370913,-6.65352776899801,0.0234042266141525,0.5885154169236353,0.0430999932610285,0.02536501050342006,-0.0019607838892675596,0.0013225907738776174,-6.6281627584945895
IT,2012,46,46.0,0.00145,-6.536191722549654,0.0014319870613407,-6.548692245861106,0.0125005233114512,0.5885154169236353,0.041338410793171895,0.024328292062904062,-0.011827768751452862,0.0014672520904331025,-6.524363953798201
IT,2012,47,47.0,0.00157,-6.45667965962192,0.0015577768533822,-6.464495568118633,0.0078159084967133,0.5885154169236353,0.03697931135613883,0.021762894840306964,-0.013946986343593664,0.0015920501778950939,-6.442732673278327
IT,2012,48,48.0,0.00176,-6.342441469932076,0.0017107606721146,-6.370817169884486,0.0283756999524094,0.5885154169236353,0.025181846785233445,0.014819905059718766,0.013555794892690633,0.0017363027811891888,-6.355997264824767
IT,2012,49,49.0,0.002,-6.214608098422191,0.0019131304855561,-6.259014380941097,0.0444062825189055,0.5885154169236353,0.019533620205000927,0.011495836638974067,0.03291044587993143,0.0019352504210665708,-6.247518544302123
IT,2012,50,50.0,0.0022,-6.119297918617867,0.0021067389228923,-6.1626140612383695,0.0433161426205028,0.5885154169236353,0.02336324817568371,0.01374963174080286,0.029566510879699935,0.0021359058651081774,-6.148864429497567
IT,2012,51,51.0,0.00233,-6.061887011404528,0.0022956986510568,-6.076718058678485,0.0148310472739572,0.5885154169236353,0.015358875611923273,0.00903893508422928,0.005792112189727921,0.0023165433873239055,-6.067679123594256
IT,2012,52,52.0,0.00261,-5.948405057647535,0.0025719723966157,-5.963082204928835,0.0146771472812998,0.5885154169236353,0.008430700098026272,0.004961596983148064,0.009715550298151736,0.0025847651972161524,-5.958120607945687
IT,2012,53,53.0,0.00285,-5.860436284701578,0.0027863947234374,-5.883006732598793,0.0225704478972152,0.5885154169236353,0.006545893278057699,0.0038523591116737485,0.01871808878554145,0.0027971496190983434,-5.879154373487119
IT,2012,54,54.0,0.00318,-5.750874082190052,0.003089004939078,-5.779906266122372,0.0290321839323199,0.5885154169236353,-0.006658735007069886,-0.00391876820886974,0.03295095214118964,0.0030769235323030992,-5.783825034331241
IT,2012,55,55.0,0.0034,-5.683979847360021,0.0033515005226829,-5.698347116211342,0.0143672688513207,0.5885154169236353,-0.007383466951780047,-0.0043452841314687175,0.01871255298278942,0.003336968895534454,-5.70269240034281
IT,2012,56,56.0,0.00388,-5.551920125346955,0.003720193620604,-5.5939795635020815,0.0420594381551264,0.5885154169236353,-0.006357544446047569,-0.003741512920276227,0.04580095107540263,0.0037063004750059383,-5.597721076422357
IT,2012,57,57.0,0.0041,-5.496768305271875,0.0040897807559346,-5.499263915270183,0.0024956099983084,0.5885154169236353,-0.01768697832733739,-0.010409059424432265,0.012904669422740666,0.00404743077910499,-5.509672974694616
IT,2012,58,58.0,0.00455,-5.392628046019278,0.0044600101525045,-5.412604236606436,0.0199761905871573,0.5885154169236353,-0.02491836799741731,-0.014664843731056618,0.034641034318213915,0.0043950820444612635,-5.427269080337492
IT,2012,59,59.0,0.00502,-5.294325345278499,0.0049066684686797,-5.317160087091489,0.0228347418129901,0.5885154169236353,-0.013342691217290164,-0.007852379484626847,0.03068712129761695,0.004868290322939595,-5.325012466576116
IT,2012,60,60.0,0.0055,-5.203007186743712,0.0054675157724054,-5.208930920661136,0.0059237339174247,0.5885154169236353,-0.01547062623274049,-0.009104702047430998,0.015028435964855699,0.0054179616006606686,-5.218035622708567
IT,2012,61,61.0,0.00603,-5.111008268243043,0.0059281199338033,-5.128048159444809,0.0170398912017661,0.5885154169236353,-0.03214767288348347,-0.018919401110147917,0.03595929231191401,0.005817017762228215,-5.146967560554957
IT,2012,62,62.0,0.00675,-4.9982127740976985,0.0065171586625094,-5.033316785985413,0.0351040118877143,0.5885154169236353,-0.02672553104528206,-0.01572838704561973,0.050832398933334036,0.006415456173291249,-5.049045173031033
IT,2012,63,63.0,0.00723,-4.929516242811464,0.0071588617791708,-4.939404280036096,0.0098880372246323,0.5885154169236353,-0.023228165554247015,-0.013670133535528905,0.023558170760161205,0.007061665042484221,-4.953074413571625
IT,2012,64,64.0,0.0079,-4.840892519509161,0.0078130839476914,-4.851955521408404,0.0110630018992425,0.5885154169236353,-0.01886198267866328,-0.011100567600139909,0.022163569499382408,0.0077268338791838444,-4.863056089008544
IT,2012,65,65.0,0.0088,-4.733003557497976,0.0086000169874327,-4.75599110044175,0.022987542943774,0.5885154169236353,-0.022375203371646467,-0.013168152141015651,0.03615569508478965,0.008487513015714782,-4.7691592525827655
IT,2012,66,66.0,0.00997,-4.60817469500839,0.0094939149197783,-4.6571042203658495,0.048929525357459,0.5885154169236353,-0.018464169060760018,-0.010866448152941669,0.05979597351040067,0.009391308280044277,-4.667970668518791
IT,2012,67,67.0,0.01074,-4.533780189901418,0.0103662933237337,-4.5691957629013125,0.0354155729998941,0.5885154169236353,-0.019189574026910326,-0.011293360159034094,0.04670893315892819,0.01024988161664172,-4.580489123060347
IT,2012,68,68.0,0.01172,-4.44645849483327,0.0113267628401043,-4.480586960556306,0.034128465723036,0.5885154169236353,-0.01653121448440601,-0.009728874584544241,0.04385734030758025,0.01121710049555205,-4.4903158351408505
IT,2012,69,69.0,0.01268,-4.3677293299730575,0.012470419694334,-4.384395863534659,0.0166665335616018,0.5885154169236353,-0.014296704179657003,-0.008413830820924721,0.02508036438252652,0.012365935863785834,-4.392809694355584
IT,2012,70,70.0,0.01392,-4.274428624075863,0.0137937028316657,-4.283543107509017,0.0091144834331533,0.5885154169236353,-0.011571929030223659,-0.006810258637832795,0.015924742070986094,0.013700083296269776,-4.290353366146849
IT,2012,71,71.0,0.01513,-4.191075751181873,0.0153228192476375,-4.178412107602805,-0.0126636435790681,0.5885154169236353,-0.006886958403974012,-0.004053081196450499,-0.0086105623826176,0.015260840304758671,-4.182465188799255
IT,2012,72,72.0,0.01683,-4.084592270779423,0.0169745282661319,-4.076041395842111,-0.0085508749373115,0.5885154169236353,-0.002896168791214284,-0.0017044399836426952,-0.006846434953668804,0.016945620843933112,-4.077745835825754
IT,2012,73,73.0,0.01893,-3.9670073137609054,0.0188392242867915,-3.971814184418761,0.0048068706578554,0.5885154169236353,-0.0016371444514913566,-0.0009634847494336519,0.005770355407289052,0.018821081722945335,-3.9727776691681944
IT,2012,74,74.0,0.02113,-3.857061447354172,0.021090812942196,-3.858917738899777,0.0018562915456055,0.5885154169236353,0.0007045949651442528,0.0004146649996741642,0.0014416265459313358,0.021099560377640155,-3.8585030739001027
IT,2012,75,75.0,0.02386,-3.735551862312367,0.0234746874854336,-3.7518325666310064,0.0162807043186394,0.5885154169236353,0.000370568473987709,0.00021808525996763186,0.01606261905867177,0.023479807527039126,-3.7516144813710386
IT,2012,76,76.0,0.02706,-3.609698656239495,0.0264558920286642,-3.632276384477279,0.0225777282377839,0.5885154169236353,0.005038492888424606,0.0029652307428979785,0.01961249749488592,0.026534456276033912,-3.629311153734381
IT,2012,77,77.0,0.03015,-3.501570355808943,0.0296480395187746,-3.518359276507796,0.0167889206988527,0.5885154169236353,0.007775996137115107,0.004576293608630874,0.012212627090221827,0.029784028578135682,-3.513782982899165
IT,2012,78,78.0,0.03417,-3.3764072128549367,0.0335079781861272,-3.395971713695702,0.0195645008407652,0.5885154169236353,0.009940278872714576,0.005850007365112822,0.013714493475652376,0.03370457458984153,-3.3901217063305893
IT,2012,79,79.0,0.03951,-3.231201474558837,0.0381631239124365,-3.265885572219234,0.0346840976603965,0.5885154169236353,0.012954914706751053,0.007624167029853731,0.027059930630542767,0.03845519793930563,-3.2582614051893803
IT,2012,80,80.0,0.04503,-3.100426344668657,0.0434069892860732,-3.1371348073839758,0.0367084627153184,0.5885154169236353,0.010974036936345317,0.006458389922928637,0.03025007279238976,0.043688235770409194,-3.1306764174610473
IT,2012,81,81.0,0.0514,-2.9681171065210177,0.0493195175157656,-3.0094353834636567,0.041318276942639,0.5885154169236353,0.014806651770122341,0.008713942839736631,0.03260433410290237,0.04975116290758365,-3.00072144062392
IT,2012,82,82.0,0.05894,-2.831235301672588,0.0563925008087323,-2.87541909370285,0.0441837920302616,0.5885154169236353,0.01789024826514346,0.010528686916628246,0.03365510511363335,0.05698937643872133,-2.8648904067862215
IT,2012,83,83.0,0.06625,-2.7143198141158056,0.0641575303310567,-2.7464138085111,0.0320939943952942,0.5885154169236353,0.018734084623436602,0.011025297622844456,0.021068696772449744,0.06486879997246647,-2.735388510888255
IT,2012,84,84.0,0.07603,-2.576627279741792,0.0730711788424977,-2.616321260251836,0.0396939805100444,0.5885154169236353,0.019922349749662695,0.011724609969021223,0.027969370541023178,0.07393295201953946,-2.604596650282815
IT,2012,85,85.0,0.08572,-2.4566691083767607,0.0832734312077351,-2.485625733774109,0.0289566253973481,0.5885154169236353,0.023234561599630082,0.013673897706844185,0.015282727690503914,0.08441992423819308,-2.4719518360672645
IT,2013,20,20.0,0.0003,-8.111728083308073,0.0002869589986043,-8.15617121441611,0.0444431311080375,-0.4528531598686005,-0.020818097729608808,0.009427541339306686,0.035015589768730815,0.00028967710884293457,-8.146743673076804
IT,2013,21,21.0,0.00027,-8.2170885989659,0.0003031989387955,-8.10112140421685,-0.1159671947490501,-0.4528531598686005,0.01124028878226586,-0.005090200292884679,-0.11087699445616542,0.0003016595167755869,-8.106211604509735
IT,2013,22,22.0,0.00025,-8.294049640102028,0.0003148255232727,-8.063491966967014,-0.2305576731350136,-0.4528531598686005,0.00276927128068778,-0.0012540732499928273,-0.22930359988502078,0.00031443095646515115,-8.064746040217006
IT,2013,23,23.0,0.00032,-8.047189562170502,0.0003022027501278,-8.104412407810004,0.0572228456395027,-0.4528531598686005,-0.0103238590166454,0.004675192177725811,0.052547653461776894,0.0003036189139008056,-8.09973721563228
IT,2013,24,24.0,0.00032,-8.047189562170502,0.0003134423652754,-8.067895057613944,0.0207054954434422,-0.4528531598686005,-0.03404405815922482,0.015416959312155372,0.0052885361312868286,0.00031831213553801816,-8.052478098301789
IT,2013,25,25.0,0.00034,-7.986564940354067,0.0003327178720658,-8.008215658120477,0.02165071776641,-0.4528531598686005,-0.012738064842770661,0.005768472914659821,0.01588224485175018,0.00033464269239861843,-8.002447185205817
IT,2013,26,26.0,0.00035,-7.957577403480815,0.0003299275353644,-8.016637517421767,0.0590601139409523,-0.4528531598686005,0.006127122532955127,-0.0027746867999508323,0.06183480074090313,0.00032901335865069233,-8.019412204221718
IT,2013,27,27.0,0.00034,-7.986564940354067,0.0003303316134978,-8.015413518679537,0.0288485783254701,-0.4528531598686005,-0.03143672832684167,0.014236221758740992,0.014612356566729106,0.0003350679211727385,-8.001177296920796
IT,2013,28,28.0,0.00033,-8.016417903503749,0.0003376563885045,-7.99348178162908,-0.022936121874669,-0.4528531598686005,-0.02199641158147994,0.00996114449044347,-0.03289726636511247,0.00034103664021620526,-7.9835206371386365
IT,2013,29,29.0,0.00032,-8.047189562170502,0.0003467414163512,-7.966931253650382,-0.0802583085201193,-0.4528531598686005,-0.03104662944695269,0.014059564248322066,-0.09431787276844136,0.00035165088116855296,-7.95287168940206
IT,2013,30,30.0,0.00038,-7.875339305243843,0.0003683029202494,-7.90660480554821,0.0312655003043671,-0.4528531598686005,-0.018074871731114737,0.00818526277765495,0.023080237526712153,0.00037132994804186576,-7.898419542770555
IT,2013,31,31.0,0.00039,-7.849363818840582,0.0003789840480366,-7.878016443380665,0.0286526245400828,-0.4528531598686005,0.010258689204186393,-0.004645679822225707,0.0332983043623085,0.00037722749284746694,-7.882662123202891
IT,2013,32,32.0,0.00042,-7.77525584668686,0.0004037666659676,-7.814673406340809,0.0394175596539492,-0.4528531598686005,0.006447742620522178,-0.002919880619722919,0.04233744027367212,0.0004025894350281199,-7.817593286960532
IT,2013,33,33.0,0.00042,-7.77525584668686,0.0004226835297361,-7.768886815579009,-0.0063690311078508,-0.4528531598686005,-0.0020866022828795127,0.0009449244371910226,-0.007313955545041823,0.0004230831224953332,-7.767941891141818
IT,2013,34,34.0,0.00046,-7.684284068481133,0.0004607681203289,-7.682615634289757,-0.0016684341913766,-0.4528531598686005,0.01811470890812967,-0.008203303169146406,0.006534868977769805,0.00045700376094777836,-7.6908189374589035
IT,2013,35,35.0,0.00048,-7.641724454062337,0.0004769839058029,-7.648027808100149,0.0063033540378123,-0.4528531598686005,0.016948107300335476,-0.007675003944749016,0.013978357982561316,0.0004733370651043419,-7.655702812044899
IT,2013,36,36.0,0.00055,-7.505592279737757,0.000527416765184,-7.5475194961846945,0.041927216446937,-0.4528531598686005,0.030239483176575755,-0.013694045509305714,0.055621261956242715,0.0005202435234462581,-7.561213541694
IT,2013,37,37.0,0.00058,-7.4524824544238095,0.0005556735381377,-7.495329597783388,0.0428471433595785,-0.4528531598686005,0.003559633096937248,-0.001611991095920885,0.044459134455499386,0.0005547785189173211,-7.4969415888793085
IT,2013,38,38.0,0.00061,-7.402051600796917,0.0006052542265368,-7.409861979044751,0.007810378247834,-0.4528531598686005,0.018172622344844853,-0.008229529451961728,0.016039907699795727,0.0006002937084145918,-7.418091508496713
IT,2013,39,39.0,0.00066,-7.323270722943802,0.0006730270627249,-7.303725017055289,-0.0195457058885137,-0.4528531598686005,0.03919246412919994,-0.01774843122394497,-0.0017972746645687314,0.0006611872678822659,-7.321473448279233
IT,2013,40,40.0,0.00075,-7.195437351433918,0.0007367521828507,-7.213258973540226,0.0178216221063083,-0.4528531598686005,0.025300944700742685,-0.011457612755392046,0.029279234861700348,0.0007283589367444996,-7.224716586295618
IT,2013,41,41.0,0.0008,-7.1308988302963465,0.0008136955809897,-7.113924241037412,-0.0169745892589343,-0.4528531598686005,0.031488123759986116,-0.014259496343043269,-0.0027150929158910302,0.0008021750256949998,-7.128183737380455
IT,2013,42,42.0,0.00092,-6.991136887921188,0.0009092862054769,-7.00285065583367,0.0117137679124814,-0.4528531598686005,0.055019431192838746,-0.024915723269850067,0.03662949118233147,0.0008869105918472928,-7.02776637910352
IT,2013,43,43.0,0.00101,-6.897804948128969,0.0009952179202695,-6.91254882943976,0.0147438813107907,-0.4528531598686005,0.029298691132149172,-0.013268004859207896,0.028011886169998598,0.0009821005769854688,-6.925816834298968
IT,2013,44,44.0,0.00116,-6.759335273863864,0.0010996560893045,-6.812757794148522,0.0534225202846574,-0.4528531598686005,0.03827562880574758,-0.017333239450640418,0.07075575973529782,0.001080759727677152,-6.830091033599162
IT,2013,45,45.0,0.00125,-6.684611727667927,0.0012230851602995,-6.706378792404086,0.0217670647361591,-0.4528531598686005,0.0430999932610285,-0.019517968138572143,0.041285032874731245,0.0011994444825974859,-6.725896760542659
IT,2013,46,46.0,0.00134,-6.615085665019317,0.0013596201402587,-6.600549926881367,-0.0145357381379493,-0.4528531598686005,0.041338410793171895,-0.01872022995163415,0.004184491813684851,0.0013344044963041247,-6.619270156833001
IT,2013,47,47.0,0.00147,-6.522492878191493,0.0014829733642725,-6.513706176693913,-0.0087867014975797,-0.4528531598686005,0.03697931135613883,-0.01674619799739229,0.00795949649981259,0.0014583459817310064,-6.530452374691305
IT,2013,48,48.0,0.00166,-6.400937676613685,0.0016320292600979,-6.41793109361933,0.0169934170056453,-0.4528531598686005,0.025181846785233445,-0.011403678888019924,0.028397095893665222,0.001613523837968468,-6.42933477250735
IT,2013,49,49.0,0.00194,-6.2450673059069,0.0018287083576723,-6.304145376813409,0.0590780709065086,-0.4528531598686005,0.019533620205000927,-0.008845861633507809,0.06792393254001641,0.0018126031936167286,-6.312991238446917
IT,2013,50,50.0,0.00212,-6.156339190298216,0.0020177549107831,-6.205769815971098,0.0494306256728815,-0.4528531598686005,0.02336324817568371,-0.010580120761152684,0.06001074643403419,0.001996519355619767,-6.216349936732251
IT,2013,51,51.0,0.00228,-6.083579836015788,0.0022033294022953,-6.117785697920448,0.0342058619046605,-0.4528531598686005,0.015358875611923273,-0.006955315352888239,0.04116117725754874,0.0021880577227155486,-6.124741013273336
IT,2013,52,52.0,0.00267,-5.925676806569979,0.002477008937282,-6.000703520374008,0.0750267138040294,-0.4528531598686005,0.008430700098026272,-0.003817869179295717,0.07884458298332511,0.0024675700708473775,-6.004521389553303
IT,2013,53,53.0,0.00277,-5.88890795878289,0.0026893391720266,-5.91845977650463,0.0295518177217397,-0.4528531598686005,0.006545893278057699,-0.0029643284551310605,0.032516146176870764,0.0026813788916653565,-5.921424104959761
IT,2013,54,54.0,0.00295,-5.825950108630408,0.0029884678331695,-5.812994453294944,-0.0129556553354648,-0.4528531598686005,-0.006658735007069886,0.003015429188679266,-0.015971084524144065,0.00299749294675993,-5.809979024106264
IT,2013,55,55.0,0.00347,-5.663600685023369,0.0032510434922758,-5.728779259627473,0.0651785746041033,-0.4528531598686005,-0.007383466951780047,0.003343626339898978,0.06183494826420432,0.0032619319602687144,-5.7254356332875735
IT,2013,56,56.0,0.00364,-5.615771597333488,0.003622387445905,-5.620621955085806,0.0048503577523177,-0.4528531598686005,-0.006357544446047569,0.002879034091397713,0.001971323660919987,0.003632831449961886,-5.6177429209944085
IT,2013,57,57.0,0.00418,-5.477444032445472,0.0039801651493762,-5.526431965728512,0.0489879332830396,-0.4528531598686005,-0.01768697832733739,0.00800960402406219,0.04097832925897742,0.00401217270899542,-5.51842236170445
IT,2013,58,58.0,0.00443,-5.419355694925093,0.004347284657538,-5.438203845443787,0.0188481505186937,-0.4528531598686005,-0.02491836799741731,0.011284361686399038,0.007563788832294662,0.004396618818723146,-5.426919483757388
IT,2013,59,59.0,0.00466,-5.368739830844582,0.0047885262585337,-5.3415325853518265,-0.0272072454927556,-0.4528531598686005,-0.013342691217290164,0.006042279878900874,-0.03324952537165648,0.00481754746322093,-5.335490305472925
IT,2013,60,60.0,0.00527,-5.245724916428866,0.0053377561938203,-5.232949902737085,-0.0127750136917814,-0.4528531598686005,-0.01547062623274049,0.007005921974642593,-0.019780935666423992,0.005375283400078037,-5.225943980762442
IT,2013,61,61.0,0.00584,-5.1430244821420015,0.005799644512115,-5.1499586543227736,0.006934172180772,-0.4528531598686005,-0.03214767288348347,0.014558175247707611,-0.0076240030669356106,0.005884694336299861,-5.135400479075066
IT,2013,62,62.0,0.00653,-5.031348335693798,0.0063857796974875,-5.053681683015961,0.0223333473221636,-0.4528531598686005,-0.02672553104528206,0.012102741183022361,0.01023060613914124,0.006463534711721002,-5.041578941832939
IT,2013,63,63.0,0.00701,-4.960417577935639,0.0070187921710425,-4.959164131154698,-0.0012534467809404,-0.4528531598686005,-0.023228165554247015,0.010518948169191742,-0.011772394950132142,0.007093012155828412,-4.948645182985507
IT,2013,64,64.0,0.00767,-4.870438663602973,0.0076531560297331,-4.872637163313955,0.0021984997109827,-0.4528531598686005,-0.01886198267866328,0.008541708457419476,-0.0063432087464367765,0.0077188070440684575,-4.864095454856536
IT,2013,65,65.0,0.00854,-4.762994271181658,0.0084156773247446,-4.777658964412796,0.0146646932311371,-0.4528531598686005,-0.022375203371646467,0.010132681549552667,0.004532011681584434,0.008501384189984881,-4.767526282863243
IT,2013,66,66.0,0.00941,-4.6659823253848485,0.0092900397621201,-4.678812446066498,0.0128301206816496,-0.4528531598686005,-0.018464169060760018,0.008361557303513224,0.004468563378136376,0.009368044628543864,-4.670450888762985
IT,2013,67,67.0,0.01054,-4.552577735868921,0.0101306408987865,-4.592190695320421,0.0396129594515004,-0.4528531598686005,-0.019189574026910326,0.008690059234618765,0.030922900216881637,0.010219060397189417,-4.583500636085803
IT,2013,68,68.0,0.01124,-4.488276434516592,0.0110451917562596,-4.505760080897283,0.0174836463806906,-0.4528531598686005,-0.01653121448440601,0.007486212715728839,0.00999743366496176,0.011128188689964544,-4.498273868181554
IT,2013,69,69.0,0.01237,-4.39248109257774,0.0121508841242177,-4.410353344417673,0.0178722518399325,-0.4528531598686005,-0.014296704179657003,0.006474307663464301,0.0113979441764682,0.01222980789913652,-4.403879036754208
IT,2013,70,70.0,0.01405,-4.265132883202383,0.0134217211383665,-4.31088090392098,0.0457480207185971,-0.4528531598686005,-0.011571929030223659,0.005240384627111973,0.040507636091485125,0.013492240733007404,-4.305640519293868
IT,2013,71,71.0,0.01488,-4.207737249577191,0.0148877808214794,-4.207214481574876,-0.0005227680023143,-0.4528531598686005,-0.006886958403974012,0.0031187808751232445,-0.0036415488774375446,0.014934285028098933,-4.204095700699753
IT,2013,72,72.0,0.01644,-4.108037889354104,0.0164461038875615,-4.107666675564075,-0.0003712137900286,-0.4528531598686005,-0.002896168791214284,0.0013115391886142135,-0.0016827529786428135,0.016467687748255785,-4.106355136375461
IT,2013,73,73.0,0.01802,-4.0162730268019455,0.0182458440462735,-4.003817948378431,-0.0124550784235148,-0.4528531598686005,-0.0016371444514913566,0.0007413860380192075,-0.013196464461534007,0.018259376275984535,-4.003076562340412
IT,2013,74,74.0,0.01988,-3.918041077753709,0.020391306677113,-3.8926466122355903,-0.025394465518119,-0.4528531598686005,0.0007045949651442528,-0.0003190780563930813,-0.02507538746172592,0.02038480129652847,-3.8929656902919834
IT,2013,75,75.0,0.02272,-3.7845096851291866,0.0226732768071499,-3.7865682811432575,0.0020585960140708,-0.4528531598686005,0.000370568473987709,-0.0001678131043930193,0.002226409118463819,0.0226694722534181,-3.7867360942476505
IT,2013,76,76.0,0.02527,-3.678137357582034,0.0255343457287414,-3.667730841739032,-0.0104065158430022,-0.4528531598686005,0.005038492888424606,-0.0022816974254985544,-0.008124818417503645,0.025476150495035526,-3.6700125391645306
IT,2013,77,77.0,0.02909,-3.537360806475027,0.0285949649968268,-3.5545246257167844,0.0171638192417575,-0.4528531598686005,0.007775996137115107,-0.003521384421818607,0.020685203663576106,0.028494448215527015,-3.558046010138603
IT,2013,78,78.0,0.0324,-3.429596856183853,0.0323264750944332,-3.4318687221269184,0.0022718659430651,-0.4528531598686005,0.009940278872714576,-0.004501486697483886,0.006773352640548985,0.03218128492779126,-3.4363702088244024
IT,2013,79,79.0,0.03767,-3.2788912572781874,0.0368379653706224,-3.301226297930664,0.0223350406524764,-0.4528531598686005,0.012954914706751053,-0.005866674060780418,0.028201714713256817,0.036622481738887276,-3.307092971991444
IT,2013,80,80.0,0.04344,-3.136374603356457,0.0418488023184995,-3.173692100891066,0.0373174975346088,-0.4528531598686005,0.010974036936345317,-0.004969627303138712,0.04228712483774751,0.04164134528692507,-3.178661728194205
IT,2013,81,81.0,0.0491,-3.0138962441816624,0.0476465962900437,-3.043944082911896,0.0300478387302334,-0.4528531598686005,0.014806651770122341,-0.006705239041173909,0.03675307777140731,0.04732818318341059,-3.05064932195307
IT,2013,82,82.0,0.05568,-2.888134262955973,0.0545377546334563,-2.9088620715823863,0.0207278086264133,-0.4528531598686005,0.01789024826514346,-0.008101655457703964,0.028829464084117264,0.05409769355461469,-2.9169637270400903
IT,2013,83,83.0,0.0631,-2.763034509434969,0.0621523574544471,-2.778166530056194,0.0151320206212246,-0.4528531598686005,0.018734084623436602,-0.008483789418969026,0.023615810040193627,0.06162730032818846,-2.786650319475163
IT,2013,84,84.0,0.07113,-2.643246090236713,0.0710092174713113,-2.6449455868275717,0.0016994965908581,-0.4528531598686005,0.019922349749662695,-0.009021899036142172,0.010721395627000273,0.07037146069509925,-2.653967485863714
IT,2013,85,85.0,0.08169,-2.5048236836283597,0.0810841444253238,-2.512267843444148,0.0074441598157886,-0.4528531598686005,0.023234561599630082,-0.010521844638554127,0.017966004454342727,0.08023546233530932,-2.522789688082702
IT,2014,20,20.0,0.00024,-8.334871634622283,0.0002735379205477,-8.204070296544124,-0.1308013380781592,-1.0165270703512272,-0.020818097729608808,0.02116215989536478,-0.15196349797352396,0.0002793882583199741,-8.18290813664876
IT,2014,21,21.0,0.00026,-8.254828926948747,0.0002907472494051,-8.143056226953574,-0.1117726999951731,-1.0165270703512272,0.01124028878226586,-0.01142605782573848,-0.10034664216943462,0.00028744406166503677,-8.154482284779313
IT,2014,22,22.0,0.00031,-8.078938260485081,0.0003015366714503,-8.106618919175581,0.0276806586904996,-1.0165270703512272,0.00276927128068778,-0.0028150392219653403,0.03049569791246494,0.00030068902752856995,-8.109433958397547
IT,2014,23,23.0,0.00027,-8.2170885989659,0.0002897075460761,-8.146638605629727,-0.0704499933361724,-1.0165270703512272,-0.0103238590166454,0.01049448216090965,-0.08094447549708204,0.0002927638860524804,-8.136144123468817
IT,2014,24,24.0,0.00029,-8.145629634983754,0.0003010609591697,-8.108197791561562,-0.0374318434221923,-1.0165270703512272,-0.03404405815922482,0.0346067067034636,-0.07203855012565591,0.0003116620641586622,-8.073591084858098
IT,2014,25,25.0,0.00032,-8.047189562170502,0.0003203088781187,-8.046224783598,-0.0009647785725022,-1.0165270703512272,-0.012738064842770661,0.012948587736565625,-0.013913366309067825,0.0003244833944484867,-8.033276195861434
IT,2014,26,26.0,0.00032,-8.047189562170502,0.000318325258683,-8.052436871866972,0.00524730969647,-1.0165270703512272,0.006127122532955127,-0.006228385918107866,0.011475695614577865,0.0003163487676882765,-8.05866525778508
IT,2014,27,27.0,0.00031,-8.078938260485081,0.0003178046671629,-8.054073618120105,-0.0248646423649763,-1.0165270703512272,-0.03143672832684167,0.0319562853475118,-0.0568209277124881,0.00032812453794972606,-8.022117332772593
IT,2014,28,28.0,0.00032,-8.047189562170502,0.0003259488900649,-8.028769967830584,-0.0184195943399174,-1.0165270703512272,-0.02199641158147994,0.02235994782316161,-0.04077954216307901,0.00033331918284797103,-8.006410020007422
IT,2014,29,29.0,0.00033,-8.016417903503749,0.0003352025595459,-8.000775553508682,-0.0156423499950673,-1.0165270703512272,-0.03104662944695269,0.03155973927599096,-0.04720208927105826,0.0003459501687498721,-7.96921581423269
IT,2014,30,30.0,0.00037,-7.902007552326004,0.0003563436243099,-7.939615055828119,0.037607503502115,-1.0165270703512272,-0.018074871731114737,0.01837359640780428,0.019233907094310724,0.00036295145717934346,-7.921241459420314
IT,2014,31,31.0,0.00034,-7.986564940354067,0.0003663825048367,-7.911832675112175,-0.0747322652418924,-1.0165270703512272,0.010258689204186393,-0.010428235282375357,-0.06430402995951705,0.0003625816345027949,-7.92226091039455
IT,2014,32,32.0,0.00037,-7.902007552326004,0.0003907321739517,-7.847488209788368,-0.0545193425376355,-1.0165270703512272,0.006447742620522178,-0.006554304916418154,-0.047965037621217343,0.0003881795705516211,-7.854042514704786
IT,2014,33,33.0,0.00041,-7.799353398265921,0.0004092204485499,-7.801256553116981,0.0019031548510604,-1.0165270703512272,-0.0020866022828795127,0.0021210877056036938,-0.00021793285454329366,0.00041008936220748946,-7.799135465411378
IT,2014,34,34.0,0.00043,-7.751725349276666,0.0004467114838689,-7.713597621700887,-0.0381277275757785,-1.0165270703512272,0.01811470890812967,-0.01841409197664633,-0.01971363559913217,0.0004385609699783746,-7.732011713677534
IT,2014,35,35.0,0.0005,-7.600902459542082,0.0004601663476157,-7.683922508600189,0.0830200490581072,-1.0165270703512272,0.016948107300335476,-0.017228209862008268,0.10024825892011546,0.0004523064059785316,-7.7011507184621975
IT,2014,36,36.0,0.00052,-7.5616817463888015,0.000508699593858,-7.583652904527768,0.0219711581389665,-1.0165270703512272,0.030239483176575755,-0.030739253242419776,0.052710411381386275,0.0004933004400012988,-7.614392157770188
IT,2014,37,37.0,0.00059,-7.435388021064509,0.0005366800804019,-7.530108394428476,0.0947203733639669,-1.0165270703512272,0.003559633096937248,-0.003618463403554887,0.09833883676752178,0.0005347416323882298,-7.533726857832031
IT,2014,38,38.0,0.00063,-7.369790738578696,0.0005839294540325,-7.445730380322232,0.0759396417435365,-1.0165270703512272,0.018172622344844853,-0.018472962552804388,0.09441260429634088,0.0005732415694755816,-7.464203342875036
IT,2014,39,39.0,0.00066,-7.323270722943802,0.0006492363702038,-7.339713700781763,0.0164429778379604,-1.0165270703512272,0.03919246412919994,-0.03984020074110118,0.05628317857906158,0.0006238791354637462,-7.379553901522864
IT,2014,40,40.0,0.00069,-7.278818960372969,0.0007107290089558,-7.249219341522662,-0.0295996188503071,-1.0165270703512272,0.025300944700742685,-0.02571909519376437,-0.00388052365654273,0.0006926827632195602,-7.274938436716426
IT,2014,41,41.0,0.0008,-7.1308988302963465,0.0007847102741089,-7.150195985875963,0.0192971555796166,-1.0165270703512272,0.031488123759986116,-0.03200853019659556,0.05130568577621216,0.000759990582602965,-7.1822045160725585
IT,2014,42,42.0,0.00086,-7.05857816871672,0.00087729060874,-7.038672253617592,-0.0199059150991285,-1.0165270703512272,0.055019431192838746,-0.0559287412028473,0.0360228261037188,0.0008295717162893299,-7.094600994820439
IT,2014,43,43.0,0.001,-6.907755278982137,0.0009612147203235,-6.9473127396920615,0.0395574607099247,-1.0165270703512272,0.029298691132149172,-0.02978291266168908,0.06934037337161378,0.0009330090545879826,-6.977095652353751
IT,2014,44,44.0,0.00108,-6.830794237846009,0.0010608919779207,-6.848645236106702,0.0178509982606929,-1.0165270703512272,0.03827562880574758,-0.03890821281575763,0.05675921107645053,0.0010204072681046354,-6.88755344892246
IT,2014,45,45.0,0.00114,-6.776727016575733,0.0011819786411489,-6.740565430255423,-0.0361615863203104,-1.0165270703512272,0.0430999932610285,-0.04381230988179094,0.007650723561480541,0.0011313114543512913,-6.784377740137215
IT,2014,46,46.0,0.00132,-6.630123542383857,0.0013147693577429,-6.634094022087024,0.0039704797031667,-1.0165270703512272,0.041338410793171895,-0.04202161361655858,0.04599209331972528,0.0012606653577302554,-6.6761156357035825
IT,2014,47,47.0,0.00145,-6.536191722549654,0.0014365110095512,-6.545538015424468,0.0093462928748131,-1.0165270703512272,0.03697931135613883,-0.03759047103646167,0.04693676391127477,0.001383514211767343,-6.58312848646093
IT,2014,48,48.0,0.00164,-6.41305903714603,0.0015830424320481,-6.448406693611088,0.0353476564650581,-1.0165270703512272,0.025181846785233445,-0.025598028938626824,0.060945685403684925,0.0015430339202211411,-6.474004722549715
IT,2014,49,49.0,0.00186,-6.287178791257027,0.0017760946859591,-6.333338321667141,0.0461595304101143,-1.0165270703512272,0.019533620205000927,-0.019856453720343132,0.06601598413045744,0.001741175576182423,-6.353194775387484
IT,2014,50,50.0,0.00208,-6.175387385268911,0.0019622076690739,-6.2336850778367605,0.0582976925678497,-1.0165270703512272,0.02336324817568371,-0.023749374221916416,0.08204706678976612,0.001916155484678602,-6.257434452058677
IT,2014,51,51.0,0.00222,-6.110248083097949,0.0021455694926026,-6.144350264123587,0.0341021810256378,-1.0165270703512272,0.015358875611923273,-0.015612712829677277,0.04971489385531508,0.0021123314752319686,-6.159962976953264
IT,2014,52,52.0,0.00248,-5.999496718805246,0.0024174576834021,-6.0250388350704345,0.0255421162651883,-1.0165270703512272,0.008430700098026272,-0.00857003487165645,0.03411215113684475,0.002396828509384796,-6.033608869942091
IT,2014,53,53.0,0.00272,-5.907123398674231,0.0026283669777029,-5.941392546669247,0.0342691479950163,-1.0165270703512272,0.006545893278057699,-0.006654077716775784,0.040923225711792084,0.0026109356784916765,-5.948046624386023
IT,2014,54,54.0,0.00306,-5.789340363017848,0.0029251851008211,-5.834397517968538,0.0450571549506904,-1.0165270703512272,-0.006658735007069886,0.00676878438898191,0.038288370561708494,0.002945052210303445,-5.827628733579556
IT,2014,55,55.0,0.00323,-5.735273141747572,0.0031876724603892,-5.748464264741065,0.0131911229934926,-1.0165270703512272,-0.007383466951780047,0.007505494029528078,0.005685628963964523,0.003211687526741873,-5.740958770711536
IT,2014,56,56.0,0.00353,-5.646457408036931,0.0035604954851862,-5.637855562570907,-0.0086018454660239,-1.0165270703512272,-0.006357544446047569,0.006462616030368452,-0.015064461496392352,0.003583580113584814,-5.631392946540539
IT,2014,57,57.0,0.00394,-5.536574555672295,0.0039108302194157,-5.54400559519278,0.007431039520485,-1.0165270703512272,-0.01768697832733739,0.017979292262453924,-0.010548252741968925,0.0039817800818449,-5.526026302930326
IT,2014,58,58.0,0.00439,-5.428426051895057,0.004275890347618,-5.454762929829611,0.026336877934554,-1.0165270703512272,-0.02491836799741731,0.025330195618348393,0.0010066823162056052,0.004385582888318995,-5.429432734211263
IT,2014,59,59.0,0.00478,-5.343314732478772,0.0047136255353003,-5.357297914343785,0.0139831818650124,-1.0165270703512272,-0.013342691217290164,0.01356320681371302,0.0004199750512993792,0.004777992940741699,-5.343734707530071
IT,2014,60,60.0,0.00523,-5.253344000905305,0.005255466215672,-5.248486560097134,-0.0048574408081716,-1.0165270703512272,-0.01547062623274049,0.015726310360866535,-0.020583751169038135,0.005338768611301096,-5.232760249736267
IT,2014,61,61.0,0.0058,-5.149897361429764,0.0057180271404516,-5.164131438599462,0.0142340771696982,-1.0165270703512272,-0.03214767288348347,0.03267897973485704,-0.018444902565158842,0.005907973150850151,-5.131452458864604
IT,2014,62,62.0,0.00637,-5.056155809398065,0.0063022113534538,-5.066854698688976,0.0106988892909107,-1.0165270703512272,-0.02672553104528206,0.027167225777041344,-0.016468336486130643,0.0064757718561889175,-5.039687472911935
IT,2014,63,63.0,0.00706,-4.953310227476987,0.0069296513768713,-4.971945773413499,0.0186355459365126,-1.0165270703512272,-0.023228165554247015,0.02361205908049201,-0.00497651314397941,0.007095221750858677,-4.948333714333008
IT,2014,64,64.0,0.00753,-4.888860237170335,0.00755145465208,-4.886015065129851,-0.0028451720404838,-1.0165270703512272,-0.01886198267866328,0.01917371599335718,-0.02201888803384098,0.007697641088994696,-4.866841349136494
IT,2014,65,65.0,0.00828,-4.793912310584969,0.0082985473040913,-4.791674803101456,-0.002237507483513,-1.0165270703512272,-0.022375203371646467,0.022744999931892686,-0.024982507415405687,0.00848946069403406,-4.768929803169564
IT,2014,66,66.0,0.00935,-4.672378935681541,0.0091605011352483,-4.692854392704335,0.0204754570227931,-1.0165270703512272,-0.018464169060760018,0.01876932768180415,0.0017061293409889496,0.009334061291277352,-4.674085065022531
IT,2014,67,67.0,0.01022,-4.583408694206579,0.0099810703285103,-4.607064947063626,0.0236562528570472,-1.0165270703512272,-0.019189574026910326,0.019506721466863157,0.004149531390184043,0.01017767965471769,-4.587558225596763
IT,2014,68,68.0,0.01119,-4.492734756658304,0.0108667969338091,-4.522043291575587,0.0293085349172832,-1.0165270703512272,-0.01653121448440601,0.016804427029181015,0.012504107888102186,0.011050950191366482,-4.505238864546405
IT,2014,69,69.0,0.01239,-4.390865583341086,0.0119485670727992,-4.427143918020427,0.0362783346793404,-1.0165270703512272,-0.014296704179657003,0.01453298681542488,0.02174534786391552,0.012123483390169873,-4.412610931205002
IT,2014,70,70.0,0.0135,-4.305065593537753,0.0131864652747083,-4.328564333405562,0.0234987398678088,-1.0165270703512272,-0.011571929030223659,0.011763179115405574,0.011735560752403227,0.013342495936755959,-4.3168011542901565
IT,2014,71,71.0,0.01487,-4.208409518510074,0.0146129775504721,-4.225845271761784,0.0174357532517106,-1.0165270703512272,-0.006886958403974012,0.007000779650022466,0.010434973601688134,0.014715638721158185,-4.218844492111762
IT,2014,72,72.0,0.01619,-4.123361511292593,0.0161130873253894,-4.128123459844201,0.0047619485516081,-1.0165270703512272,-0.002896168791214284,0.0029440339765757113,0.0018179145750323884,0.016160594699290848,-4.125179425867626
IT,2014,73,73.0,0.0177,-4.034190639402354,0.0178720086107597,-4.02451955485372,-0.0096710845486338,-1.0165270703512272,-0.0016371444514913566,0.0016642016530162755,-0.011335286201650075,0.017901775999631164,-4.022855353200704
IT,2014,74,74.0,0.01969,-3.927644386331103,0.019951237565966,-3.914464104188499,-0.0131802821426041,-1.0165270703512272,0.0007045949651442528,-0.0007162398557023124,-0.012464042286901789,0.019936952810716904,-3.915180344044201
IT,2014,75,75.0,0.02173,-3.829061484713799,0.0221695168751003,-3.809037047422649,-0.0200244372911502,-1.0165270703512272,0.000370568473987709,-0.0003766928852272508,-0.01964774440592295,0.022161167348526963,-3.809413740307876
IT,2014,76,76.0,0.0249,-3.6928874755114753,0.024955413006893,-3.690664526131677,-0.0022229493797989,-1.0165270703512272,0.005038492888424606,-0.005121764414855757,0.0028988150350568575,0.02482792402356112,-3.6957862905465326
IT,2014,77,77.0,0.02769,-3.5866839417992664,0.0279337917293528,-3.577918149938165,-0.0087657918611014,-1.0165270703512272,0.007775996137115107,-0.007904510572324079,-0.0008612812887773217,0.027713859152132002,-3.585822660510489
IT,2014,78,78.0,0.03176,-3.449547642603202,0.0315845036228361,-3.455088670352997,0.0055410277497949,-1.0165270703512272,0.009940278872714576,-0.010104562560954747,0.01564559031074965,0.031266963036178624,-3.465193232913952
IT,2014,79,79.0,0.03641,-3.312911816794795,0.0360053977174217,-3.324086415170345,0.0111745983755504,-1.0165270703512272,0.012954914706751053,-0.013169021493503677,0.024343619869054076,0.03553435028540083,-3.337255436663849
IT,2014,80,80.0,0.04131,-3.186650677573464,0.0408708103567387,-3.197339153935799,0.0106884763623353,-1.0165270703512272,0.010974036936345317,-0.011155405616829261,0.02184388197916456,0.04041741350405116,-3.208494559552628
IT,2014,81,81.0,0.04717,-3.053997181685967,0.0465948152533838,-3.0662660046974617,0.0122688230114946,-1.0165270703512272,0.014806651770122341,-0.015051362345593277,0.027320185357087877,0.04589875130163712,-3.081317367043055
IT,2014,82,82.0,0.05422,-2.914705434911617,0.0533706327757946,-2.9304946323116927,0.0157891974000752,-1.0165270703512272,0.01789024826514346,-0.018185921656822406,0.03397511905689761,0.05240881094586683,-2.948680553968515
IT,2014,83,83.0,0.06105,-2.7960620784254235,0.0608888170037034,-2.7987057499671497,0.0026436715417261,-1.0165270703512272,0.018734084623436602,-0.019043704157973983,0.021687375699700084,0.05974023968148583,-2.817749454125124
IT,2014,84,84.0,0.07109,-2.6438085990407454,0.0697065349603004,-2.6634612072132784,0.019652608172533,-1.0165270703512272,0.019922349749662695,-0.020251607825537126,0.039904215998070126,0.06830906383149721,-2.6837128150388154
IT,2014,85,85.0,0.07887,-2.5399543515722374,0.0796987586512704,-2.529501268573632,-0.0104530829986053,-1.0165270703512272,0.023234561599630082,-0.02361856083376709,0.01316547783516179,0.07783844412604328,-2.553119829407399
IT,2015,20,20.0,0.00026,-8.254828926948747,0.0002769019517861,-8.191847079108118,-0.0629818478406285,0.7440621923207003,-0.020818097729608808,-0.015489959436639323,-0.047491888403989185,0.00027264580068997506,-8.207337038544757
IT,2015,21,21.0,0.00031,-8.078938260485081,0.0002938753058731,-8.132355010277198,0.0534167497921167,0.7440621923207003,0.01124028878226586,0.008363473913650511,0.045053275878466185,0.0002963434309910814,-8.123991536363548
IT,2015,22,22.0,0.00029,-8.145629634983754,0.0003048735410949,-8.09561348669592,-0.0500161482878347,0.7440621923207003,0.00276927128068778,0.002060510060239303,-0.052076658348074,0.0003055023837393263,-8.09355297663568
IT,2015,23,23.0,0.00027,-8.2170885989659,0.0002928461905072,-8.135863033854326,-0.0812255651115734,0.7440621923207003,-0.0103238590166454,-0.007681593173135005,-0.0735439719384384,0.0002906052830980858,-8.143544627027461
IT,2015,24,24.0,0.0003,-8.111728083308073,0.0003041732667414,-8.097913062535008,-0.0138150207730642,0.7440621923207003,-0.03404405815922482,-0.025330896549446244,0.011515875776382044,0.0002965650534365295,-8.123243959084455
IT,2015,25,25.0,0.00032,-8.047189562170502,0.0003234308077282,-8.036525353366278,-0.0106642088042239,0.7440621923207003,-0.012738064842770661,-0.009477912452835174,-0.001186296351388727,0.0003203798400893547,-8.046003265819113
IT,2015,26,26.0,0.00034,-7.986564940354067,0.0003212466511594,-8.04330134621571,0.0567364058616428,0.7440621923207003,0.006127122532955127,0.004558960224488154,0.05217744563715465,0.0003227145453575127,-8.038742385991222
IT,2015,27,27.0,0.00032,-8.047189562170502,0.0003209555018793,-8.044208067872258,-0.0029814942982433,0.7440621923207003,-0.03143672832684167,-0.02339088099826007,0.020409386700016772,0.0003135351920431139,-8.067598948870518
IT,2015,28,28.0,0.00031,-8.078938260485081,0.0003288973422222,-8.019764885609792,-0.0591733748752894,0.7440621923207003,-0.02199641158147994,-0.016366698224504407,-0.04280667665078499,0.00032355819000402466,-8.036131583834296
IT,2015,29,29.0,0.0003,-8.111728083308073,0.0003381101147874,-7.992138932142289,-0.1195891511657833,0.7440621923207003,-0.03104662944695269,-0.02310062317046803,-0.09648852799531527,0.0003303890840962772,-8.015239555312757
IT,2015,30,30.0,0.00035,-7.957577403480815,0.0003593580642913,-7.931191272973367,-0.0263861305074479,0.7440621923207003,-0.018074871731114737,-0.013448828686168682,-0.012937301821279218,0.0003545574727712304,-7.944640101659536
IT,2015,31,31.0,0.00042,-7.77525584668686,0.000369557868679,-7.903203216363551,0.1279473696766917,0.7440621923207003,0.010258689204186393,0.007633102779603627,0.12031426689708807,0.00037238953532622415,-7.895570113583947
IT,2015,32,32.0,0.00039,-7.849363818840582,0.0003940178668334,-7.8391143024014305,-0.0102495164391518,0.7440621923207003,0.006447742620522178,0.004797521509745349,-0.01504703794889715,0.0003959127176843274,-7.834316780891685
IT,2015,33,33.0,0.0004,-7.824046010856292,0.0004126147451908,-7.792996220711954,-0.0310497901443378,0.7440621923207003,-0.0020866022828795127,-0.0015525618691007081,-0.02949722827523709,0.0004119746323068842,-7.794548782581055
IT,2015,34,34.0,0.00048,-7.641724454062337,0.0004502572711387,-7.705691424924219,0.0639669708618821,0.7440621923207003,0.01811470890812967,0.01347847002343428,0.050488500838447824,0.00045636713357194046,-7.692212954900785
IT,2015,35,35.0,0.00046,-7.684284068481133,0.000464400769165,-7.674762651886448,-0.0095214165946853,0.7440621923207003,0.016948107300335476,0.012610445873574079,-0.022131862468259378,0.0004702941509154596,-7.662152206012874
IT,2015,36,36.0,0.00053,-7.542633551418106,0.0005134118888508,-7.57443213270377,0.0317985812856633,0.7440621923207003,0.030239483176575755,0.02250005614700789,0.009298525138655409,0.0005250946234045444,-7.551932076556762
IT,2015,37,37.0,0.00053,-7.542633551418106,0.0005414643649399,-7.52123330174049,-0.0214002496776162,0.7440621923207003,0.003559633096937248,0.0026485884059644525,-0.024048838083580652,0.000542900382048823,-7.518584713334525
IT,2015,38,38.0,0.00059,-7.435388021064509,0.0005892987809135,-7.436577234825105,0.0011892137605959,0.7440621923207003,0.018172622344844853,0.013521561222121406,-0.012332347461525506,0.0005973211356092714,-7.423055673602984
IT,2015,39,39.0,0.00071,-7.250245587928913,0.0006552263164032,-7.330529860781475,0.0802842728525616,0.7440621923207003,0.03919246412919994,0.029161630782422912,0.05112264207013868,0.0006746151148101194,-7.301368229999052
IT,2015,40,40.0,0.00075,-7.195437351433918,0.0007172811119486,-7.240042727328817,0.0446053758948989,0.7440621923207003,0.025300944700742685,0.018825476381819407,0.025779899513079494,0.0007309121736289359,-7.221217250946998
IT,2015,41,41.0,0.0008,-7.1308988302963465,0.0007920073290093,-7.140939912392968,0.0100410820966212,0.7440621923207003,0.031488123759986116,0.023429122396920802,-0.013388040300299602,0.0008107824491188814,-7.117510789996047
IT,2015,42,42.0,0.00088,-7.035588650492022,0.0008853468651175,-7.029531051758069,-0.0060575987339523,0.7440621923207003,0.055019431192838746,0.040937878593581514,-0.04699547732753381,0.0009223431965244848,-6.988593173164488
IT,2015,43,43.0,0.00101,-6.897804948128969,0.0009697798744118,-6.938441445816241,0.0406364976872719,0.7440621923207003,0.029298691132149172,0.02180004835591397,0.01883644933135793,0.0009911532463860392,-6.916641397460327
IT,2015,44,44.0,0.00105,-6.8589651148127055,0.0010706522554705,-6.839487231677628,-0.0194778831350772,0.7440621923207003,0.03827562880574758,0.02847944828165789,-0.04795733141673509,0.0011015821841367577,-6.81100778339597
IT,2015,45,45.0,0.00127,-6.668738378511637,0.001192335310998,-6.731841448723875,0.0631030702122377,0.7440621923207003,0.0430999932610285,0.03206907547480827,0.031033994737429425,0.001231192123042188,-6.699772373249067
IT,2015,46,46.0,0.00139,-6.578451531839537,0.0013260721074649,-6.625534009010009,0.0470824771704716,0.7440621923207003,0.041338410793171895,0.030758348561821178,0.016324128608650422,0.0013674936592179819,-6.594775660448188
IT,2015,47,47.0,0.00157,-6.45667965962192,0.0014482274078359,-6.537414947739129,0.0807352881172089,0.7440621923207003,0.03697931135613883,0.027514907478158424,0.05322038063905048,0.0014886285185407514,-6.509900040260971
IT,2015,48,48.0,0.00167,-6.394931652553473,0.0015954017074394,-6.440629720261234,0.0456980677077609,0.7440621923207003,0.025181846785233445,0.018736860125704774,0.026961207582056126,0.0016255763321590092,-6.42189286013553
IT,2015,49,49.0,0.00186,-6.287178791257027,0.0017893753883459,-6.3258886650831,0.0387098738260727,0.7440621923207003,0.019533620205000927,0.014534228273692917,0.024175645552379783,0.0018155724949078774,-6.311354436809407
IT,2015,50,50.0,0.00209,-6.170591213005418,0.0019762355739207,-6.226561469191085,0.0559702561856676,0.7440621923207003,0.02336324817568371,0.01738370965733182,0.03858654652833578,0.0020108902198075246,-6.209177759533754
IT,2015,51,51.0,0.00234,-6.057604349612527,0.0021601635656976,-6.137571335293044,0.0799669856805174,0.7440621923207003,0.015358875611923273,0.011427958659388568,0.06853902702112882,0.0021849914212718684,-6.126143376633656
IT,2015,52,52.0,0.00253,-5.979535976242708,0.0024325169349347,-6.018828781981878,0.0392928057391701,0.7440621923207003,0.008430700098026272,0.006272965197735771,0.03301984054143433,0.0024478239891251785,-6.012555816784142
IT,2015,53,53.0,0.00278,-5.885304351279592,0.0026437936503187,-5.9355404045471305,0.0502360532675387,0.7440621923207003,0.006545893278057699,0.0048705517031689466,0.045365501564369755,0.002656701793356611,-5.930669852843962
IT,2015,54,54.0,0.00303,-5.799192659460859,0.002941205532463,-5.828935736621601,0.0297430771607416,0.7440621923207003,-0.006658735007069886,-0.004954512967443013,0.034697590128184616,0.0029266693311467058,-5.833890249589044
IT,2015,55,55.0,0.00336,-5.6958143050070245,0.003203725557496,-5.743440909656947,0.0476266046499223,0.7440621923207003,-0.007383466951780047,-0.0054937586070689,0.053120363256991196,0.003186173320661835,-5.748934668264016
IT,2015,56,56.0,0.00363,-5.618522630705377,0.0035761882801614,-5.633457772005022,0.0149351412996443,0.7440621923207003,-0.006357544446047569,-0.0047304084583024465,0.019665549757946744,0.0035593113976173066,-5.638188180463324
IT,2015,57,57.0,0.00419,-5.47505454504809,0.0039284079558137,-5.5395210354780975,0.0644664904300071,0.7440621923207003,-0.01768697832733739,-0.013160211869767369,0.07762670229977447,0.0038770479702063933,-5.552681247347865
IT,2015,58,58.0,0.00428,-5.453802269388432,0.0042939970406408,-5.450537268710507,-0.0032650006779251,0.7440621923207003,-0.02491836799741731,-0.0185408155212123,0.015275814843287201,0.004215116349500973,-5.469078084231719
IT,2015,59,59.0,0.00487,-5.324661341887639,0.0047326271435943,-5.353274809188996,0.0286134673013567,0.7440621923207003,-0.013342691217290164,-0.009927792078595073,0.03854125937995177,0.004685875061794806,-5.363202601267591
IT,2015,60,60.0,0.00546,-5.210306489225324,0.0052763441920568,-5.244521808943175,0.0342153197178518,0.7440621923207003,-0.01547062623274049,-0.011511108071307025,0.04572642778915882,0.005215955858969443,-5.256032917014482
IT,2015,61,61.0,0.00589,-5.134499281318642,0.005738745021265,-5.160514729965576,0.0260154486469339,0.7440621923207003,-0.03214767288348347,-0.02391986796369344,0.049935316610627334,0.005603103726327956,-5.184434597929269
IT,2015,62,62.0,0.00641,-5.049896008049559,0.0063234323942806,-5.06349311788814,0.0135971098385816,0.7440621923207003,-0.02672553104528206,-0.019885457220487505,0.0334825670590691,0.006198930045632664,-5.083378575108628
IT,2015,63,63.0,0.00718,-4.936455895922005,0.0069522907737934,-4.968684065974074,0.0322281700520692,0.7440621923207003,-0.023228165554247015,-0.017283199785881206,0.0495113698379504,0.006833165342995484,-4.985967265759955
IT,2015,64,64.0,0.00788,-4.843427375112349,0.0075772783534811,-4.882601200072975,0.0391738249606259,0.7440621923207003,-0.01886198267866328,-0.014034488183401275,0.05320831314402717,0.007471677887522983,-4.896635688256376
IT,2015,65,65.0,0.00839,-4.780714758503022,0.0083282815140315,-4.788098144922879,0.0073833864198569,0.7440621923207003,-0.022375203371646467,-0.016648542874328796,0.024031929294185697,0.00819077557501071,-4.804746687797207
IT,2015,66,66.0,0.00934,-4.673449026741386,0.0091933850291134,-4.6892710721196025,0.0158220453782167,0.7440621923207003,-0.018464169060760018,-0.013738490110729144,0.029560535488945845,0.00906794544804204,-4.703009562230331
IT,2015,67,67.0,0.01023,-4.582430699018602,0.0100190276081051,-4.603269233133886,0.0208385341152839,0.7440621923207003,-0.019189574026910326,-0.014278236520163265,0.035116770635447166,0.009876989998575583,-4.617547469654049
IT,2015,68,68.0,0.01124,-4.488276434516592,0.0109120452638686,-4.517888029807829,0.0296115952912368,0.7440621923207003,-0.01653121448440601,-0.012300251690990851,0.04191184698222765,0.010778646461968895,-4.53018828149882
IT,2015,69,69.0,0.01252,-4.380427913310185,0.0119998733443209,-4.422859183889756,0.0424312705795708,0.7440621923207003,-0.014296704179657003,-0.010637637054876109,0.05306890763444691,0.011872899594664805,-4.433496820944632
IT,2015,70,70.0,0.01369,-4.291089639681779,0.0132461047067765,-4.324051754166013,0.032962114484234,0.7440621923207003,-0.011571929030223659,-0.00861023488360777,0.04157234936784177,0.01313254223532436,-4.332661989049621
IT,2015,71,71.0,0.01518,-4.187776507014653,0.0146826179313334,-4.221090938498142,0.0333144314834887,0.7440621923207003,-0.006886958403974012,-0.005124325368482374,0.038438756851971075,0.014607571864242533,-4.226215263866624
IT,2015,72,72.0,0.01696,-4.07689764861838,0.0161974224595047,-4.122903156840708,0.0460055082223274,0.7440621923207003,-0.002896168791214284,-0.0021549297001216927,0.04816043792244909,0.016162555733945188,-4.12505808654083
IT,2015,73,73.0,0.01869,-3.9797666575146655,0.0179666722955844,-4.019236776437511,0.0394701189228454,0.7440621923207003,-0.0016371444514913566,-0.001218137289722329,0.04068825621256773,0.0179447997466773,-4.020454913727233
IT,2015,74,74.0,0.02042,-3.8912404662456175,0.0200626266279923,-3.908896566436189,0.017656100190571,0.7440621923207003,0.0007045949651442528,0.0005242624744633602,0.017131837716107642,0.020073147467872397,-3.9083723039617255
IT,2015,75,75.0,0.02275,-3.783190133585178,0.0222969961138227,-3.803303313005405,0.0201131794202265,0.7440621923207003,0.000370568473987709,0.00027572599116023114,0.01983745342906627,0.022303144822816603,-3.8030275870142445
IT,2015,76,76.0,0.02569,-3.661653467860345,0.025101889652687,-3.68481215071056,0.0231586828502146,0.7440621923207003,0.005038492888424606,0.0037489520645534696,0.01940973078566113,0.025196172053399617,-3.6810631986460067
IT,2015,77,77.0,0.02875,-3.549117511738777,0.0281010473969362,-3.57194842942477,0.0228309176859924,0.7440621923207003,0.007775996137115107,0.005785824733259163,0.017045092952733237,0.02826410639250386,-3.566162604691511
IT,2015,78,78.0,0.03306,-3.409431186589259,0.0317722108414249,-3.449163244156695,0.039732057567436,0.7440621923207003,0.009940278872714576,0.007396185690311146,0.032335871877124854,0.03200807518562621,-3.4417670584663838
IT,2015,79,79.0,0.03755,-3.282081900771993,0.0362160527206416,-3.3182528131216373,0.036170912349644,0.7440621923207003,0.012954914706751053,0.00963926223803287,0.02653165011161113,0.03656683668324682,-3.3086135508836043
IT,2015,80,80.0,0.04309,-3.1444643273543904,0.0411181875378991,-3.191304736192385,0.0468404088379945,0.7440621923207003,0.010974036936345317,0.008165365981465438,0.03867504285652906,0.04145530706673909,-3.1831393702109194
IT,2015,81,81.0,0.04867,-3.022692455136774,0.0468609888892213,-3.060569743068788,0.0378772879320137,0.7440621923207003,0.014806651770122341,0.011017069777006406,0.02686021815500729,0.04738011404188859,-3.0495526732917817
IT,2015,82,82.0,0.05711,-2.862776046305365,0.0536660718331378,-2.9249742865817843,0.0621982402764187,0.7440621923207003,0.01789024826514346,0.013311457345324247,0.048886782931094455,0.05438522130388483,-2.91166282923646
IT,2015,83,83.0,0.06527,-2.729222766335011,0.0612087937860258,-2.79346441047203,0.0642416441370188,0.7440621923207003,0.018734084623436602,0.013939324076035759,0.05030232006098304,0.062067977305765104,-2.779525086395994
IT,2015,84,84.0,0.07476,-2.593472296394775,0.0700366737247622,-2.6587362637721457,0.0652639673773705,0.7440621923207003,0.019922349749662695,0.01482346723091378,0.05044050014645672,0.0710825929855933,-2.643912796541232
IT,2015,85,85.0,0.08506,-2.4643983891566497,0.0800500252155063,-2.5251035245425077,0.0607051353858576,0.7440621923207003,0.023234561599630082,0.017287958841431115,0.04341717654442649,0.08144595840735468,-2.5078155657010766
IT,2016,20,20.0,0.00026,-8.254828926948747,0.0002631572704524,-8.242758717998127,-0.0120702089506199,-0.9123130339337624,-0.020818097729608808,0.018992621900428983,-0.031062830851048884,0.0002682030819090023,-8.223766096097698
IT,2016,21,21.0,0.00029,-8.145629634983754,0.0002810642478706,-8.176927274655519,0.0312976396717648,-0.9123130339337624,0.01124028878226586,-0.010254661961240603,0.0415523016330054,0.00027819675672384865,-8.18718193661676
IT,2016,22,22.0,0.00029,-8.145629634983754,0.0002912137984039,-8.141452858135255,-0.0041767768484994,-0.9123130339337624,0.00276927128068778,-0.0025264422838699044,-0.0016503345646294958,0.0002904789921636893,-8.143979300419124
IT,2016,23,23.0,0.00028,-8.180720954795024,0.0002799932677005,-8.18074499901078,2.404421575619153e-05,-0.9123130339337624,-0.0103238590166454,0.009418591141380193,-0.009394546925624001,0.00028264286797506215,-8.171326407869401
IT,2016,24,24.0,0.00028,-8.180720954795024,0.0002914183804583,-8.140750589808231,-0.039970364986793,-0.9123130339337624,-0.03404405815922482,0.031058837986659857,-0.07102920297345286,0.0003006115218652511,-8.109691751821572
IT,2016,25,25.0,0.0003,-8.111728083308073,0.000310624733722,-8.0769250183466,-0.0348030649614727,-0.9123130339337624,-0.012738064842770661,0.011621102583153096,-0.0464241675446258,0.0003142555920438045,-8.065303915763447
IT,2016,26,26.0,0.0003,-8.111728083308073,0.0003092525629178,-8.081352259198523,-0.0303758241095497,-0.9123130339337624,0.006127122532955127,-0.005589853747324211,-0.024785970362225487,0.0003075287088549218,-8.086942112945847
IT,2016,27,27.0,0.0003,-8.111728083308073,0.0003080342286878,-8.085299649061845,-0.0264284342462275,-0.9123130339337624,-0.03143672832684167,0.028680136996812374,-0.055108571243039875,0.00031699659924920294,-8.056619512065033
IT,2016,28,28.0,0.00032,-8.047189562170502,0.000316789677875,-8.057272481019925,0.0100829188494238,-0.9123130339337624,-0.02199641158147994,0.020067612985555712,-0.009984694136131912,0.0003232111064038794,-8.037204868034369
IT,2016,29,29.0,0.00032,-8.047189562170502,0.0003261634800763,-8.028111829665999,-0.0190777325045026,-0.9123130339337624,-0.03104662944695269,0.028324244704166696,-0.047401977208669295,0.00033553389277801927,-7.999787584961832
IT,2016,30,30.0,0.00035,-7.957577403480815,0.0003469681169089,-7.966277664345709,0.0087002608648942,-0.9123130339337624,-0.018074871731114737,0.016489941066976883,-0.007789680202082684,0.0003527370345425673,-7.949787723278732
IT,2016,31,31.0,0.00032,-8.047189562170502,0.0003565107085871,-7.939146280448458,-0.1080432817220433,-0.9123130339337624,0.010258689204186393,-0.009359135872054824,-0.09868414584998848,0.0003531896418250976,-7.948505416320513
IT,2016,32,32.0,0.00038,-7.875339305243843,0.0003805119578269,-7.873992954541438,-0.0013463507024047,-0.9123130339337624,0.006447742620522178,-0.005882359632152616,0.004536008929747916,0.00037828022002411887,-7.87987531417359
IT,2016,33,33.0,0.00042,-7.77525584668686,0.0003986599280926,-7.827401815042408,0.052145968355548,-0.9123130339337624,-0.0020866022828795127,0.001903634459306923,0.05024233389624108,0.00039941955366457825,-7.825498180583101
IT,2016,34,34.0,0.00048,-7.641724454062337,0.0004356715221124,-7.738621988206302,0.0968975341439648,-0.9123130339337624,0.01811470890812967,-0.016526285042802732,0.11342381918676754,0.00042853065884799444,-7.755148273249104
IT,2016,35,35.0,0.00044,-7.728735831051967,0.0004470165642262,-7.712914907602727,-0.0158209234492403,-0.9123130339337624,0.016948107300335476,-0.015461979190604005,-0.00035894425863629287,0.0004401579638222074,-7.728376886793331
IT,2016,36,36.0,0.00055,-7.505592279737757,0.0004940676486752,-7.612838109513748,0.1072458297759908,-0.9123130339337624,0.030239483176575755,-0.027587874641410794,0.13483370441740158,0.00048062367037642674,-7.640425984155159
IT,2016,37,37.0,0.00056,-7.487573774235079,0.0005218139401399,-7.558199470133687,0.0706256958986077,-0.9123130339337624,0.003559633096937248,-0.003247499670357855,0.07387319556896556,0.0005201220981564068,-7.561446969804044
IT,2016,38,38.0,0.00058,-7.4524824544238095,0.0005672550468708,-7.474701537259973,0.0222190828361634,-0.9123130339337624,0.018172622344844853,-0.01657912022595789,0.03879820306212129,0.0005579279881052399,-7.491280657485931
IT,2016,39,39.0,0.00065,-7.338538195074591,0.0006306358192006,-7.36878201068932,0.0302438156147291,-0.9123130339337624,0.03919246412919994,-0.03575579585705055,0.06599961147177966,0.0006084852982032166,-7.4045378065463705
IT,2016,40,40.0,0.00072,-7.236259345954173,0.0006903824900128,-7.278264780607011,0.0420054346528377,-0.9123130339337624,0.025300944700742685,-0.023082381621324907,0.0650878162741626,0.0006746293275963947,-7.301347162228336
IT,2016,41,41.0,0.00077,-7.1691200431165445,0.0007620541618878,-7.179492926210549,0.0103728830940044,-0.9123130339337624,0.031488123759986116,-0.028727025720354724,0.039099908814359124,0.0007404740624613139,-7.208219951930904
IT,2016,42,42.0,0.00086,-7.05857816871672,0.0008522713405201,-7.067605607048379,0.0090274383316586,-0.9123130339337624,0.055019431192838746,-0.0501949441968486,0.0592223825285072,0.0008105475498176114,-7.117800551245228
IT,2016,43,43.0,0.00094,-6.969630682700225,0.0009346001272397,-6.975391791554384,0.0057611088541591,-0.9123130339337624,0.029298691132149172,-0.026729577797059232,0.032490686651218334,0.0009099495774797522,-7.0021213693514435
IT,2016,44,44.0,0.0011,-6.812445099177812,0.001030581809798,-6.877631772334544,0.0651866731567318,-0.9123130339337624,0.03827562880574758,-0.034919355041494085,0.10010602819822588,0.0009952156333248134,-6.912551127376038
IT,2016,45,45.0,0.00119,-6.733801971858699,0.0011497874092837,-6.768178215188399,0.0343762433297003,-0.9123130339337624,0.0430999932610285,-0.039320685614493624,0.07369692894419393,0.0011054542961077976,-6.8074989008028925
IT,2016,46,46.0,0.00129,-6.653113060608557,0.0012796255014388,-6.661187820860478,0.0080747602519215,-0.9123130339337624,0.041338410793171895,-0.03771357096871884,0.04578833122064034,0.0012322649356377464,-6.698901391829197
IT,2016,47,47.0,0.00148,-6.515713191206113,0.0014000479222815,-6.571248812745639,0.0555356215395255,-0.9123130339337624,0.03697931135613883,-0.03373670773610025,0.08927232927562576,0.0013536027730291877,-6.60498552048174
IT,2016,48,48.0,0.00157,-6.45667965962192,0.0015445509664469,-6.473022047479322,0.016342387857402,-0.9123130339337624,0.025181846785233445,-0.022973727040691484,0.03931611489809349,0.0015094713715433563,-6.495995774520013
IT,2016,49,49.0,0.0017,-6.377127027919967,0.0017347054211694,-6.356917666068066,-0.0202093618519008,-0.9123130339337624,0.019533620205000927,-0.017820776312934238,-0.002388585538966561,0.0017040654488194756,-6.374738442381
IT,2016,50,50.0,0.00197,-6.22972173623224,0.0019184601329613,-6.256232428810443,0.0265106925782028,-0.9123130339337624,0.02336324817568371,-0.021314595825705444,0.04782528840390825,0.0018780016405462415,-6.277547024636148
IT,2016,51,51.0,0.00216,-6.137647057286063,0.0021000236995308,-6.165806648825553,0.0281595915394898,-0.9123130339337624,0.015358875611923273,-0.014012102407324993,0.042171693946814796,0.002070803151146314,-6.179818751232879
IT,2016,52,52.0,0.00245,-6.011667254425501,0.0023704045603318,-6.044694637840827,0.0330273834153258,-0.9123130339337624,0.008430700098026272,-0.007691437584616017,0.04071882099994182,0.0023522426766384636,-6.052386075425443
IT,2016,53,53.0,0.00256,-5.967748020490665,0.0025801299722511,-5.959915504475939,-0.0078325160147265,-0.9123130339337624,0.006545893278057699,-0.00597190375631144,-0.0018606122584150604,0.0025647676013348833,-5.96588740823225
IT,2016,54,54.0,0.00307,-5.786077717383031,0.0028750508382453,-5.851684922021216,0.0656072046381845,-0.9123130339337624,-0.006658735007069886,0.006074850736460881,0.059532353901723616,0.002892569500701769,-5.845610071284756
IT,2016,55,55.0,0.00304,-5.795897763564007,0.0031373901717731,-5.764363980149461,-0.0315337834145461,-0.9123130339337624,-0.007383466951780047,0.006736033135728123,-0.03826981655027423,0.0031585950742132165,-5.757627947013733
IT,2016,56,56.0,0.00363,-5.618522630705377,0.0035112777827498,-5.651775267081623,0.0332526363762459,-0.9123130339337624,-0.006357544446047569,0.0058000706619423985,0.0274525657143035,0.0035317026174868705,-5.6459751964196805
IT,2016,57,57.0,0.00398,-5.526473459685791,0.0038557106736399,-5.558199937818657,0.0317264781328656,-0.9123130339337624,-0.01768697832733739,0.016136060858933876,0.015590417273931727,0.003918431326975598,-5.542063876959722
IT,2016,58,58.0,0.0044,-5.426150738057921,0.004219081547703,-5.468137817346223,0.0419870792883019,-0.9123130339337624,-0.02491836799741731,0.022733351908401755,0.019253727379900144,0.004316093943719005,-5.4454044654378215
IT,2016,59,59.0,0.00464,-5.373040912743973,0.0046539838692106,-5.370031680113487,-0.003009232630486,-0.9123130339337624,-0.013342691217290164,0.012172711105287354,-0.015181943735773355,0.0047109816754518094,-5.3578589690082
IT,2016,60,60.0,0.00511,-5.276555874766524,0.0051899271100939,-5.261035626200855,-0.0155202485656689,-0.9123130339337624,-0.01547062623274049,0.014114053955246729,-0.029634302520915628,0.005263697395621964,-5.246921572245609
IT,2016,61,61.0,0.00559,-5.1867759918151295,0.0056529435061895,-5.175578894937096,-0.0111970968780337,-0.9123130339337624,-0.03214767288348347,0.029328740982240947,-0.040525837860274645,0.005821192426450537,-5.146250153954854
IT,2016,62,62.0,0.00613,-5.094560529034017,0.0062355116954693,-5.077494634978688,-0.0170658940553289,-0.9123130339337624,-0.02672553104528206,0.02438205031141223,-0.04144794436674113,0.006389414868455267,-5.053112584667276
IT,2016,63,63.0,0.00669,-5.007141404842,0.0068584789126733,-4.982269594677154,-0.0248718101648455,-0.9123130339337624,-0.023228165554247015,0.021191358189510807,-0.04606316835435631,0.00700537031303998,-4.961078236487643
IT,2016,64,64.0,0.00722,-4.930900326077402,0.0074702972406246,-4.896820489380787,-0.0340798366966144,-0.9123130339337624,-0.01886198267866328,0.017208032643577374,-0.05128786934019178,0.007599958769751917,-4.87961245673721
IT,2016,65,65.0,0.00823,-4.799969264293159,0.0082051317819157,-4.802995493397128,0.0030262291039688,-0.9123130339337624,-0.022375203371646467,0.02041318967287174,-0.01738696056890294,0.008374345917497094,-4.782582303724256
IT,2016,66,66.0,0.00914,-4.695094893516078,0.0090571917298196,-4.704196170571962,0.0091012770558842,-0.9123130339337624,-0.018464169060760018,0.01684510209488788,-0.00774382503900368,0.009211053318018275,-4.687351068477074
IT,2016,67,67.0,0.00989,-4.616231133347516,0.0098618748286631,-4.619078983548001,0.0028478502004851,-0.9123130339337624,-0.019189574026910326,0.017506898500387086,-0.014659048299901986,0.010036045818763552,-4.601572085047614
IT,2016,68,68.0,0.01085,-4.523590198995668,0.0107248118871476,-4.535195353981769,0.0116051549861007,-0.9123130339337624,-0.01653121448440601,0.015081642440878205,-0.003476487454777504,0.010887785531290883,-4.5201137115408905
IT,2016,69,69.0,0.01169,-4.44902150349816,0.0117876161078775,-4.440705780986018,-0.0083157225121413,-0.9123130339337624,-0.014296704179657003,0.013043069565396382,-0.02135879207753768,0.011942369842740127,-4.427662711420622
IT,2016,70,70.0,0.01297,-4.345116280653785,0.0129994612814102,-4.342847362270775,-0.0022689183830095,-0.9123130339337624,-0.011571929030223659,0.010557221682029527,-0.012826140065039026,0.01313742645898119,-4.3322901405887455
IT,2016,71,71.0,0.01464,-4.223997770448972,0.0143947245466688,-4.240893490448852,0.01689571999988,-0.9123130339337624,-0.006886958403974012,0.006283061916105153,0.010612658083774849,0.01448545221757759,-4.234610428532747
IT,2016,72,72.0,0.01619,-4.123361511292593,0.0158490368566364,-4.1446465466479925,0.0212850353553992,-0.9123130339337624,-0.002896168791214284,0.002642212536696981,0.01864282281870222,0.015890968752609407,-4.142004334111295
IT,2016,73,73.0,0.01805,-4.014609594203247,0.0175756582846516,-4.041240386245653,0.0266307920424067,-0.9123130339337624,-0.0016371444514913566,0.0014935882215279049,0.025137203820878796,0.01760192869455494,-4.039746798024125
IT,2016,74,74.0,0.01996,-3.914025008098819,0.0196027337773773,-3.9320862440342585,0.0180612359354395,-0.9123130339337624,0.0007045949651442528,-0.0006428111703452069,0.018704047105784705,0.01959013697025387,-3.9327290552046037
IT,2016,75,75.0,0.02171,-3.829982295091936,0.0217708093728883,-3.8271852260671846,-0.0027970690247518,-0.9123130339337624,0.000370568473987709,-0.0003380744487839313,-0.002458994575967869,0.02176345046250993,-3.8275233005159683
IT,2016,76,76.0,0.0244,-3.713172146682981,0.0244974016448809,-3.709188222366698,-0.0039839243162829,-0.9123130339337624,0.005038492888424606,-0.004596682733492338,0.0006127584172094386,0.024385053274453707,-3.7137849051001903
IT,2016,77,77.0,0.02711,-3.607852615471563,0.0274109348797526,-3.5968132619979816,-0.0110393534735813,-0.9123130339337624,0.007775996137115107,-0.0070941426277087,-0.0039452108458726,0.027217165923112376,-3.6039074046256903
IT,2016,78,78.0,0.03049,-3.490356517981973,0.0309976592976447,-3.4738435838753423,-0.0165129341066312,-0.9123130339337624,0.009940278872714576,-0.009068645976513915,-0.007444288130117285,0.03071782328405789,-3.4829122298518564
IT,2016,79,79.0,0.03472,-3.360439389189988,0.0353466841818164,-3.342550690704749,-0.0178886984852382,-0.9123130339337624,0.012954914706751053,-0.011818937540469171,-0.006069760944769027,0.034931382973079066,-3.3543696282452182
IT,2016,80,80.0,0.04034,-3.2104117464560717,0.0400975901298543,-3.2164390429878424,0.0060272965317711,-0.9123130339337624,0.010974036936345317,-0.010011756931898368,0.01603905346366947,0.039698145710665274,-3.226450799919741
IT,2016,81,81.0,0.04513,-3.0982080651432278,0.0457622585811067,-3.08429557602401,-0.0139124891192174,-0.9123130339337624,0.014806651770122341,-0.013508301398801027,-0.0004041877204163727,0.04514824467871156,-3.0978038774228107
IT,2016,82,82.0,0.05267,-2.943709245486839,0.0524461997269444,-2.9479674019231843,0.0042581564363453,-0.9123130339337624,0.01789024826514346,-0.01632150667260126,0.020579663108946558,0.05159714649048312,-2.9642889085957855
IT,2016,83,83.0,0.06037,-2.8072629861738023,0.059887024265779,-2.815295420602753,0.0080324344289506,-0.9123130339337624,0.018734084623436602,-0.017091349580779295,0.025123784009729894,0.058872171504647616,-2.832386770183532
IT,2016,84,84.0,0.06894,-2.6745187178934176,0.0686718166131952,-2.678416402451677,0.0038976845582596,-0.9123130339337624,0.019922349749662695,-0.018175419343204307,0.022073103901463907,0.06743495186615733,-2.696591821794881
IT,2016,85,85.0,0.0796,-2.5307411861318,0.0785970724994682,-2.543420825794448,0.012679639662648,-0.9123130339337624,0.023234561599630082,-0.021197193385079412,0.033876833047727414,0.07694856870620007,-2.5646180191795276
IT,2017,20,20.0,0.00034,-7.986564940354067,0.0002710101984974,-8.213354104960752,0.2267891646066848,0.3869477270915699,-0.020818097729608808,-0.0080555155988423,0.2348446802055271,0.00026883584115880367,-8.221409620559594
IT,2017,21,21.0,0.00031,-8.078938260485081,0.000288393687274,-8.151184041579176,0.0722457810940948,0.3869477270915699,0.01124028878226586,0.004349404196150645,0.06789637689794416,0.00028965075976413113,-8.146834637383026
IT,2017,22,22.0,0.00035,-7.957577403480815,0.0002990266696066,-8.11497779254245,0.1574003890616362,0.3869477270915699,0.00276927128068778,0.0010715632277620974,0.1563288258338741,0.0002993472673296095,-8.113906229314688
IT,2017,23,23.0,0.00032,-8.047189562170502,0.0002873461720597,-8.15482289462452,0.1076333324540179,0.3869477270915699,-0.0103238590166454,-0.003994793781304747,0.11162812623532266,0.0002862005730977855,-8.158817688405824
IT,2017,24,24.0,0.00032,-8.047189562170502,0.0002987183880264,-8.116009274454616,0.0688197122841138,0.3869477270915699,-0.03404405815922482,-0.01317327092568526,0.08199298320979906,0.00029480909538914574,-8.129182545380301
IT,2017,25,25.0,0.00035,-7.957577403480815,0.0003179578538918,-8.053591718899053,0.0960143154182384,0.3869477270915699,-0.012738064842770661,-0.004928965238455142,0.10094328065669354,0.0003163945066897732,-8.058520684137509
IT,2017,26,26.0,0.00031,-8.078938260485081,0.0003161241603767,-8.059375508962773,-0.019562751522308,0.3869477270915699,0.006127122532955127,0.0023708761377385285,-0.02193362766004653,0.0003168745407831157,-8.057004632825034
IT,2017,27,27.0,0.00034,-7.986564940354067,0.0003154322223193,-8.06156672530773,0.0750017849536623,0.3869477270915699,-0.03143672832684167,-0.012164370573266555,0.08716615552692886,0.00031161843108888746,-8.073731095880996
IT,2017,28,28.0,0.00032,-8.047189562170502,0.0003237271488291,-8.035609530208616,-0.0115800319618859,0.3869477270915699,-0.02199641158147994,-0.008511461465624348,-0.0030685704962615523,0.00032098345068098456,-8.04412099167424
IT,2017,29,29.0,0.00036,-7.929406526514119,0.00033301092471,-8.007335261584915,0.0779287350707962,0.3869477270915699,-0.03104662944695269,-0.012013422698352547,0.08994215776914875,0.00032903425822274594,-8.019348684283267
IT,2017,30,30.0,0.00041,-7.799353398265921,0.0003540709970608,-7.946013108270221,0.1466597100043003,0.3869477270915699,-0.018074871731114737,-0.006994030533826517,0.15365374053812683,0.0003516032534926331,-7.953007138804048
IT,2017,31,31.0,0.00041,-7.799353398265921,0.0003639889881868,-7.9183869430192,0.1190335447532797,0.3869477270915699,0.010258689204186393,0.003969576470498751,0.11506396828278094,0.00036543674189326797,-7.914417366548702
IT,2017,32,32.0,0.0004,-7.824046010856292,0.0003882549367248,-7.853848380691481,0.0298023698351892,0.3869477270915699,0.006447742620522178,0.0024949393518824995,0.0273074304833067,0.00038922481864024,-7.851353441339598
IT,2017,33,33.0,0.00043,-7.751725349276666,0.0004066610740774,-7.807530461268204,0.0558051119915381,0.3869477270915699,-0.0020866022828795127,-0.0008074060107043084,0.05661251800224241,0.00040633286599834104,-7.808337867278908
IT,2017,34,34.0,0.00046,-7.684284068481133,0.0004440370487504,-7.719602555881517,0.0353184874003833,0.3869477270915699,0.01811470890812967,0.007009445438926189,0.02830904196145711,0.00044716043603467413,-7.712593110442591
IT,2017,35,35.0,0.00045,-7.706262975199909,0.0004569760270418,-7.690879625684897,-0.0153833495150124,0.3869477270915699,0.016948107300335476,0.006558031598368855,-0.021941381113381255,0.00045998273854539373,-7.684321594086528
IT,2017,36,36.0,0.00052,-7.5616817463888015,0.0005051494216452,-7.590656288008068,0.0289745416192666,0.3869477270915699,0.030239483176575755,0.011701099283599754,0.017273442335666845,0.0005110949419062825,-7.578955188724469
IT,2017,37,37.0,0.00058,-7.4524824544238095,0.0005330745756286,-7.536849226834218,0.0843667724104086,0.3869477270915699,0.003559633096937248,0.001377391936139794,0.0829893804742688,0.0005338093341595321,-7.535471834898078
IT,2017,38,38.0,0.00063,-7.369790738578696,0.0005798840431082,-7.452682400087056,0.0828916615083601,0.3869477270915699,0.018172622344844853,0.007031854911631191,0.0758598065967289,0.0005839760739871312,-7.445650545175425
IT,2017,39,39.0,0.00072,-7.236259345954173,0.0006447234880969,-7.3466890337117405,0.1104296877575672,0.3869477270915699,0.03919246412919994,0.0151654349139118,0.0952642528436554,0.0006545755165191238,-7.331523598797829
IT,2017,40,40.0,0.00072,-7.236259345954173,0.0007057925612127,-7.256189186290212,0.0199298403360383,0.3869477270915699,0.025300944700742685,0.009790143045221881,0.010139697290816417,0.000712736306013417,-7.24639904324499
IT,2017,41,41.0,0.00085,-7.070274208479912,0.0007792129534319,-7.1572261817598415,0.0869519732799295,0.3869477270915699,0.031488123759986116,0.012184257919304685,0.07476771536062482,0.0007887651601323236,-7.1450419238405365
IT,2017,42,42.0,0.00094,-6.969630682700225,0.0008712207212369,-7.045615201921166,0.0759845192209409,0.3869477270915699,0.055019431192838746,0.021289643845939975,0.05469487537500093,0.000889967548666585,-7.024325558075226
IT,2017,43,43.0,0.00099,-6.917805614835639,0.0009547598769819,-6.954050686814569,0.0362450719789304,0.3869477270915699,0.029298691132149172,0.011337061940343056,0.024908010038587343,0.0009656456385274798,-6.9427136248742265
IT,2017,44,44.0,0.00109,-6.821577582741084,0.0010535383253209,-6.855600946339565,0.0340233635984805,0.3869477270915699,0.03827562880574758,0.014810667569384645,0.01921269602909586,0.0010692580537144363,-6.84079027877018
IT,2017,45,45.0,0.00122,-6.708904420236972,0.0011741726696309,-6.747191490340922,0.0382870701039497,0.3869477270915699,0.0430999932610285,0.016677444430016956,0.021609625673932747,0.0011939190711551678,-6.730514045910905
IT,2017,46,46.0,0.00137,-6.592944539142104,0.0013062490827591,-6.640595544445347,0.0476510053032432,0.3869477270915699,0.041338410793171895,0.015995804097995486,0.031655201205247716,0.0013273115939959168,-6.624599740347351
IT,2017,47,47.0,0.00152,-6.489044944123952,0.0014276755197716,-6.55170766793542,0.062662723811468,0.3869477270915699,0.03697931135613883,0.014309060478669398,0.0483536633327986,0.0014482510724741129,-6.537398607456751
IT,2017,48,48.0,0.00166,-6.400937676613685,0.001573719301019,-6.454313479694151,0.053375803080466,0.3869477270915699,0.025181846785233445,0.009744058377514237,0.043631744702951766,0.0015891286667152622,-6.444569421316637
IT,2017,49,49.0,0.00181,-6.3144284337044025,0.0017660735969199,-6.338996503308596,0.024568069604193,0.3869477270915699,0.019533620205000927,0.007558489940195074,0.017009579663997923,0.001779473022353887,-6.331438013368401
IT,2017,50,50.0,0.002,-6.214608098422191,0.0019516197332797,-6.239095618739573,0.0244875203173817,0.3869477270915699,0.02336324817568371,0.009040355779057077,0.015447164538324622,0.001969343061904593,-6.230055262960516
IT,2017,51,51.0,0.00217,-6.133028111429769,0.0021345508845416,-6.149499012958516,0.0164709015287467,0.3869477270915699,0.015358875611923273,0.005943082008715855,0.010527819520030844,0.0021472744666963797,-6.1435559309498
IT,2017,52,52.0,0.00248,-5.999496718805246,0.002406082169764,-6.029755509991181,0.0302587911859344,0.3869477270915699,0.008430700098026272,0.0032622402407219415,0.026996550945212458,0.0024139442047918136,-6.026493269750459
IT,2017,53,53.0,0.00267,-5.925676806569979,0.0026167102494202,-5.94583738016526,0.0201605735952812,0.3869477270915699,0.006545893278057699,0.002532918525728412,0.01762765506955279,0.0026233465643619143,-5.943304461639531
IT,2017,54,54.0,0.00288,-5.8499649848342825,0.0029130755564053,-5.838545863680619,-0.0114191211536631,0.3869477270915699,-0.006658735007069886,-0.002576582376290761,-0.008842538777372339,0.0029055794385954843,-5.84112244605691
IT,2017,55,55.0,0.00328,-5.7199118565860845,0.003175533542572,-5.752279615850852,0.0323677592647673,0.3869477270915699,-0.007383466951780047,-0.002857015755047011,0.03522477501981431,0.0031664739410848138,-5.7551366316058985
IT,2017,56,56.0,0.00358,-5.632392478569528,0.0035486224843847,-5.6411957833666095,0.0088033047970812,0.3869477270915699,-0.006357544446047569,-0.0024600373732817406,0.01126334217036294,0.0035399034693979806,-5.643655820739891
IT,2017,57,57.0,0.00392,-5.5416636251797655,0.0038975321074441,-5.547411719107535,0.0057480939277692,0.3869477270915699,-0.01768697832733739,-0.006843936062881059,0.012592029990650259,0.0038709487181686347,-5.554255655170416
IT,2017,58,58.0,0.00418,-5.477444032445472,0.004262188942333,-5.457972414441068,-0.0194716180044043,0.3869477270915699,-0.02491836799741731,-0.009642105859431942,-0.009829512144972357,0.004221289958389644,-5.4676145203005
IT,2017,59,59.0,0.00472,-5.355946479384673,0.004699244381207,-5.360353553146952,0.0044070737622794,0.3869477270915699,-0.013342691217290164,-0.00516292403981508,0.009569997802094481,0.004675045062797996,-5.365516477186767
IT,2017,60,60.0,0.00531,-5.23816344372829,0.0052396641420871,-5.251497877724892,0.0133344339966017,0.3869477270915699,-0.01547062623274049,-0.0059863236574421485,0.019320757654043848,0.005208391514103327,-5.257484201382335
IT,2017,61,61.0,0.00575,-5.158555424172878,0.0057023414367582,-5.16687841010934,0.0083229859364619,0.3869477270915699,-0.03214767288348347,-0.012439468953547222,0.02076245489000912,0.005631846705035951,-5.1793178790628875
IT,2017,62,62.0,0.00624,-5.076775096600801,0.0062861410954567,-5.069407894874462,-0.007367201726339,0.3869477270915699,-0.02672553104528206,-0.01034138349328708,0.002974181766948081,0.00622146867719574,-5.079749278367749
IT,2017,63,63.0,0.00687,-4.980591172747879,0.0069125055203095,-4.974423113535873,-0.0061680592120056,0.3869477270915699,-0.023228165554247015,-0.008988085865722579,0.0028200266537169788,0.006850653708239202,-4.983411199401596
IT,2017,64,64.0,0.0076,-4.879607031689852,0.007531899793463,-4.888607972383133,0.0090009406932809,0.3869477270915699,-0.01886198267866328,-0.007298601325949318,0.01629954201923022,0.00747712758304819,-4.895906573709082
IT,2017,65,65.0,0.00813,-4.812194355422418,0.0082760344589244,-4.794391355390205,-0.0178030000322122,0.3869477270915699,-0.022375203371646467,-0.008658034087870232,-0.009144965944341969,0.008204689569385887,-4.803049389478075
IT,2017,66,66.0,0.00888,-4.7239537219780585,0.0091356036964817,-4.695576005240327,-0.0283777167377312,0.3869477270915699,-0.018464169060760018,-0.007144668250695575,-0.021233048487035625,0.0090705654537975,-4.702720673491023
IT,2017,67,67.0,0.01004,-4.6011781647185535,0.0099523370388017,-4.609947877119688,0.0087697124011345,0.3869477270915699,-0.019189574026910326,-0.007425362053568374,0.016195074454702873,0.00987871102121477,-4.617373239173256
IT,2017,68,68.0,0.0108,-4.528209144851963,0.0108325552248006,-4.525199306297141,-0.0030098385548216,0.3869477270915699,-0.01653121448440601,-0.006396715870804144,0.003386877315982544,0.010763483598180325,-4.531596022167945
IT,2017,69,69.0,0.01215,-4.41042610919558,0.0119097454348411,-4.430398269912112,0.0199721607165317,0.3869477270915699,-0.014296704179657003,-0.0055320771872188245,0.025504237903750525,0.011844041710418604,-4.4359303470993305
IT,2017,70,70.0,0.01337,-4.314741887868285,0.013141347275768,-4.331991738779324,0.017249850911039,0.3869477270915699,-0.011571929030223659,-0.004477731636309999,0.021727582547348998,0.013082635395447658,-4.336469470415635
IT,2017,71,71.0,0.01474,-4.217190392220947,0.0145603049108822,-4.229456294751398,0.0122659025304514,0.3869477270915699,-0.006886958403974012,-0.0026648929009919294,0.01493079543144333,0.014521554912918625,-4.23212118765239
IT,2017,72,72.0,0.0165,-4.104394898075602,0.0160493264290187,-4.132088397326081,0.0276934992504784,0.3869477270915699,-0.002896168791214284,-0.0011206659310339065,0.028814165181512304,0.016031350570021433,-4.133209063257115
IT,2017,73,73.0,0.01827,-4.0024949085922215,0.0178004428315607,-4.028531943815984,0.0260370352237622,0.3869477270915699,-0.0016371444514913566,-0.0006334893244251554,0.026670524548187354,0.017789170012039328,-4.029165433140409
IT,2017,74,74.0,0.0205,-3.887330392837775,0.0198670484939833,-3.918692774267829,0.0313623814300543,0.3869477270915699,0.0007045949651442528,0.00027264142028273256,0.031089740009771567,0.019872465812760757,-3.918420132847546
IT,2017,75,75.0,0.02261,-3.7893629926922574,0.0220731807613494,-3.813391947605044,0.0240289549127852,0.3869477270915699,0.000370568473987709,0.00014339062874133552,0.023885564284043863,0.02207634607554993,-3.8132485569763026
IT,2017,76,76.0,0.0252,-3.6809112844647593,0.0248447321004014,-3.695109536823524,0.0141982523587649,0.3869477270915699,0.005038492888424606,0.00194963337114294,0.01224861898762196,0.02489321746818898,-3.693159903452381
IT,2017,77,77.0,0.02799,-3.5759079754547747,0.027807422796271,-3.5824522868654785,0.0065443114107037,0.3869477270915699,0.007775996137115107,0.003008904031129518,0.003535407379574182,0.02789121866646333,-3.579443382834349
IT,2017,78,78.0,0.03155,-3.456181689994915,0.0314426771252891,-3.459589164750756,0.003407474755841,0.3869477270915699,0.009940278872714576,0.003846368316453258,-0.00043889356061225767,0.03156385013098163,-3.455742796434303
IT,2017,79,79.0,0.03548,-3.338786121540758,0.0358462196330185,-3.32851716706383,-0.0102689544769281,0.3869477270915699,0.012954914706751053,0.0050128748004424715,-0.015281829277370571,0.03602636338591312,-3.3235042922633875
IT,2017,80,80.0,0.04068,-3.202018707801778,0.0406839167750681,-3.201922429863685,-9.627793809308116e-05,0.3869477270915699,0.010974036936345317,0.0042463786495377555,-0.004342656587630837,0.040857043411119155,-3.197676051214147
IT,2017,81,81.0,0.04746,-3.0478680279745194,0.0463936610931373,-3.070592443454561,0.0227244154800421,0.3869477270915699,0.014806651770122341,0.00572940024828521,0.01699501523175689,0.04666023186263514,-3.064863043206276
IT,2017,82,82.0,0.05431,-2.9130469069353837,0.0531473274303428,-2.934687458989148,0.0216405520537645,0.3869477270915699,0.01789024826514346,0.006922590903301163,0.014717961150463338,0.05351652104956019,-2.9277648680858466
IT,2017,83,83.0,0.06179,-2.784013739909249,0.0606469056222221,-2.802686665137313,0.0186729252280639,0.3869477270915699,0.018734084623436602,0.007249111464179922,0.011423813763883978,0.06108813914430754,-2.795437553673133
IT,2017,84,84.0,0.07119,-2.6424029198663552,0.0694568273962552,-2.667049907972022,0.0246469881056667,0.3869477270915699,0.019922349749662695,0.007708907953955286,0.016938080151711412,0.06999433281344934,-2.659341000018067
IT,2017,85,85.0,0.08243,-2.495805830657001,0.0794329941156291,-2.532841454025137,0.0370356233681361,0.3869477270915699,0.023234561599630082,0.008990560800945931,0.028045062567190172,0.08015036121301003,-2.523850893224191
IT,2018,20,20.0,0.00026,-8.254828926948747,0.0002597222657064,-8.255897706711913,0.0010687797631661,0.043581375195179,-0.020818097729608808,-0.0009072813280039855,0.0019760610911700857,0.00025948673140836054,-8.256804988039917
IT,2018,21,21.0,0.00029,-8.145629634983754,0.0002778497012836,-8.188430233338106,0.0428005983543524,0.043581375195179,0.01124028878226586,0.0004898672427220901,0.042310731111630306,0.0002779858440939795,-8.187940366095384
IT,2018,22,22.0,0.00027,-8.2170885989659,0.0002877890462086,-8.153282824663922,-0.0638057743019775,0.043581375195179,0.00276927128068778,0.000120688650700888,-0.06392646295267838,0.00028782378117633893,-8.15316213601322
IT,2018,23,23.0,0.0003,-8.111728083308073,0.0002767688481059,-8.19232788352403,0.0805998002159569,0.043581375195179,-0.0103238590166454,-0.00044992797326655484,0.08104972818922346,0.00027664435006873327,-8.192777811497296
IT,2018,24,24.0,0.00028,-8.180720954795024,0.0002882144152827,-8.151805857319564,-0.0289150974754601,0.043581375195179,-0.03404405815922482,-0.001483686871803672,-0.027431410603656427,0.0002877871124087516,-8.153289544191368
IT,2018,25,25.0,0.00031,-8.078938260485081,0.0003074029482129,-8.08735113610258,0.0084128756174983,0.043581375195179,-0.012738064842770661,-0.0005551423831733069,0.008968018000671606,0.00030723234316706237,-8.087906278485754
IT,2018,26,26.0,0.00035,-7.957577403480815,0.0003062305757369,-8.091172224281763,0.1335948208009485,0.043581375195179,0.006127122532955127,0.00026702842597555284,0.13332779237497294,0.0003063123589243554,-8.090905195855788
IT,2018,27,27.0,0.00031,-8.078938260485081,0.000304784882752,-8.095904332651937,0.0169660721668556,0.043581375195179,-0.03143672832684167,-0.0013700558521209983,0.018336128018976598,0.00030436759635790565,-8.097274388504058
IT,2018,28,28.0,0.00034,-7.986564940354067,0.0003137380268228,-8.066952229767352,0.0803872894132853,0.043581375195179,-0.02199641158147994,-0.0009586338660800579,0.08134592327936535,0.0003134374110384847,-8.067910863633433
IT,2018,29,29.0,0.00032,-8.047189562170502,0.0003231494939538,-8.037395512235861,-0.0097940499346407,0.043581375195179,-0.03104662944695269,-0.0013530548064733378,-0.008440995128167364,0.00032271255064857774,-8.038748567042335
IT,2018,30,30.0,0.00031,-8.078938260485081,0.0003438405373067,-7.97533256240634,-0.1036056980787414,0.043581375195179,-0.018074871731114737,-0.0007877277665184458,-0.10281797031222295,0.00034356979121933257,-7.976120290172858
IT,2018,31,31.0,0.00037,-7.902007552326004,0.0003532190116647,-7.94842226377264,0.0464147114466362,0.043581375195179,0.010258689204186393,0.00044708778321837946,0.04596762366341782,0.0003533769668769768,-7.947975175989422
IT,2018,32,32.0,0.00042,-7.77525584668686,0.0003771022298998,-7.882994240432268,0.1077383937454081,0.043581375195179,0.006447742620522178,0.00028100149030692366,0.10745739225510118,0.0003772082110781777,-7.882713238941961
IT,2018,33,33.0,0.00042,-7.77525584668686,0.0003951358149514,-7.836281016840951,0.0610251701540915,0.043581375195179,-0.0020866022828795127,-9.093699697328907e-05,0.06111610715106479,0.00039509988412074454,-7.836371953837925
IT,2018,34,34.0,0.00043,-7.751725349276666,0.0004319846415548,-7.747120522308428,-0.0046048269682374,0.043581375195179,0.01811470890812967,0.0007894639254766504,-0.00539429089371405,0.000432325812499112,-7.746331058382951
IT,2018,35,35.0,0.00046,-7.684284068481133,0.000442636783226,-7.722761026647228,0.0384769581660942,0.043581375195179,0.016948107300335476,0.0007386218231040726,0.03773833634299013,0.0004429638451865337,-7.7220224048241235
IT,2018,36,36.0,0.00049,-7.621105166859602,0.0004891948373448,-7.622749707467576,0.0016445406079741,0.043581375195179,0.030239483176575755,0.0013178782620266512,0.00032666234594744877,0.00048983996159117,-7.621431829205549
IT,2018,37,37.0,0.00057,-7.469874197135678,0.0005168594948804,-7.567739490449266,0.0978652933135872,0.043581375195179,0.003559633096937248,0.0001551337055547992,0.09771015960803241,0.000516939683428908,-7.567584356743711
IT,2018,38,38.0,0.00058,-7.4524824544238095,0.0005617012448109,-7.484540442279215,0.0320579878554054,0.043581375195179,0.018172622344844853,0.0007919878726909771,0.031265999982714426,0.0005621462815935357,-7.483748454406524
IT,2018,39,39.0,0.00066,-7.323270722943802,0.0006244408742242,-7.378653909863555,0.0553831869197525,0.043581375195179,0.03919246412919994,0.0017080614840382568,0.05367512543571424,0.0006255083690444459,-7.376945848379517
IT,2018,40,40.0,0.00074,-7.208860371766058,0.0006836059433194,-7.288128912612757,0.0792685408466988,0.043581375195179,0.025300944700742685,0.0011026499637955428,0.07816589088290327,0.000684360137117606,-7.287026262648962
IT,2018,41,41.0,0.00078,-7.156216638280637,0.0007545096645354,-7.189442470646273,0.0332258323656358,0.043581375195179,0.031488123759986116,0.0013722957357761854,0.03185353662985962,0.0007555457857004363,-7.1880701749104965
IT,2018,42,42.0,0.00087,-7.047017346315645,0.0008439378752467,-7.077431673605037,0.0304143272893924,0.043581375195179,0.055019431192838746,0.00239782247384044,0.02801650481555196,0.000845963916523454,-7.075033851131197
IT,2018,43,43.0,0.00088,-7.035588650492022,0.0009257301981621,-6.984927728448358,-0.0506609220436633,0.043581375195179,0.029298691132149172,0.0012768772509578568,-0.051937799294621154,0.0009269129969764077,-6.9836508511974005
IT,2018,44,44.0,0.0011,-6.812445099177812,0.0010204864023305,-6.887475900320023,0.0750308011422111,0.043581375195179,0.03827562880574758,0.0016681045398146861,0.07336269660239642,0.001022190100909686,-6.885807795780209
IT,2018,45,45.0,0.00113,-6.785537646257888,0.0011390555748904,-6.777555803002933,-0.0079818432549547,0.043581375195179,0.0430999932610285,0.0018783569772185694,-0.00986020023217327,0.0011411971385578115,-6.775677446025714
IT,2018,46,46.0,0.0013,-6.645391014514646,0.0012679052425637,-6.670389155598864,0.0249981410842172,0.043581375195179,0.041338410793171895,0.0018015847907496615,0.02319655629346754,0.001270191540225982,-6.668587570808114
IT,2018,47,47.0,0.00143,-6.550080834710321,0.0013878764055378,-6.579980465863793,0.029899631153472,0.043581375195179,0.03697931135613883,0.0016116092426712296,0.028288021910800768,0.0013901149233041857,-6.578368856621122
IT,2018,48,48.0,0.00155,-6.469500348050982,0.0015316929122906,-6.481381676652745,0.0118813286017633,0.043581375195179,0.025181846785233445,0.0010974595128547709,0.01078386908890853,0.0015333748059843243,-6.48028421713989
IT,2018,49,49.0,0.00173,-6.359633870472449,0.0017208697356572,-6.364925455693977,0.0052915852215278,0.043581375195179,0.019533620205000927,0.0008513020310742747,0.004440283190453525,0.0017223353393056424,-6.364074153662903
IT,2018,50,50.0,0.00191,-6.260652036923599,0.0019038259820391,-6.263889742777652,0.0032377058540529,0.043581375195179,0.02336324817568371,0.0010182024845225529,0.002219503369530347,0.001905765449601987,-6.262871540293129
IT,2018,51,51.0,0.00211,-6.161067331494162,0.0020847768426883,-6.1730934593451545,0.0120261278509925,0.043581375195179,0.015358875611923273,0.0006693609206193126,0.011356766930373187,0.0020861727779752184,-6.1724240984245355
IT,2018,52,52.0,0.00235,-6.05333995082607,0.0023546340600924,-6.051369952083555,-0.0019699987425143,0.043581375195179,0.008430700098026272,0.0003674215041301153,-0.0023374202466444156,0.0023554993622361023,-6.051002530579425
IT,2018,53,53.0,0.00252,-5.983496377458805,0.0025639503796196,-5.966206092833425,-0.0172902846253801,0.043581375195179,0.006545893278057699,0.0002852790309386327,-0.017575563656318734,0.0025646819252416746,-5.965920813802486
IT,2018,54,54.0,0.00291,-5.839602197798736,0.0028582209203636,-5.857555903524268,0.0179537057255325,0.043581375195179,-0.006658735007069886,-0.0002901968286683856,0.018243902554200886,0.002857391594056695,-5.857846100352937
IT,2018,55,55.0,0.00312,-5.769922277160746,0.0031204948367527,-5.769763688213325,-0.0001585889474213,0.043581375195179,-0.007383466951780047,-0.00032178164346673084,0.00016319269604543084,0.0031194908803317736,-5.770085469856792
IT,2018,56,56.0,0.00339,-5.686925357589778,0.0034947181758333,-5.656502542932952,-0.0304228146568261,0.043581375195179,-0.006357544446047569,-0.0002770705298232255,-0.030145744127002876,0.003493750026545826,-5.656779613462775
IT,2018,57,57.0,0.00375,-5.585999438999818,0.0038371687706969,-5.563020483618974,-0.0229789553808439,0.043581375195179,-0.01768697832733739,-0.0007708228385526902,-0.02220813254229121,0.003834212133041421,-5.563791306457527
IT,2018,58,58.0,0.00417,-5.479839243171427,0.0041999608813419,-5.472680067702388,-0.0071591754690389,0.043581375195179,-0.02491836799741731,-0.0010859767449469847,-0.006073198724091915,0.004195402297201338,-5.473766044447335
IT,2018,59,59.0,0.00461,-5.37952742197358,0.0046339010841049,-5.37435619888278,-0.0051712230907998,0.043581375195179,-0.013342691217290164,-0.0005814928320541421,-0.004589730258745658,0.004631207287127822,-5.374937691714834
IT,2018,60,60.0,0.00518,-5.262950222710745,0.0051678557809703,-5.265297419050206,0.0023471963394614,0.043581375195179,-0.01547062623274049,-0.0006742311663534418,0.003021427505814842,0.005164372625897412,-5.26597165021656
IT,2018,61,61.0,0.00539,-5.223209894061231,0.005631009364427,-5.17946656969789,-0.0437433243633407,0.043581375195179,-0.03214767288348347,-0.001401039793586975,-0.042342284569753724,0.005623125620238673,-5.180867609491477
IT,2018,62,62.0,0.00597,-5.121008351577626,0.0062130207535346,-5.081108067565803,-0.0399002840118232,0.043581375195179,-0.02672553104528206,-0.0011647353957748418,-0.03873554861604836,0.006205788441031109,-5.082272802961578
IT,2018,63,63.0,0.00669,-5.007141404842,0.0068344746648623,-4.985775671326666,-0.0213657335153341,0.043581375195179,-0.023228165554247015,-0.001012315398115372,-0.020353418117218726,0.006827559521664578,-4.986787986724781
IT,2018,64,64.0,0.00731,-4.91851200522045,0.0074429342206232,-4.900490123393887,-0.0180218818265629,0.043581375195179,-0.01886198267866328,-0.0008220311440437918,-0.01719985068251911,0.007436818410928236,-4.901312154537931
IT,2018,65,65.0,0.00799,-4.829564519203954,0.0081736467007343,-4.806840117096854,-0.0227244021070998,0.043581375195179,-0.022375203371646467,-0.0009751421332081588,-0.02174925997389164,0.008165680118360833,-4.807815259230062
IT,2018,66,66.0,0.00879,-4.734140567285052,0.0090223724734374,-4.70804795582958,-0.0260926114554722,0.043581375195179,-0.018464169060760018,-0.0008046938795041981,-0.025287917575968002,0.009015115145884572,-4.708852649709084
IT,2018,67,67.0,0.00958,-4.648077686999368,0.0098217194539877,-4.623159074796049,-0.0249186122033195,0.043581375195179,-0.019189574026910326,-0.0008363080255024408,-0.02408230417781706,0.009813508904936739,-4.623995382821551
IT,2018,68,68.0,0.01048,-4.558286600089241,0.0106770155154419,-4.539661930622103,-0.0186246694671385,0.043581375195179,-0.01653121448440601,-0.0007204530608768758,-0.017904216406261626,0.010669325997233841,-4.54038238368298
IT,2018,69,69.0,0.01134,-4.479418980682532,0.0117334501381285,-4.445311530141607,-0.0341074505409242,0.043581375195179,-0.014296704179657003,-0.0006230700289081156,-0.03348438051201608,0.011726141654096918,-4.445934600170515
IT,2018,70,70.0,0.01268,-4.3677293299730575,0.0129365579400382,-4.347698026836706,-0.0200313031363519,0.043581375195179,-0.011571929030223659,-0.0005043205807981611,-0.019526982555553737,0.012930035412485111,-4.348202347417503
IT,2018,71,71.0,0.0143,-4.247495741716276,0.0143213475187537,-4.246004021405176,-0.0014917203111002,0.043581375195179,-0.006886958403974012,-0.0003001431181571825,-0.0011915771929430176,0.01431704970986443,-4.246304164523334
IT,2018,72,72.0,0.01578,-4.149011963564409,0.0157603504504576,-4.150257958095473,0.0012459945310636,0.043581375195179,-0.002896168791214284,-0.00012621901871847773,0.0013722135497820777,0.015758361320024776,-4.150384177114192
IT,2018,73,73.0,0.01736,-4.053586569749933,0.0174761365595558,-4.046918953803777,-0.0066676159461556,0.043581375195179,-0.0016371444514913566,-7.134900658915032e-05,-0.00659626693956645,0.017474889699055005,-4.046990302810366
IT,2018,74,74.0,0.01953,-3.9358035340935498,0.0194857684043949,-3.9380709052802976,0.0022673711867478,0.043581375195179,0.0007045949651442528,3.070721753658575e-05,0.0022366639692112146,0.019486366767311216,-3.938040198062761
IT,2018,75,75.0,0.02165,-3.8327498245336384,0.0216370417862395,-3.833348535538724,0.0005987110050851,0.043581375195179,0.000370568473987709,1.6149883700363273e-05,0.0005825611213847368,0.021637391224769723,-3.8333323856550234
IT,2018,76,76.0,0.02437,-3.7144024113450222,0.0243437761551586,-3.715479061502095,0.0010766501570724,0.043581375195179,0.005038492888424606,0.0002195844489886739,0.000857065708083726,0.024349122256770876,-3.7152594770531064
IT,2018,77,77.0,0.02662,-3.626092466015171,0.0272356027267891,-3.603230237795116,-0.0228622282200556,0.043581375195179,0.007775996137115107,0.000338888605167876,-0.023201116825223477,0.02724483412632787,-3.602891349189948
IT,2018,78,78.0,0.02985,-3.511570439143526,0.0308008513917065,-3.4802129467967813,-0.0313574923467445,0.043581375195179,0.009940278872714576,0.00043321102309648487,-0.03179070336984099,0.030814197550693104,-3.479779735773685
IT,2018,79,79.0,0.03428,-3.3731931852525583,0.035125730655846,-3.348821349954654,-0.0243718352979036,0.043581375195179,0.012954914706751053,0.0005645929984564599,-0.024936428296360058,0.03514556799692499,-3.348256756956198
IT,2018,80,80.0,0.03868,-3.252432608397044,0.039838338033085,-3.222925563172899,-0.0295070452241446,0.043581375195179,0.010974036936345317,0.00047826362112861787,-0.029985308845273218,0.03985739581785183,-3.2224472995517703
IT,2018,81,81.0,0.04441,-3.114290609678126,0.045482911035017,-3.0904186052216622,-0.0238720044564639,0.043581375195179,0.014806651770122341,0.000645294246178063,-0.024517298702641962,0.04551227036749272,-3.089773310975484
IT,2018,82,82.0,0.05077,-2.980449650022834,0.0521359089946985,-2.953901335490283,-0.0265483145325506,0.043581375195179,0.01789024826514346,0.0007796816219781173,-0.027327996154528716,0.05217657425570508,-2.953121653868305
IT,2018,83,83.0,0.05796,-2.848002161529656,0.0595505680246445,-2.820929444609284,-0.0270727169203719,0.043581375195179,0.018734084623436602,0.0008164571709122242,-0.027889174091284125,0.059599208366616134,-2.820112987438372
IT,2018,84,84.0,0.06706,-2.702167537944055,0.0683239208484105,-2.6834953416811675,-0.0186721962628872,0.043581375195179,0.019922349749662695,0.0008682433992096303,-0.019540439662096832,0.06838326840202791,-2.682627098281958
IT,2018,85,85.0,0.07723,-2.5609672964009644,0.0782264031971927,-2.548148051624601,-0.0128192447763635,0.043581375195179,0.023234561599630082,0.001012594146568977,-0.013831838922932476,0.07830565491331758,-2.547135457478032
IT,2019,20,20.0,0.00025,-8.294049640102028,0.0002479788253092,-8.302167197262108,0.0081175571600802,0.2908674134920231,-0.020818097729608808,-0.006055306240435473,0.014172863400515674,0.00024648177470510855,-8.308222503502543
IT,2019,21,21.0,0.00028,-8.180720954795024,0.0002668194416911,-8.228938376670696,0.0482174218756714,0.2908674134920231,0.01124028878226586,0.003269433725001073,0.044947988150670325,0.0002676932177704971,-8.225668942945696
IT,2019,22,22.0,0.00028,-8.180720954795024,0.0002760461379835,-8.19494253961086,0.0142215848158357,0.2908674134920231,0.00276927128068778,0.000805490774671397,0.013416094041164303,0.00027626858017661403,-8.194137048836188
IT,2019,23,23.0,0.00029,-8.145629634983754,0.0002657067000376,-8.233117488965084,0.0874878539813295,0.2908674134920231,-0.0103238590166454,-0.0030028741694279487,0.09049072815075744,0.00026491001302559307,-8.236120363134512
IT,2019,24,24.0,0.00027,-8.2170885989659,0.0002772093841873,-8.190737437731743,-0.0263511612341567,0.2908674134920231,-0.03404405815922482,-0.009902307141545729,-0.01644885409261097,0.0002744779179510529,-8.200639744873289
IT,2019,25,25.0,0.00031,-8.078938260485081,0.0002963210272835,-8.124067139707895,0.0451288792228137,0.2908674134920231,-0.012738064842770661,-0.003705087973710376,0.04883396719652408,0.0002952251631990445,-8.127772227681605
IT,2019,26,26.0,0.00032,-8.047189562170502,0.0002958217040659,-8.125753636254933,0.0785640740844311,0.2908674134920231,0.006127122532955127,0.0017821802833093508,0.07678189380112174,0.00029634938174306614,-8.123971455971624
IT,2019,27,27.0,0.0003,-8.111728083308073,0.0002936126538509,-8.133249163205356,0.0215210798972833,0.2908674134920231,-0.03143672832684167,-0.009143919857079852,0.030664999754363154,0.0002909401206110998,-8.142393083062435
IT,2019,28,28.0,0.00034,-7.986564940354067,0.0003032236626707,-8.101039864132042,0.1144749237779754,0.2908674134920231,-0.02199641158147994,-0.006398039342811052,0.12087296312078645,0.00030128981874883034,-8.107437903474853
IT,2019,29,29.0,0.00031,-8.078938260485081,0.0003127556374924,-8.07008838322421,-0.0088498772608716,0.2908674134920231,-0.03104662944695269,-0.009030452804880408,0.00018057554400880901,0.0003099440266352199,-8.07911883602909
IT,2019,30,30.0,0.00032,-8.047189562170502,0.0003330493904503,-8.007219759311361,-0.0399698028591402,0.2908674134920231,-0.018074871731114737,-0.0052573911896294295,-0.03471241166951077,0.00033130301423326926,-8.012477150500992
IT,2019,31,31.0,0.00032,-8.047189562170502,0.0003418672611446,-7.981088021549848,-0.0661015406206537,0.2908674134920231,0.010258689204186393,0.002983918394640237,-0.06908545901529393,0.0003428888886221828,-7.978104103155208
IT,2019,32,32.0,0.00038,-7.875339305243843,0.0003653361607516,-7.9146926398706015,0.0393533346267584,0.2908674134920231,0.006447742620522178,0.001875438218893565,0.037477896407864836,0.0003660219690448155,-7.912817201651708
IT,2019,33,33.0,0.00038,-7.875339305243843,0.0003829716884108,-7.867549492114083,-0.0077898131297597,0.2908674134920231,-0.0020866022828795127,-0.0006069246090077146,-0.007182888520751985,0.0003827393239896179,-7.868156416723091
IT,2019,34,34.0,0.00042,-7.77525584668686,0.0004192477765845,-7.777048460591555,0.001792613904695,0.2908674134920231,0.01811470890812967,0.0052689785262685866,-0.0034763646215735865,0.0004214626139577827,-7.771779482065286
IT,2019,35,35.0,0.00043,-7.751725349276666,0.0004275520421926,-7.75743454087345,0.0057091915967841,0.2908674134920231,0.016948107300335476,0.004929652134033854,0.0007795394627502462,0.00042966492864865603,-7.752504888739416
IT,2019,36,36.0,0.0005,-7.600902459542082,0.0004724144864947,-7.657653808373059,0.0567513488309767,0.2908674134920231,0.030239483176575755,0.008795680256906137,0.04795566857407056,0.0004765880208969932,-7.648858128116153
IT,2019,37,37.0,0.00052,-7.5616817463888015,0.0004997837438615,-7.6013350653794145,0.0396533189906129,0.2908674134920231,0.003559633096937248,0.0010353812718867372,0.03861793771872616,0.0005003014785700872,-7.600299684107528
IT,2019,38,38.0,0.00056,-7.487573774235079,0.0005425726567534,-7.519188552018011,0.0316147777829316,0.2908674134920231,0.018172622344844853,0.0052858236578123665,0.026328954125119233,0.0005454481932327634,-7.513902728360199
IT,2019,39,39.0,0.00063,-7.369790738578696,0.0006031056255184,-7.413418209879696,0.0436274713009998,0.2908674134920231,0.03919246412919994,0.011399810669639281,0.032227660631360525,0.0006100202533042037,-7.402018399210057
IT,2019,40,40.0,0.0007,-7.264430222920869,0.0006602672634934,-7.322865860224781,0.0584356373039121,0.2908674134920231,0.025300944700742685,0.0073592203440097335,0.051076416959902365,0.0006651442391299266,-7.3155066398807715
IT,2019,41,41.0,0.00078,-7.156216638280637,0.0007285311299629,-7.224480201652497,0.0682635633718602,0.2908674134920231,0.031488123759986116,0.009158869113783878,0.05910469425807632,0.0007352343011033204,-7.215321332538713
IT,2019,42,42.0,0.00089,-7.024289095238089,0.0008152346499053,-7.112034572168447,0.0877454769303582,0.2908674134920231,0.055019431192838746,0.01600335964286334,0.07174211728749486,0.000828386096182541,-7.096031212525584
IT,2019,43,43.0,0.00094,-6.969630682700225,0.0008951592492084,-7.018508923440944,0.0488782407407191,0.2908674134920231,0.029298691132149172,0.008522034508309904,0.040356206232409195,0.0009028204252579314,-7.009986888932634
IT,2019,44,44.0,0.00103,-6.878196476740593,0.0009857158761502,-6.922142402949799,0.0439459262092061,0.2908674134920231,0.03827562880574758,0.01113313315050857,0.032812793058697526,0.0009967512976731775,-6.91100926979929
IT,2019,45,45.0,0.00116,-6.759335273863864,0.0011020542231157,-6.810579365182639,0.0512440913187752,0.2908674134920231,0.0430999932610285,0.012536383561358987,0.038707707757416214,0.0011159569605062873,-6.798042981621281
IT,2019,46,46.0,0.00127,-6.668738378511637,0.0012274799464872,-6.702792035303008,0.0340536567913707,0.2908674134920231,0.041338410793171895,0.01202399662528064,0.022029660166090058,0.001242328250306334,-6.690768038677728
IT,2019,47,47.0,0.00135,-6.607650686531799,0.0013458502057839,-6.610729342374671,0.0030786558428719,0.2908674134920231,0.03697931135613883,0.010756076646876299,-0.0076774208040043986,0.001360404406483455,-6.599973265727795
IT,2019,48,48.0,0.00149,-6.508979159024769,0.0014872589925276,-6.510820455501609,0.0018412964768392,0.2908674134920231,0.025181846785233445,0.00732457864137327,-0.0054832821645340694,0.0014981925308777406,-6.503495876860235
IT,2019,49,49.0,0.00171,-6.371261908467568,0.0016730194736819,-6.393125217067946,0.0218633086003778,0.2908674134920231,0.019533620205000927,0.005681693585164142,0.01618161501521366,0.0016825521128166305,-6.387443523482782
IT,2019,50,50.0,0.00187,-6.281816848115642,0.0018531742680414,-6.290855289667413,0.0090384415517714,0.2908674134920231,0.02336324817568371,0.006795607567633349,0.002242833984138052,0.0018658106002698677,-6.28405968209978
IT,2019,51,51.0,0.00202,-6.204657767569024,0.0020319603483446,-6.1987542630662205,-0.005903504502803,0.2908674134920231,0.015358875611923273,0.004467396423385836,-0.010370900926188836,0.002041058227522733,-6.194286866642835
IT,2019,52,52.0,0.00219,-6.123853735153728,0.0022999282631915,-6.074877346450174,-0.0489763887035534,0.2908674134920231,0.008430700098026272,0.0024522159314398473,-0.05142860463499325,0.0023055751047273776,-6.0724251305187344
IT,2019,53,53.0,0.00256,-5.967748020490665,0.0025077767906117,-5.9883586591307445,0.020610638640079,0.2908674134920231,0.006545893278057699,0.0019039870467834634,0.01870665159329554,0.0025125561135779712,-5.986454672083961
IT,2019,54,54.0,0.00271,-5.910806644090528,0.0027997341661161,-5.8782308069809455,-0.0325758371095821,0.2908674134920231,-0.006658735007069886,-0.001936809028635206,-0.03063902808094689,0.0027943168635391376,-5.88016761600958
IT,2019,55,55.0,0.00295,-5.825950108630408,0.0030617183056697,-5.7887789828206335,-0.0371711258097748,0.2908674134920231,-0.007383466951780047,-0.0021476099348680944,-0.03502351587490671,0.0030551499846390136,-5.790926592755501
IT,2019,56,56.0,0.00349,-5.657853542767802,0.0034370221389527,-5.673149839775647,0.0152962970078451,0.2908674134920231,-0.006357544446047569,-0.0018492025091824333,0.017145499517027533,0.0034306722619030306,-5.6749990422848295
IT,2019,57,57.0,0.00369,-5.6021288209297015,0.0037725797246668,-5.57999623443308,-0.0221325864966219,0.2908674134920231,-0.01768697832733739,-0.005144565638562096,-0.016988020858059803,0.0037532212787404116,-5.585140800071642
IT,2019,58,58.0,0.00407,-5.504112279527633,0.004133313929053,-5.488675789634223,-0.0154364898934105,0.2908674134920231,-0.02491836799741731,-0.007247941247851176,-0.008188548645559323,0.004103464217687035,-5.495923730882073
IT,2019,59,59.0,0.00449,-5.405902577227974,0.0045638661714668,-5.389585170053138,-0.0163174071748359,0.2908674134920231,-0.013342691217290164,-0.0038809540833959232,-0.012436453091439975,0.004546188342023157,-5.393466124136534
IT,2019,60,60.0,0.00493,-5.312416290927538,0.0050908753013258,-5.280305498306949,-0.032110792620589,0.2908674134920231,-0.01547062623274049,-0.004499901037419068,-0.027610891583169934,0.0050680183318957015,-5.284805399344368
IT,2019,61,61.0,0.00521,-5.257175423216862,0.0055544427459738,-5.193157176678785,-0.0640182465380769,0.2908674134920231,-0.03214767288348347,-0.009350710461406486,-0.054667536076670416,0.005502746833508738,-5.202507887140191
IT,2019,62,62.0,0.00609,-5.101107197260332,0.0061344618699651,-5.093832919423532,-0.0072742778367995,0.2908674134920231,-0.02672553104528206,-0.007773586089341957,0.000499308252542457,0.00608695997176077,-5.101606505512874
IT,2019,63,63.0,0.00644,-5.045226738865875,0.0067506096151291,-4.99812246482323,-0.0471042740426446,0.2908674134920231,-0.023228165554247015,-0.006756316434928335,-0.04034795760771626,0.006705154089310764,-5.004878781258158
IT,2019,64,64.0,0.00723,-4.929516242811464,0.0073473697210195,-4.91341289089072,-0.0161033519207443,0.2908674134920231,-0.01886198267866328,-0.00548633611507413,-0.010617015805670168,0.007307169956711702,-4.918899227005794
IT,2019,65,65.0,0.00767,-4.870438663602973,0.0080637294546141,-4.82037911799096,-0.0500595456120125,0.2908674134920231,-0.022375203371646467,-0.006508217531068803,-0.043551328080943696,0.008011419356601298,-4.826887335522029
IT,2019,66,66.0,0.00868,-4.746733750309878,0.0089008172871339,-4.721612176445109,-0.0251215738647694,0.2908674134920231,-0.018464169060760018,-0.005370625096982704,-0.019750948767786696,0.008853142470803344,-4.726982801542091
IT,2019,67,67.0,0.0093,-4.677740878822926,0.0096816079168896,-4.637527284371216,-0.0402135944517105,0.2908674134920231,-0.019189574026910326,-0.005581621763221112,-0.03463197268848939,0.009627719376069654,-4.643108906134437
IT,2019,68,68.0,0.01036,-4.5698030421508005,0.0105103881377893,-4.555391164443182,-0.0144118777076185,0.2908674134920231,-0.01653121448440601,-0.004808391598961044,-0.009603486108657456,0.010459971384650794,-4.560199556042143
IT,2019,69,69.0,0.01141,-4.473265115108153,0.0115446764035149,-4.461530865714023,-0.0117342493941299,0.2908674134920231,-0.014296704179657003,-0.0041584453661974285,-0.007575804027932471,0.011496768178327432,-4.4656893110802205
IT,2019,70,70.0,0.01236,-4.393289826952592,0.0127174547148622,-4.364779842125884,-0.0285099848267078,0.2908674134920231,-0.011571929030223659,-0.003365897066134411,-0.02514408776057339,0.012674721030285673,-4.368145739192019
IT,2019,71,71.0,0.01402,-4.267270397375693,0.0140659124280633,-4.26400096690388,-0.0032694304718132,0.2908674134920231,-0.006886958403974012,-0.0020031917777910725,-0.0012662386940221274,0.014037763910792294,-4.266004158681671
IT,2019,72,72.0,0.01546,-4.169499235822861,0.0154519700120265,-4.170018774897913,0.0005195390750518,0.2908674134920231,-0.002896168791214284,-0.0008424011253368179,0.0013619402003886179,0.015438958736225914,-4.17086117602325
IT,2019,73,73.0,0.01749,-4.046125989951626,0.0171301319533613,-4.066916263619074,0.0207902736674476,0.2908674134920231,-0.0016371444514913566,-0.0004761919721181078,0.021266465639565708,0.017121976663939588,-4.067392455591192
IT,2019,74,74.0,0.01941,-3.941966881801218,0.0190793985377123,-3.959146136639557,0.0171792548383389,0.2908674134920231,0.0007045949651442528,0.000204943715071011,0.016974311123267888,0.019083309141243107,-3.958941192924486
IT,2019,75,75.0,0.02153,-3.8383079676058656,0.0211724835950826,-3.8550528839907536,0.016744916384888,0.2908674134920231,0.000370568473987709,0.00010778629355049096,0.016637130091337507,0.021174765821608748,-3.854945097697203
IT,2019,76,76.0,0.02391,-3.733458497511904,0.0238104073344687,-3.737632510924167,0.0041740134122627,0.2908674134920231,0.005038492888424606,0.0014655333943540177,0.0027084800179086824,0.023845327863901453,-3.736166977529813
IT,2019,77,77.0,0.0262,-3.6419958682150857,0.0266270441404133,-3.6258278826728216,-0.016167985542264,0.2908674134920231,0.007775996137115107,0.0022617838837266343,-0.018429769425990634,0.026687336918635333,-3.623566098789095
IT,2019,78,78.0,0.03009,-3.503562388340183,0.0301176794964342,-3.502642920969381,-0.0009194673708021,0.2908674134920231,0.009940278872714576,0.002891303205095892,-0.0038107705758979923,0.030204884847497483,-3.4997516177642853
IT,2019,79,79.0,0.03408,-3.379044577021022,0.0343585722613078,-3.370903735077838,-0.008140841943184,0.2908674134920231,0.012954914706751053,0.00376816253276245,-0.01190900447594645,0.03448828518218304,-3.3671355725450756
IT,2019,80,80.0,0.03814,-3.266491678809864,0.0389386436483195,-3.245768111480382,-0.0207235673294823,0.2908674134920231,0.010974036936345317,0.003191989739240688,-0.02391555706872299,0.039063133979534315,-3.2425761217411413
IT,2019,81,81.0,0.04428,-3.1172221711417007,0.0445126836300217,-3.1119811050282165,-0.0052410661134842,0.2908674134920231,0.014806651770122341,0.004306772502852571,-0.009547838616336771,0.044704803042251495,-3.107674332525364
IT,2019,82,82.0,0.04996,-2.99653259372476,0.0510577503425104,-2.9747979272363656,-0.0217346664883946,0.2908674134920231,0.01789024826514346,0.005203690239612432,-0.02693835672800703,0.05132413154114843,-2.969594236996753
IT,2019,83,83.0,0.05803,-2.84679516077962,0.0583807017951783,-2.8407698924708624,-0.0060252683087576,0.2908674134920231,0.018734084623436602,0.005449134738559686,-0.011474403047317287,0.05869969443300183,-2.8353207577323025
IT,2019,84,84.0,0.06638,-2.7123594726903084,0.0671127635930709,-2.701381035611124,-0.0109784370791845,0.2908674134920231,0.019922349749662695,0.005794762342367843,-0.016773199421552344,0.06750279508672438,-2.695586273268756
IT,2019,85,85.0,0.07665,-2.568505673664314,0.0769349382333087,-2.5647951723156632,-0.0037105013486509,0.2908674134920231,0.023234561599630082,0.0067581768361054855,-0.010468678184756386,0.07745663903827885,-2.558036995479558
IT,2022,20,20.0,0.00025,-8.294049640102028,0.0002704803458752,-8.2153111208194,-0.0787385192826271,1.5729396684908017,-0.020818097729608808,-0.03274561174141999,-0.045992907541207106,0.00026176674616278984,-8.248056732560821
IT,2022,21,21.0,0.00032,-8.047189562170502,0.0002878999956916,-8.152897375310834,0.1057078131403326,1.5729396684908017,0.01124028878226586,0.01768029611091814,0.08802751702941447,0.0002930354169763334,-8.135217079199917
IT,2022,22,22.0,0.00032,-8.047189562170502,0.0002985002363964,-8.1167398331841,0.0695502710135986,1.5729396684908017,0.00276927128068778,0.004355896650206134,0.06519437436339247,0.0002998033085396687,-8.112383936533893
IT,2022,23,23.0,0.00028,-8.180720954795024,0.0002868508587813,-8.156548133086558,-0.0241728217084666,1.5729396684908017,-0.0103238590166454,-0.016238807379187988,-0.007934014329278611,0.0002822303601671385,-8.172786940465746
IT,2022,24,24.0,0.00028,-8.180720954795024,0.0002982269077412,-8.117655925830347,-0.0630650289646777,1.5729396684908017,-0.03404405815922482,-0.053549249555052664,-0.00951577940962503,0.0002826771355491618,-8.1712051753854
IT,2022,25,25.0,0.00029,-8.145629634983754,0.0003174644672184,-8.055144660166988,-0.0904849748167659,1.5729396684908017,-0.012738064842770661,-0.02003620749100202,-0.07044876732576388,0.00031116698280986326,-8.07518086765799
IT,2022,26,26.0,0.00033,-8.016417903503749,0.0003156621173025,-8.060838165474465,0.0444202619707159,1.5729396684908017,0.006127122532955127,0.009637594085788959,0.03478266788492694,0.0003187190477232296,-8.051200571388677
IT,2022,27,27.0,0.00031,-8.078938260485081,0.0003149343783748,-8.063146263460462,-0.0157919970246194,1.5729396684908017,-0.03143672832684167,-0.04944807703285773,0.03365608000823833,0.0002997402353721575,-8.11259434049332
IT,2022,28,28.0,0.00032,-8.047189562170502,0.0003232607444996,-8.037051301886718,-0.0101382602837833,1.5729396684908017,-0.02199641158147994,-0.03459902834096029,0.024460768057176993,0.00031226751107472114,-8.071650330227678
IT,2022,29,29.0,0.00036,-7.929406526514119,0.0003325507625138,-8.008718040306448,0.0793115137923292,1.5729396684908017,-0.03104662944695269,-0.04883447503004652,0.1281459888223757,0.00031670097831415587,-8.057552515336495
IT,2022,30,30.0,0.00036,-7.929406526514119,0.000353593782715,-7.947361810174843,0.0179552836607239,1.5729396684908017,-0.018074871731114737,-0.028430682748753378,0.04638596640947728,0.00034368243091230583,-7.975792492923596
IT,2022,31,31.0,0.00039,-7.849363818840582,0.0003634864366254,-7.919768574959483,0.0704047561189007,1.5729396684908017,0.010258689204186393,0.01613629919598311,0.05426845692291758,0.00036939934041311227,-7.9036322757635
IT,2022,32,32.0,0.00039,-7.849363818840582,0.0003877347457091,-7.855189097212388,0.0058252783718053,1.5729396684908017,0.006447742620522178,0.010141910140038167,-0.0043166317682328675,0.00039168712511882675,-7.84504718707235
IT,2022,33,33.0,0.00045,-7.706262975199909,0.0004061236071041,-7.808852993702809,0.1025900185028998,1.5729396684908017,-0.0020866022828795127,-0.0032820995031046505,0.10587211800600445,0.0004047928540416851,-7.812135093205914
IT,2022,34,34.0,0.00049,-7.621105166859602,0.0004434753275812,-7.720868388920529,0.0997632220609272,1.5729396684908017,0.01811470890812967,0.028493344224760853,0.07126987783616635,0.00045629316711158876,-7.692375044695768
IT,2022,35,35.0,0.00049,-7.621105166859602,0.0004563063390888,-7.692346177756442,0.0712410108968404,1.5729396684908017,0.016948107300335476,0.02665835027853622,0.04458266061830418,0.0004686343048433962,-7.665687827477906
IT,2022,36,36.0,0.00056,-7.487573774235079,0.0005044042172517,-7.592132592981208,0.1045588187461286,1.5729396684908017,0.030239483176575755,0.047564882643096246,0.056993936103032355,0.0005289758864908017,-7.544567710338112
IT,2022,37,37.0,0.00053,-7.542633551418106,0.0005323176361549,-7.53827018635067,-0.0043633650674363,1.5729396684908017,0.003559633096937248,0.005599088103445361,-0.00996245317088166,0.0005353064891160039,-7.532671098247224
IT,2022,38,38.0,0.00059,-7.435388021064509,0.0005790348584367,-7.454147877649586,0.0187598565850768,1.5729396684908017,0.018172622344844853,0.028584438566708798,-0.009824581981631997,0.0005958250709586715,-7.425563439082877
IT,2022,39,39.0,0.00067,-7.308232845579262,0.0006437761884914,-7.348159425661973,0.0399265800827111,1.5729396684908017,0.03919246412919994,0.061647381534721386,-0.021720801452010288,0.0006847121382706323,-7.286512044127251
IT,2022,40,40.0,0.00072,-7.236259345954173,0.0007047563474495,-7.257658421342281,0.0213990753881079,1.5729396684908017,0.025300944700742685,0.039796859570090305,-0.018397784181982405,0.0007333690075777986,-7.217861561772191
IT,2022,41,41.0,0.00085,-7.070274208479912,0.0007780590485739,-7.158708138756015,0.0884339302761025,1.5729396684908017,0.031488123759986116,0.049528918948429895,0.0389050113276726,0.0008175657585720891,-7.109179219807586
IT,2022,42,42.0,0.00096,-6.9485772735023925,0.0008699465654452,-7.047078767230369,0.0985014937279764,1.5729396684908017,0.055019431192838746,0.08654224586101625,0.011959247866960149,0.0009485875005238084,-6.960536521369352
IT,2022,43,43.0,0.00099,-6.917805614835639,0.0009534047451568,-6.95547103811672,0.0376654232810809,1.5729396684908017,0.029298691132149172,0.04608507351661711,-0.00841965023553621,0.0009983706432274192,-6.909385964600102
IT,2022,44,44.0,0.00112,-6.794426593675134,0.0010519947008981,-6.857067201848402,0.0626406081732682,1.5729396684908017,0.03827562880574758,0.060205254884989574,0.0024353532882786313,0.001117275722952123,-6.796861946963412
IT,2022,45,45.0,0.00121,-6.717134919373487,0.0011725337704281,-6.7485882559877055,0.0314533366142182,1.5729396684908017,0.0430999932610285,0.06779368911195796,-0.03634035249773976,0.0012547805692863546,-6.680794566875748
IT,2022,46,46.0,0.00137,-6.592944539142104,0.0013044600773032,-6.641966057686206,0.0490215185441025,1.5729396684908017,0.041338410793171895,0.06502282616894837,-0.016001307624845876,0.0013920981193472483,-6.576943231517258
IT,2022,47,47.0,0.00145,-6.536191722549654,0.0014258199554605,-6.553008223404086,0.0168165008544312,1.5729396684908017,0.03697931135613883,0.05816622574554314,-0.04134972489111194,0.0015112139697763432,-6.4948419976585425
IT,2022,48,48.0,0.00158,-6.450330431943262,0.0015717610140312,-6.455558623230018,0.005228191286756,1.5729396684908017,0.025181846785233445,0.03960952573435125,-0.03438133444759525,0.0016352671434413817,-6.415949097495666
IT,2022,49,49.0,0.00168,-6.38896148556697,0.0017639683895372,-6.340189241321543,-0.048772244245427,1.5729396684908017,0.019533620205000927,0.030725206089679383,-0.07949745033510638,0.0018190079021429542,-6.309464035231864
IT,2022,50,50.0,0.00189,-6.271178449910586,0.0019493951102951,-6.240236154377049,-0.0309422955335367,1.5729396684908017,0.02336324817568371,0.03674897984032826,-0.06769127537386496,0.002022365982456367,-6.203487174536721
IT,2022,51,51.0,0.00209,-6.170591213005418,0.0021322354061378,-6.150584363137016,-0.0200068498684018,1.5729396684908017,0.015358875611923273,0.024158584713410054,-0.04416543458181185,0.0021843744629026496,-6.126425778423606
IT,2022,52,52.0,0.0024,-6.032286541628237,0.0024036910645291,-6.03074977949845,-0.0015367621297874,1.5729396684908017,0.008430700098026272,0.013260982617334814,-0.014797744747122215,0.00243577865622587,-6.017488796881115
IT,2022,53,53.0,0.00259,-5.95609740327069,0.0026142596300378,-5.946774345820989,-0.0093230574497011,1.5729396684908017,0.006545893278057699,0.010296295202764243,-0.019619352652465345,0.002641315869412021,-5.936478050618225
IT,2022,54,54.0,0.0028,-5.8781358618009785,0.002910529283244,-5.8394203300613725,-0.0387155317396059,1.5729396684908017,-0.006658735007069886,-0.010473788434588602,-0.0282417433050173,0.00288020410228627,-5.849894118495961
IT,2022,55,55.0,0.00314,-5.763532479061975,0.0031729805781857,-5.7530838873624,-0.0104485916995749,1.5729396684908017,-0.007383466951780047,-0.011613748059445697,0.0011651563598707969,0.003136343539617705,-5.764697635421846
IT,2022,56,56.0,0.00356,-5.637994734118198,0.0035461247269333,-5.641899897968638,0.0039051638504394,1.5729396684908017,-0.006357544446047569,-0.010000033853381602,0.013905197703821003,0.003510840077500357,-5.651899931822019
IT,2022,57,57.0,0.00373,-5.591347045326413,0.0038947346569058,-5.5481297260092886,-0.0432173193171241,1.5729396684908017,-0.01768697832733739,-0.027820549826806068,-0.015396769490318034,0.003787874345874654,-5.575950275836095
IT,2022,58,58.0,0.00415,-5.48464694473953,0.0042593063099098,-5.458648970009735,-0.0259979747297949,1.5729396684908017,-0.02491836799741731,-0.03919508949718938,0.01319711476739448,0.004095591779142542,-5.4978440595069245
IT,2022,59,59.0,0.00473,-5.353830076478295,0.0046962184548091,-5.360997678200781,0.0071676017224859,1.5729396684908017,-0.013342691217290164,-0.02098724830009952,0.028154850022585422,0.004598684813384987,-5.381984926500881
IT,2022,60,60.0,0.00516,-5.266818699488666,0.0052363391519773,-5.252132659927247,-0.0146860395614192,1.5729396684908017,-0.01547062623274049,-0.024334361697871926,0.009648322136452725,0.005110454059724598,-5.276467021625119
IT,2022,61,61.0,0.00557,-5.190360225042944,0.005699040404157,-5.167457468461993,-0.0229027565809509,1.5729396684908017,-0.03214767288348347,-0.05056634992809722,0.027663593347146322,0.0054180255563823715,-5.21802381839009
IT,2022,62,62.0,0.00615,-5.09130319716371,0.0062827587370799,-5.069946105617403,-0.0213570915463074,1.5729396684908017,-0.02672553104528206,-0.042037647942606594,0.020680556396299194,0.006024120691594419,-5.1119837535600094
IT,2022,63,63.0,0.00687,-4.980591172747879,0.0069088966114939,-4.974945333910225,-0.0056458388376539,1.5729396684908017,-0.023228165554247015,-0.036536503026546756,0.030890664188892858,0.006661025435838573,-5.011481836936771
IT,2022,64,64.0,0.00748,-4.895522486995751,0.0075277841190768,-4.889154554172302,-0.0063679328234487,1.5729396684908017,-0.01886198267866328,-0.029668760781655864,0.023300827958207163,0.00730772468003106,-4.918823314953958
IT,2022,65,65.0,0.00839,-4.780714758503022,0.008271296577451,-4.794964001406942,0.0142492429039204,1.5729396684908017,-0.022375203371646467,-0.03519484497381186,0.04944408787773226,0.007985252736710899,-4.830158846380754
IT,2022,66,66.0,0.00921,-4.687465428714922,0.0091303639877069,-4.696149717951212,0.0086842892362897,1.5729396684908017,-0.018464169060760018,-0.02904302396138998,0.03772731319767968,0.008869004316323571,-4.725192741912602
IT,2022,67,67.0,0.01004,-4.6011781647185535,0.0099462906593494,-4.610555595373436,0.0093774306548821,1.5729396684908017,-0.019189574026910326,-0.030184042208368025,0.039561472863250124,0.00965055707245573,-4.640739637581803
IT,2022,68,68.0,0.01088,-4.52082903755434,0.0108253508939211,-4.5258645904761154,0.0050355529217753,1.5729396684908017,-0.01653121448440601,-0.02600260303085193,0.031038155952627232,0.010547491777792534,-4.5518671935069674
IT,2022,69,69.0,0.01216,-4.409603402444116,0.0119015779900431,-4.431084283450503,0.0214808810063873,1.5729396684908017,-0.014296704179657003,-0.022487853132860745,0.043968734139248046,0.01163692395562842,-4.4535721365833645
IT,2022,70,70.0,0.01356,-4.300630996469888,0.0131318561732834,-4.332714231787522,0.0320832353176339,1.5729396684908017,-0.011571929030223659,-0.018201946212599084,0.05028518153023298,0.012894993057961957,-4.350916178000121
IT,2022,71,71.0,0.01516,-4.189094898767912,0.0145492258329681,-4.230217494136335,0.0411225953684235,1.5729396684908017,-0.006886958403974012,-0.010832770068856823,0.05195536543728032,0.014392468008517786,-4.2410502642051915
IT,2022,72,72.0,0.01653,-4.102578367149205,0.0160359179397249,-4.132924201468343,0.0303458343191378,1.5729396684908017,-0.002896168791214284,-0.004555498778346001,0.034901333097483805,0.015963032476007968,-4.137479700246689
IT,2022,73,73.0,0.0182,-4.006333684899388,0.0177853934602604,-4.029377750674315,0.0230440657749273,1.5729396684908017,-0.0016371444514913566,-0.00257512945080037,0.02561919522572767,0.017739652689246776,-4.031952880125115
IT,2022,74,74.0,0.02075,-3.87520903230543,0.0198493469242762,-3.91958417293041,0.0443751406249801,1.5729396684908017,0.0007045949651442528,0.0011082853708942891,0.043266855254085815,0.019871357860040323,-3.9184758875595156
IT,2022,75,75.0,0.02277,-3.7823113989064887,0.0220529267069252,-3.8143099554243896,0.0319985565179008,1.5729396684908017,0.000370568473987709,0.0005828818526273693,0.03141567466527343,0.022065784704682814,-3.813727073571762
IT,2022,76,76.0,0.0261,-3.6458199646534895,0.024821463414797,-3.6960465398319258,0.0502265751784363,1.5729396684908017,0.005038492888424606,0.007925245333611861,0.042301329844824445,0.025018961177281748,-3.688121294498314
IT,2022,77,77.0,0.02977,-3.514254103954452,0.027780857417285,-3.583408077579141,0.0691539736246888,1.5729396684908017,0.007775996137115107,0.01223117278609959,0.05692280083858921,0.028122736412909525,-3.5711769047930413
IT,2022,78,78.0,0.03336,-3.400397701491591,0.0314128616370284,-3.460537863658889,0.0601401621672978,1.5729396684908017,0.009940278872714576,0.015635458954753784,0.04450470321254402,0.03190787594924787,-3.444902404704135
IT,2022,79,79.0,0.03766,-3.2791567557531307,0.0358127549920967,-3.3294511643343627,0.050294408581232,1.5729396684908017,0.012954914706751053,0.020377299244163614,0.029917109337068384,0.03655000832229524,-3.309073865090199
IT,2022,80,80.0,0.04138,-3.18495760666474,0.0406446290251419,-3.20288857902068,0.0179309723559399,1.5729396684908017,0.010974036936345317,0.017261498020660817,0.000669474335279082,0.04135230642310998,-3.1856270810000193
IT,2022,81,81.0,0.04724,-3.052514287652976,0.0463513689828191,-3.0715044516390417,0.0189901639860661,1.5729396684908017,0.014806651770122341,0.02328996992675498,-0.004299805940688878,0.04744356015359313,-3.0482144817122867
IT,2022,82,82.0,0.05428,-2.9135994440154684,0.0531003742941567,-2.9355713019049112,0.0219718578894427,1.5729396684908017,0.01789024826514346,0.028140281175392894,-0.006168423285950193,0.05461585680449842,-2.9074310207295184
IT,2022,83,83.0,0.06139,-2.790508323542732,0.0605960337718962,-2.80352583735741,0.0130175138146779,1.5729396684908017,0.018734084623436602,0.029467584857066995,-0.016450071042389096,0.062408221810644544,-2.774058252500343
IT,2022,84,84.0,0.07069,-2.649451158799274,0.0694043036005276,-2.667806401857034,0.0183552430577598,1.5729396684908017,0.019922349749662695,0.03133665421079224,-0.012981411153032443,0.07161363804633354,-2.6364697476462418
IT,2022,85,85.0,0.0812,-2.5108400318145048,0.0793770844619096,-2.5335455611766493,0.0227055293621445,1.5729396684908017,0.023234561599630082,0.03654656362005125,-0.01384103425790675,0.08233170590475797,-2.4969989975565983
IT,2023,20,20.0,0.0002053195584263,-8.490942970935404,0.0002341580691413,-8.359514161509034,-0.1314288094263691,0.9241610625066964,-0.020818097729608808,-0.01923927531716352,-0.11218953410920557,0.0002296960977616093,-8.378753436826198
IT,2023,21,21.0,0.0002287103914041,-8.383054021133042,0.0002537541538885,-8.279144657737984,-0.1039093633950578,0.9241610625066964,0.01124028878226586,0.010387837223900919,-0.11429720061895872,0.0002564038492091954,-8.268756820514083
IT,2023,22,22.0,0.0002338687319397,-8.36075057462837,0.0002621546155923,-8.246576092416188,-0.1141744822121815,0.9241610625066964,0.00276927128068778,0.0025592526891296988,-0.1167337349013112,0.0002628263947569247,-8.244016839727058
IT,2023,23,23.0,0.000222807709173,-8.409201449194676,0.00025260776264,-8.2836726175619,-0.125528831632776,0.9241610625066964,-0.0103238590166454,-0.009540908517992351,-0.11598792311478365,0.000250209115915726,-8.293213526079892
IT,2023,24,24.0,0.0002289889650251,-8.381836743234416,0.0002641509843937,-8.238989707714085,-0.1428470355203313,0.9241610625066964,-0.03404405815922482,-0.031462192960468975,-0.11138484255986231,0.0002559695922854598,-8.270451900674553
IT,2023,25,25.0,0.000251097942573,-8.289667485490217,0.0002831387785098,-8.169573397092764,-0.1200940883974528,0.9241610625066964,-0.012738064842770661,-0.011772023539374128,-0.10832206485807866,0.00027982520414830756,-8.181345420632137
IT,2023,26,26.0,0.0002577925604579,-8.26335532568047,0.0002834104790968,-8.168614255043941,-0.0947410706365285,0.9241610625066964,0.006127122532955127,0.005662448070164531,-0.10040351870669302,0.00028501982834545464,-8.162951806973776
IT,2023,27,27.0,0.0002454226386793,-8.312528777785545,0.0002803323214357,-8.179534796288586,-0.1329939814969591,0.9241610625066964,-0.03143672832684167,-0.029052600252268357,-0.10394138124469074,0.00027230510887073695,-8.208587396540853
IT,2023,28,28.0,0.0002550648119661,-8.27399288052725,0.0002906797276951,-8.14328848900189,-0.1307043915253594,0.9241610625066964,-0.02199641158147994,-0.020328227098475104,-0.11037616442688429,0.00028483037905059156,-8.163616716100364
IT,2023,29,29.0,0.000261946793625,-8.247369152593434,0.000300336116676,-8.110608321555157,-0.136760831038277,0.9241610625066964,-0.03104662944695269,-0.028692086056947484,-0.10806874498132951,0.0002918412967840578,-8.139300407612104
IT,2023,30,30.0,0.0002862005321557,-8.158817831459656,0.0003201435287218,-8.046741135473114,-0.1120766959865413,0.9241610625066964,-0.018074871731114737,-0.016704092663699245,-0.09537260332284206,0.00031484023819330296,-8.063445228136814
IT,2023,31,31.0,0.0003004338951398,-8.11028281108464,0.0003283027505143,-8.021574355440126,-0.0887084556445128,0.9241610625066964,0.010258689204186393,0.009480681114866872,-0.09818913675937967,0.00033143008540900324,-8.012093674325259
IT,2023,32,32.0,0.0003240269300081,-8.034683928317046,0.0003512613522812,-7.953980018176676,-0.0807039101403699,0.9241610625066964,0.006447742620522178,0.005958752670951487,-0.08666266281132139,0.0003533606802788247,-7.948021265505724
IT,2023,33,33.0,0.0003411311636539,-7.983243510491018,0.0003684137181285,-7.906304017228182,-0.0769394932628362,0.9241610625066964,-0.0020866022828795127,-0.0019283565827748286,-0.07501113668006136,0.00036770396965403533,-7.908232373810957
IT,2023,34,34.0,0.0003829738164914,-7.867543935372789,0.000403981485912,-7.814141508003535,-0.0534024273692548,0.9241610625066964,0.01811470890812967,0.016740908631536634,-0.07014333600079144,0.0004108014298074465,-7.797400599371998
IT,2023,35,35.0,0.000383415367156,-7.866391646893573,0.0004095673037292,-7.800409312304946,-0.0659823345886279,0.9241610625066964,0.016948107300335476,0.01566278085015553,-0.08164511543878343,0.00041603276804975123,-7.78474653145479
IT,2023,36,36.0,0.000439427907539,-7.73003688719721,0.0004524133197606,-7.700914371713955,-0.0291225154832535,0.9241610625066964,0.030239483176575755,0.02794615290211762,-0.05706866838537112,0.00046523485339545383,-7.672968218811837
IT,2023,37,37.0,0.0004529237441856,-7.699786781782314,0.0004794006760064,-7.642973825855587,-0.0568129559267269,0.9241610625066964,0.003559633096937248,0.0032896743049995293,-0.060102630231726434,0.0004809803449657037,-7.639684151550587
IT,2023,38,38.0,0.000491917851825,-7.617198823248013,0.0005197660056382,-7.562131836821605,-0.0550669864264081,0.9241610625066964,0.018172622344844853,0.016794429974744753,-0.07186141640115286,0.0005285688922488742,-7.54533740684686
IT,2023,39,39.0,0.000563521623966,-7.481304850835628,0.0005776713195612,-7.456505502313406,-0.0247993485222224,0.9241610625066964,0.03919246412919994,0.036220149291897,-0.0610194978141194,0.0005989782008862342,-7.420285353021509
IT,2023,40,40.0,0.000608675223736,-7.404225726864354,0.0006324437641442,-7.365919251759165,-0.0383064751051884,0.9241610625066964,0.025300944700742685,0.023382147937061528,-0.061688623042249924,0.0006474058995565073,-7.342537103822104
IT,2023,41,41.0,0.0006790030117202,-7.294884994892293,0.0006975709090253,-7.267906387750819,-0.0269786071414737,0.9241610625066964,0.031488123759986116,0.02910009791037112,-0.05607870505184482,0.0007181685337128619,-7.238806289840448
IT,2023,42,42.0,0.0007840401187194,-7.15105036708713,0.0007810106110725,-7.154921821696364,0.0038714546092339,0.9241610625066964,0.055019431192838746,0.050846815989687925,-0.04697536138045402,0.0008217494574095582,-7.104075005706676
IT,2023,43,43.0,0.0008423874217157,-7.07927052874257,0.0008586665792191,-7.060129861249187,-0.0191406674933825,0.9241610625066964,0.029298691132149172,0.0270767095267425,-0.046217377020125,0.0008822340699611895,-7.033053151722445
IT,2023,44,44.0,0.0009450347510448,-6.9642888575542825,0.000944260492798,-6.965108484124153,0.0008196265698705,0.9241610625066964,0.03827562880574758,0.035372845785231595,-0.03455321921536109,0.0009782594485073276,-6.929735638338921
IT,2023,45,45.0,0.0010546174826258,-6.854577153510714,0.0010578580041181,-6.851509166161781,-0.0030679873489329,0.9241610625066964,0.0430999932610285,0.03983133556614355,-0.04289932291507645,0.00110084431930881,-6.811677830595638
IT,2023,46,46.0,0.0011767809416077,-6.744972583907016,0.0011791604757509,-6.742952554941216,-0.0020200289657994,0.9241610625066964,0.041338410793171895,0.03820334964095602,-0.04022337860675542,0.001225079908970544,-6.70474920530026
IT,2023,47,47.0,0.0012917614766647,-6.651748506249879,0.0012955242098069,-6.648839870520415,-0.0029086357294643,0.9241610625066964,0.03697931135613883,0.0341748396736552,-0.0370834754031195,0.0013405637683530322,-6.614665030846759
IT,2023,48,48.0,0.0014093444929,-6.564630581343426,0.001433971756199,-6.547307232815213,-0.0173233485282127,0.9241610625066964,0.025181846785233445,0.023272082280922177,-0.04059543080913488,0.001467734607031585,-6.524035150534291
IT,2023,49,49.0,0.0015849187342073,-6.447222144760838,0.0016155556250615,-6.428076341190016,-0.0191458035708222,0.9241610625066964,0.019533620205000927,0.018052211203255928,-0.03719801477407813,0.0016449848081300292,-6.41002412998676
IT,2023,50,50.0,0.0017752210639327,-6.333830320748925,0.0017922621008626,-6.324276713482494,-0.0095536072664312,0.9241610625066964,0.02336324817568371,0.021591404257647495,-0.031145011524078697,0.0018313803456411642,-6.302685309224846
IT,2023,51,51.0,0.0019157417555274,-6.257650391645192,0.0019683521222043,-6.230558572472715,-0.0270918191724769,0.9241610625066964,0.015358875611923273,0.0141940748044232,-0.0412858939769001,0.0019964902846407763,-6.216364497668292
IT,2023,52,52.0,0.0021637568382565,-6.135909291106117,0.0022338858097435,-6.10401269434899,-0.0318965967571269,0.9241610625066964,0.008430700098026272,0.007791324760267269,-0.03968792151739417,0.002251358719732095,-6.096221369588722
IT,2023,53,53.0,0.0023414792404987,-6.056972395278464,0.002439859515885,-6.015814816791522,-0.041157578486942,0.9241610625066964,0.006545893278057699,0.006049459686905245,-0.04720703817384725,0.002454664082333099,-6.009765357104617
IT,2023,54,54.0,0.0025997392344037,-5.952344133444642,0.0027289031379061,-5.903855531507627,-0.0484886019370147,0.9241610625066964,-0.006658735007069886,-0.00615374361908424,-0.04233485831793046,0.0027121617316262603,-5.910009275126711
IT,2023,55,55.0,0.0028081525495328,-5.875228467537522,0.0029904040463903,-5.812346768137118,-0.0628816994004042,0.9241610625066964,-0.007383466951780047,-0.006823512663140127,-0.056058186737264065,0.0029700684455294664,-5.819170280800258
IT,2023,56,56.0,0.0031780477023933,-5.751488200787281,0.0033668331311727,-5.693782700122582,-0.0577055006646993,0.9241610625066964,-0.006357544446047569,-0.0058753950301928684,-0.051830105634506435,0.0033471096548720026,-5.699658095152775
IT,2023,57,57.0,0.0034391784591854,-5.672522656123113,0.0036940340315537,-5.601036184590844,-0.0714864715322693,0.9241610625066964,-0.01768697832733739,-0.016345616683525032,-0.05514085484874426,0.003634143573940711,-5.617381801274369
IT,2023,58,58.0,0.0037544858944491,-5.584803915403267,0.0040521767213474,-5.508501080183586,-0.076302835219681,0.9241610625066964,-0.02491836799741731,-0.023028585444426042,-0.05327424977525495,0.003959927089498647,-5.531529665628012
IT,2023,59,59.0,0.004180023641382,-5.477438376628452,0.0044785312133794,-5.408460140467531,-0.0689782361609214,0.9241610625066964,-0.013342691217290164,-0.012330795692069643,-0.056647440468851756,0.00442364644186609,-5.420790936159601
IT,2023,60,60.0,0.0046805615454978,-5.3643371878963775,0.004997054237726,-5.298906692621325,-0.0654304952750521,0.9241610625066964,-0.01547062623274049,-0.01429735037689342,-0.05113314489815868,0.004926117911553903,-5.313204042998219
IT,2023,61,61.0,0.0049823560979683,-5.301852387785963,0.0054609883999547,-5.210125479975755,-0.0917269078102078,0.9241610625066964,-0.03214767288348347,-0.029709627529117794,-0.062017280281090006,0.005301130880504605,-5.239835107504873
IT,2023,62,62.0,0.0055609597648536,-5.191984566038705,0.0060384721509108,-5.109604254181171,-0.0823803118575341,0.9241610625066964,-0.02672553104528206,-0.024698695166863568,-0.057681616690670526,0.0058911565088329895,-5.134302949348035
IT,2023,63,63.0,0.006139433429641,-5.093022816383482,0.006648093019051,-5.013425229491527,-0.0795975868919551,0.9241610625066964,-0.023228165554247015,-0.021466566158694366,-0.058131020733260735,0.0065069021537993476,-5.034891795650221
IT,2023,64,64.0,0.0066862763716872,-5.007698155959504,0.0072306269992991,-4.929429524676827,-0.0782686312826763,0.9241610625066964,-0.01886198267866328,-0.01743150995329636,-0.06083712132937995,0.007105678437704006,-4.946861034630124
IT,2023,65,65.0,0.0073237264865336,-4.916635997687853,0.0079295458179638,-4.837159518876747,-0.0794764788111059,0.9241610625066964,-0.022375203371646467,-0.020678291721744214,-0.05879818708936168,0.007767260035327471,-4.8578378105984905
IT,2023,66,66.0,0.0081450310968155,-4.810347219032961,0.0087524305945069,-4.738423834957585,-0.0719233840753759,0.9241610625066964,-0.018464169060760018,-0.01706386609749525,-0.05485951797788066,0.00860434732056163,-4.75548770105508
IT,2023,67,67.0,0.0087980124089896,-4.733229445623596,0.009510722653693,-4.655335416490276,-0.0778940291333203,0.9241610625066964,-0.019189574026910326,-0.01773425712176035,-0.06015977201155995,0.009343543830367194,-4.673069673612036
IT,2023,68,68.0,0.0095567335057944,-4.650509293800242,0.0103074724477488,-4.574886166416251,-0.0756231273839915,0.9241610625066964,-0.01653121448440601,-0.015277504742434748,-0.060345622641556754,0.010151196779257049,-4.5901636711586855
IT,2023,69,69.0,0.0105022956892413,-4.556161408645661,0.0113149173350847,-4.481633305704608,-0.0745281029410529,0.9241610625066964,-0.014296704179657003,-0.013212457325015744,-0.061315645616037154,0.011166402754435922,-4.494845763029623
IT,2023,70,70.0,0.0116302266631771,-4.454147823116366,0.0124510384504839,-4.385951249872385,-0.0681965732439806,0.9241610625066964,-0.011571929030223659,-0.010694326227823582,-0.05750224701615701,0.012318592456058307,-4.396645576100209
IT,2023,71,71.0,0.0128977715446339,-4.35070073101524,0.0137556366861476,-4.286306598061595,-0.0643941329536454,0.9241610625066964,-0.006886958403974012,-0.0063646587960560445,-0.05802947415758936,0.013668364774694358,-4.292671256857651
IT,2023,72,72.0,0.0141736513003671,-4.256370580253606,0.0150781203498231,-4.194510569408382,-0.0618600108452236,0.9241610625066964,-0.002896168791214284,-0.0026765264272873273,-0.05918348441793627,0.015037817322352298,-4.19718709583567
IT,2023,73,73.0,0.0157184253158702,-4.152921667744671,0.0167107814773785,-4.091701170419992,-0.0612204973246797,0.9241610625066964,-0.0016371444514913566,-0.0015129851557671948,-0.059707512168912506,0.01668551742994574,-4.09321415557576
IT,2023,74,74.0,0.0175549522742286,-4.042419188008068,0.0185874802006473,-3.985267032393617,-0.0571521556144518,0.9241610625066964,0.0007045949651442528,0.0006511592316245814,-0.05780331484607638,0.01859958755145142,-3.9846158731619923
IT,2023,75,75.0,0.0193840194357143,-3.94330629280053,0.0206105228622951,-3.881953515051973,-0.0613527777485569,0.9241610625066964,0.000370568473987709,0.0003424649546519662,-0.06169524270320887,0.020617582452834682,-3.881611050097321
IT,2023,76,76.0,0.0219575008460088,-3.8186464736436254,0.0231655327310078,-3.765089763140406,-0.0535567105032193,0.9241610625066964,0.005038492888424606,0.0046563789411989175,-0.05821308944441822,0.023273651756002,-3.760433384199207
IT,2023,77,77.0,0.0246194225094949,-3.7042196146546704,0.0258916261794003,-3.653835676090401,-0.0503839385642694,0.9241610625066964,0.007775996137115107,0.007186272852124264,-0.057570211416393666,0.02607836062844251,-3.6466494032382766
IT,2023,78,78.0,0.0280194130378286,-3.574857686264544,0.029291939555701,-3.5304429012942147,-0.0444147849703289,0.9241610625066964,0.009940278872714576,0.00918641868462077,-0.05360120365494967,0.02956226734759955,-3.521256482609594
IT,2023,79,79.0,0.0322735574511103,-3.4335070387987234,0.033430958425248,-3.398272909345539,-0.0352341294531846,0.9241610625066964,0.012954914706751053,0.011972427740074681,-0.04720655719325928,0.033833613730374724,-3.3863004816054643
IT,2023,80,80.0,0.0366172140481164,-3.3072368199614104,0.037851697911042,-3.274079441160504,-0.0331573788009063,0.9241610625066964,0.010974036936345317,0.01014177763508062,-0.04329915643598692,0.03823753464241416,-3.2639376635254234
IT,2023,81,81.0,0.0421516754928254,-3.166480844604848,0.0433388452516518,-3.138705927168615,-0.0277749174362327,0.9241610625066964,0.014806651770122341,0.01368373103204292,-0.04145864846827562,0.043935958404051234,-3.1250221961365723
IT,2023,82,82.0,0.0486676163200801,-3.0227414327059914,0.0497523582296069,-3.000697414900816,-0.0220440178051757,0.9241610625066964,0.01789024826514346,0.016533470845223563,-0.03857748865039926,0.0505817750697201,-2.9841639440555925
IT,2023,83,83.0,0.0559900076928966,-2.882582038223656,0.0569625990986793,-2.8653603826757763,-0.0172216555478792,0.9241610625066964,0.018734084623436602,0.017313311550685533,-0.03453496709856473,0.05795739709829663,-2.848047071125091
IT,2023,84,84.0,0.0649286400295216,-2.7344664578601865,0.0656413937178397,-2.723548780233682,-0.0109176776265038,0.9241610625066964,0.019922349749662695,0.018411459912278293,-0.029329137538782094,0.06686114182268449,-2.7051373203214037
IT,2023,85,85.0,0.0749877888374483,-2.5904299942023985,0.0753638309759388,-2.5854278143381406,-0.0050021798642578,0.9241610625066964,0.023234561599630082,0.021472477134791425,-0.026474656999049224,0.0769995780353892,-2.5639553372033492
IT,2024,20,20.0,0.000196568235722,-8.534500931351527,0.0002015220879605,-8.509611564915064,-0.0248893664364633,2.3755533619095246,-0.020818097729608808,-0.04945450205013324,0.024565135613669943,0.000191798336823051,-8.559066066965197
IT,2024,21,21.0,0.0002201989445957,-8.420979126622239,0.0002225069205236,-8.410552353364647,-0.010426773257592,2.3755533619095246,0.01124028878226586,0.026701905805545583,-0.03712867906313758,0.00022852831292015385,-8.383850447559102
IT,2024,22,22.0,0.000224940058406,-8.399676598336969,0.000229015821826,-8.381719465853314,-0.0179571324836551,2.3755533619095246,0.00276927128068778,0.006578551700877351,-0.02453568418453245,0.00023052738073309708,-8.375140914152436
IT,2024,23,23.0,0.000213977748126,-8.44963852906842,0.0002212995440452,-8.415993371256317,-0.0336451578121028,2.3755533619095246,-0.0103238590166454,-0.02452487799487194,-0.009120279817230858,0.00021593821146148677,-8.44051824925119
IT,2024,24,24.0,0.0002199879755239,-8.42193766981519,0.0002328111236372,-8.365283061301406,-0.0566546085137833,2.3755533619095246,-0.03404405815922482,-0.0808734768131899,0.0242188682994066,0.00021472411537720658,-8.446156538114597
IT,2024,25,25.0,0.0002420699849427,-8.326283679638006,0.0002513461565996,-8.288679458972258,-0.0376042206657487,2.3755533619095246,-0.012738064842770661,-0.030259952761465363,-0.007344267904283337,0.00024385435619347383,-8.318939411733723
IT,2024,26,26.0,0.0002492152578182,-8.297193545725445,0.000253335530673,-8.280795739680256,-0.0163978060451892,2.3755533619095246,0.006127122532955127,0.014555306531993153,-0.030953112577182355,0.0002570498730981727,-8.266240433148264
IT,2024,27,27.0,0.0002361880747747,-8.350882143304947,0.0002483477039703,-8.300680761589959,-0.050201381714988,2.3755533619095246,-0.03143672832684167,-0.07467962566426511,0.024478243949277112,0.0002304767917254667,-8.375360387254224
IT,2024,28,28.0,0.0002458508987818,-8.3107853082993,0.0002602499173966,-8.253868167869188,-0.0569171404301123,2.3755533619095246,-0.02199641158147994,-0.05225364948233028,-0.004663490947782019,0.00024700009978426076,-8.306121817351517
IT,2024,29,29.0,0.0002526182976815,-8.283630913294067,0.0002701148246559,-8.2166634128667,-0.0669675004273671,2.3755533619095246,-0.03104662944695269,-0.07375292495866771,0.006785424531300613,0.0002509099776801109,-8.290416337825368
IT,2024,30,30.0,0.0002769203963705,-8.191780470801653,0.0002886826314326,-8.150182634405294,-0.0415978363963596,2.3755533619095246,-0.018074871731114737,-0.04293782230693304,0.001339985910573445,0.0002765495754439074,-8.193120456712228
IT,2024,31,31.0,0.0002912817618704,-8.141219505398004,0.0002952932900442,-8.12754149197754,-0.0136780134204634,2.3755533619095246,0.010258689204186393,0.024370063627789932,-0.03804807704825333,0.0003025780103305807,-8.10317142834975
IT,2024,32,32.0,0.0003145108137192,-8.064492098570057,0.0003169365184207,-8.056809061488908,-0.0076830370811489,2.3755533619095246,0.006447742620522178,0.015316956658908788,-0.02299999374005769,0.0003218283899899982,-8.041492104829999
IT,2024,33,33.0,0.0003312632355637,-8.012597225043361,0.0003328767041998,-8.007738394204326,-0.0048588308390353,2.3755533619095246,-0.0020866022828795127,-0.004956835068062515,9.800422902721522e-05,0.00033123077195650497,-8.012695229272389
IT,2024,34,34.0,0.0003731378939605,-7.893562517736419,0.0003666044049832,-7.911227206855563,0.0176646891191438,2.3755533619095246,0.01811470890812967,0.04303245764671985,-0.025367768527576048,0.00038272465292112513,-7.868194749208843
IT,2024,35,35.0,0.0003720970576785,-7.8963558299837295,0.0003659954797642,-7.912889575010064,0.0165337450263347,2.3755533619095246,0.016948107300335476,0.040261133275315296,-0.023727388248980595,0.00038103152566439216,-7.872628441734749
IT,2024,36,36.0,0.0004281087266534,-7.756133360406794,0.0004039810231527,-7.814142653500449,0.0580092930936544,2.3755533619095246,0.030239483176575755,0.07183550592252104,-0.01382621282886664,0.00043406895778583195,-7.742307147577928
IT,2024,37,37.0,0.0004402740222581,-7.728113247038302,0.0004299002845003,-7.751957272679526,0.0238440256412237,2.3755533619095246,0.003559633096937248,0.008456098370593693,0.015387927270630007,0.00043355097715003964,-7.743501174308932
IT,2024,38,38.0,0.0004778118193997,-7.646293586250644,0.0004645089704588,-7.6745296878219,0.0282361015712551,2.3755533619095246,0.018172622344844853,0.04317003410600834,-0.014933932534753239,0.0004850009764567694,-7.631359653715891
IT,2024,39,39.0,0.0005493643927845,-7.506748597498261,0.0005160637402453,-7.569280272504363,0.0625316750061015,2.3755533619095246,0.03919246412919994,0.09310378992363937,-0.030572114917537863,0.0005664189934119399,-7.4761764825807235
IT,2024,40,40.0,0.0005926652604344,-7.430880803281709,0.0005650449393895,-7.4786052912382415,0.0477244879565326,2.3755533619095246,0.025300944700742685,0.060103744243336255,-0.012379256286803655,0.0006000476153411841,-7.418501546994905
IT,2024,41,41.0,0.0006619759755448,-7.320281293403615,0.0006226237443947,-7.381568163204515,0.0612868698009005,2.3755533619095246,0.031488123759986116,0.0748017182582582,-0.013514848457357696,0.0006709832091371786,-7.306766444946257
IT,2024,42,42.0,0.0007672241022285,-7.172731619053659,0.0006980826807302,-7.267173008448799,0.0944413893951399,2.3755533619095246,0.055019431192838746,0.13070159474049783,-0.03626020534535794,0.0007955543317036647,-7.136471413708301
IT,2024,43,43.0,0.0008233780910143,-7.102095056932066,0.0007700411062418,-7.169066659811741,0.0669716028796747,2.3755533619095246,0.029298691132149172,0.06960060421852574,-0.0026290013388510364,0.000825545601062945,-7.099466055593216
IT,2024,44,44.0,0.0009245709023429,-6.986180817440832,0.0008438245186011,-7.077566001335259,0.0913851838944275,2.3755533619095246,0.03827562880574758,0.0909257986886947,0.0004593852057327985,0.0009241462656920784,-6.986640202646564
IT,2024,45,45.0,0.0010328056359165,-6.875476261517509,0.0009503910620494,-6.958637013809342,0.0831607522918327,2.3755533619095246,0.0430999932610285,0.10238633388951411,-0.01922558159768141,0.0010528540284222784,-6.856250679919827
IT,2024,46,46.0,0.0011528846833184,-6.765488057164992,0.0010615056866089,-6.848066919690785,0.0825788625257928,2.3755533619095246,0.041338410793171895,0.09820160073571647,-0.015622738209923673,0.0011710373267017518,-6.749865318955068
IT,2024,47,47.0,0.0012665760640931,-6.671438031823733,0.0011725332751771,-6.748588678364506,0.0771506465407725,2.3755533619095246,0.03697931135613883,0.08784632741317465,-0.01069568087240215,0.0012801956630802583,-6.660742350951331
IT,2024,48,48.0,0.0013807088877248,-6.585158224947799,0.0013033647264234,-6.642806107173147,0.0576478822253481,2.3755533619095246,0.025181846785233445,0.059820820789751865,-0.002172938564403766,0.001383712345295768,-6.582985286383395
IT,2024,49,49.0,0.0015542721843577,-6.466747891564463,0.0014743237558606,-6.519555864923057,0.0528079733585942,2.3755533619095246,0.019533620205000927,0.04640315714825377,0.006404816210340426,0.0015443491681451271,-6.473152707774803
IT,2024,50,50.0,0.0017438028287848,-6.351687016776211,0.0016421441748241,-6.411752467406903,0.0600654506306925,2.3755533619095246,0.02336324817568371,0.055500642748872,0.004564807881820496,0.0017358608444947652,-6.356251824658031
IT,2024,51,51.0,0.0018795102404617,-6.276744046471719,0.0018111346298341,-6.313801762791944,0.0370577163202252,2.3755533619095246,0.015358875611923273,0.03648582859505454,0.0005718877251706597,0.0018784356789194121,-6.277315934196889
IT,2024,52,52.0,0.0021245671127544,-6.154187209002781,0.0020698683700615,-6.180270263068992,0.0260830540662109,2.3755533619095246,0.008430700098026272,0.02002757796111727,0.006055476105093629,0.0021117407215162733,-6.160242685107875
IT,2024,53,53.0,0.0022978533227352,-6.075779929819313,0.0022706767881158,-6.087677347380666,0.0118974175613528,2.3755533619095246,0.006545893278057699,0.015550118783390925,-0.0036527012220381253,0.0023062620422960767,-6.0721272285972745
IT,2024,54,54.0,0.0025519947704057,-5.9708799627157605,0.0025518809860305,-5.970924550155045,4.4587439284704544e-05,2.3755533619095246,-0.006658735007069886,-0.01581818033210951,0.015862767771394216,0.0025118324549089437,-5.986742730487155
IT,2024,55,55.0,0.0027543722206081,-5.894565731451137,0.0028115142965181,-5.874032045230488,-0.0205336862206495,2.3755533619095246,-0.007383466951780047,-0.01753981973984896,-0.0029938664808005395,0.0027626307996478756,-5.891571864970337
IT,2024,56,56.0,0.0031229536680254,-5.768976036517983,0.0031898345311761,-5.7477862346354,-0.0211898018825831,2.3755533619095246,-0.006357544446047569,-0.015102686082297529,-0.006087115800285573,0.003142021423583273,-5.762888920717697
IT,2024,57,57.0,0.0033742041891191,-5.691595778278411,0.003496106990602,-5.656105217938009,-0.0354905603404018,2.3755533619095246,-0.01768697832733739,-0.04201636082752724,0.0065258004871254355,0.0033522564967974873,-5.698121578765536
IT,2024,58,58.0,0.003683997361181,-5.603756876881135,0.003847272138417,-5.560390917288416,-0.0433659595927196,2.3755533619095246,-0.02491836799741731,-0.059194912869563396,0.015828953276843798,0.003626142636923572,-5.6195858301579795
IT,2024,59,59.0,0.0041065295523323,-5.495176998333044,0.0042626567973118,-5.457862651755963,-0.0373143465770802,2.3755533619095246,-0.013342691217290164,-0.03169627497815433,-0.0056180715989258695,0.004129665257552484,-5.489558926734118
IT,2024,60,60.0,0.0046029021161245,-5.381068279607879,0.0047595953042179,-5.347592634475496,-0.0334756451323832,2.3755533619095246,-0.01547062623274049,-0.03675129815803235,0.003275653025649153,0.004587849273285771,-5.384343932633528
IT,2024,61,61.0,0.0048895665773959,-5.320651613902991,0.0052237613824295,-5.254537565227813,-0.0661140486751774,2.3755533619095246,-0.03214767288348347,-0.07636851239592682,0.010254463720749424,0.004839682896636826,-5.33090607762374
IT,2024,62,62.0,0.0054651144203848,-5.209370220631401,0.0057942835225585,-5.150883447011258,-0.0584867736201433,2.3755533619095246,-0.02672553104528206,-0.06348792512343716,0.005001151503293867,0.005437850786792063,-5.2143713721346945
IT,2024,63,63.0,0.0060365291521568,-5.109926075889023,0.0063870804554536,-5.053478007730231,-0.056448068158792,2.3755533619095246,-0.023228165554247015,-0.05517974677338251,-0.001268321385409485,0.006044190268525994,-5.108657754503613
IT,2024,64,64.0,0.006570958297842,-5.025095597481005,0.0069337758926055,-4.971350752315809,-0.0537448451651965,2.3755533619095246,-0.01886198267866328,-0.04480764636457778,-0.008937198800618724,0.006629947464777526,-5.016158398680386
IT,2024,65,65.0,0.0071948508569414,-4.93438966756628,0.0075888152243469,-4.8810797966829735,-0.0533098708833064,2.3755533619095246,-0.022375203371646467,-0.0531534895929241,-0.00015638129038230558,0.007195976084982525,-4.934233286275898
IT,2024,66,66.0,0.0080067151312375,-4.827474697989564,0.0083756555886656,-4.78242592509101,-0.0450487728985544,2.3755533619095246,-0.018464169060760018,-0.04386261888715429,-0.0011861540114001118,0.008016217963305561,-4.826288543978165
IT,2024,67,67.0,0.0086376740515043,-4.7516219394107,0.0090775982389064,-4.701945632491826,-0.0496763069188732,2.3755533619095246,-0.019189574026910326,-0.045585857093238515,-0.0040904498256346886,0.008673078384280808,-4.747531489585064
IT,2024,68,68.0,0.0093766238758662,-4.669535508699648,0.0097947228715404,-4.625911520835249,-0.0436239878643984,2.3755533619095246,-0.01653121448440601,-0.03927078214487813,-0.004353205719520276,0.009417531223000312,-4.665182302980127
IT,2024,69,69.0,0.0103026346086689,-4.57535562920512,0.0107349710818155,-4.534248541477511,-0.0411070877276094,2.3755533619095246,-0.014296704179657003,-0.033962583678210145,-0.0071445040493992515,0.010376505394192116,-4.568211125155721
IT,2024,70,70.0,0.0114122480669467,-4.473068108490104,0.0117798556519537,-4.441364354487954,-0.0317037540021498,2.3755533619095246,-0.011571929030223659,-0.027489734911526238,-0.004214019090623564,0.011460440969756715,-4.46885408939948
IT,2024,71,71.0,0.012652013740867,-4.369938887476488,0.0129755512046212,-4.344688368780785,-0.025250518695703,2.3755533619095246,-0.006886958403974012,-0.01636033718989152,-0.008890181505811483,0.012764993902390893,-4.361048705970677
IT,2024,72,72.0,0.013893510064497,-4.2763334497128405,0.0141418851472477,-4.2586143072269484,-0.017719142485892,2.3755533619095246,-0.002896168791214284,-0.006880003508626536,-0.010839138977265465,0.014044922860722868,-4.265494310735575
IT,2024,73,73.0,0.0154064868272991,-4.172966635699979,0.0156611510688785,-4.156572087360946,-0.0163945483390328,2.3755533619095246,-0.0016371444514913566,-0.0038891240056718166,-0.012505424333360984,0.015600361196597884,-4.160461211366617
IT,2024,74,74.0,0.0172029956844694,-4.062671742626454,0.0173591643465464,-4.053634707628215,-0.0090370349982382,2.3755533619095246,0.0007045949651442528,0.001673802938232954,-0.010710837936471153,0.01738824449726656,-4.051960904689983
IT,2024,75,75.0,0.0189803312036837,-3.9643520358112103,0.0192092751679141,-3.952362034932587,-0.0119900008786237,2.3755533619095246,0.000370568473987709,0.0008803051841991843,-0.012870306062822886,0.019226192637604816,-3.9514817297483877
IT,2024,76,76.0,0.0215156526273724,-3.838974579553097,0.0215591456883612,-3.836955158570521,-0.0020194209825756,2.3755533619095246,0.005038492888424606,0.011969208720054303,-0.013988629702629903,0.021818742085478127,-3.8249859498504666
IT,2024,77,77.0,0.0241290343296647,-3.724339419637722,0.0240615046335387,-3.727142033668633,0.0028026140309109,2.3755533619095246,0.007775996137115107,0.01847229376571927,-0.01566967973480837,0.02451010641135684,-3.7086697399029136
IT,2024,78,78.0,0.0274846556525495,-3.5941274063072286,0.0272362808936854,-3.603205338090857,0.0090779317836284,2.3755533619095246,0.009940278872714576,0.023613662894395333,-0.014535731110766933,0.027887082918422585,-3.5795916751964616
IT,2024,79,79.0,0.0317021526321355,-3.4513706940279216,0.0311199006096135,-3.46990777345553,0.0185370794276082,2.3755533619095246,0.012954914706751053,0.030775091184873607,-0.012238011757265407,0.03209250766158902,-3.4391326822706563
IT,2024,80,80.0,0.0359655579224989,-3.325193522853936,0.0351482565899372,-3.3481802611038414,0.0229867382499056,2.3755533619095246,0.010974036936345317,0.026069410337854416,-0.0030826720879488165,0.03607659900772707,-3.322110850765987
IT,2024,81,81.0,0.0414533720151036,-3.183186049319965,0.040410958024258,-3.2086542925692614,0.0254682432492963,2.3755533619095246,0.014806651770122341,0.03517399139113774,-0.009705748141841442,0.04185766682153401,-3.173480301178124
IT,2024,82,82.0,0.0479106763845041,-3.038416910372024,0.0464915089442935,-3.0684855864113745,0.0300686760393507,2.3755533619095246,0.01789024826514346,0.042499239411657584,-0.012430563372306885,0.0485099500213998,-3.025986346999717
IT,2024,83,83.0,0.0551879297684854,-2.897011013223856,0.0534118609649126,-2.9297224422321704,0.0327114290083141,2.3755533619095246,0.018734084623436602,0.044503817709502354,-0.011792388701188254,0.05584257964452304,-2.885218624522668
IT,2024,84,84.0,0.0641168929664704,-2.747047408957723,0.0619412048433342,-2.781569652844956,0.0345222438872325,2.3755533619095246,0.019922349749662695,0.04732660492494859,-0.012804361037716094,0.06494314735358636,-2.7342430479200073
IT,2024,85,85.0,0.0741534240080135,-2.6016190346873245,0.0714019015657152,-2.639430777418197,0.0378117427308724,2.3755533619095246,0.023234561599630082,0.055194940920495185,-0.017383198189622785,0.07545371655259793,-2.584235836497702
IT,2025,20,20.0,0.0001881899200982,-8.57805889176808,0.0001933061137873,-8.551235543758933,-0.026823348009147,1.0801229166050783,-0.020818097729608808,-0.022486104437874625,-0.004337243571272374,0.00018900791826564436,-8.573721648196807
IT,2025,21,21.0,0.0002120042508929,-8.458904232111685,0.0002145444894494,-8.446993431081959,-0.0119108010297264,1.0801229166050783,0.01124028878226586,0.012140893502984345,-0.024051694532710746,0.00021716512750087575,-8.434852537578974
IT,2025,22,22.0,0.0002163522650335,-8.438602622046126,0.0002205918280497,-8.41919649602964,-0.0194061260164861,1.0801229166050783,0.00276927128068778,0.0029911533725671654,-0.022397279389053264,0.00022125263984223832,-8.416205342657072
IT,2025,23,23.0,0.0002054977220627,-8.490075608942464,0.0002133262973588,-8.452687651952715,-0.0373879569897486,1.0801229166050783,-0.0103238590166454,-0.011151036711678665,-0.02623692027806994,0.00021096070191885065,-8.463838688664394
IT,2025,24,24.0,0.0002113407926438,-8.462038596396296,0.0002247985556781,-8.400305864884622,-0.0617327315116735,1.0801229166050783,-0.03404405815922482,-0.03677176739201483,-0.024960964119658674,0.00021668245172595595,-8.437077632276637
IT,2025,25,25.0,0.0002333666178612,-8.362899873785663,0.0002431798822545,-8.32170913228671,-0.0411907414989531,1.0801229166050783,-0.012738064842770661,-0.013758675749878055,-0.027432065749075044,0.000239856961022821,-8.335467808036588
IT,2025,26,26.0,0.0002409233401424,-8.33103176577063,0.0002455757420084,-8.311905136893108,-0.0191266288775224,1.0801229166050783,0.006127122532955127,0.006618045460692186,-0.025744674338214587,0.0002472063632443231,-8.305287091432415
IT,2025,27,27.0,0.0002273009815475,-8.389235508824296,0.0002401429644217,-8.334276126881413,-0.0549593819428828,1.0801229166050783,-0.03143672832684167,-0.033955530688909705,-0.021003851253973096,0.00023212566868834408,-8.368231657570323
IT,2025,28,28.0,0.0002369698272605,-8.347577736071024,0.0002523904251267,-8.284533363330853,-0.0630443727401708,1.0801229166050783,-0.02199641158147994,-0.023758828232233836,-0.03928554450793696,0.00024646459846676633,-8.308292191563087
IT,2025,29,29.0,0.0002436220097997,-8.31989267399453,0.0002622863057381,-8.246073880848579,-0.0738187931459517,1.0801229166050783,-0.03104662944695269,-0.03353417594899965,-0.040284617196952054,0.00025363659169351516,-8.279608056797578
IT,2025,30,30.0,0.0002679411716965,-8.224743110144104,0.0002805192188534,-8.178868318936983,-0.0458747912071206,1.0801229166050783,-0.018074871731114737,-0.01952308317147433,-0.026351708035646265,0.00027509573266134435,-8.198391402108458
IT,2025,31,31.0,0.0002824084305096,-8.172156199711461,0.0002867420379255,-8.156927568946822,-0.0152286307646392,1.0801229166050783,0.010258689204186393,0.011080645303770837,-0.026309276068410038,0.00028993699313439067,-8.14584692364305
IT,2025,32,32.0,0.0003052741694768,-8.094300268822797,0.0003080264493873,-8.085324904043395,-0.0089753647794026,1.0801229166050783,0.006447742620522178,0.006964354564797286,-0.015939719344199885,0.00031017914215322463,-8.078360549478598
IT,2025,33,33.0,0.0003216807578081,-8.041950939595576,0.0003236436550603,-8.035867477489496,-0.0060834621060799,1.0801229166050783,-0.0020866022828795127,-0.002253786943578634,-0.0038296751625012657,0.0003229150525819956,-8.038121264433075
IT,2025,34,34.0,0.0003635545875821,-7.919581100100074,0.000356865947231,-7.938150344653807,0.0185692445537331,1.0801229166050783,0.01811470890812967,0.01956611221930101,-0.0009968676655679118,0.0003639171840954719,-7.918584232434506
IT,2025,35,35.0,0.0003611128613859,-7.926320013073656,0.0003547554683798,-7.94408182730057,0.0177618142269135,1.0801229166050783,0.016948107300335476,0.018306039088174172,-0.0005442248612606733,0.0003613094414698198,-7.925775788212396
IT,2025,36,36.0,0.0004170811154514,-7.782229833616133,0.0003914932275937,-7.8455423412942435,0.0633125076781109,1.0801229166050783,0.030239483176575755,0.032662358765313204,0.0306501489127977,0.0004044914404404997,-7.81287998252893
IT,2025,37,37.0,0.0004279775948242,-7.756439712294298,0.0004171019790207,-7.782179812057241,0.0257400997629426,1.0801229166050783,0.003559633096937248,0.003844841282707828,0.021895258480234773,0.00041870875685230674,-7.778334970774534
IT,2025,38,38.0,0.0004641102857136,-7.675388349252972,0.0004502538215772,-7.705699086265635,0.0303107370126625,1.0801229166050783,0.018172622344844853,0.01962866584947644,0.01068207116318606,0.0004591790116153017,-7.686070420416158
IT,2025,39,39.0,0.0005355628306425,-7.532192344160871,0.0005001741623045,-7.600554195583848,0.0683618514229777,1.0801229166050783,0.03919246412919994,0.04233267866417135,0.026029172758806347,0.0005218024359465257,-7.5582215169196765
IT,2025,40,40.0,0.0005770764066423,-7.457535879699082,0.0005476607083418,-7.50985460812741,0.0523187284283288,1.0801229166050783,0.025300944700742685,0.02732813018302999,0.02499059824529881,0.0005628336309947895,-7.482526477944379
IT,2025,41,41.0,0.0006453759182722,-7.345677591914883,0.0006033047709388,-7.413088064478511,0.0674104725636288,1.0801229166050783,0.031488123759986116,0.03401104407405787,0.03339942848957093,0.0006241767225948217,-7.379077020404453
IT,2025,42,42.0,0.0007507687540298,-7.194412871020165,0.000676686993784,-7.298301734972758,0.1038888639525925,1.0801229166050783,0.055019431192838746,0.05942774848996141,0.044461115462631096,0.000718119917760076,-7.238873986482797
IT,2025,43,43.0,0.0008047977252338,-7.124919585121551,0.0007471263357151,-7.199276263014673,0.0743566778931219,1.0801229166050783,0.029298691132149172,0.03164618771836831,0.0427104901747536,0.0007711481303478157,-7.167630075296305
IT,2025,44,44.0,0.0009045501792543,-7.0080727773274365,0.0008179151576443,-7.108751946001914,0.1006791686744774,1.0801229166050783,0.03827562880574758,0.041342383820557424,0.05933678485391998,0.0008524384403207652,-7.067409562181356
IT,2025,45,45.0,0.0010114449069488,-6.896375369524168,0.0009225721523349,-6.9883449711949135,0.0919696016707458,1.0801229166050783,0.0430999932610285,0.046553290426761325,0.04541631124398448,0.0009665363203488158,-6.941791680768152
IT,2025,46,46.0,0.0011294736735066,-6.78600353042294,0.001031009858562,-6.877216511857195,0.0912129814342543,1.0801229166050783,0.041338410793171895,0.04465056483373968,0.04656241660051462,0.001078088248122606,-6.832565947023455
IT,2025,47,47.0,0.0012418816903223,-6.691127557397576,0.0011405435508475,-6.776250331219167,0.0851227738215909,1.0801229166050783,0.03697931135613883,0.03994220163603997,0.04518057218555094,0.0011870214062797634,-6.736308129583127
IT,2025,48,48.0,0.0013526551118241,-6.605685868552134,0.0012693006522247,-6.669289197724254,0.0636033291721203,1.0801229166050783,0.025181846785233445,0.027199489795168563,0.03640383937695174,0.001304298790469631,-6.6420897079290855
IT,2025,49,49.0,0.0015242182270477,-6.486273638368054,0.0014373928361704,-6.544924336822675,0.0586506984546204,1.0801229166050783,0.019533620205000927,0.02109871082768149,0.03755198762693891,0.001468042165668351,-6.523825625994993
IT,2025,50,50.0,0.0017129406401598,-6.36954371280344,0.0016027880396024,-6.436010641419759,0.0664669286163182,1.0801229166050783,0.02336324817568371,0.025235179760887762,0.04123174885543043,0.001643749343123652,-6.410775461658871
IT,2025,51,51.0,0.0018439639548536,-6.295837701298221,0.0017698044983664,-6.336886191397086,0.0410484900988654,1.0801229166050783,0.015358875611923273,0.016589473521725174,0.024459016577140228,0.001799409510044678,-6.320296717875361
IT,2025,52,52.0,0.0020860871872435,-6.172465126899484,0.0020265559822765,-6.201417487171862,0.0289523602723784,1.0801229166050783,0.008430700098026272,0.009106192378902856,0.019846167893475545,0.002045094470332072,-6.192311294792959
IT,2025,53,53.0,0.0022550402333188,-6.09458746436014,0.0022258736922636,-6.107605769758619,0.0130183053984787,1.0801229166050783,0.006545893278057699,0.007070369339281258,0.005947936059197442,0.0022416672085739716,-6.1005354004193375
IT,2025,54,54.0,0.0025051271381346,-5.98941579198689,0.002504856907595,-5.989523668793409,0.0001078768065196,1.0801229166050783,-0.006658735007069886,-0.007192252276736662,0.007300129083256262,0.00248690597599402,-5.9967159210701455
IT,2025,55,55.0,0.0027016218655642,-5.913902995364742,0.0027638291662018,-5.89113818171552,-0.0227648136492222,1.0801229166050783,-0.007383466951780047,-0.007975051858613871,-0.014789761790608327,0.0027418751438652595,-5.899113233574133
IT,2025,56,56.0,0.0030688147334253,-5.786463872248717,0.0031424198495518,-5.7627621231387804,-0.0237017491099367,1.0801229166050783,-0.006357544446047569,-0.006866929449511317,-0.016834819660425382,0.0031209149948089815,-5.769629052588292
IT,2025,57,57.0,0.0033104574377235,-5.710668900433721,0.0034431222678559,-5.67137658324467,-0.0392923171890515,1.0801229166050783,-0.01768697832733739,-0.01910411061685447,-0.020188206572197026,0.003377968810174836,-5.690480693861525
IT,2025,58,58.0,0.0036148322137138,-5.622709838358997,0.0037923073343918,-5.574780649774464,-0.0479291885845327,1.0801229166050783,-0.02491836799741731,-0.026914900318409027,-0.02101428826612367,0.0036915991157879984,-5.601695550092873
IT,2025,59,59.0,0.0040343276524157,-5.51291562003762,0.0042046567572997,-5.471562616166015,-0.0413530038716052,1.0801229166050783,-0.013342691217290164,-0.014411746552980415,-0.026941257318624783,0.0041444948699978475,-5.485974362718995
IT,2025,60,60.0,0.0045265312045738,-5.397799371319354,0.0046957666694199,-5.361093884781938,-0.0367054865374161,1.0801229166050783,-0.01547062623274049,-0.016710177928214692,-0.019995308609201408,0.004617951535912952,-5.377804062710153
IT,2025,61,61.0,0.0047985051338534,-5.3394508400200325,0.0051598198182773,-5.26685361903684,-0.0725972209831926,1.0801229166050783,-0.03214767288348347,-0.034723438196974155,-0.037873782786218446,0.004983728081689607,-5.301577057233814
IT,2025,62,62.0,0.0053709210083963,-5.226755875224067,0.005728333039424,-5.162330708656441,-0.0644251665676263,1.0801229166050783,-0.02672553104528206,-0.028866858540449625,-0.035558308027176674,0.005565337956337759,-5.19119756719689
IT,2025,63,63.0,0.0059353496739469,-5.126829335394577,0.0063165306551369,-5.064585168521921,-0.0622441668726558,1.0801229166050783,-0.023228165554247015,-0.0250892739258389,-0.0371548929468169,0.006160025003422669,-5.08967444244776
IT,2025,64,64.0,0.0064576291124927,-5.042493039002491,0.0068536353556146,-4.982976058635291,-0.0595169803672002,1.0801229166050783,-0.01886198267866328,-0.02037325974383225,-0.03914372062336795,0.006715417220126705,-5.003349318379123
IT,2025,65,65.0,0.0070682430520604,-4.952143337444679,0.0074969465662611,-4.893259465836063,-0.0588838716086161,1.0801229166050783,-0.022375203371646467,-0.024167969925414565,-0.03471590168320153,0.007317932503643102,-4.917427435761478
IT,2025,66,66.0,0.0078707479972485,-4.84460217694617,0.0082740738794328,-4.794628281875592,-0.0499738950705781,1.0801229166050783,-0.018464169060760018,-0.01994357213859736,-0.030030322931980744,0.008110693895660817,-4.814571854014189
IT,2025,67,67.0,0.0084802577618322,-4.770014433197812,0.0089610196630428,-4.714871256791325,-0.0551431764064869,1.0801229166050783,-0.019189574026910326,-0.02072709866635544,-0.03441607774013146,0.008777195377443897,-4.73559835545768
IT,2025,68,68.0,0.0091999086566719,-4.688561723599051,0.009657103495247,-4.640061520932799,-0.0485002026662515,1.0801229166050783,-0.01653121448440601,-0.017855743603920737,-0.03064445906233076,0.009486199084676484,-4.65791726453672
IT,2025,69,69.0,0.0101067693217282,-4.594549849764579,0.0105794754145232,-4.54883943652952,-0.0457104132350592,1.0801229166050783,-0.014296704179657003,-0.015442197816371135,-0.030268215418688064,0.010417359993092906,-4.564281634345892
IT,2025,70,70.0,0.0111983549171818,-4.491988393863846,0.0116002209310542,-4.456731135270645,-0.0352572585932007,1.0801229166050783,-0.011571929030223659,-0.012499105734872153,-0.022758152858328544,0.011456130917147471,-4.469230241005517
IT,2025,71,71.0,0.0124109386761225,-4.389177043937727,0.0127671680471123,-4.360878399615027,-0.0282986443226995,1.0801229166050783,-0.006886958403974012,-0.0074387615978382645,-0.020859882724861237,0.012672548490208919,-4.3683171612128655
IT,2025,72,72.0,0.0136189058007432,-4.296296319172068,0.0138927089199774,-4.276391114594862,-0.0199052045772063,1.0801229166050783,-0.002896168791214284,-0.0031282182817469763,-0.016776986295459324,0.013849317398411375,-4.279519332876609
IT,2025,73,73.0,0.0151007388838174,-4.193011603655285,0.0153819329466921,-4.17456164356285,-0.0184499600924352,1.0801229166050783,-0.0016371444514913566,-0.0017683172398486652,-0.016681642852586536,0.015354756844546827,-4.176329960802699
IT,2025,74,74.0,0.016858095419281,-4.082924297244849,0.017033147835679,-4.072593960773132,-0.0103303364717177,1.0801229166050783,0.0007045949651442528,0.0007610491687768639,-0.011091385640494564,0.017046115832696836,-4.071832911604354
IT,2025,75,75.0,0.0185850501128666,-3.985397778821889,0.0188378480064589,-3.9718872410683055,-0.0135105377535835,1.0801229166050783,0.000370568473987709,0.00040025950092549735,-0.013910797254508998,0.018845389543285733,-3.97148698156738
IT,2025,76,76.0,0.0210826956687059,-3.859302685462571,0.0211337418615348,-3.8568843754064552,-0.0024183100561159,1.0801229166050783,0.005038492888424606,0.005442191633939131,-0.007860501690055031,0.021249069266966177,-3.851442183772516
IT,2025,77,77.0,0.0236484140705411,-3.744459224620777,0.023577301085403,-3.747470848209837,0.0030116235890593,1.0801229166050783,0.007775996137115107,0.008399031627130592,-0.0053874080380712916,0.023776161531461126,-3.7390718165827064
IT,2025,78,78.0,0.0269601042434173,-3.6133971263499087,0.026692215343283,-3.62338331626453,0.0099861899146214,1.0801229166050783,0.009940278872714576,0.010736723007864308,-0.0007505330932429076,0.026980346289061638,-3.612646593256666
IT,2025,79,79.0,0.0311408645617605,-3.469234349257113,0.0305077947961852,-3.4897730609324342,0.020538711675321,1.0801229166050783,0.012954914706751053,0.01399290025742597,0.006545811417895031,0.030937688038022618,-3.4757801606750083
IT,2025,80,80.0,0.0353254989573179,-3.3431502257464616,0.0344333609159776,-3.368729390480125,0.0255791647336636,1.0801229166050783,0.010974036936345317,0.011853308782617162,0.013725855951046438,0.03484393872088614,-3.356876081697508
IT,2025,81,81.0,0.0407666369445993,-3.199891254035081,0.0396346361865088,-3.22805189183168,0.0281606377965988,1.0801229166050783,0.014806651770122341,0.015993003895100288,0.012167633901498512,0.0402736090053672,-3.2120588879365797
IT,2025,82,82.0,0.0471655093301454,-3.054092388038058,0.0456256995053881,-3.087284135572064,0.0331917475340057,1.0801229166050783,0.01789024826514346,0.019323667134935697,0.013868080399070004,0.046515928882403045,-3.0679604684371284
IT,2025,83,83.0,0.0543973419120939,-2.9114399882240605,0.0524669996243622,-2.947570885606478,0.0361308973824177,1.0801229166050783,0.018734084623436602,0.020235114123392694,0.015895783259025003,0.05353948973447405,-2.9273357714830857
IT,2025,84,84.0,0.0633152944802887,-2.75962836005526,0.0609525490526996,-2.7976596018998467,0.0380312418445867,1.0801229166050783,0.019922349749662695,0.02151858651723212,0.01651265532735458,0.06227837554913404,-2.7761410153826147
IT,2025,85,85.0,0.0733283428856915,-2.61280807517225,0.0703405728850929,-2.6544065074557777,0.0415984322835276,1.0801229166050783,0.023234561599630082,0.0250961824410328,0.016502249842494803,0.07212819009720677,-2.6293103250147447
